date	value
2008-06-30	10000.0
2008-07-01	9997.63
2008-07-02	9985.24
2008-07-03	9996.95
2008-07-04	10012.72
2008-07-05	10012.72
2008-07-06	10012.72
2008-07-07	10032.34
2008-07-08	10037.12
2008-07-09	10044.31
2008-07-10	10054.68
2008-07-11	10046.83
2008-07-12	10046.83
2008-07-13	10046.83
2008-07-14	10042.95
2008-07-15	10064.19
2008-07-16	10068.22
2008-07-17	10069.42
2008-07-18	10057.76
2008-07-19	10057.76
2008-07-20	10057.76
2008-07-21	10052.22
2008-07-22	10041.81
2008-07-23	10055.79
2008-07-24	10083.21
2008-07-25	10109.68
2008-07-26	10109.68
2008-07-27	10109.68
2008-07-28	10114.23
2008-07-29	10107.04
2008-07-30	10126.71
2008-07-31	10148.24
2008-08-01	10187.16
2008-08-02	10187.16
2008-08-03	10187.16
2008-08-04	10212.79
2008-08-05	10242.72
2008-08-06	10240.03
2008-08-07	10251.17
2008-08-08	10268.31
2008-08-09	10268.31
2008-08-10	10268.31
2008-08-11	10272.55
2008-08-12	10288.28
2008-08-13	10298.76
2008-08-14	10296.71
2008-08-15	10310.33
2008-08-16	10310.33
2008-08-17	10310.33
2008-08-18	10314.06
2008-08-19	10310.62
2008-08-20	10299.06
2008-08-21	10330.45
2008-08-22	10316.39
2008-08-23	10316.39
2008-08-24	10316.39
2008-08-25	10328.05
2008-08-26	10340.94
2008-08-27	10349.77
2008-08-28	10330.48
2008-08-29	10334.84
2008-08-30	10334.84
2008-08-31	10334.84
2008-09-01	10350.2
2008-09-02	10356.91
2008-09-03	10368.44
2008-09-04	10357.68
2008-09-05	10394.52
2008-09-06	10394.52
2008-09-07	10394.52
2008-09-08	10369.42
2008-09-09	10404.52
2008-09-10	10403.49
2008-09-11	10400.84
2008-09-12	10389.92
2008-09-13	10389.92
2008-09-14	10389.92
2008-09-15	10432.78
2008-09-16	10438.6
2008-09-17	10387.87
2008-09-18	10380.87
2008-09-19	10388.05
2008-09-20	10388.05
2008-09-21	10388.05
2008-09-22	10375.02
2008-09-23	10389.02
2008-09-24	10401.28
2008-09-25	10405.2
2008-09-26	10438.53
2008-09-27	10438.53
2008-09-28	10438.53
2008-09-29	10428.71
2008-09-30	10525.73
2008-10-01	10484.3
2008-10-02	10503.67
2008-10-03	10520.24
2008-10-04	10520.24
2008-10-05	10520.24
2008-10-06	10618.77
2008-10-07	10711.91
2008-10-08	10747.35
2008-10-09	10717.4
2008-10-10	10732.03
2008-10-11	10732.03
2008-10-12	10732.03
2008-10-13	10627.32
2008-10-14	10625.28
2008-10-15	10676.61
2008-10-16	10723.73
2008-10-17	10701.5
2008-10-18	10701.5
2008-10-19	10701.5
2008-10-20	10675.2
2008-10-21	10691.96
2008-10-22	10736.56
2008-10-23	10752.76
2008-10-24	10787.16
2008-10-25	10787.16
2008-10-26	10787.16
2008-10-27	10750.07
2008-10-28	10732.01
2008-10-29	10739.66
2008-10-30	10718.04
2008-10-31	10729.04
2008-11-01	10729.04
2008-11-02	10729.04
2008-11-03	10654.09
2008-11-04	10728.25
2008-11-05	10710.92
2008-11-06	10762.21
2008-11-07	10762.45
2008-11-08	10762.45
2008-11-09	10762.45
2008-11-10	10739.5
2008-11-11	10783.91
2008-11-12	10782.82
2008-11-13	10830.25
2008-11-14	10805.9
2008-11-15	10805.9
2008-11-16	10805.9
2008-11-17	10822.54
2008-11-18	10825.19
2008-11-19	10856.33
2008-11-20	10877.44
2008-11-21	10918.28
2008-11-22	10918.28
2008-11-23	10918.28
2008-11-24	10971.21
2008-11-25	10949.52
2008-11-26	10963.29
2008-11-27	10949.22
2008-11-28	10977.24
2008-11-29	10977.24
2008-11-30	10977.24
2008-12-01	11011.0
2008-12-02	11044.09
2008-12-03	11036.45
2008-12-04	11056.11
2008-12-05	11044.3
2008-12-06	11044.3
2008-12-07	11044.3
2008-12-08	11047.4
2008-12-09	11022.73
2008-12-10	10972.49
2008-12-11	11003.23
2008-12-12	11005.87
2008-12-13	11005.87
2008-12-14	11005.87
2008-12-15	10956.62
2008-12-16	11003.03
2008-12-17	11045.89
2008-12-18	11050.29
2008-12-19	11058.37
2008-12-20	11058.37
2008-12-21	11058.37
2008-12-22	11089.56
2008-12-23	11094.92
2008-12-24	11094.5
2008-12-25	11094.5
2008-12-26	11094.5
2008-12-27	11094.5
2008-12-28	11094.5
2008-12-29	11125.54
2008-12-30	11116.14
2008-12-31	11153.03
2009-01-01	11143.58
2009-01-02	11154.53
2009-01-03	11154.53
2009-01-04	11154.53
2009-01-05	11080.41
2009-01-06	11076.9
2009-01-07	11090.34
2009-01-08	11127.64
2009-01-09	11138.34
2009-01-10	11138.34
2009-01-11	11138.34
2009-01-12	11156.7
2009-01-13	11198.65
2009-01-14	11196.97
2009-01-15	11233.39
2009-01-16	11200.54
2009-01-17	11200.54
2009-01-18	11200.54
2009-01-19	11187.18
2009-01-20	11211.49
2009-01-21	11201.34
2009-01-22	11182.65
2009-01-23	11202.72
2009-01-24	11202.72
2009-01-25	11202.72
2009-01-26	11206.33
2009-01-27	11198.88
2009-01-28	11224.93
2009-01-29	11237.9
2009-01-30	11255.65
2009-01-31	11255.65
2009-02-01	11255.65
2009-02-02	11272.19
2009-02-03	11239.99
2009-02-04	11225.86
2009-02-05	11198.97
2009-02-06	11156.78
2009-02-07	11156.78
2009-02-08	11156.78
2009-02-09	11179.61
2009-02-10	11191.19
2009-02-11	11231.43
2009-02-12	11250.45
2009-02-13	11231.58
2009-02-14	11231.58
2009-02-15	11231.58
2009-02-16	11197.08
2009-02-17	11239.25
2009-02-18	11273.13
2009-02-19	11226.8
2009-02-20	11224.07
2009-02-21	11224.07
2009-02-22	11224.07
2009-02-23	11207.24
2009-02-24	11212.59
2009-02-25	11174.54
2009-02-26	11176.81
2009-02-27	11147.57
2009-02-28	11147.57
2009-03-01	11147.57
2009-03-02	11109.76
2009-03-03	11094.54
2009-03-04	11098.37
2009-03-05	11090.06
2009-03-06	11122.26
2009-03-07	11122.26
2009-03-08	11122.26
2009-03-09	11122.26
2009-03-10	11122.35
2009-03-11	11110.96
2009-03-12	11135.01
2009-03-13	11124.24
2009-03-14	11124.24
2009-03-15	11124.24
2009-03-16	11106.5
2009-03-17	11092.01
2009-03-18	11092.34
2009-03-19	11153.89
2009-03-20	11133.29
2009-03-21	11133.29
2009-03-22	11133.29
2009-03-23	11106.46
2009-03-24	11144.75
2009-03-25	11099.41
2009-03-26	11080.92
2009-03-27	11076.9
2009-03-28	11076.9
2009-03-29	11076.9
2009-03-30	11173.8
2009-03-31	11201.0
2009-04-01	11192.63
2009-04-02	11188.78
2009-04-03	11165.5
2009-04-04	11165.5
2009-04-05	11165.5
2009-04-06	11138.63
2009-04-07	11127.16
2009-04-08	11146.75
2009-04-09	11143.06
2009-04-10	11143.06
2009-04-11	11143.06
2009-04-12	11143.06
2009-04-13	11143.06
2009-04-14	11137.48
2009-04-15	11127.0
2009-04-16	11174.06
2009-04-17	11171.03
2009-04-18	11171.03
2009-04-19	11171.03
2009-04-20	11125.99
2009-04-21	11177.6
2009-04-22	11156.92
2009-04-23	11165.25
2009-04-24	11170.0
2009-04-25	11170.0
2009-04-26	11170.0
2009-04-27	11183.57
2009-04-28	11199.76
2009-04-29	11164.21
2009-04-30	11170.85
2009-05-01	11162.1
2009-05-02	11162.1
2009-05-03	11162.1
2009-05-04	11158.05
2009-05-05	11127.58
2009-05-06	11140.63
2009-05-07	11106.21
2009-05-08	11102.87
2009-05-09	11102.87
2009-05-10	11102.87
2009-05-11	11103.75
2009-05-12	11103.88
2009-05-13	11103.64
2009-05-14	11121.31
2009-05-15	11125.13
2009-05-16	11125.13
2009-05-17	11125.13
2009-05-18	11136.17
2009-05-19	11099.99
2009-05-20	11079.26
2009-05-21	11076.36
2009-05-22	11060.68
2009-05-23	11060.68
2009-05-24	11060.68
2009-05-25	11038.46
2009-05-26	11057.74
2009-05-27	11026.76
2009-05-28	11035.93
2009-05-29	11063.98
2009-05-30	11063.98
2009-05-31	11063.98
2009-06-01	11029.5
2009-06-02	10996.07
2009-06-03	10993.21
2009-06-04	11017.65
2009-06-05	10977.09
2009-06-06	10977.09
2009-06-07	10977.09
2009-06-08	10977.09
2009-06-09	10939.34
2009-06-10	10932.3
2009-06-11	10914.28
2009-06-12	10939.66
2009-06-13	10939.66
2009-06-14	10939.66
2009-06-15	10973.01
2009-06-16	10996.84
2009-06-17	11000.22
2009-06-18	10979.88
2009-06-19	10913.36
2009-06-20	10913.36
2009-06-21	10913.36
2009-06-22	10934.09
2009-06-23	10967.38
2009-06-24	10957.89
2009-06-25	10933.24
2009-06-26	10953.78
2009-06-27	10953.78
2009-06-28	10953.78
2009-06-29	11003.4
2009-06-30	11000.0
2009-07-01	11017.87
2009-07-02	11044.25
2009-07-03	11056.16
2009-07-04	11056.16
2009-07-05	11056.16
2009-07-06	11070.51
2009-07-07	11064.57
2009-07-08	11109.72
2009-07-09	11132.37
2009-07-10	11121.89
2009-07-11	11121.89
2009-07-12	11121.89
2009-07-13	11147.41
2009-07-14	11122.24
2009-07-15	11075.46
2009-07-16	11068.66
2009-07-17	11072.25
2009-07-18	11072.25
2009-07-19	11072.25
2009-07-20	11034.0
2009-07-21	11043.48
2009-07-22	11022.57
2009-07-23	11024.47
2009-07-24	11004.35
2009-07-25	11004.35
2009-07-26	11004.35
2009-07-27	10998.91
2009-07-28	10984.13
2009-07-29	11023.44
2009-07-30	11014.01
2009-07-31	11027.35
2009-08-01	11027.35
2009-08-02	11027.35
2009-08-03	11023.84
2009-08-04	11010.7
2009-08-05	11016.78
2009-08-06	10994.52
2009-08-07	11008.16
2009-08-08	11008.16
2009-08-09	11008.16
2009-08-10	10989.68
2009-08-11	10996.86
2009-08-12	11046.99
2009-08-13	11019.54
2009-08-14	11022.11
2009-08-15	11022.11
2009-08-16	11022.11
2009-08-17	11067.66
2009-08-18	11072.54
2009-08-19	11090.86
2009-08-20	11083.62
2009-08-21	11095.67
2009-08-22	11095.67
2009-08-23	11095.67
2009-08-24	11050.14
2009-08-25	11086.44
2009-08-26	11099.9
2009-08-27	11129.61
2009-08-28	11076.14
2009-08-29	11076.14
2009-08-30	11076.14
2009-08-31	11091.06
2009-09-01	11122.3
2009-09-02	11104.69
2009-09-03	11112.55
2009-09-04	11100.77
2009-09-05	11100.77
2009-09-06	11100.77
2009-09-07	11081.55
2009-09-08	11103.32
2009-09-09	11127.12
2009-09-10	11143.76
2009-09-11	11174.71
2009-09-12	11174.71
2009-09-13	11174.71
2009-09-14	11201.02
2009-09-15	11211.74
2009-09-16	11211.89
2009-09-17	11204.64
2009-09-18	11223.35
2009-09-19	11223.35
2009-09-20	11223.35
2009-09-21	11196.24
2009-09-22	11189.12
2009-09-23	11177.16
2009-09-24	11187.04
2009-09-25	11212.65
2009-09-26	11212.65
2009-09-27	11212.65
2009-09-28	11235.93
2009-09-29	11210.73
2009-09-30	11158.0
2009-10-01	11170.61
2009-10-02	11235.88
2009-10-03	11235.88
2009-10-04	11235.88
2009-10-05	11203.18
2009-10-06	11205.52
2009-10-07	11208.37
2009-10-08	11180.5
2009-10-09	11187.32
2009-10-10	11187.32
2009-10-11	11187.32
2009-10-12	11168.95
2009-10-13	11165.52
2009-10-14	11153.4
2009-10-15	11098.37
2009-10-16	11075.51
2009-10-17	11075.51
2009-10-18	11075.51
2009-10-19	11077.02
2009-10-20	11081.06
2009-10-21	11099.8
2009-10-22	11084.8
2009-10-23	11069.08
2009-10-24	11069.08
2009-10-25	11069.08
2009-10-26	11064.5
2009-10-27	11077.57
2009-10-28	11088.96
2009-10-29	11132.2
2009-10-30	11137.92
2009-10-31	11137.92
2009-11-01	11137.92
2009-11-02	11141.53
2009-11-03	11141.53
2009-11-04	11161.62
2009-11-05	11145.88
2009-11-06	11124.44
2009-11-07	11124.44
2009-11-08	11124.44
2009-11-09	11120.02
2009-11-10	11123.69
2009-11-11	11136.49
2009-11-12	11139.8
2009-11-13	11154.71
2009-11-14	11154.71
2009-11-15	11154.71
2009-11-16	11160.79
2009-11-17	11198.63
2009-11-18	11198.97
2009-11-19	11221.77
2009-11-20	11236.67
2009-11-21	11236.67
2009-11-22	11236.67
2009-11-23	11246.14
2009-11-24	11251.3
2009-11-25	11235.81
2009-11-26	11258.15
2009-11-27	11285.66
2009-11-28	11285.66
2009-11-29	11285.66
2009-11-30	11294.69
2009-12-01	11309.3
2009-12-02	11274.98
2009-12-03	11251.05
2009-12-04	11237.94
2009-12-05	11237.94
2009-12-06	11237.94
2009-12-07	11212.09
2009-12-08	11211.57
2009-12-09	11226.77
2009-12-10	11217.07
2009-12-11	11202.62
2009-12-12	11202.62
2009-12-13	11202.62
2009-12-14	11206.08
2009-12-15	11217.12
2009-12-16	11260.0
2009-12-17	11260.8
2009-12-18	11286.8
2009-12-19	11286.8
2009-12-20	11286.8
2009-12-21	11288.29
2009-12-22	11263.78
2009-12-23	11243.28
2009-12-24	11242.68
2009-12-25	11242.68
2009-12-26	11242.68
2009-12-27	11242.68
2009-12-28	11242.68
2009-12-29	11191.81
2009-12-30	11202.18
2009-12-31	11235.0
2010-01-01	11235.0
2010-01-02	11235.0
2010-01-03	11235.0
2010-01-04	11203.87
2010-01-05	11235.87
2010-01-06	11233.71
2010-01-07	11233.7
2010-01-08	11228.99
2010-01-09	11228.99
2010-01-10	11228.99
2010-01-11	11227.62
2010-01-12	11246.6
2010-01-13	11286.59
2010-01-14	11264.1
2010-01-15	11274.0
2010-01-16	11274.0
2010-01-17	11274.0
2010-01-18	11294.03
2010-01-19	11312.0
2010-01-20	11305.77
2010-01-21	11298.63
2010-01-22	11332.62
2010-01-23	11332.62
2010-01-24	11332.62
2010-01-25	11337.27
2010-01-26	11338.69
2010-01-27	11347.32
2010-01-28	11335.66
2010-01-29	11374.43
2010-01-30	11374.43
2010-01-31	11374.43
2010-02-01	11383.54
2010-02-02	11399.28
2010-02-03	11384.35
2010-02-04	11386.23
2010-02-05	11406.65
2010-02-06	11406.65
2010-02-07	11406.65
2010-02-08	11410.36
2010-02-09	11416.37
2010-02-10	11405.18
2010-02-11	11377.97
2010-02-12	11374.1
2010-02-13	11374.1
2010-02-14	11374.1
2010-02-15	11393.34
2010-02-16	11388.09
2010-02-17	11381.59
2010-02-18	11381.5
2010-02-19	11372.51
2010-02-20	11372.51
2010-02-21	11372.51
2010-02-22	11371.07
2010-02-23	11373.4
2010-02-24	11391.35
2010-02-25	11410.51
2010-02-26	11430.14
2010-02-27	11430.14
2010-02-28	11430.14
2010-03-01	11425.9
2010-03-02	11437.38
2010-03-03	11436.76
2010-03-04	11443.34
2010-03-05	11440.71
2010-03-06	11440.71
2010-03-07	11440.71
2010-03-08	11409.87
2010-03-09	11411.57
2010-03-10	11402.57
2010-03-11	11370.41
2010-03-12	11364.83
2010-03-13	11364.83
2010-03-14	11364.83
2010-03-15	11369.34
2010-03-16	11385.89
2010-03-17	11381.03
2010-03-18	11387.04
2010-03-19	11378.65
2010-03-20	11378.65
2010-03-21	11378.65
2010-03-22	11375.69
2010-03-23	11382.9
2010-03-24	11372.3
2010-03-25	11358.23
2010-03-26	11365.46
2010-03-27	11365.46
2010-03-28	11365.46
2010-03-29	11352.22
2010-03-30	11344.72
2010-03-31	11364.0
2010-04-01	11361.36
2010-04-02	11362.86
2010-04-03	11362.86
2010-04-04	11362.86
2010-04-05	11367.34
2010-04-06	11337.84
2010-04-07	11348.51
2010-04-08	11369.9
2010-04-09	11364.12
2010-04-10	11364.12
2010-04-11	11364.12
2010-04-12	11365.06
2010-04-13	11381.07
2010-04-14	11370.86
2010-04-15	11365.6
2010-04-16	11377.24
2010-04-17	11377.24
2010-04-18	11377.24
2010-04-19	11405.75
2010-04-20	11388.91
2010-04-21	11370.23
2010-04-22	11379.33
2010-04-23	11391.93
2010-04-24	11391.93
2010-04-25	11391.93
2010-04-26	11396.38
2010-04-27	11398.88
2010-04-28	11413.72
2010-04-29	11412.58
2010-04-30	11420.58
2010-05-01	11420.58
2010-05-02	11420.58
2010-05-03	11401.39
2010-05-04	11413.55
2010-05-05	11438.8
2010-05-06	11477.74
2010-05-07	11506.72
2010-05-08	11506.72
2010-05-09	11506.72
2010-05-10	11482.68
2010-05-11	11509.83
2010-05-12	11518.59
2010-05-13	11497.43
2010-05-14	11511.84
2010-05-15	11511.84
2010-05-16	11511.84
2010-05-17	11536.75
2010-05-18	11529.67
2010-05-19	11552.74
2010-05-20	11572.21
2010-05-21	11585.5
2010-05-22	11585.5
2010-05-23	11585.5
2010-05-24	11594.6
2010-05-25	11628.75
2010-05-26	11608.27
2010-05-27	11587.07
2010-05-28	11579.11
2010-05-29	11579.11
2010-05-30	11579.11
2010-05-31	11599.34
2010-06-01	11612.9
2010-06-02	11621.41
2010-06-03	11587.46
2010-06-04	11594.86
2010-06-05	11594.86
2010-06-06	11594.86
2010-06-07	11641.78
2010-06-08	11629.4
2010-06-09	11637.18
2010-06-10	11621.72
2010-06-11	11603.34
2010-06-12	11603.34
2010-06-13	11603.34
2010-06-14	11607.7
2010-06-15	11632.58
2010-06-16	11611.83
2010-06-17	11628.86
2010-06-18	11629.97
2010-06-19	11629.97
2010-06-20	11629.97
2010-06-21	11609.45
2010-06-22	11627.63
2010-06-23	11648.11
2010-06-24	11654.2
2010-06-25	11677.06
2010-06-26	11677.06
2010-06-27	11677.06
2010-06-28	11689.85
2010-06-29	11716.95
2010-06-30	11746.0
2010-07-01	11750.4
2010-07-02	11744.2
2010-07-03	11744.2
2010-07-04	11744.2
2010-07-05	11751.28
2010-07-06	11757.05
2010-07-07	11761.88
2010-07-08	11722.54
2010-07-09	11724.79
2010-07-10	11724.79
2010-07-11	11724.79
2010-07-12	11733.35
2010-07-13	11739.24
2010-07-14	11712.46
2010-07-15	11747.14
2010-07-16	11746.13
2010-07-17	11746.13
2010-07-18	11746.13
2010-07-19	11756.73
2010-07-20	11723.16
2010-07-21	11735.42
2010-07-22	11746.81
2010-07-23	11730.73
2010-07-24	11730.73
2010-07-25	11730.73
2010-07-26	11724.36
2010-07-27	11718.38
2010-07-28	11749.13
2010-07-29	11741.7
2010-07-30	11767.55
2010-07-31	11767.55
2010-08-01	11767.55
2010-08-02	11767.79
2010-08-03	11784.84
2010-08-04	11786.87
2010-08-05	11783.68
2010-08-06	11779.84
2010-08-07	11779.84
2010-08-08	11779.84
2010-08-09	11795.48
2010-08-10	11803.65
2010-08-11	11822.44
2010-08-12	11833.14
2010-08-13	11825.15
2010-08-14	11825.15
2010-08-15	11825.15
2010-08-16	11853.0
2010-08-17	11868.79
2010-08-18	11877.66
2010-08-19	11886.39
2010-08-20	11893.65
2010-08-21	11893.65
2010-08-22	11893.65
2010-08-23	11891.51
2010-08-24	11918.94
2010-08-25	11951.04
2010-08-26	11951.95
2010-08-27	11947.05
2010-08-28	11947.05
2010-08-29	11947.05
2010-08-30	11941.61
2010-08-31	11974.22
2010-09-01	11954.89
2010-09-02	11962.84
2010-09-03	11954.49
2010-09-04	11954.49
2010-09-05	11954.49
2010-09-06	11913.93
2010-09-07	11930.36
2010-09-08	11931.75
2010-09-09	11902.14
2010-09-10	11895.25
2010-09-11	11895.25
2010-09-12	11895.25
2010-09-13	11863.95
2010-09-14	11874.16
2010-09-15	11866.5
2010-09-16	11875.83
2010-09-17	11851.33
2010-09-18	11851.33
2010-09-19	11851.33
2010-09-20	11835.86
2010-09-21	11831.75
2010-09-22	11841.36
2010-09-23	11843.46
2010-09-24	11859.81
2010-09-25	11859.81
2010-09-26	11859.81
2010-09-27	11836.27
2010-09-28	11854.17
2010-09-29	11857.86
2010-09-30	11892.0
2010-10-01	11864.59
2010-10-02	11864.59
2010-10-03	11864.59
2010-10-04	11880.11
2010-10-05	11907.3
2010-10-06	11890.71
2010-10-07	11857.1
2010-10-08	11879.91
2010-10-09	11879.91
2010-10-10	11879.91
2010-10-11	11886.92
2010-10-12	11899.8
2010-10-13	11897.87
2010-10-14	11897.62
2010-10-15	11882.65
2010-10-16	11882.65
2010-10-17	11882.65
2010-10-18	11870.6
2010-10-19	11866.74
2010-10-20	11880.07
2010-10-21	11875.35
2010-10-22	11865.83
2010-10-23	11865.83
2010-10-24	11865.83
2010-10-25	11849.84
2010-10-26	11858.54
2010-10-27	11874.92
2010-10-28	11874.28
2010-10-29	11876.33
2010-10-30	11876.33
2010-10-31	11876.33
2010-11-01	11869.61
2010-11-02	11848.64
2010-11-03	11851.66
2010-11-04	11855.6
2010-11-05	11850.0
2010-11-06	11850.0
2010-11-07	11850.0
2010-11-08	11840.47
2010-11-09	11841.23
2010-11-10	11824.41
2010-11-11	11832.05
2010-11-12	11834.02
2010-11-13	11834.02
2010-11-14	11834.02
2010-11-15	11818.26
2010-11-16	11820.85
2010-11-17	11817.86
2010-11-18	11805.05
2010-11-19	11801.7
2010-11-20	11801.7
2010-11-21	11801.7
2010-11-22	11799.75
2010-11-23	11821.72
2010-11-24	11822.08
2010-11-25	11804.39
2010-11-26	11817.11
2010-11-27	11817.11
2010-11-28	11817.11
2010-11-29	11827.1
2010-11-30	11853.21
2010-12-01	11877.48
2010-12-02	11874.98
2010-12-03	11850.44
2010-12-04	11850.44
2010-12-05	11850.44
2010-12-06	11872.83
2010-12-07	11869.67
2010-12-08	11822.86
2010-12-09	11800.45
2010-12-10	11812.14
2010-12-11	11812.14
2010-12-12	11812.14
2010-12-13	11784.78
2010-12-14	11797.42
2010-12-15	11801.44
2010-12-16	11797.84
2010-12-17	11815.88
2010-12-18	11815.88
2010-12-19	11815.88
2010-12-20	11841.18
2010-12-21	11828.71
2010-12-22	11814.64
2010-12-23	11806.55
2010-12-24	11802.17
2010-12-25	11802.17
2010-12-26	11802.17
2010-12-27	11804.7
2010-12-28	11806.28
2010-12-29	11798.0
2010-12-30	11826.54
2010-12-31	11855.0
2011-01-01	11855.0
2011-01-02	11855.0
2011-01-03	11859.65
2011-01-04	11865.43
2011-01-05	11879.98
2011-01-06	11869.41
2011-01-07	11863.37
2011-01-08	11863.37
2011-01-09	11863.37
2011-01-10	11887.11
2011-01-11	11935.72
2011-01-12	11916.4
2011-01-13	11887.53
2011-01-14	11899.0
2011-01-15	11899.0
2011-01-16	11899.0
2011-01-17	11903.61
2011-01-18	11906.28
2011-01-19	11878.41
2011-01-20	11896.04
2011-01-21	11871.33
2011-01-22	11871.33
2011-01-23	11871.33
2011-01-24	11875.89
2011-01-25	11904.8
2011-01-26	11906.33
2011-01-27	11921.67
2011-01-28	11938.72
2011-01-29	11938.72
2011-01-30	11938.72
2011-01-31	11941.41
2011-02-01	11936.35
2011-02-02	11932.79
2011-02-03	11910.3
2011-02-04	11872.32
2011-02-05	11872.32
2011-02-06	11872.32
2011-02-07	11860.31
2011-02-08	11857.68
2011-02-09	11856.94
2011-02-10	11875.62
2011-02-11	11891.0
2011-02-12	11891.0
2011-02-13	11891.0
2011-02-14	11891.32
2011-02-15	11897.98
2011-02-16	11896.87
2011-02-17	11905.96
2011-02-18	11921.6
2011-02-19	11921.6
2011-02-20	11921.6
2011-02-21	11937.34
2011-02-22	11949.87
2011-02-23	11960.38
2011-02-24	11952.88
2011-02-25	11966.87
2011-02-26	11966.87
2011-02-27	11966.87
2011-02-28	11987.07
2011-03-01	11985.09
2011-03-02	11999.69
2011-03-03	11992.09
2011-03-04	11975.89
2011-03-05	11975.89
2011-03-06	11975.89
2011-03-07	11995.84
2011-03-08	11994.07
2011-03-09	11990.39
2011-03-10	12013.01
2011-03-11	12023.55
2011-03-12	12023.55
2011-03-13	12023.55
2011-03-14	12048.15
2011-03-15	12081.37
2011-03-16	12069.25
2011-03-17	12090.41
2011-03-18	12073.94
2011-03-19	12073.94
2011-03-20	12073.94
2011-03-21	12060.36
2011-03-22	12076.17
2011-03-23	12071.67
2011-03-24	12081.96
2011-03-25	12071.56
2011-03-26	12071.56
2011-03-27	12071.56
2011-03-28	12053.93
2011-03-29	12062.34
2011-03-30	12046.54
2011-03-31	12062.0
2011-04-01	12050.3
2011-04-02	12050.3
2011-04-03	12050.3
2011-04-04	12052.96
2011-04-05	12071.13
2011-04-06	12062.3
2011-04-07	12041.47
2011-04-08	12024.73
2011-04-09	12024.73
2011-04-10	12024.73
2011-04-11	12019.52
2011-04-12	12035.86
2011-04-13	12035.17
2011-04-14	12042.71
2011-04-15	12048.08
2011-04-16	12048.08
2011-04-17	12048.08
2011-04-18	12053.9
2011-04-19	12091.39
2011-04-20	12081.12
2011-04-21	12083.26
2011-04-22	12084.82
2011-04-23	12084.82
2011-04-24	12084.82
2011-04-25	12089.47
2011-04-26	12091.03
2011-04-27	12098.71
2011-04-28	12107.66
2011-04-29	12115.36
2011-04-30	12115.36
2011-05-01	12115.36
2011-05-02	12113.22
2011-05-03	12130.1
2011-05-04	12129.12
2011-05-05	12143.17
2011-05-06	12117.94
2011-05-07	12117.94
2011-05-08	12117.94
2011-05-09	12120.58
2011-05-10	12136.66
2011-05-11	12124.05
2011-05-12	12158.82
2011-05-13	12158.93
2011-05-14	12158.93
2011-05-15	12158.93
2011-05-16	12172.5
2011-05-17	12159.0
2011-05-18	12180.28
2011-05-19	12177.8
2011-05-20	12187.66
2011-05-21	12187.66
2011-05-22	12187.66
2011-05-23	12215.52
2011-05-24	12210.99
2011-05-25	12218.19
2011-05-26	12208.61
2011-05-27	12225.82
2011-05-28	12225.82
2011-05-29	12225.82
2011-05-30	12250.52
2011-05-31	12250.83
2011-06-01	12219.0
2011-06-02	12235.04
2011-06-03	12238.78
2011-06-04	12238.78
2011-06-05	12238.78
2011-06-06	12247.06
2011-06-07	12258.54
2011-06-08	12249.98
2011-06-09	12272.46
2011-06-10	12285.34
2011-06-11	12285.34
2011-06-12	12285.34
2011-06-13	12289.87
2011-06-14	12286.57
2011-06-15	12278.43
2011-06-16	12330.55
2011-06-17	12324.55
2011-06-18	12324.55
2011-06-19	12324.55
2011-06-20	12344.01
2011-06-21	12340.53
2011-06-22	12329.84
2011-06-23	12334.42
2011-06-24	12344.19
2011-06-25	12344.19
2011-06-26	12344.19
2011-06-27	12385.33
2011-06-28	12361.69
2011-06-29	12318.12
2011-06-30	12304.0
2011-07-01	12278.52
2011-07-02	12278.52
2011-07-03	12278.52
2011-07-04	12303.94
2011-07-05	12316.7
2011-07-06	12317.22
2011-07-07	12320.9
2011-07-08	12309.69
2011-07-09	12309.69
2011-07-10	12309.69
2011-07-11	12355.64
2011-07-12	12423.82
2011-07-13	12419.38
2011-07-14	12430.99
2011-07-15	12450.02
2011-07-16	12450.02
2011-07-17	12450.02
2011-07-18	12470.0
2011-07-19	12464.4
2011-07-20	12437.66
2011-07-21	12442.28
2011-07-22	12432.54
2011-07-23	12432.54
2011-07-24	12432.54
2011-07-25	12459.16
2011-07-26	12449.96
2011-07-27	12417.75
2011-07-28	12435.03
2011-07-29	12481.77
2011-07-30	12481.77
2011-07-31	12481.77
2011-08-01	12486.36
2011-08-02	12525.49
2011-08-03	12583.7
2011-08-04	12539.17
2011-08-05	12680.56
2011-08-06	12680.56
2011-08-07	12680.56
2011-08-08	12613.94
2011-08-09	12619.43
2011-08-10	12606.72
2011-08-11	12660.19
2011-08-12	12660.33
2011-08-13	12660.33
2011-08-14	12660.33
2011-08-15	12620.33
2011-08-16	12634.11
2011-08-17	12636.23
2011-08-18	12682.99
2011-08-19	12730.58
2011-08-20	12730.58
2011-08-21	12730.58
2011-08-22	12725.15
2011-08-23	12674.86
2011-08-24	12698.09
2011-08-25	12663.59
2011-08-26	12670.48
2011-08-27	12670.48
2011-08-28	12670.48
2011-08-29	12664.77
2011-08-30	12671.63
2011-08-31	12691.31
2011-09-01	12672.0
2011-09-02	12683.72
2011-09-03	12683.72
2011-09-04	12683.72
2011-09-05	12751.4
2011-09-06	12771.5
2011-09-07	12725.14
2011-09-08	12758.1
2011-09-09	12752.63
2011-09-10	12752.63
2011-09-11	12752.63
2011-09-12	12823.38
2011-09-13	12825.03
2011-09-14	12852.76
2011-09-15	12826.0
2011-09-16	12776.27
2011-09-17	12776.27
2011-09-18	12776.27
2011-09-19	12816.09
2011-09-20	12821.16
2011-09-21	12800.67
2011-09-22	12844.37
2011-09-23	12877.08
2011-09-24	12877.08
2011-09-25	12877.08
2011-09-26	12892.21
2011-09-27	12818.08
2011-09-28	12785.75
2011-09-29	12788.9
2011-09-30	12809.0
2011-10-01	12809.0
2011-10-02	12809.0
2011-10-03	12813.86
2011-10-04	12954.37
2011-10-05	12896.75
2011-10-06	12855.94
2011-10-07	12824.05
2011-10-08	12824.05
2011-10-09	12824.05
2011-10-10	12800.34
2011-10-11	12781.42
2011-10-12	12788.18
2011-10-13	12724.17
2011-10-14	12733.83
2011-10-15	12733.83
2011-10-16	12733.83
2011-10-17	12688.55
2011-10-18	12722.26
2011-10-19	12727.78
2011-10-20	12743.46
2011-10-21	12723.77
2011-10-22	12723.77
2011-10-23	12723.77
2011-10-24	12714.75
2011-10-25	12711.96
2011-10-26	12777.38
2011-10-27	12733.67
2011-10-28	12711.94
2011-10-29	12711.94
2011-10-30	12711.94
2011-10-31	12730.8
2011-11-01	12774.21
2011-11-02	12826.36
2011-11-03	12862.44
2011-11-04	12828.26
2011-11-05	12828.26
2011-11-06	12828.26
2011-11-07	12846.64
2011-11-08	12873.93
2011-11-09	12871.16
2011-11-10	12929.23
2011-11-11	12918.79
2011-11-12	12918.79
2011-11-13	12918.79
2011-11-14	12887.99
2011-11-15	12936.22
2011-11-16	12969.02
2011-11-17	12954.11
2011-11-18	12957.59
2011-11-19	12957.59
2011-11-20	12957.59
2011-11-21	12947.41
2011-11-22	12959.86
2011-11-23	12983.08
2011-11-24	12989.76
2011-11-25	13002.73
2011-11-26	13002.73
2011-11-27	13002.73
2011-11-28	12999.27
2011-11-29	12971.06
2011-11-30	12984.87
2011-12-01	12960.83
2011-12-02	12960.04
2011-12-03	12960.04
2011-12-04	12960.04
2011-12-05	12985.04
2011-12-06	13008.18
2011-12-07	12989.06
2011-12-08	12994.8
2011-12-09	13043.0
2011-12-10	13043.0
2011-12-11	13043.0
2011-12-12	12983.07
2011-12-13	13025.65
2011-12-14	13023.73
2011-12-15	13063.08
2011-12-16	13051.44
2011-12-17	13051.44
2011-12-18	13051.44
2011-12-19	13062.91
2011-12-20	13060.7
2011-12-21	13030.48
2011-12-22	13041.87
2011-12-23	13037.43
2011-12-24	13037.43
2011-12-25	13037.43
2011-12-26	13044.01
2011-12-27	13045.35
2011-12-28	13021.3
2011-12-29	13045.11
2011-12-30	13066.47
2011-12-31	13066.0
2012-01-01	13066.0
2012-01-02	13070.0
2012-01-03	13003.87
2012-01-04	13009.33
2012-01-05	13019.89
2012-01-06	13023.35
2012-01-07	13023.35
2012-01-08	13023.35
2012-01-09	13047.16
2012-01-10	13036.49
2012-01-11	13033.72
2012-01-12	13043.58
2012-01-13	13010.82
2012-01-14	13010.82
2012-01-15	13010.82
2012-01-16	13067.62
2012-01-17	13036.55
2012-01-18	13040.28
2012-01-19	13053.58
2012-01-20	13017.96
2012-01-21	13017.96
2012-01-22	13017.96
2012-01-23	12992.18
2012-01-24	12974.59
2012-01-25	12920.86
2012-01-26	12922.3
2012-01-27	12977.91
2012-01-28	12977.91
2012-01-29	12977.91
2012-01-30	13021.73
2012-01-31	13045.09
2012-02-01	13053.38
2012-02-02	13045.69
2012-02-03	13051.37
2012-02-04	13051.37
2012-02-05	13051.37
2012-02-06	13007.11
2012-02-07	12961.27
2012-02-08	12956.63
2012-02-09	12949.22
2012-02-10	12981.89
2012-02-11	12981.89
2012-02-12	12981.89
2012-02-13	12979.72
2012-02-14	12993.07
2012-02-15	12985.67
2012-02-16	13013.37
2012-02-17	12980.53
2012-02-18	12980.53
2012-02-19	12980.53
2012-02-20	12950.22
2012-02-21	12960.75
2012-02-22	12963.58
2012-02-23	12982.78
2012-02-24	12963.29
2012-02-25	12963.29
2012-02-26	12963.29
2012-02-27	12982.01
2012-02-28	13010.08
2012-02-29	13013.46
2012-03-01	12981.74
2012-03-02	12955.53
2012-03-03	12955.53
2012-03-04	12955.53
2012-03-05	12984.23
2012-03-06	13008.97
2012-03-07	13033.12
2012-03-08	13039.28
2012-03-09	13016.08
2012-03-10	13016.08
2012-03-11	13016.08
2012-03-12	13053.08
2012-03-13	13049.12
2012-03-14	13009.03
2012-03-15	12937.31
2012-03-16	12943.04
2012-03-17	12943.04
2012-03-18	12943.04
2012-03-19	12941.01
2012-03-20	12949.23
2012-03-21	12950.88
2012-03-22	12975.4
2012-03-23	12989.89
2012-03-24	12989.89
2012-03-25	12989.89
2012-03-26	12994.63
2012-03-27	12999.04
2012-03-28	13033.67
2012-03-29	13073.37
2012-03-30	13088.68
2012-03-31	13090.0
2012-04-01	13090.0
2012-04-02	13073.01
2012-04-03	13095.7
2012-04-04	13094.66
2012-04-05	13095.51
2012-04-06	13096.84
2012-04-07	13096.84
2012-04-08	13096.84
2012-04-09	13100.81
2012-04-10	13155.12
2012-04-11	13151.06
2012-04-12	13145.11
2012-04-13	13174.44
2012-04-14	13174.44
2012-04-15	13174.44
2012-04-16	13195.06
2012-04-17	13200.22
2012-04-18	13181.45
2012-04-19	13196.17
2012-04-20	13195.66
2012-04-21	13195.66
2012-04-22	13195.66
2012-04-23	13225.72
2012-04-24	13269.51
2012-04-25	13270.77
2012-04-26	13249.37
2012-04-27	13284.65
2012-04-28	13284.65
2012-04-29	13284.65
2012-04-30	13287.19
2012-05-01	13360.13
2012-05-02	13324.25
2012-05-03	13354.34
2012-05-04	13367.92
2012-05-05	13367.92
2012-05-06	13367.92
2012-05-07	13433.92
2012-05-08	13428.26
2012-05-09	13451.68
2012-05-10	13445.42
2012-05-11	13473.46
2012-05-12	13473.46
2012-05-13	13473.46
2012-05-14	13483.02
2012-05-15	13486.65
2012-05-16	13496.5
2012-05-17	13482.47
2012-05-18	13545.64
2012-05-19	13545.64
2012-05-20	13545.64
2012-05-21	13527.48
2012-05-22	13502.24
2012-05-23	13527.62
2012-05-24	13542.95
2012-05-25	13531.06
2012-05-26	13531.06
2012-05-27	13531.06
2012-05-28	13523.26
2012-05-29	13544.28
2012-05-30	13584.67
2012-05-31	13645.97
2012-06-01	13681.45
2012-06-02	13681.45
2012-06-03	13681.45
2012-06-04	13707.11
2012-06-05	13626.85
2012-06-06	13594.89
2012-06-07	13564.34
2012-06-08	13587.5
2012-06-09	13587.5
2012-06-10	13587.5
2012-06-11	13590.81
2012-06-12	13607.23
2012-06-13	13575.3
2012-06-14	13631.19
2012-06-15	13627.13
2012-06-16	13627.13
2012-06-17	13627.13
2012-06-18	13599.14
2012-06-19	13633.18
2012-06-20	13581.58
2012-06-21	13566.42
2012-06-22	13604.16
2012-06-23	13604.16
2012-06-24	13604.16
2012-06-25	13622.83
2012-06-26	13650.94
2012-06-27	13640.23
2012-06-28	13639.64
2012-06-29	13623.31
2012-06-30	13624.0
2012-07-01	13624.0
2012-07-02	13603.42
2012-07-03	13605.62
2012-07-04	13591.64
2012-07-05	13632.48
2012-07-06	13634.51
2012-07-07	13634.51
2012-07-08	13634.51
2012-07-09	13671.8
2012-07-10	13684.72
2012-07-11	13692.56
2012-07-12	13748.36
2012-07-13	13763.06
2012-07-14	13763.06
2012-07-15	13763.06
2012-07-16	13759.76
2012-07-17	13757.91
2012-07-18	13762.1
2012-07-19	13753.69
2012-07-20	13754.61
2012-07-21	13754.61
2012-07-22	13754.61
2012-07-23	13811.23
2012-07-24	13803.88
2012-07-25	13813.75
2012-07-26	13795.82
2012-07-27	13715.62
2012-07-28	13715.62
2012-07-29	13715.62
2012-07-30	13663.0
2012-07-31	13664.06
2012-08-01	13655.64
2012-08-02	13643.5
2012-08-03	13658.17
2012-08-04	13658.17
2012-08-05	13658.17
2012-08-06	13585.45
2012-08-07	13600.43
2012-08-08	13578.91
2012-08-09	13568.05
2012-08-10	13609.65
2012-08-11	13609.65
2012-08-12	13609.65
2012-08-13	13615.08
2012-08-14	13598.65
2012-08-15	13579.16
2012-08-16	13540.4
2012-08-17	13539.1
2012-08-18	13539.1
2012-08-19	13539.1
2012-08-20	13552.16
2012-08-21	13550.0
2012-08-22	13580.44
2012-08-23	13620.33
2012-08-24	13639.31
2012-08-25	13639.31
2012-08-26	13639.31
2012-08-27	13657.8
2012-08-28	13663.39
2012-08-29	13673.32
2012-08-30	13710.38
2012-08-31	13741.0
2012-09-01	13741.0
2012-09-02	13741.0
2012-09-03	13756.07
2012-09-04	13751.01
2012-09-05	13774.5
2012-09-06	13756.17
2012-09-07	13719.38
2012-09-08	13719.38
2012-09-09	13719.38
2012-09-10	13751.04
2012-09-11	13759.81
2012-09-12	13737.17
2012-09-13	13724.44
2012-09-14	13704.65
2012-09-15	13704.65
2012-09-16	13704.65
2012-09-17	13653.68
2012-09-18	13686.97
2012-09-19	13691.4
2012-09-20	13746.51
2012-09-21	13723.62
2012-09-22	13723.62
2012-09-23	13723.62
2012-09-24	13748.46
2012-09-25	13770.89
2012-09-26	13803.05
2012-09-27	13824.73
2012-09-28	13851.24
2012-09-29	13851.24
2012-09-30	13855.0
2012-10-01	13860.86
2012-10-02	13888.26
2012-10-03	13908.23
2012-10-04	13890.42
2012-10-05	13869.39
2012-10-06	13869.39
2012-10-07	13869.39
2012-10-08	13859.7
2012-10-09	13861.76
2012-10-10	13857.74
2012-10-11	13873.38
2012-10-12	13876.01
2012-10-13	13876.01
2012-10-14	13876.01
2012-10-15	13889.06
2012-10-16	13885.73
2012-10-17	13850.79
2012-10-18	13797.23
2012-10-19	13806.81
2012-10-20	13806.81
2012-10-21	13806.81
2012-10-22	13826.56
2012-10-23	13814.39
2012-10-24	13792.74
2012-10-25	13769.17
2012-10-26	13774.75
2012-10-27	13774.75
2012-10-28	13774.75
2012-10-29	13798.66
2012-10-30	13822.47
2012-10-31	13828.16
2012-11-01	13834.75
2012-11-02	13806.41
2012-11-03	13806.41
2012-11-04	13806.41
2012-11-05	13811.46
2012-11-06	13790.56
2012-11-07	13793.03
2012-11-08	13808.01
2012-11-09	13824.42
2012-11-10	13824.42
2012-11-11	13824.42
2012-11-12	13839.36
2012-11-13	13852.14
2012-11-14	13851.07
2012-11-15	13872.32
2012-11-16	13866.51
2012-11-17	13866.51
2012-11-18	13866.51
2012-11-19	13844.3
2012-11-20	13817.77
2012-11-21	13801.21
2012-11-22	13775.41
2012-11-23	13751.43
2012-11-24	13751.43
2012-11-25	13751.43
2012-11-26	13760.39
2012-11-27	13750.41
2012-11-28	13778.23
2012-11-29	13782.76
2012-11-30	13817.37
2012-12-01	13817.37
2012-12-02	13817.37
2012-12-03	13840.17
2012-12-04	13829.54
2012-12-05	13832.0
2012-12-06	13850.19
2012-12-07	13857.01
2012-12-08	13857.01
2012-12-09	13857.01
2012-12-10	13846.64
2012-12-11	13855.74
2012-12-12	13823.94
2012-12-13	13789.85
2012-12-14	13757.02
2012-12-15	13757.02
2012-12-16	13757.02
2012-12-17	13764.87
2012-12-18	13758.95
2012-12-19	13755.84
2012-12-20	13769.27
2012-12-21	13786.36
2012-12-22	13786.36
2012-12-23	13786.36
2012-12-24	13786.14
2012-12-25	13787.23
2012-12-26	13788.3
2012-12-27	13788.5
2012-12-28	13800.04
2012-12-29	13800.04
2012-12-30	13800.04
2012-12-31	13826.74
2013-01-01	13827.8
2013-01-02	13774.05
2013-01-03	13792.85
2013-01-04	13763.9
2013-01-05	13763.9
2013-01-06	13763.9
2013-01-07	13765.6
2013-01-08	13770.62
2013-01-09	13782.58
2013-01-10	13761.46
2013-01-11	13744.99
2013-01-12	13744.99
2013-01-13	13744.99
2013-01-14	13751.78
2013-01-15	13765.92
2013-01-16	13798.6
2013-01-17	13837.46
2013-01-18	13791.58
2013-01-19	13791.58
2013-01-20	13791.58
2013-01-21	13806.54
2013-01-22	13806.68
2013-01-23	13835.34
2013-01-24	13853.14
2013-01-25	13843.68
2013-01-26	13843.68
2013-01-27	13843.68
2013-01-28	13846.92
2013-01-29	13766.43
2013-01-30	13753.72
2013-01-31	13781.35
2013-02-01	13756.82
2013-02-02	13756.82
2013-02-03	13756.82
2013-02-04	13728.46
2013-02-05	13763.5
2013-02-06	13767.56
2013-02-07	13788.21
2013-02-08	13790.34
2013-02-09	13790.34
2013-02-10	13790.34
2013-02-11	13809.23
2013-02-12	13808.01
2013-02-13	13781.76
2013-02-14	13748.73
2013-02-15	13771.26
2013-02-16	13771.26
2013-02-17	13771.26
2013-02-18	13761.47
2013-02-19	13754.95
2013-02-20	13752.07
2013-02-21	13775.86
2013-02-22	13776.18
2013-02-23	13776.18
2013-02-24	13776.18
2013-02-25	13792.43
2013-02-26	13836.72
2013-02-27	13856.12
2013-02-28	13861.33
2013-03-01	13861.87
2013-03-02	13861.87
2013-03-03	13861.87
2013-03-04	13884.18
2013-03-05	13857.0
2013-03-06	13827.39
2013-03-07	13806.47
2013-03-08	13771.12
2013-03-09	13771.12
2013-03-10	13771.12
2013-03-11	13760.01
2013-03-12	13738.68
2013-03-13	13746.93
2013-03-14	13692.16
2013-03-15	13708.35
2013-03-16	13708.35
2013-03-17	13708.35
2013-03-18	13780.26
2013-03-19	13763.63
2013-03-20	13775.1
2013-03-21	13750.44
2013-03-22	13757.72
2013-03-23	13757.72
2013-03-24	13757.72
2013-03-25	13730.83
2013-03-26	13750.67
2013-03-27	13778.02
2013-03-28	13815.56
2013-03-29	13816.67
2013-03-30	13816.67
2013-03-31	13826.07
2013-04-01	13820.04
2013-04-02	13826.84
2013-04-03	13812.5
2013-04-04	13823.03
2013-04-05	13855.76
2013-04-06	13855.76
2013-04-07	13855.76
2013-04-08	13898.26
2013-04-09	13895.71
2013-04-10	13885.11
2013-04-11	13884.12
2013-04-12	13885.7
2013-04-13	13885.7
2013-04-14	13885.7
2013-04-15	13919.77
2013-04-16	13921.01
2013-04-17	13912.39
2013-04-18	13940.73
2013-04-19	13940.55
2013-04-20	13940.55
2013-04-21	13940.55
2013-04-22	13934.59
2013-04-23	13967.36
2013-04-24	13981.4
2013-04-25	13981.39
2013-04-26	13983.24
2013-04-27	13983.24
2013-04-28	13983.24
2013-04-29	14002.92
2013-04-30	14017.26
2013-05-01	14017.1
2013-05-02	14048.7
2013-05-03	14057.04
2013-05-04	14057.04
2013-05-05	14057.04
2013-05-06	14033.06
2013-05-07	14067.52
2013-05-08	14059.65
2013-05-09	14042.04
2013-05-10	14014.02
2013-05-11	14014.02
2013-05-12	14014.02
2013-05-13	14025.18
2013-05-14	14024.76
2013-05-15	14014.84
2013-05-16	14028.25
2013-05-17	14062.28
2013-05-18	14062.28
2013-05-19	14062.28
2013-05-20	14050.68
2013-05-21	14030.24
2013-05-22	14022.7
2013-05-23	14015.31
2013-05-24	14006.64
2013-05-25	14006.64
2013-05-26	14006.64
2013-05-27	14022.0
2013-05-28	14002.9
2013-05-29	13951.88
2013-05-30	13970.1
2013-05-31	13994.39
2013-06-01	13994.39
2013-06-02	13994.39
2013-06-03	13977.93
2013-06-04	13960.41
2013-06-05	13984.16
2013-06-06	14015.22
2013-06-07	14053.59
2013-06-08	14053.59
2013-06-09	14053.59
2013-06-10	14056.68
2013-06-11	14007.53
2013-06-12	13970.95
2013-06-13	13995.01
2013-06-14	14008.96
2013-06-15	14008.96
2013-06-16	14008.96
2013-06-17	13997.57
2013-06-18	14007.19
2013-06-19	14007.03
2013-06-20	13927.45
2013-06-21	13855.85
2013-06-22	13855.85
2013-06-23	13855.85
2013-06-24	13736.06
2013-06-25	13796.42
2013-06-26	13797.66
2013-06-27	13820.96
2013-06-28	13854.16
2013-06-29	13854.16
2013-06-30	13854.16
2013-07-01	13830.1
2013-07-02	13858.35
2013-07-03	13876.45
2013-07-04	13847.82
2013-07-05	13829.76
2013-07-06	13829.76
2013-07-07	13829.76
2013-07-08	13801.17
2013-07-09	13816.45
2013-07-10	13836.28
2013-07-11	13878.61
2013-07-12	13886.75
2013-07-13	13886.75
2013-07-14	13886.75
2013-07-15	13897.15
2013-07-16	13879.1
2013-07-17	13878.33
2013-07-18	13912.19
2013-07-19	13923.07
2013-07-20	13923.07
2013-07-21	13923.07
2013-07-22	13943.53
2013-07-23	13945.98
2013-07-24	13934.21
2013-07-25	13902.02
2013-07-26	13899.62
2013-07-27	13899.62
2013-07-28	13899.62
2013-07-29	13921.24
2013-07-30	13953.88
2013-07-31	13953.42
2013-08-01	13971.89
2013-08-02	13937.53
2013-08-03	13937.53
2013-08-04	13937.53
2013-08-05	14015.74
2013-08-06	13975.63
2013-08-07	13983.66
2013-08-08	13985.56
2013-08-09	13969.13
2013-08-10	13969.13
2013-08-11	13969.13
2013-08-12	13971.35
2013-08-13	13949.8
2013-08-14	13911.7
2013-08-15	13888.19
2013-08-16	13856.9
2013-08-17	13856.9
2013-08-18	13856.9
2013-08-19	13837.3
2013-08-20	13851.69
2013-08-21	13860.2
2013-08-22	13823.53
2013-08-23	13832.17
2013-08-24	13832.17
2013-08-25	13832.17
2013-08-26	13847.21
2013-08-27	13880.5
2013-08-28	13895.68
2013-08-29	13893.34
2013-08-30	13903.32
2013-08-31	13903.32
2013-09-01	13903.32
2013-09-02	13879.55
2013-09-03	13852.18
2013-09-04	13829.0
2013-09-05	13807.49
2013-09-06	13776.15
2013-09-07	13776.15
2013-09-08	13776.15
2013-09-09	13804.44
2013-09-10	13781.58
2013-09-11	13772.8
2013-09-12	13826.22
2013-09-13	13813.56
2013-09-14	13813.56
2013-09-15	13813.56
2013-09-16	13849.27
2013-09-17	13835.4
2013-09-18	13824.95
2013-09-19	13898.14
2013-09-20	13886.25
2013-09-21	13886.25
2013-09-22	13886.25
2013-09-23	13878.32
2013-09-24	13906.45
2013-09-25	13925.72
2013-09-26	13927.25
2013-09-27	13933.45
2013-09-28	13933.45
2013-09-29	13933.45
2013-09-30	13960.47
2013-10-01	13940.27
2013-10-02	13938.52
2013-10-03	13942.54
2013-10-04	13908.53
2013-10-05	13908.53
2013-10-06	13908.53
2013-10-07	13880.08
2013-10-08	13881.92
2013-10-09	13872.42
2013-10-10	13842.41
2013-10-11	13848.29
2013-10-12	13848.29
2013-10-13	13848.29
2013-10-14	13858.54
2013-10-15	13826.65
2013-10-16	13812.42
2013-10-17	13857.2
2013-10-18	13871.46
2013-10-19	13871.46
2013-10-20	13871.46
2013-10-21	13891.52
2013-10-22	13885.59
2013-10-23	13932.09
2013-10-24	13942.65
2013-10-25	13948.76
2013-10-26	13948.76
2013-10-27	13948.76
2013-10-28	13940.29
2013-10-29	13954.83
2013-10-30	13970.85
2013-10-31	13949.4
2013-11-01	13929.56
2013-11-02	13929.56
2013-11-03	13929.56
2013-11-04	13893.85
2013-11-05	13899.11
2013-11-06	13872.9
2013-11-07	13894.53
2013-11-08	13911.64
2013-11-09	13911.64
2013-11-10	13911.64
2013-11-11	13880.68
2013-11-12	13853.18
2013-11-13	13862.8
2013-11-14	13898.43
2013-11-15	13904.55
2013-11-16	13904.55
2013-11-17	13904.55
2013-11-18	13906.78
2013-11-19	13894.84
2013-11-20	13880.25
2013-11-21	13856.09
2013-11-22	13862.65
2013-11-23	13862.65
2013-11-24	13862.65
2013-11-25	13880.76
2013-11-26	13902.56
2013-11-27	13920.01
2013-11-28	13905.42
2013-11-29	13918.25
2013-11-30	13918.25
2013-12-01	13918.25
2013-12-02	13896.71
2013-12-03	13880.12
2013-12-04	13894.91
2013-12-05	13867.72
2013-12-06	13852.42
2013-12-07	13852.42
2013-12-08	13852.42
2013-12-09	13882.76
2013-12-10	13884.48
2013-12-11	13908.07
2013-12-12	13925.33
2013-12-13	13937.63
2013-12-14	13937.63
2013-12-15	13937.63
2013-12-16	13981.8
2013-12-17	13987.81
2013-12-18	13992.36
2013-12-19	13972.28
2013-12-20	13964.79
2013-12-21	13964.79
2013-12-22	13964.79
2013-12-23	13970.8
2013-12-24	13984.87
2013-12-25	13986.05
2013-12-26	13987.21
2013-12-27	13969.18
2013-12-28	13969.18
2013-12-29	13969.18
2013-12-30	13974.46
2013-12-31	13992.9
2014-01-01	13994.08
2014-01-02	13959.58
2014-01-03	13949.88
2014-01-04	13949.88
2014-01-05	13949.88
2014-01-06	13942.78
2014-01-07	13964.82
2014-01-08	13978.27
2014-01-09	13963.5
2014-01-10	13984.55
2014-01-11	13984.55
2014-01-12	13984.55
2014-01-13	14005.5
2014-01-14	14020.11
2014-01-15	14003.83
2014-01-16	14031.13
2014-01-17	14066.66
2014-01-18	14066.66
2014-01-19	14066.66
2014-01-20	14080.54
2014-01-21	14071.61
2014-01-22	14029.72
2014-01-23	14041.33
2014-01-24	14100.97
2014-01-25	14100.97
2014-01-26	14100.97
2014-01-27	14104.38
2014-01-28	14118.53
2014-01-29	14083.49
2014-01-30	14120.33
2014-01-31	14129.68
2014-02-01	14129.68
2014-02-02	14129.68
2014-02-03	14130.09
2014-02-04	14124.17
2014-02-05	14117.37
2014-02-06	14091.77
2014-02-07	14065.05
2014-02-08	14065.05
2014-02-09	14065.05
2014-02-10	14070.32
2014-02-11	14053.79
2014-02-12	14041.92
2014-02-13	14065.71
2014-02-14	14093.87
2014-02-15	14093.87
2014-02-16	14093.87
2014-02-17	14079.47
2014-02-18	14069.28
2014-02-19	14086.91
2014-02-20	14092.07
2014-02-21	14062.86
2014-02-22	14062.86
2014-02-23	14062.86
2014-02-24	14085.85
2014-02-25	14089.84
2014-02-26	14110.27
2014-02-27	14146.55
2014-02-28	14164.1
2014-03-01	14164.1
2014-03-02	14164.1
2014-03-03	14189.11
2014-03-04	14173.23
2014-03-05	14147.48
2014-03-06	14131.58
2014-03-07	14109.77
2014-03-08	14109.77
2014-03-09	14109.77
2014-03-10	14100.52
2014-03-11	14111.32
2014-03-12	14117.65
2014-03-13	14108.28
2014-03-14	14167.04
2014-03-15	14167.04
2014-03-16	14167.04
2014-03-17	14164.54
2014-03-18	14149.21
2014-03-19	14156.42
2014-03-20	14133.67
2014-03-21	14117.38
2014-03-22	14117.38
2014-03-23	14117.38
2014-03-24	14118.56
2014-03-25	14140.29
2014-03-26	14144.38
2014-03-27	14156.72
2014-03-28	14168.0
2014-03-29	14168.0
2014-03-30	14168.0
2014-03-31	14167.64
2014-04-01	14149.75
2014-04-02	14136.49
2014-04-03	14135.73
2014-04-04	14147.38
2014-04-05	14147.38
2014-04-06	14147.38
2014-04-07	14182.78
2014-04-08	14188.38
2014-04-09	14196.09
2014-04-10	14194.17
2014-04-11	14214.76
2014-04-12	14214.76
2014-04-13	14214.76
2014-04-14	14241.06
2014-04-15	14237.17
2014-04-16	14241.82
2014-04-17	14252.38
2014-04-18	14253.53
2014-04-19	14253.53
2014-04-20	14253.53
2014-04-21	14256.97
2014-04-22	14238.02
2014-04-23	14258.59
2014-04-24	14264.51
2014-04-25	14265.66
2014-04-26	14265.66
2014-04-27	14265.66
2014-04-28	14281.48
2014-04-29	14278.82
2014-04-30	14275.98
2014-05-01	14282.11
2014-05-02	14289.37
2014-05-03	14289.37
2014-05-04	14289.37
2014-05-05	14312.4
2014-05-06	14322.89
2014-05-07	14343.3
2014-05-08	14340.69
2014-05-09	14354.5
2014-05-10	14354.5
2014-05-11	14354.5
2014-05-12	14355.57
2014-05-13	14350.97
2014-05-14	14366.52
2014-05-15	14386.29
2014-05-16	14401.45
2014-05-17	14401.45
2014-05-18	14401.45
2014-05-19	14417.26
2014-05-20	14408.69
2014-05-21	14437.25
2014-05-22	14404.94
2014-05-23	14388.22
2014-05-24	14388.22
2014-05-25	14388.22
2014-05-26	14408.57
2014-05-27	14407.66
2014-05-28	14422.02
2014-05-29	14453.21
2014-05-30	14452.84
2014-05-31	14452.84
2014-06-01	14452.84
2014-06-02	14452.36
2014-06-03	14435.17
2014-06-04	14408.28
2014-06-05	14411.01
2014-06-06	14413.51
2014-06-07	14413.51
2014-06-08	14413.51
2014-06-09	14416.85
2014-06-10	14414.54
2014-06-11	14391.78
2014-06-12	14403.05
2014-06-13	14420.35
2014-06-14	14420.35
2014-06-15	14420.35
2014-06-16	14442.56
2014-06-17	14472.03
2014-06-18	14457.8
2014-06-19	14488.16
2014-06-20	14488.17
2014-06-21	14488.17
2014-06-22	14488.17
2014-06-23	14482.68
2014-06-24	14509.4
2014-06-25	14536.32
2014-06-26	14537.52
2014-06-27	14557.98
2014-06-28	14557.98
2014-06-29	14557.98
2014-06-30	14563.07
2014-07-01	14541.97
2014-07-02	14553.69
2014-07-03	14572.24
2014-07-04	14556.08
2014-07-05	14556.08
2014-07-06	14556.08
2014-07-07	14552.98
2014-07-08	14555.74
2014-07-09	14580.02
2014-07-10	14607.87
2014-07-11	14631.68
2014-07-12	14631.68
2014-07-13	14631.68
2014-07-14	14621.26
2014-07-15	14625.75
2014-07-16	14632.82
2014-07-17	14636.62
2014-07-18	14649.93
2014-07-19	14649.93
2014-07-20	14649.93
2014-07-21	14639.31
2014-07-22	14642.67
2014-07-23	14624.74
2014-07-24	14613.22
2014-07-25	14610.71
2014-07-26	14610.71
2014-07-27	14610.71
2014-07-28	14619.75
2014-07-29	14603.32
2014-07-30	14620.07
2014-07-31	14589.34
2014-08-01	14579.26
2014-08-02	14579.26
2014-08-03	14579.26
2014-08-04	14582.68
2014-08-05	14609.26
2014-08-06	14586.65
2014-08-07	14635.95
2014-08-08	14702.7
2014-08-09	14702.7
2014-08-10	14702.7
2014-08-11	14656.66
2014-08-12	14641.42
2014-08-13	14626.92
2014-08-14	14658.33
2014-08-15	14658.72
2014-08-16	14658.72
2014-08-17	14658.72
2014-08-18	14680.24
2014-08-19	14659.43
2014-08-20	14645.61
2014-08-21	14623.63
2014-08-22	14624.83
2014-08-23	14624.83
2014-08-24	14624.83
2014-08-25	14643.73
2014-08-26	14679.57
2014-08-27	14695.98
2014-08-28	14698.72
2014-08-29	14710.48
2014-08-30	14710.48
2014-08-31	14710.48
2014-09-01	14703.35
2014-09-02	14687.22
2014-09-03	14655.33
2014-09-04	14655.41
2014-09-05	14638.16
2014-09-06	14638.16
2014-09-07	14638.16
2014-09-08	14642.93
2014-09-09	14590.69
2014-09-10	14584.76
2014-09-11	14568.28
2014-09-12	14562.74
2014-09-13	14562.74
2014-09-14	14562.74
2014-09-15	14551.8
2014-09-16	14567.27
2014-09-17	14560.89
2014-09-18	14532.03
2014-09-19	14522.22
2014-09-20	14522.22
2014-09-21	14522.22
2014-09-22	14557.9
2014-09-23	14609.53
2014-09-24	14587.48
2014-09-25	14603.09
2014-09-26	14643.78
2014-09-27	14643.78
2014-09-28	14643.78
2014-09-29	14649.52
2014-09-30	14661.28
2014-10-01	14653.62
2014-10-02	14687.21
2014-10-03	14674.2
2014-10-04	14674.2
2014-10-05	14674.2
2014-10-06	14688.48
2014-10-07	14700.93
2014-10-08	14716.24
2014-10-09	14745.0
2014-10-10	14745.26
2014-10-11	14745.26
2014-10-12	14745.26
2014-10-13	14762.55
2014-10-14	14760.54
2014-10-15	14741.47
2014-10-16	14801.27
2014-10-17	14791.88
2014-10-18	14791.88
2014-10-19	14791.88
2014-10-20	14753.41
2014-10-21	14801.27
2014-10-22	14776.75
2014-10-23	14776.55
2014-10-24	14768.48
2014-10-25	14768.48
2014-10-26	14768.48
2014-10-27	14759.63
2014-10-28	14791.27
2014-10-29	14769.65
2014-10-30	14757.07
2014-10-31	14780.58
2014-11-01	14780.58
2014-11-02	14780.58
2014-11-03	14796.55
2014-11-04	14774.6
2014-11-05	14793.51
2014-11-06	14804.53
2014-11-07	14760.47
2014-11-08	14760.47
2014-11-09	14760.47
2014-11-10	14788.49
2014-11-11	14773.82
2014-11-12	14763.44
2014-11-13	14761.59
2014-11-14	14768.46
2014-11-15	14768.46
2014-11-16	14768.46
2014-11-17	14800.74
2014-11-18	14797.3
2014-11-19	14803.36
2014-11-20	14806.14
2014-11-21	14815.31
2014-11-22	14815.31
2014-11-23	14815.31
2014-11-24	14824.86
2014-11-25	14851.53
2014-11-26	14894.91
2014-11-27	14907.76
2014-11-28	14950.87
2014-11-29	14950.87
2014-11-30	14950.87
2014-12-01	14974.54
2014-12-02	14926.22
2014-12-03	14939.89
2014-12-04	14957.77
2014-12-05	14979.85
2014-12-06	14979.85
2014-12-07	14979.85
2014-12-08	14964.91
2014-12-09	14991.2
2014-12-10	15036.65
2014-12-11	15075.24
2014-12-12	15056.4
2014-12-13	15056.4
2014-12-14	15056.4
2014-12-15	15064.99
2014-12-16	15077.19
2014-12-17	15118.01
2014-12-18	15095.95
2014-12-19	15050.45
2014-12-20	15050.45
2014-12-21	15050.45
2014-12-22	15089.77
2014-12-23	15104.66
2014-12-24	15089.86
2014-12-25	15090.79
2014-12-26	15091.74
2014-12-27	15091.74
2014-12-28	15091.74
2014-12-29	15110.76
2014-12-30	15156.88
2014-12-31	15172.42
2015-01-01	15173.32
2015-01-02	15144.13
2015-01-03	15144.13
2015-01-04	15144.13
2015-01-05	15191.62
2015-01-06	15216.64
2015-01-07	15239.46
2015-01-08	15212.82
2015-01-09	15217.7
2015-01-10	15217.7
2015-01-11	15217.7
2015-01-12	15231.43
2015-01-13	15269.6
2015-01-14	15291.62
2015-01-15	15241.27
2015-01-16	15296.28
2015-01-17	15296.28
2015-01-18	15296.28
2015-01-19	15268.69
2015-01-20	15245.58
2015-01-21	15276.24
2015-01-22	15287.18
2015-01-23	15275.91
2015-01-24	15275.91
2015-01-25	15275.91
2015-01-26	15278.59
2015-01-27	15304.61
2015-01-28	15288.78
2015-01-29	15365.47
2015-01-30	15396.2
2015-01-31	15396.2
2015-02-01	15396.2
2015-02-02	15383.54
2015-02-03	15469.95
2015-02-04	15391.02
2015-02-05	15412.52
2015-02-06	15390.55
2015-02-07	15390.55
2015-02-08	15390.55
2015-02-09	15352.02
2015-02-10	15345.69
2015-02-11	15327.15
2015-02-12	15359.66
2015-02-13	15381.21
2015-02-14	15381.21
2015-02-15	15381.21
2015-02-16	15361.69
2015-02-17	15368.91
2015-02-18	15338.61
2015-02-19	15360.53
2015-02-20	15353.23
2015-02-21	15353.23
2015-02-22	15353.23
2015-02-23	15345.5
2015-02-24	15361.65
2015-02-25	15382.31
2015-02-26	15425.69
2015-02-27	15421.82
2015-02-28	15421.82
2015-03-01	15421.82
2015-03-02	15406.27
2015-03-03	15377.12
2015-03-04	15334.98
2015-03-05	15331.02
2015-03-06	15329.21
2015-03-07	15329.21
2015-03-08	15329.21
2015-03-09	15282.68
2015-03-10	15311.37
2015-03-11	15352.84
2015-03-12	15398.29
2015-03-13	15379.93
2015-03-14	15379.93
2015-03-15	15379.93
2015-03-16	15416.5
2015-03-17	15414.1
2015-03-18	15425.84
2015-03-19	15475.03
2015-03-20	15467.57
2015-03-21	15467.57
2015-03-22	15467.57
2015-03-23	15462.12
2015-03-24	15470.89
2015-03-25	15498.39
2015-03-26	15507.8
2015-03-27	15476.71
2015-03-28	15476.71
2015-03-29	15476.71
2015-03-30	15500.92
2015-03-31	15529.15
2015-04-01	15526.25
2015-04-02	15546.63
2015-04-03	15547.4
2015-04-04	15547.4
2015-04-05	15547.4
2015-04-06	15549.75
2015-04-07	15518.46
2015-04-08	15529.34
2015-04-09	15527.32
2015-04-10	15514.53
2015-04-11	15514.53
2015-04-12	15514.53
2015-04-13	15534.4
2015-04-14	15551.57
2015-04-15	15566.8
2015-04-16	15513.96
2015-04-17	15516.21
2015-04-18	15516.21
2015-04-19	15516.21
2015-04-20	15490.37
2015-04-21	15489.31
2015-04-22	15451.85
2015-04-23	15420.07
2015-04-24	15410.47
2015-04-25	15410.47
2015-04-26	15410.47
2015-04-27	15434.79
2015-04-28	15405.41
2015-04-29	15386.37
2015-04-30	15364.51
2015-05-01	15349.1
2015-05-02	15349.1
2015-05-03	15349.1
2015-05-04	15349.05
2015-05-05	15289.51
2015-05-06	15220.28
2015-05-07	15182.72
2015-05-08	15244.32
2015-05-09	15244.32
2015-05-10	15244.32
2015-05-11	15251.8
2015-05-12	15158.64
2015-05-13	15189.61
2015-05-14	15181.83
2015-05-15	15229.71
2015-05-16	15229.71
2015-05-17	15229.71
2015-05-18	15249.09
2015-05-19	15221.06
2015-05-20	15207.91
2015-05-21	15225.51
2015-05-22	15235.34
2015-05-23	15235.34
2015-05-24	15235.34
2015-05-25	15240.12
2015-05-26	15237.9
2015-05-27	15270.67
2015-05-28	15311.72
2015-05-29	15350.33
2015-05-30	15350.33
2015-05-31	15350.33
2015-06-01	15363.69
2015-06-02	15340.35
2015-06-03	15264.97
2015-06-04	15191.3
2015-06-05	15178.82
2015-06-06	15178.82
2015-06-07	15178.82
2015-06-08	15181.58
2015-06-09	15214.48
2015-06-10	15188.09
2015-06-11	15127.3
2015-06-12	15181.72
2015-06-13	15181.72
2015-06-14	15181.72
2015-06-15	15200.09
2015-06-16	15202.49
2015-06-17	15213.76
2015-06-18	15283.89
2015-06-19	15290.21
2015-06-20	15290.21
2015-06-21	15290.21
2015-06-22	15251.17
2015-06-23	15190.6
2015-06-24	15201.81
2015-06-25	15194.68
2015-06-26	15196.07
2015-06-27	15196.07
2015-06-28	15196.07
2015-06-29	15240.32
2015-06-30	15223.95
2015-07-01	15224.54
2015-07-02	15181.43
2015-07-03	15200.06
2015-07-04	15200.06
2015-07-05	15200.06
2015-07-06	15269.94
2015-07-07	15294.12
2015-07-08	15371.4
2015-07-09	15348.49
2015-07-10	15287.68
2015-07-11	15287.68
2015-07-12	15287.68
2015-07-13	15258.86
2015-07-14	15244.11
2015-07-15	15241.88
2015-07-16	15274.79
2015-07-17	15289.1
2015-07-18	15289.1
2015-07-19	15289.1
2015-07-20	15301.39
2015-07-21	15301.0
2015-07-22	15322.96
2015-07-23	15346.89
2015-07-24	15374.94
2015-07-25	15374.94
2015-07-26	15374.94
2015-07-27	15408.84
2015-07-28	15402.67
2015-07-29	15392.61
2015-07-30	15362.53
2015-07-31	15401.17
2015-08-01	15401.17
2015-08-02	15401.17
2015-08-03	15415.92
2015-08-04	15410.63
2015-08-05	15381.23
2015-08-06	15367.78
2015-08-07	15358.82
2015-08-08	15358.82
2015-08-09	15358.82
2015-08-10	15384.1
2015-08-11	15391.93
2015-08-12	15448.3
2015-08-13	15415.73
2015-08-14	15390.83
2015-08-15	15390.83
2015-08-16	15390.83
2015-08-17	15389.38
2015-08-18	15411.24
2015-08-19	15415.59
2015-08-20	15454.89
2015-08-21	15504.29
2015-08-22	15504.29
2015-08-23	15504.29
2015-08-24	15562.31
2015-08-25	15523.16
2015-08-26	15492.06
2015-08-27	15466.35
2015-08-28	15448.83
2015-08-29	15448.83
2015-08-30	15448.83
2015-08-31	15484.66
2015-09-01	15495.73
2015-09-02	15471.82
2015-09-03	15473.83
2015-09-04	15503.69
2015-09-05	15503.69
2015-09-06	15503.69
2015-09-07	15485.61
2015-09-08	15478.14
2015-09-09	15441.4
2015-09-10	15446.56
2015-09-11	15435.12
2015-09-12	15435.12
2015-09-13	15435.12
2015-09-14	15451.93
2015-09-15	15466.98
2015-09-16	15408.79
2015-09-17	15365.7
2015-09-18	15409.43
2015-09-19	15409.43
2015-09-20	15409.43
2015-09-21	15442.77
2015-09-22	15430.55
2015-09-23	15465.51
2015-09-24	15483.35
2015-09-25	15465.53
2015-09-26	15465.53
2015-09-27	15465.53
2015-09-28	15469.09
2015-09-29	15527.27
2015-09-30	15526.83
2015-10-01	15518.07
2015-10-02	15515.38
2015-10-03	15515.38
2015-10-04	15515.38
2015-10-05	15564.2
2015-10-06	15529.55
2015-10-07	15512.76
2015-10-08	15520.03
2015-10-09	15475.1
2015-10-10	15475.1
2015-10-11	15475.1
2015-10-12	15471.88
2015-10-13	15494.75
2015-10-14	15541.5
2015-10-15	15557.97
2015-10-16	15547.0
2015-10-17	15547.0
2015-10-18	15547.0
2015-10-19	15550.54
2015-10-20	15540.34
2015-10-21	15517.77
2015-10-22	15531.76
2015-10-23	15544.92
2015-10-24	15544.92
2015-10-25	15544.92
2015-10-26	15523.15
2015-10-27	15536.68
2015-10-28	15581.0
2015-10-29	15574.92
2015-10-30	15567.69
2015-10-31	15567.69
2015-11-01	15567.69
2015-11-02	15564.07
2015-11-03	15525.7
2015-11-04	15501.24
2015-11-05	15474.98
2015-11-06	15462.79
2015-11-07	15462.79
2015-11-08	15462.79
2015-11-09	15401.52
2015-11-10	15406.54
2015-11-11	15416.15
2015-11-12	15356.98
2015-11-13	15346.79
2015-11-14	15346.79
2015-11-15	15346.79
2015-11-16	15387.39
2015-11-17	15379.75
2015-11-18	15394.5
2015-11-19	15383.08
2015-11-20	15387.53
2015-11-21	15387.53
2015-11-22	15387.53
2015-11-23	15378.26
2015-11-24	15390.24
2015-11-25	15417.47
2015-11-26	15453.81
2015-11-27	15446.5
2015-11-28	15446.5
2015-11-29	15446.5
2015-11-30	15441.69
2015-12-01	15448.01
2015-12-02	15467.1
2015-12-03	15448.09
2015-12-04	15395.37
2015-12-05	15395.37
2015-12-06	15395.37
2015-12-07	15388.95
2015-12-08	15444.11
2015-12-09	15462.14
2015-12-10	15434.16
2015-12-11	15429.55
2015-12-12	15429.55
2015-12-13	15429.55
2015-12-14	15458.31
2015-12-15	15463.12
2015-12-16	15435.46
2015-12-17	15453.53
2015-12-18	15498.37
2015-12-19	15498.37
2015-12-20	15498.37
2015-12-21	15504.34
2015-12-22	15515.82
2015-12-23	15501.71
2015-12-24	15504.58
2015-12-25	15507.87
2015-12-26	15507.87
2015-12-27	15507.87
2015-12-28	15507.74
2015-12-29	15556.37
2015-12-30	15535.18
2015-12-31	15501.52
2016-01-01	15501.52
2016-01-02	15501.52
2016-01-03	15501.52
2016-01-04	15529.33
2016-01-05	15537.82
2016-01-06	15557.96
2016-01-07	15590.38
2016-01-08	15556.85
2016-01-09	15556.85
2016-01-10	15556.85
2016-01-11	15571.62
2016-01-12	15558.48
2016-01-13	15570.66
2016-01-14	15609.28
2016-01-15	15606.93
2016-01-16	15606.93
2016-01-17	15606.93
2016-01-18	15612.51
2016-01-19	15603.16
2016-01-20	15630.29
2016-01-21	15614.14
2016-01-22	15591.95
2016-01-23	15591.95
2016-01-24	15591.95
2016-01-25	15591.38
2016-01-26	15591.34
2016-01-27	15617.09
2016-01-28	15613.55
2016-01-29	15652.09
2016-01-30	15652.09
2016-01-31	15652.09
2016-02-01	15662.82
2016-02-02	15667.41
2016-02-03	15721.59
2016-02-04	15697.22
2016-02-05	15707.44
2016-02-06	15707.44
2016-02-07	15707.44
2016-02-08	15691.46
2016-02-09	15782.08
2016-02-10	15797.01
2016-02-11	15808.82
2016-02-12	15784.84
2016-02-13	15784.84
2016-02-14	15784.84
2016-02-15	15730.85
2016-02-16	15719.08
2016-02-17	15742.51
2016-02-18	15719.79
2016-02-19	15774.92
2016-02-20	15774.92
2016-02-21	15774.92
2016-02-22	15768.31
2016-02-23	15788.82
2016-02-24	15799.38
2016-02-25	15804.15
2016-02-26	15819.65
2016-02-27	15819.65
2016-02-28	15819.65
2016-02-29	15813.84
2016-03-01	15839.62
2016-03-02	15776.96
2016-03-03	15717.71
2016-03-04	15712.17
2016-03-05	15712.17
2016-03-06	15712.17
2016-03-07	15698.61
2016-03-08	15710.67
2016-03-09	15713.27
2016-03-10	15700.13
2016-03-11	15648.58
2016-03-12	15648.58
2016-03-13	15648.58
2016-03-14	15637.45
2016-03-15	15647.15
2016-03-16	15665.45
2016-03-17	15715.65
2016-03-18	15723.63
2016-03-19	15723.63
2016-03-20	15723.63
2016-03-21	15720.2
2016-03-22	15698.57
2016-03-23	15672.22
2016-03-24	15704.8
2016-03-25	15704.82
2016-03-26	15704.82
2016-03-27	15704.82
2016-03-28	15704.79
2016-03-29	15719.8
2016-03-30	15763.58
2016-03-31	15781.92
2016-04-01	15761.38
2016-04-02	15761.38
2016-04-03	15761.38
2016-04-04	15799.15
2016-04-05	15812.72
2016-04-06	15821.62
2016-04-07	15814.56
2016-04-08	15842.44
2016-04-09	15842.44
2016-04-10	15842.44
2016-04-11	15847.56
2016-04-12	15813.51
2016-04-13	15782.92
2016-04-14	15771.02
2016-04-15	15750.05
2016-04-16	15750.05
2016-04-17	15750.05
2016-04-18	15786.63
2016-04-19	15752.01
2016-04-20	15765.45
2016-04-21	15736.73
2016-04-22	15711.31
2016-04-23	15711.31
2016-04-24	15711.31
2016-04-25	15711.28
2016-04-26	15702.14
2016-04-27	15742.89
2016-04-28	15796.3
2016-04-29	15807.82
2016-04-30	15807.82
2016-05-01	15807.82
2016-05-02	15803.41
2016-05-03	15855.26
2016-05-04	15878.82
2016-05-05	15906.79
2016-05-06	15979.31
2016-05-07	15979.31
2016-05-08	15979.31
2016-05-09	15974.52
2016-05-10	15979.98
2016-05-11	15977.6
2016-05-12	15983.61
2016-05-13	15994.69
2016-05-14	15994.69
2016-05-15	15994.69
2016-05-16	16019.19
2016-05-17	15980.51
2016-05-18	15983.15
2016-05-19	15955.42
2016-05-20	15973.07
2016-05-21	15973.07
2016-05-22	15973.07
2016-05-23	15984.98
2016-05-24	15994.0
2016-05-25	15982.23
2016-05-26	16000.27
2016-05-27	16014.31
2016-05-28	16014.31
2016-05-29	16014.31
2016-05-30	16006.46
2016-05-31	15992.48
2016-06-01	16015.74
2016-06-02	16034.05
2016-06-03	16053.72
2016-06-04	16053.72
2016-06-05	16053.72
2016-06-06	16094.65
2016-06-07	16069.04
2016-06-08	16087.6
2016-06-09	16122.67
2016-06-10	16115.67
2016-06-11	16115.67
2016-06-12	16115.67
2016-06-13	16115.64
2016-06-14	16148.83
2016-06-15	16143.0
2016-06-16	16181.09
2016-06-17	16147.57
2016-06-18	16147.57
2016-06-19	16147.57
2016-06-20	16111.64
2016-06-21	16093.09
2016-06-22	16059.23
2016-06-23	16034.36
2016-06-24	16176.94
2016-06-25	16176.94
2016-06-26	16176.94
2016-06-27	16167.0
2016-06-28	16200.45
2016-06-29	16191.77
2016-06-30	16209.03
2016-07-01	16228.4
2016-07-02	16228.4
2016-07-03	16228.4
2016-07-04	16197.34
2016-07-05	16227.8
2016-07-06	16281.68
2016-07-07	16290.5
2016-07-08	16282.41
2016-07-09	16282.41
2016-07-10	16282.41
2016-07-11	16273.65
2016-07-12	16246.39
2016-07-13	16235.58
2016-07-14	16243.04
2016-07-15	16237.57
2016-07-16	16237.57
2016-07-17	16237.57
2016-07-18	16236.21
2016-07-19	16278.07
2016-07-20	16279.11
2016-07-21	16282.66
2016-07-22	16290.81
2016-07-23	16290.81
2016-07-24	16290.81
2016-07-25	16292.07
2016-07-26	16283.83
2016-07-27	16264.82
2016-07-28	16312.23
2016-07-29	16324.53
2016-07-30	16324.53
2016-07-31	16324.53
2016-08-01	16348.71
2016-08-02	16363.48
2016-08-03	16308.53
2016-08-04	16288.98
2016-08-05	16319.41
2016-08-06	16319.41
2016-08-07	16319.41
2016-08-08	16288.08
2016-08-09	16291.41
2016-08-10	16335.02
2016-08-11	16347.94
2016-08-12	16318.94
2016-08-13	16318.94
2016-08-14	16318.94
2016-08-15	16336.19
2016-08-16	16336.12
2016-08-17	16320.37
2016-08-18	16336.85
2016-08-19	16345.49
2016-08-20	16345.49
2016-08-21	16345.49
2016-08-22	16322.53
2016-08-23	16349.13
2016-08-24	16359.0
2016-08-25	16347.46
2016-08-26	16346.29
2016-08-27	16346.29
2016-08-28	16346.29
2016-08-29	16330.82
2016-08-30	16352.48
2016-08-31	16365.21
2016-09-01	16352.85
2016-09-02	16342.48
2016-09-03	16342.48
2016-09-04	16342.48
2016-09-05	16327.94
2016-09-06	16318.18
2016-09-07	16360.55
2016-09-08	16342.83
2016-09-09	16285.18
2016-09-10	16285.18
2016-09-11	16285.18
2016-09-12	16228.41
2016-09-13	16208.6
2016-09-14	16188.05
2016-09-15	16172.81
2016-09-16	16181.64
2016-09-17	16181.64
2016-09-18	16181.64
2016-09-19	16176.25
2016-09-20	16176.23
2016-09-21	16171.94
2016-09-22	16218.48
2016-09-23	16246.62
2016-09-24	16246.62
2016-09-25	16246.62
2016-09-26	16262.04
2016-09-27	16262.52
2016-09-28	16279.73
2016-09-29	16274.89
2016-09-30	16316.01
2016-10-01	16316.01
2016-10-02	16316.01
2016-10-03	16292.03
2016-10-04	16253.25
2016-10-05	16224.36
2016-10-06	16198.95
2016-10-07	16190.5
2016-10-08	16190.5
2016-10-09	16190.5
2016-10-10	16180.86
2016-10-11	16146.47
2016-10-12	16110.98
2016-10-13	16141.16
2016-10-14	16135.74
2016-10-15	16135.74
2016-10-16	16135.74
2016-10-17	16114.82
2016-10-18	16101.04
2016-10-19	16114.87
2016-10-20	16133.21
2016-10-21	16136.75
2016-10-22	16136.75
2016-10-23	16136.75
2016-10-24	16163.96
2016-10-25	16149.17
2016-10-26	16146.34
2016-10-27	16121.21
2016-10-28	16095.83
2016-10-29	16095.83
2016-10-30	16095.83
2016-10-31	16118.43
2016-11-01	16097.97
2016-11-02	16124.1
2016-11-03	16146.59
2016-11-04	16132.55
2016-11-05	16132.55
2016-11-06	16132.55
2016-11-07	16121.87
2016-11-08	16115.35
2016-11-09	16198.57
2016-11-10	16049.43
2016-11-11	15980.32
2016-11-12	15980.32
2016-11-13	15980.32
2016-11-14	15919.84
2016-11-15	15905.04
2016-11-16	15923.97
2016-11-17	15972.95
2016-11-18	15894.5
2016-11-19	15894.5
2016-11-20	15894.5
2016-11-21	15904.59
2016-11-22	15913.38
2016-11-23	15896.29
2016-11-24	15860.17
2016-11-25	15855.91
2016-11-26	15855.91
2016-11-27	15855.91
2016-11-28	15892.75
2016-11-29	15888.63
2016-11-30	15881.61
2016-12-01	15846.42
2016-12-02	15801.84
2016-12-03	15801.84
2016-12-04	15801.84
2016-12-05	15833.03
2016-12-06	15822.0
2016-12-07	15838.64
2016-12-08	15878.01
2016-12-09	15838.5
2016-12-10	15838.5
2016-12-11	15838.5
2016-12-12	15809.3
2016-12-13	15826.97
2016-12-14	15853.38
2016-12-15	15801.99
2016-12-16	15812.93
2016-12-17	15812.93
2016-12-18	15812.93
2016-12-19	15793.41
2016-12-20	15793.9
2016-12-21	15803.47
2016-12-22	15802.53
2016-12-23	15780.4
2016-12-24	15780.4
2016-12-25	15780.4
2016-12-26	15780.36
2016-12-27	15780.35
2016-12-28	15792.28
2016-12-29	15837.38
2016-12-30	15853.98
2016-12-31	15853.98
2017-01-01	15853.98
2017-01-02	15853.94
2017-01-03	15866.98
2017-01-04	15847.63
2017-01-05	15874.23
2017-01-06	15913.36
2017-01-07	15913.36
2017-01-08	15913.36
2017-01-09	15877.27
2017-01-10	15898.64
2017-01-11	15898.85
2017-01-12	15934.11
2017-01-13	15922.88
2017-01-14	15922.88
2017-01-15	15922.88
2017-01-16	15920.8
2017-01-17	15916.75
2017-01-18	15924.01
2017-01-19	15882.49
2017-01-20	15865.03
2017-01-21	15865.03
2017-01-22	15865.03
2017-01-23	15880.31
2017-01-24	15919.32
2017-01-25	15908.53
2017-01-26	15908.52
2017-01-27	15886.9
2017-01-28	15886.9
2017-01-29	15886.9
2017-01-30	15916.32
2017-01-31	15932.84
2017-02-01	15916.55
2017-02-02	15904.12
2017-02-03	15882.01
2017-02-04	15882.01
2017-02-05	15882.01
2017-02-06	15903.94
2017-02-07	15938.85
2017-02-08	15946.73
2017-02-09	15975.45
2017-02-10	15950.57
2017-02-11	15950.57
2017-02-12	15950.57
2017-02-13	15943.63
2017-02-14	15924.3
2017-02-15	15894.74
2017-02-16	15889.93
2017-02-17	15885.54
2017-02-18	15885.54
2017-02-19	15885.54
2017-02-20	15896.64
2017-02-21	15893.49
2017-02-22	15874.83
2017-02-23	15908.9
2017-02-24	15939.33
2017-02-25	15939.33
2017-02-26	15939.33
2017-02-27	15955.66
2017-02-28	15952.55
2017-03-01	15905.34
2017-03-02	15917.85
2017-03-03	15911.1
2017-03-04	15911.1
2017-03-05	15911.1
2017-03-06	15914.09
2017-03-07	15905.43
2017-03-08	15879.59
2017-03-09	15842.97
2017-03-10	15812.24
2017-03-11	15812.24
2017-03-12	15812.24
2017-03-13	15839.25
2017-03-14	15843.95
2017-03-15	15850.18
2017-03-16	15908.69
2017-03-17	15894.55
2017-03-18	15894.55
2017-03-19	15894.55
2017-03-20	15918.13
2017-03-21	15926.06
2017-03-22	15953.83
2017-03-23	15964.9
2017-03-24	15963.24
2017-03-25	15963.24
2017-03-26	15963.24
2017-03-27	15988.93
2017-03-28	16000.28
2017-03-29	15989.01
2017-03-30	16006.65
2017-03-31	16004.7
2017-04-01	16004.7
2017-04-02	16004.7
2017-04-03	16021.74
2017-04-04	16060.84
2017-04-05	16063.15
2017-04-06	16080.99
2017-04-07	16102.59
2017-04-08	16102.59
2017-04-09	16102.59
2017-04-10	16096.72
2017-04-11	16114.99
2017-04-12	16133.48
2017-04-13	16150.79
2017-04-14	16150.78
2017-04-15	16150.78
2017-04-16	16150.78
2017-04-17	16150.75
2017-04-18	16146.03
2017-04-19	16164.27
2017-04-20	16136.68
2017-04-21	16119.93
2017-04-22	16119.93
2017-04-23	16119.93
2017-04-24	16094.98
2017-04-25	16094.96
2017-04-26	16066.56
2017-04-27	16078.46
2017-04-28	16109.45
2017-04-29	16109.45
2017-04-30	16109.45
2017-05-01	16108.9
2017-05-02	16093.42
2017-05-03	16102.2
2017-05-04	16071.52
2017-05-05	16066.21
2017-05-06	16066.21
2017-05-07	16066.21
2017-05-08	16056.49
2017-05-09	16051.89
2017-05-10	16068.74
2017-05-11	16079.95
2017-05-12	16094.26
2017-05-13	16094.26
2017-05-14	16094.26
2017-05-15	16124.11
2017-05-16	16127.57
2017-05-17	16161.84
2017-05-18	16175.85
2017-05-19	16194.67
2017-05-20	16194.67
2017-05-21	16194.67
2017-05-22	16195.66
2017-05-23	16216.36
2017-05-24	16208.74
2017-05-25	16232.81
2017-05-26	16250.86
2017-05-27	16250.86
2017-05-28	16250.86
2017-05-29	16252.3
2017-05-30	16271.71
2017-05-31	16279.77
2017-06-01	16273.3
2017-06-02	16262.83
2017-06-03	16262.83
2017-06-04	16262.83
2017-06-05	16270.55
2017-06-06	16287.77
2017-06-07	16275.66
2017-06-08	16264.07
2017-06-09	16260.14
2017-06-10	16260.14
2017-06-11	16260.14
2017-06-12	16260.11
2017-06-13	16270.19
2017-06-14	16262.47
2017-06-15	16290.1
2017-06-16	16262.97
2017-06-17	16262.97
2017-06-18	16262.97
2017-06-19	16260.9
2017-06-20	16251.57
2017-06-21	16272.42
2017-06-22	16283.0
2017-06-23	16283.14
2017-06-24	16283.14
2017-06-25	16283.14
2017-06-26	16289.09
2017-06-27	16297.86
2017-06-28	16244.08
2017-06-29	16206.07
2017-06-30	16154.36
2017-07-01	16154.36
2017-07-02	16154.36
2017-07-03	16143.8
2017-07-04	16178.24
2017-07-05	16172.96
2017-07-06	16163.88
2017-07-07	16112.0
2017-07-08	16112.0
2017-07-09	16112.0
2017-07-10	16105.0
2017-07-11	16095.96
2017-07-12	16114.6
2017-07-13	16140.06
2017-07-14	16126.64
2017-07-15	16126.64
2017-07-16	16126.64
2017-07-17	16118.2
2017-07-18	16102.03
2017-07-19	16114.62
2017-07-20	16107.81
2017-07-21	16144.43
2017-07-22	16144.43
2017-07-23	16144.43
2017-07-24	16159.36
2017-07-25	16154.5
2017-07-26	16134.64
2017-07-27	16158.74
2017-07-28	16164.01
2017-07-29	16164.01
2017-07-30	16164.01
2017-07-31	16173.4
2017-08-01	16154.01
2017-08-02	16158.62
2017-08-03	16179.87
2017-08-04	16204.03
2017-08-05	16204.03
2017-08-06	16204.03
2017-08-07	16202.8
2017-08-08	16199.92
2017-08-09	16194.38
2017-08-10	16186.93
2017-08-11	16227.71
2017-08-12	16227.71
2017-08-13	16227.71
2017-08-14	16216.52
2017-08-15	16199.79
2017-08-16	16186.88
2017-08-17	16199.75
2017-08-18	16216.38
2017-08-19	16216.38
2017-08-20	16216.38
2017-08-21	16206.7
2017-08-22	16203.04
2017-08-23	16185.5
2017-08-24	16209.49
2017-08-25	16207.43
2017-08-26	16207.43
2017-08-27	16207.43
2017-08-28	16192.1
2017-08-29	16215.79
2017-08-30	16186.33
2017-08-31	16168.25
2017-09-01	16197.34
2017-09-02	16197.34
2017-09-03	16197.34
2017-09-04	16226.09
2017-09-05	16197.08
2017-09-06	16240.86
2017-09-07	16219.61
2017-09-08	16251.33
2017-09-09	16251.33
2017-09-10	16251.33
2017-09-11	16244.69
2017-09-12	16225.31
2017-09-13	16203.01
2017-09-14	16164.66
2017-09-15	16151.12
2017-09-16	16151.12
2017-09-17	16151.12
2017-09-18	16116.99
2017-09-19	16104.43
2017-09-20	16097.65
2017-09-21	16100.41
2017-09-22	16119.0
2017-09-23	16119.0
2017-09-24	16119.0
2017-09-25	16124.3
2017-09-26	16140.9
2017-09-27	16137.09
2017-09-28	16097.82
2017-09-29	16115.31
2017-09-30	16115.31
2017-10-01	16115.31
2017-10-02	16093.73
2017-10-03	16105.91
2017-10-04	16130.49
2017-10-05	16152.55
2017-10-06	16132.43
2017-10-07	16132.43
2017-10-08	16132.43
2017-10-09	16133.42
2017-10-10	16126.37
2017-10-11	16134.27
2017-10-12	16144.54
2017-10-13	16153.81
2017-10-14	16153.81
2017-10-15	16153.81
2017-10-16	16181.91
2017-10-17	16176.05
2017-10-18	16199.39
2017-10-19	16173.36
2017-10-20	16162.67
2017-10-21	16162.67
2017-10-22	16162.67
2017-10-23	16156.94
2017-10-24	16172.92
2017-10-25	16194.91
2017-10-26	16200.28
2017-10-27	16191.45
2017-10-28	16191.45
2017-10-29	16191.45
2017-10-30	16218.62
2017-10-31	16260.0
2017-11-01	16241.48
2017-11-02	16268.29
2017-11-03	16325.32
2017-11-04	16325.32
2017-11-05	16325.32
2017-11-06	16331.46
2017-11-07	16323.49
2017-11-08	16325.52
2017-11-09	16313.53
2017-11-10	16305.5
2017-11-11	16305.5
2017-11-12	16305.5
2017-11-13	16301.91
2017-11-14	16274.6
2017-11-15	16319.64
2017-11-16	16320.65
2017-11-17	16331.99
2017-11-18	16331.99
2017-11-19	16331.99
2017-11-20	16353.44
2017-11-21	16350.84
2017-11-22	16366.03
2017-11-23	16375.61
2017-11-24	16381.84
2017-11-25	16381.84
2017-11-26	16381.84
2017-11-27	16375.18
2017-11-28	16392.41
2017-11-29	16412.19
2017-11-30	16392.39
2017-12-01	16371.12
2017-12-02	16371.12
2017-12-03	16371.12
2017-12-04	16364.86
2017-12-05	16325.82
2017-12-06	16384.74
2017-12-07	16387.07
2017-12-08	16376.79
2017-12-09	16376.79
2017-12-10	16376.79
2017-12-11	16360.07
2017-12-12	16376.77
2017-12-13	16374.2
2017-12-14	16343.62
2017-12-15	16363.64
2017-12-16	16363.64
2017-12-17	16363.64
2017-12-18	16361.8
2017-12-19	16335.52
2017-12-20	16300.41
2017-12-21	16276.38
2017-12-22	16251.62
2017-12-23	16251.62
2017-12-24	16251.62
2017-12-25	16251.59
2017-12-26	16251.58
2017-12-27	16266.04
2017-12-28	16279.22
2017-12-29	16307.56
2017-12-30	16307.56
2017-12-31	16307.56
2018-01-01	16307.53
2018-01-02	16293.69
2018-01-03	16282.26
2018-01-04	16305.47
2018-01-05	16338.39
2018-01-06	16338.39
2018-01-07	16338.39
2018-01-08	16337.6
2018-01-09	16321.92
2018-01-10	16297.47
2018-01-11	16281.68
2018-01-12	16276.18
2018-01-13	16276.18
2018-01-14	16276.18
2018-01-15	16269.02
2018-01-16	16261.4
2018-01-17	16253.07
2018-01-18	16237.57
2018-01-19	16205.17
2018-01-20	16205.17
2018-01-21	16205.17
2018-01-22	16205.63
2018-01-23	16224.99
2018-01-24	16230.97
2018-01-25	16223.78
2018-01-26	16223.76
2018-01-27	16223.76
2018-01-28	16223.76
2018-01-29	16223.13
2018-01-30	16216.04
2018-01-31	16253.36
2018-02-01	16268.16
2018-02-02	16256.4
2018-02-03	16256.4
2018-02-04	16256.4
2018-02-05	16195.38
2018-02-06	16249.43
2018-02-07	16252.18
2018-02-08	16223.36
2018-02-09	16246.27
2018-02-10	16246.27
2018-02-11	16246.27
2018-02-12	16219.46
2018-02-13	16235.68
2018-02-14	16253.18
2018-02-15	16216.27
2018-02-16	16210.0
2018-02-17	16210.0
2018-02-18	16210.0
2018-02-19	16231.84
2018-02-20	16225.09
2018-02-21	16248.98
2018-02-22	16249.44
2018-02-23	16269.88
2018-02-24	16269.88
2018-02-25	16269.88
2018-02-26	16316.93
2018-02-27	16329.21
2018-02-28	16299.3
2018-03-01	16327.84
2018-03-02	16348.13
2018-03-03	16348.13
2018-03-04	16348.13
2018-03-05	16347.67
2018-03-06	16302.15
2018-03-07	16313.91
2018-03-08	16310.23
2018-03-09	16316.29
2018-03-10	16316.29
2018-03-11	16316.29
2018-03-12	16294.44
2018-03-13	16301.33
2018-03-14	16339.26
2018-03-15	16368.64
2018-03-16	16379.33
2018-03-17	16379.33
2018-03-18	16379.33
2018-03-19	16376.31
2018-03-20	16373.91
2018-03-21	16366.94
2018-03-22	16357.01
2018-03-23	16387.14
2018-03-24	16387.14
2018-03-25	16387.14
2018-03-26	16382.32
2018-03-27	16385.5
2018-03-28	16429.06
2018-03-29	16421.97
2018-03-30	16428.75
2018-03-31	16428.75
2018-04-01	16428.75
2018-04-02	16428.72
2018-04-03	16429.04
2018-04-04	16403.79
2018-04-05	16384.71
2018-04-06	16392.79
2018-04-07	16392.79
2018-04-08	16392.79
2018-04-09	16394.43
2018-04-10	16376.33
2018-04-11	16389.46
2018-04-12	16399.67
2018-04-13	16358.47
2018-04-14	16358.47
2018-04-15	16358.47
2018-04-16	16347.85
2018-04-17	16326.84
2018-04-18	16345.52
2018-04-19	16331.01
2018-04-20	16322.39
2018-04-21	16322.39
2018-04-22	16322.39
2018-04-23	16289.5
2018-04-24	16307.28
2018-04-25	16307.27
2018-04-26	16297.83
2018-04-27	16324.64
2018-04-28	16324.64
2018-04-29	16324.64
2018-04-30	16367.24
2018-05-01	16379.39
2018-05-02	16361.89
2018-05-03	16354.04
2018-05-04	16379.57
2018-05-05	16379.57
2018-05-06	16379.57
2018-05-07	16398.48
2018-05-08	16410.2
2018-05-09	16393.31
2018-05-10	16394.21
2018-05-11	16396.19
2018-05-12	16396.19
2018-05-13	16396.19
2018-05-14	16408.83
2018-05-15	16372.85
2018-05-16	16339.56
2018-05-17	16313.5
2018-05-18	16327.13
2018-05-19	16327.13
2018-05-20	16327.13
2018-05-21	16338.7
2018-05-22	16350.91
2018-05-23	16366.67
2018-05-24	16385.3
2018-05-25	16402.34
2018-05-26	16402.34
2018-05-27	16402.34
2018-05-28	16424.85
2018-05-29	16466.84
2018-05-30	16490.7
2018-05-31	16483.09
2018-06-01	16464.13
2018-06-02	16464.13
2018-06-03	16464.13
2018-06-04	16441.03
2018-06-05	16443.59
2018-06-06	16420.37
2018-06-07	16374.48
2018-06-08	16411.13
2018-06-09	16411.13
2018-06-10	16411.13
2018-06-11	16411.1
2018-06-12	16405.17
2018-06-13	16419.69
2018-06-14	16455.62
2018-06-15	16477.05
2018-06-16	16477.05
2018-06-17	16477.05
2018-06-18	16499.14
2018-06-19	16531.02
2018-06-20	16515.18
2018-06-21	16501.43
2018-06-22	16520.81
2018-06-23	16520.81
2018-06-24	16520.81
2018-06-25	16535.67
2018-06-26	16534.19
2018-06-27	16542.64
2018-06-28	16555.46
2018-06-29	16556.61
2018-06-30	16556.61
2018-07-01	16556.61
2018-07-02	16582.21
2018-07-03	16573.05
2018-07-04	16589.36
2018-07-05	16585.18
2018-07-06	16562.83
2018-07-07	16562.83
2018-07-08	16562.83
2018-07-09	16570.1
2018-07-10	16554.95
2018-07-11	16574.56
2018-07-12	16569.06
2018-07-13	16570.64
2018-07-14	16570.64
2018-07-15	16570.64
2018-07-16	16570.22
2018-07-17	16553.8
2018-07-18	16563.83
2018-07-19	16548.29
2018-07-20	16572.73
2018-07-21	16572.73
2018-07-22	16572.73
2018-07-23	16549.48
2018-07-24	16516.6
2018-07-25	16541.38
2018-07-26	16548.35
2018-07-27	16574.76
2018-07-28	16574.76
2018-07-29	16574.76
2018-07-30	16576.37
2018-07-31	16574.71
2018-08-01	16554.68
2018-08-02	16527.37
2018-08-03	16528.51
2018-08-04	16528.51
2018-08-05	16528.51
2018-08-06	16558.19
2018-08-07	16581.9
2018-08-08	16568.28
2018-08-09	16586.05
2018-08-10	16629.86
2018-08-11	16629.86
2018-08-12	16629.86
2018-08-13	16641.08
2018-08-14	16636.1
2018-08-15	16641.57
2018-08-16	16652.7
2018-08-17	16662.59
2018-08-18	16662.59
2018-08-19	16662.59
2018-08-20	16676.61
2018-08-21	16667.65
2018-08-22	16666.6
2018-08-23	16673.03
2018-08-24	16670.06
2018-08-25	16670.06
2018-08-26	16670.06
2018-08-27	16665.49
2018-08-28	16653.05
2018-08-29	16665.85
2018-08-30	16655.35
2018-08-31	16689.46
2018-09-01	16689.46
2018-09-02	16689.46
2018-09-03	16695.63
2018-09-04	16691.56
2018-09-05	16676.82
2018-09-06	16670.53
2018-09-07	16683.8
2018-09-08	16683.8
2018-09-09	16683.8
2018-09-10	16671.9
2018-09-11	16666.27
2018-09-12	16664.14
2018-09-13	16649.31
2018-09-14	16653.93
2018-09-15	16653.93
2018-09-16	16653.93
2018-09-17	16646.95
2018-09-18	16618.34
2018-09-19	16579.96
2018-09-20	16570.29
2018-09-21	16583.03
2018-09-22	16583.03
2018-09-23	16583.03
2018-09-24	16585.1
2018-09-25	16560.11
2018-09-26	16568.37
2018-09-27	16597.85
2018-09-28	16613.77
2018-09-29	16613.77
2018-09-30	16613.77
2018-10-01	16625.38
2018-10-02	16619.58
2018-10-03	16646.16
2018-10-04	16608.95
2018-10-05	16602.44
2018-10-06	16602.44
2018-10-07	16602.44
2018-10-08	16569.47
2018-10-09	16563.12
2018-10-10	16574.99
2018-10-11	16591.91
2018-10-12	16582.34
2018-10-13	16582.34
2018-10-14	16582.34
2018-10-15	16618.15
2018-10-16	16614.32
2018-10-17	16624.08
2018-10-18	16606.82
2018-10-19	16632.08
2018-10-20	16632.08
2018-10-21	16632.08
2018-10-22	16628.82
2018-10-23	16643.85
2018-10-24	16658.81
2018-10-25	16687.65
2018-10-26	16703.93
2018-10-27	16703.93
2018-10-28	16703.93
2018-10-29	16728.75
2018-10-30	16722.59
2018-10-31	16698.13
2018-11-01	16674.75
2018-11-02	16642.69
2018-11-03	16642.69
2018-11-04	16642.69
2018-11-05	16608.52
2018-11-06	16617.61
2018-11-07	16614.27
2018-11-08	16593.97
2018-11-09	16595.62
2018-11-10	16595.62
2018-11-11	16595.62
2018-11-12	16613.28
2018-11-13	16623.08
2018-11-14	16641.86
2018-11-15	16632.22
2018-11-16	16656.48
2018-11-17	16656.48
2018-11-18	16656.48
2018-11-19	16674.39
2018-11-20	16656.8
2018-11-21	16657.46
2018-11-22	16671.37
2018-11-23	16683.32
2018-11-24	16683.32
2018-11-25	16683.32
2018-11-26	16698.01
2018-11-27	16697.96
2018-11-28	16707.22
2018-11-29	16719.0
2018-11-30	16730.29
2018-12-01	16730.29
2018-12-02	16730.29
2018-12-03	16723.36
2018-12-04	16770.5
2018-12-05	16799.09
2018-12-06	16836.83
2018-12-07	16843.47
2018-12-08	16843.47
2018-12-09	16843.47
2018-12-10	16852.52
2018-12-11	16842.84
2018-12-12	16837.09
2018-12-13	16830.61
2018-12-14	16835.8
2018-12-15	16835.8
2018-12-16	16835.8
2018-12-17	16854.78
2018-12-18	16874.78
2018-12-19	16904.89
2018-12-20	16939.72
2018-12-21	16916.46
2018-12-22	16916.46
2018-12-23	16916.46
2018-12-24	16940.14
2018-12-25	16940.13
2018-12-26	16940.12
2018-12-27	16933.33
2018-12-28	16942.28
2018-12-29	16942.28
2018-12-30	16942.28
2018-12-31	16969.7
2019-01-01	16969.69
2019-01-02	16997.67
2019-01-03	17072.92
2019-01-04	17047.2
2019-01-05	17047.2
2019-01-06	17047.2
2019-01-07	17022.5
2019-01-08	16999.82
2019-01-09	16979.67
2019-01-10	16980.41
2019-01-11	16988.5
2019-01-12	16988.5
2019-01-13	16988.5
2019-01-14	17014.23
2019-01-15	17005.82
2019-01-16	17017.56
2019-01-17	17018.29
2019-01-18	17000.02
2019-01-19	17000.02
2019-01-20	17000.02
2019-01-21	17004.58
2019-01-22	17011.31
2019-01-23	17031.04
2019-01-24	17045.91
2019-01-25	17090.98
2019-01-26	17090.98
2019-01-27	17090.98
2019-01-28	17090.95
2019-01-29	17091.28
2019-01-30	17076.25
2019-01-31	17077.3
2019-02-01	17102.36
2019-02-02	17102.36
2019-02-03	17102.36
2019-02-04	17095.58
2019-02-05	17086.46
2019-02-06	17140.47
2019-02-07	17164.21
2019-02-08	17203.5
2019-02-09	17203.5
2019-02-10	17203.5
2019-02-11	17233.9
2019-02-12	17202.38
2019-02-13	17171.57
2019-02-14	17169.98
2019-02-15	17204.6
2019-02-16	17204.6
2019-02-17	17204.6
2019-02-18	17185.62
2019-02-19	17184.64
2019-02-20	17214.17
2019-02-21	17251.63
2019-02-22	17225.33
2019-02-23	17225.33
2019-02-24	17225.33
2019-02-25	17227.1
2019-02-26	17225.65
2019-02-27	17238.41
2019-02-28	17225.02
2019-03-01	17190.5
2019-03-02	17190.5
2019-03-03	17190.5
2019-03-04	17163.15
2019-03-05	17181.18
2019-03-06	17234.59
2019-03-07	17242.68
2019-03-08	17281.41
2019-03-09	17281.41
2019-03-10	17281.41
2019-03-11	17282.0
2019-03-12	17284.99
2019-03-13	17336.56
2019-03-14	17340.11
2019-03-15	17332.5
2019-03-16	17332.5
2019-03-17	17332.5
2019-03-18	17329.48
2019-03-19	17365.56
2019-03-20	17372.95
2019-03-21	17407.04
2019-03-22	17449.45
2019-03-23	17449.45
2019-03-24	17449.45
2019-03-25	17496.49
2019-03-26	17467.93
2019-03-27	17500.14
2019-03-28	17537.0
2019-03-29	17515.85
2019-03-30	17515.85
2019-03-31	17515.85
2019-04-01	17490.5
2019-04-02	17496.05
2019-04-03	17472.79
2019-04-04	17432.45
2019-04-05	17421.16
2019-04-06	17421.16
2019-04-07	17421.16
2019-04-08	17445.35
2019-04-09	17433.91
2019-04-10	17445.11
2019-04-11	17454.29
2019-04-12	17440.18
2019-04-13	17440.18
2019-04-14	17440.18
2019-04-15	17396.62
2019-04-16	17407.13
2019-04-17	17390.67
2019-04-18	17391.99
2019-04-19	17391.98
2019-04-20	17391.98
2019-04-21	17391.98
2019-04-22	17391.94
2019-04-23	17434.69
2019-04-24	17532.78
2019-04-25	17532.77
2019-04-26	17545.51
2019-04-27	17545.51
2019-04-28	17545.51
2019-04-29	17541.26
2019-04-30	17544.21
2019-05-01	17547.96
2019-05-02	17547.63
2019-05-03	17550.33
2019-05-04	17550.33
2019-05-05	17550.33
2019-05-06	17593.74
2019-05-07	17555.65
2019-05-08	17589.33
2019-05-09	17611.64
2019-05-10	17604.71
2019-05-11	17604.71
2019-05-12	17604.71
2019-05-13	17610.82
2019-05-14	17628.72
2019-05-15	17632.34
2019-05-16	17673.96
2019-05-17	17680.02
2019-05-18	17680.02
2019-05-19	17680.02
2019-05-20	17651.74
2019-05-21	17683.08
2019-05-22	17687.1
2019-05-23	17724.82
2019-05-24	17775.65
2019-05-25	17775.65
2019-05-26	17775.65
2019-05-27	17756.79
2019-05-28	17763.36
2019-05-29	17801.11
2019-05-30	17769.48
2019-05-31	17820.49
2019-06-01	17820.49
2019-06-02	17820.49
2019-06-03	17799.65
2019-06-04	17796.81
2019-06-05	17816.78
2019-06-06	17834.9
2019-06-07	17834.51
2019-06-08	17834.51
2019-06-09	17834.51
2019-06-10	17834.47
2019-06-11	17859.76
2019-06-12	17877.14
2019-06-13	17903.33
2019-06-14	17927.48
2019-06-15	17927.48
2019-06-16	17927.48
2019-06-17	17918.57
2019-06-18	17933.51
2019-06-19	17960.35
2019-06-20	17999.18
2019-06-21	18021.45
2019-06-22	18021.45
2019-06-23	18021.45
2019-06-24	18016.56
2019-06-25	18026.27
2019-06-26	18026.21
2019-06-27	17977.04
2019-06-28	17995.26
2019-06-29	17995.26
2019-06-30	17995.26
2019-07-01	17972.2
2019-07-02	17983.14
2019-07-03	18025.32
2019-07-04	18014.01
2019-07-05	18028.84
2019-07-06	18028.84
2019-07-07	18028.84
2019-07-08	18005.97
2019-07-09	18009.32
2019-07-10	17986.83
2019-07-11	17999.79
2019-07-12	17930.17
2019-07-13	17930.17
2019-07-14	17930.17
2019-07-15	17911.16
2019-07-16	17945.04
2019-07-17	17959.28
2019-07-18	17987.58
2019-07-19	17987.83
2019-07-20	17987.83
2019-07-21	17987.83
2019-07-22	18009.42
2019-07-23	18020.49
2019-07-24	18043.73
2019-07-25	18092.03
2019-07-26	18097.26
2019-07-27	18097.26
2019-07-28	18097.26
2019-07-29	18116.98
2019-07-30	18127.35
2019-07-31	18141.1
2019-08-01	18121.72
2019-08-02	18218.45
2019-08-03	18218.45
2019-08-04	18218.45
2019-08-05	18293.87
2019-08-06	18271.26
2019-08-07	18331.22
2019-08-08	18318.65
2019-08-09	18341.07
2019-08-10	18341.07
2019-08-11	18341.07
2019-08-12	18349.33
2019-08-13	18365.93
2019-08-14	18363.64
2019-08-15	18404.81
2019-08-16	18420.95
2019-08-17	18420.95
2019-08-18	18420.95
2019-08-19	18398.53
2019-08-20	18367.33
2019-08-21	18367.86
2019-08-22	18378.37
2019-08-23	18336.23
2019-08-24	18336.23
2019-08-25	18336.23
2019-08-26	18396.19
2019-08-27	18380.71
2019-08-28	18399.72
2019-08-29	18410.88
2019-08-30	18412.25
2019-08-31	18412.25
2019-09-01	18412.25
2019-09-02	18387.03
2019-09-03	18364.38
2019-09-04	18367.98
2019-09-05	18338.93
2019-09-06	18249.56
2019-09-07	18249.56
2019-09-08	18249.56
2019-09-09	18281.26
2019-09-10	18251.15
2019-09-11	18202.33
2019-09-12	18190.37
2019-09-13	18189.45
2019-09-14	18189.45
2019-09-15	18189.45
2019-09-16	18165.81
2019-09-17	18211.38
2019-09-18	18214.76
2019-09-19	18275.26
2019-09-20	18318.07
2019-09-21	18318.07
2019-09-22	18318.07
2019-09-23	18339.51
2019-09-24	18365.67
2019-09-25	18384.32
2019-09-26	18376.49
2019-09-27	18380.41
2019-09-28	18380.41
2019-09-29	18380.41
2019-09-30	18336.12
2019-10-01	18372.39
2019-10-02	18392.36
2019-10-03	18422.88
2019-10-04	18448.66
2019-10-05	18448.66
2019-10-06	18448.66
2019-10-07	18484.12
2019-10-08	18452.43
2019-10-09	18460.76
2019-10-10	18452.59
2019-10-11	18355.32
2019-10-12	18355.32
2019-10-13	18355.32
2019-10-14	18324.22
2019-10-15	18343.29
2019-10-16	18319.17
2019-10-17	18269.95
2019-10-18	18263.4
2019-10-19	18263.4
2019-10-20	18263.4
2019-10-21	18236.93
2019-10-22	18221.98
2019-10-23	18271.56
2019-10-24	18293.09
2019-10-25	18317.07
2019-10-26	18317.07
2019-10-27	18317.07
2019-10-28	18295.34
2019-10-29	18218.61
2019-10-30	18244.1
2019-10-31	18243.94
2019-11-01	18276.6
2019-11-02	18276.6
2019-11-03	18276.6
2019-11-04	18223.62
2019-11-05	18203.75
2019-11-06	18144.97
2019-11-07	18180.8
2019-11-08	18134.14
2019-11-09	18134.14
2019-11-10	18134.14
2019-11-11	18127.31
2019-11-12	18138.55
2019-11-13	18151.21
2019-11-14	18226.21
2019-11-15	18245.32
2019-11-16	18245.32
2019-11-17	18245.32
2019-11-18	18248.42
2019-11-19	18277.32
2019-11-20	18321.44
2019-11-21	18327.55
2019-11-22	18311.47
2019-11-23	18311.47
2019-11-24	18311.47
2019-11-25	18315.6
2019-11-26	18326.02
2019-11-27	18387.95
2019-11-28	18413.59
2019-11-29	18392.99
2019-11-30	18392.99
2019-12-01	18392.99
2019-12-02	18341.15
2019-12-03	18252.52
2019-12-04	18342.35
2019-12-05	18334.66
2019-12-06	18305.39
2019-12-07	18305.39
2019-12-08	18305.39
2019-12-09	18287.12
2019-12-10	18318.27
2019-12-11	18287.23
2019-12-12	18293.06
2019-12-13	18200.24
2019-12-14	18200.24
2019-12-15	18200.24
2019-12-16	18262.81
2019-12-17	18279.14
2019-12-18	18243.05
2019-12-19	18180.45
2019-12-20	18154.2
2019-12-21	18154.2
2019-12-22	18154.2
2019-12-23	18144.0
2019-12-24	18132.71
2019-12-25	18132.7
2019-12-26	18132.69
2019-12-27	18134.86
2019-12-28	18134.86
2019-12-29	18134.86
2019-12-30	18139.8
2019-12-31	18095.02
2020-01-01	18095.01
2020-01-02	18108.21
2020-01-03	18182.3
2020-01-04	18182.3
2020-01-05	18182.3
2020-01-06	18238.01
2020-01-07	18234.12
2020-01-08	18256.55
2020-01-09	18220.24
2020-01-10	18207.45
2020-01-11	18207.45
2020-01-12	18207.45
2020-01-13	18238.52
2020-01-14	18210.65
2020-01-15	18238.34
2020-01-16	18267.82
2020-01-17	18279.95
2020-01-18	18279.95
2020-01-19	18279.95
2020-01-20	18290.56
2020-01-21	18304.88
2020-01-22	18343.0
2020-01-23	18349.22
2020-01-24	18365.61
2020-01-25	18365.61
2020-01-26	18365.61
2020-01-27	18365.57
2020-01-28	18479.78
2020-01-29	18445.81
2020-01-30	18478.07
2020-01-31	18497.62
2020-02-01	18497.62
2020-02-02	18497.62
2020-02-03	18529.25
2020-02-04	18523.3
2020-02-05	18430.51
2020-02-06	18369.47
2020-02-07	18408.53
2020-02-08	18408.53
2020-02-09	18408.53
2020-02-10	18447.06
2020-02-11	18438.93
2020-02-12	18403.16
2020-02-13	18411.14
2020-02-14	18414.49
2020-02-15	18414.49
2020-02-16	18414.49
2020-02-17	18412.18
2020-02-18	18436.61
2020-02-19	18440.43
2020-02-20	18470.51
2020-02-21	18527.27
2020-02-22	18527.27
2020-02-23	18527.27
2020-02-24	18552.82
2020-02-25	18545.2
2020-02-26	18556.82
2020-02-27	18606.98
2020-02-28	18644.21
2020-02-29	18644.21
2020-03-01	18644.21
2020-03-02	18661.41
2020-03-03	18662.98
2020-03-04	18719.07
2020-03-05	18680.06
2020-03-06	18751.93
2020-03-07	18751.93
2020-03-08	18751.93
2020-03-09	18783.16
2020-03-10	18642.55
2020-03-11	18698.52
2020-03-12	18610.47
2020-03-13	18407.71
2020-03-14	18407.71
2020-03-15	18407.71
2020-03-16	18423.13
2020-03-17	18358.57
2020-03-18	18232.35
2020-03-19	18083.96
2020-03-20	18276.81
2020-03-21	18276.81
2020-03-22	18276.81
2020-03-23	18455.66
2020-03-24	18498.72
2020-03-25	18442.35
2020-03-26	18471.19
2020-03-27	18478.92
2020-03-28	18478.92
2020-03-29	18478.92
2020-03-30	18562.78
2020-03-31	18613.99
2020-04-01	18688.24
2020-04-02	18632.97
2020-04-03	18630.64
2020-04-04	18630.64
2020-04-05	18630.64
2020-04-06	18606.49
2020-04-07	18510.76
2020-04-08	18484.9
2020-04-09	18490.98
2020-04-10	18490.96
2020-04-11	18490.96
2020-04-12	18490.96
2020-04-13	18490.93
2020-04-14	18483.27
2020-04-15	18487.21
2020-04-16	18528.33
2020-04-17	18530.46
2020-04-18	18530.46
2020-04-19	18530.46
2020-04-20	18562.41
2020-04-21	18550.56
2020-04-22	18568.94
2020-04-23	18554.01
2020-04-24	18563.23
2020-04-25	18563.23
2020-04-26	18563.23
2020-04-27	18562.87
2020-04-28	18517.91
2020-04-29	18553.74
2020-04-30	18591.78
2020-05-01	18613.99
2020-05-02	18613.99
2020-05-03	18613.99
2020-05-04	18637.8
2020-05-05	18630.01
2020-05-06	18600.16
2020-05-07	18592.98
2020-05-08	18621.76
2020-05-09	18621.76
2020-05-10	18621.76
2020-05-11	18591.5
2020-05-12	18588.08
2020-05-13	18585.29
2020-05-14	18609.16
2020-05-15	18615.76
2020-05-16	18615.76
2020-05-17	18615.76
2020-05-18	18623.79
2020-05-19	18576.73
2020-05-20	18582.99
2020-05-21	18609.43
2020-05-22	18642.71
2020-05-23	18642.71
2020-05-24	18642.71
2020-05-25	18657.2
2020-05-26	18641.29
2020-05-27	18640.83
2020-05-28	18641.92
2020-05-29	18646.59
2020-05-30	18646.59
2020-05-31	18646.59
2020-06-01	18635.27
2020-06-02	18625.45
2020-06-03	18587.3
2020-06-04	18545.65
2020-06-05	18501.18
2020-06-06	18501.18
2020-06-07	18501.18
2020-06-08	18501.14
2020-06-09	18528.76
2020-06-10	18555.48
2020-06-11	18624.15
2020-06-12	18649.76
2020-06-13	18649.76
2020-06-14	18649.76
2020-06-15	18687.37
2020-06-16	18658.82
2020-06-17	18651.27
2020-06-18	18673.85
2020-06-19	18690.17
2020-06-20	18690.17
2020-06-21	18690.17
2020-06-22	18693.64
2020-06-23	18666.42
2020-06-24	18649.72
2020-06-25	18670.52
2020-06-26	18690.98
2020-06-27	18690.98
2020-06-28	18690.98
2020-06-29	18682.41
2020-06-30	18685.98
2020-07-01	18645.79
2020-07-02	18644.16
2020-07-03	18658.76
2020-07-04	18658.76
2020-07-05	18658.76
2020-07-06	18649.18
2020-07-07	18672.67
2020-07-08	18689.37
2020-07-09	18669.43
2020-07-10	18679.66
2020-07-11	18679.66
2020-07-12	18679.66
2020-07-13	18651.94
2020-07-14	18635.89
2020-07-15	18661.97
2020-07-16	18663.16
2020-07-17	18673.89
2020-07-18	18673.89
2020-07-19	18673.89
2020-07-20	18668.12
2020-07-21	18678.96
2020-07-22	18668.74
2020-07-23	18683.94
2020-07-24	18691.55
2020-07-25	18691.55
2020-07-26	18691.55
2020-07-27	18684.84
2020-07-28	18656.54
2020-07-29	18685.44
2020-07-30	18704.88
2020-07-31	18748.14
2020-08-01	18748.14
2020-08-02	18748.14
2020-08-03	18742.88
2020-08-04	18736.57
2020-08-05	18756.15
2020-08-06	18731.01
2020-08-07	18755.25
2020-08-08	18755.25
2020-08-09	18755.25
2020-08-10	18745.34
2020-08-11	18736.18
2020-08-12	18697.51
2020-08-13	18709.56
2020-08-14	18693.66
2020-08-15	18693.66
2020-08-16	18693.66
2020-08-17	18715.3
2020-08-18	18743.01
2020-08-19	18751.05
2020-08-20	18764.16
2020-08-21	18758.03
2020-08-22	18758.03
2020-08-23	18758.03
2020-08-24	18773.69
2020-08-25	18755.44
2020-08-26	18704.26
2020-08-27	18720.59
2020-08-28	18658.91
2020-08-29	18658.91
2020-08-30	18658.91
2020-08-31	18661.74
2020-09-01	18676.37
2020-09-02	18705.83
2020-09-03	18727.43
2020-09-04	18750.91
2020-09-05	18750.91
2020-09-06	18750.91
2020-09-07	18695.96
2020-09-08	18677.92
2020-09-09	18730.78
2020-09-10	18714.21
2020-09-11	18724.83
2020-09-12	18724.83
2020-09-13	18724.83
2020-09-14	18765.25
2020-09-15	18774.25
2020-09-16	18768.86
2020-09-17	18787.01
2020-09-18	18756.59
2020-09-19	18756.59
2020-09-20	18756.59
2020-09-21	18782.3
2020-09-22	18807.29
2020-09-23	18833.66
2020-09-24	18839.84
2020-09-25	18846.15
2020-09-26	18846.15
2020-09-27	18846.15
2020-09-28	18873.09
2020-09-29	18872.21
2020-09-30	18868.77
2020-10-01	18822.76
2020-10-02	18849.07
2020-10-03	18849.07
2020-10-04	18849.07
2020-10-05	18848.63
2020-10-06	18822.97
2020-10-07	18863.31
2020-10-08	18850.49
2020-10-09	18861.08
2020-10-10	18861.08
2020-10-11	18861.08
2020-10-12	18868.78
2020-10-13	18870.89
2020-10-14	18876.87
2020-10-15	18929.66
2020-10-16	18975.22
2020-10-17	18975.22
2020-10-18	18975.22
2020-10-19	18962.5
2020-10-20	18959.03
2020-10-21	18931.87
2020-10-22	18921.04
2020-10-23	18893.69
2020-10-24	18893.69
2020-10-25	18893.69
2020-10-26	18933.91
2020-10-27	18937.8
2020-10-28	18948.02
2020-10-29	18924.11
2020-10-30	18916.6
2020-10-31	18916.6
2020-11-01	18916.6
2020-11-02	18919.75
2020-11-03	18970.76
2020-11-04	18957.32
2020-11-05	19001.73
2020-11-06	19014.14
2020-11-07	19014.14
2020-11-08	19014.14
2020-11-09	19009.23
2020-11-10	18891.33
2020-11-11	18813.48
2020-11-12	18862.62
2020-11-13	18899.37
2020-11-14	18899.37
2020-11-15	18899.37
2020-11-16	18896.58
2020-11-17	18843.55
2020-11-18	18878.13
2020-11-19	18883.66
2020-11-20	18904.88
2020-11-21	18904.88
2020-11-22	18904.88
2020-11-23	18922.54
2020-11-24	18891.12
2020-11-25	18852.88
2020-11-26	18859.05
2020-11-27	18870.08
2020-11-28	18870.08
2020-11-29	18870.08
2020-11-30	18875.31
2020-12-01	18861.02
2020-12-02	18815.69
2020-12-03	18779.61
2020-12-04	18792.11
2020-12-05	18792.11
2020-12-06	18792.11
2020-12-07	18764.16
2020-12-08	18769.09
2020-12-09	18771.73
2020-12-10	18801.18
2020-12-11	18809.32
2020-12-12	18809.32
2020-12-13	18809.32
2020-12-14	18827.71
2020-12-15	18828.22
2020-12-16	18825.41
2020-12-17	18808.03
2020-12-18	18806.8
2020-12-19	18806.8
2020-12-20	18806.8
2020-12-21	18828.9
2020-12-22	18840.53
2020-12-23	18855.03
2020-12-24	18807.67
2020-12-25	18807.65
2020-12-26	18807.65
2020-12-27	18807.65
2020-12-28	18807.61
2020-12-29	18832.94
2020-12-30	18819.18
2020-12-31	18825.51
2021-01-01	18825.5
2021-01-02	18825.5
2021-01-03	18825.5
2021-01-04	18823.95
2021-01-05	18843.05
2021-01-06	18785.56
2021-01-07	18751.21
2021-01-08	18712.26
2021-01-09	18712.26
2021-01-10	18712.26
2021-01-11	18717.76
2021-01-12	18694.33
2021-01-13	18715.14
2021-01-14	18723.31
2021-01-15	18740.33
2021-01-16	18740.33
2021-01-17	18740.33
2021-01-18	18765.19
2021-01-19	18750.37
2021-01-20	18755.76
2021-01-21	18771.31
2021-01-22	18728.0
2021-01-23	18728.0
2021-01-24	18728.0
2021-01-25	18730.11
2021-01-26	18730.1
2021-01-27	18742.78
2021-01-28	18775.26
2021-01-29	18738.34
2021-01-30	18738.34
2021-01-31	18738.34
2021-02-01	18714.53
2021-02-02	18714.83
2021-02-03	18705.48
2021-02-04	18660.24
2021-02-05	18679.96
2021-02-06	18679.96
2021-02-07	18679.96
2021-02-08	18638.56
2021-02-09	18655.86
2021-02-10	18667.51
2021-02-11	18690.29
2021-02-12	18673.0
2021-02-13	18673.0
2021-02-14	18673.0
2021-02-15	18596.53
2021-02-16	18580.92
2021-02-17	18523.19
2021-02-18	18544.81
2021-02-19	18505.72
2021-02-20	18505.72
2021-02-21	18505.72
2021-02-22	18372.34
2021-02-23	18382.09
2021-02-24	18344.45
2021-02-25	18240.78
2021-02-26	18086.92
2021-02-27	18086.92
2021-02-28	18086.92
2021-03-01	18257.93
2021-03-02	18246.88
2021-03-03	18270.66
2021-03-04	18189.65
2021-03-05	18140.88
2021-03-06	18140.88
2021-03-07	18140.88
2021-03-08	18191.88
2021-03-09	18179.96
2021-03-10	18240.49
2021-03-11	18292.29
2021-03-12	18262.29
2021-03-13	18262.29
2021-03-14	18262.29
2021-03-15	18205.22
2021-03-16	18276.32
2021-03-17	18270.44
2021-03-18	18214.21
2021-03-19	18190.15
2021-03-20	18190.15
2021-03-21	18190.15
2021-03-22	18230.3
2021-03-23	18261.73
2021-03-24	18323.75
2021-03-25	18307.71
2021-03-26	18323.79
2021-03-27	18323.79
2021-03-28	18323.79
2021-03-29	18298.72
2021-03-30	18231.48
2021-03-31	18221.59
2021-04-01	18232.03
2021-04-02	18232.02
2021-04-03	18232.02
2021-04-04	18232.02
2021-04-05	18231.98
2021-04-06	18284.89
2021-04-07	18310.66
2021-04-08	18313.87
2021-04-09	18304.53
2021-04-10	18304.53
2021-04-11	18304.53
2021-04-12	18296.43
2021-04-13	18261.56
2021-04-14	18302.87
2021-04-15	18290.04
2021-04-16	18314.01
2021-04-17	18314.01
2021-04-18	18314.01
2021-04-19	18331.29
2021-04-20	18284.72
2021-04-21	18318.71
2021-04-22	18340.58
2021-04-23	18317.5
2021-04-24	18317.5
2021-04-25	18317.5
2021-04-26	18302.6
2021-04-27	18309.75
2021-04-28	18321.86
2021-04-29	18332.85
2021-04-30	18315.9
2021-05-01	18315.9
2021-05-02	18315.9
2021-05-03	18312.92
2021-05-04	18302.69
2021-05-05	18319.13
2021-05-06	18349.81
2021-05-07	18371.84
2021-05-08	18371.84
2021-05-09	18371.84
2021-05-10	18356.71
2021-05-11	18349.06
2021-05-12	18313.71
2021-05-13	18282.85
2021-05-14	18292.92
2021-05-15	18292.92
2021-05-16	18292.92
2021-05-17	18329.29
2021-05-18	18307.09
2021-05-19	18311.17
2021-05-20	18315.03
2021-05-21	18345.02
2021-05-22	18345.02
2021-05-23	18345.02
2021-05-24	18376.77
2021-05-25	18391.33
2021-05-26	18400.73
2021-05-27	18426.44
2021-05-28	18380.49
2021-05-29	18380.49
2021-05-30	18380.49
2021-05-31	18361.44
2021-06-01	18369.88
2021-06-02	18372.64
2021-06-03	18383.42
2021-06-04	18366.08
2021-06-05	18366.08
2021-06-06	18366.08
2021-06-07	18407.54
2021-06-08	18430.75
2021-06-09	18465.23
2021-06-10	18530.18
2021-06-11	18536.38
2021-06-12	18536.38
2021-06-13	18536.38
2021-06-14	18536.35
2021-06-15	18533.65
2021-06-16	18495.26
2021-06-17	18409.1
2021-06-18	18424.87
2021-06-19	18424.87
2021-06-20	18424.87
2021-06-21	18477.79
2021-06-22	18426.23
2021-06-23	18439.77
2021-06-24	18440.15
2021-06-25	18438.15
2021-06-26	18438.15
2021-06-27	18438.15
2021-06-28	18430.01
2021-06-29	18464.71
2021-06-30	18474.27
2021-07-01	18478.08
2021-07-02	18512.5
2021-07-03	18512.5
2021-07-04	18512.5
2021-07-05	18551.86
2021-07-06	18505.23
2021-07-07	18568.62
2021-07-08	18631.68
2021-07-09	18606.35
2021-07-10	18606.35
2021-07-11	18606.35
2021-07-12	18649.63
2021-07-13	18646.75
2021-07-14	18633.1
2021-07-15	18675.41
2021-07-16	18682.81
2021-07-17	18682.81
2021-07-18	18682.81
2021-07-19	18717.46
2021-07-20	18769.44
2021-07-21	18782.49
2021-07-22	18748.59
2021-07-23	18739.67
2021-07-24	18739.67
2021-07-25	18739.67
2021-07-26	18754.38
2021-07-27	18739.9
2021-07-28	18786.66
2021-07-29	18791.08
2021-07-30	18774.36
2021-07-31	18774.36
2021-08-01	18774.36
2021-08-02	18775.81
2021-08-03	18784.91
2021-08-04	18791.9
2021-08-05	18781.82
2021-08-06	18755.21
2021-08-07	18755.21
2021-08-08	18755.21
2021-08-09	18742.98
2021-08-10	18742.31
2021-08-11	18727.96
2021-08-12	18750.8
2021-08-13	18728.87
2021-08-14	18728.87
2021-08-15	18728.87
2021-08-16	18771.92
2021-08-17	18791.95
2021-08-18	18799.34
2021-08-19	18847.14
2021-08-20	18857.8
2021-08-21	18857.8
2021-08-22	18857.8
2021-08-23	18847.27
2021-08-24	18797.14
2021-08-25	18782.93
2021-08-26	18755.92
2021-08-27	18751.17
2021-08-28	18751.17
2021-08-29	18751.17
2021-08-30	18780.24
2021-08-31	18783.5
2021-09-01	18710.62
2021-09-02	18729.08
2021-09-03	18718.7
2021-09-04	18718.7
2021-09-05	18718.7
2021-09-06	18692.1
2021-09-07	18687.41
2021-09-08	18659.41
2021-09-09	18674.17
2021-09-10	18717.85
2021-09-11	18717.85
2021-09-12	18717.85
2021-09-13	18692.52
2021-09-14	18714.69
2021-09-15	18753.98
2021-09-16	18716.12
2021-09-17	18682.78
2021-09-18	18682.78
2021-09-19	18682.78
2021-09-20	18683.45
2021-09-21	18712.2
2021-09-22	18721.81
2021-09-23	18713.91
2021-09-24	18602.45
2021-09-25	18602.45
2021-09-26	18602.45
2021-09-27	18604.72
2021-09-28	18540.77
2021-09-29	18533.92
2021-09-30	18526.24
2021-10-01	18522.54
2021-10-02	18522.54
2021-10-03	18522.54
2021-10-04	18523.61
2021-10-05	18510.2
2021-10-06	18445.85
2021-10-07	18453.31
2021-10-08	18406.28
2021-10-09	18406.28
2021-10-10	18406.28
2021-10-11	18344.23
2021-10-12	18328.04
2021-10-13	18354.29
2021-10-14	18394.91
2021-10-15	18374.98
2021-10-16	18374.98
2021-10-17	18374.98
2021-10-18	18270.97
2021-10-19	18273.25
2021-10-20	18225.44
2021-10-21	18230.46
2021-10-22	18223.13
2021-10-23	18223.13
2021-10-24	18223.13
2021-10-25	18238.97
2021-10-26	18220.23
2021-10-27	18172.81
2021-10-28	18108.48
2021-10-29	17941.7
2021-10-30	17941.7
2021-10-31	17941.7
2021-11-01	18081.15
2021-11-02	18102.31
2021-11-03	18151.25
2021-11-04	18151.84
2021-11-05	18171.62
2021-11-06	18171.62
2021-11-07	18171.62
2021-11-08	18226.15
2021-11-09	18205.74
2021-11-10	18228.55
2021-11-11	18145.93
2021-11-12	18147.51
2021-11-13	18147.51
2021-11-14	18147.51
2021-11-15	18188.45
2021-11-16	18134.32
2021-11-17	18125.71
2021-11-18	18166.78
2021-11-19	18157.88
2021-11-20	18157.88
2021-11-21	18157.88
2021-11-22	18170.92
2021-11-23	18110.0
2021-11-24	18126.56
2021-11-25	18111.25
2021-11-26	18221.4
2021-11-27	18221.4
2021-11-28	18221.4
2021-11-29	18236.37
2021-11-30	18281.19
2021-12-01	18250.54
2021-12-02	18272.16
2021-12-03	18328.29
2021-12-04	18328.29
2021-12-05	18328.29
2021-12-06	18358.38
2021-12-07	18301.04
2021-12-08	18303.63
2021-12-09	18270.42
2021-12-10	18295.77
2021-12-11	18295.77
2021-12-12	18295.77
2021-12-13	18327.6
2021-12-14	18381.09
2021-12-15	18365.9
2021-12-16	18347.89
2021-12-17	18337.32
2021-12-18	18337.32
2021-12-19	18337.32
2021-12-20	18375.89
2021-12-21	18339.2
2021-12-22	18362.56
2021-12-23	18359.56
2021-12-24	18370.48
2021-12-25	18370.48
2021-12-26	18370.48
2021-12-27	18370.45
2021-12-28	18370.43
2021-12-29	18414.03
2021-12-30	18339.77
2021-12-31	18302.55
2022-01-01	18302.55
2022-01-02	18302.55
2022-01-03	18302.51
2022-01-04	18265.83
2022-01-05	18222.11
2022-01-06	18157.0
2022-01-07	18171.92
2022-01-08	18171.92
2022-01-09	18171.92
2022-01-10	18130.47
2022-01-11	18144.1
2022-01-12	18182.01
2022-01-13	18174.13
2022-01-14	18171.97
2022-01-15	18171.97
2022-01-16	18171.97
2022-01-17	18120.54
2022-01-18	18088.12
2022-01-19	18048.63
2022-01-20	18039.43
2022-01-21	18107.57
2022-01-22	18107.57
2022-01-23	18107.57
2022-01-24	18088.98
2022-01-25	18067.68
2022-01-26	18067.67
2022-01-27	18002.66
2022-01-28	18065.41
2022-01-29	18065.41
2022-01-30	18065.41
2022-01-31	18128.12
2022-02-01	18127.54
2022-02-02	18126.12
2022-02-03	18158.95
2022-02-04	18085.93
2022-02-05	18085.93
2022-02-06	18085.93
2022-02-07	18035.78
2022-02-08	17932.58
2022-02-09	17938.78
2022-02-10	17941.38
2022-02-11	17842.73
2022-02-12	17842.73
2022-02-13	17842.73
2022-02-14	17897.48
2022-02-15	17857.08
2022-02-16	17825.83
2022-02-17	17847.66
2022-02-18	17822.57
2022-02-19	17822.57
2022-02-20	17822.57
2022-02-21	17844.01
2022-02-22	17857.91
2022-02-23	17807.89
2022-02-24	17894.43
2022-02-25	17850.24
2022-02-26	17850.24
2022-02-27	17850.24
2022-02-28	17933.55
2022-03-01	17909.61
2022-03-02	17996.81
2022-03-03	17929.28
2022-03-04	17922.04
2022-03-05	17922.04
2022-03-06	17922.04
2022-03-07	17929.77
2022-03-08	17848.53
2022-03-09	17773.45
2022-03-10	17736.58
2022-03-11	17705.88
2022-03-12	17705.88
2022-03-13	17705.88
2022-03-14	17672.55
2022-03-15	17634.64
2022-03-16	17653.01
2022-03-17	17640.86
2022-03-18	17588.76
2022-03-19	17588.76
2022-03-20	17588.76
2022-03-21	17580.5
2022-03-22	17458.56
2022-03-23	17407.47
2022-03-24	17407.92
2022-03-25	17401.45
2022-03-26	17401.45
2022-03-27	17401.45
2022-03-28	17291.97
2022-03-29	17269.81
2022-03-30	17357.19
2022-03-31	17341.62
2022-04-01	17337.08
2022-04-02	17337.08
2022-04-03	17337.08
2022-04-04	17337.85
2022-04-05	17300.94
2022-04-06	17242.6
2022-04-07	17263.43
2022-04-08	17233.88
2022-04-09	17233.88
2022-04-10	17233.88
2022-04-11	17215.49
2022-04-12	17167.0
2022-04-13	17178.05
2022-04-14	17262.85
2022-04-15	17262.84
2022-04-16	17262.84
2022-04-17	17262.84
2022-04-18	17262.8
2022-04-19	17198.42
2022-04-20	17149.78
2022-04-21	17147.91
2022-04-22	17094.63
2022-04-23	17094.63
2022-04-24	17094.63
2022-04-25	17094.6
2022-04-26	17122.15
2022-04-27	17144.7
2022-04-28	17137.6
2022-04-29	17115.38
2022-04-30	17115.38
2022-05-01	17115.38
2022-05-02	17018.66
2022-05-03	16892.54
2022-05-04	16779.53
2022-05-05	16896.43
2022-05-06	16846.83
2022-05-07	16846.83
2022-05-08	16846.83
2022-05-09	16792.66
2022-05-10	16796.06
2022-05-11	16840.24
2022-05-12	16895.34
2022-05-13	16930.15
2022-05-14	16930.15
2022-05-15	16930.15
2022-05-16	16939.98
2022-05-17	16917.3
2022-05-18	16883.2
2022-05-19	16935.31
2022-05-20	16987.05
2022-05-21	16987.05
2022-05-22	16987.05
2022-05-23	16985.41
2022-05-24	16989.06
2022-05-25	17053.73
2022-05-26	17082.53
2022-05-27	17049.68
2022-05-28	17049.68
2022-05-29	17049.68
2022-05-30	17047.26
2022-05-31	16972.11
2022-06-01	16919.7
2022-06-02	16850.54
2022-06-03	16860.94
2022-06-04	16860.94
2022-06-05	16860.94
2022-06-06	16859.38
2022-06-07	16774.57
2022-06-08	16794.12
2022-06-09	16768.13
2022-06-10	16727.16
2022-06-11	16727.16
2022-06-12	16727.16
2022-06-13	16727.13
2022-06-14	16511.55
2022-06-15	16333.18
2022-06-16	16450.85
2022-06-17	16361.86
2022-06-18	16361.86
2022-06-19	16361.86
2022-06-20	16395.74
2022-06-21	16418.05
2022-06-22	16482.06
2022-06-23	16576.43
2022-06-24	16676.71
2022-06-25	16676.71
2022-06-26	16676.71
2022-06-27	16638.37
2022-06-28	16656.96
2022-06-29	16699.41
2022-06-30	16740.95
2022-07-01	16815.4
2022-07-02	16815.4
2022-07-03	16815.4
2022-07-04	16845.84
2022-07-05	16857.23
2022-07-06	16949.88
2022-07-07	16911.46
2022-07-08	16889.03
2022-07-09	16889.03
2022-07-10	16889.03
2022-07-11	16866.33
2022-07-12	16937.58
2022-07-13	16960.06
2022-07-14	16933.38
2022-07-15	16943.26
2022-07-16	16943.26
2022-07-17	16943.26
2022-07-18	16919.0
2022-07-19	16855.88
2022-07-20	16827.58
2022-07-21	16812.41
2022-07-22	16901.29
2022-07-23	16901.29
2022-07-24	16901.29
2022-07-25	16976.09
2022-07-26	16991.39
2022-07-27	17075.74
2022-07-28	17120.19
2022-07-29	17247.15
2022-07-30	17247.15
2022-07-31	17247.15
2022-08-01	17216.56
2022-08-02	17306.03
2022-08-03	17232.02
2022-08-04	17176.72
2022-08-05	17214.03
2022-08-06	17214.03
2022-08-07	17214.03
2022-08-08	17122.53
2022-08-09	17135.48
2022-08-10	17090.99
2022-08-11	17056.19
2022-08-12	16954.46
2022-08-13	16954.46
2022-08-14	16954.46
2022-08-15	16992.88
2022-08-16	17103.51
2022-08-17	17075.85
2022-08-18	17034.14
2022-08-19	16978.95
2022-08-20	16978.95
2022-08-21	16978.95
2022-08-22	16891.64
2022-08-23	16836.67
2022-08-24	16815.87
2022-08-25	16783.19
2022-08-26	16847.19
2022-08-27	16847.19
2022-08-28	16847.19
2022-08-29	16780.38
2022-08-30	16833.7
2022-08-31	16852.23
2022-09-01	16789.57
2022-09-02	16813.01
2022-09-03	16813.01
2022-09-04	16813.01
2022-09-05	16816.41
2022-09-06	16820.19
2022-09-07	16789.26
2022-09-08	16896.68
2022-09-09	16903.27
2022-09-10	16903.27
2022-09-11	16903.27
2022-09-12	16855.34
2022-09-13	16893.14
2022-09-14	16847.51
2022-09-15	16803.87
2022-09-16	16768.57
2022-09-17	16768.57
2022-09-18	16768.57
2022-09-19	16802.28
2022-09-20	16840.62
2022-09-21	16830.77
2022-09-22	16830.76
2022-09-23	16646.82
2022-09-24	16646.82
2022-09-25	16646.82
2022-09-26	16569.88
2022-09-27	16555.8
2022-09-28	16510.74
2022-09-29	16600.23
2022-09-30	16641.92
2022-10-01	16641.92
2022-10-02	16641.92
2022-10-03	16638.82
2022-10-04	16800.07
2022-10-05	16870.41
2022-10-06	16781.35
2022-10-07	16722.61
2022-10-08	16722.61
2022-10-09	16722.61
2022-10-10	16708.79
2022-10-11	16598.86
2022-10-12	16649.55
2022-10-13	16627.73
2022-10-14	16601.98
2022-10-15	16601.98
2022-10-16	16601.98
2022-10-17	16595.71
2022-10-18	16658.26
2022-10-19	16639.9
2022-10-20	16557.0
2022-10-21	16450.18
2022-10-22	16450.18
2022-10-23	16450.18
2022-10-24	16485.93
2022-10-25	16542.46
2022-10-26	16650.14
2022-10-27	16726.9
2022-10-28	16799.19
2022-10-29	16799.19
2022-10-30	16799.19
2022-10-31	16788.17
2022-11-01	16783.64
2022-11-02	16728.35
2022-11-03	16661.9
2022-11-04	16725.73
2022-11-05	16725.73
2022-11-06	16725.73
2022-11-07	16703.15
2022-11-08	16605.92
2022-11-09	16709.32
2022-11-10	16822.64
2022-11-11	16882.58
2022-11-12	16882.58
2022-11-13	16882.58
2022-11-14	16808.62
2022-11-15	16812.9
2022-11-16	16846.11
2022-11-17	16926.03
2022-11-18	16943.11
2022-11-19	16943.11
2022-11-20	16943.11
2022-11-21	16966.86
2022-11-22	16950.54
2022-11-23	16958.95
2022-11-24	16992.49
2022-11-25	16972.31
2022-11-26	16972.31
2022-11-27	16972.31
2022-11-28	17021.31
2022-11-29	16972.96
2022-11-30	17027.45
2022-12-01	17073.9
2022-12-02	17141.88
2022-12-03	17141.88
2022-12-04	17141.88
2022-12-05	17175.84
2022-12-06	17144.26
2022-12-07	17164.28
2022-12-08	17160.04
2022-12-09	17211.28
2022-12-10	17211.28
2022-12-11	17211.28
2022-12-12	17155.29
2022-12-13	17129.89
2022-12-14	17155.59
2022-12-15	17090.36
2022-12-16	17084.72
2022-12-17	17084.72
2022-12-18	17084.72
2022-12-19	17031.7
2022-12-20	16903.45
2022-12-21	16914.29
2022-12-22	16866.25
2022-12-23	16837.19
2022-12-24	16837.19
2022-12-25	16837.19
2022-12-26	16837.15
2022-12-27	16837.14
2022-12-28	16699.18
2022-12-29	16710.67
2022-12-30	16686.53
2022-12-31	16686.53
2023-01-01	16686.53
2023-01-02	16686.49
2023-01-03	16723.23
2023-01-04	16788.49
2023-01-05	16826.56
2023-01-06	16833.29
2023-01-07	16833.29
2023-01-08	16833.29
2023-01-09	16913.87
2023-01-10	16927.95
2023-01-11	16930.83
2023-01-12	17028.9
2023-01-13	17039.61
2023-01-14	17039.61
2023-01-15	17039.61
2023-01-16	17043.6
2023-01-17	17045.57
2023-01-18	17086.02
2023-01-19	17257.2
2023-01-20	17223.71
2023-01-21	17223.71
2023-01-22	17223.71
2023-01-23	17183.16
2023-01-24	17174.02
2023-01-25	17124.13
2023-01-26	17124.12
2023-01-27	17085.23
2023-01-28	17085.23
2023-01-29	17085.23
2023-01-30	17102.91
2023-01-31	17105.58
2023-02-01	17087.58
2023-02-02	17120.79
2023-02-03	17243.1
2023-02-04	17243.1
2023-02-05	17243.1
2023-02-06	17196.7
2023-02-07	17088.52
2023-02-08	17070.04
2023-02-09	17026.26
2023-02-10	16986.8
2023-02-11	16986.8
2023-02-12	16986.8
2023-02-13	16951.63
2023-02-14	16967.46
2023-02-15	16973.76
2023-02-16	16974.11
2023-02-17	16927.54
2023-02-18	16927.54
2023-02-19	16927.54
2023-02-20	16922.51
2023-02-21	16917.35
2023-02-22	16888.37
2023-02-23	16875.76
2023-02-24	16909.84
2023-02-25	16909.84
2023-02-26	16909.84
2023-02-27	16879.83
2023-02-28	16898.13
2023-03-01	16954.25
2023-03-02	16913.84
2023-03-03	16883.37
2023-03-04	16883.37
2023-03-05	16883.37
2023-03-06	16976.75
2023-03-07	17060.48
2023-03-08	17017.0
2023-03-09	17034.76
2023-03-10	17120.54
2023-03-11	17120.54
2023-03-12	17120.54
2023-03-13	17169.34
2023-03-14	17227.85
2023-03-15	17240.52
2023-03-16	17349.57
2023-03-17	17287.86
2023-03-18	17287.86
2023-03-19	17287.86
2023-03-20	17408.53
2023-03-21	17450.21
2023-03-22	17333.36
2023-03-23	17375.6
2023-03-24	17435.88
2023-03-25	17435.88
2023-03-26	17435.88
2023-03-27	17469.38
2023-03-28	17395.6
2023-03-29	17403.0
2023-03-30	17358.24
2023-03-31	17398.88
2023-04-01	17398.88
2023-04-02	17398.88
2023-04-03	17393.68
2023-04-04	17449.15
2023-04-05	17455.51
2023-04-06	17519.23
2023-04-07	17519.22
2023-04-08	17519.22
2023-04-09	17519.22
2023-04-10	17519.18
2023-04-11	17500.94
2023-04-12	17481.11
2023-04-13	17458.13
2023-04-14	17429.15
2023-04-15	17429.15
2023-04-16	17429.15
2023-04-17	17393.33
2023-04-18	17310.11
2023-04-19	17263.04
2023-04-20	17270.64
2023-04-21	17298.37
2023-04-22	17298.37
2023-04-23	17298.37
2023-04-24	17312.1
2023-04-25	17312.09
2023-04-26	17434.0
2023-04-27	17397.06
2023-04-28	17419.54
2023-04-29	17419.54
2023-04-30	17419.54
2023-05-01	17412.05
2023-05-02	17321.04
2023-05-03	17351.61
2023-05-04	17445.92
2023-05-05	17450.01
2023-05-06	17450.01
2023-05-07	17450.01
2023-05-08	17390.41
2023-05-09	17347.7
2023-05-10	17338.84
2023-05-11	17391.23
2023-05-12	17438.22
2023-05-13	17438.22
2023-05-14	17438.22
2023-05-15	17369.45
2023-05-16	17377.42
2023-05-17	17362.43
2023-05-18	17311.48
2023-05-19	17233.44
2023-05-20	17233.44
2023-05-21	17233.44
2023-05-22	17235.88
2023-05-23	17185.98
2023-05-24	17194.99
2023-05-25	17152.72
2023-05-26	17129.89
2023-05-27	17129.89
2023-05-28	17129.89
2023-05-29	17152.45
2023-05-30	17166.68
2023-05-31	17215.1
2023-06-01	17216.01
2023-06-02	17189.62
2023-06-03	17189.62
2023-06-04	17189.62
2023-06-05	17087.56
2023-06-06	17060.7
2023-06-07	17040.44
2023-06-08	16912.43
2023-06-09	16942.25
2023-06-10	16942.25
2023-06-11	16942.25
2023-06-12	16942.21
2023-06-13	16953.92
2023-06-14	16920.62
2023-06-15	16888.25
2023-06-16	16867.85
2023-06-17	16867.85
2023-06-18	16867.85
2023-06-19	16906.67
2023-06-20	16891.37
2023-06-21	16921.34
2023-06-22	16930.07
2023-06-23	16913.29
2023-06-24	16913.29
2023-06-25	16913.29
2023-06-26	16950.79
2023-06-27	16973.65
2023-06-28	17025.26
2023-06-29	17001.88
2023-06-30	16912.89
2023-07-01	16912.89
2023-07-02	16912.89
2023-07-03	16955.51
2023-07-04	16934.79
2023-07-05	16933.6
2023-07-06	16842.65
2023-07-07	16731.86
2023-07-08	16731.86
2023-07-09	16731.86
2023-07-10	16714.66
2023-07-11	16788.55
2023-07-12	16842.65
2023-07-13	16909.43
2023-07-14	16957.76
2023-07-15	16957.76
2023-07-16	16957.76
2023-07-17	16969.88
2023-07-18	16983.23
2023-07-19	17062.2
2023-07-20	17004.26
2023-07-21	16975.48
2023-07-22	16975.48
2023-07-23	16975.48
2023-07-24	16989.31
2023-07-25	16967.34
2023-07-26	16992.42
2023-07-27	17058.99
2023-07-28	16979.47
2023-07-29	16979.47
2023-07-30	16979.47
2023-07-31	16982.96
2023-08-01	17059.16
2023-08-02	17038.05
2023-08-03	16996.92
2023-08-04	16928.51
2023-08-05	16928.51
2023-08-06	16928.51
2023-08-07	17005.44
2023-08-08	17055.15
2023-08-09	17068.51
2023-08-10	17040.43
2023-08-11	16997.6
2023-08-12	16997.6
2023-08-13	16997.6
2023-08-14	16938.5
2023-08-15	16892.56
2023-08-16	16921.97
2023-08-17	16859.91
2023-08-18	16908.97
2023-08-19	16908.97
2023-08-20	16908.97
2023-08-21	16901.87
2023-08-22	16899.57
2023-08-23	16949.19
2023-08-24	17005.02
2023-08-25	16981.46
2023-08-26	16981.46
2023-08-27	16981.46
2023-08-28	16990.37
2023-08-29	17019.57
2023-08-30	17044.63
2023-08-31	17084.67
2023-09-01	17103.46
2023-09-02	17103.46
2023-09-03	17103.46
2023-09-04	17052.78
2023-09-05	17026.22
2023-09-06	17030.86
2023-09-07	17011.86
2023-09-08	17057.96
2023-09-09	17057.96
2023-09-10	17057.96
2023-09-11	17022.02
2023-09-12	17014.69
2023-09-13	17024.46
2023-09-14	17047.38
2023-09-15	17059.01
2023-09-16	17059.01
2023-09-17	17059.01
2023-09-18	16991.5
2023-09-19	17013.16
2023-09-20	16987.75
2023-09-21	16926.08
2023-09-22	16907.16
2023-09-23	16907.16
2023-09-24	16907.16
2023-09-25	16924.6
2023-09-26	16876.48
2023-09-27	16887.74
2023-09-28	16842.43
2023-09-29	16837.14
2023-09-30	16837.14
2023-10-01	16837.14
2023-10-02	16831.23
2023-10-03	16802.25
2023-10-04	16733.6
2023-10-05	16777.3
2023-10-06	16803.41
2023-10-07	16803.41
2023-10-08	16803.41
2023-10-09	16824.36
2023-10-10	16862.88
2023-10-11	16880.45
2023-10-12	16925.79
2023-10-13	16879.83
2023-10-14	16879.83
2023-10-15	16879.83
2023-10-16	16880.2
2023-10-17	16806.52
2023-10-18	16730.48
2023-10-19	16655.35
2023-10-20	16664.02
2023-10-21	16664.02
2023-10-22	16664.02
2023-10-23	16659.15
2023-10-24	16714.64
2023-10-25	16683.81
2023-10-26	16600.0
2023-10-27	16614.5
2023-10-28	16614.5
2023-10-29	16614.5
2023-10-30	16580.1
2023-10-31	16543.59
2023-11-01	16533.93
2023-11-02	16640.92
2023-11-03	16696.64
2023-11-04	16696.64
2023-11-05	16696.64
2023-11-06	16713.79
2023-11-07	16735.1
2023-11-08	16810.7
2023-11-09	16852.44
2023-11-10	16797.63
2023-11-11	16797.63
2023-11-12	16797.63
2023-11-13	16764.26
2023-11-14	16766.66
2023-11-15	16855.93
2023-11-16	16866.01
2023-11-17	16924.1
2023-11-18	16924.1
2023-11-19	16924.1
2023-11-20	16905.61
2023-11-21	16943.37
2023-11-22	16952.2
2023-11-23	16927.61
2023-11-24	16886.33
2023-11-25	16886.33
2023-11-26	16886.33
2023-11-27	16870.99
2023-11-28	16917.53
2023-11-29	17019.53
2023-11-30	17006.77
2023-12-01	16956.57
2023-12-02	16956.57
2023-12-03	16956.57
2023-12-04	16987.64
2023-12-05	17019.98
2023-12-06	17117.48
2023-12-07	17098.81
2023-12-08	17119.07
2023-12-09	17119.07
2023-12-10	17119.07
2023-12-11	17097.09
2023-12-12	17104.2
2023-12-13	17124.78
2023-12-14	17246.78
2023-12-15	17243.61
2023-12-16	17243.61
2023-12-17	17243.61
2023-12-18	17308.91
2023-12-19	17276.09
2023-12-20	17319.45
2023-12-21	17348.77
2023-12-22	17356.47
2023-12-23	17356.47
2023-12-24	17356.47
2023-12-25	17356.43
2023-12-26	17356.42
2023-12-27	17389.06
2023-12-28	17443.84
2023-12-29	17414.67
2023-12-30	17414.67
2023-12-31	17414.67
2024-01-01	17414.63
2024-01-02	17382.62
2024-01-03	17345.01
2024-01-04	17338.12
2024-01-05	17281.36
2024-01-06	17281.36
2024-01-07	17281.36
2024-01-08	17255.24
2024-01-09	17296.29
2024-01-10	17292.45
2024-01-11	17300.76
2024-01-12	17331.34
2024-01-13	17331.34
2024-01-14	17331.34
2024-01-15	17340.51
2024-01-16	17292.25
2024-01-17	17251.58
2024-01-18	17221.99
2024-01-19	17201.07
2024-01-20	17201.07
2024-01-21	17201.07
2024-01-22	17241.45
2024-01-23	17279.72
2024-01-24	17261.91
2024-01-25	17250.39
2024-01-26	17250.38
2024-01-27	17250.38
2024-01-28	17250.38
2024-01-29	17277.66
2024-01-30	17329.42
2024-01-31	17434.74
2024-02-01	17440.13
2024-02-02	17464.52
2024-02-03	17464.52
2024-02-04	17464.52
2024-02-05	17385.55
2024-02-06	17366.73
2024-02-07	17394.21
2024-02-08	17386.53
2024-02-09	17368.09
2024-02-10	17368.09
2024-02-11	17368.09
2024-02-12	17340.77
2024-02-13	17332.28
2024-02-14	17272.23
2024-02-15	17355.77
2024-02-16	17322.17
2024-02-17	17322.17
2024-02-18	17322.17
2024-02-19	17339.36
2024-02-20	17340.84
2024-02-21	17351.02
2024-02-22	17358.27
2024-02-23	17330.57
2024-02-24	17330.57
2024-02-25	17330.57
2024-02-26	17391.46
2024-02-27	17384.16
2024-02-28	17364.96
2024-02-29	17385.23
2024-03-01	17379.57
2024-03-02	17379.57
2024-03-03	17379.57
2024-03-04	17402.27
2024-03-05	17414.29
2024-03-06	17470.58
2024-03-07	17474.65
2024-03-08	17500.3
2024-03-09	17500.3
2024-03-10	17500.3
2024-03-11	17517.82
2024-03-12	17524.44
2024-03-13	17477.76
2024-03-14	17446.73
2024-03-15	17396.5
2024-03-16	17396.5
2024-03-17	17396.5
2024-03-18	17407.24
2024-03-19	17444.49
2024-03-20	17466.44
2024-03-21	17440.02
2024-03-22	17477.13
2024-03-23	17477.13
2024-03-24	17477.13
2024-03-25	17509.04
2024-03-26	17505.5
2024-03-27	17525.29
2024-03-28	17557.7
2024-03-29	17557.69
2024-03-30	17557.69
2024-03-31	17557.69
2024-04-01	17557.65
2024-04-02	17495.82
2024-04-03	17449.5
2024-04-04	17420.6
2024-04-05	17470.82
2024-04-06	17470.82
2024-04-07	17470.82
2024-04-08	17417.01
2024-04-09	17433.24
2024-04-10	17467.23
2024-04-11	17374.83
2024-04-12	17353.69
2024-04-13	17353.69
2024-04-14	17353.69
2024-04-15	17360.55
2024-04-16	17314.89
2024-04-17	17271.57
2024-04-18	17336.17
2024-04-19	17356.66
2024-04-20	17356.66
2024-04-21	17356.66
2024-04-22	17313.39
2024-04-23	17346.15
2024-04-24	17236.38
2024-04-25	17236.36
2024-04-26	17149.02
2024-04-27	17149.02
2024-04-28	17149.02
2024-04-29	17161.47
2024-04-30	17216.48
2024-05-01	17162.96
2024-05-02	17198.3
2024-05-03	17218.96
2024-05-04	17218.96
2024-05-05	17218.96
2024-05-06	17243.58
2024-05-07	17309.94
2024-05-08	17314.24
2024-05-09	17279.28
2024-05-10	17301.79
2024-05-11	17301.79
2024-05-12	17301.79
2024-05-13	17305.54
2024-05-14	17309.19
2024-05-15	17318.93
2024-05-16	17413.94
2024-05-17	17409.18
2024-05-18	17409.18
2024-05-19	17409.18
2024-05-20	17393.25
2024-05-21	17382.05
2024-05-22	17354.92
2024-05-23	17372.88
2024-05-24	17336.94
2024-05-25	17336.94
2024-05-26	17336.94
2024-05-27	17355.29
2024-05-28	17368.11
2024-05-29	17276.9
2024-05-30	17247.92
2024-05-31	17266.16
2024-06-01	17266.16
2024-06-02	17266.16
2024-06-03	17295.47
2024-06-04	17337.89
2024-06-05	17377.97
2024-06-06	17397.02
2024-06-07	17407.86
2024-06-08	17407.86
2024-06-09	17407.86
2024-06-10	17407.82
2024-06-11	17347.98
2024-06-12	17371.58
2024-06-13	17435.13
2024-06-14	17491.12
2024-06-15	17491.12
2024-06-16	17491.12
2024-06-17	17507.7
2024-06-18	17480.54
2024-06-19	17467.95
2024-06-20	17465.22
2024-06-21	17462.74
2024-06-22	17462.74
2024-06-23	17462.74
2024-06-24	17458.56
2024-06-25	17469.0
2024-06-26	17383.26
2024-06-27	17323.46
2024-06-28	17390.12
2024-06-29	17390.12
2024-06-30	17390.12
2024-07-01	17344.49
2024-07-02	17324.44
2024-07-03	17305.79
2024-07-04	17313.57
2024-07-05	17317.42
2024-07-06	17317.42
2024-07-07	17317.42
2024-07-08	17350.59
2024-07-09	17363.71
2024-07-10	17373.09
2024-07-11	17358.68
2024-07-12	17393.48
2024-07-13	17393.48
2024-07-14	17393.48
2024-07-15	17398.31
2024-07-16	17455.49
2024-07-17	17461.68
2024-07-18	17464.4
2024-07-19	17443.45
2024-07-20	17443.45
2024-07-21	17443.45
2024-07-22	17434.57
2024-07-23	17408.82
2024-07-24	17422.67
2024-07-25	17444.48
2024-07-26	17444.28
2024-07-27	17444.28
2024-07-28	17444.28
2024-07-29	17464.75
2024-07-30	17465.52
2024-07-31	17600.04
2024-08-01	17630.83
2024-08-02	17663.79
2024-08-03	17663.79
2024-08-04	17663.79
2024-08-05	17865.13
2024-08-06	17656.73
2024-08-07	17648.51
2024-08-08	17662.88
2024-08-09	17673.56
2024-08-10	17673.56
2024-08-11	17673.56
2024-08-12	17681.78
2024-08-13	17714.9
2024-08-14	17776.68
2024-08-15	17815.88
2024-08-16	17782.11
2024-08-17	17782.11
2024-08-18	17782.11
2024-08-19	17793.47
2024-08-20	17772.12
2024-08-21	17815.38
2024-08-22	17832.05
2024-08-23	17807.84
2024-08-24	17807.84
2024-08-25	17807.84
2024-08-26	17860.02
2024-08-27	17827.83
2024-08-28	17813.08
2024-08-29	17807.37
2024-08-30	17801.07
2024-08-31	17801.07
2024-09-01	17801.07
2024-09-02	17761.68
2024-09-03	17768.88
2024-09-04	17801.54
2024-09-05	17826.62
2024-09-06	17866.86
2024-09-07	17866.86
2024-09-08	17866.86
2024-09-09	17830.65
2024-09-10	17860.42
2024-09-11	17908.17
2024-09-12	17905.23
2024-09-13	17935.13
2024-09-14	17935.13
2024-09-15	17935.13
2024-09-16	17951.11
2024-09-17	17945.7
2024-09-18	17923.82
2024-09-19	17877.93
2024-09-20	17874.74
2024-09-21	17874.74
2024-09-22	17874.74
2024-09-23	17836.23
2024-09-24	17897.24
2024-09-25	17889.29
2024-09-26	17866.27
2024-09-27	17849.12
2024-09-28	17849.12
2024-09-29	17849.12
2024-09-30	17837.54
2024-10-01	17823.9
2024-10-02	17863.57
2024-10-03	17830.0
2024-10-04	17774.27
2024-10-05	17774.27
2024-10-06	17774.27
2024-10-07	17774.27
2024-10-08	17702.82
2024-10-09	17687.55
2024-10-10	17670.09
2024-10-11	17662.97
2024-10-12	17662.97
2024-10-13	17662.97
2024-10-14	17638.34
2024-10-15	17647.52
2024-10-16	17683.71
2024-10-17	17658.59
2024-10-18	17625.54
2024-10-19	17625.54
2024-10-20	17625.54
2024-10-21	17650.66
2024-10-22	17558.1
2024-10-23	17533.02
2024-10-24	17547.26
2024-10-25	17574.76
2024-10-26	17574.76
2024-10-27	17574.76
2024-10-28	17534.9
2024-10-29	17552.87
2024-10-30	17545.15
2024-10-31	17516.87
2024-11-01	17500.11
2024-11-02	17500.11
2024-11-03	17500.11
2024-11-04	17494.3
2024-11-05	17484.63
2024-11-06	17442.65
2024-11-07	17438.08
2024-11-08	17472.61
2024-11-09	17472.61
2024-11-10	17472.61
2024-11-11	17475.25
2024-11-12	17480.89
2024-11-13	17415.19
2024-11-14	17405.75
2024-11-15	17442.5
2024-11-16	17442.5
2024-11-17	17442.5
2024-11-18	17480.51
2024-11-19	17508.33
2024-11-20	17515.84
2024-11-21	17504.29
2024-11-22	17535.19
2024-11-23	17535.19
2024-11-24	17535.19
2024-11-25	17580.29
2024-11-26	17611.4
2024-11-27	17632.5
2024-11-28	17675.67
2024-11-29	17695.97
2024-11-30	17695.97
2024-12-01	17695.97
2024-12-02	17698.58
2024-12-03	17724.97
2024-12-04	17773.18
2024-12-05	17794.42
2024-12-06	17799.21
2024-12-07	17799.21
2024-12-08	17799.21
2024-12-09	17810.9
2024-12-10	17867.53
2024-12-11	17848.54
2024-12-12	17783.0
2024-12-13	17764.66
2024-12-14	17764.66
2024-12-15	17764.66
2024-12-16	17752.9
2024-12-17	17770.67
2024-12-18	17791.8
2024-12-19	17701.19
2024-12-20	17642.97
2024-12-21	17642.97
2024-12-22	17642.97
2024-12-23	17698.47
2024-12-24	17694.41
2024-12-25	17694.35
2024-12-26	17694.28
2024-12-27	17743.2
2024-12-28	17743.2
2024-12-29	17743.2
2024-12-30	17697.48
2024-12-31	17754.18
2025-01-01	17754.12
2025-01-02	17714.42
2025-01-03	17748.1
2025-01-04	17748.1
2025-01-05	17748.1
2025-01-06	17696.4
2025-01-07	17680.19
2025-01-08	17673.69
2025-01-09	17683.26
2025-01-10	17647.81
2025-01-11	17647.81
2025-01-12	17647.81
2025-01-13	17576.79
2025-01-14	17588.71
2025-01-15	17587.8
2025-01-16	17671.25
2025-01-17	17675.6
2025-01-18	17675.6
2025-01-19	17675.6
2025-01-20	17696.18
2025-01-21	17749.59
2025-01-22	17725.06
2025-01-23	17717.62
2025-01-24	17708.81
2025-01-25	17708.81
2025-01-26	17708.81
2025-01-27	17708.62
2025-01-28	17749.92
2025-01-29	17799.15
2025-01-30	17803.13
2025-01-31	17782.49
2025-02-01	17782.49
2025-02-02	17782.49
2025-02-03	17817.24
2025-02-04	17803.48
2025-02-05	17835.88
2025-02-06	17863.36
2025-02-07	17840.34
2025-02-08	17840.34
2025-02-09	17840.34
2025-02-10	17811.17
2025-02-11	17822.84
2025-02-12	17781.72
2025-02-13	17772.47
2025-02-14	17805.03
2025-02-15	17805.03
2025-02-16	17805.03
2025-02-17	17787.94
2025-02-18	17752.65
2025-02-19	17743.21
2025-02-20	17745.58
2025-02-21	17760.17
2025-02-22	17760.17
2025-02-23	17760.17
2025-02-24	17812.67
2025-02-25	17845.65
2025-02-26	17867.9
2025-02-27	17892.86
2025-02-28	17928.84
2025-03-01	17928.84
2025-03-02	17928.84
2025-03-03	17908.5
2025-03-04	17944.7
2025-03-05	17908.51
2025-03-06	17828.59
2025-03-07	17872.64
2025-03-08	17872.64
2025-03-09	17872.64
2025-03-10	17850.7
2025-03-11	17907.06
2025-03-12	17880.16
2025-03-13	17887.98
2025-03-14	17889.09
2025-03-15	17889.09
2025-03-16	17889.09
2025-03-17	17894.18
2025-03-18	17897.87
2025-03-19	17887.85
2025-03-20	17923.64
2025-03-21	17918.26
2025-03-22	17918.26
2025-03-23	17918.26
2025-03-24	17920.55
2025-03-25	17911.32
2025-03-26	17879.65
2025-03-27	17864.8
2025-03-28	17888.92
2025-03-29	17888.92
2025-03-30	17888.92
2025-03-31	17943.8
2025-04-01	17961.01
2025-04-02	17959.71
2025-04-03	18066.44
2025-04-04	18120.31
2025-04-05	18120.31
2025-04-06	18120.31
2025-04-07	18189.74
2025-04-08	18113.22
2025-04-09	18037.28
2025-04-10	18041.96
2025-04-11	18007.14
2025-04-12	18007.14
2025-04-13	18007.14
2025-04-14	18009.56
2025-04-15	18057.28
2025-04-16	18070.6
2025-04-17	18102.6
2025-04-18	18102.53
2025-04-19	18102.53
2025-04-20	18102.53
2025-04-21	18102.34
2025-04-22	18139.32
2025-04-23	18126.43
2025-04-24	18147.79
2025-04-25	18147.73
2025-04-26	18147.73
2025-04-27	18147.73
2025-04-28	18201.98
2025-04-29	18200.67
2025-04-30	18212.17
2025-05-01	18208.86
2025-05-02	18179.37
2025-05-03	18179.37
2025-05-04	18179.37
2025-05-05	18140.83
2025-05-06	18104.46
2025-05-07	18143.69
2025-05-08	18172.12
2025-05-09	18143.54
2025-05-10	18143.54
2025-05-11	18143.54
2025-05-12	18101.21
2025-05-13	18052.28
2025-05-14	18014.85
2025-05-15	17972.51
2025-05-16	18016.47
2025-05-17	18016.47
2025-05-18	18016.47
2025-05-19	17983.55
2025-05-20	18086.32
2025-05-21	18069.59
2025-05-22	18060.99
2025-05-23	18081.74
2025-05-24	18081.74
2025-05-25	18081.74
2025-05-26	18122.35
2025-05-27	18172.86
2025-05-28	18163.81
2025-05-29	18139.25
2025-05-30	18220.71
2025-05-31	18220.71
2025-06-01	18220.71
2025-06-02	18225.78
2025-06-03	18236.23
2025-06-04	18238.35
2025-06-05	18238.71
2025-06-06	18220.89
2025-06-07	18220.89
2025-06-08	18220.89
2025-06-09	18220.7
2025-06-10	18240.72
2025-06-11	18219.3
2025-06-12	18254.51
2025-06-13	18309.79
2025-06-14	18309.79
2025-06-15	18309.79
2025-06-16	18269.35
2025-06-17	18252.06
2025-06-18	18259.85
2025-06-19	18285.22
2025-06-20	18313.79
2025-06-21	18313.79
2025-06-22	18313.79
2025-06-23	18300.14
2025-06-24	18349.73
2025-06-25	18384.24
2025-06-26	18390.77
2025-06-27	18379.76
2025-06-28	18379.76
2025-06-29	18379.76
2025-06-30	18357.07
2025-07-01	18385.0
2025-07-02	18364.89
2025-07-03	18344.98
2025-07-04	18337.75
2025-07-05	18337.75
2025-07-06	18337.75
2025-07-07	18353.94
2025-07-08	18290.08
2025-07-09	18241.28
2025-07-10	18273.53
2025-07-11	18249.56
2025-07-12	18249.56
2025-07-13	18249.56
2025-07-14	18223.25
2025-07-15	18216.09
2025-07-16	18210.77
2025-07-17	18262.26
2025-07-18	18277.45
2025-07-19	18277.45
2025-07-20	18277.45
2025-07-21	18287.96
2025-07-22	18301.85
2025-07-23	18309.46
2025-07-24	18262.16
2025-07-25	18263.16
2025-07-26	18263.16
2025-07-27	18263.16
2025-07-28	18277.9
2025-07-29	18292.02
2025-07-30	18346.45
2025-07-31	18349.64
2025-08-01	18316.62
2025-08-02	18316.62
2025-08-03	18316.62
2025-08-04	18382.12
2025-08-05	18375.97
2025-08-06	18365.58
2025-08-07	18378.53
2025-08-08	18375.06
2025-08-09	18375.06
2025-08-10	18375.06
2025-08-11	18379.82
2025-08-12	18393.41
2025-08-13	18417.05
2025-08-14	18428.84
2025-08-15	18419.44
2025-08-16	18419.44
2025-08-17	18419.44
2025-08-18	18397.32
2025-08-19	18349.6
2025-08-20	18366.25
2025-08-21	18374.0
2025-08-22	18350.95
2025-08-23	18350.95
2025-08-24	18350.95
2025-08-25	18376.76
2025-08-26	18364.32
2025-08-27	18353.55
2025-08-28	18382.3
2025-08-29	18391.79
2025-08-30	18391.79
2025-08-31	18391.79
2025-09-01	18364.33
2025-09-02	18340.89
2025-09-03	18297.63
2025-09-04	18341.54
2025-09-05	18351.59
2025-09-06	18351.59
2025-09-07	18351.59
2025-09-08	18394.39
2025-09-09	18404.74
2025-09-10	18403.57
2025-09-11	18426.29
2025-09-12	18432.63
2025-09-13	18432.63
2025-09-14	18432.63
2025-09-15	18403.62
2025-09-16	18442.62
2025-09-17	18451.66
2025-09-18	18480.72
2025-09-19	18450.11
2025-09-20	18450.11
2025-09-21	18450.11
2025-09-22	18433.64
2025-09-23	18441.13
2025-09-24	18417.18
2025-09-25	18383.69
2025-09-26	18361.09
2025-09-27	18361.09
2025-09-28	18361.09
2025-09-29	18398.8
2025-09-30	18418.82
2025-10-01	18395.22
2025-10-02	18415.11
2025-10-03	18419.55
2025-10-04	18419.55
2025-10-05	18419.55
2025-10-06	18388.97
2025-10-07	18442.06
2025-10-08	18411.48
2025-10-09	18425.91
2025-10-10	18417.11
2025-10-11	18417.11
2025-10-12	18417.11
2025-10-13	18470.36
2025-10-14	18518.72
2025-10-15	18521.91
2025-10-16	18577.81
2025-10-17	18616.33
2025-10-18	18616.33
2025-10-19	18616.33
2025-10-20	18578.89
2025-10-21	18606.84
2025-10-22	18614.03
2025-10-23	18605.73
2025-10-24	18593.35
2025-10-25	18593.35
2025-10-26	18593.35
2025-10-27	18568.54
2025-10-28	18563.7
2025-10-29	18516.03
2025-10-30	18472.93
2025-10-31	18480.05
2025-11-01	18480.05
2025-11-02	18480.05
2025-11-03	18452.38
2025-11-04	18438.73
2025-11-05	18465.16
2025-11-06	18439.12
2025-11-07	18447.09
2025-11-08	18447.09
2025-11-09	18447.09
2025-11-10	18418.24
2025-11-11	18421.11
2025-11-12	18427.66
2025-11-13	18382.43
2025-11-14	18385.83
2025-11-15	18385.83
2025-11-16	18385.83
2025-11-17	18368.17
2025-11-18	18392.11
2025-11-19	18406.28
2025-11-20	18375.14
2025-11-21	18374.07
2025-11-22	18374.07
2025-11-23	18374.07
2025-11-24	18385.69
2025-11-25	18400.54
2025-11-26	18317.29
2025-11-27	18338.89
2025-11-28	18324.97
2025-11-29	18324.97
2025-11-30	18324.97
2025-12-01	18298.01
2025-12-02	18260.39
2025-12-03	18229.21
2025-12-04	18188.64
2025-12-05	18210.22
2025-12-06	18210.22
2025-12-07	18210.22
2025-12-08	18202.16
2025-12-09	18153.66
2025-12-10	18115.2
2025-12-11	18180.3
2025-12-12	18187.65
2025-12-13	18187.65
2025-12-14	18187.65
2025-12-15	18206.29
2025-12-16	18200.81
2025-12-17	18185.46
2025-12-18	18198.7
2025-12-19	18192.6
2025-12-20	18192.6
2025-12-21	18192.6
2025-12-22	18164.04
2025-12-23	18196.81
2025-12-24	18206.8
2025-12-25	18206.73
2025-12-26	18206.67
2025-12-27	18206.67
2025-12-28	18206.67
2025-12-29	18203.75
2025-12-30	18206.55
2025-12-31	18210.47
2026-01-01	18210.41
2026-01-02	18163.45
2026-01-03	18163.45
2026-01-04	18163.45
2026-01-05	18195.45
2026-01-06	18200.16
2026-01-07	18220.09
2026-01-08	18294.69
2026-01-09	18292.32
2026-01-10	18292.32
2026-01-11	18292.32
2026-01-12	18285.02
2026-01-13	18286.36
2026-01-14	18284.9
2026-01-15	18308.31
2026-01-16	18298.18
2026-01-17	18298.18
2026-01-18	18298.18
2026-01-19	18277.52
2026-01-20	18247.32
2026-01-21	18249.38
2026-01-22	18232.41
2026-01-23	18220.52
2026-01-24	18220.52
2026-01-25	18220.52
2026-01-26	18220.32
2026-01-27	18201.62
2026-01-28	18230.38
2026-01-29	18224.33
2026-01-30	18242.62
2026-01-31	18242.62
2026-02-01	18242.62
2026-02-02	18254.68
2026-02-03	18224.9
2026-02-04	18200.42
2026-02-05	18203.29
2026-02-06	18226.18
2026-02-07	18226.18
2026-02-08	18226.18
2026-02-09	18208.39
2026-02-10	18238.96
2026-02-11	18291.31
2026-02-12	18264.39
2026-02-13	18298.63
2026-02-14	18298.63
2026-02-15	18298.63
2026-02-16	18330.86
2026-02-17	18353.06
2026-02-18	18328.17
2026-02-19	18283.48
2026-02-20	18314.27
2026-02-21	18314.27
2026-02-22	18314.27
2026-02-23	18328.28
2026-02-24	18345.14
2026-02-25	18333.33
2026-02-26	18353.42
2026-02-27	18389.02
2026-02-28	18389.02
2026-03-01	18389.02
2026-03-02	18401.16
2026-03-03	18303.48
2026-03-04	18311.71
2026-03-05	18280.52
2026-03-06	18243.66
2026-03-07	18243.66
2026-03-08	18243.66
2026-03-09	18155.77
2026-03-10	18223.49
2026-03-11	18229.8
2026-03-12	18158.21
2026-03-13	18136.23
2026-03-14	18136.23
2026-03-15	18136.23
2026-03-16	18099.95
2026-03-17	18139.44
2026-03-18	18185.99
2026-03-19	18130.55
2026-03-20	18062.58
2026-03-21	18062.58
2026-03-22	18062.58
2026-03-23	18000.72
2026-03-24	18051.69
2026-03-25	18135.05
2026-03-26	18101.56
2026-03-27	18035.79
2026-03-28	18035.79
2026-03-29	18035.79
2026-03-30	18069.48
2026-03-31	18140.32
2026-04-01	18209.23
2026-04-02	18112.01
2026-04-03	18111.95
2026-04-04	18111.95
2026-04-05	18111.95
2026-04-06	18111.75
2026-04-07	18152.13
2026-04-08	18256.61
2026-04-09	18236.35
2026-04-10	18193.53
2026-04-11	18193.53
2026-04-12	18193.53
2026-04-13	18156.63
2026-04-14	18207.5
2026-04-15	18231.31
2026-04-16	18218.89
2026-04-17	18192.53
2026-04-18	18192.53
2026-04-19	18192.53
2026-04-20	18237.26
2026-04-21	18260.53
2026-04-22	18229.58
2026-04-23	18194.31
2026-04-24	18201.04
2026-04-25	18201.04
2026-04-26	18201.04
2026-04-27	18201.04
2026-04-28	18183.09
2026-04-29	18201.42
2026-04-30	18150.18
2026-05-01	18182.09
2026-05-02	18182.09
2026-05-03	18182.09
2026-05-04	18220.52
2026-05-05	18239.81
2026-05-06	18252.68
2026-05-07	18281.97
2026-05-08	18239.97
2026-05-09	18239.97
2026-05-10	18239.97
2026-05-11	18233.33
2026-05-12	18209.34
2026-05-13	18192.58
2026-05-14	18227.33
2026-05-15	18189.94
2026-05-16	18189.94
2026-05-17	18189.94
2026-05-18	18167.09
2026-05-19	18210.58
2026-05-20	18208.36
2026-05-21	18282.8
2026-05-22	18317.5
2026-05-23	18317.5
2026-05-24	18317.5
2026-05-25	18350.66
2026-05-26	18335.54
2026-05-27	18372.04
2026-05-28	18354.02
2026-05-29	18400.96
2026-05-30	18400.96
2026-05-31	18400.96
2026-06-01	18370.88
2026-06-02	18371.19
2026-06-03	18351.72
2026-06-04	18354.44
2026-06-05	18358.29
2026-06-06	18358.29
2026-06-07	18358.29
2026-06-08	18358.09
2026-06-09	18362.52
2026-06-10	18387.67
2026-06-11	18391.09
2026-06-12	18452.79
2026-06-13	18452.79
2026-06-14	18452.79
2026-06-15	18467.81
2026-06-16	18461.54
2026-06-17	18503.88
2026-06-18	18501.17
2026-06-19	18470.45
2026-06-20	18470.45
2026-06-21	18470.45
2026-06-22	18472.99
2026-06-23	18509.56
2026-06-24	18518.65
2026-06-25	18548.01
2026-06-26	18556.87
2026-06-27	18556.87
2026-06-28	18556.87
2026-06-29	18541.91
2026-06-30	18561.7
2026-07-01	18518.82
2026-07-02	18493.98
2026-07-03	18512.92
2026-07-04	18512.92
2026-07-05	18512.92
2026-07-06	18529.82
2026-07-07	18511.18
2026-07-08	18469.75
2026-07-09	18469.19
2026-07-10	18500.27
2026-07-11	18500.27
2026-07-12	18500.27
2026-07-13	18489.52
2026-07-14	18442.08
2026-07-15	18461.21
2026-07-16	18466.67
2026-07-17	18465.36
2026-07-18	18465.36
2026-07-19	18465.36
2026-07-20	18410.56
2026-07-21	18441.41
2026-07-22	18410.57
2026-07-23	18410.59
2026-07-24	18315.81
2026-07-25	18315.81
2026-07-26	18315.81
2026-07-27	18405.47
2026-07-28	18438.49
2026-07-29	18477.62
2026-07-30	18409.45
2026-07-31	18481.15
2026-08-01	18481.15
2026-08-02	18481.15
2026-08-03	18430.82
2026-08-04	18489.94
2026-08-05	18512.07
2026-08-06	18493.85
2026-08-07	18445.39
2026-08-08	18445.39
2026-08-09	18445.39
2026-08-10	18471.43
2026-08-11	18443.95
2026-08-12	18453.63
2026-08-13	18492.32
2026-08-14	18471.87
2026-08-15	18471.87
2026-08-16	18471.87
2026-08-17	18450.9
2026-08-18	18407.92
2026-08-19	18445.84
2026-08-20	18491.18
2026-08-21	18445.68
2026-08-22	18445.68
2026-08-23	18445.68
2026-08-24	18492.58
2026-08-25	18486.34
2026-08-26	18470.69
2026-08-27	18420.81
2026-08-28	18423.83
2026-08-29	18423.83
2026-08-30	18423.83
2026-08-31	18436.82
2026-09-01	18367.36
2026-09-02	18321.38
2026-09-03	18371.9
2026-09-04	18377.22
2026-09-05	18377.22
2026-09-06	18377.22
2026-09-07	18360.91
2026-09-08	18366.53
2026-09-09	18342.28
2026-09-10	18317.58
2026-09-11	18202.51
2026-09-12	18202.51
2026-09-13	18202.51
2026-09-14	18251.38
2026-09-15	18177.43
2026-09-16	18234.08
