date	value
2012-04-20	10000.0
2012-04-21	10000.0
2012-04-22	10000.0
2012-04-23	10002.67
2012-04-24	10079.96
2012-04-25	10079.91
2012-04-26	10131.25
2012-04-27	10101.89
2012-04-28	10101.89
2012-04-29	10101.89
2012-04-30	10163.97
2012-05-01	10222.04
2012-05-02	10186.13
2012-05-03	10200.82
2012-05-04	10196.32
2012-05-05	10196.32
2012-05-06	10196.32
2012-05-07	10096.75
2012-05-08	10141.36
2012-05-09	10129.9
2012-05-10	10132.63
2012-05-11	10118.23
2012-05-12	10118.23
2012-05-13	10118.23
2012-05-14	10186.51
2012-05-15	10182.18
2012-05-16	10064.42
2012-05-17	10032.21
2012-05-18	9823.12
2012-05-19	9823.12
2012-05-20	9823.12
2012-05-21	9875.87
2012-05-22	9942.13
2012-05-23	9861.65
2012-05-24	9834.19
2012-05-25	9775.0
2012-05-26	9775.0
2012-05-27	9775.0
2012-05-28	9805.11
2012-05-29	9867.33
2012-05-30	9862.06
2012-05-31	9856.79
2012-06-01	9900.77
2012-06-02	9900.77
2012-06-03	9900.77
2012-06-04	9794.39
2012-06-05	9885.58
2012-06-06	9900.35
2012-06-07	10025.14
2012-06-08	9908.01
2012-06-09	9908.01
2012-06-10	9908.01
2012-06-11	9907.86
2012-06-12	9953.94
2012-06-13	9911.81
2012-06-14	9885.71
2012-06-15	9888.62
2012-06-16	9888.62
2012-06-17	9888.62
2012-06-18	10022.57
2012-06-19	10001.31
2012-06-20	10003.16
2012-06-21	9970.0
2012-06-22	9942.96
2012-06-23	9942.96
2012-06-24	9942.96
2012-06-25	9898.98
2012-06-26	9954.9
2012-06-27	10078.98
2012-06-28	10070.62
2012-06-29	10155.54
2012-06-30	10151.0
2012-07-01	10151.0
2012-07-02	10222.4
2012-07-03	10199.36
2012-07-04	10249.07
2012-07-05	10244.47
2012-07-06	10254.56
2012-07-07	10254.56
2012-07-08	10254.56
2012-07-09	10235.23
2012-07-10	10228.96
2012-07-11	10263.09
2012-07-12	10261.57
2012-07-13	10311.35
2012-07-14	10311.35
2012-07-15	10311.35
2012-07-16	10331.0
2012-07-17	10414.07
2012-07-18	10435.06
2012-07-19	10616.39
2012-07-20	10573.92
2012-07-21	10573.92
2012-07-22	10573.92
2012-07-23	10507.93
2012-07-24	10497.65
2012-07-25	10496.46
2012-07-26	10549.99
2012-07-27	10680.45
2012-07-28	10680.45
2012-07-29	10680.45
2012-07-30	10746.26
2012-07-31	10788.73
2012-08-01	10792.79
2012-08-02	10768.21
2012-08-03	10709.7
2012-08-04	10709.7
2012-08-05	10709.7
2012-08-06	10789.23
2012-08-07	10804.12
2012-08-08	10785.99
2012-08-09	10716.69
2012-08-10	10612.23
2012-08-11	10612.23
2012-08-12	10612.23
2012-08-13	10631.98
2012-08-14	10677.97
2012-08-15	10670.47
2012-08-16	10793.93
2012-08-17	10873.88
2012-08-18	10873.88
2012-08-19	10873.88
2012-08-20	10841.44
2012-08-21	10933.04
2012-08-22	10958.8
2012-08-23	10951.39
2012-08-24	10913.53
2012-08-25	10913.53
2012-08-26	10913.53
2012-08-27	10873.38
2012-08-28	10956.31
2012-08-29	10978.9
2012-08-30	10955.37
2012-08-31	10997.84
2012-09-01	10997.84
2012-09-02	10997.84
2012-09-03	11048.66
2012-09-04	10987.39
2012-09-05	10968.31
2012-09-06	11012.21
2012-09-07	10965.91
2012-09-08	10965.91
2012-09-09	10965.91
2012-09-10	10897.58
2012-09-11	10903.44
2012-09-12	10972.62
2012-09-13	10929.61
2012-09-14	10983.16
2012-09-15	10983.16
2012-09-16	10983.16
2012-09-17	10961.35
2012-09-18	10947.3
2012-09-19	10989.6
2012-09-20	10992.88
2012-09-21	11035.14
2012-09-22	11035.14
2012-09-23	11035.14
2012-09-24	11013.91
2012-09-25	11014.04
2012-09-26	11029.82
2012-09-27	11050.43
2012-09-28	11021.31
2012-09-29	11021.31
2012-09-30	11025.0
2012-10-01	11050.74
2012-10-02	11140.22
2012-10-03	11154.68
2012-10-04	11228.48
2012-10-05	11298.41
2012-10-06	11298.41
2012-10-07	11298.41
2012-10-08	11237.05
2012-10-09	11269.53
2012-10-10	11221.3
2012-10-11	11241.68
2012-10-12	11230.91
2012-10-13	11230.91
2012-10-14	11230.91
2012-10-15	11253.11
2012-10-16	11283.65
2012-10-17	11331.83
2012-10-18	11305.05
2012-10-19	11316.3
2012-10-20	11316.3
2012-10-21	11316.3
2012-10-22	11267.45
2012-10-23	11288.31
2012-10-24	11243.92
2012-10-25	11281.73
2012-10-26	11214.17
2012-10-27	11214.17
2012-10-28	11214.17
2012-10-29	11239.1
2012-10-30	11275.7
2012-10-31	11319.96
2012-11-01	11199.86
2012-11-02	11172.77
2012-11-03	11172.77
2012-11-04	11172.77
2012-11-05	11198.4
2012-11-06	11229.81
2012-11-07	11291.01
2012-11-08	11208.92
2012-11-09	11189.6
2012-11-10	11189.6
2012-11-11	11189.6
2012-11-12	11234.85
2012-11-13	11105.07
2012-11-14	11163.04
2012-11-15	11092.65
2012-11-16	11070.32
2012-11-17	11070.32
2012-11-18	11070.32
2012-11-19	11099.32
2012-11-20	11133.27
2012-11-21	11124.01
2012-11-22	11226.73
2012-11-23	11233.09
2012-11-24	11233.09
2012-11-25	11233.09
2012-11-26	11233.44
2012-11-27	11289.62
2012-11-28	11307.46
2012-11-29	11362.44
2012-11-30	11424.11
2012-12-01	11424.11
2012-12-02	11424.11
2012-12-03	11506.75
2012-12-04	11446.69
2012-12-05	11494.17
2012-12-06	11477.86
2012-12-07	11572.66
2012-12-08	11572.66
2012-12-09	11572.66
2012-12-10	11583.93
2012-12-11	11608.8
2012-12-12	11576.66
2012-12-13	11532.94
2012-12-14	11513.88
2012-12-15	11513.88
2012-12-16	11513.88
2012-12-17	11476.62
2012-12-18	11523.19
2012-12-19	11562.98
2012-12-20	11629.57
2012-12-21	11600.21
2012-12-22	11600.21
2012-12-23	11600.21
2012-12-24	11666.65
2012-12-25	11666.48
2012-12-26	11666.42
2012-12-27	11675.82
2012-12-28	11704.54
2012-12-29	11704.54
2012-12-30	11704.54
2012-12-31	11657.28
2013-01-01	11657.22
2013-01-02	11727.74
2013-01-03	11771.35
2013-01-04	11770.31
2013-01-05	11770.31
2013-01-06	11770.31
2013-01-07	11764.77
2013-01-08	11708.2
2013-01-09	11753.86
2013-01-10	11814.52
2013-01-11	11805.37
2013-01-12	11805.37
2013-01-13	11805.37
2013-01-14	11840.58
2013-01-15	11822.97
2013-01-16	11880.14
2013-01-17	11916.37
2013-01-18	11909.27
2013-01-19	11909.27
2013-01-20	11909.27
2013-01-21	11910.13
2013-01-22	11936.56
2013-01-23	11961.46
2013-01-24	12031.14
2013-01-25	12102.26
2013-01-26	12102.26
2013-01-27	12102.26
2013-01-28	12104.56
2013-01-29	12251.49
2013-01-30	12213.13
2013-01-31	12187.18
2013-02-01	12295.02
2013-02-02	12295.02
2013-02-03	12295.02
2013-02-04	12248.2
2013-02-05	12217.42
2013-02-06	12329.3
2013-02-07	12376.64
2013-02-08	12428.32
2013-02-09	12428.32
2013-02-10	12428.32
2013-02-11	12439.69
2013-02-12	12428.56
2013-02-13	12482.11
2013-02-14	12511.06
2013-02-15	12522.6
2013-02-16	12522.6
2013-02-17	12522.6
2013-02-18	12615.13
2013-02-19	12698.07
2013-02-20	12801.61
2013-02-21	12587.6
2013-02-22	12688.15
2013-02-23	12688.15
2013-02-24	12688.15
2013-02-25	12814.9
2013-02-26	12704.74
2013-02-27	12767.34
2013-02-28	12882.82
2013-03-01	12875.2
2013-03-02	12875.2
2013-03-03	12875.2
2013-03-04	12760.68
2013-03-05	12969.07
2013-03-06	13042.79
2013-03-07	13023.2
2013-03-08	13041.73
2013-03-09	13041.73
2013-03-10	13041.73
2013-03-11	13138.63
2013-03-12	13070.4
2013-03-13	12984.82
2013-03-14	12887.32
2013-03-15	13110.05
2013-03-16	13110.05
2013-03-17	13110.05
2013-03-18	12880.33
2013-03-19	12848.93
2013-03-20	12873.73
2013-03-21	12832.35
2013-03-22	12875.6
2013-03-23	12875.6
2013-03-24	12875.6
2013-03-25	12924.3
2013-03-26	12983.99
2013-03-27	13081.67
2013-03-28	13042.76
2013-03-29	13042.69
2013-03-30	13042.69
2013-03-31	13043.63
2013-04-01	13042.5
2013-04-02	13128.06
2013-04-03	13110.45
2013-04-04	13060.7
2013-04-05	12960.9
2013-04-06	12960.9
2013-04-07	12960.9
2013-04-08	12985.3
2013-04-09	13159.4
2013-04-10	13087.84
2013-04-11	13217.04
2013-04-12	13246.99
2013-04-13	13246.99
2013-04-14	13246.99
2013-04-15	13258.39
2013-04-16	13273.32
2013-04-17	13444.46
2013-04-18	13375.22
2013-04-19	13297.52
2013-04-20	13297.52
2013-04-21	13297.52
2013-04-22	13387.89
2013-04-23	13521.15
2013-04-24	13733.64
2013-04-25	13733.91
2013-04-26	13689.0
2013-04-27	13689.0
2013-04-28	13689.0
2013-04-29	13749.77
2013-04-30	13918.89
2013-05-01	13891.27
2013-05-02	13871.17
2013-05-03	13899.47
2013-05-04	13899.47
2013-05-05	13899.47
2013-05-06	13889.98
2013-05-07	13765.69
2013-05-08	13871.32
2013-05-09	13823.97
2013-05-10	13828.08
2013-05-11	13828.08
2013-05-12	13828.08
2013-05-13	13866.11
2013-05-14	13917.42
2013-05-15	13895.83
2013-05-16	13907.85
2013-05-17	13918.98
2013-05-18	13918.98
2013-05-19	13918.98
2013-05-20	13986.7
2013-05-21	13905.9
2013-05-22	13855.64
2013-05-23	13513.01
2013-05-24	13347.14
2013-05-25	13347.14
2013-05-26	13347.14
2013-05-27	13326.56
2013-05-28	13362.88
2013-05-29	13258.51
2013-05-30	13145.77
2013-05-31	13108.02
2013-06-01	13108.02
2013-06-02	13108.02
2013-06-03	13089.71
2013-06-04	13113.99
2013-06-05	12949.59
2013-06-06	12832.78
2013-06-07	12791.78
2013-06-08	12791.78
2013-06-09	12791.78
2013-06-10	12791.59
2013-06-11	12838.36
2013-06-12	12743.35
2013-06-13	12755.07
2013-06-14	12947.77
2013-06-15	12947.77
2013-06-16	12947.77
2013-06-17	13077.63
2013-06-18	13057.0
2013-06-19	13149.14
2013-06-20	12890.79
2013-06-21	12822.77
2013-06-22	12822.77
2013-06-23	12822.77
2013-06-24	12696.1
2013-06-25	12690.14
2013-06-26	12921.27
2013-06-27	13214.96
2013-06-28	13195.98
2013-06-29	13195.98
2013-06-30	13195.98
2013-07-01	12944.98
2013-07-02	13228.27
2013-07-03	12990.74
2013-07-04	13101.29
2013-07-05	13193.19
2013-07-06	13193.19
2013-07-07	13193.19
2013-07-08	13152.46
2013-07-09	13321.53
2013-07-10	13349.34
2013-07-11	13455.0
2013-07-12	13455.48
2013-07-13	13455.48
2013-07-14	13455.48
2013-07-15	13488.95
2013-07-16	13511.36
2013-07-17	13447.92
2013-07-18	13492.33
2013-07-19	13510.91
2013-07-20	13510.91
2013-07-21	13510.91
2013-07-22	13572.29
2013-07-23	13604.42
2013-07-24	13653.59
2013-07-25	13639.77
2013-07-26	13669.37
2013-07-27	13669.37
2013-07-28	13669.37
2013-07-29	13697.04
2013-07-30	13664.25
2013-07-31	13697.05
2013-08-01	13688.53
2013-08-02	13803.04
2013-08-03	13803.04
2013-08-04	13803.04
2013-08-05	13788.64
2013-08-06	13786.07
2013-08-07	13585.39
2013-08-08	13722.98
2013-08-09	13652.71
2013-08-10	13652.71
2013-08-11	13652.71
2013-08-12	13715.0
2013-08-13	13811.23
2013-08-14	13853.0
2013-08-15	13857.11
2013-08-16	13764.93
2013-08-17	13764.93
2013-08-18	13764.93
2013-08-19	13810.06
2013-08-20	13714.93
2013-08-21	13816.94
2013-08-22	13753.13
2013-08-23	13816.15
2013-08-24	13816.15
2013-08-25	13816.15
2013-08-26	13857.1
2013-08-27	13891.75
2013-08-28	13788.64
2013-08-29	13793.2
2013-08-30	13896.1
2013-08-31	13896.1
2013-09-01	13896.1
2013-09-02	14039.0
2013-09-03	13999.74
2013-09-04	13897.26
2013-09-05	13860.29
2013-09-06	13884.54
2013-09-07	13884.54
2013-09-08	13884.54
2013-09-09	13962.28
2013-09-10	13998.69
2013-09-11	14048.98
2013-09-12	14093.99
2013-09-13	14072.31
2013-09-14	14072.31
2013-09-15	14072.31
2013-09-16	14174.51
2013-09-17	14223.06
2013-09-18	14177.58
2013-09-19	14290.89
2013-09-20	14271.37
2013-09-21	14271.37
2013-09-22	14271.37
2013-09-23	14243.24
2013-09-24	14208.32
2013-09-25	14313.47
2013-09-26	14341.13
2013-09-27	14347.94
2013-09-28	14347.94
2013-09-29	14347.94
2013-09-30	14139.66
2013-10-01	14128.53
2013-10-02	14166.69
2013-10-03	14223.29
2013-10-04	14164.94
2013-10-05	14164.94
2013-10-06	14164.94
2013-10-07	14086.15
2013-10-08	14039.97
2013-10-09	14077.86
2013-10-10	14068.86
2013-10-11	14271.41
2013-10-12	14271.41
2013-10-13	14271.41
2013-10-14	14211.49
2013-10-15	14319.48
2013-10-16	14300.23
2013-10-17	14328.75
2013-10-18	14446.18
2013-10-19	14446.18
2013-10-20	14446.18
2013-10-21	14509.54
2013-10-22	14539.34
2013-10-23	14483.86
2013-10-24	14523.7
2013-10-25	14590.44
2013-10-26	14590.44
2013-10-27	14590.44
2013-10-28	14719.61
2013-10-29	14690.69
2013-10-30	14744.38
2013-10-31	14717.46
2013-11-01	14707.69
2013-11-02	14707.69
2013-11-03	14707.69
2013-11-04	14641.81
2013-11-05	14726.64
2013-11-06	14734.71
2013-11-07	14735.74
2013-11-08	14771.63
2013-11-09	14771.63
2013-11-10	14771.63
2013-11-11	14726.14
2013-11-12	14731.46
2013-11-13	14547.41
2013-11-14	14588.05
2013-11-15	14712.53
2013-11-16	14712.53
2013-11-17	14712.53
2013-11-18	14665.61
2013-11-19	14601.52
2013-11-20	14527.46
2013-11-21	14472.59
2013-11-22	14570.48
2013-11-23	14570.48
2013-11-24	14570.48
2013-11-25	14611.76
2013-11-26	14651.87
2013-11-27	14625.53
2013-11-28	14616.96
2013-11-29	14554.68
2013-11-30	14554.68
2013-12-01	14554.68
2013-12-02	14438.74
2013-12-03	14417.39
2013-12-04	14449.63
2013-12-05	14214.16
2013-12-06	14201.77
2013-12-07	14201.77
2013-12-08	14201.77
2013-12-09	14122.48
2013-12-10	14163.28
2013-12-11	14077.21
2013-12-12	14030.17
2013-12-13	14090.66
2013-12-14	14090.66
2013-12-15	14090.66
2013-12-16	14078.95
2013-12-17	14112.93
2013-12-18	14113.56
2013-12-19	14342.8
2013-12-20	14478.77
2013-12-21	14478.77
2013-12-22	14478.77
2013-12-23	14553.77
2013-12-24	14630.26
2013-12-25	14630.19
2013-12-26	14630.12
2013-12-27	14620.84
2013-12-28	14620.84
2013-12-29	14620.84
2013-12-30	14675.62
2013-12-31	14674.68
2014-01-01	14674.61
2014-01-02	14674.79
2014-01-03	14657.0
2014-01-04	14657.0
2014-01-05	14657.0
2014-01-06	14596.2
2014-01-07	14594.28
2014-01-08	14600.67
2014-01-09	14612.63
2014-01-10	14641.97
2014-01-11	14641.97
2014-01-12	14641.97
2014-01-13	14566.81
2014-01-14	14366.31
2014-01-15	14460.56
2014-01-16	14564.11
2014-01-17	14511.98
2014-01-18	14511.98
2014-01-19	14511.98
2014-01-20	14453.17
2014-01-21	14555.25
2014-01-22	14562.23
2014-01-23	14447.32
2014-01-24	14396.62
2014-01-25	14396.62
2014-01-26	14396.62
2014-01-27	14396.4
2014-01-28	14263.38
2014-01-29	14349.12
2014-01-30	14253.72
2014-01-31	14266.02
2014-02-01	14266.02
2014-02-02	14266.02
2014-02-03	14265.49
2014-02-04	14076.96
2014-02-05	14024.7
2014-02-06	14178.36
2014-02-07	14205.6
2014-02-08	14205.6
2014-02-09	14205.6
2014-02-10	14308.54
2014-02-11	14381.03
2014-02-12	14502.3
2014-02-13	14526.85
2014-02-14	14616.57
2014-02-15	14616.57
2014-02-16	14616.57
2014-02-17	14661.84
2014-02-18	14700.13
2014-02-19	14758.45
2014-02-20	14736.12
2014-02-21	14777.48
2014-02-22	14777.48
2014-02-23	14777.48
2014-02-24	14824.19
2014-02-25	14821.18
2014-02-26	14856.24
2014-02-27	14808.85
2014-02-28	14816.11
2014-03-01	14816.11
2014-03-02	14816.11
2014-03-03	14797.06
2014-03-04	14847.38
2014-03-05	14953.88
2014-03-06	14923.05
2014-03-07	14960.77
2014-03-08	14960.77
2014-03-09	14960.77
2014-03-10	14917.47
2014-03-11	14965.34
2014-03-12	14884.97
2014-03-13	14921.98
2014-03-14	14745.71
2014-03-15	14745.71
2014-03-16	14745.71
2014-03-17	14741.04
2014-03-18	14802.77
2014-03-19	14854.08
2014-03-20	14706.38
2014-03-21	14811.59
2014-03-22	14811.59
2014-03-23	14811.59
2014-03-24	14828.9
2014-03-25	14836.1
2014-03-26	14956.74
2014-03-27	14923.28
2014-03-28	14949.66
2014-03-29	14949.66
2014-03-30	14949.66
2014-03-31	15000.61
2014-04-01	14958.9
2014-04-02	14981.58
2014-04-03	15006.32
2014-04-04	15024.66
2014-04-05	15024.66
2014-04-06	15024.66
2014-04-07	15001.42
2014-04-08	14989.92
2014-04-09	15098.34
2014-04-10	15181.95
2014-04-11	15068.95
2014-04-12	15068.95
2014-04-13	15068.95
2014-04-14	14909.07
2014-04-15	14984.81
2014-04-16	15069.24
2014-04-17	15171.75
2014-04-18	15171.68
2014-04-19	15171.68
2014-04-20	15171.68
2014-04-21	15171.45
2014-04-22	15265.49
2014-04-23	15567.83
2014-04-24	15587.83
2014-04-25	15587.75
2014-04-26	15587.75
2014-04-27	15587.75
2014-04-28	15654.46
2014-04-29	15535.63
2014-04-30	15521.97
2014-05-01	15437.89
2014-05-02	15472.55
2014-05-03	15472.55
2014-05-04	15472.55
2014-05-05	15480.84
2014-05-06	15518.69
2014-05-07	15447.89
2014-05-08	15522.74
2014-05-09	15511.1
2014-05-10	15511.1
2014-05-11	15511.1
2014-05-12	15514.24
2014-05-13	15600.42
2014-05-14	15606.81
2014-05-15	15714.51
2014-05-16	15650.73
2014-05-17	15650.73
2014-05-18	15650.73
2014-05-19	15530.62
2014-05-20	15574.17
2014-05-21	15598.12
2014-05-22	15700.01
2014-05-23	15742.47
2014-05-24	15742.47
2014-05-25	15742.47
2014-05-26	15777.04
2014-05-27	15766.75
2014-05-28	15782.61
2014-05-29	15812.98
2014-05-30	15769.63
2014-05-31	15769.63
2014-06-01	15769.63
2014-06-02	15880.14
2014-06-03	15774.34
2014-06-04	15702.93
2014-06-05	15668.59
2014-06-06	15724.46
2014-06-07	15724.46
2014-06-08	15724.46
2014-06-09	15724.22
2014-06-10	15768.22
2014-06-11	15744.05
2014-06-12	15693.52
2014-06-13	15692.06
2014-06-14	15692.06
2014-06-15	15692.06
2014-06-16	15693.66
2014-06-17	15708.73
2014-06-18	15599.62
2014-06-19	15775.14
2014-06-20	15653.45
2014-06-21	15653.45
2014-06-22	15653.45
2014-06-23	15701.07
2014-06-24	15663.54
2014-06-25	15608.01
2014-06-26	15783.74
2014-06-27	15715.28
2014-06-28	15715.28
2014-06-29	15715.28
2014-06-30	15627.42
2014-07-01	15597.68
2014-07-02	15823.22
2014-07-03	15870.56
2014-07-04	15910.46
2014-07-05	15910.46
2014-07-06	15910.46
2014-07-07	15904.59
2014-07-08	15868.02
2014-07-09	15746.57
2014-07-10	15781.17
2014-07-11	15867.69
2014-07-12	15867.69
2014-07-13	15867.69
2014-07-14	15925.64
2014-07-15	15930.34
2014-07-16	15940.63
2014-07-17	15933.75
2014-07-18	15963.81
2014-07-19	15963.81
2014-07-20	15963.81
2014-07-21	15985.68
2014-07-22	15980.44
2014-07-23	16061.01
2014-07-24	16085.39
2014-07-25	16077.98
2014-07-26	16077.98
2014-07-27	16077.98
2014-07-28	16027.56
2014-07-29	16100.06
2014-07-30	16194.44
2014-07-31	16202.26
2014-08-01	16000.27
2014-08-02	16000.27
2014-08-03	16000.27
2014-08-04	15978.45
2014-08-05	15923.7
2014-08-06	15922.11
2014-08-07	15902.66
2014-08-08	15727.49
2014-08-09	15727.49
2014-08-10	15727.49
2014-08-11	15767.52
2014-08-12	15952.07
2014-08-13	15918.26
2014-08-14	16003.58
2014-08-15	16032.11
2014-08-16	16032.11
2014-08-17	16032.11
2014-08-18	16097.47
2014-08-19	16184.05
2014-08-20	16296.06
2014-08-21	16291.03
2014-08-22	16298.64
2014-08-23	16298.64
2014-08-24	16298.64
2014-08-25	16285.74
2014-08-26	16307.93
2014-08-27	16337.81
2014-08-28	16309.68
2014-08-29	16311.5
2014-08-30	16311.5
2014-08-31	16311.5
2014-09-01	16358.61
2014-09-02	16430.33
2014-09-03	16491.3
2014-09-04	16418.66
2014-09-05	16350.79
2014-09-06	16350.79
2014-09-07	16350.79
2014-09-08	16304.38
2014-09-09	16361.53
2014-09-10	16267.86
2014-09-11	16200.58
2014-09-12	16128.87
2014-09-13	16128.87
2014-09-14	16128.87
2014-09-15	15974.66
2014-09-16	15895.73
2014-09-17	15763.83
2014-09-18	15797.34
2014-09-19	15870.24
2014-09-20	15870.24
2014-09-21	15870.24
2014-09-22	15701.13
2014-09-23	15857.98
2014-09-24	15752.56
2014-09-25	15763.94
2014-09-26	15600.97
2014-09-27	15600.97
2014-09-28	15600.97
2014-09-29	15488.36
2014-09-30	15596.73
2014-10-01	15723.99
2014-10-02	15611.52
2014-10-03	15716.47
2014-10-04	15716.47
2014-10-05	15716.47
2014-10-06	15684.41
2014-10-07	15629.02
2014-10-08	15555.26
2014-10-09	15674.76
2014-10-10	15419.08
2014-10-11	15419.08
2014-10-12	15419.08
2014-10-13	15328.79
2014-10-14	15422.47
2014-10-15	15547.07
2014-10-16	15615.56
2014-10-17	15661.37
2014-10-18	15661.37
2014-10-19	15661.37
2014-10-20	15762.25
2014-10-21	15770.86
2014-10-22	15896.33
2014-10-23	15959.71
2014-10-24	16014.79
2014-10-25	16014.79
2014-10-26	16014.79
2014-10-27	16146.31
2014-10-28	16144.75
2014-10-29	16117.82
2014-10-30	16225.47
2014-10-31	16366.55
2014-11-01	16366.55
2014-11-02	16366.55
2014-11-03	16328.89
2014-11-04	16351.04
2014-11-05	16378.48
2014-11-06	16365.19
2014-11-07	16512.27
2014-11-08	16512.27
2014-11-09	16512.27
2014-11-10	16435.93
2014-11-11	16459.08
2014-11-12	16371.41
2014-11-13	16327.23
2014-11-14	16333.03
2014-11-15	16333.03
2014-11-16	16333.03
2014-11-17	16203.32
2014-11-18	16163.71
2014-11-19	16102.18
2014-11-20	16028.7
2014-11-21	15976.48
2014-11-22	15976.48
2014-11-23	15976.48
2014-11-24	16039.18
2014-11-25	16007.6
2014-11-26	16179.71
2014-11-27	16219.98
2014-11-28	16020.4
2014-11-29	16020.4
2014-11-30	16020.4
2014-12-01	15879.82
2014-12-02	16009.73
2014-12-03	16138.82
2014-12-04	16225.02
2014-12-05	16189.57
2014-12-06	16189.57
2014-12-07	16189.57
2014-12-08	16258.28
2014-12-09	16093.76
2014-12-10	16025.58
2014-12-11	16007.26
2014-12-12	16011.39
2014-12-13	16011.39
2014-12-14	16011.39
2014-12-15	15942.2
2014-12-16	15858.58
2014-12-17	15877.84
2014-12-18	15956.33
2014-12-19	16257.12
2014-12-20	16257.12
2014-12-21	16257.12
2014-12-22	16473.16
2014-12-23	16354.37
2014-12-24	16374.02
2014-12-25	16373.97
2014-12-26	16373.93
2014-12-27	16373.93
2014-12-28	16373.93
2014-12-29	16577.79
2014-12-30	16437.28
2014-12-31	16409.42
2015-01-01	16409.37
2015-01-02	16465.64
2015-01-03	16465.64
2015-01-04	16465.64
2015-01-05	16507.65
2015-01-06	16358.48
2015-01-07	16350.6
2015-01-08	16466.03
2015-01-09	16624.98
2015-01-10	16624.98
2015-01-11	16624.98
2015-01-12	16577.6
2015-01-13	16582.87
2015-01-14	16509.62
2015-01-15	16525.42
2015-01-16	16494.51
2015-01-17	16494.51
2015-01-18	16494.51
2015-01-19	16475.03
2015-01-20	16512.63
2015-01-21	16733.87
2015-01-22	16778.54
2015-01-23	16941.29
2015-01-24	16941.29
2015-01-25	16941.29
2015-01-26	16941.16
2015-01-27	17103.31
2015-01-28	17093.89
2015-01-29	17154.72
2015-01-30	17169.51
2015-01-31	17169.51
2015-02-01	17169.51
2015-02-02	17306.43
2015-02-03	17475.67
2015-02-04	17602.88
2015-02-05	17738.05
2015-02-06	17771.46
2015-02-07	17771.46
2015-02-08	17771.46
2015-02-09	17738.16
2015-02-10	17709.54
2015-02-11	17697.67
2015-02-12	17562.1
2015-02-13	17851.75
2015-02-14	17851.75
2015-02-15	17851.75
2015-02-16	17839.53
2015-02-17	17807.94
2015-02-18	17863.81
2015-02-19	17849.83
2015-02-20	17807.82
2015-02-21	17807.82
2015-02-22	17807.82
2015-02-23	17899.64
2015-02-24	17926.97
2015-02-25	17976.22
2015-02-26	17832.09
2015-02-27	17877.28
2015-02-28	17877.28
2015-03-01	17877.28
2015-03-02	17942.51
2015-03-03	17905.23
2015-03-04	17840.15
2015-03-05	17889.92
2015-03-06	17926.9
2015-03-07	17926.9
2015-03-08	17926.9
2015-03-09	17685.78
2015-03-10	17726.44
2015-03-11	17752.9
2015-03-12	17930.03
2015-03-13	17814.55
2015-03-14	17814.55
2015-03-15	17814.55
2015-03-16	17785.08
2015-03-17	17932.29
2015-03-18	17945.61
2015-03-19	18252.12
2015-03-20	18299.27
2015-03-21	18299.27
2015-03-22	18299.27
2015-03-23	18222.74
2015-03-24	18271.98
2015-03-25	18298.9
2015-03-26	18025.2
2015-03-27	18207.6
2015-03-28	18207.6
2015-03-29	18207.6
2015-03-30	18025.52
2015-03-31	18084.45
2015-04-01	18049.53
2015-04-02	18108.08
2015-04-03	18108.03
2015-04-04	18108.03
2015-04-05	18108.03
2015-04-06	18107.89
2015-04-07	18181.95
2015-04-08	18237.33
2015-04-09	18203.91
2015-04-10	18340.93
2015-04-11	18340.93
2015-04-12	18340.93
2015-04-13	18377.55
2015-04-14	18327.72
2015-04-15	18201.24
2015-04-16	18251.97
2015-04-17	18056.03
2015-04-18	18056.03
2015-04-19	18056.03
2015-04-20	17958.08
2015-04-21	18038.29
2015-04-22	17967.75
2015-04-23	17963.92
2015-04-24	18178.72
2015-04-25	18178.72
2015-04-26	18178.72
2015-04-27	18275.5
2015-04-28	18232.84
2015-04-29	17911.88
2015-04-30	17806.2
2015-05-01	17809.09
2015-05-02	17809.09
2015-05-03	17809.09
2015-05-04	17776.64
2015-05-05	17866.55
2015-05-06	17417.31
2015-05-07	17238.47
2015-05-08	17319.76
2015-05-09	17319.76
2015-05-10	17319.76
2015-05-11	17236.49
2015-05-12	17356.33
2015-05-13	17554.85
2015-05-14	17528.17
2015-05-15	17706.84
2015-05-16	17706.84
2015-05-17	17706.84
2015-05-18	17516.98
2015-05-19	17382.52
2015-05-20	17560.8
2015-05-21	17647.5
2015-05-22	17641.83
2015-05-23	17641.83
2015-05-24	17641.83
2015-05-25	17825.97
2015-05-26	17927.44
2015-05-27	17776.85
2015-05-28	17763.25
2015-05-29	17921.52
2015-05-30	17921.52
2015-05-31	17921.52
2015-06-01	17795.38
2015-06-02	17554.36
2015-06-03	17437.74
2015-06-04	17193.68
2015-06-05	17193.12
2015-06-06	17193.12
2015-06-07	17193.12
2015-06-08	17192.98
2015-06-09	17135.69
2015-06-10	17114.46
2015-06-11	17261.7
2015-06-12	17247.98
2015-06-13	17247.98
2015-06-14	17247.98
2015-06-15	17270.03
2015-06-16	17343.53
2015-06-17	17487.51
2015-06-18	17318.02
2015-06-19	17510.7
2015-06-20	17510.7
2015-06-21	17510.7
2015-06-22	17568.75
2015-06-23	17784.86
2015-06-24	17793.33
2015-06-25	17670.88
2015-06-26	17509.34
2015-06-27	17509.34
2015-06-28	17509.34
2015-06-29	17156.19
2015-06-30	17260.3
2015-07-01	17460.35
2015-07-02	17684.64
2015-07-03	17577.53
2015-07-04	17577.53
2015-07-05	17577.53
2015-07-06	17441.35
2015-07-07	17765.4
2015-07-08	17476.55
2015-07-09	17435.4
2015-07-10	17460.95
2015-07-11	17460.95
2015-07-12	17460.95
2015-07-13	17420.44
2015-07-14	17686.4
2015-07-15	17844.59
2015-07-16	17982.05
2015-07-17	17984.86
2015-07-18	17984.86
2015-07-19	17984.86
2015-07-20	18051.06
2015-07-21	18133.13
2015-07-22	17866.07
2015-07-23	17871.23
2015-07-24	17794.85
2015-07-25	17794.85
2015-07-26	17794.85
2015-07-27	17828.97
2015-07-28	17823.89
2015-07-29	17893.43
2015-07-30	18033.86
2015-07-31	18113.17
2015-08-01	18113.17
2015-08-02	18113.17
2015-08-03	18082.06
2015-08-04	18187.31
2015-08-05	18093.73
2015-08-06	17917.08
2015-08-07	17562.26
2015-08-08	17562.26
2015-08-09	17562.26
2015-08-10	17734.75
2015-08-11	17558.3
2015-08-12	17372.56
2015-08-13	17373.84
2015-08-14	17308.17
2015-08-15	17308.17
2015-08-16	17308.17
2015-08-17	17360.67
2015-08-18	17225.86
2015-08-19	17453.89
2015-08-20	17258.93
2015-08-21	16975.61
2015-08-22	16975.61
2015-08-23	16975.61
2015-08-24	16374.62
2015-08-25	16890.94
2015-08-26	16928.78
2015-08-27	17095.05
2015-08-28	17094.43
2015-08-29	17094.43
2015-08-30	17094.43
2015-08-31	16932.26
2015-09-01	16634.06
2015-09-02	16681.3
2015-09-03	16424.88
2015-09-04	16486.99
2015-09-05	16486.99
2015-09-06	16486.99
2015-09-07	16475.2
2015-09-08	16715.93
2015-09-09	17042.33
2015-09-10	16674.55
2015-09-11	16625.81
2015-09-12	16625.81
2015-09-13	16625.81
2015-09-14	16737.01
2015-09-15	16514.02
2015-09-16	16767.42
2015-09-17	16831.56
2015-09-18	16935.1
2015-09-19	16935.1
2015-09-20	16935.1
2015-09-21	16647.94
2015-09-22	16830.55
2015-09-23	16562.3
2015-09-24	16839.61
2015-09-25	16741.71
2015-09-26	16741.71
2015-09-27	16741.71
2015-09-28	16959.16
2015-09-29	16411.82
2015-09-30	16723.6
2015-10-01	16986.98
2015-10-02	16764.5
2015-10-03	16764.5
2015-10-04	16764.5
2015-10-05	17013.12
2015-10-06	17048.09
2015-10-07	17065.72
2015-10-08	17033.69
2015-10-09	17220.38
2015-10-10	17220.38
2015-10-11	17220.38
2015-10-12	17078.82
2015-10-13	17098.0
2015-10-14	17107.09
2015-10-15	17172.09
2015-10-16	17328.37
2015-10-17	17328.37
2015-10-18	17328.37
2015-10-19	17317.89
2015-10-20	17316.2
2015-10-21	17341.37
2015-10-22	17395.71
2015-10-23	17682.0
2015-10-24	17682.0
2015-10-25	17682.0
2015-10-26	17632.2
2015-10-27	17683.11
2015-10-28	17691.48
2015-10-29	17455.95
2015-10-30	17366.59
2015-10-31	17366.59
2015-11-01	17366.59
2015-11-02	17124.36
2015-11-03	17309.15
2015-11-04	17280.1
2015-11-05	17136.97
2015-11-06	17248.59
2015-11-07	17248.59
2015-11-08	17248.59
2015-11-09	16974.99
2015-11-10	16934.5
2015-11-11	17100.22
2015-11-12	17151.52
2015-11-13	16951.31
2015-11-14	16951.31
2015-11-15	16951.31
2015-11-16	16800.69
2015-11-17	17156.19
2015-11-18	17217.19
2015-11-19	17523.73
2015-11-20	17592.19
2015-11-21	17592.19
2015-11-22	17592.19
2015-11-23	17689.06
2015-11-24	17546.17
2015-11-25	17451.25
2015-11-26	17552.95
2015-11-27	17512.84
2015-11-28	17512.84
2015-11-29	17512.84
2015-11-30	17419.21
2015-12-01	17669.3
2015-12-02	17639.77
2015-12-03	17579.54
2015-12-04	17357.68
2015-12-05	17357.68
2015-12-06	17357.68
2015-12-07	17397.01
2015-12-08	17373.35
2015-12-09	17278.01
2015-12-10	17124.39
2015-12-11	17092.53
2015-12-12	17092.53
2015-12-13	17092.53
2015-12-14	16791.72
2015-12-15	16759.25
2015-12-16	17064.07
2015-12-17	17284.78
2015-12-18	17322.06
2015-12-19	17322.06
2015-12-20	17322.06
2015-12-21	17336.67
2015-12-22	17356.0
2015-12-23	17405.25
2015-12-24	17577.06
2015-12-25	17575.04
2015-12-26	17575.04
2015-12-27	17575.04
2015-12-28	17574.9
2015-12-29	17826.18
2015-12-30	17987.27
2015-12-31	17937.52
2016-01-01	17937.52
2016-01-02	17937.52
2016-01-03	17937.52
2016-01-04	17808.83
2016-01-05	17579.15
2016-01-06	17454.55
2016-01-07	17138.21
2016-01-08	17058.25
2016-01-09	17058.25
2016-01-10	17058.25
2016-01-11	16906.92
2016-01-12	16979.42
2016-01-13	17162.44
2016-01-14	16928.26
2016-01-15	16902.21
2016-01-16	16902.21
2016-01-17	16902.21
2016-01-18	16859.98
2016-01-19	17019.97
2016-01-20	16900.13
2016-01-21	17018.78
2016-01-22	17072.47
2016-01-23	17072.47
2016-01-24	17072.47
2016-01-25	17386.84
2016-01-26	17386.79
2016-01-27	17218.81
2016-01-28	17313.04
2016-01-29	17385.41
2016-01-30	17385.41
2016-01-31	17385.41
2016-02-01	17475.58
2016-02-02	17343.86
2016-02-03	17063.5
2016-02-04	17285.81
2016-02-05	17172.39
2016-02-06	17172.39
2016-02-07	17172.39
2016-02-08	17160.88
2016-02-09	16768.42
2016-02-10	16604.07
2016-02-11	16769.53
2016-02-12	16576.96
2016-02-13	16576.96
2016-02-14	16576.96
2016-02-15	16743.94
2016-02-16	16920.63
2016-02-17	16874.87
2016-02-18	17156.29
2016-02-19	17018.61
2016-02-20	17018.61
2016-02-21	17018.61
2016-02-22	17134.42
2016-02-23	17016.31
2016-02-24	16751.2
2016-02-25	16786.5
2016-02-26	16803.76
2016-02-27	16803.76
2016-02-28	16803.76
2016-02-29	16786.88
2016-03-01	16903.03
2016-03-02	17141.11
2016-03-03	17258.02
2016-03-04	17270.04
2016-03-05	17270.04
2016-03-06	17270.04
2016-03-07	17362.66
2016-03-08	17248.36
2016-03-09	17472.91
2016-03-10	17477.25
2016-03-11	17561.21
2016-03-12	17561.21
2016-03-13	17561.21
2016-03-14	17635.75
2016-03-15	17421.98
2016-03-16	17454.77
2016-03-17	17532.11
2016-03-18	17564.07
2016-03-19	17564.07
2016-03-20	17564.07
2016-03-21	17500.03
2016-03-22	17494.22
2016-03-23	17462.39
2016-03-24	17265.41
2016-03-25	17265.29
2016-03-26	17265.29
2016-03-27	17265.29
2016-03-28	17265.03
2016-03-29	17028.64
2016-03-30	17105.24
2016-03-31	17331.38
2016-04-01	16994.21
2016-04-02	16994.21
2016-04-03	16994.21
2016-04-04	17045.7
2016-04-05	16869.31
2016-04-06	16892.48
2016-04-07	16949.46
2016-04-08	16844.82
2016-04-09	16844.82
2016-04-10	16844.82
2016-04-11	16794.05
2016-04-12	16909.85
2016-04-13	17078.46
2016-04-14	17254.35
2016-04-15	17369.55
2016-04-16	17369.55
2016-04-17	17369.55
2016-04-18	17350.71
2016-04-19	17408.42
2016-04-20	17460.85
2016-04-21	17572.36
2016-04-22	17506.78
2016-04-23	17506.78
2016-04-24	17506.78
2016-04-25	17506.51
2016-04-26	17537.64
2016-04-27	17401.91
2016-04-28	17479.5
2016-04-29	17498.62
2016-04-30	17498.62
2016-05-01	17498.62
2016-05-02	17422.88
2016-05-03	17829.51
2016-05-04	17716.89
2016-05-05	17788.0
2016-05-06	17910.85
2016-05-07	17910.85
2016-05-08	17910.85
2016-05-09	18048.76
2016-05-10	18236.68
2016-05-11	18272.88
2016-05-12	18202.57
2016-05-13	18096.69
2016-05-14	18096.69
2016-05-15	18096.69
2016-05-16	18186.46
2016-05-17	18311.19
2016-05-18	18135.48
2016-05-19	18104.21
2016-05-20	18126.99
2016-05-21	18126.99
2016-05-22	18126.99
2016-05-23	18045.43
2016-05-24	17977.82
2016-05-25	18199.56
2016-05-26	18165.29
2016-05-27	18228.37
2016-05-28	18228.37
2016-05-29	18228.37
2016-05-30	18248.5
2016-05-31	18134.19
2016-06-01	18076.01
2016-06-02	17937.72
2016-06-03	18075.07
2016-06-04	18075.07
2016-06-05	18075.07
2016-06-06	18128.52
2016-06-07	18119.66
2016-06-08	18104.8
2016-06-09	18075.79
2016-06-10	18004.48
2016-06-11	18004.48
2016-06-12	18004.48
2016-06-13	18004.21
2016-06-14	17744.94
2016-06-15	17599.22
2016-06-16	17667.32
2016-06-17	17733.83
2016-06-18	17733.83
2016-06-19	17733.83
2016-06-20	17972.31
2016-06-21	18069.97
2016-06-22	18074.1
2016-06-23	18079.08
2016-06-24	17620.59
2016-06-25	17620.59
2016-06-26	17620.59
2016-06-27	17737.63
2016-06-28	17670.13
2016-06-29	17781.63
2016-06-30	18052.94
2016-07-01	18007.43
2016-07-02	18007.43
2016-07-03	18007.43
2016-07-04	18082.23
2016-07-05	17916.45
2016-07-06	17871.93
2016-07-07	17934.17
2016-07-08	17917.4
2016-07-09	17917.4
2016-07-10	17917.4
2016-07-11	18210.88
2016-07-12	18189.27
2016-07-13	18232.14
2016-07-14	18368.55
2016-07-15	18403.86
2016-07-16	18403.86
2016-07-17	18403.86
2016-07-18	18517.07
2016-07-19	18585.18
2016-07-20	18760.72
2016-07-21	18829.41
2016-07-22	18785.16
2016-07-23	18785.16
2016-07-24	18785.16
2016-07-25	18935.29
2016-07-26	18956.65
2016-07-27	18917.07
2016-07-28	18956.16
2016-07-29	19034.38
2016-07-30	19034.38
2016-07-31	19034.38
2016-08-01	19079.04
2016-08-02	18985.93
2016-08-03	18687.63
2016-08-04	18732.69
2016-08-05	18715.02
2016-08-06	18715.02
2016-08-07	18715.02
2016-08-08	18800.92
2016-08-09	18858.02
2016-08-10	18814.19
2016-08-11	18686.13
2016-08-12	18718.89
2016-08-13	18718.89
2016-08-14	18718.89
2016-08-15	18818.52
2016-08-16	18693.94
2016-08-17	18820.25
2016-08-18	18677.38
2016-08-19	18805.89
2016-08-20	18805.89
2016-08-21	18805.89
2016-08-22	18844.24
2016-08-23	18967.83
2016-08-24	18998.39
2016-08-25	19047.25
2016-08-26	18947.32
2016-08-27	18947.32
2016-08-28	18947.32
2016-08-29	18798.66
2016-08-30	18794.86
2016-08-31	18694.16
2016-09-01	18689.34
2016-09-02	18506.3
2016-09-03	18506.3
2016-09-04	18506.3
2016-09-05	18638.66
2016-09-06	18583.28
2016-09-07	18655.34
2016-09-08	18543.66
2016-09-09	18328.02
2016-09-10	18328.02
2016-09-11	18328.02
2016-09-12	17956.23
2016-09-13	17937.72
2016-09-14	18040.7
2016-09-15	18016.59
2016-09-16	18285.37
2016-09-17	18285.37
2016-09-18	18285.37
2016-09-19	18222.61
2016-09-20	18247.49
2016-09-21	18405.01
2016-09-22	18396.02
2016-09-23	18602.83
2016-09-24	18602.83
2016-09-25	18602.83
2016-09-26	18561.03
2016-09-27	18486.08
2016-09-28	18542.16
2016-09-29	18642.01
2016-09-30	18530.95
2016-10-01	18530.95
2016-10-02	18530.95
2016-10-03	18628.58
2016-10-04	18571.66
2016-10-05	18416.46
2016-10-06	18515.66
2016-10-07	18427.22
2016-10-08	18427.22
2016-10-09	18427.22
2016-10-10	18424.73
2016-10-11	18411.21
2016-10-12	18407.93
2016-10-13	18350.44
2016-10-14	18400.57
2016-10-15	18400.57
2016-10-16	18400.57
2016-10-17	18245.76
2016-10-18	18327.21
2016-10-19	18484.35
2016-10-20	18511.92
2016-10-21	18513.93
2016-10-22	18513.93
2016-10-23	18513.93
2016-10-24	18461.77
2016-10-25	18544.17
2016-10-26	18256.39
2016-10-27	18118.91
2016-10-28	18043.21
2016-10-29	18043.21
2016-10-30	18043.21
2016-10-31	18146.2
2016-11-01	18092.97
2016-11-02	17907.1
2016-11-03	17879.89
2016-11-04	17752.29
2016-11-05	17752.29
2016-11-06	17752.29
2016-11-07	17963.05
2016-11-08	17915.44
2016-11-09	17654.3
2016-11-10	17935.92
2016-11-11	17958.0
2016-11-12	17958.0
2016-11-13	17958.0
2016-11-14	17980.52
2016-11-15	17914.1
2016-11-16	17987.37
2016-11-17	18100.52
2016-11-18	18138.69
2016-11-19	18138.69
2016-11-20	18138.69
2016-11-21	18095.02
2016-11-22	18248.2
2016-11-23	18470.26
2016-11-24	18499.97
2016-11-25	18579.76
2016-11-26	18579.76
2016-11-27	18579.76
2016-11-28	18533.97
2016-11-29	18565.66
2016-11-30	18641.11
2016-12-01	18599.87
2016-12-02	18447.43
2016-12-03	18447.43
2016-12-04	18447.43
2016-12-05	18459.79
2016-12-06	18525.91
2016-12-07	18696.8
2016-12-08	18878.96
2016-12-09	18938.56
2016-12-10	18938.56
2016-12-11	18938.56
2016-12-12	18956.79
2016-12-13	18960.8
2016-12-14	19092.31
2016-12-15	18987.32
2016-12-16	19020.09
2016-12-17	19020.09
2016-12-18	19020.09
2016-12-19	19153.97
2016-12-20	19230.36
2016-12-21	19212.18
2016-12-22	19334.46
2016-12-23	19291.47
2016-12-24	19291.47
2016-12-25	19291.47
2016-12-26	19291.18
2016-12-27	19291.08
2016-12-28	19439.59
2016-12-29	19529.87
2016-12-30	19375.21
2016-12-31	19375.21
2017-01-01	19375.21
2017-01-02	19374.92
2017-01-03	19591.28
2017-01-04	19584.68
2017-01-05	19613.32
2017-01-06	19684.67
2017-01-07	19684.67
2017-01-08	19684.67
2017-01-09	19854.18
2017-01-10	19698.77
2017-01-11	19688.66
2017-01-12	19656.17
2017-01-13	19519.72
2017-01-14	19519.72
2017-01-15	19519.72
2017-01-16	19628.83
2017-01-17	19465.04
2017-01-18	19397.03
2017-01-19	19354.21
2017-01-20	19283.38
2017-01-21	19283.38
2017-01-22	19283.38
2017-01-23	19180.22
2017-01-24	19218.45
2017-01-25	19181.04
2017-01-26	19180.94
2017-01-27	19322.25
2017-01-28	19322.25
2017-01-29	19322.25
2017-01-30	19157.49
2017-01-31	19094.73
2017-02-01	19227.95
2017-02-02	19161.83
2017-02-03	19175.51
2017-02-04	19175.51
2017-02-05	19175.51
2017-02-06	19135.87
2017-02-07	19222.78
2017-02-08	19315.57
2017-02-09	19414.77
2017-02-10	19559.04
2017-02-11	19559.04
2017-02-12	19559.04
2017-02-13	19679.1
2017-02-14	19614.8
2017-02-15	19776.53
2017-02-16	19676.84
2017-02-17	19726.69
2017-02-18	19726.69
2017-02-19	19726.69
2017-02-20	19720.69
2017-02-21	19713.51
2017-02-22	19845.9
2017-02-23	19828.78
2017-02-24	19760.6
2017-02-25	19760.6
2017-02-26	19760.6
2017-02-27	19719.2
2017-02-28	19689.1
2017-03-01	19754.65
2017-03-02	19868.03
2017-03-03	19734.81
2017-03-04	19734.81
2017-03-05	19734.81
2017-03-06	19781.36
2017-03-07	19892.24
2017-03-08	19917.32
2017-03-09	19934.44
2017-03-10	20071.31
2017-03-11	20071.31
2017-03-12	20071.31
2017-03-13	20003.71
2017-03-14	19943.0
2017-03-15	19991.21
2017-03-16	19941.2
2017-03-17	19997.35
2017-03-18	19997.35
2017-03-19	19997.35
2017-03-20	19892.81
2017-03-21	19916.62
2017-03-22	19655.76
2017-03-23	19756.42
2017-03-24	19926.24
2017-03-25	19926.24
2017-03-26	19926.24
2017-03-27	19958.09
2017-03-28	20198.03
2017-03-29	20364.42
2017-03-30	20409.01
2017-03-31	20318.26
2017-04-01	20318.26
2017-04-02	20318.26
2017-04-03	20338.8
2017-04-04	20255.19
2017-04-05	20257.15
2017-04-06	20168.03
2017-04-07	20201.12
2017-04-08	20201.12
2017-04-09	20201.12
2017-04-10	20276.58
2017-04-11	20297.1
2017-04-12	20357.59
2017-04-13	20307.26
2017-04-14	20307.16
2017-04-15	20307.16
2017-04-16	20307.16
2017-04-17	20306.86
2017-04-18	20194.84
2017-04-19	20031.99
2017-04-20	20159.39
2017-04-21	20310.67
2017-04-22	20310.67
2017-04-23	20310.67
2017-04-24	20388.9
2017-04-25	20388.8
2017-04-26	20507.57
2017-04-27	20540.81
2017-04-28	20571.07
2017-04-29	20571.07
2017-04-30	20571.07
2017-05-01	20753.41
2017-05-02	20693.38
2017-05-03	20517.26
2017-05-04	20507.82
2017-05-05	20456.77
2017-05-06	20456.77
2017-05-07	20456.77
2017-05-08	20546.51
2017-05-09	20363.33
2017-05-10	20404.76
2017-05-11	20427.22
2017-05-12	20292.57
2017-05-13	20292.57
2017-05-14	20292.57
2017-05-15	20326.48
2017-05-16	20425.4
2017-05-17	20161.98
2017-05-18	20123.38
2017-05-19	20022.54
2017-05-20	20022.54
2017-05-21	20022.54
2017-05-22	20120.0
2017-05-23	20098.26
2017-05-24	20136.47
2017-05-25	20156.77
2017-05-26	20102.64
2017-05-27	20102.64
2017-05-28	20102.64
2017-05-29	20008.06
2017-05-30	20068.48
2017-05-31	20122.83
2017-06-01	20188.88
2017-06-02	20372.73
2017-06-03	20372.73
2017-06-04	20372.73
2017-06-05	20264.75
2017-06-06	19936.94
2017-06-07	19881.9
2017-06-08	19854.09
2017-06-09	19850.24
2017-06-10	19850.24
2017-06-11	19850.24
2017-06-12	19849.95
2017-06-13	20156.78
2017-06-14	20348.13
2017-06-15	20200.79
2017-06-16	20218.43
2017-06-17	20218.43
2017-06-18	20218.43
2017-06-19	20306.93
2017-06-20	20149.21
2017-06-21	19923.56
2017-06-22	20056.95
2017-06-23	20060.11
2017-06-24	20060.11
2017-06-25	20060.11
2017-06-26	20240.59
2017-06-27	20190.97
2017-06-28	20275.1
2017-06-29	20420.55
2017-06-30	20118.41
2017-07-01	20118.41
2017-07-02	20118.41
2017-07-03	20026.33
2017-07-04	20394.0
2017-07-05	20236.38
2017-07-06	20203.33
2017-07-07	20003.39
2017-07-08	20003.39
2017-07-09	20003.39
2017-07-10	20086.98
2017-07-11	20082.22
2017-07-12	19904.82
2017-07-13	20117.58
2017-07-14	20237.0
2017-07-15	20237.0
2017-07-16	20237.0
2017-07-17	20151.4
2017-07-18	19924.88
2017-07-19	20125.47
2017-07-20	20285.63
2017-07-21	20156.73
2017-07-22	20156.73
2017-07-23	20156.73
2017-07-24	20055.03
2017-07-25	20179.39
2017-07-26	20227.08
2017-07-27	20261.81
2017-07-28	19980.33
2017-07-29	19980.33
2017-07-30	19980.33
2017-07-31	20056.12
2017-08-01	20221.92
2017-08-02	20127.87
2017-08-03	20138.03
2017-08-04	20087.49
2017-08-05	20087.49
2017-08-06	20087.49
2017-08-07	20212.36
2017-08-08	20093.17
2017-08-09	20137.03
2017-08-10	20128.99
2017-08-11	19989.03
2017-08-12	19989.03
2017-08-13	19989.03
2017-08-14	20076.71
2017-08-15	20213.61
2017-08-16	20397.4
2017-08-17	20304.65
2017-08-18	20228.86
2017-08-19	20228.86
2017-08-20	20228.86
2017-08-21	20188.29
2017-08-22	20294.17
2017-08-23	20282.84
2017-08-24	20260.32
2017-08-25	20230.99
2017-08-26	20230.99
2017-08-27	20230.99
2017-08-28	20099.71
2017-08-29	19947.47
2017-08-30	19988.97
2017-08-31	20145.92
2017-09-01	20137.34
2017-09-02	20137.34
2017-09-03	20137.34
2017-09-04	20063.44
2017-09-05	20067.68
2017-09-06	19964.68
2017-09-07	19997.3
2017-09-08	19939.33
2017-09-09	19939.33
2017-09-10	19939.33
2017-09-11	20148.6
2017-09-12	20210.76
2017-09-13	20139.18
2017-09-14	20124.43
2017-09-15	20015.83
2017-09-16	20015.83
2017-09-17	20015.83
2017-09-18	20116.26
2017-09-19	20108.7
2017-09-20	20089.98
2017-09-21	19895.09
2017-09-22	20021.57
2017-09-23	20021.57
2017-09-24	20021.57
2017-09-25	20043.96
2017-09-26	20014.18
2017-09-27	19951.12
2017-09-28	19960.92
2017-09-29	20002.61
2017-09-30	20002.61
2017-10-01	20002.61
2017-10-02	20087.47
2017-10-03	19989.27
2017-10-04	19788.54
2017-10-05	19771.22
2017-10-06	19956.76
2017-10-07	19956.76
2017-10-08	19956.76
2017-10-09	20044.02
2017-10-10	20019.26
2017-10-11	20152.15
2017-10-12	20266.18
2017-10-13	20319.46
2017-10-14	20319.46
2017-10-15	20319.46
2017-10-16	20375.76
2017-10-17	20463.33
2017-10-18	20455.27
2017-10-19	20519.76
2017-10-20	20574.06
2017-10-21	20574.06
2017-10-22	20574.06
2017-10-23	20504.71
2017-10-24	20518.4
2017-10-25	20442.15
2017-10-26	20445.82
2017-10-27	20423.61
2017-10-28	20423.61
2017-10-29	20423.61
2017-10-30	20488.77
2017-10-31	20471.7
2017-11-01	20570.16
2017-11-02	20492.29
2017-11-03	20564.55
2017-11-04	20564.55
2017-11-05	20564.55
2017-11-06	20559.2
2017-11-07	20672.83
2017-11-08	20719.59
2017-11-09	20828.09
2017-11-10	20840.92
2017-11-11	20840.92
2017-11-12	20840.92
2017-11-13	20844.43
2017-11-14	20698.17
2017-11-15	20639.75
2017-11-16	20645.35
2017-11-17	20694.08
2017-11-18	20694.08
2017-11-19	20694.08
2017-11-20	20623.09
2017-11-21	20701.47
2017-11-22	20760.49
2017-11-23	20765.17
2017-11-24	20761.16
2017-11-25	20761.16
2017-11-26	20761.16
2017-11-27	20787.17
2017-11-28	20793.51
2017-11-29	20854.99
2017-11-30	20796.2
2017-12-01	20834.5
2017-12-02	20834.5
2017-12-03	20834.5
2017-12-04	20808.69
2017-12-05	20822.47
2017-12-06	20812.26
2017-12-07	20888.86
2017-12-08	20888.52
2017-12-09	20888.52
2017-12-10	20888.52
2017-12-11	20883.22
2017-12-12	20938.11
2017-12-13	20947.13
2017-12-14	20920.81
2017-12-15	20922.54
2017-12-16	20922.54
2017-12-17	20922.54
2017-12-18	21015.3
2017-12-19	21050.2
2017-12-20	20988.19
2017-12-21	20865.99
2017-12-22	20873.8
2017-12-23	20873.8
2017-12-24	20873.8
2017-12-25	20873.49
2017-12-26	20873.39
2017-12-27	20888.56
2017-12-28	20986.45
2017-12-29	20898.13
2017-12-30	20898.13
2017-12-31	20898.13
2018-01-01	20897.82
2018-01-02	20897.61
2018-01-03	20908.01
2018-01-04	20889.31
2018-01-05	21054.85
2018-01-06	21054.85
2018-01-07	21054.85
2018-01-08	21076.54
2018-01-09	21084.32
2018-01-10	20917.41
2018-01-11	20879.48
2018-01-12	20836.27
2018-01-13	20836.27
2018-01-14	20836.27
2018-01-15	20791.74
2018-01-16	20688.46
2018-01-17	20661.56
2018-01-18	20698.5
2018-01-19	20645.51
2018-01-20	20645.51
2018-01-21	20645.51
2018-01-22	20616.75
2018-01-23	20752.68
2018-01-24	20798.08
2018-01-25	20752.58
2018-01-26	20752.48
2018-01-27	20752.48
2018-01-28	20752.48
2018-01-29	20830.51
2018-01-30	20665.03
2018-01-31	20751.51
2018-02-01	20887.83
2018-02-02	20968.98
2018-02-03	20968.98
2018-02-04	20968.98
2018-02-05	20681.81
2018-02-06	20128.13
2018-02-07	20261.05
2018-02-08	20315.79
2018-02-09	20157.34
2018-02-10	20157.34
2018-02-11	20157.34
2018-02-12	19999.03
2018-02-13	20077.75
2018-02-14	20054.73
2018-02-15	20159.61
2018-02-16	20209.88
2018-02-17	20209.88
2018-02-18	20209.88
2018-02-19	20296.38
2018-02-20	20323.97
2018-02-21	20343.66
2018-02-22	20265.77
2018-02-23	20365.05
2018-02-24	20365.05
2018-02-25	20365.05
2018-02-26	20548.2
2018-02-27	20534.49
2018-02-28	20486.71
2018-03-01	20432.72
2018-03-02	20337.39
2018-03-03	20337.39
2018-03-04	20337.39
2018-03-05	20250.38
2018-03-06	20432.39
2018-03-07	20254.77
2018-03-08	20423.46
2018-03-09	20541.11
2018-03-10	20541.11
2018-03-11	20541.11
2018-03-12	20610.07
2018-03-13	20555.19
2018-03-14	20408.93
2018-03-15	20316.75
2018-03-16	20414.18
2018-03-17	20414.18
2018-03-18	20414.18
2018-03-19	20390.6
2018-03-20	20335.03
2018-03-21	20369.5
2018-03-22	20215.32
2018-03-23	19935.66
2018-03-24	19935.66
2018-03-25	19935.66
2018-03-26	19892.89
2018-03-27	20032.93
2018-03-28	19969.75
2018-03-29	19934.94
2018-03-30	19934.84
2018-03-31	19934.84
2018-04-01	19934.84
2018-04-02	19934.55
2018-04-03	19820.4
2018-04-04	19829.81
2018-04-05	19947.58
2018-04-06	19943.57
2018-04-07	19943.57
2018-04-08	19943.57
2018-04-09	19997.08
2018-04-10	20147.49
2018-04-11	20015.77
2018-04-12	19948.94
2018-04-13	19943.01
2018-04-14	19943.01
2018-04-15	19943.01
2018-04-16	19993.45
2018-04-17	19967.49
2018-04-18	20026.26
2018-04-19	19982.73
2018-04-20	19991.32
2018-04-21	19991.32
2018-04-22	19991.32
2018-04-23	20060.68
2018-04-24	20267.56
2018-04-25	20267.45
2018-04-26	20243.83
2018-04-27	20404.45
2018-04-28	20404.45
2018-04-29	20404.45
2018-04-30	20502.0
2018-05-01	20641.87
2018-05-02	20677.45
2018-05-03	20823.81
2018-05-04	20628.54
2018-05-05	20628.54
2018-05-06	20628.54
2018-05-07	20719.79
2018-05-08	20761.45
2018-05-09	20791.84
2018-05-10	20799.55
2018-05-11	20737.43
2018-05-12	20737.43
2018-05-13	20737.43
2018-05-14	20834.58
2018-05-15	20669.44
2018-05-16	20709.44
2018-05-17	20677.79
2018-05-18	20683.42
2018-05-19	20683.42
2018-05-20	20683.42
2018-05-21	20695.86
2018-05-22	20599.5
2018-05-23	20670.51
2018-05-24	20695.11
2018-05-25	20719.31
2018-05-26	20719.31
2018-05-27	20719.31
2018-05-28	20674.53
2018-05-29	20983.47
2018-05-30	20919.36
2018-05-31	20959.17
2018-06-01	20833.91
2018-06-02	20833.91
2018-06-03	20833.91
2018-06-04	20897.25
2018-06-05	20808.28
2018-06-06	20876.9
2018-06-07	20930.94
2018-06-08	20851.54
2018-06-09	20851.54
2018-06-10	20851.54
2018-06-11	20851.23
2018-06-12	20982.1
2018-06-13	21117.23
2018-06-14	21046.65
2018-06-15	21349.6
2018-06-16	21349.6
2018-06-17	21349.6
2018-06-18	21464.34
2018-06-19	21476.36
2018-06-20	21688.61
2018-06-21	21837.41
2018-06-22	21891.02
2018-06-23	21891.02
2018-06-24	21891.02
2018-06-25	21852.56
2018-06-26	21831.49
2018-06-27	21813.78
2018-06-28	21961.43
2018-06-29	21874.15
2018-06-30	21874.15
2018-07-01	21874.15
2018-07-02	21850.55
2018-07-03	22028.41
2018-07-04	21929.79
2018-07-05	22133.49
2018-07-06	22227.79
2018-07-07	22227.79
2018-07-08	22227.79
2018-07-09	22219.59
2018-07-10	22095.73
2018-07-11	21986.96
2018-07-12	22125.63
2018-07-13	22069.37
2018-07-14	22069.37
2018-07-15	22069.37
2018-07-16	22044.18
2018-07-17	21954.85
2018-07-18	22045.74
2018-07-19	22012.35
2018-07-20	22127.03
2018-07-21	22127.03
2018-07-22	22127.03
2018-07-23	21963.96
2018-07-24	22025.01
2018-07-25	21884.33
2018-07-26	21885.98
2018-07-27	22116.45
2018-07-28	22116.45
2018-07-29	22116.45
2018-07-30	22043.19
2018-07-31	22064.64
2018-08-01	21959.88
2018-08-02	21896.72
2018-08-03	21888.33
2018-08-04	21888.33
2018-08-05	21888.33
2018-08-06	22041.75
2018-08-07	22040.88
2018-08-08	22089.62
2018-08-09	22205.82
2018-08-10	22151.9
2018-08-11	22151.9
2018-08-12	22151.9
2018-08-13	22119.68
2018-08-14	22311.44
2018-08-15	22478.31
2018-08-16	22531.47
2018-08-17	22568.45
2018-08-18	22568.45
2018-08-19	22568.45
2018-08-20	22548.96
2018-08-21	22321.58
2018-08-22	22294.4
2018-08-23	22024.5
2018-08-24	22006.14
2018-08-25	22006.14
2018-08-26	22006.14
2018-08-27	22091.64
2018-08-28	22195.46
2018-08-29	22344.73
2018-08-30	22366.53
2018-08-31	22337.43
2018-09-01	22337.43
2018-09-02	22337.43
2018-09-03	22306.22
2018-09-04	22248.47
2018-09-05	22138.3
2018-09-06	21928.2
2018-09-07	21894.03
2018-09-08	21894.03
2018-09-09	21894.03
2018-09-10	21873.12
2018-09-11	22017.37
2018-09-12	22028.66
2018-09-13	21816.95
2018-09-14	21870.32
2018-09-15	21870.32
2018-09-16	21870.32
2018-09-17	22002.12
2018-09-18	21988.54
2018-09-19	22030.37
2018-09-20	21863.47
2018-09-21	21909.97
2018-09-22	21909.97
2018-09-23	21909.97
2018-09-24	21942.04
2018-09-25	21897.44
2018-09-26	21897.83
2018-09-27	21838.35
2018-09-28	21943.47
2018-09-29	21943.47
2018-09-30	21943.47
2018-10-01	21790.62
2018-10-02	21631.87
2018-10-03	21662.88
2018-10-04	21683.7
2018-10-05	21752.6
2018-10-06	21752.6
2018-10-07	21752.6
2018-10-08	21532.57
2018-10-09	21407.3
2018-10-10	21432.26
2018-10-11	20999.19
2018-10-12	20870.43
2018-10-13	20870.43
2018-10-14	20870.43
2018-10-15	20715.68
2018-10-16	20741.98
2018-10-17	21019.8
2018-10-18	21102.46
2018-10-19	21155.41
2018-10-20	21155.41
2018-10-21	21155.41
2018-10-22	21034.79
2018-10-23	20850.05
2018-10-24	20852.69
2018-10-25	20430.46
2018-10-26	20464.99
2018-10-27	20464.99
2018-10-28	20464.99
2018-10-29	20688.11
2018-10-30	20895.57
2018-10-31	21035.56
2018-11-01	20953.32
2018-11-02	20964.6
2018-11-03	20964.6
2018-11-04	20964.6
2018-11-05	20896.03
2018-11-06	21082.91
2018-11-07	21167.54
2018-11-08	21273.46
2018-11-09	21337.52
2018-11-10	21337.52
2018-11-11	21337.52
2018-11-12	21511.78
2018-11-13	21292.77
2018-11-14	21023.71
2018-11-15	21051.37
2018-11-16	20963.57
2018-11-17	20963.57
2018-11-18	20963.57
2018-11-19	20816.58
2018-11-20	20781.55
2018-11-21	20764.29
2018-11-22	20872.08
2018-11-23	21055.38
2018-11-24	21055.38
2018-11-25	21055.38
2018-11-26	21023.22
2018-11-27	21230.63
2018-11-28	21229.66
2018-11-29	21284.46
2018-11-30	20978.03
2018-12-01	20978.03
2018-12-02	20978.03
2018-12-03	21184.91
2018-12-04	21046.65
2018-12-05	20948.8
2018-12-06	21004.33
2018-12-07	21131.75
2018-12-08	21131.75
2018-12-09	21131.75
2018-12-10	20741.42
2018-12-11	20760.17
2018-12-12	21002.98
2018-12-13	20948.52
2018-12-14	20744.01
2018-12-15	20744.01
2018-12-16	20744.01
2018-12-17	20860.61
2018-12-18	20628.98
2018-12-19	20596.71
2018-12-20	20421.65
2018-12-21	20244.17
2018-12-22	20244.17
2018-12-23	20244.17
2018-12-24	20276.65
2018-12-25	20276.55
2018-12-26	20276.45
2018-12-27	20631.33
2018-12-28	20898.73
2018-12-29	20898.73
2018-12-30	20898.73
2018-12-31	20859.45
2019-01-01	20859.35
2019-01-02	20567.7
2019-01-03	20843.72
2019-01-04	20866.89
2019-01-05	20866.89
2019-01-06	20866.89
2019-01-07	20979.6
2019-01-08	21088.44
2019-01-09	21223.4
2019-01-10	21329.7
2019-01-11	21274.19
2019-01-12	21274.19
2019-01-13	21274.19
2019-01-14	21297.18
2019-01-15	21370.78
2019-01-16	21463.99
2019-01-17	21470.36
2019-01-18	21505.78
2019-01-19	21505.78
2019-01-20	21505.78
2019-01-21	21533.89
2019-01-22	21413.12
2019-01-23	21417.14
2019-01-24	21547.66
2019-01-25	21692.47
2019-01-26	21692.47
2019-01-27	21692.47
2019-01-28	21692.14
2019-01-29	21536.32
2019-01-30	21506.85
2019-01-31	21346.01
2019-02-01	21340.38
2019-02-02	21340.38
2019-02-03	21340.38
2019-02-04	21450.85
2019-02-05	21846.31
2019-02-06	21920.08
2019-02-07	22155.02
2019-02-08	22148.66
2019-02-09	22148.66
2019-02-10	22148.66
2019-02-11	22099.06
2019-02-12	22131.5
2019-02-13	22149.3
2019-02-14	22068.55
2019-02-15	22116.08
2019-02-16	22116.08
2019-02-17	22116.08
2019-02-18	22194.05
2019-02-19	22364.18
2019-02-20	22226.71
2019-02-21	22412.57
2019-02-22	22539.42
2019-02-23	22539.42
2019-02-24	22539.42
2019-02-25	22555.1
2019-02-26	22399.92
2019-02-27	22495.99
2019-02-28	22631.33
2019-03-01	22658.1
2019-03-02	22658.1
2019-03-03	22658.1
2019-03-04	22710.58
2019-03-05	22693.42
2019-03-06	22836.35
2019-03-07	22985.95
2019-03-08	22840.41
2019-03-09	22840.41
2019-03-10	22840.41
2019-03-11	22720.69
2019-03-12	22682.9
2019-03-13	22653.39
2019-03-14	22695.68
2019-03-15	22757.5
2019-03-16	22757.5
2019-03-17	22757.5
2019-03-18	22753.67
2019-03-19	22712.85
2019-03-20	22676.61
2019-03-21	22662.96
2019-03-22	22761.05
2019-03-23	22761.05
2019-03-24	22761.05
2019-03-25	22597.49
2019-03-26	22635.55
2019-03-27	22650.51
2019-03-28	22814.22
2019-03-29	22793.92
2019-03-30	22793.92
2019-03-31	22793.92
2019-04-01	22830.44
2019-04-02	22883.09
2019-04-03	22983.62
2019-04-04	22806.13
2019-04-05	22598.2
2019-04-06	22598.2
2019-04-07	22598.2
2019-04-08	22655.66
2019-04-09	22641.24
2019-04-10	22687.71
2019-04-11	22685.3
2019-04-12	22940.12
2019-04-13	22940.12
2019-04-14	22940.12
2019-04-15	22947.14
2019-04-16	23018.25
2019-04-17	23041.52
2019-04-18	23101.87
2019-04-19	23101.76
2019-04-20	23101.76
2019-04-21	23101.76
2019-04-22	23101.41
2019-04-23	23346.41
2019-04-24	23635.36
2019-04-25	23635.24
2019-04-26	23673.71
2019-04-27	23673.71
2019-04-28	23673.71
2019-04-29	23507.61
2019-04-30	23421.27
2019-05-01	23586.77
2019-05-02	23516.21
2019-05-03	23477.11
2019-05-04	23477.11
2019-05-05	23477.11
2019-05-06	23324.17
2019-05-07	23306.26
2019-05-08	23260.61
2019-05-09	23422.97
2019-05-10	23554.11
2019-05-11	23554.11
2019-05-12	23554.11
2019-05-13	23591.42
2019-05-14	23370.72
2019-05-15	23448.28
2019-05-16	23632.15
2019-05-17	23714.46
2019-05-18	23714.46
2019-05-19	23714.46
2019-05-20	24108.34
2019-05-21	24210.35
2019-05-22	24213.53
2019-05-23	24185.68
2019-05-24	24032.19
2019-05-25	24032.19
2019-05-26	24032.19
2019-05-27	23968.2
2019-05-28	24013.37
2019-05-29	23851.38
2019-05-30	23765.97
2019-05-31	23811.34
2019-06-01	23811.34
2019-06-02	23811.34
2019-06-03	23603.05
2019-06-04	23644.74
2019-06-05	23767.52
2019-06-06	23934.82
2019-06-07	24146.62
2019-06-08	24146.62
2019-06-09	24146.62
2019-06-10	24146.26
2019-06-11	24519.95
2019-06-12	24413.28
2019-06-13	24462.9
2019-06-14	24390.56
2019-06-15	24390.56
2019-06-16	24390.56
2019-06-17	24411.85
2019-06-18	24549.87
2019-06-19	24816.56
2019-06-20	25095.73
2019-06-21	25003.64
2019-06-22	25003.64
2019-06-23	25003.64
2019-06-24	25062.51
2019-06-25	25068.41
2019-06-26	25206.35
2019-06-27	25216.75
2019-06-28	25049.28
2019-06-29	25049.28
2019-06-30	25049.28
2019-07-01	25143.42
2019-07-02	25116.39
2019-07-03	25259.14
2019-07-04	25437.51
2019-07-05	25635.9
2019-07-06	25635.9
2019-07-07	25635.9
2019-07-08	25349.63
2019-07-09	25350.87
2019-07-10	25439.24
2019-07-11	25451.62
2019-07-12	25357.83
2019-07-13	25357.83
2019-07-14	25357.83
2019-07-15	25177.6
2019-07-16	25121.19
2019-07-17	25291.51
2019-07-18	25154.39
2019-07-19	25340.44
2019-07-20	25340.44
2019-07-21	25340.44
2019-07-22	25163.16
2019-07-23	25364.42
2019-07-24	25588.13
2019-07-25	25837.3
2019-07-26	25690.96
2019-07-27	25690.96
2019-07-28	25690.96
2019-07-29	25818.75
2019-07-30	25906.41
2019-07-31	25825.31
2019-08-01	25872.67
2019-08-02	25886.49
2019-08-03	25886.49
2019-08-04	25886.49
2019-08-05	25495.93
2019-08-06	24914.01
2019-08-07	25112.5
2019-08-08	25235.26
2019-08-09	25216.11
2019-08-10	25216.11
2019-08-11	25216.11
2019-08-12	25340.0
2019-08-13	25301.73
2019-08-14	25331.17
2019-08-15	24683.54
2019-08-16	24742.5
2019-08-17	24742.5
2019-08-18	24742.5
2019-08-19	24964.16
2019-08-20	25244.95
2019-08-21	25145.4
2019-08-22	25163.98
2019-08-23	25248.85
2019-08-24	25248.85
2019-08-25	25248.85
2019-08-26	25036.61
2019-08-27	25194.77
2019-08-28	25244.32
2019-08-29	25249.75
2019-08-30	25592.19
2019-08-31	25592.19
2019-09-01	25592.19
2019-09-02	25443.45
2019-09-03	25420.41
2019-09-04	25358.79
2019-09-05	25569.38
2019-09-06	25663.42
2019-09-07	25663.42
2019-09-08	25663.42
2019-09-09	25725.27
2019-09-10	25561.11
2019-09-11	25521.88
2019-09-12	25576.94
2019-09-13	25656.58
2019-09-14	25656.58
2019-09-15	25656.58
2019-09-16	25550.95
2019-09-17	25742.5
2019-09-18	25687.28
2019-09-19	25888.44
2019-09-20	25924.36
2019-09-21	25924.36
2019-09-22	25924.36
2019-09-23	25977.66
2019-09-24	25999.53
2019-09-25	25940.39
2019-09-26	25820.04
2019-09-27	25986.24
2019-09-28	25986.24
2019-09-29	25986.24
2019-09-30	25816.85
2019-10-01	26002.15
2019-10-02	25639.89
2019-10-03	25150.07
2019-10-04	25205.13
2019-10-05	25205.13
2019-10-06	25205.13
2019-10-07	25375.34
2019-10-08	25507.03
2019-10-09	25345.54
2019-10-10	25355.49
2019-10-11	25521.28
2019-10-12	25521.28
2019-10-13	25521.28
2019-10-14	25557.82
2019-10-15	25690.04
2019-10-16	26015.47
2019-10-17	25863.45
2019-10-18	25720.26
2019-10-19	25720.26
2019-10-20	25720.26
2019-10-21	25786.79
2019-10-22	25812.45
2019-10-23	25836.37
2019-10-24	26011.36
2019-10-25	26136.11
2019-10-26	26136.11
2019-10-27	26136.11
2019-10-28	26142.67
2019-10-29	26157.21
2019-10-30	25921.17
2019-10-31	25792.96
2019-11-01	25795.25
2019-11-02	25795.25
2019-11-03	25795.25
2019-11-04	25753.26
2019-11-05	25767.89
2019-11-06	25502.9
2019-11-07	25769.3
2019-11-08	25704.98
2019-11-09	25704.98
2019-11-10	25704.98
2019-11-11	25961.49
2019-11-12	25946.44
2019-11-13	25694.87
2019-11-14	25912.51
2019-11-15	26058.57
2019-11-16	26058.57
2019-11-17	26058.57
2019-11-18	25989.66
2019-11-19	26169.25
2019-11-20	25741.54
2019-11-21	25602.4
2019-11-22	25689.51
2019-11-23	25689.51
2019-11-24	25689.51
2019-11-25	25726.33
2019-11-26	25944.18
2019-11-27	26194.92
2019-11-28	26207.81
2019-11-29	26131.95
2019-11-30	26131.95
2019-12-01	26131.95
2019-12-02	26165.21
2019-12-03	25589.8
2019-12-04	25234.91
2019-12-05	25531.62
2019-12-06	25657.07
2019-12-07	25657.07
2019-12-08	25657.07
2019-12-09	25723.97
2019-12-10	25574.81
2019-12-11	25780.16
2019-12-12	25586.53
2019-12-13	25561.04
2019-12-14	25561.04
2019-12-15	25561.04
2019-12-16	25966.32
2019-12-17	25923.35
2019-12-18	25966.84
2019-12-19	25960.39
2019-12-20	25954.0
2019-12-21	25954.0
2019-12-22	25954.0
2019-12-23	25874.58
2019-12-24	25900.98
2019-12-25	25900.85
2019-12-26	25900.72
2019-12-27	25977.3
2019-12-28	25977.3
2019-12-29	25977.3
2019-12-30	25899.72
2019-12-31	25461.89
2020-01-01	25461.76
2020-01-02	25487.16
2020-01-03	25611.79
2020-01-04	25611.79
2020-01-05	25611.79
2020-01-06	25584.13
2020-01-07	25933.6
2020-01-08	25885.19
2020-01-09	26021.38
2020-01-10	26234.74
2020-01-11	26234.74
2020-01-12	26234.74
2020-01-13	26143.88
2020-01-14	26363.18
2020-01-15	26459.69
2020-01-16	26623.36
2020-01-17	26658.2
2020-01-18	26658.2
2020-01-19	26658.2
2020-01-20	26616.03
2020-01-21	26536.83
2020-01-22	26739.73
2020-01-23	26681.9
2020-01-24	26638.78
2020-01-25	26638.78
2020-01-26	26638.78
2020-01-27	26638.38
2020-01-28	26356.61
2020-01-29	26560.08
2020-01-30	26565.82
2020-01-31	26541.8
2020-02-01	26541.8
2020-02-02	26541.8
2020-02-03	26340.6
2020-02-04	26468.33
2020-02-05	26471.89
2020-02-06	26667.51
2020-02-07	26658.35
2020-02-08	26658.35
2020-02-09	26658.35
2020-02-10	26684.0
2020-02-11	26782.98
2020-02-12	26854.29
2020-02-13	26812.47
2020-02-14	26902.08
2020-02-15	26902.08
2020-02-16	26902.08
2020-02-17	26778.07
2020-02-18	26779.96
2020-02-19	26853.66
2020-02-20	26843.29
2020-02-21	26846.52
2020-02-22	26846.52
2020-02-23	26846.52
2020-02-24	26355.21
2020-02-25	25988.16
2020-02-26	25577.44
2020-02-27	25419.03
2020-02-28	24790.33
2020-02-29	24790.33
2020-03-01	24790.33
2020-03-02	24662.66
2020-03-03	24727.29
2020-03-04	24419.75
2020-03-05	24677.1
2020-03-06	24234.06
2020-03-07	24234.06
2020-03-08	24234.06
2020-03-09	23046.94
2020-03-10	23405.6
2020-03-11	22581.47
2020-03-12	21109.87
2020-03-13	21719.81
2020-03-14	21719.81
2020-03-15	21719.81
2020-03-16	19713.44
2020-03-17	20743.54
2020-03-18	19665.61
2020-03-19	19028.86
2020-03-20	19238.66
2020-03-21	19238.66
2020-03-22	19238.66
2020-03-23	18124.03
2020-03-24	18837.9
2020-03-25	19824.4
2020-03-26	20164.52
2020-03-27	19282.49
2020-03-28	19282.49
2020-03-29	19282.49
2020-03-30	20489.56
2020-03-31	20105.95
2020-04-01	20730.82
2020-04-02	20161.09
2020-04-03	19679.55
2020-04-04	19679.55
2020-04-05	19679.55
2020-04-06	20490.52
2020-04-07	20154.91
2020-04-08	20128.9
2020-04-09	20914.27
2020-04-10	20914.17
2020-04-11	20914.17
2020-04-12	20914.17
2020-04-13	20913.85
2020-04-14	21194.73
2020-04-15	21195.31
2020-04-16	21001.37
2020-04-17	21436.22
2020-04-18	21436.22
2020-04-19	21436.22
2020-04-20	20997.2
2020-04-21	20610.19
2020-04-22	20675.37
2020-04-23	20585.41
2020-04-24	20536.53
2020-04-25	20536.53
2020-04-26	20536.53
2020-04-27	20904.02
2020-04-28	20901.17
2020-04-29	21141.08
2020-04-30	21496.34
2020-05-01	20603.27
2020-05-02	20603.27
2020-05-03	20603.27
2020-05-04	20927.92
2020-05-05	21174.65
2020-05-06	21015.37
2020-05-07	20788.73
2020-05-08	21030.19
2020-05-09	21030.19
2020-05-10	21030.19
2020-05-11	21379.34
2020-05-12	21124.78
2020-05-13	21145.6
2020-05-14	20889.34
2020-05-15	21047.12
2020-05-16	21047.12
2020-05-17	21047.12
2020-05-18	21023.07
2020-05-19	21306.49
2020-05-20	21377.0
2020-05-21	21261.21
2020-05-22	21180.09
2020-05-23	21180.09
2020-05-24	21180.09
2020-05-25	21624.43
2020-05-26	22162.59
2020-05-27	22273.03
2020-05-28	22589.4
2020-05-29	22268.28
2020-05-30	22268.28
2020-05-31	22268.28
2020-06-01	22295.99
2020-06-02	22441.68
2020-06-03	22880.66
2020-06-04	23043.16
2020-06-05	23119.9
2020-06-06	23119.9
2020-06-07	23119.9
2020-06-08	23119.56
2020-06-09	23696.81
2020-06-10	23675.0
2020-06-11	22922.41
2020-06-12	22593.08
2020-06-13	22593.08
2020-06-14	22593.08
2020-06-15	22183.29
2020-06-16	22918.56
2020-06-17	23113.1
2020-06-18	22944.14
2020-06-19	23052.25
2020-06-20	23052.25
2020-06-21	23052.25
2020-06-22	22918.13
2020-06-23	22959.22
2020-06-24	22923.35
2020-06-25	22437.52
2020-06-26	22732.86
2020-06-27	22732.86
2020-06-28	22732.86
2020-06-29	22726.25
2020-06-30	23017.7
2020-07-01	23154.99
2020-07-02	23466.72
2020-07-03	23594.46
2020-07-04	23594.46
2020-07-05	23594.46
2020-07-06	23533.63
2020-07-07	23419.86
2020-07-08	23101.89
2020-07-09	23088.28
2020-07-10	22998.33
2020-07-11	22998.33
2020-07-12	22998.33
2020-07-13	23247.55
2020-07-14	23103.83
2020-07-15	23401.45
2020-07-16	23300.11
2020-07-17	23397.33
2020-07-18	23397.33
2020-07-19	23397.33
2020-07-20	23202.93
2020-07-21	23678.34
2020-07-22	23409.96
2020-07-23	23431.02
2020-07-24	23211.07
2020-07-25	23211.07
2020-07-26	23211.07
2020-07-27	23280.57
2020-07-28	23176.83
2020-07-29	23276.51
2020-07-30	23341.64
2020-07-31	22980.12
2020-08-01	22980.12
2020-08-02	22980.12
2020-08-03	22889.32
2020-08-04	23226.89
2020-08-05	23040.19
2020-08-06	23028.5
2020-08-07	22944.51
2020-08-08	22944.51
2020-08-09	22944.51
2020-08-10	23365.17
2020-08-11	23471.74
2020-08-12	23525.26
2020-08-13	23288.23
2020-08-14	23379.34
2020-08-15	23379.34
2020-08-16	23379.34
2020-08-17	23198.5
2020-08-18	23283.79
2020-08-19	23443.08
2020-08-20	23407.68
2020-08-21	23348.77
2020-08-22	23348.77
2020-08-23	23348.77
2020-08-24	23410.98
2020-08-25	23564.44
2020-08-26	23394.79
2020-08-27	23450.97
2020-08-28	23287.02
2020-08-29	23287.02
2020-08-30	23287.02
2020-08-31	23239.99
2020-09-01	22932.81
2020-09-02	23398.52
2020-09-03	23667.33
2020-09-04	23070.13
2020-09-05	23070.13
2020-09-06	23070.13
2020-09-07	22953.82
2020-09-08	23091.75
2020-09-09	22690.3
2020-09-10	22788.47
2020-09-11	22666.1
2020-09-12	22666.1
2020-09-13	22666.1
2020-09-14	22666.73
2020-09-15	22589.62
2020-09-16	22807.29
2020-09-17	22690.0
2020-09-18	22524.1
2020-09-19	22524.1
2020-09-20	22524.1
2020-09-21	22382.75
2020-09-22	22353.93
2020-09-23	22926.0
2020-09-24	22869.79
2020-09-25	23162.91
2020-09-26	23162.91
2020-09-27	23162.91
2020-09-28	23047.33
2020-09-29	23014.59
2020-09-30	22510.37
2020-10-01	22664.68
2020-10-02	22490.97
2020-10-03	22490.97
2020-10-04	22490.97
2020-10-05	22984.01
2020-10-06	22958.94
2020-10-07	23256.2
2020-10-08	23353.19
2020-10-09	23333.21
2020-10-10	23333.21
2020-10-11	23333.21
2020-10-12	23426.05
2020-10-13	23752.16
2020-10-14	23687.63
2020-10-15	23774.72
2020-10-16	23659.35
2020-10-17	23659.35
2020-10-18	23659.35
2020-10-19	23835.66
2020-10-20	23689.55
2020-10-21	23646.93
2020-10-22	23598.17
2020-10-23	23566.04
2020-10-24	23566.04
2020-10-25	23566.04
2020-10-26	23526.24
2020-10-27	23283.88
2020-10-28	23270.9
2020-10-29	22914.07
2020-10-30	22778.46
2020-10-31	22778.46
2020-11-01	22778.46
2020-11-02	22932.49
2020-11-03	23256.36
2020-11-04	23290.97
2020-11-05	23558.42
2020-11-06	23680.62
2020-11-07	23680.62
2020-11-08	23680.62
2020-11-09	23986.27
2020-11-10	24329.71
2020-11-11	24762.99
2020-11-12	24683.32
2020-11-13	24573.85
2020-11-14	24573.85
2020-11-15	24573.85
2020-11-16	24770.83
2020-11-17	24754.01
2020-11-18	24916.1
2020-11-19	24963.97
2020-11-20	24899.42
2020-11-21	24899.42
2020-11-22	24899.42
2020-11-23	24802.3
2020-11-24	24940.94
2020-11-25	25046.9
2020-11-26	24866.6
2020-11-27	24797.86
2020-11-28	24797.86
2020-11-29	24797.86
2020-11-30	24537.56
2020-12-01	24735.99
2020-12-02	24700.97
2020-12-03	24627.11
2020-12-04	24661.8
2020-12-05	24661.8
2020-12-06	24661.8
2020-12-07	24718.16
2020-12-08	24784.13
2020-12-09	24870.62
2020-12-10	24759.89
2020-12-11	24519.1
2020-12-12	24519.1
2020-12-13	24519.1
2020-12-14	24690.07
2020-12-15	24695.65
2020-12-16	24797.74
2020-12-17	24974.57
2020-12-18	24707.84
2020-12-19	24707.84
2020-12-20	24707.84
2020-12-21	24638.99
2020-12-22	24452.64
2020-12-23	24626.23
2020-12-24	24691.0
2020-12-25	24690.88
2020-12-26	24690.88
2020-12-27	24690.88
2020-12-28	24690.51
2020-12-29	24791.82
2020-12-30	24747.69
2020-12-31	24412.41
2021-01-01	24412.29
2021-01-02	24412.29
2021-01-03	24412.29
2021-01-04	24653.75
2021-01-05	24552.01
2021-01-06	24334.03
2021-01-07	24554.64
2021-01-08	24744.93
2021-01-09	24744.93
2021-01-10	24744.93
2021-01-11	24586.97
2021-01-12	24590.27
2021-01-13	24498.73
2021-01-14	24623.3
2021-01-15	24540.35
2021-01-16	24540.35
2021-01-17	24540.35
2021-01-18	24450.34
2021-01-19	24691.07
2021-01-20	24731.4
2021-01-21	24853.7
2021-01-22	24794.47
2021-01-23	24794.47
2021-01-24	24794.47
2021-01-25	24836.12
2021-01-26	24835.99
2021-01-27	24882.86
2021-01-28	24623.64
2021-01-29	24525.04
2021-01-30	24525.04
2021-01-31	24525.04
2021-02-01	24550.66
2021-02-02	24866.76
2021-02-03	25112.11
2021-02-04	24844.46
2021-02-05	25086.42
2021-02-06	25086.42
2021-02-07	25086.42
2021-02-08	25060.08
2021-02-09	24938.33
2021-02-10	25096.62
2021-02-11	25045.55
2021-02-12	24923.44
2021-02-13	24923.44
2021-02-14	24923.44
2021-02-15	25007.95
2021-02-16	25164.86
2021-02-17	24876.29
2021-02-18	24729.77
2021-02-19	24600.4
2021-02-20	24600.4
2021-02-21	24600.4
2021-02-22	24441.65
2021-02-23	24612.87
2021-02-24	24604.62
2021-02-25	24690.34
2021-02-26	24313.92
2021-02-27	24313.92
2021-02-28	24313.92
2021-03-01	24739.96
2021-03-02	24761.53
2021-03-03	24855.16
2021-03-04	24834.68
2021-03-05	24785.91
2021-03-06	24785.91
2021-03-07	24785.91
2021-03-08	24891.1
2021-03-09	25072.14
2021-03-10	24954.8
2021-03-11	24978.62
2021-03-12	25122.4
2021-03-13	25122.4
2021-03-14	25122.4
2021-03-15	25153.93
2021-03-16	25400.45
2021-03-17	25395.4
2021-03-18	25216.37
2021-03-19	25119.86
2021-03-20	25119.86
2021-03-21	25119.86
2021-03-22	25293.9
2021-03-23	25268.08
2021-03-24	25406.55
2021-03-25	25461.47
2021-03-26	25511.14
2021-03-27	25511.14
2021-03-28	25511.14
2021-03-29	25381.12
2021-03-30	25272.28
2021-03-31	25547.17
2021-04-01	25560.65
2021-04-02	25560.52
2021-04-03	25560.52
2021-04-04	25560.52
2021-04-05	25560.14
2021-04-06	25720.77
2021-04-07	25776.25
2021-04-08	25907.44
2021-04-09	25927.73
2021-04-10	25927.73
2021-04-11	25927.73
2021-04-12	25916.29
2021-04-13	25896.73
2021-04-14	25982.31
2021-04-15	26019.54
2021-04-16	26028.53
2021-04-17	26028.53
2021-04-18	26028.53
2021-04-19	26052.35
2021-04-20	25916.55
2021-04-21	25927.72
2021-04-22	26110.0
2021-04-23	26094.38
2021-04-24	26094.38
2021-04-25	26094.38
2021-04-26	26005.25
2021-04-27	25918.53
2021-04-28	26082.75
2021-04-29	26057.14
2021-04-30	26008.53
2021-05-01	26008.53
2021-05-02	26008.53
2021-05-03	26073.25
2021-05-04	26129.89
2021-05-05	26226.8
2021-05-06	26089.11
2021-05-07	26116.62
2021-05-08	26116.62
2021-05-09	26116.62
2021-05-10	26312.12
2021-05-11	26207.58
2021-05-12	25967.04
2021-05-13	25856.88
2021-05-14	26131.96
2021-05-15	26131.96
2021-05-16	26131.96
2021-05-17	26050.72
2021-05-18	26088.8
2021-05-19	25702.53
2021-05-20	26057.07
2021-05-21	26163.94
2021-05-22	26163.94
2021-05-23	26163.94
2021-05-24	26225.39
2021-05-25	26442.68
2021-05-26	26401.84
2021-05-27	26307.63
2021-05-28	26539.61
2021-05-29	26539.61
2021-05-30	26539.61
2021-05-31	26485.98
2021-06-01	26369.08
2021-06-02	26641.82
2021-06-03	26776.89
2021-06-04	26981.26
2021-06-05	26981.26
2021-06-06	26981.26
2021-06-07	26883.52
2021-06-08	26885.28
2021-06-09	26757.71
2021-06-10	26890.53
2021-06-11	26799.25
2021-06-12	26799.25
2021-06-13	26799.25
2021-06-14	26798.85
2021-06-15	27027.22
2021-06-16	27168.01
2021-06-17	27118.56
2021-06-18	27112.4
2021-06-19	27112.4
2021-06-20	27112.4
2021-06-21	26699.1
2021-06-22	27080.79
2021-06-23	26856.23
2021-06-24	26818.63
2021-06-25	26889.52
2021-06-26	26889.52
2021-06-27	26889.52
2021-06-28	26928.47
2021-06-29	26988.09
2021-06-30	27208.58
2021-07-01	27001.17
2021-07-02	27185.14
2021-07-03	27185.14
2021-07-04	27185.14
2021-07-05	27507.63
2021-07-06	27288.26
2021-07-07	27444.95
2021-07-08	27538.71
2021-07-09	27273.1
2021-07-10	27273.1
2021-07-11	27273.1
2021-07-12	27368.3
2021-07-13	27376.39
2021-07-14	27580.14
2021-07-15	27490.42
2021-07-16	27536.53
2021-07-17	27536.53
2021-07-18	27536.53
2021-07-19	27445.32
2021-07-20	27390.8
2021-07-21	27542.5
2021-07-22	27730.36
2021-07-23	27731.29
2021-07-24	27731.29
2021-07-25	27731.29
2021-07-26	27726.31
2021-07-27	27783.39
2021-07-28	27672.95
2021-07-29	27616.9
2021-07-30	27656.69
2021-07-31	27656.69
2021-08-01	27656.69
2021-08-02	27937.68
2021-08-03	27847.36
2021-08-04	27911.95
2021-08-05	28060.18
2021-08-06	28213.91
2021-08-07	28213.91
2021-08-08	28213.91
2021-08-09	28273.32
2021-08-10	28291.82
2021-08-11	28345.18
2021-08-12	28465.43
2021-08-13	28585.28
2021-08-14	28585.28
2021-08-15	28585.28
2021-08-16	28592.05
2021-08-17	28475.73
2021-08-18	28662.78
2021-08-19	28755.49
2021-08-20	28858.61
2021-08-21	28858.61
2021-08-22	28858.61
2021-08-23	28924.26
2021-08-24	28850.03
2021-08-25	28785.78
2021-08-26	28768.08
2021-08-27	28822.73
2021-08-28	28822.73
2021-08-29	28822.73
2021-08-30	28741.49
2021-08-31	28823.48
2021-09-01	28824.78
2021-09-02	28808.87
2021-09-03	28893.82
2021-09-04	28893.82
2021-09-05	28893.82
2021-09-06	28968.76
2021-09-07	28978.29
2021-09-08	29060.68
2021-09-09	28595.95
2021-09-10	28611.95
2021-09-11	28611.95
2021-09-12	28611.95
2021-09-13	28647.77
2021-09-14	28746.68
2021-09-15	28676.19
2021-09-16	28830.69
2021-09-17	28746.45
2021-09-18	28746.45
2021-09-19	28746.45
2021-09-20	28306.31
2021-09-21	28302.95
2021-09-22	28272.19
2021-09-23	28486.75
2021-09-24	28473.86
2021-09-25	28473.86
2021-09-26	28473.86
2021-09-27	28601.49
2021-09-28	28288.79
2021-09-29	28082.63
2021-09-30	28569.92
2021-10-01	28051.31
2021-10-02	28051.31
2021-10-03	28051.31
2021-10-04	28442.01
2021-10-05	28391.77
2021-10-06	28232.84
2021-10-07	28414.62
2021-10-08	28535.0
2021-10-09	28535.0
2021-10-10	28535.0
2021-10-11	28424.03
2021-10-12	28347.49
2021-10-13	28316.84
2021-10-14	28274.38
2021-10-15	28474.65
2021-10-16	28474.65
2021-10-17	28474.65
2021-10-18	28616.28
2021-10-19	28592.35
2021-10-20	28789.29
2021-10-21	28772.61
2021-10-22	28870.2
2021-10-23	28870.2
2021-10-24	28870.2
2021-10-25	28922.57
2021-10-26	28932.03
2021-10-27	28925.11
2021-10-28	28917.46
2021-10-29	28497.57
2021-10-30	28497.57
2021-10-31	28497.57
2021-11-01	28629.25
2021-11-02	28473.91
2021-11-03	28724.59
2021-11-04	28922.63
2021-11-05	29162.51
2021-11-06	29162.51
2021-11-07	29162.51
2021-11-08	29258.25
2021-11-09	29134.64
2021-11-10	29195.05
2021-11-11	29045.99
2021-11-12	29201.55
2021-11-13	29201.55
2021-11-14	29201.55
2021-11-15	29294.25
2021-11-16	29203.0
2021-11-17	29063.25
2021-11-18	29208.89
2021-11-19	29237.66
2021-11-20	29237.66
2021-11-21	29237.66
2021-11-22	29122.47
2021-11-23	29467.51
2021-11-24	29374.3
2021-11-25	29359.09
2021-11-26	28974.11
2021-11-27	28974.11
2021-11-28	28974.11
2021-11-29	28798.18
2021-11-30	28861.44
2021-12-01	28738.47
2021-12-02	28872.57
2021-12-03	28955.49
2021-12-04	28955.49
2021-12-05	28955.49
2021-12-06	29099.53
2021-12-07	29172.37
2021-12-08	29438.69
2021-12-09	29308.27
2021-12-10	29290.04
2021-12-11	29290.04
2021-12-12	29290.04
2021-12-13	29345.24
2021-12-14	29315.0
2021-12-15	29232.1
2021-12-16	29293.13
2021-12-17	29372.47
2021-12-18	29372.47
2021-12-19	29372.47
2021-12-20	29301.92
2021-12-21	29429.06
2021-12-22	29346.03
2021-12-23	29455.34
2021-12-24	29526.51
2021-12-25	29526.51
2021-12-26	29526.51
2021-12-27	29526.07
2021-12-28	29525.92
2021-12-29	29871.31
2021-12-30	29962.47
2021-12-31	29710.21
2022-01-01	29710.21
2022-01-02	29710.21
2022-01-03	29709.76
2022-01-04	30108.48
2022-01-05	30108.71
2022-01-06	29500.67
2022-01-07	29841.22
2022-01-08	29841.22
2022-01-09	29841.22
2022-01-10	29725.54
2022-01-11	29463.49
2022-01-12	29585.27
2022-01-13	29693.54
2022-01-14	29470.22
2022-01-15	29470.22
2022-01-16	29470.22
2022-01-17	29565.71
2022-01-18	29595.97
2022-01-19	29299.15
2022-01-20	29148.21
2022-01-21	28622.42
2022-01-22	28622.42
2022-01-23	28622.42
2022-01-24	28545.37
2022-01-25	27998.72
2022-01-26	27998.58
2022-01-27	27611.85
2022-01-28	28286.74
2022-01-29	28286.74
2022-01-30	28286.74
2022-01-31	28056.66
2022-02-01	28257.29
2022-02-02	28511.41
2022-02-03	28570.08
2022-02-04	28710.96
2022-02-05	28710.96
2022-02-06	28710.96
2022-02-07	28581.45
2022-02-08	28905.06
2022-02-09	29202.88
2022-02-10	29084.16
2022-02-11	28886.67
2022-02-12	28886.67
2022-02-13	28886.67
2022-02-14	29094.04
2022-02-15	29031.01
2022-02-16	29241.56
2022-02-17	29148.09
2022-02-18	28965.73
2022-02-19	28965.73
2022-02-20	28965.73
2022-02-21	29184.8
2022-02-22	28946.47
2022-02-23	29051.29
2022-02-24	28471.11
2022-02-25	28484.2
2022-02-26	28484.2
2022-02-27	28484.2
2022-02-28	28627.63
2022-03-01	28722.95
2022-03-02	28654.62
2022-03-03	28679.77
2022-03-04	28599.4
2022-03-05	28599.4
2022-03-06	28599.4
2022-03-07	28274.03
2022-03-08	28227.12
2022-03-09	28446.04
2022-03-10	28883.17
2022-03-11	28615.63
2022-03-12	28615.63
2022-03-13	28615.63
2022-03-14	28974.93
2022-03-15	28975.96
2022-03-16	29282.98
2022-03-17	29402.39
2022-03-18	29544.35
2022-03-19	29544.35
2022-03-20	29544.35
2022-03-21	29445.46
2022-03-22	29560.45
2022-03-23	29665.15
2022-03-24	29682.17
2022-03-25	29748.98
2022-03-26	29748.98
2022-03-27	29748.98
2022-03-28	29797.78
2022-03-29	29950.51
2022-03-30	30154.82
2022-03-31	30083.03
2022-04-01	30024.85
2022-04-02	30024.85
2022-04-03	30024.85
2022-04-04	30029.15
2022-04-05	30057.91
2022-04-06	30012.43
2022-04-07	29926.79
2022-04-08	30080.18
2022-04-09	30080.18
2022-04-10	30080.18
2022-04-11	30125.4
2022-04-12	30071.87
2022-04-13	30100.3
2022-04-14	30205.75
2022-04-15	30205.6
2022-04-16	30205.6
2022-04-17	30205.6
2022-04-18	30205.15
2022-04-19	30373.26
2022-04-20	30427.89
2022-04-21	30548.47
2022-04-22	30218.04
2022-04-23	30218.04
2022-04-24	30218.04
2022-04-25	30217.59
2022-04-26	29898.51
2022-04-27	29711.06
2022-04-28	30051.44
2022-04-29	30337.51
2022-04-30	30337.51
2022-05-01	30337.51
2022-05-02	30075.71
2022-05-03	30018.95
2022-05-04	30057.37
2022-05-05	30136.89
2022-05-06	29640.01
2022-05-07	29640.01
2022-05-08	29640.01
2022-05-09	29416.38
2022-05-10	29203.09
2022-05-11	29246.4
2022-05-12	28930.7
2022-05-13	29392.52
2022-05-14	29392.52
2022-05-15	29392.52
2022-05-16	29468.96
2022-05-17	29553.7
2022-05-18	29762.11
2022-05-19	29186.1
2022-05-20	29508.88
2022-05-21	29508.88
2022-05-22	29508.88
2022-05-23	29463.72
2022-05-24	29371.53
2022-05-25	29600.62
2022-05-26	29361.63
2022-05-27	29620.01
2022-05-28	29620.01
2022-05-29	29620.01
2022-05-30	29929.13
2022-05-31	29558.61
2022-06-01	29888.15
2022-06-02	29609.12
2022-06-03	29735.87
2022-06-04	29735.87
2022-06-05	29735.87
2022-06-06	29587.53
2022-06-07	29040.58
2022-06-08	29140.29
2022-06-09	28820.06
2022-06-10	28501.03
2022-06-11	28501.03
2022-06-12	28501.03
2022-06-13	28500.6
2022-06-14	27760.74
2022-06-15	27579.54
2022-06-16	27526.99
2022-06-17	27188.72
2022-06-18	27188.72
2022-06-19	27188.72
2022-06-20	27255.03
2022-06-21	27542.57
2022-06-22	27526.99
2022-06-23	27790.74
2022-06-24	27946.3
2022-06-25	27946.3
2022-06-26	27946.3
2022-06-27	28337.25
2022-06-28	28454.3
2022-06-29	28555.45
2022-06-30	28404.29
2022-07-01	28452.71
2022-07-02	28452.71
2022-07-03	28452.71
2022-07-04	28693.73
2022-07-05	28629.35
2022-07-06	28751.8
2022-07-07	28922.37
2022-07-08	28943.48
2022-07-09	28943.48
2022-07-10	28943.48
2022-07-11	28683.64
2022-07-12	28806.53
2022-07-13	28888.66
2022-07-14	28902.61
2022-07-15	28845.6
2022-07-16	28845.6
2022-07-17	28845.6
2022-07-18	29028.15
2022-07-19	28915.44
2022-07-20	29275.52
2022-07-21	29250.47
2022-07-22	29274.5
2022-07-23	29274.5
2022-07-24	29274.5
2022-07-25	29376.34
2022-07-26	29331.91
2022-07-27	29408.74
2022-07-28	29523.86
2022-07-29	29749.18
2022-07-30	29749.18
2022-07-31	29749.18
2022-08-01	29927.88
2022-08-02	30050.72
2022-08-03	29801.14
2022-08-04	29832.2
2022-08-05	29934.93
2022-08-06	29934.93
2022-08-07	29934.93
2022-08-08	29776.06
2022-08-09	29779.28
2022-08-10	29736.76
2022-08-11	29930.43
2022-08-12	29755.01
2022-08-13	29755.01
2022-08-14	29755.01
2022-08-15	29906.84
2022-08-16	30144.76
2022-08-17	30349.92
2022-08-18	30123.02
2022-08-19	30086.27
2022-08-20	30086.27
2022-08-21	30086.27
2022-08-22	29901.7
2022-08-23	29508.21
2022-08-24	29468.6
2022-08-25	29552.57
2022-08-26	29765.57
2022-08-27	29765.57
2022-08-28	29765.57
2022-08-29	29343.46
2022-08-30	29440.63
2022-08-31	29457.17
2022-09-01	29163.54
2022-09-02	29239.96
2022-09-03	29239.96
2022-09-04	29239.96
2022-09-05	29263.63
2022-09-06	29084.21
2022-09-07	28757.05
2022-09-08	29210.66
2022-09-09	29228.94
2022-09-10	29228.94
2022-09-11	29228.94
2022-09-12	29517.75
2022-09-13	29640.07
2022-09-14	28884.68
2022-09-15	28980.32
2022-09-16	28618.56
2022-09-17	28618.56
2022-09-18	28618.56
2022-09-19	28652.46
2022-09-20	28921.2
2022-09-21	28501.75
2022-09-22	28501.61
2022-09-23	28061.13
2022-09-24	28061.13
2022-09-25	28061.13
2022-09-26	27984.72
2022-09-27	27948.99
2022-09-28	27898.24
2022-09-29	28203.8
2022-09-30	27733.23
2022-10-01	27733.23
2022-10-02	27733.23
2022-10-03	27733.43
2022-10-04	28514.87
2022-10-05	28783.32
2022-10-06	28704.34
2022-10-07	28424.13
2022-10-08	28424.13
2022-10-09	28424.13
2022-10-10	28126.81
2022-10-11	28136.59
2022-10-12	28166.37
2022-10-13	28161.96
2022-10-14	28655.29
2022-10-15	28655.29
2022-10-16	28655.29
2022-10-17	28261.09
2022-10-18	28720.36
2022-10-19	28766.05
2022-10-20	28581.54
2022-10-21	28295.2
2022-10-22	28295.2
2022-10-23	28295.2
2022-10-24	28659.7
2022-10-25	28769.77
2022-10-26	28828.47
2022-10-27	28910.02
2022-10-28	28880.02
2022-10-29	28880.02
2022-10-30	28880.02
2022-10-31	29214.92
2022-11-01	29541.53
2022-11-02	29560.04
2022-11-03	29018.73
2022-11-04	29189.67
2022-11-05	29189.67
2022-11-06	29189.67
2022-11-07	29347.43
2022-11-08	29515.35
2022-11-09	29599.2
2022-11-10	29481.35
2022-11-11	30160.05
2022-11-12	30160.05
2022-11-13	30160.05
2022-11-14	29917.18
2022-11-15	30008.77
2022-11-16	29921.44
2022-11-17	30100.06
2022-11-18	30282.25
2022-11-19	30282.25
2022-11-20	30282.25
2022-11-21	30320.24
2022-11-22	30330.53
2022-11-23	30537.98
2022-11-24	30560.9
2022-11-25	30711.21
2022-11-26	30711.21
2022-11-27	30711.21
2022-11-28	30477.34
2022-11-29	30579.96
2022-11-30	30669.52
2022-12-01	30888.25
2022-12-02	30642.84
2022-12-03	30642.84
2022-12-04	30642.84
2022-12-05	30743.56
2022-12-06	30650.21
2022-12-07	30436.42
2022-12-08	30355.65
2022-12-09	30455.39
2022-12-10	30455.39
2022-12-11	30455.39
2022-12-12	30351.96
2022-12-13	30517.37
2022-12-14	30627.57
2022-12-15	30466.42
2022-12-16	30260.36
2022-12-17	30260.36
2022-12-18	30260.36
2022-12-19	30203.08
2022-12-20	29898.28
2022-12-21	30185.21
2022-12-22	30351.96
2022-12-23	30199.51
2022-12-24	30199.51
2022-12-25	30199.51
2022-12-26	30199.06
2022-12-27	30198.91
2022-12-28	30146.38
2022-12-29	29957.63
2022-12-30	29971.7
2022-12-31	29971.7
2023-01-01	29971.7
2023-01-02	29971.25
2023-01-03	29629.89
2023-01-04	30073.87
2023-01-05	30096.48
2023-01-06	30177.07
2023-01-07	30177.07
2023-01-08	30177.07
2023-01-09	30311.58
2023-01-10	30234.34
2023-01-11	30422.06
2023-01-12	30741.57
2023-01-13	30866.56
2023-01-14	30866.56
2023-01-15	30866.56
2023-01-16	31045.36
2023-01-17	31091.49
2023-01-18	31107.79
2023-01-19	31336.77
2023-01-20	31283.87
2023-01-21	31283.87
2023-01-22	31283.87
2023-01-23	31261.69
2023-01-24	31371.07
2023-01-25	31313.26
2023-01-26	31313.11
2023-01-27	31484.47
2023-01-28	31484.47
2023-01-29	31484.47
2023-01-30	31382.05
2023-01-31	31452.28
2023-02-01	31579.57
2023-02-02	31531.83
2023-02-03	31718.63
2023-02-04	31718.63
2023-02-05	31718.63
2023-02-06	31634.72
2023-02-07	31498.08
2023-02-08	31609.07
2023-02-09	31456.26
2023-02-10	31343.31
2023-02-11	31343.31
2023-02-12	31343.31
2023-02-13	31316.03
2023-02-14	31395.95
2023-02-15	31172.87
2023-02-16	31489.14
2023-02-17	31222.16
2023-02-18	31222.16
2023-02-19	31222.16
2023-02-20	31331.71
2023-02-21	31198.33
2023-02-22	31214.66
2023-02-23	31114.69
2023-02-24	31170.23
2023-02-25	31170.23
2023-02-26	31170.23
2023-02-27	30968.61
2023-02-28	31021.5
2023-03-01	30897.37
2023-03-02	30864.88
2023-03-03	31028.22
2023-03-04	31028.22
2023-03-05	31028.22
2023-03-06	31260.26
2023-03-07	31403.4
2023-03-08	31273.61
2023-03-09	31396.84
2023-03-10	30926.37
2023-03-11	30926.37
2023-03-12	30926.37
2023-03-13	30743.73
2023-03-14	30487.41
2023-03-15	30744.81
2023-03-16	30439.68
2023-03-17	30536.23
2023-03-18	30536.23
2023-03-19	30536.23
2023-03-20	30127.46
2023-03-21	30351.28
2023-03-22	30518.41
2023-03-23	30389.24
2023-03-24	30300.22
2023-03-25	30300.22
2023-03-26	30300.22
2023-03-27	30353.03
2023-03-28	30496.48
2023-03-29	30508.31
2023-03-30	30768.75
2023-03-31	30940.79
2023-04-01	30940.79
2023-04-02	30940.79
2023-04-03	31123.24
2023-04-04	31151.88
2023-04-05	31158.97
2023-04-06	31185.41
2023-04-07	31185.25
2023-04-08	31185.25
2023-04-09	31185.25
2023-04-10	31184.79
2023-04-11	31432.51
2023-04-12	31545.79
2023-04-13	31386.76
2023-04-14	31480.77
2023-04-15	31480.77
2023-04-16	31480.77
2023-04-17	31554.05
2023-04-18	31452.48
2023-04-19	31493.41
2023-04-20	31533.24
2023-04-21	31404.6
2023-04-22	31404.6
2023-04-23	31404.6
2023-04-24	31402.89
2023-04-25	31402.73
2023-04-26	31434.15
2023-04-27	31369.95
2023-04-28	31379.85
2023-04-29	31379.85
2023-04-30	31379.85
2023-05-01	31468.23
2023-05-02	31172.33
2023-05-03	30944.08
2023-05-04	30942.09
2023-05-05	31028.91
2023-05-06	31028.91
2023-05-07	31028.91
2023-05-08	31124.33
2023-05-09	31110.86
2023-05-10	31086.22
2023-05-11	31022.1
2023-05-12	31047.14
2023-05-13	31047.14
2023-05-14	31047.14
2023-05-15	31126.6
2023-05-16	30998.9
2023-05-17	30854.57
2023-05-18	30989.05
2023-05-19	31154.94
2023-05-20	31154.94
2023-05-21	31154.94
2023-05-22	31072.5
2023-05-23	31012.98
2023-05-24	30893.35
2023-05-25	30628.94
2023-05-26	30704.46
2023-05-27	30704.46
2023-05-28	30704.46
2023-05-29	30967.19
2023-05-30	30914.81
2023-05-31	30452.15
2023-06-01	30560.57
2023-06-02	30565.24
2023-06-03	30565.24
2023-06-04	30565.24
2023-06-05	30829.59
2023-06-06	30329.61
2023-06-07	30308.19
2023-06-08	30298.64
2023-06-09	30380.25
2023-06-10	30380.25
2023-06-11	30380.25
2023-06-12	30379.8
2023-06-13	30414.67
2023-06-14	30618.17
2023-06-15	30748.1
2023-06-16	30947.19
2023-06-17	30947.19
2023-06-18	30947.19
2023-06-19	31139.35
2023-06-20	31370.99
2023-06-21	31234.9
2023-06-22	30807.86
2023-06-23	30568.48
2023-06-24	30568.48
2023-06-25	30568.48
2023-06-26	30517.13
2023-06-27	30712.89
2023-06-28	30991.02
2023-06-29	30968.86
2023-06-30	31058.23
2023-07-01	31058.23
2023-07-02	31058.23
2023-07-03	31214.02
2023-07-04	31287.44
2023-07-05	31208.23
2023-07-06	30854.4
2023-07-07	30439.94
2023-07-08	30439.94
2023-07-09	30439.94
2023-07-10	30281.6
2023-07-11	30636.37
2023-07-12	30708.86
2023-07-13	31095.55
2023-07-14	31259.08
2023-07-15	31259.08
2023-07-16	31259.08
2023-07-17	31266.16
2023-07-18	31167.35
2023-07-19	31255.47
2023-07-20	31212.64
2023-07-21	31259.55
2023-07-22	31259.55
2023-07-23	31259.55
2023-07-24	31238.42
2023-07-25	31310.25
2023-07-26	31537.8
2023-07-27	31737.07
2023-07-28	31590.73
2023-07-29	31590.73
2023-07-30	31590.73
2023-07-31	31596.54
2023-08-01	31741.61
2023-08-02	31349.17
2023-08-03	31279.61
2023-08-04	31343.04
2023-08-05	31343.04
2023-08-06	31343.04
2023-08-07	31304.34
2023-08-08	31244.42
2023-08-09	31358.55
2023-08-10	31410.04
2023-08-11	31354.76
2023-08-12	31354.76
2023-08-13	31354.76
2023-08-14	31124.71
2023-08-15	31157.27
2023-08-16	30833.34
2023-08-17	30493.18
2023-08-18	30451.22
2023-08-19	30451.22
2023-08-20	30451.22
2023-08-21	30257.13
2023-08-22	30196.96
2023-08-23	30397.27
2023-08-24	30465.3
2023-08-25	30251.99
2023-08-26	30251.99
2023-08-27	30251.99
2023-08-28	30492.74
2023-08-29	30713.95
2023-08-30	31032.54
2023-08-31	31079.45
2023-09-01	30993.47
2023-09-02	30993.47
2023-09-03	30993.47
2023-09-04	31109.24
2023-09-05	31128.8
2023-09-06	30832.46
2023-09-07	30600.98
2023-09-08	30590.07
2023-09-09	30590.07
2023-09-10	30590.07
2023-09-11	30792.72
2023-09-12	30843.14
2023-09-13	30654.89
2023-09-14	30783.39
2023-09-15	31137.11
2023-09-16	31137.11
2023-09-17	31137.11
2023-09-18	31026.73
2023-09-19	30877.27
2023-09-20	30828.43
2023-09-21	30530.99
2023-09-22	30562.68
2023-09-23	30562.68
2023-09-24	30562.68
2023-09-25	30617.45
2023-09-26	30474.98
2023-09-27	30461.83
2023-09-28	30383.11
2023-09-29	30504.74
2023-09-30	30504.74
2023-10-01	30504.74
2023-10-02	30464.47
2023-10-03	30166.29
2023-10-04	30002.92
2023-10-05	30202.97
2023-10-06	30324.8
2023-10-07	30324.8
2023-10-08	30324.8
2023-10-09	30285.1
2023-10-10	30515.46
2023-10-11	30697.1
2023-10-12	30784.0
2023-10-13	30605.29
2023-10-14	30605.29
2023-10-15	30605.29
2023-10-16	30558.91
2023-10-17	30657.25
2023-10-18	30664.23
2023-10-19	30297.13
2023-10-20	30023.2
2023-10-21	30023.2
2023-10-22	30023.2
2023-10-23	29901.4
2023-10-24	29908.13
2023-10-25	29903.58
2023-10-26	29803.02
2023-10-27	29904.85
2023-10-28	29904.85
2023-10-29	29904.85
2023-10-30	29696.13
2023-10-31	29823.77
2023-11-01	30030.07
2023-11-02	30248.79
2023-11-03	30511.17
2023-11-04	30511.17
2023-11-05	30511.17
2023-11-06	30540.06
2023-11-07	30427.22
2023-11-08	30477.55
2023-11-09	30637.49
2023-11-10	30517.94
2023-11-11	30517.94
2023-11-12	30517.94
2023-11-13	30429.13
2023-11-14	30660.25
2023-11-15	30960.74
2023-11-16	30798.51
2023-11-17	30801.38
2023-11-18	30801.38
2023-11-19	30801.38
2023-11-20	30794.64
2023-11-21	30871.98
2023-11-22	30837.57
2023-11-23	30715.29
2023-11-24	30750.18
2023-11-25	30750.18
2023-11-26	30750.18
2023-11-27	30564.54
2023-11-28	30707.58
2023-11-29	30713.19
2023-11-30	30981.0
2023-12-01	30894.62
2023-12-02	30894.62
2023-12-03	30894.62
2023-12-04	31106.59
2023-12-05	30966.69
2023-12-06	31474.33
2023-12-07	31427.34
2023-12-08	31520.61
2023-12-09	31520.61
2023-12-10	31520.61
2023-12-11	31550.07
2023-12-12	31705.39
2023-12-13	31764.87
2023-12-14	32105.71
2023-12-15	32308.87
2023-12-16	32308.87
2023-12-17	32308.87
2023-12-18	32165.58
2023-12-19	32387.82
2023-12-20	32572.02
2023-12-21	32480.19
2023-12-22	32430.48
2023-12-23	32430.48
2023-12-24	32430.48
2023-12-25	32429.99
2023-12-26	32429.83
2023-12-27	32613.86
2023-12-28	32865.8
2023-12-29	32794.12
2023-12-30	32794.12
2023-12-31	32794.12
2024-01-01	32793.63
2024-01-02	32918.01
2024-01-03	32613.36
2024-01-04	32485.01
2024-01-05	32539.35
2024-01-06	32539.35
2024-01-07	32539.35
2024-01-08	32399.0
2024-01-09	32637.0
2024-01-10	32416.1
2024-01-11	32620.54
2024-01-12	32563.68
2024-01-13	32563.68
2024-01-14	32563.68
2024-01-15	32584.15
2024-01-16	32280.0
2024-01-17	32241.8
2024-01-18	32060.41
2024-01-19	32303.56
2024-01-20	32303.56
2024-01-21	32303.56
2024-01-22	32560.62
2024-01-23	32652.66
2024-01-24	32655.76
2024-01-25	32784.98
2024-01-26	32784.82
2024-01-27	32784.82
2024-01-28	32784.82
2024-01-29	32836.42
2024-01-30	32864.37
2024-01-31	33179.65
2024-02-01	32857.03
2024-02-02	33255.55
2024-02-03	33255.55
2024-02-04	33255.55
2024-02-05	32967.32
2024-02-06	32831.82
2024-02-07	32904.12
2024-02-08	32973.52
2024-02-09	33010.06
2024-02-10	33010.06
2024-02-11	33010.06
2024-02-12	32995.18
2024-02-13	33052.82
2024-02-14	32816.3
2024-02-15	33066.97
2024-02-16	33140.55
2024-02-17	33140.55
2024-02-18	33140.55
2024-02-19	33248.95
2024-02-20	33231.58
2024-02-21	33019.64
2024-02-22	33008.18
2024-02-23	33126.53
2024-02-24	33126.53
2024-02-25	33126.53
2024-02-26	33154.85
2024-02-27	33229.91
2024-02-28	33205.43
2024-02-29	33371.78
2024-03-01	33519.4
2024-03-02	33519.4
2024-03-03	33519.4
2024-03-04	33477.22
2024-03-05	33382.78
2024-03-06	33511.56
2024-03-07	33696.06
2024-03-08	34093.89
2024-03-09	34093.89
2024-03-10	34093.89
2024-03-11	33595.42
2024-03-12	33603.92
2024-03-13	33731.33
2024-03-14	33619.66
2024-03-15	33566.43
2024-03-16	33566.43
2024-03-17	33566.43
2024-03-18	33592.97
2024-03-19	33579.5
2024-03-20	33553.41
2024-03-21	33914.52
2024-03-22	33819.51
2024-03-23	33819.51
2024-03-24	33819.51
2024-03-25	33873.15
2024-03-26	33810.59
2024-03-27	33972.69
2024-03-28	34230.04
2024-03-29	34229.87
2024-03-30	34229.87
2024-03-31	34229.87
2024-04-01	34229.36
2024-04-02	34178.06
2024-04-03	33829.73
2024-04-04	33938.6
2024-04-05	33823.83
2024-04-06	33823.83
2024-04-07	33823.83
2024-04-08	33858.17
2024-04-09	33986.59
2024-04-10	34074.34
2024-04-11	33863.45
2024-04-12	33719.35
2024-04-13	33719.35
2024-04-14	33719.35
2024-04-15	33658.77
2024-04-16	33135.91
2024-04-17	33166.63
2024-04-18	33314.23
2024-04-19	33054.51
2024-04-20	33054.51
2024-04-21	33054.51
2024-04-22	33419.84
2024-04-23	33514.26
2024-04-24	33478.01
2024-04-25	33477.85
2024-04-26	32969.02
2024-04-27	32969.02
2024-04-28	32969.02
2024-04-29	33201.75
2024-04-30	33292.49
2024-05-01	32988.74
2024-05-02	33053.1
2024-05-03	33197.4
2024-05-04	33197.4
2024-05-05	33197.4
2024-05-06	33405.14
2024-05-07	33862.49
2024-05-08	33846.56
2024-05-09	33551.47
2024-05-10	33648.75
2024-05-11	33648.75
2024-05-12	33648.75
2024-05-13	33776.18
2024-05-14	33668.25
2024-05-15	33737.98
2024-05-16	34173.97
2024-05-17	33926.89
2024-05-18	33926.89
2024-05-19	33926.89
2024-05-20	34082.58
2024-05-21	34012.11
2024-05-22	34012.23
2024-05-23	33856.13
2024-05-24	33474.22
2024-05-25	33474.22
2024-05-26	33474.22
2024-05-27	33776.47
2024-05-28	33674.13
2024-05-29	33239.14
2024-05-30	33137.76
2024-05-31	33459.16
2024-06-01	33459.16
2024-06-02	33459.16
2024-06-03	33709.46
2024-06-04	33674.38
2024-06-05	33877.9
2024-06-06	34122.09
2024-06-07	34305.89
2024-06-08	34305.89
2024-06-09	34305.89
2024-06-10	34305.38
2024-06-11	33928.24
2024-06-12	33861.27
2024-06-13	33911.01
2024-06-14	33821.98
2024-06-15	33821.98
2024-06-16	33821.98
2024-06-17	33846.71
2024-06-18	34207.98
2024-06-19	34134.7
2024-06-20	34193.02
2024-06-21	34484.96
2024-06-22	34484.96
2024-06-23	34484.96
2024-06-24	34299.19
2024-06-25	34753.0
2024-06-26	34424.2
2024-06-27	34329.59
2024-06-28	34487.04
2024-06-29	34487.04
2024-06-30	34487.04
2024-07-01	34328.28
2024-07-02	34207.74
2024-07-03	34198.9
2024-07-04	34488.86
2024-07-05	34436.81
2024-07-06	34436.81
2024-07-07	34436.81
2024-07-08	34295.49
2024-07-09	34588.0
2024-07-10	34688.26
2024-07-11	34954.56
2024-07-12	35245.05
2024-07-13	35245.05
2024-07-14	35245.05
2024-07-15	35443.62
2024-07-16	35420.93
2024-07-17	35684.94
2024-07-18	35648.38
2024-07-19	35480.47
2024-07-20	35480.47
2024-07-21	35480.47
2024-07-22	35425.07
2024-07-23	35646.34
2024-07-24	35596.78
2024-07-25	35285.43
2024-07-26	35489.46
2024-07-27	35489.46
2024-07-28	35489.46
2024-07-29	35755.12
2024-07-30	35767.62
2024-07-31	36251.76
2024-08-01	36222.47
2024-08-02	35623.73
2024-08-03	35623.73
2024-08-04	35623.73
2024-08-05	34576.56
2024-08-06	34731.11
2024-08-07	34839.65
2024-08-08	34970.39
2024-08-09	35202.86
2024-08-10	35202.86
2024-08-11	35202.86
2024-08-12	35428.6
2024-08-13	35448.38
2024-08-14	35626.64
2024-08-15	35869.87
2024-08-16	36179.96
2024-08-17	36179.96
2024-08-18	36179.96
2024-08-19	36321.79
2024-08-20	36319.4
2024-08-21	36310.7
2024-08-22	36355.17
2024-08-23	36468.26
2024-08-24	36468.26
2024-08-25	36468.26
2024-08-26	36752.89
2024-08-27	36541.68
2024-08-28	36682.15
2024-08-29	36650.62
2024-08-30	36756.02
2024-08-31	36756.02
2024-09-01	36756.02
2024-09-02	36991.84
2024-09-03	37112.27
2024-09-04	36721.3
2024-09-05	36911.66
2024-09-06	37222.78
2024-09-07	37222.78
2024-09-08	37222.78
2024-09-09	37129.78
2024-09-10	37319.93
2024-09-11	37132.47
2024-09-12	37424.22
2024-09-13	37306.82
2024-09-14	37306.82
2024-09-15	37306.82
2024-09-16	37526.83
2024-09-17	37564.17
2024-09-18	37609.1
2024-09-19	37616.42
2024-09-20	37608.77
2024-09-21	37608.77
2024-09-22	37608.77
2024-09-23	37323.98
2024-09-24	36993.91
2024-09-25	36733.13
2024-09-26	36986.55
2024-09-27	36792.97
2024-09-28	36792.97
2024-09-29	36792.97
2024-09-30	36798.08
2024-10-01	36648.34
2024-10-02	36536.44
2024-10-03	36594.22
2024-10-04	36406.99
2024-10-05	36406.99
2024-10-06	36406.99
2024-10-07	36589.19
2024-10-08	36603.91
2024-10-09	36840.0
2024-10-10	36823.19
2024-10-11	36828.64
2024-10-12	36828.64
2024-10-13	36828.64
2024-10-14	36957.05
2024-10-15	37251.61
2024-10-16	37168.59
2024-10-17	37574.33
2024-10-18	37373.8
2024-10-19	37373.8
2024-10-20	37373.8
2024-10-21	37544.23
2024-10-22	37000.92
2024-10-23	37067.06
2024-10-24	37189.83
2024-10-25	37095.77
2024-10-26	37095.77
2024-10-27	37095.77
2024-10-28	37048.07
2024-10-29	37135.34
2024-10-30	36750.87
2024-10-31	36712.82
2024-11-01	36433.31
2024-11-02	36433.31
2024-11-03	36433.31
2024-11-04	36679.64
2024-11-05	36532.74
2024-11-06	36859.43
2024-11-07	36919.31
2024-11-08	37187.29
2024-11-09	37187.29
2024-11-10	37187.29
2024-11-11	37273.7
2024-11-12	37420.34
2024-11-13	37180.43
2024-11-14	37460.6
2024-11-15	37728.52
2024-11-16	37728.52
2024-11-17	37728.52
2024-11-18	37745.14
2024-11-19	38019.67
2024-11-20	37838.76
2024-11-21	37852.19
2024-11-22	38194.43
2024-11-23	38194.43
2024-11-24	38194.43
2024-11-25	38306.39
2024-11-26	38021.3
2024-11-27	38274.9
2024-11-28	38478.2
2024-11-29	38329.66
2024-11-30	38329.66
2024-12-01	38329.66
2024-12-02	38378.94
2024-12-03	38581.1
2024-12-04	38335.58
2024-12-05	38429.92
2024-12-06	38254.96
2024-12-07	38254.96
2024-12-08	38254.96
2024-12-09	38331.37
2024-12-10	38048.5
2024-12-11	37876.81
2024-12-12	37784.59
2024-12-13	37728.7
2024-12-14	37728.7
2024-12-15	37728.7
2024-12-16	37735.99
2024-12-17	38044.71
2024-12-18	38004.27
2024-12-19	37556.05
2024-12-20	37069.15
2024-12-21	37069.15
2024-12-22	37069.15
2024-12-23	37735.23
2024-12-24	37851.02
2024-12-25	37851.89
2024-12-26	37852.76
2024-12-27	38000.16
2024-12-28	38000.16
2024-12-29	38000.16
2024-12-30	37897.09
2024-12-31	37552.06
2025-01-01	37552.93
2025-01-02	37699.67
2025-01-03	37958.41
2025-01-04	37958.41
2025-01-05	37958.41
2025-01-06	38068.13
2025-01-07	38134.43
2025-01-08	38385.68
2025-01-09	38331.51
2025-01-10	38062.27
2025-01-11	38062.27
2025-01-12	38062.27
2025-01-13	37596.2
2025-01-14	37701.9
2025-01-15	37645.33
2025-01-16	38093.82
2025-01-17	37962.18
2025-01-18	37962.18
2025-01-19	37962.18
2025-01-20	38139.85
2025-01-21	38307.12
2025-01-22	38481.32
2025-01-23	38356.77
2025-01-24	38485.24
2025-01-25	38485.24
2025-01-26	38485.24
2025-01-27	38487.89
2025-01-28	38393.52
2025-01-29	38683.83
2025-01-30	38847.97
2025-01-31	38910.16
2025-02-01	38910.16
2025-02-02	38910.16
2025-02-03	38349.86
2025-02-04	38217.0
2025-02-05	38174.88
2025-02-06	38635.16
2025-02-07	38556.02
2025-02-08	38556.02
2025-02-09	38556.02
2025-02-10	38502.2
2025-02-11	38511.07
2025-02-12	38804.48
2025-02-13	38609.25
2025-02-14	38740.54
2025-02-15	38740.54
2025-02-16	38740.54
2025-02-17	38771.42
2025-02-18	38514.15
2025-02-19	38324.22
2025-02-20	38068.03
2025-02-21	37902.13
2025-02-22	37902.13
2025-02-23	37902.13
2025-02-24	38263.56
2025-02-25	38068.08
2025-02-26	38153.59
2025-02-27	38285.45
2025-02-28	38019.72
2025-03-01	38019.72
2025-03-02	38019.72
2025-03-03	38216.32
2025-03-04	38075.33
2025-03-05	37884.31
2025-03-06	37631.98
2025-03-07	37053.93
2025-03-08	37053.93
2025-03-09	37053.93
2025-03-10	37076.21
2025-03-11	36864.6
2025-03-12	36509.06
2025-03-13	36348.81
2025-03-14	36436.66
2025-03-15	36436.66
2025-03-16	36436.66
2025-03-17	36537.99
2025-03-18	36542.99
2025-03-19	36536.78
2025-03-20	36993.25
2025-03-21	37106.73
2025-03-22	37106.73
2025-03-23	37106.73
2025-03-24	37187.16
2025-03-25	37238.66
2025-03-26	37525.06
2025-03-27	37414.57
2025-03-28	37592.13
2025-03-29	37592.13
2025-03-30	37592.13
2025-03-31	37205.06
2025-04-01	37572.68
2025-04-02	37788.69
2025-04-03	37680.33
2025-04-04	37110.35
2025-04-05	37110.35
2025-04-06	37110.35
2025-04-07	35897.15
2025-04-08	36437.92
2025-04-09	36134.35
2025-04-10	37225.09
2025-04-11	36958.11
2025-04-12	36958.11
2025-04-13	36958.11
2025-04-14	37290.88
2025-04-15	37343.35
2025-04-16	37559.6
2025-04-17	37669.59
2025-04-18	37670.45
2025-04-19	37670.45
2025-04-20	37670.45
2025-04-21	37673.05
2025-04-22	37778.41
2025-04-23	38107.14
2025-04-24	38223.25
2025-04-25	38224.12
2025-04-26	38224.12
2025-04-27	38224.12
2025-04-28	38416.29
2025-04-29	38618.15
2025-04-30	38922.65
2025-05-01	39032.82
2025-05-02	39470.41
2025-05-03	39470.41
2025-05-04	39470.41
2025-05-05	39141.54
2025-05-06	39083.76
2025-05-07	39201.41
2025-05-08	39254.25
2025-05-09	39479.02
2025-05-10	39479.02
2025-05-11	39479.02
2025-05-12	39362.72
2025-05-13	39228.38
2025-05-14	39282.06
2025-05-15	39477.45
2025-05-16	39593.36
2025-05-17	39593.36
2025-05-18	39593.36
2025-05-19	39584.64
2025-05-20	39855.29
2025-05-21	40033.91
2025-05-22	39907.03
2025-05-23	39975.02
2025-05-24	39975.02
2025-05-25	39975.02
2025-05-26	39906.89
2025-05-27	40112.6
2025-05-28	40013.14
2025-05-29	40099.48
2025-05-30	40190.66
2025-05-31	40190.66
2025-06-01	40190.66
2025-06-02	40190.0
2025-06-03	40509.96
2025-06-04	40756.07
2025-06-05	40692.53
2025-06-06	40609.05
2025-06-07	40609.05
2025-06-08	40609.05
2025-06-09	40611.86
2025-06-10	40915.08
2025-06-11	40873.08
2025-06-12	40830.3
2025-06-13	40827.93
2025-06-14	40827.93
2025-06-15	40827.93
2025-06-16	40700.2
2025-06-17	40635.76
2025-06-18	40673.22
2025-06-19	40836.45
2025-06-20	40705.23
2025-06-21	40705.23
2025-06-22	40705.23
2025-06-23	40592.15
2025-06-24	40810.89
2025-06-25	40935.46
2025-06-26	40879.04
2025-06-27	40589.03
2025-06-28	40589.03
2025-06-29	40589.03
2025-06-30	40795.42
2025-07-01	40859.53
2025-07-02	41014.28
2025-07-03	40667.43
2025-07-04	40770.03
2025-07-05	40770.03
2025-07-06	40770.03
2025-07-07	40819.52
2025-07-08	40780.81
2025-07-09	40622.99
2025-07-10	40836.64
2025-07-11	40587.43
2025-07-12	40587.43
2025-07-13	40587.43
2025-07-14	40547.4
2025-07-15	40840.86
2025-07-16	40521.6
2025-07-17	40896.6
2025-07-18	41256.61
2025-07-19	41256.61
2025-07-20	41256.61
2025-07-21	40741.72
2025-07-22	40550.53
2025-07-23	40762.29
2025-07-24	40604.95
2025-07-25	40490.45
2025-07-26	40490.45
2025-07-27	40490.45
2025-07-28	40734.56
2025-07-29	40738.36
2025-07-30	41094.49
2025-07-31	41202.31
2025-08-01	40831.32
2025-08-02	40831.32
2025-08-03	40831.32
2025-08-04	40798.23
2025-08-05	41234.9
2025-08-06	41415.63
2025-08-07	41368.74
2025-08-08	41072.4
2025-08-09	41072.4
2025-08-10	41072.4
2025-08-11	41106.62
2025-08-12	41328.96
2025-08-13	40982.6
2025-08-14	41310.74
2025-08-15	41490.95
2025-08-16	41490.95
2025-08-17	41490.95
2025-08-18	41688.17
2025-08-19	41379.42
2025-08-20	41993.49
2025-08-21	42414.41
2025-08-22	42183.72
2025-08-23	42183.72
2025-08-24	42183.72
2025-08-25	41915.41
2025-08-26	41881.39
2025-08-27	41895.85
2025-08-28	42144.35
2025-08-29	42011.99
2025-08-30	42011.99
2025-08-31	42011.99
2025-09-01	41882.23
2025-09-02	41761.6
2025-09-03	41089.71
2025-09-04	41547.66
2025-09-05	41712.35
2025-09-06	41712.35
2025-09-07	41712.35
2025-09-08	41589.89
2025-09-09	41413.92
2025-09-10	41748.66
2025-09-11	41607.8
2025-09-12	41907.85
2025-09-13	41907.85
2025-09-14	41907.85
2025-09-15	41881.11
2025-09-16	41869.02
2025-09-17	41590.65
2025-09-18	41309.7
2025-09-19	41424.51
2025-09-20	41424.51
2025-09-21	41424.51
2025-09-22	41392.23
2025-09-23	41473.39
2025-09-24	41115.9
2025-09-25	40972.98
2025-09-26	41000.93
2025-09-27	41000.93
2025-09-28	41000.93
2025-09-29	41406.53
2025-09-30	41264.45
2025-10-01	41280.43
2025-10-02	41637.4
2025-10-03	41707.07
2025-10-04	41707.07
2025-10-05	41707.07
2025-10-06	41682.14
2025-10-07	41566.49
2025-10-08	41435.78
2025-10-09	41363.11
2025-10-10	41516.32
2025-10-11	41516.32
2025-10-12	41516.32
2025-10-13	41259.09
2025-10-14	41074.41
2025-10-15	41379.11
2025-10-16	41810.7
2025-10-17	41518.18
2025-10-18	41518.18
2025-10-19	41518.18
2025-10-20	41894.53
2025-10-21	41970.24
2025-10-22	41954.36
2025-10-23	41947.95
2025-10-24	41822.84
2025-10-25	41822.84
2025-10-26	41822.84
2025-10-27	41907.99
2025-10-28	42012.96
2025-10-29	41426.52
2025-10-30	41060.13
2025-10-31	40964.82
2025-11-01	40964.82
2025-11-02	40964.82
2025-11-03	41059.6
2025-11-04	40823.61
2025-11-05	40932.22
2025-11-06	41134.22
2025-11-07	40998.62
2025-11-08	40998.62
2025-11-09	40998.62
2025-11-10	41143.12
2025-11-11	41053.97
2025-11-12	40937.69
2025-11-13	40604.08
2025-11-14	40246.85
2025-11-15	40246.85
2025-11-16	40246.85
2025-11-17	40238.53
2025-11-18	39815.55
2025-11-19	39654.04
2025-11-20	39883.36
2025-11-21	39612.93
2025-11-22	39612.93
2025-11-23	39612.93
2025-11-24	40146.34
2025-11-25	39936.44
2025-11-26	40079.61
2025-11-27	40078.09
2025-11-28	39993.88
2025-11-29	39993.88
2025-11-30	39993.88
2025-12-01	39786.05
2025-12-02	39851.36
2025-12-03	39884.9
2025-12-04	39858.18
2025-12-05	39827.66
2025-12-06	39827.66
2025-12-07	39827.66
2025-12-08	39895.2
2025-12-09	39824.09
2025-12-10	39670.71
2025-12-11	39739.09
2025-12-12	40135.63
2025-12-13	40135.63
2025-12-14	40135.63
2025-12-15	40005.48
2025-12-16	39937.35
2025-12-17	39781.62
2025-12-18	39822.82
2025-12-19	40023.65
2025-12-20	40023.65
2025-12-21	40023.65
2025-12-22	40123.74
2025-12-23	40558.5
2025-12-24	40351.23
2025-12-25	40352.16
2025-12-26	40353.1
2025-12-27	40353.1
2025-12-28	40353.1
2025-12-29	40234.65
2025-12-30	40396.12
2025-12-31	40301.59
2026-01-01	40302.52
2026-01-02	40367.49
2026-01-03	40367.49
2026-01-04	40367.49
2026-01-05	40196.49
2026-01-06	39703.47
2026-01-07	39674.22
2026-01-08	39893.09
2026-01-09	39910.29
2026-01-10	39910.29
2026-01-11	39910.29
2026-01-12	39995.5
2026-01-13	40046.23
2026-01-14	39963.15
2026-01-15	40042.06
2026-01-16	40308.81
2026-01-17	40308.81
2026-01-18	40308.81
2026-01-19	40157.49
2026-01-20	39996.77
2026-01-21	39546.01
2026-01-22	40023.63
2026-01-23	39852.82
2026-01-24	39852.82
2026-01-25	39852.82
2026-01-26	39855.58
2026-01-27	40168.14
2026-01-28	39975.52
2026-01-29	39919.98
2026-01-30	40080.27
2026-01-31	40080.27
2026-02-01	40080.27
2026-02-02	40036.94
2026-02-03	40268.64
2026-02-04	40405.4
2026-02-05	40717.68
2026-02-06	40163.49
2026-02-07	40163.49
2026-02-08	40163.49
2026-02-09	40581.15
2026-02-10	40256.58
2026-02-11	40804.91
2026-02-12	41042.8
2026-02-13	40992.73
2026-02-14	40992.73
2026-02-15	40992.73
2026-02-16	41131.77
2026-02-17	41117.51
2026-02-18	41433.92
2026-02-19	41570.47
2026-02-20	41736.11
2026-02-21	41736.11
2026-02-22	41736.11
2026-02-23	41385.88
2026-02-24	41253.24
2026-02-25	41393.92
2026-02-26	41503.49
2026-02-27	41464.99
2026-02-28	41464.99
2026-03-01	41464.99
2026-03-02	41241.02
2026-03-03	40963.19
2026-03-04	40420.27
2026-03-05	40599.21
2026-03-06	40550.5
2026-03-07	40550.5
2026-03-08	40550.5
2026-03-09	39879.86
2026-03-10	40203.92
2026-03-11	40347.87
2026-03-12	39983.36
2026-03-13	40191.15
2026-03-14	40191.15
2026-03-15	40191.15
2026-03-16	40331.11
2026-03-17	40438.33
2026-03-18	40475.85
2026-03-19	40219.45
2026-03-20	40022.54
2026-03-21	40022.54
2026-03-22	40022.54
2026-03-23	39977.22
2026-03-24	39871.12
2026-03-25	40202.73
2026-03-26	40201.73
2026-03-27	40115.67
2026-03-28	40115.67
2026-03-29	40115.67
2026-03-30	39704.76
2026-03-31	39719.4
2026-04-01	40095.29
2026-04-02	40115.68
2026-04-03	40116.6
2026-04-04	40116.6
2026-04-05	40116.6
2026-04-06	40119.37
2026-04-07	40514.37
2026-04-08	41162.38
2026-04-09	41430.29
2026-04-10	41482.94
2026-04-11	41482.94
2026-04-12	41482.94
2026-04-13	41378.37
2026-04-14	41406.35
2026-04-15	41396.09
2026-04-16	41233.52
2026-04-17	41180.98
2026-04-18	41180.98
2026-04-19	41180.98
2026-04-20	41318.37
2026-04-21	41355.6
2026-04-22	40910.33
2026-04-23	40706.91
2026-04-24	40848.24
2026-04-25	40848.24
2026-04-26	40848.24
2026-04-27	40659.25
2026-04-28	40427.42
2026-04-29	40364.42
2026-04-30	40539.13
2026-05-01	40684.82
2026-05-02	40684.82
2026-05-03	40684.82
2026-05-04	40525.93
2026-05-05	40543.22
2026-05-06	40836.1
2026-05-07	40965.57
2026-05-08	40363.21
2026-05-09	40363.21
2026-05-10	40363.21
2026-05-11	40124.51
2026-05-12	39778.9
2026-05-13	39324.0
2026-05-14	39559.57
2026-05-15	39778.57
2026-05-16	39778.57
2026-05-17	39778.57
2026-05-18	39565.6
2026-05-19	40175.95
2026-05-20	39807.83
2026-05-21	40210.38
2026-05-22	40166.28
2026-05-23	40166.28
2026-05-24	40166.28
2026-05-25	40137.43
2026-05-26	39854.2
2026-05-27	40044.61
2026-05-28	39754.43
2026-05-29	40136.52
2026-05-30	40136.52
2026-05-31	40136.52
2026-06-01	39905.36
2026-06-02	39581.15
2026-06-03	39702.09
2026-06-04	39603.18
2026-06-05	39592.94
2026-06-06	39592.94
2026-06-07	39592.94
2026-06-08	39595.68
2026-06-09	39860.49
2026-06-10	40459.1
2026-06-11	40424.13
2026-06-12	40892.81
2026-06-13	40892.81
2026-06-14	40892.81
2026-06-15	40932.46
2026-06-16	40936.79
2026-06-17	41008.43
2026-06-18	40922.64
2026-06-19	40989.37
2026-06-20	40989.37
2026-06-21	40989.37
2026-06-22	41107.4
2026-06-23	41266.41
2026-06-24	41371.69
2026-06-25	41243.36
2026-06-26	41359.6
2026-06-27	41359.6
2026-06-28	41359.6
2026-06-29	41468.68
2026-06-30	41370.33
2026-07-01	40978.61
2026-07-02	40937.16
2026-07-03	41162.6
2026-07-04	41162.6
2026-07-05	41162.6
2026-07-06	41121.82
2026-07-07	41331.27
2026-07-08	41522.95
2026-07-09	41538.62
2026-07-10	41540.61
2026-07-11	41540.61
2026-07-12	41540.61
2026-07-13	41758.28
2026-07-14	41589.75
2026-07-15	41513.42
2026-07-16	41700.69
2026-07-17	41970.03
2026-07-18	41970.03
2026-07-19	41970.03
2026-07-20	41979.54
2026-07-21	41778.45
2026-07-22	41598.87
2026-07-23	41543.38
2026-07-24	41630.12
2026-07-25	41630.12
2026-07-26	41630.12
2026-07-27	41964.04
2026-07-28	42402.7
2026-07-29	42768.74
2026-07-30	42523.84
2026-07-31	42367.09
2026-08-01	42367.09
2026-08-02	42367.09
2026-08-03	42565.37
2026-08-04	43001.72
2026-08-05	42895.65
2026-08-06	42962.66
2026-08-07	42767.16
2026-08-08	42767.16
2026-08-09	42767.16
2026-08-10	42369.49
2026-08-11	42273.06
2026-08-12	42143.74
2026-08-13	42137.03
2026-08-14	41999.31
2026-08-15	41999.31
2026-08-16	41999.31
2026-08-17	41507.97
2026-08-18	41326.22
2026-08-19	41424.68
2026-08-20	40981.63
2026-08-21	40947.18
2026-08-22	40947.18
2026-08-23	40947.18
2026-08-24	40718.38
2026-08-25	41014.61
2026-08-26	40956.82
2026-08-27	40654.96
2026-08-28	40785.54
2026-08-29	40785.54
2026-08-30	40785.54
2026-08-31	41055.33
2026-09-01	40892.94
2026-09-02	40994.19
2026-09-03	41174.19
2026-09-04	41222.36
2026-09-05	41222.36
2026-09-06	41222.36
2026-09-07	41145.14
2026-09-08	40681.83
2026-09-09	40434.18
2026-09-10	40226.02
2026-09-11	40383.81
2026-09-12	40383.81
2026-09-13	40383.81
2026-09-14	40511.3
2026-09-15	40360.84
2026-09-16	40220.33
