date	value
2008-06-30	10000.0
2008-07-01	9869.07
2008-07-02	9792.92
2008-07-03	9621.17
2008-07-04	9763.86
2008-07-05	9763.86
2008-07-06	9763.86
2008-07-07	9626.51
2008-07-08	9503.15
2008-07-09	9636.94
2008-07-10	9506.91
2008-07-11	9581.71
2008-07-12	9581.71
2008-07-13	9581.71
2008-07-14	9479.63
2008-07-15	9298.57
2008-07-16	9389.39
2008-07-17	9441.87
2008-07-18	9334.37
2008-07-19	9334.37
2008-07-20	9334.37
2008-07-21	9629.19
2008-07-22	9621.5
2008-07-23	9793.68
2008-07-24	9858.96
2008-07-25	9561.15
2008-07-26	9561.15
2008-07-27	9561.15
2008-07-28	9626.29
2008-07-29	9495.05
2008-07-30	9653.11
2008-07-31	9724.88
2008-08-01	9595.83
2008-08-02	9595.83
2008-08-03	9595.83
2008-08-04	9551.93
2008-08-05	9429.68
2008-08-06	9689.08
2008-08-07	9711.82
2008-08-08	9718.07
2008-08-09	9718.07
2008-08-10	9718.07
2008-08-11	9785.63
2008-08-12	9833.39
2008-08-13	9654.15
2008-08-14	9707.76
2008-08-15	9709.86
2008-08-16	9709.86
2008-08-17	9709.86
2008-08-18	9709.12
2008-08-19	9501.66
2008-08-20	9613.08
2008-08-21	9520.58
2008-08-22	9621.01
2008-08-23	9621.01
2008-08-24	9621.01
2008-08-25	9782.18
2008-08-26	9783.75
2008-08-27	9793.97
2008-08-28	9898.88
2008-08-29	10028.62
2008-08-30	10028.62
2008-08-31	10028.62
2008-09-01	9989.57
2008-09-02	9990.16
2008-09-03	9892.94
2008-09-04	9751.09
2008-09-05	9570.92
2008-09-06	9570.92
2008-09-07	9570.92
2008-09-08	10026.12
2008-09-09	9870.96
2008-09-10	9736.89
2008-09-11	9571.86
2008-09-12	9731.88
2008-09-13	9731.88
2008-09-14	9731.88
2008-09-15	9558.91
2008-09-16	9436.33
2008-09-17	9386.73
2008-09-18	9179.87
2008-09-19	9533.92
2008-09-20	9533.92
2008-09-21	9533.92
2008-09-22	9863.08
2008-09-23	9693.29
2008-09-24	9797.9
2008-09-25	9702.34
2008-09-26	9663.59
2008-09-27	9663.59
2008-09-28	9663.59
2008-09-29	9486.86
2008-09-30	9142.27
2008-10-01	9460.28
2008-10-02	9400.89
2008-10-03	9284.9
2008-10-04	9284.9
2008-10-05	9284.9
2008-10-06	9011.53
2008-10-07	9144.42
2008-10-08	8728.35
2008-10-09	8603.46
2008-10-10	7952.86
2008-10-11	7952.86
2008-10-12	7952.86
2008-10-13	8591.04
2008-10-14	8882.57
2008-10-15	8817.17
2008-10-16	8283.85
2008-10-17	8202.48
2008-10-18	8202.48
2008-10-19	8202.48
2008-10-20	8418.68
2008-10-21	8711.86
2008-10-22	8344.38
2008-10-23	8013.42
2008-10-24	7822.37
2008-10-25	7822.37
2008-10-26	7822.37
2008-10-27	7708.32
2008-10-28	7909.63
2008-10-29	8009.28
2008-10-30	8301.9
2008-10-31	8339.84
2008-11-01	8339.84
2008-11-02	8339.84
2008-11-03	8557.59
2008-11-04	8546.71
2008-11-05	8782.32
2008-11-06	8453.31
2008-11-07	8287.18
2008-11-08	8287.18
2008-11-09	8287.18
2008-11-10	8407.07
2008-11-11	8135.29
2008-11-12	8073.08
2008-11-13	7647.67
2008-11-14	7744.28
2008-11-15	7744.28
2008-11-16	7744.28
2008-11-17	7549.84
2008-11-18	7308.81
2008-11-19	7263.06
2008-11-20	6984.91
2008-11-21	7101.59
2008-11-22	7101.59
2008-11-23	7101.59
2008-11-24	7143.78
2008-11-25	7514.85
2008-11-26	7359.47
2008-11-27	7450.63
2008-11-28	7738.64
2008-11-29	7738.64
2008-11-30	7738.64
2008-12-01	7525.29
2008-12-02	7243.05
2008-12-03	7254.38
2008-12-04	7250.53
2008-12-05	7171.58
2008-12-06	7171.58
2008-12-07	7171.58
2008-12-08	7513.82
2008-12-09	7464.56
2008-12-10	7532.37
2008-12-11	7453.58
2008-12-12	7291.98
2008-12-13	7291.98
2008-12-14	7291.98
2008-12-15	7420.88
2008-12-16	7356.07
2008-12-17	7386.31
2008-12-18	7406.67
2008-12-19	7470.87
2008-12-20	7470.87
2008-12-21	7470.87
2008-12-22	7344.72
2008-12-23	7311.42
2008-12-24	7406.01
2008-12-25	7406.01
2008-12-26	7406.01
2008-12-27	7406.01
2008-12-28	7406.01
2008-12-29	7492.58
2008-12-30	7554.71
2008-12-31	7688.93
2009-01-01	7682.39
2009-01-02	7669.79
2009-01-03	7669.79
2009-01-04	7669.79
2009-01-05	7630.24
2009-01-06	7733.94
2009-01-07	7804.3
2009-01-08	7644.62
2009-01-09	7722.43
2009-01-10	7722.43
2009-01-11	7722.43
2009-01-12	7629.59
2009-01-13	7576.27
2009-01-14	7636.12
2009-01-15	7342.01
2009-01-16	7380.98
2009-01-17	7380.98
2009-01-18	7380.98
2009-01-19	7484.88
2009-01-20	7273.1
2009-01-21	7207.99
2009-01-22	7290.18
2009-01-23	7014.88
2009-01-24	7014.88
2009-01-25	7014.88
2009-01-26	7014.84
2009-01-27	7204.09
2009-01-28	7299.37
2009-01-29	7355.63
2009-01-30	7383.96
2009-01-31	7383.96
2009-02-01	7383.96
2009-02-02	7268.49
2009-02-03	7288.42
2009-02-04	7156.03
2009-02-05	7137.63
2009-02-06	7215.27
2009-02-07	7215.27
2009-02-08	7215.27
2009-02-09	7264.61
2009-02-10	7228.52
2009-02-11	7202.12
2009-02-12	7276.95
2009-02-13	7360.98
2009-02-14	7360.98
2009-02-15	7360.98
2009-02-16	7304.86
2009-02-17	7207.99
2009-02-18	7114.22
2009-02-19	7179.7
2009-02-20	7092.18
2009-02-21	7092.18
2009-02-22	7092.18
2009-02-23	7011.5
2009-02-24	6982.39
2009-02-25	6976.06
2009-02-26	7009.97
2009-02-27	7011.72
2009-02-28	7011.72
2009-03-01	7011.72
2009-03-02	6829.25
2009-03-03	6772.02
2009-03-04	6681.84
2009-03-05	6727.01
2009-03-06	6661.82
2009-03-07	6661.82
2009-03-08	6661.82
2009-03-09	6661.82
2009-03-10	6778.6
2009-03-11	6894.16
2009-03-12	6876.8
2009-03-13	7088.77
2009-03-14	7088.77
2009-03-15	7088.77
2009-03-16	7043.02
2009-03-17	7239.39
2009-03-18	7229.72
2009-03-19	7294.67
2009-03-20	7267.74
2009-03-21	7267.74
2009-03-22	7267.74
2009-03-23	7441.13
2009-03-24	7276.41
2009-03-25	7556.54
2009-03-26	7629.14
2009-03-27	7679.39
2009-03-28	7679.39
2009-03-29	7679.39
2009-03-30	7546.1
2009-03-31	7541.0
2009-04-01	7501.22
2009-04-02	7692.72
2009-04-03	7798.19
2009-04-04	7798.19
2009-04-05	7798.19
2009-04-06	7851.46
2009-04-07	7758.05
2009-04-08	7592.84
2009-04-09	7691.55
2009-04-10	7691.55
2009-04-11	7691.55
2009-04-12	7691.55
2009-04-13	7691.55
2009-04-14	7845.68
2009-04-15	7878.0
2009-04-16	7890.85
2009-04-17	7893.08
2009-04-18	7893.08
2009-04-19	7893.08
2009-04-20	7912.52
2009-04-21	7738.31
2009-04-22	7721.38
2009-04-23	7891.01
2009-04-24	7832.52
2009-04-25	7832.52
2009-04-26	7832.52
2009-04-27	7851.23
2009-04-28	7808.44
2009-04-29	7784.59
2009-04-30	7947.06
2009-05-01	7927.33
2009-05-02	7927.33
2009-05-03	7927.33
2009-05-04	8167.24
2009-05-05	8185.95
2009-05-06	8141.93
2009-05-07	8287.25
2009-05-08	8294.0
2009-05-09	8294.0
2009-05-10	8294.0
2009-05-11	8285.19
2009-05-12	8191.25
2009-05-13	8151.99
2009-05-14	7897.37
2009-05-15	7991.97
2009-05-16	7991.97
2009-05-17	7991.97
2009-05-18	7956.85
2009-05-19	8112.03
2009-05-20	8126.38
2009-05-21	8107.91
2009-05-22	8008.28
2009-05-23	8008.28
2009-05-24	8008.28
2009-05-25	7938.77
2009-05-26	8034.93
2009-05-27	8061.0
2009-05-28	7974.56
2009-05-29	8094.83
2009-05-30	8094.83
2009-05-31	8094.83
2009-06-01	8240.0
2009-06-02	8355.15
2009-06-03	8473.06
2009-06-04	8328.78
2009-06-05	8399.26
2009-06-06	8399.26
2009-06-07	8399.26
2009-06-08	8399.26
2009-06-09	8305.1
2009-06-10	8476.2
2009-06-11	8519.65
2009-06-12	8548.55
2009-06-13	8548.55
2009-06-14	8548.55
2009-06-15	8486.19
2009-06-16	8352.38
2009-06-17	8241.43
2009-06-18	8218.11
2009-06-19	8233.18
2009-06-20	8233.18
2009-06-21	8233.18
2009-06-22	8283.76
2009-06-23	8050.62
2009-06-24	8085.02
2009-06-25	8179.8
2009-06-26	8273.31
2009-06-27	8273.31
2009-06-28	8273.31
2009-06-29	8240.7
2009-06-30	8400.0
2009-07-01	8245.53
2009-07-02	8253.58
2009-07-03	8158.89
2009-07-04	8158.89
2009-07-05	8158.89
2009-07-06	8080.06
2009-07-07	8046.62
2009-07-08	8046.52
2009-07-09	8037.02
2009-07-10	8096.19
2009-07-11	8096.19
2009-07-12	8096.19
2009-07-13	8000.39
2009-07-14	8250.59
2009-07-15	8361.65
2009-07-16	8499.02
2009-07-17	8486.9
2009-07-18	8486.9
2009-07-19	8486.9
2009-07-20	8576.83
2009-07-21	8571.9
2009-07-22	8628.54
2009-07-23	8634.28
2009-07-24	8690.66
2009-07-25	8690.66
2009-07-26	8690.66
2009-07-27	8779.89
2009-07-28	8842.3
2009-07-29	8796.05
2009-07-30	8899.47
2009-07-31	8990.45
2009-08-01	8990.45
2009-08-02	8990.45
2009-08-03	9031.23
2009-08-04	9112.61
2009-08-05	9023.12
2009-08-06	9142.02
2009-08-07	9097.6
2009-08-08	9097.6
2009-08-09	9097.6
2009-08-10	9109.3
2009-08-11	9176.52
2009-08-12	9207.09
2009-08-13	9377.81
2009-08-14	9443.28
2009-08-15	9443.28
2009-08-16	9443.28
2009-08-17	9329.06
2009-08-18	9315.44
2009-08-19	9322.4
2009-08-20	9340.79
2009-08-21	9183.17
2009-08-22	9183.17
2009-08-23	9183.17
2009-08-24	9474.32
2009-08-25	9444.03
2009-08-26	9548.8
2009-08-27	9528.78
2009-08-28	9613.83
2009-08-29	9613.83
2009-08-30	9613.83
2009-08-31	9619.14
2009-09-01	9690.88
2009-09-02	9541.88
2009-09-03	9532.76
2009-09-04	9552.63
2009-09-05	9552.63
2009-09-06	9552.63
2009-09-07	9603.29
2009-09-08	9747.81
2009-09-09	9735.37
2009-09-10	9830.79
2009-09-11	9895.53
2009-09-12	9895.53
2009-09-13	9895.53
2009-09-14	9769.31
2009-09-15	9790.82
2009-09-16	10011.48
2009-09-17	10116.82
2009-09-18	10070.59
2009-09-19	10070.59
2009-09-20	10070.59
2009-09-21	10038.42
2009-09-22	10023.62
2009-09-23	10165.42
2009-09-24	10104.5
2009-09-25	10133.94
2009-09-26	10133.94
2009-09-27	10133.94
2009-09-28	10060.37
2009-09-29	10203.24
2009-09-30	10189.0
2009-10-01	10117.12
2009-10-02	9929.38
2009-10-03	9929.38
2009-10-04	9929.38
2009-10-05	9880.01
2009-10-06	9918.12
2009-10-07	10122.75
2009-10-08	10228.43
2009-10-09	10202.02
2009-10-10	10202.02
2009-10-11	10202.02
2009-10-12	10185.57
2009-10-13	10280.32
2009-10-14	10362.09
2009-10-15	10401.1
2009-10-16	10370.08
2009-10-17	10370.08
2009-10-18	10370.08
2009-10-19	10297.5
2009-10-20	10400.19
2009-10-21	10382.07
2009-10-22	10334.74
2009-10-23	10423.28
2009-10-24	10423.28
2009-10-25	10423.28
2009-10-26	10369.8
2009-10-27	10217.49
2009-10-28	10090.82
2009-10-29	9882.52
2009-10-30	10032.18
2009-10-31	10032.18
2009-11-01	10032.18
2009-11-02	9833.88
2009-11-03	9833.88
2009-11-04	9828.28
2009-11-05	9784.03
2009-11-06	9963.56
2009-11-07	9963.56
2009-11-08	9963.56
2009-11-09	10128.27
2009-11-10	10231.12
2009-11-11	10270.86
2009-11-12	10244.22
2009-11-13	10189.44
2009-11-14	10189.44
2009-11-15	10189.44
2009-11-16	10290.63
2009-11-17	10245.26
2009-11-18	10269.46
2009-11-19	10280.28
2009-11-20	10139.61
2009-11-21	10139.61
2009-11-22	10139.61
2009-11-23	10199.04
2009-11-24	10140.32
2009-11-25	10221.48
2009-11-26	10191.6
2009-11-27	9930.51
2009-11-28	9930.51
2009-11-29	9930.51
2009-11-30	10185.21
2009-12-01	10200.07
2009-12-02	10287.0
2009-12-03	10305.26
2009-12-04	10180.27
2009-12-05	10180.27
2009-12-06	10180.27
2009-12-07	10129.21
2009-12-08	10136.19
2009-12-09	10075.12
2009-12-10	10008.44
2009-12-11	10066.68
2009-12-12	10066.68
2009-12-13	10066.68
2009-12-14	10107.09
2009-12-15	10146.71
2009-12-16	10118.37
2009-12-17	10143.71
2009-12-18	10106.1
2009-12-19	10106.1
2009-12-20	10106.1
2009-12-21	10090.9
2009-12-22	10232.85
2009-12-23	10314.82
2009-12-24	10406.79
2009-12-25	10406.79
2009-12-26	10406.79
2009-12-27	10406.79
2009-12-28	10406.79
2009-12-29	10506.79
2009-12-30	10481.32
2009-12-31	10556.0
2010-01-01	10556.0
2010-01-02	10556.0
2010-01-03	10556.0
2010-01-04	10567.59
2010-01-05	10661.42
2010-01-06	10644.81
2010-01-07	10599.14
2010-01-08	10626.89
2010-01-09	10626.89
2010-01-10	10626.89
2010-01-11	10702.5
2010-01-12	10599.25
2010-01-13	10545.11
2010-01-14	10611.97
2010-01-15	10608.32
2010-01-16	10608.32
2010-01-17	10608.32
2010-01-18	10627.82
2010-01-19	10532.48
2010-01-20	10547.76
2010-01-21	10476.67
2010-01-22	10314.85
2010-01-23	10314.85
2010-01-24	10314.85
2010-01-25	10258.91
2010-01-26	10258.85
2010-01-27	10113.64
2010-01-28	10174.15
2010-01-29	9959.84
2010-01-30	9959.84
2010-01-31	9959.84
2010-02-01	9864.73
2010-02-02	10039.97
2010-02-03	10094.19
2010-02-04	10049.63
2010-02-05	9846.18
2010-02-06	9846.18
2010-02-07	9846.18
2010-02-08	9860.45
2010-02-09	9825.28
2010-02-10	9836.05
2010-02-11	9918.53
2010-02-12	9941.05
2010-02-13	9941.05
2010-02-14	9941.05
2010-02-15	9934.8
2010-02-16	9974.88
2010-02-17	10171.02
2010-02-18	10140.42
2010-02-19	10100.41
2010-02-20	10100.41
2010-02-21	10100.41
2010-02-22	10280.87
2010-02-23	10278.64
2010-02-24	10131.58
2010-02-25	10031.27
2010-02-26	10120.91
2010-02-27	10120.91
2010-02-28	10120.91
2010-03-01	10209.13
2010-03-02	10238.18
2010-03-03	10303.09
2010-03-04	10338.07
2010-03-05	10356.64
2010-03-06	10356.64
2010-03-07	10356.64
2010-03-08	10438.51
2010-03-09	10476.06
2010-03-10	10486.53
2010-03-11	10485.17
2010-03-12	10496.83
2010-03-13	10496.83
2010-03-14	10496.83
2010-03-15	10433.88
2010-03-16	10468.6
2010-03-17	10574.82
2010-03-18	10602.12
2010-03-19	10619.88
2010-03-20	10619.88
2010-03-21	10619.88
2010-03-22	10541.36
2010-03-23	10622.85
2010-03-24	10654.45
2010-03-25	10652.55
2010-03-26	10672.93
2010-03-27	10672.93
2010-03-28	10672.93
2010-03-29	10682.56
2010-03-30	10727.28
2010-03-31	10651.0
2010-04-01	10723.72
2010-04-02	10723.72
2010-04-03	10723.72
2010-04-04	10723.72
2010-04-05	10723.72
2010-04-06	10814.9
2010-04-07	10808.96
2010-04-08	10761.28
2010-04-09	10770.85
2010-04-10	10770.85
2010-04-11	10770.85
2010-04-12	10843.46
2010-04-13	10783.74
2010-04-14	10866.13
2010-04-15	10867.01
2010-04-16	10833.49
2010-04-17	10833.49
2010-04-18	10833.49
2010-04-19	10691.91
2010-04-20	10716.74
2010-04-21	10764.16
2010-04-22	10680.08
2010-04-23	10636.33
2010-04-24	10636.33
2010-04-25	10636.33
2010-04-26	10636.16
2010-04-27	10636.16
2010-04-28	10524.47
2010-04-29	10440.94
2010-04-30	10489.36
2010-05-01	10489.36
2010-05-02	10489.36
2010-05-03	10445.32
2010-05-04	10355.84
2010-05-05	10239.33
2010-05-06	10043.36
2010-05-07	9862.95
2010-05-08	9862.95
2010-05-09	9862.95
2010-05-10	10101.68
2010-05-11	9981.66
2010-05-12	10048.18
2010-05-13	10206.32
2010-05-14	10118.73
2010-05-15	10118.73
2010-05-16	10118.73
2010-05-17	9854.07
2010-05-18	9865.81
2010-05-19	9689.28
2010-05-20	9555.45
2010-05-21	9528.97
2010-05-22	9528.97
2010-05-23	9528.97
2010-05-24	9688.48
2010-05-25	9421.57
2010-05-26	9509.36
2010-05-27	9650.03
2010-05-28	9806.61
2010-05-29	9806.61
2010-05-30	9806.61
2010-05-31	9732.98
2010-06-01	9699.02
2010-06-02	9633.97
2010-06-03	9841.43
2010-06-04	9781.99
2010-06-05	9781.99
2010-06-06	9781.99
2010-06-07	9534.23
2010-06-08	9643.67
2010-06-09	9650.65
2010-06-10	9747.45
2010-06-11	9886.23
2010-06-12	9886.23
2010-06-13	9886.23
2010-06-14	9886.08
2010-06-15	9858.71
2010-06-16	9967.34
2010-06-17	9917.92
2010-06-18	9967.96
2010-06-19	9967.96
2010-06-20	9967.96
2010-06-21	10084.77
2010-06-22	9958.84
2010-06-23	9810.86
2010-06-24	9802.61
2010-06-25	9670.89
2010-06-26	9670.89
2010-06-27	9670.89
2010-06-28	9619.28
2010-06-29	9539.1
2010-06-30	9450.0
2010-07-01	9327.73
2010-07-02	9335.89
2010-07-03	9335.89
2010-07-04	9335.89
2010-07-05	9311.95
2010-07-06	9419.98
2010-07-07	9373.77
2010-07-08	9574.65
2010-07-09	9642.63
2010-07-10	9642.63
2010-07-11	9642.63
2010-07-12	9671.52
2010-07-13	9604.01
2010-07-14	9763.08
2010-07-15	9718.57
2010-07-16	9688.18
2010-07-17	9688.18
2010-07-18	9688.18
2010-07-19	9566.82
2010-07-20	9652.48
2010-07-21	9671.33
2010-07-22	9607.48
2010-07-23	9773.91
2010-07-24	9773.91
2010-07-25	9773.91
2010-07-26	9822.37
2010-07-27	9846.69
2010-07-28	9909.87
2010-07-29	9893.34
2010-07-30	9829.2
2010-07-31	9829.2
2010-08-01	9829.2
2010-08-02	9926.92
2010-08-03	9983.95
2010-08-04	9930.3
2010-08-05	9970.28
2010-08-06	9974.92
2010-08-07	9974.92
2010-08-08	9974.92
2010-08-09	10030.72
2010-08-10	9927.35
2010-08-11	9756.38
2010-08-12	9653.77
2010-08-13	9763.89
2010-08-14	9763.89
2010-08-15	9763.89
2010-08-16	9739.63
2010-08-17	9809.8
2010-08-18	9803.8
2010-08-19	9808.17
2010-08-20	9720.58
2010-08-21	9720.58
2010-08-22	9720.58
2010-08-23	9728.46
2010-08-24	9647.6
2010-08-25	9534.3
2010-08-26	9614.09
2010-08-27	9632.65
2010-08-28	9632.65
2010-08-29	9632.65
2010-08-30	9797.15
2010-08-31	9701.42
2010-09-01	9882.96
2010-09-02	9956.12
2010-09-03	9967.72
2010-09-04	9967.72
2010-09-05	9967.72
2010-09-06	10061.18
2010-09-07	10057.22
2010-09-08	9991.39
2010-09-09	10083.07
2010-09-10	10041.09
2010-09-11	10041.09
2010-09-12	10041.09
2010-09-13	10165.65
2010-09-14	10195.97
2010-09-15	10266.47
2010-09-16	10154.38
2010-09-17	10224.5
2010-09-18	10224.5
2010-09-19	10224.5
2010-09-20	10212.19
2010-09-21	10183.34
2010-09-22	10210.87
2010-09-23	10217.2
2010-09-24	10148.42
2010-09-25	10148.42
2010-09-26	10148.42
2010-09-27	10301.24
2010-09-28	10291.58
2010-09-29	10247.41
2010-09-30	10134.0
2010-10-01	10130.28
2010-10-02	10130.28
2010-10-03	10130.28
2010-10-04	10220.69
2010-10-05	10176.9
2010-10-06	10336.1
2010-10-07	10343.79
2010-10-08	10333.52
2010-10-09	10333.52
2010-10-10	10333.52
2010-10-11	10373.07
2010-10-12	10213.15
2010-10-13	10223.24
2010-10-14	10379.16
2010-10-15	10354.1
2010-10-16	10354.1
2010-10-17	10354.1
2010-10-18	10275.0
2010-10-19	10290.01
2010-10-20	10220.71
2010-10-21	10228.15
2010-10-22	10284.26
2010-10-23	10284.26
2010-10-24	10284.26
2010-10-25	10401.91
2010-10-26	10363.03
2010-10-27	10283.98
2010-10-28	10365.85
2010-10-29	10326.76
2010-10-30	10326.76
2010-10-31	10326.76
2010-11-01	10412.41
2010-11-02	10418.62
2010-11-03	10459.08
2010-11-04	10524.14
2010-11-05	10635.88
2010-11-06	10635.88
2010-11-07	10635.88
2010-11-08	10611.19
2010-11-09	10544.81
2010-11-10	10464.89
2010-11-11	10523.16
2010-11-12	10469.16
2010-11-13	10469.16
2010-11-14	10469.16
2010-11-15	10460.49
2010-11-16	10472.49
2010-11-17	10315.99
2010-11-18	10342.56
2010-11-19	10328.73
2010-11-20	10328.73
2010-11-21	10328.73
2010-11-22	10369.2
2010-11-23	10259.64
2010-11-24	10249.53
2010-11-25	10263.92
2010-11-26	10272.86
2010-11-27	10272.86
2010-11-28	10272.86
2010-11-29	10315.63
2010-11-30	10245.04
2010-12-01	10249.4
2010-12-02	10433.56
2010-12-03	10465.75
2010-12-04	10465.75
2010-12-05	10465.75
2010-12-06	10465.73
2010-12-07	10540.31
2010-12-08	10475.38
2010-12-09	10556.24
2010-12-10	10563.26
2010-12-11	10563.26
2010-12-12	10563.26
2010-12-13	10587.12
2010-12-14	10614.26
2010-12-15	10622.69
2010-12-16	10651.59
2010-12-17	10616.57
2010-12-18	10616.57
2010-12-19	10616.57
2010-12-20	10574.5
2010-12-21	10643.07
2010-12-22	10658.42
2010-12-23	10712.97
2010-12-24	10672.15
2010-12-25	10672.15
2010-12-26	10672.15
2010-12-27	10668.83
2010-12-28	10668.78
2010-12-29	10667.07
2010-12-30	10688.27
2010-12-31	10604.0
2011-01-01	10604.0
2011-01-02	10604.0
2011-01-03	10603.83
2011-01-04	10602.85
2011-01-05	10557.81
2011-01-06	10586.4
2011-01-07	10553.33
2011-01-08	10553.33
2011-01-09	10553.33
2011-01-10	10565.68
2011-01-11	10557.15
2011-01-12	10573.79
2011-01-13	10720.99
2011-01-14	10738.94
2011-01-15	10738.94
2011-01-16	10738.94
2011-01-17	10653.26
2011-01-18	10731.44
2011-01-19	10801.79
2011-01-20	10692.44
2011-01-21	10630.56
2011-01-22	10630.56
2011-01-23	10630.56
2011-01-24	10692.84
2011-01-25	10733.45
2011-01-26	10733.39
2011-01-27	10738.29
2011-01-28	10665.6
2011-01-29	10665.6
2011-01-30	10665.6
2011-01-31	10618.0
2011-02-01	10613.78
2011-02-02	10698.5
2011-02-03	10749.86
2011-02-04	10849.34
2011-02-05	10849.34
2011-02-06	10849.34
2011-02-07	10859.6
2011-02-08	10904.6
2011-02-09	10927.28
2011-02-10	10943.52
2011-02-11	10878.08
2011-02-12	10878.08
2011-02-13	10878.08
2011-02-14	11012.76
2011-02-15	11013.63
2011-02-16	11009.83
2011-02-17	11026.97
2011-02-18	11018.66
2011-02-19	11018.66
2011-02-20	11018.66
2011-02-21	10961.56
2011-02-22	10875.83
2011-02-23	10852.27
2011-02-24	10786.11
2011-02-25	10836.45
2011-02-26	10836.45
2011-02-27	10836.45
2011-02-28	10826.45
2011-03-01	10827.55
2011-03-02	10782.06
2011-03-03	10787.06
2011-03-04	10918.49
2011-03-05	10918.49
2011-03-06	10918.49
2011-03-07	10806.26
2011-03-08	10831.27
2011-03-09	10748.88
2011-03-10	10612.5
2011-03-11	10485.8
2011-03-12	10485.8
2011-03-13	10485.8
2011-03-14	10443.64
2011-03-15	10238.18
2011-03-16	10305.24
2011-03-17	10299.4
2011-03-18	10449.93
2011-03-19	10449.93
2011-03-20	10449.93
2011-03-21	10507.64
2011-03-22	10512.09
2011-03-23	10530.95
2011-03-24	10617.83
2011-03-25	10709.11
2011-03-26	10709.11
2011-03-27	10709.11
2011-03-28	10684.97
2011-03-29	10724.08
2011-03-30	10861.43
2011-03-31	10900.0
2011-04-01	10966.63
2011-04-02	10966.63
2011-04-03	10966.63
2011-04-04	11010.88
2011-04-05	11047.72
2011-04-06	11076.11
2011-04-07	11065.01
2011-04-08	11132.24
2011-04-09	11132.24
2011-04-10	11132.24
2011-04-11	11188.97
2011-04-12	11033.81
2011-04-13	11024.15
2011-04-14	10965.49
2011-04-15	10906.29
2011-04-16	10906.29
2011-04-17	10906.29
2011-04-18	10921.41
2011-04-19	10787.58
2011-04-20	10903.83
2011-04-21	11010.45
2011-04-22	11010.41
2011-04-23	11010.41
2011-04-24	11010.41
2011-04-25	11010.27
2011-04-26	11010.22
2011-04-27	10895.92
2011-04-28	10893.79
2011-04-29	10782.35
2011-04-30	10782.35
2011-05-01	10782.35
2011-05-02	10770.66
2011-05-03	10682.91
2011-05-04	10598.07
2011-05-05	10625.77
2011-05-06	10595.03
2011-05-07	10595.03
2011-05-08	10595.03
2011-05-09	10626.55
2011-05-10	10568.58
2011-05-11	10677.97
2011-05-12	10530.92
2011-05-13	10561.6
2011-05-14	10561.6
2011-05-15	10561.6
2011-05-16	10490.79
2011-05-17	10545.35
2011-05-18	10560.6
2011-05-19	10689.18
2011-05-20	10638.02
2011-05-21	10638.02
2011-05-22	10638.02
2011-05-23	10448.47
2011-05-24	10428.54
2011-05-25	10335.48
2011-05-26	10486.03
2011-05-27	10536.57
2011-05-28	10536.57
2011-05-29	10536.57
2011-05-30	10498.65
2011-05-31	10586.54
2011-06-01	10582.45
2011-06-02	10383.19
2011-06-03	10351.54
2011-06-04	10351.54
2011-06-05	10351.54
2011-06-06	10351.53
2011-06-07	10327.78
2011-06-08	10256.22
2011-06-09	10284.12
2011-06-10	10318.53
2011-06-11	10318.53
2011-06-12	10318.53
2011-06-13	10318.4
2011-06-14	10367.11
2011-06-15	10324.27
2011-06-16	10144.61
2011-06-17	10156.04
2011-06-18	10156.04
2011-06-19	10156.04
2011-06-20	10098.31
2011-06-21	10206.62
2011-06-22	10249.27
2011-06-23	10194.55
2011-06-24	10221.91
2011-06-25	10221.91
2011-06-26	10221.91
2011-06-27	10113.78
2011-06-28	10132.47
2011-06-29	10252.1
2011-06-30	10411.0
2011-07-01	10381.43
2011-07-02	10381.43
2011-07-03	10381.43
2011-07-04	10430.89
2011-07-05	10404.61
2011-07-06	10420.48
2011-07-07	10417.97
2011-07-08	10521.76
2011-07-09	10521.76
2011-07-10	10521.76
2011-07-11	10382.02
2011-07-12	10203.55
2011-07-13	10252.4
2011-07-14	10200.98
2011-07-15	10170.97
2011-07-16	10170.97
2011-07-17	10170.97
2011-07-18	10161.68
2011-07-19	10160.35
2011-07-20	10330.32
2011-07-21	10339.83
2011-07-22	10433.53
2011-07-23	10433.53
2011-07-24	10433.53
2011-07-25	10289.73
2011-07-26	10378.56
2011-07-27	10302.38
2011-07-28	10156.88
2011-07-29	10083.15
2011-07-30	10083.15
2011-07-31	10083.15
2011-08-01	10240.27
2011-08-02	10111.73
2011-08-03	9900.25
2011-08-04	9779.47
2011-08-05	9426.1
2011-08-06	9426.1
2011-08-07	9426.1
2011-08-08	9166.49
2011-08-09	9263.43
2011-08-10	9471.17
2011-08-11	9475.91
2011-08-12	9543.37
2011-08-13	9543.37
2011-08-14	9543.37
2011-08-15	9800.96
2011-08-16	9722.46
2011-08-17	9840.44
2011-08-18	9729.74
2011-08-19	9411.26
2011-08-20	9411.26
2011-08-21	9411.26
2011-08-22	9381.18
2011-08-23	9576.74
2011-08-24	9560.89
2011-08-25	9659.37
2011-08-26	9629.28
2011-08-27	9629.28
2011-08-28	9629.28
2011-08-29	9766.27
2011-08-30	9765.68
2011-08-31	9834.23
2011-09-01	9862.52
2011-09-02	9740.73
2011-09-03	9740.73
2011-09-04	9740.73
2011-09-05	9552.88
2011-09-06	9420.47
2011-09-07	9649.65
2011-09-08	9659.25
2011-09-09	9682.4
2011-09-10	9682.4
2011-09-11	9682.4
2011-09-12	9370.43
2011-09-13	9440.84
2011-09-14	9312.54
2011-09-15	9457.86
2011-09-16	9619.45
2011-09-17	9619.45
2011-09-18	9619.45
2011-09-19	9461.7
2011-09-20	9377.8
2011-09-21	9450.55
2011-09-22	9232.66
2011-09-23	9105.4
2011-09-24	9105.4
2011-09-25	9105.4
2011-09-26	9029.45
2011-09-27	9316.32
2011-09-28	9371.59
2011-09-29	9298.14
2011-09-30	9306.0
2011-10-01	9306.0
2011-10-02	9306.0
2011-10-03	9075.09
2011-10-04	9031.74
2011-10-05	9151.82
2011-10-06	9444.85
2011-10-07	9625.08
2011-10-08	9625.08
2011-10-09	9625.08
2011-10-10	9706.32
2011-10-11	9759.38
2011-10-12	9717.34
2011-10-13	9794.64
2011-10-14	9710.25
2011-10-15	9710.25
2011-10-16	9710.25
2011-10-17	9855.78
2011-10-18	9667.21
2011-10-19	9721.16
2011-10-20	9580.28
2011-10-21	9581.31
2011-10-22	9581.31
2011-10-23	9581.31
2011-10-24	9825.59
2011-10-25	9766.09
2011-10-26	9793.8
2011-10-27	10016.7
2011-10-28	10028.41
2011-10-29	10028.41
2011-10-30	10028.41
2011-10-31	9915.48
2011-11-01	9780.02
2011-11-02	9685.77
2011-11-03	9653.37
2011-11-04	9893.65
2011-11-05	9893.65
2011-11-06	9893.65
2011-11-07	9890.61
2011-11-08	9927.77
2011-11-09	10035.64
2011-11-10	9851.12
2011-11-11	9962.09
2011-11-12	9962.09
2011-11-13	9962.09
2011-11-14	9974.05
2011-11-15	9941.23
2011-11-16	9863.7
2011-11-17	9893.12
2011-11-18	9734.58
2011-11-19	9734.58
2011-11-20	9734.58
2011-11-21	9714.03
2011-11-22	9658.84
2011-11-23	9483.92
2011-11-24	9485.75
2011-11-25	9346.58
2011-11-26	9346.58
2011-11-27	9346.58
2011-11-28	9509.15
2011-11-29	9603.17
2011-11-30	9631.04
2011-12-01	9856.32
2011-12-02	9971.75
2011-12-03	9971.75
2011-12-04	9971.75
2011-12-05	10032.38
2011-12-06	9900.42
2011-12-07	9970.25
2011-12-08	9947.47
2011-12-09	9789.51
2011-12-10	9789.51
2011-12-11	9789.51
2011-12-12	9903.2
2011-12-13	9787.23
2011-12-14	9777.29
2011-12-15	9668.42
2011-12-16	9710.41
2011-12-17	9710.41
2011-12-18	9710.41
2011-12-19	9500.11
2011-12-20	9466.89
2011-12-21	9642.62
2011-12-22	9546.4
2011-12-23	9647.73
2011-12-24	9647.73
2011-12-25	9647.73
2011-12-26	9641.88
2011-12-27	9641.84
2011-12-28	9533.7
2011-12-29	9503.01
2011-12-30	9471.47
2011-12-31	9483.0
2012-01-01	9483.0
2012-01-02	9482.88
2012-01-03	9587.48
2012-01-04	9766.47
2012-01-05	9658.01
2012-01-06	9590.35
2012-01-07	9590.35
2012-01-08	9590.35
2012-01-09	9580.51
2012-01-10	9671.21
2012-01-11	9739.37
2012-01-12	9736.87
2012-01-13	9766.62
2012-01-14	9766.62
2012-01-15	9766.62
2012-01-16	9667.0
2012-01-17	9812.78
2012-01-18	9815.57
2012-01-19	9806.61
2012-01-20	9857.75
2012-01-21	9857.75
2012-01-22	9857.75
2012-01-23	9828.61
2012-01-24	9832.58
2012-01-25	9926.5
2012-01-26	9926.46
2012-01-27	9954.36
2012-01-28	9954.36
2012-01-29	9954.36
2012-01-30	9915.53
2012-01-31	9896.15
2012-02-01	9822.95
2012-02-02	9927.56
2012-02-03	9893.56
2012-02-04	9893.56
2012-02-05	9893.56
2012-02-06	9997.76
2012-02-07	9955.18
2012-02-08	9992.74
2012-02-09	9988.98
2012-02-10	9914.16
2012-02-11	9914.16
2012-02-12	9914.16
2012-02-13	10004.53
2012-02-14	9911.06
2012-02-15	9936.94
2012-02-16	9772.05
2012-02-17	9810.53
2012-02-18	9810.53
2012-02-19	9810.53
2012-02-20	9989.08
2012-02-21	10066.21
2012-02-22	10068.23
2012-02-23	10062.27
2012-02-24	10116.97
2012-02-25	10116.97
2012-02-26	10116.97
2012-02-27	10076.99
2012-02-28	10081.74
2012-02-29	10172.81
2012-03-01	10080.74
2012-03-02	10116.82
2012-03-03	10116.82
2012-03-04	10116.82
2012-03-05	10113.07
2012-03-06	9979.93
2012-03-07	9858.41
2012-03-08	9928.7
2012-03-09	10022.15
2012-03-10	10022.15
2012-03-11	10022.15
2012-03-12	9990.77
2012-03-13	10097.92
2012-03-14	10186.67
2012-03-15	10167.19
2012-03-16	10163.42
2012-03-17	10163.42
2012-03-18	10163.42
2012-03-19	10207.27
2012-03-20	10177.46
2012-03-21	10132.56
2012-03-22	10180.19
2012-03-23	10164.17
2012-03-24	10164.17
2012-03-25	10164.17
2012-03-26	10153.86
2012-03-27	10238.39
2012-03-28	10331.61
2012-03-29	10309.15
2012-03-30	10300.69
2012-03-31	10311.0
2012-04-01	10311.0
2012-04-02	10309.04
2012-04-03	10323.16
2012-04-04	10310.64
2012-04-05	10277.69
2012-04-06	10277.65
2012-04-07	10277.65
2012-04-08	10277.65
2012-04-09	10277.52
2012-04-10	10209.21
2012-04-11	10113.15
2012-04-12	10186.75
2012-04-13	10286.85
2012-04-14	10286.85
2012-04-15	10286.85
2012-04-16	10229.12
2012-04-17	10196.85
2012-04-18	10327.88
2012-04-19	10333.96
2012-04-20	10342.64
2012-04-21	10342.64
2012-04-22	10342.64
2012-04-23	10310.78
2012-04-24	10331.8
2012-04-25	10331.76
2012-04-26	10346.78
2012-04-27	10321.67
2012-04-28	10321.67
2012-04-29	10321.67
2012-04-30	10550.38
2012-05-01	10611.57
2012-05-02	10610.63
2012-05-03	10595.3
2012-05-04	10517.1
2012-05-05	10517.1
2012-05-06	10517.1
2012-05-07	10316.89
2012-05-08	10341.55
2012-05-09	10249.82
2012-05-10	10316.14
2012-05-11	10289.17
2012-05-12	10289.17
2012-05-13	10289.17
2012-05-14	10326.85
2012-05-15	10246.16
2012-05-16	10024.53
2012-05-17	10012.76
2012-05-18	9766.69
2012-05-19	9766.69
2012-05-20	9766.69
2012-05-21	9840.52
2012-05-22	9933.04
2012-05-23	9824.05
2012-05-24	9801.81
2012-05-25	9747.26
2012-05-26	9747.26
2012-05-27	9747.26
2012-05-28	9844.87
2012-05-29	9936.29
2012-05-30	9881.1
2012-05-31	9863.07
2012-06-01	9836.64
2012-06-02	9836.64
2012-06-03	9836.64
2012-06-04	9645.94
2012-06-05	9771.54
2012-06-06	9806.09
2012-06-07	9918.03
2012-06-08	9811.45
2012-06-09	9811.45
2012-06-10	9811.45
2012-06-11	9811.32
2012-06-12	9823.84
2012-06-13	9803.06
2012-06-14	9761.72
2012-06-15	9799.98
2012-06-16	9799.98
2012-06-17	9799.98
2012-06-18	9967.11
2012-06-19	9926.68
2012-06-20	9939.3
2012-06-21	9841.13
2012-06-22	9760.81
2012-06-23	9760.81
2012-06-24	9760.81
2012-06-25	9731.79
2012-06-26	9697.92
2012-06-27	9761.37
2012-06-28	9755.29
2012-06-29	9863.98
2012-06-30	9848.0
2012-07-01	9848.0
2012-07-02	9931.25
2012-07-03	9911.91
2012-07-04	10021.05
2012-07-05	10013.66
2012-07-06	9995.08
2012-07-07	9995.08
2012-07-08	9995.08
2012-07-09	9910.42
2012-07-10	9871.89
2012-07-11	9864.48
2012-07-12	9790.12
2012-07-13	9827.26
2012-07-14	9827.26
2012-07-15	9827.26
2012-07-16	9872.01
2012-07-17	9934.53
2012-07-18	9885.55
2012-07-19	10086.11
2012-07-20	10045.88
2012-07-21	10045.88
2012-07-22	10045.88
2012-07-23	9898.85
2012-07-24	9905.6
2012-07-25	9874.39
2012-07-26	9924.48
2012-07-27	10053.75
2012-07-28	10053.75
2012-07-29	10053.75
2012-07-30	10124.16
2012-07-31	10167.91
2012-08-01	10142.73
2012-08-02	10158.8
2012-08-03	10063.73
2012-08-04	10063.73
2012-08-05	10063.73
2012-08-06	10180.91
2012-08-07	10227.09
2012-08-08	10270.17
2012-08-09	10258.66
2012-08-10	10195.83
2012-08-11	10195.83
2012-08-12	10195.83
2012-08-13	10235.45
2012-08-14	10244.9
2012-08-15	10226.72
2012-08-16	10345.3
2012-08-17	10421.49
2012-08-18	10421.49
2012-08-19	10421.49
2012-08-20	10448.39
2012-08-21	10506.21
2012-08-22	10491.39
2012-08-23	10505.67
2012-08-24	10440.25
2012-08-25	10440.25
2012-08-26	10440.25
2012-08-27	10442.03
2012-08-28	10487.73
2012-08-29	10481.6
2012-08-30	10393.74
2012-08-31	10402.9
2012-09-01	10402.9
2012-09-02	10402.9
2012-09-03	10458.29
2012-09-04	10401.91
2012-09-05	10346.66
2012-09-06	10418.04
2012-09-07	10450.35
2012-09-08	10450.35
2012-09-09	10450.35
2012-09-10	10495.69
2012-09-11	10482.58
2012-09-12	10563.61
2012-09-13	10512.88
2012-09-14	10629.52
2012-09-15	10629.52
2012-09-16	10629.52
2012-09-17	10662.44
2012-09-18	10639.9
2012-09-19	10690.32
2012-09-20	10638.93
2012-09-21	10673.95
2012-09-22	10673.95
2012-09-23	10673.95
2012-09-24	10629.31
2012-09-25	10601.37
2012-09-26	10579.53
2012-09-27	10624.74
2012-09-28	10627.37
2012-09-29	10627.37
2012-09-30	10638.0
2012-10-01	10656.23
2012-10-02	10750.52
2012-10-03	10759.74
2012-10-04	10798.21
2012-10-05	10892.95
2012-10-06	10892.95
2012-10-07	10892.95
2012-10-08	10858.03
2012-10-09	10910.03
2012-10-10	10865.69
2012-10-11	10852.95
2012-10-12	10858.37
2012-10-13	10858.37
2012-10-14	10858.37
2012-10-15	10852.5
2012-10-16	10866.3
2012-10-17	10955.24
2012-10-18	11021.55
2012-10-19	11048.5
2012-10-20	11048.5
2012-10-21	11048.5
2012-10-22	10975.81
2012-10-23	10974.4
2012-10-24	10887.17
2012-10-25	10895.57
2012-10-26	10802.06
2012-10-27	10802.06
2012-10-28	10802.06
2012-10-29	10814.78
2012-10-30	10830.81
2012-10-31	10889.97
2012-11-01	10766.99
2012-11-02	10782.17
2012-11-03	10782.17
2012-11-04	10782.17
2012-11-05	10810.08
2012-11-06	10832.8
2012-11-07	10894.17
2012-11-08	10846.41
2012-11-09	10839.31
2012-11-10	10839.31
2012-11-11	10839.31
2012-11-12	10809.61
2012-11-13	10658.54
2012-11-14	10680.4
2012-11-15	10574.8
2012-11-16	10556.92
2012-11-17	10556.92
2012-11-18	10556.92
2012-11-19	10622.4
2012-11-20	10674.12
2012-11-21	10636.12
2012-11-22	10732.29
2012-11-23	10725.17
2012-11-24	10725.17
2012-11-25	10725.17
2012-11-26	10748.98
2012-11-27	10812.05
2012-11-28	10783.73
2012-11-29	10853.51
2012-11-30	10910.07
2012-12-01	10910.07
2012-12-02	10910.07
2012-12-03	10972.07
2012-12-04	10896.41
2012-12-05	10929.4
2012-12-06	10904.5
2012-12-07	10996.99
2012-12-08	10996.99
2012-12-09	10996.99
2012-12-10	11008.15
2012-12-11	11034.11
2012-12-12	11046.59
2012-12-13	11048.67
2012-12-14	11055.68
2012-12-15	11055.68
2012-12-16	11055.68
2012-12-17	11035.84
2012-12-18	11090.14
2012-12-19	11143.32
2012-12-20	11191.6
2012-12-21	11171.85
2012-12-22	11171.85
2012-12-23	11171.85
2012-12-24	11193.68
2012-12-25	11193.63
2012-12-26	11193.59
2012-12-27	11222.45
2012-12-28	11273.07
2012-12-29	11273.07
2012-12-30	11273.07
2012-12-31	11235.36
2013-01-01	11235.31
2013-01-02	11371.65
2013-01-03	11457.95
2013-01-04	11427.76
2013-01-05	11427.76
2013-01-06	11427.76
2013-01-07	11418.06
2013-01-08	11361.37
2013-01-09	11417.28
2013-01-10	11451.4
2013-01-11	11420.19
2013-01-12	11420.19
2013-01-13	11420.19
2013-01-14	11454.83
2013-01-15	11449.07
2013-01-16	11496.23
2013-01-17	11526.41
2013-01-18	11551.65
2013-01-19	11551.65
2013-01-20	11551.65
2013-01-21	11570.23
2013-01-22	11589.03
2013-01-23	11606.65
2013-01-24	11653.2
2013-01-25	11703.66
2013-01-26	11703.66
2013-01-27	11703.66
2013-01-28	11703.51
2013-01-29	11831.51
2013-01-30	11846.4
2013-01-31	11803.13
2013-02-01	11900.36
2013-02-02	11900.36
2013-02-03	11900.36
2013-02-04	11865.79
2013-02-05	11812.63
2013-02-06	11880.15
2013-02-07	11909.97
2013-02-08	11986.36
2013-02-09	11986.36
2013-02-10	11986.36
2013-02-11	11962.11
2013-02-12	11965.31
2013-02-13	12066.11
2013-02-14	12136.57
2013-02-15	12122.84
2013-02-16	12122.84
2013-02-17	12122.84
2013-02-18	12221.41
2013-02-19	12281.63
2013-02-20	12307.08
2013-02-21	12044.41
2013-02-22	12147.88
2013-02-23	12147.88
2013-02-24	12147.88
2013-02-25	12239.36
2013-02-26	12133.62
2013-02-27	12207.81
2013-02-28	12351.55
2013-03-01	12305.54
2013-03-02	12305.54
2013-03-03	12305.54
2013-03-04	12174.0
2013-03-05	12323.01
2013-03-06	12408.34
2013-03-07	12403.55
2013-03-08	12436.02
2013-03-09	12436.02
2013-03-10	12436.02
2013-03-11	12487.72
2013-03-12	12428.39
2013-03-13	12371.09
2013-03-14	12238.11
2013-03-15	12439.56
2013-03-16	12439.56
2013-03-17	12439.56
2013-03-18	12214.35
2013-03-19	12160.71
2013-03-20	12128.11
2013-03-21	12114.98
2013-03-22	12140.57
2013-03-23	12140.57
2013-03-24	12140.57
2013-03-25	12173.12
2013-03-26	12176.56
2013-03-27	12276.97
2013-03-28	12232.52
2013-03-29	12232.47
2013-03-30	12232.47
2013-03-31	12243.77
2013-04-01	12232.32
2013-04-02	12283.72
2013-04-03	12204.99
2013-04-04	12106.79
2013-04-05	12054.36
2013-04-06	12054.36
2013-04-07	12054.36
2013-04-08	12102.33
2013-04-09	12255.42
2013-04-10	12234.9
2013-04-11	12323.39
2013-04-12	12338.48
2013-04-13	12338.48
2013-04-14	12338.48
2013-04-15	12223.33
2013-04-16	12165.21
2013-04-17	12270.88
2013-04-18	12084.99
2013-04-19	12097.45
2013-04-20	12097.45
2013-04-21	12097.45
2013-04-22	12172.03
2013-04-23	12279.59
2013-04-24	12470.15
2013-04-25	12470.1
2013-04-26	12453.14
2013-04-27	12453.14
2013-04-28	12453.14
2013-04-29	12524.49
2013-04-30	12659.34
2013-05-01	12593.99
2013-05-02	12522.32
2013-05-03	12517.23
2013-05-04	12517.23
2013-05-05	12517.23
2013-05-06	12605.08
2013-05-07	12577.01
2013-05-08	12726.26
2013-05-09	12739.78
2013-05-10	12768.07
2013-05-11	12768.07
2013-05-12	12768.07
2013-05-13	12814.76
2013-05-14	12838.44
2013-05-15	12779.82
2013-05-16	12729.64
2013-05-17	12743.46
2013-05-18	12743.46
2013-05-19	12743.46
2013-05-20	12816.85
2013-05-21	12752.46
2013-05-22	12708.89
2013-05-23	12501.08
2013-05-24	12359.64
2013-05-25	12359.64
2013-05-26	12359.64
2013-05-27	12293.7
2013-05-28	12313.92
2013-05-29	12337.34
2013-05-30	12301.17
2013-05-31	12285.95
2013-06-01	12285.95
2013-06-02	12285.95
2013-06-03	12204.94
2013-06-04	12208.66
2013-06-05	12050.47
2013-06-06	11946.8
2013-06-07	11856.75
2013-06-08	11856.75
2013-06-09	11856.75
2013-06-10	11856.6
2013-06-11	11905.87
2013-06-12	11845.8
2013-06-13	11788.66
2013-06-14	11993.23
2013-06-15	11993.23
2013-06-16	11993.23
2013-06-17	12062.32
2013-06-18	12016.82
2013-06-19	12111.07
2013-06-20	11886.44
2013-06-21	11879.36
2013-06-22	11879.36
2013-06-23	11879.36
2013-06-24	11741.11
2013-06-25	11726.71
2013-06-26	11887.19
2013-06-27	12137.56
2013-06-28	12056.88
2013-06-29	12056.88
2013-06-30	12056.88
2013-07-01	11852.99
2013-07-02	12144.13
2013-07-03	11932.37
2013-07-04	12070.82
2013-07-05	12184.2
2013-07-06	12184.2
2013-07-07	12184.2
2013-07-08	12104.77
2013-07-09	12278.62
2013-07-10	12316.51
2013-07-11	12469.6
2013-07-12	12472.44
2013-07-13	12472.44
2013-07-14	12472.44
2013-07-15	12476.4
2013-07-16	12504.07
2013-07-17	12490.16
2013-07-18	12509.68
2013-07-19	12447.47
2013-07-20	12447.47
2013-07-21	12447.47
2013-07-22	12517.41
2013-07-23	12543.69
2013-07-24	12579.62
2013-07-25	12558.94
2013-07-26	12569.4
2013-07-27	12569.4
2013-07-28	12569.4
2013-07-29	12572.38
2013-07-30	12575.59
2013-07-31	12592.58
2013-08-01	12632.35
2013-08-02	12772.83
2013-08-03	12772.83
2013-08-04	12772.83
2013-08-05	12774.88
2013-08-06	12773.09
2013-08-07	12556.49
2013-08-08	12689.51
2013-08-09	12668.93
2013-08-10	12668.93
2013-08-11	12668.93
2013-08-12	12786.79
2013-08-13	12888.64
2013-08-14	12895.28
2013-08-15	12895.15
2013-08-16	12798.39
2013-08-17	12798.39
2013-08-18	12798.39
2013-08-19	12853.63
2013-08-20	12781.58
2013-08-21	12831.73
2013-08-22	12780.33
2013-08-23	12888.09
2013-08-24	12888.09
2013-08-25	12888.09
2013-08-26	12927.46
2013-08-27	12937.15
2013-08-28	12817.51
2013-08-29	12819.31
2013-08-30	12911.56
2013-08-31	12911.56
2013-09-01	12911.56
2013-09-02	13060.89
2013-09-03	13079.3
2013-09-04	13018.2
2013-09-05	12989.52
2013-09-06	13016.13
2013-09-07	13016.13
2013-09-08	13016.13
2013-09-09	13127.69
2013-09-10	13164.81
2013-09-11	13236.69
2013-09-12	13259.54
2013-09-13	13227.26
2013-09-14	13227.26
2013-09-15	13227.26
2013-09-16	13285.46
2013-09-17	13289.64
2013-09-18	13255.67
2013-09-19	13382.68
2013-09-20	13330.11
2013-09-21	13330.11
2013-09-22	13330.11
2013-09-23	13277.56
2013-09-24	13236.64
2013-09-25	13338.04
2013-09-26	13385.51
2013-09-27	13428.19
2013-09-28	13428.19
2013-09-29	13428.19
2013-09-30	13237.0
2013-10-01	13218.5
2013-10-02	13245.93
2013-10-03	13300.71
2013-10-04	13237.79
2013-10-05	13237.79
2013-10-06	13237.79
2013-10-07	13121.16
2013-10-08	13105.2
2013-10-09	13109.53
2013-10-10	13087.84
2013-10-11	13281.88
2013-10-12	13281.88
2013-10-13	13281.88
2013-10-14	13225.95
2013-10-15	13349.59
2013-10-16	13367.82
2013-10-17	13411.61
2013-10-18	13499.83
2013-10-19	13499.83
2013-10-20	13499.83
2013-10-21	13535.79
2013-10-22	13579.74
2013-10-23	13550.18
2013-10-24	13598.97
2013-10-25	13614.58
2013-10-26	13614.58
2013-10-27	13614.58
2013-10-28	13740.27
2013-10-29	13670.9
2013-10-30	13701.91
2013-10-31	13696.76
2013-11-01	13663.65
2013-11-02	13663.65
2013-11-03	13663.65
2013-11-04	13610.91
2013-11-05	13705.54
2013-11-06	13705.38
2013-11-07	13710.52
2013-11-08	13683.44
2013-11-09	13683.44
2013-11-10	13683.44
2013-11-11	13641.01
2013-11-12	13672.29
2013-11-13	13510.12
2013-11-14	13569.08
2013-11-15	13674.49
2013-11-16	13674.49
2013-11-17	13674.49
2013-11-18	13634.32
2013-11-19	13640.08
2013-11-20	13529.41
2013-11-21	13490.11
2013-11-22	13617.31
2013-11-23	13617.31
2013-11-24	13617.31
2013-11-25	13663.45
2013-11-26	13673.41
2013-11-27	13604.08
2013-11-28	13597.44
2013-11-29	13583.84
2013-11-30	13583.84
2013-12-01	13583.84
2013-12-02	13514.92
2013-12-03	13482.32
2013-12-04	13520.49
2013-12-05	13345.62
2013-12-06	13343.84
2013-12-07	13343.84
2013-12-08	13343.84
2013-12-09	13255.53
2013-12-10	13230.15
2013-12-11	13136.5
2013-12-12	13051.73
2013-12-13	13115.79
2013-12-14	13115.79
2013-12-15	13115.79
2013-12-16	13099.18
2013-12-17	13146.64
2013-12-18	13125.43
2013-12-19	13366.69
2013-12-20	13516.14
2013-12-21	13516.14
2013-12-22	13516.14
2013-12-23	13596.8
2013-12-24	13642.49
2013-12-25	13642.43
2013-12-26	13642.38
2013-12-27	13636.88
2013-12-28	13636.88
2013-12-29	13636.88
2013-12-30	13715.03
2013-12-31	13704.58
2014-01-01	13704.53
2014-01-02	13769.53
2014-01-03	13724.21
2014-01-04	13724.21
2014-01-05	13724.21
2014-01-06	13652.98
2014-01-07	13636.63
2014-01-08	13629.97
2014-01-09	13658.44
2014-01-10	13631.62
2014-01-11	13631.62
2014-01-12	13631.62
2014-01-13	13572.54
2014-01-14	13386.35
2014-01-15	13468.41
2014-01-16	13615.47
2014-01-17	13626.67
2014-01-18	13626.67
2014-01-19	13626.67
2014-01-20	13602.89
2014-01-21	13685.39
2014-01-22	13659.48
2014-01-23	13526.11
2014-01-24	13500.27
2014-01-25	13500.27
2014-01-26	13500.27
2014-01-27	13500.1
2014-01-28	13344.68
2014-01-29	13463.57
2014-01-30	13375.68
2014-01-31	13376.42
2014-02-01	13376.42
2014-02-02	13376.42
2014-02-03	13377.15
2014-02-04	13171.87
2014-02-05	13087.03
2014-02-06	13237.92
2014-02-07	13322.52
2014-02-08	13322.52
2014-02-09	13322.52
2014-02-10	13454.02
2014-02-11	13525.87
2014-02-12	13633.03
2014-02-13	13640.25
2014-02-14	13743.74
2014-02-15	13743.74
2014-02-16	13743.74
2014-02-17	13832.05
2014-02-18	13855.17
2014-02-19	13879.03
2014-02-20	13897.84
2014-02-21	13964.2
2014-02-22	13964.2
2014-02-23	13964.2
2014-02-24	13993.38
2014-02-25	13992.47
2014-02-26	14007.6
2014-02-27	13960.65
2014-02-28	13958.49
2014-03-01	13958.49
2014-03-02	13958.49
2014-03-03	13954.8
2014-03-04	13989.06
2014-03-05	14097.7
2014-03-06	14112.35
2014-03-07	14166.53
2014-03-08	14166.53
2014-03-09	14166.53
2014-03-10	14048.98
2014-03-11	14066.75
2014-03-12	13985.83
2014-03-13	14058.26
2014-03-14	13852.16
2014-03-15	13852.16
2014-03-16	13852.16
2014-03-17	13834.4
2014-03-18	13905.97
2014-03-19	13939.09
2014-03-20	13801.35
2014-03-21	13914.34
2014-03-22	13914.34
2014-03-23	13914.34
2014-03-24	13936.9
2014-03-25	13899.87
2014-03-26	13975.04
2014-03-27	13907.95
2014-03-28	13939.28
2014-03-29	13939.28
2014-03-30	13939.28
2014-03-31	13997.28
2014-04-01	13977.45
2014-04-02	14019.98
2014-04-03	14044.46
2014-04-04	14070.39
2014-04-05	14070.39
2014-04-06	14070.39
2014-04-07	14054.38
2014-04-08	14022.46
2014-04-09	14137.18
2014-04-10	14164.37
2014-04-11	14039.51
2014-04-12	14039.51
2014-04-13	14039.51
2014-04-14	13861.48
2014-04-15	13930.47
2014-04-16	14003.79
2014-04-17	14086.79
2014-04-18	14086.73
2014-04-19	14086.73
2014-04-20	14086.73
2014-04-21	14086.55
2014-04-22	14136.71
2014-04-23	14362.4
2014-04-24	14388.34
2014-04-25	14388.28
2014-04-26	14388.28
2014-04-27	14388.28
2014-04-28	14408.68
2014-04-29	14266.72
2014-04-30	14292.64
2014-05-01	14197.68
2014-05-02	14224.23
2014-05-03	14224.23
2014-05-04	14224.23
2014-05-05	14231.19
2014-05-06	14289.17
2014-05-07	14187.44
2014-05-08	14276.29
2014-05-09	14258.05
2014-05-10	14258.05
2014-05-11	14258.05
2014-05-12	14212.12
2014-05-13	14334.64
2014-05-14	14380.26
2014-05-15	14398.41
2014-05-16	14328.56
2014-05-17	14328.56
2014-05-18	14328.56
2014-05-19	14162.19
2014-05-20	14180.04
2014-05-21	14201.43
2014-05-22	14318.87
2014-05-23	14368.16
2014-05-24	14368.16
2014-05-25	14368.16
2014-05-26	14392.06
2014-05-27	14395.44
2014-05-28	14429.15
2014-05-29	14434.26
2014-05-30	14368.78
2014-05-31	14368.78
2014-06-01	14368.78
2014-06-02	14428.66
2014-06-03	14316.86
2014-06-04	14230.1
2014-06-05	14212.89
2014-06-06	14291.08
2014-06-07	14291.08
2014-06-08	14291.08
2014-06-09	14290.89
2014-06-10	14300.1
2014-06-11	14262.26
2014-06-12	14202.5
2014-06-13	14153.63
2014-06-14	14153.63
2014-06-15	14153.63
2014-06-16	14168.05
2014-06-17	14132.27
2014-06-18	14085.16
2014-06-19	14308.01
2014-06-20	14187.68
2014-06-21	14187.68
2014-06-22	14187.68
2014-06-23	14236.37
2014-06-24	14197.85
2014-06-25	14124.44
2014-06-26	14292.34
2014-06-27	14227.58
2014-06-28	14227.58
2014-06-29	14227.58
2014-06-30	14111.14
2014-07-01	14085.11
2014-07-02	14277.42
2014-07-03	14357.14
2014-07-04	14446.36
2014-07-05	14446.36
2014-07-06	14446.36
2014-07-07	14436.71
2014-07-08	14397.92
2014-07-09	14264.39
2014-07-10	14291.38
2014-07-11	14333.22
2014-07-12	14333.22
2014-07-13	14333.22
2014-07-14	14379.83
2014-07-15	14385.58
2014-07-16	14399.47
2014-07-17	14437.83
2014-07-18	14461.97
2014-07-19	14461.97
2014-07-20	14461.97
2014-07-21	14484.63
2014-07-22	14492.53
2014-07-23	14581.81
2014-07-24	14601.73
2014-07-25	14596.05
2014-07-26	14596.05
2014-07-27	14596.05
2014-07-28	14582.39
2014-07-29	14613.26
2014-07-30	14678.13
2014-07-31	14699.48
2014-08-01	14520.37
2014-08-02	14520.37
2014-08-03	14520.37
2014-08-04	14486.77
2014-08-05	14423.6
2014-08-06	14425.59
2014-08-07	14427.92
2014-08-08	14252.35
2014-08-09	14252.35
2014-08-10	14252.35
2014-08-11	14313.22
2014-08-12	14478.98
2014-08-13	14439.93
2014-08-14	14515.55
2014-08-15	14549.6
2014-08-16	14549.6
2014-08-17	14549.6
2014-08-18	14589.05
2014-08-19	14709.23
2014-08-20	14725.67
2014-08-21	14725.32
2014-08-22	14739.59
2014-08-23	14739.59
2014-08-24	14739.59
2014-08-25	14726.2
2014-08-26	14725.13
2014-08-27	14790.8
2014-08-28	14729.74
2014-08-29	14744.22
2014-08-30	14744.22
2014-08-31	14744.22
2014-09-01	14775.85
2014-09-02	14844.46
2014-09-03	14863.7
2014-09-04	14818.47
2014-09-05	14744.79
2014-09-06	14744.79
2014-09-07	14744.79
2014-09-08	14710.78
2014-09-09	14786.14
2014-09-10	14729.31
2014-09-11	14669.7
2014-09-12	14665.1
2014-09-13	14665.1
2014-09-14	14665.1
2014-09-15	14541.83
2014-09-16	14506.09
2014-09-17	14417.2
2014-09-18	14449.78
2014-09-19	14490.18
2014-09-20	14490.18
2014-09-21	14490.18
2014-09-22	14326.1
2014-09-23	14464.9
2014-09-24	14361.15
2014-09-25	14373.12
2014-09-26	14210.21
2014-09-27	14210.21
2014-09-28	14210.21
2014-09-29	14097.74
2014-09-30	14177.78
2014-10-01	14265.95
2014-10-02	14159.39
2014-10-03	14210.92
2014-10-04	14210.92
2014-10-05	14210.92
2014-10-06	14144.16
2014-10-07	14143.14
2014-10-08	14039.99
2014-10-09	14175.28
2014-10-10	13892.47
2014-10-11	13892.47
2014-10-12	13892.47
2014-10-13	13817.83
2014-10-14	13947.51
2014-10-15	14036.13
2014-10-16	14042.64
2014-10-17	14055.89
2014-10-18	14055.89
2014-10-19	14055.89
2014-10-20	14146.64
2014-10-21	14170.31
2014-10-22	14320.89
2014-10-23	14313.78
2014-10-24	14360.5
2014-10-25	14360.5
2014-10-26	14360.5
2014-10-27	14487.62
2014-10-28	14453.44
2014-10-29	14423.88
2014-10-30	14498.97
2014-10-31	14595.09
2014-11-01	14595.09
2014-11-02	14595.09
2014-11-03	14548.98
2014-11-04	14580.44
2014-11-05	14575.42
2014-11-06	14542.62
2014-11-07	14708.07
2014-11-08	14708.07
2014-11-09	14708.07
2014-11-10	14679.89
2014-11-11	14663.99
2014-11-12	14533.84
2014-11-13	14487.3
2014-11-14	14519.52
2014-11-15	14519.52
2014-11-16	14519.52
2014-11-17	14425.27
2014-11-18	14400.96
2014-11-19	14325.3
2014-11-20	14208.57
2014-11-21	14186.28
2014-11-22	14186.28
2014-11-23	14186.28
2014-11-24	14333.48
2014-11-25	14259.49
2014-11-26	14398.83
2014-11-27	14389.68
2014-11-28	14164.01
2014-11-29	14164.01
2014-11-30	14164.01
2014-12-01	13935.54
2014-12-02	14094.05
2014-12-03	14173.68
2014-12-04	14285.74
2014-12-05	14200.2
2014-12-06	14200.2
2014-12-07	14200.2
2014-12-08	14291.38
2014-12-09	14079.0
2014-12-10	14023.96
2014-12-11	13940.8
2014-12-12	13898.36
2014-12-13	13898.36
2014-12-14	13898.36
2014-12-15	13814.66
2014-12-16	13742.76
2014-12-17	13759.17
2014-12-18	13888.53
2014-12-19	14213.92
2014-12-20	14213.92
2014-12-21	14213.92
2014-12-22	14454.67
2014-12-23	14292.77
2014-12-24	14340.85
2014-12-25	14340.81
2014-12-26	14340.77
2014-12-27	14340.77
2014-12-28	14340.77
2014-12-29	14553.09
2014-12-30	14418.72
2014-12-31	14406.87
2015-01-01	14406.83
2015-01-02	14479.36
2015-01-03	14479.36
2015-01-04	14479.36
2015-01-05	14502.79
2015-01-06	14284.51
2015-01-07	14248.87
2015-01-08	14300.64
2015-01-09	14500.33
2015-01-10	14500.33
2015-01-11	14500.33
2015-01-12	14393.34
2015-01-13	14345.62
2015-01-14	14219.94
2015-01-15	14169.6
2015-01-16	14092.79
2015-01-17	14092.79
2015-01-18	14092.79
2015-01-19	14094.93
2015-01-20	14104.6
2015-01-21	14311.35
2015-01-22	14345.76
2015-01-23	14554.28
2015-01-24	14554.28
2015-01-25	14554.28
2015-01-26	14554.17
2015-01-27	14638.82
2015-01-28	14650.32
2015-01-29	14696.76
2015-01-30	14722.0
2015-01-31	14722.0
2015-02-01	14722.0
2015-02-02	14814.16
2015-02-03	14973.53
2015-02-04	15139.62
2015-02-05	15235.41
2015-02-06	15233.09
2015-02-07	15233.09
2015-02-08	15233.09
2015-02-09	15227.4
2015-02-10	15211.45
2015-02-11	15131.75
2015-02-12	15070.02
2015-02-13	15401.66
2015-02-14	15401.66
2015-02-15	15401.66
2015-02-16	15422.65
2015-02-17	15390.94
2015-02-18	15542.68
2015-02-19	15524.29
2015-02-20	15469.24
2015-02-21	15469.24
2015-02-22	15469.24
2015-02-23	15531.84
2015-02-24	15573.95
2015-02-25	15651.35
2015-02-26	15581.47
2015-02-27	15672.42
2015-02-28	15672.42
2015-03-01	15672.42
2015-03-02	15758.74
2015-03-03	15696.91
2015-03-04	15640.62
2015-03-05	15657.17
2015-03-06	15642.99
2015-03-07	15642.99
2015-03-08	15642.99
2015-03-09	15456.54
2015-03-10	15491.39
2015-03-11	15463.4
2015-03-12	15592.0
2015-03-13	15496.88
2015-03-14	15496.88
2015-03-15	15496.88
2015-03-16	15466.46
2015-03-17	15575.48
2015-03-18	15575.05
2015-03-19	15840.92
2015-03-20	15864.28
2015-03-21	15864.28
2015-03-22	15864.28
2015-03-23	15812.78
2015-03-24	15855.11
2015-03-25	15855.59
2015-03-26	15647.77
2015-03-27	15756.64
2015-03-28	15756.64
2015-03-29	15756.64
2015-03-30	15578.24
2015-03-31	15700.78
2015-04-01	15648.2
2015-04-02	15720.62
2015-04-03	15720.57
2015-04-04	15720.57
2015-04-05	15720.57
2015-04-06	15720.45
2015-04-07	15770.26
2015-04-08	15857.91
2015-04-09	15793.62
2015-04-10	15887.27
2015-04-11	15887.27
2015-04-12	15887.27
2015-04-13	15862.35
2015-04-14	15836.69
2015-04-15	15753.0
2015-04-16	15861.06
2015-04-17	15679.87
2015-04-18	15679.87
2015-04-19	15679.87
2015-04-20	15591.41
2015-04-21	15669.62
2015-04-22	15603.89
2015-04-23	15621.99
2015-04-24	15827.45
2015-04-25	15827.45
2015-04-26	15827.45
2015-04-27	15910.32
2015-04-28	15828.03
2015-04-29	15559.03
2015-04-30	15455.92
2015-05-01	15523.77
2015-05-02	15523.77
2015-05-03	15523.77
2015-05-04	15566.55
2015-05-05	15590.89
2015-05-06	15259.29
2015-05-07	15199.68
2015-05-08	15206.42
2015-05-09	15206.42
2015-05-10	15206.42
2015-05-11	15183.29
2015-05-12	15316.52
2015-05-13	15431.07
2015-05-14	15389.08
2015-05-15	15473.48
2015-05-16	15473.48
2015-05-17	15473.48
2015-05-18	15308.31
2015-05-19	15206.87
2015-05-20	15351.07
2015-05-21	15481.37
2015-05-22	15510.27
2015-05-23	15510.27
2015-05-24	15510.27
2015-05-25	15648.13
2015-05-26	15771.4
2015-05-27	15632.82
2015-05-28	15606.34
2015-05-29	15771.66
2015-05-30	15771.66
2015-05-31	15771.66
2015-06-01	15667.0
2015-06-02	15433.34
2015-06-03	15314.36
2015-06-04	15132.06
2015-06-05	15129.42
2015-06-06	15129.42
2015-06-07	15129.42
2015-06-08	15129.3
2015-06-09	15070.64
2015-06-10	15084.93
2015-06-11	15272.36
2015-06-12	15249.28
2015-06-13	15249.28
2015-06-14	15249.28
2015-06-15	15233.34
2015-06-16	15218.56
2015-06-17	15352.55
2015-06-18	15157.05
2015-06-19	15330.09
2015-06-20	15330.09
2015-06-21	15330.09
2015-06-22	15352.12
2015-06-23	15514.8
2015-06-24	15499.06
2015-06-25	15364.17
2015-06-26	15173.04
2015-06-27	15173.04
2015-06-28	15173.04
2015-06-29	14870.72
2015-06-30	14946.49
2015-07-01	15086.2
2015-07-02	15282.56
2015-07-03	15153.12
2015-07-04	15153.12
2015-07-05	15153.12
2015-07-06	14983.54
2015-07-07	15227.72
2015-07-08	14925.63
2015-07-09	14929.64
2015-07-10	14984.19
2015-07-11	14984.19
2015-07-12	14984.19
2015-07-13	14949.58
2015-07-14	15210.52
2015-07-15	15324.41
2015-07-16	15402.94
2015-07-17	15399.28
2015-07-18	15399.28
2015-07-19	15399.28
2015-07-20	15447.31
2015-07-21	15523.65
2015-07-22	15312.83
2015-07-23	15254.23
2015-07-24	15200.56
2015-07-25	15200.56
2015-07-26	15200.56
2015-07-27	15280.28
2015-07-28	15251.87
2015-07-29	15337.53
2015-07-30	15451.14
2015-07-31	15521.34
2015-08-01	15521.34
2015-08-02	15521.34
2015-08-03	15481.75
2015-08-04	15533.55
2015-08-05	15470.31
2015-08-06	15312.69
2015-08-07	14999.74
2015-08-08	14999.74
2015-08-09	14999.74
2015-08-10	15094.27
2015-08-11	15004.51
2015-08-12	14764.97
2015-08-13	14764.88
2015-08-14	14672.7
2015-08-15	14672.7
2015-08-16	14672.7
2015-08-17	14732.23
2015-08-18	14601.39
2015-08-19	14806.95
2015-08-20	14565.48
2015-08-21	14399.77
2015-08-22	14399.77
2015-08-23	14399.77
2015-08-24	13867.26
2015-08-25	14269.73
2015-08-26	14335.33
2015-08-27	14504.13
2015-08-28	14599.28
2015-08-29	14599.28
2015-08-30	14599.28
2015-08-31	14469.7
2015-09-01	14212.05
2015-09-02	14238.55
2015-09-03	14050.86
2015-09-04	14109.83
2015-09-05	14109.83
2015-09-06	14109.83
2015-09-07	14092.44
2015-09-08	14302.52
2015-09-09	14605.21
2015-09-10	14261.87
2015-09-11	14230.45
2015-09-12	14230.45
2015-09-13	14230.45
2015-09-14	14312.76
2015-09-15	14114.99
2015-09-16	14337.15
2015-09-17	14454.77
2015-09-18	14493.48
2015-09-19	14493.48
2015-09-20	14493.48
2015-09-21	14227.43
2015-09-22	14330.08
2015-09-23	14067.57
2015-09-24	14284.0
2015-09-25	14174.53
2015-09-26	14174.53
2015-09-27	14174.53
2015-09-28	14361.59
2015-09-29	13853.68
2015-09-30	14138.89
2015-10-01	14317.19
2015-10-02	14169.34
2015-10-03	14169.34
2015-10-04	14169.34
2015-10-05	14413.09
2015-10-06	14443.44
2015-10-07	14517.73
2015-10-08	14554.6
2015-10-09	14744.31
2015-10-10	14744.31
2015-10-11	14744.31
2015-10-12	14630.06
2015-10-13	14559.69
2015-10-14	14537.32
2015-10-15	14628.5
2015-10-16	14722.55
2015-10-17	14722.55
2015-10-18	14722.55
2015-10-19	14705.19
2015-10-20	14612.76
2015-10-21	14641.06
2015-10-22	14665.53
2015-10-23	14864.28
2015-10-24	14864.28
2015-10-25	14864.28
2015-10-26	14855.76
2015-10-27	14855.66
2015-10-28	14825.98
2015-10-29	14661.86
2015-10-30	14612.43
2015-10-31	14612.43
2015-11-01	14612.43
2015-11-02	14460.97
2015-11-03	14644.89
2015-11-04	14678.07
2015-11-05	14580.32
2015-11-06	14674.72
2015-11-07	14674.72
2015-11-08	14674.72
2015-11-09	14428.87
2015-11-10	14407.62
2015-11-11	14496.32
2015-11-12	14504.89
2015-11-13	14318.75
2015-11-14	14318.75
2015-11-15	14318.75
2015-11-16	14220.7
2015-11-17	14511.78
2015-11-18	14533.72
2015-11-19	14822.57
2015-11-20	14822.97
2015-11-21	14822.97
2015-11-22	14822.97
2015-11-23	14863.1
2015-11-24	14736.92
2015-11-25	14658.27
2015-11-26	14706.21
2015-11-27	14697.94
2015-11-28	14697.94
2015-11-29	14697.94
2015-11-30	14608.02
2015-12-01	14869.34
2015-12-02	14820.01
2015-12-03	14733.99
2015-12-04	14548.66
2015-12-05	14548.66
2015-12-06	14548.66
2015-12-07	14563.51
2015-12-08	14431.96
2015-12-09	14332.11
2015-12-10	14224.09
2015-12-11	14234.4
2015-12-12	14234.4
2015-12-13	14234.4
2015-12-14	13977.16
2015-12-15	13950.21
2015-12-16	14287.74
2015-12-17	14433.69
2015-12-18	14449.43
2015-12-19	14449.43
2015-12-20	14449.43
2015-12-21	14443.22
2015-12-22	14465.63
2015-12-23	14536.8
2015-12-24	14725.77
2015-12-25	14736.23
2015-12-26	14736.23
2015-12-27	14736.23
2015-12-28	14736.11
2015-12-29	14916.51
2015-12-30	15022.23
2015-12-31	14959.63
2016-01-01	14959.63
2016-01-02	14959.63
2016-01-03	14959.63
2016-01-04	14909.87
2016-01-05	14710.59
2016-01-06	14546.8
2016-01-07	14245.56
2016-01-08	14203.44
2016-01-09	14203.44
2016-01-10	14203.44
2016-01-11	14053.36
2016-01-12	14041.77
2016-01-13	14191.48
2016-01-14	13998.28
2016-01-15	13959.35
2016-01-16	13959.35
2016-01-17	13959.35
2016-01-18	13869.25
2016-01-19	13969.49
2016-01-20	13812.88
2016-01-21	13870.78
2016-01-22	14013.53
2016-01-23	14013.53
2016-01-24	14013.53
2016-01-25	14254.78
2016-01-26	14254.74
2016-01-27	14104.2
2016-01-28	14182.04
2016-01-29	14234.47
2016-01-30	14234.47
2016-01-31	14234.47
2016-02-01	14336.57
2016-02-02	14210.39
2016-02-03	13910.32
2016-02-04	14207.26
2016-02-05	14145.59
2016-02-06	14145.59
2016-02-07	14145.59
2016-02-08	14137.46
2016-02-09	13747.11
2016-02-10	13609.71
2016-02-11	13738.9
2016-02-12	13552.82
2016-02-13	13552.82
2016-02-14	13552.82
2016-02-15	13751.48
2016-02-16	13961.83
2016-02-17	13896.36
2016-02-18	14183.94
2016-02-19	14077.89
2016-02-20	14077.89
2016-02-21	14077.89
2016-02-22	14192.67
2016-02-23	14157.24
2016-02-24	13940.62
2016-02-25	13954.09
2016-02-26	13922.82
2016-02-27	13922.82
2016-02-28	13922.82
2016-02-29	13935.23
2016-03-01	14116.58
2016-03-02	14367.92
2016-03-03	14518.33
2016-03-04	14539.72
2016-03-05	14539.72
2016-03-06	14539.72
2016-03-07	14690.56
2016-03-08	14590.7
2016-03-09	14708.01
2016-03-10	14683.08
2016-03-11	14726.96
2016-03-12	14726.96
2016-03-13	14726.96
2016-03-14	14775.33
2016-03-15	14592.74
2016-03-16	14625.59
2016-03-17	14759.01
2016-03-18	14795.17
2016-03-19	14795.17
2016-03-20	14795.17
2016-03-21	14753.1
2016-03-22	14769.33
2016-03-23	14710.51
2016-03-24	14555.4
2016-03-25	14555.32
2016-03-26	14555.32
2016-03-27	14555.32
2016-03-28	14555.13
2016-03-29	14371.48
2016-03-30	14398.91
2016-03-31	14576.49
2016-04-01	14358.77
2016-04-02	14358.77
2016-04-03	14358.77
2016-04-04	14367.55
2016-04-05	14179.13
2016-04-06	14231.15
2016-04-07	14281.57
2016-04-08	14200.94
2016-04-09	14200.94
2016-04-10	14200.94
2016-04-11	14166.7
2016-04-12	14292.03
2016-04-13	14492.4
2016-04-14	14649.75
2016-04-15	14745.73
2016-04-16	14745.73
2016-04-17	14745.73
2016-04-18	14687.47
2016-04-19	14809.84
2016-04-20	14882.32
2016-04-21	15034.15
2016-04-22	14959.17
2016-04-23	14959.17
2016-04-24	14959.17
2016-04-25	14958.98
2016-04-26	14909.74
2016-04-27	14809.87
2016-04-28	14916.83
2016-04-29	14984.39
2016-04-30	14984.39
2016-05-01	14984.39
2016-05-02	14966.6
2016-05-03	15258.08
2016-05-04	14976.0
2016-05-05	14974.64
2016-05-06	15021.12
2016-05-07	15021.12
2016-05-08	15021.12
2016-05-09	15104.49
2016-05-10	15142.75
2016-05-11	15175.61
2016-05-12	15176.75
2016-05-13	15129.35
2016-05-14	15129.35
2016-05-15	15129.35
2016-05-16	15210.9
2016-05-17	15321.89
2016-05-18	15232.51
2016-05-19	15157.57
2016-05-20	15253.86
2016-05-21	15253.86
2016-05-22	15253.86
2016-05-23	15189.96
2016-05-24	15131.37
2016-05-25	15328.49
2016-05-26	15378.0
2016-05-27	15440.64
2016-05-28	15440.64
2016-05-29	15440.64
2016-05-30	15449.16
2016-05-31	15395.47
2016-06-01	15336.29
2016-06-02	15224.52
2016-06-03	15319.59
2016-06-04	15319.59
2016-06-05	15319.59
2016-06-06	15425.62
2016-06-07	15435.38
2016-06-08	15438.77
2016-06-09	15427.1
2016-06-10	15321.49
2016-06-11	15321.49
2016-06-12	15321.49
2016-06-13	15321.29
2016-06-14	15040.09
2016-06-15	14890.44
2016-06-16	14902.47
2016-06-17	14931.52
2016-06-18	14931.52
2016-06-19	14931.52
2016-06-20	15180.11
2016-06-21	15238.5
2016-06-22	15228.04
2016-06-23	15255.48
2016-06-24	14809.4
2016-06-25	14809.4
2016-06-26	14809.4
2016-06-27	14844.49
2016-06-28	14692.94
2016-06-29	14822.57
2016-06-30	15051.78
2016-07-01	15094.7
2016-07-02	15094.7
2016-07-03	15094.7
2016-07-04	15190.98
2016-07-05	15026.89
2016-07-06	14963.77
2016-07-07	15010.89
2016-07-08	15002.18
2016-07-09	15002.18
2016-07-10	15002.18
2016-07-11	15283.09
2016-07-12	15299.92
2016-07-13	15386.88
2016-07-14	15456.51
2016-07-15	15502.14
2016-07-16	15502.14
2016-07-17	15502.14
2016-07-18	15584.45
2016-07-19	15571.22
2016-07-20	15675.58
2016-07-21	15728.17
2016-07-22	15717.74
2016-07-23	15717.74
2016-07-24	15717.74
2016-07-25	15814.37
2016-07-26	15815.19
2016-07-27	15784.15
2016-07-28	15830.73
2016-07-29	15849.29
2016-07-30	15849.29
2016-07-31	15849.29
2016-08-01	15943.81
2016-08-02	15805.36
2016-08-03	15614.92
2016-08-04	15645.82
2016-08-05	15725.54
2016-08-06	15725.54
2016-08-07	15725.54
2016-08-08	15831.33
2016-08-09	15867.47
2016-08-10	15825.77
2016-08-11	15733.38
2016-08-12	15882.74
2016-08-13	15882.74
2016-08-14	15882.74
2016-08-15	15923.85
2016-08-16	15899.35
2016-08-17	15961.93
2016-08-18	15882.83
2016-08-19	15976.8
2016-08-20	15976.8
2016-08-21	15976.8
2016-08-22	15981.75
2016-08-23	16050.84
2016-08-24	16071.09
2016-08-25	16062.39
2016-08-26	15962.75
2016-08-27	15962.75
2016-08-28	15962.75
2016-08-29	15853.68
2016-08-30	15885.61
2016-08-31	15788.43
2016-09-01	15767.8
2016-09-02	15651.08
2016-09-03	15651.08
2016-09-04	15651.08
2016-09-05	15783.97
2016-09-06	15747.57
2016-09-07	15783.81
2016-09-08	15692.55
2016-09-09	15557.46
2016-09-10	15557.46
2016-09-11	15557.46
2016-09-12	15253.28
2016-09-13	15259.41
2016-09-14	15317.7
2016-09-15	15321.9
2016-09-16	15496.26
2016-09-17	15496.26
2016-09-18	15496.26
2016-09-19	15487.79
2016-09-20	15486.82
2016-09-21	15596.76
2016-09-22	15680.02
2016-09-23	15824.63
2016-09-24	15824.63
2016-09-25	15824.63
2016-09-26	15823.32
2016-09-27	15741.65
2016-09-28	15774.43
2016-09-29	15904.94
2016-09-30	15810.19
2016-10-01	15810.19
2016-10-02	15810.19
2016-10-03	15921.95
2016-10-04	15918.69
2016-10-05	15839.42
2016-10-06	15936.56
2016-10-07	15921.19
2016-10-08	15921.19
2016-10-09	15921.19
2016-10-10	15897.58
2016-10-11	15902.49
2016-10-12	15894.06
2016-10-13	15785.97
2016-10-14	15770.88
2016-10-15	15770.88
2016-10-16	15770.88
2016-10-17	15627.77
2016-10-18	15703.94
2016-10-19	15762.18
2016-10-20	15758.59
2016-10-21	15707.06
2016-10-22	15707.06
2016-10-23	15707.06
2016-10-24	15629.75
2016-10-25	15723.72
2016-10-26	15514.79
2016-10-27	15359.82
2016-10-28	15335.5
2016-10-29	15335.5
2016-10-30	15335.5
2016-10-31	15443.63
2016-11-01	15372.76
2016-11-02	15148.42
2016-11-03	15097.55
2016-11-04	15009.45
2016-11-05	15009.45
2016-11-06	15009.45
2016-11-07	15198.83
2016-11-08	15225.49
2016-11-09	14970.99
2016-11-10	15356.26
2016-11-11	15499.56
2016-11-12	15499.56
2016-11-13	15499.56
2016-11-14	15487.88
2016-11-15	15444.73
2016-11-16	15464.65
2016-11-17	15472.56
2016-11-18	15551.56
2016-11-19	15551.56
2016-11-20	15551.56
2016-11-21	15519.73
2016-11-22	15677.51
2016-11-23	15846.41
2016-11-24	15834.38
2016-11-25	15915.96
2016-11-26	15915.96
2016-11-27	15915.96
2016-11-28	15833.68
2016-11-29	15822.26
2016-11-30	15761.28
2016-12-01	15873.63
2016-12-02	15698.68
2016-12-03	15698.68
2016-12-04	15698.68
2016-12-05	15623.53
2016-12-06	15657.77
2016-12-07	15743.8
2016-12-08	15909.89
2016-12-09	15941.8
2016-12-10	15941.8
2016-12-11	15941.8
2016-12-12	15894.98
2016-12-13	15847.17
2016-12-14	15934.49
2016-12-15	15839.93
2016-12-16	15835.95
2016-12-17	15835.95
2016-12-18	15835.95
2016-12-19	15912.45
2016-12-20	15934.31
2016-12-21	15966.57
2016-12-22	16032.98
2016-12-23	15995.98
2016-12-24	15995.98
2016-12-25	15995.98
2016-12-26	15995.82
2016-12-27	15995.77
2016-12-28	16119.55
2016-12-29	16176.4
2016-12-30	16129.15
2016-12-31	16129.15
2017-01-01	16129.15
2017-01-02	16128.99
2017-01-03	16270.55
2017-01-04	16274.43
2017-01-05	16300.09
2017-01-06	16300.27
2017-01-07	16300.27
2017-01-08	16300.27
2017-01-09	16393.3
2017-01-10	16344.32
2017-01-11	16384.16
2017-01-12	16358.32
2017-01-13	16304.82
2017-01-14	16304.82
2017-01-15	16304.82
2017-01-16	16384.54
2017-01-17	16251.27
2017-01-18	16213.27
2017-01-19	16201.04
2017-01-20	16180.58
2017-01-21	16180.58
2017-01-22	16180.58
2017-01-23	16115.64
2017-01-24	16146.98
2017-01-25	16161.92
2017-01-26	16161.87
2017-01-27	16274.83
2017-01-28	16274.83
2017-01-29	16274.83
2017-01-30	16170.89
2017-01-31	16039.71
2017-02-01	16085.73
2017-02-02	16000.84
2017-02-03	15956.68
2017-02-04	15956.68
2017-02-05	15956.68
2017-02-06	15931.86
2017-02-07	15920.64
2017-02-08	15965.19
2017-02-09	16017.24
2017-02-10	16148.7
2017-02-11	16148.7
2017-02-12	16148.7
2017-02-13	16269.65
2017-02-14	16274.82
2017-02-15	16422.84
2017-02-16	16377.13
2017-02-17	16386.21
2017-02-18	16386.21
2017-02-19	16386.21
2017-02-20	16361.2
2017-02-21	16327.21
2017-02-22	16374.02
2017-02-23	16341.78
2017-02-24	16247.93
2017-02-25	16247.93
2017-02-26	16247.93
2017-02-27	16196.06
2017-02-28	16160.98
2017-03-01	16161.58
2017-03-02	16295.3
2017-03-03	16206.09
2017-03-04	16206.09
2017-03-05	16206.09
2017-03-06	16296.8
2017-03-07	16293.25
2017-03-08	16286.11
2017-03-09	16279.27
2017-03-10	16364.92
2017-03-11	16364.92
2017-03-12	16364.92
2017-03-13	16328.63
2017-03-14	16344.66
2017-03-15	16393.23
2017-03-16	16421.0
2017-03-17	16450.43
2017-03-18	16450.43
2017-03-19	16450.43
2017-03-20	16413.7
2017-03-21	16402.95
2017-03-22	16223.94
2017-03-23	16238.08
2017-03-24	16345.99
2017-03-25	16345.99
2017-03-26	16345.99
2017-03-27	16327.75
2017-03-28	16482.55
2017-03-29	16598.03
2017-03-30	16677.05
2017-03-31	16621.4
2017-04-01	16621.4
2017-04-02	16621.4
2017-04-03	16650.09
2017-04-04	16595.25
2017-04-05	16630.62
2017-04-06	16596.08
2017-04-07	16618.0
2017-04-08	16618.0
2017-04-09	16618.0
2017-04-10	16715.7
2017-04-11	16740.88
2017-04-12	16763.96
2017-04-13	16658.78
2017-04-14	16658.72
2017-04-15	16658.72
2017-04-16	16658.72
2017-04-17	16658.55
2017-04-18	16513.35
2017-04-19	16419.48
2017-04-20	16422.87
2017-04-21	16495.05
2017-04-22	16495.05
2017-04-23	16495.05
2017-04-24	16545.69
2017-04-25	16545.64
2017-04-26	16671.87
2017-04-27	16678.63
2017-04-28	16705.05
2017-04-29	16705.05
2017-04-30	16705.05
2017-05-01	16795.41
2017-05-02	16791.46
2017-05-03	16675.39
2017-05-04	16688.68
2017-05-05	16588.29
2017-05-06	16588.29
2017-05-07	16588.29
2017-05-08	16675.25
2017-05-09	16612.86
2017-05-10	16764.88
2017-05-11	16804.02
2017-05-12	16732.03
2017-05-13	16732.03
2017-05-14	16732.03
2017-05-15	16689.59
2017-05-16	16734.0
2017-05-17	16601.15
2017-05-18	16516.97
2017-05-19	16475.6
2017-05-20	16475.6
2017-05-21	16475.6
2017-05-22	16614.45
2017-05-23	16612.69
2017-05-24	16677.07
2017-05-25	16715.37
2017-05-26	16590.09
2017-05-27	16590.09
2017-05-28	16590.09
2017-05-29	16499.65
2017-05-30	16551.51
2017-05-31	16534.89
2017-06-01	16576.83
2017-06-02	16690.03
2017-06-03	16690.03
2017-06-04	16690.03
2017-06-05	16631.26
2017-06-06	16429.66
2017-06-07	16466.24
2017-06-08	16430.18
2017-06-09	16444.28
2017-06-10	16444.28
2017-06-11	16444.28
2017-06-12	16444.01
2017-06-13	16668.19
2017-06-14	16794.05
2017-06-15	16604.78
2017-06-16	16685.37
2017-06-17	16685.37
2017-06-18	16685.37
2017-06-19	16717.54
2017-06-20	16599.74
2017-06-21	16423.04
2017-06-22	16493.62
2017-06-23	16540.31
2017-06-24	16540.31
2017-06-25	16540.31
2017-06-26	16710.42
2017-06-27	16683.45
2017-06-28	16782.45
2017-06-29	16956.77
2017-06-30	16688.64
2017-07-01	16688.64
2017-07-02	16688.64
2017-07-03	16638.35
2017-07-04	16907.42
2017-07-05	16835.26
2017-07-06	16841.45
2017-07-07	16705.54
2017-07-08	16705.54
2017-07-09	16705.54
2017-07-10	16801.64
2017-07-11	16791.26
2017-07-12	16657.38
2017-07-13	16860.47
2017-07-14	16884.16
2017-07-15	16884.16
2017-07-16	16884.16
2017-07-17	16899.62
2017-07-18	16740.74
2017-07-19	16849.9
2017-07-20	16848.62
2017-07-21	16738.97
2017-07-22	16738.97
2017-07-23	16738.97
2017-07-24	16696.97
2017-07-25	16809.4
2017-07-26	16901.26
2017-07-27	16877.37
2017-07-28	16680.49
2017-07-29	16680.49
2017-07-30	16680.49
2017-07-31	16764.74
2017-08-01	16866.41
2017-08-02	16736.46
2017-08-03	16763.56
2017-08-04	16719.69
2017-08-05	16719.69
2017-08-06	16719.69
2017-08-07	16861.78
2017-08-08	16763.64
2017-08-09	16846.89
2017-08-10	16830.77
2017-08-11	16674.81
2017-08-12	16674.81
2017-08-13	16674.81
2017-08-14	16794.04
2017-08-15	16808.07
2017-08-16	16909.41
2017-08-17	16899.71
2017-08-18	16856.32
2017-08-19	16856.32
2017-08-20	16856.32
2017-08-21	16750.25
2017-08-22	16876.17
2017-08-23	16792.12
2017-08-24	16841.51
2017-08-25	16823.67
2017-08-26	16823.67
2017-08-27	16823.67
2017-08-28	16764.29
2017-08-29	16703.35
2017-08-30	16760.28
2017-08-31	16869.88
2017-09-01	16902.02
2017-09-02	16902.02
2017-09-03	16902.02
2017-09-04	16862.14
2017-09-05	16892.83
2017-09-06	16851.01
2017-09-07	16905.08
2017-09-08	16882.94
2017-09-09	16882.94
2017-09-10	16882.94
2017-09-11	17002.03
2017-09-12	17013.53
2017-09-13	16998.21
2017-09-14	16997.78
2017-09-15	16889.81
2017-09-16	16889.81
2017-09-17	16889.81
2017-09-18	16974.0
2017-09-19	16936.75
2017-09-20	16949.9
2017-09-21	16785.38
2017-09-22	16906.38
2017-09-23	16906.38
2017-09-24	16906.38
2017-09-25	16893.63
2017-09-26	16864.67
2017-09-27	16868.97
2017-09-28	16869.48
2017-09-29	16913.02
2017-09-30	16913.02
2017-10-01	16913.02
2017-10-02	17037.73
2017-10-03	16940.95
2017-10-04	16823.09
2017-10-05	16889.35
2017-10-06	17024.17
2017-10-07	17024.17
2017-10-08	17024.17
2017-10-09	17055.56
2017-10-10	17063.97
2017-10-11	17169.15
2017-10-12	17230.13
2017-10-13	17296.14
2017-10-14	17296.14
2017-10-15	17296.14
2017-10-16	17397.22
2017-10-17	17505.5
2017-10-18	17488.47
2017-10-19	17491.48
2017-10-20	17510.88
2017-10-21	17510.88
2017-10-22	17510.88
2017-10-23	17466.85
2017-10-24	17500.41
2017-10-25	17529.96
2017-10-26	17537.2
2017-10-27	17539.91
2017-10-28	17539.91
2017-10-29	17539.91
2017-10-30	17606.55
2017-10-31	17563.28
2017-11-01	17668.33
2017-11-02	17657.07
2017-11-03	17783.57
2017-11-04	17783.57
2017-11-05	17783.57
2017-11-06	17749.76
2017-11-07	17939.83
2017-11-08	17918.38
2017-11-09	18030.47
2017-11-10	17958.32
2017-11-11	17958.32
2017-11-12	17958.32
2017-11-13	18008.83
2017-11-14	17842.17
2017-11-15	17785.06
2017-11-16	17832.31
2017-11-17	17830.09
2017-11-18	17830.09
2017-11-19	17830.09
2017-11-20	17784.65
2017-11-21	17873.14
2017-11-22	17937.5
2017-11-23	17938.88
2017-11-24	17941.72
2017-11-25	17941.72
2017-11-26	17941.72
2017-11-27	17953.81
2017-11-28	17926.63
2017-11-29	17989.22
2017-11-30	17837.37
2017-12-01	17919.67
2017-12-02	17919.67
2017-12-03	17919.67
2017-12-04	17884.97
2017-12-05	17885.87
2017-12-06	17790.89
2017-12-07	17857.33
2017-12-08	17874.41
2017-12-09	17874.41
2017-12-10	17874.41
2017-12-11	17892.87
2017-12-12	17950.67
2017-12-13	17932.69
2017-12-14	17925.13
2017-12-15	17929.79
2017-12-16	17929.79
2017-12-17	17929.79
2017-12-18	18071.82
2017-12-19	18196.49
2017-12-20	18212.47
2017-12-21	18237.54
2017-12-22	18272.85
2017-12-23	18272.85
2017-12-24	18272.85
2017-12-25	18272.58
2017-12-26	18272.49
2017-12-27	18289.76
2017-12-28	18375.04
2017-12-29	18370.97
2017-12-30	18370.97
2017-12-31	18370.97
2018-01-01	18370.69
2018-01-02	18381.36
2018-01-03	18417.52
2018-01-04	18455.19
2018-01-05	18619.05
2018-01-06	18619.05
2018-01-07	18619.05
2018-01-08	18606.37
2018-01-09	18646.33
2018-01-10	18500.01
2018-01-11	18481.4
2018-01-12	18487.81
2018-01-13	18487.81
2018-01-14	18487.81
2018-01-15	18505.27
2018-01-16	18441.49
2018-01-17	18365.58
2018-01-18	18362.42
2018-01-19	18313.0
2018-01-20	18313.0
2018-01-21	18313.0
2018-01-22	18301.67
2018-01-23	18449.79
2018-01-24	18467.62
2018-01-25	18499.99
2018-01-26	18499.9
2018-01-27	18499.9
2018-01-28	18499.9
2018-01-29	18581.4
2018-01-30	18400.77
2018-01-31	18445.66
2018-02-01	18575.11
2018-02-02	18629.93
2018-02-03	18629.93
2018-02-04	18629.93
2018-02-05	18355.53
2018-02-06	17872.78
2018-02-07	17988.13
2018-02-08	17983.72
2018-02-09	17877.58
2018-02-10	17877.58
2018-02-11	17877.58
2018-02-12	17839.43
2018-02-13	17918.08
2018-02-14	17874.38
2018-02-15	18114.22
2018-02-16	18038.42
2018-02-17	18038.42
2018-02-18	18038.42
2018-02-19	18183.79
2018-02-20	18138.34
2018-02-21	18185.66
2018-02-22	18194.52
2018-02-23	18346.17
2018-02-24	18346.17
2018-02-25	18346.17
2018-02-26	18467.16
2018-02-27	18503.77
2018-02-28	18409.99
2018-03-01	18360.69
2018-03-02	18242.78
2018-03-03	18242.78
2018-03-04	18242.78
2018-03-05	18119.92
2018-03-06	18350.57
2018-03-07	18119.53
2018-03-08	18327.06
2018-03-09	18322.08
2018-03-10	18322.08
2018-03-11	18322.08
2018-03-12	18440.2
2018-03-13	18369.74
2018-03-14	18288.74
2018-03-15	18288.84
2018-03-16	18388.76
2018-03-17	18388.76
2018-03-18	18388.76
2018-03-19	18406.78
2018-03-20	18321.8
2018-03-21	18396.29
2018-03-22	18402.37
2018-03-23	18072.57
2018-03-24	18072.57
2018-03-25	18072.57
2018-03-26	18077.33
2018-03-27	18205.79
2018-03-28	18033.46
2018-03-29	17933.11
2018-03-30	17933.02
2018-03-31	17933.02
2018-04-01	17933.02
2018-04-02	17932.75
2018-04-03	17967.51
2018-04-04	17966.91
2018-04-05	18003.91
2018-04-06	17985.76
2018-04-07	17985.76
2018-04-08	17985.76
2018-04-09	18058.21
2018-04-10	18179.15
2018-04-11	18095.42
2018-04-12	18129.05
2018-04-13	18178.69
2018-04-14	18178.69
2018-04-15	18178.69
2018-04-16	18234.62
2018-04-17	18221.44
2018-04-18	18328.27
2018-04-19	18449.28
2018-04-20	18403.01
2018-04-21	18403.01
2018-04-22	18403.01
2018-04-23	18498.62
2018-04-24	18515.66
2018-04-25	18515.56
2018-04-26	18527.9
2018-04-27	18675.85
2018-04-28	18675.85
2018-04-29	18675.85
2018-04-30	18703.71
2018-05-01	18759.23
2018-05-02	18833.63
2018-05-03	19003.01
2018-05-04	18908.23
2018-05-05	18908.23
2018-05-06	18908.23
2018-05-07	19008.21
2018-05-08	18944.51
2018-05-09	19056.1
2018-05-10	19129.46
2018-05-11	19175.58
2018-05-12	19175.58
2018-05-13	19175.58
2018-05-14	19293.15
2018-05-15	19150.71
2018-05-16	19234.09
2018-05-17	19286.89
2018-05-18	19269.41
2018-05-19	19269.41
2018-05-20	19269.41
2018-05-21	19242.27
2018-05-22	19137.49
2018-05-23	19119.67
2018-05-24	19101.22
2018-05-25	19032.13
2018-05-26	19032.13
2018-05-27	19032.13
2018-05-28	18937.57
2018-05-29	19183.02
2018-05-30	19117.15
2018-05-31	19272.48
2018-06-01	19213.79
2018-06-02	19213.79
2018-06-03	19213.79
2018-06-04	19329.6
2018-06-05	19217.82
2018-06-06	19379.36
2018-06-07	19465.5
2018-06-08	19401.56
2018-06-09	19401.56
2018-06-10	19401.56
2018-06-11	19401.27
2018-06-12	19486.96
2018-06-13	19430.98
2018-06-14	19410.91
2018-06-15	19638.15
2018-06-16	19638.15
2018-06-17	19638.15
2018-06-18	19578.04
2018-06-19	19529.83
2018-06-20	19715.92
2018-06-21	19820.67
2018-06-22	19785.04
2018-06-23	19785.04
2018-06-24	19785.04
2018-06-25	19820.79
2018-06-26	19743.22
2018-06-27	19738.0
2018-06-28	19836.41
2018-06-29	19776.32
2018-06-30	19776.32
2018-07-01	19776.32
2018-07-02	19765.92
2018-07-03	19807.3
2018-07-04	19714.97
2018-07-05	19810.5
2018-07-06	19945.2
2018-07-07	19945.2
2018-07-08	19945.2
2018-07-09	19965.44
2018-07-10	19955.48
2018-07-11	19832.02
2018-07-12	19920.68
2018-07-13	19857.59
2018-07-14	19857.59
2018-07-15	19857.59
2018-07-16	19811.52
2018-07-17	19703.46
2018-07-18	19805.06
2018-07-19	19831.71
2018-07-20	19861.24
2018-07-21	19861.24
2018-07-22	19861.24
2018-07-23	19710.74
2018-07-24	19876.87
2018-07-25	19780.81
2018-07-26	19825.8
2018-07-27	20008.27
2018-07-28	20008.27
2018-07-29	20008.27
2018-07-30	19911.46
2018-07-31	19978.83
2018-08-01	19949.0
2018-08-02	19813.79
2018-08-03	19817.94
2018-08-04	19817.94
2018-08-05	19817.94
2018-08-06	19932.29
2018-08-07	19851.82
2018-08-08	19900.45
2018-08-09	19989.86
2018-08-10	19917.08
2018-08-11	19917.08
2018-08-12	19917.08
2018-08-13	19860.25
2018-08-14	19999.53
2018-08-15	20035.95
2018-08-16	19984.65
2018-08-17	20021.33
2018-08-18	20021.33
2018-08-19	20021.33
2018-08-20	20026.23
2018-08-21	19837.39
2018-08-22	19841.04
2018-08-23	19820.88
2018-08-24	19822.47
2018-08-25	19822.47
2018-08-26	19822.47
2018-08-27	19894.94
2018-08-28	19988.71
2018-08-29	20119.92
2018-08-30	20074.71
2018-08-31	20021.39
2018-09-01	20021.39
2018-09-02	20021.39
2018-09-03	19959.29
2018-09-04	19888.61
2018-09-05	19712.53
2018-09-06	19586.37
2018-09-07	19533.39
2018-09-08	19533.39
2018-09-09	19533.39
2018-09-10	19510.72
2018-09-11	19592.7
2018-09-12	19602.89
2018-09-13	19526.16
2018-09-14	19666.58
2018-09-15	19666.58
2018-09-16	19666.58
2018-09-17	19717.2
2018-09-18	19646.46
2018-09-19	19762.35
2018-09-20	19664.32
2018-09-21	19791.11
2018-09-22	19791.11
2018-09-23	19791.11
2018-09-24	19780.76
2018-09-25	19817.52
2018-09-26	19851.92
2018-09-27	19831.63
2018-09-28	19904.96
2018-09-29	19904.96
2018-09-30	19904.96
2018-10-01	19806.83
2018-10-02	19713.53
2018-10-03	19834.22
2018-10-04	19893.64
2018-10-05	19897.9
2018-10-06	19897.9
2018-10-07	19897.9
2018-10-08	19638.47
2018-10-09	19579.86
2018-10-10	19540.65
2018-10-11	19053.41
2018-10-12	19128.02
2018-10-13	19128.02
2018-10-14	19128.02
2018-10-15	18863.23
2018-10-16	19014.64
2018-10-17	19129.06
2018-10-18	19129.77
2018-10-19	19083.43
2018-10-20	19083.43
2018-10-21	19083.43
2018-10-22	18978.62
2018-10-23	18798.62
2018-10-24	18725.62
2018-10-25	18220.46
2018-10-26	18270.22
2018-10-27	18270.22
2018-10-28	18270.22
2018-10-29	18359.78
2018-10-30	18500.52
2018-10-31	18576.44
2018-11-01	18664.89
2018-11-02	18768.27
2018-11-03	18768.27
2018-11-04	18768.27
2018-11-05	18699.94
2018-11-06	18876.85
2018-11-07	18925.87
2018-11-08	18958.32
2018-11-09	18948.22
2018-11-10	18948.22
2018-11-11	18948.22
2018-11-12	19086.64
2018-11-13	18772.36
2018-11-14	18548.21
2018-11-15	18482.01
2018-11-16	18474.87
2018-11-17	18474.87
2018-11-18	18474.87
2018-11-19	18406.1
2018-11-20	18383.03
2018-11-21	18182.95
2018-11-22	18288.59
2018-11-23	18247.74
2018-11-24	18247.74
2018-11-25	18247.74
2018-11-26	18100.53
2018-11-27	18295.44
2018-11-28	18216.33
2018-11-29	18368.74
2018-11-30	18126.35
2018-12-01	18126.35
2018-12-02	18126.35
2018-12-03	18574.34
2018-12-04	18296.78
2018-12-05	18301.83
2018-12-06	18224.22
2018-12-07	18164.97
2018-12-08	18164.97
2018-12-09	18164.97
2018-12-10	17811.34
2018-12-11	17957.86
2018-12-12	18105.58
2018-12-13	18086.73
2018-12-14	17975.96
2018-12-15	17975.96
2018-12-16	17975.96
2018-12-17	18229.61
2018-12-18	18036.63
2018-12-19	18088.06
2018-12-20	17748.62
2018-12-21	17699.22
2018-12-22	17699.22
2018-12-23	17699.22
2018-12-24	17781.57
2018-12-25	17781.49
2018-12-26	17781.41
2018-12-27	18088.19
2018-12-28	18270.81
2018-12-29	18270.81
2018-12-30	18270.81
2018-12-31	18136.1
2019-01-01	18136.02
2019-01-02	17941.55
2019-01-03	18211.05
2019-01-04	18126.04
2019-01-05	18126.04
2019-01-06	18126.04
2019-01-07	18322.35
2019-01-08	18374.31
2019-01-09	18587.61
2019-01-10	18674.09
2019-01-11	18643.19
2019-01-12	18643.19
2019-01-13	18643.19
2019-01-14	18630.87
2019-01-15	18747.11
2019-01-16	18736.79
2019-01-17	18850.2
2019-01-18	18919.73
2019-01-19	18919.73
2019-01-20	18919.73
2019-01-21	18941.63
2019-01-22	18874.21
2019-01-23	18857.92
2019-01-24	18949.68
2019-01-25	19042.86
2019-01-26	19042.86
2019-01-27	19042.86
2019-01-28	19042.6
2019-01-29	18995.29
2019-01-30	19080.72
2019-01-31	18990.09
2019-02-01	19003.02
2019-02-02	19003.02
2019-02-03	19003.02
2019-02-04	19074.5
2019-02-05	19325.49
2019-02-06	19365.84
2019-02-07	19591.95
2019-02-08	19479.06
2019-02-09	19479.06
2019-02-10	19479.06
2019-02-11	19542.03
2019-02-12	19580.34
2019-02-13	19593.07
2019-02-14	19633.0
2019-02-15	19670.14
2019-02-16	19670.14
2019-02-17	19670.14
2019-02-18	19777.25
2019-02-19	19818.28
2019-02-20	19878.36
2019-02-21	19977.56
2019-02-22	20056.5
2019-02-23	20056.5
2019-02-24	20056.5
2019-02-25	20133.35
2019-02-26	20032.47
2019-02-27	20159.34
2019-02-28	20128.82
2019-03-01	20156.68
2019-03-02	20156.68
2019-03-03	20156.68
2019-03-04	20234.97
2019-03-05	20186.74
2019-03-06	20362.54
2019-03-07	20408.46
2019-03-08	20238.15
2019-03-09	20238.15
2019-03-10	20238.15
2019-03-11	20152.84
2019-03-12	20210.13
2019-03-13	20114.94
2019-03-14	20188.0
2019-03-15	20154.24
2019-03-16	20154.24
2019-03-17	20154.24
2019-03-18	20251.86
2019-03-19	20244.7
2019-03-20	20176.06
2019-03-21	20238.2
2019-03-22	20281.6
2019-03-23	20281.6
2019-03-24	20281.6
2019-03-25	20056.82
2019-03-26	20153.08
2019-03-27	20087.49
2019-03-28	20233.56
2019-03-29	20218.27
2019-03-30	20218.27
2019-03-31	20218.27
2019-04-01	20355.6
2019-04-02	20418.41
2019-04-03	20585.32
2019-04-04	20432.42
2019-04-05	20342.17
2019-04-06	20342.17
2019-04-07	20342.17
2019-04-08	20479.73
2019-04-09	20440.94
2019-04-10	20459.07
2019-04-11	20403.06
2019-04-12	20546.47
2019-04-13	20546.47
2019-04-14	20546.47
2019-04-15	20544.26
2019-04-16	20592.08
2019-04-17	20520.74
2019-04-18	20564.98
2019-04-19	20564.89
2019-04-20	20564.89
2019-04-21	20564.89
2019-04-22	20564.62
2019-04-23	20753.38
2019-04-24	20895.57
2019-04-25	20895.48
2019-04-26	20878.48
2019-04-27	20878.48
2019-04-28	20878.48
2019-04-29	20793.06
2019-04-30	20680.26
2019-05-01	20836.49
2019-05-02	20734.43
2019-05-03	20718.38
2019-05-04	20718.38
2019-05-05	20718.38
2019-05-06	20571.13
2019-05-07	20619.22
2019-05-08	20534.76
2019-05-09	20593.16
2019-05-10	20664.88
2019-05-11	20664.88
2019-05-12	20664.88
2019-05-13	20684.59
2019-05-14	20520.57
2019-05-15	20623.2
2019-05-16	20821.82
2019-05-17	20945.19
2019-05-18	20945.19
2019-05-19	20945.19
2019-05-20	21179.07
2019-05-21	21202.47
2019-05-22	21195.45
2019-05-23	21142.17
2019-05-24	21038.25
2019-05-25	21038.25
2019-05-26	21038.25
2019-05-27	21045.24
2019-05-28	21141.3
2019-05-29	21000.63
2019-05-30	20857.17
2019-05-31	20869.02
2019-06-01	20869.02
2019-06-02	20869.02
2019-06-03	20626.65
2019-06-04	20637.24
2019-06-05	20681.44
2019-06-06	20769.94
2019-06-07	20961.13
2019-06-08	20961.13
2019-06-09	20961.13
2019-06-10	20960.85
2019-06-11	21245.72
2019-06-12	21305.52
2019-06-13	21255.35
2019-06-14	21344.66
2019-06-15	21344.66
2019-06-16	21344.66
2019-06-17	21239.49
2019-06-18	21362.4
2019-06-19	21622.33
2019-06-20	21776.6
2019-06-21	21683.35
2019-06-22	21683.35
2019-06-23	21683.35
2019-06-24	21704.89
2019-06-25	21672.19
2019-06-26	21836.19
2019-06-27	21963.3
2019-06-28	21767.99
2019-06-29	21767.99
2019-06-30	21767.99
2019-07-01	21901.32
2019-07-02	21958.19
2019-07-03	22031.2
2019-07-04	22061.06
2019-07-05	22139.72
2019-07-06	22139.72
2019-07-07	22139.72
2019-07-08	21920.85
2019-07-09	21932.23
2019-07-10	21979.13
2019-07-11	22095.88
2019-07-12	21998.44
2019-07-13	21998.44
2019-07-14	21998.44
2019-07-15	21898.92
2019-07-16	21844.76
2019-07-17	21927.29
2019-07-18	21787.72
2019-07-19	21980.31
2019-07-20	21980.31
2019-07-21	21980.31
2019-07-22	21944.1
2019-07-23	22061.48
2019-07-24	22174.51
2019-07-25	22264.49
2019-07-26	22261.61
2019-07-27	22261.61
2019-07-28	22261.61
2019-07-29	22340.07
2019-07-30	22413.8
2019-07-31	22321.98
2019-08-01	22230.86
2019-08-02	22133.48
2019-08-03	22133.48
2019-08-04	22133.48
2019-08-05	21713.65
2019-08-06	21276.34
2019-08-07	21382.72
2019-08-08	21550.0
2019-08-09	21563.39
2019-08-10	21563.39
2019-08-11	21563.39
2019-08-12	21615.12
2019-08-13	21624.63
2019-08-14	21710.49
2019-08-15	21186.68
2019-08-16	21166.41
2019-08-17	21166.41
2019-08-18	21166.41
2019-08-19	21337.36
2019-08-20	21597.41
2019-08-21	21430.73
2019-08-22	21534.47
2019-08-23	21599.95
2019-08-24	21599.95
2019-08-25	21599.95
2019-08-26	21378.59
2019-08-27	21450.16
2019-08-28	21649.5
2019-08-29	21639.49
2019-08-30	21929.4
2019-08-31	21929.4
2019-09-01	21929.4
2019-09-02	21865.84
2019-09-03	21867.07
2019-09-04	21841.99
2019-09-05	22062.5
2019-09-06	22187.8
2019-09-07	22187.8
2019-09-08	22187.8
2019-09-09	22210.93
2019-09-10	22157.31
2019-09-11	22230.29
2019-09-12	22262.86
2019-09-13	22266.6
2019-09-14	22266.6
2019-09-15	22266.6
2019-09-16	22358.82
2019-09-17	22385.34
2019-09-18	22344.32
2019-09-19	22450.68
2019-09-20	22530.33
2019-09-21	22530.33
2019-09-22	22530.33
2019-09-23	22572.19
2019-09-24	22556.79
2019-09-25	22421.45
2019-09-26	22320.31
2019-09-27	22441.91
2019-09-28	22441.91
2019-09-29	22441.91
2019-09-30	22380.54
2019-10-01	22537.8
2019-10-02	22225.82
2019-10-03	21809.67
2019-10-04	21860.7
2019-10-05	21860.7
2019-10-06	21860.7
2019-10-07	22018.86
2019-10-08	22101.18
2019-10-09	21954.27
2019-10-10	21914.67
2019-10-11	22091.6
2019-10-12	22091.6
2019-10-13	22091.6
2019-10-14	22206.51
2019-10-15	22240.61
2019-10-16	22466.45
2019-10-17	22295.33
2019-10-18	22222.73
2019-10-19	22222.73
2019-10-20	22222.73
2019-10-21	22244.92
2019-10-22	22328.12
2019-10-23	22310.76
2019-10-24	22402.88
2019-10-25	22536.17
2019-10-26	22536.17
2019-10-27	22536.17
2019-10-28	22571.44
2019-10-29	22602.32
2019-10-30	22438.81
2019-10-31	22347.07
2019-11-01	22387.8
2019-11-02	22387.8
2019-11-03	22387.8
2019-11-04	22471.93
2019-11-05	22509.16
2019-11-06	22359.02
2019-11-07	22562.94
2019-11-08	22538.2
2019-11-09	22538.2
2019-11-10	22538.2
2019-11-11	22730.86
2019-11-12	22731.5
2019-11-13	22559.15
2019-11-14	22718.82
2019-11-15	22868.16
2019-11-16	22868.16
2019-11-17	22868.16
2019-11-18	22810.76
2019-11-19	22967.6
2019-11-20	22671.28
2019-11-21	22548.98
2019-11-22	22678.17
2019-11-23	22678.17
2019-11-24	22678.17
2019-11-25	22753.97
2019-11-26	22925.38
2019-11-27	23145.72
2019-11-28	23160.02
2019-11-29	23121.84
2019-11-30	23121.84
2019-12-01	23121.84
2019-12-02	23171.46
2019-12-03	22729.45
2019-12-04	22404.86
2019-12-05	22659.63
2019-12-06	22736.88
2019-12-07	22736.88
2019-12-08	22736.88
2019-12-09	22854.04
2019-12-10	22767.0
2019-12-11	22917.81
2019-12-12	22770.08
2019-12-13	22886.31
2019-12-14	22886.31
2019-12-15	22886.31
2019-12-16	23249.81
2019-12-17	23240.42
2019-12-18	23263.08
2019-12-19	23229.91
2019-12-20	23213.53
2019-12-21	23213.53
2019-12-22	23213.53
2019-12-23	23083.25
2019-12-24	23113.06
2019-12-25	23112.96
2019-12-26	23112.85
2019-12-27	23220.2
2019-12-28	23220.2
2019-12-29	23220.2
2019-12-30	23179.51
2019-12-31	22820.65
2020-01-01	22820.55
2020-01-02	22834.61
2020-01-03	22978.58
2020-01-04	22978.58
2020-01-05	22978.58
2020-01-06	23012.58
2020-01-07	23241.55
2020-01-08	23229.16
2020-01-09	23376.77
2020-01-10	23513.29
2020-01-11	23513.29
2020-01-12	23513.29
2020-01-13	23451.16
2020-01-14	23647.22
2020-01-15	23724.4
2020-01-16	23830.52
2020-01-17	23920.99
2020-01-18	23920.99
2020-01-19	23920.99
2020-01-20	23942.53
2020-01-21	23875.49
2020-01-22	24037.47
2020-01-23	23873.55
2020-01-24	23891.43
2020-01-25	23891.43
2020-01-26	23891.43
2020-01-27	23891.11
2020-01-28	23546.79
2020-01-29	23674.76
2020-01-30	23605.21
2020-01-31	23641.67
2020-02-01	23641.67
2020-02-02	23641.67
2020-02-03	23304.21
2020-02-04	23386.41
2020-02-05	23503.06
2020-02-06	23723.63
2020-02-07	23646.7
2020-02-08	23646.7
2020-02-09	23646.7
2020-02-10	23611.48
2020-02-11	23714.66
2020-02-12	23770.9
2020-02-13	23789.11
2020-02-14	23841.25
2020-02-15	23841.25
2020-02-16	23841.25
2020-02-17	23792.1
2020-02-18	23775.3
2020-02-19	23864.56
2020-02-20	23905.37
2020-02-21	23796.99
2020-02-22	23796.99
2020-02-23	23796.99
2020-02-24	23314.52
2020-02-25	22929.65
2020-02-26	22515.86
2020-02-27	22393.06
2020-02-28	21705.59
2020-02-29	21705.59
2020-03-01	21705.59
2020-03-02	21700.25
2020-03-03	21867.28
2020-03-04	21611.42
2020-03-05	21855.81
2020-03-06	21336.82
2020-03-07	21336.82
2020-03-08	21336.82
2020-03-09	19916.09
2020-03-10	20367.75
2020-03-11	19719.75
2020-03-12	18520.72
2020-03-13	19140.31
2020-03-14	19140.31
2020-03-15	19140.31
2020-03-16	17509.41
2020-03-17	18494.95
2020-03-18	17480.3
2020-03-19	16932.18
2020-03-20	17093.6
2020-03-21	17093.6
2020-03-22	17093.6
2020-03-23	16202.06
2020-03-24	16945.93
2020-03-25	17760.3
2020-03-26	17985.95
2020-03-27	17230.31
2020-03-28	17230.31
2020-03-29	17230.31
2020-03-30	18342.25
2020-03-31	17911.35
2020-04-01	18605.92
2020-04-02	18226.48
2020-04-03	17979.13
2020-04-04	17979.13
2020-04-05	17979.13
2020-04-06	18712.62
2020-04-07	18549.64
2020-04-08	18445.18
2020-04-09	19031.89
2020-04-10	19031.81
2020-04-11	19031.81
2020-04-12	19031.81
2020-04-13	19031.55
2020-04-14	19395.04
2020-04-15	19269.97
2020-04-16	19088.07
2020-04-17	19348.62
2020-04-18	19348.62
2020-04-19	19348.62
2020-04-20	18971.74
2020-04-21	18627.09
2020-04-22	18559.34
2020-04-23	18601.78
2020-04-24	18638.14
2020-04-25	18638.14
2020-04-26	18638.14
2020-04-27	18910.12
2020-04-28	18868.35
2020-04-29	19165.59
2020-04-30	19645.2
2020-05-01	18746.24
2020-05-02	18746.24
2020-05-03	18746.24
2020-05-04	19046.46
2020-05-05	19311.78
2020-05-06	19238.48
2020-05-07	19164.31
2020-05-08	19351.21
2020-05-09	19351.21
2020-05-10	19351.21
2020-05-11	19608.31
2020-05-12	19355.4
2020-05-13	19415.08
2020-05-14	19141.26
2020-05-15	19423.66
2020-05-16	19423.66
2020-05-17	19423.66
2020-05-18	19637.5
2020-05-19	19956.57
2020-05-20	20020.61
2020-05-21	19981.33
2020-05-22	19820.63
2020-05-23	19820.63
2020-05-24	19820.63
2020-05-25	20225.77
2020-05-26	20692.27
2020-05-27	20568.96
2020-05-28	20832.98
2020-05-29	20606.33
2020-05-30	20606.33
2020-05-31	20606.33
2020-06-01	20804.34
2020-06-02	20870.66
2020-06-03	21193.96
2020-06-04	21257.88
2020-06-05	21302.27
2020-06-06	21302.27
2020-06-07	21302.27
2020-06-08	21301.97
2020-06-09	21760.89
2020-06-10	21716.6
2020-06-11	21173.77
2020-06-12	20791.72
2020-06-13	20791.72
2020-06-14	20791.72
2020-06-15	20352.98
2020-06-16	21092.18
2020-06-17	21214.26
2020-06-18	21044.22
2020-06-19	21055.98
2020-06-20	21055.98
2020-06-21	21055.98
2020-06-22	21118.46
2020-06-23	21166.25
2020-06-24	21210.9
2020-06-25	20658.67
2020-06-26	20977.12
2020-06-27	20977.12
2020-06-28	20977.12
2020-06-29	20907.0
2020-06-30	21214.36
2020-07-01	21349.5
2020-07-02	21582.77
2020-07-03	21655.11
2020-07-04	21655.11
2020-07-05	21655.11
2020-07-06	21545.59
2020-07-07	21591.9
2020-07-08	21308.03
2020-07-09	21430.07
2020-07-10	21262.67
2020-07-11	21262.67
2020-07-12	21262.67
2020-07-13	21478.22
2020-07-14	21305.51
2020-07-15	21717.45
2020-07-16	21590.75
2020-07-17	21696.16
2020-07-18	21696.16
2020-07-19	21696.16
2020-07-20	21612.64
2020-07-21	22082.67
2020-07-22	21842.62
2020-07-23	21879.76
2020-07-24	21646.05
2020-07-25	21646.05
2020-07-26	21646.05
2020-07-27	21789.44
2020-07-28	21728.7
2020-07-29	21638.71
2020-07-30	21785.65
2020-07-31	21395.68
2020-08-01	21395.68
2020-08-02	21395.68
2020-08-03	21434.85
2020-08-04	21762.85
2020-08-05	21701.13
2020-08-06	21845.1
2020-08-07	21704.7
2020-08-08	21704.7
2020-08-09	21704.7
2020-08-10	22019.79
2020-08-11	22035.44
2020-08-12	22021.09
2020-08-13	21915.26
2020-08-14	22060.16
2020-08-15	22060.16
2020-08-16	22060.16
2020-08-17	21899.46
2020-08-18	22051.45
2020-08-19	22181.12
2020-08-20	22108.42
2020-08-21	22112.84
2020-08-22	22112.84
2020-08-23	22112.84
2020-08-24	22223.54
2020-08-25	22337.52
2020-08-26	22176.7
2020-08-27	22269.94
2020-08-28	22105.41
2020-08-29	22105.41
2020-08-30	22105.41
2020-08-31	22130.45
2020-09-01	21803.78
2020-09-02	22201.63
2020-09-03	22366.6
2020-09-04	21745.0
2020-09-05	21745.0
2020-09-06	21745.0
2020-09-07	21790.14
2020-09-08	21978.12
2020-09-09	21566.04
2020-09-10	21717.05
2020-09-11	21508.62
2020-09-12	21508.62
2020-09-13	21508.62
2020-09-14	21713.38
2020-09-15	21676.37
2020-09-16	21853.68
2020-09-17	21630.29
2020-09-18	21618.51
2020-09-19	21618.51
2020-09-20	21618.51
2020-09-21	21474.13
2020-09-22	21355.53
2020-09-23	21810.54
2020-09-24	21631.84
2020-09-25	21930.92
2020-09-26	21930.92
2020-09-27	21930.92
2020-09-28	21868.72
2020-09-29	21865.03
2020-09-30	21421.62
2020-10-01	21638.9
2020-10-02	21355.01
2020-10-03	21355.01
2020-10-04	21355.01
2020-10-05	21832.62
2020-10-06	21945.78
2020-10-07	22114.03
2020-10-08	22340.59
2020-10-09	22379.32
2020-10-10	22379.32
2020-10-11	22379.32
2020-10-12	22447.18
2020-10-13	22593.19
2020-10-14	22508.2
2020-10-15	22627.64
2020-10-16	22520.64
2020-10-17	22520.64
2020-10-18	22520.64
2020-10-19	22689.78
2020-10-20	22549.83
2020-10-21	22562.77
2020-10-22	22532.88
2020-10-23	22486.3
2020-10-24	22486.3
2020-10-25	22486.3
2020-10-26	22459.86
2020-10-27	22104.84
2020-10-28	22161.11
2020-10-29	21742.47
2020-10-30	21686.41
2020-10-31	21686.41
2020-11-01	21686.41
2020-11-02	21745.53
2020-11-03	22141.52
2020-11-04	22090.88
2020-11-05	22284.98
2020-11-06	22494.1
2020-11-07	22494.1
2020-11-08	22494.1
2020-11-09	22871.06
2020-11-10	22922.43
2020-11-11	23406.11
2020-11-12	23314.84
2020-11-13	23281.72
2020-11-14	23281.72
2020-11-15	23281.72
2020-11-16	23512.12
2020-11-17	23557.35
2020-11-18	23690.35
2020-11-19	23756.79
2020-11-20	23724.94
2020-11-21	23724.94
2020-11-22	23724.94
2020-11-23	23835.18
2020-11-24	24064.57
2020-11-25	24248.8
2020-11-26	24175.82
2020-11-27	24030.11
2020-11-28	24030.11
2020-11-29	24030.11
2020-11-30	23761.35
2020-12-01	24011.86
2020-12-02	24026.06
2020-12-03	24205.47
2020-12-04	24214.01
2020-12-05	24214.01
2020-12-06	24214.01
2020-12-07	24421.24
2020-12-08	24437.92
2020-12-09	24551.49
2020-12-10	24381.9
2020-12-11	24332.16
2020-12-12	24332.16
2020-12-13	24332.16
2020-12-14	24351.93
2020-12-15	24226.86
2020-12-16	24420.41
2020-12-17	24688.72
2020-12-18	24465.78
2020-12-19	24465.78
2020-12-20	24465.78
2020-12-21	24417.27
2020-12-22	24137.9
2020-12-23	24247.72
2020-12-24	24341.89
2020-12-25	24341.79
2020-12-26	24341.79
2020-12-27	24341.79
2020-12-28	24341.49
2020-12-29	24448.7
2020-12-30	24433.31
2020-12-31	24164.22
2021-01-01	24164.12
2021-01-02	24164.12
2021-01-03	24164.12
2021-01-04	24500.15
2021-01-05	24523.92
2021-01-06	24295.74
2021-01-07	24722.85
2021-01-08	24856.96
2021-01-09	24856.96
2021-01-10	24856.96
2021-01-11	24693.93
2021-01-12	24640.38
2021-01-13	24721.55
2021-01-14	24749.94
2021-01-15	24766.86
2021-01-16	24766.86
2021-01-17	24766.86
2021-01-18	24552.54
2021-01-19	24805.45
2021-01-20	24936.61
2021-01-21	25083.27
2021-01-22	24945.13
2021-01-23	24945.13
2021-01-24	24945.13
2021-01-25	25073.6
2021-01-26	25073.49
2021-01-27	24824.51
2021-01-28	24414.16
2021-01-29	24251.05
2021-01-30	24251.05
2021-01-31	24251.05
2021-02-01	24383.57
2021-02-02	24752.79
2021-02-03	24913.63
2021-02-04	24754.87
2021-02-05	24964.53
2021-02-06	24964.53
2021-02-07	24964.53
2021-02-08	25142.57
2021-02-09	24974.95
2021-02-10	25102.61
2021-02-11	25060.34
2021-02-12	24905.59
2021-02-13	24905.59
2021-02-14	24905.59
2021-02-15	25127.04
2021-02-16	25323.01
2021-02-17	25257.01
2021-02-18	25276.27
2021-02-19	24976.79
2021-02-20	24976.79
2021-02-21	24976.79
2021-02-22	25029.11
2021-02-23	25261.45
2021-02-24	25061.27
2021-02-25	25252.86
2021-02-26	24781.62
2021-02-27	24781.62
2021-02-28	24781.62
2021-03-01	25123.8
2021-03-02	25011.17
2021-03-03	25310.7
2021-03-04	25157.11
2021-03-05	25040.85
2021-03-06	25040.85
2021-03-07	25040.85
2021-03-08	25188.93
2021-03-09	25258.84
2021-03-10	25035.41
2021-03-11	25068.38
2021-03-12	25293.96
2021-03-13	25293.96
2021-03-14	25293.96
2021-03-15	25305.5
2021-03-16	25460.94
2021-03-17	25330.53
2021-03-18	25224.11
2021-03-19	25042.73
2021-03-20	25042.73
2021-03-21	25042.73
2021-03-22	25157.31
2021-03-23	25096.61
2021-03-24	25191.02
2021-03-25	25217.58
2021-03-26	25329.25
2021-03-27	25329.25
2021-03-28	25329.25
2021-03-29	25284.14
2021-03-30	25046.63
2021-03-31	25243.37
2021-04-01	25362.85
2021-04-02	25362.74
2021-04-03	25362.74
2021-04-04	25362.74
2021-04-05	25362.43
2021-04-06	25544.76
2021-04-07	25680.85
2021-04-08	25927.39
2021-04-09	25897.21
2021-04-10	25897.21
2021-04-11	25897.21
2021-04-12	25824.37
2021-04-13	25827.56
2021-04-14	25997.2
2021-04-15	26096.14
2021-04-16	26157.41
2021-04-17	26157.41
2021-04-18	26157.41
2021-04-19	26201.94
2021-04-20	26092.74
2021-04-21	26021.99
2021-04-22	26186.19
2021-04-23	26208.87
2021-04-24	26208.87
2021-04-25	26208.87
2021-04-26	26191.88
2021-04-27	26187.49
2021-04-28	26264.28
2021-04-29	26355.03
2021-04-30	26136.75
2021-05-01	26136.75
2021-05-02	26136.75
2021-05-03	26137.44
2021-05-04	26322.59
2021-05-05	26384.25
2021-05-06	26328.68
2021-05-07	26429.93
2021-05-08	26429.93
2021-05-09	26429.93
2021-05-10	26806.27
2021-05-11	26497.92
2021-05-12	26362.02
2021-05-13	26178.82
2021-05-14	26290.4
2021-05-15	26290.4
2021-05-16	26290.4
2021-05-17	26313.31
2021-05-18	26487.5
2021-05-19	25977.76
2021-05-20	26302.93
2021-05-21	26258.03
2021-05-22	26258.03
2021-05-23	26258.03
2021-05-24	26305.2
2021-05-25	26542.2
2021-05-26	26424.94
2021-05-27	26491.71
2021-05-28	26790.98
2021-05-29	26790.98
2021-05-30	26790.98
2021-05-31	26716.79
2021-06-01	26712.18
2021-06-02	27018.92
2021-06-03	27106.26
2021-06-04	27147.49
2021-06-05	27147.49
2021-06-06	27147.49
2021-06-07	27122.38
2021-06-08	27117.49
2021-06-09	27028.53
2021-06-10	27134.0
2021-06-11	27193.17
2021-06-12	27193.17
2021-06-13	27193.17
2021-06-14	27192.84
2021-06-15	27348.5
2021-06-16	27319.12
2021-06-17	27161.26
2021-06-18	27198.44
2021-06-19	27198.44
2021-06-20	27198.44
2021-06-21	26747.82
2021-06-22	27160.34
2021-06-23	26979.69
2021-06-24	26950.38
2021-06-25	27051.69
2021-06-26	27051.69
2021-06-27	27051.69
2021-06-28	27042.21
2021-06-29	27054.08
2021-06-30	27233.16
2021-07-01	27111.23
2021-07-02	27256.12
2021-07-03	27256.12
2021-07-04	27256.12
2021-07-05	27296.12
2021-07-06	27117.94
2021-07-07	27315.29
2021-07-08	27342.74
2021-07-09	27120.79
2021-07-10	27120.79
2021-07-11	27120.79
2021-07-12	27353.24
2021-07-13	27317.85
2021-07-14	27434.65
2021-07-15	27414.91
2021-07-16	27443.03
2021-07-17	27443.03
2021-07-18	27443.03
2021-07-19	27194.66
2021-07-20	27086.4
2021-07-21	27244.12
2021-07-22	27505.84
2021-07-23	27513.66
2021-07-24	27513.66
2021-07-25	27513.66
2021-07-26	27567.49
2021-07-27	27725.64
2021-07-28	27544.39
2021-07-29	27710.13
2021-07-30	27616.72
2021-07-31	27616.72
2021-08-01	27616.72
2021-08-02	27956.06
2021-08-03	27835.12
2021-08-04	27953.16
2021-08-05	27935.7
2021-08-06	28038.96
2021-08-07	28038.96
2021-08-08	28038.96
2021-08-09	28020.54
2021-08-10	28124.3
2021-08-11	28236.05
2021-08-12	28315.07
2021-08-13	28448.65
2021-08-14	28448.65
2021-08-15	28448.65
2021-08-16	28268.7
2021-08-17	28104.83
2021-08-18	28047.55
2021-08-19	27854.41
2021-08-20	27889.8
2021-08-21	27889.8
2021-08-22	27889.8
2021-08-23	27988.73
2021-08-24	28059.35
2021-08-25	28202.2
2021-08-26	28087.2
2021-08-27	28124.37
2021-08-28	28124.37
2021-08-29	28124.37
2021-08-30	28246.47
2021-08-31	28274.9
2021-09-01	28276.44
2021-09-02	28297.04
2021-09-03	28459.39
2021-09-04	28459.39
2021-09-05	28459.39
2021-09-06	28516.01
2021-09-07	28524.7
2021-09-08	28475.85
2021-09-09	28025.9
2021-09-10	28227.76
2021-09-11	28227.76
2021-09-12	28227.76
2021-09-13	28247.64
2021-09-14	28334.19
2021-09-15	28207.95
2021-09-16	28375.9
2021-09-17	28114.18
2021-09-18	28114.18
2021-09-19	28114.18
2021-09-20	27600.23
2021-09-21	27731.44
2021-09-22	27758.73
2021-09-23	27990.47
2021-09-24	27883.99
2021-09-25	27883.99
2021-09-26	27883.99
2021-09-27	27999.24
2021-09-28	27687.5
2021-09-29	27470.36
2021-09-30	27958.22
2021-10-01	27383.89
2021-10-02	27383.89
2021-10-03	27383.89
2021-10-04	27759.45
2021-10-05	27660.29
2021-10-06	27480.0
2021-10-07	27618.45
2021-10-08	27861.37
2021-10-09	27861.37
2021-10-10	27861.37
2021-10-11	27754.66
2021-10-12	27704.59
2021-10-13	27678.17
2021-10-14	27825.53
2021-10-15	28013.55
2021-10-16	28013.55
2021-10-17	28013.55
2021-10-18	28169.24
2021-10-19	28142.56
2021-10-20	28306.06
2021-10-21	28241.6
2021-10-22	28226.97
2021-10-23	28226.97
2021-10-24	28226.97
2021-10-25	28369.3
2021-10-26	28319.45
2021-10-27	28319.84
2021-10-28	28263.59
2021-10-29	27932.22
2021-10-30	27932.22
2021-10-31	27932.22
2021-11-01	28142.73
2021-11-02	27949.94
2021-11-03	28132.05
2021-11-04	28184.55
2021-11-05	28350.91
2021-11-06	28350.91
2021-11-07	28350.91
2021-11-08	28414.18
2021-11-09	28381.23
2021-11-10	28316.18
2021-11-11	28271.69
2021-11-12	28519.39
2021-11-13	28519.39
2021-11-14	28519.39
2021-11-15	28578.4
2021-11-16	28421.36
2021-11-17	28306.12
2021-11-18	28357.59
2021-11-19	28383.73
2021-11-20	28383.73
2021-11-21	28383.73
2021-11-22	28246.45
2021-11-23	28523.9
2021-11-24	28386.01
2021-11-25	28416.45
2021-11-26	27958.1
2021-11-27	27958.1
2021-11-28	27958.1
2021-11-29	27910.88
2021-11-30	27963.4
2021-12-01	27913.7
2021-12-02	27905.45
2021-12-03	27977.23
2021-12-04	27977.23
2021-12-05	27977.23
2021-12-06	27963.26
2021-12-07	28174.75
2021-12-08	28473.39
2021-12-09	28360.58
2021-12-10	28339.94
2021-12-11	28339.94
2021-12-12	28339.94
2021-12-13	28487.2
2021-12-14	28468.75
2021-12-15	28325.79
2021-12-16	28262.35
2021-12-17	28333.26
2021-12-18	28333.26
2021-12-19	28333.26
2021-12-20	28230.8
2021-12-21	28448.85
2021-12-22	28433.8
2021-12-23	28540.35
2021-12-24	28665.74
2021-12-25	28665.74
2021-12-26	28665.74
2021-12-27	28665.36
2021-12-28	28665.24
2021-12-29	28983.81
2021-12-30	29040.8
2021-12-31	28842.66
2022-01-01	28842.66
2022-01-02	28842.66
2022-01-03	28842.28
2022-01-04	29382.91
2022-01-05	29227.24
2022-01-06	28568.5
2022-01-07	29038.22
2022-01-08	29038.22
2022-01-09	29038.22
2022-01-10	28936.26
2022-01-11	28765.86
2022-01-12	28949.47
2022-01-13	29073.78
2022-01-14	28816.14
2022-01-15	28816.14
2022-01-16	28816.14
2022-01-17	28953.52
2022-01-18	28924.42
2022-01-19	28676.96
2022-01-20	28778.25
2022-01-21	28145.23
2022-01-22	28145.23
2022-01-23	28145.23
2022-01-24	27992.3
2022-01-25	27356.52
2022-01-26	27356.4
2022-01-27	27028.65
2022-01-28	27522.09
2022-01-29	27522.09
2022-01-30	27522.09
2022-01-31	27395.14
2022-02-01	27531.71
2022-02-02	27901.32
2022-02-03	27851.3
2022-02-04	27989.3
2022-02-05	27989.3
2022-02-06	27989.3
2022-02-07	27963.99
2022-02-08	28272.29
2022-02-09	28475.72
2022-02-10	28549.01
2022-02-11	28341.39
2022-02-12	28341.39
2022-02-13	28341.39
2022-02-14	28450.85
2022-02-15	28246.34
2022-02-16	28541.13
2022-02-17	28526.76
2022-02-18	28338.19
2022-02-19	28338.19
2022-02-20	28338.19
2022-02-21	28432.34
2022-02-22	28101.2
2022-02-23	28233.48
2022-02-24	27622.98
2022-02-25	27734.6
2022-02-26	27734.6
2022-02-27	27734.6
2022-02-28	27958.19
2022-03-01	28030.81
2022-03-02	28204.62
2022-03-03	28330.23
2022-03-04	28144.9
2022-03-05	28144.9
2022-03-06	28144.9
2022-03-07	27983.56
2022-03-08	27636.33
2022-03-09	27917.84
2022-03-10	28124.43
2022-03-11	27985.64
2022-03-12	27985.64
2022-03-13	27985.64
2022-03-14	28241.85
2022-03-15	28013.29
2022-03-16	28377.55
2022-03-17	28613.52
2022-03-18	28803.38
2022-03-19	28803.38
2022-03-20	28803.38
2022-03-21	28719.59
2022-03-22	29010.75
2022-03-23	29039.23
2022-03-24	29114.85
2022-03-25	29162.64
2022-03-26	29162.64
2022-03-27	29162.64
2022-03-28	29179.86
2022-03-29	29343.13
2022-03-30	29496.46
2022-03-31	29524.89
2022-04-01	29531.12
2022-04-02	29531.12
2022-04-03	29531.12
2022-04-04	29617.13
2022-04-05	29584.09
2022-04-06	29437.8
2022-04-07	29289.8
2022-04-08	29443.35
2022-04-09	29443.35
2022-04-10	29443.35
2022-04-11	29411.42
2022-04-12	29329.23
2022-04-13	29446.62
2022-04-14	29592.71
2022-04-15	29592.58
2022-04-16	29592.58
2022-04-17	29592.58
2022-04-18	29592.21
2022-04-19	29766.17
2022-04-20	29725.47
2022-04-21	29819.27
2022-04-22	29360.64
2022-04-23	29360.64
2022-04-24	29360.64
2022-04-25	29360.28
2022-04-26	28806.58
2022-04-27	28712.72
2022-04-28	29042.49
2022-04-29	29195.36
2022-04-30	29195.36
2022-05-01	29195.36
2022-05-02	28882.14
2022-05-03	28799.13
2022-05-04	28745.2
2022-05-05	28991.67
2022-05-06	28392.47
2022-05-07	28392.47
2022-05-08	28392.47
2022-05-09	28122.99
2022-05-10	27830.83
2022-05-11	27979.62
2022-05-12	27486.35
2022-05-13	28014.47
2022-05-14	28014.47
2022-05-15	28014.47
2022-05-16	27994.97
2022-05-17	28133.05
2022-05-18	28400.11
2022-05-19	27954.72
2022-05-20	28363.42
2022-05-21	28363.42
2022-05-22	28363.42
2022-05-23	28331.32
2022-05-24	28270.38
2022-05-25	28376.65
2022-05-26	28155.35
2022-05-27	28494.98
2022-05-28	28494.98
2022-05-29	28494.98
2022-05-30	28841.24
2022-05-31	28577.94
2022-06-01	28650.21
2022-06-02	28402.83
2022-06-03	28664.5
2022-06-04	28664.5
2022-06-05	28664.5
2022-06-06	28477.81
2022-06-07	28111.17
2022-06-08	28297.78
2022-06-09	27848.75
2022-06-10	27559.04
2022-06-11	27559.04
2022-06-12	27559.04
2022-06-13	27558.69
2022-06-14	26679.7
2022-06-15	26490.11
2022-06-16	26435.6
2022-06-17	25971.81
2022-06-18	25971.81
2022-06-19	25971.81
2022-06-20	25772.86
2022-06-21	26189.75
2022-06-22	26108.76
2022-06-23	26138.76
2022-06-24	26292.43
2022-06-25	26292.43
2022-06-26	26292.43
2022-06-27	26760.78
2022-06-28	26986.39
2022-06-29	26790.65
2022-06-30	26586.66
2022-07-01	26560.61
2022-07-02	26560.61
2022-07-03	26560.61
2022-07-04	26866.16
2022-07-05	26882.4
2022-07-06	26623.77
2022-07-07	26968.39
2022-07-08	27070.46
2022-07-09	27070.46
2022-07-10	27070.46
2022-07-11	26737.16
2022-07-12	26749.79
2022-07-13	26762.93
2022-07-14	26932.66
2022-07-15	26694.11
2022-07-16	26694.11
2022-07-17	26694.11
2022-07-18	27063.91
2022-07-19	26894.39
2022-07-20	27310.12
2022-07-21	27331.12
2022-07-22	27370.98
2022-07-23	27370.98
2022-07-24	27370.98
2022-07-25	27378.05
2022-07-26	27467.32
2022-07-27	27425.7
2022-07-28	27723.88
2022-07-29	27943.28
2022-07-30	27943.28
2022-07-31	27943.28
2022-08-01	28118.06
2022-08-02	28066.58
2022-08-03	28021.86
2022-08-04	28030.35
2022-08-05	28228.95
2022-08-06	28228.95
2022-08-07	28228.95
2022-08-08	28280.22
2022-08-09	28319.14
2022-08-10	28181.34
2022-08-11	28501.68
2022-08-12	28334.25
2022-08-13	28334.25
2022-08-14	28334.25
2022-08-15	28496.78
2022-08-16	28673.63
2022-08-17	28800.21
2022-08-18	28711.42
2022-08-19	28762.22
2022-08-20	28762.22
2022-08-21	28762.22
2022-08-22	28497.92
2022-08-23	28258.76
2022-08-24	28428.01
2022-08-25	28565.25
2022-08-26	28745.63
2022-08-27	28745.63
2022-08-28	28745.63
2022-08-29	28228.9
2022-08-30	28432.53
2022-08-31	28354.24
2022-09-01	28084.08
2022-09-02	28047.14
2022-09-03	28047.14
2022-09-04	28047.14
2022-09-05	28204.8
2022-09-06	28054.8
2022-09-07	27736.48
2022-09-08	28312.71
2022-09-09	28451.9
2022-09-10	28451.9
2022-09-11	28451.9
2022-09-12	28732.58
2022-09-13	28865.01
2022-09-14	28195.62
2022-09-15	28395.31
2022-09-16	27882.5
2022-09-17	27882.5
2022-09-18	27882.5
2022-09-19	27941.24
2022-09-20	28275.23
2022-09-21	27804.99
2022-09-22	27804.87
2022-09-23	27359.47
2022-09-24	27359.47
2022-09-25	27359.47
2022-09-26	26950.96
2022-09-27	27219.6
2022-09-28	26994.87
2022-09-29	27365.18
2022-09-30	27011.31
2022-10-01	27011.31
2022-10-02	27011.31
2022-10-03	26984.49
2022-10-04	27901.51
2022-10-05	28145.35
2022-10-06	28200.42
2022-10-07	27955.76
2022-10-08	27955.76
2022-10-09	27955.76
2022-10-10	27642.97
2022-10-11	27628.45
2022-10-12	27642.36
2022-10-13	27577.78
2022-10-14	28046.33
2022-10-15	28046.33
2022-10-16	28046.33
2022-10-17	27614.54
2022-10-18	28116.86
2022-10-19	28146.73
2022-10-20	27925.62
2022-10-21	27769.55
2022-10-22	27769.55
2022-10-23	27769.55
2022-10-24	28175.3
2022-10-25	28117.45
2022-10-26	28216.71
2022-10-27	28424.83
2022-10-28	28105.1
2022-10-29	28105.1
2022-10-30	28105.1
2022-10-31	28426.47
2022-11-01	28871.12
2022-11-02	28938.22
2022-11-03	28343.27
2022-11-04	28590.0
2022-11-05	28590.0
2022-11-06	28590.0
2022-11-07	28761.35
2022-11-08	28770.09
2022-11-09	28943.89
2022-11-10	28738.35
2022-11-11	29550.48
2022-11-12	29550.48
2022-11-13	29550.48
2022-11-14	29353.13
2022-11-15	29431.77
2022-11-16	29393.99
2022-11-17	29426.8
2022-11-18	29495.04
2022-11-19	29495.04
2022-11-20	29495.04
2022-11-21	29417.97
2022-11-22	29631.16
2022-11-23	29746.13
2022-11-24	29773.86
2022-11-25	29847.97
2022-11-26	29847.97
2022-11-27	29847.97
2022-11-28	29699.35
2022-11-29	29856.55
2022-11-30	29960.81
2022-12-01	30196.22
2022-12-02	29964.07
2022-12-03	29964.07
2022-12-04	29964.07
2022-12-05	30159.61
2022-12-06	29974.58
2022-12-07	29801.21
2022-12-08	29598.34
2022-12-09	29785.77
2022-12-10	29785.77
2022-12-11	29785.77
2022-12-12	29574.46
2022-12-13	29675.83
2022-12-14	29841.54
2022-12-15	29630.8
2022-12-16	29488.78
2022-12-17	29488.78
2022-12-18	29488.78
2022-12-19	29449.35
2022-12-20	29025.53
2022-12-21	29463.43
2022-12-22	29405.47
2022-12-23	29252.75
2022-12-24	29252.75
2022-12-25	29252.75
2022-12-26	29252.41
2022-12-27	29252.29
2022-12-28	29194.1
2022-12-29	28964.79
2022-12-30	29139.57
2022-12-31	29139.57
2023-01-01	29139.57
2023-01-02	29139.22
2023-01-03	28771.49
2023-01-04	29289.94
2023-01-05	29230.5
2023-01-06	29472.79
2023-01-07	29472.79
2023-01-08	29472.79
2023-01-09	29571.94
2023-01-10	29481.79
2023-01-11	29786.96
2023-01-12	30055.23
2023-01-13	30170.15
2023-01-14	30170.15
2023-01-15	30170.15
2023-01-16	30410.57
2023-01-17	30357.58
2023-01-18	30422.89
2023-01-19	30588.73
2023-01-20	30648.95
2023-01-21	30648.95
2023-01-22	30648.95
2023-01-23	30621.97
2023-01-24	30788.98
2023-01-25	30697.76
2023-01-26	30697.64
2023-01-27	30850.78
2023-01-28	30850.78
2023-01-29	30850.78
2023-01-30	30778.91
2023-01-31	30785.75
2023-02-01	30850.71
2023-02-02	30857.68
2023-02-03	31030.82
2023-02-04	31030.82
2023-02-05	31030.82
2023-02-06	30957.59
2023-02-07	30846.23
2023-02-08	30960.5
2023-02-09	30789.75
2023-02-10	30627.85
2023-02-11	30627.85
2023-02-12	30627.85
2023-02-13	30596.25
2023-02-14	30587.91
2023-02-15	30305.82
2023-02-16	30584.07
2023-02-17	30312.97
2023-02-18	30312.97
2023-02-19	30312.97
2023-02-20	30370.62
2023-02-21	30280.57
2023-02-22	30252.19
2023-02-23	30086.41
2023-02-24	30164.37
2023-02-25	30164.37
2023-02-26	30164.37
2023-02-27	29824.86
2023-02-28	30039.07
2023-03-01	30006.85
2023-03-02	30113.97
2023-03-03	30177.81
2023-03-04	30177.81
2023-03-05	30177.81
2023-03-06	30330.66
2023-03-07	30462.66
2023-03-08	30288.12
2023-03-09	30478.23
2023-03-10	29806.13
2023-03-11	29806.13
2023-03-12	29806.13
2023-03-13	29696.07
2023-03-14	29458.48
2023-03-15	29647.81
2023-03-16	29101.72
2023-03-17	29363.97
2023-03-18	29363.97
2023-03-19	29363.97
2023-03-20	28918.01
2023-03-21	29234.99
2023-03-22	29365.7
2023-03-23	29160.8
2023-03-24	29199.72
2023-03-25	29199.72
2023-03-26	29199.72
2023-03-27	29189.18
2023-03-28	29491.9
2023-03-29	29502.75
2023-03-30	29794.06
2023-03-31	29973.23
2023-04-01	29973.23
2023-04-02	29973.23
2023-04-03	30121.25
2023-04-04	30142.53
2023-04-05	30140.04
2023-04-06	30090.73
2023-04-07	30090.61
2023-04-08	30090.61
2023-04-09	30090.61
2023-04-10	30090.25
2023-04-11	30421.47
2023-04-12	30534.4
2023-04-13	30456.93
2023-04-14	30624.25
2023-04-15	30624.25
2023-04-16	30624.25
2023-04-17	30678.57
2023-04-18	30629.29
2023-04-19	30705.91
2023-04-20	30623.94
2023-04-21	30503.47
2023-04-22	30503.47
2023-04-23	30503.47
2023-04-24	30470.17
2023-04-25	30470.05
2023-04-26	30424.34
2023-04-27	30335.24
2023-04-28	30393.64
2023-04-29	30393.64
2023-04-30	30393.64
2023-05-01	30486.3
2023-05-02	30236.59
2023-05-03	30011.14
2023-05-04	30034.35
2023-05-05	30103.41
2023-05-06	30103.41
2023-05-07	30103.41
2023-05-08	30314.7
2023-05-09	30249.88
2023-05-10	30268.3
2023-05-11	30268.52
2023-05-12	30290.16
2023-05-13	30290.16
2023-05-14	30290.16
2023-05-15	30391.1
2023-05-16	30260.62
2023-05-17	30158.37
2023-05-18	30365.84
2023-05-19	30474.66
2023-05-20	30474.66
2023-05-21	30474.66
2023-05-22	30435.86
2023-05-23	30422.82
2023-05-24	30240.92
2023-05-25	29954.96
2023-05-26	30083.3
2023-05-27	30083.3
2023-05-28	30083.3
2023-05-29	30283.25
2023-05-30	30212.01
2023-05-31	29776.34
2023-06-01	29939.96
2023-06-02	30059.31
2023-06-03	30059.31
2023-06-04	30059.31
2023-06-05	30275.19
2023-06-06	29936.7
2023-06-07	29924.44
2023-06-08	29901.09
2023-06-09	29941.01
2023-06-10	29941.01
2023-06-11	29941.01
2023-06-12	29940.65
2023-06-13	29935.46
2023-06-14	30117.33
2023-06-15	30150.65
2023-06-16	30412.94
2023-06-17	30412.94
2023-06-18	30412.94
2023-06-19	30486.67
2023-06-20	30727.3
2023-06-21	30540.98
2023-06-22	30125.18
2023-06-23	29815.94
2023-06-24	29815.94
2023-06-25	29815.94
2023-06-26	29756.29
2023-06-27	29884.54
2023-06-28	30135.41
2023-06-29	30147.55
2023-06-30	30191.39
2023-07-01	30191.39
2023-07-02	30191.39
2023-07-03	30395.95
2023-07-04	30464.15
2023-07-05	30360.05
2023-07-06	30031.23
2023-07-07	29667.52
2023-07-08	29667.52
2023-07-09	29667.52
2023-07-10	29626.64
2023-07-11	30086.69
2023-07-12	30117.84
2023-07-13	30473.0
2023-07-14	30618.75
2023-07-15	30618.75
2023-07-16	30618.75
2023-07-17	30513.76
2023-07-18	30450.01
2023-07-19	30639.87
2023-07-20	30631.62
2023-07-21	30569.53
2023-07-22	30569.53
2023-07-23	30569.53
2023-07-24	30497.54
2023-07-25	30654.74
2023-07-26	30881.45
2023-07-27	31001.67
2023-07-28	30868.37
2023-07-29	30868.37
2023-07-30	30868.37
2023-07-31	30960.33
2023-08-01	31113.63
2023-08-02	30734.38
2023-08-03	30654.61
2023-08-04	30707.6
2023-08-05	30707.6
2023-08-06	30707.6
2023-08-07	30603.67
2023-08-08	30631.07
2023-08-09	30744.26
2023-08-10	30822.54
2023-08-11	30734.26
2023-08-12	30734.26
2023-08-13	30734.26
2023-08-14	30567.3
2023-08-15	30696.47
2023-08-16	30306.03
2023-08-17	30185.85
2023-08-18	30213.73
2023-08-19	30213.73
2023-08-20	30213.73
2023-08-21	30040.09
2023-08-22	30102.75
2023-08-23	30256.45
2023-08-24	30356.15
2023-08-25	30081.27
2023-08-26	30081.27
2023-08-27	30081.27
2023-08-28	30326.3
2023-08-29	30499.37
2023-08-30	30841.65
2023-08-31	30876.28
2023-09-01	30855.25
2023-09-02	30855.25
2023-09-03	30855.25
2023-09-04	31109.58
2023-09-05	31042.25
2023-09-06	30858.81
2023-09-07	30569.6
2023-09-08	30528.27
2023-09-09	30528.27
2023-09-10	30528.27
2023-09-11	30679.07
2023-09-12	30701.74
2023-09-13	30496.52
2023-09-14	30679.43
2023-09-15	30995.91
2023-09-16	30995.91
2023-09-17	30995.91
2023-09-18	30750.69
2023-09-19	30650.05
2023-09-20	30521.68
2023-09-21	30193.69
2023-09-22	30260.17
2023-09-23	30260.17
2023-09-24	30260.17
2023-09-25	30240.46
2023-09-26	30065.64
2023-09-27	30075.93
2023-09-28	30084.01
2023-09-29	30192.46
2023-09-30	30192.46
2023-10-01	30192.46
2023-10-02	30141.59
2023-10-03	29754.39
2023-10-04	29621.24
2023-10-05	29704.46
2023-10-06	29759.58
2023-10-07	29759.58
2023-10-08	29759.58
2023-10-09	29802.73
2023-10-10	30052.04
2023-10-11	30224.89
2023-10-12	30263.3
2023-10-13	30081.27
2023-10-14	30081.27
2023-10-15	30081.27
2023-10-16	30010.4
2023-10-17	30083.06
2023-10-18	30156.37
2023-10-19	29768.39
2023-10-20	29512.17
2023-10-21	29512.17
2023-10-22	29512.17
2023-10-23	29316.66
2023-10-24	29409.99
2023-10-25	29389.66
2023-10-26	29264.26
2023-10-27	29318.63
2023-10-28	29318.63
2023-10-29	29318.63
2023-10-30	29066.84
2023-10-31	29116.03
2023-11-01	29338.83
2023-11-02	29519.39
2023-11-03	29857.62
2023-11-04	29857.62
2023-11-05	29857.62
2023-11-06	29898.18
2023-11-07	29822.76
2023-11-08	29889.93
2023-11-09	30058.63
2023-11-10	29869.94
2023-11-11	29869.94
2023-11-12	29869.94
2023-11-13	29798.57
2023-11-14	30079.94
2023-11-15	30411.22
2023-11-16	30246.14
2023-11-17	30293.06
2023-11-18	30293.06
2023-11-19	30293.06
2023-11-20	30324.54
2023-11-21	30413.64
2023-11-22	30390.18
2023-11-23	30200.19
2023-11-24	30304.99
2023-11-25	30304.99
2023-11-26	30304.99
2023-11-27	30035.02
2023-11-28	30197.17
2023-11-29	30239.5
2023-11-30	30459.64
2023-12-01	30389.39
2023-12-02	30389.39
2023-12-03	30389.39
2023-12-04	30605.92
2023-12-05	30321.44
2023-12-06	30854.14
2023-12-07	30721.51
2023-12-08	30845.6
2023-12-09	30845.6
2023-12-10	30845.6
2023-12-11	30836.65
2023-12-12	30974.58
2023-12-13	30997.55
2023-12-14	31496.35
2023-12-15	31725.59
2023-12-16	31725.59
2023-12-17	31725.59
2023-12-18	31685.17
2023-12-19	31988.57
2023-12-20	32121.13
2023-12-21	31995.53
2023-12-22	32013.85
2023-12-23	32013.85
2023-12-24	32013.85
2023-12-25	32013.41
2023-12-26	32013.26
2023-12-27	32252.98
2023-12-28	32504.78
2023-12-29	32342.58
2023-12-30	32342.58
2023-12-31	32342.58
2024-01-01	32342.14
2024-01-02	32547.53
2024-01-03	32059.95
2024-01-04	32027.72
2024-01-05	32000.57
2024-01-06	32000.57
2024-01-07	32000.57
2024-01-08	31782.71
2024-01-09	32083.23
2024-01-10	31807.42
2024-01-11	32052.86
2024-01-12	31973.85
2024-01-13	31973.85
2024-01-14	31973.85
2024-01-15	31982.96
2024-01-16	31694.02
2024-01-17	31655.02
2024-01-18	31388.03
2024-01-19	31703.77
2024-01-20	31703.77
2024-01-21	31703.77
2024-01-22	31825.05
2024-01-23	31966.87
2024-01-24	32019.93
2024-01-25	32119.39
2024-01-26	32119.24
2024-01-27	32119.24
2024-01-28	32119.24
2024-01-29	32199.62
2024-01-30	32318.6
2024-01-31	32632.65
2024-02-01	32234.42
2024-02-02	32751.14
2024-02-03	32751.14
2024-02-04	32751.14
2024-02-05	32308.75
2024-02-06	32276.4
2024-02-07	32471.6
2024-02-08	32510.53
2024-02-09	32557.92
2024-02-10	32557.92
2024-02-11	32557.92
2024-02-12	32478.53
2024-02-13	32483.5
2024-02-14	32249.06
2024-02-15	32494.14
2024-02-16	32608.93
2024-02-17	32608.93
2024-02-18	32608.93
2024-02-19	32649.87
2024-02-20	32629.64
2024-02-21	32525.92
2024-02-22	32554.16
2024-02-23	32675.32
2024-02-24	32675.32
2024-02-25	32675.32
2024-02-26	32750.84
2024-02-27	32844.9
2024-02-28	32914.13
2024-02-29	33112.23
2024-03-01	33314.94
2024-03-02	33314.94
2024-03-03	33314.94
2024-03-04	33268.75
2024-03-05	33313.84
2024-03-06	33369.32
2024-03-07	33584.07
2024-03-08	33859.83
2024-03-09	33859.83
2024-03-10	33859.83
2024-03-11	33311.23
2024-03-12	33305.92
2024-03-13	33449.61
2024-03-14	33466.41
2024-03-15	33311.51
2024-03-16	33311.51
2024-03-17	33311.51
2024-03-18	33376.58
2024-03-19	33485.86
2024-03-20	33424.74
2024-03-21	33772.35
2024-03-22	33672.14
2024-03-23	33672.14
2024-03-24	33672.14
2024-03-25	33892.45
2024-03-26	33685.26
2024-03-27	33869.55
2024-03-28	34156.79
2024-03-29	34156.64
2024-03-30	34156.64
2024-03-31	34156.64
2024-04-01	34156.17
2024-04-02	34115.13
2024-04-03	33725.39
2024-04-04	33929.96
2024-04-05	33649.79
2024-04-06	33649.79
2024-04-07	33649.79
2024-04-08	33768.86
2024-04-09	33917.76
2024-04-10	33991.8
2024-04-11	33879.84
2024-04-12	33808.59
2024-04-13	33808.59
2024-04-14	33808.59
2024-04-15	33694.99
2024-04-16	33117.42
2024-04-17	33181.81
2024-04-18	33261.46
2024-04-19	32930.4
2024-04-20	32930.4
2024-04-21	32930.4
2024-04-22	33328.11
2024-04-23	33382.27
2024-04-24	33372.91
2024-04-25	33372.76
2024-04-26	32992.25
2024-04-27	32992.25
2024-04-28	32992.25
2024-04-29	33473.19
2024-04-30	33427.85
2024-05-01	33042.01
2024-05-02	33185.32
2024-05-03	33273.26
2024-05-04	33273.26
2024-05-05	33273.26
2024-05-06	33463.97
2024-05-07	33921.46
2024-05-08	33903.15
2024-05-09	33695.35
2024-05-10	33859.59
2024-05-11	33859.59
2024-05-12	33859.59
2024-05-13	33817.76
2024-05-14	33699.72
2024-05-15	33828.14
2024-05-16	34276.44
2024-05-17	33964.26
2024-05-18	33964.26
2024-05-19	33964.26
2024-05-20	34286.91
2024-05-21	34192.79
2024-05-22	34199.18
2024-05-23	34001.93
2024-05-24	33743.09
2024-05-25	33743.09
2024-05-26	33743.09
2024-05-27	34002.12
2024-05-28	33835.47
2024-05-29	33495.36
2024-05-30	33400.68
2024-05-31	33695.52
2024-06-01	33695.52
2024-06-02	33695.52
2024-06-03	33854.75
2024-06-04	33707.8
2024-06-05	33820.52
2024-06-06	33949.98
2024-06-07	34069.92
2024-06-08	34069.92
2024-06-09	34069.92
2024-06-10	34069.46
2024-06-11	33622.25
2024-06-12	33596.17
2024-06-13	33694.62
2024-06-14	33518.86
2024-06-15	33518.86
2024-06-16	33518.86
2024-06-17	33509.08
2024-06-18	33837.77
2024-06-19	33729.41
2024-06-20	33807.43
2024-06-21	33879.24
2024-06-22	33879.24
2024-06-23	33879.24
2024-06-24	33608.69
2024-06-25	34085.06
2024-06-26	33680.7
2024-06-27	33695.16
2024-06-28	33700.57
2024-06-29	33700.57
2024-06-30	33700.57
2024-07-01	33656.38
2024-07-02	33538.49
2024-07-03	33654.12
2024-07-04	33993.4
2024-07-05	33817.14
2024-07-06	33817.14
2024-07-07	33817.14
2024-07-08	33613.39
2024-07-09	33937.83
2024-07-10	33787.41
2024-07-11	34112.63
2024-07-12	34307.79
2024-07-13	34307.79
2024-07-14	34307.79
2024-07-15	34563.6
2024-07-16	34460.58
2024-07-17	34708.91
2024-07-18	34526.64
2024-07-19	34348.3
2024-07-20	34348.3
2024-07-21	34348.3
2024-07-22	34262.03
2024-07-23	34276.87
2024-07-24	34308.99
2024-07-25	34118.63
2024-07-26	34152.0
2024-07-27	34152.0
2024-07-28	34152.0
2024-07-29	34386.83
2024-07-30	34360.81
2024-07-31	34823.88
2024-08-01	34953.52
2024-08-02	34646.29
2024-08-03	34646.29
2024-08-04	34646.29
2024-08-05	33787.15
2024-08-06	33655.17
2024-08-07	33330.65
2024-08-08	33194.27
2024-08-09	33549.19
2024-08-10	33549.19
2024-08-11	33549.19
2024-08-12	33722.37
2024-08-13	33901.67
2024-08-14	33881.27
2024-08-15	34002.03
2024-08-16	34377.84
2024-08-17	34377.84
2024-08-18	34377.84
2024-08-19	34445.3
2024-08-20	34609.38
2024-08-21	34639.83
2024-08-22	34729.58
2024-08-23	34724.49
2024-08-24	34724.49
2024-08-25	34724.49
2024-08-26	34910.02
2024-08-27	34970.33
2024-08-28	34970.85
2024-08-29	34828.56
2024-08-30	35018.4
2024-08-31	35018.4
2024-09-01	35018.4
2024-09-02	35075.33
2024-09-03	35176.64
2024-09-04	34735.19
2024-09-05	34728.22
2024-09-06	34662.98
2024-09-07	34662.98
2024-09-08	34662.98
2024-09-09	34791.31
2024-09-10	34796.01
2024-09-11	34844.32
2024-09-12	35112.79
2024-09-13	35317.34
2024-09-14	35317.34
2024-09-15	35317.34
2024-09-16	35331.2
2024-09-17	35455.19
2024-09-18	35479.89
2024-09-19	35613.55
2024-09-20	35742.4
2024-09-21	35742.4
2024-09-22	35742.4
2024-09-23	35654.39
2024-09-24	35645.72
2024-09-25	35641.91
2024-09-26	35917.34
2024-09-27	35969.82
2024-09-28	35969.82
2024-09-29	35969.82
2024-09-30	36116.39
2024-10-01	36097.84
2024-10-02	35979.64
2024-10-03	36000.51
2024-10-04	35865.31
2024-10-05	35865.31
2024-10-06	35865.31
2024-10-07	36011.2
2024-10-08	35828.51
2024-10-09	35940.77
2024-10-10	36073.26
2024-10-11	36171.22
2024-10-12	36171.22
2024-10-13	36171.22
2024-10-14	36218.98
2024-10-15	36465.55
2024-10-16	36382.88
2024-10-17	36505.01
2024-10-18	36253.44
2024-10-19	36253.44
2024-10-20	36253.44
2024-10-21	36278.44
2024-10-22	36004.55
2024-10-23	35817.24
2024-10-24	35823.49
2024-10-25	35790.28
2024-10-26	35790.28
2024-10-27	35790.28
2024-10-28	35855.44
2024-10-29	35942.52
2024-10-30	35820.28
2024-10-31	35681.77
2024-11-01	35599.28
2024-11-02	35599.28
2024-11-03	35599.28
2024-11-04	35674.12
2024-11-05	35588.49
2024-11-06	35736.51
2024-11-07	35957.7
2024-11-08	36215.47
2024-11-09	36215.47
2024-11-10	36215.47
2024-11-11	36148.16
2024-11-12	36198.62
2024-11-13	36077.22
2024-11-14	36089.06
2024-11-15	36221.45
2024-11-16	36221.45
2024-11-17	36221.45
2024-11-18	36317.99
2024-11-19	36517.73
2024-11-20	36384.29
2024-11-21	36381.03
2024-11-22	36575.88
2024-11-23	36575.88
2024-11-24	36575.88
2024-11-25	36556.21
2024-11-26	36387.66
2024-11-27	36707.33
2024-11-28	36749.73
2024-11-29	36768.34
2024-11-30	36768.34
2024-12-01	36768.34
2024-12-02	36877.8
2024-12-03	37024.61
2024-12-04	36854.13
2024-12-05	37006.97
2024-12-06	36766.54
2024-12-07	36766.54
2024-12-08	36766.54
2024-12-09	36828.55
2024-12-10	36689.87
2024-12-11	36546.81
2024-12-12	36357.51
2024-12-13	36217.05
2024-12-14	36217.05
2024-12-15	36217.05
2024-12-16	36047.27
2024-12-17	36262.8
2024-12-18	36256.81
2024-12-19	35717.71
2024-12-20	35348.49
2024-12-21	35348.49
2024-12-22	35348.49
2024-12-23	35833.6
2024-12-24	35869.38
2024-12-25	35869.98
2024-12-26	35870.59
2024-12-27	36027.34
2024-12-28	36027.34
2024-12-29	36027.34
2024-12-30	35979.38
2024-12-31	35755.12
2025-01-01	35755.73
2025-01-02	35944.8
2025-01-03	36053.54
2025-01-04	36053.54
2025-01-05	36053.54
2025-01-06	36012.57
2025-01-07	36133.05
2025-01-08	36385.83
2025-01-09	36262.29
2025-01-10	36246.0
2025-01-11	36246.0
2025-01-12	36246.0
2025-01-13	35881.83
2025-01-14	35978.44
2025-01-15	35881.21
2025-01-16	36310.84
2025-01-17	36281.91
2025-01-18	36281.91
2025-01-19	36281.91
2025-01-20	36458.11
2025-01-21	36696.8
2025-01-22	36769.23
2025-01-23	36554.07
2025-01-24	36664.98
2025-01-25	36664.98
2025-01-26	36664.98
2025-01-27	36666.85
2025-01-28	36630.88
2025-01-29	36897.44
2025-01-30	37025.91
2025-01-31	37220.02
2025-02-01	37220.02
2025-02-02	37220.02
2025-02-03	36628.76
2025-02-04	36762.9
2025-02-05	36828.02
2025-02-06	37186.66
2025-02-07	37150.29
2025-02-08	37150.29
2025-02-09	37150.29
2025-02-10	37074.3
2025-02-11	37147.46
2025-02-12	37293.96
2025-02-13	37232.72
2025-02-14	37336.87
2025-02-15	37336.87
2025-02-16	37336.87
2025-02-17	37375.36
2025-02-18	37291.29
2025-02-19	37162.17
2025-02-20	36881.12
2025-02-21	36854.01
2025-02-22	36854.01
2025-02-23	36854.01
2025-02-24	36828.08
2025-02-25	36549.19
2025-02-26	36444.12
2025-02-27	36600.57
2025-02-28	36168.25
2025-03-01	36168.25
2025-03-02	36168.25
2025-03-03	36509.79
2025-03-04	36258.73
2025-03-05	36037.54
2025-03-06	35893.99
2025-03-07	35327.59
2025-03-08	35327.59
2025-03-09	35327.59
2025-03-10	35414.23
2025-03-11	35152.1
2025-03-12	34737.52
2025-03-13	34574.7
2025-03-14	34788.47
2025-03-15	34788.47
2025-03-16	34788.47
2025-03-17	35056.6
2025-03-18	35102.57
2025-03-19	34991.31
2025-03-20	35300.1
2025-03-21	35342.64
2025-03-22	35342.64
2025-03-23	35342.64
2025-03-24	35336.7
2025-03-25	35343.23
2025-03-26	35533.99
2025-03-27	35378.38
2025-03-28	35431.51
2025-03-29	35431.51
2025-03-30	35431.51
2025-03-31	34790.97
2025-04-01	35131.83
2025-04-02	35007.13
2025-04-03	34710.44
2025-04-04	34034.13
2025-04-05	34034.13
2025-04-06	34034.13
2025-04-07	32758.0
2025-04-08	33535.54
2025-04-09	32775.26
2025-04-10	34129.76
2025-04-11	33864.71
2025-04-12	33864.71
2025-04-13	33864.71
2025-04-14	34317.68
2025-04-15	34298.3
2025-04-16	34264.32
2025-04-17	34575.87
2025-04-18	34576.46
2025-04-19	34576.46
2025-04-20	34576.46
2025-04-21	34578.21
2025-04-22	34542.29
2025-04-23	34932.3
2025-04-24	35136.78
2025-04-25	35137.37
2025-04-26	35137.37
2025-04-27	35137.37
2025-04-28	35263.74
2025-04-29	35605.24
2025-04-30	35787.57
2025-05-01	35935.89
2025-05-02	36254.18
2025-05-03	36254.18
2025-05-04	36254.18
2025-05-05	35904.38
2025-05-06	35905.9
2025-05-07	36039.67
2025-05-08	36160.62
2025-05-09	36308.13
2025-05-10	36308.13
2025-05-11	36308.13
2025-05-12	36381.09
2025-05-13	36546.37
2025-05-14	36649.96
2025-05-15	36628.06
2025-05-16	36785.87
2025-05-17	36785.87
2025-05-18	36785.87
2025-05-19	36591.36
2025-05-20	36810.47
2025-05-21	36967.23
2025-05-22	36785.6
2025-05-23	36819.54
2025-05-24	36819.54
2025-05-25	36819.54
2025-05-26	36841.51
2025-05-27	36977.96
2025-05-28	36997.63
2025-05-29	37046.91
2025-05-30	37150.94
2025-05-31	37150.94
2025-06-01	37150.94
2025-06-02	37067.27
2025-06-03	37230.96
2025-06-04	37479.63
2025-06-05	37500.8
2025-06-06	37406.93
2025-06-07	37406.93
2025-06-08	37406.93
2025-06-09	37408.84
2025-06-10	37644.33
2025-06-11	37645.98
2025-06-12	37538.03
2025-06-13	37496.86
2025-06-14	37496.86
2025-06-15	37496.86
2025-06-16	37428.47
2025-06-17	37394.52
2025-06-18	37364.92
2025-06-19	37323.8
2025-06-20	37266.05
2025-06-21	37266.05
2025-06-22	37266.05
2025-06-23	37212.46
2025-06-24	37534.55
2025-06-25	37575.52
2025-06-26	37629.33
2025-06-27	37602.17
2025-06-28	37602.17
2025-06-29	37602.17
2025-06-30	37701.32
2025-07-01	37759.17
2025-07-02	37975.64
2025-07-03	37890.4
2025-07-04	37876.54
2025-07-05	37876.54
2025-07-06	37876.54
2025-07-07	37837.83
2025-07-08	37874.8
2025-07-09	37665.71
2025-07-10	37950.8
2025-07-11	37879.26
2025-07-12	37879.26
2025-07-13	37879.26
2025-07-14	37836.07
2025-07-15	38017.21
2025-07-16	37794.0
2025-07-17	38068.26
2025-07-18	38485.98
2025-07-19	38485.98
2025-07-20	38485.98
2025-07-21	38231.5
2025-07-22	38240.58
2025-07-23	38454.39
2025-07-24	38366.65
2025-07-25	38232.06
2025-07-26	38232.06
2025-07-27	38232.06
2025-07-28	38347.31
2025-07-29	38431.63
2025-07-30	38582.18
2025-07-31	38498.05
2025-08-01	38281.61
2025-08-02	38281.61
2025-08-03	38281.61
2025-08-04	38352.89
2025-08-05	38675.23
2025-08-06	38965.59
2025-08-07	39014.74
2025-08-08	38941.67
2025-08-09	38941.67
2025-08-10	38941.67
2025-08-11	39061.6
2025-08-12	39143.14
2025-08-13	38964.72
2025-08-14	39170.57
2025-08-15	39487.25
2025-08-16	39487.25
2025-08-17	39487.25
2025-08-18	39536.69
2025-08-19	39345.31
2025-08-20	39455.21
2025-08-21	39865.41
2025-08-22	39640.34
2025-08-23	39640.34
2025-08-24	39640.34
2025-08-25	39705.4
2025-08-26	39636.6
2025-08-27	39777.51
2025-08-28	39802.73
2025-08-29	39849.05
2025-08-30	39849.05
2025-08-31	39849.05
2025-09-01	39710.27
2025-09-02	39648.94
2025-09-03	39085.32
2025-09-04	39477.56
2025-09-05	39612.17
2025-09-06	39612.17
2025-09-07	39612.17
2025-09-08	39568.72
2025-09-09	39473.01
2025-09-10	39551.95
2025-09-11	39496.23
2025-09-12	39713.52
2025-09-13	39713.52
2025-09-14	39713.52
2025-09-15	39688.09
2025-09-16	39788.98
2025-09-17	39568.44
2025-09-18	39335.41
2025-09-19	39519.5
2025-09-20	39519.5
2025-09-21	39519.5
2025-09-22	39702.1
2025-09-23	39825.91
2025-09-24	39536.43
2025-09-25	39592.83
2025-09-26	39651.2
2025-09-27	39651.2
2025-09-28	39651.2
2025-09-29	39883.83
2025-09-30	39893.43
2025-10-01	39885.36
2025-10-02	40306.52
2025-10-03	40417.01
2025-10-04	40417.01
2025-10-05	40417.01
2025-10-06	40472.07
2025-10-07	40377.51
2025-10-08	40334.33
2025-10-09	40457.77
2025-10-10	40351.6
2025-10-11	40351.6
2025-10-12	40351.6
2025-10-13	40106.24
2025-10-14	40199.02
2025-10-15	40521.83
2025-10-16	40799.3
2025-10-17	40489.6
2025-10-18	40489.6
2025-10-19	40489.6
2025-10-20	40647.61
2025-10-21	40833.2
2025-10-22	40529.34
2025-10-23	40672.34
2025-10-24	40553.46
2025-10-25	40553.46
2025-10-26	40553.46
2025-10-27	40681.63
2025-10-28	40450.83
2025-10-29	40139.39
2025-10-30	39958.53
2025-10-31	39954.59
2025-11-01	39954.59
2025-11-02	39954.59
2025-11-03	39945.33
2025-11-04	39617.41
2025-11-05	39603.33
2025-11-06	39754.29
2025-11-07	39436.72
2025-11-08	39436.72
2025-11-09	39436.72
2025-11-10	39687.05
2025-11-11	39716.17
2025-11-12	39673.15
2025-11-13	39508.24
2025-11-14	38998.03
2025-11-15	38998.03
2025-11-16	38998.03
2025-11-17	39001.11
2025-11-18	38293.0
2025-11-19	38329.51
2025-11-20	38609.61
2025-11-21	37994.05
2025-11-22	37994.05
2025-11-23	37994.05
2025-11-24	38500.92
2025-11-25	38544.79
2025-11-26	38868.3
2025-11-27	38893.34
2025-11-28	38984.06
2025-11-29	38984.06
2025-11-30	38984.06
2025-12-01	38789.91
2025-12-02	38869.59
2025-12-03	38857.02
2025-12-04	38884.97
2025-12-05	38959.23
2025-12-06	38959.23
2025-12-07	38959.23
2025-12-08	38871.42
2025-12-09	38708.25
2025-12-10	38700.77
2025-12-11	38753.31
2025-12-12	39140.83
2025-12-13	39140.83
2025-12-14	39140.83
2025-12-15	38857.32
2025-12-16	38811.44
2025-12-17	38732.62
2025-12-18	38701.15
2025-12-19	38872.86
2025-12-20	38872.86
2025-12-21	38872.86
2025-12-22	39280.35
2025-12-23	39626.2
2025-12-24	39553.01
2025-12-25	39553.66
2025-12-26	39554.31
2025-12-27	39554.31
2025-12-28	39554.31
2025-12-29	39351.86
2025-12-30	39391.09
2025-12-31	39416.89
2026-01-01	39417.54
2026-01-02	39453.24
2026-01-03	39453.24
2026-01-04	39453.24
2026-01-05	39450.76
2026-01-06	39292.87
2026-01-07	39327.87
2026-01-08	39422.78
2026-01-09	39468.72
2026-01-10	39468.72
2026-01-11	39468.72
2026-01-12	39624.34
2026-01-13	39803.75
2026-01-14	39865.66
2026-01-15	39985.23
2026-01-16	40115.19
2026-01-17	40115.19
2026-01-18	40115.19
2026-01-19	40046.44
2026-01-20	39805.31
2026-01-21	39744.42
2026-01-22	39888.91
2026-01-23	40018.1
2026-01-24	40018.1
2026-01-25	40018.1
2026-01-26	40020.07
2026-01-27	40332.93
2026-01-28	40286.93
2026-01-29	40223.68
2026-01-30	39831.95
2026-01-31	39831.95
2026-02-01	39831.95
2026-02-02	39468.44
2026-02-03	39753.98
2026-02-04	40021.21
2026-02-05	39694.78
2026-02-06	38958.4
2026-02-07	38958.4
2026-02-08	38958.4
2026-02-09	39526.83
2026-02-10	39475.22
2026-02-11	40099.83
2026-02-12	40230.62
2026-02-13	39663.8
2026-02-14	39663.8
2026-02-15	39663.8
2026-02-16	39619.99
2026-02-17	39732.9
2026-02-18	39954.02
2026-02-19	40315.71
2026-02-20	40286.24
2026-02-21	40286.24
2026-02-22	40286.24
2026-02-23	40110.16
2026-02-24	40080.16
2026-02-25	40458.83
2026-02-26	40644.87
2026-02-27	40813.7
2026-02-28	40813.7
2026-03-01	40813.7
2026-03-02	40973.12
2026-03-03	40312.91
2026-03-04	39624.03
2026-03-05	39921.09
2026-03-06	39466.22
2026-03-07	39466.22
2026-03-08	39466.22
2026-03-09	38455.12
2026-03-10	38938.38
2026-03-11	39143.07
2026-03-12	38667.8
2026-03-13	38537.61
2026-03-14	38537.61
2026-03-15	38537.61
2026-03-16	38319.54
2026-03-17	38416.6
2026-03-18	38485.36
2026-03-19	37892.41
2026-03-20	37639.73
2026-03-21	37639.73
2026-03-22	37639.73
2026-03-23	37281.32
2026-03-24	37400.04
2026-03-25	37943.72
2026-03-26	37909.96
2026-03-27	37916.86
2026-03-28	37916.86
2026-03-29	37916.86
2026-03-30	37713.93
2026-03-31	37690.99
2026-04-01	38514.07
2026-04-02	38023.09
2026-04-03	38023.73
2026-04-04	38023.73
2026-04-05	38023.73
2026-04-06	38025.62
2026-04-07	38695.03
2026-04-08	39594.65
2026-04-09	39798.8
2026-04-10	39770.59
2026-04-11	39770.59
2026-04-12	39770.59
2026-04-13	39609.47
2026-04-14	39763.84
2026-04-15	39779.75
2026-04-16	39741.12
2026-04-17	39780.88
2026-04-18	39780.88
2026-04-19	39780.88
2026-04-20	39822.76
2026-04-21	39798.53
2026-04-22	39468.16
2026-04-23	39245.31
2026-04-24	39147.04
2026-04-25	39147.04
2026-04-26	39147.04
2026-04-27	39069.07
2026-04-28	38884.96
2026-04-29	38793.82
2026-04-30	38615.3
2026-05-01	38861.2
2026-05-02	38861.2
2026-05-03	38861.2
2026-05-04	38677.25
2026-05-05	38655.54
2026-05-06	39064.01
2026-05-07	39449.07
2026-05-08	39029.33
2026-05-09	39029.33
2026-05-10	39029.33
2026-05-11	39004.28
2026-05-12	38967.94
2026-05-13	38839.41
2026-05-14	38811.38
2026-05-15	38695.92
2026-05-16	38695.92
2026-05-17	38695.92
2026-05-18	38242.0
2026-05-19	38627.65
2026-05-20	38128.9
2026-05-21	38635.87
2026-05-22	38773.89
2026-05-23	38773.89
2026-05-24	38773.89
2026-05-25	38961.89
2026-05-26	38822.78
2026-05-27	39111.2
2026-05-28	38620.46
2026-05-29	39279.65
2026-05-30	39279.65
2026-05-31	39279.65
2026-06-01	39256.61
2026-06-02	39298.71
2026-06-03	39556.05
2026-06-04	39115.5
2026-06-05	38851.25
2026-06-06	38851.25
2026-06-07	38851.25
2026-06-08	38853.18
2026-06-09	38764.31
2026-06-10	38910.02
2026-06-11	38817.47
2026-06-12	39389.29
2026-06-13	39389.29
2026-06-14	39389.29
2026-06-15	39812.78
2026-06-16	39921.81
2026-06-17	40156.32
2026-06-18	39973.62
2026-06-19	39581.17
2026-06-20	39581.17
2026-06-21	39581.17
2026-06-22	39521.43
2026-06-23	39401.02
2026-06-24	39440.1
2026-06-25	39156.16
2026-06-26	39248.25
2026-06-27	39248.25
2026-06-28	39248.25
2026-06-29	39432.55
2026-06-30	39297.98
2026-07-01	39227.8
2026-07-02	39194.76
2026-07-03	39739.37
2026-07-04	39739.37
2026-07-05	39739.37
2026-07-06	39515.92
2026-07-07	39352.65
2026-07-08	39326.77
2026-07-09	39246.12
2026-07-10	39440.42
2026-07-11	39440.42
2026-07-12	39440.42
2026-07-13	39411.76
2026-07-14	39363.33
2026-07-15	39513.6
2026-07-16	39595.28
2026-07-17	39296.54
2026-07-18	39296.54
2026-07-19	39296.54
2026-07-20	39102.75
2026-07-21	39121.48
2026-07-22	39286.57
2026-07-23	39303.02
2026-07-24	38923.66
2026-07-25	38923.66
2026-07-26	38923.66
2026-07-27	39385.86
2026-07-28	39609.06
2026-07-29	39835.98
2026-07-30	39545.77
2026-07-31	39585.47
2026-08-01	39585.47
2026-08-02	39585.47
2026-08-03	39812.43
2026-08-04	40318.08
2026-08-05	40777.44
2026-08-06	40996.15
2026-08-07	41002.92
2026-08-08	41002.92
2026-08-09	41002.92
2026-08-10	40915.63
2026-08-11	41013.2
2026-08-12	40905.64
2026-08-13	40822.84
2026-08-14	40577.91
2026-08-15	40577.91
2026-08-16	40577.91
2026-08-17	40453.84
2026-08-18	40429.94
2026-08-19	40342.27
2026-08-20	40515.29
2026-08-21	40485.3
2026-08-22	40485.3
2026-08-23	40485.3
2026-08-24	40625.39
2026-08-25	40836.82
2026-08-26	40745.41
2026-08-27	40410.28
2026-08-28	40560.36
2026-08-29	40560.36
2026-08-30	40560.36
2026-08-31	40467.68
2026-09-01	40447.3
2026-09-02	40089.9
2026-09-03	40315.11
2026-09-04	40291.22
2026-09-05	40291.22
2026-09-06	40291.22
2026-09-07	40318.2
2026-09-08	40015.73
2026-09-09	39971.0
2026-09-10	39639.66
2026-09-11	39268.67
2026-09-12	39268.67
2026-09-13	39268.67
2026-09-14	39277.8
2026-09-15	39015.75
2026-09-16	39091.7
