date	value
2004-01-01	10000.0
2004-01-02	9991.3554
2004-01-03	9991.3554
2004-01-04	9991.3554
2004-01-05	9970.2775
2004-01-06	10002.9972
2004-01-07	9991.4799
2004-01-08	9989.0342
2004-01-09	9992.8762
2004-01-10	9992.8762
2004-01-11	9992.8762
2004-01-12	10023.8082
2004-01-13	10014.7723
2004-01-14	10048.6214
2004-01-15	10039.8523
2004-01-16	10036.8641
2004-01-17	10036.8641
2004-01-18	10036.8641
2004-01-19	10063.287
2004-01-20	10057.2483
2004-01-21	10059.4983
2004-01-22	10084.7118
2004-01-23	10102.2589
2004-01-24	10102.2589
2004-01-25	10102.2589
2004-01-26	10102.2589
2004-01-27	10065.964
2004-01-28	10042.7161
2004-01-29	10002.3123
2004-01-30	10007.1683
2004-01-31	10007.1683
2004-02-01	10007.1683
2004-02-02	10049.2707
2004-02-03	10036.3838
2004-02-04	10042.3425
2004-02-05	10036.5884
2004-02-06	10053.1839
2004-02-07	10053.1839
2004-02-08	10053.1839
2004-02-09	10075.8448
2004-02-10	10057.266
2004-02-11	10063.1181
2004-02-12	10107.3994
2004-02-13	10101.1828
2004-02-14	10101.1828
2004-02-15	10101.1828
2004-02-16	10107.5862
2004-02-17	10115.875
2004-02-18	10151.663
2004-02-19	10150.9337
2004-02-20	10154.4734
2004-02-21	10154.4734
2004-02-22	10154.4734
2004-02-23	10133.2265
2004-02-24	10111.0013
2004-02-25	10128.922
2004-02-26	10147.5986
2004-02-27	10165.2791
2004-02-28	10165.2791
2004-02-29	10165.2791
2004-03-01	10228.9575
2004-03-02	10248.1143
2004-03-03	10241.7376
2004-03-04	10258.6266
2004-03-05	10300.2488
2004-03-06	10300.2488
2004-03-07	10300.2488
2004-03-08	10256.0119
2004-03-09	10292.2267
2004-03-10	10286.8905
2004-03-11	10271.8069
2004-03-12	10276.2893
2004-03-13	10276.2893
2004-03-14	10276.2893
2004-03-15	10295.8909
2004-03-16	10312.1929
2004-03-17	10348.9502
2004-03-18	10333.9645
2004-03-19	10318.2228
2004-03-20	10318.2228
2004-03-21	10318.2228
2004-03-22	10286.9795
2004-03-23	10267.4669
2004-03-24	10272.2605
2004-03-25	10310.5831
2004-03-26	10328.3882
2004-03-27	10328.3882
2004-03-28	10328.3882
2004-03-29	10306.1541
2004-03-30	10312.6109
2004-03-31	10341.5063
2004-04-01	10351.565
2004-04-02	10359.3647
2004-04-03	10359.3647
2004-04-04	10359.3647
2004-04-05	10341.1416
2004-04-06	10328.6639
2004-04-07	10330.9673
2004-04-08	10329.0374
2004-04-09	10329.0374
2004-04-10	10329.0374
2004-04-11	10329.0374
2004-04-12	10329.0374
2004-04-13	10346.2999
2004-04-14	10358.1018
2004-04-15	10329.1175
2004-04-16	10341.195
2004-04-17	10341.195
2004-04-18	10341.195
2004-04-19	10373.0786
2004-04-20	10410.6453
2004-04-21	10378.0235
2004-04-22	10384.7293
2004-04-23	10422.4738
2004-04-24	10422.4738
2004-04-25	10422.4738
2004-04-26	10429.2063
2004-04-27	10419.0053
2004-04-28	10410.5564
2004-04-29	10360.4853
2004-04-30	10339.3362
2004-05-01	10339.3362
2004-05-02	10339.3362
2004-05-03	10332.3192
2004-05-04	10335.1562
2004-05-05	10363.6959
2004-05-06	10350.2398
2004-05-07	10351.4138
2004-05-08	10351.4138
2004-05-09	10351.4138
2004-05-10	10266.3107
2004-05-11	10281.1008
2004-05-12	10308.9111
2004-05-13	10311.3302
2004-05-14	10292.4757
2004-05-15	10292.4757
2004-05-16	10292.4757
2004-05-17	10292.7781
2004-05-18	10328.4593
2004-05-19	10344.5123
2004-05-20	10322.1182
2004-05-21	10352.4899
2004-05-22	10352.4899
2004-05-23	10352.4899
2004-05-24	10344.3789
2004-05-25	10342.5202
2004-05-26	10387.8776
2004-05-27	10415.3323
2004-05-28	10426.805
2004-05-29	10426.805
2004-05-30	10426.805
2004-05-31	10470.3749
2004-06-01	10477.5609
2004-06-02	10527.9878
2004-06-03	10526.6004
2004-06-04	10526.4492
2004-06-05	10526.4492
2004-06-06	10526.4492
2004-06-07	10555.6203
2004-06-08	10568.5516
2004-06-09	10549.0212
2004-06-10	10543.3115
2004-06-11	10554.2329
2004-06-12	10554.2329
2004-06-13	10554.2329
2004-06-14	10547.0201
2004-06-15	10543.8095
2004-06-16	10597.2247
2004-06-17	10636.6679
2004-06-18	10652.3384
2004-06-19	10652.3384
2004-06-20	10652.3384
2004-06-21	10665.1719
2004-06-22	10656.2516
2004-06-23	10673.2562
2004-06-24	10651.0933
2004-06-25	10636.5078
2004-06-26	10636.5078
2004-06-27	10636.5078
2004-06-28	10661.0453
2004-06-29	10668.7739
2004-06-30	10717.7066
2004-07-01	10650.0884
2004-07-02	10631.7319
2004-07-03	10631.7319
2004-07-04	10631.7319
2004-07-05	10680.6913
2004-07-06	10688.1264
2004-07-07	10690.1186
2004-07-08	10702.3384
2004-07-09	10697.4914
2004-07-10	10697.4914
2004-07-11	10697.4914
2004-07-12	10686.4277
2004-07-13	10687.5038
2004-07-14	10651.1378
2004-07-15	10644.5565
2004-07-16	10633.4217
2004-07-17	10633.4217
2004-07-18	10633.4217
2004-07-19	10671.7621
2004-07-20	10592.3154
2004-07-21	10610.2716
2004-07-22	10583.1283
2004-07-23	10561.6591
2004-07-24	10561.6591
2004-07-25	10561.6591
2004-07-26	10627.8276
2004-07-27	10654.3751
2004-07-28	10658.5284
2004-07-29	10671.3886
2004-07-30	10702.3028
2004-07-31	10702.3028
2004-08-01	10702.3028
2004-08-02	10732.2654
2004-08-03	10730.9136
2004-08-04	10729.1794
2004-08-05	10708.475
2004-08-06	10669.5387
2004-08-07	10669.5387
2004-08-08	10669.5387
2004-08-09	10678.9482
2004-08-10	10690.2164
2004-08-11	10685.8763
2004-08-12	10652.8365
2004-08-13	10643.5871
2004-08-14	10643.5871
2004-08-15	10643.5871
2004-08-16	10655.3
2004-08-17	10676.5825
2004-08-18	10689.1136
2004-08-19	10687.6639
2004-08-20	10708.5995
2004-08-21	10708.5995
2004-08-22	10708.5995
2004-08-23	10741.7905
2004-08-24	10752.5874
2004-08-25	10755.709
2004-08-26	10777.5696
2004-08-27	10822.6958
2004-08-28	10822.6958
2004-08-29	10822.6958
2004-08-30	10821.1572
2004-08-31	10818.9872
2004-09-01	10801.8492
2004-09-02	10905.9846
2004-09-03	10891.15
2004-09-04	10891.15
2004-09-05	10891.15
2004-09-06	10898.1226
2004-09-07	10916.5058
2004-09-08	10912.8594
2004-09-09	10942.4663
2004-09-10	10949.8124
2004-09-11	10949.8124
2004-09-12	10949.8124
2004-09-13	10976.9557
2004-09-14	10988.4641
2004-09-15	10987.3968
2004-09-16	10982.8967
2004-09-17	11001.342
2004-09-18	11001.342
2004-09-19	11001.342
2004-09-20	10999.003
2004-09-21	11014.7092
2004-09-22	10999.0297
2004-09-23	10980.0507
2004-09-24	10962.9305
2004-09-25	10962.9305
2004-09-26	10962.9305
2004-09-27	10982.7366
2004-09-28	10996.7263
2004-09-29	11028.8589
2004-09-30	11025.426
2004-10-01	11045.8191
2004-10-02	11045.8191
2004-10-03	11045.8191
2004-10-04	11066.4434
2004-10-05	11071.8774
2004-10-06	11081.0467
2004-10-07	11059.8621
2004-10-08	11031.945
2004-10-09	11031.945
2004-10-10	11031.945
2004-10-11	11082.5675
2004-10-12	11086.2406
2004-10-13	11094.316
2004-10-14	11071.2815
2004-10-15	11089.8247
2004-10-16	11089.8247
2004-10-17	11089.8247
2004-10-18	11106.607
2004-10-19	11107.194
2004-10-20	11080.3975
2004-10-21	11089.9492
2004-10-22	11074.1986
2004-10-23	11074.1986
2004-10-24	11074.1986
2004-10-25	11055.104
2004-10-26	11088.1349
2004-10-27	11147.9357
2004-10-28	11181.2245
2004-10-29	11181.3846
2004-10-30	11181.3846
2004-10-31	11181.3846
2004-11-01	11192.2348
2004-11-02	11199.3408
2004-11-03	11237.7079
2004-11-04	11264.0063
2004-11-05	11271.8061
2004-11-06	11271.8061
2004-11-07	11271.8061
2004-11-08	11238.3571
2004-11-09	11239.9046
2004-11-10	11249.91
2004-11-11	11263.9886
2004-11-12	11274.8921
2004-11-13	11274.8921
2004-11-14	11274.8921
2004-11-15	11312.5122
2004-11-16	11293.4442
2004-11-17	11295.1607
2004-11-18	11318.2219
2004-11-19	11296.4503
2004-11-20	11296.4503
2004-11-21	11296.4503
2004-11-22	11278.3518
2004-11-23	11308.1721
2004-11-24	11339.033
2004-11-25	11367.6437
2004-11-26	11377.2489
2004-11-27	11377.2489
2004-11-28	11377.2489
2004-11-29	11411.4982
2004-11-30	11430.157
2004-12-01	11417.5548
2004-12-02	11461.4359
2004-12-03	11448.9404
2004-12-04	11448.9404
2004-12-05	11448.9404
2004-12-06	11478.2182
2004-12-07	11448.4512
2004-12-08	11442.3146
2004-12-09	11436.9429
2004-12-10	11445.0539
2004-12-11	11445.0539
2004-12-12	11445.0539
2004-12-13	11457.8073
2004-12-14	11486.7027
2004-12-15	11491.7009
2004-12-16	11502.7735
2004-12-17	11489.2018
2004-12-18	11489.2018
2004-12-19	11489.2018
2004-12-20	11499.3139
2004-12-21	11515.4024
2004-12-22	11546.5034
2004-12-23	11550.9058
2004-12-24	11655.9839
2004-12-25	11655.9839
2004-12-26	11655.9839
2004-12-27	11639.7887
2004-12-28	11646.4144
2004-12-29	11644.7335
2004-12-30	11652.4087
2004-12-31	11684.4435
2005-01-01	11641.8342
2005-01-02	11641.8342
2005-01-03	11637.6008
2005-01-04	11645.196
2005-01-05	11619.5557
2005-01-06	11620.4539
2005-01-07	11658.741
2005-01-08	11658.741
2005-01-09	11658.741
2005-01-10	11682.149
2005-01-11	11675.5677
2005-01-12	11680.3525
2005-01-13	11669.6268
2005-01-14	11680.8594
2005-01-15	11680.8594
2005-01-16	11680.8594
2005-01-17	11726.7772
2005-01-18	11717.2254
2005-01-19	11685.4396
2005-01-20	11660.6353
2005-01-21	11642.1366
2005-01-22	11642.1366
2005-01-23	11642.1366
2005-01-24	11673.6645
2005-01-25	11690.6157
2005-01-26	11688.8637
2005-01-27	11728.8672
2005-01-28	11713.6947
2005-01-29	11713.6947
2005-01-30	11713.6947
2005-01-31	11728.5114
2005-02-01	11758.5986
2005-02-02	11780.4502
2005-02-03	11784.5857
2005-02-04	11817.6256
2005-02-05	11817.6256
2005-02-06	11817.6256
2005-02-07	11864.655
2005-02-08	11860.3683
2005-02-09	11842.6433
2005-02-10	11829.5074
2005-02-11	11831.0194
2005-02-12	11831.0194
2005-02-13	11831.0194
2005-02-14	11824.8116
2005-02-15	11823.2197
2005-02-16	11835.6352
2005-02-17	11841.0247
2005-02-18	11838.5523
2005-02-19	11838.5523
2005-02-20	11838.5523
2005-02-21	11861.0264
2005-02-22	11827.4619
2005-02-23	11812.1827
2005-02-24	11796.6366
2005-02-25	11843.2303
2005-02-26	11843.2303
2005-02-27	11843.2303
2005-02-28	11875.9855
2005-03-01	11900.5764
2005-03-02	11917.1096
2005-03-03	11930.9125
2005-03-04	11951.3145
2005-03-05	11951.3145
2005-03-06	11951.3145
2005-03-07	11991.2736
2005-03-08	11987.6628
2005-03-09	11980.9036
2005-03-10	11948.3085
2005-03-11	11935.475
2005-03-12	11935.475
2005-03-13	11935.475
2005-03-14	11970.338
2005-03-15	11921.1296
2005-03-16	11922.3836
2005-03-17	11912.2715
2005-03-18	11923.264
2005-03-19	11923.264
2005-03-20	11923.264
2005-03-21	11979.1338
2005-03-22	11942.3053
2005-03-23	11887.9474
2005-03-24	11867.1097
2005-03-25	11869.6622
2005-03-26	11869.6622
2005-03-27	11869.6622
2005-03-28	11869.4932
2005-03-29	11810.2083
2005-03-30	11824.2157
2005-03-31	11854.3118
2005-04-01	11847.2413
2005-04-02	11847.2413
2005-04-03	11847.2413
2005-04-04	11883.1271
2005-04-05	11903.4757
2005-04-06	11913.7301
2005-04-07	11926.1011
2005-04-08	11939.8062
2005-04-09	11939.8062
2005-04-10	11939.8062
2005-04-11	11901.3501
2005-04-12	11908.5362
2005-04-13	11897.2858
2005-04-14	11851.3769
2005-04-15	11772.5438
2005-04-16	11772.5438
2005-04-17	11772.5438
2005-04-18	11720.8629
2005-04-19	11787.6718
2005-04-20	11769.3332
2005-04-21	11779.5697
2005-04-22	11784.7014
2005-04-23	11784.7014
2005-04-24	11784.7014
2005-04-25	11793.257
2005-04-26	11754.1962
2005-04-27	11743.6929
2005-04-28	11721.2009
2005-04-29	11705.219
2005-04-30	11705.219
2005-05-01	11705.219
2005-05-02	11755.388
2005-05-03	11740.7224
2005-05-04	11714.9398
2005-05-05	11722.0369
2005-05-06	11764.335
2005-05-07	11764.335
2005-05-08	11764.335
2005-05-09	11758.643
2005-05-10	11735.0216
2005-05-11	11756.3218
2005-05-12	11779.045
2005-05-13	11763.2855
2005-05-14	11763.2855
2005-05-15	11763.2855
2005-05-16	11765.9269
2005-05-17	11763.2322
2005-05-18	11802.3107
2005-05-19	11872.0368
2005-05-20	11864.0947
2005-05-21	11864.0947
2005-05-22	11864.0947
2005-05-23	11924.7315
2005-05-24	11948.6998
2005-05-25	11938.0541
2005-05-26	11952.7998
2005-05-27	11970.7738
2005-05-28	11970.7738
2005-05-29	11970.7738
2005-05-30	11996.5475
2005-05-31	11972.0545
2005-06-01	12044.4663
2005-06-02	12068.8882
2005-06-03	12068.7815
2005-06-04	12068.7815
2005-06-05	12068.7815
2005-06-06	12094.2262
2005-06-07	12106.3304
2005-06-08	12129.0803
2005-06-09	12108.1269
2005-06-10	12126.1454
2005-06-11	12126.1454
2005-06-12	12126.1454
2005-06-13	12126.1454
2005-06-14	12120.1333
2005-06-15	12122.499
2005-06-16	12133.8206
2005-06-17	12184.4075
2005-06-18	12184.4075
2005-06-19	12184.4075
2005-06-20	12178.5466
2005-06-21	12202.9774
2005-06-22	12196.8675
2005-06-23	12201.4566
2005-06-24	12177.6928
2005-06-25	12177.6928
2005-06-26	12177.6928
2005-06-27	12179.516
2005-06-28	12239.966
2005-06-29	12232.9845
2005-06-30	12333.6781
2005-07-01	12260.6259
2005-07-02	12260.6259
2005-07-03	12260.6259
2005-07-04	12295.9869
2005-07-05	12352.2747
2005-07-06	12334.9944
2005-07-07	12283.9272
2005-07-08	12307.7888
2005-07-09	12307.7888
2005-07-10	12307.7888
2005-07-11	12330.5653
2005-07-12	12314.2366
2005-07-13	12338.036
2005-07-14	12353.4575
2005-07-15	12359.6297
2005-07-16	12359.6297
2005-07-17	12359.6297
2005-07-18	12345.7912
2005-07-19	12342.1093
2005-07-20	12355.4497
2005-07-21	12360.6169
2005-07-22	12384.8698
2005-07-23	12384.8698
2005-07-24	12384.8698
2005-07-25	12449.0373
2005-07-26	12463.9074
2005-07-27	12525.9583
2005-07-28	12520.293
2005-07-29	12549.2418
2005-07-30	12549.2418
2005-07-31	12549.2418
2005-08-01	12523.637
2005-08-02	12545.1507
2005-08-03	12519.6171
2005-08-04	12512.4933
2005-08-05	12500.0245
2005-08-06	12500.0245
2005-08-07	12500.0245
2005-08-08	12541.1842
2005-08-09	12577.2478
2005-08-10	12600.0688
2005-08-11	12615.3392
2005-08-12	12626.5363
2005-08-13	12626.5363
2005-08-14	12626.5363
2005-08-15	12655.5028
2005-08-16	12653.146
2005-08-17	12667.9272
2005-08-18	12684.5405
2005-08-19	12717.0022
2005-08-20	12717.0022
2005-08-21	12717.0022
2005-08-22	12718.5497
2005-08-23	12690.6326
2005-08-24	12657.6551
2005-08-25	12630.0226
2005-08-26	12652.7191
2005-08-27	12652.7191
2005-08-28	12652.7191
2005-08-29	12622.9432
2005-08-30	12651.9187
2005-08-31	12683.6689
2005-09-01	12731.5611
2005-09-02	12719.1367
2005-09-03	12719.1367
2005-09-04	12719.1367
2005-09-05	12734.5138
2005-09-06	12757.6105
2005-09-07	12778.4127
2005-09-08	12734.0424
2005-09-09	12745.951
2005-09-10	12745.951
2005-09-11	12745.951
2005-09-12	12768.5141
2005-09-13	12763.8894
2005-09-14	12783.9089
2005-09-15	12785.4031
2005-09-16	12825.6467
2005-09-17	12825.6467
2005-09-18	12825.6467
2005-09-19	12810.0829
2005-09-20	12839.4141
2005-09-21	12789.5831
2005-09-22	12821.0043
2005-09-23	12829.3465
2005-09-24	12829.3465
2005-09-25	12829.3465
2005-09-26	12887.1461
2005-09-27	12881.6943
2005-09-28	12880.6805
2005-09-29	12933.6687
2005-09-30	12934.8871
2005-10-01	12908.2507
2005-10-02	12908.2507
2005-10-03	12892.8469
2005-10-04	12898.4321
2005-10-05	12818.7631
2005-10-06	12733.3131
2005-10-07	12732.4593
2005-10-08	12732.4593
2005-10-09	12732.4593
2005-10-10	12739.5298
2005-10-11	12732.0947
2005-10-12	12734.8606
2005-10-13	12696.5291
2005-10-14	12698.4857
2005-10-15	12698.4857
2005-10-16	12698.4857
2005-10-17	12693.2918
2005-10-18	12693.1139
2005-10-19	12643.7276
2005-10-20	12619.1901
2005-10-21	12596.9294
2005-10-22	12596.9294
2005-10-23	12596.9294
2005-10-24	12639.4943
2005-10-25	12652.6213
2005-10-26	12685.5188
2005-10-27	12653.1282
2005-10-28	12661.3815
2005-10-29	12661.3815
2005-10-30	12661.3815
2005-10-31	12713.8361
2005-11-01	12740.1612
2005-11-02	12759.3092
2005-11-03	12825.4333
2005-11-04	12826.2871
2005-11-05	12826.2871
2005-11-06	12826.2871
2005-11-07	12863.2312
2005-11-08	12889.4229
2005-11-09	12864.1205
2005-11-10	12904.3553
2005-11-11	12941.3617
2005-11-12	12941.3617
2005-11-13	12941.3617
2005-11-14	13014.0848
2005-11-15	12971.7067
2005-11-16	12997.0802
2005-11-17	13040.3922
2005-11-18	13088.1687
2005-11-19	13088.1687
2005-11-20	13088.1687
2005-11-21	13102.3718
2005-11-22	13084.8425
2005-11-23	13100.0506
2005-11-24	13114.1559
2005-11-25	13120.168
2005-11-26	13120.168
2005-11-27	13120.168
2005-11-28	13125.6998
2005-11-29	13115.57
2005-11-30	13095.3548
2005-12-01	13075.7354
2005-12-02	13110.385
2005-12-03	13110.385
2005-12-04	13110.385
2005-12-05	13098.2274
2005-12-06	13098.7343
2005-12-07	13102.2918
2005-12-08	13092.3309
2005-12-09	13110.9631
2005-12-10	13110.9631
2005-12-11	13110.9631
2005-12-12	13115.0275
2005-12-13	13107.4056
2005-12-14	13164.6005
2005-12-15	13174.0278
2005-12-16	13210.8741
2005-12-17	13210.8741
2005-12-18	13210.8741
2005-12-19	13197.0178
2005-12-20	13221.4753
2005-12-21	13265.2497
2005-12-22	13283.3393
2005-12-23	13316.0501
2005-12-24	13316.0501
2005-12-25	13316.0501
2005-12-26	13355.2265
2005-12-27	13351.7046
2005-12-28	13376.5445
2005-12-29	13379.097
2005-12-30	13353.1987
2005-12-31	13387.5726
2006-01-01	13353.1987
2006-01-02	13353.1987
2006-01-03	13417.384
2006-01-04	13474.1876
2006-01-05	13470.5145
2006-01-06	13469.1983
2006-01-07	13469.1983
2006-01-08	13469.1983
2006-01-09	13478.8656
2006-01-10	13467.0549
2006-01-11	13483.9439
2006-01-12	13483.3747
2006-01-13	13477.6027
2006-01-14	13477.6027
2006-01-15	13477.6027
2006-01-16	13538.444
2006-01-17	13536.8165
2006-01-18	13477.5316
2006-01-19	13540.5963
2006-01-20	13506.8806
2006-01-21	13506.8806
2006-01-22	13506.8806
2006-01-23	13494.8297
2006-01-24	13510.6959
2006-01-25	13528.9456
2006-01-26	13557.7165
2006-01-27	13616.2899
2006-01-28	13616.2899
2006-01-29	13616.2899
2006-01-30	13590.5162
2006-01-31	13569.4027
2006-02-01	13605.9111
2006-02-02	13536.3985
2006-02-03	13516.4679
2006-02-04	13516.4679
2006-02-05	13516.4679
2006-02-06	13605.0662
2006-02-07	13583.1256
2006-02-08	13538.1416
2006-02-09	13583.6948
2006-02-10	13582.3963
2006-02-11	13582.3963
2006-02-12	13582.3963
2006-02-13	13524.9969
2006-02-14	13567.4106
2006-02-15	13560.3223
2006-02-16	13567.4906
2006-02-17	13550.984
2006-02-18	13550.984
2006-02-19	13550.984
2006-02-20	13566.1743
2006-02-21	13603.3764
2006-02-22	13624.4187
2006-02-23	13659.1216
2006-02-24	13645.4966
2006-02-25	13645.4966
2006-02-26	13645.4966
2006-02-27	13680.1461
2006-02-28	13648.4493
2006-03-01	13617.9441
2006-03-02	13650.6638
2006-03-03	13640.8897
2006-03-04	13640.8897
2006-03-05	13640.8897
2006-03-06	13648.7694
2006-03-07	13626.8555
2006-03-08	13674.0006
2006-03-09	13690.7118
2006-03-10	13704.9238
2006-03-11	13704.9238
2006-03-12	13704.9238
2006-03-13	13752.7092
2006-03-14	13761.3538
2006-03-15	13790.8362
2006-03-16	13824.3652
2006-03-17	13869.2691
2006-03-18	13869.2691
2006-03-19	13869.2691
2006-03-20	13950.6368
2006-03-21	13932.645
2006-03-22	13947.7019
2006-03-23	13958.7567
2006-03-24	13988.8172
2006-03-25	13988.8172
2006-03-26	13988.8172
2006-03-27	14054.2564
2006-03-28	14042.6058
2006-03-29	14039.6264
2006-03-30	14058.1252
2006-03-31	14130.1902
2006-04-01	14040.1245
2006-04-02	14040.1245
2006-04-03	14131.0885
2006-04-04	14115.747
2006-04-05	14139.822
2006-04-06	14153.287
2006-04-07	14129.6032
2006-04-08	14129.6032
2006-04-09	14129.6032
2006-04-10	14092.7925
2006-04-11	14083.6232
2006-04-12	14045.8342
2006-04-13	14050.6901
2006-04-14	14050.6901
2006-04-15	14050.6901
2006-04-16	14050.6901
2006-04-17	14038.7904
2006-04-18	14149.6584
2006-04-19	14183.1251
2006-04-20	14199.0713
2006-04-21	14164.1372
2006-04-22	14164.1372
2006-04-23	14164.1372
2006-04-24	14214.5107
2006-04-25	14208.0717
2006-04-26	14234.9215
2006-04-27	14215.1955
2006-04-28	14181.0351
2006-04-29	14181.0351
2006-04-30	14181.0351
2006-05-01	14211.8693
2006-05-02	14198.3954
2006-05-03	14152.4687
2006-05-04	14108.3386
2006-05-05	14193.9753
2006-05-06	14193.9753
2006-05-07	14193.9753
2006-05-08	14229.9945
2006-05-09	14227.7622
2006-05-10	14224.3025
2006-05-11	14205.8216
2006-05-12	14150.3876
2006-05-13	14150.3876
2006-05-14	14150.3876
2006-05-15	14134.806
2006-05-16	14107.0668
2006-05-17	14073.5912
2006-05-18	13960.6866
2006-05-19	13967.6414
2006-05-20	13967.6414
2006-05-21	13967.6414
2006-05-22	13881.0353
2006-05-23	13892.1879
2006-05-24	13884.6283
2006-05-25	13850.1656
2006-05-26	13938.5504
2006-05-27	13938.5504
2006-05-28	13938.5504
2006-05-29	13992.2946
2006-05-30	13944.4469
2006-05-31	13910.8912
2006-06-01	13991.9566
2006-06-02	14025.7702
2006-06-03	14025.7702
2006-06-04	14025.7702
2006-06-05	14063.3991
2006-06-06	13973.7958
2006-06-07	13951.455
2006-06-08	13805.2261
2006-06-09	13854.1499
2006-06-10	13854.1499
2006-06-11	13854.1499
2006-06-12	13826.9087
2006-06-13	13710.3667
2006-06-14	13742.028
2006-06-15	13799.1162
2006-06-16	13876.5796
2006-06-17	13876.5796
2006-06-18	13876.5796
2006-06-19	13773.4225
2006-06-20	13746.0034
2006-06-21	13807.0937
2006-06-22	13881.7735
2006-06-23	13847.0884
2006-06-24	13847.0884
2006-06-25	13847.0884
2006-06-26	13885.8912
2006-06-27	13892.8105
2006-06-28	13866.6988
2006-06-29	13936.3181
2006-06-30	14119.5179
2006-07-01	14041.3785
2006-07-02	14041.3785
2006-07-03	14072.2571
2006-07-04	14077.9491
2006-07-05	14026.784
2006-07-06	14040.6136
2006-07-07	14038.0789
2006-07-08	14038.0789
2006-07-09	14038.0789
2006-07-10	14070.514
2006-07-11	14021.27
2006-07-12	14010.9089
2006-07-13	13927.1221
2006-07-14	13814.9557
2006-07-15	13814.9557
2006-07-16	13814.9557
2006-07-17	13799.2851
2006-07-18	13764.9913
2006-07-19	13798.0845
2006-07-20	13930.2971
2006-07-21	13889.4309
2006-07-22	13889.4309
2006-07-23	13889.4309
2006-07-24	13945.9588
2006-07-25	14007.0669
2006-07-26	13941.8677
2006-07-27	14024.2938
2006-07-28	14011.7182
2006-07-29	14011.7182
2006-07-30	14011.7182
2006-07-31	14028.7584
2006-08-01	14006.969
2006-08-02	14006.9602
2006-08-03	14063.7993
2006-08-04	14034.895
2006-08-05	14034.895
2006-08-06	14034.895
2006-08-07	14036.5759
2006-08-08	14090.6047
2006-08-09	14043.2195
2006-08-10	14011.8961
2006-08-11	14004.2832
2006-08-12	14004.2832
2006-08-13	14004.2832
2006-08-14	14061.8516
2006-08-15	14060.0907
2006-08-16	14110.3396
2006-08-17	14213.3723
2006-08-18	14219.4733
2006-08-19	14219.4733
2006-08-20	14219.4733
2006-08-21	14217.6323
2006-08-22	14228.9806
2006-08-23	14219.8468
2006-08-24	14152.3087
2006-08-25	14187.892
2006-08-26	14187.892
2006-08-27	14187.892
2006-08-28	14213.0699
2006-08-29	14237.6252
2006-08-30	14258.1695
2006-08-31	14295.8962
2006-09-01	14295.9229
2006-09-02	14295.9229
2006-09-03	14295.9229
2006-09-04	14347.2836
2006-09-05	14351.4725
2006-09-06	14303.5536
2006-09-07	14292.4277
2006-09-08	14302.5398
2006-09-09	14302.5398
2006-09-10	14302.5398
2006-09-11	14244.3043
2006-09-12	14235.2595
2006-09-13	14274.9695
2006-09-14	14315.4533
2006-09-15	14287.8119
2006-09-16	14287.8119
2006-09-17	14287.8119
2006-09-18	14322.4882
2006-09-19	14314.3594
2006-09-20	14295.8251
2006-09-21	14283.6853
2006-09-22	14290.0353
2006-09-23	14290.0353
2006-09-24	14290.0353
2006-09-25	14304.9588
2006-09-26	14330.9015
2006-09-27	14429.0338
2006-09-28	14458.5962
2006-09-29	14489.6972
2006-09-30	14520.6203
2006-10-01	14489.6972
2006-10-02	14520.1578
2006-10-03	14541.9917
2006-10-04	14525.3339
2006-10-05	14604.2026
2006-10-06	14599.3111
2006-10-07	14599.3111
2006-10-08	14599.3111
2006-10-09	14586.7711
2006-10-10	14625.2538
2006-10-11	14649.6846
2006-10-12	14614.1012
2006-10-13	14640.3908
2006-10-14	14640.3908
2006-10-15	14640.3908
2006-10-16	14683.7738
2006-10-17	14649.151
2006-10-18	14678.8824
2006-10-19	14658.7739
2006-10-20	14701.6945
2006-10-21	14701.6945
2006-10-22	14701.6945
2006-10-23	14725.7962
2006-10-24	14711.522
2006-10-25	14746.3138
2006-10-26	14790.5774
2006-10-27	14748.6173
2006-10-28	14748.6173
2006-10-29	14748.6173
2006-10-30	14792.5429
2006-10-31	14777.2903
2006-11-01	14791.4667
2006-11-02	14791.0132
2006-11-03	14809.1206
2006-11-04	14809.1206
2006-11-05	14809.1206
2006-11-06	14801.7211
2006-11-07	14851.9078
2006-11-08	14843.7168
2006-11-09	14829.8872
2006-11-10	14848.2259
2006-11-11	14848.2259
2006-11-12	14848.2259
2006-11-13	14879.7715
2006-11-14	14891.6623
2006-11-15	14903.8466
2006-11-16	14877.0412
2006-11-17	14882.6175
2006-11-18	14882.6175
2006-11-19	14882.6175
2006-11-20	14820.4955
2006-11-21	14857.2885
2006-11-22	14939.8747
2006-11-23	14964.172
2006-11-24	14937.3311
2006-11-25	14937.3311
2006-11-26	14937.3311
2006-11-27	14911.1127
2006-11-28	14854.3713
2006-11-29	14937.9181
2006-11-30	14947.4609
2006-12-01	14910.6146
2006-12-02	14910.6146
2006-12-03	14910.6146
2006-12-04	14931.3723
2006-12-05	14952.7793
2006-12-06	14985.241
2006-12-07	14956.0166
2006-12-08	14937.3489
2006-12-09	14937.3489
2006-12-10	14937.3489
2006-12-11	14964.9013
2006-12-12	14970.7266
2006-12-13	14995.7889
2006-12-14	15069.3747
2006-12-15	15070.6999
2006-12-16	15070.6999
2006-12-17	15070.6999
2006-12-18	15092.427
2006-12-19	15067.7561
2006-12-20	15103.3039
2006-12-21	15087.9001
2006-12-22	15095.7354
2006-12-23	15095.7354
2006-12-24	15095.7354
2006-12-25	15110.9168
2006-12-26	15124.4618
2006-12-27	15172.4874
2006-12-28	15166.6087
2006-12-29	15177.2366
2006-12-30	15177.2366
2006-12-31	15213.4336
2007-01-01	15177.1743
2007-01-02	15181.7101
2007-01-03	15169.1078
2007-01-04	15139.661
2007-01-05	15118.2896
2007-01-06	15118.2896
2007-01-07	15118.2896
2007-01-08	15070.4064
2007-01-09	15134.1292
2007-01-10	15077.0054
2007-01-11	15118.8144
2007-01-12	15189.2163
2007-01-13	15189.2163
2007-01-14	15189.2163
2007-01-15	15239.0562
2007-01-16	15237.4375
2007-01-17	15216.075
2007-01-18	15218.4319
2007-01-19	15228.4639
2007-01-20	15228.4639
2007-01-21	15228.4639
2007-01-22	15281.3009
2007-01-23	15291.9377
2007-01-24	15387.3485
2007-01-25	15389.9721
2007-01-26	15371.4022
2007-01-27	15371.4022
2007-01-28	15371.4022
2007-01-29	15377.859
2007-01-30	15431.114
2007-01-31	15397.2115
2007-02-01	15471.2064
2007-02-02	15478.6059
2007-02-03	15478.6059
2007-02-04	15478.6059
2007-02-05	15467.4533
2007-02-06	15514.7318
2007-02-07	15549.3103
2007-02-08	15535.3117
2007-02-09	15565.9058
2007-02-10	15565.9058
2007-02-11	15565.9058
2007-02-12	15567.0352
2007-02-13	15577.0317
2007-02-14	15617.8801
2007-02-15	15655.4646
2007-02-16	15620.0057
2007-02-17	15620.0057
2007-02-18	15620.0057
2007-02-19	15680.0199
2007-02-20	15684.1999
2007-02-21	15631.852
2007-02-22	15690.6033
2007-02-23	15693.1113
2007-02-24	15693.1113
2007-02-25	15693.1113
2007-02-26	15718.8138
2007-02-27	15622.4158
2007-02-28	15489.2516
2007-03-01	15468.7162
2007-03-02	15425.3331
2007-03-03	15425.3331
2007-03-04	15425.3331
2007-03-05	15326.4094
2007-03-06	15447.5049
2007-03-07	15486.2456
2007-03-08	15514.4117
2007-03-09	15521.3665
2007-03-10	15521.3665
2007-03-11	15521.3665
2007-03-12	15550.5554
2007-03-13	15506.2651
2007-03-14	15382.1902
2007-03-15	15477.8411
2007-03-16	15426.427
2007-03-17	15426.427
2007-03-18	15426.427
2007-03-19	15503.4814
2007-03-20	15526.2135
2007-03-21	15535.6941
2007-03-22	15639.2426
2007-03-23	15643.0313
2007-03-24	15643.0313
2007-03-25	15643.0313
2007-03-26	15651.4446
2007-03-27	15628.2234
2007-03-28	15588.54
2007-03-29	15623.2607
2007-03-30	15636.1832
2007-03-31	15733.7107
2007-04-01	15636.1832
2007-04-02	15584.7336
2007-04-03	15698.4297
2007-04-04	15760.1425
2007-04-05	15752.1738
2007-04-06	15761.352
2007-04-07	15761.352
2007-04-08	15761.352
2007-04-09	15759.5644
2007-04-10	15819.3563
2007-04-11	15810.6227
2007-04-12	15805.0464
2007-04-13	15778.8369
2007-04-14	15778.8369
2007-04-15	15778.8369
2007-04-16	15936.8677
2007-04-17	15925.3149
2007-04-18	15959.8311
2007-04-19	15912.9172
2007-04-20	15957.2341
2007-04-21	15957.2341
2007-04-22	15957.2341
2007-04-23	15956.8873
2007-04-24	15965.4963
2007-04-25	15970.6546
2007-04-26	15987.1434
2007-04-27	15944.8364
2007-04-28	15944.8364
2007-04-29	15944.8364
2007-04-30	15954.1391
2007-05-01	15950.8752
2007-05-02	16046.4905
2007-05-03	16068.6001
2007-05-04	16135.5068
2007-05-05	16135.5068
2007-05-06	16135.5068
2007-05-07	16148.7138
2007-05-08	16088.255
2007-05-09	16134.1194
2007-05-10	16094.1604
2007-05-11	16070.0675
2007-05-12	16070.0675
2007-05-13	16070.0675
2007-05-14	16135.8803
2007-05-15	16098.7406
2007-05-16	16146.9707
2007-05-17	16188.7441
2007-05-18	16172.0596
2007-05-19	16172.0596
2007-05-20	16172.0596
2007-05-21	16229.4413
2007-05-22	16221.2502
2007-05-23	16223.9539
2007-05-24	16154.0856
2007-05-25	16149.5054
2007-05-26	16149.5054
2007-05-27	16149.5054
2007-05-28	16144.1247
2007-05-29	16198.7049
2007-05-30	16145.6811
2007-05-31	16210.7736
2007-06-01	16228.1606
2007-06-02	16228.1606
2007-06-03	16228.1606
2007-06-04	16280.633
2007-06-05	16244.3025
2007-06-06	16164.6868
2007-06-07	16087.4724
2007-06-08	16005.8645
2007-06-09	16005.8645
2007-06-10	16005.8645
2007-06-11	16023.8918
2007-06-12	16017.3194
2007-06-13	15995.6457
2007-06-14	16101.7644
2007-06-15	16128.4986
2007-06-16	16128.4986
2007-06-17	16128.4986
2007-06-18	16167.2393
2007-06-19	16178.9522
2007-06-20	16197.1307
2007-06-21	16169.4894
2007-06-22	16140.6207
2007-06-23	16140.6207
2007-06-24	16140.6207
2007-06-25	16138.1215
2007-06-26	16114.5623
2007-06-27	16115.9675
2007-06-28	16115.9675
2007-06-29	16115.9675
2007-06-30	16225.5281
2007-07-01	16115.9675
2007-07-02	16133.2567
2007-07-03	16198.109
2007-07-04	16187.072
2007-07-05	16219.347
2007-07-06	16217.6839
2007-07-07	16217.6839
2007-07-08	16217.6839
2007-07-09	16242.3192
2007-07-10	16181.3534
2007-07-11	16175.875
2007-07-12	16228.0628
2007-07-13	16246.5259
2007-07-14	16246.5259
2007-07-15	16246.5259
2007-07-16	16245.8767
2007-07-17	16237.7212
2007-07-18	16175.5014
2007-07-19	16227.6981
2007-07-20	16240.5939
2007-07-21	16240.5939
2007-07-22	16240.5939
2007-07-23	16213.5484
2007-07-24	16183.6035
2007-07-25	16197.4509
2007-07-26	16056.7182
2007-07-27	15897.3978
2007-07-28	15897.3978
2007-07-29	15897.3978
2007-07-30	15987.2857
2007-07-31	15983.9328
2007-08-01	15859.1908
2007-08-02	15903.1787
2007-08-03	15867.5419
2007-08-04	15867.5419
2007-08-05	15867.5419
2007-08-06	15906.6294
2007-08-07	16009.8488
2007-08-08	16159.3506
2007-08-09	16199.0962
2007-08-10	15968.6713
2007-08-11	15968.6713
2007-08-12	15968.6713
2007-08-13	16013.9665
2007-08-14	15936.4586
2007-08-15	15803.579
2007-08-16	15701.6847
2007-08-17	15808.5416
2007-08-18	15808.5416
2007-08-19	15808.5416
2007-08-20	15991.6436
2007-08-21	16077.8317
2007-08-22	16136.3962
2007-08-23	16224.452
2007-08-24	16173.696
2007-08-25	16173.696
2007-08-26	16173.696
2007-08-27	16196.8461
2007-08-28	16207.9187
2007-08-29	16158.23
2007-08-30	16222.0507
2007-08-31	16351.0972
2007-09-01	16351.0972
2007-09-02	16351.0972
2007-09-03	16315.4515
2007-09-04	16365.5938
2007-09-05	16309.9908
2007-09-06	16304.8503
2007-09-07	16282.1004
2007-09-08	16282.1004
2007-09-09	16282.1004
2007-09-10	16255.4729
2007-09-11	16299.0961
2007-09-12	16264.4555
2007-09-13	16316.0741
2007-09-14	16359.9196
2007-09-15	16359.9196
2007-09-16	16359.9196
2007-09-17	16383.8346
2007-09-18	16298.2424
2007-09-19	16482.6428
2007-09-20	16486.8761
2007-09-21	16442.2746
2007-09-22	16442.2746
2007-09-23	16442.2746
2007-09-24	16463.2458
2007-09-25	16473.7758
2007-09-26	16485.1685
2007-09-27	16532.0824
2007-09-28	16533.7455
2007-09-29	16533.7455
2007-09-30	16576.8262
2007-10-01	16554.0852
2007-10-02	16657.9983
2007-10-03	16659.4035
2007-10-04	16573.6156
2007-10-05	16592.8614
2007-10-06	16592.8614
2007-10-07	16592.8614
2007-10-08	16636.6092
2007-10-09	16662.0983
2007-10-10	16731.8599
2007-10-11	16764.3127
2007-10-12	16737.5607
2007-10-13	16737.5607
2007-10-14	16737.5607
2007-10-15	16717.7813
2007-10-16	16671.8546
2007-10-17	16673.8468
2007-10-18	16719.5333
2007-10-19	16638.1033
2007-10-20	16638.1033
2007-10-21	16638.1033
2007-10-22	16535.2663
2007-10-23	16600.9813
2007-10-24	16568.1727
2007-10-25	16573.9358
2007-10-26	16631.0773
2007-10-27	16631.0773
2007-10-28	16631.0773
2007-10-29	16702.0929
2007-10-30	16659.4658
2007-10-31	16654.2808
2007-11-01	16701.5771
2007-11-02	16551.9952
2007-11-03	16551.9952
2007-11-04	16551.9952
2007-11-05	16527.3866
2007-11-06	16582.4559
2007-11-07	16575.1987
2007-11-08	16441.5009
2007-11-09	16447.5396
2007-11-10	16447.5396
2007-11-11	16447.5396
2007-11-12	16447.1483
2007-11-13	16486.4314
2007-11-14	16572.6018
2007-11-15	16497.6196
2007-11-16	16439.0195
2007-11-17	16439.0195
2007-11-18	16439.0195
2007-11-19	16497.1038
2007-11-20	16432.2426
2007-11-21	16411.2092
2007-11-22	16384.1814
2007-11-23	16426.1682
2007-11-24	16426.1682
2007-11-25	16426.1682
2007-11-26	16464.1529
2007-11-27	16414.2419
2007-11-28	16380.3394
2007-11-29	16488.5214
2007-11-30	16551.4705
2007-12-01	16551.4705
2007-12-02	16551.4705
2007-12-03	16621.5434
2007-12-04	16626.6216
2007-12-05	16655.3303
2007-12-06	16756.2017
2007-12-07	16819.1064
2007-12-08	16819.1064
2007-12-09	16819.1064
2007-12-10	16746.312
2007-12-11	16770.3426
2007-12-12	16688.5568
2007-12-13	16621.9525
2007-12-14	16533.7455
2007-12-15	16533.7455
2007-12-16	16533.7455
2007-12-17	16230.2595
2007-12-18	16246.4637
2007-12-19	16264.1531
2007-12-20	16254.6102
2007-12-21	16346.7749
2007-12-22	16346.7749
2007-12-23	16346.7749
2007-12-24	16449.7275
2007-12-25	16478.2849
2007-12-26	16481.6111
2007-12-27	16454.6634
2007-12-28	16446.7125
2007-12-29	16446.7125
2007-12-30	16446.7125
2007-12-31	16528.8007
2008-01-01	16463.1124
2008-01-02	16415.8072
2008-01-03	16362.7211
2008-01-04	16323.9805
2008-01-05	16323.9805
2008-01-06	16323.9805
2008-01-07	16279.5035
2008-01-08	16194.3026
2008-01-09	16155.4374
2008-01-10	16087.588
2008-01-11	15962.9883
2008-01-12	15962.9883
2008-01-13	15962.9883
2008-01-14	16126.0529
2008-01-15	16029.4948
2008-01-16	15913.8066
2008-01-17	15851.3822
2008-01-18	15798.7053
2008-01-19	15798.7053
2008-01-20	15798.7053
2008-01-21	15677.7164
2008-01-22	15460.6764
2008-01-23	15516.7062
2008-01-24	15768.1912
2008-01-25	16017.8797
2008-01-26	16017.8797
2008-01-27	16017.8797
2008-01-28	16003.2586
2008-01-29	15743.1824
2008-01-30	15627.0405
2008-01-31	15670.1657
2008-02-01	15868.9738
2008-02-02	15868.9738
2008-02-03	15868.9738
2008-02-04	15898.5629
2008-02-05	15739.8739
2008-02-06	15541.7862
2008-02-07	15515.1943
2008-02-08	15580.0555
2008-02-09	15580.0555
2008-02-10	15580.0555
2008-02-11	15500.2797
2008-02-12	15644.561
2008-02-13	15631.434
2008-02-14	15702.0849
2008-02-15	15604.344
2008-02-16	15604.344
2008-02-17	15604.344
2008-02-18	15559.8937
2008-02-19	15611.1654
2008-02-20	15485.2406
2008-02-21	15528.7126
2008-02-22	15482.5458
2008-02-23	15482.5458
2008-02-24	15482.5458
2008-02-25	15602.7431
2008-02-26	15672.6204
2008-02-27	15747.5936
2008-02-28	15606.434
2008-02-29	15515.5767
2008-03-01	15515.5767
2008-03-02	15515.5767
2008-03-03	15338.3624
2008-03-04	15356.0429
2008-03-05	15369.2322
2008-03-06	15400.9735
2008-03-07	15171.4113
2008-03-08	15171.4113
2008-03-09	15171.4113
2008-03-10	15126.5696
2008-03-11	15193.7965
2008-03-12	15316.2173
2008-03-13	15161.735
2008-03-14	15216.2618
2008-03-15	15216.2618
2008-03-16	15216.2618
2008-03-17	15039.7678
2008-03-18	15121.2068
2008-03-19	15316.3062
2008-03-20	15271.4912
2008-03-21	15273.4923
2008-03-22	15273.4923
2008-03-23	15273.4923
2008-03-24	15275.4222
2008-03-25	15408.8888
2008-03-26	15488.469
2008-03-27	15450.84
2008-03-28	15414.0204
2008-03-29	15414.0204
2008-03-30	15414.0204
2008-03-31	15466.0126
2008-04-01	15565.8613
2008-04-02	15681.0871
2008-04-03	15763.2997
2008-04-04	15754.2371
2008-04-05	15754.2371
2008-04-06	15754.2371
2008-04-07	15713.3887
2008-04-08	15652.2451
2008-04-09	15561.5746
2008-04-10	15476.0268
2008-04-11	15426.6939
2008-04-12	15426.6939
2008-04-13	15426.6939
2008-04-14	15461.1567
2008-04-15	15541.7329
2008-04-16	15625.1818
2008-04-17	15654.1394
2008-04-18	15642.4799
2008-04-19	15642.4799
2008-04-20	15642.4799
2008-04-21	15706.2471
2008-04-22	15642.72
2008-04-23	15687.1347
2008-04-24	15655.4646
2008-04-25	15712.8195
2008-04-26	15712.8195
2008-04-27	15712.8195
2008-04-28	15739.2514
2008-04-29	15777.2894
2008-04-30	15751.1688
2008-05-01	15799.0254
2008-05-02	15927.814
2008-05-03	15927.814
2008-05-04	15927.814
2008-05-05	15847.1222
2008-05-06	15809.2264
2008-05-07	15757.7323
2008-05-08	15825.0571
2008-05-09	15840.8077
2008-05-10	15840.8077
2008-05-11	15840.8077
2008-05-12	15965.603
2008-05-13	15961.6898
2008-05-14	16043.7246
2008-05-15	16081.0067
2008-05-16	16051.889
2008-05-17	16051.889
2008-05-18	16051.889
2008-05-19	16091.4478
2008-05-20	16013.682
2008-05-21	15892.9599
2008-05-22	15909.5732
2008-05-23	15791.6882
2008-05-24	15791.6882
2008-05-25	15791.6882
2008-05-26	15802.5117
2008-05-27	15789.5093
2008-05-28	15730.3578
2008-05-29	15815.1051
2008-05-30	15792.2574
2008-05-31	15792.2574
2008-06-01	15792.2574
2008-06-02	15746.473
2008-06-03	15682.6168
2008-06-04	15654.424
2008-06-05	15664.8384
2008-06-06	15638.8691
2008-06-07	15638.8691
2008-06-08	15638.8691
2008-06-09	15661.779
2008-06-10	15445.9486
2008-06-11	15426.4982
2008-06-12	15358.4086
2008-06-13	15368.0137
2008-06-14	15368.0137
2008-06-15	15368.0137
2008-06-16	15385.6142
2008-06-17	15483.9688
2008-06-18	15482.1634
2008-06-19	15383.0617
2008-06-20	15251.0626
2008-06-21	15251.0626
2008-06-22	15251.0626
2008-06-23	15287.1351
2008-06-24	15301.525
2008-06-25	15272.6385
2008-06-26	15271.4201
2008-06-27	15152.0143
2008-06-28	15152.0143
2008-06-29	15152.0143
2008-06-30	15247.2294
2008-07-01	15058.7202
2008-07-02	14947.5943
2008-07-03	14906.5147
2008-07-04	14975.129
2008-07-05	14975.129
2008-07-06	14975.129
2008-07-07	15009.3161
2008-07-08	14900.7872
2008-07-09	14935.4812
2008-07-10	14813.2206
2008-07-11	14769.3928
2008-07-12	14769.3928
2008-07-13	14769.3928
2008-07-14	14847.3454
2008-07-15	14674.3733
2008-07-16	14771.2071
2008-07-17	14923.7416
2008-07-18	15094.6682
2008-07-19	15094.6682
2008-07-20	15094.6682
2008-07-21	15044.9261
2008-07-22	15070.9934
2008-07-23	15275.0665
2008-07-24	15347.2916
2008-07-25	15130.6696
2008-07-26	15130.6696
2008-07-27	15130.6696
2008-07-28	14978.1973
2008-07-29	14917.6584
2008-07-30	15127.459
2008-07-31	15131.4166
2008-08-01	15103.9709
2008-08-02	15103.9709
2008-08-03	15103.9709
2008-08-04	15031.897
2008-08-05	15119.0456
2008-08-06	15326.2493
2008-08-07	15326.2137
2008-08-08	15407.4836
2008-08-09	15407.4836
2008-08-10	15407.4836
2008-08-11	15440.0432
2008-08-12	15511.9481
2008-08-13	15344.2677
2008-08-14	15346.1799
2008-08-15	15382.2079
2008-08-16	15382.2079
2008-08-17	15382.2079
2008-08-18	15366.3328
2008-08-19	15167.9428
2008-08-20	15244.9438
2008-08-21	15201.3294
2008-08-22	15304.0775
2008-08-23	15304.0775
2008-08-24	15304.0775
2008-08-25	15371.4645
2008-08-26	15410.6053
2008-08-27	15421.2421
2008-08-28	15512.5707
2008-08-29	15610.1604
2008-08-30	15610.1604
2008-08-31	15610.1604
2008-09-01	15529.7621
2008-09-02	15596.1263
2008-09-03	15554.7709
2008-09-04	15387.1528
2008-09-05	15353.1436
2008-09-06	15353.1436
2008-09-07	15353.1436
2008-09-08	15615.2565
2008-09-09	15466.5995
2008-09-10	15447.914
2008-09-11	15392.9603
2008-09-12	15390.817
2008-09-13	15390.817
2008-09-14	15390.817
2008-09-15	15214.1362
2008-09-16	15175.1021
2008-09-17	15076.8898
2008-09-18	14974.9244
2008-09-19	15283.2664
2008-09-20	15283.2664
2008-09-21	15283.2664
2008-09-22	15291.9555
2008-09-23	15160.9079
2008-09-24	15215.6482
2008-09-25	15227.1921
2008-09-26	15173.0032
2008-09-27	15173.0032
2008-09-28	15173.0032
2008-09-29	14934.2005
2008-09-30	14965.3015
2008-10-01	15090.755
2008-10-02	15053.633
2008-10-03	14981.986
2008-10-04	14981.986
2008-10-05	14981.986
2008-10-06	14926.4453
2008-10-07	15024.2396
2008-10-08	14924.7021
2008-10-09	14356.1238
2008-10-10	14018.344
2008-10-11	14018.344
2008-10-12	14018.344
2008-10-13	14476.3834
2008-10-14	14544.7754
2008-10-15	14455.7947
2008-10-16	14231.6398
2008-10-17	14125.5299
2008-10-18	14125.5299
2008-10-19	14125.5299
2008-10-20	14292.6323
2008-10-21	14487.9896
2008-10-22	13955.1014
2008-10-23	13804.8614
2008-10-24	13630.8043
2008-10-25	13630.8043
2008-10-26	13630.8043
2008-10-27	13506.7294
2008-10-28	13924.0093
2008-10-29	13791.6455
2008-10-30	13986.3981
2008-10-31	14225.6633
2008-11-01	14225.6633
2008-11-02	14225.6633
2008-11-03	14183.2407
2008-11-04	14103.9629
2008-11-05	14433.9519
2008-11-06	14228.776
2008-11-07	13980.4216
2008-11-08	13980.4216
2008-11-09	13980.4216
2008-11-10	14113.2301
2008-11-11	14021.5101
2008-11-12	14051.7484
2008-11-13	13716.4588
2008-11-14	13728.8032
2008-11-15	13728.8032
2008-11-16	13728.8032
2008-11-17	13592.2149
2008-11-18	13444.6963
2008-11-19	13334.0863
2008-11-20	13106.9254
2008-11-21	13179.613
2008-11-22	13179.613
2008-11-23	13179.613
2008-11-24	13346.7508
2008-11-25	13680.1728
2008-11-26	13639.4934
2008-11-27	13680.5019
2008-11-28	13922.3284
2008-11-29	13922.3284
2008-11-30	13922.3284
2008-12-01	13522.7824
2008-12-02	13408.9173
2008-12-03	13365.2496
2008-12-04	13377.7007
2008-12-05	13357.5922
2008-12-06	13357.5922
2008-12-07	13357.5922
2008-12-08	13657.3162
2008-12-09	13562.6347
2008-12-10	13642.5083
2008-12-11	13516.5301
2008-12-12	13454.3103
2008-12-13	13454.3103
2008-12-14	13454.3103
2008-12-15	13559.6375
2008-12-16	13581.8983
2008-12-17	13564.6802
2008-12-18	13588.5507
2008-12-19	13661.4073
2008-12-20	13661.4073
2008-12-21	13661.4073
2008-12-22	13536.772
2008-12-23	13594.9274
2008-12-24	13621.3949
2008-12-25	13621.3949
2008-12-26	13621.3949
2008-12-27	13621.3949
2008-12-28	13621.3949
2008-12-29	13647.0708
2008-12-30	13716.0141
2008-12-31	13709.5218
2009-01-01	13741.3787
2009-01-02	13768.1841
2009-01-03	13768.1841
2009-01-04	13768.1841
2009-01-05	13789.1108
2009-01-06	13828.0293
2009-01-07	13877.3089
2009-01-08	13869.9094
2009-01-09	13890.2936
2009-01-10	13890.2936
2009-01-11	13890.2936
2009-01-12	13733.579
2009-01-13	13711.6474
2009-01-14	13633.3924
2009-01-15	13469.1449
2009-01-16	13454.7372
2009-01-17	13454.7372
2009-01-18	13454.7372
2009-01-19	13530.173
2009-01-20	13367.5886
2009-01-21	13373.7074
2009-01-22	13425.833
2009-01-23	13276.4023
2009-01-24	13276.4023
2009-01-25	13276.4023
2009-01-26	13312.0835
2009-01-27	13451.7223
2009-01-28	13544.6518
2009-01-29	13613.2661
2009-01-30	13637.4834
2009-01-31	13637.4834
2009-02-01	13637.4834
2009-02-02	13525.8773
2009-02-03	13445.7191
2009-02-04	13252.6029
2009-02-05	13179.7819
2009-02-06	13220.0523
2009-02-07	13220.0523
2009-02-08	13220.0523
2009-02-09	13515.9165
2009-02-10	13498.7696
2009-02-11	13527.2825
2009-02-12	13545.3366
2009-02-13	13527.6116
2009-02-14	13527.6116
2009-02-15	13527.6116
2009-02-16	13433.2591
2009-02-17	13296.5908
2009-02-18	13183.9531
2009-02-19	13186.9502
2009-02-20	13077.9766
2009-02-21	13077.9766
2009-02-22	13077.9766
2009-02-23	13081.8098
2009-02-24	13070.8173
2009-02-25	13040.5878
2009-02-26	13078.0033
2009-02-27	13068.3982
2009-02-28	13068.3982
2009-03-01	13068.3982
2009-03-02	12842.4379
2009-03-03	12763.5781
2009-03-04	12687.0841
2009-03-05	12627.4434
2009-03-06	12537.1198
2009-03-07	12537.1198
2009-03-08	12537.1198
2009-03-09	12537.1198
2009-03-10	12909.1667
2009-03-11	12989.0937
2009-03-12	13093.3804
2009-03-13	13290.4809
2009-03-14	13290.4809
2009-03-15	13290.4809
2009-03-16	13090.8368
2009-03-17	13305.3243
2009-03-18	13323.7519
2009-03-19	13301.6157
2009-03-20	13172.7649
2009-03-21	13172.7649
2009-03-22	13172.7649
2009-03-23	13375.4595
2009-03-24	13398.5829
2009-03-25	13476.5622
2009-03-26	13528.0296
2009-03-27	13554.1857
2009-03-28	13554.1857
2009-03-29	13554.1857
2009-03-30	13361.8878
2009-03-31	13253.2789
2009-04-01	13384.1574
2009-04-02	13533.8104
2009-04-03	13631.7737
2009-04-04	13631.7737
2009-04-05	13631.7737
2009-04-06	13593.371
2009-04-07	13445.1766
2009-04-08	13381.0269
2009-04-09	13550.8506
2009-04-10	13550.8506
2009-04-11	13550.8506
2009-04-12	13550.8506
2009-04-13	13550.8506
2009-04-14	13657.583
2009-04-15	13591.5479
2009-04-16	13761.3271
2009-04-17	13785.6868
2009-04-18	13785.6868
2009-04-19	13785.6868
2009-04-20	13610.1711
2009-04-21	13451.1353
2009-04-22	13400.8686
2009-04-23	13584.4418
2009-04-24	13561.0605
2009-04-25	13561.0605
2009-04-26	13561.0605
2009-04-27	13594.9719
2009-04-28	13614.2355
2009-04-29	13583.0456
2009-04-30	13694.8384
2009-05-01	13685.5179
2009-05-02	13685.5179
2009-05-03	13685.5179
2009-05-04	13814.0752
2009-05-05	13819.0734
2009-05-06	13808.3388
2009-05-07	13774.1162
2009-05-08	13807.7874
2009-05-09	13807.7874
2009-05-10	13807.7874
2009-05-11	13882.0759
2009-05-12	13831.6223
2009-05-13	13742.5794
2009-05-14	13582.4941
2009-05-15	13630.7154
2009-05-16	13630.7154
2009-05-17	13630.7154
2009-05-18	13673.4492
2009-05-19	13757.4406
2009-05-20	13794.367
2009-05-21	13713.0348
2009-05-22	13643.869
2009-05-23	13643.869
2009-05-24	13643.869
2009-05-25	13618.3621
2009-05-26	13761.9764
2009-05-27	13763.1948
2009-05-28	13770.9767
2009-05-29	13781.9692
2009-05-30	13781.9692
2009-05-31	13781.9692
2009-06-01	13802.0955
2009-06-02	13819.2157
2009-06-03	13941.6187
2009-06-04	13891.2897
2009-06-05	13873.5291
2009-06-06	13873.5291
2009-06-07	13873.5291
2009-06-08	13873.5291
2009-06-09	13844.9272
2009-06-10	13889.6266
2009-06-11	13857.3516
2009-06-12	13914.2441
2009-06-13	13914.2441
2009-06-14	13914.2441
2009-06-15	13934.2726
2009-06-16	13846.0211
2009-06-17	13785.1709
2009-06-18	13731.1066
2009-06-19	13703.7498
2009-06-20	13703.7498
2009-06-21	13703.7498
2009-06-22	13732.2183
2009-06-23	13608.0544
2009-06-24	13651.5976
2009-06-25	13713.0081
2009-06-26	13743.3264
2009-06-27	13743.3264
2009-06-28	13743.3264
2009-06-29	13792.1258
2009-06-30	13856.2666
2009-07-01	13840.6138
2009-07-02	13857.4228
2009-07-03	13797.791
2009-07-04	13797.791
2009-07-05	13797.791
2009-07-06	13744.0201
2009-07-07	13684.3884
2009-07-08	13768.1308
2009-07-09	13740.7117
2009-07-10	13787.51
2009-07-11	13787.51
2009-07-12	13787.51
2009-07-13	13692.1081
2009-07-14	13797.5953
2009-07-15	13849.5519
2009-07-16	13940.1424
2009-07-17	13989.6087
2009-07-18	13989.6087
2009-07-19	13989.6087
2009-07-20	13991.6898
2009-07-21	14078.3671
2009-07-22	14058.6766
2009-07-23	14133.7566
2009-07-24	14147.4083
2009-07-25	14147.4083
2009-07-26	14147.4083
2009-07-27	14188.4523
2009-07-28	14198.7334
2009-07-29	14224.8717
2009-07-30	14253.3491
2009-07-31	14309.9126
2009-08-01	14309.9126
2009-08-02	14309.9126
2009-08-03	14375.9477
2009-08-04	14399.7826
2009-08-05	14391.2359
2009-08-06	14435.8018
2009-08-07	14425.8499
2009-08-08	14425.8499
2009-08-09	14425.8499
2009-08-10	14430.1899
2009-08-11	14484.1031
2009-08-12	14499.5513
2009-08-13	14555.2343
2009-08-14	14628.162
2009-08-15	14628.162
2009-08-16	14628.162
2009-08-17	14547.3012
2009-08-18	14547.0344
2009-08-19	14544.1084
2009-08-20	14585.4904
2009-08-21	14555.6167
2009-08-22	14555.6167
2009-08-23	14555.6167
2009-08-24	14661.4686
2009-08-25	14723.0926
2009-08-26	14789.359
2009-08-27	14737.7937
2009-08-28	14782.9644
2009-08-29	14782.9644
2009-08-30	14782.9644
2009-08-31	14748.3771
2009-09-01	14816.8936
2009-09-02	14644.7664
2009-09-03	14685.1701
2009-09-04	14691.7336
2009-09-05	14691.7336
2009-09-06	14691.7336
2009-09-07	14713.1406
2009-09-08	14813.6474
2009-09-09	14844.8819
2009-09-10	14916.858
2009-09-11	14985.7391
2009-09-12	14985.7391
2009-09-13	14985.7391
2009-09-14	14938.8163
2009-09-15	14941.7245
2009-09-16	15049.4441
2009-09-17	15138.6738
2009-09-18	15125.7158
2009-09-19	15125.7158
2009-09-20	15125.7158
2009-09-21	15078.1349
2009-09-22	15046.865
2009-09-23	15088.834
2009-09-24	15069.3125
2009-09-25	15057.6707
2009-09-26	15057.6707
2009-09-27	15057.6707
2009-09-28	15056.1855
2009-09-29	15108.2132
2009-09-30	15131.6123
2009-10-01	15118.4675
2009-10-02	15042.9962
2009-10-03	15042.9962
2009-10-04	15042.9962
2009-10-05	14957.7153
2009-10-06	15005.4562
2009-10-07	15142.8449
2009-10-08	15147.7631
2009-10-09	15195.762
2009-10-10	15195.762
2009-10-11	15195.762
2009-10-12	15163.5048
2009-10-13	15218.6809
2009-10-14	15280.1447
2009-10-15	15268.085
2009-10-16	15249.0348
2009-10-17	15249.0348
2009-10-18	15249.0348
2009-10-19	15239.0295
2009-10-20	15337.5531
2009-10-21	15191.9555
2009-10-22	15200.4756
2009-10-23	15198.1989
2009-10-24	15198.1989
2009-10-25	15198.1989
2009-10-26	15168.7876
2009-10-27	15081.7724
2009-10-28	15040.2125
2009-10-29	14871.1625
2009-10-30	15010.1432
2009-10-31	15010.1432
2009-11-01	15010.1432
2009-11-02	14885.8904
2009-11-03	14885.8904
2009-11-04	14872.879
2009-11-05	14886.7086
2009-11-06	14939.6256
2009-11-07	14939.6256
2009-11-08	14939.6256
2009-11-09	15048.7059
2009-11-10	15126.7564
2009-11-11	15168.3785
2009-11-12	15148.8037
2009-11-13	15093.6454
2009-11-14	15093.6454
2009-11-15	15093.6454
2009-11-16	15203.0815
2009-11-17	15219.3568
2009-11-18	15234.0668
2009-11-19	15237.4909
2009-11-20	15155.4561
2009-11-21	15155.4561
2009-11-22	15155.4561
2009-11-23	15177.1388
2009-11-24	15164.1274
2009-11-25	15207.3504
2009-11-26	15171.7848
2009-11-27	15047.5853
2009-11-28	15047.5853
2009-11-29	15047.5853
2009-11-30	15200.4578
2009-12-01	15218.7253
2009-12-02	15249.5862
2009-12-03	15236.9217
2009-12-04	15209.2625
2009-12-05	15209.2625
2009-12-06	15209.2625
2009-12-07	15159.5205
2009-12-08	15166.1907
2009-12-09	15150.2355
2009-12-10	15095.3263
2009-12-11	15135.5611
2009-12-12	15135.5611
2009-12-13	15135.5611
2009-12-14	15179.4244
2009-12-15	15209.7428
2009-12-16	15225.3422
2009-12-17	15223.5724
2009-12-18	15227.7346
2009-12-19	15227.7346
2009-12-20	15227.7346
2009-12-21	15212.989
2009-12-22	15278.0903
2009-12-23	15342.5957
2009-12-24	15388.9404
2009-12-25	15388.9404
2009-12-26	15388.9404
2009-12-27	15388.9404
2009-12-28	15388.9404
2009-12-29	15449.1147
2009-12-30	15422.0247
2009-12-31	15481.1317
2010-01-01	15481.1317
2010-01-02	15481.1317
2010-01-03	15481.1317
2010-01-04	15493.7429
2010-01-05	15570.2192
2010-01-06	15564.1448
2010-01-07	15545.7528
2010-01-08	15560.4629
2010-01-09	15560.4629
2010-01-10	15560.4629
2010-01-11	15621.7399
2010-01-12	15557.1811
2010-01-13	15540.5145
2010-01-14	15564.9364
2010-01-15	15556.6119
2010-01-16	15556.6119
2010-01-17	15556.6119
2010-01-18	15583.2039
2010-01-19	15555.8649
2010-01-20	15546.7044
2010-01-21	15467.0264
2010-01-22	15376.0713
2010-01-23	15376.0713
2010-01-24	15376.0713
2010-01-25	15344.0988
2010-01-26	15323.3233
2010-01-27	15255.3137
2010-01-28	15263.7538
2010-01-29	15166.3508
2010-01-30	15166.3508
2010-01-31	15166.3508
2010-02-01	15163.0424
2010-02-02	15293.7342
2010-02-03	15307.0835
2010-02-04	15238.1668
2010-02-05	15139.7411
2010-02-06	15139.7411
2010-02-07	15139.7411
2010-02-08	15092.8539
2010-02-09	15106.6034
2010-02-10	15110.1431
2010-02-11	15148.5813
2010-02-12	15162.2508
2010-02-13	15162.2508
2010-02-14	15162.2508
2010-02-15	15157.2971
2010-02-16	15192.6937
2010-02-17	15309.387
2010-02-18	15302.7167
2010-02-19	15273.9636
2010-02-20	15273.9636
2010-02-21	15273.9636
2010-02-22	15374.5772
2010-02-23	15368.2894
2010-02-24	15305.0824
2010-02-25	15255.7406
2010-02-26	15316.3151
2010-02-27	15316.3151
2010-02-28	15316.3151
2010-03-01	15372.4516
2010-03-02	15421.3577
2010-03-03	15465.8703
2010-03-04	15499.1324
2010-03-05	15534.2889
2010-03-06	15534.2889
2010-03-07	15534.2889
2010-03-08	15569.8634
2010-03-09	15593.8673
2010-03-10	15611.8858
2010-03-11	15591.7328
2010-03-12	15604.7798
2010-03-13	15604.7798
2010-03-14	15604.7798
2010-03-15	15574.5504
2010-03-16	15619.4543
2010-03-17	15663.1575
2010-03-18	15692.462
2010-03-19	15700.2617
2010-03-20	15700.2617
2010-03-21	15700.2617
2010-03-22	15661.1832
2010-03-23	15719.383
2010-03-24	15717.6399
2010-03-25	15724.986
2010-03-26	15756.425
2010-03-27	15756.425
2010-03-28	15756.425
2010-03-29	15748.145
2010-03-30	15766.5281
2010-03-31	15788.8511
2010-04-01	15842.4263
2010-04-02	15848.3584
2010-04-03	15848.3584
2010-04-04	15848.3584
2010-04-05	15863.1396
2010-04-06	15902.2715
2010-04-07	15885.8183
2010-04-08	15894.0182
2010-04-09	15903.4899
2010-04-10	15903.4899
2010-04-11	15903.4899
2010-04-12	15963.264
2010-04-13	15973.7674
2010-04-14	16024.9502
2010-04-15	16036.5119
2010-04-16	15999.799
2010-04-17	15999.799
2010-04-18	15999.799
2010-04-19	15930.8201
2010-04-20	15935.8272
2010-04-21	15909.9023
2010-04-22	15883.586
2010-04-23	15888.6376
2010-04-24	15888.6376
2010-04-25	15888.6376
2010-04-26	15890.7276
2010-04-27	15847.5135
2010-04-28	15778.7835
2010-04-29	15763.0596
2010-04-30	15767.293
2010-05-01	15767.293
2010-05-02	15767.293
2010-05-03	15757.3588
2010-05-04	15691.4037
2010-05-05	15614.1181
2010-05-06	15466.4484
2010-05-07	15310.9522
2010-05-08	15310.9522
2010-05-09	15310.9522
2010-05-10	15524.8617
2010-05-11	15457.1456
2010-05-12	15546.8467
2010-05-13	15601.3291
2010-05-14	15525.7955
2010-05-15	15525.7955
2010-05-16	15525.7955
2010-05-17	15413.3001
2010-05-18	15373.9369
2010-05-19	15299.8174
2010-05-20	15200.0398
2010-05-21	15176.872
2010-05-22	15176.872
2010-05-23	15176.872
2010-05-24	15214.0651
2010-05-25	15102.7347
2010-05-26	15129.5757
2010-05-27	15246.3756
2010-05-28	15330.2959
2010-05-29	15330.2959
2010-05-30	15330.2959
2010-05-31	15312.2418
2010-06-01	15271.7847
2010-06-02	15277.4055
2010-06-03	15407.2969
2010-06-04	15315.817
2010-06-05	15315.817
2010-06-06	15315.817
2010-06-07	15194.339
2010-06-08	15242.996
2010-06-09	15246.2422
2010-06-10	15330.4737
2010-06-11	15414.5452
2010-06-12	15414.5452
2010-06-13	15414.5452
2010-06-14	15408.5864
2010-06-15	15434.6803
2010-06-16	15488.967
2010-06-17	15494.819
2010-06-18	15515.6568
2010-06-19	15515.6568
2010-06-20	15515.6568
2010-06-21	15564.3583
2010-06-22	15481.0517
2010-06-23	15425.013
2010-06-24	15374.7462
2010-06-25	15313.1401
2010-06-26	15313.1401
2010-06-27	15313.1401
2010-06-28	15274.017
2010-06-29	15174.106
2010-06-30	15182.306
2010-07-01	15121.8471
2010-07-02	15100.7603
2010-07-03	15100.7603
2010-07-04	15100.7603
2010-07-05	15085.8101
2010-07-06	15161.486
2010-07-07	15195.0594
2010-07-08	15291.324
2010-07-09	15384.5825
2010-07-10	15384.5825
2010-07-11	15384.5825
2010-07-12	15425.7422
2010-07-13	15413.8693
2010-07-14	15506.692
2010-07-15	15499.2392
2010-07-16	15434.0934
2010-07-17	15434.0934
2010-07-18	15434.0934
2010-07-19	15381.0785
2010-07-20	15363.976
2010-07-21	15379.0596
2010-07-22	15374.8085
2010-07-23	15473.9457
2010-07-24	15473.9457
2010-07-25	15473.9457
2010-07-26	15515.977
2010-07-27	15539.0292
2010-07-28	15591.7862
2010-07-29	15561.8325
2010-07-30	15521.4465
2010-07-31	15521.4465
2010-08-01	15521.4465
2010-08-02	15618.6805
2010-08-03	15651.2401
2010-08-04	15636.3966
2010-08-05	15653.5613
2010-08-06	15659.7335
2010-08-07	15659.7335
2010-08-08	15659.7335
2010-08-09	15698.6609
2010-08-10	15644.7211
2010-08-11	15499.5326
2010-08-12	15426.6583
2010-08-13	15459.1556
2010-08-14	15459.1556
2010-08-15	15459.1556
2010-08-16	15474.088
2010-08-17	15544.7389
2010-08-18	15554.1039
2010-08-19	15547.496
2010-08-20	15496.3576
2010-08-21	15496.3576
2010-08-22	15496.3576
2010-08-23	15487.126
2010-08-24	15429.9578
2010-08-25	15378.0013
2010-08-26	15403.4548
2010-08-27	15419.0631
2010-08-28	15419.0631
2010-08-29	15419.0631
2010-08-30	15494.9524
2010-08-31	15471.2242
2010-09-01	15597.1224
2010-09-02	15657.6702
2010-09-03	15687.9974
2010-09-04	15687.9974
2010-09-05	15687.9974
2010-09-06	15739.9896
2010-09-07	15736.2987
2010-09-08	15709.5467
2010-09-09	15743.6093
2010-09-10	15722.9494
2010-09-11	15722.9494
2010-09-12	15722.9494
2010-09-13	15795.4235
2010-09-14	15824.7725
2010-09-15	15883.7105
2010-09-16	15825.8753
2010-09-17	15839.3847
2010-09-18	15839.3847
2010-09-19	15839.3847
2010-09-20	15871.215
2010-09-21	15845.5836
2010-09-22	15850.0393
2010-09-23	15833.4527
2010-09-24	15854.4505
2010-09-25	15854.4505
2010-09-26	15854.4505
2010-09-27	15896.1438
2010-09-28	15921.5618
2010-09-29	15893.9471
2010-09-30	15851.9959
2010-10-01	15824.2211
2010-10-02	15824.2211
2010-10-03	15824.2211
2010-10-04	15882.75
2010-10-05	15919.5429
2010-10-06	15979.5304
2010-10-07	15979.4415
2010-10-08	15982.0118
2010-10-09	15982.0118
2010-10-10	15982.0118
2010-10-11	16013.2906
2010-10-12	15943.787
2010-10-13	15956.3092
2010-10-14	16042.524
2010-10-15	16033.5592
2010-10-16	16033.5592
2010-10-17	16033.5592
2010-10-18	16001.9868
2010-10-19	15995.0765
2010-10-20	15972.4066
2010-10-21	15983.9861
2010-10-22	15994.9787
2010-10-23	15994.9787
2010-10-24	15994.9787
2010-10-25	16065.9231
2010-10-26	16058.9594
2010-10-27	16031.0156
2010-10-28	16076.5332
2010-10-29	16040.4251
2010-10-30	16040.4251
2010-10-31	16040.4251
2010-11-01	16101.9245
2010-11-02	16088.2105
2010-11-03	16120.8501
2010-11-04	16197.691
2010-11-05	16256.3356
2010-11-06	16256.3356
2010-11-07	16256.3356
2010-11-08	16233.7992
2010-11-09	16204.797
2010-11-10	16142.6662
2010-11-11	16199.2919
2010-11-12	16141.341
2010-11-13	16141.341
2010-11-14	16141.341
2010-11-15	16090.9587
2010-11-16	16104.139
2010-11-17	15981.5048
2010-11-18	16023.7406
2010-11-19	16033.9683
2010-11-20	16033.9683
2010-11-21	16033.9683
2010-11-22	16062.8904
2010-11-23	15980.0374
2010-11-24	15973.9719
2010-11-25	16001.1064
2010-11-26	16014.6514
2010-11-27	16014.6514
2010-11-28	16014.6514
2010-11-29	16047.9847
2010-11-30	16005.1796
2010-12-01	16048.1981
2010-12-02	16188.077
2010-12-03	16181.9137
2010-12-04	16181.9137
2010-12-05	16181.9137
2010-12-06	16178.552
2010-12-07	16235.48
2010-12-08	16182.4652
2010-12-09	16234.146
2010-12-10	16254.5924
2010-12-11	16254.5924
2010-12-12	16254.5924
2010-12-13	16242.7461
2010-12-14	16264.5355
2010-12-15	16270.0496
2010-12-16	16267.9596
2010-12-17	16290.0424
2010-12-18	16290.0424
2010-12-19	16290.0424
2010-12-20	16251.4352
2010-12-21	16303.0182
2010-12-22	16307.2338
2010-12-23	16325.8659
2010-12-24	16307.3138
2010-12-25	16307.3138
2010-12-26	16307.3138
2010-12-27	16310.9513
2010-12-28	16293.7066
2010-12-29	16295.0673
2010-12-30	16337.4188
2010-12-31	16271.7749
2011-01-01	16271.7749
2011-01-02	16271.7749
2011-01-03	16310.1153
2011-01-04	16340.2736
2011-01-05	16337.0452
2011-01-06	16371.1968
2011-01-07	16352.9381
2011-01-08	16352.9381
2011-01-09	16352.9381
2011-01-10	16336.2359
2011-01-11	16420.9299
2011-01-12	16437.8723
2011-01-13	16491.3229
2011-01-14	16532.2781
2011-01-15	16532.2781
2011-01-16	16532.2781
2011-01-17	16474.2739
2011-01-18	16526.5595
2011-01-19	16518.3062
2011-01-20	16463.397
2011-01-21	16416.0028
2011-01-22	16416.0028
2011-01-23	16416.0028
2011-01-24	16427.4667
2011-01-25	16484.4304
2011-01-26	16499.5584
2011-01-27	16521.2589
2011-01-28	16439.6777
2011-01-29	16439.6777
2011-01-30	16439.6777
2011-01-31	16404.1654
2011-02-01	16397.9132
2011-02-02	16479.2632
2011-02-03	16476.8619
2011-02-04	16541.4296
2011-02-05	16541.4296
2011-02-06	16541.4296
2011-02-07	16551.764
2011-02-08	16579.4854
2011-02-09	16586.5114
2011-02-10	16595.6807
2011-02-11	16585.8622
2011-02-12	16585.8622
2011-02-13	16585.8622
2011-02-14	16670.9475
2011-02-15	16700.3854
2011-02-16	16707.438
2011-02-17	16714.3928
2011-02-18	16726.4704
2011-02-19	16726.4704
2011-02-20	16726.4704
2011-02-21	16696.1698
2011-02-22	16613.7259
2011-02-23	16550.8124
2011-02-24	16470.6808
2011-02-25	16542.3812
2011-02-26	16542.3812
2011-02-27	16542.3812
2011-02-28	16558.7277
2011-03-01	16544.1777
2011-03-02	16510.0796
2011-03-03	16557.3937
2011-03-04	16655.6326
2011-03-05	16655.6326
2011-03-06	16655.6326
2011-03-07	16581.024
2011-03-08	16592.3634
2011-03-09	16560.6576
2011-03-10	16449.5852
2011-03-11	16350.7058
2011-03-12	16350.7058
2011-03-13	16350.7058
2011-03-14	16319.507
2011-03-15	16184.2795
2011-03-16	16200.617
2011-03-17	16223.1535
2011-03-18	16282.9097
2011-03-19	16282.9097
2011-03-20	16282.9097
2011-03-21	16350.8481
2011-03-22	16355.7218
2011-03-23	16367.3369
2011-03-24	16450.6168
2011-03-25	16503.5339
2011-03-26	16503.5339
2011-03-27	16503.5339
2011-03-28	16471.0188
2011-03-29	16517.6659
2011-03-30	16614.5797
2011-03-31	16671.988
2011-04-01	16724.665
2011-04-02	16724.665
2011-04-03	16724.665
2011-04-04	16780.6325
2011-04-05	16811.3778
2011-04-06	16822.4059
2011-04-07	16787.4717
2011-04-08	16818.7684
2011-04-09	16818.7684
2011-04-10	16818.7684
2011-04-11	16840.958
2011-04-12	16702.5643
2011-04-13	16736.7781
2011-04-14	16675.3231
2011-04-15	16641.9365
2011-04-16	16641.9365
2011-04-17	16641.9365
2011-04-18	16638.8059
2011-04-19	16573.5623
2011-04-20	16665.5135
2011-04-21	16736.6091
2011-04-22	16738.8058
2011-04-23	16738.8058
2011-04-24	16738.8058
2011-04-25	16741.4205
2011-04-26	16736.1644
2011-04-27	16672.3616
2011-04-28	16674.1047
2011-04-29	16585.4975
2011-04-30	16585.4975
2011-05-01	16585.4975
2011-05-02	16596.9169
2011-05-03	16523.3489
2011-05-04	16477.7779
2011-05-05	16496.8903
2011-05-06	16470.165
2011-05-07	16470.165
2011-05-08	16470.165
2011-05-09	16491.3585
2011-05-10	16493.6086
2011-05-11	16559.7505
2011-05-12	16455.2237
2011-05-13	16519.1155
2011-05-14	16519.1155
2011-05-15	16519.1155
2011-05-16	16417.4347
2011-05-17	16450.6613
2011-05-18	16486.5471
2011-05-19	16578.2314
2011-05-20	16536.6271
2011-05-21	16536.6271
2011-05-22	16536.6271
2011-05-23	16392.3458
2011-05-24	16373.767
2011-05-25	16312.0719
2011-05-26	16430.0548
2011-05-27	16479.2543
2011-05-28	16479.2543
2011-05-29	16479.2543
2011-05-30	16463.5126
2011-05-31	16571.2321
2011-06-01	16524.1582
2011-06-02	16371.3568
2011-06-03	16337.8723
2011-06-04	16337.8723
2011-06-05	16337.8723
2011-06-06	16352.9026
2011-06-07	16327.3334
2011-06-08	16280.6063
2011-06-09	16315.7717
2011-06-10	16298.02
2011-06-11	16298.02
2011-06-12	16298.02
2011-06-13	16292.2125
2011-06-14	16335.1776
2011-06-15	16290.9763
2011-06-16	16156.9227
2011-06-17	16153.6053
2011-06-18	16153.6053
2011-06-19	16153.6053
2011-06-20	16116.51
2011-06-21	16241.7145
2011-06-22	16258.5946
2011-06-23	16235.6668
2011-06-24	16269.3292
2011-06-25	16269.3292
2011-06-26	16269.3292
2011-06-27	16229.5747
2011-06-28	16231.4068
2011-06-29	16322.3085
2011-06-30	16530.5794
2011-07-01	16521.161
2011-07-02	16521.161
2011-07-03	16521.161
2011-07-04	16599.8963
2011-07-05	16589.0905
2011-07-06	16651.6572
2011-07-07	16667.4256
2011-07-08	16745.2181
2011-07-09	16745.2181
2011-07-10	16745.2181
2011-07-11	16633.363
2011-07-12	16490.6737
2011-07-13	16510.1241
2011-07-14	16482.5716
2011-07-15	16482.8651
2011-07-16	16482.8651
2011-07-17	16482.8651
2011-07-18	16472.086
2011-07-19	16389.3575
2011-07-20	16527.2354
2011-07-21	16516.6787
2011-07-22	16599.2026
2011-07-23	16599.2026
2011-07-24	16599.2026
2011-07-25	16489.6687
2011-07-26	16552.4132
2011-07-27	16438.148
2011-07-28	16326.7998
2011-07-29	16270.1474
2011-07-30	16270.1474
2011-07-31	16270.1474
2011-08-01	16395.2896
2011-08-02	16289.9802
2011-08-03	16145.3254
2011-08-04	15986.1206
2011-08-05	15696.7221
2011-08-06	15696.7221
2011-08-07	15696.7221
2011-08-08	15403.7572
2011-08-09	15504.5486
2011-08-10	15605.1444
2011-08-11	15652.7253
2011-08-12	15713.5844
2011-08-13	15713.5844
2011-08-14	15713.5844
2011-08-15	15914.5803
2011-08-16	15891.6525
2011-08-17	15932.0563
2011-08-18	15790.0073
2011-08-19	15490.559
2011-08-20	15490.559
2011-08-21	15490.559
2011-08-22	15482.3146
2011-08-23	15684.4489
2011-08-24	15666.9818
2011-08-25	15709.1287
2011-08-26	15684.52
2011-08-27	15684.52
2011-08-28	15684.52
2011-08-29	15866.6259
2011-08-30	15875.7685
2011-08-31	15964.1445
2011-09-01	15966.608
2011-09-02	15842.5153
2011-09-03	15842.5153
2011-09-04	15842.5153
2011-09-05	15693.6805
2011-09-06	15609.4134
2011-09-07	15822.2556
2011-09-08	15822.3712
2011-09-09	15794.9877
2011-09-10	15794.9877
2011-09-11	15794.9877
2011-09-12	15599.7015
2011-09-13	15672.2557
2011-09-14	15606.1939
2011-09-15	15745.0945
2011-09-16	15859.5021
2011-09-17	15859.5021
2011-09-18	15859.5021
2011-09-19	15741.3948
2011-09-20	15667.5154
2011-09-21	15684.1287
2011-09-22	15487.6863
2011-09-23	15391.1727
2011-09-24	15391.1727
2011-09-25	15391.1727
2011-09-26	15347.7629
2011-09-27	15589.6339
2011-09-28	15601.8627
2011-09-29	15565.3988
2011-09-30	15518.485
2011-10-01	15518.485
2011-10-02	15518.485
2011-10-03	15294.5969
2011-10-04	15311.7616
2011-10-05	15406.3897
2011-10-06	15662.8018
2011-10-07	15785.1781
2011-10-08	15785.1781
2011-10-09	15785.1781
2011-10-10	15760.9874
2011-10-11	15903.2587
2011-10-12	15841.7593
2011-10-13	15917.3551
2011-10-14	15862.3747
2011-10-15	15862.3747
2011-10-16	15862.3747
2011-10-17	15986.6809
2011-10-18	15818.9205
2011-10-19	15868.9738
2011-10-20	15725.6352
2011-10-21	15749.7014
2011-10-22	15749.7014
2011-10-23	15749.7014
2011-10-24	15983.8527
2011-10-25	15923.9631
2011-10-26	15983.6304
2011-10-27	16146.7306
2011-10-28	16176.4531
2011-10-29	16176.4531
2011-10-30	16176.4531
2011-10-31	16071.2237
2011-11-01	15981.4604
2011-11-02	15935.3825
2011-11-03	15940.2117
2011-11-04	16164.589
2011-11-05	16164.589
2011-11-06	16164.589
2011-11-07	16140.4428
2011-11-08	16183.7992
2011-11-09	16255.3573
2011-11-10	16066.3055
2011-11-11	16180.7843
2011-11-12	16180.7843
2011-11-13	16180.7843
2011-11-14	16199.9767
2011-11-15	16175.0657
2011-11-16	16109.493
2011-11-17	16103.4987
2011-11-18	15943.7158
2011-11-19	15943.7158
2011-11-20	15943.7158
2011-11-21	15940.9766
2011-11-22	15867.6042
2011-11-23	15726.5335
2011-11-24	15734.1909
2011-11-25	15604.0238
2011-11-26	15604.0238
2011-11-27	15604.0238
2011-11-28	15741.955
2011-11-29	15870.5924
2011-11-30	15872.8603
2011-12-01	16129.7082
2011-12-02	16171.2503
2011-12-03	16171.2503
2011-12-04	16171.2503
2011-12-05	16237.7035
2011-12-06	16157.0827
2011-12-07	16209.4751
2011-12-08	16156.4068
2011-12-09	16042.3194
2011-12-10	16042.3194
2011-12-11	16042.3194
2011-12-12	16120.1742
2011-12-13	16014.9448
2011-12-14	16007.6165
2011-12-15	15904.7617
2011-12-16	15918.1022
2011-12-17	15918.1022
2011-12-18	15918.1022
2011-12-19	15769.3029
2011-12-20	15760.6939
2011-12-21	15918.2712
2011-12-22	15838.9667
2011-12-23	15937.9972
2011-12-24	15937.9972
2011-12-25	15937.9972
2011-12-26	15930.4109
2011-12-27	15925.6173
2011-12-28	15822.14
2011-12-29	15821.633
2011-12-30	15785.9785
2011-12-31	15798.6341
2012-01-01	15798.6341
2012-01-02	15807.9724
2012-01-03	15889.1534
2012-01-04	16036.4941
2012-01-05	15966.5102
2012-01-06	15912.1968
2012-01-07	15912.1968
2012-01-08	15912.1968
2012-01-09	15924.2832
2012-01-10	16015.5407
2012-01-11	16073.2781
2012-01-12	16083.5325
2012-01-13	16109.4841
2012-01-14	16109.4841
2012-01-15	16109.4841
2012-01-16	16026.0797
2012-01-17	16157.7587
2012-01-18	16174.9767
2012-01-19	16194.3737
2012-01-20	16221.4904
2012-01-21	16221.4904
2012-01-22	16221.4904
2012-01-23	16176.1774
2012-01-24	16191.4744
2012-01-25	16267.7639
2012-01-26	16247.353
2012-01-27	16298.9627
2012-01-28	16298.9627
2012-01-29	16298.9627
2012-01-30	16273.7582
2012-01-31	16276.4085
2012-02-01	16227.2712
2012-02-02	16339.3398
2012-02-03	16324.9944
2012-02-04	16324.9944
2012-02-05	16324.9944
2012-02-06	16399.7809
2012-02-07	16346.2057
2012-02-08	16408.4166
2012-02-09	16412.1252
2012-02-10	16350.5724
2012-02-11	16350.5724
2012-02-12	16350.5724
2012-02-13	16419.9249
2012-02-14	16364.1174
2012-02-15	16413.6193
2012-02-16	16311.6006
2012-02-17	16375.7147
2012-02-18	16375.7147
2012-02-19	16375.7147
2012-02-20	16487.0362
2012-02-21	16549.1315
2012-02-22	16551.4527
2012-02-23	16527.2976
2012-02-24	16587.3563
2012-02-25	16587.3563
2012-02-26	16587.3563
2012-02-27	16538.4147
2012-02-28	16568.991
2012-02-29	16635.6042
2012-03-01	16557.9451
2012-03-02	16601.1681
2012-03-03	16601.1681
2012-03-04	16601.1681
2012-03-05	16593.4573
2012-03-06	16474.8786
2012-03-07	16408.4521
2012-03-08	16503.8541
2012-03-09	16579.1386
2012-03-10	16579.1386
2012-03-11	16579.1386
2012-03-12	16593.0749
2012-03-13	16698.3754
2012-03-14	16787.2049
2012-03-15	16727.6621
2012-03-16	16717.6835
2012-03-17	16717.6835
2012-03-18	16717.6835
2012-03-19	16744.1598
2012-03-20	16747.2903
2012-03-21	16725.1007
2012-03-22	16782.6158
2012-03-23	16747.3081
2012-03-24	16747.3081
2012-03-25	16747.3081
2012-03-26	16743.7062
2012-03-27	16864.0458
2012-03-28	16935.097
2012-03-29	16904.1917
2012-03-30	16907.6424
2012-03-31	16924.5669
2012-04-01	16924.5669
2012-04-02	16930.6858
2012-04-03	16969.6576
2012-04-04	16944.791
2012-04-05	16894.8089
2012-04-06	16893.5727
2012-04-07	16893.5727
2012-04-08	16893.5727
2012-04-09	16865.202
2012-04-10	16813.8591
2012-04-11	16735.8353
2012-04-12	16803.8271
2012-04-13	16907.7936
2012-04-14	16907.7936
2012-04-15	16907.7936
2012-04-16	16830.2323
2012-04-17	16821.3209
2012-04-18	16947.1923
2012-04-19	16930.7747
2012-04-20	16909.2254
2012-04-21	16909.2254
2012-04-22	16909.2254
2012-04-23	16882.4556
2012-04-24	16901.5414
2012-04-25	16934.7324
2012-04-26	16949.14
2012-04-27	16943.4481
2012-04-28	16943.4481
2012-04-29	16943.4481
2012-04-30	17102.2527
2012-05-01	17171.2494
2012-05-02	17174.042
2012-05-03	17153.2665
2012-05-04	17074.22
2012-05-05	17074.22
2012-05-06	17074.22
2012-05-07	16925.0917
2012-05-08	16980.161
2012-05-09	16908.8163
2012-05-10	16933.4161
2012-05-11	16912.7117
2012-05-12	16912.7117
2012-05-13	16912.7117
2012-05-14	16934.3055
2012-05-15	16860.5417
2012-05-16	16666.7408
2012-05-17	16682.3758
2012-05-18	16478.2315
2012-05-19	16478.2315
2012-05-20	16478.2315
2012-05-21	16585.5865
2012-05-22	16668.1104
2012-05-23	16596.4811
2012-05-24	16586.4669
2012-05-25	16539.562
2012-05-26	16539.562
2012-05-27	16539.562
2012-05-28	16600.9013
2012-05-29	16698.3932
2012-05-30	16657.6515
2012-05-31	16659.4925
2012-06-01	16600.1275
2012-06-02	16600.1275
2012-06-03	16600.1275
2012-06-04	16412.9612
2012-06-05	16538.8771
2012-06-06	16563.9127
2012-06-07	16657.8294
2012-06-08	16573.3133
2012-06-09	16573.3133
2012-06-10	16573.3133
2012-06-11	16567.1944
2012-06-12	16624.0603
2012-06-13	16562.8632
2012-06-14	16542.2211
2012-06-15	16593.0037
2012-06-16	16593.0037
2012-06-17	16593.0037
2012-06-18	16716.3939
2012-06-19	16677.3598
2012-06-20	16693.3772
2012-06-21	16581.2908
2012-06-22	16548.8113
2012-06-23	16548.8113
2012-06-24	16548.8113
2012-06-25	16526.7551
2012-06-26	16504.2543
2012-06-27	16582.0913
2012-06-28	16580.7305
2012-06-29	16680.4903
2012-06-30	16810.7286
2012-07-01	16810.7286
2012-07-02	17011.511
2012-07-03	17020.6892
2012-07-04	17100.3139
2012-07-05	17081.9307
2012-07-06	17069.4797
2012-07-07	17069.4797
2012-07-08	17069.4797
2012-07-09	16993.7682
2012-07-10	16966.785
2012-07-11	16960.8085
2012-07-12	16905.9793
2012-07-13	16962.934
2012-07-14	16962.934
2012-07-15	16962.934
2012-07-16	16992.3719
2012-07-17	17038.6721
2012-07-18	16975.8921
2012-07-19	17018.5281
2012-07-20	16967.4609
2012-07-21	16967.4609
2012-07-22	16967.4609
2012-07-23	16847.6638
2012-07-24	16842.6833
2012-07-25	16804.5653
2012-07-26	16851.8082
2012-07-27	16987.7739
2012-07-28	16987.7739
2012-07-29	16987.7739
2012-07-30	17020.3691
2012-07-31	17056.7707
2012-08-01	17027.8931
2012-08-02	17012.5249
2012-08-03	16957.6601
2012-08-04	16957.6601
2012-08-05	16957.6601
2012-08-06	17077.1726
2012-08-07	17128.9158
2012-08-08	17147.2544
2012-08-09	17146.1872
2012-08-10	17114.4992
2012-08-11	17114.4992
2012-08-12	17114.4992
2012-08-13	17149.6201
2012-08-14	17177.2882
2012-08-15	17150.5628
2012-08-16	17247.2988
2012-08-17	17328.5776
2012-08-18	17328.5776
2012-08-19	17328.5776
2012-08-20	17336.3329
2012-08-21	17358.2556
2012-08-22	17358.7626
2012-08-23	17369.2659
2012-08-24	17333.0155
2012-08-25	17333.0155
2012-08-26	17333.0155
2012-08-27	17347.0764
2012-08-28	17373.2414
2012-08-29	17387.3823
2012-08-30	17317.2471
2012-08-31	17343.9636
2012-09-01	17343.9636
2012-09-02	17343.9636
2012-09-03	17427.9817
2012-09-04	17367.8252
2012-09-05	17343.1276
2012-09-06	17418.4833
2012-09-07	17453.2129
2012-09-08	17453.2129
2012-09-09	17453.2129
2012-09-10	17463.9653
2012-09-11	17422.2186
2012-09-12	17502.3946
2012-09-13	17479.7514
2012-09-14	17595.3597
2012-09-15	17595.3597
2012-09-16	17595.3597
2012-09-17	17599.7442
2012-09-18	17583.1932
2012-09-19	17621.5069
2012-09-20	17588.7428
2012-09-21	17608.8869
2012-09-22	17608.8869
2012-09-23	17608.8869
2012-09-24	17578.4707
2012-09-25	17551.8965
2012-09-26	17537.9691
2012-09-27	17593.2519
2012-09-28	17601.1049
2012-09-29	17601.1049
2012-09-30	17604.0398
2012-10-01	17616.8556
2012-10-02	17724.6285
2012-10-03	17758.4154
2012-10-04	17779.1553
2012-10-05	17837.284
2012-10-06	17837.284
2012-10-07	17837.284
2012-10-08	17795.7063
2012-10-09	17811.7771
2012-10-10	17743.1539
2012-10-11	17736.5904
2012-10-12	17754.5644
2012-10-13	17754.5644
2012-10-14	17754.5644
2012-10-15	17771.0087
2012-10-16	17806.6455
2012-10-17	17837.8532
2012-10-18	17856.5743
2012-10-19	17838.5291
2012-10-20	17838.5291
2012-10-21	17838.5291
2012-10-22	17807.9529
2012-10-23	17795.0304
2012-10-24	17711.6171
2012-10-25	17720.5819
2012-10-26	17650.5713
2012-10-27	17650.5713
2012-10-28	17650.5713
2012-10-29	17682.9174
2012-10-30	17692.7448
2012-10-31	17733.5132
2012-11-01	17681.3254
2012-11-02	17692.0511
2012-11-03	17692.0511
2012-11-04	17692.0511
2012-11-05	17700.34
2012-11-06	17708.5577
2012-11-07	17723.1966
2012-11-08	17653.6218
2012-11-09	17653.3817
2012-11-10	17653.3817
2012-11-11	17653.3817
2012-11-12	17630.9253
2012-11-13	17529.8137
2012-11-14	17545.0306
2012-11-15	17475.3046
2012-11-16	17459.554
2012-11-17	17459.554
2012-11-18	17459.554
2012-11-19	17520.0129
2012-11-20	17567.1669
2012-11-21	17559.5273
2012-11-22	17617.5315
2012-11-23	17638.4048
2012-11-24	17638.4048
2012-11-25	17638.4048
2012-11-26	17656.281
2012-11-27	17687.0529
2012-11-28	17686.2703
2012-11-29	17764.5609
2012-11-30	17822.9653
2012-12-01	17822.9653
2012-12-02	17822.9653
2012-12-03	17858.7532
2012-12-04	17795.653
2012-12-05	17832.188
2012-12-06	17806.1297
2012-12-07	17879.6355
2012-12-08	17879.6355
2012-12-09	17879.6355
2012-12-10	17889.7475
2012-12-11	17925.9713
2012-12-12	17924.6105
2012-12-13	17913.2089
2012-12-14	17898.2676
2012-12-15	17898.2676
2012-12-16	17898.2676
2012-12-17	17899.6194
2012-12-18	17955.9428
2012-12-19	18009.011
2012-12-20	18064.9697
2012-12-21	18044.123
2012-12-22	18044.123
2012-12-23	18044.123
2012-12-24	18073.2052
2012-12-25	18082.9793
2012-12-26	18078.5858
2012-12-27	18096.8533
2012-12-28	18117.8957
2012-12-29	18117.8957
2012-12-30	18117.8957
2012-12-31	18161.7234
2013-01-01	18162.0703
2013-01-02	18258.5394
2013-01-03	18318.2245
2013-01-04	18303.5234
2013-01-05	18303.5234
2013-01-06	18303.5234
2013-01-07	18328.9947
2013-01-08	18283.9663
2013-01-09	18335.9762
2013-01-10	18357.1964
2013-01-11	18351.7713
2013-01-12	18351.7713
2013-01-13	18351.7713
2013-01-14	18383.0146
2013-01-15	18378.4789
2013-01-16	18410.3447
2013-01-17	18416.7748
2013-01-18	18442.4418
2013-01-19	18442.4418
2013-01-20	18442.4418
2013-01-21	18449.8502
2013-01-22	18449.2632
2013-01-23	18479.297
2013-01-24	18519.9853
2013-01-25	18569.923
2013-01-26	18569.923
2013-01-27	18569.923
2013-01-28	18571.5683
2013-01-29	18626.2552
2013-01-30	18659.802
2013-01-31	18635.1577
2013-02-01	18708.8681
2013-02-02	18708.8681
2013-02-03	18708.8681
2013-02-04	18682.5341
2013-02-05	18664.3733
2013-02-06	18724.094
2013-02-07	18758.9659
2013-02-08	18815.058
2013-02-09	18815.058
2013-02-10	18815.058
2013-02-11	18825.7926
2013-02-12	18818.6599
2013-02-13	18863.0747
2013-02-14	18886.7139
2013-02-15	18904.1454
2013-02-16	18904.1454
2013-02-17	18904.1454
2013-02-18	18940.4136
2013-02-19	18989.4264
2013-02-20	19035.4242
2013-02-21	18865.9918
2013-02-22	18895.0117
2013-02-23	18895.0117
2013-02-24	18895.0117
2013-02-25	18964.0529
2013-02-26	18911.2247
2013-02-27	18977.8736
2013-02-28	19081.8756
2013-03-01	19059.7394
2013-03-02	19059.7394
2013-03-03	19059.7394
2013-03-04	18996.7725
2013-03-05	19092.6369
2013-03-06	19174.1914
2013-03-07	19164.5596
2013-03-08	19195.5539
2013-03-09	19195.5539
2013-03-10	19195.5539
2013-03-11	19226.1569
2013-03-12	19155.1591
2013-03-13	19130.7105
2013-03-14	19016.1428
2013-03-15	19155.1591
2013-03-16	19155.1591
2013-03-17	19155.1591
2013-03-18	19006.0397
2013-03-19	18978.2916
2013-03-20	18975.4456
2013-03-21	18923.7381
2013-03-22	18946.0077
2013-03-23	18946.0077
2013-03-24	18946.0077
2013-03-25	18958.4943
2013-03-26	18994.1222
2013-03-27	19088.448
2013-03-28	19068.7219
2013-03-29	19075.7301
2013-03-30	19075.7301
2013-03-31	19086.0022
2013-04-01	19058.3609
2013-04-02	19101.3082
2013-04-03	19023.231
2013-04-04	18977.8736
2013-04-05	18930.6751
2013-04-06	18930.6751
2013-04-07	18930.6751
2013-04-08	18978.167
2013-04-09	19076.0325
2013-04-10	19085.1929
2013-04-11	19168.3483
2013-04-12	19179.7499
2013-04-13	19179.7499
2013-04-14	19179.7499
2013-04-15	19110.5842
2013-04-16	19108.6632
2013-04-17	19150.8812
2013-04-18	19020.5807
2013-04-19	19054.501
2013-04-20	19054.501
2013-04-21	19054.501
2013-04-22	19130.4437
2013-04-23	19235.9576
2013-04-24	19400.9433
2013-04-25	19406.3862
2013-04-26	19379.4118
2013-04-27	19379.4118
2013-04-28	19379.4118
2013-04-29	19439.5149
2013-04-30	19550.5073
2013-05-01	19515.1018
2013-05-02	19503.798
2013-05-03	19526.6013
2013-05-04	19526.6013
2013-05-05	19526.6013
2013-05-06	19600.1693
2013-05-07	19623.5507
2013-05-08	19740.6975
2013-05-09	19723.346
2013-05-10	19793.4812
2013-05-11	19793.4812
2013-05-12	19793.4812
2013-05-13	19835.4146
2013-05-14	19883.0133
2013-05-15	19870.5622
2013-05-16	19880.0428
2013-05-17	19964.3988
2013-05-18	19964.3988
2013-05-19	19964.3988
2013-05-20	20008.8136
2013-05-21	19973.6571
2013-05-22	19955.8965
2013-05-23	19702.7217
2013-05-24	19619.0505
2013-05-25	19619.0505
2013-05-26	19619.0505
2013-05-27	19613.2607
2013-05-28	19647.2878
2013-05-29	19621.9676
2013-05-30	19559.9435
2013-05-31	19566.2579
2013-06-01	19566.2579
2013-06-02	19566.2579
2013-06-03	19452.9621
2013-06-04	19490.9734
2013-06-05	19377.4552
2013-06-06	19298.1152
2013-06-07	19299.0757
2013-06-08	19299.0757
2013-06-09	19299.0757
2013-06-10	19323.6666
2013-06-11	19318.1792
2013-06-12	19210.1572
2013-06-13	19145.1626
2013-06-14	19291.694
2013-06-15	19291.694
2013-06-16	19291.694
2013-06-17	19380.1144
2013-06-18	19415.1375
2013-06-19	19427.7664
2013-06-20	19264.3105
2013-06-21	19182.5247
2013-06-22	19182.5247
2013-06-23	19182.5247
2013-06-24	18991.3385
2013-06-25	19037.5587
2013-06-26	19166.7475
2013-06-27	19411.1976
2013-06-28	19447.8482
2013-06-29	19447.8482
2013-06-30	19447.8482
2013-07-01	19304.1362
2013-07-02	19537.9851
2013-07-03	19402.2595
2013-07-04	19474.9382
2013-07-05	19601.5212
2013-07-06	19601.5212
2013-07-07	19601.5212
2013-07-08	19512.6294
2013-07-09	19668.081
2013-07-10	19697.9103
2013-07-11	19881.5014
2013-07-12	19914.3277
2013-07-13	19914.3277
2013-07-14	19914.3277
2013-07-15	19918.2943
2013-07-16	19873.5149
2013-07-17	19876.0407
2013-07-18	19941.4888
2013-07-19	19894.1303
2013-07-20	19894.1303
2013-07-21	19894.1303
2013-07-22	19948.2747
2013-07-23	19977.1167
2013-07-24	20015.7328
2013-07-25	19990.2437
2013-07-26	19985.5034
2013-07-27	19985.5034
2013-07-28	19985.5034
2013-07-29	19989.4344
2013-07-30	20055.1138
2013-07-31	20065.6705
2013-08-01	20156.848
2013-08-02	20251.2449
2013-08-03	20251.2449
2013-08-04	20251.2449
2013-08-05	20275.6668
2013-08-06	20217.2446
2013-08-07	20062.0241
2013-08-08	20124.3329
2013-08-09	20062.4955
2013-08-10	20062.4955
2013-08-11	20062.4955
2013-08-12	20154.918
2013-08-13	20264.3007
2013-08-14	20233.4221
2013-08-15	20201.1204
2013-08-16	20082.3016
2013-08-17	20082.3016
2013-08-18	20082.3016
2013-08-19	20112.2998
2013-08-20	20083.5111
2013-08-21	20123.3635
2013-08-22	20091.4265
2013-08-23	20191.8977
2013-08-24	20191.8977
2013-08-25	20191.8977
2013-08-26	20194.4146
2013-08-27	20182.5061
2013-08-28	20086.7573
2013-08-29	20114.4876
2013-08-30	20174.6174
2013-08-31	20174.6174
2013-09-01	20174.6174
2013-09-02	20256.8479
2013-09-03	20231.4299
2013-09-04	20160.9657
2013-09-05	20176.2094
2013-09-06	20161.2414
2013-09-07	20161.2414
2013-09-08	20161.2414
2013-09-09	20275.9069
2013-09-10	20299.9997
2013-09-11	20352.9346
2013-09-12	20398.5322
2013-09-13	20381.5898
2013-09-14	20381.5898
2013-09-15	20381.5898
2013-09-16	20436.4457
2013-09-17	20444.6101
2013-09-18	20457.0522
2013-09-19	20573.9411
2013-09-20	20540.1187
2013-09-21	20540.1187
2013-09-22	20540.1187
2013-09-23	20481.4119
2013-09-24	20475.213
2013-09-25	20549.039
2013-09-26	20577.9611
2013-09-27	20614.9141
2013-09-28	20614.9141
2013-09-29	20614.9141
2013-09-30	20447.1181
2013-10-01	20457.6926
2013-10-02	20490.0387
2013-10-03	20510.1739
2013-10-04	20441.0081
2013-10-05	20441.0081
2013-10-06	20441.0081
2013-10-07	20365.4123
2013-10-08	20302.2676
2013-10-09	20304.8823
2013-10-10	20339.6119
2013-10-11	20512.5662
2013-10-12	20512.5662
2013-10-13	20512.5662
2013-10-14	20484.5069
2013-10-15	20524.8572
2013-10-16	20555.7893
2013-10-17	20577.7832
2013-10-18	20676.9293
2013-10-19	20676.9293
2013-10-20	20676.9293
2013-10-21	20733.4305
2013-10-22	20755.5045
2013-10-23	20757.3721
2013-10-24	20805.0598
2013-10-25	20827.6229
2013-10-26	20827.6229
2013-10-27	20827.6229
2013-10-28	20921.1571
2013-10-29	20913.9711
2013-10-30	20941.488
2013-10-31	20910.1113
2013-11-01	20900.604
2013-11-02	20900.604
2013-11-03	20900.604
2013-11-04	20834.302
2013-11-05	20878.4233
2013-11-06	20880.9935
2013-11-07	20875.1682
2013-11-08	20902.187
2013-11-09	20902.187
2013-11-10	20902.187
2013-11-11	20887.646
2013-11-12	20920.3478
2013-11-13	20826.9559
2013-11-14	20884.6043
2013-11-15	20972.8647
2013-11-16	20972.8647
2013-11-17	20972.8647
2013-11-18	20946.0771
2013-11-19	20912.9038
2013-11-20	20827.6229
2013-11-21	20858.6794
2013-11-22	20986.4541
2013-11-23	20986.4541
2013-11-24	20986.4541
2013-11-25	21032.7721
2013-11-26	21051.7511
2013-11-27	21058.1545
2013-11-28	21045.3566
2013-11-29	21025.1947
2013-11-30	21025.1947
2013-12-01	21025.1947
2013-12-02	20956.0201
2013-12-03	20904.1347
2013-12-04	20956.5538
2013-12-05	20797.5446
2013-12-06	20767.3063
2013-12-07	20767.3063
2013-12-08	20767.3063
2013-12-09	20795.0633
2013-12-10	20768.0
2013-12-11	20710.8585
2013-12-12	20683.8574
2013-12-13	20716.0702
2013-12-14	20716.0702
2013-12-15	20716.0702
2013-12-16	20741.1769
2013-12-17	20784.0352
2013-12-18	20836.3475
2013-12-19	20999.9991
2013-12-20	21082.5853
2013-12-21	21082.5853
2013-12-22	21082.5853
2013-12-23	21157.4163
2013-12-24	21213.6773
2013-12-25	21214.1398
2013-12-26	21244.7428
2013-12-27	21248.985
2013-12-28	21248.985
2013-12-29	21248.985
2013-12-30	21295.8811
2013-12-31	21296.6193
2014-01-01	21297.4197
2014-01-02	21313.8106
2014-01-03	21275.3546
2014-01-04	21275.3546
2014-01-05	21275.3546
2014-01-06	21235.6535
2014-01-07	21271.6104
2014-01-08	21310.9024
2014-01-09	21327.3201
2014-01-10	21304.4012
2014-01-11	21304.4012
2014-01-12	21304.4012
2014-01-13	21239.6912
2014-01-14	21165.8118
2014-01-15	21281.509
2014-01-16	21420.8721
2014-01-17	21414.691
2014-01-18	21414.691
2014-01-19	21414.691
2014-01-20	21386.5783
2014-01-21	21453.0403
2014-01-22	21416.3097
2014-01-23	21336.8985
2014-01-24	21268.5421
2014-01-25	21268.5421
2014-01-26	21268.5421
2014-01-27	21214.7535
2014-01-28	21109.8087
2014-01-29	21179.5169
2014-01-30	21143.3821
2014-01-31	21147.4821
2014-02-01	21147.4821
2014-02-02	21147.4821
2014-02-03	21042.0393
2014-02-04	20868.4624
2014-02-05	20829.455
2014-02-06	20962.139
2014-02-07	21053.4053
2014-02-08	21053.4053
2014-02-09	21053.4053
2014-02-10	21151.1907
2014-02-11	21208.9015
2014-02-12	21298.5759
2014-02-13	21336.8184
2014-02-14	21419.3691
2014-02-15	21419.3691
2014-02-16	21419.3691
2014-02-17	21472.5174
2014-02-18	21500.1588
2014-02-19	21521.9481
2014-02-20	21546.9659
2014-02-21	21598.0509
2014-02-22	21598.0509
2014-02-23	21598.0509
2014-02-24	21624.9808
2014-02-25	21619.7068
2014-02-26	21661.3023
2014-02-27	21664.842
2014-02-28	21693.5328
2014-03-01	21693.5328
2014-03-02	21693.5328
2014-03-03	21643.6841
2014-03-04	21721.1564
2014-03-05	21776.6171
2014-03-06	21765.7046
2014-03-07	21784.23
2014-03-08	21784.23
2014-03-09	21784.23
2014-03-10	21713.2589
2014-03-11	21728.218
2014-03-12	21669.9736
2014-03-13	21631.731
2014-03-14	21504.4099
2014-03-15	21504.4099
2014-03-16	21504.4099
2014-03-17	21508.2608
2014-03-18	21557.8517
2014-03-19	21602.64
2014-03-20	21519.5024
2014-03-21	21562.6542
2014-03-22	21562.6542
2014-03-23	21562.6542
2014-03-24	21541.2206
2014-03-25	21530.0591
2014-03-26	21547.0459
2014-03-27	21492.6259
2014-03-28	21552.5867
2014-03-29	21552.5867
2014-03-30	21552.5867
2014-03-31	21603.0135
2014-04-01	21637.0049
2014-04-02	21676.2169
2014-04-03	21693.9597
2014-04-04	21652.3998
2014-04-05	21652.3998
2014-04-06	21652.3998
2014-04-07	21605.0057
2014-04-08	21573.4956
2014-04-09	21683.8121
2014-04-10	21660.8754
2014-04-11	21542.8659
2014-04-12	21542.8659
2014-04-13	21542.8659
2014-04-14	21454.3566
2014-04-15	21510.8489
2014-04-16	21606.5888
2014-04-17	21685.5286
2014-04-18	21690.9537
2014-04-19	21690.9537
2014-04-20	21690.9537
2014-04-21	21695.2582
2014-04-22	21739.9664
2014-04-23	21891.8695
2014-04-24	21934.5678
2014-04-25	21893.5326
2014-04-26	21893.5326
2014-04-27	21893.5326
2014-04-28	21919.9022
2014-04-29	21837.0937
2014-04-30	21856.6686
2014-05-01	21808.1805
2014-05-02	21848.6376
2014-05-03	21848.6376
2014-05-04	21848.6376
2014-05-05	21853.5647
2014-05-06	21832.887
2014-05-07	21784.6391
2014-05-08	21826.955
2014-05-09	21823.9845
2014-05-10	21823.9845
2014-05-11	21823.9845
2014-05-12	21846.2452
2014-05-13	21936.0086
2014-05-14	21954.9253
2014-05-15	21954.9698
2014-05-16	21920.7827
2014-05-17	21920.7827
2014-05-18	21920.7827
2014-05-19	21848.1485
2014-05-20	21884.808
2014-05-21	21949.1
2014-05-22	22017.7143
2014-05-23	22065.0818
2014-05-24	22065.0818
2014-05-25	22065.0818
2014-05-26	22104.2938
2014-05-27	22116.7537
2014-05-28	22154.5338
2014-05-29	22160.6615
2014-05-30	22118.3546
2014-05-31	22118.3546
2014-06-01	22118.3546
2014-06-02	22191.4513
2014-06-03	22120.071
2014-06-04	22070.0622
2014-06-05	22069.6264
2014-06-06	22127.4172
2014-06-07	22127.4172
2014-06-08	22127.4172
2014-06-09	22130.3965
2014-06-10	22142.8654
2014-06-11	22097.3123
2014-06-12	22042.5987
2014-06-13	22047.8459
2014-06-14	22047.8459
2014-06-15	22047.8459
2014-06-16	22059.4966
2014-06-17	22091.6559
2014-06-18	22073.0593
2014-06-19	22216.5491
2014-06-20	22144.0394
2014-06-21	22144.0394
2014-06-22	22144.0394
2014-06-23	22169.3061
2014-06-24	22165.5175
2014-06-25	22123.6996
2014-06-26	22246.7696
2014-06-27	22211.7554
2014-06-28	22211.7554
2014-06-29	22211.7554
2014-06-30	22146.1649
2014-07-01	22201.9813
2014-07-02	22372.1964
2014-07-03	22457.8509
2014-07-04	22484.7808
2014-07-05	22484.7808
2014-07-06	22484.7808
2014-07-07	22463.0092
2014-07-08	22375.4692
2014-07-09	22293.0254
2014-07-10	22310.1011
2014-07-11	22355.2896
2014-07-12	22355.2896
2014-07-13	22355.2896
2014-07-14	22404.3646
2014-07-15	22419.9996
2014-07-16	22451.7499
2014-07-17	22446.3603
2014-07-18	22473.228
2014-07-19	22473.228
2014-07-20	22473.228
2014-07-21	22477.2301
2014-07-22	22526.0472
2014-07-23	22570.5776
2014-07-24	22594.1724
2014-07-25	22572.9878
2014-07-26	22572.9878
2014-07-27	22572.9878
2014-07-28	22567.6427
2014-07-29	22585.1187
2014-07-30	22671.0133
2014-07-31	22605.405
2014-08-01	22450.2113
2014-08-02	22450.2113
2014-08-03	22450.2113
2014-08-04	22450.0601
2014-08-05	22411.2216
2014-08-06	22393.9858
2014-08-07	22407.8243
2014-08-08	22332.4686
2014-08-09	22332.4686
2014-08-10	22332.4686
2014-08-11	22383.4824
2014-08-12	22510.3411
2014-08-13	22492.9807
2014-08-14	22571.8938
2014-08-15	22598.7704
2014-08-16	22598.7704
2014-08-17	22598.7704
2014-08-18	22661.6661
2014-08-19	22750.1576
2014-08-20	22776.4917
2014-08-21	22778.555
2014-08-22	22787.4753
2014-08-23	22787.4753
2014-08-24	22787.4753
2014-08-25	22807.4504
2014-08-26	22819.4301
2014-08-27	22857.5926
2014-08-28	22794.2878
2014-08-29	22814.6542
2014-08-30	22814.6542
2014-08-31	22814.6542
2014-09-01	22863.8982
2014-09-02	22927.8434
2014-09-03	22941.2994
2014-09-04	22894.4033
2014-09-05	22827.8612
2014-09-06	22827.8612
2014-09-07	22827.8612
2014-09-08	22827.6122
2014-09-09	22879.8534
2014-09-10	22837.0039
2014-09-11	22802.9146
2014-09-12	22806.9523
2014-09-13	22806.9523
2014-09-14	22806.9523
2014-09-15	22678.9731
2014-09-16	22645.3552
2014-09-17	22597.0717
2014-09-18	22651.1093
2014-09-19	22696.6625
2014-09-20	22696.6625
2014-09-21	22696.6625
2014-09-22	22607.0414
2014-09-23	22679.8091
2014-09-24	22601.7675
2014-09-25	22602.9682
2014-09-26	22536.3994
2014-09-27	22536.3994
2014-09-28	22536.3994
2014-09-29	22472.9434
2014-09-30	22520.5154
2014-10-01	22555.076
2014-10-02	22429.4091
2014-10-03	22546.0401
2014-10-04	22546.0401
2014-10-05	22546.0401
2014-10-06	22508.4823
2014-10-07	22426.8477
2014-10-08	22412.1554
2014-10-09	22451.9011
2014-10-10	22220.1777
2014-10-11	22220.1777
2014-10-12	22220.1777
2014-10-13	22119.2706
2014-10-14	22192.9632
2014-10-15	22186.7554
2014-10-16	22238.6764
2014-10-17	22309.5319
2014-10-18	22309.5319
2014-10-19	22309.5319
2014-10-20	22353.84
2014-10-21	22441.6022
2014-10-22	22536.2037
2014-10-23	22589.4321
2014-10-24	22624.1439
2014-10-25	22624.1439
2014-10-26	22624.1439
2014-10-27	22707.0858
2014-10-28	22728.8841
2014-10-29	22714.4586
2014-10-30	22802.5678
2014-10-31	22986.7458
2014-11-01	22986.7458
2014-11-02	22986.7458
2014-11-03	23007.379
2014-11-04	23012.4395
2014-11-05	23086.1854
2014-11-06	23072.3203
2014-11-07	23143.078
2014-11-08	23143.078
2014-11-09	23143.078
2014-11-10	23149.1523
2014-11-11	23155.5735
2014-11-12	23054.4174
2014-11-13	23043.4605
2014-11-14	23055.9649
2014-11-15	23055.9649
2014-11-16	23055.9649
2014-11-17	22996.5822
2014-11-18	22986.897
2014-11-19	22983.5886
2014-11-20	22925.2108
2014-11-21	22906.641
2014-11-22	22906.641
2014-11-23	22906.641
2014-11-24	23051.2335
2014-11-25	23033.7397
2014-11-26	23185.5183
2014-11-27	23185.3494
2014-11-28	23070.1858
2014-11-29	23070.1858
2014-11-30	23070.1858
2014-12-01	22934.9938
2014-12-02	23090.4544
2014-12-03	23173.3785
2014-12-04	23267.3575
2014-12-05	23267.9533
2014-12-06	23267.9533
2014-12-07	23267.9533
2014-12-08	23302.8875
2014-12-09	23122.4714
2014-12-10	23095.9684
2014-12-11	23086.2299
2014-12-12	23021.1286
2014-12-13	23021.1286
2014-12-14	23021.1286
2014-12-15	22940.1877
2014-12-16	22870.7819
2014-12-17	22961.8615
2014-12-18	23131.7564
2014-12-19	23372.7914
2014-12-20	23372.7914
2014-12-21	23372.7914
2014-12-22	23582.3785
2014-12-23	23474.7657
2014-12-24	23505.253
2014-12-25	23504.755
2014-12-26	23509.0684
2014-12-27	23509.0684
2014-12-28	23509.0684
2014-12-29	23666.6367
2014-12-30	23523.2626
2014-12-31	23485.7938
2015-01-01	23486.0784
2015-01-02	23560.2067
2015-01-03	23560.2067
2015-01-04	23560.2067
2015-01-05	23546.4661
2015-01-06	23358.2681
2015-01-07	23429.9329
2015-01-08	23543.4422
2015-01-09	23617.9886
2015-01-10	23617.9886
2015-01-11	23617.9886
2015-01-12	23549.1964
2015-01-13	23560.1356
2015-01-14	23466.7081
2015-01-15	23401.9447
2015-01-16	23403.5011
2015-01-17	23403.5011
2015-01-18	23403.5011
2015-01-19	23384.2108
2015-01-20	23418.8604
2015-01-21	23635.011
2015-01-22	23722.7555
2015-01-23	23955.2615
2015-01-24	23955.2615
2015-01-25	23955.2615
2015-01-26	23977.7001
2015-01-27	24005.7951
2015-01-28	23986.7627
2015-01-29	24117.6324
2015-01-30	24083.8544
2015-01-31	24083.8544
2015-02-01	24083.8544
2015-02-02	24173.9024
2015-02-03	24423.6887
2015-02-04	24502.0326
2015-02-05	24548.404
2015-02-06	24540.0173
2015-02-07	24540.0173
2015-02-08	24540.0173
2015-02-09	24473.2351
2015-02-10	24519.562
2015-02-11	24523.4129
2015-02-12	24531.5862
2015-02-13	24742.7564
2015-02-14	24742.7564
2015-02-15	24742.7564
2015-02-16	24719.6863
2015-02-17	24694.3217
2015-02-18	24781.6571
2015-02-19	24778.0729
2015-02-20	24742.7653
2015-02-21	24742.7653
2015-02-22	24742.7653
2015-02-23	24809.2095
2015-02-24	24832.9822
2015-02-25	24862.6157
2015-02-26	24842.6673
2015-02-27	24904.5403
2015-02-28	24904.5403
2015-03-01	24904.5403
2015-03-02	25018.4409
2015-03-03	24939.0653
2015-03-04	24877.9217
2015-03-05	24908.4001
2015-03-06	24908.2934
2015-03-07	24908.2934
2015-03-08	24908.2934
2015-03-09	24716.2267
2015-03-10	24706.4882
2015-03-11	24762.1356
2015-03-12	24853.2419
2015-03-13	24810.2056
2015-03-14	24810.2056
2015-03-15	24810.2056
2015-03-16	24827.4592
2015-03-17	24926.7388
2015-03-18	24956.5591
2015-03-19	25203.3394
2015-03-20	25179.54
2015-03-21	25179.54
2015-03-22	25179.54
2015-03-23	25094.3302
2015-03-24	25110.819
2015-03-25	25059.3516
2015-03-26	24869.1881
2015-03-27	25005.892
2015-03-28	25005.892
2015-03-29	25005.892
2015-03-30	25004.7981
2015-03-31	25040.2659
2015-04-01	25024.5508
2015-04-02	25126.9431
2015-04-03	25110.8902
2015-04-04	25110.8902
2015-04-05	25110.8902
2015-04-06	25119.0367
2015-04-07	25165.666
2015-04-08	25227.3255
2015-04-09	25227.5389
2015-04-10	25333.5954
2015-04-11	25333.5954
2015-04-12	25333.5954
2015-04-13	25397.2737
2015-04-14	25337.811
2015-04-15	25309.1113
2015-04-16	25285.3831
2015-04-17	25103.0371
2015-04-18	25103.0371
2015-04-19	25103.0371
2015-04-20	25077.1477
2015-04-21	25148.1989
2015-04-22	25125.2267
2015-04-23	25134.0403
2015-04-24	25269.8014
2015-04-25	25269.8014
2015-04-26	25269.8014
2015-04-27	25320.3528
2015-04-28	25171.3401
2015-04-29	24934.5118
2015-04-30	24906.5147
2015-05-01	24977.4235
2015-05-02	24977.4235
2015-05-03	24977.4235
2015-05-04	25017.4804
2015-05-05	24931.8971
2015-05-06	24616.9738
2015-05-07	24541.3602
2015-05-08	24678.1264
2015-05-09	24678.1264
2015-05-10	24678.1264
2015-05-11	24659.6899
2015-05-12	24656.6928
2015-05-13	24684.85
2015-05-14	24686.2196
2015-05-15	24836.0149
2015-05-16	24836.0149
2015-05-17	24836.0149
2015-05-18	24788.105
2015-05-19	24777.815
2015-05-20	24938.843
2015-05-21	25036.7529
2015-05-22	25089.0474
2015-05-23	25089.0474
2015-05-24	25089.0474
2015-05-25	25194.5703
2015-05-26	25266.4841
2015-05-27	25219.3657
2015-05-28	25243.0583
2015-05-29	25322.1048
2015-05-30	25322.1048
2015-05-31	25322.1048
2015-06-01	25276.8719
2015-06-02	25035.41
2015-06-03	24939.599
2015-06-04	24800.4671
2015-06-05	24798.804
2015-06-06	24798.804
2015-06-07	24798.804
2015-06-08	24761.762
2015-06-09	24701.3654
2015-06-10	24702.6283
2015-06-11	24816.2977
2015-06-12	24796.5539
2015-06-13	24796.5539
2015-06-14	24796.5539
2015-06-15	24736.7887
2015-06-16	24752.5127
2015-06-17	24899.8089
2015-06-18	24744.5796
2015-06-19	24917.3382
2015-06-20	24917.3382
2015-06-21	24917.3382
2015-06-22	25004.6469
2015-06-23	25125.9293
2015-06-24	25108.1331
2015-06-25	24947.0073
2015-06-26	24859.2806
2015-06-27	24859.2806
2015-06-28	24859.2806
2015-06-29	24542.0273
2015-06-30	24597.2834
2015-07-01	24809.6453
2015-07-02	24933.5869
2015-07-03	24907.5997
2015-07-04	24907.5997
2015-07-05	24907.5997
2015-07-06	24781.3013
2015-07-07	25016.5555
2015-07-08	24775.8229
2015-07-09	24812.1355
2015-07-10	24898.6883
2015-07-11	24898.6883
2015-07-12	24898.6883
2015-07-13	24944.5438
2015-07-14	25087.5266
2015-07-15	25201.3917
2015-07-16	25298.6879
2015-07-17	25323.2165
2015-07-18	25323.2165
2015-07-19	25323.2165
2015-07-20	25363.6114
2015-07-21	25360.6943
2015-07-22	25220.2551
2015-07-23	25217.7293
2015-07-24	25204.9135
2015-07-25	25204.9135
2015-07-26	25204.9135
2015-07-27	25186.0413
2015-07-28	25192.7471
2015-07-29	25280.456
2015-07-30	25346.1888
2015-07-31	25398.8746
2015-08-01	25398.8746
2015-08-02	25398.8746
2015-08-03	25393.2627
2015-08-04	25368.6985
2015-08-05	25380.8561
2015-08-06	25260.6054
2015-08-07	25044.6149
2015-08-08	25044.6149
2015-08-09	25044.6149
2015-08-10	25182.0569
2015-08-11	25101.0894
2015-08-12	24907.5374
2015-08-13	24896.3404
2015-08-14	24840.5862
2015-08-15	24840.5862
2015-08-16	24840.5862
2015-08-17	24887.0198
2015-08-18	24830.6787
2015-08-19	24907.2528
2015-08-20	24685.1968
2015-08-21	24411.7268
2015-08-22	24411.7268
2015-08-23	24411.7268
2015-08-24	23938.7994
2015-08-25	24196.1364
2015-08-26	24388.63
2015-08-27	24572.7192
2015-08-28	24627.495
2015-08-29	24627.495
2015-08-30	24627.495
2015-08-31	24558.3826
2015-09-01	24268.1659
2015-09-02	24353.7581
2015-09-03	24225.2897
2015-09-04	24239.1638
2015-09-05	24239.1638
2015-09-06	24239.1638
2015-09-07	24243.6195
2015-09-08	24440.9068
2015-09-09	24632.4132
2015-09-10	24376.6147
2015-09-11	24347.7727
2015-09-12	24347.7727
2015-09-13	24347.7727
2015-09-14	24341.8674
2015-09-15	24296.1097
2015-09-16	24419.5887
2015-09-17	24495.7093
2015-09-18	24453.3934
2015-09-19	24453.3934
2015-09-20	24453.3934
2015-09-21	24355.3679
2015-09-22	24425.7076
2015-09-23	24293.0325
2015-09-24	24442.0096
2015-09-25	24402.7798
2015-09-26	24402.7798
2015-09-27	24402.7798
2015-09-28	24437.4382
2015-09-29	24043.6197
2015-09-30	24318.6016
2015-10-01	24466.8672
2015-10-02	24422.0078
2015-10-03	24422.0078
2015-10-04	24422.0078
2015-10-05	24680.0563
2015-10-06	24681.2036
2015-10-07	24677.157
2015-10-08	24675.8763
2015-10-09	24737.3668
2015-10-10	24737.3668
2015-10-11	24737.3668
2015-10-12	24644.7308
2015-10-13	24656.0791
2015-10-14	24642.0983
2015-10-15	24736.3707
2015-10-16	24894.6239
2015-10-17	24894.6239
2015-10-18	24894.6239
2015-10-19	24875.5737
2015-10-20	24877.9661
2015-10-21	24895.0686
2015-10-22	24966.2887
2015-10-23	25205.3582
2015-10-24	25205.3582
2015-10-25	25205.3582
2015-10-26	25145.2551
2015-10-27	25162.2864
2015-10-28	25304.6111
2015-10-29	25224.3194
2015-10-30	25156.0431
2015-10-31	25156.0431
2015-11-01	25156.0431
2015-11-02	25081.7102
2015-11-03	25179.1309
2015-11-04	25200.1466
2015-11-05	25114.9101
2015-11-06	25220.7353
2015-11-07	25220.7353
2015-11-08	25220.7353
2015-11-09	24988.2293
2015-11-10	24957.0305
2015-11-11	25005.892
2015-11-12	24910.7125
2015-11-13	24727.4504
2015-11-14	24727.4504
2015-11-15	24727.4504
2015-11-16	24706.3103
2015-11-17	24920.6022
2015-11-18	25028.7042
2015-11-19	25163.0335
2015-11-20	25189.8922
2015-11-21	25189.8922
2015-11-22	25189.8922
2015-11-23	25229.9135
2015-11-24	25111.4593
2015-11-25	25076.5074
2015-11-26	25166.2174
2015-11-27	25171.0199
2015-11-28	25171.0199
2015-11-29	25171.0199
2015-11-30	25051.2762
2015-12-01	25222.8431
2015-12-02	25148.5369
2015-12-03	25055.0026
2015-12-04	24903.6776
2015-12-05	24903.6776
2015-12-06	24903.6776
2015-12-07	24935.8103
2015-12-08	24917.9874
2015-12-09	24833.0889
2015-12-10	24703.5533
2015-12-11	24664.8482
2015-12-12	24664.8482
2015-12-13	24664.8482
2015-12-14	24448.9199
2015-12-15	24515.4976
2015-12-16	24792.8097
2015-12-17	24935.4456
2015-12-18	24869.2771
2015-12-19	24869.2771
2015-12-20	24869.2771
2015-12-21	24881.5503
2015-12-22	24924.8978
2015-12-23	25023.7682
2015-12-24	25089.4121
2015-12-25	25104.3178
2015-12-26	25104.3178
2015-12-27	25104.3178
2015-12-28	25103.5796
2015-12-29	25280.8295
2015-12-30	25335.8099
2015-12-31	25260.4187
2016-01-01	25260.4187
2016-01-02	25260.4187
2016-01-03	25260.4187
2016-01-04	25181.8613
2016-01-05	25045.9044
2016-01-06	24952.1301
2016-01-07	24693.877
2016-01-08	24649.898
2016-01-09	24649.898
2016-01-10	24649.898
2016-01-11	24535.9085
2016-01-12	24544.3396
2016-01-13	24581.9507
2016-01-14	24479.1316
2016-01-15	24426.6592
2016-01-16	24426.6592
2016-01-17	24426.6592
2016-01-18	24380.8036
2016-01-19	24491.1113
2016-01-20	24417.561
2016-01-21	24420.5937
2016-01-22	24584.3076
2016-01-23	24584.3076
2016-01-24	24584.3076
2016-01-25	24730.4476
2016-01-26	24731.7283
2016-01-27	24634.2541
2016-01-28	24678.2954
2016-01-29	24825.5293
2016-01-30	24825.5293
2016-01-31	24825.5293
2016-02-01	24920.5577
2016-02-02	24776.9524
2016-02-03	24566.8938
2016-02-04	24672.0876
2016-02-05	24636.8956
2016-02-06	24636.8956
2016-02-07	24636.8956
2016-02-08	24533.8007
2016-02-09	24286.8158
2016-02-10	24166.9653
2016-02-11	24233.4185
2016-02-12	24135.722
2016-02-13	24135.722
2016-02-14	24135.722
2016-02-15	24260.4729
2016-02-16	24474.2934
2016-02-17	24443.566
2016-02-18	24645.7091
2016-02-19	24605.9724
2016-02-20	24605.9724
2016-02-21	24605.9724
2016-02-22	24671.4384
2016-02-23	24577.1037
2016-02-24	24486.8868
2016-02-25	24550.4584
2016-02-26	24602.833
2016-02-27	24602.833
2016-02-28	24602.833
2016-02-29	24582.3776
2016-03-01	24754.7717
2016-03-02	24867.5784
2016-03-03	24878.9533
2016-03-04	24853.8822
2016-03-05	24853.8822
2016-03-06	24853.8822
2016-03-07	24826.3475
2016-03-08	24776.8189
2016-03-09	24852.8772
2016-03-10	24879.5136
2016-03-11	24937.6957
2016-03-12	24937.6957
2016-03-13	24937.6957
2016-03-14	24981.0788
2016-03-15	24872.6477
2016-03-16	24887.509
2016-03-17	24917.7295
2016-03-18	24967.3471
2016-03-19	24967.3471
2016-03-20	24967.3471
2016-03-21	24978.722
2016-03-22	24989.9369
2016-03-23	24980.3584
2016-03-24	24928.9177
2016-03-25	24932.8398
2016-03-26	24932.8398
2016-03-27	24932.8398
2016-03-28	24919.9351
2016-03-29	24836.762
2016-03-30	24897.5321
2016-03-31	25015.7106
2016-04-01	24846.3671
2016-04-02	24846.3671
2016-04-03	24846.3671
2016-04-04	24908.0711
2016-04-05	24777.0413
2016-04-06	24848.3326
2016-04-07	24913.6118
2016-04-08	24881.1767
2016-04-09	24881.1767
2016-04-10	24881.1767
2016-04-11	24858.5336
2016-04-12	24917.8896
2016-04-13	25073.3413
2016-04-14	25122.0339
2016-04-15	25168.9744
2016-04-16	25168.9744
2016-04-17	25168.9744
2016-04-18	25178.9975
2016-04-19	25208.6311
2016-04-20	25248.8925
2016-04-21	25325.0308
2016-04-22	25259.0135
2016-04-23	25259.0135
2016-04-24	25259.0135
2016-04-25	25245.9309
2016-04-26	25264.2963
2016-04-27	25330.2069
2016-04-28	25384.716
2016-04-29	25384.6448
2016-04-30	25384.6448
2016-05-01	25384.6448
2016-05-02	25405.5893
2016-05-03	25674.8082
2016-05-04	25554.0595
2016-05-05	25565.9324
2016-05-06	25716.0035
2016-05-07	25716.0035
2016-05-08	25716.0035
2016-05-09	25793.5114
2016-05-10	25899.2566
2016-05-11	25875.5462
2016-05-12	25850.3061
2016-05-13	25789.7494
2016-05-14	25789.7494
2016-05-15	25789.7494
2016-05-16	25888.1662
2016-05-17	25938.2462
2016-05-18	25898.7763
2016-05-19	25845.6102
2016-05-20	25912.1968
2016-05-21	25912.1968
2016-05-22	25912.1968
2016-05-23	25875.7952
2016-05-24	25899.4433
2016-05-25	26077.3603
2016-05-26	26088.0415
2016-05-27	26175.2524
2016-05-28	26175.2524
2016-05-29	26175.2524
2016-05-30	26183.2923
2016-05-31	26078.9789
2016-06-01	26099.0163
2016-06-02	26052.8495
2016-06-03	26106.2557
2016-06-04	26106.2557
2016-06-05	26106.2557
2016-06-06	26178.5164
2016-06-07	26150.288
2016-06-08	26150.8661
2016-06-09	26144.1603
2016-06-10	26043.4133
2016-06-11	26043.4133
2016-06-12	26043.4133
2016-06-13	25972.0509
2016-06-14	25811.3075
2016-06-15	25706.8697
2016-06-16	25800.1371
2016-06-17	25777.7252
2016-06-18	25777.7252
2016-06-19	25777.7252
2016-06-20	25899.2566
2016-06-21	25983.9061
2016-06-22	25938.9488
2016-06-23	25961.174
2016-06-24	25570.2014
2016-06-25	25570.2014
2016-06-26	25570.2014
2016-06-27	25656.7541
2016-06-28	25683.8352
2016-06-29	25817.6309
2016-06-30	26070.45
2016-07-01	26094.5695
2016-07-02	26094.5695
2016-07-03	26094.5695
2016-07-04	26153.4542
2016-07-05	26075.4482
2016-07-06	26030.313
2016-07-07	26098.2159
2016-07-08	26122.4243
2016-07-09	26122.4243
2016-07-10	26122.4243
2016-07-11	26379.2544
2016-07-12	26344.6671
2016-07-13	26363.6016
2016-07-14	26444.6759
2016-07-15	26474.4695
2016-07-16	26474.4695
2016-07-17	26474.4695
2016-07-18	26552.938
2016-07-19	26644.5512
2016-07-20	26788.0409
2016-07-21	26820.725
2016-07-22	26849.656
2016-07-23	26849.656
2016-07-24	26849.656
2016-07-25	26903.5424
2016-07-26	26889.4727
2016-07-27	26916.0646
2016-07-28	26945.467
2016-07-29	26949.4157
2016-07-30	26949.4157
2016-07-31	26949.4157
2016-08-01	27025.5985
2016-08-02	26859.5368
2016-08-03	26699.3003
2016-08-04	26718.1104
2016-08-05	26771.7122
2016-08-06	26771.7122
2016-08-07	26771.7122
2016-08-08	26789.0548
2016-08-09	26784.2789
2016-08-10	26777.9289
2016-08-11	26741.6696
2016-08-12	26798.7311
2016-08-13	26798.7311
2016-08-14	26798.7311
2016-08-15	26856.2728
2016-08-16	26780.4902
2016-08-17	26836.858
2016-08-18	26764.3839
2016-08-19	26847.397
2016-08-20	26847.397
2016-08-21	26847.397
2016-08-22	26869.6755
2016-08-23	26936.9202
2016-08-24	26960.5239
2016-08-25	26937.0714
2016-08-26	26836.8758
2016-08-27	26836.8758
2016-08-28	26836.8758
2016-08-29	26817.1231
2016-08-30	26870.7605
2016-08-31	26794.2842
2016-09-01	26755.2234
2016-09-02	26667.5946
2016-09-03	26667.5946
2016-09-04	26667.5946
2016-09-05	26716.0559
2016-09-06	26630.099
2016-09-07	26654.0585
2016-09-08	26592.8614
2016-09-09	26403.5962
2016-09-10	26403.5962
2016-09-11	26403.5962
2016-09-12	26157.8476
2016-09-13	26153.9344
2016-09-14	26181.5313
2016-09-15	26168.7423
2016-09-16	26303.0627
2016-09-17	26303.0627
2016-09-18	26303.0627
2016-09-19	26258.4078
2016-09-20	26274.2829
2016-09-21	26425.5368
2016-09-22	26506.8156
2016-09-23	26623.8824
2016-09-24	26623.8824
2016-09-25	26623.8824
2016-09-26	26572.0237
2016-09-27	26554.8412
2016-09-28	26603.5427
2016-09-29	26658.4964
2016-09-30	26637.1339
2016-10-01	26637.1339
2016-10-02	26637.1339
2016-10-03	26663.0944
2016-10-04	26615.8515
2016-10-05	26525.6345
2016-10-06	26590.6914
2016-10-07	26500.3678
2016-10-08	26500.3678
2016-10-09	26500.3678
2016-10-10	26478.0714
2016-10-11	26441.3586
2016-10-12	26398.5891
2016-10-13	26361.7073
2016-10-14	26334.5817
2016-10-15	26334.5817
2016-10-16	26334.5817
2016-10-17	26174.3897
2016-10-18	26228.9077
2016-10-19	26308.3722
2016-10-20	26383.132
2016-10-21	26380.0815
2016-10-22	26380.0815
2016-10-23	26380.0815
2016-10-24	26356.7535
2016-10-25	26384.7684
2016-10-26	26175.0212
2016-10-27	26046.8996
2016-10-28	25998.3138
2016-10-29	25998.3138
2016-10-30	25998.3138
2016-10-31	26099.2475
2016-11-01	26021.3483
2016-11-02	25878.2143
2016-11-03	25809.7689
2016-11-04	25739.3581
2016-11-05	25739.3581
2016-11-06	25739.3581
2016-11-07	25910.7738
2016-11-08	25934.0395
2016-11-09	25854.4238
2016-11-10	26019.8897
2016-11-11	26042.2483
2016-11-12	26042.2483
2016-11-13	26042.2483
2016-11-14	26038.8598
2016-11-15	26010.7204
2016-11-16	26081.5937
2016-11-17	26185.8269
2016-11-18	26216.6256
2016-11-19	26216.6256
2016-11-20	26216.6256
2016-11-21	26224.6654
2016-11-22	26346.0634
2016-11-23	26482.2248
2016-11-24	26471.7925
2016-11-25	26522.0415
2016-11-26	26522.0415
2016-11-27	26522.0415
2016-11-28	26455.0725
2016-11-29	26456.1842
2016-11-30	26492.3101
2016-12-01	26422.593
2016-12-02	26275.3946
2016-12-03	26275.3946
2016-12-04	26275.3946
2016-12-05	26298.0645
2016-12-06	26433.6033
2016-12-07	26581.7978
2016-12-08	26729.6187
2016-12-09	26753.9872
2016-12-10	26753.9872
2016-12-11	26753.9872
2016-12-12	26713.7881
2016-12-13	26764.1615
2016-12-14	26791.1982
2016-12-15	26756.264
2016-12-16	26793.7328
2016-12-17	26793.7328
2016-12-18	26793.7328
2016-12-19	26888.2543
2016-12-20	26929.3873
2016-12-21	26942.9856
2016-12-22	26999.14
2016-12-23	27013.8767
2016-12-24	27013.8767
2016-12-25	27013.8767
2016-12-26	27012.5605
2016-12-27	27011.1997
2016-12-28	27088.4231
2016-12-29	27126.2832
2016-12-30	27081.8329
2016-12-31	27081.8329
2017-01-01	27081.8329
2017-01-02	27085.2303
2017-01-03	27250.6784
2017-01-04	27225.5717
2017-01-05	27246.1337
2017-01-06	27335.2923
2017-01-07	27335.2923
2017-01-08	27335.2923
2017-01-09	27364.9259
2017-01-10	27301.5855
2017-01-11	27344.6484
2017-01-12	27277.3681
2017-01-13	27223.5083
2017-01-14	27223.5083
2017-01-15	27223.5083
2017-01-16	27265.3351
2017-01-17	27123.624
2017-01-18	27108.6739
2017-01-19	27081.824
2017-01-20	27046.0983
2017-01-21	27046.0983
2017-01-22	27046.0983
2017-01-23	26955.8014
2017-01-24	27064.437
2017-01-25	27135.0079
2017-01-26	27154.0758
2017-01-27	27214.3301
2017-01-28	27214.3301
2017-01-29	27214.3301
2017-01-30	27086.1463
2017-01-31	26981.0237
2017-02-01	27074.5401
2017-02-02	26970.7515
2017-02-03	27004.9386
2017-02-04	27004.9386
2017-02-05	27004.9386
2017-02-06	27024.9226
2017-02-07	27133.9229
2017-02-08	27166.8293
2017-02-09	27280.5965
2017-02-10	27334.4652
2017-02-11	27334.4652
2017-02-12	27334.4652
2017-02-13	27467.0691
2017-02-14	27501.4519
2017-02-15	27525.8204
2017-02-16	27501.7276
2017-02-17	27512.0798
2017-02-18	27512.0798
2017-02-19	27512.0798
2017-02-20	27493.2253
2017-02-21	27514.8635
2017-02-22	27577.6969
2017-02-23	27524.7265
2017-02-24	27472.3608
2017-02-25	27472.3608
2017-02-26	27472.3608
2017-02-27	27462.9692
2017-02-28	27432.553
2017-03-01	27530.9609
2017-03-02	27627.6969
2017-03-03	27564.979
2017-03-04	27564.979
2017-03-05	27564.979
2017-03-06	27556.5123
2017-03-07	27571.0979
2017-03-08	27578.5596
2017-03-09	27578.6663
2017-03-10	27601.265
2017-03-11	27601.265
2017-03-12	27601.265
2017-03-13	27559.8296
2017-03-14	27543.4298
2017-03-15	27611.555
2017-03-16	27678.4617
2017-03-17	27707.3926
2017-03-18	27707.3926
2017-03-19	27707.3926
2017-03-20	27651.7363
2017-03-21	27592.5315
2017-03-22	27493.1363
2017-03-23	27577.5546
2017-03-24	27670.2973
2017-03-25	27670.2973
2017-03-26	27670.2973
2017-03-27	27683.2376
2017-03-28	27835.2741
2017-03-29	27901.4604
2017-03-30	27951.3892
2017-03-31	27904.9289
2017-04-01	27904.9289
2017-04-02	27904.9289
2017-04-03	27950.2775
2017-04-04	27964.2227
2017-04-05	27980.0356
2017-04-06	27998.8367
2017-04-07	28057.6858
2017-04-08	28057.6858
2017-04-09	28057.6858
2017-04-10	28120.1102
2017-04-11	28129.9376
2017-04-12	28165.3609
2017-04-13	28053.488
2017-04-14	28051.8071
2017-04-15	28051.8071
2017-04-16	28051.8071
2017-04-17	28081.1205
2017-04-18	28036.9548
2017-04-19	27966.7307
2017-04-20	28070.7061
2017-04-21	28105.0177
2017-04-22	28105.0177
2017-04-23	28105.0177
2017-04-24	28181.2983
2017-04-25	28247.6003
2017-04-26	28333.6194
2017-04-27	28360.1224
2017-04-28	28351.0598
2017-04-29	28351.0598
2017-04-30	28351.0598
2017-05-01	28430.6133
2017-05-02	28452.8029
2017-05-03	28424.1298
2017-05-04	28454.8217
2017-05-05	28401.2198
2017-05-06	28401.2198
2017-05-07	28401.2198
2017-05-08	28503.0518
2017-05-09	28473.4005
2017-05-10	28535.0511
2017-05-11	28556.0401
2017-05-12	28455.5777
2017-05-13	28455.5777
2017-05-14	28455.5777
2017-05-15	28495.6524
2017-05-16	28582.4363
2017-05-17	28376.2021
2017-05-18	28356.1381
2017-05-19	28359.8467
2017-05-20	28359.8467
2017-05-21	28359.8467
2017-05-22	28460.487
2017-05-23	28477.625
2017-05-24	28526.8601
2017-05-25	28597.3421
2017-05-26	28567.2016
2017-05-27	28567.2016
2017-05-28	28567.2016
2017-05-29	28538.8754
2017-05-30	28549.6189
2017-05-31	28547.1464
2017-06-01	28673.8539
2017-06-02	28789.2576
2017-06-03	28789.2576
2017-06-04	28789.2576
2017-06-05	28736.0826
2017-06-06	28535.1667
2017-06-07	28492.6997
2017-06-08	28489.0978
2017-06-09	28502.5182
2017-06-10	28502.5182
2017-06-11	28502.5182
2017-06-12	28462.319
2017-06-13	28662.9236
2017-06-14	28708.708
2017-06-15	28609.4552
2017-06-16	28560.229
2017-06-17	28560.229
2017-06-18	28560.229
2017-06-19	28702.8204
2017-06-20	28585.5313
2017-06-21	28481.7427
2017-06-22	28568.9625
2017-06-23	28592.3172
2017-06-24	28592.3172
2017-06-25	28592.3172
2017-06-26	28758.8414
2017-06-27	28720.3053
2017-06-28	28748.169
2017-06-29	28760.5667
2017-06-30	28537.5858
2017-07-01	28537.5858
2017-07-02	28537.5858
2017-07-03	28502.2514
2017-07-04	28707.8187
2017-07-05	28674.014
2017-07-06	28646.8262
2017-07-07	28514.8537
2017-07-08	28514.8537
2017-07-09	28514.8537
2017-07-10	28574.9123
2017-07-11	28561.5363
2017-07-12	28476.1931
2017-07-13	28632.3474
2017-07-14	28662.2121
2017-07-15	28662.2121
2017-07-16	28662.2121
2017-07-17	28631.5647
2017-07-18	28485.6915
2017-07-19	28561.5274
2017-07-20	28650.1969
2017-07-21	28602.1802
2017-07-22	28602.1802
2017-07-23	28602.1802
2017-07-24	28534.1351
2017-07-25	28631.6448
2017-07-26	28667.8151
2017-07-27	28673.845
2017-07-28	28467.5752
2017-07-29	28467.5752
2017-07-30	28467.5752
2017-07-31	28531.3247
2017-08-01	28647.9646
2017-08-02	28625.1791
2017-08-03	28616.9792
2017-08-04	28656.8493
2017-08-05	28656.8493
2017-08-06	28656.8493
2017-08-07	28781.8492
2017-08-08	28713.6084
2017-08-09	28711.0381
2017-08-10	28609.6953
2017-08-11	28495.5812
2017-08-12	28495.5812
2017-08-13	28495.5812
2017-08-14	28605.8444
2017-08-15	28697.1196
2017-08-16	28736.9008
2017-08-17	28695.999
2017-08-18	28638.3772
2017-08-19	28638.3772
2017-08-20	28638.3772
2017-08-21	28571.1236
2017-08-22	28734.5173
2017-08-23	28748.9783
2017-08-24	28786.2604
2017-08-25	28781.4756
2017-08-26	28781.4756
2017-08-27	28781.4756
2017-08-28	28711.1271
2017-08-29	28641.2232
2017-08-30	28750.3124
2017-08-31	28857.1426
2017-09-01	28887.2475
2017-09-02	28887.2475
2017-09-03	28887.2475
2017-09-04	28871.1678
2017-09-05	28794.8517
2017-09-06	28836.625
2017-09-07	28841.8456
2017-09-08	28829.9637
2017-09-09	28829.9637
2017-09-10	28829.9637
2017-09-11	28996.3723
2017-09-12	29040.4847
2017-09-13	29011.9183
2017-09-14	28959.5082
2017-09-15	28858.7701
2017-09-16	28858.7701
2017-09-17	28858.7701
2017-09-18	28947.7597
2017-09-19	28930.6662
2017-09-20	28878.0426
2017-09-21	28824.0672
2017-09-22	28854.9192
2017-09-23	28854.9192
2017-09-24	28854.9192
2017-09-25	28851.9932
2017-09-26	28863.2703
2017-09-27	28885.033
2017-09-28	28902.4734
2017-09-29	28966.5342
2017-09-30	28966.5342
2017-10-01	28966.5342
2017-10-02	29042.1833
2017-10-03	29043.1261
2017-10-04	28938.1102
2017-10-05	29022.1994
2017-10-06	29172.2615
2017-10-07	29172.2615
2017-10-08	29172.2615
2017-10-09	29223.2753
2017-10-10	29200.0363
2017-10-11	29303.7271
2017-10-12	29327.5531
2017-10-13	29329.7053
2017-10-14	29329.7053
2017-10-15	29329.7053
2017-10-16	29418.437
2017-10-17	29484.4188
2017-10-18	29509.1698
2017-10-19	29452.215
2017-10-20	29528.6913
2017-10-21	29528.6913
2017-10-22	29528.6913
2017-10-23	29475.9877
2017-10-24	29537.3003
2017-10-25	29556.5194
2017-10-26	29571.7898
2017-10-27	29608.7873
2017-10-28	29608.7873
2017-10-29	29608.7873
2017-10-30	29650.0537
2017-10-31	29672.1721
2017-11-01	29742.2005
2017-11-02	29740.066
2017-11-03	29894.8507
2017-11-04	29894.8507
2017-11-05	29894.8507
2017-11-06	29899.5821
2017-11-07	30012.5311
2017-11-08	29996.9139
2017-11-09	30028.3707
2017-11-10	29990.3949
2017-11-11	29990.3949
2017-11-12	29990.3949
2017-11-13	29980.9943
2017-11-14	29878.4153
2017-11-15	29826.6722
2017-11-16	29874.5199
2017-11-17	29946.0691
2017-11-18	29946.0691
2017-11-19	29946.0691
2017-11-20	29944.3882
2017-11-21	30026.0227
2017-11-22	30080.594
2017-11-23	30087.9046
2017-11-24	30125.6491
2017-11-25	30125.6491
2017-11-26	30125.6491
2017-11-27	30104.2689
2017-11-28	30177.9258
2017-11-29	30186.8284
2017-11-30	30095.313
2017-12-01	30087.4243
2017-12-02	30087.4243
2017-12-03	30087.4243
2017-12-04	30095.313
2017-12-05	30037.3888
2017-12-06	29998.7104
2017-12-07	30069.4948
2017-12-08	30122.7676
2017-12-09	30122.7676
2017-12-10	30122.7676
2017-12-11	30125.0799
2017-12-12	30172.732
2017-12-13	30149.7953
2017-12-14	30066.0174
2017-12-15	30153.0326
2017-12-16	30153.0326
2017-12-17	30153.0326
2017-12-18	30314.861
2017-12-19	30351.1203
2017-12-20	30299.9019
2017-12-21	30319.1299
2017-12-22	30306.4209
2017-12-23	30306.4209
2017-12-24	30306.4209
2017-12-25	30306.0563
2017-12-26	30288.1001
2017-12-27	30286.7838
2017-12-28	30357.3458
2017-12-29	30332.9595
2017-12-30	30332.9595
2017-12-31	30332.9595
2018-01-01	30332.6127
2018-01-02	30384.7738
2018-01-03	30465.8747
2018-01-04	30508.0483
2018-01-05	30657.9503
2018-01-06	30657.9503
2018-01-07	30657.9503
2018-01-08	30681.4917
2018-01-09	30705.9492
2018-01-10	30567.5022
2018-01-11	30512.7085
2018-01-12	30537.8775
2018-01-13	30537.8775
2018-01-14	30537.8775
2018-01-15	30498.0163
2018-01-16	30475.5421
2018-01-17	30448.0608
2018-01-18	30463.0288
2018-01-19	30463.091
2018-01-20	30463.091
2018-01-21	30463.091
2018-01-22	30489.7185
2018-01-23	30666.3281
2018-01-24	30649.7593
2018-01-25	30615.7056
2018-01-26	30663.0819
2018-01-27	30663.0819
2018-01-28	30663.0819
2018-01-29	30647.1535
2018-01-30	30486.8192
2018-01-31	30533.0483
2018-02-01	30646.104
2018-02-02	30587.4772
2018-02-03	30587.4772
2018-02-04	30587.4772
2018-02-05	30181.5633
2018-02-06	29861.4107
2018-02-07	29966.5867
2018-02-08	29867.2893
2018-02-09	29732.0974
2018-02-10	29732.0974
2018-02-11	29732.0974
2018-02-12	29715.324
2018-02-13	29788.5007
2018-02-14	29882.9955
2018-02-15	30010.7435
2018-02-16	30070.5175
2018-02-17	30070.5175
2018-02-18	30070.5175
2018-02-19	30177.0365
2018-02-20	30147.8743
2018-02-21	30142.6804
2018-02-22	30049.075
2018-02-23	30241.6042
2018-02-24	30241.6042
2018-02-25	30241.6042
2018-02-26	30397.0736
2018-02-27	30381.6165
2018-02-28	30261.7927
2018-03-01	30192.0934
2018-03-02	30098.9594
2018-03-03	30098.9594
2018-03-04	30098.9594
2018-03-05	30070.8288
2018-03-06	30166.3908
2018-03-07	30103.3617
2018-03-08	30255.0336
2018-03-09	30351.5294
2018-03-10	30351.5294
2018-03-11	30351.5294
2018-03-12	30418.0359
2018-03-13	30321.2911
2018-03-14	30249.0482
2018-03-15	30286.0101
2018-03-16	30408.2707
2018-03-17	30408.2707
2018-03-18	30408.2707
2018-03-19	30360.2363
2018-03-20	30310.2541
2018-03-21	30296.0154
2018-03-22	30118.9789
2018-03-23	29782.4353
2018-03-24	29782.4353
2018-03-25	29782.4353
2018-03-26	29873.9151
2018-03-27	29947.8745
2018-03-28	29919.2459
2018-03-29	29938.5273
2018-03-30	29941.56
2018-03-31	29941.56
2018-04-01	29941.56
2018-04-02	29865.2349
2018-04-03	29845.1086
2018-04-04	29846.6739
2018-04-05	29971.6738
2018-04-06	29895.6511
2018-04-07	29895.6511
2018-04-08	29895.6511
2018-04-09	29967.1647
2018-04-10	30112.8156
2018-04-11	30045.2063
2018-04-12	30082.1593
2018-04-13	30046.2468
2018-04-14	30046.2468
2018-04-15	30046.2468
2018-04-16	30096.8249
2018-04-17	30136.2325
2018-04-18	30186.3125
2018-04-19	30244.0588
2018-04-20	30258.3509
2018-04-21	30258.3509
2018-04-22	30258.3509
2018-04-23	30279.4732
2018-04-24	30337.4508
2018-04-25	30333.8667
2018-04-26	30388.767
2018-04-27	30514.4339
2018-04-28	30514.4339
2018-04-29	30514.4339
2018-04-30	30576.129
2018-05-01	30678.1833
2018-05-02	30690.2875
2018-05-03	30760.1914
2018-05-04	30709.2754
2018-05-05	30709.2754
2018-05-06	30709.2754
2018-05-07	30815.3675
2018-05-08	30922.927
2018-05-09	30993.6935
2018-05-10	31031.3136
2018-05-11	31037.1922
2018-05-12	31037.1922
2018-05-13	31037.1922
2018-05-14	31118.9869
2018-05-15	31033.6615
2018-05-16	30987.5569
2018-05-17	30967.653
2018-05-18	30957.0518
2018-05-19	30957.0518
2018-05-20	30957.0518
2018-05-21	30970.6857
2018-05-22	30912.388
2018-05-23	30926.0219
2018-05-24	30943.9693
2018-05-25	30931.6516
2018-05-26	30931.6516
2018-05-27	30931.6516
2018-05-28	30896.7975
2018-05-29	30976.6
2018-05-30	30983.2702
2018-05-31	31012.1923
2018-06-01	31053.5476
2018-06-02	31053.5476
2018-06-03	31053.5476
2018-06-04	31099.3854
2018-06-05	31044.9564
2018-06-06	31139.549
2018-06-07	31202.0445
2018-06-08	31171.0324
2018-06-09	31171.0324
2018-06-10	31171.0324
2018-06-11	31180.7264
2018-06-12	31248.7982
2018-06-13	31264.8068
2018-06-14	31273.8694
2018-06-15	31486.1157
2018-06-16	31486.1157
2018-06-17	31486.1157
2018-06-18	31496.4501
2018-06-19	31421.9126
2018-06-20	31532.825
2018-06-21	31565.5269
2018-06-22	31623.8691
2018-06-23	31623.8691
2018-06-24	31623.8691
2018-06-25	31509.9684
2018-06-26	31506.411
2018-06-27	31453.8052
2018-06-28	31560.4575
2018-06-29	31541.6475
2018-06-30	31541.6475
2018-07-01	31541.6475
2018-07-02	31575.4433
2018-07-03	31563.8371
2018-07-04	31500.5501
2018-07-05	31612.9833
2018-07-06	31691.425
2018-07-07	31691.425
2018-07-08	31691.425
2018-07-09	31744.5022
2018-07-10	31713.2233
2018-07-11	31612.7431
2018-07-12	31730.6192
2018-07-13	31722.6239
2018-07-14	31722.6239
2018-07-15	31722.6239
2018-07-16	31672.7395
2018-07-17	31636.5425
2018-07-18	31739.6018
2018-07-19	31741.2382
2018-07-20	31750.7366
2018-07-21	31750.7366
2018-07-22	31750.7366
2018-07-23	31647.8374
2018-07-24	31705.139
2018-07-25	31737.9209
2018-07-26	31767.7857
2018-07-27	31868.0168
2018-07-28	31868.0168
2018-07-29	31868.0168
2018-07-30	31784.4968
2018-07-31	31771.3609
2018-08-01	31801.6348
2018-08-02	31723.3976
2018-08-03	31712.2984
2018-08-04	31712.2984
2018-08-05	31712.2984
2018-08-06	31828.7693
2018-08-07	31844.0574
2018-08-08	31872.7749
2018-08-09	31943.0879
2018-08-10	31875.2829
2018-08-11	31875.2829
2018-08-12	31875.2829
2018-08-13	31774.785
2018-08-14	31870.8539
2018-08-15	31879.7297
2018-08-16	31816.8073
2018-08-17	31843.8351
2018-08-18	31843.8351
2018-08-19	31843.8351
2018-08-20	31889.0236
2018-08-21	31822.019
2018-08-22	31853.5469
2018-08-23	31840.2065
2018-08-24	31828.0845
2018-08-25	31828.0845
2018-08-26	31828.0845
2018-08-27	31975.9499
2018-08-28	32050.6919
2018-08-29	32198.2638
2018-08-30	32124.9447
2018-08-31	32109.7544
2018-09-01	32109.7544
2018-09-02	32109.7544
2018-09-03	32094.991
2018-09-04	32072.7392
2018-09-05	31877.6842
2018-09-06	31694.3777
2018-09-07	31700.9412
2018-09-08	31700.9412
2018-09-09	31700.9412
2018-09-10	31684.8882
2018-09-11	31771.4499
2018-09-12	31718.8708
2018-09-13	31671.3165
2018-09-14	31786.3645
2018-09-15	31786.3645
2018-09-16	31786.3645
2018-09-17	31796.601
2018-09-18	31753.7249
2018-09-19	31761.2133
2018-09-20	31754.1873
2018-09-21	31849.3135
2018-09-22	31849.3135
2018-09-23	31849.3135
2018-09-24	31843.4349
2018-09-25	31835.2883
2018-09-26	31857.0599
2018-09-27	31897.4281
2018-09-28	31911.8001
2018-09-29	31911.8001
2018-09-30	31911.8001
2018-10-01	31870.596
2018-10-02	31768.8885
2018-10-03	31859.7724
2018-10-04	31819.7689
2018-10-05	31789.1926
2018-10-06	31789.1926
2018-10-07	31789.1926
2018-10-08	31574.6606
2018-10-09	31440.0912
2018-10-10	31290.3582
2018-10-11	30876.5556
2018-10-12	30946.0415
2018-10-13	30946.0415
2018-10-14	30946.0415
2018-10-15	30815.0473
2018-10-16	31001.1375
2018-10-17	31180.3885
2018-10-18	31071.6906
2018-10-19	31067.1549
2018-10-20	31067.1549
2018-10-21	31067.1549
2018-10-22	31007.5854
2018-10-23	30863.9533
2018-10-24	30704.7486
2018-10-25	30464.0248
2018-10-26	30413.7403
2018-10-27	30413.7403
2018-10-28	30413.7403
2018-10-29	30498.0785
2018-10-30	30623.9144
2018-10-31	30785.8584
2018-11-01	30781.9986
2018-11-02	30867.6175
2018-11-03	30867.6175
2018-11-04	30867.6175
2018-11-05	30794.2184
2018-11-06	30944.5296
2018-11-07	31023.4872
2018-11-08	31054.7838
2018-11-09	30998.5494
2018-11-10	30998.5494
2018-11-11	30998.5494
2018-11-12	30974.6078
2018-11-13	30834.889
2018-11-14	30639.336
2018-11-15	30681.1271
2018-11-16	30647.7493
2018-11-17	30647.7493
2018-11-18	30647.7493
2018-11-19	30542.9647
2018-11-20	30418.6051
2018-11-21	30358.6977
2018-11-22	30431.5542
2018-11-23	30480.229
2018-11-24	30480.229
2018-11-25	30480.229
2018-11-26	30497.5805
2018-11-27	30598.6032
2018-11-28	30672.1712
2018-11-29	30695.8461
2018-11-30	30574.5815
2018-12-01	30574.5815
2018-12-02	30574.5815
2018-12-03	30865.5186
2018-12-04	30691.7995
2018-12-05	30651.6981
2018-12-06	30626.8226
2018-12-07	30592.8045
2018-12-08	30592.8045
2018-12-09	30592.8045
2018-12-10	30346.1576
2018-12-11	30413.3934
2018-12-12	30596.1752
2018-12-13	30589.5495
2018-12-14	30442.6179
2018-12-15	30442.6179
2018-12-16	30442.6179
2018-12-17	30482.9949
2018-12-18	30360.9477
2018-12-19	30370.4906
2018-12-20	30166.2129
2018-12-21	30012.0331
2018-12-22	30012.0331
2018-12-23	30012.0331
2018-12-24	29977.9349
2018-12-25	29961.8908
2018-12-26	30106.0654
2018-12-27	30354.4376
2018-12-28	30512.4684
2018-12-29	30512.4684
2018-12-30	30512.4684
2018-12-31	30593.9696
2019-01-01	30593.8984
2019-01-02	30471.282
2019-01-03	30518.4894
2019-01-04	30569.023
2019-01-05	30569.023
2019-01-06	30569.023
2019-01-07	30701.7158
2019-01-08	30814.9317
2019-01-09	30965.9187
2019-01-10	31038.7575
2019-01-11	30988.3751
2019-01-12	30988.3751
2019-01-13	30988.3751
2019-01-14	30969.8764
2019-01-15	31088.7486
2019-01-16	31171.5927
2019-01-17	31219.0669
2019-01-18	31303.7164
2019-01-19	31303.7164
2019-01-20	31303.7164
2019-01-21	31355.1749
2019-01-22	31267.4126
2019-01-23	31263.4372
2019-01-24	31349.563
2019-01-25	31506.0108
2019-01-26	31506.0108
2019-01-27	31506.0108
2019-01-28	31468.5508
2019-01-29	31454.3121
2019-01-30	31512.8588
2019-01-31	31493.9599
2019-02-01	31587.0139
2019-02-02	31587.0139
2019-02-03	31587.0139
2019-02-04	31669.7602
2019-02-05	31842.9724
2019-02-06	32014.059
2019-02-07	32094.155
2019-02-08	32066.0423
2019-02-09	32066.0423
2019-02-10	32066.0423
2019-02-11	32099.7936
2019-02-12	32163.5787
2019-02-13	32163.134
2019-02-14	32170.7647
2019-02-15	32224.0464
2019-02-16	32224.0464
2019-02-17	32224.0464
2019-02-18	32290.5885
2019-02-19	32336.862
2019-02-20	32368.2121
2019-02-21	32519.3236
2019-02-22	32563.9429
2019-02-23	32563.9429
2019-02-24	32563.9429
2019-02-25	32586.1503
2019-02-26	32527.7992
2019-02-27	32589.7611
2019-02-28	32611.3548
2019-03-01	32658.6245
2019-03-02	32658.6245
2019-03-03	32658.6245
2019-03-04	32688.8005
2019-03-05	32673.6636
2019-03-06	32797.4361
2019-03-07	32771.9559
2019-03-08	32664.2719
2019-03-09	32664.2719
2019-03-10	32664.2719
2019-03-11	32696.031
2019-03-12	32713.3558
2019-03-13	32754.7112
2019-03-14	32825.6023
2019-03-15	32872.9519
2019-03-16	32872.9519
2019-03-17	32872.9519
2019-03-18	32955.9027
2019-03-19	32960.5541
2019-03-20	32898.6278
2019-03-21	32953.3858
2019-03-22	32912.1728
2019-03-23	32912.1728
2019-03-24	32912.1728
2019-03-25	32760.3853
2019-03-26	32833.731
2019-03-27	32891.8331
2019-03-28	32992.8824
2019-03-29	33016.6106
2019-03-30	33016.6106
2019-03-31	33016.6106
2019-04-01	33134.6824
2019-04-02	33213.7734
2019-04-03	33309.4332
2019-04-04	33188.5333
2019-04-05	33101.9983
2019-04-06	33101.9983
2019-04-07	33101.9983
2019-04-08	33218.069
2019-04-09	33175.8776
2019-04-10	33225.1394
2019-04-11	33209.4511
2019-04-12	33322.2934
2019-04-13	33322.2934
2019-04-14	33322.2934
2019-04-15	33276.7758
2019-04-16	33337.5459
2019-04-17	33259.1309
2019-04-18	33258.6951
2019-04-19	33258.7662
2019-04-20	33258.7662
2019-04-21	33258.7662
2019-04-22	33271.2707
2019-04-23	33470.2655
2019-04-24	33690.4094
2019-04-25	33694.4738
2019-04-26	33687.4033
2019-04-27	33687.4033
2019-04-28	33687.4033
2019-04-29	33648.7339
2019-04-30	33587.5368
2019-05-01	33636.9676
2019-05-02	33574.5877
2019-05-03	33619.1181
2019-05-04	33619.1181
2019-05-05	33619.1181
2019-05-06	33520.3366
2019-05-07	33399.3211
2019-05-08	33328.1543
2019-05-09	33334.4599
2019-05-10	33400.6462
2019-05-11	33400.6462
2019-05-12	33400.6462
2019-05-13	33343.6203
2019-05-14	33275.9398
2019-05-15	33385.198
2019-05-16	33602.4781
2019-05-17	33656.2312
2019-05-18	33656.2312
2019-05-19	33656.2312
2019-05-20	33630.5286
2019-05-21	33685.429
2019-05-22	33677.3358
2019-05-23	33575.5127
2019-05-24	33547.7556
2019-05-25	33547.7556
2019-05-26	33547.7556
2019-05-27	33550.4326
2019-05-28	33563.6486
2019-05-29	33422.1777
2019-05-30	33329.6662
2019-05-31	33297.0533
2019-06-01	33297.0533
2019-06-02	33297.0533
2019-06-03	33152.6475
2019-06-04	33276.7669
2019-06-05	33353.3944
2019-06-06	33414.8315
2019-06-07	33542.0104
2019-06-08	33542.0104
2019-06-09	33542.0104
2019-06-10	33648.5026
2019-06-11	33911.4071
2019-06-12	33887.4032
2019-06-13	33952.211
2019-06-14	33972.5418
2019-06-15	33972.5418
2019-06-16	33972.5418
2019-06-17	33954.4522
2019-06-18	34136.0689
2019-06-19	34355.2789
2019-06-20	34560.9351
2019-06-21	34511.3443
2019-06-22	34511.3443
2019-06-23	34511.3443
2019-06-24	34637.3936
2019-06-25	34530.1187
2019-06-26	34659.3875
2019-06-27	34734.2096
2019-06-28	34668.2011
2019-06-29	34668.2011
2019-06-30	34668.2011
2019-07-01	34839.7591
2019-07-02	34864.848
2019-07-03	34988.0336
2019-07-04	35052.0499
2019-07-05	35139.5543
2019-07-06	35139.5543
2019-07-07	35139.5543
2019-07-08	34898.8128
2019-07-09	34924.4175
2019-07-10	34966.9113
2019-07-11	35029.1577
2019-07-12	34928.4997
2019-07-13	34928.4997
2019-07-14	34928.4997
2019-07-15	34803.5354
2019-07-16	34780.0295
2019-07-17	34840.7997
2019-07-18	34772.63
2019-07-19	34856.8616
2019-07-20	34856.8616
2019-07-21	34856.8616
2019-07-22	34829.2824
2019-07-23	34989.928
2019-07-24	35124.3907
2019-07-25	35207.9018
2019-07-26	35256.6211
2019-07-27	35256.6211
2019-07-28	35256.6211
2019-07-29	35323.8391
2019-07-30	35357.2791
2019-07-31	35246.26
2019-08-01	35198.1811
2019-08-02	35194.8993
2019-08-03	35194.8993
2019-08-04	35194.8993
2019-08-05	34727.5394
2019-08-06	34461.2732
2019-08-07	34598.5996
2019-08-08	34772.3899
2019-08-09	34746.4472
2019-08-10	34746.4472
2019-08-11	34746.4472
2019-08-12	34731.248
2019-08-13	34746.7318
2019-08-14	34683.9695
2019-08-15	34365.9869
2019-08-16	34449.9605
2019-08-17	34449.9605
2019-08-18	34449.9605
2019-08-19	34635.8372
2019-08-20	34722.8435
2019-08-21	34670.8959
2019-08-22	34698.8485
2019-08-23	34584.103
2019-08-24	34584.103
2019-08-25	34584.103
2019-08-26	34518.1479
2019-08-27	34577.8063
2019-08-28	34712.2957
2019-08-29	34803.9534
2019-08-30	34994.3214
2019-08-31	34994.3214
2019-09-01	34994.3214
2019-09-02	34942.8273
2019-09-03	34859.503
2019-09-04	34903.4642
2019-09-05	35099.7464
2019-09-06	35059.485
2019-09-07	35059.485
2019-09-08	35059.485
2019-09-09	35069.8817
2019-09-10	34941.1731
2019-09-11	34997.8878
2019-09-12	35059.3338
2019-09-13	35112.4643
2019-09-14	35112.4643
2019-09-15	35112.4643
2019-09-16	35064.1097
2019-09-17	35164.6877
2019-09-18	35179.4956
2019-09-19	35313.9405
2019-09-20	35349.7018
2019-09-21	35349.7018
2019-09-22	35349.7018
2019-09-23	35372.0781
2019-09-24	35301.1959
2019-09-25	35274.2482
2019-09-26	35192.7826
2019-09-27	35226.6318
2019-09-28	35226.6318
2019-09-29	35226.6318
2019-09-30	35214.6521
2019-10-01	35323.4656
2019-10-02	34995.8511
2019-10-03	34775.8051
2019-10-04	34915.3816
2019-10-05	34915.3816
2019-10-06	34915.3816
2019-10-07	35026.2584
2019-10-08	35011.9219
2019-10-09	35001.1784
2019-10-10	34991.5288
2019-10-11	35090.586
2019-10-12	35090.586
2019-10-13	35090.586
2019-10-14	35172.3807
2019-10-15	35300.6801
2019-10-16	35451.5426
2019-10-17	35246.7314
2019-10-18	35127.0943
2019-10-19	35127.0943
2019-10-20	35127.0943
2019-10-21	35180.465
2019-10-22	35199.275
2019-10-23	35252.1476
2019-10-24	35395.1215
2019-10-25	35512.5173
2019-10-26	35512.5173
2019-10-27	35512.5173
2019-10-28	35577.0228
2019-10-29	35507.0033
2019-10-30	35458.7554
2019-10-31	35394.4278
2019-11-01	35539.1359
2019-11-02	35539.1359
2019-11-03	35539.1359
2019-11-04	35649.1056
2019-11-05	35679.3706
2019-11-06	35556.3629
2019-11-07	35718.2802
2019-11-08	35671.6598
2019-11-09	35671.6598
2019-11-10	35671.6598
2019-11-11	35775.0749
2019-11-12	35807.3854
2019-11-13	35702.2539
2019-11-14	35848.0916
2019-11-15	35986.1829
2019-11-16	35986.1829
2019-11-17	35986.1829
2019-11-18	35988.2017
2019-11-19	36084.4752
2019-11-20	35914.1267
2019-11-21	35812.1257
2019-11-22	35908.0524
2019-11-23	35908.0524
2019-11-24	35908.0524
2019-11-25	36072.0508
2019-11-26	36194.1958
2019-11-27	36381.291
2019-11-28	36401.6396
2019-11-29	36322.8599
2019-11-30	36322.8599
2019-12-01	36322.8599
2019-12-02	36228.3918
2019-12-03	35869.2139
2019-12-04	35760.1692
2019-12-05	35940.1228
2019-12-06	36059.0839
2019-12-07	36059.0839
2019-12-08	36059.0839
2019-12-09	36093.2621
2019-12-10	36061.8765
2019-12-11	36131.8871
2019-12-12	36114.5801
2019-12-13	36154.468
2019-12-14	36154.468
2019-12-15	36154.468
2019-12-16	36437.9256
2019-12-17	36484.7594
2019-12-18	36477.4044
2019-12-19	36462.3742
2019-12-20	36589.2773
2019-12-21	36589.2773
2019-12-22	36589.2773
2019-12-23	36518.6886
2019-12-24	36544.5068
2019-12-25	36545.0849
2019-12-26	36571.3744
2019-12-27	36612.9077
2019-12-28	36612.9077
2019-12-29	36612.9077
2019-12-30	36517.5858
2019-12-31	36267.9507
2020-01-01	36267.7995
2020-01-02	36392.9683
2020-01-03	36502.4755
2020-01-04	36502.4755
2020-01-05	36502.4755
2020-01-06	36519.2133
2020-01-07	36738.4323
2020-01-08	36788.7969
2020-01-09	36950.2162
2020-01-10	36972.7793
2020-01-11	36972.7793
2020-01-12	36972.7793
2020-01-13	37019.6309
2020-01-14	37129.6806
2020-01-15	37184.3764
2020-01-16	37291.3044
2020-01-17	37415.9664
2020-01-18	37415.9664
2020-01-19	37415.9664
2020-01-20	37443.3676
2020-01-21	37359.6253
2020-01-22	37462.1687
2020-01-23	37348.5705
2020-01-24	37299.9224
2020-01-25	37299.9224
2020-01-26	37299.9224
2020-01-27	37213.9121
2020-01-28	37129.8941
2020-01-29	37198.0014
2020-01-30	37135.1324
2020-01-31	37038.2097
2020-02-01	37038.2097
2020-02-02	37038.2097
2020-02-03	36930.7213
2020-02-04	37121.8453
2020-02-05	37221.0804
2020-02-06	37413.1471
2020-02-07	37394.7551
2020-02-08	37394.7551
2020-02-09	37394.7551
2020-02-10	37410.648
2020-02-11	37479.1467
2020-02-12	37504.0666
2020-02-13	37556.6902
2020-02-14	37602.1455
2020-02-15	37602.1455
2020-02-16	37602.1455
2020-02-17	37533.9136
2020-02-18	37486.8219
2020-02-19	37644.2835
2020-02-20	37647.4852
2020-02-21	37539.7211
2020-02-22	37539.7211
2020-02-23	37539.7211
2020-02-24	37038.9478
2020-02-25	36585.8888
2020-02-26	36371.0011
2020-02-27	35971.962
2020-02-28	35577.5208
2020-02-29	35577.5208
2020-03-01	35577.5208
2020-03-02	35738.6911
2020-03-03	35580.3312
2020-03-04	35719.6676
2020-03-05	35689.3137
2020-03-06	35202.9125
2020-03-07	35202.9125
2020-03-08	35202.9125
2020-03-09	33776.9177
2020-03-10	34298.9734
2020-03-11	33526.8112
2020-03-12	32158.4381
2020-03-13	32923.5566
2020-03-14	32923.5566
2020-03-15	32923.5566
2020-03-16	31007.8611
2020-03-17	31764.5573
2020-03-18	30927.0625
2020-03-19	30467.6534
2020-03-20	30618.4893
2020-03-21	30618.4893
2020-03-22	30618.4893
2020-03-23	29966.7112
2020-03-24	30885.4759
2020-03-25	31672.5083
2020-03-26	32159.4342
2020-03-27	31469.5914
2020-03-28	31469.5914
2020-03-29	31469.5914
2020-03-30	32110.8217
2020-03-31	31863.3922
2020-04-01	31889.2459
2020-04-02	31823.5576
2020-04-03	31502.231
2020-04-04	31502.231
2020-04-05	31502.231
2020-04-06	32286.3018
2020-04-07	32189.5036
2020-04-08	32304.178
2020-04-09	32791.3262
2020-04-10	32793.8075
2020-04-11	32793.8075
2020-04-12	32793.8075
2020-04-13	32666.0062
2020-04-14	33085.8386
2020-04-15	32990.5879
2020-04-16	32903.7594
2020-04-17	33383.9529
2020-04-18	33383.9529
2020-04-19	33383.9529
2020-04-20	33023.2542
2020-04-21	32584.0514
2020-04-22	32686.6661
2020-04-23	32608.3132
2020-04-24	32734.6205
2020-04-25	32734.6205
2020-04-26	32734.6205
2020-04-27	33018.416
2020-04-28	32974.8462
2020-04-29	33298.6186
2020-04-30	33664.6446
2020-05-01	33008.4818
2020-05-02	33008.4818
2020-05-03	33008.4818
2020-05-04	33127.5052
2020-05-05	33330.6445
2020-05-06	33287.7772
2020-05-07	33302.9764
2020-05-08	33474.5167
2020-05-09	33474.5167
2020-05-10	33474.5167
2020-05-11	33715.6851
2020-05-12	33435.8205
2020-05-13	33347.3111
2020-05-14	33278.8747
2020-05-15	33459.7177
2020-05-16	33459.7177
2020-05-17	33459.7177
2020-05-18	33794.8205
2020-05-19	33862.3142
2020-05-20	34059.5304
2020-05-21	33995.0338
2020-05-22	33942.7037
2020-05-23	33942.7037
2020-05-24	33942.7037
2020-05-25	34231.1684
2020-05-26	34551.6946
2020-05-27	34593.0144
2020-05-28	34637.8916
2020-05-29	34487.6872
2020-05-30	34487.6872
2020-05-31	34487.6872
2020-06-01	34560.9885
2020-06-02	34605.4299
2020-06-03	34945.0152
2020-06-04	34929.7003
2020-06-05	35131.2388
2020-06-06	35131.2388
2020-06-07	35131.2388
2020-06-08	35214.5453
2020-06-09	35526.3825
2020-06-10	35492.231
2020-06-11	34792.2761
2020-06-12	34651.908
2020-06-13	34651.908
2020-06-14	34651.908
2020-06-15	34368.7083
2020-06-16	35015.3193
2020-06-17	35028.0372
2020-06-18	35012.9802
2020-06-19	35028.8109
2020-06-20	35028.8109
2020-06-21	35028.8109
2020-06-22	35017.1336
2020-06-23	35089.1897
2020-06-24	34933.8715
2020-06-25	34718.2366
2020-06-26	34757.9022
2020-06-27	34757.9022
2020-06-28	34757.9022
2020-06-29	34696.6429
2020-06-30	34957.4751
2020-07-01	35051.1517
2020-07-02	35349.3193
2020-07-03	35367.071
2020-07-04	35367.071
2020-07-05	35367.071
2020-07-06	35396.8469
2020-07-07	35299.684
2020-07-08	35199.5774
2020-07-09	35263.2024
2020-07-10	35258.72
2020-07-11	35258.72
2020-07-12	35258.72
2020-07-13	35301.8096
2020-07-14	35206.3721
2020-07-15	35490.7724
2020-07-16	35365.4257
2020-07-17	35482.199
2020-07-18	35482.199
2020-07-19	35482.199
2020-07-20	35502.5565
2020-07-21	35766.2613
2020-07-22	35568.1647
2020-07-23	35542.8891
2020-07-24	35351.5872
2020-07-25	35351.5872
2020-07-26	35351.5872
2020-07-27	35468.0581
2020-07-28	35399.4883
2020-07-29	35469.57
2020-07-30	35517.9158
2020-07-31	35292.8893
2020-08-01	35292.8893
2020-08-02	35292.8893
2020-08-03	35455.607
2020-08-04	35671.313
2020-08-05	35600.8132
2020-08-06	35751.409
2020-08-07	35671.5087
2020-08-08	35671.5087
2020-08-09	35671.5087
2020-08-10	35879.0947
2020-08-11	35876.4533
2020-08-12	35948.4472
2020-08-13	35863.1218
2020-08-14	35933.915
2020-08-15	35933.915
2020-08-16	35933.915
2020-08-17	35839.3669
2020-08-18	35959.4931
2020-08-19	35969.1249
2020-08-20	35903.6056
2020-08-21	36022.9847
2020-08-22	36022.9847
2020-08-23	36022.9847
2020-08-24	36142.2749
2020-08-25	36249.3719
2020-08-26	36185.8269
2020-08-27	36253.3651
2020-08-28	36051.2842
2020-08-29	36051.2842
2020-08-30	36051.2842
2020-08-31	36053.3386
2020-09-01	36012.6592
2020-09-02	36451.2216
2020-09-03	36342.3814
2020-09-04	35977.3604
2020-09-05	35977.3604
2020-09-06	35977.3604
2020-09-07	35896.3928
2020-09-08	35826.231
2020-09-09	35711.3165
2020-09-10	35662.3393
2020-09-11	35609.0932
2020-09-12	35609.0932
2020-09-13	35609.0932
2020-09-14	35875.8219
2020-09-15	35919.6941
2020-09-16	36031.2469
2020-09-17	35864.7137
2020-09-18	35735.9607
2020-09-19	35735.9607
2020-09-20	35735.9607
2020-09-21	35671.0907
2020-09-22	35671.393
2020-09-23	35917.2662
2020-09-24	35888.7621
2020-09-25	36184.902
2020-09-26	36184.902
2020-09-27	36184.902
2020-09-28	36277.8937
2020-09-29	36182.2962
2020-09-30	35921.9442
2020-10-01	36073.5716
2020-10-02	35875.395
2020-10-03	35875.395
2020-10-04	35875.395
2020-10-05	36282.8208
2020-10-06	36304.708
2020-10-07	36518.4129
2020-10-08	36699.0602
2020-10-09	36705.1434
2020-10-10	36705.1434
2020-10-11	36705.1434
2020-10-12	36925.9721
2020-10-13	37002.6885
2020-10-14	36890.3621
2020-10-15	37010.0525
2020-10-16	36906.6997
2020-10-17	36906.6997
2020-10-18	36906.6997
2020-10-19	36937.5072
2020-10-20	36970.6448
2020-10-21	36907.6068
2020-10-22	36898.4464
2020-10-23	36903.3468
2020-10-24	36903.3468
2020-10-25	36903.3468
2020-10-26	36776.079
2020-10-27	36458.4343
2020-10-28	36337.5166
2020-10-29	36227.627
2020-10-30	35976.6311
2020-10-31	35976.6311
2020-11-01	35976.6311
2020-11-02	36082.3585
2020-11-03	36379.0231
2020-11-04	36598.7223
2020-11-05	36900.7054
2020-11-06	37064.0545
2020-11-07	37064.0545
2020-11-08	37064.0545
2020-11-09	37452.3324
2020-11-10	37486.475
2020-11-11	37868.3317
2020-11-12	37731.7345
2020-11-13	37824.077
2020-11-14	37824.077
2020-11-15	37824.077
2020-11-16	37982.9082
2020-11-17	37987.3017
2020-11-18	37998.2586
2020-11-19	38014.2049
2020-11-20	37952.7766
2020-11-21	37952.7766
2020-11-22	37952.7766
2020-11-23	38107.17
2020-11-24	38304.3238
2020-11-25	38323.8542
2020-11-26	38253.5946
2020-11-27	38205.569
2020-11-28	38205.569
2020-11-29	38205.569
2020-11-30	38010.8787
2020-12-01	38258.8418
2020-12-02	38237.9685
2020-12-03	38282.6056
2020-12-04	38398.9875
2020-12-05	38398.9875
2020-12-06	38398.9875
2020-12-07	38489.7737
2020-12-08	38583.0856
2020-12-09	38540.6808
2020-12-10	38383.0235
2020-12-11	38305.7379
2020-12-12	38305.7379
2020-12-13	38305.7379
2020-12-14	38332.6233
2020-12-15	38310.7806
2020-12-16	38482.8989
2020-12-17	38602.1624
2020-12-18	38469.0159
2020-12-19	38469.0159
2020-12-20	38469.0159
2020-12-21	38471.9064
2020-12-22	38396.2038
2020-12-23	38464.8982
2020-12-24	38515.4851
2020-12-25	38515.0671
2020-12-26	38515.0671
2020-12-27	38515.0671
2020-12-28	38622.1464
2020-12-29	38685.8069
2020-12-30	38623.2936
2020-12-31	38396.3995
2021-01-01	38395.8392
2021-01-02	38395.8392
2021-01-03	38395.8392
2021-01-04	38558.2012
2021-01-05	38595.4388
2021-01-06	38414.1423
2021-01-07	38823.1601
2021-01-08	38948.9426
2021-01-09	38948.9426
2021-01-10	38948.9426
2021-01-11	38853.8875
2021-01-12	38787.1854
2021-01-13	38810.4689
2021-01-14	38831.191
2021-01-15	38826.2817
2021-01-16	38826.2817
2021-01-17	38826.2817
2021-01-18	38738.0303
2021-01-19	38952.3133
2021-01-20	39134.3124
2021-01-21	39235.5841
2021-01-22	39095.2961
2021-01-23	39095.2961
2021-01-24	39095.2961
2021-01-25	39186.1267
2021-01-26	39093.1616
2021-01-27	38805.2483
2021-01-28	38566.6502
2021-01-29	38238.929
2021-01-30	38238.929
2021-01-31	38238.929
2021-02-01	38605.2663
2021-02-02	39021.479
2021-02-03	39145.3049
2021-02-04	39042.8859
2021-02-05	39261.2956
2021-02-06	39261.2956
2021-02-07	39261.2956
2021-02-08	39338.1543
2021-02-09	39262.7185
2021-02-10	39387.4694
2021-02-11	39402.0283
2021-02-12	39346.0251
2021-02-13	39346.0251
2021-02-14	39346.0251
2021-02-15	39414.9329
2021-02-16	39619.2639
2021-02-17	39547.4301
2021-02-18	39424.2179
2021-02-19	39122.2438
2021-02-20	39122.2438
2021-02-21	39122.2438
2021-02-22	38968.7576
2021-02-23	39161.4113
2021-02-24	39031.4221
2021-02-25	38942.4325
2021-02-26	38645.919
2021-02-27	38645.919
2021-02-28	38645.919
2021-03-01	39109.0278
2021-03-02	38939.8088
2021-03-03	39037.7988
2021-03-04	38722.7155
2021-03-05	38765.6361
2021-03-06	38765.6361
2021-03-07	38765.6361
2021-03-08	38721.497
2021-03-09	38923.6313
2021-03-10	38829.4656
2021-03-11	39068.1527
2021-03-12	39140.9293
2021-03-13	39140.9293
2021-03-14	39140.9293
2021-03-15	39232.5425
2021-03-16	39325.4809
2021-03-17	39289.097
2021-03-18	39040.6448
2021-03-19	38840.4404
2021-03-20	38840.4404
2021-03-21	38840.4404
2021-03-22	38956.4043
2021-03-23	38925.1788
2021-03-24	38885.0597
2021-03-25	38941.5075
2021-03-26	39107.0801
2021-03-27	39107.0801
2021-03-28	39107.0801
2021-03-29	39113.9282
2021-03-30	38954.6345
2021-03-31	39120.3672
2021-04-01	39343.1792
2021-04-02	39347.9995
2021-04-03	39347.9995
2021-04-04	39347.9995
2021-04-05	39414.924
2021-04-06	39601.4678
2021-04-07	39705.3987
2021-04-08	39846.6028
2021-04-09	39879.02
2021-04-10	39879.02
2021-04-11	39879.02
2021-04-12	39804.198
2021-04-13	39781.1368
2021-04-14	39783.9294
2021-04-15	39904.7938
2021-04-16	40018.1074
2021-04-17	40018.1074
2021-04-18	40018.1074
2021-04-19	39961.3572
2021-04-20	39768.0899
2021-04-21	39770.0198
2021-04-22	39913.0292
2021-04-23	40042.7872
2021-04-24	40042.7872
2021-04-25	40042.7872
2021-04-26	40009.7474
2021-04-27	40007.0082
2021-04-28	40027.3657
2021-04-29	40158.5022
2021-04-30	39982.1238
2021-05-01	39982.1238
2021-05-02	39982.1238
2021-05-03	39904.0111
2021-05-04	39927.4369
2021-05-05	39931.6436
2021-05-06	39966.7467
2021-05-07	39990.1103
2021-05-08	39990.1103
2021-05-09	39990.1103
2021-05-10	40087.0775
2021-05-11	39822.3765
2021-05-12	39633.0224
2021-05-13	39510.2637
2021-05-14	39644.4062
2021-05-15	39644.4062
2021-05-16	39644.4062
2021-05-17	39724.8668
2021-05-18	39771.3716
2021-05-19	39503.3889
2021-05-20	39753.7711
2021-05-21	39793.3211
2021-05-22	39793.3211
2021-05-23	39793.3211
2021-05-24	39874.1196
2021-05-25	40022.5542
2021-05-26	39988.2604
2021-05-27	40013.5984
2021-05-28	40288.5625
2021-05-29	40288.5625
2021-05-30	40288.5625
2021-05-31	40198.6213
2021-06-01	40187.1485
2021-06-02	40394.2455
2021-06-03	40504.7665
2021-06-04	40501.7427
2021-06-05	40501.7427
2021-06-06	40501.7427
2021-06-07	40491.9153
2021-06-08	40525.1507
2021-06-09	40512.0415
2021-06-10	40617.4399
2021-06-11	40740.6966
2021-06-12	40740.6966
2021-06-13	40740.6966
2021-06-14	40745.9349
2021-06-15	40858.8217
2021-06-16	40753.5746
2021-06-17	40753.788
2021-06-18	40753.5924
2021-06-19	40753.5924
2021-06-20	40753.5924
2021-06-21	40558.3328
2021-06-22	40836.3831
2021-06-23	40656.9631
2021-06-24	40727.5607
2021-06-25	40819.1828
2021-06-26	40819.1828
2021-06-27	40819.1828
2021-06-28	40864.5937
2021-06-29	40948.7452
2021-06-30	41124.8745
2021-07-01	41092.2971
2021-07-02	41226.8221
2021-07-03	41226.8221
2021-07-04	41226.8221
2021-07-05	41495.3473
2021-07-06	41437.4943
2021-07-07	41553.9741
2021-07-08	41549.2871
2021-07-09	41475.6746
2021-07-10	41475.6746
2021-07-11	41475.6746
2021-07-12	41679.6143
2021-07-13	41731.8466
2021-07-14	41755.8949
2021-07-15	41737.5563
2021-07-16	41695.4894
2021-07-17	41695.4894
2021-07-18	41695.4894
2021-07-19	41477.0976
2021-07-20	41512.174
2021-07-21	41663.1344
2021-07-22	41830.3346
2021-07-23	41895.5515
2021-07-24	41895.5515
2021-07-25	41895.5515
2021-07-26	41862.8763
2021-07-27	41838.9169
2021-07-28	41799.8917
2021-07-29	41928.9204
2021-07-30	41895.9606
2021-07-31	41895.9606
2021-08-01	41895.9606
2021-08-02	42061.3998
2021-08-03	42022.3746
2021-08-04	42052.6929
2021-08-05	42044.0217
2021-08-06	42171.3517
2021-08-07	42171.3517
2021-08-08	42171.3517
2021-08-09	42266.131
2021-08-10	42235.199
2021-08-11	42243.4256
2021-08-12	42336.3551
2021-08-13	42350.3981
2021-08-14	42350.3981
2021-08-15	42350.3981
2021-08-16	42329.7916
2021-08-17	42231.0279
2021-08-18	42225.3716
2021-08-19	42127.3905
2021-08-20	42212.2801
2021-08-21	42212.2801
2021-08-22	42212.2801
2021-08-23	42284.105
2021-08-24	42363.8542
2021-08-25	42500.9049
2021-08-26	42386.3995
2021-08-27	42438.1782
2021-08-28	42438.1782
2021-08-29	42438.1782
2021-08-30	42616.5398
2021-08-31	42662.422
2021-09-01	42606.579
2021-09-02	42616.9845
2021-09-03	42700.469
2021-09-04	42700.469
2021-09-05	42700.469
2021-09-06	42773.37
2021-09-07	42818.5496
2021-09-08	42805.7873
2021-09-09	42472.7477
2021-09-10	42539.5033
2021-09-11	42539.5033
2021-09-12	42539.5033
2021-09-13	42596.7159
2021-09-14	42663.4003
2021-09-15	42617.5893
2021-09-16	42737.8044
2021-09-17	42559.2382
2021-09-18	42559.2382
2021-09-19	42559.2382
2021-09-20	42164.219
2021-09-21	42267.7675
2021-09-22	42357.0506
2021-09-23	42523.7349
2021-09-24	42516.9757
2021-09-25	42516.9757
2021-09-26	42516.9757
2021-09-27	42498.2457
2021-09-28	42120.5246
2021-09-29	41935.8218
2021-09-30	42103.9914
2021-10-01	41846.4587
2021-10-02	41846.4587
2021-10-03	41846.4587
2021-10-04	41884.0431
2021-10-05	41853.0578
2021-10-06	41794.5911
2021-10-07	41899.3491
2021-10-08	42012.9473
2021-10-09	42012.9473
2021-10-10	42012.9473
2021-10-11	41877.2306
2021-10-12	41766.9586
2021-10-13	41821.2186
2021-10-14	42072.4902
2021-10-15	42287.6625
2021-10-16	42287.6625
2021-10-17	42287.6625
2021-10-18	42351.2341
2021-10-19	42319.8841
2021-10-20	42360.5635
2021-10-21	42371.7517
2021-10-22	42406.0277
2021-10-23	42406.0277
2021-10-24	42406.0277
2021-10-25	42474.1796
2021-10-26	42459.016
2021-10-27	42353.4397
2021-10-28	42284.2207
2021-10-29	42065.98
2021-10-30	42065.98
2021-10-31	42065.98
2021-11-01	42258.109
2021-11-02	42329.6315
2021-11-03	42513.7829
2021-11-04	42636.9151
2021-11-05	42719.6614
2021-11-06	42719.6614
2021-11-07	42719.6614
2021-11-08	42849.2237
2021-11-09	42809.238
2021-11-10	42735.6077
2021-11-11	42707.9218
2021-11-12	42905.0223
2021-11-13	42905.0223
2021-11-14	42905.0223
2021-11-15	42947.3115
2021-11-16	42948.6544
2021-11-17	42917.5801
2021-11-18	42973.1742
2021-11-19	42981.1962
2021-11-20	42981.1962
2021-11-21	42981.1962
2021-11-22	42844.1366
2021-11-23	42968.5495
2021-11-24	42946.7423
2021-11-25	43007.7793
2021-11-26	42607.7351
2021-11-27	42607.7351
2021-11-28	42607.7351
2021-11-29	42583.9625
2021-11-30	42475.5937
2021-12-01	42316.0598
2021-12-02	42419.7684
2021-12-03	42468.5588
2021-12-04	42468.5588
2021-12-05	42468.5588
2021-12-06	42486.8263
2021-12-07	42793.0605
2021-12-08	42956.2763
2021-12-09	42902.7011
2021-12-10	42875.0597
2021-12-11	42875.0597
2021-12-12	42875.0597
2021-12-13	42871.1554
2021-12-14	42790.9349
2021-12-15	42809.1046
2021-12-16	42658.9179
2021-12-17	42549.4819
2021-12-18	42549.4819
2021-12-19	42549.4819
2021-12-20	42425.3269
2021-12-21	42816.095
2021-12-22	42864.1739
2021-12-23	42991.5662
2021-12-24	43078.3057
2021-12-25	43078.3057
2021-12-26	43078.3057
2021-12-27	43182.0765
2021-12-28	43207.8502
2021-12-29	43329.7729
2021-12-30	43322.3645
2021-12-31	43171.9289
2022-01-01	43171.9289
2022-01-02	43171.9289
2022-01-03	43336.6299
2022-01-04	43531.9784
2022-01-05	43237.6794
2022-01-06	42888.6936
2022-01-07	43033.6241
2022-01-08	43033.6241
2022-01-09	43033.6241
2022-01-10	42931.2051
2022-01-11	42941.3706
2022-01-12	43035.2161
2022-01-13	42944.3055
2022-01-14	42819.9904
2022-01-15	42819.9904
2022-01-16	42819.9904
2022-01-17	42844.7058
2022-01-18	42658.0642
2022-01-19	42285.9638
2022-01-20	42263.8454
2022-01-21	41890.7223
2022-01-22	41890.7223
2022-01-23	41890.7223
2022-01-24	41823.7266
2022-01-25	41287.948
2022-01-26	41308.3589
2022-01-27	41071.913
2022-01-28	41564.7354
2022-01-29	41564.7354
2022-01-30	41564.7354
2022-01-31	41703.6804
2022-02-01	41848.2463
2022-02-02	42119.6975
2022-02-03	41861.1687
2022-02-04	42019.0839
2022-02-05	42019.0839
2022-02-06	42019.0839
2022-02-07	41945.9783
2022-02-08	42124.5712
2022-02-09	42371.4849
2022-02-10	42256.6237
2022-02-11	41964.2547
2022-02-12	41964.2547
2022-02-13	41964.2547
2022-02-14	41934.6301
2022-02-15	41934.052
2022-02-16	42130.5833
2022-02-17	41924.7848
2022-02-18	41716.4962
2022-02-19	41716.4962
2022-02-20	41716.4962
2022-02-21	41632.2824
2022-02-22	41389.024
2022-02-23	41228.165
2022-02-24	41088.962
2022-02-25	41239.1309
2022-02-26	41239.1309
2022-02-27	41239.1309
2022-02-28	41387.9924
2022-03-01	41182.5585
2022-03-02	41454.8724
2022-03-03	41306.4378
2022-03-04	40899.4656
2022-03-05	40899.4656
2022-03-06	40899.4656
2022-03-07	40473.2831
2022-03-08	40242.3246
2022-03-09	40654.4551
2022-03-10	40677.9254
2022-03-11	40500.9601
2022-03-12	40500.9601
2022-03-13	40500.9601
2022-03-14	40603.0144
2022-03-15	40592.8935
2022-03-16	40984.8177
2022-03-17	41231.9182
2022-03-18	41442.4213
2022-03-19	41442.4213
2022-03-20	41442.4213
2022-03-21	41379.2499
2022-03-22	41522.3039
2022-03-23	41401.7508
2022-03-24	41505.9218
2022-03-25	41559.6215
2022-03-26	41559.6215
2022-03-27	41559.6215
2022-03-28	41567.3056
2022-03-29	41805.3079
2022-03-30	41865.9357
2022-03-31	41744.2798
2022-04-01	41775.3808
2022-04-02	41775.3808
2022-04-03	41775.3808
2022-04-04	41914.5127
2022-04-05	41696.4499
2022-04-06	41502.9602
2022-04-07	41462.7611
2022-04-08	41539.1306
2022-04-09	41539.1306
2022-04-10	41539.1306
2022-04-11	41374.2606
2022-04-12	41186.3472
2022-04-13	41413.019
2022-04-14	41451.395
2022-04-15	41448.4334
2022-04-16	41448.4334
2022-04-17	41448.4334
2022-04-18	41476.3061
2022-04-19	41609.5148
2022-04-20	41527.7646
2022-04-21	41481.5711
2022-04-22	41103.6009
2022-04-23	41103.6009
2022-04-24	41103.6009
2022-04-25	41171.7884
2022-04-26	40681.7941
2022-04-27	40717.1107
2022-04-28	41132.5586
2022-04-29	40987.4413
2022-04-30	40987.4413
2022-05-01	40987.4413
2022-05-02	40881.6694
2022-05-03	40773.8254
2022-05-04	40845.25
2022-05-05	40754.3572
2022-05-06	40338.2868
2022-05-07	40338.2868
2022-05-08	40338.2868
2022-05-09	39883.4846
2022-05-10	39732.5154
2022-05-11	39695.7669
2022-05-12	39509.3832
2022-05-13	39974.9467
2022-05-14	39974.9467
2022-05-15	39974.9467
2022-05-16	39993.4543
2022-05-17	40157.5506
2022-05-18	40072.5186
2022-05-19	39765.1727
2022-05-20	40034.7385
2022-05-21	40034.7385
2022-05-22	40034.7385
2022-05-23	40167.5203
2022-05-24	40047.4653
2022-05-25	40154.8558
2022-05-26	40203.4861
2022-05-27	40475.6399
2022-05-28	40475.6399
2022-05-29	40475.6399
2022-05-30	40678.5035
2022-05-31	40512.1394
2022-06-01	40466.6129
2022-06-02	40384.756
2022-06-03	40423.2743
2022-06-04	40423.2743
2022-06-05	40423.2743
2022-06-06	40390.0655
2022-06-07	40167.5381
2022-06-08	40271.051
2022-06-09	39969.4504
2022-06-10	39593.1612
2022-06-11	39593.1612
2022-06-12	39593.1612
2022-06-13	39381.7775
2022-06-14	38866.2052
2022-06-15	38675.6949
2022-06-16	38496.8352
2022-06-17	38296.0172
2022-06-18	38296.0172
2022-06-19	38296.0172
2022-06-20	38234.0998
2022-06-21	38596.8796
2022-06-22	38561.3229
2022-06-23	38685.22
2022-06-24	39089.5775
2022-06-25	39089.5775
2022-06-26	39089.5775
2022-06-27	39354.2606
2022-06-28	39405.5057
2022-06-29	39347.6438
2022-06-30	39368.3303
2022-07-01	39497.9727
2022-07-02	39497.9727
2022-07-03	39497.9727
2022-07-04	39604.7851
2022-07-05	39652.8018
2022-07-06	39560.3615
2022-07-07	39820.5622
2022-07-08	39881.9994
2022-07-09	39881.9994
2022-07-10	39881.9994
2022-07-11	39740.1906
2022-07-12	39624.9648
2022-07-13	39589.7282
2022-07-14	39674.6534
2022-07-15	39639.1234
2022-07-16	39639.1234
2022-07-17	39639.1234
2022-07-18	39759.9344
2022-07-19	39804.0379
2022-07-20	40034.7207
2022-07-21	40082.9419
2022-07-22	40038.1714
2022-07-23	40038.1714
2022-07-24	40038.1714
2022-07-25	40079.8736
2022-07-26	40035.6545
2022-07-27	40252.4366
2022-07-28	40447.1714
2022-07-29	40707.0076
2022-07-30	40707.0076
2022-07-31	40707.0076
2022-08-01	40712.0858
2022-08-02	40698.7098
2022-08-03	40801.1644
2022-08-04	40766.7549
2022-08-05	40919.6541
2022-08-06	40919.6541
2022-08-07	40919.6541
2022-08-08	40825.4795
2022-08-09	40851.36
2022-08-10	40816.7371
2022-08-11	40928.5922
2022-08-12	40926.9558
2022-08-13	40926.9558
2022-08-14	40926.9558
2022-08-15	41138.8286
2022-08-16	41299.4385
2022-08-17	41385.8935
2022-08-18	41240.9096
2022-08-19	41186.9698
2022-08-20	41186.9698
2022-08-21	41186.9698
2022-08-22	40843.4002
2022-08-23	40618.0357
2022-08-24	40706.0559
2022-08-25	40839.9228
2022-08-26	40758.7151
2022-08-27	40758.7151
2022-08-28	40758.7151
2022-08-29	40438.847
2022-08-30	40528.1479
2022-08-31	40441.2038
2022-09-01	40269.9304
2022-09-02	40175.6935
2022-09-03	40175.6935
2022-09-04	40175.6935
2022-09-05	40281.0118
2022-09-06	40216.9866
2022-09-07	40125.5424
2022-09-08	40530.6915
2022-09-09	40668.1335
2022-09-10	40668.1335
2022-09-11	40668.1335
2022-09-12	40843.0444
2022-09-13	40745.4903
2022-09-14	40340.3056
2022-09-15	40345.4195
2022-09-16	40006.5902
2022-09-17	40006.5902
2022-09-18	40006.5902
2022-09-19	40081.0743
2022-09-20	40190.368
2022-09-21	39829.5003
2022-09-22	39752.775
2022-09-23	39412.9852
2022-09-24	39412.9852
2022-09-25	39412.9852
2022-09-26	39094.8158
2022-09-27	39195.7762
2022-09-28	39141.8097
2022-09-29	39254.4386
2022-09-30	39009.3125
2022-10-01	39009.3125
2022-10-02	39009.3125
2022-10-03	39072.5551
2022-10-04	39921.2025
2022-10-05	40155.5851
2022-10-06	40071.4958
2022-10-07	39696.007
2022-10-08	39696.007
2022-10-09	39696.007
2022-10-10	39555.4789
2022-10-11	39369.442
2022-10-12	39400.9166
2022-10-13	39528.7269
2022-10-14	39611.5976
2022-10-15	39611.5976
2022-10-16	39611.5976
2022-10-17	39538.3764
2022-10-18	39912.8336
2022-10-19	39860.966
2022-10-20	39578.3177
2022-10-21	39566.1068
2022-10-22	39566.1068
2022-10-23	39566.1068
2022-10-24	39852.6238
2022-10-25	39922.3231
2022-10-26	39937.4067
2022-10-27	40065.466
2022-10-28	40210.4054
2022-10-29	40210.4054
2022-10-30	40210.4054
2022-10-31	40290.5458
2022-11-01	40553.9305
2022-11-02	40416.773
2022-11-03	40108.2532
2022-11-04	40296.5757
2022-11-05	40296.5757
2022-11-06	40296.5757
2022-11-07	40420.8107
2022-11-08	40408.0484
2022-11-09	40511.419
2022-11-10	40724.5902
2022-11-11	41218.6489
2022-11-12	41218.6489
2022-11-13	41218.6489
2022-11-14	41046.0414
2022-11-15	41063.2417
2022-11-16	41038.2862
2022-11-17	41148.2914
2022-11-18	41189.1042
2022-11-19	41189.1042
2022-11-20	41189.1042
2022-11-21	41267.7772
2022-11-22	41368.4886
2022-11-23	41414.1752
2022-11-24	41466.1406
2022-11-25	41503.4761
2022-11-26	41503.4761
2022-11-27	41503.4761
2022-11-28	41388.1613
2022-11-29	41432.8162
2022-11-30	41795.5605
2022-12-01	41895.9784
2022-12-02	41798.1574
2022-12-03	41798.1574
2022-12-04	41798.1574
2022-12-05	41798.3175
2022-12-06	41636.1512
2022-12-07	41476.982
2022-12-08	41434.1681
2022-12-09	41522.5351
2022-12-10	41522.5351
2022-12-11	41522.5351
2022-12-12	41558.7411
2022-12-13	41545.6585
2022-12-14	41648.1309
2022-12-15	41364.7711
2022-12-16	41230.3262
2022-12-17	41230.3262
2022-12-18	41230.3262
2022-12-19	41074.9012
2022-12-20	40886.7032
2022-12-21	41220.0452
2022-12-22	41135.7069
2022-12-23	41054.3569
2022-12-24	41054.3569
2022-12-25	41054.3569
2022-12-26	41054.5081
2022-12-27	41001.7067
2022-12-28	40784.6489
2022-12-29	40820.7837
2022-12-30	40851.8758
2022-12-31	40851.8758
2023-01-01	40851.8758
2023-01-02	40856.7584
2023-01-03	40801.9915
2023-01-04	41000.2303
2023-01-05	41095.819
2023-01-06	41294.716
2023-01-07	41294.716
2023-01-08	41294.716
2023-01-09	41357.6117
2023-01-10	41407.7985
2023-01-11	41631.4731
2023-01-12	41818.3104
2023-01-13	41939.0235
2023-01-14	41939.0235
2023-01-15	41939.0235
2023-01-16	42047.6058
2023-01-17	41989.6549
2023-01-18	41901.5191
2023-01-19	42103.4044
2023-01-20	42206.0012
2023-01-21	42206.0012
2023-01-22	42206.0012
2023-01-23	42259.9144
2023-01-24	42287.3245
2023-01-25	42236.373
2023-01-26	42312.2712
2023-01-27	42356.597
2023-01-28	42356.597
2023-01-29	42356.597
2023-01-30	42263.9432
2023-01-31	42320.0175
2023-02-01	42443.2298
2023-02-02	42601.9721
2023-02-03	42786.0612
2023-02-04	42786.0612
2023-02-05	42786.0612
2023-02-06	42705.1737
2023-02-07	42653.4573
2023-02-08	42595.1596
2023-02-09	42436.8797
2023-02-10	42350.4159
2023-02-11	42350.4159
2023-02-12	42350.4159
2023-02-13	42380.085
2023-02-14	42414.5034
2023-02-15	42412.1643
2023-02-16	42483.1088
2023-02-17	42328.422
2023-02-18	42328.422
2023-02-19	42328.422
2023-02-20	42301.8389
2023-02-21	42160.5548
2023-02-22	42179.3026
2023-02-23	42143.7192
2023-02-24	42164.3969
2023-02-25	42164.3969
2023-02-26	42164.3969
2023-02-27	42015.6065
2023-02-28	42074.1088
2023-03-01	42078.8135
2023-03-02	42190.2417
2023-03-03	42356.9972
2023-03-04	42356.9972
2023-03-05	42356.9972
2023-03-06	42522.5876
2023-03-07	42608.1265
2023-03-08	42482.3439
2023-03-09	42417.127
2023-03-10	42008.5539
2023-03-11	42008.5539
2023-03-12	42008.5539
2023-03-13	41855.8593
2023-03-14	41851.2612
2023-03-15	41936.6667
2023-03-16	41861.2488
2023-03-17	41792.59
2023-03-18	41792.59
2023-03-19	41792.59
2023-03-20	41637.2006
2023-03-21	41951.1811
2023-03-22	41848.9934
2023-03-23	41824.3669
2023-03-24	41902.1595
2023-03-25	41902.1595
2023-03-26	41902.1595
2023-03-27	41936.6934
2023-03-28	41951.1633
2023-03-29	42138.7032
2023-03-30	42282.1485
2023-03-31	42538.0714
2023-04-01	42538.0714
2023-04-02	42538.0714
2023-04-03	42527.8971
2023-04-04	42569.1813
2023-04-05	42563.6406
2023-04-06	42650.0955
2023-04-07	42656.988
2023-04-08	42656.988
2023-04-09	42656.988
2023-04-10	42698.9393
2023-04-11	42824.455
2023-04-12	42841.3084
2023-04-13	42838.8093
2023-04-14	42980.3869
2023-04-15	42980.3869
2023-04-16	42980.3869
2023-04-17	43042.5533
2023-04-18	42978.9017
2023-04-19	43007.6814
2023-04-20	42898.6011
2023-04-21	42956.721
2023-04-22	42956.721
2023-04-23	42956.721
2023-04-24	42928.6616
2023-04-25	42852.2564
2023-04-26	42899.8551
2023-04-27	42937.8042
2023-04-28	43070.0168
2023-04-29	43070.0168
2023-04-30	43070.0168
2023-05-01	43034.4601
2023-05-02	42780.7962
2023-05-03	42660.3854
2023-05-04	42738.2313
2023-05-05	42859.5581
2023-05-06	42859.5581
2023-05-07	42859.5581
2023-05-08	42882.806
2023-05-09	42829.1508
2023-05-10	42843.345
2023-05-11	42916.0326
2023-05-12	42976.6605
2023-05-13	42976.6605
2023-05-14	42976.6605
2023-05-15	43015.3033
2023-05-16	42956.5787
2023-05-17	42987.6619
2023-05-18	43136.132
2023-05-19	43061.2033
2023-05-20	43061.2033
2023-05-21	43061.2033
2023-05-22	43106.0449
2023-05-23	42962.8131
2023-05-24	42879.2664
2023-05-25	42815.1167
2023-05-26	42965.2677
2023-05-27	42965.2677
2023-05-28	42965.2677
2023-05-29	43051.4292
2023-05-30	43055.7692
2023-05-31	42851.9185
2023-06-01	42888.2134
2023-06-02	43068.4782
2023-06-03	43068.4782
2023-06-04	43068.4782
2023-06-05	43126.3313
2023-06-06	42967.5623
2023-06-07	42892.0465
2023-06-08	42816.2462
2023-06-09	42874.0992
2023-06-10	42874.0992
2023-06-11	42874.0992
2023-06-12	42953.0034
2023-06-13	43003.9372
2023-06-14	43048.5654
2023-06-15	43117.5622
2023-06-16	43222.8716
2023-06-17	43222.8716
2023-06-18	43222.8716
2023-06-19	43261.8879
2023-06-20	43378.5544
2023-06-21	43235.9185
2023-06-22	43073.5209
2023-06-23	43023.4231
2023-06-24	43023.4231
2023-06-25	43023.4231
2023-06-26	43000.3353
2023-06-27	43162.6261
2023-06-28	43415.8988
2023-06-29	43371.1105
2023-06-30	43482.9567
2023-07-01	43482.9567
2023-07-02	43482.9567
2023-07-03	43606.418
2023-07-04	43594.3582
2023-07-05	43536.9766
2023-07-06	43296.1194
2023-07-07	42975.7444
2023-07-08	42975.7444
2023-07-09	42975.7444
2023-07-10	42958.393
2023-07-11	43267.5353
2023-07-12	43276.5357
2023-07-13	43487.4836
2023-07-14	43625.2636
2023-07-15	43625.2636
2023-07-16	43625.2636
2023-07-17	43653.3141
2023-07-18	43627.2024
2023-07-19	43786.5672
2023-07-20	43628.8299
2023-07-21	43661.2739
2023-07-22	43661.2739
2023-07-23	43661.2739
2023-07-24	43668.9935
2023-07-25	43728.8921
2023-07-26	43852.0243
2023-07-27	43969.9805
2023-07-28	43993.6197
2023-07-29	43993.6197
2023-07-30	43993.6197
2023-07-31	43970.4607
2023-08-01	44174.8184
2023-08-02	43871.4925
2023-08-03	43791.2097
2023-08-04	43709.2194
2023-08-05	43709.2194
2023-08-06	43709.2194
2023-08-07	43821.3413
2023-08-08	43811.336
2023-08-09	43813.1859
2023-08-10	43849.5697
2023-08-11	43773.6893
2023-08-12	43773.6893
2023-08-13	43773.6893
2023-08-14	43713.4083
2023-08-15	43583.6147
2023-08-16	43420.141
2023-08-17	43222.6047
2023-08-18	43231.5073
2023-08-19	43231.5073
2023-08-20	43231.5073
2023-08-21	43267.6598
2023-08-22	43227.683
2023-08-23	43384.1308
2023-08-24	43404.4883
2023-08-25	43333.2681
2023-08-26	43333.2681
2023-08-27	43333.2681
2023-08-28	43468.3889
2023-08-29	43702.229
2023-08-30	43839.1019
2023-08-31	43840.3114
2023-09-01	43870.1317
2023-09-02	43870.1317
2023-09-03	43870.1317
2023-09-04	43984.904
2023-09-05	44025.032
2023-09-06	43848.6092
2023-09-07	43687.519
2023-09-08	43687.9103
2023-09-09	43687.9103
2023-09-10	43687.9103
2023-09-11	43710.8203
2023-09-12	43716.2454
2023-09-13	43627.0156
2023-09-14	43754.6125
2023-09-15	43849.4452
2023-09-16	43849.4452
2023-09-17	43849.4452
2023-09-18	43713.4972
2023-09-19	43603.1985
2023-09-20	43417.5708
2023-09-21	43149.7304
2023-09-22	43117.0908
2023-09-23	43117.0908
2023-09-24	43117.0908
2023-09-25	43204.9153
2023-09-26	42924.8195
2023-09-27	42992.6423
2023-09-28	42967.3399
2023-09-29	42964.3428
2023-09-30	42964.3428
2023-10-01	42964.3428
2023-10-02	43038.2844
2023-10-03	42756.0541
2023-10-04	42682.1303
2023-10-05	42758.3398
2023-10-06	42904.4709
2023-10-07	42904.4709
2023-10-08	42904.4709
2023-10-09	42931.303
2023-10-10	43102.2384
2023-10-11	43239.1736
2023-10-12	43335.1713
2023-10-13	43173.3785
2023-10-14	43173.3785
2023-10-15	43173.3785
2023-10-16	43186.9324
2023-10-17	43196.6887
2023-10-18	43108.5262
2023-10-19	42860.0295
2023-10-20	42628.7063
2023-10-21	42628.7063
2023-10-22	42628.7063
2023-10-23	42528.4929
2023-10-24	42598.6992
2023-10-25	42537.8401
2023-10-26	42293.9236
2023-10-27	42338.2405
2023-10-28	42338.2405
2023-10-29	42338.2405
2023-10-30	42288.036
2023-10-31	42369.2704
2023-11-01	42560.9725
2023-11-02	42833.064
2023-11-03	42978.875
2023-11-04	42978.875
2023-11-05	42978.875
2023-11-06	43083.4818
2023-11-07	43159.5934
2023-11-08	43175.2373
2023-11-09	43189.1558
2023-11-10	43246.7509
2023-11-11	43246.7509
2023-11-12	43246.7509
2023-11-13	43166.7172
2023-11-14	43366.3969
2023-11-15	43626.0106
2023-11-16	43590.8808
2023-11-17	43632.1917
2023-11-18	43632.1917
2023-11-19	43632.1917
2023-11-20	43639.7424
2023-11-21	43684.2372
2023-11-22	43728.9188
2023-11-23	43638.4884
2023-11-24	43613.355
2023-11-25	43613.355
2023-11-26	43613.355
2023-11-27	43480.8845
2023-11-28	43526.4643
2023-11-29	43627.5937
2023-11-30	43708.8103
2023-12-01	43729.7192
2023-12-02	43729.7192
2023-12-03	43729.7192
2023-12-04	43822.5153
2023-12-05	43810.0731
2023-12-06	43997.444
2023-12-07	44019.8025
2023-12-08	44085.5887
2023-12-09	44085.5887
2023-12-10	44085.5887
2023-12-11	44125.4054
2023-12-12	44236.5402
2023-12-13	44325.9122
2023-12-14	44545.816
2023-12-15	44661.5665
2023-12-16	44661.5665
2023-12-17	44661.5665
2023-12-18	44700.8051
2023-12-19	44733.676
2023-12-20	44775.3515
2023-12-21	44815.7819
2023-12-22	44800.5827
2023-12-23	44800.5827
2023-12-24	44800.5827
2023-12-25	44801.7122
2023-12-26	44836.513
2023-12-27	44952.9927
2023-12-28	45096.4825
2023-12-29	45067.4537
2023-12-30	45067.4537
2023-12-31	45067.4537
2024-01-01	45067.3825
2024-01-02	45068.2452
2024-01-03	44855.2074
2024-01-04	44819.0992
2024-01-05	44747.1676
2024-01-06	44747.1676
2024-01-07	44747.1676
2024-01-08	44834.0672
2024-01-09	44963.9764
2024-01-10	44944.5438
2024-01-11	45033.8091
2024-01-12	45014.421
2024-01-13	45014.421
2024-01-14	45014.421
2024-01-15	45038.0425
2024-01-16	44852.0234
2024-01-17	44817.9786
2024-01-18	44726.1609
2024-01-19	44920.3354
2024-01-20	44920.3354
2024-01-21	44920.3354
2024-01-22	45010.9525
2024-01-23	45123.6347
2024-01-24	45166.7421
2024-01-25	45271.8381
2024-01-26	45242.2935
2024-01-27	45242.2935
2024-01-28	45242.2935
2024-01-29	45410.6675
2024-01-30	45492.8002
2024-01-31	45488.5223
2024-02-01	45491.9197
2024-02-02	45794.4008
2024-02-03	45794.4008
2024-02-04	45794.4008
2024-02-05	45633.5862
2024-02-06	45576.3024
2024-02-07	45705.1621
2024-02-08	45771.2329
2024-02-09	45759.0308
2024-02-10	45759.0308
2024-02-11	45759.0308
2024-02-12	45721.6242
2024-02-13	45692.6488
2024-02-14	45570.1391
2024-02-15	45743.6893
2024-02-16	45816.2702
2024-02-17	45816.2702
2024-02-18	45816.2702
2024-02-19	45844.4541
2024-02-20	45739.1002
2024-02-21	45720.7704
2024-02-22	45995.6101
2024-02-23	45972.5756
2024-02-24	45972.5756
2024-02-25	45972.5756
2024-02-26	46047.3176
2024-02-27	46061.4674
2024-02-28	46128.8633
2024-02-29	46247.0507
2024-03-01	46403.6051
2024-03-02	46403.6051
2024-03-03	46403.6051
2024-03-04	46420.7876
2024-03-05	46313.4771
2024-03-06	46384.0658
2024-03-07	46535.1507
2024-03-08	46566.5719
2024-03-09	46566.5719
2024-03-10	46566.5719
2024-03-11	46362.8367
2024-03-12	46484.2258
2024-03-13	46414.5176
2024-03-14	46469.6847
2024-03-15	46305.793
2024-03-16	46305.793
2024-03-17	46305.793
2024-03-18	46404.7613
2024-03-19	46562.8099
2024-03-20	46625.0919
2024-03-21	46794.5066
2024-03-22	46834.4656
2024-03-23	46834.4656
2024-03-24	46834.4656
2024-03-25	46838.868
2024-03-26	46764.9531
2024-03-27	46922.7704
2024-03-28	47154.6984
2024-03-29	47168.528
2024-03-30	47168.528
2024-03-31	47168.528
2024-04-01	47175.4116
2024-04-02	47070.289
2024-04-03	46847.0857
2024-04-04	46720.3427
2024-04-05	46793.4216
2024-04-06	46793.4216
2024-04-07	46793.4216
2024-04-08	46763.7613
2024-04-09	46852.0394
2024-04-10	46974.7715
2024-04-11	46928.6135
2024-04-12	46806.2729
2024-04-13	46806.2729
2024-04-14	46806.2729
2024-04-15	46660.9066
2024-04-16	46399.2561
2024-04-17	46263.5039
2024-04-18	46351.4796
2024-04-19	46105.642
2024-04-20	46105.642
2024-04-21	46105.642
2024-04-22	46328.2939
2024-04-23	46501.3016
2024-04-24	46469.996
2024-04-25	46379.788
2024-04-26	46259.893
2024-04-27	46259.893
2024-04-28	46259.893
2024-04-29	46385.8534
2024-04-30	46398.0377
2024-05-01	46182.9721
2024-05-02	46266.7589
2024-05-03	46380.1704
2024-05-04	46380.1704
2024-05-05	46380.1704
2024-05-06	46536.4759
2024-05-07	46792.7545
2024-05-08	46847.2369
2024-05-09	46718.3594
2024-05-10	46846.7033
2024-05-11	46846.7033
2024-05-12	46846.7033
2024-05-13	46816.7851
2024-05-14	46800.3586
2024-05-15	46926.6214
2024-05-16	47169.0616
2024-05-17	47049.8781
2024-05-18	47049.8781
2024-05-19	47049.8781
2024-05-20	47179.6983
2024-05-21	47175.5183
2024-05-22	47174.629
2024-05-23	47085.0613
2024-05-24	46961.5733
2024-05-25	46961.5733
2024-05-26	46961.5733
2024-05-27	47035.2303
2024-05-28	46987.5605
2024-05-29	46722.406
2024-05-30	46554.1742
2024-05-31	46759.1544
2024-06-01	46759.1544
2024-06-02	46759.1544
2024-06-03	46888.7167
2024-06-04	46900.2162
2024-06-05	47084.5988
2024-06-06	47156.8328
2024-06-07	47266.8114
2024-06-08	47266.8114
2024-06-09	47266.8114
2024-06-10	47267.6207
2024-06-11	47059.1008
2024-06-12	47048.1705
2024-06-13	47135.3636
2024-06-14	47103.3822
2024-06-15	47103.3822
2024-06-16	47103.3822
2024-06-17	47113.8322
2024-06-18	47174.958
2024-06-19	47163.8588
2024-06-20	47147.5924
2024-06-21	47259.2607
2024-06-22	47259.2607
2024-06-23	47259.2607
2024-06-24	47163.7432
2024-06-25	47448.2591
2024-06-26	47309.7587
2024-06-27	47378.9689
2024-06-28	47500.6781
2024-06-29	47500.6781
2024-06-30	47500.6781
2024-07-01	47573.9883
2024-07-02	47556.1566
2024-07-03	47588.2803
2024-07-04	47776.1404
2024-07-05	47752.8657
2024-07-06	47752.8657
2024-07-07	47752.8657
2024-07-08	47700.7847
2024-07-09	47819.5235
2024-07-10	47912.1595
2024-07-11	47928.4437
2024-07-12	48118.5894
2024-07-13	48118.5894
2024-07-14	48118.5894
2024-07-15	48228.728
2024-07-16	48337.9684
2024-07-17	48237.0702
2024-07-18	48036.6524
2024-07-19	47857.5793
2024-07-20	47857.5793
2024-07-21	47857.5793
2024-07-22	48010.0516
2024-07-23	48080.0355
2024-07-24	47836.0211
2024-07-25	47661.8395
2024-07-26	47853.4971
2024-07-27	47853.4971
2024-07-28	47853.4971
2024-07-29	48013.7335
2024-07-30	47875.5088
2024-07-31	48434.7933
2024-08-01	48204.0037
2024-08-02	47715.2902
2024-08-03	47715.2902
2024-08-04	47715.2902
2024-08-05	47002.2705
2024-08-06	47052.4662
2024-08-07	47019.124
2024-08-08	47136.3241
2024-08-09	47373.446
2024-08-10	47373.446
2024-08-11	47373.446
2024-08-12	47408.8159
2024-08-13	47679.7957
2024-08-14	47759.6071
2024-08-15	47942.1576
2024-08-16	48160.4339
2024-08-17	48160.4339
2024-08-18	48160.4339
2024-08-19	48192.9845
2024-08-20	48149.5125
2024-08-21	48295.3413
2024-08-22	48259.0108
2024-08-23	48298.4718
2024-08-24	48298.4718
2024-08-25	48298.4718
2024-08-26	48352.4828
2024-08-27	48370.8481
2024-08-28	48267.4686
2024-08-29	48231.1026
2024-08-30	48439.9605
2024-08-31	48439.9605
2024-09-01	48439.9605
2024-09-02	48432.7833
2024-09-03	48276.5668
2024-09-04	47972.4315
2024-09-05	48020.4038
2024-09-06	47881.0229
2024-09-07	47881.0229
2024-09-08	47881.0229
2024-09-09	48027.492
2024-09-10	48107.837
2024-09-11	48281.654
2024-09-12	48476.4065
2024-09-13	48577.7316
2024-09-14	48577.7316
2024-09-15	48577.7316
2024-09-16	48570.1453
2024-09-17	48549.8412
2024-09-18	48480.8711
2024-09-19	48765.3515
2024-09-20	48736.7674
2024-09-21	48736.7674
2024-09-22	48736.7674
2024-09-23	48584.9977
2024-09-24	48683.1388
2024-09-25	48789.5511
2024-09-26	48995.9721
2024-09-27	48994.0511
2024-09-28	48994.0511
2024-09-29	48994.0511
2024-09-30	49004.0653
2024-10-01	48902.9981
2024-10-02	48942.0945
2024-10-03	48971.648
2024-10-04	49048.4889
2024-10-05	49048.4889
2024-10-06	49048.4889
2024-10-07	49143.1793
2024-10-08	49091.7653
2024-10-09	49260.9309
2024-10-10	49267.0942
2024-10-11	49326.0145
2024-10-12	49326.0145
2024-10-13	49326.0145
2024-10-14	49490.004
2024-10-15	49488.5366
2024-10-16	49542.343
2024-10-17	49544.5041
2024-10-18	49464.1236
2024-10-19	49464.1236
2024-10-20	49464.1236
2024-10-21	49557.1598
2024-10-22	49289.4083
2024-10-23	49222.2881
2024-10-24	49235.8331
2024-10-25	49208.0583
2024-10-26	49208.0583
2024-10-27	49208.0583
2024-10-28	49327.3129
2024-10-29	49493.1701
2024-10-30	49272.5727
2024-10-31	49041.1962
2024-11-01	48983.6277
2024-11-02	48983.6277
2024-11-03	48983.6277
2024-11-04	48994.2289
2024-11-05	49054.0741
2024-11-06	49455.5857
2024-11-07	49488.1008
2024-11-08	49710.4414
2024-11-09	49710.4414
2024-11-10	49710.4414
2024-11-11	49704.4649
2024-11-12	49666.2934
2024-11-13	49574.8848
2024-11-14	49586.233
2024-11-15	49532.1687
2024-11-16	49532.1687
2024-11-17	49532.1687
2024-11-18	49527.8108
2024-11-19	49629.6428
2024-11-20	49586.8111
2024-11-21	49622.9993
2024-11-22	49821.6384
2024-11-23	49821.6384
2024-11-24	49821.6384
2024-11-25	49951.6543
2024-11-26	49978.5664
2024-11-27	49991.1864
2024-11-28	50030.9676
2024-11-29	50106.6523
2024-11-30	50106.6523
2024-12-01	50106.6523
2024-12-02	50309.3114
2024-12-03	50447.8118
2024-12-04	50525.0262
2024-12-05	50579.1795
2024-12-06	50585.2627
2024-12-07	50585.2627
2024-12-08	50585.2627
2024-12-09	50390.6347
2024-12-10	50535.0849
2024-12-11	50598.0162
2024-12-12	50495.1081
2024-12-13	50395.2149
2024-12-14	50395.2149
2024-12-15	50395.2149
2024-12-16	50359.0445
2024-12-17	50435.2006
2024-12-18	50237.3797
2024-12-19	49882.6397
2024-12-20	49903.104
2024-12-21	49903.104
2024-12-22	49903.104
2024-12-23	50365.7592
2024-12-24	50494.948
2024-12-25	50500.1863
2024-12-26	50538.5445
2024-12-27	50536.9615
2024-12-28	50536.9615
2024-12-29	50536.9615
2024-12-30	50354.322
2024-12-31	50272.2427
2025-01-01	50273.2833
2025-01-02	50255.3982
2025-01-03	50507.5858
2025-01-04	50507.5858
2025-01-05	50507.5858
2025-01-06	50543.4093
2025-01-07	50437.5307
2025-01-08	50563.2065
2025-01-09	50587.3261
2025-01-10	50369.3967
2025-01-11	50369.3967
2025-01-12	50369.3967
2025-01-13	50211.8906
2025-01-14	50237.4776
2025-01-15	50375.6934
2025-01-16	50592.3776
2025-01-17	50759.6133
2025-01-18	50759.6133
2025-01-19	50759.6133
2025-01-20	50758.4038
2025-01-21	50945.0009
2025-01-22	51060.6981
2025-01-23	51023.1314
2025-01-24	50944.3339
2025-01-25	50944.3339
2025-01-26	50944.3339
2025-01-27	50783.386
2025-01-28	50995.41
2025-01-29	51081.527
2025-01-30	51204.7037
2025-01-31	51192.9997
2025-02-01	51192.9997
2025-02-02	51192.9997
2025-02-03	50896.1127
2025-02-04	50959.3819
2025-02-05	51065.9453
2025-02-06	51278.0761
2025-02-07	51140.8385
2025-02-08	51140.8385
2025-02-09	51140.8385
2025-02-10	51148.0868
2025-02-11	51153.2718
2025-02-12	51202.2757
2025-02-13	51372.2151
2025-02-14	51296.1301
2025-02-15	51296.1301
2025-02-16	51296.1301
2025-02-17	51313.446
2025-02-18	51337.103
2025-02-19	51254.4635
2025-02-20	51021.2015
2025-02-21	50867.4752
2025-02-22	50867.4752
2025-02-23	50867.4752
2025-02-24	50833.6883
2025-02-25	50666.3993
2025-02-26	50745.3302
2025-02-27	50658.6796
2025-02-28	50707.639
2025-03-01	50707.639
2025-03-02	50707.639
2025-03-03	50568.4894
2025-03-04	50451.2002
2025-03-05	50389.9943
2025-03-06	50082.933
2025-03-07	50011.8819
2025-03-08	50011.8819
2025-03-09	50011.8819
2025-03-10	49628.0864
2025-03-11	49454.1449
2025-03-12	49416.2314
2025-03-13	49199.4226
2025-03-14	49540.0306
2025-03-15	49540.0306
2025-03-16	49540.0306
2025-03-17	49673.1949
2025-03-18	49658.9028
2025-03-19	49779.1357
2025-03-20	49955.2651
2025-03-21	50041.4621
2025-03-22	50041.4621
2025-03-23	50041.4621
2025-03-24	50171.5047
2025-03-25	50162.7533
2025-03-26	50059.4628
2025-03-27	49941.9869
2025-03-28	49795.3844
2025-03-29	49795.3844
2025-03-30	49795.3844
2025-03-31	49676.3432
2025-04-01	49809.2762
2025-04-02	49804.8828
2025-04-03	49001.7618
2025-04-04	48522.2176
2025-04-05	48522.2176
2025-04-06	48522.2176
2025-04-07	47725.5001
2025-04-08	47819.0521
2025-04-09	48501.0775
2025-04-10	48391.5258
2025-04-11	48522.1554
2025-04-12	48522.1554
2025-04-13	48522.1554
2025-04-14	48644.3182
2025-04-15	48682.3918
2025-04-16	48405.0619
2025-04-17	48603.8878
2025-04-18	48623.178
2025-04-19	48623.178
2025-04-20	48623.178
2025-04-21	48327.465
2025-04-22	48644.3537
2025-04-23	48992.3257
2025-04-24	49336.0821
2025-04-25	49467.3786
2025-04-26	49467.3786
2025-04-27	49467.3786
2025-04-28	49541.8272
2025-04-29	49787.6825
2025-04-30	49873.4348
2025-05-01	49979.4735
2025-05-02	50212.0596
2025-05-03	50212.0596
2025-05-04	50212.0596
2025-05-05	49999.4842
2025-05-06	49933.2356
2025-05-07	50049.6442
2025-05-08	50241.622
2025-05-09	50257.3548
2025-05-10	50257.3548
2025-05-11	50257.3548
2025-05-12	50739.1402
2025-05-13	50756.4917
2025-05-14	50838.6599
2025-05-15	50954.3037
2025-05-16	51133.6881
2025-05-17	51133.6881
2025-05-18	51133.6881
2025-05-19	50958.0924
2025-05-20	51164.6557
2025-05-21	50946.3706
2025-05-22	50927.3026
2025-05-23	50765.8389
2025-05-24	50765.8389
2025-05-25	50765.8389
2025-05-26	50791.2746
2025-05-27	51180.5664
2025-05-28	51107.7276
2025-05-29	51158.7592
2025-05-30	51199.4653
2025-05-31	51199.4653
2025-06-01	51199.4653
2025-06-02	51099.332
2025-06-03	51298.9227
2025-06-04	51408.5277
2025-06-05	51345.1162
2025-06-06	51493.284
2025-06-07	51493.284
2025-06-08	51493.284
2025-06-09	51468.9688
2025-06-10	51637.8232
2025-06-11	51629.8989
2025-06-12	51643.5151
2025-06-13	51464.4242
2025-06-14	51464.4242
2025-06-15	51464.4242
2025-06-16	51510.6888
2025-06-17	51444.4046
2025-06-18	51425.7636
2025-06-19	51451.6529
2025-06-20	51420.2762
2025-06-21	51420.2762
2025-06-22	51420.2762
2025-06-23	51587.5386
2025-06-24	51874.438
2025-06-25	52066.7004
2025-06-26	52117.9721
2025-06-27	52247.57
2025-06-28	52247.57
2025-06-29	52247.57
2025-06-30	52293.7457
2025-07-01	52261.2218
2025-07-02	52416.2821
2025-07-03	52504.5869
2025-07-04	52522.0273
2025-07-05	52522.0273
2025-07-06	52522.0273
2025-07-07	52477.3724
2025-07-08	52466.5133
2025-07-09	52458.8826
2025-07-10	52544.3236
2025-07-11	52405.9922
2025-07-12	52405.9922
2025-07-13	52405.9922
2025-07-14	52436.017
2025-07-15	52570.8977
2025-07-16	52495.4976
2025-07-17	52789.7787
2025-07-18	52808.571
2025-07-19	52808.571
2025-07-20	52808.571
2025-07-21	52740.4013
2025-07-22	52691.1307
2025-07-23	52893.0426
2025-07-24	52856.7388
2025-07-25	52886.0166
2025-07-26	52886.0166
2025-07-27	52886.0166
2025-07-28	52975.1041
2025-07-29	52961.6658
2025-07-30	53143.3537
2025-07-31	53049.019
2025-08-01	52630.8852
2025-08-02	52630.8852
2025-08-03	52630.8852
2025-08-04	52875.2731
2025-08-05	52988.9159
2025-08-06	53122.6493
2025-08-07	53189.9385
2025-08-08	53193.1313
2025-08-09	53193.1313
2025-08-10	53193.1313
2025-08-11	53210.625
2025-08-12	53432.6099
2025-08-13	53412.3769
2025-08-14	53588.026
2025-08-15	53650.1391
2025-08-16	53650.1391
2025-08-17	53650.1391
2025-08-18	53738.764
2025-08-19	53622.9868
2025-08-20	53700.4058
2025-08-21	53765.9074
2025-08-22	53793.1574
2025-08-23	53793.1574
2025-08-24	53793.1574
2025-08-25	53763.0881
2025-08-26	53724.3741
2025-08-27	53786.8963
2025-08-28	53829.3278
2025-08-29	53688.4706
2025-08-30	53688.4706
2025-08-31	53688.4706
2025-09-01	53616.3966
2025-09-02	53535.4558
2025-09-03	53332.1564
2025-09-04	53680.911
2025-09-05	53652.7627
2025-09-06	53652.7627
2025-09-07	53652.7627
2025-09-08	53666.9925
2025-09-09	53657.2273
2025-09-10	53691.2632
2025-09-11	53724.721
2025-09-12	53832.9742
2025-09-13	53832.9742
2025-09-14	53832.9742
2025-09-15	53868.0684
2025-09-16	53874.2317
2025-09-17	53780.8931
2025-09-18	53905.3772
2025-09-19	54025.2277
2025-09-20	54025.2277
2025-09-21	54025.2277
2025-09-22	54149.5338
2025-09-23	54088.8171
2025-09-24	53939.6087
2025-09-25	54045.2917
2025-09-26	54123.1465
2025-09-27	54123.1465
2025-09-28	54123.1465
2025-09-29	54220.3893
2025-09-30	54255.1189
2025-10-01	54338.1498
2025-10-02	54576.5968
2025-10-03	54640.7287
2025-10-04	54640.7287
2025-10-05	54640.7287
2025-10-06	54704.6027
2025-10-07	54682.6266
2025-10-08	54745.7446
2025-10-09	54820.9046
2025-10-10	54406.4795
2025-10-11	54406.4795
2025-10-12	54406.4795
2025-10-13	54582.3154
2025-10-14	54542.1607
2025-10-15	54767.2672
2025-10-16	54942.5694
2025-10-17	54882.6353
2025-10-18	54882.6353
2025-10-19	54882.6353
2025-10-20	55069.1879
2025-10-21	55176.8275
2025-10-22	55004.7625
2025-10-23	55048.199
2025-10-24	55196.8204
2025-10-25	55196.8204
2025-10-26	55196.8204
2025-10-27	55369.997
2025-10-28	55292.8537
2025-10-29	55123.8571
2025-10-30	54990.3371
2025-10-31	55020.2108
2025-11-01	55020.2108
2025-11-02	55020.2108
2025-11-03	55072.1673
2025-11-04	54806.6482
2025-11-05	54792.7474
2025-11-06	54764.3946
2025-11-07	54650.9564
2025-11-08	54650.9564
2025-11-09	54650.9564
2025-11-10	54905.0205
2025-11-11	54973.3591
2025-11-12	55003.5797
2025-11-13	54651.7034
2025-11-14	54440.4354
2025-11-15	54440.4354
2025-11-16	54440.4354
2025-11-17	54351.6415
2025-11-18	53938.9328
2025-11-19	54037.154
2025-11-20	53943.3529
2025-11-21	53849.9788
2025-11-22	53849.9788
2025-11-23	53849.9788
2025-11-24	54219.9002
2025-11-25	54436.2198
2025-11-26	54582.5022
2025-11-27	54566.209
2025-11-28	54624.2844
2025-11-29	54624.2844
2025-11-30	54624.2844
2025-12-01	54480.8125
2025-12-02	54510.4727
2025-12-03	54498.2973
2025-12-04	54523.911
2025-12-05	54538.7099
2025-12-06	54538.7099
2025-12-07	54538.7099
2025-12-08	54561.024
2025-12-09	54402.2729
2025-12-10	54492.134
2025-12-11	54520.6025
2025-12-12	54576.579
2025-12-13	54576.579
2025-12-14	54576.579
2025-12-15	54461.1309
2025-12-16	54356.0082
2025-12-17	54209.6014
2025-12-18	54332.3512
2025-12-19	54536.3265
2025-12-20	54536.3265
2025-12-21	54536.3265
2025-12-22	54730.6344
2025-12-23	54920.8067
2025-12-24	54926.6409
2025-12-25	54930.4029
2025-12-26	54929.3891
2025-12-27	54929.3891
2025-12-28	54929.3891
2025-12-29	54879.5759
2025-12-30	54868.53
2025-12-31	54855.3496
2026-01-01	54856.5414
2026-01-02	54907.8042
2026-01-03	54907.8042
2026-01-04	54907.8042
2026-01-05	55041.9023
2026-01-06	55079.469
2026-01-07	55124.6931
2026-01-08	55168.4141
2026-01-09	55316.8932
2026-01-10	55316.8932
2026-01-11	55316.8932
2026-01-12	55323.9013
2026-01-13	55452.014
2026-01-14	55443.2093
2026-01-15	55514.8919
2026-01-16	55652.2806
2026-01-17	55652.2806
2026-01-18	55652.2806
2026-01-19	55487.8108
2026-01-20	55025.2979
2026-01-21	55014.4032
2026-01-22	55148.1544
2026-01-23	55122.194
2026-01-24	55122.194
2026-01-25	55122.194
2026-01-26	55112.4732
2026-01-27	55300.5467
2026-01-28	55252.4411
2026-01-29	55206.5411
2026-01-30	55003.7042
2026-01-31	55003.7042
2026-02-01	55003.7042
2026-02-02	54995.0952
2026-02-03	54944.6238
2026-02-04	54995.1663
2026-02-05	54813.1939
2026-02-06	54760.3835
2026-02-07	54760.3835
2026-02-08	54760.3835
2026-02-09	55013.4249
2026-02-10	55048.1101
2026-02-11	55218.5564
2026-02-12	55069.517
2026-02-13	54971.8561
2026-02-14	54971.8561
2026-02-15	54971.8561
2026-02-16	54988.8518
2026-02-17	55107.306
2026-02-18	55261.2369
2026-02-19	55334.5381
2026-02-20	55400.262
2026-02-21	55400.262
2026-02-22	55400.262
2026-02-23	55267.2045
2026-02-24	55383.4708
2026-02-25	55593.4849
2026-02-26	55635.4806
2026-02-27	55599.6393
2026-02-28	55599.6393
2026-03-01	55599.6393
2026-03-02	55651.4002
2026-03-03	55174.2394
2026-03-04	54766.1288
2026-03-05	54944.0547
2026-03-06	54608.2047
2026-03-07	54608.2047
2026-03-08	54608.2047
2026-03-09	54108.7833
2026-03-10	54257.1378
2026-03-11	54321.581
2026-03-12	53989.4575
2026-03-13	53891.3875
2026-03-14	53891.3875
2026-03-15	53891.3875
2026-03-16	53896.2879
2026-03-17	53956.0086
2026-03-18	53951.8997
2026-03-19	53609.0416
2026-03-20	53220.7727
2026-03-21	53220.7727
2026-03-22	53220.7727
2026-03-23	53205.3778
2026-03-24	53291.8416
2026-03-25	53746.4392
2026-03-26	53512.0389
2026-03-27	53256.9786
2026-03-28	53256.9786
2026-03-29	53256.9786
2026-03-30	53218.4425
2026-03-31	53585.6603
2026-04-01	54107.805
2026-04-02	53906.1331
2026-04-03	53929.6657
2026-04-04	53929.6657
2026-04-05	53929.6657
2026-04-06	53975.2099
2026-04-07	54228.1891
2026-04-08	55039.5633
2026-04-09	55140.8972
2026-04-10	55126.8186
2026-04-11	55126.8186
2026-04-12	55126.8186
2026-04-13	55189.154
2026-04-14	55392.8269
2026-04-15	55533.1594
2026-04-16	55537.9709
2026-04-17	55634.44
2026-04-18	55634.44
2026-04-19	55634.44
2026-04-20	55730.6868
2026-04-21	55563.6023
2026-04-22	55505.9983
2026-04-23	55333.4531
2026-04-24	55463.2467
2026-04-25	55463.2467
2026-04-26	55463.2467
2026-04-27	55410.8365
2026-04-28	55270.3884
2026-04-29	55269.7925
2026-04-30	55234.8495
2026-05-01	55402.5921
2026-05-02	55402.5921
2026-05-03	55402.5921
2026-05-04	55378.6861
2026-05-05	55493.2093
2026-05-06	55905.0463
2026-05-07	56042.1149
2026-05-08	55925.724
2026-05-09	55925.724
2026-05-10	55925.724
2026-05-11	55905.1175
2026-05-12	55806.7896
2026-05-13	55836.0585
2026-05-14	56070.5923
2026-05-15	55886.2808
2026-05-16	55886.2808
2026-05-17	55886.2808
2026-05-18	55646.9089
2026-05-19	55830.8201
2026-05-20	55712.3126
2026-05-21	56073.5627
2026-05-22	56282.2427
2026-05-23	56282.2427
2026-05-24	56282.2427
2026-05-25	56348.7404
2026-05-26	56368.7154
2026-05-27	56572.2282
2026-05-28	56386.2626
2026-05-29	56659.9105
2026-05-30	56659.9105
2026-05-31	56659.9105
2026-06-01	56776.0434
2026-06-02	56774.5226
2026-06-03	56809.439
2026-06-04	56725.7055
2026-06-05	56298.0022
2026-06-06	56298.0022
2026-06-07	56298.0022
2026-06-08	56252.8404
2026-06-09	56270.8411
2026-06-10	56079.7349
2026-06-11	56363.1747
2026-06-12	56727.333
2026-06-13	56727.333
2026-06-14	56727.333
2026-06-15	57178.2932
2026-06-16	57205.7122
2026-06-17	57220.5201
2026-06-18	57321.6584
2026-06-19	57223.1526
2026-06-20	57223.1526
2026-06-21	57223.1526
2026-06-22	57202.0036
2026-06-23	57025.6608
2026-06-24	57119.2039
2026-06-25	57325.9362
2026-06-26	57257.0996
2026-06-27	57257.0996
2026-06-28	57257.0996
2026-06-29	57547.3786
2026-06-30	57568.4831
2026-07-01	57510.4522
2026-07-02	57455.0538
2026-07-03	57702.3589
2026-07-04	57702.3589
2026-07-05	57702.3589
2026-07-06	57746.2133
2026-07-07	57524.9399
2026-07-08	57423.3214
2026-07-09	57488.1559
2026-07-10	57630.5695
2026-07-11	57630.5695
2026-07-12	57630.5695
2026-07-13	57483.7714
2026-07-14	57460.141
2026-07-15	57581.5745
2026-07-16	57461.0748
2026-07-17	57164.8104
2026-07-18	57164.8104
2026-07-19	57164.8104
2026-07-20	56998.5085
2026-07-21	57224.9313
2026-07-22	57267.9142
2026-07-23	57180.9257
2026-07-24	56978.6935
2026-07-25	56978.6935
2026-07-26	56978.6935
2026-07-27	57206.7528
2026-07-28	57255.3831
2026-07-29	57249.2732
2026-07-30	57262.329
2026-07-31	57530.872
2026-08-01	57530.872
2026-08-02	57530.872
2026-08-03	57876.0424
2026-08-04	58210.585
2026-08-05	58411.2341
2026-08-06	58495.7946
2026-08-07	58513.7953
2026-08-08	58513.7953
2026-08-09	58513.7953
2026-08-10	58505.3998
2026-08-11	58486.3052
2026-08-12	58515.3428
2026-08-13	58636.1716
2026-08-14	58469.9765
2026-08-15	58469.9765
2026-08-16	58469.9765
2026-08-17	58303.808
2026-08-18	58188.6355
2026-08-19	58090.859
2026-08-20	58070.6527
2026-08-21	58013.111
2026-08-22	58013.111
2026-08-23	58013.111
2026-08-24	58082.6413
2026-08-25	58257.3299
2026-08-26	58214.3381
2026-08-27	58128.6481
2026-08-28	58172.3246
2026-08-29	58172.3246
2026-08-30	58172.3246
2026-08-31	58113.3955
2026-09-01	57972.6984
2026-09-02	57795.733
2026-09-03	58056.7253
2026-09-04	58023.2141
2026-09-05	58023.2141
2026-09-06	58023.2141
2026-09-07	58060.7808
2026-09-08	57818.1627
2026-09-09	57689.1607
2026-09-10	57513.5383
2026-09-11	57435.3278
2026-09-12	57435.3278
2026-09-13	57435.3278
2026-09-14	57404.1734
2026-09-15	57150.6696
2026-09-16	57177.5639
