date	value
2004-01-01	10000.0
2004-01-02	10001.3085
2004-01-03	10002.6265
2004-01-04	10003.935
2004-01-05	10007.4339
2004-01-06	10008.7234
2004-01-07	10010.013
2004-01-08	10011.3025
2004-01-09	10012.5921
2004-01-10	10013.8911
2004-01-11	10015.1807
2004-01-12	10017.7977
2004-01-13	10019.0967
2004-01-14	10020.3863
2004-01-15	10021.6758
2004-01-16	10022.9654
2004-01-17	10024.2644
2004-01-18	10025.554
2004-01-19	10026.341
2004-01-20	10027.6305
2004-01-21	10028.9201
2004-01-22	10030.2191
2004-01-23	10031.5087
2004-01-24	10032.7982
2004-01-25	10034.0972
2004-01-26	10035.3868
2004-01-27	10037.122
2004-01-28	10038.4115
2004-01-29	10039.7106
2004-01-30	10041.0001
2004-01-31	10042.2897
2004-02-01	10043.5887
2004-02-02	10044.3662
2004-02-03	10045.6653
2004-02-04	10046.9643
2004-02-05	10048.2728
2004-02-06	10049.5718
2004-02-07	10050.8709
2004-02-08	10052.1794
2004-02-09	10053.8672
2004-02-10	10055.1757
2004-02-11	10056.4747
2004-02-12	10057.7832
2004-02-13	10059.0823
2004-02-14	10060.3908
2004-02-15	10061.6898
2004-02-16	10063.3587
2004-02-17	10064.6577
2004-02-18	10065.9662
2004-02-19	10067.2652
2004-02-20	10068.5737
2004-02-21	10069.8823
2004-02-22	10071.1813
2004-02-23	10073.7888
2004-02-24	10075.0974
2004-02-25	10076.4059
2004-02-26	10077.7049
2004-02-27	10079.0134
2004-02-28	10080.3219
2004-02-29	10081.6304
2004-03-01	10082.3226
2004-03-02	10083.6311
2004-03-03	10084.9397
2004-03-04	10086.2577
2004-03-05	10087.5662
2004-03-06	10088.8747
2004-03-07	10090.1832
2004-03-08	10091.4917
2004-03-09	10093.7105
2004-03-10	10095.019
2004-03-11	10096.3275
2004-03-12	10097.636
2004-03-13	10098.954
2004-03-14	10100.2626
2004-03-15	10103.202
2004-03-16	10104.5105
2004-03-17	10105.819
2004-03-18	10107.137
2004-03-19	10108.4455
2004-03-20	10109.7635
2004-03-21	10111.072
2004-03-22	10111.3565
2004-03-23	10112.665
2004-03-24	10113.983
2004-03-25	10115.2915
2004-03-26	10116.6095
2004-03-27	10117.918
2004-03-28	10119.236
2004-03-29	10119.8903
2004-03-30	10120.9048
2004-03-31	10121.0755
2004-04-01	10123.2279
2004-04-02	10124.5364
2004-04-03	10125.845
2004-04-04	10127.1535
2004-04-05	10128.4335
2004-04-06	10129.7421
2004-04-07	10131.0506
2004-04-08	10132.3591
2004-04-09	10133.6771
2004-04-10	10134.9856
2004-04-11	10136.2941
2004-04-12	10137.6026
2004-04-13	10137.925
2004-04-14	10139.2335
2004-04-15	10140.542
2004-04-16	10141.8506
2004-04-17	10143.1686
2004-04-18	10144.4771
2004-04-19	10148.3552
2004-04-20	10149.6637
2004-04-21	10150.9817
2004-04-22	10152.2902
2004-04-23	10153.6082
2004-04-24	10154.9167
2004-04-25	10156.2347
2004-04-26	10158.7949
2004-04-27	10160.1034
2004-04-28	10161.4214
2004-04-29	10162.7299
2004-04-30	10164.0479
2004-05-01	10165.3754
2004-05-02	10166.6934
2004-05-03	10167.3287
2004-05-04	10168.6561
2004-05-05	10169.9741
2004-05-06	10171.3016
2004-05-07	10172.6291
2004-05-08	10173.9471
2004-05-09	10175.2746
2004-05-10	10177.7683
2004-05-11	10179.0958
2004-05-12	10180.4138
2004-05-13	10181.7413
2004-05-14	10183.0688
2004-05-15	10184.3962
2004-05-16	10185.7237
2004-05-17	10189.1467
2004-05-18	10190.4742
2004-05-19	10191.8017
2004-05-20	10193.1292
2004-05-21	10194.4566
2004-05-22	10195.7841
2004-05-23	10197.1116
2004-05-24	10198.6382
2004-05-25	10199.9657
2004-05-26	10201.2932
2004-05-27	10202.6206
2004-05-28	10203.9481
2004-05-29	10205.2756
2004-05-30	10206.6125
2004-05-31	10207.172
2004-06-01	10208.4995
2004-06-02	10209.8175
2004-06-03	10211.1449
2004-06-04	10212.4629
2004-06-05	10213.7904
2004-06-06	10215.1084
2004-06-07	10216.0661
2004-06-08	10217.3936
2004-06-09	10218.7116
2004-06-10	10220.039
2004-06-11	10221.357
2004-06-12	10222.6845
2004-06-13	10224.012
2004-06-14	10225.33
2004-06-15	10225.9274
2004-06-16	10227.2548
2004-06-17	10228.5823
2004-06-18	10229.9003
2004-06-19	10231.2278
2004-06-20	10232.5553
2004-06-21	10232.8113
2004-06-22	10234.1388
2004-06-23	10235.4568
2004-06-24	10236.7842
2004-06-25	10238.1117
2004-06-26	10239.4392
2004-06-27	10240.7572
2004-06-28	10243.2415
2004-06-29	10244.569
2004-06-30	10245.2896
2004-07-01	10247.2239
2004-07-02	10248.5514
2004-07-03	10249.8789
2004-07-04	10251.2063
2004-07-05	10253.6811
2004-07-06	10255.0086
2004-07-07	10256.3361
2004-07-08	10257.6636
2004-07-09	10258.9911
2004-07-10	10260.3185
2004-07-11	10261.6555
2004-07-12	10262.983
2004-07-13	10264.3105
2004-07-14	10265.6379
2004-07-15	10266.9749
2004-07-16	10268.3024
2004-07-17	10269.6299
2004-07-18	10270.9573
2004-07-19	10272.6546
2004-07-20	10273.9726
2004-07-21	10275.3096
2004-07-22	10276.637
2004-07-23	10277.974
2004-07-24	10279.3015
2004-07-25	10280.6384
2004-07-26	10281.5203
2004-07-27	10282.8572
2004-07-28	10284.1847
2004-07-29	10285.5217
2004-07-30	10286.8491
2004-07-31	10288.1861
2004-08-01	10289.5136
2004-08-02	10291.0117
2004-08-03	10292.3392
2004-08-04	10293.6762
2004-08-05	10295.0131
2004-08-06	10296.3406
2004-08-07	10297.6776
2004-08-08	10299.0145
2004-08-09	10300.4937
2004-08-10	10301.8402
2004-08-11	10303.1771
2004-08-12	10304.5236
2004-08-13	10305.87
2004-08-14	10307.207
2004-08-15	10308.5534
2004-08-16	10310.9334
2004-08-17	10312.2704
2004-08-18	10313.6168
2004-08-19	10314.9632
2004-08-20	10316.3097
2004-08-21	10317.6561
2004-08-22	10318.9931
2004-08-23	10320.4154
2004-08-24	10321.7618
2004-08-25	10323.1083
2004-08-26	10324.4547
2004-08-27	10325.8012
2004-08-28	10327.1476
2004-08-29	10328.494
2004-08-30	10330.8456
2004-08-31	10332.192
2004-09-01	10333.5479
2004-09-02	10334.8944
2004-09-03	10336.2408
2004-09-04	10337.5873
2004-09-05	10338.9337
2004-09-06	10340.337
2004-09-07	10341.6835
2004-09-08	10343.0299
2004-09-09	10344.3859
2004-09-10	10345.7323
2004-09-11	10347.0787
2004-09-12	10348.4347
2004-09-13	10349.7811
2004-09-14	10354.0196
2004-09-15	10355.366
2004-09-16	10356.7219
2004-09-17	10358.0684
2004-09-18	10359.4243
2004-09-19	10360.7707
2004-09-20	10360.8561
2004-09-21	10362.212
2004-09-22	10363.5679
2004-09-23	10364.9144
2004-09-24	10366.2703
2004-09-25	10367.6167
2004-09-26	10368.9727
2004-09-27	10367.8443
2004-09-28	10369.2002
2004-09-29	10370.5467
2004-09-30	10364.7627
2004-10-01	10373.249
2004-10-02	10374.5955
2004-10-03	10375.9514
2004-10-04	10376.3496
2004-10-05	10377.6961
2004-10-06	10379.052
2004-10-07	10380.3985
2004-10-08	10381.7449
2004-10-09	10383.1008
2004-10-10	10384.4473
2004-10-11	10385.8696
2004-10-12	10387.216
2004-10-13	10388.5719
2004-10-14	10389.9184
2004-10-15	10391.2648
2004-10-16	10392.6207
2004-10-17	10393.9767
2004-10-18	10394.4792
2004-10-19	10395.8351
2004-10-20	10397.1816
2004-10-21	10398.5375
2004-10-22	10399.8934
2004-10-23	10401.2399
2004-10-24	10402.5958
2004-10-25	10403.8853
2004-10-26	10405.2413
2004-10-27	10406.5972
2004-10-28	10407.9436
2004-10-29	10409.2996
2004-10-30	10410.6555
2004-10-31	10412.0114
2004-11-01	10413.0829
2004-11-02	10414.4388
2004-11-03	10415.7947
2004-11-04	10417.1506
2004-11-05	10418.5066
2004-11-06	10419.853
2004-11-07	10421.2089
2004-11-08	10422.5649
2004-11-09	10423.9208
2004-11-10	10425.2767
2004-11-11	10426.6326
2004-11-12	10427.9886
2004-11-13	10429.3445
2004-11-14	10430.7004
2004-11-15	10434.9009
2004-11-16	10439.1014
2004-11-17	10443.3115
2004-11-18	10447.512
2004-11-19	10451.722
2004-11-20	10453.0779
2004-11-21	10454.4433
2004-11-22	10454.9648
2004-11-23	10455.4863
2004-11-24	10456.0078
2004-11-25	10456.5293
2004-11-26	10457.0509
2004-11-27	10457.5724
2004-11-28	10458.1034
2004-11-29	10458.7766
2004-11-30	10459.4498
2004-12-01	10460.123
2004-12-02	10460.8057
2004-12-03	10461.4789
2004-12-04	10462.1522
2004-12-05	10462.8349
2004-12-06	10463.5081
2004-12-07	10464.864
2004-12-08	10466.2294
2004-12-09	10467.5948
2004-12-10	10468.9508
2004-12-11	10470.3162
2004-12-12	10471.6721
2004-12-13	10473.9383
2004-12-14	10475.3037
2004-12-15	10476.6691
2004-12-16	10478.025
2004-12-17	10479.3904
2004-12-18	10480.7558
2004-12-19	10482.1118
2004-12-20	10483.4866
2004-12-21	10484.8615
2004-12-22	10485.2787
2004-12-23	10485.6959
2004-12-24	10488.0285
2004-12-25	10489.3939
2004-12-26	10490.7593
2004-12-27	10492.1247
2004-12-28	10493.4807
2004-12-29	10494.8461
2004-12-30	10496.2115
2004-12-31	10497.5105
2005-01-01	10498.9612
2005-01-02	10500.3456
2005-01-03	10501.7395
2005-01-04	10501.749
2005-01-05	10502.792
2005-01-06	10503.8445
2005-01-07	10504.897
2005-01-08	10505.9495
2005-01-09	10507.002
2005-01-10	10509.9793
2005-01-11	10511.3447
2005-01-12	10512.7101
2005-01-13	10514.0755
2005-01-14	10515.4504
2005-01-15	10516.8158
2005-01-16	10518.1812
2005-01-17	10521.3577
2005-01-18	10522.7231
2005-01-19	10524.098
2005-01-20	10525.4634
2005-01-21	10526.6866
2005-01-22	10528.052
2005-01-23	10529.4269
2005-01-24	10530.8397
2005-01-25	10532.2715
2005-01-26	10533.6938
2005-01-27	10535.1161
2005-01-28	10536.472
2005-01-29	10537.8374
2005-01-30	10539.1933
2005-01-31	10541.9336
2005-02-01	10544.6739
2005-02-02	10546.0393
2005-02-03	10547.3953
2005-02-04	10548.7607
2005-02-05	10550.1261
2005-02-06	10551.482
2005-02-07	10552.8
2005-02-08	10554.1654
2005-02-09	10555.5213
2005-02-10	10556.8867
2005-02-11	10558.2521
2005-02-12	10559.6175
2005-02-13	10560.9829
2005-02-14	10561.3338
2005-02-15	10562.7181
2005-02-16	10564.093
2005-02-17	10565.4679
2005-02-18	10566.7764
2005-02-19	10568.0944
2005-02-20	10569.4029
2005-02-21	10573.5181
2005-02-22	10574.8266
2005-02-23	10576.1446
2005-02-24	10577.4532
2005-02-25	10578.7712
2005-02-26	10580.0797
2005-02-27	10581.3977
2005-02-28	10583.0001
2005-03-01	10584.3181
2005-03-02	10585.6551
2005-03-03	10586.992
2005-03-04	10588.3385
2005-03-05	10589.6754
2005-03-06	10591.0124
2005-03-07	10593.5062
2005-03-08	10594.8526
2005-03-09	10596.1896
2005-03-10	10597.5265
2005-03-11	10598.873
2005-03-12	10600.2099
2005-03-13	10601.5564
2005-03-14	10602.8933
2005-03-15	10602.9976
2005-03-16	10604.3346
2005-03-17	10605.681
2005-03-18	10607.018
2005-03-19	10608.3644
2005-03-20	10609.7014
2005-03-21	10612.7072
2005-03-22	10615.7225
2005-03-23	10617.0594
2005-03-24	10618.4059
2005-03-25	10619.7523
2005-03-26	10621.0988
2005-03-27	10622.4357
2005-03-28	10623.7822
2005-03-29	10623.858
2005-03-30	10625.2045
2005-03-31	10629.3102
2005-04-01	10627.8973
2005-04-02	10629.2438
2005-04-03	10630.5902
2005-04-04	10633.5865
2005-04-05	10636.5923
2005-04-06	10637.9767
2005-04-07	10639.3611
2005-04-08	10640.7549
2005-04-09	10642.1393
2005-04-10	10643.5237
2005-04-11	10645.8278
2005-04-12	10648.1414
2005-04-13	10649.5352
2005-04-14	10650.9386
2005-04-15	10652.3324
2005-04-16	10653.7358
2005-04-17	10655.1296
2005-04-18	10658.1639
2005-04-19	10659.6051
2005-04-20	10659.9085
2005-04-21	10660.2214
2005-04-22	10660.5343
2005-04-23	10660.8473
2005-04-24	10662.2411
2005-04-25	10663.6444
2005-04-26	10669.0492
2005-04-27	10670.5284
2005-04-28	10672.0076
2005-04-29	10673.4962
2005-04-30	10674.9754
2005-05-01	10676.4546
2005-05-02	10679.0811
2005-05-03	10681.7076
2005-05-04	10683.2627
2005-05-05	10684.8177
2005-05-06	10686.3823
2005-05-07	10687.9373
2005-05-08	10689.4923
2005-05-09	10689.6061
2005-05-10	10689.7104
2005-05-11	10689.8147
2005-05-12	10689.919
2005-05-13	10690.0328
2005-05-14	10690.1371
2005-05-15	10691.6922
2005-05-16	10692.7731
2005-05-17	10694.3376
2005-05-18	10695.8927
2005-05-19	10697.4572
2005-05-20	10699.0123
2005-05-21	10700.5768
2005-05-22	10702.1318
2005-05-23	10704.6256
2005-05-24	10706.1806
2005-05-25	10707.7452
2005-05-26	10709.3097
2005-05-27	10710.8647
2005-05-28	10712.4293
2005-05-29	10713.9938
2005-05-30	10715.5583
2005-05-31	10717.1134
2005-06-01	10718.6779
2005-06-02	10720.2424
2005-06-03	10721.5415
2005-06-04	10722.8405
2005-06-05	10724.1395
2005-06-06	10725.4386
2005-06-07	10726.7376
2005-06-08	10728.0366
2005-06-09	10729.3451
2005-06-10	10730.9002
2005-06-11	10732.4647
2005-06-12	10734.0292
2005-06-13	10735.5938
2005-06-14	10737.0256
2005-06-15	10738.5901
2005-06-16	10740.1546
2005-06-17	10741.7191
2005-06-18	10743.2932
2005-06-19	10744.8577
2005-06-20	10746.4222
2005-06-21	10749.0772
2005-06-22	10750.6417
2005-06-23	10752.2062
2005-06-24	10753.7802
2005-06-25	10755.3448
2005-06-26	10756.9093
2005-06-27	10759.7823
2005-06-28	10762.6459
2005-06-29	10764.2104
2005-06-30	10765.8508
2005-07-01	10767.349
2005-07-02	10768.9135
2005-07-03	10770.478
2005-07-04	10772.1184
2005-07-05	10773.6829
2005-07-06	10775.2475
2005-07-07	10776.8215
2005-07-08	10778.386
2005-07-09	10779.9505
2005-07-10	10781.5245
2005-07-11	10782.8805
2005-07-12	10784.4545
2005-07-13	10786.019
2005-07-14	10787.593
2005-07-15	10789.1575
2005-07-16	10790.7315
2005-07-17	10792.2961
2005-07-18	10793.3201
2005-07-19	10794.8847
2005-07-20	10796.4587
2005-07-21	10795.9087
2005-07-22	10796.7431
2005-07-23	10797.587
2005-07-24	10799.161
2005-07-25	10803.7503
2005-07-26	10805.3243
2005-07-27	10806.8983
2005-07-28	10808.4629
2005-07-29	10810.0369
2005-07-30	10811.6109
2005-07-31	10813.1849
2005-08-01	10815.1382
2005-08-02	10816.7122
2005-08-03	10818.2862
2005-08-04	10819.8507
2005-08-05	10821.4247
2005-08-06	10822.9893
2005-08-07	10824.5633
2005-08-08	10826.5071
2005-08-09	10828.0811
2005-08-10	10829.6456
2005-08-11	10831.2196
2005-08-12	10832.7937
2005-08-13	10834.3677
2005-08-14	10835.9322
2005-08-15	10836.6907
2005-08-16	10837.4398
2005-08-17	10838.1889
2005-08-18	10838.9569
2005-08-19	10840.5215
2005-08-20	10842.0955
2005-08-21	10843.6695
2005-08-22	10846.4288
2005-08-23	10848.0028
2005-08-24	10849.5768
2005-08-25	10851.1508
2005-08-26	10852.7248
2005-08-27	10854.2988
2005-08-28	10855.8728
2005-08-29	10856.8589
2005-08-30	10858.4329
2005-08-31	10860.0164
2005-09-01	10861.5905
2005-09-02	10863.1645
2005-09-03	10864.7385
2005-09-04	10866.3125
2005-09-05	10867.2891
2005-09-06	10868.8631
2005-09-07	10870.4371
2005-09-08	10872.0112
2005-09-09	10873.5852
2005-09-10	10875.1592
2005-09-11	10876.7332
2005-09-12	10878.6675
2005-09-13	10880.251
2005-09-14	10881.825
2005-09-15	10883.399
2005-09-16	10884.973
2005-09-17	10886.5565
2005-09-18	10888.1305
2005-09-19	10889.7046
2005-09-20	10890.5579
2005-09-21	10891.4113
2005-09-22	10892.2647
2005-09-23	10893.8387
2005-09-24	10895.4222
2005-09-25	10896.9962
2005-09-26	10899.5279
2005-09-27	10902.0691
2005-09-28	10903.6526
2005-09-29	10905.2266
2005-09-30	10903.3397
2005-10-01	10908.3936
2005-10-02	10909.977
2005-10-03	10911.5605
2005-10-04	10911.8071
2005-10-05	10912.0441
2005-10-06	10912.2906
2005-10-07	10912.5277
2005-10-08	10914.1207
2005-10-09	10915.7042
2005-10-10	10917.9609
2005-10-11	10920.2176
2005-10-12	10921.8011
2005-10-13	10923.3941
2005-10-14	10924.9776
2005-10-15	10926.561
2005-10-16	10928.154
2005-10-17	10929.7375
2005-10-18	10931.321
2005-10-19	10932.914
2005-10-20	10934.4975
2005-10-21	10936.3654
2005-10-22	10937.9489
2005-10-23	10939.5324
2005-10-24	10941.1254
2005-10-25	10942.7089
2005-10-26	10944.2924
2005-10-27	10945.8759
2005-10-28	10947.4593
2005-10-29	10949.0523
2005-10-30	10950.6358
2005-10-31	10951.7262
2005-11-01	10953.3097
2005-11-02	10954.9027
2005-11-03	10956.4957
2005-11-04	10958.0887
2005-11-05	10959.6816
2005-11-06	10961.2746
2005-11-07	10962.7728
2005-11-08	10964.3563
2005-11-09	10965.9492
2005-11-10	10967.5327
2005-11-11	10969.1257
2005-11-12	10969.8937
2005-11-13	10970.6713
2005-11-14	10972.5677
2005-11-15	10972.5677
2005-11-16	10972.5677
2005-11-17	10977.3371
2005-11-18	10978.9206
2005-11-19	10980.5136
2005-11-20	10982.1065
2005-11-21	10984.8942
2005-11-22	10987.1699
2005-11-23	10989.4361
2005-11-24	10991.7118
2005-11-25	10993.9875
2005-11-26	10996.2631
2005-11-27	10997.8561
2005-11-28	10999.4491
2005-11-29	11001.0421
2005-11-30	11002.635
2005-12-01	11004.2375
2005-12-02	11005.8305
2005-12-03	11007.4329
2005-12-04	11009.0259
2005-12-05	11010.6189
2005-12-06	11012.4299
2005-12-07	11014.0324
2005-12-08	11015.6349
2005-12-09	11017.2278
2005-12-10	11018.8303
2005-12-11	11020.4233
2005-12-12	11022.8696
2005-12-13	11024.4721
2005-12-14	11026.065
2005-12-15	11027.6675
2005-12-16	11029.27
2005-12-17	11030.8724
2005-12-18	11032.4654
2005-12-19	11034.248
2005-12-20	11035.8505
2005-12-21	11037.4529
2005-12-22	11039.0554
2005-12-23	11040.6578
2005-12-24	11042.2603
2005-12-25	11043.8627
2005-12-26	11045.029
2005-12-27	11046.2048
2005-12-28	11047.3711
2005-12-29	11048.5468
2005-12-30	11050.1493
2005-12-31	11052.2069
2006-01-01	11053.3542
2006-01-02	11054.9661
2006-01-03	11055.7816
2006-01-04	11057.3841
2006-01-05	11058.9865
2006-01-06	11060.5984
2006-01-07	11062.2009
2006-01-08	11063.8034
2006-01-09	11066.4394
2006-01-10	11069.0659
2006-01-11	11070.6683
2006-01-12	11072.2803
2006-01-13	11073.8922
2006-01-14	11075.4947
2006-01-15	11077.1066
2006-01-16	11078.8418
2006-01-17	11080.4537
2006-01-18	11082.0562
2006-01-19	11083.6681
2006-01-20	11085.2801
2006-01-21	11086.892
2006-01-22	11088.4945
2006-01-23	11090.2202
2006-01-24	11091.8321
2006-01-25	11093.4441
2006-01-26	11095.056
2006-01-27	11096.6679
2006-01-28	11098.2799
2006-01-29	11099.8918
2006-01-30	11101.6081
2006-01-31	11103.22
2006-02-01	11104.8319
2006-02-02	11106.4439
2006-02-03	11108.0558
2006-02-04	11109.6677
2006-02-05	11111.2892
2006-02-06	11112.9864
2006-02-07	11114.6079
2006-02-08	11116.2198
2006-02-09	11117.8317
2006-02-10	11119.4437
2006-02-11	11121.0651
2006-02-12	11122.677
2006-02-13	11123.4261
2006-02-14	11125.038
2006-02-15	11126.6595
2006-02-16	11128.2714
2006-02-17	11129.8928
2006-02-18	11131.5048
2006-02-19	11133.1262
2006-02-20	11131.8556
2006-02-21	11134.3778
2006-02-22	11136.9095
2006-02-23	11139.4317
2006-02-24	11141.9634
2006-02-25	11144.4856
2006-02-26	11146.107
2006-02-27	11147.7284
2006-02-28	11149.3499
2006-03-01	11150.9618
2006-03-02	11152.5737
2006-03-03	11154.1952
2006-03-04	11155.8071
2006-03-05	11157.4285
2006-03-06	11159.0405
2006-03-07	11160.6524
2006-03-08	11162.8807
2006-03-09	11165.0995
2006-03-10	11167.3182
2006-03-11	11169.537
2006-03-12	11171.7558
2006-03-13	11173.9746
2006-03-14	11176.2313
2006-03-15	11178.4975
2006-03-16	11180.7542
2006-03-17	11183.0109
2006-03-18	11184.6324
2006-03-19	11186.2538
2006-03-20	11188.8708
2006-03-21	11190.4922
2006-03-22	11191.5163
2006-03-23	11192.5403
2006-03-24	11193.5644
2006-03-25	11195.1858
2006-03-26	11196.8072
2006-03-27	11199.301
2006-03-28	11200.9224
2006-03-29	11202.5438
2006-03-30	11204.1747
2006-03-31	11204.8669
2006-04-01	11207.4176
2006-04-02	11209.039
2006-04-03	11209.7407
2006-04-04	11211.3621
2006-04-05	11212.9835
2006-04-06	11214.6144
2006-04-07	11216.2358
2006-04-08	11217.8667
2006-04-09	11219.4881
2006-04-10	11220.1708
2006-04-11	11221.8017
2006-04-12	11223.4232
2006-04-13	11225.0541
2006-04-14	11226.6755
2006-04-15	11228.3064
2006-04-16	11229.9373
2006-04-17	11231.5682
2006-04-18	11233.8628
2006-04-19	11235.4937
2006-04-20	11237.1152
2006-04-21	11238.7555
2006-04-22	11240.377
2006-04-23	11242.0079
2006-04-24	11242.9371
2006-04-25	11244.568
2006-04-26	11246.1989
2006-04-27	11247.8298
2006-04-28	11249.4607
2006-04-29	11251.0916
2006-04-30	11252.7225
2006-05-01	11255.2732
2006-05-02	11256.9325
2006-05-03	11258.5824
2006-05-04	11260.2417
2006-05-05	11261.9011
2006-05-06	11263.5604
2006-05-07	11265.2198
2006-05-08	11266.7369
2006-05-09	11268.3962
2006-05-10	11270.0556
2006-05-11	11271.7149
2006-05-12	11273.3743
2006-05-13	11275.0431
2006-05-14	11276.7025
2006-05-15	11278.1248
2006-05-16	11279.7841
2006-05-17	11281.4435
2006-05-18	11283.1028
2006-05-19	11284.7716
2006-05-20	11286.431
2006-05-21	11288.0903
2006-05-22	11290.4514
2006-05-23	11292.1202
2006-05-24	11293.7795
2006-05-25	11295.4389
2006-05-26	11297.1077
2006-05-27	11298.7765
2006-05-28	11300.4359
2006-05-29	11302.7874
2006-05-30	11304.4468
2006-05-31	11306.1156
2006-06-01	11307.7844
2006-06-02	11309.4438
2006-06-03	11311.1126
2006-06-04	11312.7814
2006-06-05	11315.114
2006-06-06	11316.7828
2006-06-07	11318.4517
2006-06-08	11320.1205
2006-06-09	11321.7798
2006-06-10	11323.4392
2006-06-11	11325.0985
2006-06-12	11326.7674
2006-06-13	11327.2225
2006-06-14	11328.8819
2006-06-15	11330.5412
2006-06-16	11332.21
2006-06-17	11333.8694
2006-06-18	11335.5382
2006-06-19	11338.8285
2006-06-20	11340.4973
2006-06-21	11341.9575
2006-06-22	11343.4177
2006-06-23	11344.878
2006-06-24	11346.3382
2006-06-25	11347.7984
2006-06-26	11349.2681
2006-06-27	11350.9275
2006-06-28	11352.5963
2006-06-29	11354.2651
2006-06-30	11357.5269
2006-07-01	11357.5933
2006-07-02	11359.2621
2006-07-03	11360.931
2006-07-04	11362.5998
2006-07-05	11365.1125
2006-07-06	11367.6347
2006-07-07	11370.1475
2006-07-08	11371.8163
2006-07-09	11373.4851
2006-07-10	11375.154
2006-07-11	11376.8228
2006-07-12	11378.4916
2006-07-13	11380.1605
2006-07-14	11381.8388
2006-07-15	11383.5076
2006-07-16	11385.1764
2006-07-17	11386.8453
2006-07-18	11388.5141
2006-07-19	11390.1924
2006-07-20	11392.8948
2006-07-21	11393.9947
2006-07-22	11395.0946
2006-07-23	11396.7729
2006-07-24	11397.0858
2006-07-25	11397.3987
2006-07-26	11399.077
2006-07-27	11400.7459
2006-07-28	11402.4242
2006-07-29	11404.093
2006-07-30	11405.7713
2006-07-31	11406.1601
2006-08-01	11407.8763
2006-08-02	11409.6305
2006-08-03	11411.3846
2006-08-04	11413.1388
2006-08-05	11414.893
2006-08-06	11416.6471
2006-08-07	11419.0366
2006-08-08	11421.4261
2006-08-09	11423.8155
2006-08-10	11426.205
2006-08-11	11428.6039
2006-08-12	11430.3581
2006-08-13	11432.1123
2006-08-14	11432.9657
2006-08-15	11434.7198
2006-08-16	11436.474
2006-08-17	11438.2376
2006-08-18	11439.9918
2006-08-19	11441.746
2006-08-20	11443.5096
2006-08-21	11444.1923
2006-08-22	11445.9465
2006-08-23	11447.7101
2006-08-24	11449.4643
2006-08-25	11451.228
2006-08-26	11452.9821
2006-08-27	11454.7458
2006-08-28	11457.1921
2006-08-29	11459.648
2006-08-30	11462.0943
2006-08-31	11463.858
2006-09-01	11465.6216
2006-09-02	11467.3758
2006-09-03	11469.1394
2006-09-04	11471.3772
2006-09-05	11473.6149
2006-09-06	11475.3786
2006-09-07	11477.1328
2006-09-08	11478.8964
2006-09-09	11480.6601
2006-09-10	11482.4237
2006-09-11	11484.1874
2006-09-12	11485.951
2006-09-13	11487.7147
2006-09-14	11489.4783
2006-09-15	11491.242
2006-09-16	11493.0056
2006-09-17	11494.7693
2006-09-18	11496.5139
2006-09-19	11498.2776
2006-09-20	11500.0507
2006-09-21	11501.8144
2006-09-22	11503.578
2006-09-23	11505.3417
2006-09-24	11507.1148
2006-09-25	11509.4379
2006-09-26	11511.7705
2006-09-27	11514.103
2006-09-28	11516.4356
2006-09-29	11518.7682
2006-09-30	11518.7208
2006-10-01	11522.305
2006-10-02	11523.585
2006-10-03	11524.8746
2006-10-04	11526.1546
2006-10-05	11527.4347
2006-10-06	11529.2078
2006-10-07	11530.981
2006-10-08	11532.7446
2006-10-09	11535.2858
2006-10-10	11537.827
2006-10-11	11540.3587
2006-10-12	11542.8998
2006-10-13	11545.441
2006-10-14	11547.9822
2006-10-15	11550.5234
2006-10-16	11552.4861
2006-10-17	11554.2593
2006-10-18	11556.0324
2006-10-19	11557.8055
2006-10-20	11559.5787
2006-10-21	11561.3613
2006-10-22	11563.1344
2006-10-23	11573.356
2006-10-24	11575.1291
2006-10-25	11576.9023
2006-10-26	11578.6849
2006-10-27	11580.458
2006-10-28	11582.2311
2006-10-29	11584.0137
2006-10-30	11586.5834
2006-10-31	11589.153
2006-11-01	11591.7321
2006-11-02	11594.3017
2006-11-03	11596.8808
2006-11-04	11599.4504
2006-11-05	11602.0295
2006-11-06	11602.4562
2006-11-07	11604.2388
2006-11-08	11606.012
2006-11-09	11607.7946
2006-11-10	11609.5772
2006-11-11	11611.3598
2006-11-12	11613.1424
2006-11-13	11615.0957
2006-11-14	11616.8783
2006-11-15	11618.4997
2006-11-16	11620.1212
2006-11-17	11621.7426
2006-11-18	11623.364
2006-11-19	11624.9949
2006-11-20	11626.0
2006-11-21	11627.6214
2006-11-22	11629.2428
2006-11-23	11630.8737
2006-11-24	11632.4952
2006-11-25	11634.1261
2006-11-26	11635.7475
2006-11-27	11637.3784
2006-11-28	11639.0093
2006-11-29	11639.8153
2006-11-30	11640.6307
2006-12-01	11641.4462
2006-12-02	11642.2521
2006-12-03	11643.883
2006-12-04	11646.794
2006-12-05	11649.7144
2006-12-06	11652.6254
2006-12-07	11655.5459
2006-12-08	11656.0484
2006-12-09	11656.5604
2006-12-10	11657.063
2006-12-11	11657.575
2006-12-12	11658.0776
2006-12-13	11658.5801
2006-12-14	11659.0921
2006-12-15	11659.5947
2006-12-16	11660.0972
2006-12-17	11660.6093
2006-12-18	11661.1118
2006-12-19	11662.7427
2006-12-20	11664.3736
2006-12-21	11666.0045
2006-12-22	11669.4275
2006-12-23	11672.86
2006-12-24	11676.283
2006-12-25	11679.7155
2006-12-26	11683.1479
2006-12-27	11686.5804
2006-12-28	11690.0129
2006-12-29	11693.4454
2006-12-30	11696.8873
2006-12-31	11701.7232
2007-01-01	11701.9507
2007-01-02	11702.8326
2007-01-03	11704.4729
2007-01-04	11706.1038
2007-01-05	11707.7442
2007-01-06	11709.3751
2007-01-07	11711.0155
2007-01-08	11713.5188
2007-01-09	11716.022
2007-01-10	11718.5252
2007-01-11	11721.0285
2007-01-12	11722.6689
2007-01-13	11724.2998
2007-01-14	11725.9402
2007-01-15	11727.4952
2007-01-16	11729.1356
2007-01-17	11730.776
2007-01-18	11732.4164
2007-01-19	11734.0567
2007-01-20	11735.6971
2007-01-21	11737.3375
2007-01-22	11739.8313
2007-01-23	11741.4717
2007-01-24	11743.112
2007-01-25	11744.7524
2007-01-26	11746.3928
2007-01-27	11748.0332
2007-01-28	11749.6736
2007-01-29	11752.0062
2007-01-30	11754.3292
2007-01-31	11756.6618
2007-02-01	11758.9849
2007-02-02	11760.6253
2007-02-03	11762.2751
2007-02-04	11763.9155
2007-02-05	11766.5041
2007-02-06	11769.0927
2007-02-07	11771.6813
2007-02-08	11774.2699
2007-02-09	11776.8584
2007-02-10	11779.4565
2007-02-11	11782.0451
2007-02-12	11784.3966
2007-02-13	11786.7576
2007-02-14	11789.1187
2007-02-15	11791.4702
2007-02-16	11793.8312
2007-02-17	11796.1922
2007-02-18	11798.5532
2007-02-19	11800.9617
2007-02-20	11803.3701
2007-02-21	11805.02
2007-02-22	11806.6698
2007-02-23	11808.3197
2007-02-24	11809.9696
2007-02-25	11811.6194
2007-02-26	11811.9228
2007-02-27	11813.5727
2007-02-28	11815.2226
2007-03-01	11816.8724
2007-03-02	11818.5223
2007-03-03	11820.1817
2007-03-04	11821.8315
2007-03-05	11824.3727
2007-03-06	11826.9139
2007-03-07	11829.455
2007-03-08	11831.1144
2007-03-09	11832.7643
2007-03-10	11834.4141
2007-03-11	11836.0735
2007-03-12	11837.7233
2007-03-13	11840.1412
2007-03-14	11841.7911
2007-03-15	11843.4505
2007-03-16	11845.1003
2007-03-17	11846.7597
2007-03-18	11848.4095
2007-03-19	11851.2636
2007-03-20	11854.1177
2007-03-21	11856.9718
2007-03-22	11858.6311
2007-03-23	11860.2905
2007-03-24	11861.9498
2007-03-25	11863.5997
2007-03-26	11865.259
2007-03-27	11867.5726
2007-03-28	11869.8957
2007-03-29	11872.2093
2007-03-30	11874.5229
2007-03-31	11879.9846
2007-04-01	11877.8416
2007-04-02	11880.3733
2007-04-03	11882.905
2007-04-04	11885.4367
2007-04-05	11887.1719
2007-04-06	11888.8976
2007-04-07	11890.6328
2007-04-08	11892.3586
2007-04-09	11894.0938
2007-04-10	11896.7108
2007-04-11	11899.3278
2007-04-12	11901.9449
2007-04-13	11904.5619
2007-04-14	11907.1789
2007-04-15	11908.9141
2007-04-16	11911.607
2007-04-17	11913.3422
2007-04-18	11915.0774
2007-04-19	11916.8126
2007-04-20	11918.5478
2007-04-21	11920.283
2007-04-22	11922.0182
2007-04-23	11922.1699
2007-04-24	11923.9051
2007-04-25	11925.6403
2007-04-26	11929.9357
2007-04-27	11930.4098
2007-04-28	11930.8839
2007-04-29	11931.3675
2007-04-30	11933.5673
2007-05-01	11935.3025
2007-05-02	11937.0377
2007-05-03	11938.7824
2007-05-04	11940.5176
2007-05-05	11942.2528
2007-05-06	11943.988
2007-05-07	11945.4103
2007-05-08	11947.1455
2007-05-09	11948.8902
2007-05-10	11950.6254
2007-05-11	11952.3701
2007-05-12	11954.1053
2007-05-13	11955.85
2007-05-14	11958.3153
2007-05-15	11960.7806
2007-05-16	11963.2459
2007-05-17	11965.7207
2007-05-18	11968.186
2007-05-19	11970.6608
2007-05-20	11973.1261
2007-05-21	11976.2742
2007-05-22	11979.4222
2007-05-23	11982.5702
2007-05-24	11984.3149
2007-05-25	11986.0596
2007-05-26	11987.8043
2007-05-27	11989.549
2007-05-28	11993.3133
2007-05-29	11995.058
2007-05-30	11996.8027
2007-05-31	11998.5474
2007-06-01	12000.3015
2007-06-02	12002.0462
2007-06-03	12003.7909
2007-06-04	12006.5976
2007-06-05	12008.3423
2007-06-06	12010.0869
2007-06-07	12011.8411
2007-06-08	12013.5858
2007-06-09	12015.34
2007-06-10	12017.0846
2007-06-11	12018.8293
2007-06-12	12021.6265
2007-06-13	12023.3712
2007-06-14	12025.1254
2007-06-15	12026.8795
2007-06-16	12028.6242
2007-06-17	12030.3784
2007-06-18	12034.1048
2007-06-19	12035.859
2007-06-20	12037.6037
2007-06-21	12039.3578
2007-06-22	12041.112
2007-06-23	12042.8662
2007-06-24	12044.6203
2007-06-25	12045.4927
2007-06-26	12046.3745
2007-06-27	12049.001
2007-06-28	12049.8829
2007-06-29	12050.7552
2007-06-30	12051.6086
2007-07-01	12050.7552
2007-07-02	12051.6275
2007-07-03	12052.5094
2007-07-04	12053.3817
2007-07-05	12054.2635
2007-07-06	12055.1359
2007-07-07	12056.0177
2007-07-08	12056.8995
2007-07-09	12057.7719
2007-07-10	12058.6537
2007-07-11	12059.526
2007-07-12	12060.4079
2007-07-13	12061.2802
2007-07-14	12062.162
2007-07-15	12063.0344
2007-07-16	12064.798
2007-07-17	12066.5522
2007-07-18	12068.3064
2007-07-19	12070.0605
2007-07-20	12071.8242
2007-07-21	12073.5783
2007-07-22	12075.3325
2007-07-23	12077.0962
2007-07-24	12078.8503
2007-07-25	12082.3587
2007-07-26	12085.8765
2007-07-27	12089.3943
2007-07-28	12092.9026
2007-07-29	12096.4205
2007-07-30	12099.9383
2007-07-31	12103.4561
2007-08-01	12106.9739
2007-08-02	12108.7376
2007-08-03	12110.5012
2007-08-04	12112.2649
2007-08-05	12114.0285
2007-08-06	12114.1044
2007-08-07	12114.1802
2007-08-08	12114.2561
2007-08-09	12116.0197
2007-08-10	12117.7834
2007-08-11	12119.547
2007-08-12	12121.3107
2007-08-13	12121.9365
2007-08-14	12122.5718
2007-08-15	12123.1976
2007-08-16	12123.8234
2007-08-17	12125.5871
2007-08-18	12127.3507
2007-08-19	12129.1144
2007-08-20	12129.3419
2007-08-21	12129.56
2007-08-22	12129.7781
2007-08-23	12130.0057
2007-08-24	12130.2237
2007-08-25	12130.4418
2007-08-26	12130.6694
2007-08-27	12130.8875
2007-08-28	12132.727
2007-08-29	12134.5665
2007-08-30	12136.3965
2007-08-31	12138.236
2007-09-01	12140.0755
2007-09-02	12141.915
2007-09-03	12142.7115
2007-09-04	12143.5175
2007-09-05	12144.3235
2007-09-06	12145.1294
2007-09-07	12146.9689
2007-09-08	12148.8084
2007-09-09	12150.6385
2007-09-10	12152.8952
2007-09-11	12154.7347
2007-09-12	12156.5742
2007-09-13	12158.4137
2007-09-14	12160.2532
2007-09-15	12162.0927
2007-09-16	12163.9322
2007-09-17	12164.7666
2007-09-18	12165.5916
2007-09-19	12166.426
2007-09-20	12167.2509
2007-09-21	12168.0853
2007-09-22	12168.9103
2007-09-23	12170.7498
2007-09-24	12174.7796
2007-09-25	12178.8189
2007-09-26	12182.8488
2007-09-27	12186.8881
2007-09-28	12188.7276
2007-09-29	12190.5766
2007-09-30	12192.8902
2007-10-01	12194.6349
2007-10-02	12196.4839
2007-10-03	12198.3234
2007-10-04	12200.1724
2007-10-05	12202.0214
2007-10-06	12203.8704
2007-10-07	12205.7099
2007-10-08	12206.4589
2007-10-09	12207.2175
2007-10-10	12207.9666
2007-10-11	12209.8156
2007-10-12	12211.6646
2007-10-13	12213.5041
2007-10-14	12215.353
2007-10-15	12218.2166
2007-10-16	12221.0802
2007-10-17	12223.9437
2007-10-18	12225.7927
2007-10-19	12227.6512
2007-10-20	12229.5002
2007-10-21	12231.3492
2007-10-22	12233.1982
2007-10-23	12235.0566
2007-10-24	12236.9056
2007-10-25	12238.7546
2007-10-26	12240.6131
2007-10-27	12242.4621
2007-10-28	12244.311
2007-10-29	12246.1695
2007-10-30	12248.0185
2007-10-31	12249.877
2007-11-01	12251.7354
2007-11-02	12253.5844
2007-11-03	12255.4429
2007-11-04	12257.2919
2007-11-05	12257.5669
2007-11-06	12257.8324
2007-11-07	12258.1073
2007-11-08	12258.3728
2007-11-09	12258.6478
2007-11-10	12258.9133
2007-11-11	12259.1883
2007-11-12	12259.6055
2007-11-13	12260.0322
2007-11-14	12260.4494
2007-11-15	12260.8666
2007-11-16	12261.2838
2007-11-17	12261.7105
2007-11-18	12263.569
2007-11-19	12264.8016
2007-11-20	12266.6601
2007-11-21	12268.5186
2007-11-22	12270.377
2007-11-23	12272.2355
2007-11-24	12274.094
2007-11-25	12275.9524
2007-11-26	12276.2179
2007-11-27	12276.4834
2007-11-28	12276.7489
2007-11-29	12277.0239
2007-11-30	12278.8824
2007-12-01	12280.7408
2007-12-02	12282.5993
2007-12-03	12283.1872
2007-12-04	12283.7751
2007-12-05	12284.363
2007-12-06	12284.9509
2007-12-07	12285.5387
2007-12-08	12286.1266
2007-12-09	12286.7145
2007-12-10	12287.3119
2007-12-11	12289.1703
2007-12-12	12291.0288
2007-12-13	12292.8873
2007-12-14	12294.7457
2007-12-15	12296.6137
2007-12-16	12298.4722
2007-12-17	12299.5531
2007-12-18	12300.6435
2007-12-19	12301.734
2007-12-20	12303.5924
2007-12-21	12305.4604
2007-12-22	12307.3189
2007-12-23	12309.1773
2007-12-24	12315.0846
2007-12-25	12316.9431
2007-12-26	12318.811
2007-12-27	12320.679
2007-12-28	12322.5375
2007-12-29	12324.4054
2007-12-30	12326.2734
2007-12-31	12322.7935
2008-01-01	12329.2792
2008-01-02	12331.1471
2008-01-03	12333.0151
2008-01-04	12334.883
2008-01-05	12336.751
2008-01-06	12338.6189
2008-01-07	12339.7473
2008-01-08	12341.6152
2008-01-09	12343.4832
2008-01-10	12345.3511
2008-01-11	12347.2191
2008-01-12	12349.087
2008-01-13	12350.955
2008-01-14	12351.3532
2008-01-15	12351.742
2008-01-16	12352.1307
2008-01-17	12352.529
2008-01-18	12352.9178
2008-01-19	12354.7857
2008-01-20	12356.6537
2008-01-21	12361.5653
2008-01-22	12361.8119
2008-01-23	12357.1846
2008-01-24	12359.119
2008-01-25	12361.0628
2008-01-26	12363.0066
2008-01-27	12364.9504
2008-01-28	12366.8942
2008-01-29	12367.3588
2008-01-30	12367.8329
2008-01-31	12368.2975
2008-02-01	12369.8905
2008-02-02	12371.4835
2008-02-03	12373.067
2008-02-04	12372.9532
2008-02-05	12374.5367
2008-02-06	12376.1297
2008-02-07	12377.7226
2008-02-08	12379.3156
2008-02-09	12380.8991
2008-02-10	12382.4921
2008-02-11	12383.5066
2008-02-12	12385.0996
2008-02-13	12386.6926
2008-02-14	12388.2856
2008-02-15	12389.8785
2008-02-16	12391.4715
2008-02-17	12393.0645
2008-02-18	12393.33
2008-02-19	12393.605
2008-02-20	12393.8799
2008-02-21	12394.1454
2008-02-22	12394.4204
2008-02-23	12394.6954
2008-02-24	12394.9609
2008-02-25	12395.3686
2008-02-26	12395.7763
2008-02-27	12396.1841
2008-02-28	12397.777
2008-02-29	12399.37
2008-03-01	12400.963
2008-03-02	12402.556
2008-03-03	12402.6034
2008-03-04	12402.6603
2008-03-05	12402.7077
2008-03-06	12402.7646
2008-03-07	12402.812
2008-03-08	12402.8594
2008-03-09	12404.4618
2008-03-10	12406.0548
2008-03-11	12406.5384
2008-03-12	12407.0315
2008-03-13	12407.5245
2008-03-14	12409.1934
2008-03-15	12410.8527
2008-03-16	12412.5121
2008-03-17	12412.5689
2008-03-18	12412.6164
2008-03-19	12412.6638
2008-03-20	12412.7207
2008-03-21	12412.7681
2008-03-22	12412.8155
2008-03-23	12412.8724
2008-03-24	12412.9198
2008-03-25	12412.9672
2008-03-26	12413.0241
2008-03-27	12413.0715
2008-03-28	12413.1189
2008-03-29	12413.1758
2008-03-30	12414.8351
2008-03-31	12425.199
2008-04-01	12421.3682
2008-04-02	12424.6395
2008-04-03	12427.9013
2008-04-04	12431.1726
2008-04-05	12432.8414
2008-04-06	12434.5103
2008-04-07	12438.1798
2008-04-08	12441.8588
2008-04-09	12445.5378
2008-04-10	12449.2168
2008-04-11	12452.8958
2008-04-12	12454.5647
2008-04-13	12456.2335
2008-04-14	12459.2772
2008-04-15	12462.3209
2008-04-16	12465.3647
2008-04-17	12468.4084
2008-04-18	12470.0867
2008-04-19	12471.7555
2008-04-20	12473.4244
2008-04-21	12476.5724
2008-04-22	12484.3286
2008-04-23	12484.9639
2008-04-24	12485.5897
2008-04-25	12486.2156
2008-04-26	12488.33
2008-04-27	12490.435
2008-04-28	12493.327
2008-04-29	12496.2285
2008-04-30	12499.13
2008-05-01	12502.022
2008-05-02	12504.9235
2008-05-03	12507.825
2008-05-04	12509.5033
2008-05-05	12512.547
2008-05-06	12515.5908
2008-05-07	12518.625
2008-05-08	12521.6687
2008-05-09	12524.7124
2008-05-10	12527.7562
2008-05-11	12529.4439
2008-05-12	12532.4782
2008-05-13	12535.5219
2008-05-14	12538.5656
2008-05-15	12541.6093
2008-05-16	12544.6531
2008-05-17	12547.6968
2008-05-18	12549.3751
2008-05-19	12552.1438
2008-05-20	12554.9221
2008-05-21	12557.6908
2008-05-22	12560.4595
2008-05-23	12562.1473
2008-05-24	12563.8256
2008-05-25	12565.5134
2008-05-26	12568.8701
2008-05-27	12572.2267
2008-05-28	12575.5833
2008-05-29	12578.9399
2008-05-30	12582.306
2008-05-31	12585.6627
2008-06-01	12587.3505
2008-06-02	12589.8442
2008-06-03	12592.338
2008-06-04	12594.8317
2008-06-05	12596.5195
2008-06-06	12598.2073
2008-06-07	12599.8951
2008-06-08	12601.5924
2008-06-09	12603.2802
2008-06-10	12606.4282
2008-06-11	12608.116
2008-06-12	12609.8038
2008-06-13	12611.5011
2008-06-14	12613.1889
2008-06-15	12614.8767
2008-06-16	12616.5739
2008-06-17	12617.1713
2008-06-18	12617.7687
2008-06-19	12620.4236
2008-06-20	12623.0786
2008-06-21	12625.7336
2008-06-22	12627.4308
2008-06-23	12629.4315
2008-06-24	12631.4417
2008-06-25	12633.4519
2008-06-26	12635.4526
2008-06-27	12637.1499
2008-06-28	12638.8471
2008-06-29	12640.5349
2008-06-30	12651.8185
2008-07-01	12647.3904
2008-07-02	12650.8134
2008-07-03	12652.5107
2008-07-04	12654.208
2008-07-05	12655.9052
2008-07-06	12657.6025
2008-07-07	12661.035
2008-07-08	12664.458
2008-07-09	12667.8905
2008-07-10	12669.5878
2008-07-11	12671.2945
2008-07-12	12672.9918
2008-07-13	12674.6891
2008-07-14	12677.1639
2008-07-15	12679.6481
2008-07-16	12682.1229
2008-07-17	12683.8297
2008-07-18	12692.9798
2008-07-19	12694.2599
2008-07-20	12695.5305
2008-07-21	12696.8105
2008-07-22	12698.5173
2008-07-23	12700.2146
2008-07-24	12701.9213
2008-07-25	12703.6186
2008-07-26	12705.3254
2008-07-27	12707.0321
2008-07-28	12710.7491
2008-07-29	12714.466
2008-07-30	12718.1829
2008-07-31	12719.8897
2008-08-01	12721.5965
2008-08-02	12723.2937
2008-08-03	12725.0005
2008-08-04	12728.2339
2008-08-05	12731.4577
2008-08-06	12734.6911
2008-08-07	12737.915
2008-08-08	12739.8398
2008-08-09	12741.7552
2008-08-10	12743.68
2008-08-11	12747.397
2008-08-12	12751.1234
2008-08-13	12754.8498
2008-08-14	12758.5762
2008-08-15	12762.3026
2008-08-16	12764.2275
2008-08-17	12766.1523
2008-08-18	12769.49
2008-08-19	12772.8371
2008-08-20	12776.1748
2008-08-21	12779.5219
2008-08-22	12782.8691
2008-08-23	12784.7939
2008-08-24	12786.7188
2008-08-25	12787.629
2008-08-26	12788.5393
2008-08-27	12789.4591
2008-08-28	12791.3839
2008-08-29	12793.3087
2008-08-30	12795.2336
2008-08-31	12797.1679
2008-09-01	12798.8842
2008-09-02	12800.7426
2008-09-03	12802.6011
2008-09-04	12804.4596
2008-09-05	12806.318
2008-09-06	12808.1765
2008-09-07	12810.035
2008-09-08	12812.8606
2008-09-09	12815.6862
2008-09-10	12818.5214
2008-09-11	12820.3798
2008-09-12	12822.2383
2008-09-13	12824.0968
2008-09-14	12825.9647
2008-09-15	12828.0792
2008-09-16	12829.9377
2008-09-17	12831.8056
2008-09-18	12833.6641
2008-09-19	12835.5226
2008-09-20	12837.3905
2008-09-21	12839.249
2008-09-22	12839.3059
2008-09-23	12839.3533
2008-09-24	12839.4102
2008-09-25	12839.4576
2008-09-26	12839.5145
2008-09-27	12839.5619
2008-09-28	12839.6188
2008-09-29	12839.6662
2008-09-30	12804.4785
2008-10-01	12839.7705
2008-10-02	12839.8274
2008-10-03	12839.8748
2008-10-04	12839.9317
2008-10-05	12839.9791
2008-10-06	12840.0265
2008-10-07	12840.0834
2008-10-08	12840.1308
2008-10-09	12840.1877
2008-10-10	12840.2351
2008-10-11	12840.292
2008-10-12	12840.3394
2008-10-13	12840.5954
2008-10-14	12840.8514
2008-10-15	12841.1075
2008-10-16	12841.3635
2008-10-17	12843.2219
2008-10-18	12845.0899
2008-10-19	12846.9484
2008-10-20	12850.3808
2008-10-21	12850.4377
2008-10-22	12869.0035
2008-10-23	12869.3543
2008-10-24	12869.3733
2008-10-25	12869.3828
2008-10-26	12869.4017
2008-10-27	12869.4112
2008-10-28	12869.4207
2008-10-29	12869.4396
2008-10-30	12869.4491
2008-10-31	12869.4586
2008-11-01	12869.4776
2008-11-02	12869.4871
2008-11-03	12871.6205
2008-11-04	12873.7539
2008-11-05	12875.8969
2008-11-06	12878.0303
2008-11-07	12880.1638
2008-11-08	12882.2972
2008-11-09	12884.4402
2008-11-10	12887.152
2008-11-11	12889.8638
2008-11-12	12892.5662
2008-11-13	12895.2781
2008-11-14	12897.9899
2008-11-15	12900.7112
2008-11-16	12903.4231
2008-11-17	12904.9118
2008-11-18	12906.4004
2008-11-19	12907.8891
2008-11-20	12909.3778
2008-11-21	12910.8665
2008-11-22	12912.3551
2008-11-23	12913.8438
2008-11-24	12914.3843
2008-11-25	12914.9247
2008-11-26	12915.4747
2008-11-27	12916.0152
2008-11-28	12916.5556
2008-11-29	12917.0961
2008-11-30	12917.6366
2008-12-01	12918.8598
2008-12-02	12920.0735
2008-12-03	12921.2966
2008-12-04	12922.5198
2008-12-05	12923.7335
2008-12-06	12924.9567
2008-12-07	12926.1799
2008-12-08	12927.2608
2008-12-09	12928.3418
2008-12-10	12929.4227
2008-12-11	12930.5131
2008-12-12	12931.5941
2008-12-13	12932.675
2008-12-14	12933.7655
2008-12-15	12934.8464
2008-12-16	12935.9274
2008-12-17	12937.0178
2008-12-18	12938.0987
2008-12-19	12939.1797
2008-12-20	12940.2701
2008-12-21	12941.3511
2008-12-22	12941.4838
2008-12-23	12941.626
2008-12-24	12941.7588
2008-12-25	12941.8915
2008-12-26	12942.0243
2008-12-27	12942.1665
2008-12-28	12942.2992
2008-12-29	12942.432
2008-12-30	12942.5647
2008-12-31	12944.812
2009-01-01	12942.8397
2009-01-02	12942.9725
2009-01-03	12943.1052
2009-01-04	12943.2474
2009-01-05	12944.6034
2009-01-06	12945.9593
2009-01-07	12947.3057
2009-01-08	12948.6617
2009-01-09	12950.0176
2009-01-10	12951.3735
2009-01-11	12952.7294
2009-01-12	12954.3603
2009-01-13	12955.9818
2009-01-14	12957.6127
2009-01-15	12959.2341
2009-01-16	12960.865
2009-01-17	12962.4864
2009-01-18	12964.1173
2009-01-19	12965.4258
2009-01-20	12966.7249
2009-01-21	12968.0334
2009-01-22	12969.3419
2009-01-23	12977.9989
2009-01-24	12978.6532
2009-01-25	12979.3075
2009-01-26	12979.9617
2009-01-27	12980.616
2009-01-28	12981.2702
2009-01-29	12981.9245
2009-01-30	12982.5787
2009-01-31	12983.2425
2009-02-01	12983.8967
2009-02-02	12984.8165
2009-02-03	12985.7268
2009-02-04	12986.6465
2009-02-05	12987.5663
2009-02-06	12988.486
2009-02-07	12989.4058
2009-02-08	12990.3255
2009-02-09	12991.5487
2009-02-10	12992.7624
2009-02-11	12993.9856
2009-02-12	12995.1993
2009-02-13	12996.4224
2009-02-14	12997.6456
2009-02-15	12998.8593
2009-02-16	13000.348
2009-02-17	13001.8367
2009-02-18	13003.3348
2009-02-19	13004.8235
2009-02-20	13006.3122
2009-02-21	13007.8008
2009-02-22	13009.2895
2009-02-23	13009.2895
2009-02-24	13009.2895
2009-02-25	13009.2895
2009-02-26	13009.2895
2009-02-27	13009.2895
2009-02-28	13009.2895
2009-03-01	13009.2895
2009-03-02	13009.2895
2009-03-03	13009.2895
2009-03-04	13009.2895
2009-03-05	13009.2895
2009-03-06	13009.2895
2009-03-07	13009.2895
2009-03-08	13009.2895
2009-03-09	13009.2895
2009-03-10	13009.2895
2009-03-11	13009.2895
2009-03-12	13009.2895
2009-03-13	13009.2895
2009-03-14	13009.2895
2009-03-15	13009.2895
2009-03-16	13005.9803
2009-03-17	13008.1896
2009-03-18	13010.086
2009-03-19	13011.0342
2009-03-20	13012.9306
2009-03-21	13013.7271
2009-03-22	13014.5141
2009-03-23	13015.4623
2009-03-24	13016.7234
2009-03-25	13017.6716
2009-03-26	13017.6716
2009-03-27	13018.6198
2009-03-28	13019.4163
2009-03-29	13020.2033
2009-03-30	13021.1515
2009-03-31	13020.6679
2009-04-01	13022.4126
2009-04-02	13023.3608
2009-04-03	13021.4644
2009-04-04	13022.2609
2009-04-05	13023.0479
2009-04-06	13023.0479
2009-04-07	13026.1295
2009-04-08	13028.0259
2009-04-09	13028.9741
2009-04-10	13029.6947
2009-04-11	13030.4154
2009-04-12	13031.136
2009-04-13	13031.8566
2009-04-14	13032.5773
2009-04-15	13033.2979
2009-04-16	13034.0185
2009-04-17	13042.2489
2009-04-18	13042.9695
2009-04-19	13043.6902
2009-04-20	13044.6384
2009-04-21	13045.0935
2009-04-22	13046.0417
2009-04-23	13046.9899
2009-04-24	13048.8863
2009-04-25	13049.6069
2009-04-26	13050.3276
2009-04-27	13051.2758
2009-04-28	13053.6273
2009-04-29	13045.0935
2009-04-30	13044.1453
2009-05-01	13045.0935
2009-05-02	13045.8141
2009-05-03	13046.5348
2009-05-04	13047.483
2009-05-05	13046.9899
2009-05-06	13047.9381
2009-05-07	13048.8863
2009-05-08	13051.7309
2009-05-09	13052.4515
2009-05-10	13053.1722
2009-05-11	13056.0262
2009-05-12	13058.3683
2009-05-13	13058.3683
2009-05-14	13060.2647
2009-05-15	13061.2129
2009-05-16	13061.9335
2009-05-17	13062.6636
2009-05-18	13064.56
2009-05-19	13066.9021
2009-05-20	13068.7985
2009-05-21	13069.7467
2009-05-22	13070.6949
2009-05-23	13071.425
2009-05-24	13072.1456
2009-05-25	13073.0938
2009-05-26	13074.4877
2009-05-27	13078.2805
2009-05-28	13079.2287
2009-05-29	13082.0733
2009-05-30	13082.8034
2009-05-31	13083.524
2009-06-01	13084.4722
2009-06-02	13086.8143
2009-06-03	13086.8143
2009-06-04	13088.7106
2009-06-05	13088.7106
2009-06-06	13089.4408
2009-06-07	13090.1614
2009-06-08	13090.8915
2009-06-09	13093.7361
2009-06-10	13095.348
2009-06-11	13096.2962
2009-06-12	13097.2444
2009-06-13	13097.9746
2009-06-14	13098.6952
2009-06-15	13100.5916
2009-06-16	13102.9336
2009-06-17	13104.83
2009-06-18	13105.7782
2009-06-19	13107.6746
2009-06-20	13108.4047
2009-06-21	13109.1254
2009-06-22	13111.0218
2009-06-23	13112.4251
2009-06-24	13114.3215
2009-06-25	13115.2697
2009-06-26	13116.2179
2009-06-27	13116.9385
2009-06-28	13117.6686
2009-06-29	13119.565
2009-06-30	13122.1252
2009-07-01	13122.8553
2009-07-02	13123.8035
2009-07-03	13124.7517
2009-07-04	13125.4723
2009-07-05	13126.2024
2009-07-06	13126.2024
2009-07-07	13128.5445
2009-07-08	13129.4927
2009-07-09	13131.3891
2009-07-10	13132.3373
2009-07-11	13133.0579
2009-07-12	13133.788
2009-07-13	13133.788
2009-07-14	13136.1301
2009-07-15	13139.9229
2009-07-16	13140.8711
2009-07-17	13143.3079
2009-07-18	13144.6828
2009-07-19	13146.1241
2009-07-20	13145.7448
2009-07-21	13147.6128
2009-07-22	13148.6084
2009-07-23	13150.5427
2009-07-24	13151.7374
2009-07-25	13152.6856
2009-07-26	13153.5864
2009-07-27	13156.3457
2009-07-28	13157.2465
2009-07-29	13158.5929
2009-07-30	13159.7782
2009-07-31	13160.6031
2009-08-01	13161.6651
2009-08-02	13162.746
2009-08-03	13164.8131
2009-08-04	13165.932
2009-08-05	13167.1457
2009-08-06	13169.2033
2009-08-07	13170.3885
2009-08-08	13171.4695
2009-08-09	13172.5504
2009-08-10	13174.0486
2009-08-11	13175.651
2009-08-12	13178.1543
2009-08-13	13180.0412
2009-08-14	13179.7188
2009-08-15	13180.8377
2009-08-16	13181.9565
2009-08-17	13183.1323
2009-08-18	13185.0951
2009-08-19	13185.5407
2009-08-20	13188.4517
2009-08-21	13189.5326
2009-08-22	13190.6136
2009-08-23	13191.6945
2009-08-24	13192.766
2009-08-25	13192.747
2009-08-26	13193.8375
2009-08-27	13195.1555
2009-08-28	13196.3123
2009-08-29	13197.0898
2009-08-30	13197.8389
2009-08-31	13198.4742
2009-09-01	13201.5748
2009-09-02	13202.3807
2009-09-03	13205.6994
2009-09-04	13204.1444
2009-09-05	13205.0452
2009-09-06	13205.9649
2009-09-07	13207.4062
2009-09-08	13211.0283
2009-09-09	13210.905
2009-09-10	13211.1516
2009-09-11	13213.6833
2009-09-12	13214.5841
2009-09-13	13215.4848
2009-09-14	13215.7219
2009-09-15	13217.0968
2009-09-16	13219.8655
2009-09-17	13220.6336
2009-09-18	13221.999
2009-09-19	13223.023
2009-09-20	13224.0566
2009-09-21	13228.058
2009-09-22	13228.2381
2009-09-23	13231.0353
2009-09-24	13231.9835
2009-09-25	13232.7326
2009-09-26	13233.8135
2009-09-27	13234.904
2009-09-28	13234.7238
2009-09-29	13235.691
2009-09-30	13238.7536
2009-10-01	13242.8878
2009-10-02	13242.6792
2009-10-03	13243.5136
2009-10-04	13244.3196
2009-10-05	13245.1919
2009-10-06	13245.7893
2009-10-07	13245.5048
2009-10-08	13247.4486
2009-10-09	13247.24
2009-10-10	13247.8279
2009-10-11	13248.3874
2009-10-12	13251.0802
2009-10-13	13253.4413
2009-10-14	13252.3698
2009-10-15	13254.4274
2009-10-16	13254.7782
2009-10-17	13255.6411
2009-10-18	13256.5419
2009-10-19	13259.3296
2009-10-20	13260.8277
2009-10-21	13258.6279
2009-10-22	13259.7183
2009-10-23	13260.8941
2009-10-24	13261.5768
2009-10-25	13262.2311
2009-10-26	13265.7868
2009-10-27	13267.503
2009-10-28	13267.9582
2009-10-29	13269.2098
2009-10-30	13269.4753
2009-10-31	13270.414
2009-11-01	13271.3907
2009-11-02	13273.6379
2009-11-03	13274.5387
2009-11-04	13276.0937
2009-11-05	13276.985
2009-11-06	13277.7626
2009-11-07	13278.7108
2009-11-08	13279.6684
2009-11-09	13281.9915
2009-11-10	13283.7362
2009-11-11	13284.0965
2009-11-12	13285.1111
2009-11-13	13286.6282
2009-11-14	13287.6902
2009-11-15	13288.7617
2009-11-16	13289.89
2009-11-17	13292.8389
2009-11-18	13293.3035
2009-11-19	13294.0147
2009-11-20	13295.949
2009-11-21	13296.992
2009-11-22	13298.0445
2009-11-23	13300.14
2009-11-24	13301.5149
2009-11-25	13301.6192
2009-11-26	13301.6761
2009-11-27	13303.9139
2009-11-28	13304.8336
2009-11-29	13305.7344
2009-11-30	13306.5499
2009-12-01	13306.7964
2009-12-02	13309.0152
2009-12-03	13310.0677
2009-12-04	13310.8831
2009-12-05	13311.6796
2009-12-06	13312.4666
2009-12-07	13314.9604
2009-12-08	13316.6577
2009-12-09	13317.4352
2009-12-10	13317.1033
2009-12-11	13320.0048
2009-12-12	13321.0289
2009-12-13	13322.0814
2009-12-14	13324.101
2009-12-15	13324.8311
2009-12-16	13328.5386
2009-12-17	13330.3686
2009-12-18	13330.3117
2009-12-19	13331.4875
2009-12-20	13332.6917
2009-12-21	13337.2431
2009-12-22	13338.5137
2009-12-23	13339.4239
2009-12-24	13341.8229
2009-12-25	13343.1124
2009-12-26	13344.5821
2009-12-27	13346.0803
2009-12-28	13347.6164
2009-12-29	13347.6259
2009-12-30	13349.93
2009-12-31	13351.5893
2010-01-01	13352.6987
2010-01-02	13353.7891
2010-01-03	13354.8322
2010-01-04	13359.5826
2010-01-05	13361.1851
2010-01-06	13361.1187
2010-01-07	13363.0056
2010-01-08	13363.7168
2010-01-09	13364.9589
2010-01-10	13366.22
2010-01-11	13367.026
2010-01-12	13367.7751
2010-01-13	13369.0836
2010-01-14	13371.5394
2010-01-15	13371.8808
2010-01-16	13372.7911
2010-01-17	13373.6729
2010-01-18	13377.3803
2010-01-19	13378.9923
2010-01-20	13379.95
2010-01-21	13379.2388
2010-01-22	13379.9879
2010-01-23	13381.0214
2010-01-24	13382.0739
2010-01-25	13385.6391
2010-01-26	13387.2416
2010-01-27	13389.0906
2010-01-28	13390.2474
2010-01-29	13390.8068
2010-01-30	13392.049
2010-01-31	13393.3101
2010-02-01	13396.8469
2010-02-02	13398.9993
2010-02-03	13403.6265
2010-02-04	13402.9438
2010-02-05	13404.1195
2010-02-06	13405.6272
2010-02-07	13407.1633
2010-02-08	13406.5469
2010-02-09	13409.6381
2010-02-10	13410.1406
2010-02-11	13411.6957
2010-02-12	13411.506
2010-02-13	13412.3499
2010-02-14	13413.1274
2010-02-15	13415.716
2010-02-16	13419.2528
2010-02-17	13419.0063
2010-02-18	13421.6233
2010-02-19	13421.0259
2010-02-20	13422.1543
2010-02-21	13423.3206
2010-02-22	13425.6531
2010-02-23	13426.6582
2010-02-24	13427.4263
2010-02-25	13425.8523
2010-02-26	13427.066
2010-02-27	13427.7107
2010-02-28	13428.3081
2010-03-01	13430.5364
2010-03-02	13432.6224
2010-03-03	13433.3146
2010-03-04	13435.7799
2010-03-05	13436.2919
2010-03-06	13437.3918
2010-03-07	13438.5486
2010-03-08	13440.0089
2010-03-09	13440.7959
2010-03-10	13440.5968
2010-03-11	13440.7011
2010-03-12	13441.1941
2010-03-13	13441.7156
2010-03-14	13442.1708
2010-03-15	13445.7455
2010-03-16	13449.7943
2010-03-17	13452.8001
2010-03-18	13453.6629
2010-03-19	13454.156
2010-03-20	13455.5309
2010-03-21	13457.0101
2010-03-22	13459.9495
2010-03-23	13461.7985
2010-03-24	13462.6708
2010-03-25	13464.6905
2010-03-26	13465.5534
2010-03-27	13466.8619
2010-03-28	13468.1609
2010-03-29	13469.5073
2010-03-30	13470.6167
2010-03-31	13472.0106
2010-04-01	13475.1871
2010-04-02	13476.5335
2010-04-03	13477.6239
2010-04-04	13478.6859
2010-04-05	13480.5254
2010-04-06	13481.9382
2010-04-07	13482.8011
2010-04-08	13484.6216
2010-04-09	13486.1008
2010-04-10	13487.2007
2010-04-11	13488.2912
2010-04-12	13490.4056
2010-04-13	13491.9038
2010-04-14	13491.8374
2010-04-15	13492.6718
2010-04-16	13496.1897
2010-04-17	13497.4128
2010-04-18	13498.6455
2010-04-19	13499.3946
2010-04-20	13501.4901
2010-04-21	13501.3384
2010-04-22	13502.9029
2010-04-23	13503.2822
2010-04-24	13504.183
2010-04-25	13505.0364
2010-04-26	13507.3594
2010-04-27	13509.9575
2010-04-28	13510.8299
2010-04-29	13511.7686
2010-04-30	13511.9013
2010-05-01	13512.859
2010-05-02	13513.8356
2010-05-03	13516.5096
2010-05-04	13517.7233
2010-05-05	13518.2827
2010-05-06	13518.8327
2010-05-07	13519.6766
2010-05-08	13520.5489
2010-05-09	13521.4023
2010-05-10	13525.3468
2010-05-11	13527.0915
2010-05-12	13526.7691
2010-05-13	13528.2672
2010-05-14	13531.2351
2010-05-15	13532.5721
2010-05-16	13533.9754
2010-05-17	13535.4356
2010-05-18	13536.9053
2010-05-19	13538.1664
2010-05-20	13540.5843
2010-05-21	13543.0402
2010-05-22	13544.3108
2010-05-23	13545.5624
2010-05-24	13546.814
2010-05-25	13547.5157
2010-05-26	13549.0612
2010-05-27	13550.4361
2010-05-28	13551.6024
2010-05-29	13552.5316
2010-05-30	13553.4324
2010-05-31	13557.1114
2010-06-01	13559.4251
2010-06-02	13560.3922
2010-06-03	13561.843
2010-06-04	13563.2842
2010-06-05	13564.6591
2010-06-06	13566.0909
2010-06-07	13567.2572
2010-06-08	13568.7553
2010-06-09	13570.0354
2010-06-10	13571.2491
2010-06-11	13572.6429
2010-06-12	13573.7334
2010-06-13	13574.7954
2010-06-14	13577.0426
2010-06-15	13580.0199
2010-06-16	13580.7785
2010-06-17	13581.7267
2010-06-18	13582.9499
2010-06-19	13584.1256
2010-06-20	13585.3109
2010-06-21	13588.3167
2010-06-22	13590.6018
2010-06-23	13590.6303
2010-06-24	13593.8067
2010-06-25	13594.8592
2010-06-26	13596.2247
2010-06-27	13597.5995
2010-06-28	13598.6805
2010-06-29	13600.7855
2010-06-30	13607.603
2010-07-01	13609.1202
2010-07-02	13608.6176
2010-07-03	13609.8692
2010-07-04	13611.1019
2010-07-05	13614.1077
2010-07-06	13616.1842
2010-07-07	13616.3454
2010-07-08	13618.4694
2010-07-09	13618.4315
2010-07-10	13619.5124
2010-07-11	13620.5649
2010-07-12	13624.6611
2010-07-13	13625.1921
2010-07-14	13627.079
2010-07-15	13628.7668
2010-07-16	13630.7391
2010-07-17	13632.1424
2010-07-18	13633.5837
2010-07-19	13635.0344
2010-07-20	13636.6464
2010-07-21	13638.3057
2010-07-22	13640.0409
2010-07-23	13641.7003
2010-07-24	13642.8855
2010-07-25	13644.0423
2010-07-26	13646.1853
2010-07-27	13647.1524
2010-07-28	13647.6455
2010-07-29	13653.7424
2010-07-30	13654.501
2010-07-31	13656.0276
2010-08-01	13657.5921
2010-08-02	13658.436
2010-08-03	13661.0056
2010-08-04	13662.1245
2010-08-05	13663.177
2010-08-06	13664.9027
2010-08-07	13666.1069
2010-08-08	13667.2827
2010-08-09	13669.767
2010-08-10	13671.6918
2010-08-11	13672.896
2010-08-12	13673.2848
2010-08-13	13675.5889
2010-08-14	13676.7457
2010-08-15	13677.893
2010-08-16	13679.3438
2010-08-17	13681.2876
2010-08-18	13683.0607
2010-08-19	13684.1796
2010-08-20	13685.9812
2010-08-21	13687.1854
2010-08-22	13688.3991
2010-08-23	13694.3158
2010-08-24	13695.4347
2010-08-25	13697.5682
2010-08-26	13699.0284
2010-08-27	13696.7906
2010-08-28	13698.0328
2010-08-29	13699.2654
2010-08-30	13701.0196
2010-08-31	13706.8131
2010-09-01	13708.2638
2010-09-02	13707.3441
2010-09-03	13708.7759
2010-09-04	13710.1413
2010-09-05	13711.5256
2010-09-06	13714.3323
2010-09-07	13715.3658
2010-09-08	13716.2856
2010-09-09	13717.7269
2010-09-10	13721.8326
2010-09-11	13723.3686
2010-09-12	13724.9237
2010-09-13	13726.3744
2010-09-14	13728.8303
2010-09-15	13729.0009
2010-09-16	13732.3291
2010-09-17	13732.3765
2010-09-18	13733.5997
2010-09-19	13734.7944
2010-09-20	13737.4778
2010-09-21	13738.6726
2010-09-22	13739.526
2010-09-23	13740.6164
2010-09-24	13741.9059
2010-09-25	13742.949
2010-09-26	13743.973
2010-09-27	13746.4668
2010-09-28	13749.0838
2010-09-29	13748.9511
2010-09-30	13753.6257
2010-10-01	13757.2288
2010-10-02	13758.5753
2010-10-03	13759.9596
2010-10-04	13759.8933
2010-10-05	13761.2397
2010-10-06	13764.4636
2010-10-07	13764.3972
2010-10-08	13765.2127
2010-10-09	13766.1609
2010-10-10	13767.0711
2010-10-11	13770.4847
2010-10-12	13772.5707
2010-10-13	13773.5758
2010-10-14	13776.2781
2010-10-15	13777.672
2010-10-16	13779.0753
2010-10-17	13780.5261
2010-10-18	13784.2335
2010-10-19	13785.4378
2010-10-20	13784.4232
2010-10-21	13787.391
2010-10-22	13788.984
2010-10-23	13790.2925
2010-10-24	13791.5916
2010-10-25	13793.9526
2010-10-26	13795.5076
2010-10-27	13797.6885
2010-10-28	13800.4098
2010-10-29	13800.6469
2010-10-30	13801.9554
2010-10-31	13803.2639
2010-11-01	13806.3645
2010-11-02	13807.7963
2010-11-03	13806.4404
2010-11-04	13810.2521
2010-11-05	13810.7073
2010-11-06	13811.902
2010-11-07	13813.0777
2010-11-08	13815.9223
2010-11-09	13817.8282
2010-11-10	13819.3833
2010-11-11	13821.5452
2010-11-12	13822.3227
2010-11-13	13823.6407
2010-11-14	13824.9776
2010-11-15	13827.8128
2010-11-16	13830.6099
2010-11-17	13831.8711
2010-11-18	13833.9381
2010-11-19	13834.8674
2010-11-20	13836.2802
2010-11-21	13837.693
2010-11-22	13839.9118
2010-11-23	13842.1306
2010-11-24	13843.458
2010-11-25	13844.9372
2010-11-26	13847.4405
2010-11-27	13848.9386
2010-11-28	13850.4463
2010-11-29	13850.9678
2010-11-30	13854.1537
2010-12-01	13855.3105
2010-12-02	13856.619
2010-12-03	13858.5534
2010-12-04	13859.824
2010-12-05	13861.0661
2010-12-06	13862.6211
2010-12-07	13864.4038
2010-12-08	13866.8975
2010-12-09	13867.4001
2010-12-10	13869.5525
2010-12-11	13870.8041
2010-12-12	13872.0557
2010-12-13	13875.3175
2010-12-14	13875.7632
2010-12-15	13877.3941
2010-12-16	13880.2482
2010-12-17	13881.7084
2010-12-18	13883.1781
2010-12-19	13884.6763
2010-12-20	13886.5252
2010-12-21	13887.9381
2010-12-22	13890.6025
2010-12-23	13891.399
2010-12-24	13893.1532
2010-12-25	13894.4617
2010-12-26	13895.7417
2010-12-27	13897.6286
2010-12-28	13899.3923
2010-12-29	13900.5396
2010-12-30	13903.8488
2010-12-31	13905.3375
2011-01-01	13906.8167
2011-01-02	13908.3054
2011-01-03	13909.9932
2011-01-04	13912.1171
2011-01-05	13913.8523
2011-01-06	13915.9858
2011-01-07	13916.4788
2011-01-08	13917.7494
2011-01-09	13918.9916
2011-01-10	13922.3008
2011-01-11	13924.7661
2011-01-12	13926.7668
2011-01-13	13927.7814
2011-01-14	13929.1468
2011-01-15	13930.5691
2011-01-16	13932.0009
2011-01-17	13934.7127
2011-01-18	13937.1591
2011-01-19	13938.9986
2011-01-20	13940.5062
2011-01-21	13942.0423
2011-01-22	13943.512
2011-01-23	13944.9817
2011-01-24	13946.9255
2011-01-25	13949.3719
2011-01-26	13950.9174
2011-01-27	13952.9276
2011-01-28	13954.549
2011-01-29	13956.0377
2011-01-30	13957.5264
2011-01-31	13959.4228
2011-02-01	13961.3287
2011-02-02	13962.7604
2011-02-03	13964.7137
2011-02-04	13966.667
2011-02-05	13968.0324
2011-02-06	13969.3694
2011-02-07	13971.5313
2011-02-08	13974.2336
2011-02-09	13975.9404
2011-02-10	13976.9929
2011-02-11	13979.1927
2011-02-12	13980.5866
2011-02-13	13981.9994
2011-02-14	13983.7915
2011-02-15	13985.7922
2011-02-16	13988.6937
2011-02-17	13989.31
2011-02-18	13992.2115
2011-02-19	13993.7381
2011-02-20	13995.2742
2011-02-21	13996.2982
2011-02-22	13997.8059
2011-02-23	13999.7781
2011-02-24	14000.6505
2011-02-25	14002.5943
2011-02-26	14003.789
2011-02-27	14004.9553
2011-02-28	14008.2455
2011-03-01	14009.5161
2011-03-02	14012.2564
2011-03-03	14013.1857
2011-03-04	14015.6605
2011-03-05	14017.1017
2011-03-06	14018.5714
2011-03-07	14020.9798
2011-03-08	14022.0513
2011-03-09	14024.2891
2011-03-10	14025.3226
2011-03-11	14027.1337
2011-03-12	14028.4327
2011-03-13	14029.7222
2011-03-14	14032.1496
2011-03-15	14034.4538
2011-03-16	14037.8104
2011-03-17	14037.9052
2011-03-18	14039.3844
2011-03-19	14040.8446
2011-03-20	14042.3143
2011-03-21	14044.7417
2011-03-22	14046.0976
2011-03-23	14048.0889
2011-03-24	14050.137
2011-03-25	14050.7723
2011-03-26	14052.0713
2011-03-27	14053.3419
2011-03-28	14056.6511
2011-03-29	14058.9173
2011-03-30	14059.4578
2011-03-31	14061.7903
2011-04-01	14064.7108
2011-04-02	14066.19
2011-04-03	14067.6976
2011-04-04	14068.039
2011-04-05	14070.8172
2011-04-06	14071.7275
2011-04-07	14074.3729
2011-04-08	14076.3167
2011-04-09	14077.6063
2011-04-10	14078.8864
2011-04-11	14081.6172
2011-04-12	14083.1248
2011-04-13	14084.623
2011-04-14	14086.8607
2011-04-15	14088.6813
2011-04-16	14090.151
2011-04-17	14091.6491
2011-04-18	14093.3274
2011-04-19	14095.4609
2011-04-20	14096.7125
2011-04-21	14096.9495
2011-04-22	14098.5141
2011-04-23	14099.5476
2011-04-24	14100.5337
2011-04-25	14103.2171
2011-04-26	14104.9523
2011-04-27	14107.4082
2011-04-28	14109.5511
2011-04-29	14111.5613
2011-04-30	14113.0594
2011-05-01	14114.6145
2011-05-02	14115.8092
2011-05-03	14118.303
2011-05-04	14120.4364
2011-05-05	14121.176
2011-05-06	14122.8733
2011-05-07	14124.1534
2011-05-08	14125.4145
2011-05-09	14126.6756
2011-05-10	14130.1175
2011-05-11	14131.7864
2011-05-12	14132.2605
2011-05-13	14135.6455
2011-05-14	14137.0773
2011-05-15	14138.5281
2011-05-16	14140.159
2011-05-17	14142.2166
2011-05-18	14143.9138
2011-05-19	14144.625
2011-05-20	14146.967
2011-05-21	14148.2471
2011-05-22	14149.5177
2011-05-23	14151.0159
2011-05-24	14153.7277
2011-05-25	14155.1026
2011-05-26	14156.2499
2011-05-27	14158.1084
2011-05-28	14159.3695
2011-05-29	14160.6306
2011-05-30	14163.2381
2011-05-31	14165.2483
2011-06-01	14168.0265
2011-06-02	14168.4153
2011-06-03	14171.4306
2011-06-04	14172.9951
2011-06-05	14174.5786
2011-06-06	14175.5173
2011-06-07	14177.3853
2011-06-08	14180.3911
2011-06-09	14180.9031
2011-06-10	14182.8848
2011-06-11	14184.1839
2011-06-12	14185.4544
2011-06-13	14187.6543
2011-06-14	14189.8636
2011-06-15	14191.191
2011-06-16	14193.6279
2011-06-17	14194.9933
2011-06-18	14196.3492
2011-06-19	14197.7052
2011-06-20	14200.1989
2011-06-21	14200.0757
2011-06-22	14202.797
2011-06-23	14204.2477
2011-06-24	14205.6416
2011-06-25	14206.9596
2011-06-26	14208.2776
2011-06-27	14211.5868
2011-06-28	14212.6393
2011-06-29	14214.09
2011-06-30	14215.3986
2011-07-01	14217.6363
2011-07-02	14219.0396
2011-07-03	14220.4525
2011-07-04	14222.7661
2011-07-05	14224.4444
2011-07-06	14226.7675
2011-07-07	14229.1569
2011-07-08	14230.6835
2011-07-09	14232.1817
2011-07-10	14233.6893
2011-07-11	14236.1167
2011-07-12	14237.6243
2011-07-13	14240.431
2011-07-14	14240.9715
2011-07-15	14240.0423
2011-07-16	14241.2275
2011-07-17	14242.3843
2011-07-18	14247.9882
2011-07-19	14248.1778
2011-07-20	14249.6096
2011-07-21	14251.9232
2011-07-22	14252.4826
2011-07-23	14253.8954
2011-07-24	14255.3272
2011-07-25	14259.2243
2011-07-26	14260.4949
2011-07-27	14262.5525
2011-07-28	14264.136
2011-07-29	14266.9047
2011-07-30	14268.5641
2011-07-31	14270.2519
2011-08-01	14272.3948
2011-08-02	14275.3532
2011-08-03	14276.0454
2011-08-04	14275.8462
2011-08-05	14280.4071
2011-08-06	14282.0001
2011-08-07	14283.5835
2011-08-08	14280.1037
2011-08-09	14283.9249
2011-08-10	14284.5792
2011-08-11	14288.5521
2011-08-12	14288.9029
2011-08-13	14289.8227
2011-08-14	14290.6666
2011-08-15	14293.5302
2011-08-16	14298.2617
2011-08-17	14297.0669
2011-08-18	14301.8743
2011-08-19	14302.4717
2011-08-20	14304.0552
2011-08-21	14305.7145
2011-08-22	14306.6153
2011-08-23	14309.4315
2011-08-24	14309.0142
2011-08-25	14312.6838
2011-08-26	14312.8165
2011-08-27	14314.0966
2011-08-28	14315.3387
2011-08-29	14318.6954
2011-08-30	14321.4167
2011-08-31	14322.2511
2011-09-01	14324.7638
2011-09-02	14326.0154
2011-09-03	14327.4662
2011-09-04	14328.9359
2011-09-05	14331.2685
2011-09-06	14332.6054
2011-09-07	14334.1415
2011-09-08	14337.2421
2011-09-09	14337.0904
2011-09-10	14338.342
2011-09-11	14339.5747
2011-09-12	14343.5951
2011-09-13	14346.0509
2011-09-14	14346.7241
2011-09-15	14349.7299
2011-09-16	14350.8867
2011-09-17	14352.5176
2011-09-18	14354.1864
2011-09-19	14355.988
2011-09-20	14358.4913
2011-09-21	14359.7524
2011-09-22	14361.0419
2011-09-23	14362.9762
2011-09-24	14364.2942
2011-09-25	14365.5838
2011-09-26	14368.9783
2011-09-27	14369.149
2011-09-28	14371.2351
2011-09-29	14373.5392
2011-09-30	14375.6442
2011-10-01	14376.9811
2011-10-02	14378.3181
2011-10-03	14381.9118
2011-10-04	14385.4391
2011-10-05	14385.2589
2011-10-06	14387.4587
2011-10-07	14389.1181
2011-10-08	14390.6162
2011-10-09	14392.1428
2011-10-10	14394.1151
2011-10-11	14394.4754
2011-10-12	14396.789
2011-10-13	14398.3156
2011-10-14	14399.7758
2011-10-15	14401.0654
2011-10-16	14402.336
2011-10-17	14405.1901
2011-10-18	14407.2856
2011-10-19	14408.9544
2011-10-20	14410.8698
2011-10-21	14410.5853
2011-10-22	14411.8559
2011-10-23	14413.117
2011-10-24	14416.2271
2011-10-25	14417.6873
2011-10-26	14419.8113
2011-10-27	14422.5231
2011-10-28	14423.0921
2011-10-29	14424.5428
2011-10-30	14426.022
2011-10-31	14429.1321
2011-11-01	14431.4457
2011-11-02	14433.5507
2011-11-03	14433.7308
2011-11-04	14434.698
2011-11-05	14436.0065
2011-11-06	14437.3056
2011-11-07	14440.9466
2011-11-08	14442.5586
2011-11-09	14443.2697
2011-11-10	14446.3703
2011-11-11	14446.3419
2011-11-12	14447.6314
2011-11-13	14448.9305
2011-11-14	14452.3345
2011-11-15	14455.1507
2011-11-16	14458.0332
2011-11-17	14457.9099
2011-11-18	14459.5408
2011-11-19	14461.0959
2011-11-20	14462.6888
2011-11-21	14464.718
2011-11-22	14466.1498
2011-11-23	14466.3584
2011-11-24	14468.3211
2011-11-25	14470.1038
2011-11-26	14471.4028
2011-11-27	14472.6829
2011-11-28	14475.6697
2011-11-29	14476.8265
2011-11-30	14478.4858
2011-12-01	14482.7053
2011-12-02	14482.1459
2011-12-03	14483.4828
2011-12-04	14484.8293
2011-12-05	14487.3136
2011-12-06	14489.8927
2011-12-07	14492.358
2011-12-08	14494.1027
2011-12-09	14494.7475
2011-12-10	14496.1508
2011-12-11	14497.5636
2011-12-12	14499.4126
2011-12-13	14502.6649
2011-12-14	14503.5183
2011-12-15	14504.7794
2011-12-16	14508.3351
2011-12-17	14509.9281
2011-12-18	14511.559
2011-12-19	14511.7392
2011-12-20	14514.3467
2011-12-21	14514.5364
2011-12-22	14516.281
2011-12-23	14517.7792
2011-12-24	14518.8412
2011-12-25	14519.8463
2011-12-26	14522.3306
2011-12-27	14524.0278
2011-12-28	14525.7441
2011-12-29	14527.8775
2011-12-30	14530.6368
2011-12-31	14532.097
2012-01-01	14533.5667
2012-01-02	14535.1312
2012-01-03	14537.2837
2012-01-04	14538.0612
2012-01-05	14540.1472
2012-01-06	14541.0575
2012-01-07	14542.347
2012-01-08	14543.6081
2012-01-09	14545.8269
2012-01-10	14547.7707
2012-01-11	14548.8138
2012-01-12	14550.53
2012-01-13	14552.5971
2012-01-14	14553.9056
2012-01-15	14555.2046
2012-01-16	14559.5568
2012-01-17	14560.1921
2012-01-18	14560.7326
2012-01-19	14563.4729
2012-01-20	14564.6487
2012-01-21	14565.9762
2012-01-22	14567.2942
2012-01-23	14568.9819
2012-01-24	14569.6078
2012-01-25	14569.8543
2012-01-26	14571.3145
2012-01-27	14573.8462
2012-01-28	14575.1452
2012-01-29	14576.4443
2012-01-30	14578.1984
2012-01-31	14581.1758
2012-02-01	14582.1998
2012-02-02	14584.9022
2012-02-03	14585.9357
2012-02-04	14587.2537
2012-02-05	14588.5717
2012-02-06	14590.563
2012-02-07	14593.4076
2012-02-08	14592.1654
2012-02-09	14595.5979
2012-02-10	14598.1391
2012-02-11	14599.5803
2012-02-12	14601.0406
2012-02-13	14602.131
2012-02-14	14604.8333
2012-02-15	14605.6772
2012-02-16	14607.5547
2012-02-17	14609.4037
2012-02-18	14610.6743
2012-02-19	14611.9259
2012-02-20	14613.2723
2012-02-21	14616.2876
2012-02-22	14617.8142
2012-02-23	14618.3167
2012-02-24	14620.6303
2012-02-25	14621.9009
2012-02-26	14623.162
2012-02-27	14625.3524
2012-02-28	14626.5376
2012-02-29	14628.0453
2012-03-01	14630.1313
2012-03-02	14630.7476
2012-03-03	14631.9992
2012-03-04	14633.2414
2012-03-05	14636.1998
2012-03-06	14637.6884
2012-03-07	14638.5134
2012-03-08	14641.4338
2012-03-09	14641.7752
2012-03-10	14643.0173
2012-03-11	14644.2595
2012-03-12	14646.5825
2012-03-13	14649.778
2012-03-14	14650.0909
2012-03-15	14653.0398
2012-03-16	14654.7276
2012-03-17	14656.1878
2012-03-18	14657.6765
2012-03-19	14659.7436
2012-03-20	14661.7253
2012-03-21	14662.5218
2012-03-22	14665.3759
2012-03-23	14666.0111
2012-03-24	14667.2628
2012-03-25	14668.4859
2012-03-26	14671.5581
2012-03-27	14673.8528
2012-03-28	14674.9811
2012-03-29	14677.5412
2012-03-30	14677.8921
2012-03-31	14680.9642
2012-04-01	14682.3107
2012-04-02	14685.1458
2012-04-03	14686.5491
2012-04-04	14687.649
2012-04-05	14690.2376
2012-04-06	14691.6789
2012-04-07	14693.0633
2012-04-08	14694.4571
2012-04-09	14696.0311
2012-04-10	14697.8043
2012-04-11	14699.3498
2012-04-12	14701.4453
2012-04-13	14701.4738
2012-04-14	14702.7254
2012-04-15	14703.9581
2012-04-16	14707.8267
2012-04-17	14709.6283
2012-04-18	14710.9178
2012-04-19	14711.2308
2012-04-20	14712.6531
2012-04-21	14713.8383
2012-04-22	14715.0046
2012-04-23	14718.0104
2012-04-24	14719.3758
2012-04-25	14720.7886
2012-04-26	14722.4574
2012-04-27	14723.7849
2012-04-28	14725.065
2012-04-29	14726.345
2012-04-30	14729.2939
2012-05-01	14731.1524
2012-05-02	14734.7651
2012-05-03	14734.253
2012-05-04	14735.8081
2012-05-05	14737.1355
2012-05-06	14738.4725
2012-05-07	14741.6964
2012-05-08	14742.4549
2012-05-09	14744.285
2012-05-10	14744.7875
2012-05-11	14745.5935
2012-05-12	14746.6934
2012-05-13	14747.7743
2012-05-14	14751.7283
2012-05-15	14752.4205
2012-05-16	14754.4117
2012-05-17	14755.7013
2012-05-18	14758.9915
2012-05-19	14760.6698
2012-05-20	14762.424
2012-05-21	14763.0214
2012-05-22	14763.7515
2012-05-23	14764.7755
2012-05-24	14766.8711
2012-05-25	14766.7857
2012-05-26	14767.6201
2012-05-27	14768.3503
2012-05-28	14772.9301
2012-05-29	14774.0869
2012-05-30	14776.0307
2012-05-31	14777.9934
2012-06-01	14780.2407
2012-06-02	14781.7673
2012-06-03	14783.3602
2012-06-04	14784.3464
2012-06-05	14784.6403
2012-06-06	14785.0386
2012-06-07	14787.2858
2012-06-08	14789.7132
2012-06-09	14790.7752
2012-06-10	14791.7897
2012-06-11	14793.3637
2012-06-12	14795.3076
2012-06-13	14795.5162
2012-06-14	14797.7444
2012-06-15	14798.1901
2012-06-16	14799.29
2012-06-17	14800.3994
2012-06-18	14804.3344
2012-06-19	14805.5291
2012-06-20	14805.9748
2012-06-21	14807.9755
2012-06-22	14810.5736
2012-06-23	14811.9674
2012-06-24	14813.3897
2012-06-25	14813.5225
2012-06-26	14816.7084
2012-06-27	14817.5523
2012-06-28	14818.8134
2012-06-29	14821.1175
2012-06-30	14822.2459
2012-07-01	14823.4311
2012-07-02	14824.2561
2012-07-03	14826.3137
2012-07-04	14826.911
2012-07-05	14829.016
2012-07-06	14828.76
2012-07-07	14829.6892
2012-07-08	14830.59
2012-07-09	14833.8044
2012-07-10	14834.6294
2012-07-11	14836.8576
2012-07-12	14837.2843
2012-07-13	14839.8919
2012-07-14	14841.1625
2012-07-15	14842.4805
2012-07-16	14843.1916
2012-07-17	14845.0216
2012-07-18	14846.9559
2012-07-19	14848.1412
2012-07-20	14849.9902
2012-07-21	14851.2134
2012-07-22	14852.4365
2012-07-23	14853.6787
2012-07-24	14855.5182
2012-07-25	14856.6465
2012-07-26	14857.1206
2012-07-27	14859.311
2012-07-28	14860.3161
2012-07-29	14861.2927
2012-07-30	14862.7909
2012-07-31	14865.2183
2012-08-01	14866.6121
2012-08-02	14866.3371
2012-08-03	14868.1292
2012-08-04	14869.2766
2012-08-05	14870.4334
2012-08-06	14872.3772
2012-08-07	14873.3538
2012-08-08	14874.5201
2012-08-09	14876.7389
2012-08-10	14878.3413
2012-08-11	14879.4318
2012-08-12	14880.5032
2012-08-13	14881.8497
2012-08-14	14883.1677
2012-08-15	14885.8985
2012-08-16	14887.188
2012-08-17	14888.0983
2012-08-18	14889.2456
2012-08-19	14890.3929
2012-08-20	14893.6453
2012-08-21	14894.4892
2012-08-22	14895.608
2012-08-23	14897.22
2012-08-24	14898.5759
2012-08-25	14899.7706
2012-08-26	14900.9748
2012-08-27	14901.5912
2012-08-28	14903.241
2012-08-29	14903.8669
2012-08-30	14905.8675
2012-08-31	14906.958
2012-09-01	14907.9631
2012-09-02	14908.9492
2012-09-03	14912.3912
2012-09-04	14913.7281
2012-09-05	14914.5246
2012-09-06	14916.3641
2012-09-07	14916.7908
2012-09-08	14917.9192
2012-09-09	14919.057
2012-09-10	14921.7214
2012-09-11	14923.1911
2012-09-12	14923.8549
2012-09-13	14926.9839
2012-09-14	14926.3297
2012-09-15	14927.4391
2012-09-16	14928.5485
2012-09-17	14932.0663
2012-09-18	14932.5594
2012-09-19	14936.3711
2012-09-20	14936.8168
2012-09-21	14937.2814
2012-09-22	14938.533
2012-09-23	14939.8036
2012-09-24	14940.4958
2012-09-25	14942.6103
2012-09-26	14944.2412
2012-09-27	14944.9333
2012-09-28	14946.5074
2012-09-29	14947.5883
2012-09-30	14950.2527
2012-10-01	14952.5758
2012-10-02	14954.9274
2012-10-03	14957.6866
2012-10-04	14956.947
2012-10-05	14959.4313
2012-10-06	14960.7019
2012-10-07	14961.9914
2012-10-08	14962.8922
2012-10-09	14964.3335
2012-10-10	14965.8791
2012-10-11	14968.1642
2012-10-12	14968.0599
2012-10-13	14969.0935
2012-10-14	14970.0985
2012-10-15	14972.5354
2012-10-16	14974.2327
2012-10-17	14974.356
2012-10-18	14975.7688
2012-10-19	14977.9686
2012-10-20	14979.1254
2012-10-21	14980.3012
2012-10-22	14979.9693
2012-10-23	14981.164
2012-10-24	14982.5863
2012-10-25	14982.5674
2012-10-26	14984.6629
2012-10-27	14985.412
2012-10-28	14986.1231
2012-10-29	14989.4323
2012-10-30	14989.9064
2012-10-31	14992.1252
2012-11-01	14994.3914
2012-11-02	14993.9078
2012-11-03	14994.9034
2012-11-04	14995.9275
2012-11-05	14997.2455
2012-11-06	14998.0799
2012-11-07	14999.0945
2012-11-08	15002.5933
2012-11-09	15003.6269
2012-11-10	15004.7552
2012-11-11	15005.9025
2012-11-12	15007.505
2012-11-13	15007.9601
2012-11-14	15010.0462
2012-11-15	15011.1935
2012-11-16	15013.5355
2012-11-17	15014.7682
2012-11-18	15016.0293
2012-11-19	15016.3517
2012-11-20	15017.6792
2012-11-21	15018.3619
2012-11-22	15021.6237
2012-11-23	15021.4435
2012-11-24	15022.3064
2012-11-25	15023.1218
2012-11-26	15024.7433
2012-11-27	15026.0138
2012-11-28	15028.1662
2012-11-29	15029.3515
2012-11-30	15030.8686
2012-12-01	15031.959
2012-12-02	15033.0684
2012-12-03	15036.3871
2012-12-04	15036.0647
2012-12-05	15038.037
2012-12-06	15038.9093
2012-12-07	15040.1515
2012-12-08	15041.2229
2012-12-09	15042.3039
2012-12-10	15043.7072
2012-12-11	15045.158
2012-12-12	15046.3432
2012-12-13	15047.5
2012-12-14	15048.3819
2012-12-15	15049.3395
2012-12-16	15050.2782
2012-12-17	15053.0944
2012-12-18	15053.8719
2012-12-19	15054.8865
2012-12-20	15056.3372
2012-12-21	15057.1717
2012-12-22	15058.1862
2012-12-23	15059.2103
2012-12-24	15060.7369
2012-12-25	15061.8842
2012-12-26	15062.9557
2012-12-27	15064.1978
2012-12-28	15065.4968
2012-12-29	15066.4545
2012-12-30	15067.4027
2012-12-31	15070.3611
2013-01-01	15071.4041
2013-01-02	15074.5142
2013-01-03	15075.0452
2013-01-04	15075.8607
2013-01-05	15076.9226
2013-01-06	15077.9941
2013-01-07	15079.369
2013-01-08	15080.6775
2013-01-09	15082.6308
2013-01-10	15083.4368
2013-01-11	15084.9823
2013-01-12	15086.0633
2013-01-13	15087.1347
2013-01-14	15088.3105
2013-01-15	15089.7233
2013-01-16	15091.999
2013-01-17	15090.7663
2013-01-18	15092.4162
2013-01-19	15093.2791
2013-01-20	15094.1135
2013-01-21	15095.6875
2013-01-22	15097.1288
2013-01-23	15097.7356
2013-01-24	15098.9872
2013-01-25	15100.2863
2013-01-26	15101.2155
2013-01-27	15102.1542
2013-01-28	15103.3869
2013-01-29	15104.0696
2013-01-30	15106.1556
2013-01-31	15107.7012
2013-02-01	15109.0476
2013-02-02	15110.0812
2013-02-03	15111.1242
2013-02-04	15111.7595
2013-02-05	15113.2102
2013-02-06	15114.4049
2013-02-07	15115.6471
2013-02-08	15116.7091
2013-02-09	15117.6193
2013-02-10	15118.5012
2013-02-11	15120.3312
2013-02-12	15121.4785
2013-02-13	15122.9861
2013-02-14	15123.9154
2013-02-15	15125.5558
2013-02-16	15126.5988
2013-02-17	15127.6513
2013-02-18	15128.8839
2013-02-19	15129.9364
2013-02-20	15130.9795
2013-02-21	15132.7147
2013-02-22	15133.6155
2013-02-23	15134.5637
2013-02-24	15135.5024
2013-02-25	15136.8014
2013-02-26	15138.4513
2013-02-27	15139.4279
2013-02-28	15140.3382
2013-03-01	15142.0544
2013-03-02	15143.05
2013-03-03	15144.0456
2013-03-04	15144.8706
2013-03-05	15146.3687
2013-03-06	15147.2695
2013-03-07	15148.7582
2013-03-08	15149.7348
2013-03-09	15150.6356
2013-03-10	15151.5364
2013-03-11	15152.551
2013-03-12	15153.2337
2013-03-13	15155.6611
2013-03-14	15156.9127
2013-03-15	15157.0739
2013-03-16	15157.9462
2013-03-17	15158.8091
2013-03-18	15162.3933
2013-03-19	15162.6588
2013-03-20	15163.7966
2013-03-21	15165.3043
2013-03-22	15166.2714
2013-03-23	15167.3524
2013-03-24	15168.4523
2013-03-25	15169.8651
2013-03-26	15171.0788
2013-03-27	15171.1452
2013-03-28	15172.7381
2013-03-29	15173.8001
2013-03-30	15174.7104
2013-03-31	15176.5025
2013-04-01	15176.9956
2013-04-02	15178.7877
2013-04-03	15179.7264
2013-04-04	15181.1866
2013-04-05	15182.3624
2013-04-06	15183.3864
2013-04-07	15184.42
2013-04-08	15185.7474
2013-04-09	15187.2551
2013-04-10	15188.4024
2013-04-11	15189.9954
2013-04-12	15191.4461
2013-04-13	15192.5271
2013-04-14	15193.608
2013-04-15	15194.4993
2013-04-16	15195.8647
2013-04-17	15192.8684
2013-04-18	15194.376
2013-04-19	15195.5613
2013-04-20	15196.0544
2013-04-21	15196.481
2013-04-22	15199.1265
2013-04-23	15199.6575
2013-04-24	15200.8428
2013-04-25	15200.8333
2013-04-26	15203.1943
2013-04-27	15204.1046
2013-04-28	15205.0528
2013-04-29	15206.3613
2013-04-30	15207.8215
2013-05-01	15209.405
2013-05-02	15210.0403
2013-05-03	15211.5195
2013-05-04	15212.5151
2013-05-05	15213.5202
2013-05-06	15214.402
2013-05-07	15216.0139
2013-05-08	15219.1714
2013-05-09	15218.4129
2013-05-10	15219.38
2013-05-11	15220.3188
2013-05-12	15221.248
2013-05-13	15222.7082
2013-05-14	15224.159
2013-05-15	15225.5244
2013-05-16	15226.8044
2013-05-17	15227.6958
2013-05-18	15228.6914
2013-05-19	15229.687
2013-05-20	15231.1472
2013-05-21	15232.1523
2013-05-22	15233.2522
2013-05-23	15234.7788
2013-05-24	15236.0304
2013-05-25	15237.026
2013-05-26	15238.0122
2013-05-27	15238.4199
2013-05-28	15239.937
2013-05-29	15241.0464
2013-05-30	15242.6773
2013-05-31	15243.3695
2013-06-01	15244.2418
2013-06-02	15245.1142
2013-06-03	15247.295
2013-06-04	15247.8071
2013-06-05	15249.1061
2013-06-06	15251.0025
2013-06-07	15251.7042
2013-06-08	15252.6998
2013-06-09	15253.6954
2013-06-10	15254.6436
2013-06-11	15256.1702
2013-06-12	15257.3839
2013-06-13	15258.114
2013-06-14	15259.7259
2013-06-15	15260.6836
2013-06-16	15261.6318
2013-06-17	15263.2911
2013-06-18	15264.0781
2013-06-19	15265.7565
2013-06-20	15266.3254
2013-06-21	15267.5011
2013-06-22	15268.4209
2013-06-23	15269.3501
2013-06-24	15270.8578
2013-06-25	15272.0525
2013-06-26	15272.7542
2013-06-27	15275.7884
2013-06-28	15275.4376
2013-06-29	15276.4047
2013-06-30	15277.3814
2013-07-01	15278.9554
2013-07-02	15280.1122
2013-07-03	15280.7949
2013-07-04	15282.2741
2013-07-05	15283.374
2013-07-06	15284.2843
2013-07-07	15285.1945
2013-07-08	15286.1617
2013-07-09	15287.9443
2013-07-10	15288.9494
2013-07-11	15290.8837
2013-07-12	15292.2776
2013-07-13	15293.2922
2013-07-14	15294.3162
2013-07-15	15294.9989
2013-07-16	15296.6488
2013-07-17	15297.7487
2013-07-18	15299.2753
2013-07-19	15300.1097
2013-07-20	15301.0864
2013-07-21	15302.0725
2013-07-22	15303.4568
2013-07-23	15304.4619
2013-07-24	15305.7705
2013-07-25	15306.3299
2013-07-26	15307.4867
2013-07-27	15308.3685
2013-07-28	15309.2314
2013-07-29	15310.9476
2013-07-30	15311.8105
2013-07-31	15313.8301
2013-08-01	15314.8352
2013-08-02	15315.4042
2013-08-03	15316.3429
2013-08-04	15317.2911
2013-08-05	15318.4194
2013-08-06	15320.4106
2013-08-07	15321.0744
2013-08-08	15321.8709
2013-08-09	15323.2742
2013-08-10	15324.2129
2013-08-11	15325.1516
2013-08-12	15325.8912
2013-08-13	15327.342
2013-08-14	15328.2048
2013-08-15	15329.8168
2013-08-16	15331.0115
2013-08-17	15331.9313
2013-08-18	15332.851
2013-08-19	15333.8846
2013-08-20	15335.1172
2013-08-21	15336.1792
2013-08-22	15337.1558
2013-08-23	15338.379
2013-08-24	15339.2514
2013-08-25	15340.1332
2013-08-26	15341.2426
2013-08-27	15342.6649
2013-08-28	15343.7174
2013-08-29	15344.8173
2013-08-30	15345.9077
2013-08-31	15346.8085
2013-09-01	15347.7093
2013-09-02	15349.16
2013-09-03	15349.8238
2013-09-04	15350.9806
2013-09-05	15352.052
2013-09-06	15353.5502
2013-09-07	15354.451
2013-09-08	15355.3707
2013-09-09	15356.4138
2013-09-10	15357.4378
2013-09-11	15358.8222
2013-09-12	15359.6471
2013-09-13	15360.8608
2013-09-14	15361.7332
2013-09-15	15362.6055
2013-09-16	15364.0468
2013-09-17	15365.0708
2013-09-18	15366.4362
2013-09-19	15367.3749
2013-09-20	15368.3516
2013-09-21	15369.2524
2013-09-22	15370.1437
2013-09-23	15370.8548
2013-09-24	15372.59
2013-09-25	15373.6141
2013-09-26	15374.4769
2013-09-27	15375.5484
2013-09-28	15376.4113
2013-09-29	15377.2647
2013-09-30	15378.6395
2013-10-01	15380.498
2013-10-02	15380.6782
2013-10-03	15381.797
2013-10-04	15382.5746
2013-10-05	15383.409
2013-10-06	15384.2529
2013-10-07	15385.6183
2013-10-08	15387.1828
2013-10-09	15387.4009
2013-10-10	15388.4818
2013-10-11	15389.6481
2013-10-12	15390.5015
2013-10-13	15391.3454
2013-10-14	15392.6729
2013-10-15	15393.9245
2013-10-16	15394.8632
2013-10-17	15396.02
2013-10-18	15396.807
2013-10-19	15397.6604
2013-10-20	15398.5233
2013-10-21	15403.0462
2013-10-22	15404.0039
2013-10-23	15405.1227
2013-10-24	15406.014
2013-10-25	15407.1803
2013-10-26	15408.3656
2013-10-27	15409.5888
2013-10-28	15409.9586
2013-10-29	15411.5989
2013-10-30	15412.5282
2013-10-31	15413.0686
2013-11-01	15414.3013
2013-11-02	15415.1452
2013-11-03	15415.9607
2013-11-04	15416.8235
2013-11-05	15417.4873
2013-11-06	15418.7673
2013-11-07	15420.1707
2013-11-08	15421.28
2013-11-09	15422.1145
2013-11-10	15422.9489
2013-11-11	15423.6126
2013-11-12	15425.2246
2013-11-13	15426.3529
2013-11-14	15426.2107
2013-11-15	15427.3106
2013-11-16	15428.0028
2013-11-17	15428.6855
2013-11-18	15430.0983
2013-11-19	15432.6774
2013-11-20	15433.8342
2013-11-21	15434.6022
2013-11-22	15435.797
2013-11-23	15436.8305
2013-11-24	15437.9115
2013-11-25	15438.67
2013-11-26	15439.6941
2013-11-27	15440.4052
2013-11-28	15441.3534
2013-11-29	15442.643
2013-11-30	15443.43
2013-12-01	15444.1885
2013-12-02	15445.516
2013-12-03	15446.5211
2013-12-04	15447.5641
2013-12-05	15449.0623
2013-12-06	15449.2614
2013-12-07	15450.1053
2013-12-08	15450.9587
2013-12-09	15451.9922
2013-12-10	15453.7843
2013-12-11	15454.5713
2013-12-12	15455.6523
2013-12-13	15456.5531
2013-12-14	15457.359
2013-12-15	15458.165
2013-12-16	15459.9666
2013-12-17	15460.6019
2013-12-18	15461.3415
2013-12-19	15462.4698
2013-12-20	15463.3327
2013-12-21	15464.1955
2013-12-22	15465.0679
2013-12-23	15466.3479
2013-12-24	15467.1729
2013-12-25	15468.0926
2013-12-26	15469.0124
2013-12-27	15469.8184
2013-12-28	15470.5485
2013-12-29	15471.2596
2013-12-30	15472.3406
2013-12-31	15473.3172
2014-01-01	15474.2464
2014-01-02	15477.2807
2014-01-03	15477.3186
2014-01-04	15478.2384
2014-01-05	15479.1866
2014-01-06	15479.1676
2014-01-07	15480.4382
2014-01-08	15481.4812
2014-01-09	15483.1311
2014-01-10	15484.212
2014-01-11	15485.0369
2014-01-12	15485.8524
2014-01-13	15487.0945
2014-01-14	15488.2324
2014-01-15	15489.3133
2014-01-16	15490.6124
2014-01-17	15491.1054
2014-01-18	15491.9304
2014-01-19	15492.7553
2014-01-20	15493.95
2014-01-21	15494.8982
2014-01-22	15495.9223
2014-01-23	15496.3395
2014-01-24	15497.5911
2014-01-25	15498.3686
2014-01-26	15499.1272
2014-01-27	15500.3504
2014-01-28	15500.8719
2014-01-29	15502.0856
2014-01-30	15503.1096
2014-01-31	15504.0483
2014-02-01	15504.8353
2014-02-02	15505.6129
2014-02-03	15507.1869
2014-02-04	15508.0592
2014-02-05	15508.96
2014-02-06	15510.2685
2014-02-07	15510.9986
2014-02-08	15511.8236
2014-02-09	15512.658
2014-02-10	15514.0139
2014-02-11	15515.6448
2014-02-12	15515.8629
2014-02-13	15517.0292
2014-02-14	15518.0058
2014-02-15	15518.8497
2014-02-16	15519.6841
2014-02-17	15521.4004
2014-02-18	15522.3201
2014-02-19	15523.0787
2014-02-20	15524.0079
2014-02-21	15524.7191
2014-02-22	15525.5156
2014-02-23	15526.3215
2014-02-24	15527.7343
2014-02-25	15528.967
2014-02-26	15529.4695
2014-02-27	15530.5979
2014-02-28	15531.6694
2014-03-01	15532.4659
2014-03-02	15533.2623
2014-03-03	15534.7036
2014-03-04	15535.2536
2014-03-05	15536.4009
2014-03-06	15537.1879
2014-03-07	15538.2119
2014-03-08	15539.0464
2014-03-09	15539.8903
2014-03-10	15541.0755
2014-03-11	15543.171
2014-03-12	15543.8917
2014-03-13	15544.9347
2014-03-14	15545.7975
2014-03-15	15546.6509
2014-03-16	15547.4948
2014-03-17	15548.9456
2014-03-18	15549.5903
2014-03-19	15550.6618
2014-03-20	15551.6669
2014-03-21	15552.4729
2014-03-22	15553.3168
2014-03-23	15554.1701
2014-03-24	15555.289
2014-03-25	15556.4079
2014-03-26	15557.0337
2014-03-27	15557.9914
2014-03-28	15559.2051
2014-03-29	15559.9826
2014-03-30	15560.7412
2014-03-31	15562.1066
2014-04-01	15563.9081
2014-04-02	15565.0839
2014-04-03	15565.8045
2014-04-04	15566.7243
2014-04-05	15567.644
2014-04-06	15568.5733
2014-04-07	15569.5404
2014-04-08	15570.9722
2014-04-09	15571.9299
2014-04-10	15572.6695
2014-04-11	15573.8642
2014-04-12	15574.7176
2014-04-13	15575.5615
2014-04-14	15576.633
2014-04-15	15578.0932
2014-04-16	15578.7949
2014-04-17	15579.2879
2014-04-18	15580.2266
2014-04-19	15580.9852
2014-04-20	15581.7248
2014-04-21	15583.0523
2014-04-22	15584.2849
2014-04-23	15583.7539
2014-04-24	15584.8538
2014-04-25	15585.802
2014-04-26	15586.608
2014-04-27	15587.414
2014-04-28	15588.8173
2014-04-29	15590.0026
2014-04-30	15590.9223
2014-05-01	15592.1076
2014-05-02	15592.648
2014-05-03	15593.473
2014-05-04	15594.3074
2014-05-05	15595.5875
2014-05-06	15597.0477
2014-05-07	15598.3088
2014-05-08	15599.3044
2014-05-09	15600.5086
2014-05-10	15601.4473
2014-05-11	15602.405
2014-05-12	15603.1541
2014-05-13	15603.8747
2014-05-14	15604.7091
2014-05-15	15605.6194
2014-05-16	15606.615
2014-05-17	15607.3546
2014-05-18	15608.0658
2014-05-19	15609.6967
2014-05-20	15610.6259
2014-05-21	15611.6405
2014-05-22	15612.4085
2014-05-23	15613.8403
2014-05-24	15614.7126
2014-05-25	15615.5945
2014-05-26	15616.5806
2014-05-27	15617.8607
2014-05-28	15618.0787
2014-05-29	15619.0743
2014-05-30	15620.2312
2014-05-31	15621.0087
2014-06-01	15621.7672
2014-06-02	15623.4076
2014-06-03	15624.498
2014-06-04	15625.5316
2014-06-05	15626.6789
2014-06-06	15627.684
2014-06-07	15628.5753
2014-06-08	15629.4856
2014-06-09	15630.5286
2014-06-10	15631.7802
2014-06-11	15632.6431
2014-06-12	15633.8188
2014-06-13	15634.7196
2014-06-14	15635.5635
2014-06-15	15636.4074
2014-06-16	15638.1047
2014-06-17	15638.996
2014-06-18	15639.9347
2014-06-19	15641.0062
2014-06-20	15642.182
2014-06-21	15643.0733
2014-06-22	15643.9741
2014-06-23	15644.9886
2014-06-24	15646.2308
2014-06-25	15646.9988
2014-06-26	15647.9849
2014-06-27	15648.8573
2014-06-28	15649.6632
2014-06-29	15650.4597
2014-06-30	15651.7777
2014-07-01	15653.4371
2014-07-02	15654.0819
2014-07-03	15654.8878
2014-07-04	15655.9972
2014-07-05	15656.8506
2014-07-06	15657.7135
2014-07-07	15658.8608
2014-07-08	15661.6959
2014-07-09	15662.4924
2014-07-10	15663.2983
2014-07-11	15664.9672
2014-07-12	15665.7826
2014-07-13	15666.5981
2014-07-14	15667.3377
2014-07-15	15668.7505
2014-07-16	15670.0685
2014-07-17	15670.4288
2014-07-18	15671.5382
2014-07-19	15672.5243
2014-07-20	15673.5389
2014-07-21	15674.25
2014-07-22	15675.2836
2014-07-23	15676.3171
2014-07-24	15677.4075
2014-07-25	15678.3557
2014-07-26	15679.1522
2014-07-27	15679.9298
2014-07-28	15681.3995
2014-07-29	15683.1726
2014-07-30	15683.8269
2014-07-31	15684.7182
2014-08-01	15686.0931
2014-08-02	15686.9938
2014-08-03	15687.9136
2014-08-04	15688.9092
2014-08-05	15690.1419
2014-08-06	15691.1754
2014-08-07	15692.19
2014-08-08	15693.4131
2014-08-09	15694.276
2014-08-10	15695.1294
2014-08-11	15696.2103
2014-08-12	15697.3956
2014-08-13	15698.4765
2014-08-14	15699.5195
2014-08-15	15700.6195
2014-08-16	15701.4634
2014-08-17	15702.3073
2014-08-18	15703.6727
2014-08-19	15701.7099
2014-08-20	15702.8572
2014-08-21	15703.6537
2014-08-22	15704.9812
2014-08-23	15705.8346
2014-08-24	15706.6879
2014-08-25	15707.8827
2014-08-26	15709.2576
2014-08-27	15710.1583
2014-08-28	15711.2108
2014-08-29	15711.8367
2014-08-30	15712.6521
2014-08-31	15713.477
2014-09-01	15714.7666
2014-09-02	15716.0467
2014-09-03	15716.9664
2014-09-04	15718.0094
2014-09-05	15719.1093
2014-09-06	15719.9817
2014-09-07	15720.854
2014-09-08	15722.0203
2014-09-09	15723.4142
2014-09-10	15724.2865
2014-09-11	15725.2821
2014-09-12	15726.1545
2014-09-13	15727.0078
2014-09-14	15727.8517
2014-09-15	15729.293
2014-09-16	15730.6584
2014-09-17	15731.5307
2014-09-18	15732.4126
2014-09-19	15733.503
2014-09-20	15734.3848
2014-09-21	15735.2666
2014-09-22	15735.8735
2014-09-23	15737.2199
2014-09-24	15737.9406
2014-09-25	15738.7465
2014-09-26	15740.0456
2014-09-27	15740.8326
2014-09-28	15741.6101
2014-09-29	15742.9471
2014-09-30	15744.4642
2014-10-01	15744.9288
2014-10-02	15745.6494
2014-10-03	15746.4364
2014-10-04	15747.3088
2014-10-05	15748.1906
2014-10-06	15749.4612
2014-10-07	15750.8076
2014-10-08	15750.9688
2014-10-09	15751.7653
2014-10-10	15752.7988
2014-10-11	15753.6617
2014-10-12	15754.5151
2014-10-13	15755.9753
2014-10-14	15757.0373
2014-10-15	15758.1088
2014-10-16	15759.2371
2014-10-17	15759.844
2014-10-18	15760.6879
2014-10-19	15761.5318
2014-10-20	15764.6039
2014-10-21	15765.9314
2014-10-22	15766.5572
2014-10-23	15767.7425
2014-10-24	15768.4536
2014-10-25	15769.1742
2014-10-26	15769.8854
2014-10-27	15771.3456
2014-10-28	15772.7205
2014-10-29	15773.4791
2014-10-30	15774.5316
2014-10-31	15775.4798
2014-11-01	15776.3237
2014-11-02	15777.177
2014-11-03	15778.7416
2014-11-04	15779.8415
2014-11-05	15780.7423
2014-11-06	15781.956
2014-11-07	15782.7714
2014-11-08	15783.6438
2014-11-09	15784.5256
2014-11-10	15785.7677
2014-11-11	15787.3417
2014-11-12	15787.8822
2014-11-13	15789.0106
2014-11-14	15790.2337
2014-11-15	15791.125
2014-11-16	15792.0258
2014-11-17	15793.0689
2014-11-18	15794.6239
2014-11-19	15795.4678
2014-11-20	15796.3496
2014-11-21	15796.8996
2014-11-22	15797.6961
2014-11-23	15798.4926
2014-11-24	15799.6114
2014-11-25	15800.882
2014-11-26	15801.4794
2014-11-27	15802.6362
2014-11-28	15803.6792
2014-11-29	15804.4947
2014-11-30	15805.3101
2014-12-01	15807.0643
2014-12-02	15808.3349
2014-12-03	15809.0555
2014-12-04	15810.3735
2014-12-05	15811.407
2014-12-06	15812.3363
2014-12-07	15813.275
2014-12-08	15814.1378
2014-12-09	15815.4464
2014-12-10	15816.2144
2014-12-11	15817.229
2014-12-12	15818.1298
2014-12-13	15818.9357
2014-12-14	15819.7322
2014-12-15	15821.3441
2014-12-16	15822.7854
2014-12-17	15823.4966
2014-12-18	15824.4448
2014-12-19	15825.5921
2014-12-20	15826.4834
2014-12-21	15827.3842
2014-12-22	15828.7022
2014-12-23	15829.6788
2014-12-24	15830.4563
2014-12-25	15831.3951
2014-12-26	15832.3338
2014-12-27	15833.1303
2014-12-28	15833.9267
2014-12-29	15835.093
2014-12-30	15836.3447
2014-12-31	15837.3497
2015-01-01	15838.2885
2015-01-02	15840.0142
2015-01-03	15840.9434
2015-01-04	15841.8821
2015-01-05	15842.9536
2015-01-06	15844.6224
2015-01-07	15845.5517
2015-01-08	15846.3576
2015-01-09	15847.5239
2015-01-10	15848.4247
2015-01-11	15849.335
2015-01-12	15850.4539
2015-01-13	15851.8287
2015-01-14	15852.7959
2015-01-15	15853.9243
2015-01-16	15854.1613
2015-01-17	15855.0431
2015-01-18	15855.925
2015-01-19	15856.8068
2015-01-20	15858.1248
2015-01-21	15858.8359
2015-01-22	15860.7228
2015-01-23	15861.2823
2015-01-24	15862.1357
2015-01-25	15862.9796
2015-01-26	15864.0226
2015-01-27	15865.3121
2015-01-28	15866.7629
2015-01-29	15867.8628
2015-01-30	15869.7402
2015-01-31	15870.7548
2015-02-01	15871.7788
2015-02-02	15872.9641
2015-02-03	15873.7321
2015-02-04	15876.3302
2015-02-05	15876.2164
2015-02-06	15877.5155
2015-02-07	15878.4447
2015-02-08	15879.3644
2015-02-09	15880.1704
2015-02-10	15881.5548
2015-02-11	15882.484
2015-02-12	15883.5176
2015-02-13	15885.6131
2015-02-14	15886.5708
2015-02-15	15887.5474
2015-02-16	15887.6896
2015-02-17	15889.093
2015-02-18	15889.8515
2015-02-19	15890.8376
2015-02-20	15891.8617
2015-02-21	15892.6203
2015-02-22	15893.3504
2015-02-23	15894.6304
2015-02-24	15895.8726
2015-02-25	15896.2139
2015-02-26	15897.219
2015-02-27	15897.8828
2015-02-28	15898.6034
2015-03-01	15899.3335
2015-03-02	15901.0118
2015-03-03	15902.2445
2015-03-04	15901.5049
2015-03-05	15903.4582
2015-03-06	15904.5012
2015-03-07	15905.2977
2015-03-08	15906.0942
2015-03-09	15907.0993
2015-03-10	15908.1423
2015-03-11	15909.2043
2015-03-12	15910.3042
2015-03-13	15911.2524
2015-03-14	15912.0583
2015-03-15	15912.8738
2015-03-16	15913.803
2015-03-17	15915.377
2015-03-18	15916.3158
2015-03-19	15917.6812
2015-03-20	15918.2501
2015-03-21	15919.0845
2015-03-22	15919.9284
2015-03-23	15921.18
2015-03-24	15922.4316
2015-03-25	15923.5884
2015-03-26	15924.4513
2015-03-27	15924.9159
2015-03-28	15925.7124
2015-03-29	15926.5089
2015-03-30	15927.5424
2015-03-31	15928.8984
2015-04-01	15930.387
2015-04-02	15931.2499
2015-04-03	15932.0179
2015-04-04	15932.8618
2015-04-05	15933.7152
2015-04-06	15934.3126
2015-04-07	15935.4883
2015-04-08	15934.1703
2015-04-09	15937.0434
2015-04-10	15937.9442
2015-04-11	15938.6648
2015-04-12	15939.376
2015-04-13	15940.4
2015-04-14	15941.8413
2015-04-15	15942.6378
2015-04-16	15943.8799
2015-04-17	15944.4773
2015-04-18	15945.2643
2015-04-19	15946.0513
2015-04-20	15947.4262
2015-04-21	15948.8295
2015-04-22	15949.5312
2015-04-23	15950.3277
2015-04-24	15951.3991
2015-04-25	15952.224
2015-04-26	15953.0679
2015-04-27	15954.111
2015-04-28	15955.2583
2015-04-29	15955.9694
2015-04-30	15957.0978
2015-05-01	15958.7666
2015-05-02	15959.6579
2015-05-03	15960.5398
2015-05-04	15960.8432
2015-05-05	15961.7819
2015-05-06	15963.7352
2015-05-07	15963.6783
2015-05-08	15964.3989
2015-05-09	15965.0816
2015-05-10	15965.7454
2015-05-11	15967.0444
2015-05-12	15968.1159
2015-05-13	15968.7512
2015-05-14	15969.8226
2015-05-15	15970.7613
2015-05-16	15971.5294
2015-05-17	15972.2974
2015-05-18	15973.1508
2015-05-19	15974.4309
2015-05-20	15975.1894
2015-05-21	15975.6066
2015-05-22	15976.4316
2015-05-23	15977.1238
2015-05-24	15977.797
2015-05-25	15978.8495
2015-05-26	15979.9304
2015-05-27	15980.7269
2015-05-28	15981.6087
2015-05-29	15982.1018
2015-05-30	15982.8035
2015-05-31	15983.4956
2015-06-01	15984.5956
2015-06-02	15985.8282
2015-06-03	15985.8472
2015-06-04	15986.8807
2015-06-05	15987.6203
2015-06-06	15988.2935
2015-06-07	15988.9668
2015-06-08	15989.8012
2015-06-09	15991.0623
2015-06-10	15991.8493
2015-06-11	15992.6742
2015-06-12	15993.5371
2015-06-13	15994.2482
2015-06-14	15994.9783
2015-06-15	15996.1541
2015-06-16	15997.3204
2015-06-17	15997.8514
2015-06-18	15998.866
2015-06-19	15999.8331
2015-06-20	16000.6012
2015-06-21	16001.3692
2015-06-22	16002.1088
2015-06-23	16002.9432
2015-06-24	16003.5121
2015-06-25	16004.3371
2015-06-26	16005.4654
2015-06-27	16006.1481
2015-06-28	16006.8308
2015-06-29	16007.8644
2015-06-30	16007.7885
2015-07-01	16008.5755
2015-07-02	16009.4953
2015-07-03	16010.2918
2015-07-04	16010.8891
2015-07-05	16011.477
2015-07-06	16012.814
2015-07-07	16014.0751
2015-07-08	16014.5018
2015-07-09	16015.5922
2015-07-10	16016.3318
2015-07-11	16017.0619
2015-07-12	16017.811
2015-07-13	16018.6833
2015-07-14	16019.9823
2015-07-15	16020.5039
2015-07-16	16021.5753
2015-07-17	16022.3623
2015-07-18	16023.1019
2015-07-19	16023.832
2015-07-20	16024.8371
2015-07-21	16025.9844
2015-07-22	16026.6387
2015-07-23	16027.5016
2015-07-24	16028.4782
2015-07-25	16029.2273
2015-07-26	16029.9669
2015-07-27	16030.9246
2015-07-28	16032.271
2015-07-29	16032.8115
2015-07-30	16033.6743
2015-07-31	16034.357
2015-08-01	16035.0777
2015-08-02	16035.7888
2015-08-03	16036.9172
2015-08-04	16038.4438
2015-08-05	16038.7946
2015-08-06	16039.7144
2015-08-07	16040.5962
2015-08-08	16041.3547
2015-08-09	16042.1133
2015-08-10	16042.9951
2015-08-11	16044.3036
2015-08-12	16044.9389
2015-08-13	16045.8113
2015-08-14	16046.7974
2015-08-15	16047.5465
2015-08-16	16048.2956
2015-08-17	16049.2343
2015-08-18	16050.9126
2015-08-19	16051.5669
2015-08-20	16052.4771
2015-08-21	16053.3969
2015-08-22	16054.1554
2015-08-23	16054.9045
2015-08-24	16056.0708
2015-08-25	16057.2276
2015-08-26	16057.9198
2015-08-27	16058.7163
2015-08-28	16059.636
2015-08-29	16060.3946
2015-08-30	16061.1531
2015-08-31	16061.8074
2015-09-01	16062.8694
2015-09-02	16063.4573
2015-09-03	16064.2538
2015-09-04	16065.1356
2015-09-05	16065.8088
2015-09-06	16066.4631
2015-09-07	16067.5061
2015-09-08	16068.6724
2015-09-09	16069.3456
2015-09-10	16070.0283
2015-09-11	16071.0997
2015-09-12	16071.8204
2015-09-13	16072.5505
2015-09-14	16073.4418
2015-09-15	16074.646
2015-09-16	16075.3098
2015-09-17	16075.8028
2015-09-18	16076.6752
2015-09-19	16077.3579
2015-09-20	16078.0406
2015-09-21	16079.0551
2015-09-22	16080.3731
2015-09-23	16080.961
2015-09-24	16081.8334
2015-09-25	16082.8385
2015-09-26	16083.578
2015-09-27	16084.3366
2015-09-28	16085.0762
2015-09-29	16086.4795
2015-09-30	16087.1338
2015-10-01	16088.0725
2015-10-02	16088.8216
2015-10-03	16089.5422
2015-10-04	16090.2629
2015-10-05	16091.1447
2015-10-06	16092.6618
2015-10-07	16093.2023
2015-10-08	16094.0177
2015-10-09	16094.8332
2015-10-10	16095.5728
2015-10-11	16096.3124
2015-10-12	16097.3364
2015-10-13	16098.5786
2015-10-14	16099.6405
2015-10-15	16100.1431
2015-10-16	16101.3188
2015-10-17	16102.1059
2015-10-18	16102.8929
2015-10-19	16103.7557
2015-10-20	16104.8082
2015-10-21	16104.7987
2015-10-22	16105.8323
2015-10-23	16106.752
2015-10-24	16107.4063
2015-10-25	16108.0605
2015-10-26	16109.151
2015-10-27	16110.469
2015-10-28	16111.1137
2015-10-29	16112.6309
2015-10-30	16112.9817
2015-10-31	16113.7403
2015-11-01	16114.5083
2015-11-02	16115.5987
2015-11-03	16116.528
2015-11-04	16116.1961
2015-11-05	16116.765
2015-11-06	16118.4528
2015-11-07	16119.126
2015-11-08	16119.7898
2015-11-09	16120.6147
2015-11-10	16121.5155
2015-11-11	16121.9137
2015-11-12	16122.6913
2015-11-13	16123.4119
2015-11-14	16124.0282
2015-11-15	16124.6351
2015-11-16	16126.0384
2015-11-17	16127.5271
2015-11-18	16128.077
2015-11-19	16128.7977
2015-11-20	16129.7174
2015-11-21	16130.4949
2015-11-22	16131.2819
2015-11-23	16132.0595
2015-11-24	16133.4438
2015-11-25	16134.0602
2015-11-26	16134.8661
2015-11-27	16135.8902
2015-11-28	16136.6298
2015-11-29	16137.3599
2015-11-30	16138.109
2015-12-01	16139.9295
2015-12-02	16140.3372
2015-12-03	16141.1432
2015-12-04	16142.0914
2015-12-05	16142.8405
2015-12-06	16143.5896
2015-12-07	16144.3102
2015-12-08	16146.0075
2015-12-09	16146.3393
2015-12-10	16146.2635
2015-12-11	16147.3539
2015-12-12	16148.0082
2015-12-13	16148.6435
2015-12-14	16149.6865
2015-12-15	16151.2889
2015-12-16	16151.9337
2015-12-17	16152.7681
2015-12-18	16153.7068
2015-12-19	16154.4749
2015-12-20	16155.2714
2015-12-21	16156.0584
2015-12-22	16158.1349
2015-12-23	16158.3435
2015-12-24	16159.3107
2015-12-25	16159.3012
2015-12-26	16159.965
2015-12-27	16160.6097
2015-12-28	16159.1779
2015-12-29	16163.644
2015-12-30	16164.7059
2015-12-31	16165.6352
2016-01-01	16166.4127
2016-01-02	16167.2661
2016-01-03	16168.1384
2016-01-04	16169.1814
2016-01-05	16170.9167
2016-01-06	16171.1727
2016-01-07	16172.3674
2016-01-08	16173.2397
2016-01-09	16174.0742
2016-01-10	16174.9086
2016-01-11	16175.7051
2016-01-12	16177.298
2016-01-13	16177.9618
2016-01-14	16179.0617
2016-01-15	16179.7918
2016-01-16	16180.5883
2016-01-17	16181.3753
2016-01-18	16182.4752
2016-01-19	16184.182
2016-01-20	16184.4
2016-01-21	16185.6611
2016-01-22	16186.5999
2016-01-23	16187.4058
2016-01-24	16188.2023
2016-01-25	16188.8945
2016-01-26	16188.8566
2016-01-27	16191.3219
2016-01-28	16191.9572
2016-01-29	16192.8106
2016-01-30	16193.5691
2016-01-31	16194.3182
2016-02-01	16195.4276
2016-02-02	16196.9637
2016-02-03	16196.9637
2016-02-04	16197.8455
2016-02-05	16198.7558
2016-02-06	16199.4859
2016-02-07	16200.2065
2016-02-08	16201.278
2016-02-09	16202.8235
2016-02-10	16203.2502
2016-02-11	16204.2838
2016-02-12	16205.194
2016-02-13	16205.981
2016-02-14	16206.7681
2016-02-15	16207.612
2016-02-16	16208.9299
2016-02-17	16209.3661
2016-02-18	16210.3333
2016-02-19	16211.3479
2016-02-20	16212.078
2016-02-21	16212.7986
2016-02-22	16213.7942
2016-02-23	16215.3113
2016-02-24	16215.994
2016-02-25	16216.8
2016-02-26	16217.7387
2016-02-27	16218.5162
2016-02-28	16219.2938
2016-02-29	16220.2894
2016-03-01	16221.9298
2016-03-02	16222.4039
2016-03-03	16223.2003
2016-03-04	16224.0822
2016-03-05	16224.8502
2016-03-06	16225.6277
2016-03-07	16226.557
2016-03-08	16228.0456
2016-03-09	16228.5861
2016-03-10	16229.4774
2016-03-11	16230.4161
2016-03-12	16231.1842
2016-03-13	16231.9617
2016-03-14	16232.6539
2016-03-15	16234.0857
2016-03-16	16235.1097
2016-03-17	16236.4562
2016-03-18	16237.3095
2016-03-19	16238.1155
2016-03-20	16238.931
2016-03-21	16239.4525
2016-03-22	16241.2066
2016-03-23	16242.06
2016-03-24	16242.61
2016-03-25	16242.6289
2016-03-26	16243.2832
2016-03-27	16243.9185
2016-03-28	16242.6005
2016-03-29	16247.1329
2016-03-30	16248.3371
2016-03-31	16249.2663
2016-04-01	16250.243
2016-04-02	16251.1722
2016-04-03	16252.1299
2016-04-04	16252.8031
2016-04-05	16254.5383
2016-04-06	16255.1546
2016-04-07	16256.2451
2016-04-08	16257.2596
2016-04-09	16258.113
2016-04-10	16258.9569
2016-04-11	16259.5448
2016-04-12	16261.2516
2016-04-13	16261.7351
2016-04-14	16262.617
2016-04-15	16263.5367
2016-04-16	16264.3048
2016-04-17	16265.0633
2016-04-18	16266.0305
2016-04-19	16267.7372
2016-04-20	16268.1639
2016-04-21	16269.1406
2016-04-22	16270.0414
2016-04-23	16270.7999
2016-04-24	16271.5585
2016-04-25	16270.0034
2016-04-26	16273.8152
2016-04-27	16274.6117
2016-04-28	16277.2856
2016-04-29	16278.5941
2016-04-30	16279.6182
2016-05-01	16280.6802
2016-05-02	16279.5234
2016-05-03	16281.8654
2016-05-04	16284.9281
2016-05-05	16284.4635
2016-05-06	16285.4117
2016-05-07	16286.2366
2016-05-08	16287.0426
2016-05-09	16288.0761
2016-05-10	16289.4415
2016-05-11	16289.7734
2016-05-12	16290.9302
2016-05-13	16291.7362
2016-05-14	16292.5137
2016-05-15	16293.2722
2016-05-16	16294.0498
2016-05-17	16295.5195
2016-05-18	16295.9936
2016-05-19	16296.847
2016-05-20	16297.852
2016-05-21	16298.5632
2016-05-22	16299.2838
2016-05-23	16300.0045
2016-05-24	16301.5405
2016-05-25	16302.1474
2016-05-26	16303.3042
2016-05-27	16304.0248
2016-05-28	16304.7739
2016-05-29	16305.5325
2016-05-30	16306.1488
2016-05-31	16307.7133
2016-06-01	16308.3296
2016-06-02	16309.0029
2016-06-03	16309.97
2016-06-04	16310.7001
2016-06-05	16311.4303
2016-06-06	16312.3405
2016-06-07	16313.8292
2016-06-08	16314.0188
2016-06-09	16315.005
2016-06-10	16316.0575
2016-06-11	16316.8065
2016-06-12	16317.5556
2016-06-13	16316.0195
2016-06-14	16319.1676
2016-06-15	16320.2295
2016-06-16	16321.4243
2016-06-17	16322.088
2016-06-18	16322.8276
2016-06-19	16323.5672
2016-06-20	16324.743
2016-06-21	16326.0515
2016-06-22	16326.81
2016-06-23	16327.4074
2016-06-24	16328.2892
2016-06-25	16329.0099
2016-06-26	16329.74
2016-06-27	16331.2571
2016-06-28	16332.4518
2016-06-29	16333.0113
2016-06-30	16333.8362
2016-07-01	16334.2724
2016-07-02	16335.012
2016-07-03	16335.7516
2016-07-04	16336.3394
2016-07-05	16337.8186
2016-07-06	16338.3781
2016-07-07	16339.4401
2016-07-08	16340.3029
2016-07-09	16341.0425
2016-07-10	16341.7821
2016-07-11	16342.5881
2016-07-12	16344.0199
2016-07-13	16344.5888
2016-07-14	16345.5559
2016-07-15	16346.4947
2016-07-16	16347.2532
2016-07-17	16348.0118
2016-07-18	16349.1401
2016-07-19	16350.6004
2016-07-20	16351.3494
2016-07-21	16352.4304
2016-07-22	16353.3406
2016-07-23	16354.1466
2016-07-24	16354.9526
2016-07-25	16355.9482
2016-07-26	16357.2093
2016-07-27	16357.636
2016-07-28	16358.8307
2016-07-29	16360.9926
2016-07-30	16361.9218
2016-07-31	16362.8606
2016-08-01	16360.7935
2016-08-02	16363.4105
2016-08-03	16365.5534
2016-08-04	16365.5345
2016-08-05	16366.4732
2016-08-06	16367.1559
2016-08-07	16367.8102
2016-08-08	16368.4929
2016-08-09	16370.0195
2016-08-10	16370.7496
2016-08-11	16371.8685
2016-08-12	16372.4184
2016-08-13	16373.1485
2016-08-14	16373.8881
2016-08-15	16374.4191
2016-08-16	16376.0879
2016-08-17	16376.6474
2016-08-18	16377.4533
2016-08-19	16378.43
2016-08-20	16379.1696
2016-08-21	16379.9092
2016-08-22	16380.7626
2016-08-23	16382.2228
2016-08-24	16382.7633
2016-08-25	16383.7115
2016-08-26	16384.47
2016-08-27	16385.1812
2016-08-28	16385.8923
2016-08-29	16386.5466
2016-08-30	16387.9784
2016-08-31	16388.4999
2016-09-01	16389.3722
2016-09-02	16390.254
2016-09-03	16390.9652
2016-09-04	16391.6763
2016-09-05	16392.3211
2016-09-06	16393.696
2016-09-07	16394.227
2016-09-08	16395.033
2016-09-09	16395.801
2016-09-10	16396.4837
2016-09-11	16397.1664
2016-09-12	16397.7827
2016-09-13	16399.1197
2016-09-14	16399.7834
2016-09-15	16401.0351
2016-09-16	16401.8979
2016-09-17	16402.6185
2016-09-18	16403.3392
2016-09-19	16403.9745
2016-09-20	16405.2545
2016-09-21	16405.8804
2016-09-22	16406.7432
2016-09-23	16407.4733
2016-09-24	16408.1655
2016-09-25	16408.8482
2016-09-26	16409.199
2016-09-27	16410.6213
2016-09-28	16411.1334
2016-09-29	16412.0531
2016-09-30	16412.6695
2016-10-01	16413.3142
2016-10-02	16413.94
2016-10-03	16414.8408
2016-10-04	16416.3105
2016-10-05	16416.8415
2016-10-06	16417.7139
2016-10-07	16418.5388
2016-10-08	16419.2689
2016-10-09	16420.0085
2016-10-10	16420.4447
2016-10-11	16421.867
2016-10-12	16422.2273
2016-10-13	16423.0617
2016-10-14	16423.7634
2016-10-15	16424.4176
2016-10-16	16425.0529
2016-10-17	16425.9632
2016-10-18	16427.2907
2016-10-19	16427.7079
2016-10-20	16428.9121
2016-10-21	16429.8887
2016-10-22	16430.6094
2016-10-23	16431.3395
2016-10-24	16431.7662
2016-10-25	16433.1695
2016-10-26	16433.729
2016-10-27	16434.3168
2016-10-28	16435.1987
2016-10-29	16435.8529
2016-10-30	16436.5072
2016-10-31	16437.2752
2016-11-01	16438.1476
2016-11-02	16439.1716
2016-11-03	16439.8164
2016-11-04	16440.7361
2016-11-05	16441.4188
2016-11-06	16442.111
2016-11-07	16442.661
2016-11-08	16444.0169
2016-11-09	16444.5669
2016-11-10	16445.2875
2016-11-11	16446.1029
2016-11-12	16446.7667
2016-11-13	16447.4304
2016-11-14	16448.17
2016-11-15	16449.4501
2016-11-16	16449.8768
2016-11-17	16450.7112
2016-11-18	16451.4698
2016-11-19	16452.143
2016-11-20	16452.8067
2016-11-21	16453.5084
2016-11-22	16455.1582
2016-11-23	16455.6798
2016-11-24	16456.4573
2016-11-25	16457.1874
2016-11-26	16457.8606
2016-11-27	16458.5338
2016-11-28	16459.1122
2016-11-29	16460.5251
2016-11-30	16460.9992
2016-12-01	16461.7482
2016-12-02	16462.5637
2016-12-03	16463.2274
2016-12-04	16463.8912
2016-12-05	16464.5928
2016-12-06	16465.9582
2016-12-07	16466.4134
2016-12-08	16467.153
2016-12-09	16468.1391
2016-12-10	16468.8218
2016-12-11	16469.514
2016-12-12	16470.0639
2016-12-13	16471.4862
2016-12-14	16471.9698
2016-12-15	16472.6904
2016-12-16	16473.3921
2016-12-17	16474.0369
2016-12-18	16474.6817
2016-12-19	16475.3549
2016-12-20	16476.6824
2016-12-21	16477.2323
2016-12-22	16478.1805
2016-12-23	16478.8632
2016-12-24	16479.4985
2016-12-25	16480.1338
2016-12-26	16478.8253
2016-12-27	16478.8158
2016-12-28	16482.0587
2016-12-29	16482.7224
2016-12-30	16484.7989
2016-12-31	16485.5385
2017-01-01	16486.2876
2017-01-02	16484.7705
2017-01-03	16487.16
2017-01-04	16488.0418
2017-01-05	16489.0279
2017-01-06	16489.8908
2017-01-07	16490.5261
2017-01-08	16491.1424
2017-01-09	16491.901
2017-01-10	16493.3138
2017-01-11	16493.8068
2017-01-12	16494.6318
2017-01-13	16495.4567
2017-01-14	16496.1394
2017-01-15	16496.8316
2017-01-16	16497.4384
2017-01-17	16498.9461
2017-01-18	16499.3064
2017-01-19	16500.2167
2017-01-20	16500.2072
2017-01-21	16500.7951
2017-01-22	16501.364
2017-01-23	16502.5587
2017-01-24	16503.981
2017-01-25	16504.5689
2017-01-26	16504.5594
2017-01-27	16505.9343
2017-01-28	16506.598
2017-01-29	16507.2807
2017-01-30	16508.1246
2017-01-31	16509.5659
2017-02-01	16509.8883
2017-02-02	16510.7512
2017-02-03	16511.5856
2017-02-04	16512.2872
2017-02-05	16512.9889
2017-02-06	16513.5863
2017-02-07	16514.9991
2017-02-08	16515.4827
2017-02-09	16516.2033
2017-02-10	16517.0472
2017-02-11	16517.7204
2017-02-12	16518.3936
2017-02-13	16518.9815
2017-02-14	16520.4323
2017-02-15	16520.9253
2017-02-16	16521.627
2017-02-17	16522.4424
2017-02-18	16523.1157
2017-02-19	16523.7794
2017-02-20	16524.5285
2017-02-21	16525.9508
2017-02-22	16526.5387
2017-02-23	16527.2498
2017-02-24	16528.1696
2017-02-25	16528.8428
2017-02-26	16529.516
2017-02-27	16530.1892
2017-02-28	16531.5641
2017-03-01	16532.1236
2017-03-02	16532.9295
2017-03-03	16533.745
2017-03-04	16534.4372
2017-03-05	16535.1293
2017-03-06	16535.8689
2017-03-07	16537.2533
2017-03-08	16537.7084
2017-03-09	16538.4196
2017-03-10	16539.3299
2017-03-11	16540.0221
2017-03-12	16540.7142
2017-03-13	16541.122
2017-03-14	16542.2788
2017-03-15	16543.3882
2017-03-16	16544.1088
2017-03-17	16544.9622
2017-03-18	16545.6544
2017-03-19	16546.3465
2017-03-20	16547.0577
2017-03-21	16548.4705
2017-03-22	16549.2196
2017-03-23	16550.0066
2017-03-24	16550.8031
2017-03-25	16551.4858
2017-03-26	16552.178
2017-03-27	16552.8512
2017-03-28	16554.283
2017-03-29	16554.7381
2017-03-30	16555.2122
2017-03-31	16556.0087
2017-04-01	16556.6535
2017-04-02	16557.2888
2017-04-03	16558.0094
2017-04-04	16559.5455
2017-04-05	16560.0006
2017-04-06	16560.7212
2017-04-07	16561.5082
2017-04-08	16562.1909
2017-04-09	16562.8736
2017-04-10	16563.7175
2017-04-11	16565.1683
2017-04-12	16565.5381
2017-04-13	16566.3156
2017-04-14	16566.3061
2017-04-15	16566.894
2017-04-16	16567.4819
2017-04-17	16566.2682
2017-04-18	16569.9662
2017-04-19	16571.2273
2017-04-20	16572.7444
2017-04-21	16573.4935
2017-04-22	16574.3753
2017-04-23	16575.2951
2017-04-24	16575.8355
2017-04-25	16575.826
2017-04-26	16577.7699
2017-04-27	16578.5095
2017-04-28	16580.5386
2017-04-29	16581.3635
2017-04-30	16582.179
2017-05-01	16579.9886
2017-05-02	16582.6436
2017-05-03	16583.3547
2017-05-04	16584.0185
2017-05-05	16584.6917
2017-05-06	16585.2132
2017-05-07	16585.7063
2017-05-08	16586.9674
2017-05-09	16588.2
2017-05-10	16588.7879
2017-05-11	16589.6034
2017-05-12	16590.4283
2017-05-13	16591.1395
2017-05-14	16591.8696
2017-05-15	16592.429
2017-05-16	16593.7755
2017-05-17	16594.2401
2017-05-18	16595.1029
2017-05-19	16595.9563
2017-05-20	16596.639
2017-05-21	16597.3122
2017-05-22	16597.9475
2017-05-23	16599.4931
2017-05-24	16600.1189
2017-05-25	16600.9154
2017-05-26	16601.674
2017-05-27	16602.3472
2017-05-28	16603.0204
2017-05-29	16603.8074
2017-05-30	16605.0685
2017-05-31	16605.6469
2017-06-01	16606.4529
2017-06-02	16607.2588
2017-06-03	16607.951
2017-06-04	16608.6337
2017-06-05	16609.2785
2017-06-06	16610.6249
2017-06-07	16611.0801
2017-06-08	16611.8766
2017-06-09	16612.5972
2017-06-10	16613.2515
2017-06-11	16613.9057
2017-06-12	16612.5593
2017-06-13	16615.4987
2017-06-14	16616.409
2017-06-15	16617.177
2017-06-16	16618.0019
2017-06-17	16618.6657
2017-06-18	16619.3389
2017-06-19	16619.8794
2017-06-20	16621.1879
2017-06-21	16621.6525
2017-06-22	16622.8472
2017-06-23	16623.6248
2017-06-24	16624.2885
2017-06-25	16624.9522
2017-06-26	16625.578
2017-06-27	16626.8866
2017-06-28	16627.465
2017-06-29	16628.0149
2017-06-30	16628.6976
2017-07-01	16629.3329
2017-07-02	16629.9587
2017-07-03	16630.6319
2017-07-04	16631.912
2017-07-05	16632.5189
2017-07-06	16633.3153
2017-07-07	16634.1403
2017-07-08	16634.8135
2017-07-09	16635.4962
2017-07-10	16636.1789
2017-07-11	16637.3073
2017-07-12	16637.971
2017-07-13	16638.7106
2017-07-14	16639.545
2017-07-15	16640.2088
2017-07-16	16640.882
2017-07-17	16641.4225
2017-07-18	16642.7879
2017-07-19	16643.2145
2017-07-20	16644.011
2017-07-21	16644.8075
2017-07-22	16645.4618
2017-07-23	16646.116
2017-07-24	16647.2159
2017-07-25	16648.4676
2017-07-26	16648.9796
2017-07-27	16649.7382
2017-07-28	16650.5062
2017-07-29	16651.1794
2017-07-30	16651.8526
2017-07-31	16652.4879
2017-08-01	16653.6637
2017-08-02	16654.1662
2017-08-03	16654.9153
2017-08-04	16655.7308
2017-08-05	16656.3755
2017-08-06	16657.0298
2017-08-07	16656.5747
2017-08-08	16660.1115
2017-08-09	16659.4382
2017-08-10	16660.2632
2017-08-11	16660.9648
2017-08-12	16661.6096
2017-08-13	16662.2639
2017-08-14	16662.9276
2017-08-15	16664.1887
2017-08-16	16664.7102
2017-08-17	16665.374
2017-08-18	16666.1704
2017-08-19	16666.8247
2017-08-20	16667.4695
2017-08-21	16668.1237
2017-08-22	16669.5176
2017-08-23	16670.0296
2017-08-24	16670.7218
2017-08-25	16671.5088
2017-08-26	16672.1346
2017-08-27	16672.7699
2017-08-28	16673.4336
2017-08-29	16674.6568
2017-08-30	16675.2447
2017-08-31	16675.8895
2017-09-01	16676.5627
2017-09-02	16677.1885
2017-09-03	16677.8238
2017-09-04	16678.6013
2017-09-05	16679.9098
2017-09-06	16680.3555
2017-09-07	16681.0761
2017-09-08	16681.8631
2017-09-09	16682.5269
2017-09-10	16683.1811
2017-09-11	16683.8828
2017-09-12	16685.1155
2017-09-13	16685.5801
2017-09-14	16686.4619
2017-09-15	16687.2394
2017-09-16	16687.9126
2017-09-17	16688.5764
2017-09-18	16689.1548
2017-09-19	16690.4064
2017-09-20	16691.0133
2017-09-21	16691.5442
2017-09-22	16692.7579
2017-09-23	16693.4122
2017-09-24	16694.057
2017-09-25	16694.8155
2017-09-26	16696.0387
2017-09-27	16696.6076
2017-09-28	16697.4041
2017-09-29	16698.6557
2017-09-30	16699.3764
2017-10-01	16700.1065
2017-10-02	16699.4617
2017-10-03	16701.9365
2017-10-04	16702.0882
2017-10-05	16702.7804
2017-10-06	16703.6053
2017-10-07	16704.2311
2017-10-08	16704.8475
2017-10-09	16705.5491
2017-10-10	16706.7534
2017-10-11	16707.2369
2017-10-12	16708.0714
2017-10-13	16708.8015
2017-10-14	16709.4462
2017-10-15	16710.091
2017-10-16	16710.7263
2017-10-17	16711.684
2017-10-18	16712.2814
2017-10-19	16712.2339
2017-10-20	16713.0399
2017-10-21	16713.5709
2017-10-22	16714.0829
2017-10-23	16715.3535
2017-10-24	16716.5483
2017-10-25	16717.0603
2017-10-26	16717.999
2017-10-27	16718.6722
2017-10-28	16719.336
2017-10-29	16720.0187
2017-10-30	16720.7108
2017-10-31	16721.8866
2017-11-01	16722.3038
2017-11-02	16722.9296
2017-11-03	16723.783
2017-11-04	16724.4183
2017-11-05	16725.0536
2017-11-06	16725.6889
2017-11-07	16726.5043
2017-11-08	16727.481
2017-11-09	16728.0878
2017-11-10	16728.8938
2017-11-11	16729.5291
2017-11-12	16730.1644
2017-11-13	16730.9324
2017-11-14	16732.0798
2017-11-15	16732.5728
2017-11-16	16733.246
2017-11-17	16734.0805
2017-11-18	16734.7252
2017-11-19	16735.37
2017-11-20	16736.0906
2017-11-21	16737.2854
2017-11-22	16738.0913
2017-11-23	16738.8878
2017-11-24	16739.6464
2017-11-25	16740.3006
2017-11-26	16740.9644
2017-11-27	16741.6471
2017-11-28	16742.8134
2017-11-29	16743.3538
2017-11-30	16743.9038
2017-12-01	16744.7098
2017-12-02	16745.3356
2017-12-03	16745.9614
2017-12-04	16746.2933
2017-12-05	16747.5069
2017-12-06	16748.0759
2017-12-07	16748.7396
2017-12-08	16749.3844
2017-12-09	16749.9723
2017-12-10	16750.5507
2017-12-11	16751.4894
2017-12-12	16752.5419
2017-12-13	16753.0539
2017-12-14	16753.6039
2017-12-15	16754.4004
2017-12-16	16755.0167
2017-12-17	16755.652
2017-12-18	16756.2683
2017-12-19	16757.3967
2017-12-20	16757.6622
2017-12-21	16758.7431
2017-12-22	16759.3974
2017-12-23	16759.9852
2017-12-24	16760.5636
2017-12-25	16759.3594
2017-12-26	16759.35
2017-12-27	16762.8962
2017-12-28	16763.56
2017-12-29	16766.158
2017-12-30	16766.983
2017-12-31	16767.8458
2018-01-01	16767.9596
2018-01-02	16768.3104
2018-01-03	16768.4621
2018-01-04	16769.2586
2018-01-05	16769.9413
2018-01-06	16770.3017
2018-01-07	16770.624
2018-01-08	16772.1506
2018-01-09	16773.3833
2018-01-10	16773.829
2018-01-11	16774.578
2018-01-12	16775.3745
2018-01-13	16775.8771
2018-01-14	16776.3986
2018-01-15	16777.4416
2018-01-16	16778.6742
2018-01-17	16779.082
2018-01-18	16779.1958
2018-01-19	16780.106
2018-01-20	16780.5422
2018-01-21	16780.9784
2018-01-22	16782.1447
2018-01-23	16783.5859
2018-01-24	16784.3729
2018-01-25	16785.1694
2018-01-26	16785.1504
2018-01-27	16785.5961
2018-01-28	16786.0418
2018-01-29	16787.995
2018-01-30	16789.3225
2018-01-31	16789.8061
2018-02-01	16790.5457
2018-02-02	16791.3043
2018-02-03	16791.8921
2018-02-04	16792.48
2018-02-05	16793.4377
2018-02-06	16794.623
2018-02-07	16795.1729
2018-02-08	16796.0073
2018-02-09	16796.7754
2018-02-10	16797.2874
2018-02-11	16797.7899
2018-02-12	16798.7761
2018-02-13	16800.0087
2018-02-14	16800.4164
2018-02-15	16801.2888
2018-02-16	16801.6017
2018-02-17	16802.0568
2018-02-18	16802.493
2018-02-19	16803.6214
2018-02-20	16804.8351
2018-02-21	16805.3755
2018-02-22	16805.9255
2018-02-23	16806.6366
2018-02-24	16807.1013
2018-02-25	16807.5754
2018-02-26	16808.7037
2018-02-27	16809.889
2018-02-28	16810.5337
2018-03-01	16811.1027
2018-03-02	16811.7948
2018-03-03	16812.2784
2018-03-04	16812.762
2018-03-05	16813.7576
2018-03-06	16814.6774
2018-03-07	16814.8575
2018-03-08	16815.5971
2018-03-09	16816.0143
2018-03-10	16816.422
2018-03-11	16816.8108
2018-03-12	16817.9676
2018-03-13	16819.0865
2018-03-14	16819.589
2018-03-15	16820.1959
2018-03-16	16821.0018
2018-03-17	16821.4665
2018-03-18	16821.9406
2018-03-19	16823.0974
2018-03-20	16824.7283
2018-03-21	16825.0412
2018-03-22	16825.6575
2018-03-23	16826.2264
2018-03-24	16826.71
2018-03-25	16827.2031
2018-03-26	16828.284
2018-03-27	16829.5451
2018-03-28	16829.6399
2018-03-29	16831.7165
2018-03-30	16831.707
2018-03-31	16832.2001
2018-04-01	16832.7026
2018-04-02	16832.7026
2018-04-03	16833.0914
2018-04-04	16834.9593
2018-04-05	16835.9455
2018-04-06	16836.7135
2018-04-07	16837.1971
2018-04-08	16837.6712
2018-04-09	16838.8754
2018-04-10	16840.3925
2018-04-11	16840.6201
2018-04-12	16841.2459
2018-04-13	16841.9381
2018-04-14	16842.4217
2018-04-15	16842.9052
2018-04-16	16844.0241
2018-04-17	16845.4843
2018-04-18	16845.8162
2018-04-19	16846.736
2018-04-20	16847.523
2018-04-21	16848.0445
2018-04-22	16848.5565
2018-04-23	16849.7607
2018-04-24	16851.2399
2018-04-25	16851.2304
2018-04-26	16852.2355
2018-04-27	16853.2975
2018-04-28	16853.8285
2018-04-29	16854.369
2018-04-30	16855.4878
2018-05-01	16856.8817
2018-05-02	16857.5644
2018-05-03	16858.3324
2018-05-04	16859.1289
2018-05-05	16859.6694
2018-05-06	16860.2099
2018-05-07	16861.6511
2018-05-08	16863.026
2018-05-09	16863.832
2018-05-10	16864.6664
2018-05-11	16865.5767
2018-05-12	16866.1646
2018-05-13	16866.7619
2018-05-14	16868.0515
2018-05-15	16869.4643
2018-05-16	16869.9194
2018-05-17	16870.3556
2018-05-18	16871.0762
2018-05-19	16871.5883
2018-05-20	16872.0908
2018-05-21	16873.2761
2018-05-22	16874.5466
2018-05-23	16875.2009
2018-05-24	16875.9974
2018-05-25	16876.8318
2018-05-26	16877.3628
2018-05-27	16877.8938
2018-05-28	16878.9747
2018-05-29	16880.2548
2018-05-30	16879.1359
2018-05-31	16880.1031
2018-06-01	16880.7858
2018-06-02	16881.2504
2018-06-03	16881.7245
2018-06-04	16882.9192
2018-06-05	16884.1235
2018-06-06	16884.4458
2018-06-07	16885.2234
2018-06-08	16886.0104
2018-06-09	16886.4939
2018-06-10	16886.9775
2018-06-11	16886.9775
2018-06-12	16889.4239
2018-06-13	16890.0212
2018-06-14	16891.0169
2018-06-15	16891.9651
2018-06-16	16892.515
2018-06-17	16893.065
2018-06-18	16894.1933
2018-06-19	16895.5303
2018-06-20	16895.4544
2018-06-21	16896.1087
2018-06-22	16897.1896
2018-06-23	16897.6732
2018-06-24	16898.1473
2018-06-25	16899.4274
2018-06-26	16900.8118
2018-06-27	16901.2479
2018-06-28	16902.0918
2018-06-29	16903.7891
2018-06-30	16904.3865
2018-07-01	16904.9933
2018-07-02	16904.7468
2018-07-03	16907.1362
2018-07-04	16907.5914
2018-07-05	16908.568
2018-07-06	16909.3266
2018-07-07	16909.8386
2018-07-08	16910.3317
2018-07-09	16911.6117
2018-07-10	16912.9487
2018-07-11	16913.8495
2018-07-12	16914.8261
2018-07-13	16915.5373
2018-07-14	16916.1062
2018-07-15	16916.6751
2018-07-16	16917.8699
2018-07-17	16919.4723
2018-07-18	16919.9938
2018-07-19	16921.5015
2018-07-20	16922.4971
2018-07-21	16923.1324
2018-07-22	16923.7771
2018-07-23	16924.8486
2018-07-24	16926.5933
2018-07-25	16926.9346
2018-07-26	16927.7975
2018-07-27	16928.6698
2018-07-28	16929.2388
2018-07-29	16929.7982
2018-07-30	16930.8886
2018-07-31	16932.273
2018-08-01	16932.8609
2018-08-02	16933.6668
2018-08-03	16934.4254
2018-08-04	16934.9469
2018-08-05	16935.4779
2018-08-06	16935.4779
2018-08-07	16940.437
2018-08-08	16938.7492
2018-08-09	16939.6026
2018-08-10	16940.5792
2018-08-11	16941.1481
2018-08-12	16941.7171
2018-08-13	16942.7696
2018-08-14	16944.2962
2018-08-15	16944.922
2018-08-16	16945.8322
2018-08-17	16946.8658
2018-08-18	16947.4347
2018-08-19	16948.0131
2018-08-20	16949.0561
2018-08-21	16950.6681
2018-08-22	16951.3223
2018-08-23	16952.0904
2018-08-24	16953.0006
2018-08-25	16953.5411
2018-08-26	16954.0721
2018-08-27	16955.3237
2018-08-28	16956.7934
2018-08-29	16957.3054
2018-08-30	16958.32
2018-08-31	16959.2682
2018-09-01	16959.8371
2018-09-02	16960.4155
2018-09-03	16961.487
2018-09-04	16962.8714
2018-09-05	16963.5541
2018-09-06	16964.398
2018-09-07	16965.5453
2018-09-08	16966.1142
2018-09-09	16966.6831
2018-09-10	16967.7641
2018-09-11	16969.1579
2018-09-12	16969.8027
2018-09-13	16970.6656
2018-09-14	16971.7276
2018-09-15	16972.287
2018-09-16	16972.8559
2018-09-17	16973.8136
2018-09-18	16975.2928
2018-09-19	16975.9186
2018-09-20	16976.6772
2018-09-21	16977.4262
2018-09-22	16977.9477
2018-09-23	16978.4598
2018-09-24	16979.9864
2018-09-25	16981.3423
2018-09-26	16981.9776
2018-09-27	16982.831
2018-09-28	16985.0497
2018-09-29	16985.704
2018-09-30	16986.3772
2018-10-01	16986.3772
2018-10-02	16987.828
2018-10-03	16987.7142
2018-10-04	16988.6719
2018-10-05	16989.6011
2018-10-06	16990.0278
2018-10-07	16990.445
2018-10-08	16991.8104
2018-10-09	16993.3086
2018-10-10	16993.8396
2018-10-11	16994.8352
2018-10-12	16996.0109
2018-10-13	16996.5609
2018-10-14	16997.1203
2018-10-15	16997.8789
2018-10-16	16999.4529
2018-10-17	16999.9934
2018-10-18	17000.8467
2018-10-19	17000.9605
2018-10-20	17001.3967
2018-10-21	17001.8234
2018-10-22	17003.2172
2018-10-23	17005.0473
2018-10-24	17005.6162
2018-10-25	17006.4506
2018-10-26	17007.6927
2018-10-27	17008.2617
2018-10-28	17008.8495
2018-10-29	17009.9874
2018-10-30	17011.3623
2018-10-31	17012.0639
2018-11-01	17012.7277
2018-11-02	17013.5336
2018-11-03	17014.0457
2018-11-04	17014.5672
2018-11-05	17015.7429
2018-11-06	17016.6343
2018-11-07	17017.7152
2018-11-08	17018.4832
2018-11-09	17019.3935
2018-11-10	17019.915
2018-11-11	17020.4365
2018-11-12	17021.6313
2018-11-13	17023.0156
2018-11-14	17023.8026
2018-11-15	17024.6465
2018-11-16	17025.5758
2018-11-17	17026.1257
2018-11-18	17026.6757
2018-11-19	17027.3679
2018-11-20	17029.0557
2018-11-21	17029.5298
2018-11-22	17030.4874
2018-11-23	17030.5917
2018-11-24	17031.0279
2018-11-25	17031.4546
2018-11-26	17032.7726
2018-11-27	17034.157
2018-11-28	17034.8681
2018-11-29	17035.5224
2018-11-30	17036.3852
2018-12-01	17036.8973
2018-12-02	17037.4188
2018-12-03	17038.6704
2018-12-04	17039.9505
2018-12-05	17040.6521
2018-12-06	17041.3728
2018-12-07	17042.1693
2018-12-08	17042.6813
2018-12-09	17043.1933
2018-12-10	17044.6061
2018-12-11	17045.9431
2018-12-12	17046.3887
2018-12-13	17047.4412
2018-12-14	17047.9343
2018-12-15	17048.4463
2018-12-16	17048.9584
2018-12-17	17050.1246
2018-12-18	17051.0159
2018-12-19	17052.021
2018-12-20	17052.4572
2018-12-21	17053.5192
2018-12-22	17054.0028
2018-12-23	17054.4864
2018-12-24	17055.7001
2018-12-25	17055.6906
2018-12-26	17055.6716
2018-12-27	17058.1843
2018-12-28	17058.8007
2018-12-29	17059.2558
2018-12-30	17059.7015
2018-12-31	17061.9392
2019-01-01	17061.9392
2019-01-02	17064.139
2019-01-03	17065.0683
2019-01-04	17065.9975
2019-01-05	17066.6423
2019-01-06	17067.3155
2019-01-07	17068.4154
2019-01-08	17069.8661
2019-01-09	17070.5488
2019-01-10	17071.3453
2019-01-11	17072.1513
2019-01-12	17072.6918
2019-01-13	17073.2228
2019-01-14	17074.5408
2019-01-15	17076.6458
2019-01-16	17075.8208
2019-01-17	17077.4423
2019-01-18	17078.2293
2019-01-19	17078.7697
2019-01-20	17079.3102
2019-01-21	17080.5144
2019-01-22	17082.0315
2019-01-23	17084.421
2019-01-24	17085.2554
2019-01-25	17086.1657
2019-01-26	17086.8579
2019-01-27	17087.5595
2019-01-28	17087.5595
2019-01-29	17089.6551
2019-01-30	17090.5084
2019-01-31	17091.4946
2019-02-01	17092.4712
2019-02-02	17093.0306
2019-02-03	17093.5806
2019-02-04	17094.9839
2019-02-05	17096.539
2019-02-06	17097.0605
2019-02-07	17098.0466
2019-02-08	17099.2508
2019-02-09	17099.8482
2019-02-10	17100.4456
2019-02-11	17101.6687
2019-02-12	17103.0341
2019-02-13	17103.7358
2019-02-14	17104.7125
2019-02-15	17105.7175
2019-02-16	17106.2959
2019-02-17	17106.8649
2019-02-18	17108.2966
2019-02-19	17109.9086
2019-02-20	17110.743
2019-02-21	17111.5205
2019-02-22	17112.7058
2019-02-23	17113.3221
2019-02-24	17113.9384
2019-02-25	17114.9246
2019-02-26	17116.6313
2019-02-27	17117.4468
2019-02-28	17118.2243
2019-03-01	17119.0587
2019-03-02	17119.5992
2019-03-03	17120.1397
2019-03-04	17121.3344
2019-03-05	17122.605
2019-03-06	17123.3825
2019-03-07	17124.435
2019-03-08	17125.241
2019-03-09	17125.7909
2019-03-10	17126.3409
2019-03-11	17127.4218
2019-03-12	17128.389
2019-03-13	17129.6122
2019-03-14	17130.7026
2019-03-15	17131.556
2019-03-16	17132.1154
2019-03-17	17132.6748
2019-03-18	17133.917
2019-03-19	17135.1402
2019-03-20	17136.1927
2019-03-21	17137.1314
2019-03-22	17137.9373
2019-03-23	17138.4968
2019-03-24	17139.0657
2019-03-25	17140.0139
2019-03-26	17141.3698
2019-03-27	17142.1948
2019-03-28	17143.3042
2019-03-29	17145.5609
2019-03-30	17146.2246
2019-03-31	17146.8883
2019-04-01	17145.0868
2019-04-02	17147.6659
2019-04-03	17148.7563
2019-04-04	17149.5243
2019-04-05	17150.5294
2019-04-06	17150.9656
2019-04-07	17151.3923
2019-04-08	17152.7198
2019-04-09	17154.1895
2019-04-10	17155.0239
2019-04-11	17155.8583
2019-04-12	17156.6832
2019-04-13	17157.2332
2019-04-14	17157.7831
2019-04-15	17158.6839
2019-04-16	17159.983
2019-04-17	17159.983
2019-04-18	17159.983
2019-04-19	17159.9735
2019-04-20	17160.2579
2019-04-21	17160.5329
2019-04-22	17160.5329
2019-04-23	17163.662
2019-04-24	17165.2265
2019-04-25	17165.2265
2019-04-26	17168.5452
2019-04-27	17169.2943
2019-04-28	17170.0813
2019-04-29	17170.2804
2019-04-30	17171.4088
2019-05-01	17171.9872
2019-05-02	17173.106
2019-05-03	17173.9215
2019-05-04	17174.3956
2019-05-05	17174.8507
2019-05-06	17175.8463
2019-05-07	17177.1264
2019-05-08	17176.1308
2019-05-09	17177.591
2019-05-10	17178.5297
2019-05-11	17178.9469
2019-05-12	17179.3452
2019-05-13	17180.7201
2019-05-14	17182.0001
2019-05-15	17182.7303
2019-05-16	17183.7733
2019-05-17	17185.6128
2019-05-18	17186.2386
2019-05-19	17186.8834
2019-05-20	17187.4523
2019-05-21	17188.5332
2019-05-22	17190.5245
2019-05-23	17191.3209
2019-05-24	17192.4683
2019-05-25	17193.0561
2019-05-26	17193.644
2019-05-27	17194.3931
2019-05-28	17195.5689
2019-05-29	17196.4223
2019-05-30	17197.361
2019-05-31	17198.1385
2019-06-01	17198.641
2019-06-02	17199.1341
2019-06-03	17200.1676
2019-06-04	17201.4098
2019-06-05	17202.3201
2019-06-06	17203.1165
2019-06-07	17203.8561
2019-06-08	17204.3587
2019-06-09	17204.8707
2019-06-10	17204.8707
2019-06-11	17206.3025
2019-06-12	17207.6394
2019-06-13	17208.654
2019-06-14	17209.972
2019-06-15	17210.5125
2019-06-16	17211.053
2019-06-17	17211.5365
2019-06-18	17212.902
2019-06-19	17213.8881
2019-06-20	17214.7225
2019-06-21	17215.8603
2019-06-22	17216.3818
2019-06-23	17216.8939
2019-06-24	17217.5861
2019-06-25	17218.5248
2019-06-26	17219.3402
2019-06-27	17219.6721
2019-06-28	17221.2935
2019-06-29	17221.7771
2019-06-30	17222.2607
2019-07-01	17220.7341
2019-07-02	17223.3416
2019-07-03	17224.745
2019-07-04	17224.9062
2019-07-05	17225.6932
2019-07-06	17226.1009
2019-07-07	17226.4991
2019-07-08	17227.1818
2019-07-09	17228.424
2019-07-10	17229.1256
2019-07-11	17229.7609
2019-07-12	17230.4531
2019-07-13	17230.8608
2019-07-14	17231.2591
2019-07-15	17231.9702
2019-07-16	17233.2219
2019-07-17	17233.8951
2019-07-18	17234.5399
2019-07-19	17235.4786
2019-07-20	17235.8768
2019-07-21	17236.2845
2019-07-22	17237.1095
2019-07-23	17238.3801
2019-07-24	17239.2524
2019-07-25	17240.5514
2019-07-26	17241.1488
2019-07-27	17241.547
2019-07-28	17241.9453
2019-07-29	17242.7228
2019-07-30	17243.9744
2019-07-31	17244.752
2019-08-01	17244.7709
2019-08-02	17245.9657
2019-08-03	17246.3639
2019-08-04	17246.7716
2019-08-05	17246.7716
2019-08-06	17250.0145
2019-08-07	17250.0145
2019-08-08	17250.1377
2019-08-09	17250.6972
2019-08-10	17251.1049
2019-08-11	17251.5031
2019-08-12	17251.9867
2019-08-13	17253.0677
2019-08-14	17253.2383
2019-08-15	17253.9495
2019-08-16	17254.1391
2019-08-17	17254.5374
2019-08-18	17254.9451
2019-08-19	17255.5804
2019-08-20	17256.3579
2019-08-21	17256.9173
2019-08-22	17257.4483
2019-08-23	17258.0267
2019-08-24	17258.425
2019-08-25	17258.8327
2019-08-26	17259.6766
2019-08-27	17260.4636
2019-08-28	17261.3644
2019-08-29	17261.8575
2019-08-30	17262.7298
2019-08-31	17263.1281
2019-09-01	17263.5358
2019-09-02	17263.3177
2019-09-03	17264.4366
2019-09-04	17264.9486
2019-09-05	17265.3753
2019-09-06	17265.783
2019-09-07	17266.1813
2019-09-08	17266.5795
2019-09-09	17266.845
2019-09-10	17267.5751
2019-09-11	17268.1345
2019-09-12	17268.5138
2019-09-13	17268.9974
2019-09-14	17269.4051
2019-09-15	17269.8034
2019-09-16	17269.9266
2019-09-17	17270.6662
2019-09-18	17271.2162
2019-09-19	17272.1265
2019-09-20	17272.9229
2019-09-21	17273.3307
2019-09-22	17273.7289
2019-09-23	17274.7625
2019-09-24	17275.7865
2019-09-25	17276.308
2019-09-26	17276.6209
2019-09-27	17277.0286
2019-09-28	17277.4269
2019-09-29	17277.8346
2019-09-30	17278.2992
2019-10-01	17279.1716
2019-10-02	17279.7974
2019-10-03	17281.2387
2019-10-04	17281.8739
2019-10-05	17282.1774
2019-10-06	17282.4713
2019-10-07	17283.1256
2019-10-08	17284.1117
2019-10-09	17284.5763
2019-10-10	17285.1073
2019-10-11	17285.7331
2019-10-12	17286.0365
2019-10-13	17286.34
2019-10-14	17286.7761
2019-10-15	17287.5631
2019-10-16	17288.0562
2019-10-17	17288.3027
2019-10-18	17288.8432
2019-10-19	17289.1466
2019-10-20	17289.4501
2019-10-21	17290.8913
2019-10-22	17291.9912
2019-10-23	17292.4843
2019-10-24	17293.0627
2019-10-25	17293.7738
2019-10-26	17294.0773
2019-10-27	17294.3807
2019-10-28	17294.9401
2019-10-29	17295.8409
2019-10-30	17296.2107
2019-10-31	17296.5615
2019-11-01	17296.8745
2019-11-02	17297.1779
2019-11-03	17297.4813
2019-11-04	17297.9933
2019-11-05	17298.2873
2019-11-06	17299.4061
2019-11-07	17299.7475
2019-11-08	17300.3259
2019-11-09	17300.6293
2019-11-10	17300.9327
2019-11-11	17301.4353
2019-11-12	17302.4688
2019-11-13	17302.7628
2019-11-14	17303.417
2019-11-15	17303.8816
2019-11-16	17304.1851
2019-11-17	17304.4885
2019-11-18	17305.4557
2019-11-19	17306.2521
2019-11-20	17306.6788
2019-11-21	17307.371
2019-11-22	17307.7408
2019-11-23	17308.0442
2019-11-24	17308.3477
2019-11-25	17308.8597
2019-11-26	17309.8932
2019-11-27	17310.3863
2019-11-28	17310.8414
2019-11-29	17311.3629
2019-11-30	17311.6664
2019-12-01	17311.9698
2019-12-02	17312.3965
2019-12-03	17313.3162
2019-12-04	17313.7808
2019-12-05	17314.1222
2019-12-06	17314.3972
2019-12-07	17314.7006
2019-12-08	17315.004
2019-12-09	17315.5635
2019-12-10	17316.4453
2019-12-11	17316.9668
2019-12-12	17317.3555
2019-12-13	17317.8012
2019-12-14	17318.1046
2019-12-15	17318.408
2019-12-16	17318.6735
2019-12-17	17319.5933
2019-12-18	17320.039
2019-12-19	17320.7501
2019-12-20	17321.1863
2019-12-21	17321.4897
2019-12-22	17321.7931
2019-12-23	17322.0302
2019-12-24	17322.3336
2019-12-25	17322.637
2019-12-26	17322.931
2019-12-27	17323.2344
2019-12-28	17323.5378
2019-12-29	17323.8412
2019-12-30	17324.1447
2019-12-31	17326.2212
2020-01-01	17326.5246
2020-01-02	17327.0936
2020-01-03	17327.7288
2020-01-04	17328.0323
2020-01-05	17328.3357
2020-01-06	17328.8951
2020-01-07	17329.9097
2020-01-08	17330.4407
2020-01-09	17331.0191
2020-01-10	17331.4742
2020-01-11	17331.7777
2020-01-12	17332.0811
2020-01-13	17332.3466
2020-01-14	17333.2853
2020-01-15	17333.8068
2020-01-16	17334.3947
2020-01-17	17334.9826
2020-01-18	17335.286
2020-01-19	17335.5894
2020-01-20	17336.1773
2020-01-21	17337.2014
2020-01-22	17337.0686
2020-01-23	17337.6944
2020-01-24	17338.178
2020-01-25	17338.4814
2020-01-26	17338.7848
2020-01-27	17339.0883
2020-01-28	17339.0693
2020-01-29	17340.2546
2020-01-30	17340.8235
2020-01-31	17341.2407
2020-02-01	17341.5441
2020-02-02	17341.8475
2020-02-03	17342.407
2020-02-04	17343.3552
2020-02-05	17343.8956
2020-02-06	17343.8387
2020-02-07	17344.0663
2020-02-08	17344.3697
2020-02-09	17344.6732
2020-02-10	17344.8344
2020-02-11	17345.811
2020-02-12	17346.2946
2020-02-13	17346.7402
2020-02-14	17347.1764
2020-02-15	17347.4798
2020-02-16	17347.7833
2020-02-17	17348.3048
2020-02-18	17349.1866
2020-02-19	17349.746
2020-02-20	17350.2106
2020-02-21	17350.6942
2020-02-22	17350.9976
2020-02-23	17351.3011
2020-02-24	17352.7044
2020-02-25	17353.6526
2020-02-26	17354.0508
2020-02-27	17354.5344
2020-02-28	17355.1128
2020-02-29	17355.4163
2020-03-01	17355.7197
2020-03-02	17356.6489
2020-03-03	17360.3374
2020-03-04	17360.3279
2020-03-05	17361.4468
2020-03-06	17361.5511
2020-03-07	17361.7597
2020-03-08	17361.9588
2020-03-09	17362.1579
2020-03-10	17362.4993
2020-03-11	17362.907
2020-03-12	17363.1536
2020-03-13	17363.2673
2020-03-14	17363.4759
2020-03-15	17363.6751
2020-03-16	17363.0777
2020-03-17	17364.1492
2020-03-18	17364.756
2020-03-19	17364.3578
2020-03-20	17364.1586
2020-03-21	17364.2535
2020-03-22	17364.3578
2020-03-23	17366.349
2020-03-24	17368.3118
2020-03-25	17368.5962
2020-03-26	17368.8428
2020-03-27	17369.3358
2020-03-28	17369.3358
2020-03-29	17369.3358
2020-03-30	17369.9521
2020-03-31	17371.4313
2020-04-01	17372.0097
2020-04-02	17372.8157
2020-04-03	17373.6312
2020-04-04	17373.6312
2020-04-05	17373.6312
2020-04-06	17374.4276
2020-04-07	17375.0345
2020-04-08	17375.812
2020-04-09	17376.1439
2020-04-10	17376.1439
2020-04-11	17376.1439
2020-04-12	17376.1439
2020-04-13	17376.1439
2020-04-14	17376.6369
2020-04-15	17377.4619
2020-04-16	17377.9549
2020-04-17	17378.3816
2020-04-18	17378.3816
2020-04-19	17378.3816
2020-04-20	17378.7135
2020-04-21	17379.4341
2020-04-22	17379.6712
2020-04-23	17379.9082
2020-04-24	17380.2117
2020-04-25	17380.2117
2020-04-26	17380.2117
2020-04-27	17380.2117
2020-04-28	17381.1883
2020-04-29	17381.4822
2020-04-30	17381.8426
2020-05-01	17382.1555
2020-05-02	17382.1555
2020-05-03	17382.1555
2020-05-04	17382.3925
2020-05-05	17383.1037
2020-05-06	17383.2838
2020-05-07	17383.5019
2020-05-08	17383.7769
2020-05-09	17383.7769
2020-05-10	17383.7769
2020-05-11	17383.9476
2020-05-12	17384.4027
2020-05-13	17384.6113
2020-05-14	17384.1467
2020-05-15	17384.3174
2020-05-16	17384.3174
2020-05-17	17384.3174
2020-05-18	17384.4311
2020-05-19	17384.8673
2020-05-20	17385.0095
2020-05-21	17385.2371
2020-05-22	17385.3793
2020-05-23	17385.3793
2020-05-24	17385.3793
2020-05-25	17385.5026
2020-05-26	17385.9198
2020-05-27	17386.062
2020-05-28	17386.1663
2020-05-29	17386.062
2020-05-30	17386.062
2020-05-31	17386.062
2020-06-01	17386.2138
2020-06-02	17386.631
2020-06-03	17386.7827
2020-06-04	17386.8965
2020-06-05	17387.0387
2020-06-06	17387.0387
2020-06-07	17387.0387
2020-06-08	17387.0387
2020-06-09	17387.143
2020-06-10	17387.674
2020-06-11	17387.8067
2020-06-12	17387.9395
2020-06-13	17387.9395
2020-06-14	17387.9395
2020-06-15	17388.0533
2020-06-16	17388.442
2020-06-17	17388.5558
2020-06-18	17388.6886
2020-06-19	17388.8023
2020-06-20	17388.8023
2020-06-21	17388.8023
2020-06-22	17388.9256
2020-06-23	17389.2859
2020-06-24	17389.4661
2020-06-25	17389.5799
2020-06-26	17389.6936
2020-06-27	17389.6936
2020-06-28	17389.6936
2020-06-29	17389.8169
2020-06-30	17390.1677
2020-07-01	17390.272
2020-07-02	17390.3763
2020-07-03	17390.4712
2020-07-04	17390.4712
2020-07-05	17390.4712
2020-07-06	17390.585
2020-07-07	17390.841
2020-07-08	17390.9453
2020-07-09	17391.0401
2020-07-10	17391.1444
2020-07-11	17391.1444
2020-07-12	17391.1444
2020-07-13	17391.2487
2020-07-14	17391.5521
2020-07-15	17391.6564
2020-07-16	17391.7418
2020-07-17	17391.8366
2020-07-18	17391.8366
2020-07-19	17391.8366
2020-07-20	17391.9314
2020-07-21	17392.2253
2020-07-22	17392.3202
2020-07-23	17392.415
2020-07-24	17392.5003
2020-07-25	17392.5003
2020-07-26	17392.5003
2020-07-27	17392.6046
2020-07-28	17392.8701
2020-07-29	17392.9555
2020-07-30	17393.0503
2020-07-31	17393.1356
2020-08-01	17393.1356
2020-08-02	17393.1356
2020-08-03	17393.2209
2020-08-04	17393.4864
2020-08-05	17393.5718
2020-08-06	17393.6476
2020-08-07	17393.6192
2020-08-08	17393.6192
2020-08-09	17393.6192
2020-08-10	17393.695
2020-08-11	17393.6666
2020-08-12	17393.7425
2020-08-13	17393.8183
2020-08-14	17393.8847
2020-08-15	17393.8847
2020-08-16	17393.8847
2020-08-17	17393.9605
2020-08-18	17394.1123
2020-08-19	17394.1786
2020-08-20	17394.264
2020-08-21	17394.3493
2020-08-22	17394.3493
2020-08-23	17394.3493
2020-08-24	17394.4346
2020-08-25	17395.1458
2020-08-26	17395.2216
2020-08-27	17395.307
2020-08-28	17395.3923
2020-08-29	17395.3923
2020-08-30	17395.3923
2020-08-31	17395.4587
2020-09-01	17395.6863
2020-09-02	17395.7716
2020-09-03	17395.838
2020-09-04	17395.9138
2020-09-05	17395.9138
2020-09-06	17395.9138
2020-09-07	17395.8949
2020-09-08	17396.113
2020-09-09	17396.1888
2020-09-10	17396.2647
2020-09-11	17396.331
2020-09-12	17396.331
2020-09-13	17396.331
2020-09-14	17396.4069
2020-09-15	17396.6155
2020-09-16	17396.6914
2020-09-17	17396.7577
2020-09-18	17396.8146
2020-09-19	17396.8146
2020-09-20	17396.8146
2020-09-21	17396.9189
2020-09-22	17397.1086
2020-09-23	17397.1749
2020-09-24	17395.3923
2020-09-25	17395.4682
2020-09-26	17395.4682
2020-09-27	17395.4682
2020-09-28	17395.6009
2020-09-29	17395.6768
2020-09-30	17395.7052
2020-10-01	17395.7811
2020-10-02	17395.838
2020-10-03	17395.838
2020-10-04	17395.838
2020-10-05	17395.9233
2020-10-06	17396.113
2020-10-07	17396.1509
2020-10-08	17396.2362
2020-10-09	17396.3026
2020-10-10	17396.3026
2020-10-11	17396.3026
2020-10-12	17396.3405
2020-10-13	17396.5207
2020-10-14	17396.5776
2020-10-15	17396.6439
2020-10-16	17396.7008
2020-10-17	17396.7008
2020-10-18	17396.7008
2020-10-19	17396.7577
2020-10-20	17396.9284
2020-10-21	17396.8715
2020-10-22	17396.9948
2020-10-23	17396.9948
2020-10-24	17396.9948
2020-10-25	17396.9948
2020-10-26	17397.0422
2020-10-27	17397.3361
2020-10-28	17397.4025
2020-10-29	17397.4594
2020-10-30	17397.5068
2020-10-31	17397.5068
2020-11-01	17397.5068
2020-11-02	17397.5732
2020-11-03	17397.5732
2020-11-04	17397.7533
2020-11-05	17397.9809
2020-11-06	17398.0283
2020-11-07	17398.0283
2020-11-08	17398.0283
2020-11-09	17398.0568
2020-11-10	17398.1516
2020-11-11	17398.18
2020-11-12	17398.218
2020-11-13	17398.2464
2020-11-14	17398.2464
2020-11-15	17398.2464
2020-11-16	17398.3128
2020-11-17	17398.436
2020-11-18	17398.474
2020-11-19	17398.5119
2020-11-20	17398.5403
2020-11-21	17398.5403
2020-11-22	17398.5403
2020-11-23	17398.5783
2020-11-24	17398.6921
2020-11-25	17398.7205
2020-11-26	17398.7395
2020-11-27	17398.8058
2020-11-28	17398.8058
2020-11-29	17398.8058
2020-11-30	17398.8722
2020-12-01	17398.9765
2020-12-02	17398.9576
2020-12-03	17399.0144
2020-12-04	17398.8912
2020-12-05	17398.8912
2020-12-06	17398.8912
2020-12-07	17398.9576
2020-12-08	17399.0524
2020-12-09	17399.0808
2020-12-10	17399.1093
2020-12-11	17399.1377
2020-12-12	17399.1377
2020-12-13	17399.1377
2020-12-14	17399.2041
2020-12-15	17399.2799
2020-12-16	17399.3179
2020-12-17	17399.3653
2020-12-18	17399.4032
2020-12-19	17399.4032
2020-12-20	17399.4032
2020-12-21	17399.4316
2020-12-22	17399.5549
2020-12-23	17399.5834
2020-12-24	17399.5834
2020-12-25	17399.5834
2020-12-26	17399.5834
2020-12-27	17399.5834
2020-12-28	17399.5834
2020-12-29	17399.5834
2020-12-30	17399.5834
2020-12-31	17399.8489
2021-01-01	17399.8489
2021-01-02	17399.8489
2021-01-03	17399.8489
2021-01-04	17399.8773
2021-01-05	17399.9816
2021-01-06	17400.0101
2021-01-07	17400.0195
2021-01-08	17399.8204
2021-01-09	17399.8204
2021-01-10	17399.8204
2021-01-11	17399.8489
2021-01-12	17399.9057
2021-01-13	17399.9152
2021-01-14	17399.9342
2021-01-15	17399.9532
2021-01-16	17399.9532
2021-01-17	17399.9532
2021-01-18	17399.9721
2021-01-19	17400.0195
2021-01-20	17399.6877
2021-01-21	17399.6877
2021-01-22	17399.7351
2021-01-23	17399.7351
2021-01-24	17399.7351
2021-01-25	17399.7351
2021-01-26	17399.7351
2021-01-27	17399.773
2021-01-28	17399.6971
2021-01-29	17399.7635
2021-01-30	17399.7635
2021-01-31	17399.7635
2021-02-01	17399.7825
2021-02-02	17399.8299
2021-02-03	17399.8109
2021-02-04	17399.773
2021-02-05	17399.773
2021-02-06	17399.773
2021-02-07	17399.773
2021-02-08	17400.029
2021-02-09	17400.1902
2021-02-10	17400.1428
2021-02-11	17400.1333
2021-02-12	17400.1428
2021-02-13	17400.1428
2021-02-14	17400.1428
2021-02-15	17400.1523
2021-02-16	17400.1997
2021-02-17	17400.2092
2021-02-18	17400.2471
2021-02-19	17400.2566
2021-02-20	17400.2566
2021-02-21	17400.2566
2021-02-22	17400.2471
2021-02-23	17400.3135
2021-02-24	17400.3324
2021-02-25	17400.4652
2021-02-26	17400.4367
2021-02-27	17400.4367
2021-02-28	17400.4367
2021-03-01	17401.6599
2021-03-02	17401.7358
2021-03-03	17401.7737
2021-03-04	17401.7737
2021-03-05	17401.7737
2021-03-06	17401.7737
2021-03-07	17401.7737
2021-03-08	17401.7737
2021-03-09	17401.7642
2021-03-10	17401.8306
2021-03-11	17401.859
2021-03-12	17401.8875
2021-03-13	17401.8875
2021-03-14	17401.8875
2021-03-15	17401.9254
2021-03-16	17402.0202
2021-03-17	17402.0392
2021-03-18	17402.0866
2021-03-19	17402.1245
2021-03-20	17402.1245
2021-03-21	17402.1245
2021-03-22	17402.1625
2021-03-23	17402.2099
2021-03-24	17402.2857
2021-03-25	17402.3237
2021-03-26	17402.3995
2021-03-27	17402.3995
2021-03-28	17402.3995
2021-03-29	17402.428
2021-03-30	17402.5512
2021-03-31	17402.4469
2021-04-01	17402.4659
2021-04-02	17402.4659
2021-04-03	17402.4659
2021-04-04	17402.4659
2021-04-05	17402.4659
2021-04-06	17402.4943
2021-04-07	17402.6176
2021-04-08	17402.5133
2021-04-09	17402.5133
2021-04-10	17402.5133
2021-04-11	17402.5133
2021-04-12	17402.5512
2021-04-13	17402.7219
2021-04-14	17402.684
2021-04-15	17402.7029
2021-04-16	17402.7409
2021-04-17	17402.7409
2021-04-18	17402.7409
2021-04-19	17402.7503
2021-04-20	17402.8831
2021-04-21	17402.8736
2021-04-22	17402.8357
2021-04-23	17402.8736
2021-04-24	17402.8736
2021-04-25	17402.8736
2021-04-26	17402.9115
2021-04-27	17403.0633
2021-04-28	17403.0917
2021-04-29	17403.1676
2021-04-30	17403.215
2021-05-01	17403.215
2021-05-02	17403.215
2021-05-03	17403.3098
2021-05-04	17403.4425
2021-05-05	17403.5563
2021-05-06	17403.6132
2021-05-07	17403.6701
2021-05-08	17403.6701
2021-05-09	17403.6701
2021-05-10	17403.6701
2021-05-11	17403.8503
2021-05-12	17403.8977
2021-05-13	17404.0115
2021-05-14	17404.0589
2021-05-15	17404.0589
2021-05-16	17404.0589
2021-05-17	17404.1158
2021-05-18	17404.2864
2021-05-19	17404.3528
2021-05-20	17404.3907
2021-05-21	17404.4381
2021-05-22	17404.4381
2021-05-23	17404.4381
2021-05-24	17404.5614
2021-05-25	17404.6847
2021-05-26	17404.7321
2021-05-27	17404.789
2021-05-28	17404.9028
2021-05-29	17404.9028
2021-05-30	17404.9028
2021-05-31	17404.9691
2021-06-01	17405.1493
2021-06-02	17405.2441
2021-06-03	17405.3105
2021-06-04	17405.3863
2021-06-05	17405.3863
2021-06-06	17405.3863
2021-06-07	17405.5096
2021-06-08	17405.6518
2021-06-09	17405.7372
2021-06-10	17405.7846
2021-06-11	17405.8604
2021-06-12	17405.8604
2021-06-13	17405.8604
2021-06-14	17405.8604
2021-06-15	17405.8794
2021-06-16	17406.0216
2021-06-17	17406.0975
2021-06-18	17406.1733
2021-06-19	17406.1733
2021-06-20	17406.1733
2021-06-21	17406.1923
2021-06-22	17406.2397
2021-06-23	17406.2492
2021-06-24	17406.2871
2021-06-25	17406.1544
2021-06-26	17406.1544
2021-06-27	17406.1544
2021-06-28	17406.1449
2021-06-29	17406.2966
2021-06-30	17406.3914
2021-07-01	17406.3345
2021-07-02	17406.3725
2021-07-03	17406.3725
2021-07-04	17406.3725
2021-07-05	17406.4199
2021-07-06	17406.5621
2021-07-07	17406.5716
2021-07-08	17406.6095
2021-07-09	17406.6759
2021-07-10	17406.6759
2021-07-11	17406.6759
2021-07-12	17406.7423
2021-07-13	17406.8466
2021-07-14	17406.9129
2021-07-15	17406.9319
2021-07-16	17406.9793
2021-07-17	17406.9793
2021-07-18	17406.9793
2021-07-19	17407.0172
2021-07-20	17407.1215
2021-07-21	17407.169
2021-07-22	17407.2258
2021-07-23	17407.2638
2021-07-24	17407.2638
2021-07-25	17407.2638
2021-07-26	17407.2827
2021-07-27	17407.3965
2021-07-28	17407.425
2021-07-29	17407.4913
2021-07-30	17407.5293
2021-07-31	17407.5293
2021-08-01	17407.5293
2021-08-02	17407.5767
2021-08-03	17407.6905
2021-08-04	17407.7758
2021-08-05	17407.8137
2021-08-06	17407.8517
2021-08-07	17407.8517
2021-08-08	17407.8517
2021-08-09	17407.8991
2021-08-10	17407.9844
2021-08-11	17408.0413
2021-08-12	17408.0603
2021-08-13	17408.0887
2021-08-14	17408.0887
2021-08-15	17408.0887
2021-08-16	17408.1551
2021-08-17	17408.2404
2021-08-18	17408.2594
2021-08-19	17408.2878
2021-08-20	17408.3258
2021-08-21	17408.3258
2021-08-22	17408.3258
2021-08-23	17408.3732
2021-08-24	17408.4869
2021-08-25	17408.4395
2021-08-26	17408.3637
2021-08-27	17408.3921
2021-08-28	17408.3921
2021-08-29	17408.3921
2021-08-30	17408.4301
2021-08-31	17408.5438
2021-09-01	17408.5154
2021-09-02	17408.5533
2021-09-03	17408.5913
2021-09-04	17408.5913
2021-09-05	17408.5913
2021-09-06	17408.6292
2021-09-07	17408.7619
2021-09-08	17408.8378
2021-09-09	17408.9042
2021-09-10	17408.961
2021-09-11	17408.961
2021-09-12	17408.961
2021-09-13	17408.8947
2021-09-14	17409.0464
2021-09-15	17409.0464
2021-09-16	17409.1128
2021-09-17	17409.1697
2021-09-18	17409.1697
2021-09-19	17409.1697
2021-09-20	17409.236
2021-09-21	17409.4162
2021-09-22	17409.3877
2021-09-23	17409.4731
2021-09-24	17409.4731
2021-09-25	17409.4731
2021-09-26	17409.4731
2021-09-27	17409.53
2021-09-28	17409.7481
2021-09-29	17409.6722
2021-09-30	17409.6627
2021-10-01	17409.6722
2021-10-02	17409.6722
2021-10-03	17409.6722
2021-10-04	17409.7196
2021-10-05	17409.9187
2021-10-06	17409.8618
2021-10-07	17409.9756
2021-10-08	17409.8808
2021-10-09	17409.8808
2021-10-10	17409.8808
2021-10-11	17409.9377
2021-10-12	17410.0515
2021-10-13	17410.061
2021-10-14	17410.1273
2021-10-15	17410.1842
2021-10-16	17410.1842
2021-10-17	17410.1842
2021-10-18	17410.2506
2021-10-19	17410.3928
2021-10-20	17410.298
2021-10-21	17410.3833
2021-10-22	17410.4402
2021-10-23	17410.4402
2021-10-24	17410.4402
2021-10-25	17410.3359
2021-10-26	17410.5445
2021-10-27	17410.6773
2021-10-28	17410.6963
2021-10-29	17410.4213
2021-10-30	17410.4213
2021-10-31	17410.4213
2021-11-01	17410.1842
2021-11-02	17410.1842
2021-11-03	17410.6109
2021-11-04	17410.8859
2021-11-05	17411.0092
2021-11-06	17411.0092
2021-11-07	17411.0092
2021-11-08	17411.1419
2021-11-09	17411.3884
2021-11-10	17411.5212
2021-11-11	17411.6824
2021-11-12	17411.7488
2021-11-13	17411.7488
2021-11-14	17411.7488
2021-11-15	17411.8815
2021-11-16	17412.166
2021-11-17	17412.2892
2021-11-18	17412.403
2021-11-19	17412.5642
2021-11-20	17412.5642
2021-11-21	17412.5642
2021-11-22	17412.6021
2021-11-23	17412.8961
2021-11-24	17413.0193
2021-11-25	17413.1616
2021-11-26	17413.3228
2021-11-27	17413.3228
2021-11-28	17413.3228
2021-11-29	17413.465
2021-11-30	17413.9201
2021-12-01	17414.0718
2021-12-02	17414.2236
2021-12-03	17414.3753
2021-12-04	17414.3753
2021-12-05	17414.3753
2021-12-06	17414.5175
2021-12-07	17414.9821
2021-12-08	17415.1433
2021-12-09	17415.295
2021-12-10	17415.4467
2021-12-11	17415.4467
2021-12-12	17415.4467
2021-12-13	17415.6079
2021-12-14	17416.0725
2021-12-15	17416.2337
2021-12-16	17416.376
2021-12-17	17416.5372
2021-12-18	17416.5372
2021-12-19	17416.5372
2021-12-20	17416.6889
2021-12-21	17417.1725
2021-12-22	17417.3431
2021-12-23	17417.4948
2021-12-24	17417.4948
2021-12-25	17417.4948
2021-12-26	17417.4948
2021-12-27	17417.4948
2021-12-28	17417.4948
2021-12-29	17417.4948
2021-12-30	17417.4948
2021-12-31	17418.7749
2022-01-01	17418.7749
2022-01-02	17418.7749
2022-01-03	17418.7749
2022-01-04	17418.9361
2022-01-05	17419.5714
2022-01-06	17419.7421
2022-01-07	17419.8938
2022-01-08	17419.8938
2022-01-09	17419.8938
2022-01-10	17420.0645
2022-01-11	17420.548
2022-01-12	17420.6998
2022-01-13	17420.8515
2022-01-14	17421.0127
2022-01-15	17421.0127
2022-01-16	17421.0127
2022-01-17	17421.0695
2022-01-18	17421.5342
2022-01-19	17421.5247
2022-01-20	17421.6764
2022-01-21	17421.8376
2022-01-22	17421.8376
2022-01-23	17421.8376
2022-01-24	17421.8376
2022-01-25	17422.4918
2022-01-26	17422.4918
2022-01-27	17422.653
2022-01-28	17422.9565
2022-01-29	17422.9565
2022-01-30	17422.9565
2022-01-31	17423.1177
2022-02-01	17423.5918
2022-02-02	17423.753
2022-02-03	17423.9047
2022-02-04	17424.0753
2022-02-05	17424.0753
2022-02-06	17424.0753
2022-02-07	17424.2271
2022-02-08	17424.7106
2022-02-09	17424.8813
2022-02-10	17425.033
2022-02-11	17425.1847
2022-02-12	17425.1847
2022-02-13	17425.1847
2022-02-14	17425.3459
2022-02-15	17425.7347
2022-02-16	17425.8959
2022-02-17	17426.0571
2022-02-18	17426.2183
2022-02-19	17426.2183
2022-02-20	17426.2183
2022-02-21	17426.37
2022-02-22	17426.863
2022-02-23	17427.0242
2022-02-24	17427.0242
2022-02-25	17427.3371
2022-02-26	17427.3371
2022-02-27	17427.3371
2022-02-28	17427.4983
2022-03-01	17427.9724
2022-03-02	17428.2
2022-03-03	17428.3707
2022-03-04	17428.5319
2022-03-05	17428.7026
2022-03-06	17428.8637
2022-03-07	17429.0155
2022-03-08	17429.1672
2022-03-09	17429.3189
2022-03-10	17429.4801
2022-03-11	17429.6507
2022-03-12	17429.8214
2022-03-13	17429.9826
2022-03-14	17430.1438
2022-03-15	17430.2671
2022-03-16	17430.4188
2022-03-17	17430.58
2022-03-18	17430.7412
2022-03-19	17430.9119
2022-03-20	17431.073
2022-03-21	17431.2342
2022-03-22	17431.386
2022-03-23	17431.5566
2022-03-24	17431.7083
2022-03-25	17431.879
2022-03-26	17432.0497
2022-03-27	17432.2109
2022-03-28	17432.3531
2022-03-29	17432.5048
2022-03-30	17432.666
2022-03-31	17432.8367
2022-04-01	17432.9884
2022-04-02	17433.1591
2022-04-03	17433.3203
2022-04-04	17433.5478
2022-04-05	17433.709
2022-04-06	17434.1547
2022-04-07	17434.3728
2022-04-08	17434.6003
2022-04-09	17434.8184
2022-04-10	17435.0365
2022-04-11	17435.2546
2022-04-12	17435.4727
2022-04-13	17435.6908
2022-04-14	17435.9278
2022-04-15	17436.1459
2022-04-16	17436.364
2022-04-17	17436.5821
2022-04-18	17436.8097
2022-04-19	17437.0277
2022-04-20	17437.2553
2022-04-21	17437.4639
2022-04-22	17437.701
2022-04-23	17437.919
2022-04-24	17438.1371
2022-04-25	17438.3647
2022-04-26	17438.5828
2022-04-27	17438.8104
2022-04-28	17439.019
2022-04-29	17439.237
2022-04-30	17439.4551
2022-05-01	17439.6732
2022-05-02	17439.9008
2022-05-03	17440.1283
2022-05-04	17440.4413
2022-05-05	17440.6593
2022-05-06	17441.086
2022-05-07	17441.3989
2022-05-08	17441.7024
2022-05-09	17442.0247
2022-05-10	17442.3756
2022-05-11	17442.5937
2022-05-12	17442.9161
2022-05-13	17443.2384
2022-05-14	17443.5513
2022-05-15	17443.8548
2022-05-16	17444.1772
2022-05-17	17444.528
2022-05-18	17444.8409
2022-05-19	17444.8883
2022-05-20	17445.2107
2022-05-21	17445.5236
2022-05-22	17445.827
2022-05-23	17446.1589
2022-05-24	17446.5002
2022-05-25	17446.8321
2022-05-26	17447.145
2022-05-27	17447.4864
2022-05-28	17447.7993
2022-05-29	17448.1027
2022-05-30	17448.4156
2022-05-31	17448.6527
2022-06-01	17448.9845
2022-06-02	17449.2026
2022-06-03	17449.5155
2022-06-04	17449.8284
2022-06-05	17450.1318
2022-06-06	17450.4542
2022-06-07	17450.824
2022-06-08	17451.3076
2022-06-09	17451.8481
2022-06-10	17452.3696
2022-06-11	17452.8627
2022-06-12	17453.3557
2022-06-13	17453.8488
2022-06-14	17454.3798
2022-06-15	17455.1004
2022-06-16	17455.6314
2022-06-17	17456.1624
2022-06-18	17456.6555
2022-06-19	17457.1485
2022-06-20	17457.6605
2022-06-21	17458.2484
2022-06-22	17458.7699
2022-06-23	17459.3104
2022-06-24	17459.8319
2022-06-25	17460.325
2022-06-26	17460.818
2022-06-27	17461.349
2022-06-28	17461.9369
2022-06-29	17462.4679
2022-06-30	17462.961
2022-07-01	17463.5299
2022-07-02	17464.0419
2022-07-03	17464.554
2022-07-04	17465.1039
2022-07-05	17465.7202
2022-07-06	17466.4409
2022-07-07	17467.1899
2022-07-08	17467.939
2022-07-09	17468.6407
2022-07-10	17469.3329
2022-07-11	17470.0914
2022-07-12	17470.9543
2022-07-13	17471.4568
2022-07-14	17472.2059
2022-07-15	17472.9455
2022-07-16	17473.6472
2022-07-17	17474.3394
2022-07-18	17475.1074
2022-07-19	17475.9703
2022-07-20	17476.7099
2022-07-21	17477.2788
2022-07-22	17478.0184
2022-07-23	17478.72
2022-07-24	17479.4122
2022-07-25	17480.1708
2022-07-26	17481.0337
2022-07-27	17481.7827
2022-07-28	17482.5413
2022-07-29	17483.2809
2022-07-30	17483.9825
2022-07-31	17484.6747
2022-08-01	17485.4333
2022-08-02	17486.2962
2022-08-03	17487.2349
2022-08-04	17488.202
2022-08-05	17489.1408
2022-08-06	17490.0226
2022-08-07	17490.8949
2022-08-08	17491.8621
2022-08-09	17492.9715
2022-08-10	17493.9197
2022-08-11	17494.8868
2022-08-12	17495.835
2022-08-13	17496.7169
2022-08-14	17497.5892
2022-08-15	17498.5469
2022-08-16	17499.6658
2022-08-17	17500.6234
2022-08-18	17501.5716
2022-08-19	17502.5388
2022-08-20	17503.4206
2022-08-21	17504.3025
2022-08-22	17505.2601
2022-08-23	17504.5016
2022-08-24	17505.4593
2022-08-25	17506.4169
2022-08-26	17507.3746
2022-08-27	17508.2564
2022-08-28	17509.1383
2022-08-29	17510.0959
2022-08-30	17511.2053
2022-08-31	17512.1535
2022-09-01	17513.1112
2022-09-02	17514.0594
2022-09-03	17514.9412
2022-09-04	17515.8231
2022-09-05	17516.7902
2022-09-06	17517.8712
2022-09-07	17519.0185
2022-09-08	17520.1658
2022-09-09	17521.3416
2022-09-10	17522.4131
2022-09-11	17523.475
2022-09-12	17524.6508
2022-09-13	17527.5049
2022-09-14	17528.5384
2022-09-15	17529.7142
2022-09-16	17530.871
2022-09-17	17531.9425
2022-09-18	17533.0044
2022-09-19	17534.1707
2022-09-20	17535.5172
2022-09-21	17536.6834
2022-09-22	17537.7549
2022-09-23	17538.8169
2022-09-24	17539.8884
2022-09-25	17540.9503
2022-09-26	17542.3063
2022-09-27	17543.6622
2022-09-28	17544.819
2022-09-29	17545.9853
2022-09-30	17547.1421
2022-10-01	17548.2135
2022-10-02	17549.2755
2022-10-03	17550.4418
2022-10-04	17551.7977
2022-10-05	17553.0494
2022-10-06	17554.301
2022-10-07	17555.5716
2022-10-08	17556.7284
2022-10-09	17557.8947
2022-10-10	17559.1652
2022-10-11	17560.3789
2022-10-12	17561.6495
2022-10-13	17562.9201
2022-10-14	17564.1812
2022-10-15	17565.3475
2022-10-16	17566.5043
2022-10-17	17567.7749
2022-10-18	17569.2256
2022-10-19	17570.4962
2022-10-20	17571.7763
2022-10-21	17573.0374
2022-10-22	17574.2037
2022-10-23	17575.3605
2022-10-24	17576.6406
2022-10-25	17578.1197
2022-10-26	17579.3903
2022-10-27	17580.5471
2022-10-28	17581.8177
2022-10-29	17582.984
2022-10-30	17584.1408
2022-10-31	17585.4114
2022-11-01	17586.5777
2022-11-02	17588.2181
2022-11-03	17589.5171
2022-11-04	17590.9868
2022-11-05	17592.2384
2022-11-06	17593.4995
2022-11-07	17594.8744
2022-11-08	17596.4674
2022-11-09	17597.8328
2022-11-10	17599.2077
2022-11-11	17600.5826
2022-11-12	17601.8437
2022-11-13	17603.0953
2022-11-14	17604.328
2022-11-15	17605.9209
2022-11-16	17607.3053
2022-11-17	17608.6707
2022-11-18	17610.0456
2022-11-19	17611.3067
2022-11-20	17612.5583
2022-11-21	17613.9427
2022-11-22	17615.3365
2022-11-23	17616.7209
2022-11-24	17618.0958
2022-11-25	17619.4707
2022-11-26	17620.7318
2022-11-27	17621.9834
2022-11-28	17623.3488
2022-11-29	17624.9608
2022-11-30	17626.3262
2022-12-01	17627.7105
2022-12-02	17629.0665
2022-12-03	17630.3276
2022-12-04	17631.5792
2022-12-05	17632.9067
2022-12-06	17634.3385
2022-12-07	17635.7987
2022-12-08	17637.1546
2022-12-09	17638.7665
2022-12-10	17640.1225
2022-12-11	17641.4689
2022-12-12	17642.9481
2022-12-13	17644.6738
2022-12-14	17646.1435
2022-12-15	17647.6227
2022-12-16	17649.1019
2022-12-17	17650.4578
2022-12-18	17651.8043
2022-12-19	17653.1602
2022-12-20	17655.0376
2022-12-21	17656.5168
2022-12-22	17657.996
2022-12-23	17659.4847
2022-12-24	17660.8406
2022-12-25	17662.1871
2022-12-26	17663.543
2022-12-27	17664.8894
2022-12-28	17666.2454
2022-12-29	17667.5918
2022-12-30	17669.8485
2022-12-31	17671.1949
2023-01-01	17672.5509
2023-01-02	17673.8973
2023-01-03	17675.3765
2023-01-04	17677.235
2023-01-05	17678.7142
2023-01-06	17680.2028
2023-01-07	17681.5493
2023-01-08	17682.9052
2023-01-09	17684.3749
2023-01-10	17686.1101
2023-01-11	17687.5988
2023-01-12	17689.078
2023-01-13	17690.4434
2023-01-14	17691.7898
2023-01-15	17693.1458
2023-01-16	17694.6249
2023-01-17	17696.3696
2023-01-18	17697.8583
2023-01-19	17699.328
2023-01-20	17700.8072
2023-01-21	17702.1631
2023-01-22	17703.5096
2023-01-23	17705.3017
2023-01-24	17707.0274
2023-01-25	17708.4971
2023-01-26	17709.853
2023-01-27	17711.3607
2023-01-28	17712.7166
2023-01-29	17714.0725
2023-01-30	17715.6655
2023-01-31	17715.7982
2023-02-01	17717.2869
2023-02-02	17718.7756
2023-02-03	17721.8383
2023-02-04	17723.1942
2023-02-05	17724.5501
2023-02-06	17726.0293
2023-02-07	17727.8024
2023-02-08	17729.3859
2023-02-09	17730.9789
2023-02-10	17732.5719
2023-02-11	17734.0226
2023-02-12	17735.4734
2023-02-13	17737.0663
2023-02-14	17738.9343
2023-02-15	17740.5273
2023-02-16	17742.1297
2023-02-17	17743.7227
2023-02-18	17745.1734
2023-02-19	17746.6242
2023-02-20	17748.1034
2023-02-21	17749.3929
2023-02-22	17750.9954
2023-02-23	17752.5789
2023-02-24	17754.1718
2023-02-25	17755.6226
2023-02-26	17757.0828
2023-02-27	17758.8749
2023-02-28	17760.7334
2023-03-01	17762.7246
2023-03-02	17763.6349
2023-03-03	17765.2278
2023-03-04	17766.6881
2023-03-05	17768.1388
2023-03-06	17769.7318
2023-03-07	17771.5997
2023-03-08	17773.2212
2023-03-09	17774.9279
2023-03-10	17776.6252
2023-03-11	17778.1708
2023-03-12	17779.7258
2023-03-13	17781.2714
2023-03-14	17782.8928
2023-03-15	17785.0357
2023-03-16	17786.7425
2023-03-17	17788.4587
2023-03-18	17790.0043
2023-03-19	17791.5498
2023-03-20	17793.2471
2023-03-21	17795.2383
2023-03-22	17796.9261
2023-03-23	17798.6424
2023-03-24	17800.3491
2023-03-25	17801.8947
2023-03-26	17803.4403
2023-03-27	17805.1375
2023-03-28	17807.1382
2023-03-29	17808.8355
2023-03-30	17810.4285
2023-03-31	17812.1352
2023-04-01	17813.6808
2023-04-02	17815.2359
2023-04-03	17816.9331
2023-04-04	17818.9528
2023-04-05	17820.6501
2023-04-06	17822.3473
2023-04-07	17823.8929
2023-04-08	17825.448
2023-04-09	17826.9935
2023-04-10	17828.5486
2023-04-11	17830.2553
2023-04-12	17832.5026
2023-04-13	17834.1998
2023-04-14	17835.9066
2023-04-15	17837.4616
2023-04-16	17839.0072
2023-04-17	17840.714
2023-04-18	17842.7336
2023-04-19	17844.4404
2023-04-20	17846.1471
2023-04-21	17847.8539
2023-04-22	17849.4089
2023-04-23	17850.964
2023-04-24	17852.6802
2023-04-25	17854.2258
2023-04-26	17855.942
2023-04-27	17857.81
2023-04-28	17859.5167
2023-04-29	17861.0718
2023-04-30	17862.6174
2023-05-01	17864.3146
2023-05-02	17866.3438
2023-05-03	17868.1454
2023-05-04	17869.9469
2023-05-05	17871.758
2023-05-06	17873.4079
2023-05-07	17875.0482
2023-05-08	17876.8593
2023-05-09	17879.0117
2023-05-10	17880.8228
2023-05-11	17882.6243
2023-05-12	17884.4449
2023-05-13	17886.0948
2023-05-14	17887.7446
2023-05-15	17889.5462
2023-05-16	17891.6891
2023-05-17	17893.5002
2023-05-18	17895.3113
2023-05-19	17897.018
2023-05-20	17898.6679
2023-05-21	17900.3177
2023-05-22	17902.1288
2023-05-23	17903.7787
2023-05-24	17906.1681
2023-05-25	17907.9887
2023-05-26	17909.8092
2023-05-27	17911.4591
2023-05-28	17913.1184
2023-05-29	17914.9295
2023-05-30	17917.0629
2023-05-31	17918.874
2023-06-01	17920.7325
2023-06-02	17922.6004
2023-06-03	17924.2977
2023-06-04	17925.9855
2023-06-05	17927.8534
2023-06-06	17930.0059
2023-06-07	17931.9591
2023-06-08	17933.9314
2023-06-09	17935.9131
2023-06-10	17937.7052
2023-06-11	17939.4878
2023-06-12	17941.2705
2023-06-13	17943.2332
2023-06-14	17945.7649
2023-06-15	17947.7277
2023-06-16	17949.6999
2023-06-17	17951.492
2023-06-18	17953.2747
2023-06-19	17955.2469
2023-06-20	17957.4847
2023-06-21	17959.4664
2023-06-22	17961.4292
2023-06-23	17963.4014
2023-06-24	17965.184
2023-06-25	17966.9761
2023-06-26	17968.9484
2023-06-27	17971.0344
2023-06-28	17973.0067
2023-06-29	17974.9789
2023-06-30	17976.9512
2023-07-01	17978.7433
2023-07-02	17980.5259
2023-07-03	17982.4887
2023-07-04	17984.8307
2023-07-05	17987.0021
2023-07-06	17988.9838
2023-07-07	17990.9561
2023-07-08	17992.7482
2023-07-09	17994.5403
2023-07-10	17996.522
2023-07-11	17998.8735
2023-07-12	18000.8458
2023-07-13	18002.8275
2023-07-14	18004.7998
2023-07-15	18006.5919
2023-07-16	18008.384
2023-07-17	18010.3657
2023-07-18	18012.7267
2023-07-19	18014.699
2023-07-20	18016.6807
2023-07-21	18018.4823
2023-07-22	18020.2744
2023-07-23	18022.0665
2023-07-24	18024.0577
2023-07-25	18026.3998
2023-07-26	18028.372
2023-07-27	18030.3537
2023-07-28	18032.326
2023-07-29	18034.1276
2023-07-30	18035.9197
2023-07-31	18037.9109
2023-08-01	18040.2719
2023-08-02	18042.2442
2023-08-03	18044.2259
2023-08-04	18046.1981
2023-08-05	18047.9997
2023-08-06	18049.7918
2023-08-07	18051.783
2023-08-08	18054.1441
2023-08-09	18056.1353
2023-08-10	18058.1265
2023-08-11	18060.1082
2023-08-12	18061.9003
2023-08-13	18063.7019
2023-08-14	18065.6836
2023-08-15	18068.0636
2023-08-16	18070.0454
2023-08-17	18072.0366
2023-08-18	18074.0183
2023-08-19	18075.8104
2023-08-20	18077.612
2023-08-21	18079.4799
2023-08-22	18081.7177
2023-08-23	18083.6994
2023-08-24	18085.6906
2023-08-25	18087.6819
2023-08-26	18089.4834
2023-08-27	18091.285
2023-08-28	18093.2762
2023-08-29	18095.6372
2023-08-30	18097.6285
2023-08-31	18099.6102
2023-09-01	18101.6014
2023-09-02	18103.403
2023-09-03	18105.2046
2023-09-04	18107.1863
2023-09-05	18109.5568
2023-09-06	18111.548
2023-09-07	18113.5677
2023-09-08	18115.5589
2023-09-09	18117.3605
2023-09-10	18119.1715
2023-09-11	18121.1722
2023-09-12	18123.5522
2023-09-13	18125.5529
2023-09-14	18127.5441
2023-09-15	18129.5354
2023-09-16	18131.3464
2023-09-17	18133.148
2023-09-18	18135.1392
2023-09-19	18137.5192
2023-09-20	18139.5104
2023-09-21	18141.3878
2023-09-22	18143.3885
2023-09-23	18145.1996
2023-09-24	18147.0012
2023-09-25	18148.9924
2023-09-26	18151.3724
2023-09-27	18153.3636
2023-09-28	18155.3548
2023-09-29	18157.1564
2023-09-30	18158.9674
2023-10-01	18160.769
2023-10-02	18162.7697
2023-10-03	18165.3393
2023-10-04	18167.34
2023-10-05	18169.1416
2023-10-06	18171.3699
2023-10-07	18173.181
2023-10-08	18174.9825
2023-10-09	18176.9927
2023-10-10	18179.3537
2023-10-11	18181.3639
2023-10-12	18183.3551
2023-10-13	18185.3653
2023-10-14	18187.1764
2023-10-15	18188.9874
2023-10-16	18190.9786
2023-10-17	18193.3681
2023-10-18	18195.3688
2023-10-19	18197.379
2023-10-20	18199.3797
2023-10-21	18201.1907
2023-10-22	18203.0018
2023-10-23	18204.4336
2023-10-24	18206.8136
2023-10-25	18208.8237
2023-10-26	18210.8244
2023-10-27	18212.8251
2023-10-28	18214.6362
2023-10-29	18216.4473
2023-10-30	18218.4575
2023-10-31	18220.809
2023-11-01	18222.8097
2023-11-02	18224.8104
2023-11-03	18226.8016
2023-11-04	18228.6221
2023-11-05	18230.4332
2023-11-06	18232.4434
2023-11-07	18234.2544
2023-11-08	18236.8335
2023-11-09	18239.0429
2023-11-10	18241.1573
2023-11-11	18243.0727
2023-11-12	18244.9881
2023-11-13	18247.0551
2023-11-14	18249.5773
2023-11-15	18251.7108
2023-11-16	18253.8348
2023-11-17	18255.9492
2023-11-18	18257.8551
2023-11-19	18259.7705
2023-11-20	18261.8944
2023-11-21	18264.4356
2023-11-22	18266.5596
2023-11-23	18268.6646
2023-11-24	18270.7791
2023-11-25	18272.6944
2023-11-26	18274.6098
2023-11-27	18276.7338
2023-11-28	18279.2654
2023-11-29	18281.3894
2023-11-30	18283.4944
2023-12-01	18285.6089
2023-12-02	18287.5243
2023-12-03	18289.4396
2023-12-04	18291.5636
2023-12-05	18294.0953
2023-12-06	18296.1055
2023-12-07	18298.1062
2023-12-08	18300.2396
2023-12-09	18302.155
2023-12-10	18304.0798
2023-12-11	18306.1753
2023-12-12	18308.707
2023-12-13	18310.8594
2023-12-14	18312.9929
2023-12-15	18315.1074
2023-12-16	18317.0322
2023-12-17	18318.9476
2023-12-18	18321.0715
2023-12-19	18323.6412
2023-12-20	18325.7746
2023-12-21	18327.8986
2023-12-22	18330.032
2023-12-23	18331.9569
2023-12-24	18333.8817
2023-12-25	18335.7971
2023-12-26	18337.7219
2023-12-27	18339.6373
2023-12-28	18341.5621
2023-12-29	18344.9093
2023-12-30	18346.8246
2023-12-31	18348.7495
2024-01-01	18350.6743
2024-01-02	18352.8078
2024-01-03	18355.5481
2024-01-04	18357.672
2024-01-05	18359.796
2024-01-06	18361.7208
2024-01-07	18363.6457
2024-01-08	18365.7696
2024-01-09	18368.2918
2024-01-10	18370.5675
2024-01-11	18372.9096
2024-01-12	18375.043
2024-01-13	18377.186
2024-01-14	18379.3289
2024-01-15	18381.4623
2024-01-16	18383.4915
2024-01-17	18385.6249
2024-01-18	18387.142
2024-01-19	18389.2755
2024-01-20	18391.4184
2024-01-21	18393.5519
2024-01-22	18395.6853
2024-01-23	18397.8093
2024-01-24	18399.9522
2024-01-25	18402.0762
2024-01-26	18404.2191
2024-01-27	18406.362
2024-01-28	18408.505
2024-01-29	18410.6479
2024-01-30	18412.7529
2024-01-31	18414.8863
2024-02-01	18417.0103
2024-02-02	18419.1532
2024-02-03	18421.2962
2024-02-04	18423.4486
2024-02-05	18425.582
2024-02-06	18427.706
2024-02-07	18429.8394
2024-02-08	18431.9824
2024-02-09	18434.1063
2024-02-10	18436.2587
2024-02-11	18438.4017
2024-02-12	18440.6868
2024-02-13	18442.8203
2024-02-14	18444.9727
2024-02-15	18447.1251
2024-02-16	18449.268
2024-02-17	18451.411
2024-02-18	18453.5634
2024-02-19	18455.6968
2024-02-20	18457.8398
2024-02-21	18459.9827
2024-02-22	18462.1351
2024-02-23	18464.278
2024-02-24	18466.421
2024-02-25	18468.5734
2024-02-26	18470.7163
2024-02-27	18472.8403
2024-02-28	18474.9927
2024-02-29	18477.1451
2024-03-01	18479.1742
2024-03-02	18481.3266
2024-03-03	18483.4791
2024-03-04	18485.622
2024-03-05	18487.7554
2024-03-06	18489.9078
2024-03-07	18492.0413
2024-03-08	18494.1937
2024-03-09	18496.3461
2024-03-10	18498.4985
2024-03-11	18500.6509
2024-03-12	18502.7939
2024-03-13	18505.079
2024-03-14	18507.2314
2024-03-15	18509.3744
2024-03-16	18511.5363
2024-03-17	18513.6887
2024-03-18	18515.8506
2024-03-19	18517.9935
2024-03-20	18520.1459
2024-03-21	18522.2983
2024-03-22	18524.4602
2024-03-23	18526.6221
2024-03-24	18528.7745
2024-03-25	18530.9174
2024-03-26	18533.1173
2024-03-27	18535.2602
2024-03-28	18537.4221
2024-03-29	18539.5745
2024-03-30	18541.7364
2024-03-31	18543.8983
2024-04-01	18546.0507
2024-04-02	18548.2031
2024-04-03	18550.346
2024-04-04	18552.489
2024-04-05	18554.6509
2024-04-06	18556.8128
2024-04-07	18558.9747
2024-04-08	18561.1271
2024-04-09	18563.251
2024-04-10	18565.4129
2024-04-11	18567.5653
2024-04-12	18569.7083
2024-04-13	18571.8702
2024-04-14	18574.0321
2024-04-15	18576.1939
2024-04-16	18578.3274
2024-04-17	18580.4798
2024-04-18	18582.8124
2024-04-19	18585.0027
2024-04-20	18587.1646
2024-04-21	18589.3265
2024-04-22	18591.4979
2024-04-23	18593.6503
2024-04-24	18595.8122
2024-04-25	18597.9741
2024-04-26	18600.1265
2024-04-27	18602.2979
2024-04-28	18604.4598
2024-04-29	18606.6311
2024-04-30	18608.8025
2024-05-01	18610.9644
2024-05-02	18613.1168
2024-05-03	18615.2692
2024-05-04	18617.4406
2024-05-05	18619.6025
2024-05-06	18621.7834
2024-05-07	18623.9547
2024-05-08	18626.1261
2024-05-09	18628.2975
2024-05-10	18630.4594
2024-05-11	18632.6307
2024-05-12	18634.8021
2024-05-13	18636.9735
2024-05-14	18639.1544
2024-05-15	18641.3163
2024-05-16	18643.4971
2024-05-17	18645.6685
2024-05-18	18647.8399
2024-05-19	18650.0112
2024-05-20	18652.1921
2024-05-21	18654.354
2024-05-22	18656.5254
2024-05-23	18658.6967
2024-05-24	18660.8681
2024-05-25	18663.0395
2024-05-26	18665.2109
2024-05-27	18667.3822
2024-05-28	18669.5441
2024-05-29	18671.706
2024-05-30	18673.8774
2024-05-31	18676.0488
2024-06-01	18678.2202
2024-06-02	18680.401
2024-06-03	18682.5724
2024-06-04	18684.7343
2024-06-05	18686.8962
2024-06-06	18689.077
2024-06-07	18691.2484
2024-06-08	18693.4293
2024-06-09	18695.6006
2024-06-10	18697.7815
2024-06-11	18699.9529
2024-06-12	18702.1053
2024-06-13	18704.2767
2024-06-14	18706.448
2024-06-15	18708.6289
2024-06-16	18710.8098
2024-06-17	18712.9811
2024-06-18	18715.3516
2024-06-19	18717.5325
2024-06-20	18719.7133
2024-06-21	18721.4296
2024-06-22	18723.6104
2024-06-23	18725.7913
2024-06-24	18727.9532
2024-06-25	18730.0961
2024-06-26	18732.2675
2024-06-27	18734.4199
2024-06-28	18736.5913
2024-06-29	18738.7721
2024-06-30	18740.953
2024-07-01	18743.1244
2024-07-02	18745.2768
2024-07-03	18747.4387
2024-07-04	18749.6101
2024-07-05	18751.7814
2024-07-06	18753.9623
2024-07-07	18756.1431
2024-07-08	18758.305
2024-07-09	18760.448
2024-07-10	18762.7142
2024-07-11	18764.8761
2024-07-12	18767.0569
2024-07-13	18769.2378
2024-07-14	18771.4281
2024-07-15	18773.5995
2024-07-16	18775.6476
2024-07-17	18777.8285
2024-07-18	18780.0283
2024-07-19	18782.2091
2024-07-20	18784.3995
2024-07-21	18786.5898
2024-07-22	18788.6758
2024-07-23	18790.8946
2024-07-24	18793.066
2024-07-25	18795.2374
2024-07-26	18797.3898
2024-07-27	18799.5517
2024-07-28	18801.7136
2024-07-29	18803.8944
2024-07-30	18806.0943
2024-07-31	18808.2751
2024-08-01	18810.4465
2024-08-02	18812.6368
2024-08-03	18814.7892
2024-08-04	18816.9417
2024-08-05	18819.113
2024-08-06	18821.3318
2024-08-07	18823.5127
2024-08-08	18825.6841
2024-08-09	18827.9597
2024-08-10	18830.1121
2024-08-11	18832.274
2024-08-12	18834.4549
2024-08-13	18836.6926
2024-08-14	18838.8735
2024-08-15	18841.0544
2024-08-16	18843.2542
2024-08-17	18845.4161
2024-08-18	18847.5685
2024-08-19	18849.7493
2024-08-20	18852.0061
2024-08-21	18854.1869
2024-08-22	18856.3867
2024-08-23	18858.5676
2024-08-24	18860.72
2024-08-25	18862.8819
2024-08-26	18865.0533
2024-08-27	18867.3005
2024-08-28	18869.4814
2024-08-29	18871.6812
2024-08-30	18873.862
2024-08-31	18876.0239
2024-09-01	18878.1763
2024-09-02	18880.3667
2024-09-03	18882.6044
2024-09-04	18884.7853
2024-09-05	18886.9756
2024-09-06	18889.1565
2024-09-07	18891.3184
2024-09-08	18893.4803
2024-09-09	18895.6611
2024-09-10	18897.8989
2024-09-11	18900.0892
2024-09-12	18902.2701
2024-09-13	18904.5078
2024-09-14	18906.6697
2024-09-15	18908.8411
2024-09-16	18911.0314
2024-09-17	18913.0701
2024-09-18	18915.2699
2024-09-19	18917.4602
2024-09-20	18919.6601
2024-09-21	18921.8314
2024-09-22	18923.9933
2024-09-23	18926.0604
2024-09-24	18928.3171
2024-09-25	18930.5074
2024-09-26	18932.6978
2024-09-27	18934.8692
2024-09-28	18937.0405
2024-09-29	18939.2024
2024-09-30	18941.4023
2024-10-01	18943.6874
2024-10-02	18945.8778
2024-10-03	18948.0681
2024-10-04	18950.2679
2024-10-05	18952.4298
2024-10-06	18954.6012
2024-10-07	18956.7915
2024-10-08	18959.0293
2024-10-09	18961.2196
2024-10-10	18963.4194
2024-10-11	18965.6193
2024-10-12	18967.7906
2024-10-13	18969.962
2024-10-14	18972.1523
2024-10-15	18974.3996
2024-10-16	18976.7227
2024-10-17	18978.932
2024-10-18	18981.0275
2024-10-19	18983.1989
2024-10-20	18985.3797
2024-10-21	18987.5795
2024-10-22	18989.8173
2024-10-23	18992.0266
2024-10-24	18994.2454
2024-10-25	18996.4452
2024-10-26	18998.6166
2024-10-27	19000.788
2024-10-28	19002.9878
2024-10-29	19005.254
2024-10-30	19007.4633
2024-10-31	19009.6631
2024-11-01	19011.8629
2024-11-02	19014.0343
2024-11-03	19016.2152
2024-11-04	19018.4245
2024-11-05	19020.5958
2024-11-06	19022.8241
2024-11-07	19025.0618
2024-11-08	19027.2617
2024-11-09	19029.4425
2024-11-10	19031.6139
2024-11-11	19033.8232
2024-11-12	19036.1368
2024-11-13	19038.2418
2024-11-14	19040.4416
2024-11-15	19042.6415
2024-11-16	19044.8223
2024-11-17	19047.0032
2024-11-18	19049.3168
2024-11-19	19051.6019
2024-11-20	19053.8112
2024-11-21	19056.0205
2024-11-22	19058.2393
2024-11-23	19060.4202
2024-11-24	19062.601
2024-11-25	19064.8009
2024-11-26	19067.0671
2024-11-27	19069.2858
2024-11-28	19071.4951
2024-11-29	19073.7139
2024-11-30	19075.9043
2024-12-01	19078.0851
2024-12-02	19080.3039
2024-12-03	19082.5701
2024-12-04	19084.7889
2024-12-05	19086.9982
2024-12-06	19089.2075
2024-12-07	19091.3884
2024-12-08	19093.5787
2024-12-09	19095.7975
2024-12-10	19098.0732
2024-12-11	19100.2825
2024-12-12	19102.5013
2024-12-13	19104.5873
2024-12-14	19106.7681
2024-12-15	19108.9585
2024-12-16	19111.1868
2024-12-17	19113.6426
2024-12-18	19115.8614
2024-12-19	19118.0707
2024-12-20	19120.3084
2024-12-21	19122.4988
2024-12-22	19124.6891
2024-12-23	19126.8984
2024-12-24	19129.1931
2024-12-25	19131.3834
2024-12-26	19133.5737
2024-12-27	19135.7641
2024-12-28	19137.9544
2024-12-29	19140.1448
2024-12-30	19142.3351
2024-12-31	19144.7435
2025-01-01	19146.9528
2025-01-02	19149.1811
2025-01-03	19151.4188
2025-01-04	19153.6187
2025-01-05	19155.8185
2025-01-06	19158.0373
2025-01-07	19160.3035
2025-01-08	19162.5317
2025-01-09	19164.7505
2025-01-10	19166.9693
2025-01-11	19169.1691
2025-01-12	19171.3689
2025-01-13	19173.5877
2025-01-14	19175.8634
2025-01-15	19178.2339
2025-01-16	19180.4622
2025-01-17	19182.7094
2025-01-18	19184.9187
2025-01-19	19187.1185
2025-01-20	19189.3373
2025-01-21	19191.5845
2025-01-22	19193.8128
2025-01-23	19196.0506
2025-01-24	19198.2788
2025-01-25	19200.4787
2025-01-26	19202.688
2025-01-27	19204.8878
2025-01-28	19207.116
2025-01-29	19209.4391
2025-01-30	19211.5536
2025-01-31	19213.7914
2025-02-01	19215.9912
2025-02-02	19218.2005
2025-02-03	19220.4193
2025-02-04	19222.7139
2025-02-05	19224.9327
2025-02-06	19227.1705
2025-02-07	19229.4082
2025-02-08	19231.6175
2025-02-09	19233.8268
2025-02-10	19236.0551
2025-02-11	19238.3213
2025-02-12	19240.559
2025-02-13	19242.8916
2025-02-14	19245.1293
2025-02-15	19247.3386
2025-02-16	19249.5479
2025-02-17	19251.7857
2025-02-18	19254.0898
2025-02-19	19256.2422
2025-02-20	19258.4705
2025-02-21	19260.4712
2025-02-22	19262.5667
2025-02-23	19264.6622
2025-02-24	19266.7957
2025-02-25	19268.9765
2025-02-26	19271.1005
2025-02-27	19273.2245
2025-02-28	19275.2441
2025-03-01	19277.3397
2025-03-02	19279.4447
2025-03-03	19281.5781
2025-03-04	19283.74
2025-03-05	19285.864
2025-03-06	19287.9974
2025-03-07	19290.1214
2025-03-08	19292.2264
2025-03-09	19294.3219
2025-03-10	19296.4269
2025-03-11	19298.5603
2025-03-12	19300.6938
2025-03-13	19302.8557
2025-03-14	19305.0081
2025-03-15	19307.1321
2025-03-16	19309.256
2025-03-17	19311.4084
2025-03-18	19313.6462
2025-03-19	19315.7986
2025-03-20	19317.951
2025-03-21	19320.1034
2025-03-22	19322.2274
2025-03-23	19324.3514
2025-03-24	19326.5227
2025-03-25	19328.7036
2025-03-26	19330.856
2025-03-27	19333.0084
2025-03-28	19335.1608
2025-03-29	19337.2848
2025-03-30	19339.4182
2025-03-31	19341.5801
2025-04-01	19343.78
2025-04-02	19345.9324
2025-04-03	19348.0753
2025-04-04	19350.2372
2025-04-05	19352.3706
2025-04-06	19354.5041
2025-04-07	19356.6565
2025-04-08	19358.8658
2025-04-09	19361.0182
2025-04-10	19363.1706
2025-04-11	19365.8161
2025-04-12	19367.9495
2025-04-13	19370.083
2025-04-14	19372.2354
2025-04-15	19374.5016
2025-04-16	19376.6635
2025-04-17	19378.8159
2025-04-18	19380.9494
2025-04-19	19383.0923
2025-04-20	19385.2257
2025-04-21	19387.3592
2025-04-22	19389.4263
2025-04-23	19391.6545
2025-04-24	19393.8069
2025-04-25	19395.9499
2025-04-26	19398.0833
2025-04-27	19400.2168
2025-04-28	19402.3787
2025-04-29	19404.6543
2025-04-30	19406.8162
2025-05-01	19408.9876
2025-05-02	19411.14
2025-05-03	19413.2735
2025-05-04	19415.4069
2025-05-05	19417.5688
2025-05-06	19419.7781
2025-05-07	19421.94
2025-05-08	19424.1019
2025-05-09	19426.2638
2025-05-10	19428.3972
2025-05-11	19430.5402
2025-05-12	19432.6926
2025-05-13	19434.9208
2025-05-14	19437.0638
2025-05-15	19439.2162
2025-05-16	19441.3781
2025-05-17	19443.521
2025-05-18	19445.6545
2025-05-19	19447.7879
2025-05-20	19450.0256
2025-05-21	19452.0738
2025-05-22	19454.1693
2025-05-23	19456.2743
2025-05-24	19458.3034
2025-05-25	19460.3326
2025-05-26	19462.4376
2025-05-27	19464.6848
2025-05-28	19466.7803
2025-05-29	19468.8948
2025-05-30	19470.9903
2025-05-31	19473.0195
2025-06-01	19475.0581
2025-06-02	19476.6985
2025-06-03	19478.7656
2025-06-04	19480.8232
2025-06-05	19482.8713
2025-06-06	19484.9383
2025-06-07	19486.977
2025-06-08	19489.0061
2025-06-09	19491.0353
2025-06-10	19493.0928
2025-06-11	19495.1978
2025-06-12	19497.2554
2025-06-13	19499.313
2025-06-14	19501.3422
2025-06-15	19503.3808
2025-06-16	19505.4289
2025-06-17	19507.1167
2025-06-18	19509.1648
2025-06-19	19511.2129
2025-06-20	19513.261
2025-06-21	19515.2902
2025-06-22	19517.3288
2025-06-23	19519.3864
2025-06-24	19521.4345
2025-06-25	19523.4921
2025-06-26	19525.5307
2025-06-27	19527.5883
2025-06-28	19529.627
2025-06-29	19531.6656
2025-06-30	19533.6947
2025-07-01	19535.7902
2025-07-02	19537.8384
2025-07-03	19539.8865
2025-07-04	19541.9441
2025-07-05	19543.9827
2025-07-06	19546.0213
2025-07-07	19548.0599
2025-07-08	19550.146
2025-07-09	19552.1846
2025-07-10	19554.2422
2025-07-11	19556.2903
2025-07-12	19558.3289
2025-07-13	19560.3676
2025-07-14	19562.4346
2025-07-15	19564.5017
2025-07-16	19566.5593
2025-07-17	19568.6074
2025-07-18	19570.5797
2025-07-19	19572.6183
2025-07-20	19574.6569
2025-07-21	19576.705
2025-07-22	19578.8859
2025-07-23	19580.953
2025-07-24	19583.0011
2025-07-25	19585.0681
2025-07-26	19587.1068
2025-07-27	19589.1549
2025-07-28	19591.203
2025-07-29	19593.308
2025-07-30	19595.3656
2025-07-31	19597.4327
2025-08-01	19599.4902
2025-08-02	19601.5384
2025-08-03	19603.577
2025-08-04	19605.6346
2025-08-05	19607.7301
2025-08-06	19609.7877
2025-08-07	19611.8453
2025-08-08	19613.9029
2025-08-09	19615.951
2025-08-10	19617.9991
2025-08-11	19620.0472
2025-08-12	19622.1332
2025-08-13	19624.077
2025-08-14	19626.22
2025-08-15	19628.1827
2025-08-16	19630.1171
2025-08-17	19632.0514
2025-08-18	19633.9952
2025-08-19	19635.9864
2025-08-20	19637.9397
2025-08-21	19639.893
2025-08-22	19641.8463
2025-08-23	19643.7806
2025-08-24	19645.7149
2025-08-25	19647.6588
2025-08-26	19649.65
2025-08-27	19651.6033
2025-08-28	19653.5566
2025-08-29	19655.5098
2025-08-30	19657.4442
2025-08-31	19659.3785
2025-09-01	19661.3318
2025-09-02	19663.323
2025-09-03	19665.2763
2025-09-04	19667.2201
2025-09-05	19669.1829
2025-09-06	19671.1172
2025-09-07	19673.0515
2025-09-08	19675.0048
2025-09-09	19676.9865
2025-09-10	19678.9304
2025-09-11	19680.8931
2025-09-12	19682.9981
2025-09-13	19684.9325
2025-09-14	19686.8763
2025-09-15	19688.8296
2025-09-16	19690.8303
2025-09-17	19692.7835
2025-09-18	19694.7368
2025-09-19	19696.6901
2025-09-20	19698.6339
2025-09-21	19700.5683
2025-09-22	19702.5215
2025-09-23	19704.5128
2025-09-24	19706.4661
2025-09-25	19708.4193
2025-09-26	19710.3632
2025-09-27	19712.307
2025-09-28	19714.2413
2025-09-29	19716.1946
2025-09-30	19718.3375
2025-10-01	19720.2908
2025-10-02	19722.2536
2025-10-03	19724.2163
2025-10-04	19726.1601
2025-10-05	19728.104
2025-10-06	19730.0572
2025-10-07	19732.0674
2025-10-08	19734.0302
2025-10-09	19735.993
2025-10-10	19737.9463
2025-10-11	19739.8901
2025-10-12	19741.8339
2025-10-13	19743.7872
2025-10-14	19745.7879
2025-10-15	19747.3239
2025-10-16	19749.2962
2025-10-17	19751.2495
2025-10-18	19753.1933
2025-10-19	19755.1371
2025-10-20	19757.0904
2025-10-21	19759.1101
2025-10-22	19761.0633
2025-10-23	19763.0356
2025-10-24	19764.9984
2025-10-25	19766.9422
2025-10-26	19768.886
2025-10-27	19770.8582
2025-10-28	19772.8684
2025-10-29	19774.8502
2025-10-30	19776.8129
2025-10-31	19778.7757
2025-11-01	19780.7195
2025-11-02	19782.6728
2025-11-03	19784.6356
2025-11-04	19786.5794
2025-11-05	19788.5801
2025-11-06	19790.5713
2025-11-07	19792.5436
2025-11-08	19794.4968
2025-11-09	19796.4407
2025-11-10	19798.4034
2025-11-11	19800.3852
2025-11-12	19802.3574
2025-11-13	19804.3202
2025-11-14	19806.2924
2025-11-15	19808.2457
2025-11-16	19810.199
2025-11-17	19812.1618
2025-11-18	19814.1625
2025-11-19	19816.1063
2025-11-20	19818.126
2025-11-21	19820.0982
2025-11-22	19822.0515
2025-11-23	19824.0048
2025-11-24	19826.0624
2025-11-25	19828.082
2025-11-26	19830.0448
2025-11-27	19832.0171
2025-11-28	19833.9988
2025-11-29	19835.9521
2025-11-30	19837.9054
2025-12-01	19839.8776
2025-12-02	19841.8973
2025-12-03	19843.6325
2025-12-04	19845.6048
2025-12-05	19847.596
2025-12-06	19849.5493
2025-12-07	19851.5026
2025-12-08	19853.4748
2025-12-09	19855.4945
2025-12-10	19857.4573
2025-12-11	19859.439
2025-12-12	19861.4018
2025-12-13	19863.3551
2025-12-14	19865.3083
2025-12-15	19867.2901
2025-12-16	19869.3097
2025-12-17	19871.282
2025-12-18	19873.2637
2025-12-19	19875.2455
2025-12-20	19877.1988
2025-12-21	19879.1615
2025-12-22	19881.1338
2025-12-23	19883.1629
2025-12-24	19885.1352
2025-12-25	19887.0885
2025-12-26	19889.0512
2025-12-27	19891.014
2025-12-28	19892.9673
2025-12-29	19894.9585
2025-12-30	19897.0351
2025-12-31	19899.0073
2026-01-01	19900.9701
2026-01-02	19902.9518
2026-01-03	19904.9051
2026-01-04	19906.8679
2026-01-05	19908.8781
2026-01-06	19910.8977
2026-01-07	19912.87
2026-01-08	19914.8423
2026-01-09	19916.8335
2026-01-10	19918.7962
2026-01-11	19920.759
2026-01-12	19922.7313
2026-01-13	19924.7509
2026-01-14	19926.9033
2026-01-15	19928.8851
2026-01-16	19930.8668
2026-01-17	19932.8296
2026-01-18	19934.7924
2026-01-19	19936.7836
2026-01-20	19938.7843
2026-01-21	19940.7755
2026-01-22	19942.7667
2026-01-23	19944.7484
2026-01-24	19946.7112
2026-01-25	19948.6835
2026-01-26	19950.6462
2026-01-27	19952.6375
2026-01-28	19954.714
2026-01-29	19956.6958
2026-01-30	19958.6775
2026-01-31	19960.6497
2026-02-01	19962.6125
2026-02-02	19964.6037
2026-02-03	19966.6139
2026-02-04	19968.7379
2026-02-05	19970.8429
2026-02-06	19972.9384
2026-02-07	19975.015
2026-02-08	19977.101
2026-02-09	19979.206
2026-02-10	19981.3584
2026-02-11	19983.5487
2026-02-12	19985.6632
2026-02-13	19987.7777
2026-02-14	19989.8638
2026-02-15	19991.9498
2026-02-16	19994.0548
2026-02-17	19996.2167
2026-02-18	19998.3122
2026-02-19	20000.4267
2026-02-20	20002.38
2026-02-21	20004.466
2026-02-22	20006.5521
2026-02-23	20008.6571
2026-02-24	20010.8284
2026-02-25	20012.9429
2026-02-26	20015.0479
2026-02-27	20017.1529
2026-02-28	20019.239
2026-03-01	20021.3345
2026-03-02	20023.449
2026-03-03	20025.6109
2026-03-04	20027.7159
2026-03-05	20029.8398
2026-03-06	20031.9543
2026-03-07	20034.0498
2026-03-08	20036.1359
2026-03-09	20038.2219
2026-03-10	20040.3364
2026-03-11	20042.4224
2026-03-12	20044.5369
2026-03-13	20046.6609
2026-03-14	20048.7469
2026-03-15	20050.8424
2026-03-16	20052.9569
2026-03-17	20055.1093
2026-03-18	20057.3376
2026-03-19	20059.5659
2026-03-20	20061.5666
2026-03-21	20063.7759
2026-03-22	20065.9852
2026-03-23	20068.2134
2026-03-24	20070.4891
2026-03-25	20072.7174
2026-03-26	20074.9551
2026-03-27	20077.1834
2026-03-28	20079.3927
2026-03-29	20081.6115
2026-03-30	20083.8398
2026-03-31	20086.0965
2026-04-01	20088.2678
2026-04-02	20090.4961
2026-04-03	20092.7149
2026-04-04	20094.9242
2026-04-05	20097.1335
2026-04-06	20099.3523
2026-04-07	20101.59
2026-04-08	20103.9036
2026-04-09	20106.1224
2026-04-10	20108.3602
2026-04-11	20110.5695
2026-04-12	20112.7883
2026-04-13	20115.007
2026-04-14	20117.3396
2026-04-15	20119.5679
2026-04-16	20121.8056
2026-04-17	20124.0339
2026-04-18	20126.2527
2026-04-19	20128.462
2026-04-20	20130.3679
2026-04-21	20132.7099
2026-04-22	20134.9572
2026-04-23	20137.1949
2026-04-24	20139.4421
2026-04-25	20141.6609
2026-04-26	20143.8797
2026-04-27	20146.1175
2026-04-28	20148.4026
2026-04-29	20150.6404
2026-04-30	20152.8876
2026-05-01	20155.1253
2026-05-02	20157.3536
2026-05-03	20159.5724
2026-05-04	20161.8101
2026-05-05	20164.1048
2026-05-06	20166.4563
2026-05-07	20168.8173
2026-05-08	20171.1784
2026-05-09	20173.5204
2026-05-10	20175.853
2026-05-11	20178.214
2026-05-12	20180.6414
2026-05-13	20183.0024
2026-05-14	20185.3539
2026-05-15	20187.7149
2026-05-16	20190.057
2026-05-17	20192.399
2026-05-18	20194.7601
2026-05-19	20197.1495
2026-05-20	20199.7571
2026-05-21	20202.1181
2026-05-22	20204.4696
2026-05-23	20206.8117
2026-05-24	20209.1632
2026-05-25	20211.5147
2026-05-26	20213.9042
2026-05-27	20216.2463
2026-05-28	20218.5978
2026-05-29	20220.9588
2026-05-30	20223.3009
2026-05-31	20225.6429
2026-06-01	20227.985
2026-06-02	20230.3555
2026-06-03	20232.7449
2026-06-04	20235.0964
2026-06-05	20237.4385
2026-06-06	20239.7805
2026-06-07	20242.1321
2026-06-08	20244.4741
2026-06-09	20246.8257
2026-06-10	20249.2056
2026-06-11	20251.5667
2026-06-12	20253.9182
2026-06-13	20256.2697
2026-06-14	20258.6118
2026-06-15	20260.9633
2026-06-16	20263.3148
2026-06-17	20265.6664
2026-06-18	20268.0179
2026-06-19	20270.36
2026-06-20	20272.7115
2026-06-21	20275.063
2026-06-22	20277.4146
2026-06-23	20279.7851
2026-06-24	20282.1366
2026-06-25	20284.4976
2026-06-26	20286.8397
2026-06-27	20289.1912
2026-06-28	20291.5522
2026-06-29	20294.1313
2026-06-30	20296.5113
2026-07-01	20298.8818
2026-07-02	20301.2428
2026-07-03	20303.6133
2026-07-04	20305.9648
2026-07-05	20308.3164
2026-07-06	20310.6679
2026-07-07	20313.0668
2026-07-08	20315.4279
2026-07-09	20317.7889
2026-07-10	20320.1594
2026-07-11	20322.5109
2026-07-12	20324.8719
2026-07-13	20327.47
2026-07-14	20329.594
2026-07-15	20332.192
2026-07-16	20334.5625
2026-07-17	20336.9425
2026-07-18	20339.2371
2026-07-19	20341.5413
2026-07-20	20343.8928
2026-07-21	20346.396
2026-07-22	20348.776
2026-07-23	20351.137
2026-07-24	20353.517
2026-07-25	20355.8211
2026-07-26	20358.1253
2026-07-27	20360.5052
2026-07-28	20362.8568
2026-07-29	20365.2273
2026-07-30	20367.6072
2026-07-31	20369.9872
2026-08-01	20372.3008
2026-08-02	20374.6144
2026-08-03	20377.0039
2026-08-04	20379.5546
2026-08-05	20381.9535
2026-08-06	20384.3619
2026-08-07	20386.7609
2026-08-08	20389.0745
2026-08-09	20391.3976
2026-08-10	20393.806
2026-08-11	20396.3851
2026-08-12	20398.784
2026-08-13	20401.1735
2026-08-14	20403.7147
2026-08-15	20406.0378
2026-08-16	20408.3608
2026-08-17	20410.7503
2026-08-18	20413.3484
2026-08-19	20415.7473
2026-08-20	20418.1557
2026-08-21	20420.5736
2026-08-22	20422.8967
2026-08-23	20425.2198
2026-08-24	20427.6282
2026-08-25	20430.2358
2026-08-26	20432.6537
2026-08-27	20435.0621
2026-08-28	20437.48
2026-08-29	20439.8031
2026-08-30	20442.1262
2026-08-31	20444.5346
2026-09-01	20447.1232
2026-09-02	20449.5316
2026-09-03	20451.9495
2026-09-04	20454.358
2026-09-05	20456.6811
2026-09-06	20459.0041
2026-09-07	20461.4315
2026-09-08	20464.0106
2026-09-09	20466.4285
2026-09-10	20468.837
2026-09-11	20471.2549
2026-09-12	20473.5874
2026-09-13	20475.9105
2026-09-14	20478.3095
2026-09-15	20480.8696
2026-09-16	20483.2875
