date	value
2004-01-01	10000.0
2004-01-02	9984.9868
2004-01-03	9984.9868
2004-01-04	9984.9868
2004-01-05	9957.1838
2004-01-06	9963.4225
2004-01-07	9968.7516
2004-01-08	9965.7195
2004-01-09	9969.7163
2004-01-10	9969.7163
2004-01-11	9969.7163
2004-01-12	10022.9425
2004-01-13	10019.5245
2004-01-14	10044.0657
2004-01-15	10039.4074
2004-01-16	10037.5147
2004-01-17	10037.5147
2004-01-18	10037.5147
2004-01-19	10032.0478
2004-01-20	10025.2211
2004-01-21	10031.8365
2004-01-22	10045.0121
2004-01-23	10061.5873
2004-01-24	10061.5873
2004-01-25	10061.5873
2004-01-26	10061.5873
2004-01-27	10024.5963
2004-01-28	10029.0709
2004-01-29	9994.8088
2004-01-30	9995.9756
2004-01-31	9995.9756
2004-02-01	9995.9756
2004-02-02	10027.0403
2004-02-03	10028.5747
2004-02-04	10042.2189
2004-02-05	10040.4273
2004-02-06	10044.0565
2004-02-07	10044.0565
2004-02-08	10044.0565
2004-02-09	10062.7082
2004-02-10	10058.8401
2004-02-11	10055.3394
2004-02-12	10086.9738
2004-02-13	10079.0629
2004-02-14	10079.0629
2004-02-15	10079.0629
2004-02-16	10091.7424
2004-02-17	10084.1255
2004-02-18	10105.8184
2004-02-19	10101.6654
2004-02-20	10104.4586
2004-02-21	10104.4586
2004-02-22	10104.4586
2004-02-23	10077.7582
2004-02-24	10074.7629
2004-02-25	10087.5526
2004-02-26	10102.9609
2004-02-27	10114.4184
2004-02-28	10114.4184
2004-02-29	10114.4184
2004-03-01	10158.7138
2004-03-02	10165.3384
2004-03-03	10151.4277
2004-03-04	10161.3048
2004-03-05	10201.5116
2004-03-06	10201.5116
2004-03-07	10201.5116
2004-03-08	10158.0155
2004-03-09	10185.0651
2004-03-10	10184.8629
2004-03-11	10186.3054
2004-03-12	10203.5697
2004-03-13	10203.5697
2004-03-14	10203.5697
2004-03-15	10209.4133
2004-03-16	10217.2231
2004-03-17	10240.3677
2004-03-18	10227.2656
2004-03-19	10217.3242
2004-03-20	10217.3242
2004-03-21	10217.3242
2004-03-22	10214.3013
2004-03-23	10211.9033
2004-03-24	10216.4054
2004-03-25	10231.8964
2004-03-26	10234.8366
2004-03-27	10234.8366
2004-03-28	10234.8366
2004-03-29	10197.4964
2004-03-30	10209.3674
2004-03-31	10220.7513
2004-04-01	10235.3143
2004-04-02	10231.4829
2004-04-03	10231.4829
2004-04-04	10231.4829
2004-04-05	10193.4813
2004-04-06	10186.9945
2004-04-07	10194.6849
2004-04-08	10190.045
2004-04-09	10190.045
2004-04-10	10190.045
2004-04-11	10190.045
2004-04-12	10190.045
2004-04-13	10199.1779
2004-04-14	10195.7783
2004-04-15	10187.2794
2004-04-16	10200.3999
2004-04-17	10200.3999
2004-04-18	10200.3999
2004-04-19	10219.2261
2004-04-20	10230.1874
2004-04-21	10210.2678
2004-04-22	10220.2827
2004-04-23	10247.6171
2004-04-24	10247.6171
2004-04-25	10247.6171
2004-04-26	10251.1177
2004-04-27	10242.9404
2004-04-28	10237.2622
2004-04-29	10207.1714
2004-04-30	10194.8779
2004-05-01	10194.8779
2004-05-02	10194.8779
2004-05-03	10202.5315
2004-05-04	10204.1394
2004-05-05	10219.2537
2004-05-06	10211.7195
2004-05-07	10215.3488
2004-05-08	10215.3488
2004-05-09	10215.3488
2004-05-10	10146.6683
2004-05-11	10155.8472
2004-05-12	10172.7807
2004-05-13	10170.5021
2004-05-14	10158.5393
2004-05-15	10158.5393
2004-05-16	10158.5393
2004-05-17	10192.0939
2004-05-18	10208.3934
2004-05-19	10207.9248
2004-05-20	10197.2484
2004-05-21	10216.6627
2004-05-22	10216.6627
2004-05-23	10216.6627
2004-05-24	10223.2597
2004-05-25	10230.803
2004-05-26	10254.2325
2004-05-27	10275.567
2004-05-28	10285.6095
2004-05-29	10285.6095
2004-05-30	10285.6095
2004-05-31	10302.8738
2004-06-01	10305.7129
2004-06-02	10336.2998
2004-06-03	10346.1494
2004-06-04	10343.9535
2004-06-05	10343.9535
2004-06-06	10343.9535
2004-06-07	10332.5144
2004-06-08	10339.7178
2004-06-09	10329.5558
2004-06-10	10324.0982
2004-06-11	10323.4917
2004-06-12	10323.4917
2004-06-13	10323.4917
2004-06-14	10320.0003
2004-06-15	10331.0535
2004-06-16	10373.4194
2004-06-17	10391.6668
2004-06-18	10404.8425
2004-06-19	10404.8425
2004-06-20	10404.8425
2004-06-21	10404.2636
2004-06-22	10405.6878
2004-06-23	10406.0277
2004-06-24	10400.2484
2004-06-25	10394.6438
2004-06-26	10394.6438
2004-06-27	10394.6438
2004-06-28	10413.5986
2004-06-29	10411.1822
2004-06-30	10433.9133
2004-07-01	10397.3542
2004-07-02	10389.866
2004-07-03	10389.866
2004-07-04	10389.866
2004-07-05	10431.699
2004-07-06	10437.0373
2004-07-07	10441.1351
2004-07-08	10460.3656
2004-07-09	10457.4806
2004-07-10	10457.4806
2004-07-11	10457.4806
2004-07-12	10457.8849
2004-07-13	10456.0013
2004-07-14	10440.4093
2004-07-15	10436.192
2004-07-16	10428.2076
2004-07-17	10428.2076
2004-07-18	10428.2076
2004-07-19	10461.8265
2004-07-20	10408.8025
2004-07-21	10404.6954
2004-07-22	10397.9423
2004-07-23	10388.598
2004-07-24	10388.598
2004-07-25	10388.598
2004-07-26	10435.3834
2004-07-27	10444.9114
2004-07-28	10435.365
2004-07-29	10439.665
2004-07-30	10448.2926
2004-07-31	10448.2926
2004-08-01	10448.2926
2004-08-02	10482.2607
2004-08-03	10478.5395
2004-08-04	10490.9342
2004-08-05	10482.9498
2004-08-06	10470.2428
2004-08-07	10470.2428
2004-08-08	10470.2428
2004-08-09	10494.3797
2004-08-10	10499.185
2004-08-11	10492.9188
2004-08-12	10482.5915
2004-08-13	10484.475
2004-08-14	10484.475
2004-08-15	10484.475
2004-08-16	10491.9173
2004-08-17	10495.2985
2004-08-18	10513.1049
2004-08-19	10509.6502
2004-08-20	10523.9559
2004-08-21	10523.9559
2004-08-22	10523.9559
2004-08-23	10526.4183
2004-08-24	10524.691
2004-08-25	10531.1869
2004-08-26	10544.9873
2004-08-27	10570.0246
2004-08-28	10570.0246
2004-08-29	10570.0246
2004-08-30	10567.8287
2004-08-31	10567.4244
2004-09-01	10577.6323
2004-09-02	10623.3611
2004-09-03	10612.4733
2004-09-04	10612.4733
2004-09-05	10612.4733
2004-09-06	10598.0389
2004-09-07	10607.5577
2004-09-08	10610.6265
2004-09-09	10643.097
2004-09-10	10649.2897
2004-09-11	10649.2897
2004-09-12	10649.2897
2004-09-13	10664.7347
2004-09-14	10675.6777
2004-09-15	10681.0067
2004-09-16	10673.9963
2004-09-17	10686.3909
2004-09-18	10686.3909
2004-09-19	10686.3909
2004-09-20	10679.8306
2004-09-21	10693.043
2004-09-22	10681.8796
2004-09-23	10677.7266
2004-09-24	10664.1559
2004-09-25	10664.1559
2004-09-26	10664.1559
2004-09-27	10677.3958
2004-09-28	10690.9114
2004-09-29	10695.1011
2004-09-30	10681.9898
2004-10-01	10701.3674
2004-10-02	10701.3674
2004-10-03	10701.3674
2004-10-04	10703.8757
2004-10-05	10709.2691
2004-10-06	10712.4205
2004-10-07	10697.7473
2004-10-08	10684.0479
2004-10-09	10684.0479
2004-10-10	10684.0479
2004-10-11	10724.9898
2004-10-12	10727.985
2004-10-13	10731.8165
2004-10-14	10732.6158
2004-10-15	10746.5173
2004-10-16	10746.5173
2004-10-17	10746.5173
2004-10-18	10746.0579
2004-10-19	10746.7745
2004-10-20	10739.957
2004-10-21	10746.2968
2004-10-22	10729.6389
2004-10-23	10729.6389
2004-10-24	10729.6389
2004-10-25	10732.2759
2004-10-26	10738.8545
2004-10-27	10766.198
2004-10-28	10770.7093
2004-10-29	10770.2132
2004-10-30	10770.2132
2004-10-31	10770.2132
2004-11-01	10785.3734
2004-11-02	10784.5281
2004-11-03	10796.4082
2004-11-04	10810.9712
2004-11-05	10814.4994
2004-11-06	10814.4994
2004-11-07	10814.4994
2004-11-08	10792.6871
2004-11-09	10790.7668
2004-11-10	10792.7698
2004-11-11	10792.0072
2004-11-12	10797.6945
2004-11-13	10797.6945
2004-11-14	10797.6945
2004-11-15	10827.9783
2004-11-16	10820.4992
2004-11-17	10820.343
2004-11-18	10842.431
2004-11-19	10840.7037
2004-11-20	10840.7037
2004-11-21	10840.7037
2004-11-22	10828.4009
2004-11-23	10839.4816
2004-11-24	10861.8728
2004-11-25	10883.5841
2004-11-26	10887.682
2004-11-27	10887.682
2004-11-28	10887.682
2004-11-29	10898.4136
2004-11-30	10911.9659
2004-12-01	10914.8326
2004-12-02	10925.9593
2004-12-03	10916.514
2004-12-04	10916.514
2004-12-05	10916.514
2004-12-06	10939.3646
2004-12-07	10934.1366
2004-12-08	10936.2499
2004-12-09	10936.9665
2004-12-10	10932.6022
2004-12-11	10932.6022
2004-12-12	10932.6022
2004-12-13	10938.7766
2004-12-14	10950.5464
2004-12-15	10952.9077
2004-12-16	10957.6212
2004-12-17	10943.9954
2004-12-18	10943.9954
2004-12-19	10943.9954
2004-12-20	10940.7704
2004-12-21	10938.4458
2004-12-22	10953.9184
2004-12-23	10959.3485
2004-12-24	11026.5405
2004-12-25	11026.5405
2004-12-26	11026.5405
2004-12-27	11021.3401
2004-12-28	11025.1347
2004-12-29	11013.6957
2004-12-30	11015.4965
2004-12-31	11020.1089
2005-01-01	11014.2194
2005-01-02	11014.2194
2005-01-03	11014.5501
2005-01-04	11001.2275
2005-01-05	10991.0288
2005-01-06	10998.2874
2005-01-07	11020.21
2005-01-08	11020.21
2005-01-09	11020.21
2005-01-10	11025.1256
2005-01-11	11033.7531
2005-01-12	11045.7343
2005-01-13	11040.7636
2005-01-14	11051.587
2005-01-15	11051.587
2005-01-16	11051.587
2005-01-17	11076.7806
2005-01-18	11067.2894
2005-01-19	11048.0956
2005-01-20	11045.1922
2005-01-21	11031.9798
2005-01-22	11031.9798
2005-01-23	11031.9798
2005-01-24	11061.1426
2005-01-25	11061.8501
2005-01-26	11061.0231
2005-01-27	11071.0013
2005-01-28	11060.1687
2005-01-29	11060.1687
2005-01-30	11060.1687
2005-01-31	11055.5746
2005-02-01	11069.1821
2005-02-02	11085.0866
2005-02-03	11082.3761
2005-02-04	11099.3464
2005-02-05	11099.3464
2005-02-06	11099.3464
2005-02-07	11111.888
2005-02-08	11113.6429
2005-02-09	11111.888
2005-02-10	11101.1013
2005-02-11	11095.4323
2005-02-12	11095.4323
2005-02-13	11095.4323
2005-02-14	11091.5917
2005-02-15	11090.4707
2005-02-16	11098.4459
2005-02-17	11097.9314
2005-02-18	11098.887
2005-02-19	11098.887
2005-02-20	11098.887
2005-02-21	11085.5276
2005-02-22	11073.5556
2005-02-23	11071.0381
2005-02-24	11065.9387
2005-02-25	11077.7913
2005-02-26	11077.7913
2005-02-27	11077.7913
2005-02-28	11085.5551
2005-03-01	11091.7938
2005-03-02	11104.2344
2005-03-03	11108.6722
2005-03-04	11114.6904
2005-03-05	11114.6904
2005-03-06	11114.6904
2005-03-07	11136.1536
2005-03-08	11136.3557
2005-03-09	11129.722
2005-03-10	11107.3767
2005-03-11	11104.3079
2005-03-12	11104.3079
2005-03-13	11104.3079
2005-03-14	11117.3365
2005-03-15	11092.9148
2005-03-16	11089.3314
2005-03-17	11091.6468
2005-03-18	11094.4767
2005-03-19	11094.4767
2005-03-20	11094.4767
2005-03-21	11108.3231
2005-03-22	11091.2425
2005-03-23	11069.5588
2005-03-24	11069.6966
2005-03-25	11070.8359
2005-03-26	11070.8359
2005-03-27	11070.8359
2005-03-28	11070.6981
2005-03-29	11056.1259
2005-03-30	11065.7366
2005-03-31	11086.2626
2005-04-01	11091.7571
2005-04-02	11091.7571
2005-04-03	11091.7571
2005-04-04	11103.4442
2005-04-05	11115.6551
2005-04-06	11134.27
2005-04-07	11134.2057
2005-04-08	11134.904
2005-04-09	11134.904
2005-04-10	11134.904
2005-04-11	11119.8265
2005-04-12	11125.7987
2005-04-13	11132.2487
2005-04-14	11127.967
2005-04-15	11106.219
2005-04-16	11106.219
2005-04-17	11106.219
2005-04-18	11100.5867
2005-04-19	11121.4527
2005-04-20	11079.2705
2005-04-21	11085.3438
2005-04-22	11078.4712
2005-04-23	11078.4712
2005-04-24	11078.4712
2005-04-25	11082.3669
2005-04-26	11120.3869
2005-04-27	11116.7209
2005-04-28	11112.5771
2005-04-29	11108.8927
2005-04-30	11108.8927
2005-05-01	11108.8927
2005-05-02	11132.313
2005-05-03	11129.0053
2005-05-04	11126.7267
2005-05-05	11127.7282
2005-05-06	11150.7441
2005-05-07	11150.7441
2005-05-08	11150.7441
2005-05-09	11126.5429
2005-05-10	11119.3211
2005-05-11	11136.0617
2005-05-12	11144.4228
2005-05-13	11143.7521
2005-05-14	11143.7521
2005-05-15	11143.7521
2005-05-16	11160.2629
2005-05-17	11160.2262
2005-05-18	11174.7524
2005-05-19	11200.9199
2005-05-20	11192.6507
2005-05-21	11192.6507
2005-05-22	11192.6507
2005-05-23	11211.6607
2005-05-24	11231.1577
2005-05-25	11234.4837
2005-05-26	11239.7944
2005-05-27	11247.6226
2005-05-28	11247.6226
2005-05-29	11247.6226
2005-05-30	11264.7674
2005-05-31	11261.5976
2005-06-01	11292.4877
2005-06-02	11306.4902
2005-06-03	11312.6186
2005-06-04	11312.6186
2005-06-05	11312.6186
2005-06-06	11322.6611
2005-06-07	11335.5152
2005-06-08	11346.0538
2005-06-09	11334.5045
2005-06-10	11337.4079
2005-06-11	11337.4079
2005-06-12	11337.4079
2005-06-13	11337.4079
2005-06-14	11325.2338
2005-06-15	11323.6351
2005-06-16	11326.0607
2005-06-17	11350.7397
2005-06-18	11350.7397
2005-06-19	11350.7397
2005-06-20	11352.5681
2005-06-21	11351.1164
2005-06-22	11353.8453
2005-06-23	11370.6042
2005-06-24	11361.2876
2005-06-25	11361.2876
2005-06-26	11361.2876
2005-06-27	11388.8884
2005-06-28	11408.1557
2005-06-29	11401.4392
2005-06-30	11442.7577
2005-07-01	11420.734
2005-07-02	11420.734
2005-07-03	11420.734
2005-07-04	11426.6787
2005-07-05	11453.3699
2005-07-06	11450.1541
2005-07-07	11421.2118
2005-07-08	11438.7885
2005-07-09	11438.7885
2005-07-10	11438.7885
2005-07-11	11432.8622
2005-07-12	11423.4905
2005-07-13	11428.8379
2005-07-14	11439.0825
2005-07-15	11446.1114
2005-07-16	11446.1114
2005-07-17	11446.1114
2005-07-18	11440.5618
2005-07-19	11436.1883
2005-07-20	11446.1205
2005-07-21	11451.0361
2005-07-22	11449.0423
2005-07-23	11449.0423
2005-07-24	11449.0423
2005-07-25	11486.4835
2005-07-26	11496.0482
2005-07-27	11530.1909
2005-07-28	11528.3533
2005-07-29	11549.8073
2005-07-30	11549.8073
2005-07-31	11549.8073
2005-08-01	11523.548
2005-08-02	11531.8631
2005-08-03	11518.0535
2005-08-04	11522.8037
2005-08-05	11516.3629
2005-08-06	11516.3629
2005-08-07	11516.3629
2005-08-08	11517.4104
2005-08-09	11534.8492
2005-08-10	11552.7842
2005-08-11	11550.8731
2005-08-12	11566.9705
2005-08-13	11566.9705
2005-08-14	11566.9705
2005-08-15	11595.9128
2005-08-16	11599.8636
2005-08-17	11615.6487
2005-08-18	11623.1093
2005-08-19	11643.3965
2005-08-20	11643.3965
2005-08-21	11643.3965
2005-08-22	11626.5548
2005-08-23	11612.9566
2005-08-24	11605.7715
2005-08-25	11592.5592
2005-08-26	11609.0792
2005-08-27	11609.0792
2005-08-28	11609.0792
2005-08-29	11607.3611
2005-08-30	11612.9106
2005-08-31	11632.9773
2005-09-01	11657.5368
2005-09-02	11659.0621
2005-09-03	11659.0621
2005-09-04	11659.0621
2005-09-05	11659.2274
2005-09-06	11663.3345
2005-09-07	11658.915
2005-09-08	11638.1409
2005-09-09	11640.3828
2005-09-10	11640.3828
2005-09-11	11640.3828
2005-09-12	11664.8505
2005-09-13	11659.6133
2005-09-14	11679.9097
2005-09-15	11674.4612
2005-09-16	11686.5342
2005-09-17	11686.5342
2005-09-18	11686.5342
2005-09-19	11673.7721
2005-09-20	11683.3644
2005-09-21	11668.3603
2005-09-22	11691.018
2005-09-23	11688.6383
2005-09-24	11688.6383
2005-09-25	11688.6383
2005-09-26	11696.4573
2005-09-27	11686.0013
2005-09-28	11678.9265
2005-09-29	11705.5259
2005-09-30	11713.8043
2005-10-01	11691.0455
2005-10-02	11691.0455
2005-10-03	11679.8545
2005-10-04	11688.5832
2005-10-05	11670.1887
2005-10-06	11647.329
2005-10-07	11644.1958
2005-10-08	11644.1958
2005-10-09	11644.1958
2005-10-10	11658.7956
2005-10-11	11656.7375
2005-10-12	11653.0439
2005-10-13	11636.6433
2005-10-14	11632.6741
2005-10-15	11632.6741
2005-10-16	11632.6741
2005-10-17	11640.392
2005-10-18	11642.1193
2005-10-19	11632.6281
2005-10-20	11624.2211
2005-10-21	11627.2531
2005-10-22	11627.2531
2005-10-23	11627.2531
2005-10-24	11636.2023
2005-10-25	11631.1764
2005-10-26	11636.726
2005-10-27	11627.0969
2005-10-28	11635.8991
2005-10-29	11635.8991
2005-10-30	11635.8991
2005-10-31	11649.286
2005-11-01	11661.8552
2005-11-02	11671.1259
2005-11-03	11691.018
2005-11-04	11682.7304
2005-11-05	11682.7304
2005-11-06	11682.7304
2005-11-07	11695.2996
2005-11-08	11710.3679
2005-11-09	11704.3865
2005-11-10	11718.141
2005-11-11	11745.0343
2005-11-12	11745.0343
2005-11-13	11745.0343
2005-11-14	11779.517
2005-11-15	11753.9191
2005-11-16	11770.871
2005-11-17	11799.3723
2005-11-18	11819.1908
2005-11-19	11819.1908
2005-11-20	11819.1908
2005-11-21	11819.4665
2005-11-22	11816.6825
2005-11-23	11826.137
2005-11-24	11823.2887
2005-11-25	11826.6239
2005-11-26	11826.6239
2005-11-27	11826.6239
2005-11-28	11842.2619
2005-11-29	11841.1502
2005-11-30	11831.8152
2005-12-01	11821.4695
2005-12-02	11841.4901
2005-12-03	11841.4901
2005-12-04	11841.4901
2005-12-05	11830.1889
2005-12-06	11817.2338
2005-12-07	11820.8079
2005-12-08	11817.6472
2005-12-09	11836.8961
2005-12-10	11836.8961
2005-12-11	11836.8961
2005-12-12	11838.9818
2005-12-13	11831.8152
2005-12-14	11869.6239
2005-12-15	11883.0016
2005-12-16	11903.3071
2005-12-17	11903.3071
2005-12-18	11903.3071
2005-12-19	11898.5937
2005-12-20	11909.5917
2005-12-21	11929.006
2005-12-22	11936.4024
2005-12-23	11960.5301
2005-12-24	11960.5301
2005-12-25	11960.5301
2005-12-26	11970.6461
2005-12-27	11969.4701
2005-12-28	11988.1677
2005-12-29	11989.7572
2005-12-30	11984.6854
2005-12-31	12002.308
2006-01-01	11984.6854
2006-01-02	11984.6854
2006-01-03	12000.0478
2006-01-04	12031.3881
2006-01-05	12033.0603
2006-01-06	12034.3466
2006-01-07	12034.3466
2006-01-08	12034.3466
2006-01-09	12038.7753
2006-01-10	12032.6285
2006-01-11	12037.6084
2006-01-12	12036.5885
2006-01-13	12045.5193
2006-01-14	12045.5193
2006-01-15	12045.5193
2006-01-16	12075.2885
2006-01-17	12075.8214
2006-01-18	12065.0989
2006-01-19	12083.1902
2006-01-20	12064.5844
2006-01-21	12064.5844
2006-01-22	12064.5844
2006-01-23	12071.8521
2006-01-24	12074.3329
2006-01-25	12068.2045
2006-01-26	12077.6038
2006-01-27	12085.1472
2006-01-28	12085.1472
2006-01-29	12085.1472
2006-01-30	12073.6622
2006-01-31	12073.0925
2006-02-01	12087.2788
2006-02-02	12051.8039
2006-02-03	12050.7381
2006-02-04	12050.7381
2006-02-05	12050.7381
2006-02-06	12093.297
2006-02-07	12081.5179
2006-02-08	12074.2318
2006-02-09	12096.035
2006-02-10	12099.5173
2006-02-11	12099.5173
2006-02-12	12099.5173
2006-02-13	12070.9241
2006-02-14	12090.1455
2006-02-15	12088.6938
2006-02-16	12091.3951
2006-02-17	12090.0169
2006-02-18	12090.0169
2006-02-19	12090.0169
2006-02-20	12109.9549
2006-02-21	12123.1672
2006-02-22	12120.9529
2006-02-23	12148.8661
2006-02-24	12139.9721
2006-02-25	12139.9721
2006-02-26	12139.9721
2006-02-27	12143.0133
2006-02-28	12135.0198
2006-03-01	12130.5636
2006-03-02	12143.1879
2006-03-03	12131.3262
2006-03-04	12131.3262
2006-03-05	12131.3262
2006-03-06	12128.8822
2006-03-07	12123.8104
2006-03-08	12142.5448
2006-03-09	12142.9766
2006-03-10	12148.4435
2006-03-11	12148.4435
2006-03-12	12148.4435
2006-03-13	12158.3573
2006-03-14	12157.9714
2006-03-15	12184.9934
2006-03-16	12194.8705
2006-03-17	12226.0179
2006-03-18	12226.0179
2006-03-19	12226.0179
2006-03-20	12251.9649
2006-03-21	12244.5318
2006-03-22	12240.783
2006-03-23	12248.7674
2006-03-24	12255.1072
2006-03-25	12255.1072
2006-03-26	12255.1072
2006-03-27	12293.8255
2006-03-28	12289.4612
2006-03-29	12274.3561
2006-03-30	12280.6407
2006-03-31	12275.1922
2006-04-01	12270.1755
2006-04-02	12270.1755
2006-04-03	12298.4195
2006-04-04	12284.4445
2006-04-05	12293.6785
2006-04-06	12289.553
2006-04-07	12278.4263
2006-04-08	12278.4263
2006-04-09	12278.4263
2006-04-10	12256.9723
2006-04-11	12251.533
2006-04-12	12242.1796
2006-04-13	12236.4463
2006-04-14	12236.4463
2006-04-15	12236.4463
2006-04-16	12236.4463
2006-04-17	12236.6025
2006-04-18	12256.9631
2006-04-19	12271.5813
2006-04-20	12270.5247
2006-04-21	12260.2249
2006-04-22	12260.2249
2006-04-23	12260.2249
2006-04-24	12288.3402
2006-04-25	12287.3112
2006-04-26	12287.5317
2006-04-27	12275.3484
2006-04-28	12269.3118
2006-04-29	12269.3118
2006-04-30	12269.3118
2006-05-01	12287.5409
2006-05-02	12274.2274
2006-05-03	12252.948
2006-05-04	12234.5811
2006-05-05	12269.7437
2006-05-06	12269.7437
2006-05-07	12269.7437
2006-05-08	12294.5973
2006-05-09	12292.4105
2006-05-10	12281.0266
2006-05-11	12278.261
2006-05-12	12261.5296
2006-05-13	12261.5296
2006-05-14	12261.5296
2006-05-15	12249.7505
2006-05-16	12252.6356
2006-05-17	12244.835
2006-05-18	12198.8489
2006-05-19	12215.663
2006-05-20	12215.663
2006-05-21	12215.663
2006-05-22	12222.1497
2006-05-23	12230.6211
2006-05-24	12225.3472
2006-05-25	12209.0109
2006-05-26	12237.558
2006-05-27	12237.558
2006-05-28	12237.558
2006-05-29	12268.2552
2006-05-30	12250.2283
2006-05-31	12243.08
2006-06-01	12268.3012
2006-06-02	12286.6956
2006-06-03	12286.6956
2006-06-04	12286.6956
2006-06-05	12329.7139
2006-06-06	12292.7229
2006-06-07	12288.1656
2006-06-08	12226.2568
2006-06-09	12252.0751
2006-06-10	12252.0751
2006-06-11	12252.0751
2006-06-12	12246.3877
2006-06-13	12201.6329
2006-06-14	12220.1192
2006-06-15	12228.0484
2006-06-16	12248.2988
2006-06-17	12248.2988
2006-06-18	12248.2988
2006-06-19	12204.0402
2006-06-20	12196.4509
2006-06-21	12219.9538
2006-06-22	12243.6313
2006-06-23	12225.779
2006-06-24	12225.779
2006-06-25	12225.779
2006-06-26	12256.6691
2006-06-27	12260.2984
2006-06-28	12255.5482
2006-06-29	12274.889
2006-06-30	12333.0767
2006-07-01	12327.7201
2006-07-02	12327.7201
2006-07-03	12343.1835
2006-07-04	12340.1515
2006-07-05	12310.5477
2006-07-06	12306.9643
2006-07-07	12308.8571
2006-07-08	12308.8571
2006-07-09	12308.8571
2006-07-10	12334.7857
2006-07-11	12313.3224
2006-07-12	12310.0974
2006-07-13	12269.4037
2006-07-14	12236.676
2006-07-15	12236.676
2006-07-16	12236.676
2006-07-17	12232.4128
2006-07-18	12216.1132
2006-07-19	12226.3762
2006-07-20	12291.9144
2006-07-21	12287.1274
2006-07-22	12287.1274
2006-07-23	12287.1274
2006-07-24	12293.0537
2006-07-25	12311.9167
2006-07-26	12282.1842
2006-07-27	12321.5273
2006-07-28	12312.9365
2006-07-29	12312.9365
2006-07-30	12312.9365
2006-07-31	12340.6935
2006-08-01	12335.291
2006-08-02	12333.8669
2006-08-03	12367.5593
2006-08-04	12348.9903
2006-08-05	12348.9903
2006-08-06	12348.9903
2006-08-07	12363.3144
2006-08-08	12384.3366
2006-08-09	12365.0234
2006-08-10	12342.816
2006-08-11	12340.5282
2006-08-12	12340.5282
2006-08-13	12340.5282
2006-08-14	12349.1281
2006-08-15	12348.1358
2006-08-16	12374.5514
2006-08-17	12428.2094
2006-08-18	12435.3209
2006-08-19	12435.3209
2006-08-20	12435.3209
2006-08-21	12446.7325
2006-08-22	12449.4705
2006-08-23	12448.4782
2006-08-24	12420.8131
2006-08-25	12443.4156
2006-08-26	12443.4156
2006-08-27	12443.4156
2006-08-28	12454.5423
2006-08-29	12462.0489
2006-08-30	12474.8937
2006-08-31	12492.6266
2006-09-01	12498.7826
2006-09-02	12498.7826
2006-09-03	12498.7826
2006-09-04	12514.8341
2006-09-05	12513.2721
2006-09-06	12493.9405
2006-09-07	12492.3142
2006-09-08	12499.3982
2006-09-09	12499.3982
2006-09-10	12499.3982
2006-09-11	12482.7587
2006-09-12	12477.8982
2006-09-13	12499.0399
2006-09-14	12514.0071
2006-09-15	12496.4948
2006-09-16	12496.4948
2006-09-17	12496.4948
2006-09-18	12511.6642
2006-09-19	12508.3749
2006-09-20	12517.0024
2006-09-21	12512.39
2006-09-22	12531.106
2006-09-23	12531.106
2006-09-24	12531.106
2006-09-25	12548.6368
2006-09-26	12559.4327
2006-09-27	12591.1589
2006-09-28	12603.1585
2006-09-29	12616.0952
2006-09-30	12625.2557
2006-10-01	12616.0952
2006-10-02	12622.4166
2006-10-03	12641.1326
2006-10-04	12632.9001
2006-10-05	12665.8299
2006-10-06	12662.8714
2006-10-07	12662.8714
2006-10-08	12662.8714
2006-10-09	12636.0791
2006-10-10	12646.7189
2006-10-11	12657.8915
2006-10-12	12625.9356
2006-10-13	12633.6168
2006-10-14	12633.6168
2006-10-15	12633.6168
2006-10-16	12651.221
2006-10-17	12643.402
2006-10-18	12654.4368
2006-10-19	12647.9409
2006-10-20	12660.8133
2006-10-21	12660.8133
2006-10-22	12660.8133
2006-10-23	12667.5665
2006-10-24	12661.7229
2006-10-25	12675.9092
2006-10-26	12701.36
2006-10-27	12692.2363
2006-10-28	12692.2363
2006-10-29	12692.2363
2006-10-30	12718.4681
2006-10-31	12714.0027
2006-11-01	12723.9717
2006-11-02	12731.6805
2006-11-03	12736.6328
2006-11-04	12736.6328
2006-11-05	12736.6328
2006-11-06	12715.8771
2006-11-07	12737.4138
2006-11-08	12748.1546
2006-11-09	12752.9599
2006-11-10	12757.7469
2006-11-11	12757.7469
2006-11-12	12757.7469
2006-11-13	12788.4257
2006-11-14	12786.781
2006-11-15	12797.9536
2006-11-16	12782.4626
2006-11-17	12781.553
2006-11-18	12781.553
2006-11-19	12781.553
2006-11-20	12768.7266
2006-11-21	12782.4351
2006-11-22	12819.9498
2006-11-23	12831.9126
2006-11-24	12822.5683
2006-11-25	12822.5683
2006-11-26	12822.5683
2006-11-27	12816.1643
2006-11-28	12799.1481
2006-11-29	12824.2589
2006-11-30	12821.0064
2006-12-01	12816.0724
2006-12-02	12816.0724
2006-12-03	12816.0724
2006-12-04	12839.6029
2006-12-05	12848.1386
2006-12-06	12855.8565
2006-12-07	12829.8728
2006-12-08	12821.8425
2006-12-09	12821.8425
2006-12-10	12821.8425
2006-12-11	12821.2912
2006-12-12	12825.1686
2006-12-13	12838.5371
2006-12-14	12848.5521
2006-12-15	12844.7023
2006-12-16	12844.7023
2006-12-17	12844.7023
2006-12-18	12851.3177
2006-12-19	12852.5948
2006-12-20	12862.5914
2006-12-21	12854.5702
2006-12-22	12863.5837
2006-12-23	12863.5837
2006-12-24	12863.5837
2006-12-25	12870.8422
2006-12-26	12876.1069
2006-12-27	12891.5795
2006-12-28	12883.7238
2006-12-29	12892.0573
2006-12-30	12892.0573
2006-12-31	12902.7338
2007-01-01	12895.4477
2007-01-02	12882.3364
2007-01-03	12883.1082
2007-01-04	12879.9475
2007-01-05	12879.6076
2007-01-06	12879.6076
2007-01-07	12879.6076
2007-01-08	12855.1491
2007-01-09	12879.92
2007-01-10	12858.4108
2007-01-11	12869.8407
2007-01-12	12893.4355
2007-01-13	12893.4355
2007-01-14	12893.4355
2007-01-15	12909.4319
2007-01-16	12913.6216
2007-01-17	12912.3628
2007-01-18	12912.6293
2007-01-19	12914.4761
2007-01-20	12914.4761
2007-01-21	12914.4761
2007-01-22	12932.2917
2007-01-23	12938.9805
2007-01-24	12993.2725
2007-01-25	12998.9599
2007-01-26	12994.4118
2007-01-27	12994.4118
2007-01-28	12994.4118
2007-01-29	12978.9576
2007-01-30	12995.7717
2007-01-31	12980.7585
2007-02-01	13012.4204
2007-02-02	13008.6808
2007-02-03	13008.6808
2007-02-04	13008.6808
2007-02-05	13031.1639
2007-02-06	13058.5534
2007-02-07	13076.0566
2007-02-08	13073.9985
2007-02-09	13092.9625
2007-02-10	13092.9625
2007-02-11	13092.9625
2007-02-12	13092.8798
2007-02-13	13093.1555
2007-02-14	13106.4873
2007-02-15	13127.9873
2007-02-16	13119.9018
2007-02-17	13119.9018
2007-02-18	13119.9018
2007-02-19	13146.2255
2007-02-20	13147.6588
2007-02-21	13129.3838
2007-02-22	13151.8118
2007-02-23	13144.0571
2007-02-24	13144.0571
2007-02-25	13144.0571
2007-02-26	13168.1021
2007-02-27	13147.3923
2007-02-28	13108.1411
2007-03-01	13105.1642
2007-03-02	13086.8249
2007-03-03	13086.8249
2007-03-04	13086.8249
2007-03-05	13063.6436
2007-03-06	13105.0723
2007-03-07	13116.5206
2007-03-08	13126.2507
2007-03-09	13128.6212
2007-03-10	13128.6212
2007-03-11	13128.6212
2007-03-12	13130.661
2007-03-13	13127.8862
2007-03-14	13094.1845
2007-03-15	13116.0704
2007-03-16	13080.4301
2007-03-17	13080.4301
2007-03-18	13080.4301
2007-03-19	13111.6969
2007-03-20	13114.1685
2007-03-21	13113.6172
2007-03-22	13154.3109
2007-03-23	13151.5453
2007-03-24	13151.5453
2007-03-25	13151.5453
2007-03-26	13154.1915
2007-03-27	13150.0385
2007-03-28	13136.1095
2007-03-29	13147.0065
2007-03-30	13150.2958
2007-03-31	13190.3188
2007-04-01	13150.2958
2007-04-02	13125.1114
2007-04-03	13167.4957
2007-04-04	13198.1561
2007-04-05	13193.9756
2007-04-06	13197.8346
2007-04-07	13197.8346
2007-04-08	13197.8346
2007-04-09	13200.6185
2007-04-10	13229.5884
2007-04-11	13228.5777
2007-04-12	13220.5933
2007-04-13	13207.6933
2007-04-14	13207.6933
2007-04-15	13207.6933
2007-04-16	13255.3148
2007-04-17	13254.9565
2007-04-18	13270.0708
2007-04-19	13261.7097
2007-04-20	13268.0953
2007-04-21	13268.0953
2007-04-22	13268.0953
2007-04-23	13283.1361
2007-04-24	13304.8199
2007-04-25	13306.3267
2007-04-26	13310.4613
2007-04-27	13290.4865
2007-04-28	13290.4865
2007-04-29	13290.4865
2007-04-30	13296.2566
2007-05-01	13304.3237
2007-05-02	13337.9335
2007-05-03	13348.6008
2007-05-04	13371.139
2007-05-05	13371.139
2007-05-06	13371.139
2007-05-07	13375.5768
2007-05-08	13352.6986
2007-05-09	13372.7377
2007-05-10	13346.6713
2007-05-11	13346.7907
2007-05-12	13346.7907
2007-05-13	13346.7907
2007-05-14	13369.4116
2007-05-15	13355.3723
2007-05-16	13375.4849
2007-05-17	13386.8689
2007-05-18	13375.7881
2007-05-19	13375.7881
2007-05-20	13375.7881
2007-05-21	13386.1706
2007-05-22	13383.3498
2007-05-23	13380.9426
2007-05-24	13356.2728
2007-05-25	13361.0597
2007-05-26	13361.0597
2007-05-27	13361.0597
2007-05-28	13350.8702
2007-05-29	13365.4791
2007-05-30	13350.0708
2007-05-31	13381.209
2007-06-01	13385.4906
2007-06-02	13385.4906
2007-06-03	13385.4906
2007-06-04	13395.0646
2007-06-05	13383.2855
2007-06-06	13349.4185
2007-06-07	13316.4151
2007-06-08	13268.3526
2007-06-09	13268.3526
2007-06-10	13268.3526
2007-06-11	13277.1088
2007-06-12	13280.1868
2007-06-13	13261.333
2007-06-14	13308.7799
2007-06-15	13309.5884
2007-06-16	13309.5884
2007-06-17	13309.5884
2007-06-18	13329.0027
2007-06-19	13338.2275
2007-06-20	13356.6586
2007-06-21	13337.2444
2007-06-22	13329.6183
2007-06-23	13329.6183
2007-06-24	13329.6183
2007-06-25	13328.6995
2007-06-26	13321.0183
2007-06-27	13320.8897
2007-06-28	13320.8897
2007-06-29	13320.8897
2007-06-30	13380.5107
2007-07-01	13320.8897
2007-07-02	13347.682
2007-07-03	13381.4571
2007-07-04	13371.7821
2007-07-05	13376.4221
2007-07-06	13371.5432
2007-07-07	13371.5432
2007-07-08	13371.5432
2007-07-09	13371.4881
2007-07-10	13354.1319
2007-07-11	13369.3749
2007-07-12	13379.6379
2007-07-13	13384.5627
2007-07-14	13384.5627
2007-07-15	13384.5627
2007-07-16	13394.743
2007-07-17	13392.9605
2007-07-18	13377.3225
2007-07-19	13394.8992
2007-07-20	13409.2325
2007-07-21	13409.2325
2007-07-22	13409.2325
2007-07-23	13401.1378
2007-07-24	13393.3648
2007-07-25	13401.6156
2007-07-26	13349.5287
2007-07-27	13294.2812
2007-07-28	13294.2812
2007-07-29	13294.2812
2007-07-30	13320.8254
2007-07-31	13311.1688
2007-08-01	13269.5103
2007-08-02	13287.7945
2007-08-03	13276.5116
2007-08-04	13276.5116
2007-08-05	13276.5116
2007-08-06	13331.1343
2007-08-07	13376.0821
2007-08-08	13433.985
2007-08-09	13475.7997
2007-08-10	13391.0494
2007-08-11	13391.0494
2007-08-12	13391.0494
2007-08-13	13401.1011
2007-08-14	13371.7638
2007-08-15	13311.2055
2007-08-16	13274.1502
2007-08-17	13314.1365
2007-08-18	13314.1365
2007-08-19	13314.1365
2007-08-20	13424.65
2007-08-21	13465.2978
2007-08-22	13493.0088
2007-08-23	13529.9539
2007-08-24	13506.8644
2007-08-25	13506.8644
2007-08-26	13506.8644
2007-08-27	13491.2999
2007-08-28	13518.2483
2007-08-29	13493.6704
2007-08-30	13517.2468
2007-08-31	13563.9036
2007-09-01	13563.9036
2007-09-02	13563.9036
2007-09-03	13538.1588
2007-09-04	13560.7797
2007-09-05	13538.9949
2007-09-06	13546.6025
2007-09-07	13538.1863
2007-09-08	13538.1863
2007-09-09	13538.1863
2007-09-10	13536.1374
2007-09-11	13546.5382
2007-09-12	13530.0274
2007-09-13	13554.0816
2007-09-14	13574.1666
2007-09-15	13574.1666
2007-09-16	13574.1666
2007-09-17	13583.5659
2007-09-18	13539.05
2007-09-19	13612.1223
2007-09-20	13610.1193
2007-09-21	13585.1555
2007-09-22	13585.1555
2007-09-23	13585.1555
2007-09-24	13590.9531
2007-09-25	13602.7505
2007-09-26	13611.5618
2007-09-27	13621.6043
2007-09-28	13625.5644
2007-09-29	13625.5644
2007-09-30	13640.5317
2007-10-01	13627.8798
2007-10-02	13665.3301
2007-10-03	13669.5382
2007-10-04	13633.8428
2007-10-05	13638.2255
2007-10-06	13638.2255
2007-10-07	13638.2255
2007-10-08	13652.4577
2007-10-09	13664.1265
2007-10-10	13695.7241
2007-10-11	13712.4371
2007-10-12	13703.7177
2007-10-13	13703.7177
2007-10-14	13703.7177
2007-10-15	13679.3327
2007-10-16	13654.9844
2007-10-17	13663.272
2007-10-18	13683.0722
2007-10-19	13660.5615
2007-10-20	13660.5615
2007-10-21	13660.5615
2007-10-22	13623.6533
2007-10-23	13651.1622
2007-10-24	13645.3829
2007-10-25	13657.9246
2007-10-26	13670.503
2007-10-27	13670.503
2007-10-28	13670.503
2007-10-29	13689.8346
2007-10-30	13671.5963
2007-10-31	13668.059
2007-11-01	13676.2179
2007-11-02	13621.8616
2007-11-03	13621.8616
2007-11-04	13621.8616
2007-11-05	13631.5825
2007-11-06	13660.2491
2007-11-07	13657.2171
2007-11-08	13609.2005
2007-11-09	13607.4456
2007-11-10	13607.4456
2007-11-11	13607.4456
2007-11-12	13623.4419
2007-11-13	13640.5776
2007-11-14	13673.3145
2007-11-15	13644.7122
2007-11-16	13634.6238
2007-11-17	13634.6238
2007-11-18	13634.6238
2007-11-19	13675.1245
2007-11-20	13653.3765
2007-11-21	13647.9096
2007-11-22	13640.4122
2007-11-23	13663.3271
2007-11-24	13663.3271
2007-11-25	13663.3271
2007-11-26	13690.735
2007-11-27	13667.6087
2007-11-28	13641.1473
2007-11-29	13680.4628
2007-11-30	13699.9873
2007-12-01	13699.9873
2007-12-02	13699.9873
2007-12-03	13740.8832
2007-12-04	13747.8293
2007-12-05	13753.4891
2007-12-06	13806.4397
2007-12-07	13828.3072
2007-12-08	13828.3072
2007-12-09	13828.3072
2007-12-10	13760.3894
2007-12-11	13764.8731
2007-12-12	13733.643
2007-12-13	13693.767
2007-12-14	13649.297
2007-12-15	13649.297
2007-12-16	13649.297
2007-12-17	13486.1638
2007-12-18	13509.6943
2007-12-19	13532.5816
2007-12-20	13533.335
2007-12-21	13569.2878
2007-12-22	13569.2878
2007-12-23	13569.2878
2007-12-24	13625.206
2007-12-25	13634.5503
2007-12-26	13636.3327
2007-12-27	13620.952
2007-12-28	13611.0289
2007-12-29	13611.0289
2007-12-30	13611.0289
2007-12-31	13680.9589
2008-01-01	13640.3111
2008-01-02	13623.3133
2008-01-03	13604.4779
2008-01-04	13595.5012
2008-01-05	13595.5012
2008-01-06	13595.5012
2008-01-07	13615.1452
2008-01-08	13576.2431
2008-01-09	13560.8899
2008-01-10	13529.2739
2008-01-11	13472.5012
2008-01-12	13472.5012
2008-01-13	13472.5012
2008-01-14	13575.1038
2008-01-15	13535.678
2008-01-16	13502.2612
2008-01-17	13490.28
2008-01-18	13466.6944
2008-01-19	13466.6944
2008-01-20	13466.6944
2008-01-21	13470.0112
2008-01-22	13429.2072
2008-01-23	13436.5577
2008-01-24	13558.4551
2008-01-25	13669.9333
2008-01-26	13669.9333
2008-01-27	13669.9333
2008-01-28	13663.3639
2008-01-29	13471.3067
2008-01-30	13419.6976
2008-01-31	13435.3081
2008-02-01	13518.4045
2008-02-02	13518.4045
2008-02-03	13518.4045
2008-02-04	13551.1139
2008-02-05	13486.5588
2008-02-06	13394.8532
2008-02-07	13383.2947
2008-02-08	13418.2184
2008-02-09	13418.2184
2008-02-10	13418.2184
2008-02-11	13399.1257
2008-02-12	13468.4585
2008-02-13	13448.2632
2008-02-14	13472.5196
2008-02-15	13429.5196
2008-02-16	13429.5196
2008-02-17	13429.5196
2008-02-18	13385.9501
2008-02-19	13411.6214
2008-02-20	13352.8824
2008-02-21	13362.4563
2008-02-22	13330.2155
2008-02-23	13330.2155
2008-02-24	13330.2155
2008-02-25	13381.1355
2008-02-26	13418.1357
2008-02-27	13455.8617
2008-02-28	13402.1761
2008-02-29	13378.6823
2008-03-01	13378.6823
2008-03-02	13378.6823
2008-03-03	13312.9512
2008-03-04	13322.8559
2008-03-05	13334.1204
2008-03-06	13357.1364
2008-03-07	13246.8526
2008-03-08	13246.8526
2008-03-09	13246.8526
2008-03-10	13240.9447
2008-03-11	13263.5748
2008-03-12	13331.2446
2008-03-13	13262.3528
2008-03-14	13304.1307
2008-03-15	13304.1307
2008-03-16	13304.1307
2008-03-17	13249.2599
2008-03-18	13287.7026
2008-03-19	13391.1505
2008-03-20	13376.2199
2008-03-21	13376.8447
2008-03-22	13376.8447
2008-03-23	13376.8447
2008-03-24	13378.5721
2008-03-25	13435.5378
2008-03-26	13488.3229
2008-03-27	13474.0815
2008-03-28	13445.2495
2008-03-29	13445.2495
2008-03-30	13445.2495
2008-03-31	13465.0405
2008-04-01	13506.9562
2008-04-02	13543.304
2008-04-03	13578.779
2008-04-04	13569.6093
2008-04-05	13569.6093
2008-04-06	13569.6093
2008-04-07	13543.7818
2008-04-08	13521.2069
2008-04-09	13485.9065
2008-04-10	13441.0873
2008-04-11	13417.6303
2008-04-12	13417.6303
2008-04-13	13417.6303
2008-04-14	13482.2037
2008-04-15	13521.4641
2008-04-16	13546.869
2008-04-17	13549.0649
2008-04-18	13531.7639
2008-04-19	13531.7639
2008-04-20	13531.7639
2008-04-21	13541.7421
2008-04-22	13525.7366
2008-04-23	13529.6598
2008-04-24	13510.3466
2008-04-25	13530.9094
2008-04-26	13530.9094
2008-04-27	13530.9094
2008-04-28	13573.4683
2008-04-29	13602.4933
2008-04-30	13612.8573
2008-05-01	13642.3693
2008-05-02	13697.4606
2008-05-03	13697.4606
2008-05-04	13697.4606
2008-05-05	13617.8464
2008-05-06	13597.2653
2008-05-07	13571.8512
2008-05-08	13615.1635
2008-05-09	13633.7601
2008-05-10	13633.7601
2008-05-11	13633.7601
2008-05-12	13714.5228
2008-05-13	13707.3653
2008-05-14	13733.2663
2008-05-15	13738.7516
2008-05-16	13719.8702
2008-05-17	13719.8702
2008-05-18	13719.8702
2008-05-19	13729.3247
2008-05-20	13699.4912
2008-05-21	13661.462
2008-05-22	13641.8639
2008-05-23	13583.3087
2008-05-24	13583.3087
2008-05-25	13583.3087
2008-05-26	13628.5872
2008-05-27	13607.418
2008-05-28	13579.7989
2008-05-29	13602.3371
2008-05-30	13600.9864
2008-05-31	13600.9864
2008-06-01	13600.9864
2008-06-02	13577.1435
2008-06-03	13564.2344
2008-06-04	13546.5474
2008-06-05	13554.4124
2008-06-06	13534.0517
2008-06-07	13534.0517
2008-06-08	13534.0517
2008-06-09	13546.5474
2008-06-10	13416.0592
2008-06-11	13419.6149
2008-06-12	13402.9019
2008-06-13	13373.9781
2008-06-14	13373.9781
2008-06-15	13373.9781
2008-06-16	13388.3757
2008-06-17	13480.4488
2008-06-18	13496.8402
2008-06-19	13454.9888
2008-06-20	13395.7261
2008-06-21	13395.7261
2008-06-22	13395.7261
2008-06-23	13417.1985
2008-06-24	13435.988
2008-06-25	13422.3346
2008-06-26	13434.0218
2008-06-27	13380.5567
2008-06-28	13380.5567
2008-06-29	13380.5567
2008-06-30	13422.7756
2008-07-01	13335.6365
2008-07-02	13288.3825
2008-07-03	13290.3303
2008-07-04	13342.3805
2008-07-05	13342.3805
2008-07-06	13342.3805
2008-07-07	13371.6351
2008-07-08	13297.8921
2008-07-09	13318.0782
2008-07-10	13258.0528
2008-07-11	13222.2931
2008-07-12	13222.2931
2008-07-13	13222.2931
2008-07-14	13271.5133
2008-07-15	13206.26
2008-07-16	13243.8022
2008-07-17	13337.3914
2008-07-18	13444.8636
2008-07-19	13444.8636
2008-07-20	13444.8636
2008-07-21	13396.3049
2008-07-22	13395.037
2008-07-23	13519.5346
2008-07-24	13593.2961
2008-07-25	13489.9217
2008-07-26	13489.9217
2008-07-27	13489.9217
2008-07-28	13385.5366
2008-07-29	13332.4574
2008-07-30	13445.1485
2008-07-31	13449.9905
2008-08-01	13469.5335
2008-08-02	13469.5335
2008-08-03	13469.5335
2008-08-04	13445.0658
2008-08-05	13493.6888
2008-08-06	13596.7783
2008-08-07	13614.1988
2008-08-08	13646.3752
2008-08-09	13646.3752
2008-08-10	13646.3752
2008-08-11	13657.4192
2008-08-12	13713.1997
2008-08-13	13623.2214
2008-08-14	13601.5377
2008-08-15	13639.1167
2008-08-16	13639.1167
2008-08-17	13639.1167
2008-08-18	13638.5562
2008-08-19	13539.2338
2008-08-20	13560.7613
2008-08-21	13567.8085
2008-08-22	13595.9973
2008-08-23	13595.9973
2008-08-24	13595.9973
2008-08-25	13681.253
2008-08-26	13697.0839
2008-08-27	13698.0578
2008-08-28	13737.355
2008-08-29	13791.206
2008-08-30	13791.206
2008-08-31	13791.206
2008-09-01	13739.5326
2008-09-02	13790.7282
2008-09-03	13787.7972
2008-09-04	13712.2533
2008-09-05	13717.1414
2008-09-06	13717.1414
2008-09-07	13717.1414
2008-09-08	13813.6615
2008-09-09	13782.1741
2008-09-10	13783.6994
2008-09-11	13742.7208
2008-09-12	13714.9822
2008-09-13	13714.9822
2008-09-14	13714.9822
2008-09-15	13662.9229
2008-09-16	13644.1977
2008-09-17	13589.3085
2008-09-18	13532.2692
2008-09-19	13677.1275
2008-09-20	13677.1275
2008-09-21	13677.1275
2008-09-22	13646.8898
2008-09-23	13577.5386
2008-09-24	13618.9398
2008-09-25	13620.5202
2008-09-26	13611.9845
2008-09-27	13611.9845
2008-09-28	13611.9845
2008-09-29	13514.2883
2008-09-30	13537.6259
2008-10-01	13604.6892
2008-10-02	13630.6453
2008-10-03	13601.9695
2008-10-04	13601.9695
2008-10-05	13601.9695
2008-10-06	13585.6241
2008-10-07	13697.2952
2008-10-08	13673.9117
2008-10-09	13392.9329
2008-10-10	13228.008
2008-10-11	13228.008
2008-10-12	13228.008
2008-10-13	13322.2679
2008-10-14	13328.6444
2008-10-15	13386.0236
2008-10-16	13274.3156
2008-10-17	13251.1159
2008-10-18	13251.1159
2008-10-19	13251.1159
2008-10-20	13268.3802
2008-10-21	13390.8656
2008-10-22	13130.2567
2008-10-23	13025.9911
2008-10-24	12938.659
2008-10-25	12938.659
2008-10-26	12938.659
2008-10-27	12883.7697
2008-10-28	13080.8527
2008-10-29	12983.23
2008-10-30	13071.8393
2008-10-31	13215.3929
2008-11-01	13215.3929
2008-11-02	13215.3929
2008-11-03	13161.3306
2008-11-04	13156.1761
2008-11-05	13304.1399
2008-11-06	13226.7584
2008-11-07	13094.3315
2008-11-08	13094.3315
2008-11-09	13094.3315
2008-11-10	13188.5547
2008-11-11	13216.3576
2008-11-12	13254.5063
2008-11-13	13112.5606
2008-11-14	13121.3443
2008-11-15	13121.3443
2008-11-16	13121.3443
2008-11-17	13015.3054
2008-11-18	12928.1203
2008-11-19	12926.0254
2008-11-20	12847.2657
2008-11-21	12845.8692
2008-11-22	12845.8692
2008-11-23	12845.8692
2008-11-24	12911.6737
2008-11-25	13076.9478
2008-11-26	13072.9878
2008-11-27	13088.3318
2008-11-28	13223.1751
2008-11-29	13223.1751
2008-11-30	13223.1751
2008-12-01	13057.0649
2008-12-02	12997.0856
2008-12-03	12945.8532
2008-12-04	12953.7365
2008-12-05	12934.1017
2008-12-06	12934.1017
2008-12-07	12934.1017
2008-12-08	13095.3147
2008-12-09	13031.7795
2008-12-10	13044.5325
2008-12-11	13008.6533
2008-12-12	12963.5493
2008-12-13	12963.5493
2008-12-14	12963.5493
2008-12-15	12991.3798
2008-12-16	13003.4529
2008-12-17	13034.6921
2008-12-18	13069.873
2008-12-19	13102.2332
2008-12-20	13102.2332
2008-12-21	13102.2332
2008-12-22	13073.4839
2008-12-23	13144.7646
2008-12-24	13150.6633
2008-12-25	13150.6633
2008-12-26	13150.6633
2008-12-27	13150.6633
2008-12-28	13150.6633
2008-12-29	13152.4825
2008-12-30	13158.271
2008-12-31	13193.0752
2009-01-01	13175.7466
2009-01-02	13198.2297
2009-01-03	13198.2297
2009-01-04	13198.2297
2009-01-05	13150.2039
2009-01-06	13163.7654
2009-01-07	13217.6623
2009-01-08	13250.6749
2009-01-09	13276.9158
2009-01-10	13276.9158
2009-01-11	13276.9158
2009-01-12	13242.8559
2009-01-13	13239.8698
2009-01-14	13196.2542
2009-01-15	13129.9994
2009-01-16	13093.8446
2009-01-17	13093.8446
2009-01-18	13093.8446
2009-01-19	13173.4312
2009-01-20	13127.5738
2009-01-21	13093.229
2009-01-22	13147.4015
2009-01-23	13057.0925
2009-01-24	13057.0925
2009-01-25	13057.0925
2009-01-26	13070.6173
2009-01-27	13127.1144
2009-01-28	13167.7989
2009-01-29	13229.4781
2009-01-30	13250.2798
2009-01-31	13250.2798
2009-02-01	13250.2798
2009-02-02	13237.389
2009-02-03	13129.6595
2009-02-04	12980.9514
2009-02-05	12909.9005
2009-02-06	12916.4699
2009-02-07	12916.4699
2009-02-08	12916.4699
2009-02-09	13173.9825
2009-02-10	13181.7831
2009-02-11	13215.9993
2009-02-12	13231.9221
2009-02-13	13202.1437
2009-02-14	13202.1437
2009-02-15	13202.1437
2009-02-16	13116.3552
2009-02-17	13079.3367
2009-02-18	13021.8197
2009-02-19	13009.8477
2009-02-20	12966.3057
2009-02-21	12966.3057
2009-02-22	12966.3057
2009-02-23	12978.4523
2009-02-24	12948.7474
2009-02-25	12926.5491
2009-02-26	12967.8677
2009-02-27	12961.289
2009-02-28	12961.289
2009-03-01	12961.289
2009-03-02	12814.4553
2009-03-03	12791.715
2009-03-04	12712.3856
2009-03-05	12673.0242
2009-03-06	12627.2403
2009-03-07	12627.2403
2009-03-08	12627.2403
2009-03-09	12627.2403
2009-03-10	12849.5076
2009-03-11	12885.9749
2009-03-12	12968.3638
2009-03-13	13087.3211
2009-03-14	13087.3211
2009-03-15	13087.3211
2009-03-16	12941.8931
2009-03-17	13048.3088
2009-03-18	13043.1267
2009-03-19	13066.694
2009-03-20	12966.7743
2009-03-21	12966.7743
2009-03-22	12966.7743
2009-03-23	13055.7511
2009-03-24	13072.3079
2009-03-25	13116.8881
2009-03-26	13121.0595
2009-03-27	13142.1368
2009-03-28	13142.1368
2009-03-29	13142.1368
2009-03-30	13093.0636
2009-03-31	13105.789
2009-04-01	13103.2899
2009-04-02	13174.6348
2009-04-03	13208.0608
2009-04-04	13208.0608
2009-04-05	13208.0608
2009-04-06	13157.1133
2009-04-07	13081.2662
2009-04-08	13063.0831
2009-04-09	13147.374
2009-04-10	13147.374
2009-04-11	13147.374
2009-04-12	13147.374
2009-04-13	13147.374
2009-04-14	13206.1773
2009-04-15	13169.2415
2009-04-16	13280.5727
2009-04-17	13292.269
2009-04-18	13292.269
2009-04-19	13292.269
2009-04-20	13277.3661
2009-04-21	13192.4412
2009-04-22	13130.1556
2009-04-23	13234.5591
2009-04-24	13213.6747
2009-04-25	13213.6747
2009-04-26	13213.6747
2009-04-27	13255.5904
2009-04-28	13295.5491
2009-04-29	13261.7924
2009-04-30	13316.5529
2009-05-01	13298.278
2009-05-02	13298.278
2009-05-03	13298.278
2009-05-04	13333.2935
2009-05-05	13329.0578
2009-05-06	13319.4656
2009-05-07	13263.1889
2009-05-08	13259.2381
2009-05-09	13259.2381
2009-05-10	13259.2381
2009-05-11	13355.8501
2009-05-12	13332.9995
2009-05-13	13298.6455
2009-05-14	13212.3149
2009-05-15	13227.2362
2009-05-16	13227.2362
2009-05-17	13227.2362
2009-05-18	13273.2774
2009-05-19	13296.5874
2009-05-20	13315.0553
2009-05-21	13280.343
2009-05-22	13238.418
2009-05-23	13238.418
2009-05-24	13238.418
2009-05-25	13204.2111
2009-05-26	13296.3577
2009-05-27	13299.8767
2009-05-28	13311.3525
2009-05-29	13308.5318
2009-05-30	13308.5318
2009-05-31	13308.5318
2009-06-01	13263.731
2009-06-02	13255.1678
2009-06-03	13311.2147
2009-06-04	13301.3284
2009-06-05	13260.4693
2009-06-06	13260.4693
2009-06-07	13260.4693
2009-06-08	13260.4693
2009-06-09	13234.5775
2009-06-10	13246.0992
2009-06-11	13230.5623
2009-06-12	13268.7844
2009-06-13	13268.7844
2009-06-14	13268.7844
2009-06-15	13311.3801
2009-06-16	13292.5538
2009-06-17	13265.4033
2009-06-18	13236.1486
2009-06-19	13178.0803
2009-06-20	13178.0803
2009-06-21	13178.0803
2009-06-22	13217.8828
2009-06-23	13193.5713
2009-06-24	13214.3087
2009-06-25	13224.6728
2009-06-26	13248.6811
2009-06-27	13248.6811
2009-06-28	13248.6811
2009-06-29	13302.872
2009-06-30	13296.8998
2009-07-01	13313.5209
2009-07-02	13341.3974
2009-07-03	13324.7854
2009-07-04	13324.7854
2009-07-05	13324.7854
2009-07-06	13308.9269
2009-07-07	13279.4609
2009-07-08	13338.595
2009-07-09	13336.8309
2009-07-10	13348.5364
2009-07-11	13348.5364
2009-07-12	13348.5364
2009-07-13	13311.8395
2009-07-14	13341.5352
2009-07-15	13333.2384
2009-07-16	13365.0841
2009-07-17	13396.0477
2009-07-18	13396.0477
2009-07-19	13396.0477
2009-07-20	13366.5082
2009-07-21	13416.5094
2009-07-22	13403.4808
2009-07-23	13431.0357
2009-07-24	13423.722
2009-07-25	13423.722
2009-07-26	13423.722
2009-07-27	13442.8147
2009-07-28	13439.5529
2009-07-29	13482.3507
2009-07-30	13483.3522
2009-07-31	13518.7169
2009-08-01	13518.7169
2009-08-02	13518.7169
2009-08-03	13549.607
2009-08-04	13550.5534
2009-08-05	13558.3448
2009-08-06	13570.2341
2009-08-07	13575.8204
2009-08-08	13575.8204
2009-08-09	13575.8204
2009-08-10	13566.5589
2009-08-11	13599.7828
2009-08-12	13633.5947
2009-08-13	13623.736
2009-08-14	13664.7788
2009-08-15	13664.7788
2009-08-16	13664.7788
2009-08-17	13666.5705
2009-08-18	13659.9735
2009-08-19	13666.837
2009-08-20	13677.6145
2009-08-21	13678.3312
2009-08-22	13678.3312
2009-08-23	13678.3312
2009-08-24	13684.9649
2009-08-25	13744.9075
2009-08-26	13780.0701
2009-08-27	13780.3274
2009-08-28	13760.2883
2009-08-29	13760.2883
2009-08-30	13760.2883
2009-08-31	13771.8376
2009-09-01	13810.6386
2009-09-02	13736.3994
2009-09-03	13756.4936
2009-09-04	13752.0466
2009-09-05	13752.0466
2009-09-06	13752.0466
2009-09-07	13750.4479
2009-09-08	13807.0277
2009-09-09	13827.3516
2009-09-10	13858.793
2009-09-11	13908.2521
2009-09-12	13908.2521
2009-09-13	13908.2521
2009-09-14	13904.2094
2009-09-15	13907.2231
2009-09-16	13942.5969
2009-09-17	13969.867
2009-09-18	13990.4298
2009-09-19	13990.4298
2009-09-20	13990.4298
2009-09-21	13996.4663
2009-09-22	13983.502
2009-09-23	13989.1894
2009-09-24	13991.2291
2009-09-25	14001.6759
2009-09-26	14001.6759
2009-09-27	14001.6759
2009-09-28	14018.2419
2009-09-29	14017.3966
2009-09-30	13969.4627
2009-10-01	13981.5266
2009-10-02	13990.8616
2009-10-03	13990.8616
2009-10-04	13990.8616
2009-10-05	13931.994
2009-10-06	13955.2856
2009-10-07	14009.0539
2009-10-08	13993.8293
2009-10-09	14016.2022
2009-10-10	14016.2022
2009-10-11	14016.2022
2009-10-12	13982.9231
2009-10-13	14012.04
2009-10-14	14027.1175
2009-10-15	13989.5937
2009-10-16	13979.7808
2009-10-17	13979.7808
2009-10-18	13979.7808
2009-10-19	13948.0546
2009-10-20	13988.3533
2009-10-21	13981.058
2009-10-22	13971.971
2009-10-23	13965.7967
2009-10-24	13965.7967
2009-10-25	13965.7967
2009-10-26	13953.5031
2009-10-27	13923.9728
2009-10-28	13921.0878
2009-10-29	13887.9007
2009-10-30	13935.8621
2009-10-31	13935.8621
2009-11-01	13935.8621
2009-11-02	13905.7438
2009-11-03	13905.7438
2009-11-04	13908.1786
2009-11-05	13887.4321
2009-11-06	13891.9526
2009-11-07	13891.9526
2009-11-08	13891.9526
2009-11-09	13935.4578
2009-11-10	13970.5193
2009-11-11	13999.9485
2009-11-12	13987.7469
2009-11-13	13979.8452
2009-11-14	13979.8452
2009-11-15	13979.8452
2009-11-16	14021.7701
2009-11-17	14056.6754
2009-11-18	14057.1072
2009-11-19	14070.8525
2009-11-20	14045.9162
2009-11-21	14045.9162
2009-11-22	14045.9162
2009-11-23	14057.3093
2009-11-24	14057.3645
2009-11-25	14064.7976
2009-11-26	14068.0318
2009-11-27	14039.3192
2009-11-28	14039.3192
2009-11-29	14039.3192
2009-11-30	14095.9541
2009-12-01	14109.58
2009-12-02	14091.599
2009-12-03	14077.4587
2009-12-04	14063.1989
2009-12-05	14063.1989
2009-12-06	14063.1989
2009-12-07	14024.9951
2009-12-08	14035.7083
2009-12-09	14046.3756
2009-12-10	14019.9049
2009-12-11	14027.09
2009-12-12	14027.09
2009-12-13	14027.09
2009-12-14	14047.4782
2009-12-15	14063.5388
2009-12-16	14097.4334
2009-12-17	14089.302
2009-12-18	14114.5507
2009-12-19	14114.5507
2009-12-20	14114.5507
2009-12-21	14084.1384
2009-12-22	14087.2898
2009-12-23	14099.124
2009-12-24	14116.7926
2009-12-25	14116.7926
2009-12-26	14116.7926
2009-12-27	14116.7926
2009-12-28	14116.7926
2009-12-29	14126.734
2009-12-30	14135.6648
2009-12-31	14180.7871
2010-01-01	14180.7871
2010-01-02	14180.7871
2010-01-03	14180.7871
2010-01-04	14160.2795
2010-01-05	14221.7565
2010-01-06	14215.2514
2010-01-07	14211.7048
2010-01-08	14213.5792
2010-01-09	14213.5792
2010-01-10	14213.5792
2010-01-11	14241.327
2010-01-12	14234.4268
2010-01-13	14266.4194
2010-01-14	14255.5133
2010-01-15	14265.2434
2010-01-16	14265.2434
2010-01-17	14265.2434
2010-01-18	14290.4369
2010-01-19	14290.7953
2010-01-20	14276.6733
2010-01-21	14238.5706
2010-01-22	14230.3473
2010-01-23	14230.3473
2010-01-24	14230.3473
2010-01-25	14215.7843
2010-01-26	14209.5824
2010-01-27	14194.1465
2010-01-28	14191.2982
2010-01-29	14184.1407
2010-01-30	14184.1407
2010-01-31	14184.1407
2010-02-01	14186.7869
2010-02-02	14242.8614
2010-02-03	14240.2795
2010-02-04	14219.2298
2010-02-05	14202.4341
2010-02-06	14202.4341
2010-02-07	14202.4341
2010-02-08	14178.4717
2010-02-09	14184.3245
2010-02-10	14174.6403
2010-02-11	14173.9972
2010-02-12	14180.1899
2010-02-13	14180.1899
2010-02-14	14180.1899
2010-02-15	14191.3717
2010-02-16	14195.3685
2010-02-17	14234.5922
2010-02-18	14235.0607
2010-02-19	14218.9633
2010-02-20	14218.9633
2010-02-21	14218.9633
2010-02-22	14251.4062
2010-02-23	14256.671
2010-02-24	14256.5607
2010-02-25	14248.2455
2010-02-26	14276.6365
2010-02-27	14276.6365
2010-02-28	14276.6365
2010-03-01	14298.1181
2010-03-02	14324.0008
2010-03-03	14337.2131
2010-03-04	14358.759
2010-03-05	14370.9883
2010-03-06	14370.9883
2010-03-07	14370.9883
2010-03-08	14365.3377
2010-03-09	14374.6727
2010-03-10	14382.4366
2010-03-11	14356.2507
2010-03-12	14363.4174
2010-03-13	14363.4174
2010-03-14	14363.4174
2010-03-15	14358.0056
2010-03-16	14384.9541
2010-03-17	14398.2216
2010-03-18	14419.0784
2010-03-19	14415.9085
2010-03-20	14415.9085
2010-03-21	14415.9085
2010-03-22	14403.1647
2010-03-23	14427.4119
2010-03-24	14421.2927
2010-03-25	14411.5718
2010-03-26	14427.7978
2010-03-27	14427.7978
2010-03-28	14427.7978
2010-03-29	14418.9681
2010-03-30	14425.6386
2010-03-31	14428.8636
2010-04-01	14440.707
2010-04-02	14443.739
2010-04-03	14443.739
2010-04-04	14443.739
2010-04-05	14453.9745
2010-04-06	14450.5841
2010-04-07	14441.6625
2010-04-08	14461.9588
2010-04-09	14461.7383
2010-04-10	14461.7383
2010-04-11	14461.7383
2010-04-12	14481.1802
2010-04-13	14493.7218
2010-04-14	14499.1428
2010-04-15	14502.5239
2010-04-16	14500.9528
2010-04-17	14500.9528
2010-04-18	14500.9528
2010-04-19	14497.5073
2010-04-20	14482.6595
2010-04-21	14483.3761
2010-04-22	14489.6699
2010-04-23	14496.5793
2010-04-24	14496.5793
2010-04-25	14496.5793
2010-04-26	14500.4383
2010-04-27	14482.2919
2010-04-28	14474.4086
2010-04-29	14463.4932
2010-04-30	14471.3123
2010-05-01	14471.3123
2010-05-02	14471.3123
2010-05-03	14467.095
2010-05-04	14456.6298
2010-05-05	14444.7681
2010-05-06	14409.9179
2010-05-07	14362.8201
2010-05-08	14362.8201
2010-05-09	14362.8201
2010-05-10	14410.4692
2010-05-11	14414.0066
2010-05-12	14444.3546
2010-05-13	14449.8858
2010-05-14	14436.8847
2010-05-15	14436.8847
2010-05-16	14436.8847
2010-05-17	14412.9591
2010-05-18	14386.4701
2010-05-19	14379.2024
2010-05-20	14347.2924
2010-05-21	14342.9373
2010-05-22	14342.9373
2010-05-23	14342.9373
2010-05-24	14357.2522
2010-05-25	14336.1381
2010-05-26	14330.0189
2010-05-27	14363.7665
2010-05-28	14390.1821
2010-05-29	14390.1821
2010-05-30	14390.1821
2010-05-31	14397.7346
2010-06-01	14388.666
2010-06-02	14398.9842
2010-06-03	14423.9021
2010-06-04	14392.185
2010-06-05	14392.185
2010-06-06	14392.185
2010-06-07	14384.2833
2010-06-08	14393.9216
2010-06-09	14402.2919
2010-06-10	14427.1454
2010-06-11	14445.5399
2010-06-12	14445.5399
2010-06-13	14445.5399
2010-06-14	14446.5138
2010-06-15	14471.8635
2010-06-16	14466.3507
2010-06-17	14488.8062
2010-06-18	14496.7079
2010-06-19	14496.7079
2010-06-20	14496.7079
2010-06-21	14500.5485
2010-06-22	14490.6898
2010-06-23	14487.2075
2010-06-24	14466.7826
2010-06-25	14461.3616
2010-06-26	14461.3616
2010-06-27	14461.3616
2010-06-28	14447.0008
2010-06-29	14429.6813
2010-06-30	14435.2952
2010-07-01	14413.0418
2010-07-02	14403.9273
2010-07-03	14403.9273
2010-07-04	14403.9273
2010-07-05	14406.601
2010-07-06	14428.9371
2010-07-07	14452.6881
2010-07-08	14460.4428
2010-07-09	14494.7325
2010-07-10	14494.7325
2010-07-11	14494.7325
2010-07-12	14513.5771
2010-07-13	14517.3534
2010-07-14	14531.0803
2010-07-15	14555.8145
2010-07-16	14529.9042
2010-07-17	14529.9042
2010-07-18	14529.9042
2010-07-19	14524.8508
2010-07-20	14503.8746
2010-07-21	14522.4711
2010-07-22	14532.5045
2010-07-23	14553.2694
2010-07-24	14553.2694
2010-07-25	14553.2694
2010-07-26	14569.0452
2010-07-27	14575.9086
2010-07-28	14612.3116
2010-07-29	14591.9326
2010-07-30	14599.3381
2010-07-31	14599.3381
2010-08-01	14599.3381
2010-08-02	14632.9019
2010-08-03	14657.195
2010-08-04	14661.7799
2010-08-05	14658.4814
2010-08-06	14665.7675
2010-08-07	14665.7675
2010-08-08	14665.7675
2010-08-09	14695.5091
2010-08-10	14684.8142
2010-08-11	14638.9476
2010-08-12	14612.5229
2010-08-13	14607.7635
2010-08-14	14607.7635
2010-08-15	14607.7635
2010-08-16	14643.3119
2010-08-17	14676.2418
2010-08-18	14683.4912
2010-08-19	14682.6918
2010-08-20	14673.0719
2010-08-21	14673.0719
2010-08-22	14673.0719
2010-08-23	14660.9254
2010-08-24	14663.0846
2010-08-25	14660.6038
2010-08-26	14658.7111
2010-08-27	14665.2437
2010-08-28	14665.2437
2010-08-29	14665.2437
2010-08-30	14684.0884
2010-08-31	14704.495
2010-09-01	14735.5229
2010-09-02	14760.6797
2010-09-03	14767.2583
2010-09-04	14767.2583
2010-09-05	14767.2583
2010-09-06	14766.7622
2010-09-07	14780.3145
2010-09-08	14777.1354
2010-09-09	14767.6718
2010-09-10	14759.0718
2010-09-11	14759.0718
2010-09-12	14759.0718
2010-09-13	14763.1696
2010-09-14	14789.4198
2010-09-15	14807.0884
2010-09-16	14792.6448
2010-09-17	14782.3726
2010-09-18	14782.3726
2010-09-19	14782.3726
2010-09-20	14788.7491
2010-09-21	14779.0098
2010-09-22	14790.21
2010-09-23	14785.8732
2010-09-24	14810.3317
2010-09-25	14810.3317
2010-09-26	14810.3317
2010-09-27	14804.4422
2010-09-28	14837.464
2010-09-29	14826.7783
2010-09-30	14823.0296
2010-10-01	14789.1442
2010-10-02	14789.1442
2010-10-03	14789.1442
2010-10-04	14824.4997
2010-10-05	14853.8738
2010-10-06	14858.9547
2010-10-07	14850.2812
2010-10-08	14872.8195
2010-10-09	14872.8195
2010-10-10	14872.8195
2010-10-11	14887.263
2010-10-12	14871.2759
2010-10-13	14868.9972
2010-10-14	14900.7051
2010-10-15	14892.8493
2010-10-16	14892.8493
2010-10-17	14892.8493
2010-10-18	14877.294
2010-10-19	14874.0598
2010-10-20	14884.1207
2010-10-21	14876.8438
2010-10-22	14877.3491
2010-10-23	14877.3491
2010-10-24	14877.3491
2010-10-25	14898.1416
2010-10-26	14909.9482
2010-10-27	14903.3604
2010-10-28	14921.0014
2010-10-29	14909.8564
2010-10-30	14909.8564
2010-10-31	14909.8564
2010-11-01	14933.9933
2010-11-02	14918.7779
2010-11-03	14938.4862
2010-11-04	14979.6302
2010-11-05	15004.2632
2010-11-06	15004.2632
2010-11-07	15004.2632
2010-11-08	14992.1442
2010-11-09	14983.5075
2010-11-10	14941.4356
2010-11-11	14973.024
2010-11-12	14947.3435
2010-11-13	14947.3435
2010-11-14	14947.3435
2010-11-15	14912.2912
2010-11-16	14914.6801
2010-11-17	14861.6284
2010-11-18	14866.296
2010-11-19	14874.8684
2010-11-20	14874.8684
2010-11-21	14874.8684
2010-11-22	14885.1865
2010-11-23	14873.3156
2010-11-24	14864.2011
2010-11-25	14859.7173
2010-11-26	14877.487
2010-11-27	14877.487
2010-11-28	14877.487
2010-11-29	14895.0361
2010-11-30	14895.1555
2010-12-01	14918.4655
2010-12-02	14963.9278
2010-12-03	14951.4597
2010-12-04	14951.4597
2010-12-05	14951.4597
2010-12-06	14968.136
2010-12-07	14986.8428
2010-12-08	14935.105
2010-12-09	14948.9422
2010-12-10	14968.09
2010-12-11	14968.09
2010-12-12	14968.09
2010-12-13	14942.9975
2010-12-14	14964.2862
2010-12-15	14958.1118
2010-12-16	14955.8056
2010-12-17	14983.7188
2010-12-18	14983.7188
2010-12-19	14983.7188
2010-12-20	14985.6391
2010-12-21	14992.3831
2010-12-22	14991.74
2010-12-23	14993.89
2010-12-24	14982.9838
2010-12-25	14982.9838
2010-12-26	14982.9838
2010-12-27	14987.2103
2010-12-28	14981.8077
2010-12-29	14976.9473
2010-12-30	15015.2889
2010-12-31	15001.2771
2011-01-01	15001.2771
2011-01-02	15001.2771
2011-01-03	15019.2121
2011-01-04	15030.4032
2011-01-05	15048.4576
2011-01-06	15054.7973
2011-01-07	15049.4315
2011-01-08	15049.4315
2011-01-09	15049.4315
2011-01-10	15060.4755
2011-01-11	15118.6633
2011-01-12	15105.4784
2011-01-13	15118.847
2011-01-14	15144.4816
2011-01-15	15144.4816
2011-01-16	15144.4816
2011-01-17	15125.8115
2011-01-18	15147.6974
2011-01-19	15125.3705
2011-01-20	15117.4688
2011-01-21	15080.6157
2011-01-22	15080.6157
2011-01-23	15080.6157
2011-01-24	15092.2477
2011-01-25	15132.1053
2011-01-26	15139.079
2011-01-27	15156.8762
2011-01-28	15133.5478
2011-01-29	15133.5478
2011-01-30	15133.5478
2011-01-31	15116.1365
2011-02-01	15111.1383
2011-02-02	15142.9012
2011-02-03	15131.0855
2011-02-04	15136.9015
2011-02-05	15136.9015
2011-02-06	15136.9015
2011-02-07	15134.8709
2011-02-08	15150.61
2011-02-09	15152.7967
2011-02-10	15169.2709
2011-02-11	15171.5035
2011-02-12	15171.5035
2011-02-13	15171.5035
2011-02-14	15207.3001
2011-02-15	15221.5415
2011-02-16	15223.9763
2011-02-17	15234.9468
2011-02-18	15249.1882
2011-02-19	15249.1882
2011-02-20	15249.1882
2011-02-21	15243.115
2011-02-22	15223.8752
2011-02-23	15203.2481
2011-02-24	15166.0275
2011-02-25	15202.3569
2011-02-26	15202.3569
2011-02-27	15202.3569
2011-02-28	15222.9105
2011-03-01	15215.8633
2011-03-02	15212.3351
2011-03-03	15224.1601
2011-03-04	15251.9906
2011-03-05	15251.9906
2011-03-06	15251.9906
2011-03-07	15242.334
2011-03-08	15238.7047
2011-03-09	15226.5857
2011-03-10	15199.9313
2011-03-11	15168.3245
2011-03-12	15168.3245
2011-03-13	15168.3245
2011-03-14	15171.4392
2011-03-15	15135.9551
2011-03-16	15133.8051
2011-03-17	15156.6098
2011-03-18	15166.0826
2011-03-19	15166.0826
2011-03-20	15166.0826
2011-03-21	15184.624
2011-03-22	15197.8364
2011-03-23	15197.3954
2011-03-24	15237.694
2011-03-25	15252.7256
2011-03-26	15252.7256
2011-03-27	15252.7256
2011-03-28	15230.6193
2011-03-29	15256.3916
2011-03-30	15280.7491
2011-03-31	15314.5886
2011-04-01	15323.8776
2011-04-02	15323.8776
2011-04-03	15323.8776
2011-04-04	15352.6913
2011-04-05	15376.3963
2011-04-06	15372.2342
2011-04-07	15343.2644
2011-04-08	15351.4049
2011-04-09	15351.4049
2011-04-10	15351.4049
2011-04-11	15356.9637
2011-04-12	15312.4477
2011-04-13	15331.9172
2011-04-14	15311.2992
2011-04-15	15300.6687
2011-04-16	15300.6687
2011-04-17	15300.6687
2011-04-18	15307.8813
2011-04-19	15303.7375
2011-04-20	15338.5142
2011-04-21	15366.8959
2011-04-22	15368.853
2011-04-23	15368.853
2011-04-24	15368.853
2011-04-25	15372.9784
2011-04-26	15371.8115
2011-04-27	15350.4218
2011-04-28	15356.3205
2011-04-29	15329.464
2011-04-30	15329.464
2011-05-01	15329.464
2011-05-02	15334.3612
2011-05-03	15316.5732
2011-05-04	15298.2798
2011-05-05	15315.3787
2011-05-06	15292.4914
2011-05-07	15292.4914
2011-05-08	15292.4914
2011-05-09	15306.7236
2011-05-10	15318.0616
2011-05-11	15333.9477
2011-05-12	15314.1108
2011-05-13	15335.8221
2011-05-14	15335.8221
2011-05-15	15335.8221
2011-05-16	15304.7298
2011-05-17	15308.9104
2011-05-18	15339.1941
2011-05-19	15371.3613
2011-05-20	15360.8227
2011-05-21	15360.8227
2011-05-22	15360.8227
2011-05-23	15317.0601
2011-05-24	15306.6869
2011-05-25	15285.3523
2011-05-26	15328.49
2011-05-27	15367.7045
2011-05-28	15367.7045
2011-05-29	15367.7045
2011-05-30	15374.3658
2011-05-31	15416.7869
2011-06-01	15368.4855
2011-06-02	15324.0706
2011-06-03	15307.4035
2011-06-04	15307.4035
2011-06-05	15307.4035
2011-06-06	15321.9114
2011-06-07	15319.4398
2011-06-08	15294.9629
2011-06-09	15325.2558
2011-06-10	15320.4597
2011-06-11	15320.4597
2011-06-12	15320.4597
2011-06-13	15321.011
2011-06-14	15339.8464
2011-06-15	15311.63
2011-06-16	15288.7059
2011-06-17	15283.4595
2011-06-18	15283.4595
2011-06-19	15283.4595
2011-06-20	15279.9497
2011-06-21	15331.4945
2011-06-22	15326.5238
2011-06-23	15323.1793
2011-06-24	15344.275
2011-06-25	15344.275
2011-06-26	15344.275
2011-06-27	15348.5383
2011-06-28	15330.8513
2011-06-29	15340.4896
2011-06-30	15398.1995
2011-07-01	15378.3626
2011-07-02	15378.3626
2011-07-03	15378.3626
2011-07-04	15428.079
2011-07-05	15426.0116
2011-07-06	15437.1751
2011-07-07	15441.8058
2011-07-08	15469.2505
2011-07-09	15469.2505
2011-07-10	15469.2505
2011-07-11	15454.8161
2011-07-12	15428.621
2011-07-13	15432.9302
2011-07-14	15427.5369
2011-07-15	15437.0189
2011-07-16	15437.0189
2011-07-17	15437.0189
2011-07-18	15442.2469
2011-07-19	15428.3178
2011-07-20	15475.6453
2011-07-21	15468.4695
2011-07-22	15498.0549
2011-07-23	15498.0549
2011-07-24	15498.0549
2011-07-25	15467.5874
2011-07-26	15493.6814
2011-07-27	15429.7604
2011-07-28	15398.466
2011-07-29	15401.8012
2011-07-30	15401.8012
2011-07-31	15401.8012
2011-08-01	15461.1834
2011-08-02	15439.2883
2011-08-03	15414.4623
2011-08-04	15319.5317
2011-08-05	15284.9939
2011-08-06	15284.9939
2011-08-07	15284.9939
2011-08-08	15117.9466
2011-08-09	15191.4783
2011-08-10	15211.793
2011-08-11	15261.491
2011-08-12	15270.2747
2011-08-13	15270.2747
2011-08-14	15270.2747
2011-08-15	15336.3274
2011-08-16	15331.5588
2011-08-17	15349.9716
2011-08-18	15316.2516
2011-08-19	15219.4191
2011-08-20	15219.4191
2011-08-21	15219.4191
2011-08-22	15224.7757
2011-08-23	15286.464
2011-08-24	15272.3604
2011-08-25	15267.4448
2011-08-26	15257.1451
2011-08-27	15257.1451
2011-08-28	15257.1451
2011-08-29	15339.2859
2011-08-30	15335.7302
2011-08-31	15386.8523
2011-09-01	15375.3765
2011-09-02	15333.6169
2011-09-03	15333.6169
2011-09-04	15333.6169
2011-09-05	15319.0815
2011-09-06	15302.7636
2011-09-07	15371.885
2011-09-08	15374.7609
2011-09-09	15363.5423
2011-09-10	15363.5423
2011-09-11	15363.5423
2011-09-12	15318.3373
2011-09-13	15356.1551
2011-09-14	15334.7746
2011-09-15	15387.0269
2011-09-16	15403.207
2011-09-17	15403.207
2011-09-18	15403.207
2011-09-19	15363.7628
2011-09-20	15344.5047
2011-09-21	15347.4633
2011-09-22	15284.6816
2011-09-23	15275.6681
2011-09-24	15275.6681
2011-09-25	15275.6681
2011-09-26	15265.9931
2011-09-27	15330.9065
2011-09-28	15302.8003
2011-09-29	15282.1548
2011-09-30	15280.5929
2011-10-01	15280.5929
2011-10-02	15280.5929
2011-10-03	15190.6422
2011-10-04	15291.2877
2011-10-05	15291.1591
2011-10-06	15377.7929
2011-10-07	15397.538
2011-10-08	15397.538
2011-10-09	15397.538
2011-10-10	15367.8056
2011-10-11	15416.1713
2011-10-12	15391.9609
2011-10-13	15398.2271
2011-10-14	15377.8205
2011-10-15	15377.8205
2011-10-16	15377.8205
2011-10-17	15409.0414
2011-10-18	15356.4032
2011-10-19	15386.1724
2011-10-20	15335.7026
2011-10-21	15333.277
2011-10-22	15333.277
2011-10-23	15333.277
2011-10-24	15431.1202
2011-10-25	15393.532
2011-10-26	15466.5492
2011-10-27	15510.3668
2011-10-28	15503.531
2011-10-29	15503.531
2011-10-30	15503.531
2011-10-31	15473.1278
2011-11-01	15459.5203
2011-11-02	15479.7156
2011-11-03	15508.7957
2011-11-04	15583.5402
2011-11-05	15583.5402
2011-11-06	15583.5402
2011-11-07	15575.8682
2011-11-08	15612.2895
2011-11-09	15638.31
2011-11-10	15586.4069
2011-11-11	15637.088
2011-11-12	15637.088
2011-11-13	15637.088
2011-11-14	15621.3581
2011-11-15	15636.4724
2011-11-16	15628.3502
2011-11-17	15619.9064
2011-11-18	15553.1095
2011-11-19	15553.1095
2011-11-20	15553.1095
2011-11-21	15552.843
2011-11-22	15528.9818
2011-11-23	15481.7278
2011-11-24	15500.9859
2011-11-25	15447.7872
2011-11-26	15447.7872
2011-11-27	15447.7872
2011-11-28	15510.376
2011-11-29	15539.8512
2011-11-30	15538.9783
2011-12-01	15631.52
2011-12-02	15643.0878
2011-12-03	15643.0878
2011-12-04	15643.0878
2011-12-05	15686.2255
2011-12-06	15661.8129
2011-12-07	15680.4187
2011-12-08	15660.1499
2011-12-09	15640.6897
2011-12-10	15640.6897
2011-12-11	15640.6897
2011-12-12	15647.1397
2011-12-13	15621.11
2011-12-14	15623.9124
2011-12-15	15606.3908
2011-12-16	15612.2711
2011-12-17	15612.2711
2011-12-18	15612.2711
2011-12-19	15552.3101
2011-12-20	15566.7813
2011-12-21	15611.435
2011-12-22	15576.3368
2011-12-23	15622.185
2011-12-24	15622.185
2011-12-25	15622.185
2011-12-26	15613.6494
2011-12-27	15612.3538
2011-12-28	15553.1187
2011-12-29	15578.3766
2011-12-30	15575.0229
2011-12-31	15589.3103
2012-01-01	15589.3103
2012-01-02	15596.091
2012-01-03	15603.028
2012-01-04	15666.4161
2012-01-05	15634.304
2012-01-06	15613.3921
2012-01-07	15613.3921
2012-01-08	15613.3921
2012-01-09	15638.5673
2012-01-10	15674.2627
2012-01-11	15692.6755
2012-01-12	15704.3351
2012-01-13	15697.5176
2012-01-14	15697.5176
2012-01-15	15697.5176
2012-01-16	15694.8531
2012-01-17	15739.7273
2012-01-18	15742.9799
2012-01-19	15758.3331
2012-01-20	15743.9079
2012-01-21	15743.9079
2012-01-22	15743.9079
2012-01-23	15708.0471
2012-01-24	15712.981
2012-01-25	15716.1968
2012-01-26	15708.1941
2012-01-27	15759.9594
2012-01-28	15759.9594
2012-01-29	15759.9594
2012-01-30	15778.951
2012-01-31	15796.9227
2012-02-01	15785.6031
2012-02-02	15832.8847
2012-02-03	15826.1039
2012-02-04	15826.1039
2012-02-05	15826.1039
2012-02-06	15834.9152
2012-02-07	15783.8574
2012-02-08	15808.0954
2012-02-09	15803.2441
2012-02-10	15791.6488
2012-02-11	15791.6488
2012-02-12	15791.6488
2012-02-13	15823.5129
2012-02-14	15808.4813
2012-02-15	15829.577
2012-02-16	15799.7618
2012-02-17	15804.852
2012-02-18	15804.852
2012-02-19	15804.852
2012-02-20	15835.347
2012-02-21	15867.3122
2012-02-22	15864.6476
2012-02-23	15869.5081
2012-02-24	15883.7679
2012-02-25	15883.7679
2012-02-26	15883.7679
2012-02-27	15873.3671
2012-02-28	15914.6856
2012-02-29	15942.3783
2012-03-01	15889.2348
2012-03-02	15894.72
2012-03-03	15894.72
2012-03-04	15894.72
2012-03-05	15907.5189
2012-03-06	15869.2416
2012-03-07	15858.363
2012-03-08	15904.5788
2012-03-09	15922.2289
2012-03-10	15922.2289
2012-03-11	15922.2289
2012-03-12	15948.6996
2012-03-13	15989.9814
2012-03-14	16003.8094
2012-03-15	15932.0326
2012-03-16	15932.3174
2012-03-17	15932.3174
2012-03-18	15932.3174
2012-03-19	15945.98
2012-03-20	15949.9216
2012-03-21	15940.7152
2012-03-22	15983.513
2012-03-23	15974.8487
2012-03-24	15974.8487
2012-03-25	15974.8487
2012-03-26	15976.9987
2012-03-27	16031.1161
2012-03-28	16076.7714
2012-03-29	16086.7772
2012-03-30	16094.2746
2012-03-31	16102.0017
2012-04-01	16102.0017
2012-04-02	16095.7906
2012-04-03	16125.376
2012-04-04	16112.9814
2012-04-05	16093.9806
2012-04-06	16094.3113
2012-04-07	16094.3113
2012-04-08	16094.3113
2012-04-09	16084.7466
2012-04-10	16094.8718
2012-04-11	16061.5744
2012-04-12	16088.6056
2012-04-13	16147.4456
2012-04-14	16147.4456
2012-04-15	16147.4456
2012-04-16	16123.7773
2012-04-17	16124.3745
2012-04-18	16169.1294
2012-04-19	16165.2336
2012-04-20	16155.1544
2012-04-21	16155.1544
2012-04-22	16155.1544
2012-04-23	16162.5507
2012-04-24	16195.5725
2012-04-25	16210.7419
2012-04-26	16203.1618
2012-04-27	16217.1368
2012-04-28	16217.1368
2012-04-29	16217.1368
2012-04-30	16283.3548
2012-05-01	16354.3047
2012-05-02	16329.8921
2012-05-03	16340.44
2012-05-04	16312.83
2012-05-05	16312.83
2012-05-06	16312.83
2012-05-07	16289.7313
2012-05-08	16317.0289
2012-05-09	16297.9178
2012-05-10	16304.5607
2012-05-11	16310.2206
2012-05-12	16310.2206
2012-05-13	16310.2206
2012-05-14	16326.5109
2012-05-15	16297.4492
2012-05-16	16221.1611
2012-05-17	16230.4043
2012-05-18	16175.6896
2012-05-19	16175.6896
2012-05-20	16175.6896
2012-05-21	16219.5348
2012-05-22	16235.8803
2012-05-23	16215.4553
2012-05-24	16220.031
2012-05-25	16194.8834
2012-05-26	16194.8834
2012-05-27	16194.8834
2012-05-28	16221.0968
2012-05-29	16273.4593
2012-05-30	16273.5604
2012-05-31	16310.5697
2012-06-01	16302.3372
2012-06-02	16302.3372
2012-06-03	16302.3372
2012-06-04	16235.8895
2012-06-05	16255.3681
2012-06-06	16249.4694
2012-06-07	16269.0582
2012-06-08	16239.2615
2012-06-09	16239.2615
2012-06-10	16239.2615
2012-06-11	16238.9399
2012-06-12	16276.3811
2012-06-13	16232.6829
2012-06-14	16258.345
2012-06-15	16275.6369
2012-06-16	16275.6369
2012-06-17	16275.6369
2012-06-18	16317.3229
2012-06-19	16312.7565
2012-06-20	16288.3531
2012-06-21	16236.0549
2012-06-22	16252.0604
2012-06-23	16252.0604
2012-06-24	16252.0604
2012-06-25	16253.4294
2012-06-26	16261.4414
2012-06-27	16286.8095
2012-06-28	16284.926
2012-06-29	16318.0304
2012-06-30	16317.0013
2012-07-01	16317.0013
2012-07-02	16340.0173
2012-07-03	16345.9528
2012-07-04	16373.0023
2012-07-05	16387.6112
2012-07-06	16379.1307
2012-07-07	16379.1307
2012-07-08	16379.1307
2012-07-09	16372.4326
2012-07-10	16369.1985
2012-07-11	16370.7972
2012-07-12	16378.7632
2012-07-13	16409.0561
2012-07-14	16409.0561
2012-07-15	16409.0561
2012-07-16	16417.0037
2012-07-17	16439.202
2012-07-18	16412.6118
2012-07-19	16492.2444
2012-07-20	16469.0079
2012-07-21	16469.0079
2012-07-22	16469.0079
2012-07-23	16450.3562
2012-07-24	16440.3872
2012-07-25	16432.0996
2012-07-26	16445.3304
2012-07-27	16460.6284
2012-07-28	16460.6284
2012-07-29	16460.6284
2012-07-30	16448.5278
2012-07-31	16474.585
2012-08-01	16457.1554
2012-08-02	16447.0118
2012-08-03	16435.784
2012-08-04	16435.784
2012-08-05	16435.784
2012-08-06	16446.2951
2012-08-07	16478.7748
2012-08-08	16471.507
2012-08-09	16466.6466
2012-08-10	16478.9218
2012-08-11	16478.9218
2012-08-12	16478.9218
2012-08-13	16495.8185
2012-08-14	16498.7771
2012-08-15	16475.026
2012-08-16	16495.1662
2012-08-17	16532.5339
2012-08-18	16532.5339
2012-08-19	16532.5339
2012-08-20	16541.7219
2012-08-21	16549.8533
2012-08-22	16568.652
2012-08-23	16594.3876
2012-08-24	16586.247
2012-08-25	16586.247
2012-08-26	16586.247
2012-08-27	16602.2893
2012-08-28	16616.9626
2012-08-29	16628.5395
2012-08-30	16616.788
2012-08-31	16642.2112
2012-09-01	16642.2112
2012-09-02	16642.2112
2012-09-03	16689.502
2012-09-04	16660.5873
2012-09-05	16665.8887
2012-09-06	16684.7517
2012-09-07	16680.5069
2012-09-08	16680.5069
2012-09-09	16680.5069
2012-09-10	16702.2917
2012-09-11	16687.1682
2012-09-12	16709.5594
2012-09-13	16690.1451
2012-09-14	16732.5478
2012-09-15	16732.5478
2012-09-16	16732.5478
2012-09-17	16702.5857
2012-09-18	16727.2647
2012-09-19	16741.0467
2012-09-20	16761.0674
2012-09-21	16753.1106
2012-09-22	16753.1106
2012-09-23	16753.1106
2012-09-24	16757.677
2012-09-25	16759.5147
2012-09-26	16771.0089
2012-09-27	16807.4394
2012-09-28	16820.5874
2012-09-29	16820.5874
2012-09-30	16822.3423
2012-10-01	16830.4186
2012-10-02	16894.1834
2012-10-03	16917.6956
2012-10-04	16914.0847
2012-10-05	16927.6094
2012-10-06	16927.6094
2012-10-07	16927.6094
2012-10-08	16907.9563
2012-10-09	16918.2101
2012-10-10	16891.1973
2012-10-11	16899.586
2012-10-12	16906.4127
2012-10-13	16906.4127
2012-10-14	16906.4127
2012-10-15	16927.2419
2012-10-16	16940.0592
2012-10-17	16931.4041
2012-10-18	16912.6054
2012-10-19	16918.0263
2012-10-20	16918.0263
2012-10-21	16918.0263
2012-10-22	16920.0936
2012-10-23	16904.3362
2012-10-24	16863.0085
2012-10-25	16853.7837
2012-10-26	16833.4414
2012-10-27	16833.4414
2012-10-28	16833.4414
2012-10-29	16862.4756
2012-10-30	16880.4382
2012-10-31	16896.3518
2012-11-01	16881.21
2012-11-02	16868.5581
2012-11-03	16868.5581
2012-11-04	16868.5581
2012-11-05	16878.279
2012-11-06	16868.9439
2012-11-07	16877.9574
2012-11-08	16863.7895
2012-11-09	16873.5655
2012-11-10	16873.5655
2012-11-11	16873.5655
2012-11-12	16870.1568
2012-11-13	16837.1902
2012-11-14	16840.1855
2012-11-15	16824.7863
2012-11-16	16812.2447
2012-11-17	16812.2447
2012-11-18	16812.2447
2012-11-19	16823.4357
2012-11-20	16831.5395
2012-11-21	16820.8447
2012-11-22	16831.6314
2012-11-23	16830.2808
2012-11-24	16830.2808
2012-11-25	16830.2808
2012-11-26	16846.6538
2012-11-27	16855.1619
2012-11-28	16875.8258
2012-11-29	16905.1907
2012-11-30	16952.2425
2012-12-01	16952.2425
2012-12-02	16952.2425
2012-12-03	16987.0467
2012-12-04	16944.0652
2012-12-05	16961.6511
2012-12-06	16962.9741
2012-12-07	16991.9348
2012-12-08	16991.9348
2012-12-09	16991.9348
2012-12-10	16992.1736
2012-12-11	17020.2063
2012-12-12	16995.0679
2012-12-13	16969.9846
2012-12-14	16944.4051
2012-12-15	16944.4051
2012-12-16	16944.4051
2012-12-17	16955.734
2012-12-18	16971.7303
2012-12-19	16988.3055
2012-12-20	17020.9505
2012-12-21	17029.5505
2012-12-22	17029.5505
2012-12-23	17029.5505
2012-12-24	17041.2101
2012-12-25	17045.7857
2012-12-26	17044.8945
2012-12-27	17052.1898
2012-12-28	17067.6992
2012-12-29	17067.6992
2012-12-30	17067.6992
2012-12-31	17088.1517
2013-01-01	17089.0705
2013-01-02	17094.519
2013-01-03	17126.1533
2013-01-04	17101.1068
2013-01-05	17101.1068
2013-01-06	17101.1068
2013-01-07	17104.5707
2013-01-08	17088.9878
2013-01-09	17120.4568
2013-01-10	17116.4048
2013-01-11	17114.7877
2013-01-12	17114.7877
2013-01-13	17114.7877
2013-01-14	17135.4792
2013-01-15	17143.9965
2013-01-16	17171.5329
2013-01-17	17201.9545
2013-01-18	17178.3321
2013-01-19	17178.3321
2013-01-20	17178.3321
2013-01-21	17193.6301
2013-01-22	17189.1923
2013-01-23	17221.5985
2013-01-24	17244.2469
2013-01-25	17262.1727
2013-01-26	17262.1727
2013-01-27	17262.1727
2013-01-28	17265.1129
2013-01-29	17232.4587
2013-01-30	17264.2952
2013-01-31	17274.0253
2013-02-01	17277.039
2013-02-02	17277.039
2013-02-03	17277.039
2013-02-04	17261.0242
2013-02-05	17289.2315
2013-02-06	17296.5451
2013-02-07	17328.4
2013-02-08	17346.7485
2013-02-09	17346.7485
2013-02-10	17346.7485
2013-02-11	17366.4843
2013-02-12	17356.2581
2013-02-13	17352.1234
2013-02-14	17341.447
2013-02-15	17377.7764
2013-02-16	17377.7764
2013-02-17	17377.7764
2013-02-18	17369.3785
2013-02-19	17398.6791
2013-02-20	17422.4853
2013-02-21	17388.6091
2013-02-22	17382.6001
2013-02-23	17382.6001
2013-02-24	17382.6001
2013-02-25	17423.2846
2013-02-26	17440.4295
2013-02-27	17456.3248
2013-02-28	17486.2409
2013-03-01	17477.9809
2013-03-02	17477.9809
2013-03-03	17477.9809
2013-03-04	17475.5737
2013-03-05	17486.6912
2013-03-06	17517.5353
2013-03-07	17507.5663
2013-03-08	17499.4349
2013-03-09	17499.4349
2013-03-10	17499.4349
2013-03-11	17510.1757
2013-03-12	17477.1632
2013-03-13	17481.1783
2013-03-14	17408.6849
2013-03-15	17479.0927
2013-03-16	17479.0927
2013-03-17	17479.0927
2013-03-18	17454.1104
2013-03-19	17427.0058
2013-03-20	17446.5211
2013-03-21	17408.6022
2013-03-22	17425.5725
2013-03-23	17425.5725
2013-03-24	17425.5725
2013-03-25	17412.7736
2013-03-26	17455.2957
2013-03-27	17500.8315
2013-03-28	17505.9676
2013-03-29	17509.3212
2013-03-30	17509.3212
2013-03-31	17507.4009
2013-04-01	17505.4623
2013-04-02	17523.0941
2013-04-03	17488.6206
2013-04-04	17491.4046
2013-04-05	17490.1459
2013-04-06	17490.1459
2013-04-07	17490.1459
2013-04-08	17521.7986
2013-04-09	17551.191
2013-04-10	17553.9842
2013-04-11	17585.6553
2013-04-12	17599.9335
2013-04-13	17599.9335
2013-04-14	17599.9335
2013-04-15	17600.7788
2013-04-16	17609.1491
2013-04-17	17631.0074
2013-04-18	17608.4416
2013-04-19	17616.674
2013-04-20	17616.674
2013-04-21	17616.674
2013-04-22	17640.6364
2013-04-23	17701.0568
2013-04-24	17771.3635
2013-04-25	17773.3389
2013-04-26	17757.7377
2013-04-27	17757.7377
2013-04-28	17757.7377
2013-04-29	17791.8987
2013-04-30	17837.2416
2013-05-01	17826.951
2013-05-02	17844.6839
2013-05-03	17856.858
2013-05-04	17856.858
2013-05-05	17856.858
2013-05-06	17863.4458
2013-05-07	17888.8599
2013-05-08	17929.7374
2013-05-09	17915.5051
2013-05-10	17928.5338
2013-05-11	17928.5338
2013-05-12	17928.5338
2013-05-13	17954.3153
2013-05-14	17968.0606
2013-05-15	17954.2602
2013-05-16	17972.2687
2013-05-17	18016.3161
2013-05-18	18016.3161
2013-05-19	18016.3161
2013-05-20	18023.4735
2013-05-21	18010.8676
2013-05-22	18000.8894
2013-05-23	17879.0012
2013-05-24	17844.0407
2013-05-25	17844.0407
2013-05-26	17844.0407
2013-05-27	17854.8275
2013-05-28	17863.8777
2013-05-29	17828.0168
2013-05-30	17803.053
2013-05-31	17811.607
2013-06-01	17811.607
2013-06-02	17811.607
2013-06-03	17753.842
2013-06-04	17768.0558
2013-06-05	17730.7525
2013-06-06	17703.7673
2013-06-07	17716.7959
2013-06-08	17716.7959
2013-06-09	17716.7959
2013-06-10	17727.5459
2013-06-11	17699.5592
2013-06-12	17650.6054
2013-06-13	17639.4328
2013-06-14	17699.3754
2013-06-15	17699.3754
2013-06-16	17699.3754
2013-06-17	17729.9623
2013-06-18	17745.3798
2013-06-19	17754.2095
2013-06-20	17648.2349
2013-06-21	17585.7747
2013-06-22	17585.7747
2013-06-23	17585.7747
2013-06-24	17486.7371
2013-06-25	17545.669
2013-06-26	17589.3121
2013-06-27	17710.3183
2013-06-28	17738.8471
2013-06-29	17738.8471
2013-06-30	17738.8471
2013-07-01	17653.6191
2013-07-02	17767.1738
2013-07-03	17707.9478
2013-07-04	17719.8831
2013-07-05	17766.4204
2013-07-06	17766.4204
2013-07-07	17766.4204
2013-07-08	17714.9399
2013-07-09	17800.1404
2013-07-10	17815.1904
2013-07-11	17888.0973
2013-07-12	17903.0278
2013-07-13	17903.0278
2013-07-14	17903.0278
2013-07-15	17907.4013
2013-07-16	17885.5155
2013-07-17	17883.7146
2013-07-18	17922.1481
2013-07-19	17915.3673
2013-07-20	17915.3673
2013-07-21	17915.3673
2013-07-22	17943.8134
2013-07-23	17951.5773
2013-07-24	17962.9888
2013-07-25	17942.8579
2013-07-26	17951.9173
2013-07-27	17951.9173
2013-07-28	17951.9173
2013-07-29	17968.2352
2013-07-30	17991.196
2013-07-31	17984.9022
2013-08-01	18025.6787
2013-08-02	18029.9052
2013-08-03	18029.9052
2013-08-04	18029.9052
2013-08-05	18081.8267
2013-08-06	18030.7872
2013-08-07	17992.4548
2013-08-08	18018.1721
2013-08-09	17983.2208
2013-08-10	17983.2208
2013-08-11	17983.2208
2013-08-12	18017.2533
2013-08-13	18046.7376
2013-08-14	18029.5101
2013-08-15	18011.9334
2013-08-16	17966.7927
2013-08-17	17966.7927
2013-08-18	17966.7927
2013-08-19	17970.4036
2013-08-20	17973.9593
2013-08-21	17992.1608
2013-08-22	17958.4224
2013-08-23	17999.6674
2013-08-24	17999.6674
2013-08-25	17999.6674
2013-08-26	18004.8678
2013-08-27	18016.8674
2013-08-28	17990.1854
2013-08-29	17997.9125
2013-08-30	18024.475
2013-08-31	18024.475
2013-09-01	18024.475
2013-09-02	18051.0927
2013-09-03	18029.6479
2013-09-04	17990.3324
2013-09-05	17982.9636
2013-09-06	17962.1068
2013-09-07	17962.1068
2013-09-08	17962.1068
2013-09-09	18016.1875
2013-09-10	18016.1691
2013-09-11	18027.4244
2013-09-12	18069.3493
2013-09-13	18059.2517
2013-09-14	18059.2517
2013-09-15	18059.2517
2013-09-16	18101.1582
2013-09-17	18100.1016
2013-09-18	18099.7157
2013-09-19	18184.6498
2013-09-20	18165.8695
2013-09-21	18165.8695
2013-09-22	18165.8695
2013-09-23	18150.0844
2013-09-24	18162.0932
2013-09-25	18196.8698
2013-09-26	18201.3536
2013-09-27	18211.7452
2013-09-28	18211.7452
2013-09-29	18211.7452
2013-09-30	18161.1744
2013-10-01	18163.1314
2013-10-02	18172.8891
2013-10-03	18185.7983
2013-10-04	18144.7646
2013-10-05	18144.7646
2013-10-06	18144.7646
2013-10-07	18114.049
2013-10-08	18092.5399
2013-10-09	18097.4095
2013-10-10	18098.1262
2013-10-11	18167.4314
2013-10-12	18167.4314
2013-10-13	18167.4314
2013-10-14	18156.0015
2013-10-15	18160.2004
2013-10-16	18162.084
2013-10-17	18184.6681
2013-10-18	18235.68
2013-10-19	18235.68
2013-10-20	18235.68
2013-10-21	18267.8473
2013-10-22	18267.5349
2013-10-23	18291.5707
2013-10-24	18308.7891
2013-10-25	18321.6064
2013-10-26	18321.6064
2013-10-27	18321.6064
2013-10-28	18355.3907
2013-10-29	18355.2988
2013-10-30	18377.1939
2013-10-31	18359.5804
2013-11-01	18350.3924
2013-11-02	18350.3924
2013-11-03	18350.3924
2013-11-04	18307.8427
2013-11-05	18324.4914
2013-11-06	18318.4365
2013-11-07	18324.8865
2013-11-08	18341.2687
2013-11-09	18341.2687
2013-11-10	18341.2687
2013-11-11	18320.0444
2013-11-12	18326.9078
2013-11-13	18296.2474
2013-11-14	18321.2297
2013-11-15	18358.2666
2013-11-16	18358.2666
2013-11-17	18358.2666
2013-11-18	18350.0065
2013-11-19	18333.266
2013-11-20	18300.1707
2013-11-21	18290.4957
2013-11-22	18342.5183
2013-11-23	18342.5183
2013-11-24	18342.5183
2013-11-25	18373.8494
2013-11-26	18390.6543
2013-11-27	18401.2113
2013-11-28	18389.2853
2013-11-29	18385.9225
2013-11-30	18385.9225
2013-12-01	18385.9225
2013-12-02	18345.1277
2013-12-03	18324.2801
2013-12-04	18345.1828
2013-12-05	18264.4293
2013-12-06	18268.7201
2013-12-07	18268.7201
2013-12-08	18268.7201
2013-12-09	18277.5958
2013-12-10	18274.9404
2013-12-11	18273.2498
2013-12-12	18274.2054
2013-12-13	18287.6566
2013-12-14	18287.6566
2013-12-15	18287.6566
2013-12-16	18320.6141
2013-12-17	18335.517
2013-12-18	18363.1913
2013-12-19	18408.2402
2013-12-20	18437.7613
2013-12-21	18437.7613
2013-12-22	18437.7613
2013-12-23	18466.4647
2013-12-24	18496.3717
2013-12-25	18497.3823
2013-12-26	18508.5825
2013-12-27	18499.3853
2013-12-28	18499.3853
2013-12-29	18499.3853
2013-12-30	18519.0201
2013-12-31	18529.4393
2014-01-01	18530.5603
2014-01-02	18483.0582
2014-01-03	18494.3043
2014-01-04	18494.3043
2014-01-05	18494.3043
2014-01-06	18481.5238
2014-01-07	18514.0862
2014-01-08	18534.9246
2014-01-09	18531.966
2014-01-10	18541.4205
2014-01-11	18541.4205
2014-01-12	18541.4205
2014-01-13	18535.3288
2014-01-14	18515.9146
2014-01-15	18551.8673
2014-01-16	18616.9093
2014-01-17	18621.586
2014-01-18	18621.586
2014-01-19	18621.586
2014-01-20	18614.5204
2014-01-21	18635.6804
2014-01-22	18599.792
2014-01-23	18583.373
2014-01-24	18596.0525
2014-01-25	18596.0525
2014-01-26	18596.0525
2014-01-27	18580.0837
2014-01-28	18543.7726
2014-01-29	18552.3359
2014-01-30	18564.0414
2014-01-31	18570.0963
2014-02-01	18570.0963
2014-02-02	18570.0963
2014-02-03	18533.9231
2014-02-04	18471.6008
2014-02-05	18463.4234
2014-02-06	18495.9674
2014-02-07	18507.2411
2014-02-08	18507.2411
2014-02-09	18507.2411
2014-02-10	18542.4863
2014-02-11	18551.2792
2014-02-12	18583.0422
2014-02-13	18608.686
2014-02-14	18653.303
2014-02-15	18653.303
2014-02-16	18653.303
2014-02-17	18654.9936
2014-02-18	18662.785
2014-02-19	18684.2574
2014-02-20	18690.6707
2014-02-21	18688.9341
2014-02-22	18688.9341
2014-02-23	18688.9341
2014-02-24	18716.7187
2014-02-25	18714.6698
2014-02-26	18740.7821
2014-02-27	18761.8043
2014-02-28	18785.0132
2014-03-01	18785.0132
2014-03-02	18785.0132
2014-03-03	18785.0132
2014-03-04	18800.8718
2014-03-05	18802.4062
2014-03-06	18787.2459
2014-03-07	18782.4314
2014-03-08	18782.4314
2014-03-09	18782.4314
2014-03-10	18756.806
2014-03-11	18777.1483
2014-03-12	18762.1167
2014-03-13	18736.9232
2014-03-14	18739.064
2014-03-15	18739.064
2014-03-16	18739.064
2014-03-17	18725.5116
2014-03-18	18736.5832
2014-03-19	18760.031
2014-03-20	18718.5104
2014-03-21	18729.2328
2014-03-22	18729.2328
2014-03-23	18729.2328
2014-03-24	18720.642
2014-03-25	18732.8712
2014-03-26	18739.1375
2014-03-27	18726.7336
2014-03-28	18749.7129
2014-03-29	18749.7129
2014-03-30	18749.7129
2014-03-31	18761.1703
2014-04-01	18764.0462
2014-04-02	18777.4791
2014-04-03	18786.0974
2014-04-04	18778.1406
2014-04-05	18778.1406
2014-04-06	18778.1406
2014-04-07	18783.0654
2014-04-08	18774.6124
2014-04-09	18820.0747
2014-04-10	18819.3672
2014-04-11	18793.4295
2014-04-12	18793.4295
2014-04-13	18793.4295
2014-04-14	18777.8558
2014-04-15	18791.8399
2014-04-16	18831.6241
2014-04-17	18868.7069
2014-04-18	18871.353
2014-04-19	18871.353
2014-04-20	18871.353
2014-04-21	18875.2855
2014-04-22	18880.3389
2014-04-23	18955.9379
2014-04-24	18976.8499
2014-04-25	18964.0142
2014-04-26	18964.0142
2014-04-27	18964.0142
2014-04-28	18983.6582
2014-04-29	18957.4356
2014-04-30	18962.0388
2014-05-01	18955.3958
2014-05-02	18977.8054
2014-05-03	18977.8054
2014-05-04	18977.8054
2014-05-05	18986.7546
2014-05-06	18980.3413
2014-05-07	18983.0334
2014-05-08	18991.9642
2014-05-09	19001.0787
2014-05-10	19001.0787
2014-05-11	19001.0787
2014-05-12	19013.997
2014-05-13	19028.4957
2014-05-14	19047.0555
2014-05-15	19058.2925
2014-05-16	19057.879
2014-05-17	19057.879
2014-05-18	19057.879
2014-05-19	19047.2025
2014-05-20	19054.9205
2014-05-21	19098.0306
2014-05-22	19090.864
2014-05-23	19103.3229
2014-05-24	19103.3229
2014-05-25	19103.3229
2014-05-26	19133.0737
2014-05-27	19132.8992
2014-05-28	19148.234
2014-05-29	19171.985
2014-05-30	19151.5417
2014-05-31	19151.5417
2014-06-01	19151.5417
2014-06-02	19186.9523
2014-06-03	19151.1374
2014-06-04	19127.1291
2014-06-05	19131.9528
2014-06-06	19144.3474
2014-06-07	19144.3474
2014-06-08	19144.3474
2014-06-09	19147.9675
2014-06-10	19154.2981
2014-06-11	19130.3081
2014-06-12	19119.0988
2014-06-13	19135.1778
2014-06-14	19135.1778
2014-06-15	19135.1778
2014-06-16	19143.2449
2014-06-17	19181.1455
2014-06-18	19152.4053
2014-06-19	19215.4627
2014-06-20	19194.4038
2014-06-21	19194.4038
2014-06-22	19194.4038
2014-06-23	19202.2503
2014-06-24	19223.4195
2014-06-25	19221.2603
2014-06-26	19258.8026
2014-06-27	19263.6079
2014-06-28	19263.6079
2014-06-29	19263.6079
2014-06-30	19246.3712
2014-07-01	19241.3545
2014-07-02	19305.6982
2014-07-03	19334.521
2014-07-04	19322.5858
2014-07-05	19322.5858
2014-07-06	19322.5858
2014-07-07	19319.1862
2014-07-08	19308.5557
2014-07-09	19298.2284
2014-07-10	19317.3946
2014-07-11	19347.4302
2014-07-12	19347.4302
2014-07-13	19347.4302
2014-07-14	19358.3548
2014-07-15	19372.734
2014-07-16	19391.1927
2014-07-17	19381.4534
2014-07-18	19396.4667
2014-07-19	19396.4667
2014-07-20	19396.4667
2014-07-21	19386.6539
2014-07-22	19412.9867
2014-07-23	19414.2547
2014-07-24	19424.141
2014-07-25	19418.3066
2014-07-26	19418.3066
2014-07-27	19418.3066
2014-07-28	19419.3632
2014-07-29	19419.6296
2014-07-30	19464.5499
2014-07-31	19422.1472
2014-08-01	19364.0421
2014-08-02	19364.0421
2014-08-03	19364.0421
2014-08-04	19366.284
2014-08-05	19371.1077
2014-08-06	19353.136
2014-08-07	19386.2955
2014-08-08	19393.2049
2014-08-09	19393.2049
2014-08-10	19393.2049
2014-08-11	19370.9332
2014-08-12	19432.2816
2014-08-13	19404.203
2014-08-14	19454.6268
2014-08-15	19462.4734
2014-08-16	19462.4734
2014-08-17	19462.4734
2014-08-18	19502.2207
2014-08-19	19509.2036
2014-08-20	19523.8677
2014-08-21	19515.9936
2014-08-22	19528.2504
2014-08-23	19528.2504
2014-08-24	19528.2504
2014-08-25	19541.3066
2014-08-26	19563.4773
2014-08-27	19573.5473
2014-08-28	19554.7119
2014-08-29	19567.0238
2014-08-30	19567.0238
2014-08-31	19567.0238
2014-09-01	19586.7229
2014-09-02	19602.4253
2014-09-03	19601.4513
2014-09-04	19586.3095
2014-09-05	19551.2572
2014-09-06	19551.2572
2014-09-07	19551.2572
2014-09-08	19550.7519
2014-09-09	19545.432
2014-09-10	19524.9887
2014-09-11	19500.9712
2014-09-12	19499.5287
2014-09-13	19499.5287
2014-09-14	19499.5287
2014-09-15	19442.6181
2014-09-16	19441.1112
2014-09-17	19415.3021
2014-09-18	19423.1854
2014-09-19	19439.5401
2014-09-20	19439.5401
2014-09-21	19439.5401
2014-09-22	19435.7271
2014-09-23	19485.2229
2014-09-24	19439.733
2014-09-25	19452.486
2014-09-26	19446.8813
2014-09-27	19446.8813
2014-09-28	19446.8813
2014-09-29	19428.2021
2014-09-30	19450.7678
2014-10-01	19468.6569
2014-10-02	19443.5277
2014-10-03	19472.6537
2014-10-04	19472.6537
2014-10-05	19472.6537
2014-10-06	19477.7439
2014-10-07	19450.6025
2014-10-08	19461.0217
2014-10-09	19488.0804
2014-10-10	19413.0051
2014-10-11	19413.0051
2014-10-12	19413.0051
2014-10-13	19388.2985
2014-10-14	19405.866
2014-10-15	19397.3763
2014-10-16	19455.5548
2014-10-17	19460.4612
2014-10-18	19460.4612
2014-10-19	19460.4612
2014-10-20	19465.8362
2014-10-21	19523.1602
2014-10-22	19531.6316
2014-10-23	19561.6488
2014-10-24	19566.3255
2014-10-25	19566.3255
2014-10-26	19566.3255
2014-10-27	19595.4056
2014-10-28	19619.3496
2014-10-29	19593.7242
2014-10-30	19628.85
2014-10-31	19709.9526
2014-11-01	19709.9526
2014-11-02	19709.9526
2014-11-03	19722.4483
2014-11-04	19714.9969
2014-11-05	19747.8532
2014-11-06	19756.4808
2014-11-07	19751.7306
2014-11-08	19751.7306
2014-11-09	19751.7306
2014-11-10	19777.9807
2014-11-11	19773.1111
2014-11-12	19742.3404
2014-11-13	19735.8445
2014-11-14	19743.8105
2014-11-15	19743.8105
2014-11-16	19743.8105
2014-11-17	19735.0267
2014-11-18	19725.655
2014-11-19	19725.1129
2014-11-20	19711.6984
2014-11-21	19704.2653
2014-11-22	19704.2653
2014-11-23	19704.2653
2014-11-24	19751.556
2014-11-25	19757.1791
2014-11-26	19836.0214
2014-11-27	19846.6795
2014-11-28	19836.6922
2014-11-29	19836.6922
2014-11-30	19836.6922
2014-12-01	19821.0725
2014-12-02	19850.0883
2014-12-03	19893.9886
2014-12-04	19921.3873
2014-12-05	19939.8644
2014-12-06	19939.8644
2014-12-07	19939.8644
2014-12-08	19931.7698
2014-12-09	19893.5017
2014-12-10	19913.017
2014-12-11	19938.5322
2014-12-12	19919.0627
2014-12-13	19919.0627
2014-12-14	19919.0627
2014-12-15	19902.0465
2014-12-16	19894.0162
2014-12-17	19951.6251
2014-12-18	19978.0866
2014-12-19	20036.1457
2014-12-20	20036.1457
2014-12-21	20036.1457
2014-12-22	20134.0256
2014-12-23	20104.1094
2014-12-24	20104.8077
2014-12-25	20105.4049
2014-12-26	20107.4906
2014-12-27	20107.4906
2014-12-28	20107.4906
2014-12-29	20176.3732
2014-12-30	20148.0649
2014-12-31	20130.0748
2015-01-01	20130.9109
2015-01-02	20141.1739
2015-01-03	20141.1739
2015-01-04	20141.1739
2015-01-05	20174.7285
2015-01-06	20128.6139
2015-01-07	20173.1574
2015-01-08	20202.9174
2015-01-09	20232.0342
2015-01-10	20232.0342
2015-01-11	20232.0342
2015-01-12	20220.6135
2015-01-13	20250.7502
2015-01-14	20240.4045
2015-01-15	20197.4505
2015-01-16	20243.1885
2015-01-17	20243.1885
2015-01-18	20243.1885
2015-01-19	20205.3338
2015-01-20	20201.5392
2015-01-21	20303.37
2015-01-22	20329.758
2015-01-23	20406.9373
2015-01-24	20406.9373
2015-01-25	20406.9373
2015-01-26	20415.5465
2015-01-27	20451.0582
2015-01-28	20429.255
2015-01-29	20516.1094
2015-01-30	20512.085
2015-01-31	20512.085
2015-02-01	20512.085
2015-02-02	20543.3886
2015-02-03	20692.5377
2015-02-04	20657.4762
2015-02-05	20706.5953
2015-02-06	20679.0772
2015-02-07	20679.0772
2015-02-08	20679.0772
2015-02-09	20632.9718
2015-02-10	20650.6127
2015-02-11	20653.3232
2015-02-12	20664.5142
2015-02-13	20733.4335
2015-02-14	20733.4335
2015-02-15	20733.4335
2015-02-16	20695.3216
2015-02-17	20693.6678
2015-02-18	20705.4928
2015-02-19	20711.6947
2015-02-20	20696.709
2015-02-21	20696.709
2015-02-22	20696.709
2015-02-23	20722.7203
2015-02-24	20734.4718
2015-02-25	20763.1568
2015-02-26	20767.0433
2015-02-27	20786.8711
2015-02-28	20786.8711
2015-03-01	20786.8711
2015-03-02	20825.9936
2015-03-03	20790.6565
2015-03-04	20752.563
2015-03-05	20764.1491
2015-03-06	20771.0769
2015-03-07	20771.0769
2015-03-08	20771.0769
2015-03-09	20659.4332
2015-03-10	20673.8401
2015-03-11	20731.0538
2015-03-12	20787.4683
2015-03-13	20756.376
2015-03-14	20756.376
2015-03-15	20756.376
2015-03-16	20770.011
2015-03-17	20796.8492
2015-03-18	20805.2379
2015-03-19	20929.1475
2015-03-20	20922.964
2015-03-21	20922.964
2015-03-22	20922.964
2015-03-23	20885.4126
2015-03-24	20899.4243
2015-03-25	20893.5439
2015-03-26	20825.1667
2015-03-27	20864.032
2015-03-28	20864.032
2015-03-29	20864.032
2015-03-30	20861.9464
2015-03-31	20884.9072
2015-04-01	20883.6944
2015-04-02	20924.3973
2015-04-03	20920.7956
2015-04-04	20920.7956
2015-04-05	20920.7956
2015-04-06	20924.673
2015-04-07	20925.0405
2015-04-08	20959.9641
2015-04-09	20957.1342
2015-04-10	20991.6536
2015-04-11	20991.6536
2015-04-12	20991.6536
2015-04-13	21023.2971
2015-04-14	21015.0463
2015-04-15	21008.5228
2015-04-16	20969.3359
2015-04-17	20908.0335
2015-04-18	20908.0335
2015-04-19	20908.0335
2015-04-20	20892.4046
2015-04-21	20915.7881
2015-04-22	20888.6008
2015-04-23	20872.3656
2015-04-24	20914.658
2015-04-25	20914.658
2015-04-26	20914.658
2015-04-27	20949.4438
2015-04-28	20888.9775
2015-04-29	20801.9578
2015-04-30	20779.8238
2015-05-01	20786.724
2015-05-02	20786.724
2015-05-03	20786.724
2015-05-04	20805.0266
2015-05-05	20760.6485
2015-05-06	20614.2741
2015-05-07	20543.9399
2015-05-08	20624.0869
2015-05-09	20624.0869
2015-05-10	20624.0869
2015-05-11	20624.8863
2015-05-12	20571.6693
2015-05-13	20596.0543
2015-05-14	20584.7438
2015-05-15	20672.9029
2015-05-16	20672.9029
2015-05-17	20672.9029
2015-05-18	20675.3928
2015-05-19	20649.0783
2015-05-20	20709.8479
2015-05-21	20743.6506
2015-05-22	20770.691
2015-05-23	20770.691
2015-05-24	20770.691
2015-05-25	20813.3693
2015-05-26	20834.0515
2015-05-27	20842.3207
2015-05-28	20870.5096
2015-05-29	20913.0134
2015-05-30	20913.0134
2015-05-31	20913.0134
2015-06-01	20901.8315
2015-06-02	20813.1396
2015-06-03	20736.4932
2015-06-04	20629.9397
2015-06-05	20626.6871
2015-06-06	20626.6871
2015-06-07	20626.6871
2015-06-08	20618.4914
2015-06-09	20614.9541
2015-06-10	20602.6697
2015-06-11	20588.0791
2015-06-12	20620.8068
2015-06-13	20620.8068
2015-06-14	20620.8068
2015-06-15	20621.2938
2015-06-16	20619.2081
2015-06-17	20669.779
2015-06-18	20648.3892
2015-06-19	20725.3573
2015-06-20	20725.3573
2015-06-21	20725.3573
2015-06-22	20736.5942
2015-06-23	20754.5476
2015-06-24	20743.7609
2015-06-25	20681.1905
2015-06-26	20644.8335
2015-06-27	20644.8335
2015-06-28	20644.8335
2015-06-29	20556.6101
2015-06-30	20583.1727
2015-07-01	20664.9277
2015-07-02	20685.8212
2015-07-03	20687.1627
2015-07-04	20687.1627
2015-07-05	20687.1627
2015-07-06	20682.6789
2015-07-07	20787.9461
2015-07-08	20761.5397
2015-07-09	20770.4888
2015-07-10	20748.6948
2015-07-11	20748.6948
2015-07-12	20748.6948
2015-07-13	20739.5344
2015-07-14	20795.2046
2015-07-15	20829.3289
2015-07-16	20885.826
2015-07-17	20901.4181
2015-07-18	20901.4181
2015-07-19	20901.4181
2015-07-20	20921.9074
2015-07-21	20932.7308
2015-07-22	20889.2256
2015-07-23	20904.542
2015-07-24	20918.5078
2015-07-25	20918.5078
2015-07-26	20918.5078
2015-07-27	20952.4208
2015-07-28	20950.7394
2015-07-29	20980.2237
2015-07-30	20985.8376
2015-07-31	21036.0134
2015-08-01	21036.0134
2015-08-02	21036.0134
2015-08-03	21038.4022
2015-08-04	21045.2749
2015-08-05	21033.5785
2015-08-06	20998.8019
2015-08-07	20916.1648
2015-08-08	20916.1648
2015-08-09	20916.1648
2015-08-10	20988.2357
2015-08-11	20952.5218
2015-08-12	20921.255
2015-08-13	20901.2435
2015-08-14	20871.9521
2015-08-15	20871.9521
2015-08-16	20871.9521
2015-08-17	20889.8044
2015-08-18	20873.9827
2015-08-19	20918.9488
2015-08-20	20878.494
2015-08-21	20815.6204
2015-08-22	20815.6204
2015-08-23	20815.6204
2015-08-24	20686.8411
2015-08-25	20776.7459
2015-08-26	20790.0869
2015-08-27	20828.6306
2015-08-28	20822.3184
2015-08-29	20822.3184
2015-08-30	20822.3184
2015-08-31	20816.4565
2015-09-01	20723.8596
2015-09-02	20740.297
2015-09-03	20671.0193
2015-09-04	20716.2428
2015-09-05	20716.2428
2015-09-06	20716.2428
2015-09-07	20718.0987
2015-09-08	20787.3672
2015-09-09	20832.7009
2015-09-10	20738.4043
2015-09-11	20718.8797
2015-09-12	20718.8797
2015-09-13	20718.8797
2015-09-14	20737.7887
2015-09-15	20715.9763
2015-09-16	20726.7171
2015-09-17	20725.0816
2015-09-18	20751.9842
2015-09-19	20751.9842
2015-09-20	20751.9842
2015-09-21	20728.031
2015-09-22	20763.5702
2015-09-23	20735.409
2015-09-24	20829.2278
2015-09-25	20799.2014
2015-09-26	20799.2014
2015-09-27	20799.2014
2015-09-28	20830.606
2015-09-29	20712.347
2015-09-30	20800.1018
2015-10-01	20863.8942
2015-10-02	20826.8297
2015-10-03	20826.8297
2015-10-04	20826.8297
2015-10-05	20942.8836
2015-10-06	20928.3206
2015-10-07	20909.6138
2015-10-08	20899.608
2015-10-09	20907.1055
2015-10-10	20907.1055
2015-10-11	20907.1055
2015-10-12	20862.3598
2015-10-13	20889.4553
2015-10-14	20914.0424
2015-10-15	20948.1943
2015-10-16	21011.0771
2015-10-17	21011.0771
2015-10-18	21011.0771
2015-10-19	20992.7837
2015-10-20	21003.5153
2015-10-21	20991.3136
2015-10-22	21031.1345
2015-10-23	21137.1826
2015-10-24	21137.1826
2015-10-25	21137.1826
2015-10-26	21106.8438
2015-10-27	21128.1692
2015-10-28	21192.9815
2015-10-29	21160.6488
2015-10-30	21139.4796
2015-10-31	21139.4796
2015-11-01	21139.4796
2015-11-02	21100.9818
2015-11-03	21120.2675
2015-11-04	21105.5115
2015-11-05	21049.3911
2015-11-06	21070.4868
2015-11-07	21070.4868
2015-11-08	21070.4868
2015-11-09	20949.499
2015-11-10	20929.9193
2015-11-11	20956.2522
2015-11-12	20898.9189
2015-11-13	20842.3575
2015-11-14	20842.3575
2015-11-15	20842.3575
2015-11-16	20837.4603
2015-11-17	20935.0462
2015-11-18	20972.0556
2015-11-19	21028.47
2015-11-20	21050.0618
2015-11-21	21050.0618
2015-11-22	21050.0618
2015-11-23	21065.5253
2015-11-24	21023.7841
2015-11-25	21017.766
2015-11-26	21073.1513
2015-11-27	21071.5526
2015-11-28	21071.5526
2015-11-29	21071.5526
2015-11-30	21030.9416
2015-12-01	21090.2135
2015-12-02	21071.7456
2015-12-03	21039.1557
2015-12-04	20940.8163
2015-12-05	20940.8163
2015-12-06	20940.8163
2015-12-07	20946.7701
2015-12-08	20994.3549
2015-12-09	20983.0261
2015-12-10	20925.8123
2015-12-11	20906.1591
2015-12-12	20906.1591
2015-12-13	20906.1591
2015-12-14	20844.7648
2015-12-15	20865.4562
2015-12-16	20943.9035
2015-12-17	21000.4741
2015-12-18	21020.7061
2015-12-19	21020.7061
2015-12-20	21020.7061
2015-12-21	21025.5666
2015-12-22	21048.8766
2015-12-23	21068.2265
2015-12-24	21096.103
2015-12-25	21099.2729
2015-12-26	21099.2729
2015-12-27	21099.2729
2015-12-28	21099.4199
2015-12-29	21199.6152
2015-12-30	21223.8256
2015-12-31	21179.9712
2016-01-01	21179.9712
2016-01-02	21179.9712
2016-01-03	21179.9712
2016-01-04	21161.7698
2016-01-05	21111.7318
2016-01-06	21092.6207
2016-01-07	21026.8805
2016-01-08	21004.9303
2016-01-09	21004.9303
2016-01-10	21004.9303
2016-01-11	20976.4566
2016-01-12	20984.4961
2016-01-13	21014.7155
2016-01-14	20989.0901
2016-01-15	20980.4075
2016-01-16	20980.4075
2016-01-17	20980.4075
2016-01-18	20972.2577
2016-01-19	21022.0659
2016-01-20	21038.1082
2016-01-21	21045.5965
2016-01-22	21069.8161
2016-01-23	21069.8161
2016-01-24	21069.8161
2016-01-25	21128.1876
2016-01-26	21132.3865
2016-01-27	21121.416
2016-01-28	21154.208
2016-01-29	21210.7603
2016-01-30	21210.7603
2016-01-31	21210.7603
2016-02-01	21253.3651
2016-02-02	21201.9214
2016-02-03	21167.7971
2016-02-04	21204.8432
2016-02-05	21188.0107
2016-02-06	21188.0107
2016-02-07	21188.0107
2016-02-08	21173.2823
2016-02-09	21138.5241
2016-02-10	21104.703
2016-02-11	21157.9935
2016-02-12	21124.8156
2016-02-13	21124.8156
2016-02-14	21124.8156
2016-02-15	21127.866
2016-02-16	21193.9462
2016-02-17	21185.7964
2016-02-18	21246.1709
2016-02-19	21250.6546
2016-02-20	21250.6546
2016-02-21	21250.6546
2016-02-22	21289.1984
2016-02-23	21259.1995
2016-02-24	21233.8498
2016-02-25	21264.2897
2016-02-26	21292.9379
2016-02-27	21292.9379
2016-02-28	21292.9379
2016-02-29	21280.773
2016-03-01	21329.9748
2016-03-02	21331.3254
2016-03-03	21300.2883
2016-03-04	21268.167
2016-03-05	21268.167
2016-03-06	21268.167
2016-03-07	21245.4175
2016-03-08	21249.2029
2016-03-09	21288.8125
2016-03-10	21289.8691
2016-03-11	21280.6168
2016-03-12	21280.6168
2016-03-13	21280.6168
2016-03-14	21269.582
2016-03-15	21245.2429
2016-03-16	21263.7568
2016-03-17	21293.333
2016-03-18	21320.9981
2016-03-19	21320.9981
2016-03-20	21320.9981
2016-03-21	21318.8114
2016-03-22	21320.1804
2016-03-23	21310.5605
2016-03-24	21323.3319
2016-03-25	21324.8387
2016-03-26	21324.8387
2016-03-27	21324.8387
2016-03-28	21322.8265
2016-03-29	21310.4135
2016-03-30	21365.9643
2016-03-31	21413.3193
2016-04-01	21334.5688
2016-04-02	21334.5688
2016-04-03	21334.5688
2016-04-04	21381.7769
2016-04-05	21358.2004
2016-04-06	21396.395
2016-04-07	21421.8734
2016-04-08	21440.0105
2016-04-09	21440.0105
2016-04-10	21440.0105
2016-04-11	21433.2022
2016-04-12	21431.0798
2016-04-13	21444.4024
2016-04-14	21448.1143
2016-04-15	21465.6635
2016-04-16	21465.6635
2016-04-17	21465.6635
2016-04-18	21509.5362
2016-04-19	21492.3455
2016-04-20	21516.1241
2016-04-21	21506.7615
2016-04-22	21471.6816
2016-04-23	21471.6816
2016-04-24	21471.6816
2016-04-25	21468.916
2016-04-26	21469.9451
2016-04-27	21510.0048
2016-04-28	21555.6785
2016-04-29	21569.4789
2016-04-30	21569.4789
2016-05-01	21569.4789
2016-05-02	21585.319
2016-05-03	21705.8015
2016-05-04	21709.3664
2016-05-05	21726.107
2016-05-06	21814.6703
2016-05-07	21814.6703
2016-05-08	21814.6703
2016-05-09	21833.3128
2016-05-10	21877.8471
2016-05-11	21863.3301
2016-05-12	21840.5162
2016-05-13	21825.2182
2016-05-14	21825.2182
2016-05-15	21825.2182
2016-05-16	21873.4277
2016-05-17	21875.8074
2016-05-18	21856.2461
2016-05-19	21827.212
2016-05-20	21836.0233
2016-05-21	21836.0233
2016-05-22	21836.0233
2016-05-23	21826.1278
2016-05-24	21830.3359
2016-05-25	21877.8471
2016-05-26	21878.2055
2016-05-27	21916.5103
2016-05-28	21916.5103
2016-05-29	21916.5103
2016-05-30	21922.1058
2016-05-31	21875.5134
2016-06-01	21891.0044
2016-06-02	21893.5311
2016-06-03	21935.0058
2016-06-04	21935.0058
2016-06-05	21935.0058
2016-06-06	21978.7224
2016-06-07	21960.8149
2016-06-08	21972.0795
2016-06-09	21989.9318
2016-06-10	21970.9861
2016-06-11	21970.9861
2016-06-12	21970.9861
2016-06-13	21956.7722
2016-06-14	21927.4532
2016-06-15	21891.6475
2016-06-16	21946.5092
2016-06-17	21936.5034
2016-06-18	21936.5034
2016-06-19	21936.5034
2016-06-20	21946.7021
2016-06-21	21966.8331
2016-06-22	21943.1831
2016-06-23	21942.5859
2016-06-24	21900.2935
2016-06-25	21900.2935
2016-06-26	21900.2935
2016-06-27	21968.9555
2016-06-28	21973.5036
2016-06-29	22022.439
2016-06-30	22122.0647
2016-07-01	22148.0116
2016-07-02	22148.0116
2016-07-03	22148.0116
2016-07-04	22166.2406
2016-07-05	22160.884
2016-07-06	22197.094
2016-07-07	22235.6745
2016-07-08	22238.6974
2016-07-09	22238.6974
2016-07-10	22238.6974
2016-07-11	22316.3085
2016-07-12	22286.0432
2016-07-13	22268.1817
2016-07-14	22306.6611
2016-07-15	22302.5908
2016-07-16	22302.5908
2016-07-17	22302.5908
2016-07-18	22334.023
2016-07-19	22380.7901
2016-07-20	22455.0752
2016-07-21	22456.1777
2016-07-22	22461.4149
2016-07-23	22461.4149
2016-07-24	22461.4149
2016-07-25	22483.2824
2016-07-26	22485.9102
2016-07-27	22469.3901
2016-07-28	22502.5956
2016-07-29	22523.0481
2016-07-30	22523.0481
2016-07-31	22523.0481
2016-08-01	22546.5695
2016-08-02	22510.0379
2016-08-03	22417.3676
2016-08-04	22405.0372
2016-08-05	22418.0475
2016-08-06	22418.0475
2016-08-07	22418.0475
2016-08-08	22411.7353
2016-08-09	22401.215
2016-08-10	22427.8603
2016-08-11	22427.162
2016-08-12	22425.5816
2016-08-13	22425.5816
2016-08-14	22425.5816
2016-08-15	22449.0203
2016-08-16	22412.4152
2016-08-17	22426.087
2016-08-18	22395.2796
2016-08-19	22444.8857
2016-08-20	22444.8857
2016-08-21	22444.8857
2016-08-22	22448.8825
2016-08-23	22483.1262
2016-08-24	22501.2542
2016-08-25	22511.7836
2016-08-26	22478.2749
2016-08-27	22478.2749
2016-08-28	22478.2749
2016-08-29	22456.0216
2016-08-30	22480.526
2016-08-31	22461.1301
2016-09-01	22446.2179
2016-09-02	22392.8264
2016-09-03	22392.8264
2016-09-04	22392.8264
2016-09-05	22399.0467
2016-09-06	22356.3316
2016-09-07	22358.3989
2016-09-08	22337.1929
2016-09-09	22225.9168
2016-09-10	22225.9168
2016-09-11	22225.9168
2016-09-12	22094.2709
2016-09-13	22073.9562
2016-09-14	22081.619
2016-09-15	22039.2347
2016-09-16	22103.3579
2016-09-17	22103.3579
2016-09-18	22103.3579
2016-09-19	22081.7752
2016-09-20	22090.1639
2016-09-21	22138.3366
2016-09-22	22172.1669
2016-09-23	22251.8454
2016-09-24	22251.8454
2016-09-25	22251.8454
2016-09-26	22258.0749
2016-09-27	22252.9112
2016-09-28	22279.7954
2016-09-29	22288.7904
2016-09-30	22302.9951
2016-10-01	22302.9951
2016-10-02	22302.9951
2016-10-03	22300.3398
2016-10-04	22251.5055
2016-10-05	22173.1133
2016-10-06	22163.4842
2016-10-07	22101.5111
2016-10-08	22101.5111
2016-10-09	22101.5111
2016-10-10	22089.1991
2016-10-11	22057.6383
2016-10-12	22025.03
2016-10-13	22037.5992
2016-10-14	22048.34
2016-10-15	22048.34
2016-10-16	22048.34
2016-10-17	21966.4931
2016-10-18	21982.9581
2016-10-19	22015.0794
2016-10-20	22041.0723
2016-10-21	22031.4524
2016-10-22	22031.4524
2016-10-23	22031.4524
2016-10-24	22026.2796
2016-10-25	22042.3402
2016-10-26	21962.9098
2016-10-27	21907.2855
2016-10-28	21858.2399
2016-10-29	21858.2399
2016-10-30	21858.2399
2016-10-31	21912.7524
2016-11-01	21885.5743
2016-11-02	21864.1662
2016-11-03	21855.6121
2016-11-04	21836.1703
2016-11-05	21836.1703
2016-11-06	21836.1703
2016-11-07	21884.6003
2016-11-08	21871.8106
2016-11-09	21884.4993
2016-11-10	21821.5522
2016-11-11	21712.5088
2016-11-12	21712.5088
2016-11-13	21712.5088
2016-11-14	21689.6857
2016-11-15	21648.8358
2016-11-16	21679.974
2016-11-17	21769.3183
2016-11-18	21738.0698
2016-11-19	21738.0698
2016-11-20	21738.0698
2016-11-21	21723.6354
2016-11-22	21762.9418
2016-11-23	21818.2261
2016-11-24	21795.6971
2016-11-25	21810.9492
2016-11-26	21810.9492
2016-11-27	21810.9492
2016-11-28	21820.3393
2016-11-29	21841.1961
2016-11-30	21874.7508
2016-12-01	21794.0708
2016-12-02	21726.1621
2016-12-03	21726.1621
2016-12-04	21726.1621
2016-12-05	21763.833
2016-12-06	21813.8067
2016-12-07	21867.2074
2016-12-08	21931.7349
2016-12-09	21908.921
2016-12-10	21908.921
2016-12-11	21908.921
2016-12-12	21900.6977
2016-12-13	21941.0423
2016-12-14	21970.0121
2016-12-15	21923.2451
2016-12-16	21943.4863
2016-12-17	21943.4863
2016-12-18	21943.4863
2016-12-19	21982.7284
2016-12-20	22006.167
2016-12-21	21996.9055
2016-12-22	22026.0591
2016-12-23	22026.252
2016-12-24	22026.252
2016-12-25	22026.252
2016-12-26	22025.7467
2016-12-27	22025.6548
2016-12-28	22063.8126
2016-12-29	22102.4942
2016-12-30	22110.6164
2016-12-31	22110.6164
2017-01-01	22110.6164
2017-01-02	22111.5536
2017-01-03	22177.2663
2017-01-04	22133.8804
2017-01-05	22141.92
2017-01-06	22205.4827
2017-01-07	22205.4827
2017-01-08	22205.4827
2017-01-09	22205.8043
2017-01-10	22203.0295
2017-01-11	22193.1799
2017-01-12	22171.0276
2017-01-13	22148.177
2017-01-14	22148.177
2017-01-15	22148.177
2017-01-16	22168.1885
2017-01-17	22118.6283
2017-01-18	22126.4933
2017-01-19	22080.1949
2017-01-20	22063.4451
2017-01-21	22063.4451
2017-01-22	22063.4451
2017-01-23	22050.784
2017-01-24	22103.5876
2017-01-25	22077.0158
2017-01-26	22079.1015
2017-01-27	22095.4378
2017-01-28	22095.4378
2017-01-29	22095.4378
2017-01-30	22068.7558
2017-01-31	22064.9703
2017-02-01	22089.0889
2017-02-02	22034.1261
2017-02-03	22058.6581
2017-02-04	22058.6581
2017-02-05	22058.6581
2017-02-06	22053.6047
2017-02-07	22129.948
2017-02-08	22156.9424
2017-02-09	22228.5354
2017-02-10	22216.5818
2017-02-11	22216.5818
2017-02-12	22216.5818
2017-02-13	22247.9773
2017-02-14	22248.0967
2017-02-15	22237.3651
2017-02-16	22205.5654
2017-02-17	22228.3517
2017-02-18	22228.3517
2017-02-19	22228.3517
2017-02-20	22231.5766
2017-02-21	22227.7177
2017-02-22	22241.4813
2017-02-23	22253.8576
2017-02-24	22267.1343
2017-02-25	22267.1343
2017-02-26	22267.1343
2017-02-27	22285.8411
2017-02-28	22266.8035
2017-03-01	22282.4323
2017-03-02	22294.5881
2017-03-03	22283.3971
2017-03-04	22283.3971
2017-03-05	22283.3971
2017-03-06	22282.5334
2017-03-07	22289.3877
2017-03-08	22283.3695
2017-03-09	22262.3933
2017-03-10	22244.4215
2017-03-11	22244.4215
2017-03-12	22244.4215
2017-03-13	22225.2829
2017-03-14	22209.4887
2017-03-15	22245.3127
2017-03-16	22299.6231
2017-03-17	22299.1453
2017-03-18	22299.1453
2017-03-19	22299.1453
2017-03-20	22283.0755
2017-03-21	22278.6101
2017-03-22	22272.2612
2017-03-23	22310.1801
2017-03-24	22344.4331
2017-03-25	22344.4331
2017-03-26	22344.4331
2017-03-27	22380.3582
2017-03-28	22439.8966
2017-03-29	22459.1363
2017-03-30	22487.3711
2017-03-31	22457.2711
2017-04-01	22457.2711
2017-04-02	22457.2711
2017-04-03	22482.676
2017-04-04	22509.7071
2017-04-05	22520.7052
2017-04-06	22522.5152
2017-04-07	22554.3609
2017-04-08	22554.3609
2017-04-09	22554.3609
2017-04-10	22565.9194
2017-04-11	22571.322
2017-04-12	22613.0723
2017-04-13	22610.4354
2017-04-14	22609.8933
2017-04-15	22609.8933
2017-04-16	22609.8933
2017-04-17	22616.8394
2017-04-18	22616.9313
2017-04-19	22588.8895
2017-04-20	22599.6211
2017-04-21	22614.8732
2017-04-22	22614.8732
2017-04-23	22614.8732
2017-04-24	22620.3033
2017-04-25	22631.5862
2017-04-26	22634.8571
2017-04-27	22652.0204
2017-04-28	22670.4699
2017-04-29	22670.4699
2017-04-30	22670.4699
2017-05-01	22707.3414
2017-05-02	22718.9459
2017-05-03	22721.2337
2017-05-04	22719.2031
2017-05-05	22704.0521
2017-05-06	22704.0521
2017-05-07	22704.0521
2017-05-08	22715.9414
2017-05-09	22718.4681
2017-05-10	22742.6602
2017-05-11	22752.1789
2017-05-12	22718.707
2017-05-13	22718.707
2017-05-14	22718.707
2017-05-15	22736.348
2017-05-16	22758.5646
2017-05-17	22706.2664
2017-05-18	22710.0978
2017-05-19	22699.4489
2017-05-20	22699.4489
2017-05-21	22699.4489
2017-05-22	22727.6102
2017-05-23	22749.1928
2017-05-24	22762.3776
2017-05-25	22802.4282
2017-05-26	22808.1799
2017-05-27	22808.1799
2017-05-28	22808.1799
2017-05-29	22801.4451
2017-05-30	22809.0895
2017-05-31	22816.0449
2017-06-01	22873.9018
2017-06-02	22912.3628
2017-06-03	22912.3628
2017-06-04	22912.3628
2017-06-05	22916.7363
2017-06-06	22829.8544
2017-06-07	22788.2143
2017-06-08	22764.7481
2017-06-09	22765.1524
2017-06-10	22765.1524
2017-06-11	22765.1524
2017-06-12	22759.2445
2017-06-13	22839.7591
2017-06-14	22874.8482
2017-06-15	22886.7926
2017-06-16	22859.9636
2017-06-17	22859.9636
2017-06-18	22859.9636
2017-06-19	22906.9603
2017-06-20	22849.0023
2017-06-21	22836.3412
2017-06-22	22844.5461
2017-06-23	22850.0865
2017-06-24	22850.0865
2017-06-25	22850.0865
2017-06-26	22922.5064
2017-06-27	22908.1915
2017-06-28	22883.1449
2017-06-29	22876.3826
2017-06-30	22767.0452
2017-07-01	22767.0452
2017-07-02	22767.0452
2017-07-03	22760.6135
2017-07-04	22858.2822
2017-07-05	22799.9658
2017-07-06	22801.3716
2017-07-07	22719.0561
2017-07-08	22719.0561
2017-07-09	22719.0561
2017-07-10	22752.868
2017-07-11	22733.5364
2017-07-12	22707.6722
2017-07-13	22772.3466
2017-07-14	22781.5255
2017-07-15	22781.5255
2017-07-16	22781.5255
2017-07-17	22779.7062
2017-07-18	22741.0706
2017-07-19	22767.8537
2017-07-20	22790.2725
2017-07-21	22798.1925
2017-07-22	22798.1925
2017-07-23	22798.1925
2017-07-24	22778.5577
2017-07-25	22809.7235
2017-07-26	22784.9158
2017-07-27	22809.7143
2017-07-28	22746.0322
2017-07-29	22746.0322
2017-07-30	22746.0322
2017-07-31	22773.3481
2017-08-01	22808.2718
2017-08-02	22803.1816
2017-08-03	22823.2207
2017-08-04	22846.5215
2017-08-05	22846.5215
2017-08-06	22846.5215
2017-08-07	22858.861
2017-08-08	22835.9093
2017-08-09	22825.3431
2017-08-10	22807.5827
2017-08-11	22799.4697
2017-08-12	22799.4697
2017-08-13	22799.4697
2017-08-14	22791.7885
2017-08-15	22839.6029
2017-08-16	22847.863
2017-08-17	22853.6238
2017-08-18	22834.6782
2017-08-19	22834.6782
2017-08-20	22834.6782
2017-08-21	22805.9932
2017-08-22	22850.3897
2017-08-23	22854.4416
2017-08-24	22865.2191
2017-08-25	22841.3211
2017-08-26	22841.3211
2017-08-27	22841.3211
2017-08-28	22814.8596
2017-08-29	22810.3299
2017-08-30	22823.2391
2017-08-31	22858.0984
2017-09-01	22885.0009
2017-09-02	22885.0009
2017-09-03	22885.0009
2017-09-04	22887.9135
2017-09-05	22836.9568
2017-09-06	22884.9366
2017-09-07	22838.3809
2017-09-08	22877.3381
2017-09-09	22877.3381
2017-09-10	22877.3381
2017-09-11	22908.0996
2017-09-12	22913.8881
2017-09-13	22894.1522
2017-09-14	22859.4399
2017-09-15	22847.6792
2017-09-16	22847.6792
2017-09-17	22847.6792
2017-09-18	22868.1134
2017-09-19	22867.4518
2017-09-20	22857.8044
2017-09-21	22837.2049
2017-09-22	22856.61
2017-09-23	22856.61
2017-09-24	22856.61
2017-09-25	22853.7157
2017-09-26	22879.5341
2017-09-27	22873.5251
2017-09-28	22848.0467
2017-09-29	22884.955
2017-09-30	22884.955
2017-10-01	22884.955
2017-10-02	22908.2099
2017-10-03	22917.4806
2017-10-04	22863.3907
2017-10-05	22897.5793
2017-10-06	22922.2583
2017-10-07	22922.2583
2017-10-08	22922.2583
2017-10-09	22954.6829
2017-10-10	22947.2222
2017-10-11	22987.0247
2017-10-12	22995.9371
2017-10-13	22997.9033
2017-10-14	22997.9033
2017-10-15	22997.9033
2017-10-16	23033.415
2017-10-17	23035.3169
2017-10-18	23073.4104
2017-10-19	23038.937
2017-10-20	23074.9724
2017-10-21	23074.9724
2017-10-22	23074.9724
2017-10-23	23044.753
2017-10-24	23085.511
2017-10-25	23088.6717
2017-10-26	23091.5108
2017-10-27	23094.7358
2017-10-28	23094.7358
2017-10-29	23094.7358
2017-10-30	23122.4285
2017-10-31	23148.2285
2017-11-01	23137.7174
2017-11-02	23164.7301
2017-11-03	23231.9681
2017-11-04	23231.9681
2017-11-05	23231.9681
2017-11-06	23226.2531
2017-11-07	23239.3185
2017-11-08	23243.0304
2017-11-09	23255.618
2017-11-10	23260.9103
2017-11-11	23260.9103
2017-11-12	23260.9103
2017-11-13	23255.5078
2017-11-14	23217.1662
2017-11-15	23240.0627
2017-11-16	23230.1305
2017-11-17	23247.1375
2017-11-18	23247.1375
2017-11-19	23247.1375
2017-11-20	23255.3607
2017-11-21	23264.9898
2017-11-22	23291.6626
2017-11-23	23303.3038
2017-11-24	23312.8502
2017-11-25	23312.8502
2017-11-26	23312.8502
2017-11-27	23318.2068
2017-11-28	23396.3968
2017-11-29	23420.1938
2017-11-30	23394.9727
2017-12-01	23394.697
2017-12-02	23394.697
2017-12-03	23394.697
2017-12-04	23424.8521
2017-12-05	23386.8137
2017-12-06	23420.0284
2017-12-07	23437.357
2017-12-08	23407.1468
2017-12-09	23407.1468
2017-12-10	23407.1468
2017-12-11	23394.2836
2017-12-12	23451.9568
2017-12-13	23434.279
2017-12-14	23390.1674
2017-12-15	23444.248
2017-12-16	23444.248
2017-12-17	23444.248
2017-12-18	23479.2268
2017-12-19	23464.9762
2017-12-20	23419.3485
2017-12-21	23410.3902
2017-12-22	23383.3039
2017-12-23	23383.3039
2017-12-24	23383.3039
2017-12-25	23383.1293
2017-12-26	23376.6242
2017-12-27	23380.1524
2017-12-28	23420.2305
2017-12-29	23430.5303
2017-12-30	23430.5303
2017-12-31	23430.5303
2018-01-01	23430.3649
2018-01-02	23424.1171
2018-01-03	23440.0307
2018-01-04	23458.0025
2018-01-05	23501.2321
2018-01-06	23501.2321
2018-01-07	23501.2321
2018-01-08	23499.1097
2018-01-09	23503.5934
2018-01-10	23444.9923
2018-01-11	23431.6145
2018-01-12	23429.4369
2018-01-13	23429.4369
2018-01-14	23429.4369
2018-01-15	23406.4026
2018-01-16	23395.7445
2018-01-17	23407.1468
2018-01-18	23418.5859
2018-01-19	23401.6983
2018-01-20	23401.6983
2018-01-21	23401.6983
2018-01-22	23430.806
2018-01-23	23477.7292
2018-01-24	23478.1886
2018-01-25	23461.9993
2018-01-26	23473.4751
2018-01-27	23473.4751
2018-01-28	23473.4751
2018-01-29	23473.1443
2018-01-30	23417.9703
2018-01-31	23475.864
2018-02-01	23520.4351
2018-02-02	23485.7136
2018-02-03	23485.7136
2018-02-04	23485.7136
2018-02-05	23322.5987
2018-02-06	23324.5557
2018-02-07	23320.3568
2018-02-08	23260.0926
2018-02-09	23276.2819
2018-02-10	23276.2819
2018-02-11	23276.2819
2018-02-12	23233.8057
2018-02-13	23272.4597
2018-02-14	23289.9444
2018-02-15	23272.7629
2018-02-16	23329.4897
2018-02-17	23329.4897
2018-02-18	23329.4897
2018-02-19	23384.0757
2018-02-20	23364.836
2018-02-21	23388.2562
2018-02-22	23327.3121
2018-02-23	23390.2225
2018-02-24	23390.2225
2018-02-25	23390.2225
2018-02-26	23452.6551
2018-02-27	23425.7617
2018-02-28	23374.8877
2018-03-01	23395.377
2018-03-02	23372.1496
2018-03-03	23372.1496
2018-03-04	23372.1496
2018-03-05	23354.426
2018-03-06	23347.3328
2018-03-07	23361.8499
2018-03-08	23389.4047
2018-03-09	23432.8916
2018-03-10	23432.8916
2018-03-11	23432.8916
2018-03-12	23424.4938
2018-03-13	23389.5518
2018-03-14	23387.7233
2018-03-15	23391.325
2018-03-16	23425.7158
2018-03-17	23425.7158
2018-03-18	23425.7158
2018-03-19	23415.5722
2018-03-20	23399.8975
2018-03-21	23386.5013
2018-03-22	23296.3209
2018-03-23	23236.948
2018-03-24	23236.948
2018-03-25	23236.948
2018-03-26	23269.4552
2018-03-27	23265.8167
2018-03-28	23308.1643
2018-03-29	23314.991
2018-03-30	23319.6309
2018-03-31	23319.6309
2018-04-01	23319.6309
2018-04-02	23292.9214
2018-04-03	23273.3968
2018-04-04	23266.6804
2018-04-05	23300.0513
2018-04-06	23284.2846
2018-04-07	23284.2846
2018-04-08	23284.2846
2018-04-09	23309.0188
2018-04-10	23344.7602
2018-04-11	23334.5615
2018-04-12	23358.2574
2018-04-13	23295.494
2018-04-14	23295.494
2018-04-15	23295.494
2018-04-16	23328.2769
2018-04-17	23324.8405
2018-04-18	23350.9896
2018-04-19	23346.3956
2018-04-20	23357.1732
2018-04-21	23357.1732
2018-04-22	23357.1732
2018-04-23	23338.0805
2018-04-24	23390.7003
2018-04-25	23395.7629
2018-04-26	23407.2938
2018-04-27	23465.6653
2018-04-28	23465.6653
2018-04-29	23465.6653
2018-04-30	23497.4283
2018-05-01	23527.7579
2018-05-02	23517.1641
2018-05-03	23542.6149
2018-05-04	23542.3485
2018-05-05	23542.3485
2018-05-06	23542.3485
2018-05-07	23570.0136
2018-05-08	23610.0274
2018-05-09	23622.9182
2018-05-10	23633.5212
2018-05-11	23633.0985
2018-05-12	23633.0985
2018-05-13	23633.0985
2018-05-14	23660.8372
2018-05-15	23606.1225
2018-05-16	23573.8358
2018-05-17	23560.7153
2018-05-18	23583.7681
2018-05-19	23583.7681
2018-05-20	23583.7681
2018-05-21	23594.8488
2018-05-22	23594.9131
2018-05-23	23610.3858
2018-05-24	23620.9152
2018-05-25	23624.2689
2018-05-26	23624.2689
2018-05-27	23624.2689
2018-05-28	23643.3616
2018-05-29	23635.074
2018-05-30	23659.8908
2018-05-31	23615.0441
2018-06-01	23627.9624
2018-06-02	23627.9624
2018-06-03	23627.9624
2018-06-04	23618.5264
2018-06-05	23621.687
2018-06-06	23651.9248
2018-06-07	23640.3111
2018-06-08	23679.9207
2018-06-09	23679.9207
2018-06-10	23679.9207
2018-06-11	23676.6498
2018-06-12	23675.2899
2018-06-13	23720.4215
2018-06-14	23725.089
2018-06-15	23785.9964
2018-06-16	23785.9964
2018-06-17	23785.9964
2018-06-18	23807.4963
2018-06-19	23800.8901
2018-06-20	23795.2946
2018-06-21	23809.1961
2018-06-22	23838.2854
2018-06-23	23838.2854
2018-06-24	23838.2854
2018-06-25	23825.5967
2018-06-26	23812.5405
2018-06-27	23811.0613
2018-06-28	23845.0753
2018-06-29	23829.9059
2018-06-30	23829.9059
2018-07-01	23829.9059
2018-07-02	23880.8167
2018-07-03	23865.8954
2018-07-04	23880.0541
2018-07-05	23909.4925
2018-07-06	23902.7577
2018-07-07	23902.7577
2018-07-08	23902.7577
2018-07-09	23938.839
2018-07-10	23911.5231
2018-07-11	23923.7707
2018-07-12	23943.2585
2018-07-13	23942.0273
2018-07-14	23942.0273
2018-07-15	23942.0273
2018-07-16	23943.7914
2018-07-17	23916.5305
2018-07-18	23955.8644
2018-07-19	23918.4784
2018-07-20	23963.0495
2018-07-21	23963.0495
2018-07-22	23963.0495
2018-07-23	23900.7639
2018-07-24	23901.5724
2018-07-25	23935.2741
2018-07-26	23941.2004
2018-07-27	23994.8124
2018-07-28	23994.8124
2018-07-29	23994.8124
2018-07-30	23971.2727
2018-07-31	23967.1657
2018-08-01	23961.6896
2018-08-02	23943.7914
2018-08-03	23969.2238
2018-08-04	23969.2238
2018-08-05	23969.2238
2018-08-06	24033.1173
2018-08-07	24036.5444
2018-08-08	24028.1006
2018-08-09	24066.8189
2018-08-10	24061.1316
2018-08-11	24061.1316
2018-08-12	24061.1316
2018-08-13	24041.1568
2018-08-14	24043.95
2018-08-15	24051.9619
2018-08-16	24054.5529
2018-08-17	24055.2972
2018-08-18	24055.2972
2018-08-19	24055.2972
2018-08-20	24066.0839
2018-08-21	24033.2459
2018-08-22	24030.5998
2018-08-23	24026.7867
2018-08-24	24022.6889
2018-08-25	24022.6889
2018-08-26	24022.6889
2018-08-27	24047.4965
2018-08-28	24059.7534
2018-08-29	24083.0725
2018-08-30	24062.96
2018-08-31	24094.2727
2018-09-01	24094.2727
2018-09-02	24094.2727
2018-09-03	24084.074
2018-09-04	24078.9839
2018-09-05	24029.4972
2018-09-06	24004.074
2018-09-07	24017.2955
2018-09-08	24017.2955
2018-09-09	24017.2955
2018-09-10	23993.1218
2018-09-11	24029.4145
2018-09-12	24006.6282
2018-09-13	23988.0225
2018-09-14	24017.516
2018-09-15	24017.516
2018-09-16	24017.516
2018-09-17	24014.4013
2018-09-18	24010.2667
2018-09-19	23992.2766
2018-09-20	23982.868
2018-09-21	24013.7398
2018-09-22	24013.7398
2018-09-23	24013.7398
2018-09-24	24025.6382
2018-09-25	23994.5644
2018-09-26	24009.9084
2018-09-27	24026.9521
2018-09-28	24037.1049
2018-09-29	24037.1049
2018-09-30	24037.1049
2018-10-01	24010.0921
2018-10-02	23990.8432
2018-10-03	24028.7162
2018-10-04	23984.1911
2018-10-05	24002.4661
2018-10-06	24002.4661
2018-10-07	24002.4661
2018-10-08	23962.8014
2018-10-09	23960.2747
2018-10-10	23939.3903
2018-10-11	23852.2603
2018-10-12	23847.4918
2018-10-13	23847.4918
2018-10-14	23847.4918
2018-10-15	23847.8685
2018-10-16	23859.3167
2018-10-17	23937.3322
2018-10-18	23889.0859
2018-10-19	23916.0987
2018-10-20	23916.0987
2018-10-21	23916.0987
2018-10-22	23883.2423
2018-10-23	23876.2594
2018-10-24	23849.3937
2018-10-25	23817.9615
2018-10-26	23806.5132
2018-10-27	23806.5132
2018-10-28	23806.5132
2018-10-29	23848.4381
2018-10-30	23848.383
2018-10-31	23866.6028
2018-11-01	23861.9629
2018-11-02	23861.283
2018-11-03	23861.283
2018-11-04	23861.283
2018-11-05	23842.1443
2018-11-06	23876.1492
2018-11-07	23926.2882
2018-11-08	23920.4171
2018-11-09	23938.3061
2018-11-10	23938.3061
2018-11-11	23938.3061
2018-11-12	23964.5195
2018-11-13	23928.5576
2018-11-14	23896.4088
2018-11-15	23893.147
2018-11-16	23889.1502
2018-11-17	23889.1502
2018-11-18	23889.1502
2018-11-19	23866.4191
2018-11-20	23818.8711
2018-11-21	23824.0164
2018-11-22	23849.6601
2018-11-23	23864.3058
2018-11-24	23864.3058
2018-11-25	23864.3058
2018-11-26	23875.2304
2018-11-27	23896.1883
2018-11-28	23919.7831
2018-11-29	23918.6713
2018-11-30	23881.6436
2018-12-01	23881.6436
2018-12-02	23881.6436
2018-12-03	23923.2378
2018-12-04	23915.6301
2018-12-05	23911.1647
2018-12-06	23928.4382
2018-12-07	23908.3348
2018-12-08	23908.3348
2018-12-09	23908.3348
2018-12-10	23856.9279
2018-12-11	23852.3614
2018-12-12	23888.9389
2018-12-13	23874.4586
2018-12-14	23860.6858
2018-12-15	23860.6858
2018-12-16	23860.6858
2018-12-17	23889.6831
2018-12-18	23875.9379
2018-12-19	23879.025
2018-12-20	23863.6259
2018-12-21	23807.3861
2018-12-22	23807.3861
2018-12-23	23807.3861
2018-12-24	23815.3245
2018-12-25	23812.1455
2018-12-26	23847.6939
2018-12-27	23902.2615
2018-12-28	23934.7596
2018-12-29	23934.7596
2018-12-30	23934.7596
2018-12-31	23976.4088
2019-01-01	23976.3629
2019-01-02	23965.08
2019-01-03	24020.2816
2019-01-04	23977.7411
2019-01-05	23977.7411
2019-01-06	23977.7411
2019-01-07	24002.2456
2019-01-08	24024.0947
2019-01-09	24050.7675
2019-01-10	24082.9439
2019-01-11	24073.0392
2019-01-12	24073.0392
2019-01-13	24073.0392
2019-01-14	24093.3264
2019-01-15	24097.7458
2019-01-16	24133.0554
2019-01-17	24138.4855
2019-01-18	24143.9707
2019-01-19	24143.9707
2019-01-20	24143.9707
2019-01-21	24174.1074
2019-01-22	24166.8121
2019-01-23	24210.4277
2019-01-24	24232.5892
2019-01-25	24284.3177
2019-01-26	24284.3177
2019-01-27	24284.3177
2019-01-28	24278.3547
2019-01-29	24241.0605
2019-01-30	24245.1859
2019-01-31	24240.3255
2019-02-01	24277.9412
2019-02-02	24277.9412
2019-02-03	24277.9412
2019-02-04	24275.5156
2019-02-05	24308.0412
2019-02-06	24389.9432
2019-02-07	24393.3703
2019-02-08	24403.1096
2019-02-09	24403.1096
2019-02-10	24403.1096
2019-02-11	24411.1032
2019-02-12	24396.9996
2019-02-13	24390.5312
2019-02-14	24398.4237
2019-02-15	24429.9754
2019-02-16	24429.9754
2019-02-17	24429.9754
2019-02-18	24416.6252
2019-02-19	24452.146
2019-02-20	24455.9223
2019-02-21	24491.5626
2019-02-22	24471.3306
2019-02-23	24471.3306
2019-02-24	24471.3306
2019-02-25	24496.469
2019-02-26	24458.1642
2019-02-27	24493.0787
2019-02-28	24490.4601
2019-03-01	24483.808
2019-03-02	24483.808
2019-03-03	24483.808
2019-03-04	24501.4857
2019-03-05	24517.8036
2019-03-06	24562.8157
2019-03-07	24558.2217
2019-03-08	24559.7469
2019-03-09	24559.7469
2019-03-10	24559.7469
2019-03-11	24557.9001
2019-03-12	24542.2438
2019-03-13	24588.1011
2019-03-14	24584.1687
2019-03-15	24601.9842
2019-03-16	24601.9842
2019-03-17	24601.9842
2019-03-18	24618.9178
2019-03-19	24633.9034
2019-03-20	24616.0511
2019-03-21	24641.5387
2019-03-22	24635.5021
2019-03-23	24635.5021
2019-03-24	24635.5021
2019-03-25	24626.3509
2019-03-26	24609.3255
2019-03-27	24648.8615
2019-03-28	24682.5632
2019-03-29	24653.3545
2019-03-30	24653.3545
2019-03-31	24653.3545
2019-04-01	24676.6736
2019-04-02	24702.639
2019-04-03	24716.8804
2019-04-04	24686.7529
2019-04-05	24678.7593
2019-04-06	24678.7593
2019-04-07	24678.7593
2019-04-08	24725.2783
2019-04-09	24693.1478
2019-04-10	24724.681
2019-04-11	24725.7193
2019-04-12	24748.7536
2019-04-13	24748.7536
2019-04-14	24748.7536
2019-04-15	24718.7823
2019-04-16	24763.7852
2019-04-17	24712.4702
2019-04-18	24725.5355
2019-04-19	24725.5263
2019-04-20	24725.5263
2019-04-21	24725.5263
2019-04-22	24727.8877
2019-04-23	24798.3322
2019-04-24	24875.1532
2019-04-25	24877.1286
2019-04-26	24853.6808
2019-04-27	24853.6808
2019-04-28	24853.6808
2019-04-29	24837.3629
2019-04-30	24831.8225
2019-05-01	24842.4163
2019-05-02	24847.5157
2019-05-03	24862.6483
2019-05-04	24862.6483
2019-05-05	24862.6483
2019-05-06	24869.3096
2019-05-07	24815.7343
2019-05-08	24844.1988
2019-05-09	24852.5323
2019-05-10	24855.9594
2019-05-11	24855.9594
2019-05-12	24855.9594
2019-05-13	24858.7802
2019-05-14	24862.29
2019-05-15	24874.7765
2019-05-16	24935.2245
2019-05-17	24941.5091
2019-05-18	24941.5091
2019-05-19	24941.5091
2019-05-20	24921.6813
2019-05-21	24957.1838
2019-05-22	24941.1967
2019-05-23	24950.936
2019-05-24	24944.4217
2019-05-25	24944.4217
2019-05-26	24944.4217
2019-05-27	24906.8794
2019-05-28	24918.6217
2019-05-29	24902.7265
2019-05-30	24847.7913
2019-05-31	24892.8218
2019-06-01	24892.8218
2019-06-02	24892.8218
2019-06-03	24840.2755
2019-06-04	24893.7773
2019-06-05	24913.3662
2019-06-06	24946.9116
2019-06-07	24967.2907
2019-06-08	24967.2907
2019-06-09	24967.2907
2019-06-10	24984.4631
2019-06-11	25065.676
2019-06-12	25058.5185
2019-06-13	25092.0823
2019-06-14	25099.3776
2019-06-15	25099.3776
2019-06-16	25099.3776
2019-06-17	25080.4503
2019-06-18	25134.4391
2019-06-19	25180.3424
2019-06-20	25235.8289
2019-06-21	25222.7176
2019-06-22	25222.7176
2019-06-23	25222.7176
2019-06-24	25340.1956
2019-06-25	25347.987
2019-06-26	25386.5399
2019-06-27	25363.331
2019-06-28	25384.3899
2019-06-29	25384.3899
2019-06-30	25384.3899
2019-07-01	25397.097
2019-07-02	25414.9768
2019-07-03	25473.6975
2019-07-04	25479.5686
2019-07-05	25521.9529
2019-07-06	25521.9529
2019-07-07	25521.9529
2019-07-08	25442.89
2019-07-09	25478.2731
2019-07-10	25474.4325
2019-07-11	25505.8555
2019-07-12	25437.0648
2019-07-13	25437.0648
2019-07-14	25437.0648
2019-07-15	25435.5396
2019-07-16	25458.2157
2019-07-17	25472.1355
2019-07-18	25474.0742
2019-07-19	25494.8575
2019-07-20	25494.8575
2019-07-21	25494.8575
2019-07-22	25474.6714
2019-07-23	25526.841
2019-07-24	25560.7631
2019-07-25	25595.4479
2019-07-26	25575.7396
2019-07-27	25575.7396
2019-07-28	25575.7396
2019-07-29	25601.4293
2019-07-30	25612.556
2019-07-31	25603.1015
2019-08-01	25574.0122
2019-08-02	25657.9815
2019-08-03	25657.9815
2019-08-04	25657.9815
2019-08-05	25560.3221
2019-08-06	25470.8584
2019-08-07	25547.2292
2019-08-08	25549.223
2019-08-09	25556.8582
2019-08-10	25556.8582
2019-08-11	25556.8582
2019-08-12	25546.4298
2019-08-13	25567.5071
2019-08-14	25538.8313
2019-08-15	25491.265
2019-08-16	25497.5404
2019-08-17	25497.5404
2019-08-18	25497.5404
2019-08-19	25511.2856
2019-08-20	25530.8653
2019-08-21	25533.0888
2019-08-22	25540.5862
2019-08-23	25486.5791
2019-08-24	25486.5791
2019-08-25	25486.5791
2019-08-26	25531.1593
2019-08-27	25505.929
2019-08-28	25559.8627
2019-08-29	25565.789
2019-08-30	25610.2498
2019-08-31	25610.2498
2019-09-01	25610.2498
2019-09-02	25583.1635
2019-09-03	25574.2971
2019-09-04	25588.7223
2019-09-05	25627.4865
2019-09-06	25583.6872
2019-09-07	25583.6872
2019-09-08	25583.6872
2019-09-09	25656.5666
2019-09-10	25576.3644
2019-09-11	25544.0042
2019-09-12	25568.6832
2019-09-13	25571.0721
2019-09-14	25571.0721
2019-09-15	25571.0721
2019-09-16	25554.7542
2019-09-17	25625.7408
2019-09-18	25605.5455
2019-09-19	25668.8877
2019-09-20	25669.246
2019-09-21	25669.246
2019-09-22	25669.246
2019-09-23	25673.9044
2019-09-24	25666.2875
2019-09-25	25664.8174
2019-09-26	25626.825
2019-09-27	25648.8119
2019-09-28	25648.8119
2019-09-29	25648.8119
2019-09-30	25622.0196
2019-10-01	25686.6482
2019-10-02	25614.8989
2019-10-03	25574.0582
2019-10-04	25615.634
2019-10-05	25615.634
2019-10-06	25615.634
2019-10-07	25651.164
2019-10-08	25621.257
2019-10-09	25635.6455
2019-10-10	25621.0916
2019-10-11	25599.5917
2019-10-12	25599.5917
2019-10-13	25599.5917
2019-10-14	25636.0865
2019-10-15	25684.8014
2019-10-16	25691.5729
2019-10-17	25633.0728
2019-10-18	25637.5933
2019-10-19	25637.5933
2019-10-20	25637.5933
2019-10-21	25621.2938
2019-10-22	25635.967
2019-10-23	25673.5277
2019-10-24	25690.3326
2019-10-25	25716.0958
2019-10-26	25716.0958
2019-10-27	25716.0958
2019-10-28	25702.5434
2019-10-29	25665.8465
2019-10-30	25695.781
2019-10-31	25669.246
2019-11-01	25711.7958
2019-11-02	25711.7958
2019-11-03	25711.7958
2019-11-04	25685.5548
2019-11-05	25682.146
2019-11-06	25643.5655
2019-11-07	25728.8579
2019-11-08	25664.6796
2019-11-09	25664.6796
2019-11-10	25664.6796
2019-11-11	25710.978
2019-11-12	25719.9915
2019-11-13	25698.0505
2019-11-14	25779.1623
2019-11-15	25775.2115
2019-11-16	25775.2115
2019-11-17	25775.2115
2019-11-18	25769.1749
2019-11-19	25813.4704
2019-11-20	25780.5313
2019-11-21	25752.4711
2019-11-22	25768.9544
2019-11-23	25768.9544
2019-11-24	25768.9544
2019-11-25	25800.7909
2019-11-26	25824.8727
2019-11-27	25893.0019
2019-11-28	25883.3544
2019-11-29	25853.769
2019-11-30	25853.769
2019-12-01	25853.769
2019-12-02	25826.2785
2019-12-03	25707.4774
2019-12-04	25780.1362
2019-12-05	25769.0555
2019-12-06	25787.845
2019-12-07	25787.845
2019-12-08	25787.845
2019-12-09	25799.8537
2019-12-10	25821.8039
2019-12-11	25805.4676
2019-12-12	25818.9556
2019-12-13	25758.1126
2019-12-14	25758.1126
2019-12-15	25758.1126
2019-12-16	25906.6644
2019-12-17	25882.4999
2019-12-18	25864.7303
2019-12-19	25842.2656
2019-12-20	25961.9671
2019-12-21	25961.9671
2019-12-22	25961.9671
2019-12-23	25958.0071
2019-12-24	25953.9827
2019-12-25	25953.9735
2019-12-26	25958.687
2019-12-27	25965.578
2019-12-28	25965.578
2019-12-29	25965.578
2019-12-30	25948.378
2019-12-31	25873.0087
2020-01-01	25872.9536
2020-01-02	25930.1582
2020-01-03	25987.1607
2020-01-04	25987.1607
2020-01-05	25987.1607
2020-01-06	25990.3489
2020-01-07	26008.2472
2020-01-08	26035.9858
2020-01-09	26006.3544
2020-01-10	26028.8099
2020-01-11	26028.8099
2020-01-12	26028.8099
2020-01-13	26049.8229
2020-01-14	26046.9563
2020-01-15	26086.0146
2020-01-16	26110.8681
2020-01-17	26125.5598
2020-01-18	26125.5598
2020-01-19	26125.5598
2020-01-20	26141.3264
2020-01-21	26167.889
2020-01-22	26216.4477
2020-01-23	26185.971
2020-01-24	26176.9024
2020-01-25	26176.9024
2020-01-26	26176.9024
2020-01-27	26166.1157
2020-01-28	26215.6299
2020-01-29	26166.4924
2020-01-30	26200.2124
2020-01-31	26186.6233
2020-02-01	26186.6233
2020-02-02	26186.6233
2020-02-03	26183.187
2020-02-04	26201.9122
2020-02-05	26171.3712
2020-02-06	26203.6396
2020-02-07	26243.0378
2020-02-08	26243.0378
2020-02-09	26243.0378
2020-02-10	26257.1322
2020-02-11	26251.4999
2020-02-12	26225.3508
2020-02-13	26235.228
2020-02-14	26225.7459
2020-02-15	26225.7459
2020-02-16	26225.7459
2020-02-17	26222.4291
2020-02-18	26237.4607
2020-02-19	26249.9655
2020-02-20	26257.8213
2020-02-21	26261.276
2020-02-22	26261.276
2020-02-23	26261.276
2020-02-24	26174.9454
2020-02-25	26091.7479
2020-02-26	26069.9998
2020-02-27	26031.6858
2020-02-28	25954.7086
2020-02-29	25954.7086
2020-03-01	25954.7086
2020-03-02	25999.4818
2020-03-03	25931.3894
2020-03-04	26014.7339
2020-03-05	25950.3443
2020-03-06	25952.972
2020-03-07	25952.972
2020-03-08	25952.972
2020-03-09	25741.1607
2020-03-10	25706.8618
2020-03-11	25601.5212
2020-03-12	25295.2018
2020-03-13	25405.7337
2020-03-14	25405.7337
2020-03-15	25405.7337
2020-03-16	25128.8436
2020-03-17	25308.2672
2020-03-18	25118.4152
2020-03-19	25061.9824
2020-03-20	25209.0366
2020-03-21	25209.0366
2020-03-22	25209.0366
2020-03-23	24793.729
2020-03-24	24817.7557
2020-03-25	24929.6014
2020-03-26	25085.614
2020-03-27	25029.1995
2020-03-28	25029.1995
2020-03-29	25029.1995
2020-03-30	25230.2609
2020-03-31	25116.1641
2020-04-01	25194.74
2020-04-02	25076.187
2020-04-03	25048.5587
2020-04-04	25048.5587
2020-04-05	25048.5587
2020-04-06	25199.04
2020-04-07	25096.0515
2020-04-08	25172.9461
2020-04-09	25255.2064
2020-04-10	25255.528
2020-04-11	25255.528
2020-04-12	25255.528
2020-04-13	25233.5227
2020-04-14	25286.2619
2020-04-15	25310.8858
2020-04-16	25328.2787
2020-04-17	25405.21
2020-04-18	25405.21
2020-04-19	25405.21
2020-04-20	25350.8169
2020-04-21	25268.0053
2020-04-22	25279.4995
2020-04-23	25250.9064
2020-04-24	25286.4089
2020-04-25	25286.4089
2020-04-26	25286.4089
2020-04-27	25352.9485
2020-04-28	25363.037
2020-04-29	25431.7358
2020-04-30	25507.7758
2020-05-01	25362.7154
2020-05-02	25362.7154
2020-05-03	25362.7154
2020-05-04	25433.1967
2020-05-05	25434.1982
2020-05-06	25408.6555
2020-05-07	25411.1179
2020-05-08	25464.3165
2020-05-09	25464.3165
2020-05-10	25464.3165
2020-05-11	25466.0622
2020-05-12	25441.9529
2020-05-13	25422.9796
2020-05-14	25427.2612
2020-05-15	25444.1855
2020-05-16	25444.1855
2020-05-17	25444.1855
2020-05-18	25514.4188
2020-05-19	25498.4408
2020-05-20	25558.2364
2020-05-21	25554.699
2020-05-22	25553.4586
2020-05-23	25553.4586
2020-05-24	25553.4586
2020-05-25	25598.8199
2020-05-26	25660.5358
2020-05-27	25662.9614
2020-05-28	25689.7629
2020-05-29	25675.3653
2020-05-30	25675.3653
2020-05-31	25675.3653
2020-06-01	25702.4515
2020-06-02	25703.2601
2020-06-03	25747.0134
2020-06-04	25743.3107
2020-06-05	25769.3219
2020-06-06	25769.3219
2020-06-07	25769.3219
2020-06-08	25782.4424
2020-06-09	25871.0884
2020-06-10	25830.2569
2020-06-11	25750.4773
2020-06-12	25714.6624
2020-06-13	25714.6624
2020-06-14	25714.6624
2020-06-15	25672.5997
2020-06-16	25764.7279
2020-06-17	25768.1459
2020-06-18	25775.1288
2020-06-19	25777.1409
2020-06-20	25777.1409
2020-06-21	25777.1409
2020-06-22	25776.7275
2020-06-23	25761.7694
2020-06-24	25746.4346
2020-06-25	25733.5162
2020-06-26	25742.401
2020-06-27	25742.401
2020-06-28	25742.401
2020-06-29	25747.1329
2020-06-30	25804.2456
2020-07-01	25784.0687
2020-07-02	25845.9776
2020-07-03	25864.179
2020-07-04	25864.179
2020-07-05	25864.179
2020-07-06	25855.3585
2020-07-07	25865.1438
2020-07-08	25846.9607
2020-07-09	25835.2
2020-07-10	25862.0199
2020-07-11	25862.0199
2020-07-12	25862.0199
2020-07-13	25839.9043
2020-07-14	25834.5201
2020-07-15	25916.3119
2020-07-16	25881.3239
2020-07-17	25900.83
2020-07-18	25900.83
2020-07-19	25900.83
2020-07-20	25893.939
2020-07-21	25958.0622
2020-07-22	25908.8236
2020-07-23	25927.2548
2020-07-24	25899.1486
2020-07-25	25899.1486
2020-07-26	25899.1486
2020-07-27	25908.4561
2020-07-28	25886.7172
2020-07-29	25924.2044
2020-07-30	25942.2496
2020-07-31	25903.3751
2020-08-01	25903.3751
2020-08-02	25903.3751
2020-08-03	25917.295
2020-08-04	25974.6558
2020-08-05	25964.0436
2020-08-06	25971.4951
2020-08-07	25992.2416
2020-08-08	25992.2416
2020-08-09	25992.2416
2020-08-10	26015.5608
2020-08-11	26026.908
2020-08-12	26014.7339
2020-08-13	26036.6106
2020-08-14	26025.5758
2020-08-15	26025.5758
2020-08-16	26025.5758
2020-08-17	26025.7044
2020-08-18	26051.7524
2020-08-19	26061.7674
2020-08-20	26065.3691
2020-08-21	26053.93
2020-08-22	26053.93
2020-08-23	26053.93
2020-08-24	26098.9421
2020-08-25	26084.3791
2020-08-26	26049.5473
2020-08-27	26108.9387
2020-08-28	26018.4367
2020-08-29	26018.4367
2020-08-30	26018.4367
2020-08-31	26044.3561
2020-09-01	26020.0997
2020-09-02	26117.8143
2020-09-03	26107.1194
2020-09-04	26016.1948
2020-09-05	26016.1948
2020-09-06	26016.1948
2020-09-07	25978.8271
2020-09-08	25989.2923
2020-09-09	25983.1547
2020-09-10	25957.8233
2020-09-11	25960.7267
2020-09-12	25960.7267
2020-09-13	25960.7267
2020-09-14	26009.8918
2020-09-15	25991.1575
2020-09-16	26008.0267
2020-09-17	25979.507
2020-09-18	25943.8759
2020-09-19	25943.8759
2020-09-20	25943.8759
2020-09-21	25961.5169
2020-09-22	25961.4434
2020-09-23	26012.8504
2020-09-24	25985.6171
2020-09-25	26026.6967
2020-09-26	26026.6967
2020-09-27	26026.6967
2020-09-28	26041.1678
2020-09-29	26017.1412
2020-09-30	25954.4973
2020-10-01	25957.2629
2020-10-02	25957.6763
2020-10-03	25957.6763
2020-10-04	25957.6763
2020-10-05	26009.7264
2020-10-06	26003.2213
2020-10-07	26077.3135
2020-10-08	26088.6975
2020-10-09	26106.3201
2020-10-10	26106.3201
2020-10-11	26106.3201
2020-10-12	26131.3023
2020-10-13	26147.6478
2020-10-14	26135.8963
2020-10-15	26186.853
2020-10-16	26173.4385
2020-10-17	26173.4385
2020-10-18	26173.4385
2020-10-19	26165.0223
2020-10-20	26152.9309
2020-10-21	26127.1585
2020-10-22	26139.645
2020-10-23	26120.782
2020-10-24	26120.782
2020-10-25	26120.782
2020-10-26	26127.3331
2020-10-27	26069.1178
2020-10-28	26078.9122
2020-10-29	26025.3644
2020-10-30	25995.6963
2020-10-31	25995.6963
2020-11-01	25995.6963
2020-11-02	26023.6555
2020-11-03	26101.5423
2020-11-04	26100.6878
2020-11-05	26161.6963
2020-11-06	26168.7067
2020-11-07	26168.7067
2020-11-08	26168.7067
2020-11-09	26251.5275
2020-11-10	26164.6364
2020-11-11	26242.0822
2020-11-12	26267.1655
2020-11-13	26270.51
2020-11-14	26270.51
2020-11-15	26270.51
2020-11-16	26291.2014
2020-11-17	26262.1029
2020-11-18	26312.683
2020-11-19	26292.4877
2020-11-20	26285.5691
2020-11-21	26285.5691
2020-11-22	26285.5691
2020-11-23	26311.3691
2020-11-24	26317.0565
2020-11-25	26324.3885
2020-11-26	26334.1186
2020-11-27	26321.9812
2020-11-28	26321.9812
2020-11-29	26321.9812
2020-11-30	26286.6533
2020-12-01	26320.1804
2020-12-02	26307.1518
2020-12-03	26328.9917
2020-12-04	26364.3472
2020-12-05	26364.3472
2020-12-06	26364.3472
2020-12-07	26359.2019
2020-12-08	26398.8114
2020-12-09	26405.5003
2020-12-10	26397.0841
2020-12-11	26353.7901
2020-12-12	26353.7901
2020-12-13	26353.7901
2020-12-14	26363.5294
2020-12-15	26345.1075
2020-12-16	26368.5553
2020-12-17	26378.2303
2020-12-18	26366.488
2020-12-19	26366.488
2020-12-20	26366.488
2020-12-21	26395.6508
2020-12-22	26410.6548
2020-12-23	26429.8669
2020-12-24	26406.6488
2020-12-25	26406.5937
2020-12-26	26406.5937
2020-12-27	26406.5937
2020-12-28	26419.2915
2020-12-29	26437.4838
2020-12-30	26424.4736
2020-12-31	26404.6734
2021-01-01	26404.6091
2021-01-02	26404.6091
2021-01-03	26404.6091
2021-01-04	26439.7532
2021-01-05	26464.9744
2021-01-06	26406.5845
2021-01-07	26483.0748
2021-01-08	26487.3104
2021-01-09	26487.3104
2021-01-10	26487.3104
2021-01-11	26498.9149
2021-01-12	26476.0827
2021-01-13	26501.0006
2021-01-14	26502.3788
2021-01-15	26495.5337
2021-01-16	26495.5337
2021-01-17	26495.5337
2021-01-18	26494.2014
2021-01-19	26487.7055
2021-01-20	26511.9159
2021-01-21	26532.5798
2021-01-22	26486.5754
2021-01-23	26486.5754
2021-01-24	26486.5754
2021-01-25	26525.9369
2021-01-26	26515.3339
2021-01-27	26483.2861
2021-01-28	26454.2152
2021-01-29	26387.2529
2021-01-30	26387.2529
2021-01-31	26387.2529
2021-02-01	26428.3877
2021-02-02	26496.5444
2021-02-03	26508.8104
2021-02-04	26478.8758
2021-02-05	26526.8832
2021-02-06	26526.8832
2021-02-07	26526.8832
2021-02-08	26500.5044
2021-02-09	26515.1317
2021-02-10	26535.4097
2021-02-11	26534.1969
2021-02-12	26510.1886
2021-02-13	26510.1886
2021-02-14	26510.1886
2021-02-15	26495.5796
2021-02-16	26545.3787
2021-02-17	26490.5262
2021-02-18	26525.5785
2021-02-19	26450.6594
2021-02-20	26450.6594
2021-02-21	26450.6594
2021-02-22	26378.0833
2021-02-23	26471.4335
2021-02-24	26425.4383
2021-02-25	26374.8767
2021-02-26	26276.9048
2021-02-27	26276.9048
2021-02-28	26276.9048
2021-03-01	26520.4608
2021-03-02	26397.424
2021-03-03	26448.0317
2021-03-04	26352.9816
2021-03-05	26376.7969
2021-03-06	26376.7969
2021-03-07	26376.7969
2021-03-08	26426.6328
2021-03-09	26444.8985
2021-03-10	26439.055
2021-03-11	26457.9363
2021-03-12	26440.6353
2021-03-13	26440.6353
2021-03-14	26440.6353
2021-03-15	26425.7415
2021-03-16	26505.5854
2021-03-17	26458.4692
2021-03-18	26406.9153
2021-03-19	26404.6458
2021-03-20	26404.6458
2021-03-21	26404.6458
2021-03-22	26446.047
2021-03-23	26444.4851
2021-03-24	26489.5523
2021-03-25	26466.959
2021-03-26	26506.642
2021-03-27	26506.642
2021-03-28	26506.642
2021-03-29	26476.2021
2021-03-30	26430.2528
2021-03-31	26473.0322
2021-04-01	26501.7816
2021-04-02	26502.3604
2021-04-03	26502.3604
2021-04-04	26502.3604
2021-04-05	26508.4245
2021-04-06	26558.9035
2021-04-07	26567.1635
2021-04-08	26584.9331
2021-04-09	26581.6254
2021-04-10	26581.6254
2021-04-11	26581.6254
2021-04-12	26582.0297
2021-04-13	26557.4242
2021-04-14	26602.7487
2021-04-15	26585.5671
2021-04-16	26623.1093
2021-04-17	26623.1093
2021-04-18	26623.1093
2021-04-19	26616.4296
2021-04-20	26548.4659
2021-04-21	26598.9357
2021-04-22	26612.2307
2021-04-23	26605.2846
2021-04-24	26605.2846
2021-04-25	26605.2846
2021-04-26	26595.3891
2021-04-27	26612.5799
2021-04-28	26618.8553
2021-04-29	26625.2777
2021-04-30	26583.6835
2021-05-01	26583.6835
2021-05-02	26583.6835
2021-05-03	26585.6773
2021-05-04	26603.3183
2021-05-05	26623.7525
2021-05-06	26642.3307
2021-05-07	26651.3349
2021-05-08	26651.3349
2021-05-09	26651.3349
2021-05-10	26664.29
2021-05-11	26637.1211
2021-05-12	26595.1686
2021-05-13	26597.4931
2021-05-14	26645.427
2021-05-15	26645.427
2021-05-16	26645.427
2021-05-17	26666.6697
2021-05-18	26636.386
2021-05-19	26615.9427
2021-05-20	26633.3815
2021-05-21	26667.0097
2021-05-22	26667.0097
2021-05-23	26667.0097
2021-05-24	26682.5742
2021-05-25	26692.5983
2021-05-26	26686.9752
2021-05-27	26710.5425
2021-05-28	26691.3671
2021-05-29	26691.3671
2021-05-30	26691.3671
2021-05-31	26694.3532
2021-06-01	26713.3449
2021-06-02	26733.5769
2021-06-03	26761.6095
2021-06-04	26733.0807
2021-06-05	26733.0807
2021-06-06	26733.0807
2021-06-07	26762.5283
2021-06-08	26748.0113
2021-06-09	26743.7756
2021-06-10	26781.8691
2021-06-11	26763.9892
2021-06-12	26763.9892
2021-06-13	26763.9892
2021-06-14	26758.4397
2021-06-15	26779.5629
2021-06-16	26750.5012
2021-06-17	26696.2919
2021-06-18	26729.185
2021-06-19	26729.185
2021-06-20	26729.185
2021-06-21	26732.4376
2021-06-22	26723.3782
2021-06-23	26741.4969
2021-06-24	26762.5099
2021-06-25	26759.432
2021-06-26	26759.432
2021-06-27	26759.432
2021-06-28	26773.1864
2021-06-29	26866.4356
2021-06-30	26955.2378
2021-07-01	26953.5013
2021-07-02	26975.5985
2021-07-03	26975.5985
2021-07-04	26975.5985
2021-07-05	26983.7299
2021-07-06	26921.4259
2021-07-07	27005.9832
2021-07-08	27047.6325
2021-07-09	26999.1749
2021-07-10	26999.1749
2021-07-11	26999.1749
2021-07-12	27057.5372
2021-07-13	27039.0417
2021-07-14	27040.1075
2021-07-15	27076.1154
2021-07-16	27050.8116
2021-07-17	27050.8116
2021-07-18	27050.8116
2021-07-19	27041.4306
2021-07-20	27046.2911
2021-07-21	27052.3
2021-07-22	27038.2791
2021-07-23	27060.5141
2021-07-24	27060.5141
2021-07-25	27060.5141
2021-07-26	27081.2239
2021-07-27	27071.944
2021-07-28	27103.6059
2021-07-29	27094.3995
2021-07-30	27076.3818
2021-07-31	27076.3818
2021-08-01	27076.3818
2021-08-02	27112.6653
2021-08-03	27123.0753
2021-08-04	27124.8578
2021-08-05	27123.7736
2021-08-06	27138.208
2021-08-07	27138.208
2021-08-08	27138.208
2021-08-09	27370.573
2021-08-10	27369.3785
2021-08-11	27362.607
2021-08-12	27401.4539
2021-08-13	27374.6341
2021-08-14	27374.6341
2021-08-15	27374.6341
2021-08-16	27414.0323
2021-08-17	27399.7266
2021-08-18	27383.5648
2021-08-19	27401.0129
2021-08-20	27415.3094
2021-08-21	27415.3094
2021-08-22	27415.3094
2021-08-23	27423.8911
2021-08-24	27397.108
2021-08-25	27419.1133
2021-08-26	27393.5338
2021-08-27	27404.4033
2021-08-28	27404.4033
2021-08-29	27404.4033
2021-08-30	27447.734
2021-08-31	27442.0374
2021-09-01	27372.2636
2021-09-02	27425.3152
2021-09-03	27407.3986
2021-09-04	27407.3986
2021-09-05	27407.3986
2021-09-06	27400.48
2021-09-07	27414.4458
2021-09-08	27381.1116
2021-09-09	27368.4781
2021-09-10	27394.03
2021-09-11	27394.03
2021-09-12	27394.03
2021-09-13	27362.7907
2021-09-14	27399.4601
2021-09-15	27412.7092
2021-09-16	27383.326
2021-09-17	27354.6318
2021-09-18	27354.6318
2021-09-19	27354.6318
2021-09-20	27315.987
2021-09-21	27355.0636
2021-09-22	27359.4187
2021-09-23	27371.1518
2021-09-24	27315.3622
2021-09-25	27315.3622
2021-09-26	27315.3622
2021-09-27	27307.4054
2021-09-28	27268.8892
2021-09-29	27274.3285
2021-09-30	27299.8528
2021-10-01	27246.5347
2021-10-02	27246.5347
2021-10-03	27246.5347
2021-10-04	27271.177
2021-10-05	27262.0533
2021-10-06	27222.0946
2021-10-07	27279.143
2021-10-08	27265.2783
2021-10-09	27265.2783
2021-10-10	27265.2783
2021-10-11	27229.2521
2021-10-12	27225.0715
2021-10-13	27236.3177
2021-10-14	27278.9593
2021-10-15	27287.3939
2021-10-16	27287.3939
2021-10-17	27287.3939
2021-10-18	27253.6187
2021-10-19	27294.974
2021-10-20	27272.987
2021-10-21	27318.5504
2021-10-22	27312.7344
2021-10-23	27312.7344
2021-10-24	27312.7344
2021-10-25	27335.6585
2021-10-26	27322.244
2021-10-27	27298.8697
2021-10-28	27278.1415
2021-10-29	27176.6231
2021-10-30	27176.6231
2021-10-31	27176.6231
2021-11-01	27381.9294
2021-11-02	27416.0445
2021-11-03	27408.5838
2021-11-04	27408.786
2021-11-05	27444.904
2021-11-06	27444.904
2021-11-07	27444.904
2021-11-08	27493.0768
2021-11-09	27460.6064
2021-11-10	27474.9581
2021-11-11	27418.6447
2021-11-12	27463.62
2021-11-13	27463.62
2021-11-14	27463.62
2021-11-15	27476.2076
2021-11-16	27442.9929
2021-11-17	27462.6185
2021-11-18	27502.6691
2021-11-19	27464.7594
2021-11-20	27464.7594
2021-11-21	27464.7594
2021-11-22	27466.7991
2021-11-23	27454.331
2021-11-24	27485.1935
2021-11-25	27483.2824
2021-11-26	27479.5613
2021-11-27	27479.5613
2021-11-28	27479.5613
2021-11-29	27440.4938
2021-11-30	27431.0301
2021-12-01	27366.5303
2021-12-02	27428.8985
2021-12-03	27443.3329
2021-12-04	27443.3329
2021-12-05	27443.3329
2021-12-06	27461.1944
2021-12-07	27436.1754
2021-12-08	27493.6465
2021-12-09	27439.4188
2021-12-10	27486.6636
2021-12-11	27486.6636
2021-12-12	27486.6636
2021-12-13	27481.6837
2021-12-14	27505.3612
2021-12-15	27478.4771
2021-12-16	27463.8773
2021-12-17	27438.9778
2021-12-18	27438.9778
2021-12-19	27438.9778
2021-12-20	27446.3374
2021-12-21	27614.6343
2021-12-22	27683.2412
2021-12-23	27696.6741
2021-12-24	27716.3273
2021-12-25	27716.3273
2021-12-26	27716.3273
2021-12-27	27734.3726
2021-12-28	27738.452
2021-12-29	27779.0998
2021-12-30	27736.3847
2021-12-31	27711.0442
2022-01-01	27711.0442
2022-01-02	27711.0442
2022-01-03	27747.7779
2022-01-04	27759.3088
2022-01-05	27724.3392
2022-01-06	27657.524
2022-01-07	27720.3976
2022-01-08	27720.3976
2022-01-09	27720.3976
2022-01-10	27678.05
2022-01-11	27765.7405
2022-01-12	27792.643
2022-01-13	27752.721
2022-01-14	27735.4016
2022-01-15	27735.4016
2022-01-16	27735.4016
2022-01-17	27704.0245
2022-01-18	27680.393
2022-01-19	27574.4735
2022-01-20	27579.435
2022-01-21	27509.5785
2022-01-22	27509.5785
2022-01-23	27509.5785
2022-01-24	27490.9728
2022-01-25	27378.7871
2022-01-26	27381.2219
2022-01-27	27318.3115
2022-01-28	27496.458
2022-01-29	27496.458
2022-01-30	27496.458
2022-01-31	27503.7074
2022-02-01	27499.1409
2022-02-02	27543.6017
2022-02-03	27519.0605
2022-02-04	27503.4225
2022-02-05	27503.4225
2022-02-06	27503.4225
2022-02-07	27480.5811
2022-02-08	27479.9839
2022-02-09	27575.8149
2022-02-10	27522.5612
2022-02-11	27408.6114
2022-02-12	27408.6114
2022-02-13	27408.6114
2022-02-14	27487.1138
2022-02-15	27425.6092
2022-02-16	27442.7541
2022-02-17	27435.2015
2022-02-18	27384.0426
2022-02-19	27384.0426
2022-02-20	27384.0426
2022-02-21	27404.6881
2022-02-22	27363.5258
2022-02-23	27307.0562
2022-02-24	27332.5254
2022-02-25	27301.0289
2022-02-26	27301.0289
2022-02-27	27301.0289
2022-02-28	27395.0131
2022-03-01	27302.5265
2022-03-02	27426.5464
2022-03-03	27299.0535
2022-03-04	27266.2798
2022-03-05	27266.2798
2022-03-06	27266.2798
2022-03-07	27191.0667
2022-03-08	27112.6286
2022-03-09	27163.4751
2022-03-10	27184.0562
2022-03-11	27144.8509
2022-03-12	27144.8509
2022-03-13	27144.8509
2022-03-14	27153.5152
2022-03-15	27147.6073
2022-03-16	27262.2003
2022-03-17	27274.0345
2022-03-18	27300.4776
2022-03-19	27300.4776
2022-03-20	27300.4776
2022-03-21	27310.2904
2022-03-22	27256.5129
2022-03-23	27248.8409
2022-03-24	27286.7874
2022-03-25	27291.8133
2022-03-26	27291.8133
2022-03-27	27291.8133
2022-03-28	27237.3559
2022-03-29	27302.1406
2022-03-30	27368.2852
2022-03-31	27315.1784
2022-04-01	27335.6953
2022-04-02	27335.6953
2022-04-03	27335.6953
2022-04-04	27358.5183
2022-04-05	27323.9438
2022-04-06	27280.6774
2022-04-07	27326.6451
2022-04-08	27353.86
2022-04-09	27353.86
2022-04-10	27353.86
2022-04-11	27334.3814
2022-04-12	27268.7973
2022-04-13	27335.2634
2022-04-14	27376.5268
2022-04-15	27375.9204
2022-04-16	27375.9204
2022-04-17	27375.9204
2022-04-18	27382.1315
2022-04-19	27323.7692
2022-04-20	27310.5293
2022-04-21	27327.5271
2022-04-22	27247.0217
2022-04-23	27247.0217
2022-04-24	27247.0217
2022-04-25	27261.0794
2022-04-26	27221.3136
2022-04-27	27243.7691
2022-04-28	27301.378
2022-04-29	27277.1768
2022-04-30	27277.1768
2022-05-01	27277.1768
2022-05-02	27216.2051
2022-05-03	27187.2996
2022-05-04	27200.3558
2022-05-05	27282.515
2022-05-06	27125.0324
2022-05-07	27125.0324
2022-05-08	27125.0324
2022-05-09	27056.0028
2022-05-10	27055.9109
2022-05-11	27069.1784
2022-05-12	27049.0291
2022-05-13	27122.6711
2022-05-14	27122.6711
2022-05-15	27122.6711
2022-05-16	27108.1356
2022-05-17	27124.9773
2022-05-18	27090.3752
2022-05-19	27083.328
2022-05-20	27133.9172
2022-05-21	27133.9172
2022-05-22	27133.9172
2022-05-23	27138.9798
2022-05-24	27119.8136
2022-05-25	27188.8156
2022-05-26	27182.0808
2022-05-27	27188.9718
2022-05-28	27188.9718
2022-05-29	27188.9718
2022-05-30	27238.6974
2022-05-31	27156.2165
2022-06-01	27169.7964
2022-06-02	27130.6371
2022-06-03	27173.7197
2022-06-04	27173.7197
2022-06-05	27173.7197
2022-06-06	27147.442
2022-06-07	27052.199
2022-06-08	27121.6696
2022-06-09	27047.4671
2022-06-10	26981.4972
2022-06-11	26981.4972
2022-06-12	26981.4972
2022-06-13	26946.941
2022-06-14	26759.3952
2022-06-15	26690.8802
2022-06-16	26817.2062
2022-06-17	26679.4411
2022-06-18	26679.4411
2022-06-19	26679.4411
2022-06-20	26738.4557
2022-06-21	26793.933
2022-06-22	26826.1921
2022-06-23	26897.7024
2022-06-24	26978.116
2022-06-25	26978.116
2022-06-26	26978.116
2022-06-27	26955.2654
2022-06-28	26993.1108
2022-06-29	27077.9346
2022-06-30	27168.9236
2022-07-01	27199.7861
2022-07-02	27199.7861
2022-07-03	27199.7861
2022-07-04	27212.732
2022-07-05	27216.0397
2022-07-06	27247.5638
2022-07-07	27242.345
2022-07-08	27262.2646
2022-07-09	27262.2646
2022-07-10	27262.2646
2022-07-11	27223.6198
2022-07-12	27265.4345
2022-07-13	27248.5285
2022-07-14	27235.7572
2022-07-15	27249.9619
2022-07-16	27249.9619
2022-07-17	27249.9619
2022-07-18	27245.1657
2022-07-19	27233.6715
2022-07-20	27310.713
2022-07-21	27312.7068
2022-07-22	27360.7051
2022-07-23	27360.7051
2022-07-24	27360.7051
2022-07-25	27388.5356
2022-07-26	27349.367
2022-07-27	27445.3083
2022-07-28	27465.8803
2022-07-29	27579.3431
2022-07-30	27579.3431
2022-07-31	27579.3431
2022-08-01	27513.2262
2022-08-02	27589.1559
2022-08-03	27507.1712
2022-08-04	27501.3552
2022-08-05	27566.9852
2022-08-06	27566.9852
2022-08-07	27566.9852
2022-08-08	27463.0596
2022-08-09	27528.3221
2022-08-10	27486.5533
2022-08-11	27506.6475
2022-08-12	27457.7581
2022-08-13	27457.7581
2022-08-14	27457.7581
2022-08-15	27565.4325
2022-08-16	27650.9178
2022-08-17	27605.5933
2022-08-18	27545.081
2022-08-19	27534.23
2022-08-20	27534.23
2022-08-21	27534.23
2022-08-22	27445.1521
2022-08-23	27405.3588
2022-08-24	27417.7535
2022-08-25	27428.4024
2022-08-26	27471.4299
2022-08-27	27471.4299
2022-08-28	27471.4299
2022-08-29	27338.3782
2022-08-30	27413.4443
2022-08-31	27379.9723
2022-09-01	27305.8893
2022-09-02	27329.0983
2022-09-03	27329.0983
2022-09-04	27329.0983
2022-09-05	27341.5205
2022-09-06	27317.8797
2022-09-07	27288.2208
2022-09-08	27446.2731
2022-09-09	27413.6005
2022-09-10	27413.6005
2022-09-11	27413.6005
2022-09-12	27420.6017
2022-09-13	27443.5167
2022-09-14	27311.1541
2022-09-15	27315.7756
2022-09-16	27242.5196
2022-09-17	27242.5196
2022-09-18	27242.5196
2022-09-19	27297.6569
2022-09-20	27318.9271
2022-09-21	27229.7023
2022-09-22	27216.3797
2022-09-23	27059.5126
2022-09-24	27059.5126
2022-09-25	27059.5126
2022-09-26	27053.0075
2022-09-27	27068.0851
2022-09-28	27045.8409
2022-09-29	27137.914
2022-09-30	27057.3902
2022-10-01	27057.3902
2022-10-02	27057.3902
2022-10-03	27035.6513
2022-10-04	27291.7857
2022-10-05	27342.9814
2022-10-06	27246.1213
2022-10-07	27164.0447
2022-10-08	27164.0447
2022-10-09	27164.0447
2022-10-10	27136.398
2022-10-11	27047.3844
2022-10-12	27107.6027
2022-10-13	27097.7348
2022-10-14	27114.7602
2022-10-15	27114.7602
2022-10-16	27114.7602
2022-10-17	27093.5542
2022-10-18	27210.1961
2022-10-19	27168.115
2022-10-20	27066.1004
2022-10-21	27025.2597
2022-10-22	27025.2597
2022-10-23	27025.2597
2022-10-24	27145.0531
2022-10-25	27180.2156
2022-10-26	27223.923
2022-10-27	27252.5896
2022-10-28	27299.1086
2022-10-29	27299.1086
2022-10-30	27299.1086
2022-10-31	27290.9129
2022-11-01	27326.4981
2022-11-02	27268.8432
2022-11-03	27212.0797
2022-11-04	27306.0823
2022-11-05	27306.0823
2022-11-06	27306.0823
2022-11-07	27292.4932
2022-11-08	27254.6202
2022-11-09	27376.0674
2022-11-10	27444.0128
2022-11-11	27546.7165
2022-11-12	27546.7165
2022-11-13	27546.7165
2022-11-14	27448.129
2022-11-15	27490.2377
2022-11-16	27511.2599
2022-11-17	27578.948
2022-11-18	27584.5435
2022-11-19	27584.5435
2022-11-20	27584.5435
2022-11-21	27614.6619
2022-11-22	27623.2527
2022-11-23	27639.8922
2022-11-24	27665.49
2022-11-25	27661.3921
2022-11-26	27661.3921
2022-11-27	27661.3921
2022-11-28	27680.6962
2022-11-29	27631.7148
2022-11-30	27755.845
2022-12-01	27779.6511
2022-12-02	27797.3013
2022-12-03	27797.3013
2022-12-04	27797.3013
2022-12-05	27795.1054
2022-12-06	27742.3202
2022-12-07	27736.3112
2022-12-08	27727.1324
2022-12-09	27780.5791
2022-12-10	27780.5791
2022-12-11	27780.5791
2022-12-12	27751.8298
2022-12-13	27755.2937
2022-12-14	27793.9936
2022-12-15	27693.4308
2022-12-16	27691.3175
2022-12-17	27691.3175
2022-12-18	27691.3175
2022-12-19	27621.2037
2022-12-20	27559.5246
2022-12-21	27688.2487
2022-12-22	27630.8236
2022-12-23	27623.2894
2022-12-24	27623.2894
2022-12-25	27623.2894
2022-12-26	27623.2527
2022-12-27	27609.3604
2022-12-28	27487.0035
2022-12-29	27502.8529
2022-12-30	27554.1312
2022-12-31	27554.1312
2023-01-01	27554.1312
2023-01-02	27554.8479
2023-01-03	27562.5015
2023-01-04	27631.8067
2023-01-05	27643.9257
2023-01-06	27691.8596
2023-01-07	27691.8596
2023-01-08	27691.8596
2023-01-09	27737.6802
2023-01-10	27742.6693
2023-01-11	27776.1413
2023-01-12	27867.1027
2023-01-13	27864.2911
2023-01-14	27864.2911
2023-01-15	27864.2911
2023-01-16	27887.5736
2023-01-17	27879.2125
2023-01-18	27888.0697
2023-01-19	28018.0342
2023-01-20	27961.7576
2023-01-21	27961.7576
2023-01-22	27961.7576
2023-01-23	27989.8822
2023-01-24	27999.9706
2023-01-25	27967.9136
2023-01-26	27980.8044
2023-01-27	27980.6758
2023-01-28	27980.6758
2023-01-29	27980.6758
2023-01-30	27991.8208
2023-01-31	28004.4084
2023-02-01	28015.627
2023-02-02	28075.8636
2023-02-03	28181.8842
2023-02-04	28181.8842
2023-02-05	28181.8842
2023-02-06	28107.1672
2023-02-07	28057.3773
2023-02-08	28067.622
2023-02-09	28024.8518
2023-02-10	28017.6759
2023-02-11	28017.6759
2023-02-12	28017.6759
2023-02-13	28011.1524
2023-02-14	28031.6325
2023-02-15	28030.8148
2023-02-16	28034.5635
2023-02-17	27976.9914
2023-02-18	27976.9914
2023-02-19	27976.9914
2023-02-20	27993.2542
2023-02-21	27966.8662
2023-02-22	27950.7044
2023-02-23	27952.1286
2023-02-24	27977.9929
2023-02-25	27977.9929
2023-02-26	27977.9929
2023-02-27	27919.0058
2023-02-28	27953.0933
2023-03-01	27976.1828
2023-03-02	27947.4611
2023-03-03	27988.1272
2023-03-04	27988.1272
2023-03-05	27988.1272
2023-03-06	28092.0621
2023-03-07	28119.4148
2023-03-08	28041.8128
2023-03-09	28065.8303
2023-03-10	28048.5109
2023-03-11	28048.5109
2023-03-12	28048.5109
2023-03-13	28050.6609
2023-03-14	28065.7109
2023-03-15	28033.562
2023-03-16	28083.6734
2023-03-17	27983.9834
2023-03-18	27983.9834
2023-03-19	27983.9834
2023-03-20	28056.4769
2023-03-21	28076.2955
2023-03-22	27977.5794
2023-03-23	28058.7004
2023-03-24	28092.4296
2023-03-25	28092.4296
2023-03-26	28092.4296
2023-03-27	28095.2044
2023-03-28	28036.7962
2023-03-29	28105.6787
2023-03-30	28104.273
2023-03-31	28196.7779
2023-04-01	28196.7779
2023-04-02	28196.7779
2023-04-03	28196.5207
2023-04-04	28248.0655
2023-04-05	28245.8879
2023-04-06	28330.2247
2023-04-07	28331.3273
2023-04-08	28331.3273
2023-04-09	28331.3273
2023-04-10	28338.889
2023-04-11	28321.7442
2023-04-12	28327.0365
2023-04-13	28321.3767
2023-04-14	28334.3318
2023-04-15	28334.3318
2023-04-16	28334.3318
2023-04-17	28334.1572
2023-04-18	28284.009
2023-04-19	28292.7744
2023-04-20	28309.2485
2023-04-21	28341.6087
2023-04-22	28341.6087
2023-04-23	28341.6087
2023-04-24	28333.8999
2023-04-25	28319.3553
2023-04-26	28373.5095
2023-04-27	28319.4288
2023-04-28	28370.2569
2023-04-29	28370.2569
2023-04-30	28370.2569
2023-05-01	28355.5837
2023-05-02	28254.2674
2023-05-03	28290.9919
2023-05-04	28344.8888
2023-05-05	28336.5828
2023-05-06	28336.5828
2023-05-07	28336.5828
2023-05-08	28304.4431
2023-05-09	28289.2278
2023-05-10	28296.9365
2023-05-11	28356.7138
2023-05-12	28380.3821
2023-05-13	28380.3821
2023-05-14	28380.3821
2023-05-15	28333.8816
2023-05-16	28349.1153
2023-05-17	28333.9459
2023-05-18	28331.2813
2023-05-19	28283.1086
2023-05-20	28283.1086
2023-05-21	28283.1086
2023-05-22	28326.6598
2023-05-23	28265.3941
2023-05-24	28286.159
2023-05-25	28244.0779
2023-05-26	28270.4107
2023-05-27	28270.4107
2023-05-28	28270.4107
2023-05-29	28308.0816
2023-05-30	28312.2989
2023-05-31	28305.8673
2023-06-01	28295.1449
2023-06-02	28317.8117
2023-06-03	28317.8117
2023-06-04	28317.8117
2023-06-05	28282.8329
2023-06-06	28262.7939
2023-06-07	28246.2095
2023-06-08	28164.6566
2023-06-09	28247.018
2023-06-10	28247.018
2023-06-11	28247.018
2023-06-12	28261.774
2023-06-13	28257.5383
2023-06-14	28241.6247
2023-06-15	28255.9763
2023-06-16	28283.4761
2023-06-17	28283.4761
2023-06-18	28283.4761
2023-06-19	28324.7762
2023-06-20	28321.441
2023-06-21	28327.2754
2023-06-22	28288.6857
2023-06-23	28270.5577
2023-06-24	28270.5577
2023-06-25	28270.5577
2023-06-26	28273.2682
2023-06-27	28301.5581
2023-06-28	28373.1879
2023-06-29	28330.7117
2023-06-30	28290.7622
2023-07-01	28290.7622
2023-07-02	28290.7622
2023-07-03	28383.0742
2023-07-04	28334.5707
2023-07-05	28338.4021
2023-07-06	28235.0093
2023-07-07	28140.5289
2023-07-08	28140.5289
2023-07-09	28140.5289
2023-07-10	28160.568
2023-07-11	28268.9958
2023-07-12	28277.0904
2023-07-13	28352.1473
2023-07-14	28390.7829
2023-07-15	28390.7829
2023-07-16	28390.7829
2023-07-17	28391.7477
2023-07-18	28387.6131
2023-07-19	28464.6822
2023-07-20	28377.0928
2023-07-21	28361.4089
2023-07-22	28361.4089
2023-07-23	28361.4089
2023-07-24	28396.5622
2023-07-25	28389.2761
2023-07-26	28444.5053
2023-07-27	28496.9964
2023-07-28	28427.3145
2023-07-29	28427.3145
2023-07-30	28427.3145
2023-07-31	28468.7341
2023-08-01	28546.3177
2023-08-02	28455.3931
2023-08-03	28441.6662
2023-08-04	28403.784
2023-08-05	28403.784
2023-08-06	28403.784
2023-08-07	28500.3225
2023-08-08	28493.3855
2023-08-09	28498.6962
2023-08-10	28487.7809
2023-08-11	28463.7726
2023-08-12	28463.7726
2023-08-13	28463.7726
2023-08-14	28423.869
2023-08-15	28393.8977
2023-08-16	28398.4641
2023-08-17	28298.0207
2023-08-18	28356.0614
2023-08-19	28356.0614
2023-08-20	28356.0614
2023-08-21	28328.5341
2023-08-22	28316.6081
2023-08-23	28376.7437
2023-08-24	28399.8515
2023-08-25	28354.4903
2023-08-26	28354.4903
2023-08-27	28354.4903
2023-08-28	28397.3524
2023-08-29	28454.8326
2023-08-30	28501.8661
2023-08-31	28516.2453
2023-09-01	28520.0767
2023-09-02	28520.0767
2023-09-03	28520.0767
2023-09-04	28498.7789
2023-09-05	28521.6295
2023-09-06	28498.4298
2023-09-07	28453.6474
2023-09-08	28500.9289
2023-09-09	28500.9289
2023-09-10	28500.9289
2023-09-11	28469.0281
2023-09-12	28488.9753
2023-09-13	28478.0783
2023-09-14	28514.5915
2023-09-15	28535.3564
2023-09-16	28535.3564
2023-09-17	28535.3564
2023-09-18	28472.7401
2023-09-19	28498.834
2023-09-20	28441.0598
2023-09-21	28370.3764
2023-09-22	28379.2244
2023-09-23	28379.2244
2023-09-24	28379.2244
2023-09-25	28414.4053
2023-09-26	28322.8467
2023-09-27	28365.2586
2023-09-28	28317.1685
2023-09-29	28315.8638
2023-09-30	28315.8638
2023-10-01	28315.8638
2023-10-02	28321.9279
2023-10-03	28242.5251
2023-10-04	28189.6389
2023-10-05	28259.8813
2023-10-06	28277.2742
2023-10-07	28277.2742
2023-10-08	28277.2742
2023-10-09	28284.9645
2023-10-10	28335.5354
2023-10-11	28359.5437
2023-10-12	28400.4028
2023-10-13	28349.5655
2023-10-14	28349.5655
2023-10-15	28349.5655
2023-10-16	28385.3345
2023-10-17	28342.2243
2023-10-18	28310.0938
2023-10-19	28237.196
2023-10-20	28233.6035
2023-10-21	28233.6035
2023-10-22	28233.6035
2023-10-23	28209.3012
2023-10-24	28270.0616
2023-10-25	28211.5798
2023-10-26	28134.5107
2023-10-27	28193.5438
2023-10-28	28193.5438
2023-10-29	28193.5438
2023-10-30	28149.0554
2023-10-31	28175.1953
2023-11-01	28236.2956
2023-11-02	28354.573
2023-11-03	28375.4573
2023-11-04	28375.4573
2023-11-05	28375.4573
2023-11-06	28386.7218
2023-11-07	28413.2201
2023-11-08	28462.0544
2023-11-09	28441.3446
2023-11-10	28395.4688
2023-11-11	28395.4688
2023-11-12	28395.4688
2023-11-13	28382.771
2023-11-14	28431.6604
2023-11-15	28533.7577
2023-11-16	28489.6093
2023-11-17	28540.8692
2023-11-18	28540.8692
2023-11-19	28540.8692
2023-11-20	28504.356
2023-11-21	28552.391
2023-11-22	28562.7459
2023-11-23	28534.1712
2023-11-24	28517.0631
2023-11-25	28517.0631
2023-11-26	28517.0631
2023-11-27	28500.5063
2023-11-28	28552.5656
2023-11-29	28614.4101
2023-11-30	28584.9533
2023-12-01	28578.9903
2023-12-02	28578.9903
2023-12-03	28578.9903
2023-12-04	28641.7904
2023-12-05	28657.309
2023-12-06	28742.0593
2023-12-07	28703.0286
2023-12-08	28739.4866
2023-12-09	28739.4866
2023-12-10	28739.4866
2023-12-11	28721.9834
2023-12-12	28762.5302
2023-12-13	28797.9775
2023-12-14	28907.9949
2023-12-15	28886.4673
2023-12-16	28886.4673
2023-12-17	28886.4673
2023-12-18	28947.3196
2023-12-19	28891.0338
2023-12-20	28931.213
2023-12-21	28923.5686
2023-12-22	28912.3592
2023-12-23	28912.3592
2023-12-24	28912.3592
2023-12-25	28912.3959
2023-12-26	28918.5795
2023-12-27	28960.3941
2023-12-28	29019.6477
2023-12-29	28975.4533
2023-12-30	28975.4533
2023-12-31	28975.4533
2024-01-01	28975.2787
2024-01-02	28973.9373
2024-01-03	28907.4803
2024-01-04	28907.8111
2024-01-05	28876.6637
2024-01-06	28876.6637
2024-01-07	28876.6637
2024-01-08	28880.2746
2024-01-09	28923.1827
2024-01-10	28897.1162
2024-01-11	28921.5472
2024-01-12	28938.5542
2024-01-13	28938.5542
2024-01-14	28938.5542
2024-01-15	28945.629
2024-01-16	28881.1015
2024-01-17	28870.278
2024-01-18	28840.6375
2024-01-19	28879.7325
2024-01-20	28879.7325
2024-01-21	28879.7325
2024-01-22	28933.1976
2024-01-23	28966.8441
2024-01-24	28948.9275
2024-01-25	28975.4257
2024-01-26	28971.4289
2024-01-27	28971.4289
2024-01-28	28971.4289
2024-01-29	29026.6214
2024-01-30	29062.032
2024-01-31	29107.136
2024-02-01	29083.3849
2024-02-02	29154.5645
2024-02-03	29154.5645
2024-02-04	29154.5645
2024-02-05	29061.8942
2024-02-06	29068.5004
2024-02-07	29119.3652
2024-02-08	29117.2336
2024-02-09	29114.5874
2024-02-10	29114.5874
2024-02-11	29114.5874
2024-02-12	29099.6661
2024-02-13	29101.4302
2024-02-14	29043.4906
2024-02-15	29156.5767
2024-02-16	29106.5847
2024-02-17	29106.5847
2024-02-18	29106.5847
2024-02-19	29146.525
2024-02-20	29121.8735
2024-02-21	29128.5624
2024-02-22	29176.3217
2024-02-23	29153.8295
2024-02-24	29153.8295
2024-02-25	29153.8295
2024-02-26	29217.6494
2024-02-27	29188.9001
2024-02-28	29193.9535
2024-02-29	29241.8966
2024-03-01	29260.5483
2024-03-02	29260.5483
2024-03-03	29260.5483
2024-03-04	29284.7587
2024-03-05	29273.0716
2024-03-06	29322.108
2024-03-07	29335.4582
2024-03-08	29360.0729
2024-03-09	29360.0729
2024-03-10	29360.0729
2024-03-11	29332.564
2024-03-12	29363.2244
2024-03-13	29316.2093
2024-03-14	29325.7005
2024-03-15	29275.7177
2024-03-16	29275.7177
2024-03-17	29275.7177
2024-03-18	29321.2995
2024-03-19	29364.5383
2024-03-20	29378.6603
2024-03-21	29386.0842
2024-03-22	29432.5204
2024-03-23	29432.5204
2024-03-24	29432.5204
2024-03-25	29439.4206
2024-03-26	29416.6068
2024-03-27	29463.8608
2024-03-28	29532.1921
2024-03-29	29534.0297
2024-03-30	29534.0297
2024-03-31	29534.0297
2024-04-01	29536.2348
2024-04-02	29469.0152
2024-04-03	29402.7788
2024-04-04	29389.5297
2024-04-05	29474.1238
2024-04-06	29474.1238
2024-04-07	29474.1238
2024-04-08	29346.0979
2024-04-09	29391.0457
2024-04-10	29439.2093
2024-04-11	29362.6639
2024-04-12	29369.0864
2024-04-13	29369.0864
2024-04-14	29369.0864
2024-04-15	29357.1971
2024-04-16	29271.2983
2024-04-17	29235.8785
2024-04-18	29312.7179
2024-04-19	29254.9436
2024-04-20	29254.9436
2024-04-21	29254.9436
2024-04-22	29267.4944
2024-04-23	29342.3217
2024-04-24	29257.7643
2024-04-25	29242.8154
2024-04-26	29207.3864
2024-04-27	29207.3864
2024-04-28	29207.3864
2024-04-29	29273.9628
2024-04-30	29309.1529
2024-05-01	29215.8302
2024-05-02	29286.725
2024-05-03	29313.848
2024-05-04	29313.848
2024-05-05	29313.848
2024-05-06	29361.2949
2024-05-07	29437.4177
2024-05-08	29425.1057
2024-05-09	29376.0325
2024-05-10	29425.9326
2024-05-11	29425.9326
2024-05-12	29425.9326
2024-05-13	29416.469
2024-05-14	29429.4241
2024-05-15	29458.6879
2024-05-16	29560.3809
2024-05-17	29493.7218
2024-05-18	29493.7218
2024-05-19	29493.7218
2024-05-20	29518.3365
2024-05-21	29516.3979
2024-05-22	29502.3218
2024-05-23	29500.9252
2024-05-24	29449.4631
2024-05-25	29449.4631
2024-05-26	29449.4631
2024-05-27	29498.8855
2024-05-28	29482.9994
2024-05-29	29371.8795
2024-05-30	29357.9229
2024-05-31	29405.5812
2024-06-01	29405.5812
2024-06-02	29405.5812
2024-06-03	29454.4614
2024-06-04	29482.9075
2024-06-05	29534.1399
2024-06-06	29548.6019
2024-06-07	29576.5978
2024-06-08	29576.5978
2024-06-09	29576.5978
2024-06-10	29578.1046
2024-06-11	29493.7953
2024-06-12	29541.4444
2024-06-13	29584.3984
2024-06-14	29594.79
2024-06-15	29594.79
2024-06-16	29594.79
2024-06-17	29589.6631
2024-06-18	29574.4202
2024-06-19	29576.074
2024-06-20	29574.6407
2024-06-21	29687.2582
2024-06-22	29687.2582
2024-06-23	29687.2582
2024-06-24	29660.76
2024-06-25	29729.7804
2024-06-26	29646.8401
2024-06-27	29660.613
2024-06-28	29752.2635
2024-06-29	29752.2635
2024-06-30	29752.2635
2024-07-01	29705.3954
2024-07-02	29695.2243
2024-07-03	29697.4569
2024-07-04	29754.147
2024-07-05	29747.4581
2024-07-06	29747.4581
2024-07-07	29747.4581
2024-07-08	29799.398
2024-07-09	29822.1935
2024-07-10	29851.4481
2024-07-11	29843.6291
2024-07-12	29911.0784
2024-07-13	29911.0784
2024-07-14	29911.0784
2024-07-15	29925.8986
2024-07-16	29988.9284
2024-07-17	29958.0843
2024-07-18	29936.5475
2024-07-19	29882.3382
2024-07-20	29882.3382
2024-07-21	29882.3382
2024-07-22	29906.4476
2024-07-23	29921.3965
2024-07-24	29888.5769
2024-07-25	29861.0864
2024-07-26	29892.3716
2024-07-27	29892.3716
2024-07-28	29892.3716
2024-07-29	29943.411
2024-07-30	29917.7397
2024-07-31	30121.3462
2024-08-01	30042.5957
2024-08-02	29953.6556
2024-08-03	29953.6556
2024-08-04	29953.6556
2024-08-05	29911.3264
2024-08-06	29717.0642
2024-08-07	29745.9972
2024-08-08	29814.2091
2024-08-09	29858.1738
2024-08-10	29858.1738
2024-08-11	29858.1738
2024-08-12	29879.1132
2024-08-13	29962.9539
2024-08-14	30009.234
2024-08-15	30057.7834
2024-08-16	30065.3636
2024-08-17	30065.3636
2024-08-18	30065.3636
2024-08-19	30099.0836
2024-08-20	30071.3909
2024-08-21	30141.8171
2024-08-22	30125.1959
2024-08-23	30115.5945
2024-08-24	30115.5945
2024-08-25	30115.5945
2024-08-26	30175.1696
2024-08-27	30134.7607
2024-08-28	30127.5113
2024-08-29	30119.1686
2024-08-30	30158.5484
2024-08-31	30158.5484
2024-09-01	30158.5484
2024-09-02	30137.563
2024-09-03	30129.5327
2024-09-04	30087.571
2024-09-05	30104.5872
2024-09-06	30095.8127
2024-09-07	30095.8127
2024-09-08	30095.8127
2024-09-09	30100.2597
2024-09-10	30158.4566
2024-09-11	30207.3919
2024-09-12	30225.1432
2024-09-13	30271.4141
2024-09-14	30271.4141
2024-09-15	30271.4141
2024-09-16	30274.8687
2024-09-17	30262.6303
2024-09-18	30241.893
2024-09-19	30289.542
2024-09-20	30306.3469
2024-09-21	30306.3469
2024-09-22	30306.3469
2024-09-23	30261.2797
2024-09-24	30328.4533
2024-09-25	30305.3087
2024-09-26	30342.465
2024-09-27	30328.4441
2024-09-28	30328.4441
2024-09-29	30328.4441
2024-09-30	30332.3214
2024-10-01	30317.5838
2024-10-02	30352.0389
2024-10-03	30331.1086
2024-10-04	30345.3225
2024-10-05	30345.3225
2024-10-06	30345.3225
2024-10-07	30391.8782
2024-10-08	30320.1289
2024-10-09	30403.9788
2024-10-10	30398.7967
2024-10-11	30446.4366
2024-10-12	30446.4366
2024-10-13	30446.4366
2024-10-14	30466.8432
2024-10-15	30487.3876
2024-10-16	30526.2345
2024-10-17	30496.1438
2024-10-18	30442.2836
2024-10-19	30442.2836
2024-10-20	30442.2836
2024-10-21	30493.7273
2024-10-22	30372.2526
2024-10-23	30365.4442
2024-10-24	30379.6489
2024-10-25	30389.4433
2024-10-26	30389.4433
2024-10-27	30389.4433
2024-10-28	30388.0376
2024-10-29	30441.2729
2024-10-30	30386.9626
2024-10-31	30321.0661
2024-11-01	30302.2123
2024-11-02	30302.2123
2024-11-03	30302.2123
2024-11-04	30307.1187
2024-11-05	30313.7524
2024-11-06	30394.9194
2024-11-07	30402.9222
2024-11-08	30490.4932
2024-11-09	30490.4932
2024-11-10	30490.4932
2024-11-11	30492.8361
2024-11-12	30499.819
2024-11-13	30445.9956
2024-11-14	30463.8479
2024-11-15	30476.5917
2024-11-16	30476.5917
2024-11-17	30476.5917
2024-11-18	30489.5192
2024-11-19	30519.2333
2024-11-20	30512.3147
2024-11-21	30509.5859
2024-11-22	30577.9998
2024-11-23	30577.9998
2024-11-24	30577.9998
2024-11-25	30622.5617
2024-11-26	30640.6254
2024-11-27	30651.0813
2024-11-28	30681.365
2024-11-29	30708.0746
2024-11-30	30708.0746
2024-12-01	30708.0746
2024-12-02	30750.4222
2024-12-03	30807.4798
2024-12-04	30843.1844
2024-12-05	30858.1609
2024-12-06	30864.2434
2024-12-07	30864.2434
2024-12-08	30864.2434
2024-12-09	30832.2966
2024-12-10	30893.4061
2024-12-11	30876.9871
2024-12-12	30827.5464
2024-12-13	30820.4992
2024-12-14	30820.4992
2024-12-15	30820.4992
2024-12-16	30805.8719
2024-12-17	30835.981
2024-12-18	30795.958
2024-12-19	30660.5358
2024-12-20	30642.5549
2024-12-21	30642.5549
2024-12-22	30642.5549
2024-12-23	30765.0495
2024-12-24	30781.983
2024-12-25	30782.7916
2024-12-26	30790.3074
2024-12-27	30818.5605
2024-12-28	30818.5605
2024-12-29	30818.5605
2024-12-30	30750.8265
2024-12-31	30778.905
2025-01-01	30778.8591
2025-01-02	30742.3275
2025-01-03	30825.9385
2025-01-04	30825.9385
2025-01-05	30825.9385
2025-01-06	30801.2319
2025-01-07	30825.2862
2025-01-08	30853.9528
2025-01-09	30869.7102
2025-01-10	30797.373
2025-01-11	30797.373
2025-01-12	30797.373
2025-01-13	30727.9115
2025-01-14	30755.7788
2025-01-15	30782.47
2025-01-16	30883.1247
2025-01-17	30903.4486
2025-01-18	30903.4486
2025-01-19	30903.4486
2025-01-20	30925.0129
2025-01-21	30955.021
2025-01-22	30955.8479
2025-01-23	30959.9274
2025-01-24	30937.7934
2025-01-25	30937.7934
2025-01-26	30937.7934
2025-01-27	30904.983
2025-01-28	30992.8297
2025-01-29	31028.2954
2025-01-30	31052.8917
2025-01-31	31040.102
2025-02-01	31040.102
2025-02-02	31040.102
2025-02-03	31004.6914
2025-02-04	30999.7391
2025-02-05	31046.8185
2025-02-06	31103.6555
2025-02-07	31060.4994
2025-02-08	31060.4994
2025-02-09	31060.4994
2025-02-10	31058.4505
2025-02-11	31069.3199
2025-02-12	31056.714
2025-02-13	31098.6021
2025-02-14	31102.6173
2025-02-15	31102.6173
2025-02-16	31102.6173
2025-02-17	31094.9821
2025-02-18	31084.4618
2025-02-19	31068.8421
2025-02-20	31016.5899
2025-02-21	30989.5404
2025-02-22	30989.5404
2025-02-23	30989.5404
2025-02-24	31019.9986
2025-02-25	30992.407
2025-02-26	31012.1245
2025-02-27	31006.9057
2025-02-28	31036.9597
2025-03-01	31036.9597
2025-03-02	31036.9597
2025-03-03	30982.7596
2025-03-04	30989.9998
2025-03-05	30943.4716
2025-03-06	30833.9964
2025-03-07	30863.7564
2025-03-08	30863.7564
2025-03-09	30863.7564
2025-03-10	30768.7798
2025-03-11	30744.5419
2025-03-12	30710.9137
2025-03-13	30667.6198
2025-03-14	30738.6983
2025-03-15	30738.6983
2025-03-16	30738.6983
2025-03-17	30772.8961
2025-03-18	30770.3602
2025-03-19	30793.9734
2025-03-20	30858.8041
2025-03-21	30865.2449
2025-03-22	30865.2449
2025-03-23	30865.2449
2025-03-24	30906.4072
2025-03-25	30901.5559
2025-03-26	30867.9278
2025-03-27	30842.9915
2025-03-28	30811.2744
2025-03-29	30811.2744
2025-03-30	30811.2744
2025-03-31	30816.5392
2025-04-01	30837.7635
2025-04-02	30838.7742
2025-04-03	30731.0263
2025-04-04	30644.3557
2025-04-05	30644.3557
2025-04-06	30644.3557
2025-04-07	30469.8936
2025-04-08	30395.1675
2025-04-09	30534.5221
2025-04-10	30490.3094
2025-04-11	30534.0168
2025-04-12	30534.0168
2025-04-13	30534.0168
2025-04-14	30555.3606
2025-04-15	30599.4447
2025-04-16	30551.9334
2025-04-17	30623.7837
2025-04-18	30627.6519
2025-04-19	30627.6519
2025-04-20	30627.6519
2025-04-21	30557.1063
2025-04-22	30647.3694
2025-04-23	30712.347
2025-04-24	30814.3157
2025-04-25	30843.4692
2025-04-26	30843.4692
2025-04-27	30843.4692
2025-04-28	30903.3935
2025-04-29	30962.5919
2025-04-30	30986.6461
2025-05-01	31008.9546
2025-05-02	31049.5473
2025-05-03	31049.5473
2025-05-04	31049.5473
2025-05-05	30986.2235
2025-05-06	30963.1248
2025-05-07	31014.6145
2025-05-08	31069.908
2025-05-09	31058.8731
2025-05-10	31058.8731
2025-05-11	31058.8731
2025-05-12	31152.2234
2025-05-13	31130.8337
2025-05-14	31141.7123
2025-05-15	31156.064
2025-05-16	31220.8763
2025-05-17	31220.8763
2025-05-18	31220.8763
2025-05-19	31162.5507
2025-05-20	31267.9832
2025-05-21	31198.9261
2025-05-22	31196.7761
2025-05-23	31174.045
2025-05-24	31174.045
2025-05-25	31174.045
2025-05-26	31200.6902
2025-05-27	31320.4928
2025-05-28	31289.0238
2025-05-29	31294.8123
2025-05-30	31348.5805
2025-05-31	31348.5805
2025-06-01	31348.5805
2025-06-02	31321.7607
2025-06-03	31377.1828
2025-06-04	31408.6886
2025-06-05	31401.0717
2025-06-06	31431.0154
2025-06-07	31431.0154
2025-06-08	31431.0154
2025-06-09	31424.152
2025-06-10	31470.0553
2025-06-11	31466.6098
2025-06-12	31491.8952
2025-06-13	31479.1607
2025-06-14	31479.1607
2025-06-15	31479.1607
2025-06-16	31463.3021
2025-06-17	31439.349
2025-06-18	31441.499
2025-06-19	31461.4645
2025-06-20	31463.1276
2025-06-21	31463.1276
2025-06-22	31463.1276
2025-06-23	31616.5123
2025-06-24	31696.053
2025-06-25	31732.8878
2025-06-26	31768.4362
2025-06-27	31807.228
2025-06-28	31807.228
2025-06-29	31807.228
2025-06-30	31807.6231
2025-07-01	31819.2184
2025-07-02	31861.7957
2025-07-03	31871.0848
2025-07-04	31873.6574
2025-07-05	31873.6574
2025-07-06	31873.6574
2025-07-07	31863.7987
2025-07-08	31854.6658
2025-07-09	31838.3203
2025-07-10	31877.0753
2025-07-11	31833.0004
2025-07-12	31833.0004
2025-07-13	31833.0004
2025-07-14	31832.0908
2025-07-15	31854.6933
2025-07-16	31836.9972
2025-07-17	31930.9447
2025-07-18	31893.0625
2025-07-19	31893.0625
2025-07-20	31893.0625
2025-07-21	31886.5941
2025-07-22	31885.6386
2025-07-23	31933.0855
2025-07-24	31899.8524
2025-07-25	31920.1304
2025-07-26	31920.1304
2025-07-27	31920.1304
2025-07-28	31948.062
2025-07-29	31948.4571
2025-07-30	32025.8294
2025-07-31	32005.4871
2025-08-01	31892.6582
2025-08-02	31892.6582
2025-08-03	31892.6582
2025-08-04	31990.235
2025-08-05	32014.7486
2025-08-06	32049.1026
2025-08-07	32071.2641
2025-08-08	32076.1521
2025-08-09	32076.1521
2025-08-10	32076.1521
2025-08-11	32088.1792
2025-08-12	32151.4296
2025-08-13	32150.3454
2025-08-14	32197.4064
2025-08-15	32200.8152
2025-08-16	32200.8152
2025-08-17	32200.8152
2025-08-18	32209.1854
2025-08-19	32161.3618
2025-08-20	32197.4523
2025-08-21	32215.6814
2025-08-22	32214.0092
2025-08-23	32214.0092
2025-08-24	32214.0092
2025-08-25	32224.3824
2025-08-26	32212.7963
2025-08-27	32225.8617
2025-08-28	32253.0674
2025-08-29	32230.713
2025-08-30	32230.713
2025-08-31	32230.713
2025-09-01	32195.8812
2025-09-02	32176.1729
2025-09-03	32108.7053
2025-09-04	32220.1008
2025-09-05	32213.5773
2025-09-06	32213.5773
2025-09-07	32213.5773
2025-09-08	32248.161
2025-09-09	32253.0399
2025-09-10	32266.6565
2025-09-11	32296.0582
2025-09-12	32318.8444
2025-09-13	32318.8444
2025-09-14	32318.8444
2025-09-15	32312.7436
2025-09-16	32335.7963
2025-09-17	32320.1767
2025-09-18	32350.5523
2025-09-19	32358.6653
2025-09-20	32358.6653
2025-09-21	32358.6653
2025-09-22	32378.2174
2025-09-23	32367.008
2025-09-24	32325.763
2025-09-25	32318.5596
2025-09-26	32327.4812
2025-09-27	32327.4812
2025-09-28	32327.4812
2025-09-29	32368.1014
2025-09-30	32379.9907
2025-10-01	32386.7715
2025-10-02	32452.3739
2025-10-03	32473.6717
2025-10-04	32473.6717
2025-10-05	32473.6717
2025-10-06	32519.7405
2025-10-07	32548.4438
2025-10-08	32563.9808
2025-10-09	32590.2126
2025-10-10	32489.3465
2025-10-11	32489.3465
2025-10-12	32489.3465
2025-10-13	32560.2229
2025-10-14	32571.4414
2025-10-15	32622.3706
2025-10-16	32701.8194
2025-10-17	32700.5974
2025-10-18	32700.5974
2025-10-19	32700.5974
2025-10-20	32658.0385
2025-10-21	32703.3998
2025-10-22	32666.8131
2025-10-23	32675.413
2025-10-24	32709.2801
2025-10-25	32709.2801
2025-10-26	32709.2801
2025-10-27	32736.1183
2025-10-28	32719.6809
2025-10-29	32659.527
2025-10-30	32611.7401
2025-10-31	32613.302
2025-11-01	32613.302
2025-11-02	32613.302
2025-11-03	32613.9636
2025-11-04	32545.2648
2025-11-05	32562.915
2025-11-06	32538.9894
2025-11-07	32519.5843
2025-11-08	32519.5843
2025-11-09	32519.5843
2025-11-10	32559.5062
2025-11-11	32586.62
2025-11-12	32595.8081
2025-11-13	32497.4595
2025-11-14	32451.7399
2025-11-15	32451.7399
2025-11-16	32451.7399
2025-11-17	32419.6462
2025-11-18	32333.4075
2025-11-19	32361.2012
2025-11-20	32327.4996
2025-11-21	32301.1024
2025-11-22	32301.1024
2025-11-23	32301.1024
2025-11-24	32399.5061
2025-11-25	32456.0032
2025-11-26	32452.328
2025-11-27	32477.2459
2025-11-28	32483.1078
2025-11-29	32483.1078
2025-11-30	32483.1078
2025-12-01	32430.194
2025-12-02	32430.9015
2025-12-03	32416.9082
2025-12-04	32407.371
2025-12-05	32425.0028
2025-12-06	32425.0028
2025-12-07	32425.0028
2025-12-08	32423.1376
2025-12-09	32360.4845
2025-12-10	32372.5117
2025-12-11	32427.2631
2025-12-12	32436.497
2025-12-13	32436.497
2025-12-14	32436.497
2025-12-15	32413.7659
2025-12-16	32393.5063
2025-12-17	32363.0021
2025-12-18	32400.7005
2025-12-19	32452.282
2025-12-20	32452.282
2025-12-21	32452.282
2025-12-22	32445.6299
2025-12-23	32528.9652
2025-12-24	32543.5926
2025-12-25	32544.3735
2025-12-26	32544.0152
2025-12-27	32544.0152
2025-12-28	32544.0152
2025-12-29	32530.4169
2025-12-30	32526.5212
2025-12-31	32535.6174
2026-01-01	32535.7735
2026-01-02	32523.7464
2026-01-03	32523.7464
2026-01-04	32523.7464
2026-01-05	32567.6284
2026-01-06	32617.2621
2026-01-07	32660.6387
2026-01-08	32707.2495
2026-01-09	32740.2621
2026-01-10	32740.2621
2026-01-11	32740.2621
2026-01-12	32739.1228
2026-01-13	32769.0849
2026-01-14	32762.7727
2026-01-15	32790.4654
2026-01-16	32824.9297
2026-01-17	32824.9297
2026-01-18	32824.9297
2026-01-19	32773.9729
2026-01-20	32603.9211
2026-01-21	32597.664
2026-01-22	32632.0456
2026-01-23	32629.7118
2026-01-24	32629.7118
2026-01-25	32629.7118
2026-01-26	32627.0198
2026-01-27	32662.7979
2026-01-28	32674.237
2026-01-29	32653.3894
2026-01-30	32617.1151
2026-01-31	32617.1151
2026-02-01	32617.1151
2026-02-02	32620.9649
2026-02-03	32601.6608
2026-02-04	32604.9318
2026-02-05	32566.3513
2026-02-06	32572.2959
2026-02-07	32572.2959
2026-02-08	32572.2959
2026-02-09	32620.0277
2026-02-10	32657.0462
2026-02-11	32721.8585
2026-02-12	32674.4116
2026-02-13	32668.5404
2026-02-14	32668.5404
2026-02-15	32668.5404
2026-02-16	32692.8978
2026-02-17	32731.7815
2026-02-18	32758.243
2026-02-19	32753.1529
2026-02-20	32787.7458
2026-02-21	32787.7458
2026-02-22	32787.7458
2026-02-23	32764.6655
2026-02-24	32795.8588
2026-02-25	32842.782
2026-02-26	32860.1198
2026-02-27	32866.2482
2026-02-28	32866.2482
2026-03-01	32866.2482
2026-03-02	32886.03
2026-03-03	32714.7194
2026-03-04	32626.4042
2026-03-05	32659.6648
2026-03-06	32558.8171
2026-03-07	32558.8171
2026-03-08	32558.8171
2026-03-09	32398.3667
2026-03-10	32473.9933
2026-03-11	32494.8042
2026-03-12	32379.6324
2026-03-13	32340.4087
2026-03-14	32340.4087
2026-03-15	32340.4087
2026-03-16	32327.132
2026-03-17	32368.1565
2026-03-18	32390.7774
2026-03-19	32276.3958
2026-03-20	32156.483
2026-03-21	32156.483
2026-03-22	32156.483
2026-03-23	32133.2557
2026-03-24	32166.4612
2026-03-25	32315.4633
2026-03-26	32242.1245
2026-03-27	32147.1479
2026-03-28	32147.1479
2026-03-29	32147.1479
2026-03-30	32139.1819
2026-03-31	32261.8787
2026-04-01	32418.5988
2026-04-02	32332.3508
2026-04-03	32338.1301
2026-04-04	32338.1301
2026-04-05	32338.1301
2026-04-06	32349.22
2026-04-07	32450.8303
2026-04-08	32719.148
2026-04-09	32748.6416
2026-04-10	32723.8523
2026-04-11	32723.8523
2026-04-12	32723.8523
2026-04-13	32724.9548
2026-04-14	32799.7729
2026-04-15	32849.0115
2026-04-16	32845.6762
2026-04-17	32856.7386
2026-04-18	32856.7386
2026-04-19	32856.7386
2026-04-20	32910.7917
2026-04-21	32834.3198
2026-04-22	32809.7511
2026-04-23	32747.9249
2026-04-24	32785.3109
2026-04-25	32785.3109
2026-04-26	32785.3109
2026-04-27	32776.2883
2026-04-28	32729.2916
2026-04-29	32743.3217
2026-04-30	32709.96
2026-05-01	32773.4308
2026-05-02	32773.4308
2026-05-03	32773.4308
2026-05-04	32789.9693
2026-05-05	32834.0074
2026-05-06	32941.204
2026-05-07	32993.1163
2026-05-08	32949.023
2026-05-09	32949.023
2026-05-10	32949.023
2026-05-11	32943.0968
2026-05-12	32905.1135
2026-05-13	32905.9496
2026-05-14	32984.2223
2026-05-15	32920.9169
2026-05-16	32920.9169
2026-05-17	32920.9169
2026-05-18	32851.6025
2026-05-19	32914.2923
2026-05-20	32878.358
2026-05-21	33010.1234
2026-05-22	33085.263
2026-05-23	33085.263
2026-05-24	33085.263
2026-05-25	33121.6291
2026-05-26	33125.4973
2026-05-27	33199.3138
2026-05-28	33148.3112
2026-05-29	33236.8193
2026-05-30	33236.8193
2026-05-31	33236.8193
2026-06-01	33254.5246
2026-06-02	33254.4144
2026-06-03	33261.7189
2026-06-04	33244.2157
2026-06-05	33138.8934
2026-06-06	33138.8934
2026-06-07	33138.8934
2026-06-08	33126.8571
2026-06-09	33138.3146
2026-06-10	33100.4416
2026-06-11	33179.1921
2026-06-12	33298.4526
2026-06-13	33298.4526
2026-06-14	33298.4526
2026-06-15	33417.8049
2026-06-16	33426.1384
2026-06-17	33452.2875
2026-06-18	33473.9621
2026-06-19	33442.9801
2026-06-20	33442.9801
2026-06-21	33442.9801
2026-06-22	33443.3384
2026-06-23	33393.2821
2026-06-24	33442.9893
2026-06-25	33497.9887
2026-06-26	33488.0473
2026-06-27	33488.0473
2026-06-28	33488.0473
2026-06-29	33555.5609
2026-06-30	33571.0427
2026-07-01	33548.1186
2026-07-02	33539.2613
2026-07-03	33610.5603
2026-07-04	33610.5603
2026-07-05	33610.5603
2026-07-06	33636.9483
2026-07-07	33582.9871
2026-07-08	33552.2072
2026-07-09	33566.9908
2026-07-10	33618.2231
2026-07-11	33618.2231
2026-07-12	33618.2231
2026-07-13	33572.9997
2026-07-14	33547.751
2026-07-15	33582.151
2026-07-16	33552.5748
2026-07-17	33484.2159
2026-07-18	33484.2159
2026-07-19	33484.2159
2026-07-20	33352.3219
2026-07-21	33419.3209
2026-07-22	33417.5568
2026-07-23	33388.0541
2026-07-24	33308.3572
2026-07-25	33308.3572
2026-07-26	33308.3572
2026-07-27	33382.8077
2026-07-28	33430.2639
2026-07-29	33439.3049
2026-07-30	33418.6043
2026-07-31	33496.1511
2026-08-01	33496.1511
2026-08-02	33496.1511
2026-08-03	33586.0559
2026-08-04	33677.2102
2026-08-05	33745.7253
2026-08-06	33768.631
2026-08-07	33755.6024
2026-08-08	33755.6024
2026-08-09	33755.6024
2026-08-10	33748.6746
2026-08-11	33743.7131
2026-08-12	33750.9257
2026-08-13	33803.2606
2026-08-14	33752.0742
2026-08-15	33752.0742
2026-08-16	33752.0742
2026-08-17	33703.7728
2026-08-18	33663.759
2026-08-19	33643.2605
2026-08-20	33656.7209
2026-08-21	33634.3481
2026-08-22	33634.3481
2026-08-23	33634.3481
2026-08-24	33662.2429
2026-08-25	33730.7212
2026-08-26	33711.454
2026-08-27	33673.875
2026-08-28	33678.1106
2026-08-29	33678.1106
2026-08-30	33678.1106
2026-08-31	33670.944
2026-09-01	33604.6892
2026-09-02	33536.2293
2026-09-03	33614.0518
2026-09-04	33615.5127
2026-09-05	33615.5127
2026-09-06	33615.5127
2026-09-07	33628.2289
2026-09-08	33564.2803
2026-09-09	33515.8135
2026-09-10	33462.229
2026-09-11	33388.734
2026-09-12	33388.734
2026-09-13	33388.734
2026-09-14	33393.08
2026-09-15	33310.0111
2026-09-16	33322.2036
