date	value
2004-01-01	10000.0
2004-01-02	9989.3259
2004-01-03	9989.3259
2004-01-04	9989.3259
2004-01-05	9965.1044
2004-01-06	9987.5605
2004-01-07	9982.4261
2004-01-08	9980.1562
2004-01-09	9983.9664
2004-01-10	9983.9664
2004-01-11	9983.9664
2004-01-12	10012.1153
2004-01-13	10005.4046
2004-01-14	10035.5712
2004-01-15	10028.4191
2004-01-16	10026.9328
2004-01-17	10026.9328
2004-01-18	10026.9328
2004-01-19	10037.8951
2004-01-20	10031.2835
2004-01-21	10035.1568
2004-01-22	10055.442
2004-01-23	10072.3764
2004-01-24	10072.3764
2004-01-25	10072.3764
2004-01-26	10072.3764
2004-01-27	10037.2646
2004-01-28	10025.0502
2004-01-29	9987.3983
2004-01-30	9990.7311
2004-01-31	9990.7311
2004-02-01	9990.7311
2004-02-02	10029.5811
2004-02-03	10022.0237
2004-02-04	10030.5899
2004-02-05	10026.4374
2004-02-06	10038.3365
2004-02-07	10038.3365
2004-02-08	10038.3365
2004-02-09	10057.9912
2004-02-10	10045.3264
2004-02-11	10047.3622
2004-02-12	10086.3022
2004-02-13	10079.1231
2004-02-14	10079.1231
2004-02-15	10079.1231
2004-02-16	10089.4098
2004-02-17	10092.013
2004-02-18	10122.2517
2004-02-19	10120.306
2004-02-20	10124.1252
2004-02-21	10124.1252
2004-02-22	10124.1252
2004-02-23	10099.8226
2004-02-24	10084.5006
2004-02-25	10100.6333
2004-02-26	10117.6127
2004-02-27	10132.6375
2004-02-28	10132.6375
2004-02-29	10132.6375
2004-03-01	10190.4845
2004-03-02	10204.9958
2004-03-03	10196.3034
2004-03-04	10210.9318
2004-03-05	10250.8087
2004-03-06	10250.8087
2004-03-07	10250.8087
2004-03-08	10207.0766
2004-03-09	10239.4861
2004-03-10	10236.5496
2004-03-11	10226.9024
2004-03-12	10236.3874
2004-03-13	10236.3874
2004-03-14	10236.3874
2004-03-15	10255.5016
2004-03-16	10269.0401
2004-03-17	10300.2065
2004-03-18	10286.3708
2004-03-19	10272.2198
2004-03-20	10272.2198
2004-03-21	10272.2198
2004-03-22	10247.4939
2004-03-23	10234.3247
2004-03-24	10239.36
2004-03-25	10269.6076
2004-03-26	10281.0023
2004-03-27	10281.0023
2004-03-28	10281.0023
2004-03-29	10256.3934
2004-03-30	10264.3291
2004-03-31	10265.1038
2004-04-01	10297.7565
2004-04-02	10302.2963
2004-04-03	10302.2963
2004-04-04	10302.2963
2004-04-05	10275.4175
2004-04-06	10264.8065
2004-04-07	10268.86
2004-04-08	10266.4099
2004-04-09	10266.4099
2004-04-10	10266.4099
2004-04-11	10266.4099
2004-04-12	10266.4099
2004-04-13	10261.0594
2004-04-14	10268.1934
2004-04-15	10246.8903
2004-04-16	10259.5731
2004-04-17	10259.5731
2004-04-18	10259.5731
2004-04-19	10283.2181
2004-04-20	10311.0968
2004-04-21	10283.5244
2004-04-22	10291.6583
2004-04-23	10324.9055
2004-04-24	10324.9055
2004-04-25	10324.9055
2004-04-26	10334.3545
2004-04-27	10325.1217
2004-04-28	10317.7895
2004-04-29	10276.8407
2004-04-30	10258.6994
2004-05-01	10258.6994
2004-05-02	10258.6994
2004-05-03	10255.871
2004-05-04	10257.8436
2004-05-05	10281.1824
2004-05-06	10270.1931
2004-05-07	10272.6882
2004-05-08	10272.6882
2004-05-09	10272.6882
2004-05-10	10189.3495
2004-05-11	10202.2755
2004-05-12	10225.3711
2004-05-13	10226.8213
2004-05-14	10210.7157
2004-05-15	10210.7157
2004-05-16	10210.7157
2004-05-17	10224.065
2004-05-18	10252.0517
2004-05-19	10261.6989
2004-05-20	10243.9178
2004-05-21	10269.8958
2004-05-22	10269.8958
2004-05-23	10269.8958
2004-05-24	10265.9415
2004-05-25	10267.6169
2004-05-26	10304.2149
2004-05-27	10328.6707
2004-05-28	10339.4348
2004-05-29	10339.4348
2004-05-30	10339.4348
2004-05-31	10372.3487
2004-06-01	10378.3838
2004-06-02	10421.3232
2004-06-03	10424.3318
2004-06-04	10423.35
2004-06-05	10423.35
2004-06-06	10423.35
2004-06-07	10436.33
2004-06-08	10447.5175
2004-06-09	10432.1865
2004-06-10	10426.5297
2004-06-11	10433.0602
2004-06-12	10433.0602
2004-06-13	10433.0602
2004-06-14	10427.1061
2004-06-15	10428.0249
2004-06-16	10476.9094
2004-06-17	10508.1479
2004-06-18	10522.0917
2004-06-19	10522.0917
2004-06-20	10522.0917
2004-06-21	10529.0996
2004-06-22	10524.5147
2004-06-23	10535.414
2004-06-24	10519.5155
2004-06-25	10508.2469
2004-06-26	10508.2469
2004-06-27	10508.2469
2004-06-28	10533.1981
2004-06-29	10537.7109
2004-06-30	10557.852
2004-07-01	10519.8488
2004-07-02	10505.3105
2004-07-03	10505.3105
2004-07-04	10505.3105
2004-07-05	10544.1154
2004-07-06	10549.8983
2004-07-07	10552.1322
2004-07-08	10566.5984
2004-07-09	10562.7792
2004-07-10	10562.7792
2004-07-11	10562.7792
2004-07-12	10556.1946
2004-07-13	10556.3477
2004-07-14	10528.9735
2004-07-15	10523.0735
2004-07-16	10512.7868
2004-07-17	10512.7868
2004-07-18	10512.7868
2004-07-19	10530.757
2004-07-20	10481.1069
2004-07-21	10490.682
2004-07-22	10471.8471
2004-07-23	10455.21
2004-07-24	10455.21
2004-07-25	10455.21
2004-07-26	10495.5552
2004-07-27	10516.3268
2004-07-28	10515.4801
2004-07-29	10525.4786
2004-07-30	10547.0699
2004-07-31	10547.0699
2004-08-01	10547.0699
2004-08-02	10574.2369
2004-08-03	10571.6607
2004-08-04	10575.1377
2004-08-05	10559.1581
2004-08-06	10529.523
2004-08-07	10529.523
2004-08-08	10529.523
2004-08-09	10542.3499
2004-08-10	10552.1502
2004-08-11	10546.5834
2004-08-12	10522.524
2004-08-13	10517.6779
2004-08-14	10517.6779
2004-08-15	10517.6779
2004-08-16	10527.199
2004-08-17	10541.7914
2004-08-18	10556.5819
2004-08-19	10553.9427
2004-08-20	10572.1021
2004-08-21	10572.1021
2004-08-22	10572.1021
2004-08-23	10592.018
2004-08-24	10598.5755
2004-08-25	10603.3856
2004-08-26	10622.0855
2004-08-27	10658.6385
2004-08-28	10658.6385
2004-08-29	10658.6385
2004-08-30	10655.5488
2004-08-31	10654.0536
2004-09-01	10648.3968
2004-09-02	10728.4927
2004-09-03	10715.837
2004-09-04	10715.837
2004-09-05	10715.837
2004-09-06	10715.837
2004-09-07	10730.6455
2004-09-08	10729.3844
2004-09-09	10759.7672
2004-09-10	10766.5229
2004-09-11	10766.5229
2004-09-12	10766.5229
2004-09-13	10786.61
2004-09-14	10797.248
2004-09-15	10798.3109
2004-09-16	10793.0594
2004-09-17	10809.1651
2004-09-18	10809.1651
2004-09-19	10809.1651
2004-09-20	10805.2378
2004-09-21	10820.1364
2004-09-22	10805.4179
2004-09-23	10791.8074
2004-09-24	10776.5304
2004-09-25	10776.5304
2004-09-26	10776.5304
2004-09-27	10790.2491
2004-09-28	10803.6975
2004-09-29	10824.8474
2004-09-30	10809.1651
2004-10-01	10838.1967
2004-10-02	10838.1967
2004-10-03	10838.1967
2004-10-04	10851.9153
2004-10-05	10857.2118
2004-10-06	10864.3098
2004-10-07	10845.3668
2004-10-08	10823.1359
2004-10-09	10823.1359
2004-10-10	10823.1359
2004-10-11	10865.5709
2004-10-12	10868.4263
2004-10-13	10874.7047
2004-10-14	10860.7518
2004-10-15	10877.1187
2004-10-16	10877.1187
2004-10-17	10877.1187
2004-10-18	10879.2175
2004-10-19	10879.6499
2004-10-20	10860.5447
2004-10-21	10868.7596
2004-10-22	10852.5819
2004-10-23	10852.5819
2004-10-24	10852.5819
2004-10-25	10835.6475
2004-10-26	10858.572
2004-10-27	10905.3847
2004-10-28	10927.0931
2004-10-29	10926.985
2004-10-30	10926.985
2004-10-31	10926.985
2004-11-01	10940.028
2004-11-02	10944.1445
2004-11-03	10971.6629
2004-11-04	10993.7136
2004-11-05	10999.7577
2004-11-06	10999.7577
2004-11-07	10999.7577
2004-11-08	10973.6716
2004-11-09	10973.4734
2004-11-10	10980.2742
2004-11-11	10988.4891
2004-11-12	10997.749
2004-11-13	10997.749
2004-11-14	10997.749
2004-11-15	11032.6266
2004-11-16	11018.2774
2004-11-17	11019.1331
2004-11-18	11041.436
2004-11-19	11026.9608
2004-11-20	11026.9608
2004-11-21	11026.9608
2004-11-22	11010.0895
2004-11-23	11031.6537
2004-11-24	11058.6947
2004-11-25	11083.7899
2004-11-26	11091.1852
2004-11-27	11091.1852
2004-11-28	11091.1852
2004-11-29	11107.5791
2004-11-30	11124.2883
2004-12-01	11118.8387
2004-12-02	11149.2665
2004-12-03	11138.115
2004-12-04	11138.115
2004-12-05	11138.115
2004-12-06	11164.7866
2004-12-07	11144.8077
2004-12-08	11143.2764
2004-12-09	11140.7092
2004-12-10	11144.0871
2004-12-11	11144.0871
2004-12-12	11144.0871
2004-12-13	11154.4188
2004-12-14	11176.3704
2004-12-15	11179.5501
2004-12-16	11186.5311
2004-12-17	11172.3891
2004-12-18	11172.3891
2004-12-19	11172.3891
2004-12-20	11178.0098
2004-12-21	11186.8373
2004-12-22	11211.6173
2004-12-23	11216.3824
2004-12-24	11298.2798
2004-12-25	11298.2798
2004-12-26	11298.2798
2004-12-27	11286.2276
2004-12-28	11291.9835
2004-12-29	11287.4526
2004-12-30	11292.4969
2004-12-31	11291.9745
2005-01-01	11285.4529
2005-01-02	11285.4529
2005-01-03	11283.129
2005-01-04	11282.9668
2005-01-05	11263.8166
2005-01-06	11267.4737
2005-01-07	11298.3158
2005-01-08	11298.3158
2005-01-09	11298.3158
2005-01-10	11313.7549
2005-01-11	11312.5749
2005-01-12	11319.9702
2005-01-13	11311.4129
2005-01-14	11322.9788
2005-01-15	11322.9788
2005-01-16	11322.9788
2005-01-17	11352.3797
2005-01-18	11343.8314
2005-01-19	11317.1508
2005-01-20	11300.91
2005-01-21	11284.0027
2005-01-22	11284.0027
2005-01-23	11284.0027
2005-01-24	11314.9439
2005-01-25	11325.8072
2005-01-26	11324.393
2005-01-27	11351.4969
2005-01-28	11338.3908
2005-01-29	11338.3908
2005-01-30	11338.3908
2005-01-31	11342.8046
2005-02-01	11366.1704
2005-02-02	11385.0324
2005-02-03	11386.6177
2005-02-04	11413.4965
2005-02-05	11413.4965
2005-02-06	11413.4965
2005-02-07	11432.962
2005-02-08	11431.1875
2005-02-09	11419.4956
2005-02-10	11407.2722
2005-02-11	11406.4435
2005-02-12	11406.4435
2005-02-13	11406.4435
2005-02-14	11401.6785
2005-02-15	11400.6967
2005-02-16	11411.1635
2005-02-17	11413.7847
2005-02-18	11412.8299
2005-02-19	11412.8299
2005-02-20	11412.8299
2005-02-21	11409.4881
2005-02-22	11384.5009
2005-02-23	11375.4753
2005-02-24	11364.8823
2005-02-25	11397.553
2005-02-26	11397.553
2005-02-27	11397.553
2005-02-28	11419.3515
2005-03-01	11436.8173
2005-03-02	11451.4907
2005-03-03	11461.309
2005-03-04	11475.9645
2005-03-05	11475.9645
2005-03-06	11475.9645
2005-03-07	11502.3388
2005-03-08	11499.8978
2005-03-09	11493.3402
2005-03-10	11466.0561
2005-03-11	11457.3187
2005-03-12	11457.3187
2005-03-13	11457.3187
2005-03-14	11483.1886
2005-03-15	11441.3391
2005-03-16	11440.033
2005-03-17	11435.0248
2005-03-18	11442.357
2005-03-19	11442.357
2005-03-20	11442.357
2005-03-21	11476.532
2005-03-22	11448.6623
2005-03-23	11409.2899
2005-03-24	11397.3278
2005-03-25	11399.3815
2005-03-26	11399.3815
2005-03-27	11399.3815
2005-03-28	11399.2734
2005-03-29	11367.3864
2005-03-30	11380.0151
2005-03-31	11403.6692
2005-04-01	11403.3989
2005-04-02	11403.3989
2005-04-03	11403.3989
2005-04-04	11427.8547
2005-04-05	11444.798
2005-04-06	11458.7329
2005-04-07	11466.4524
2005-04-08	11473.6765
2005-04-09	11473.6765
2005-04-10	11473.6765
2005-04-11	11442.8164
2005-04-12	11449.2028
2005-04-13	11444.5909
2005-04-14	11416.1898
2005-04-15	11361.2792
2005-04-16	11361.2792
2005-04-17	11361.2792
2005-04-18	11333.923
2005-04-19	11381.3392
2005-04-20	11338.9403
2005-04-21	11348.3443
2005-04-22	11348.3533
2005-04-23	11348.3533
2005-04-24	11348.3533
2005-04-25	11355.2621
2005-04-26	11359.0363
2005-04-27	11351.56
2005-04-28	11336.0038
2005-04-29	11325.9963
2005-04-30	11325.9963
2005-05-01	11325.9963
2005-05-02	11364.9273
2005-05-03	11355.8026
2005-05-04	11340.4896
2005-05-05	11345.1105
2005-05-06	11379.1414
2005-05-07	11379.1414
2005-05-08	11379.1414
2005-05-09	11371.8092
2005-05-10	11354.3884
2005-05-11	11373.3495
2005-05-12	11389.8785
2005-05-13	11380.3754
2005-05-14	11380.3754
2005-05-15	11380.3754
2005-05-16	11384.2307
2005-05-17	11383.2218
2005-05-18	11412.0012
2005-05-19	11463.4258
2005-05-20	11455.7243
2005-05-21	11455.7243
2005-05-22	11455.7243
2005-05-23	11496.8892
2005-05-24	11517.877
2005-05-25	11512.7336
2005-05-26	11524.1733
2005-05-27	11537.4146
2005-05-28	11537.4146
2005-05-29	11537.4146
2005-05-30	11559.5013
2005-05-31	11543.9721
2005-06-01	11599.6033
2005-06-02	11619.6183
2005-06-03	11622.2125
2005-06-04	11622.2125
2005-06-05	11622.2125
2005-06-06	11635.2375
2005-06-07	11647.9293
2005-06-08	11665.6473
2005-06-09	11647.9833
2005-06-10	11659.351
2005-06-11	11659.351
2005-06-12	11659.351
2005-06-13	11659.351
2005-06-14	11649.0732
2005-06-15	11649.4065
2005-06-16	11656.7387
2005-06-17	11696.5885
2005-06-18	11696.5885
2005-06-19	11696.5885
2005-06-20	11694.3276
2005-06-21	11701.0113
2005-06-22	11699.4169
2005-06-23	11710.2982
2005-06-24	11692.5621
2005-06-25	11692.5621
2005-06-26	11692.5621
2005-06-27	11707.0284
2005-06-28	11750.0939
2005-06-29	11743.176
2005-06-30	11790.9976
2005-07-01	11767.5057
2005-07-02	11767.5057
2005-07-03	11767.5057
2005-07-04	11785.6741
2005-07-05	11830.0367
2005-07-06	11819.1374
2005-07-07	11777.2339
2005-07-08	11799.4918
2005-07-09	11799.4918
2005-07-10	11799.4918
2005-07-11	11796.6454
2005-07-12	11782.8187
2005-07-13	11798.3478
2005-07-14	11811.8413
2005-07-15	11818.8582
2005-07-16	11818.8582
2005-07-17	11818.8582
2005-07-18	11808.5895
2005-07-19	11804.509
2005-07-20	11816.6784
2005-07-21	11822.146
2005-07-22	11834.5405
2005-07-23	11834.5405
2005-07-24	11834.5405
2005-07-25	11883.1187
2005-07-26	11895.7834
2005-07-27	11938.939
2005-07-28	11934.9306
2005-07-29	11961.287
2005-07-30	11961.287
2005-07-31	11961.287
2005-08-01	11936.6421
2005-08-02	11952.2793
2005-08-03	11931.3546
2005-08-04	11928.9045
2005-08-05	11918.4737
2005-08-06	11918.4737
2005-08-07	11918.4737
2005-08-08	11943.7671
2005-08-09	11972.5916
2005-08-10	11993.8586
2005-08-11	12001.0377
2005-08-12	12014.9094
2005-08-13	12014.9094
2005-08-14	12014.9094
2005-08-15	12042.5539
2005-08-16	12042.725
2005-08-17	12058.5875
2005-08-18	12063.7759
2005-08-19	12091.3663
2005-08-20	12091.3663
2005-08-21	12091.3663
2005-08-22	12089.9431
2005-08-23	12068.5589
2005-08-24	12046.9406
2005-08-25	12025.3673
2005-08-26	12045.5174
2005-08-27	12045.5174
2005-08-28	12045.5174
2005-08-29	12029.0785
2005-08-30	12047.5531
2005-08-31	12074.9724
2005-09-01	12113.426
2005-09-02	12107.0756
2005-09-03	12107.0756
2005-09-04	12107.0756
2005-09-05	12109.922
2005-09-06	12124.6585
2005-09-07	12133.5671
2005-09-08	12098.9417
2005-09-09	12106.9495
2005-09-10	12106.9495
2005-09-11	12106.9495
2005-09-12	12130.6035
2005-09-13	12125.1629
2005-09-14	12145.6013
2005-09-15	12144.151
2005-09-16	12172.1738
2005-09-17	12172.1738
2005-09-18	12172.1738
2005-09-19	12157.6625
2005-09-20	12176.1191
2005-09-21	12141.1785
2005-09-22	12169.7147
2005-09-23	12173.4439
2005-09-24	12173.4439
2005-09-25	12173.4439
2005-09-26	12212.2848
2005-09-27	12204.295
2005-09-28	12200.6109
2005-09-29	12242.5775
2005-09-30	12250.3871
2005-10-01	12221.7518
2005-10-02	12221.7518
2005-10-03	12207.6819
2005-10-04	12217.6353
2005-10-05	12164.6614
2005-10-06	12106.6342
2005-10-07	12104.2832
2005-10-08	12104.2832
2005-10-09	12104.2832
2005-10-10	12123.5866
2005-10-11	12118.7675
2005-10-12	12117.9208
2005-10-13	12088.9973
2005-10-14	12088.6009
2005-10-15	12088.6009
2005-10-16	12088.6009
2005-10-17	12095.0864
2005-10-18	12095.717
2005-10-19	12064.0911
2005-10-20	12046.0579
2005-10-21	12040.32
2005-10-22	12040.32
2005-10-23	12040.32
2005-10-24	12063.4516
2005-10-25	12068.2256
2005-10-26	12088.9522
2005-10-27	12066.1449
2005-10-28	12075.8011
2005-10-29	12075.8011
2005-10-30	12075.8011
2005-10-31	12110.5165
2005-11-01	12131.162
2005-11-02	12146.6461
2005-11-03	12192.6121
2005-11-04	12189.0181
2005-11-05	12189.0181
2005-11-06	12189.0181
2005-11-07	12213.8701
2005-11-08	12235.3353
2005-11-09	12218.446
2005-11-10	12247.8379
2005-11-11	12281.4184
2005-11-12	12281.4184
2005-11-13	12281.4184
2005-11-14	12329.5192
2005-11-15	12293.5427
2005-11-16	12315.6655
2005-11-17	12353.4165
2005-11-18	12389.0777
2005-11-19	12389.0777
2005-11-20	12389.0777
2005-11-21	12398.3826
2005-11-22	12387.5914
2005-11-23	12400.9768
2005-11-24	12407.2551
2005-11-25	12412.3264
2005-11-26	12412.3264
2005-11-27	12412.3264
2005-11-28	12421.0548
2005-11-29	12415.0467
2005-11-30	12399.1482
2005-12-01	12383.6551
2005-12-02	12411.84
2005-12-03	12411.84
2005-12-04	12411.84
2005-12-05	12399.1663
2005-12-06	12396.6081
2005-12-07	12400.1121
2005-12-08	12393.6716
2005-12-09	12413.2272
2005-12-10	12413.2272
2005-12-11	12413.2272
2005-12-12	12414.5783
2005-12-13	12407.1921
2005-12-14	12456.0495
2005-12-15	12468.0206
2005-12-16	12498.4394
2005-12-17	12498.4394
2005-12-18	12498.4394
2005-12-19	12484.0993
2005-12-20	12502.9883
2005-12-21	12536.2715
2005-12-22	12549.783
2005-12-23	12579.0848
2005-12-24	12579.0848
2005-12-25	12579.0848
2005-12-26	12601.712
2005-12-27	12599.1808
2005-12-28	12621.6909
2005-12-29	12624.087
2005-12-30	12607.1346
2005-12-31	12630.5094
2006-01-01	12607.1346
2006-01-02	12607.1346
2006-01-03	12649.5966
2006-01-04	12695.7968
2006-01-05	12694.5988
2006-01-06	12694.6708
2006-01-07	12694.6708
2006-01-08	12694.6708
2006-01-09	12697.1659
2006-01-10	12687.798
2006-01-11	12698.8864
2006-01-12	12698.3189
2006-01-13	12699.2107
2006-01-14	12699.2107
2006-01-15	12699.2107
2006-01-16	12740.7269
2006-01-17	12739.1866
2006-01-18	12701.0302
2006-01-19	12744.5821
2006-01-20	12717.5592
2006-01-21	12717.5592
2006-01-22	12717.5592
2006-01-23	12715.7397
2006-01-24	12725.6481
2006-01-25	12732.4398
2006-01-26	12753.0853
2006-01-27	12789.0528
2006-01-28	12789.0528
2006-01-29	12789.0528
2006-01-30	12767.8579
2006-01-31	12755.6075
2006-02-01	12782.6124
2006-02-02	12727.6298
2006-02-03	12716.3432
2006-02-04	12716.3432
2006-02-05	12716.3432
2006-02-06	12792.1965
2006-02-07	12774.7487
2006-02-08	12746.762
2006-02-09	12782.8196
2006-02-10	12783.7924
2006-02-11	12783.7924
2006-02-12	12783.7924
2006-02-13	12737.322
2006-02-14	12769.7585
2006-02-15	12765.4528
2006-02-16	12770.8844
2006-02-17	12761.2463
2006-02-18	12761.2463
2006-02-19	12761.2463
2006-02-20	12780.946
2006-02-21	12807.7257
2006-02-22	12818.1025
2006-02-23	12851.1515
2006-02-24	12839.7118
2006-02-25	12839.7118
2006-02-26	12839.7118
2006-02-27	12860.2492
2006-02-28	12838.1805
2006-03-01	12819.6158
2006-03-02	12843.0897
2006-03-03	12832.0913
2006-03-04	12832.0913
2006-03-05	12832.0913
2006-03-06	12835.0729
2006-03-07	12820.4625
2006-03-08	12851.4397
2006-03-09	12860.8707
2006-03-10	12871.6078
2006-03-11	12871.6078
2006-03-12	12871.6078
2006-03-13	12902.1798
2006-03-14	12890.713
2006-03-15	12919.9428
2006-03-16	12943.1195
2006-03-17	12983.2755
2006-03-18	12983.2755
2006-03-19	12983.2755
2006-03-20	13045.5813
2006-03-21	13032.1149
2006-03-22	13038.6004
2006-03-23	13048.6169
2006-03-24	13068.2716
2006-03-25	13068.2716
2006-03-26	13068.2716
2006-03-27	13123.3713
2006-03-28	13114.706
2006-03-29	13105.9145
2006-03-30	13119.0116
2006-03-31	13123.2272
2006-04-01	13103.8067
2006-04-02	13103.8067
2006-04-03	13166.8872
2006-04-04	13151.9075
2006-04-05	13169.3643
2006-04-06	13173.9762
2006-04-07	13155.6817
2006-04-08	13155.6817
2006-04-09	13155.6817
2006-04-10	13121.5788
2006-04-11	13113.7151
2006-04-12	13088.9892
2006-04-13	13089.0162
2006-04-14	13089.0162
2006-04-15	13089.0162
2006-04-16	13089.0162
2006-04-17	13082.5217
2006-04-18	13131.7664
2006-04-19	13157.159
2006-04-20	13165.509
2006-04-21	13141.2695
2006-04-22	13141.2695
2006-04-23	13141.2695
2006-04-24	13178.2909
2006-04-25	13174.2464
2006-04-26	13188.3614
2006-04-27	13171.8774
2006-04-28	13150.5473
2006-04-29	13150.5473
2006-04-30	13150.5473
2006-05-01	13178.3359
2006-05-02	13164.8245
2006-05-03	13129.3073
2006-05-04	13096.7447
2006-05-05	13160.744
2006-05-06	13160.744
2006-05-07	13160.744
2006-05-08	13194.5587
2006-05-09	13192.0455
2006-05-10	13185.2087
2006-05-11	13173.2916
2006-05-12	13134.7119
2006-05-13	13134.7119
2006-05-14	13134.7119
2006-05-15	13118.5432
2006-05-16	13104.6715
2006-05-17	13082.0623
2006-05-18	12998.1111
2006-05-19	13010.0552
2006-05-20	13010.0552
2006-05-21	13010.0552
2006-05-22	12966.5573
2006-05-23	12976.9972
2006-05-24	12970.1154
2006-05-25	12943.8851
2006-05-26	13005.9387
2006-05-27	13005.9387
2006-05-28	13005.9387
2006-05-29	13045.7345
2006-05-30	13010.3074
2006-05-31	12989.0314
2006-06-01	13045.4913
2006-06-02	13072.7124
2006-06-03	13072.7124
2006-06-04	13072.7124
2006-06-05	13111.3911
2006-06-06	13044.4464
2006-06-07	13029.7729
2006-06-08	12919.5014
2006-06-09	12958.2613
2006-06-10	12958.2613
2006-06-11	12958.2613
2006-06-12	12940.3631
2006-06-13	12855.7994
2006-06-14	12882.3269
2006-06-15	12917.745
2006-06-16	12969.8001
2006-06-17	12969.8001
2006-06-18	12969.8001
2006-06-19	12888.5062
2006-06-20	12870.0315
2006-06-21	12914.7454
2006-06-22	12966.6744
2006-06-23	12939.2102
2006-06-24	12939.2102
2006-06-25	12939.2102
2006-06-26	12981.7532
2006-06-27	12986.7435
2006-06-28	12970.2775
2006-06-29	13017.7568
2006-06-30	13116.0211
2006-07-01	13100.8342
2006-07-02	13100.8342
2006-07-03	13125.8214
2006-07-04	13127.0284
2006-07-05	13073.8473
2006-07-06	13079.4771
2006-07-07	13078.7655
2006-07-08	13078.7655
2006-07-09	13078.7655
2006-07-10	13108.9951
2006-07-11	13071.5233
2006-07-12	13063.8308
2006-07-13	12998.1381
2006-07-14	12921.0868
2006-07-15	12921.0868
2006-07-16	12921.0868
2006-07-17	12910.5749
2006-07-18	12883.8042
2006-07-19	12907.3952
2006-07-20	12996.9131
2006-07-21	12972.052
2006-07-22	12972.052
2006-07-23	12972.052
2006-07-24	13005.5244
2006-07-25	13048.0404
2006-07-26	12997.5166
2006-07-27	13061.2727
2006-07-28	13050.5446
2006-07-29	13050.5446
2006-07-30	13050.5446
2006-07-31	13076.2524
2006-08-01	13061.7681
2006-08-02	13061.7411
2006-08-03	13108.4997
2006-08-04	13084.062
2006-08-05	13084.062
2006-08-06	13084.062
2006-08-07	13087.7911
2006-08-08	13127.3887
2006-08-09	13092.5021
2006-08-10	13064.2992
2006-08-11	13058.8316
2006-08-12	13058.8316
2006-08-13	13058.8316
2006-08-14	13090.8537
2006-08-15	13089.7368
2006-08-16	13130.028
2006-08-17	13212.0065
2006-08-18	13218.9513
2006-08-19	13218.9513
2006-08-20	13218.9513
2006-08-21	13220.5097
2006-08-22	13228.1391
2006-08-23	13222.6084
2006-08-24	13173.0755
2006-08-25	13203.0619
2006-08-26	13203.0619
2006-08-27	13203.0619
2006-08-28	13217.6182
2006-08-29	13234.4535
2006-08-30	13252.0004
2006-08-31	13281.032
2006-09-01	13284.0495
2006-09-02	13284.0495
2006-09-03	13284.0495
2006-09-04	13316.8013
2006-09-05	13318.1795
2006-09-06	13282.8515
2006-09-07	13275.8976
2006-09-08	13284.9593
2006-09-09	13284.9593
2006-09-10	13284.9593
2006-09-11	13247.0732
2006-09-12	13240.5427
2006-09-13	13272.4837
2006-09-14	13301.4073
2006-09-15	13278.0595
2006-09-16	13278.0595
2006-09-17	13278.0595
2006-09-18	13305.3436
2006-09-19	13299.2274
2006-09-20	13293.6157
2006-09-21	13284.7071
2006-09-22	13297.4529
2006-09-23	13297.4529
2006-09-24	13297.4529
2006-09-25	13309.9105
2006-09-26	13329.3309
2006-09-27	13397.9781
2006-09-28	13419.7136
2006-09-29	13442.7281
2006-09-30	13459.2121
2006-10-01	13442.7281
2006-10-02	13459.8876
2006-10-03	13480.8574
2006-10-04	13468.0035
2006-10-05	13526.9045
2006-10-06	13522.7519
2006-10-07	13522.7519
2006-10-08	13522.7519
2006-10-09	13496.4677
2006-10-10	13522.4457
2006-10-11	13541.0915
2006-10-12	13506.34
2006-10-13	13524.3823
2006-10-14	13524.3823
2006-10-15	13524.3823
2006-10-16	13557.7106
2006-10-17	13535.1555
2006-10-18	13556.4855
2006-10-19	13542.5778
2006-10-20	13571.8075
2006-10-21	13571.8075
2006-10-22	13571.8075
2006-10-23	13585.9856
2006-10-24	13575.0413
2006-10-25	13600.5149
2006-10-26	13636.9057
2006-10-27	13609.8558
2006-10-28	13609.8558
2006-10-29	13609.8558
2006-10-30	13645.4089
2006-10-31	13635.0412
2006-11-01	13647.4086
2006-11-02	13650.8946
2006-11-03	13663.199
2006-11-04	13663.199
2006-11-05	13663.199
2006-11-06	13647.6789
2006-11-07	13685.0966
2006-11-08	13686.1685
2006-11-09	13681.6196
2006-11-10	13693.9151
2006-11-11	13693.9151
2006-11-12	13693.9151
2006-11-13	13724.6581
2006-11-14	13730.5041
2006-11-15	13742.9166
2006-11-16	13721.5415
2006-11-17	13723.9736
2006-11-18	13723.9736
2006-11-19	13723.9736
2006-11-20	13684.5111
2006-11-21	13710.9035
2006-11-22	13773.4075
2006-11-23	13792.2875
2006-11-24	13773.2003
2006-11-25	13773.2003
2006-11-26	13773.2003
2006-11-27	13751.1496
2006-11-28	13712.4078
2006-11-29	13770.0566
2006-11-30	13773.2633
2006-12-01	13751.2577
2006-12-02	13751.2577
2006-12-03	13751.2577
2006-12-04	13773.3714
2006-12-05	13789.351
2006-12-06	13811.0234
2006-12-07	13782.5953
2006-12-08	13768.9217
2006-12-09	13768.9217
2006-12-10	13768.9217
2006-12-11	13779.2174
2006-12-12	13784.1626
2006-12-13	13804.3217
2006-12-14	13848.7474
2006-12-15	13847.7025
2006-12-16	13847.7025
2006-12-17	13847.7025
2006-12-18	13863.8351
2006-12-19	13850.648
2006-12-20	13874.6263
2006-12-21	13862.7993
2006-12-22	13871.1223
2006-12-23	13871.1223
2006-12-24	13871.1223
2006-12-25	13878.0402
2006-12-26	13888.0567
2006-12-27	13921.2498
2006-12-28	13913.8546
2006-12-29	13923.5468
2006-12-30	13923.5468
2006-12-31	13939.3191
2007-01-01	13925.1862
2007-01-02	13919.9077
2007-01-03	13913.2871
2007-01-04	13896.2716
2007-01-05	13884.6788
2007-01-06	13884.6788
2007-01-07	13884.6788
2007-01-08	13845.8469
2007-01-09	13891.8849
2007-01-10	13850.9002
2007-01-11	13878.9229
2007-01-12	13928.3028
2007-01-13	13928.3028
2007-01-14	13928.3028
2007-01-15	13954.0917
2007-01-16	13955.1816
2007-01-17	13943.0843
2007-01-18	13943.9941
2007-01-19	13950.4616
2007-01-20	13950.4616
2007-01-21	13950.4616
2007-01-22	13985.0149
2007-01-23	13993.9144
2007-01-24	14073.0195
2007-01-25	14077.0369
2007-01-26	14064.6784
2007-01-27	14064.6784
2007-01-28	14064.6784
2007-01-29	14054.9412
2007-01-30	14091.6833
2007-01-31	14066.2728
2007-02-01	14121.5617
2007-02-02	14123.5884
2007-02-03	14123.5884
2007-02-04	14123.5884
2007-02-05	14129.6415
2007-02-06	14168.2933
2007-02-07	14195.2081
2007-02-08	14186.0473
2007-02-09	14211.7461
2007-02-10	14211.7461
2007-02-11	14211.7461
2007-02-12	14213.6287
2007-02-13	14219.1324
2007-02-14	14247.8217
2007-02-15	14278.4027
2007-02-16	14255.235
2007-02-17	14255.235
2007-02-18	14255.235
2007-02-19	14301.3091
2007-02-20	14304.1645
2007-02-21	14266.954
2007-02-22	14309.0376
2007-02-23	14306.8308
2007-02-24	14306.8308
2007-02-25	14306.8308
2007-02-26	14331.908
2007-02-27	14269.6202
2007-02-28	14179.6339
2007-03-01	14167.0863
2007-03-02	14134.956
2007-03-03	14134.956
2007-03-04	14134.956
2007-03-05	14069.8398
2007-03-06	14154.8899
2007-03-07	14180.967
2007-03-08	14201.2162
2007-03-09	14205.9182
2007-03-10	14205.9182
2007-03-11	14205.9182
2007-03-12	14222.2941
2007-03-13	14185.4258
2007-03-14	14102.7357
2007-03-15	14164.6452
2007-03-16	14119.4539
2007-03-17	14119.4539
2007-03-18	14119.4539
2007-03-19	14178.607
2007-03-20	14192.1005
2007-03-21	14197.0277
2007-03-22	14272.3315
2007-03-23	14273.0161
2007-03-24	14273.0161
2007-03-25	14273.0161
2007-03-26	14278.781
2007-03-27	14269.1068
2007-03-28	14241.3002
2007-03-29	14264.9633
2007-03-30	14273.2503
2007-03-31	14326.6476
2007-04-01	14273.2503
2007-04-02	14231.0675
2007-04-03	14312.6407
2007-04-04	14360.5703
2007-04-05	14354.5893
2007-04-06	14361.5071
2007-04-07	14361.5071
2007-04-08	14361.5071
2007-04-09	14361.9755
2007-04-10	14405.032
2007-04-11	14399.8436
2007-04-12	14392.9798
2007-04-13	14372.7757
2007-04-14	14372.7757
2007-04-15	14372.7757
2007-04-16	14462.2936
2007-04-17	14455.7991
2007-04-18	14481.2907
2007-04-19	14452.5924
2007-04-20	14479.5432
2007-04-21	14479.5432
2007-04-22	14479.5432
2007-04-23	14488.1725
2007-04-24	14504.9177
2007-04-25	14508.4757
2007-04-26	14518.9606
2007-04-27	14487.6681
2007-04-28	14487.6681
2007-04-29	14487.6681
2007-04-30	14494.577
2007-05-01	14496.8649
2007-05-02	14564.0799
2007-05-03	14581.0773
2007-05-04	14627.881
2007-05-05	14627.881
2007-05-06	14627.881
2007-05-07	14630.1959
2007-05-08	14586.4278
2007-05-09	14620.7469
2007-05-10	14586.0225
2007-05-11	14573.2677
2007-05-12	14573.2677
2007-05-13	14573.2677
2007-05-14	14620.1344
2007-05-15	14593.5799
2007-05-16	14629.7996
2007-05-17	14657.6062
2007-05-18	14643.5813
2007-05-19	14643.5813
2007-05-20	14643.5813
2007-05-21	14673.7208
2007-05-22	14668.4964
2007-05-23	14668.7666
2007-05-24	14619.8011
2007-05-25	14619.9633
2007-05-26	14619.9633
2007-05-27	14619.9633
2007-05-28	14609.9648
2007-05-29	14645.9683
2007-05-30	14610.2981
2007-05-31	14659.4888
2007-06-01	14670.316
2007-06-02	14670.316
2007-06-03	14670.316
2007-06-04	14700.5276
2007-06-05	14675.126
2007-06-06	14615.5405
2007-06-07	14557.8376
2007-06-08	14490.7487
2007-06-09	14490.7487
2007-06-10	14490.7487
2007-06-11	14504.9087
2007-06-12	14508.9892
2007-06-13	14489.0102
2007-06-14	14569.6916
2007-06-15	14584.4011
2007-06-16	14584.4011
2007-06-17	14584.4011
2007-06-18	14619.5759
2007-06-19	14629.9798
2007-06-20	14648.2112
2007-06-21	14623.7014
2007-06-22	14604.3981
2007-06-23	14604.3981
2007-06-24	14604.3981
2007-06-25	14598.1197
2007-06-26	14581.7258
2007-06-27	14581.9691
2007-06-28	14581.9691
2007-06-29	14581.9691
2007-06-30	14646.4187
2007-07-01	14581.9691
2007-07-02	14599.0926
2007-07-03	14650.31
2007-07-04	14639.9602
2007-07-05	14659.5158
2007-07-06	14656.3541
2007-07-07	14656.3541
2007-07-08	14656.3541
2007-07-09	14669.7034
2007-07-10	14628.7187
2007-07-11	14633.5738
2007-07-12	14666.875
2007-07-13	14679.1705
2007-07-14	14679.1705
2007-07-15	14679.1705
2007-07-16	14683.8364
2007-07-17	14678.7471
2007-07-18	14637.4741
2007-07-19	14673.937
2007-07-20	14686.917
2007-07-21	14686.917
2007-07-22	14686.917
2007-07-23	14668.4964
2007-07-24	14648.2292
2007-07-25	14641.9869
2007-07-26	14541.5968
2007-07-27	14429.6679
2007-07-28	14429.6679
2007-07-29	14429.6679
2007-07-30	14491.3702
2007-07-31	14485.5063
2007-08-01	14398.9429
2007-08-02	14431.0821
2007-08-03	14406.2481
2007-08-04	14406.2481
2007-08-05	14406.2481
2007-08-06	14470.3284
2007-08-07	14547.1185
2007-08-08	14655.1471
2007-08-09	14693.907
2007-08-10	14529.959
2007-08-11	14529.959
2007-08-12	14529.959
2007-08-13	14561.1614
2007-08-14	14505.3951
2007-08-15	14406.0769
2007-08-16	14333.7546
2007-08-17	14411.0401
2007-08-18	14411.0401
2007-08-19	14411.0401
2007-08-20	14573.5739
2007-08-21	14638.6271
2007-08-22	14683.386
2007-08-23	14747.8087
2007-08-24	14710.1297
2007-08-25	14710.1297
2007-08-26	14710.1297
2007-08-27	14708.7335
2007-08-28	14725.9111
2007-08-29	14688.025
2007-08-30	14733.5766
2007-08-31	14824.9231
2007-09-01	14824.9231
2007-09-02	14824.9231
2007-09-03	14788.8835
2007-09-04	14826.3463
2007-09-05	14785.7488
2007-09-06	14785.902
2007-09-07	14769.5981
2007-09-08	14769.5981
2007-09-09	14769.5981
2007-09-10	14756.8343
2007-09-11	14785.6768
2007-09-12	14759.3114
2007-09-13	14798.4586
2007-09-14	14831.2915
2007-09-15	14831.2915
2007-09-16	14831.2915
2007-09-17	14841.8844
2007-09-18	14775.7323
2007-09-19	14909.2616
2007-09-20	14911.1352
2007-09-21	14875.8072
2007-09-22	14875.8072
2007-09-23	14875.8072
2007-09-24	14893.5252
2007-09-25	14904.0461
2007-09-26	14914.0897
2007-09-27	14944.5265
2007-09-28	14946.8684
2007-09-29	14946.8684
2007-09-30	14967.0906
2007-10-01	14957.4524
2007-10-02	15030.9367
2007-10-03	15033.4048
2007-10-04	14970.8558
2007-10-05	14983.2053
2007-10-06	14983.2053
2007-10-07	14983.2053
2007-10-08	15005.7334
2007-10-09	15024.7395
2007-10-10	15076.7766
2007-10-11	15101.7278
2007-10-12	15083.3702
2007-10-13	15083.3702
2007-10-14	15083.3702
2007-10-15	15057.7705
2007-10-16	15022.0912
2007-10-17	15026.478
2007-10-18	15059.7341
2007-10-19	15004.8596
2007-10-20	15004.8596
2007-10-21	15004.8596
2007-10-22	14932.2941
2007-10-23	14980.1337
2007-10-24	14959.344
2007-10-25	14967.613
2007-10-26	15004.6344
2007-10-27	15004.6344
2007-10-28	15004.6344
2007-10-29	15052.3028
2007-10-30	15021.1094
2007-10-31	15016.5515
2007-11-01	15046.619
2007-11-02	14940.401
2007-11-03	14940.401
2007-11-04	14940.401
2007-11-05	14935.0684
2007-11-06	14977.3953
2007-11-07	14971.7836
2007-11-08	14877.1493
2007-11-09	14879.8066
2007-11-10	14879.8066
2007-11-11	14879.8066
2007-11-12	14888.8322
2007-11-13	14917.7017
2007-11-14	14979.6202
2007-11-15	14925.9167
2007-11-16	14888.7151
2007-11-17	14888.7151
2007-11-18	14888.7151
2007-11-19	14943.3645
2007-11-20	14898.2903
2007-11-21	14884.2113
2007-11-22	14865.9889
2007-11-23	14899.173
2007-11-24	14899.173
2007-11-25	14899.173
2007-11-26	14934.3208
2007-11-27	14896.5698
2007-11-28	14867.0248
2007-11-29	14944.1752
2007-11-30	14986.7723
2007-12-01	14986.7723
2007-12-02	14986.7723
2007-12-03	15037.0619
2007-12-04	15042.7007
2007-12-05	15061.6258
2007-12-06	15140.1363
2007-12-07	15184.4359
2007-12-08	15184.4359
2007-12-09	15184.4359
2007-12-10	15111.1047
2007-12-11	15126.5438
2007-12-12	15067.7329
2007-12-13	15014.3176
2007-12-14	14947.0126
2007-12-15	14947.0126
2007-12-16	14947.0126
2007-12-17	14708.1661
2007-12-18	14727.0821
2007-12-19	14746.4755
2007-12-20	14741.6835
2007-12-21	14808.0608
2007-12-22	14808.0608
2007-12-23	14808.0608
2007-12-24	14888.3278
2007-12-25	14908.3338
2007-12-26	14910.973
2007-12-27	14888.9674
2007-12-28	14880.3741
2007-12-29	14880.3741
2007-12-30	14880.3741
2007-12-31	14948.1746
2008-01-01	14903.5958
2008-01-02	14870.1684
2008-01-03	14832.4534
2008-01-04	14806.5114
2008-01-05	14806.5114
2008-01-06	14806.5114
2008-01-07	14794.7655
2008-01-08	14730.8113
2008-01-09	14702.7435
2008-01-10	14651.2108
2008-01-11	14559.9003
2008-01-12	14559.9003
2008-01-13	14559.9003
2008-01-14	14681.9088
2008-01-15	14620.9721
2008-01-16	14540.9122
2008-01-17	14502.4316
2008-01-18	14460.8073
2008-01-19	14460.8073
2008-01-20	14460.8073
2008-01-21	14399.9787
2008-01-22	14268.0979
2008-01-23	14294.2201
2008-01-24	14484.4253
2008-01-25	14671.4239
2008-01-26	14671.4239
2008-01-27	14671.4239
2008-01-28	14656.5973
2008-01-29	14431.1902
2008-01-30	14343.4918
2008-01-31	14373.154
2008-02-01	14512.8354
2008-02-02	14512.8354
2008-02-03	14512.8354
2008-02-04	14551.3161
2008-02-05	14438.009
2008-02-06	14289.1127
2008-02-07	14267.2062
2008-02-08	14317.8921
2008-02-09	14317.8921
2008-02-10	14317.8921
2008-02-11	14265.6478
2008-02-12	14377.0183
2008-02-13	14365.7047
2008-02-14	14412.9768
2008-02-15	14336.556
2008-02-16	14336.556
2008-02-17	14336.556
2008-02-18	14292.3735
2008-02-19	14329.8092
2008-02-20	14234.4454
2008-02-21	14264.8281
2008-02-22	14223.3029
2008-02-23	14223.3029
2008-02-24	14223.3029
2008-02-25	14314.2801
2008-02-26	14367.9386
2008-02-27	14423.7049
2008-02-28	14319.9819
2008-02-29	14265.3686
2008-03-01	14265.3686
2008-03-02	14265.3686
2008-03-03	14135.5685
2008-03-04	14154.98
2008-03-05	14165.1857
2008-03-06	14198.0275
2008-03-07	14022.4056
2008-03-08	14022.4056
2008-03-09	14022.4056
2008-03-10	13998.5444
2008-03-11	14040.2768
2008-03-12	14137.6763
2008-03-13	14018.2621
2008-03-14	14069.1192
2008-03-15	14069.1192
2008-03-16	14069.1192
2008-03-17	13957.5596
2008-03-18	14017.5054
2008-03-19	14174.3735
2008-03-20	14148.1162
2008-03-21	14148.0982
2008-03-22	14148.0982
2008-03-23	14148.0982
2008-03-24	14147.6478
2008-03-25	14241.9217
2008-03-26	14310.1726
2008-03-27	14281.9517
2008-03-28	14250.3529
2008-03-29	14250.3529
2008-03-30	14250.3529
2008-03-31	14277.1056
2008-04-01	14359.9488
2008-04-02	14436.0183
2008-04-03	14496.7478
2008-04-04	14485.2
2008-04-05	14485.2
2008-04-06	14485.2
2008-04-07	14449.1695
2008-04-08	14400.9606
2008-04-09	14338.2404
2008-04-10	14268.8996
2008-04-11	14233.1663
2008-04-12	14233.1663
2008-04-13	14233.1663
2008-04-14	14285.5547
2008-04-15	14345.6267
2008-04-16	14399.8076
2008-04-17	14417.6878
2008-04-18	14404.96
2008-04-19	14404.96
2008-04-20	14404.96
2008-04-21	14440.4771
2008-04-22	14399.114
2008-04-23	14419.201
2008-04-24	14395.4119
2008-04-25	14439.3421
2008-04-26	14439.3421
2008-04-27	14439.3421
2008-04-28	14477.4444
2008-04-29	14511.6464
2008-04-30	14498.5403
2008-05-01	14541.4977
2008-05-02	14635.3753
2008-05-03	14635.3753
2008-05-04	14635.3753
2008-05-05	14558.5762
2008-05-06	14528.7699
2008-05-07	14490.1452
2008-05-08	14545.8935
2008-05-09	14564.4762
2008-05-10	14564.4762
2008-05-11	14564.4762
2008-05-12	14672.1535
2008-05-13	14667.8839
2008-05-14	14726.1363
2008-05-15	14746.2954
2008-05-16	14717.1467
2008-05-17	14717.1467
2008-05-18	14717.1467
2008-05-19	14748.6194
2008-05-20	14691.9973
2008-05-21	14610.3881
2008-05-22	14611.7573
2008-05-23	14519.0597
2008-05-24	14519.0597
2008-05-25	14519.0597
2008-05-26	14542.8759
2008-05-27	14525.329
2008-05-28	14478.5884
2008-05-29	14536.0391
2008-05-30	14525.302
2008-05-31	14525.302
2008-06-01	14525.302
2008-06-02	14488.6589
2008-06-03	14447.2058
2008-06-04	14419.8226
2008-06-05	14430.3255
2008-06-06	14407.5902
2008-06-07	14407.5902
2008-06-08	14407.5902
2008-06-09	14428.2717
2008-06-10	14253.1723
2008-06-11	14245.3626
2008-06-12	14204.9904
2008-06-13	14194.6226
2008-06-14	14194.6226
2008-06-15	14194.6226
2008-06-16	14212.9261
2008-06-17	14306.9659
2008-06-18	14312.4335
2008-06-19	14237.2648
2008-06-20	14137.6583
2008-06-21	14137.6583
2008-06-22	14137.6583
2008-06-23	14168.1762
2008-06-24	14183.6964
2008-06-25	14162.5374
2008-06-26	14169.6534
2008-06-27	14079.505
2008-06-28	14079.505
2008-06-29	14079.505
2008-06-30	14109.5635
2008-07-01	14011.1821
2008-07-02	13926.7805
2008-07-03	13902.3608
2008-07-04	13961.8382
2008-07-05	13961.8382
2008-07-06	13961.8382
2008-07-07	13993.338
2008-07-08	13902.0455
2008-07-09	13930.7169
2008-07-10	13835.7043
2008-07-11	13796.7463
2008-07-12	13796.7463
2008-07-13	13796.7463
2008-07-14	13820.9588
2008-07-15	13695.3473
2008-07-16	13766.4085
2008-07-17	13892.4344
2008-07-18	13994.0225
2008-07-19	13994.0225
2008-07-20	13994.0225
2008-07-21	13984.8708
2008-07-22	13998.5804
2008-07-23	14167.7348
2008-07-24	14240.7507
2008-07-25	14078.1268
2008-07-26	14078.1268
2008-07-27	14078.1268
2008-07-28	13948.552
2008-07-29	13891.939
2008-07-30	14061.4897
2008-07-31	14068.1013
2008-08-01	14066.471
2008-08-02	14066.471
2008-08-03	14066.471
2008-08-04	14010.4164
2008-08-05	14086.3238
2008-08-06	14247.2813
2008-08-07	14254.037
2008-08-08	14315.8384
2008-08-09	14315.8384
2008-08-10	14315.8384
2008-08-11	14330.4037
2008-08-12	14398.5736
2008-08-13	14265.3146
2008-08-14	14256.7933
2008-08-15	14294.085
2008-08-16	14294.085
2008-08-17	14294.085
2008-08-18	14280.7807
2008-08-19	14127.0203
2008-08-20	14177.1208
2008-08-21	14156.187
2008-08-22	14229.6533
2008-08-23	14229.6533
2008-08-24	14229.6533
2008-08-25	14317.5048
2008-08-26	14349.9413
2008-08-27	14356.1115
2008-08-28	14420.354
2008-08-29	14500.0356
2008-08-30	14500.0356
2008-08-31	14500.0356
2008-09-01	14439.3151
2008-09-02	14503.7197
2008-09-03	14480.7682
2008-09-04	14360.3361
2008-09-05	14349.6621
2008-09-06	14349.6621
2008-09-07	14349.6621
2008-09-08	14506.9174
2008-09-09	14424.7858
2008-09-10	14413.1839
2008-09-11	14361.0657
2008-09-12	14335.6552
2008-09-13	14335.6552
2008-09-14	14335.6552
2008-09-15	14235.8055
2008-09-16	14209.197
2008-09-17	14142.0721
2008-09-18	14046.3569
2008-09-19	14255.7034
2008-09-20	14255.7034
2008-09-21	14255.7034
2008-09-22	14223.5461
2008-09-23	14130.4432
2008-09-24	14175.8867
2008-09-25	14181.8948
2008-09-26	14153.764
2008-09-27	14153.764
2008-09-28	14153.764
2008-09-29	13990.2663
2008-09-30	13976.2505
2008-10-01	14127.2095
2008-10-02	14128.8849
2008-10-03	14075.956
2008-10-04	14075.956
2008-10-05	14075.956
2008-10-06	14039.8174
2008-10-07	14164.5011
2008-10-08	14146.0805
2008-10-09	13677.6203
2008-10-10	13454.5191
2008-10-11	13454.5191
2008-10-12	13454.5191
2008-10-13	13535.4527
2008-10-14	13579.7523
2008-10-15	13587.9132
2008-10-16	13388.6642
2008-10-17	13319.0082
2008-10-18	13319.0082
2008-10-19	13319.0082
2008-10-20	13448.7272
2008-10-21	13639.0405
2008-10-22	13218.6001
2008-10-23	13094.0334
2008-10-24	13010.2444
2008-10-25	13010.2444
2008-10-26	13010.2444
2008-10-27	12934.7784
2008-10-28	13123.9748
2008-10-29	12988.3468
2008-10-30	13113.8052
2008-10-31	13323.1607
2008-11-01	13323.1607
2008-11-02	13323.1607
2008-11-03	13349.436
2008-11-04	13287.4004
2008-11-05	13553.0987
2008-11-06	13419.5965
2008-11-07	13210.3761
2008-11-08	13210.3761
2008-11-09	13210.3761
2008-11-10	13334.3032
2008-11-11	13302.0918
2008-11-12	13362.3619
2008-11-13	13087.8632
2008-11-14	13110.9768
2008-11-15	13110.9768
2008-11-16	13110.9768
2008-11-17	12951.974
2008-11-18	12827.4524
2008-11-19	12778.5589
2008-11-20	12642.4085
2008-11-21	12664.4682
2008-11-22	12664.4682
2008-11-23	12664.4682
2008-11-24	12713.4788
2008-11-25	12982.0235
2008-11-26	12950.83
2008-11-27	12984.2934
2008-11-28	13177.7594
2008-11-29	13177.7594
2008-11-30	13177.7594
2008-12-01	12948.434
2008-12-02	12859.0062
2008-12-03	12805.2666
2008-12-04	12821.6965
2008-12-05	12799.0964
2008-12-06	12799.0964
2008-12-07	12799.0964
2008-12-08	12993.6793
2008-12-09	12918.3665
2008-12-10	12972.3042
2008-12-11	12876.7692
2008-12-12	12831.9832
2008-12-13	12831.9832
2008-12-14	12831.9832
2008-12-15	12926.7346
2008-12-16	12925.6447
2008-12-17	12923.0505
2008-12-18	12961.2699
2008-12-19	13019.0539
2008-12-20	13019.0539
2008-12-21	13019.0539
2008-12-22	12950.5688
2008-12-23	13014.532
2008-12-24	13030.5656
2008-12-25	13030.5656
2008-12-26	13030.5656
2008-12-27	13030.5656
2008-12-28	13030.5656
2008-12-29	13044.9688
2008-12-30	13082.9901
2008-12-31	13144.8455
2009-01-01	13092.6913
2009-01-02	13107.9773
2009-01-03	13107.9773
2009-01-04	13107.9773
2009-01-05	13135.7478
2009-01-06	13156.8257
2009-01-07	13219.6449
2009-01-08	13233.1384
2009-01-09	13261.7466
2009-01-10	13261.7466
2009-01-11	13261.7466
2009-01-12	13194.2434
2009-01-13	13196.2161
2009-01-14	13137.0899
2009-01-15	13013.0277
2009-01-16	12979.4833
2009-01-17	12979.4833
2009-01-18	12979.4833
2009-01-19	13025.1971
2009-01-20	12925.9509
2009-01-21	12907.4312
2009-01-22	12963.9722
2009-01-23	12815.166
2009-01-24	12815.166
2009-01-25	12815.166
2009-01-26	12839.0362
2009-01-27	12941.6602
2009-01-28	13007.0557
2009-01-29	13083.3053
2009-01-30	13122.1733
2009-01-31	13122.1733
2009-02-01	13122.1733
2009-02-02	13044.2392
2009-02-03	12935.7873
2009-02-04	12771.2357
2009-02-05	12688.5096
2009-02-06	12690.3111
2009-02-07	12690.3111
2009-02-08	12690.3111
2009-02-09	13011.7036
2009-02-10	13028.0615
2009-02-11	13058.0479
2009-02-12	13077.5314
2009-02-13	13048.2386
2009-02-14	13048.2386
2009-02-15	13048.2386
2009-02-16	12946.7766
2009-02-17	12866.1942
2009-02-18	12774.3344
2009-02-19	12763.6873
2009-02-20	12683.1591
2009-02-21	12683.1591
2009-02-22	12683.1591
2009-02-23	12664.8375
2009-02-24	12637.2471
2009-02-25	12610.4764
2009-02-26	12647.1555
2009-02-27	12647.4618
2009-02-28	12647.4618
2009-03-01	12647.4618
2009-03-02	12455.6441
2009-03-03	12389.8704
2009-03-04	12304.1537
2009-03-05	12263.9436
2009-03-06	12192.5761
2009-03-07	12192.5761
2009-03-08	12192.5761
2009-03-09	12192.5761
2009-03-10	12485.5495
2009-03-11	12543.1083
2009-03-12	12635.4636
2009-03-13	12792.5748
2009-03-14	12792.5748
2009-03-15	12792.5748
2009-03-16	12661.847
2009-03-17	12826.2364
2009-03-18	12828.5243
2009-03-19	12821.5704
2009-03-20	12701.985
2009-03-21	12701.985
2009-03-22	12701.985
2009-03-23	12863.2668
2009-03-24	12889.2538
2009-03-25	12951.5596
2009-03-26	12976.6459
2009-03-27	13004.9299
2009-03-28	13004.9299
2009-03-29	13004.9299
2009-03-30	12920.6454
2009-03-31	12918.7538
2009-04-01	12920.8616
2009-04-02	13022.792
2009-04-03	13092.313
2009-04-04	13092.313
2009-04-05	13092.313
2009-04-06	13080.585
2009-04-07	12964.981
2009-04-08	12922.4109
2009-04-09	13044.5815
2009-04-10	13044.5815
2009-04-11	13044.5815
2009-04-12	13044.5815
2009-04-13	13044.5815
2009-04-14	13128.893
2009-04-15	13070.9649
2009-04-16	13222.2752
2009-04-17	13237.381
2009-04-18	13237.381
2009-04-19	13237.381
2009-04-20	13248.3433
2009-04-21	13107.1756
2009-04-22	13059.318
2009-04-23	13180.3086
2009-04-24	13152.2678
2009-04-25	13152.2678
2009-04-26	13152.2678
2009-04-27	13218.1857
2009-04-28	13251.1717
2009-04-29	13197.9726
2009-04-30	13285.8421
2009-05-01	13269.0158
2009-05-02	13269.0158
2009-05-03	13269.0158
2009-05-04	13367.4783
2009-05-05	13364.794
2009-05-06	13350.652
2009-05-07	13300.2453
2009-05-08	13309.6493
2009-05-09	13309.6493
2009-05-10	13309.6493
2009-05-11	13445.1962
2009-05-12	13402.9414
2009-05-13	13347.4993
2009-05-14	13213.5918
2009-05-15	13257.6031
2009-05-16	13257.6031
2009-05-17	13257.6031
2009-05-18	13261.4043
2009-05-19	13310.9644
2009-05-20	13342.7253
2009-05-21	13279.7889
2009-05-22	13219.2216
2009-05-23	13219.2216
2009-05-24	13219.2216
2009-05-25	13222.6355
2009-05-26	13340.8157
2009-05-27	13349.5441
2009-05-28	13353.4714
2009-05-29	13346.3193
2009-05-30	13346.3193
2009-05-31	13346.3193
2009-06-01	13351.2195
2009-06-02	13348.8685
2009-06-03	13443.3046
2009-06-04	13412.4804
2009-06-05	13383.3317
2009-06-06	13383.3317
2009-06-07	13383.3317
2009-06-08	13383.3317
2009-06-09	13370.1806
2009-06-10	13398.6267
2009-06-11	13370.0905
2009-06-12	13420.2991
2009-06-13	13420.2991
2009-06-14	13420.2991
2009-06-15	13456.6899
2009-06-16	13398.0502
2009-06-17	13352.7238
2009-06-18	13307.5865
2009-06-19	13266.5927
2009-06-20	13266.5927
2009-06-21	13266.5927
2009-06-22	13297.579
2009-06-23	13216.9066
2009-06-24	13250.442
2009-06-25	13289.6523
2009-06-26	13316.0987
2009-06-27	13316.0987
2009-06-28	13316.0987
2009-06-29	13371.1354
2009-06-30	13403.3647
2009-07-01	13399.3923
2009-07-02	13421.3079
2009-07-03	13380.6835
2009-07-04	13380.6835
2009-07-05	13380.6835
2009-07-06	13351.1384
2009-07-07	13303.443
2009-07-08	13379.8548
2009-07-09	13363.6681
2009-07-10	13395.9514
2009-07-11	13395.9514
2009-07-12	13395.9514
2009-07-13	13324.2686
2009-07-14	13395.0146
2009-07-15	13420.0379
2009-07-16	13485.1991
2009-07-17	13533.5071
2009-07-18	13533.5071
2009-07-19	13533.5071
2009-07-20	13518.7255
2009-07-21	13597.4253
2009-07-22	13579.5091
2009-07-23	13636.5364
2009-07-24	13641.968
2009-07-25	13641.968
2009-07-26	13641.968
2009-07-27	13672.7201
2009-07-28	13677.5572
2009-07-29	13713.9481
2009-07-30	13726.6488
2009-07-31	13778.1545
2009-08-01	13778.1545
2009-08-02	13778.1545
2009-08-03	13831.4617
2009-08-04	13844.9732
2009-08-05	13844.838
2009-08-06	13872.0591
2009-08-07	13881.7243
2009-08-08	13881.7243
2009-08-09	13881.7243
2009-08-10	13887.3721
2009-08-11	13917.7368
2009-08-12	13940.0488
2009-08-13	13965.135
2009-08-14	14028.5758
2009-08-15	14028.5758
2009-08-16	14028.5758
2009-08-17	13981.7631
2009-08-18	13976.4216
2009-08-19	13977.5205
2009-08-20	14005.0839
2009-08-21	13992.6624
2009-08-22	13992.6624
2009-08-23	13992.6624
2009-08-24	14052.4461
2009-08-25	14119.553
2009-08-26	14172.5269
2009-08-27	14141.5136
2009-08-28	14156.3852
2009-08-29	14156.3852
2009-08-30	14156.3852
2009-08-31	14143.0179
2009-09-01	14200.6758
2009-09-02	14064.9667
2009-09-03	14099.0786
2009-09-04	14101.7359
2009-09-05	14101.7359
2009-09-06	14101.7359
2009-09-07	14113.662
2009-09-08	14195.8206
2009-09-09	14224.1947
2009-09-10	14279.6097
2009-09-11	14341.8705
2009-09-12	14341.8705
2009-09-13	14341.8705
2009-09-14	14315.6673
2009-09-15	14317.2706
2009-09-16	14392.6826
2009-09-17	14457.1772
2009-09-18	14461.0145
2009-09-19	14461.0145
2009-09-20	14461.0145
2009-09-21	14453.403
2009-09-22	14429.758
2009-09-23	14455.6099
2009-09-24	14446.5032
2009-09-25	14444.1162
2009-09-26	14444.1162
2009-09-27	14444.1162
2009-09-28	14450.7728
2009-09-29	14479.9576
2009-09-30	14449.1514
2009-10-01	14447.494
2009-10-02	14410.4816
2009-10-03	14410.4816
2009-10-04	14410.4816
2009-10-05	14331.1334
2009-10-06	14371.5596
2009-10-07	14474.5079
2009-10-08	14466.1579
2009-10-09	14505.1069
2009-10-10	14505.1069
2009-10-11	14505.1069
2009-10-12	14470.5536
2009-10-13	14517.6905
2009-10-14	14558.5492
2009-10-15	14535.4536
2009-10-16	14519.402
2009-10-17	14519.402
2009-10-18	14519.402
2009-10-19	14482.5878
2009-10-20	14558.2249
2009-10-21	14495.775
2009-10-22	14494.586
2009-10-23	14491.0279
2009-10-24	14491.0279
2009-10-25	14491.0279
2009-10-26	14470.0311
2009-10-27	14407.0227
2009-10-28	14381.5851
2009-10-29	14267.9808
2009-10-30	14371.7128
2009-10-31	14371.7128
2009-11-01	14371.7128
2009-11-02	14284.6359
2009-11-03	14284.6359
2009-11-04	14280.1321
2009-11-05	14278.6098
2009-11-06	14308.1999
2009-11-07	14308.1999
2009-11-08	14308.1999
2009-11-09	14392.6826
2009-11-10	14454.6731
2009-11-11	14490.7307
2009-11-12	14474.6791
2009-11-13	14439.3421
2009-11-14	14439.3421
2009-11-15	14439.3421
2009-11-16	14521.2486
2009-11-17	14547.0825
2009-11-18	14553.8562
2009-11-19	14563.1251
2009-11-20	14503.1072
2009-11-21	14503.1072
2009-11-22	14503.1072
2009-11-23	14518.5193
2009-11-24	14512.6012
2009-11-25	14540.8041
2009-11-26	14520.0055
2009-11-27	14436.9641
2009-11-28	14436.9641
2009-11-29	14436.9641
2009-11-30	14550.3793
2009-12-01	14567.728
2009-12-02	14576.3483
2009-12-03	14562.9719
2009-12-04	14540.8402
2009-12-05	14540.8402
2009-12-06	14540.8402
2009-12-07	14492.6043
2009-12-08	14502.5577
2009-12-09	14498.6934
2009-12-10	14453.2769
2009-12-11	14478.8947
2009-12-12	14478.8947
2009-12-13	14478.8947
2009-12-14	14513.3038
2009-12-15	14538.9486
2009-12-16	14562.4855
2009-12-17	14554.2616
2009-12-18	14569.8628
2009-12-19	14569.8628
2009-12-20	14569.8628
2009-12-21	14546.7672
2009-12-22	14585.41
2009-12-23	14628.1692
2009-12-24	14662.8396
2009-12-25	14662.8396
2009-12-26	14662.8396
2009-12-27	14662.8396
2009-12-28	14662.8396
2009-12-29	14700.4645
2009-12-30	14690.0337
2009-12-31	14749.1058
2010-01-01	14749.1058
2010-01-02	14749.1058
2010-01-03	14749.1058
2010-01-04	14744.5839
2010-01-05	14816.3658
2010-01-06	14810.3397
2010-01-07	14797.0534
2010-01-08	14806.1151
2010-01-09	14806.1151
2010-01-10	14806.1151
2010-01-11	14850.9371
2010-01-12	14810.8441
2010-01-13	14826.9318
2010-01-14	14835.8133
2010-01-15	14834.5612
2010-01-16	14834.5612
2010-01-17	14834.5612
2010-01-18	14861.7823
2010-01-19	14845.0731
2010-01-20	14834.4171
2010-01-21	14767.7786
2010-01-22	14715.0119
2010-01-23	14715.0119
2010-01-24	14715.0119
2010-01-25	14691.0155
2010-01-26	14676.216
2010-01-27	14629.4033
2010-01-28	14633.9431
2010-01-29	14576.6816
2010-01-30	14576.6816
2010-01-31	14576.6816
2010-02-01	14575.0512
2010-02-02	14675.2251
2010-02-03	14683.0347
2010-02-04	14633.6098
2010-02-05	14571.1148
2010-02-06	14571.1148
2010-02-07	14571.1148
2010-02-08	14533.7061
2010-02-09	14545.1548
2010-02-10	14542.2093
2010-02-11	14563.7556
2010-02-12	14573.9613
2010-02-13	14573.9613
2010-02-14	14573.9613
2010-02-15	14577.141
2010-02-16	14599.1196
2010-02-17	14683.5212
2010-02-18	14678.8732
2010-02-19	14655.1021
2010-02-20	14655.1021
2010-02-21	14655.1021
2010-02-22	14727.1632
2010-02-23	14726.1633
2010-02-24	14691.61
2010-02-25	14658.6961
2010-02-26	14706.4276
2010-02-27	14706.4276
2010-02-28	14706.4276
2010-03-01	14740.7647
2010-03-02	14784.1004
2010-03-03	14816.6
2010-03-04	14844.4246
2010-03-05	14871.4295
2010-03-06	14871.4295
2010-03-07	14871.4295
2010-03-08	14888.571
2010-03-09	14904.7127
2010-03-10	14919.5933
2010-03-11	14896.4347
2010-03-12	14907.0637
2010-03-13	14907.0637
2010-03-14	14907.0637
2010-03-15	14887.2829
2010-03-16	14925.4573
2010-03-17	14957.5605
2010-03-18	14982.908
2010-03-19	14985.232
2010-03-20	14985.232
2010-03-21	14985.232
2010-03-22	14956.7949
2010-03-23	15003.6886
2010-03-24	14998.4462
2010-03-25	14998.5453
2010-03-26	15023.2622
2010-03-27	15023.2622
2010-03-28	15023.2622
2010-03-29	15013.6331
2010-03-30	15028.7028
2010-03-31	15015.7318
2010-04-01	15050.6274
2010-04-02	15055.3835
2010-04-03	15055.3835
2010-04-04	15055.3835
2010-04-05	15068.4085
2010-04-06	15088.5045
2010-04-07	15072.9934
2010-04-08	15086.2887
2010-04-09	15092.4679
2010-04-10	15092.4679
2010-04-11	15092.4679
2010-04-12	15130.7143
2010-04-13	15124.2018
2010-04-14	15156.7194
2010-04-15	15164.0966
2010-04-16	15143.2079
2010-04-17	15143.2079
2010-04-18	15143.2079
2010-04-19	15104.5742
2010-04-20	15100.6018
2010-04-21	15112.681
2010-04-22	15102.034
2010-04-23	15108.4835
2010-04-24	15108.4835
2010-04-25	15108.4835
2010-04-26	15111.5191
2010-04-27	15078.8033
2010-04-28	15036.5845
2010-04-29	15022.1183
2010-04-30	15029.6396
2010-05-01	15029.6396
2010-05-02	15029.6396
2010-05-03	15020.659
2010-05-04	14978.7555
2010-05-05	14930.3214
2010-05-06	14831.904
2010-05-07	14723.0287
2010-05-08	14723.0287
2010-05-09	14723.0287
2010-05-10	14864.3585
2010-05-11	14828.9495
2010-05-12	14893.1829
2010-05-13	14926.322
2010-05-14	14878.2212
2010-05-15	14878.2212
2010-05-16	14878.2212
2010-05-17	14804.1514
2010-05-18	14768.301
2010-05-19	14724.1546
2010-05-20	14652.715
2010-05-21	14638.9964
2010-05-22	14638.9964
2010-05-23	14638.9964
2010-05-24	14666.776
2010-05-25	14592.6341
2010-05-26	14605.0016
2010-05-27	14686.3766
2010-05-28	14746.0792
2010-05-29	14746.0792
2010-05-30	14746.0792
2010-05-31	14739.7558
2010-06-01	14713.0122
2010-06-02	14720.8938
2010-06-03	14805.7188
2010-06-04	14739.4946
2010-06-05	14739.4946
2010-06-06	14739.4946
2010-06-07	14666.4247
2010-06-08	14698.3838
2010-06-09	14704.0225
2010-06-10	14762.8784
2010-06-11	14818.906
2010-06-12	14818.906
2010-06-13	14818.906
2010-06-14	14816.0235
2010-06-15	14841.6953
2010-06-16	14864.7098
2010-06-17	14879.7165
2010-06-18	14895.2187
2010-06-19	14895.2187
2010-06-20	14895.2187
2010-06-21	14923.6287
2010-06-22	14873.4202
2010-06-23	14841.0017
2010-06-24	14806.1421
2010-06-25	14767.7786
2010-06-26	14767.7786
2010-06-27	14767.7786
2010-06-28	14741.2961
2010-06-29	14676.1979
2010-06-30	14656.3271
2010-07-01	14607.6318
2010-07-02	14593.8231
2010-07-03	14593.8231
2010-07-04	14593.8231
2010-07-05	14587.0043
2010-07-06	14639.3837
2010-07-07	14665.4158
2010-07-08	14720.6957
2010-07-09	14769.4991
2010-07-10	14769.4991
2010-07-11	14769.4991
2010-07-12	14799.4765
2010-07-13	14794.189
2010-07-14	14853.117
2010-07-15	14860.7194
2010-07-16	14812.0421
2010-07-17	14812.0421
2010-07-18	14812.0421
2010-07-19	14781.8575
2010-07-20	14788.8835
2010-07-21	14807.9527
2010-07-22	14810.5108
2010-07-23	14876.1855
2010-07-24	14876.1855
2010-07-25	14876.1855
2010-07-26	14904.9829
2010-07-27	14921.2868
2010-07-28	14965.5413
2010-07-29	14939.7074
2010-07-30	14921.0706
2010-07-31	14921.0706
2010-08-01	14921.0706
2010-08-02	14994.0144
2010-08-03	15020.641
2010-08-04	15012.417
2010-08-05	15024.2801
2010-08-06	15029.1082
2010-08-07	15029.1082
2010-08-08	15029.1082
2010-08-09	15065.6882
2010-08-10	15028.5047
2010-08-11	14932.8976
2010-08-12	14887.4811
2010-08-13	14908.3518
2010-08-14	14908.3518
2010-08-15	14908.3518
2010-08-16	14928.655
2010-08-17	14984.3042
2010-08-18	14988.0514
2010-08-19	14983.4935
2010-08-20	14950.2103
2010-08-21	14950.2103
2010-08-22	14950.2103
2010-08-23	14942.5178
2010-08-24	14912.2881
2010-08-25	14886.1029
2010-08-26	14901.6231
2010-08-27	14913.288
2010-08-28	14913.288
2010-08-29	14913.288
2010-08-30	14962.4877
2010-08-31	14957.5065
2010-09-01	15044.187
2010-09-02	15084.4331
2010-09-03	15102.7636
2010-09-04	15102.7636
2010-09-05	15102.7636
2010-09-06	15131.9484
2010-09-07	15133.2815
2010-09-08	15119.4097
2010-09-09	15134.0832
2010-09-10	15114.951
2010-09-11	15114.951
2010-09-12	15114.951
2010-09-13	15157.0527
2010-09-14	15182.1299
2010-09-15	15223.5921
2010-09-16	15183.3189
2010-09-17	15188.5434
2010-09-18	15188.5434
2010-09-19	15188.5434
2010-09-20	15203.7483
2010-09-21	15187.5165
2010-09-22	15197.0826
2010-09-23	15186.5437
2010-09-24	15208.6574
2010-09-25	15208.6574
2010-09-26	15208.6574
2010-09-27	15229.339
2010-09-28	15253.9118
2010-09-29	15235.7794
2010-09-30	15217.5029
2010-10-01	15191.696
2010-10-02	15191.696
2010-10-03	15191.696
2010-10-04	15244.2286
2010-10-05	15275.422
2010-10-06	15312.7587
2010-10-07	15299.7877
2010-10-08	15309.615
2010-10-09	15309.615
2010-10-10	15309.615
2010-10-11	15334.7373
2010-10-12	15285.4025
2010-10-13	15296.653
2010-10-14	15363.5077
2010-10-15	15346.8526
2010-10-16	15346.8526
2010-10-17	15346.8526
2010-10-18	15317.9291
2010-10-19	15315.2628
2010-10-20	15304.1744
2010-10-21	15308.2639
2010-10-22	15314.9746
2010-10-23	15314.9746
2010-10-24	15314.9746
2010-10-25	15360.9315
2010-10-26	15358.3824
2010-10-27	15344.1323
2010-10-28	15370.0112
2010-10-29	15348.3749
2010-10-30	15348.3749
2010-10-31	15348.3749
2010-11-01	15390.4856
2010-11-02	15375.3978
2010-11-03	15403.2494
2010-11-04	15462.4116
2010-11-05	15502.7208
2010-11-06	15502.7208
2010-11-07	15502.7208
2010-11-08	15489.1192
2010-11-09	15469.978
2010-11-10	15418.2201
2010-11-11	15458.7455
2010-11-12	15420.0577
2010-11-13	15420.0577
2010-11-14	15420.0577
2010-11-15	15373.1819
2010-11-16	15379.3431
2010-11-17	15292.1042
2010-11-18	15314.263
2010-11-19	15325.7567
2010-11-20	15325.7567
2010-11-21	15325.7567
2010-11-22	15344.934
2010-11-23	15299.6526
2010-11-24	15290.5639
2010-11-25	15299.3463
2010-11-26	15316.8031
2010-11-27	15316.8031
2010-11-28	15316.8031
2010-11-29	15340.268
2010-11-30	15323.4147
2010-12-01	15359.9137
2010-12-02	15446.9995
2010-12-03	15435.812
2010-12-04	15435.812
2010-12-05	15435.812
2010-12-06	15443.5406
2010-12-07	15478.7785
2010-12-08	15428.651
2010-12-09	15455.89
2010-12-10	15475.0403
2010-12-11	15475.0403
2010-12-12	15475.0403
2010-12-13	15451.116
2010-12-14	15472.7433
2010-12-15	15472.0588
2010-12-16	15469.0502
2010-12-17	15497.6765
2010-12-18	15497.6765
2010-12-19	15497.6765
2010-12-20	15480.6971
2010-12-21	15507.4047
2010-12-22	15509.4314
2010-12-23	15514.7369
2010-12-24	15502.6397
2010-12-25	15502.6397
2010-12-26	15502.6397
2010-12-27	15504.9727
2010-12-28	15492.4611
2010-12-29	15490.5875
2010-12-30	15533.8421
2010-12-31	15498.5412
2011-01-01	15498.5412
2011-01-02	15498.5412
2011-01-03	15528.951
2011-01-04	15551.8214
2011-01-05	15561.8469
2011-01-06	15579.0245
2011-01-07	15568.5215
2011-01-08	15568.5215
2011-01-09	15568.5215
2011-01-10	15562.2793
2011-01-11	15635.8807
2011-01-12	15634.3313
2011-01-13	15668.155
2011-01-14	15705.9961
2011-01-15	15705.9961
2011-01-16	15705.9961
2011-01-17	15667.9749
2011-01-18	15701.7715
2011-01-19	15683.0537
2011-01-20	15656.319
2011-01-21	15613.6408
2011-01-22	15613.6408
2011-01-23	15613.6408
2011-01-24	15623.0087
2011-01-25	15671.9022
2011-01-26	15683.9094
2011-01-27	15705.3386
2011-01-28	15651.9953
2011-01-29	15651.9953
2011-01-30	15651.9953
2011-01-31	15627.5486
2011-02-01	15622.7205
2011-02-02	15678.748
2011-02-03	15666.5337
2011-02-04	15697.601
2011-02-05	15697.601
2011-02-06	15697.601
2011-02-07	15698.6999
2011-02-08	15720.3183
2011-02-09	15721.7865
2011-02-10	15734.3882
2011-02-11	15735.289
2011-02-12	15735.289
2011-02-13	15735.289
2011-02-14	15789.9563
2011-02-15	15813.3762
2011-02-16	15818.1772
2011-02-17	15825.2212
2011-02-18	15841.6511
2011-02-19	15841.6511
2011-02-20	15841.6511
2011-02-21	15827.5091
2011-02-22	15778.3905
2011-02-23	15737.2346
2011-02-24	15680.5315
2011-02-25	15734.5954
2011-02-26	15734.5954
2011-02-27	15734.5954
2011-02-28	15755.2409
2011-03-01	15743.9813
2011-03-02	15726.2813
2011-03-03	15759.8438
2011-03-04	15816.0875
2011-03-05	15816.0875
2011-03-06	15816.0875
2011-03-07	15777.4807
2011-03-08	15780.1019
2011-03-09	15762.0326
2011-03-10	15697.3758
2011-03-11	15636.0968
2011-03-12	15636.0968
2011-03-13	15636.0968
2011-03-14	15623.3691
2011-03-15	15543.4893
2011-03-16	15551.8124
2011-03-17	15574.7368
2011-03-18	15601.7687
2011-03-19	15601.7687
2011-03-20	15601.7687
2011-03-21	15643.4381
2011-03-22	15652.833
2011-03-23	15657.1477
2011-03-24	15716.1477
2011-03-25	15747.3502
2011-03-26	15747.3502
2011-03-27	15747.3502
2011-03-28	15717.3367
2011-03-29	15754.6914
2011-03-30	15810.5027
2011-03-31	15854.3429
2011-04-01	15883.3745
2011-04-02	15883.3745
2011-04-03	15883.3745
2011-04-04	15923.4405
2011-04-05	15950.9588
2011-04-06	15951.5533
2011-04-07	15920.3599
2011-04-08	15938.5823
2011-04-09	15938.5823
2011-04-10	15938.5823
2011-04-11	15949.9049
2011-04-12	15863.1524
2011-04-13	15889.7789
2011-04-14	15850.4606
2011-04-15	15830.0403
2011-04-16	15830.0403
2011-04-17	15830.0403
2011-04-18	15832.1391
2011-04-19	15802.8913
2011-04-20	15864.0982
2011-04-21	15912.6493
2011-04-22	15914.7301
2011-04-23	15914.7301
2011-04-24	15914.7301
2011-04-25	15918.2161
2011-04-26	15915.1174
2011-04-27	15875.691
2011-04-28	15879.3301
2011-04-29	15824.6988
2011-04-30	15824.6988
2011-05-01	15824.6988
2011-05-02	15832.4543
2011-05-03	15789.4339
2011-05-04	15761.0508
2011-05-05	15780.5073
2011-05-06	15753.7726
2011-05-07	15753.7726
2011-05-08	15753.7726
2011-05-09	15772.6977
2011-05-10	15780.165
2011-05-11	15820.5913
2011-05-12	15760.9337
2011-05-13	15803.2786
2011-05-14	15803.2786
2011-05-15	15803.2786
2011-05-16	15739.8738
2011-05-17	15755.7273
2011-05-18	15791.3795
2011-05-19	15850.947
2011-05-20	15823.7259
2011-05-21	15823.7259
2011-05-22	15823.7259
2011-05-23	15733.6766
2011-05-24	15721.1199
2011-05-25	15682.6753
2011-05-26	15761.0148
2011-05-27	15812.9438
2011-05-28	15812.9438
2011-05-29	15812.9438
2011-05-30	15810.7279
2011-05-31	15885.4553
2011-06-01	15823.4827
2011-06-02	15730.2267
2011-06-03	15707.9237
2011-06-04	15707.9237
2011-06-05	15707.9237
2011-06-06	15719.9489
2011-06-07	15707.8517
2011-06-08	15674.1271
2011-06-09	15707.7076
2011-06-10	15695.3131
2011-06-11	15695.3131
2011-06-12	15695.3131
2011-06-13	15692.8269
2011-06-14	15721.7955
2011-06-15	15684.4679
2011-06-16	15613.4516
2011-06-17	15607.2274
2011-06-18	15607.2274
2011-06-19	15607.2274
2011-06-20	15588.8158
2011-06-21	15675.0729
2011-06-22	15679.0002
2011-06-23	15665.9121
2011-06-24	15693.9439
2011-06-25	15693.9439
2011-06-26	15693.9439
2011-06-27	15679.7118
2011-06-28	15671.3708
2011-06-29	15715.5712
2011-06-30	15809.3047
2011-07-01	15788.3439
2011-07-02	15788.3439
2011-07-03	15788.3439
2011-07-04	15852.9107
2011-07-05	15845.9298
2011-07-06	15862.1345
2011-07-07	15865.7646
2011-07-08	15920.9634
2011-07-09	15920.9634
2011-07-10	15920.9634
2011-07-11	15858.9638
2011-07-12	15779.3543
2011-07-13	15794.8384
2011-07-14	15778.0122
2011-07-15	15784.2365
2011-07-16	15784.2365
2011-07-17	15784.2365
2011-07-18	15784.3536
2011-07-19	15768.9955
2011-07-20	15859.153
2011-07-21	15844.8759
2011-07-22	15897.7957
2011-07-23	15897.7957
2011-07-24	15897.7957
2011-07-25	15829.1215
2011-07-26	15875.6009
2011-07-27	15785.8218
2011-07-28	15717.8412
2011-07-29	15697.9433
2011-07-30	15697.9433
2011-07-31	15697.9433
2011-08-01	15791.7398
2011-08-02	15727.092
2011-08-03	15653.1213
2011-08-04	15531.356
2011-08-05	15382.2166
2011-08-06	15382.2166
2011-08-07	15382.2166
2011-08-08	15163.6192
2011-08-09	15255.7584
2011-08-10	15310.6959
2011-08-11	15355.8692
2011-08-12	15387.0627
2011-08-13	15387.0627
2011-08-14	15387.0627
2011-08-15	15514.3406
2011-08-16	15497.2982
2011-08-17	15528.0773
2011-08-18	15441.0365
2011-08-19	15251.8581
2011-08-20	15251.8581
2011-08-21	15251.8581
2011-08-22	15257.0915
2011-08-23	15383.5677
2011-08-24	15366.8405
2011-08-25	15380.4601
2011-08-26	15366.2731
2011-08-27	15366.2731
2011-08-28	15366.2731
2011-08-29	15495.4336
2011-08-30	15494.6229
2011-08-31	15564.9455
2011-09-01	15558.469
2011-09-02	15478.8775
2011-09-03	15478.8775
2011-09-04	15478.8775
2011-09-05	15406.8795
2011-09-06	15357.1033
2011-09-07	15491.5062
2011-09-08	15495.3075
2011-09-09	15472.7974
2011-09-10	15472.7974
2011-09-11	15472.7974
2011-09-12	15361.436
2011-09-13	15411.3653
2011-09-14	15369.3897
2011-09-15	15459.5201
2011-09-16	15521.4657
2011-09-17	15521.4657
2011-09-18	15521.4657
2011-09-19	15447.2067
2011-09-20	15402.4748
2011-09-21	15411.1131
2011-09-22	15288.0688
2011-09-23	15237.698
2011-09-24	15237.698
2011-09-25	15237.698
2011-09-26	15212.0353
2011-09-27	15355.8963
2011-09-28	15348.9514
2011-09-29	15324.2885
2011-09-30	15299.4724
2011-10-01	15299.4724
2011-10-02	15299.4724
2011-10-03	15144.0546
2011-10-04	15214.7015
2011-10-05	15252.2274
2011-10-06	15417.7157
2011-10-07	15481.1294
2011-10-08	15481.1294
2011-10-09	15481.1294
2011-10-10	15455.1334
2011-10-11	15546.3628
2011-10-12	15503.6666
2011-10-13	15546.8762
2011-10-14	15506.6301
2011-10-15	15506.6301
2011-10-16	15506.6301
2011-10-17	15579.2316
2011-10-18	15476.2563
2011-10-19	15513.584
2011-10-20	15422.5528
2011-10-21	15432.1459
2011-10-22	15432.1459
2011-10-23	15432.1459
2011-10-24	15595.8147
2011-10-25	15544.4261
2011-10-26	15616.7845
2011-10-27	15710.2747
2011-10-28	15719.4265
2011-10-29	15719.4265
2011-10-30	15719.4265
2011-10-31	15655.3552
2011-11-01	15607.5156
2011-11-02	15601.1923
2011-11-03	15615.9017
2011-11-04	15756.7902
2011-11-05	15756.7902
2011-11-06	15756.7902
2011-11-07	15743.7651
2011-11-08	15782.8313
2011-11-09	15825.7527
2011-11-10	15713.7157
2011-11-11	15791.1633
2011-11-12	15791.1633
2011-11-13	15791.1633
2011-11-14	15790.0194
2011-11-15	15791.2264
2011-11-16	15753.007
2011-11-17	15743.8642
2011-11-18	15636.0698
2011-11-19	15636.0698
2011-11-20	15636.0698
2011-11-21	15633.4216
2011-11-22	15589.5994
2011-11-23	15499.2348
2011-11-24	15514.3676
2011-11-25	15423.976
2011-11-26	15423.976
2011-11-27	15423.976
2011-11-28	15523.024
2011-11-29	15595.4634
2011-11-30	15596.8055
2011-12-01	15766.2752
2011-12-02	15787.9026
2011-12-03	15787.9026
2011-12-04	15787.9026
2011-12-05	15843.2185
2011-12-06	15792.0371
2011-12-07	15826.9327
2011-12-08	15791.5957
2011-12-09	15732.4335
2011-12-10	15732.4335
2011-12-11	15732.4335
2011-12-12	15769.9143
2011-12-13	15709.0857
2011-12-14	15706.8158
2011-12-15	15651.0946
2011-12-16	15657.9314
2011-12-17	15657.9314
2011-12-18	15657.9314
2011-12-19	15558.7843
2011-12-20	15564.5672
2011-12-21	15661.4443
2011-12-22	15606.0744
2011-12-23	15676.7213
2011-12-24	15676.7213
2011-12-25	15676.7213
2011-12-26	15666.885
2011-12-27	15663.8854
2011-12-28	15582.5464
2011-12-29	15600.8319
2011-12-30	15579.7
2011-12-31	15598.526
2012-01-01	15598.526
2012-01-02	15606.5968
2012-01-03	15645.8701
2012-01-04	15754.5203
2012-01-05	15702.285
2012-01-06	15665.0114
2012-01-07	15665.0114
2012-01-08	15665.0114
2012-01-09	15686.5847
2012-01-10	15749.3769
2012-01-11	15787.4071
2012-01-12	15799.6305
2012-01-13	15805.7197
2012-01-14	15805.7197
2012-01-15	15805.7197
2012-01-16	15771.4096
2012-01-17	15851.4064
2012-01-18	15863.8099
2012-01-19	15878.2312
2012-01-20	15875.0605
2012-01-21	15875.0605
2012-01-22	15875.0605
2012-01-23	15835.7061
2012-01-24	15846.2991
2012-01-25	15883.897
2012-01-26	15869.8
2012-01-27	15926.1518
2012-01-28	15926.1518
2012-01-29	15926.1518
2012-01-30	15923.5306
2012-01-31	15934.0245
2012-02-01	15906.0107
2012-02-02	15985.404
2012-02-03	15975.1804
2012-02-04	15975.1804
2012-02-05	15975.1804
2012-02-06	16011.6162
2012-02-07	15960.651
2012-02-08	16007.3556
2012-02-09	16003.3382
2012-02-10	15969.6046
2012-02-11	15969.6046
2012-02-12	15969.6046
2012-02-13	16018.354
2012-02-14	15985.1698
2012-02-15	16017.6874
2012-02-16	15957.5074
2012-02-17	15987.3497
2012-02-18	15987.3497
2012-02-19	15987.3497
2012-02-20	16054.4566
2012-02-21	16102.1971
2012-02-22	16098.3058
2012-02-23	16088.5325
2012-02-24	16122.8155
2012-02-25	16122.8155
2012-02-26	16122.8155
2012-02-27	16096.189
2012-02-28	16139.867
2012-02-29	16183.9684
2012-03-01	16114.0781
2012-03-02	16138.741
2012-03-03	16138.741
2012-03-04	16138.741
2012-03-05	16143.452
2012-03-06	16065.9863
2012-03-07	16034.8019
2012-03-08	16105.8992
2012-03-09	16144.8842
2012-03-10	16144.8842
2012-03-11	16144.8842
2012-03-12	16167.1241
2012-03-13	16238.1673
2012-03-14	16280.0168
2012-03-15	16207.127
2012-03-16	16207.9377
2012-03-17	16207.9377
2012-03-18	16207.9377
2012-03-19	16226.2052
2012-03-20	16230.1415
2012-03-21	16214.225
2012-03-22	16265.4875
2012-03-23	16244.1214
2012-03-24	16244.1214
2012-03-25	16244.1214
2012-03-26	16245.1573
2012-03-27	16329.73
2012-03-28	16385.6944
2012-03-29	16372.8225
2012-03-30	16379.8845
2012-03-31	16390.2973
2012-04-01	16390.2973
2012-04-02	16385.8656
2012-04-03	16421.689
2012-04-04	16400.1337
2012-04-05	16369.5978
2012-04-06	16369.1654
2012-04-07	16369.1654
2012-04-08	16369.1654
2012-04-09	16350.3845
2012-04-10	16338.026
2012-04-11	16282.7551
2012-04-12	16331.1532
2012-04-13	16410.9879
2012-04-14	16410.9879
2012-04-15	16410.9879
2012-04-16	16361.1486
2012-04-17	16359.266
2012-04-18	16439.9114
2012-04-19	16429.9129
2012-04-20	16413.7893
2012-04-21	16413.7893
2012-04-22	16413.7893
2012-04-23	16405.9346
2012-04-24	16434.0925
2012-04-25	16458.1248
2012-04-26	16459.1697
2012-04-27	16463.052
2012-04-28	16463.052
2012-04-29	16463.052
2012-04-30	16579.3496
2012-05-01	16653.0501
2012-05-02	16634.6385
2012-05-03	16632.9271
2012-05-04	16580.7278
2012-05-05	16580.7278
2012-05-06	16580.7278
2012-05-07	16504.7214
2012-05-08	16548.6786
2012-05-09	16504.7484
2012-05-10	16521.4756
2012-05-11	16513.3507
2012-05-12	16513.3507
2012-05-13	16513.3507
2012-05-14	16531.9604
2012-05-15	16481.2024
2012-05-16	16353.1859
2012-05-17	16370.9669
2012-05-18	16252.2643
2012-05-19	16252.2643
2012-05-20	16252.2643
2012-05-21	16328.2347
2012-05-22	16374.4709
2012-05-23	16330.3245
2012-05-24	16328.0005
2012-05-25	16291.6187
2012-05-26	16291.6187
2012-05-27	16291.6187
2012-05-28	16334.2428
2012-05-29	16410.5015
2012-05-30	16391.2161
2012-05-31	16412.4201
2012-06-01	16374.3358
2012-06-02	16374.3358
2012-06-03	16374.3358
2012-06-04	16250.4357
2012-06-05	16316.4978
2012-06-06	16331.3153
2012-06-07	16384.8477
2012-06-08	16332.6304
2012-06-09	16332.6304
2012-06-10	16332.6304
2012-06-11	16329.2706
2012-06-12	16374.1106
2012-06-13	16319.8936
2012-06-14	16328.2347
2012-06-15	16354.8523
2012-06-16	16354.8523
2012-06-17	16354.8523
2012-06-18	16437.3532
2012-06-19	16423.5265
2012-06-20	16410.9158
2012-06-21	16335.5579
2012-06-22	16329.739
2012-06-23	16329.739
2012-06-24	16329.739
2012-06-25	16316.5788
2012-06-26	16310.7689
2012-06-27	16357.6537
2012-06-28	16358.7256
2012-06-29	16421.1575
2012-06-30	16429.0302
2012-07-01	16429.0302
2012-07-02	16480.4097
2012-07-03	16492.2728
2012-07-04	16544.1928
2012-07-05	16547.0392
2012-07-06	16530.7624
2012-07-07	16530.7624
2012-07-08	16530.7624
2012-07-09	16496.4073
2012-07-10	16479.3919
2012-07-11	16477.3922
2012-07-12	16459.5481
2012-07-13	16497.3531
2012-07-14	16497.3531
2012-07-15	16497.3531
2012-07-16	16513.9812
2012-07-17	16547.4896
2012-07-18	16504.289
2012-07-19	16620.3614
2012-07-20	16586.826
2012-07-21	16586.826
2012-07-22	16586.826
2012-07-23	16521.0612
2012-07-24	16508.9099
2012-07-25	16489.4444
2012-07-26	16517.5392
2012-07-27	16587.1322
2012-07-28	16587.1322
2012-07-29	16587.1322
2012-07-30	16595.8696
2012-07-31	16630.495
2012-08-01	16607.0571
2012-08-02	16595.176
2012-08-03	16563.5142
2012-08-04	16563.5142
2012-08-05	16563.5142
2012-08-06	16623.3609
2012-08-07	16664.5349
2012-08-08	16669.8043
2012-08-09	16668.4262
2012-08-10	16660.9768
2012-08-11	16660.9768
2012-08-12	16660.9768
2012-08-13	16684.4147
2012-08-14	16698.908
2012-08-15	16674.9297
2012-08-16	16730.3807
2012-08-17	16790.5967
2012-08-18	16790.5967
2012-08-19	16790.5967
2012-08-20	16798.3343
2012-08-21	16813.0888
2012-08-22	16824.2313
2012-08-23	16842.796
2012-08-24	16819.9707
2012-08-25	16819.9707
2012-08-26	16819.9707
2012-08-27	16834.8783
2012-08-28	16854.2627
2012-08-29	16868.1705
2012-08-30	16828.645
2012-08-31	16855.9742
2012-09-01	16855.9742
2012-09-02	16855.9742
2012-09-03	16921.9912
2012-09-04	16877.8988
2012-09-05	16870.8998
2012-09-06	16914.686
2012-09-07	16927.7651
2012-09-08	16927.7651
2012-09-09	16927.7651
2012-09-10	16946.564
2012-09-11	16917.6044
2012-09-12	16965.462
2012-09-13	16944.6454
2012-09-14	17020.9581
2012-09-15	17020.9581
2012-09-16	17020.9581
2012-09-17	17003.9066
2012-09-18	17012.7521
2012-09-19	17035.1901
2012-09-20	17033.4246
2012-09-21	17034.4695
2012-09-22	17034.4695
2012-09-23	17034.4695
2012-09-24	17025.7681
2012-09-25	17014.0852
2012-09-26	17015.4994
2012-09-27	17060.7808
2012-09-28	17070.9415
2012-09-29	17070.9415
2012-09-30	17071.2747
2012-10-01	17077.7602
2012-10-02	17163.6571
2012-10-03	17193.5804
2012-10-04	17197.1835
2012-10-05	17231.0972
2012-10-06	17231.0972
2012-10-07	17231.0972
2012-10-08	17200.2911
2012-10-09	17215.1808
2012-10-10	17168.2059
2012-10-11	17171.0073
2012-10-12	17183.4468
2012-10-13	17183.4468
2012-10-14	17183.4468
2012-10-15	17201.9936
2012-10-16	17225.2333
2012-10-17	17233.7635
2012-10-18	17230.4127
2012-10-19	17223.9452
2012-10-20	17223.9452
2012-10-21	17223.9452
2012-10-22	17214.6583
2012-10-23	17202.1827
2012-10-24	17140.1471
2012-10-25	17141.0929
2012-10-26	17096.6853
2012-10-27	17096.6853
2012-10-28	17096.6853
2012-10-29	17127.8247
2012-10-30	17142.363
2012-10-31	17170.3497
2012-11-01	17139.0932
2012-11-02	17137.1926
2012-11-03	17137.1926
2012-11-04	17137.1926
2012-11-05	17146.1642
2012-11-06	17145.1734
2012-11-07	17156.5681
2012-11-08	17116.367
2012-11-09	17119.3665
2012-11-10	17119.3665
2012-11-11	17119.3665
2012-11-12	17108.179
2012-11-13	17042.4593
2012-11-14	17048.2332
2012-11-15	17007.9781
2012-11-16	16991.6742
2012-11-17	16991.6742
2012-11-18	16991.6742
2012-11-19	17027.0652
2012-11-20	17053.6738
2012-11-21	17044.1437
2012-11-22	17077.3729
2012-11-23	17086.7318
2012-11-24	17086.7318
2012-11-25	17086.7318
2012-11-26	17102.9276
2012-11-27	17122.1228
2012-11-28	17133.4905
2012-11-29	17184.2936
2012-11-30	17237.0153
2012-12-01	17237.0153
2012-12-02	17237.0153
2012-12-03	17273.4692
2012-12-04	17223.0985
2012-12-05	17248.3739
2012-12-06	17236.673
2012-12-07	17287.1518
2012-12-08	17287.1518
2012-12-09	17287.1518
2012-12-10	17293.4841
2012-12-11	17324.4704
2012-12-12	17310.5987
2012-12-13	17289.1244
2012-12-14	17266.0829
2012-12-15	17266.0829
2012-12-16	17266.0829
2012-12-17	17271.2623
2012-12-18	17305.3832
2012-12-19	17338.6214
2012-12-20	17382.6327
2012-12-21	17380.4979
2012-12-22	17380.4979
2012-12-23	17380.4979
2012-12-24	17400.9633
2012-12-25	17407.8631
2012-12-26	17405.404
2012-12-27	17417.4112
2012-12-28	17435.3725
2012-12-29	17435.3725
2012-12-30	17435.3725
2012-12-31	17454.919
2013-01-01	17455.5766
2013-01-02	17505.2447
2013-01-03	17545.8331
2013-01-04	17527.9079
2013-01-05	17527.9079
2013-01-06	17527.9079
2013-01-07	17524.0887
2013-01-08	17493.2465
2013-01-09	17535.6275
2013-01-10	17543.9235
2013-01-11	17543.32
2013-01-12	17543.32
2013-01-13	17543.32
2013-01-14	17569.5052
2013-01-15	17573.2163
2013-01-16	17600.9058
2013-01-17	17631.1084
2013-01-18	17630.8832
2013-01-19	17630.8832
2013-01-20	17630.8832
2013-01-21	17638.1614
2013-01-22	17635.7293
2013-01-23	17668.328
2013-01-24	17699.5484
2013-01-25	17736.0474
2013-01-26	17736.0474
2013-01-27	17736.0474
2013-01-28	17738.3624
2013-01-29	17743.5868
2013-01-30	17781.3018
2013-01-31	17777.2483
2013-02-01	17811.4774
2013-02-02	17811.4774
2013-02-03	17811.4774
2013-02-04	17793.1828
2013-02-05	17803.7848
2013-02-06	17831.4203
2013-02-07	17866.46
2013-02-08	17902.0582
2013-02-09	17902.0582
2013-02-10	17902.0582
2013-02-11	17918.7223
2013-02-12	17909.003
2013-02-13	17923.7125
2013-02-14	17925.6672
2013-02-15	17955.1852
2013-02-16	17955.1852
2013-02-17	17955.1852
2013-02-18	17962.3913
2013-02-19	18003.8445
2013-02-20	18040.6317
2013-02-21	17953.4647
2013-02-22	17956.4823
2013-02-23	17956.4823
2013-02-24	17956.4823
2013-02-25	18011.3388
2013-02-26	18000.3225
2013-02-27	18035.8936
2013-02-28	18096.8934
2013-03-01	18080.4454
2013-03-02	18080.4454
2013-03-03	18080.4454
2013-03-04	18052.5668
2013-03-05	18102.2079
2013-03-06	18159.4784
2013-03-07	18149.1196
2013-03-08	18157.7129
2013-03-09	18157.7129
2013-03-10	18157.7129
2013-03-11	18180.1149
2013-03-12	18128.6092
2013-03-13	18116.503
2013-03-14	18028.7236
2013-03-15	18126.8528
2013-03-16	18126.8528
2013-03-17	18126.8528
2013-03-18	18043.0547
2013-03-19	18019.851
2013-03-20	18030.8764
2013-03-21	17987.8379
2013-03-22	18004.457
2013-03-23	18004.457
2013-03-24	18004.457
2013-03-25	18002.9347
2013-03-26	18048.4683
2013-03-27	18115.4761
2013-03-28	18108.6844
2013-03-29	18113.5845
2013-03-30	18113.5845
2013-03-31	18118.0163
2013-04-01	18103.3338
2013-04-02	18136.3108
2013-04-03	18083.5981
2013-04-04	18072.0863
2013-04-05	18052.3866
2013-04-06	18052.3866
2013-04-07	18052.3866
2013-04-08	18089.1378
2013-04-09	18151.0743
2013-04-10	18160.5323
2013-04-11	18212.6505
2013-04-12	18228.6661
2013-04-13	18228.6661
2013-04-14	18228.6661
2013-04-15	18200.1299
2013-04-16	18218.6316
2013-04-17	18260.0667
2013-04-18	18199.7516
2013-04-19	18221.8563
2013-04-20	18221.8563
2013-04-21	18221.8563
2013-04-22	18264.9128
2013-04-23	18345.6753
2013-04-24	18467.0532
2013-04-25	18471.1157
2013-04-26	18446.4798
2013-04-27	18446.4798
2013-04-28	18446.4798
2013-04-29	18491.2117
2013-04-30	18567.2812
2013-05-01	18549.6623
2013-05-02	18556.6071
2013-05-03	18580.9818
2013-05-04	18580.9818
2013-05-05	18580.9818
2013-05-06	18613.7066
2013-05-07	18629.1276
2013-05-08	18707.2779
2013-05-09	18690.0463
2013-05-10	18723.7258
2013-05-11	18723.7258
2013-05-12	18723.7258
2013-05-13	18755.6399
2013-05-14	18785.1669
2013-05-15	18772.3221
2013-05-16	18784.7436
2013-05-17	18845.401
2013-05-18	18845.401
2013-05-19	18845.401
2013-05-20	18872.5951
2013-05-21	18855.0392
2013-05-22	18839.3389
2013-05-23	18645.8368
2013-05-24	18586.8908
2013-05-25	18586.8908
2013-05-26	18586.8908
2013-05-27	18593.052
2013-05-28	18621.2189
2013-05-29	18584.783
2013-05-30	18530.2058
2013-05-31	18536.1598
2013-06-01	18536.1598
2013-06-02	18536.1598
2013-06-03	18452.7581
2013-06-04	18480.1503
2013-06-05	18407.6388
2013-06-06	18353.3048
2013-06-07	18361.9521
2013-06-08	18361.9521
2013-06-09	18361.9521
2013-06-10	18378.2199
2013-06-11	18364.7895
2013-06-12	18291.3142
2013-06-13	18255.2837
2013-06-14	18352.5571
2013-06-15	18352.5571
2013-06-16	18352.5571
2013-06-17	18411.6472
2013-06-18	18436.2021
2013-06-19	18448.7047
2013-06-20	18320.2648
2013-06-21	18246.9516
2013-06-22	18246.9516
2013-06-23	18246.9516
2013-06-24	18116.6831
2013-06-25	18161.7664
2013-06-26	18257.1663
2013-06-27	18436.8416
2013-06-28	18473.7729
2013-06-29	18473.7729
2013-06-30	18473.7729
2013-07-01	18347.5219
2013-07-02	18510.3169
2013-07-03	18413.4938
2013-07-04	18450.236
2013-07-05	18529.9806
2013-07-06	18529.9806
2013-07-07	18529.9806
2013-07-08	18466.7109
2013-07-09	18578.7119
2013-07-10	18596.8803
2013-07-11	18713.8985
2013-07-12	18739.7865
2013-07-13	18739.7865
2013-07-14	18739.7865
2013-07-15	18741.3178
2013-07-16	18714.2048
2013-07-17	18710.6197
2013-07-18	18758.6665
2013-07-19	18742.3626
2013-07-20	18742.3626
2013-07-21	18742.3626
2013-07-22	18778.4382
2013-07-23	18794.8502
2013-07-24	18820.9092
2013-07-25	18799.0027
2013-07-26	18802.4526
2013-07-27	18802.4526
2013-07-28	18802.4526
2013-07-29	18815.5407
2013-07-30	18851.1749
2013-07-31	18852.2378
2013-08-01	18912.3998
2013-08-02	18956.0959
2013-08-03	18956.0959
2013-08-04	18956.0959
2013-08-05	18986.2805
2013-08-06	18944.6382
2013-08-07	18853.589
2013-08-08	18914.6788
2013-08-09	18855.7688
2013-08-10	18855.7688
2013-08-11	18855.7688
2013-08-12	18914.3185
2013-08-13	18970.445
2013-08-14	18941.9989
2013-08-15	18912.7151
2013-08-16	18845.1038
2013-08-17	18845.1038
2013-08-18	18845.1038
2013-08-19	18855.3274
2013-08-20	18851.7604
2013-08-21	18874.6488
2013-08-22	18844.7435
2013-08-23	18904.302
2013-08-24	18904.302
2013-08-25	18904.302
2013-08-26	18903.6894
2013-08-27	18906.3917
2013-08-28	18858.9665
2013-08-29	18875.1803
2013-08-30	18916.174
2013-08-31	18916.174
2013-09-01	18916.174
2013-09-02	18976.0838
2013-09-03	18948.9798
2013-09-04	18893.9972
2013-09-05	18889.7096
2013-09-06	18870.5413
2013-09-07	18870.5413
2013-09-08	18870.5413
2013-09-09	18939.675
2013-09-10	18958.0776
2013-09-11	18980.966
2013-09-12	19024.9863
2013-09-13	19020.9058
2013-09-14	19020.9058
2013-09-15	19020.9058
2013-09-16	19069.1778
2013-09-17	19076.6631
2013-09-18	19078.7439
2013-09-19	19175.1526
2013-09-20	19157.6057
2013-09-21	19157.6057
2013-09-22	19157.6057
2013-09-23	19124.7188
2013-09-24	19129.0515
2013-09-25	19179.3231
2013-09-26	19190.0152
2013-09-27	19209.6879
2013-09-28	19209.6879
2013-09-29	19209.6879
2013-09-30	19104.803
2013-10-01	19115.5761
2013-10-02	19132.9158
2013-10-03	19151.3995
2013-10-04	19095.6422
2013-10-05	19095.6422
2013-10-06	19095.6422
2013-10-07	19047.6855
2013-10-08	19006.7188
2013-10-09	19015.7625
2013-10-10	19034.9127
2013-10-11	19146.5353
2013-10-12	19146.5353
2013-10-13	19146.5353
2013-10-14	19120.6204
2013-10-15	19145.8598
2013-10-16	19155.1466
2013-10-17	19168.1897
2013-10-18	19247.52
2013-10-19	19247.52
2013-10-20	19247.52
2013-10-21	19291.4052
2013-10-22	19298.215
2013-10-23	19311.4832
2013-10-24	19339.3348
2013-10-25	19356.4403
2013-10-26	19356.4403
2013-10-27	19356.4403
2013-10-28	19420.1243
2013-10-29	19413.7649
2013-10-30	19441.4274
2013-10-31	19422.3672
2013-11-01	19413.1794
2013-11-02	19413.1794
2013-11-03	19413.1794
2013-11-04	19354.6388
2013-11-05	19381.0042
2013-11-06	19381.4365
2013-11-07	19381.4455
2013-11-08	19406.6939
2013-11-09	19406.6939
2013-11-10	19406.6939
2013-11-11	19389.066
2013-11-12	19407.964
2013-11-13	19347.0904
2013-11-14	19382.5715
2013-11-15	19442.4903
2013-11-16	19442.4903
2013-11-17	19442.4903
2013-11-18	19427.1052
2013-11-19	19400.1274
2013-11-20	19349.6396
2013-11-21	19353.2606
2013-11-22	19437.491
2013-11-23	19437.491
2013-11-24	19437.491
2013-11-25	19475.6114
2013-11-26	19493.2934
2013-11-27	19499.896
2013-11-28	19489.2669
2013-11-29	19473.4225
2013-11-30	19473.4225
2013-12-01	19473.4225
2013-12-02	19420.1604
2013-12-03	19387.1834
2013-12-04	19420.2054
2013-12-05	19302.3855
2013-12-06	19315.3295
2013-12-07	19315.3295
2013-12-08	19315.3295
2013-12-09	19314.7169
2013-12-10	19304.7545
2013-12-11	19281.9652
2013-12-12	19271.6154
2013-12-13	19292.8464
2013-12-14	19292.8464
2013-12-15	19292.8464
2013-12-16	19321.9411
2013-12-17	19351.9275
2013-12-18	19391.1107
2013-12-19	19484.2587
2013-12-20	19534.6384
2013-12-21	19534.6384
2013-12-22	19534.6384
2013-12-23	19575.2629
2013-12-24	19617.7879
2013-12-25	19618.5716
2013-12-26	19637.2714
2013-12-27	19634.0737
2013-12-28	19634.0737
2013-12-29	19634.0737
2013-12-30	19663.925
2013-12-31	19670.0863
2014-01-01	19671.0591
2014-01-02	19617.1574
2014-01-03	19624.8679
2014-01-04	19624.8679
2014-01-05	19624.8679
2014-01-06	19604.889
2014-01-07	19637.7759
2014-01-08	19666.3841
2014-01-09	19672.5994
2014-01-10	19668.9693
2014-01-11	19668.9693
2014-01-12	19668.9693
2014-01-13	19640.7484
2014-01-14	19599.3223
2014-01-15	19669.3026
2014-01-16	19761.3246
2014-01-17	19750.2362
2014-01-18	19750.2362
2014-01-19	19750.2362
2014-01-20	19734.0675
2014-01-21	19774.9982
2014-01-22	19740.499
2014-01-23	19696.1093
2014-01-24	19678.6615
2014-01-25	19678.6615
2014-01-26	19678.6615
2014-01-27	19647.9725
2014-01-28	19586.9728
2014-01-29	19623.0664
2014-01-30	19611.2574
2014-01-31	19621.3099
2014-02-01	19621.3099
2014-02-02	19621.3099
2014-02-03	19557.1395
2014-02-04	19448.6245
2014-02-05	19430.5552
2014-02-06	19501.8686
2014-02-07	19539.7638
2014-02-08	19539.7638
2014-02-09	19539.7638
2014-02-10	19592.2873
2014-02-11	19618.7698
2014-02-12	19675.8962
2014-02-13	19706.4951
2014-02-14	19766.504
2014-02-15	19766.504
2014-02-16	19766.504
2014-02-17	19790.8066
2014-02-18	19806.7051
2014-02-19	19827.6298
2014-02-20	19841.6277
2014-02-21	19858.7512
2014-02-22	19858.7512
2014-02-23	19858.7512
2014-02-24	19883.7204
2014-02-25	19881.2253
2014-02-26	19913.2024
2014-02-27	19928.047
2014-02-28	19957.2407
2014-03-01	19957.2407
2014-03-02	19957.2407
2014-03-03	19941.054
2014-03-04	19983.7412
2014-03-05	20006.4224
2014-03-06	19988.6234
2014-03-07	19992.8029
2014-03-08	19992.8029
2014-03-09	19992.8029
2014-03-10	19950.7552
2014-03-11	19971.9953
2014-03-12	19941.5945
2014-03-13	19908.8517
2014-03-14	19856.9227
2014-03-15	19856.9227
2014-03-16	19856.9227
2014-03-17	19852.4369
2014-03-18	19879.4778
2014-03-19	19910.365
2014-03-20	19851.3379
2014-03-21	19874.2444
2014-03-22	19874.2444
2014-03-23	19874.2444
2014-03-24	19856.2922
2014-03-25	19858.9044
2014-03-26	19876.3432
2014-03-27	19846.7801
2014-03-28	19880.937
2014-03-29	19880.937
2014-03-30	19880.937
2014-03-31	19907.1853
2014-04-01	19920.7508
2014-04-02	19945.801
2014-04-03	19961.2852
2014-04-04	19939.0363
2014-04-05	19939.0363
2014-04-06	19939.0363
2014-04-07	19920.994
2014-04-08	19907.4015
2014-04-09	19981.9667
2014-04-10	19977.598
2014-04-11	19912.698
2014-04-12	19912.698
2014-04-13	19912.698
2014-04-14	19867.5787
2014-04-15	19900.1413
2014-04-16	19967.5725
2014-04-17	20023.6631
2014-04-18	20027.3472
2014-04-19	20027.3472
2014-04-20	20027.3472
2014-04-21	20031.3015
2014-04-22	20054.5232
2014-04-23	20163.7228
2014-04-24	20197.1772
2014-04-25	20173.415
2014-04-26	20173.415
2014-04-27	20173.415
2014-04-28	20195.4027
2014-04-29	20150.1843
2014-04-30	20163.8669
2014-05-01	20143.4917
2014-05-02	20167.6772
2014-05-03	20167.6772
2014-05-04	20167.6772
2014-05-05	20172.226
2014-05-06	20158.9578
2014-05-07	20144.8969
2014-05-08	20168.7131
2014-05-09	20173.388
2014-05-10	20173.388
2014-05-11	20173.388
2014-05-12	20194.9163
2014-05-13	20233.568
2014-05-14	20252.403
2014-05-15	20259.6361
2014-05-16	20248.2325
2014-05-17	20248.2325
2014-05-18	20248.2325
2014-05-19	20214.5709
2014-05-20	20237.4323
2014-05-21	20291.5772
2014-05-22	20313.8711
2014-05-23	20338.507
2014-05-24	20338.507
2014-05-25	20338.507
2014-05-26	20370.7454
2014-05-27	20374.0061
2014-05-28	20392.9402
2014-05-29	20413.1713
2014-05-30	20385.4638
2014-05-31	20385.4638
2014-06-01	20385.4638
2014-06-02	20441.5274
2014-06-03	20390.6883
2014-06-04	20358.7382
2014-06-05	20359.8641
2014-06-06	20382.5093
2014-06-07	20382.5093
2014-06-08	20382.5093
2014-06-09	20385.9953
2014-06-10	20395.7956
2014-06-11	20364.3229
2014-06-12	20333.0394
2014-06-13	20348.3434
2014-06-14	20348.3434
2014-06-15	20348.3434
2014-06-16	20355.1351
2014-06-17	20396.7954
2014-06-18	20366.4397
2014-06-19	20458.3086
2014-06-20	20422.6293
2014-06-21	20422.6293
2014-06-22	20422.6293
2014-06-23	20436.1678
2014-06-24	20450.0126
2014-06-25	20432.4387
2014-06-26	20505.4726
2014-06-27	20494.8256
2014-06-28	20494.8256
2014-06-29	20494.8256
2014-06-30	20464.1996
2014-07-01	20469.379
2014-07-02	20573.6514
2014-07-03	20621.0136
2014-07-04	20621.1397
2014-07-05	20621.1397
2014-07-06	20621.1397
2014-07-07	20610.3755
2014-07-08	20582.4248
2014-07-09	20544.0613
2014-07-10	20563.0584
2014-07-11	20604.6827
2014-07-12	20604.6827
2014-07-13	20604.6827
2014-07-14	20634.2368
2014-07-15	20651.9728
2014-07-16	20678.2751
2014-07-17	20660.3409
2014-07-18	20677.9328
2014-07-19	20677.9328
2014-07-20	20677.9328
2014-07-21	20671.9157
2014-07-22	20708.0904
2014-07-23	20723.1962
2014-07-24	20740.9593
2014-07-25	20729.3304
2014-07-26	20729.3304
2014-07-27	20729.3304
2014-07-28	20723.3854
2014-07-29	20734.1855
2014-07-30	20796.6985
2014-07-31	20743.0761
2014-08-01	20645.2171
2014-08-02	20645.2171
2014-08-03	20645.2171
2014-08-04	20645.145
2014-08-05	20634.5881
2014-08-06	20622.752
2014-08-07	20645.6224
2014-08-08	20620.5812
2014-08-09	20620.5812
2014-08-10	20620.5812
2014-08-11	20630.5887
2014-08-12	20718.8455
2014-08-13	20691.3272
2014-08-14	20754.6329
2014-08-15	20773.2336
2014-08-16	20773.2336
2014-08-17	20773.2336
2014-08-18	20824.9645
2014-08-19	20860.7969
2014-08-20	20885.8921
2014-08-21	20885.4057
2014-08-22	20897.6381
2014-08-23	20897.6381
2014-08-24	20897.6381
2014-08-25	20911.5909
2014-08-26	20925.9221
2014-08-27	20941.9467
2014-08-28	20904.8712
2014-08-29	20918.1215
2014-08-30	20918.1215
2014-08-31	20918.1215
2014-09-01	20956.7642
2014-09-02	20993.1731
2014-09-03	21010.0534
2014-09-04	20974.7165
2014-09-05	20924.9493
2014-09-06	20924.9493
2014-09-07	20924.9493
2014-09-08	20917.527
2014-09-09	20937.2717
2014-09-10	20897.4309
2014-09-11	20868.1741
2014-09-12	20864.7062
2014-09-13	20864.7062
2014-09-14	20864.7062
2014-09-15	20772.9093
2014-09-16	20758.5242
2014-09-17	20721.2055
2014-09-18	20749.7958
2014-09-19	20778.1248
2014-09-20	20778.1248
2014-09-21	20778.1248
2014-09-22	20741.1034
2014-09-23	20807.3816
2014-09-24	20745.9495
2014-09-25	20758.1188
2014-09-26	20721.755
2014-09-27	20721.755
2014-09-28	20721.755
2014-09-29	20691.5524
2014-09-30	20726.4029
2014-10-01	20763.3883
2014-10-02	20694.5339
2014-10-03	20759.2358
2014-10-04	20759.2358
2014-10-05	20759.2358
2014-10-06	20753.8042
2014-10-07	20702.3075
2014-10-08	20706.6762
2014-10-09	20745.5171
2014-10-10	20609.745
2014-10-11	20609.745
2014-10-12	20609.745
2014-10-13	20555.8973
2014-10-14	20592.063
2014-10-15	20588.0546
2014-10-16	20649.0543
2014-10-17	20679.6443
2014-10-18	20679.6443
2014-10-19	20679.6443
2014-10-20	20706.3519
2014-10-21	20772.8553
2014-10-22	20814.7768
2014-10-23	20858.7341
2014-10-24	20874.8398
2014-10-25	20874.8398
2014-10-26	20874.8398
2014-10-27	20929.372
2014-10-28	20950.5129
2014-10-29	20927.9668
2014-10-30	20986.3183
2014-10-31	21114.3979
2014-11-01	21114.3979
2014-11-02	21114.3979
2014-11-03	21134.3949
2014-11-04	21134.4129
2014-11-05	21184.0269
2014-11-06	21191.7195
2014-11-07	21216.2292
2014-11-08	21216.2292
2014-11-09	21216.2292
2014-11-10	21229.6146
2014-11-11	21238.6493
2014-11-12	21185.5763
2014-11-13	21175.0824
2014-11-14	21183.4775
2014-11-15	21183.4775
2014-11-16	21183.4775
2014-11-17	21148.8341
2014-11-18	21142.0874
2014-11-19	21137.0791
2014-11-20	21113.0377
2014-11-21	21097.5266
2014-11-22	21097.5266
2014-11-23	21097.5266
2014-11-24	21174.1005
2014-11-25	21166.435
2014-11-26	21281.5706
2014-11-27	21293.9922
2014-11-28	21250.6024
2014-11-29	21250.6024
2014-11-30	21250.6024
2014-12-01	21205.4201
2014-12-02	21293.2716
2014-12-03	21359.6488
2014-12-04	21400.2733
2014-12-05	21415.7664
2014-12-06	21415.7664
2014-12-07	21415.7664
2014-12-08	21419.0902
2014-12-09	21326.0774
2014-12-10	21332.734
2014-12-11	21356.3971
2014-12-12	21331.491
2014-12-13	21331.491
2014-12-14	21331.491
2014-12-15	21290.4342
2014-12-16	21269.7616
2014-12-17	21349.0288
2014-12-18	21417.7121
2014-12-19	21546.7645
2014-12-20	21546.7645
2014-12-21	21546.7645
2014-12-22	21691.4632
2014-12-23	21627.8332
2014-12-24	21643.1102
2014-12-25	21643.2723
2014-12-26	21646.1818
2014-12-27	21646.1818
2014-12-28	21646.1818
2014-12-29	21757.2099
2014-12-30	21679.474
2014-12-31	21640.3178
2015-01-01	21640.9303
2015-01-02	21670.6916
2015-01-03	21670.6916
2015-01-04	21670.6916
2015-01-05	21696.1291
2015-01-06	21595.739
2015-01-07	21659.2249
2015-01-08	21731.5292
2015-01-09	21780.3416
2015-01-10	21780.3416
2015-01-11	21780.3416
2015-01-12	21749.5084
2015-01-13	21777.9095
2015-01-14	21749.4093
2015-01-15	21705.1188
2015-01-16	21738.5371
2015-01-17	21738.5371
2015-01-18	21738.5371
2015-01-19	21700.1736
2015-01-20	21703.6956
2015-01-21	21857.4289
2015-01-22	21904.3587
2015-01-23	22047.6432
2015-01-24	22047.6432
2015-01-25	22047.6432
2015-01-26	22060.9205
2015-01-27	22097.9959
2015-01-28	22072.7835
2015-01-29	22171.1649
2015-01-30	22154.0234
2015-01-31	22154.0234
2015-02-01	22154.0234
2015-02-02	22213.2396
2015-02-03	22413.2902
2015-02-04	22419.4334
2015-02-05	22478.9649
2015-02-06	22450.2666
2015-02-07	22450.2666
2015-02-08	22450.2666
2015-02-09	22389.6542
2015-02-10	22422.2168
2015-02-11	22436.4489
2015-02-12	22435.9715
2015-02-13	22551.5034
2015-02-14	22551.5034
2015-02-15	22551.5034
2015-02-16	22501.5651
2015-02-17	22490.0443
2015-02-18	22531.9749
2015-02-19	22525.1921
2015-02-20	22503.2855
2015-02-21	22503.2855
2015-02-22	22503.2855
2015-02-23	22547.6482
2015-02-24	22557.2413
2015-02-25	22593.1728
2015-02-26	22571.8337
2015-02-27	22615.4937
2015-02-28	22615.4937
2015-03-01	22615.4937
2015-03-02	22691.0227
2015-03-03	22644.9216
2015-03-04	22601.1895
2015-03-05	22620.0245
2015-03-06	22629.7708
2015-03-07	22629.7708
2015-03-08	22629.7708
2015-03-09	22467.246
2015-03-10	22474.7313
2015-03-11	22541.3788
2015-03-12	22612.8634
2015-03-13	22574.3198
2015-03-14	22574.3198
2015-03-15	22574.3198
2015-03-16	22577.9949
2015-03-17	22625.0958
2015-03-18	22637.8056
2015-03-19	22818.1025
2015-03-20	22808.0049
2015-03-21	22808.0049
2015-03-22	22808.0049
2015-03-23	22747.8249
2015-03-24	22762.8676
2015-03-25	22733.9982
2015-03-26	22614.2867
2015-03-27	22699.5439
2015-03-28	22699.5439
2015-03-29	22699.5439
2015-03-30	22686.9693
2015-03-31	22706.633
2015-04-01	22705.9754
2015-04-02	22762.6965
2015-04-03	22755.2382
2015-04-04	22755.2382
2015-04-05	22755.2382
2015-04-06	22760.1924
2015-04-07	22781.2792
2015-04-08	22833.0371
2015-04-09	22828.5693
2015-04-10	22897.5588
2015-04-11	22897.5588
2015-04-12	22897.5588
2015-04-13	22941.2549
2015-04-14	22916.3398
2015-04-15	22896.2617
2015-04-16	22859.5916
2015-04-17	22748.3653
2015-04-18	22748.3653
2015-04-19	22748.3653
2015-04-20	22735.2412
2015-04-21	22773.3165
2015-04-22	22749.7705
2015-04-23	22742.6455
2015-04-24	22822.4712
2015-04-25	22822.4712
2015-04-26	22822.4712
2015-04-27	22867.6715
2015-04-28	22778.3247
2015-04-29	22636.5175
2015-04-30	22609.981
2015-05-01	22633.8693
2015-05-02	22633.8693
2015-05-03	22633.8693
2015-05-04	22668.0983
2015-05-05	22621.4027
2015-05-06	22405.94
2015-05-07	22313.1163
2015-05-08	22417.3166
2015-05-09	22417.3166
2015-05-10	22417.3166
2015-05-11	22410.7861
2015-05-12	22376.1337
2015-05-13	22402.427
2015-05-14	22389.6362
2015-05-15	22511.9599
2015-05-16	22511.9599
2015-05-17	22511.9599
2015-05-18	22502.0965
2015-05-19	22474.4161
2015-05-20	22590.4344
2015-05-21	22643.2282
2015-05-22	22686.582
2015-05-23	22686.582
2015-05-24	22686.582
2015-05-25	22754.2203
2015-05-26	22793.4125
2015-05-27	22787.5486
2015-05-28	22810.8693
2015-05-29	22865.3205
2015-05-30	22865.3205
2015-05-31	22865.3205
2015-06-01	22839.4416
2015-06-02	22692.1847
2015-06-03	22606.5221
2015-06-04	22471.0202
2015-06-05	22472.2903
2015-06-06	22472.2903
2015-06-07	22472.2903
2015-06-08	22454.5452
2015-06-09	22427.6664
2015-06-10	22423.7391
2015-06-11	22444.1504
2015-06-12	22462.7422
2015-06-13	22462.7422
2015-06-14	22462.7422
2015-06-15	22444.889
2015-06-16	22440.9887
2015-06-17	22525.8046
2015-06-18	22448.8704
2015-06-19	22578.6524
2015-06-20	22578.6524
2015-06-21	22578.6524
2015-06-22	22626.0506
2015-06-23	22697.4001
2015-06-24	22676.8177
2015-06-25	22568.8972
2015-06-26	22504.1953
2015-06-27	22504.1953
2015-06-28	22504.1953
2015-06-29	22319.3856
2015-06-30	22370.3688
2015-07-01	22516.779
2015-07-02	22584.048
2015-07-03	22578.7065
2015-07-04	22578.7065
2015-07-05	22578.7065
2015-07-06	22523.5437
2015-07-07	22692.2207
2015-07-08	22600.3068
2015-07-09	22628.6448
2015-07-10	22634.5899
2015-07-11	22634.5899
2015-07-12	22634.5899
2015-07-13	22638.31
2015-07-14	22750.4461
2015-07-15	22813.0852
2015-07-16	22894.7485
2015-07-17	22913.5114
2015-07-18	22913.5114
2015-07-19	22913.5114
2015-07-20	22941.0207
2015-07-21	22955.8653
2015-07-22	22867.5274
2015-07-23	22872.6257
2015-07-24	22877.661
2015-07-25	22877.661
2015-07-26	22877.661
2015-07-27	22916.2317
2015-07-28	22916.2857
2015-07-29	22978.2132
2015-07-30	23005.6775
2015-07-31	23069.6948
2015-08-01	23069.6948
2015-08-02	23069.6948
2015-08-03	23062.5968
2015-08-04	23074.8382
2015-08-05	23071.5143
2015-08-06	23012.5143
2015-08-07	22876.6161
2015-08-08	22876.6161
2015-08-09	22876.6161
2015-08-10	22980.5012
2015-08-11	22915.5921
2015-08-12	22824.1466
2015-08-13	22805.9332
2015-08-14	22769.4432
2015-08-15	22769.4432
2015-08-16	22769.4432
2015-08-17	22800.3935
2015-08-18	22760.886
2015-08-19	22833.3974
2015-08-20	22742.3122
2015-08-21	22595.9111
2015-08-22	22595.9111
2015-08-23	22595.9111
2015-08-24	22328.4473
2015-08-25	22506.3571
2015-08-26	22562.9792
2015-08-27	22651.9116
2015-08-28	22652.416
2015-08-29	22652.416
2015-08-30	22652.416
2015-08-31	22616.8989
2015-09-01	22445.6727
2015-09-02	22487.4591
2015-09-03	22368.7385
2015-09-04	22423.0095
2015-09-05	22423.0095
2015-09-06	22423.0095
2015-09-07	22438.5296
2015-09-08	22563.0512
2015-09-09	22669.0891
2015-09-10	22508.1407
2015-09-11	22472.7046
2015-09-12	22472.7046
2015-09-13	22472.7046
2015-09-14	22493.4942
2015-09-15	22449.1857
2015-09-16	22499.8086
2015-09-17	22527.8133
2015-09-18	22545.2701
2015-09-19	22545.2701
2015-09-20	22545.2701
2015-09-21	22483.4597
2015-09-22	22544.3604
2015-09-23	22478.2983
2015-09-24	22625.8344
2015-09-25	22588.5428
2015-09-26	22588.5428
2015-09-27	22588.5428
2015-09-28	22640.4448
2015-09-29	22401.3821
2015-09-30	22564.1321
2015-10-01	22682.6907
2015-10-02	22623.9068
2015-10-03	22623.9068
2015-10-04	22623.9068
2015-10-05	22803.7443
2015-10-06	22794.5115
2015-10-07	22768.8217
2015-10-08	22746.9782
2015-10-09	22786.1794
2015-10-10	22786.1794
2015-10-11	22786.1794
2015-10-12	22709.02
2015-10-13	22737.8264
2015-10-14	22755.3643
2015-10-15	22811.653
2015-10-16	22925.4014
2015-10-17	22925.4014
2015-10-18	22925.4014
2015-10-19	22890.8842
2015-10-20	22909.4129
2015-10-21	22900.2251
2015-10-22	22960.261
2015-10-23	23138.5762
2015-10-24	23138.5762
2015-10-25	23138.5762
2015-10-26	23094.1956
2015-10-27	23120.7141
2015-10-28	23213.9611
2015-10-29	23157.4382
2015-10-30	23124.3081
2015-10-31	23124.3081
2015-11-01	23124.3081
2015-11-02	23058.2101
2015-11-03	23115.1473
2015-11-04	23103.4824
2015-11-05	23019.8285
2015-11-06	23067.4879
2015-11-07	23067.4879
2015-11-08	23067.4879
2015-11-09	22888.0828
2015-11-10	22856.9614
2015-11-11	22898.8289
2015-11-12	22829.9025
2015-11-13	22732.1606
2015-11-14	22732.1606
2015-11-15	22732.1606
2015-11-16	22700.9491
2015-11-17	22868.7164
2015-11-18	22931.4726
2015-11-19	23033.8714
2015-11-20	23073.0006
2015-11-21	23073.0006
2015-11-22	23073.0006
2015-11-23	23103.2843
2015-11-24	23025.5664
2015-11-25	22998.4174
2015-11-26	23069.6498
2015-11-27	23070.9198
2015-11-28	23070.9198
2015-11-29	23070.9198
2015-11-30	23001.3088
2015-12-01	23108.842
2015-12-02	23067.605
2015-12-03	23015.0905
2015-12-04	22879.1472
2015-12-05	22879.1472
2015-12-06	22879.1472
2015-12-07	22891.2265
2015-12-08	22941.1648
2015-12-09	22902.432
2015-12-10	22815.8145
2015-12-11	22782.6574
2015-12-12	22782.6574
2015-12-13	22782.6574
2015-12-14	22662.5316
2015-12-15	22695.2473
2015-12-16	22855.8805
2015-12-17	22948.434
2015-12-18	22954.316
2015-12-19	22954.316
2015-12-20	22954.316
2015-12-21	22953.3341
2015-12-22	22986.4552
2015-12-23	23030.2143
2015-12-24	23081.1165
2015-12-25	23084.9717
2015-12-26	23084.9717
2015-12-27	23084.9717
2015-12-28	23085.4492
2015-12-29	23233.823
2015-12-30	23286.0402
2015-12-31	23226.9862
2016-01-01	23226.9862
2016-01-02	23226.9862
2016-01-03	23226.9862
2016-01-04	23176.4713
2016-01-05	23084.134
2016-01-06	23035.6099
2016-01-07	22892.8028
2016-01-08	22872.6888
2016-01-09	22872.6888
2016-01-10	22872.6888
2016-01-11	22819.0483
2016-01-12	22837.9103
2016-01-13	22889.2628
2016-01-14	22822.0478
2016-01-15	22801.1951
2016-01-16	22801.1951
2016-01-17	22801.1951
2016-01-18	22788.1881
2016-01-19	22878.4446
2016-01-20	22890.2176
2016-01-21	22914.0608
2016-01-22	22977.6007
2016-01-23	22977.6007
2016-01-24	22977.6007
2016-01-25	23080.2427
2016-01-26	23087.674
2016-01-27	23058.5253
2016-01-28	23113.9493
2016-01-29	23194.7568
2016-01-30	23194.7568
2016-01-31	23194.7568
2016-02-01	23263.386
2016-02-02	23169.8237
2016-02-03	23077.5585
2016-02-04	23149.2593
2016-02-05	23119.6692
2016-02-06	23119.6692
2016-02-07	23119.6692
2016-02-08	23100.0866
2016-02-09	22987.7523
2016-02-10	22916.7001
2016-02-11	23004.5426
2016-02-12	22957.3966
2016-02-13	22957.3966
2016-02-14	22957.3966
2016-02-15	22999.4713
2016-02-16	23128.4606
2016-02-17	23102.906
2016-02-18	23221.7978
2016-02-19	23192.3608
2016-02-20	23192.3608
2016-02-21	23192.3608
2016-02-22	23261.1882
2016-02-23	23194.91
2016-02-24	23135.3605
2016-02-25	23185.8032
2016-02-26	23228.8778
2016-02-27	23228.8778
2016-02-28	23228.8778
2016-02-29	23205.575
2016-03-01	23279.6538
2016-03-02	23323.7372
2016-03-03	23304.5149
2016-03-04	23252.1175
2016-03-05	23252.1175
2016-03-06	23252.1175
2016-03-07	23222.113
2016-03-08	23210.295
2016-03-09	23278.2756
2016-03-10	23290.0396
2016-03-11	23300.1822
2016-03-12	23300.1822
2016-03-13	23300.1822
2016-03-14	23291.5169
2016-03-15	23229.0129
2016-03-16	23240.2634
2016-03-17	23270.7272
2016-03-18	23309.0277
2016-03-19	23309.0277
2016-03-20	23309.0277
2016-03-21	23305.4517
2016-03-22	23313.9909
2016-03-23	23308.9917
2016-03-24	23301.3172
2016-03-25	23304.1906
2016-03-26	23304.1906
2016-03-27	23304.1906
2016-03-28	23300.4705
2016-03-29	23261.7556
2016-03-30	23328.4032
2016-03-31	23410.787
2016-04-01	23285.4457
2016-04-02	23285.4457
2016-04-03	23285.4457
2016-04-04	23333.4384
2016-04-05	23277.9964
2016-04-06	23336.9694
2016-04-07	23381.278
2016-04-08	23395.402
2016-04-09	23395.402
2016-04-10	23395.402
2016-04-11	23383.683
2016-04-12	23399.7436
2016-04-13	23448.7992
2016-04-14	23465.3012
2016-04-15	23504.5475
2016-04-16	23504.5475
2016-04-17	23504.5475
2016-04-18	23552.7474
2016-04-19	23546.5862
2016-04-20	23576.7527
2016-04-21	23579.2929
2016-04-22	23527.8503
2016-04-23	23527.8503
2016-04-24	23527.8503
2016-04-25	23522.7609
2016-04-26	23528.1025
2016-04-27	23573.51
2016-04-28	23625.394
2016-04-29	23646.3547
2016-04-30	23646.3547
2016-05-01	23646.3547
2016-05-02	23674.2514
2016-05-03	23862.3849
2016-05-04	23845.964
2016-05-05	23855.9715
2016-05-06	23972.8906
2016-05-07	23972.8906
2016-05-08	23972.8906
2016-05-09	24011.3532
2016-05-10	24092.0887
2016-05-11	24070.6235
2016-05-12	24026.8644
2016-05-13	23999.238
2016-05-14	23999.238
2016-05-15	23999.238
2016-05-16	24065.7503
2016-05-17	24091.4852
2016-05-18	24048.9151
2016-05-19	24012.9115
2016-05-20	24027.3508
2016-05-21	24027.3508
2016-05-22	24027.3508
2016-05-23	24000.3099
2016-05-24	24001.3367
2016-05-25	24096.2772
2016-05-26	24084.8646
2016-05-27	24141.1623
2016-05-28	24141.1623
2016-05-29	24141.1623
2016-05-30	24150.4672
2016-05-31	24077.5774
2016-06-01	24083.0
2016-06-02	24071.7044
2016-06-03	24134.5147
2016-06-04	24134.5147
2016-06-05	24134.5147
2016-06-06	24189.0739
2016-06-07	24166.9061
2016-06-08	24172.4638
2016-06-09	24179.9312
2016-06-10	24140.2976
2016-06-11	24140.2976
2016-06-12	24140.2976
2016-06-13	24114.3285
2016-06-14	24035.4036
2016-06-15	23972.3051
2016-06-16	24042.9971
2016-06-17	24042.7989
2016-06-18	24042.7989
2016-06-19	24042.7989
2016-06-20	24091.2239
2016-06-21	24141.8649
2016-06-22	24117.5533
2016-06-23	24129.4073
2016-06-24	23962.4868
2016-06-25	23962.4868
2016-06-26	23962.4868
2016-06-27	24078.3881
2016-06-28	24069.9389
2016-06-29	24153.3136
2016-06-30	24317.3157
2016-07-01	24362.7232
2016-07-02	24362.7232
2016-07-03	24362.7232
2016-07-04	24411.7968
2016-07-05	24377.5227
2016-07-06	24399.105
2016-07-07	24455.2046
2016-07-08	24464.1582
2016-07-09	24464.1582
2016-07-10	24464.1582
2016-07-11	24603.2541
2016-07-12	24571.1239
2016-07-13	24552.6222
2016-07-14	24614.2254
2016-07-15	24616.9007
2016-07-16	24616.9007
2016-07-17	24616.9007
2016-07-18	24674.1712
2016-07-19	24724.1546
2016-07-20	24851.2163
2016-07-21	24860.0258
2016-07-22	24867.1058
2016-07-23	24867.1058
2016-07-24	24867.1058
2016-07-25	24909.775
2016-07-26	24913.8915
2016-07-27	24897.975
2016-07-28	24929.0784
2016-07-29	24954.8132
2016-07-30	24954.8132
2016-07-31	24954.8132
2016-08-01	24986.8714
2016-08-02	24908.0816
2016-08-03	24773.8768
2016-08-04	24764.5178
2016-08-05	24773.9578
2016-08-06	24773.9578
2016-08-07	24773.9578
2016-08-08	24781.4252
2016-08-09	24763.0766
2016-08-10	24776.6421
2016-08-11	24757.9062
2016-08-12	24774.8946
2016-08-13	24774.8946
2016-08-14	24774.8946
2016-08-15	24792.5316
2016-08-16	24729.4691
2016-08-17	24759.5997
2016-08-18	24696.1679
2016-08-19	24768.1119
2016-08-20	24768.1119
2016-08-21	24768.1119
2016-08-22	24785.6588
2016-08-23	24835.444
2016-08-24	24860.4131
2016-08-25	24882.3467
2016-08-26	24820.3742
2016-08-27	24820.3742
2016-08-28	24820.3742
2016-08-29	24779.7588
2016-08-30	24802.8183
2016-08-31	24754.2942
2016-09-01	24732.4777
2016-09-02	24645.3558
2016-09-03	24645.3558
2016-09-04	24645.3558
2016-09-05	24672.2886
2016-09-06	24604.3981
2016-09-07	24590.7785
2016-09-08	24552.6672
2016-09-09	24393.2771
2016-09-10	24393.2771
2016-09-11	24393.2771
2016-09-12	24193.0103
2016-09-13	24174.5176
2016-09-14	24199.6759
2016-09-15	24140.0093
2016-09-16	24245.9932
2016-09-17	24245.9932
2016-09-18	24245.9932
2016-09-19	24210.0797
2016-09-20	24225.4377
2016-09-21	24318.4416
2016-09-22	24359.021
2016-09-23	24479.9666
2016-09-24	24479.9666
2016-09-25	24479.9666
2016-09-26	24475.3276
2016-09-27	24460.6182
2016-09-28	24495.7389
2016-09-29	24526.1307
2016-09-30	24523.6806
2016-10-01	24523.6806
2016-10-02	24523.6806
2016-10-03	24543.3623
2016-10-04	24482.7049
2016-10-05	24365.0471
2016-10-06	24377.6758
2016-10-07	24281.9967
2016-10-08	24281.9967
2016-10-09	24281.9967
2016-10-10	24264.9362
2016-10-11	24228.3202
2016-10-12	24195.3793
2016-10-13	24195.1631
2016-10-14	24214.8718
2016-10-15	24214.8718
2016-10-16	24214.8718
2016-10-17	24086.7562
2016-10-18	24118.6522
2016-10-19	24170.9956
2016-10-20	24204.1347
2016-10-21	24188.9388
2016-10-22	24188.9388
2016-10-23	24188.9388
2016-10-24	24162.096
2016-10-25	24202.4052
2016-10-26	24060.4629
2016-10-27	23969.5398
2016-10-28	23902.3878
2016-10-29	23902.3878
2016-10-30	23902.3878
2016-10-31	23986.7624
2016-11-01	23945.6425
2016-11-02	23877.761
2016-11-03	23850.8281
2016-11-04	23819.7698
2016-11-05	23819.7698
2016-11-06	23819.7698
2016-11-07	23915.575
2016-11-08	23902.4689
2016-11-09	23870.3567
2016-11-10	23873.0139
2016-11-11	23749.3301
2016-11-12	23749.3301
2016-11-13	23749.3301
2016-11-14	23742.223
2016-11-15	23682.6285
2016-11-16	23721.2352
2016-11-17	23841.4061
2016-11-18	23833.9748
2016-11-19	23833.9748
2016-11-20	23833.9748
2016-11-21	23808.6814
2016-11-22	23883.4448
2016-11-23	23990.6897
2016-11-24	23973.6202
2016-11-25	24007.8583
2016-11-26	24007.8583
2016-11-27	24007.8583
2016-11-28	23994.3198
2016-11-29	24022.6758
2016-11-30	24068.8129
2016-12-01	23963.4866
2016-12-02	23867.8345
2016-12-03	23867.8345
2016-12-04	23867.8345
2016-12-05	23883.4177
2016-12-06	23978.1241
2016-12-07	24069.6056
2016-12-08	24163.5102
2016-12-09	24158.3128
2016-12-10	24158.3128
2016-12-11	24158.3128
2016-12-12	24151.9624
2016-12-13	24204.9093
2016-12-14	24239.3365
2016-12-15	24178.6251
2016-12-16	24197.7122
2016-12-17	24197.7122
2016-12-18	24197.7122
2016-12-19	24274.3222
2016-12-20	24316.9373
2016-12-21	24303.4529
2016-12-22	24349.7792
2016-12-23	24359.4354
2016-12-24	24359.4354
2016-12-25	24359.4354
2016-12-26	24358.5977
2016-12-27	24358.4896
2016-12-28	24424.1552
2016-12-29	24468.3377
2016-12-30	24464.7076
2016-12-31	24464.7076
2017-01-01	24464.7076
2017-01-02	24466.4191
2017-01-03	24583.0229
2017-01-04	24531.7064
2017-01-05	24529.8689
2017-01-06	24613.0184
2017-01-07	24613.0184
2017-01-08	24613.0184
2017-01-09	24656.0749
2017-01-10	24619.8101
2017-01-11	24615.4775
2017-01-12	24558.3871
2017-01-13	24520.1046
2017-01-14	24520.1046
2017-01-15	24520.1046
2017-01-16	24552.9555
2017-01-17	24457.2313
2017-01-18	24454.1507
2017-01-19	24409.0314
2017-01-20	24382.9813
2017-01-21	24382.9813
2017-01-22	24382.9813
2017-01-23	24342.4289
2017-01-24	24410.2565
2017-01-25	24389.611
2017-01-26	24393.3221
2017-01-27	24437.7928
2017-01-28	24437.7928
2017-01-29	24437.7928
2017-01-30	24361.1828
2017-01-31	24343.7711
2017-02-01	24404.2394
2017-02-02	24322.6842
2017-02-03	24368.0287
2017-02-04	24368.0287
2017-02-05	24368.0287
2017-02-06	24342.2668
2017-02-07	24440.2339
2017-02-08	24490.8928
2017-02-09	24600.4527
2017-02-10	24612.613
2017-02-11	24612.613
2017-02-12	24612.613
2017-02-13	24678.9273
2017-02-14	24679.5038
2017-02-15	24687.1152
2017-02-16	24635.5645
2017-02-17	24667.1633
2017-02-18	24667.1633
2017-02-19	24667.1633
2017-02-20	24668.1181
2017-02-21	24671.496
2017-02-22	24713.1203
2017-02-23	24704.563
2017-02-24	24694.3934
2017-02-25	24694.3934
2017-02-26	24694.3934
2017-02-27	24711.7871
2017-02-28	24676.8105
2017-03-01	24725.1905
2017-03-02	24761.5093
2017-03-03	24733.3334
2017-03-04	24733.3334
2017-03-05	24733.3334
2017-03-06	24729.2349
2017-03-07	24754.7536
2017-03-08	24759.9059
2017-03-09	24747.8807
2017-03-10	24743.2148
2017-03-11	24743.2148
2017-03-12	24743.2148
2017-03-13	24696.267
2017-03-14	24667.974
2017-03-15	24730.469
2017-03-16	24785.2894
2017-03-17	24807.196
2017-03-18	24807.196
2017-03-19	24807.196
2017-03-20	24760.0951
2017-03-21	24741.8096
2017-03-22	24697.7622
2017-03-23	24757.2397
2017-03-24	24826.9948
2017-03-25	24826.9948
2017-03-26	24826.9948
2017-03-27	24866.3672
2017-03-28	24975.4046
2017-03-29	25026.514
2017-03-30	25059.2477
2017-03-31	25006.8953
2017-04-01	25006.8953
2017-04-02	25006.8953
2017-04-03	25032.423
2017-04-04	25044.9436
2017-04-05	25070.4893
2017-04-06	25068.6157
2017-04-07	25111.7893
2017-04-08	25111.7893
2017-04-09	25111.7893
2017-04-10	25145.7571
2017-04-11	25153.6388
2017-04-12	25212.9
2017-04-13	25194.8577
2017-04-14	25193.9209
2017-04-15	25193.9209
2017-04-16	25193.9209
2017-04-17	25206.0002
2017-04-18	25189.0748
2017-04-19	25123.5983
2017-04-20	25164.0336
2017-04-21	25190.462
2017-04-22	25190.462
2017-04-23	25190.462
2017-04-24	25211.8101
2017-04-25	25231.2936
2017-04-26	25277.5929
2017-04-27	25286.5194
2017-04-28	25301.4721
2017-04-29	25301.4721
2017-04-30	25301.4721
2017-05-01	25382.4508
2017-05-02	25406.0778
2017-05-03	25387.7473
2017-05-04	25402.1145
2017-05-05	25362.7871
2017-05-06	25362.7871
2017-05-07	25362.7871
2017-05-08	25397.5116
2017-05-09	25393.1969
2017-05-10	25434.4879
2017-05-11	25448.4587
2017-05-12	25374.3259
2017-05-13	25374.3259
2017-05-14	25374.3259
2017-05-15	25386.4772
2017-05-16	25444.4503
2017-05-17	25321.2799
2017-05-18	25321.0637
2017-05-19	25301.5532
2017-05-20	25301.5532
2017-05-21	25301.5532
2017-05-22	25358.5445
2017-05-23	25376.812
2017-05-24	25412.8786
2017-05-25	25461.2586
2017-05-26	25460.8983
2017-05-27	25460.8983
2017-05-28	25460.8983
2017-05-29	25440.9914
2017-05-30	25445.6754
2017-05-31	25460.3668
2017-06-01	25569.8727
2017-06-02	25647.7527
2017-06-03	25647.7527
2017-06-04	25647.7527
2017-06-05	25627.1162
2017-06-06	25459.7363
2017-06-07	25403.2674
2017-06-08	25369.8581
2017-06-09	25371.5966
2017-06-10	25371.5966
2017-06-11	25371.5966
2017-06-12	25361.7242
2017-06-13	25508.6658
2017-06-14	25576.0159
2017-06-15	25554.7309
2017-06-16	25542.2733
2017-06-17	25542.2733
2017-06-18	25542.2733
2017-06-19	25613.1364
2017-06-20	25517.0429
2017-06-21	25463.2043
2017-06-22	25489.4885
2017-06-23	25501.5858
2017-06-24	25501.5858
2017-06-25	25501.5858
2017-06-26	25622.6484
2017-06-27	25588.7257
2017-06-28	25594.6617
2017-06-29	25595.1842
2017-06-30	25419.1479
2017-07-01	25419.1479
2017-07-02	25419.1479
2017-07-03	25380.6312
2017-07-04	25537.9046
2017-07-05	25454.2777
2017-07-06	25443.4955
2017-07-07	25328.7923
2017-07-08	25328.7923
2017-07-09	25328.7923
2017-07-10	25367.0117
2017-07-11	25333.4042
2017-07-12	25264.5858
2017-07-13	25373.8395
2017-07-14	25413.0677
2017-07-15	25413.0677
2017-07-16	25413.0677
2017-07-17	25403.5737
2017-07-18	25330.6118
2017-07-19	25369.759
2017-07-20	25422.9581
2017-07-21	25401.7632
2017-07-22	25401.7632
2017-07-23	25401.7632
2017-07-24	25354.0047
2017-07-25	25420.8413
2017-07-26	25400.6282
2017-07-27	25419.5622
2017-07-28	25291.4376
2017-07-29	25291.4376
2017-07-30	25291.4376
2017-07-31	25335.8543
2017-08-01	25425.6964
2017-08-02	25393.5842
2017-08-03	25418.2922
2017-08-04	25444.8647
2017-08-05	25444.8647
2017-08-06	25444.8647
2017-08-07	25491.8215
2017-08-08	25437.9378
2017-08-09	25433.2989
2017-08-10	25403.2314
2017-08-11	25350.861
2017-08-12	25350.861
2017-08-13	25350.861
2017-08-14	25367.372
2017-08-15	25464.6725
2017-08-16	25496.2172
2017-08-17	25484.6154
2017-08-18	25440.6041
2017-08-19	25440.6041
2017-08-20	25440.6041
2017-08-21	25398.8537
2017-08-22	25478.7965
2017-08-23	25498.5772
2017-08-24	25494.3617
2017-08-25	25467.2036
2017-08-26	25467.2036
2017-08-27	25467.2036
2017-08-28	25417.7427
2017-08-29	25380.4331
2017-08-30	25431.029
2017-08-31	25505.7653
2017-09-01	25524.7444
2017-09-02	25524.7444
2017-09-03	25524.7444
2017-09-04	25520.6099
2017-09-05	25459.4841
2017-09-06	25492.0557
2017-09-07	25461.1055
2017-09-08	25482.967
2017-09-09	25482.967
2017-09-10	25482.967
2017-09-11	25569.2872
2017-09-12	25587.0683
2017-09-13	25557.1719
2017-09-14	25512.8273
2017-09-15	25475.4186
2017-09-16	25475.4186
2017-09-17	25475.4186
2017-09-18	25528.7078
2017-09-19	25515.989
2017-09-20	25492.6232
2017-09-21	25433.7403
2017-09-22	25458.2861
2017-09-23	25458.2861
2017-09-24	25458.2861
2017-09-25	25462.0603
2017-09-26	25488.2815
2017-09-27	25487.3808
2017-09-28	25467.3568
2017-09-29	25520.1145
2017-09-30	25520.1145
2017-10-01	25520.1145
2017-10-02	25561.4686
2017-10-03	25547.4437
2017-10-04	25435.9291
2017-10-05	25486.7862
2017-10-06	25560.5318
2017-10-07	25560.5318
2017-10-08	25560.5318
2017-10-09	25606.4617
2017-10-10	25595.6345
2017-10-11	25662.9937
2017-10-12	25685.1885
2017-10-13	25687.4494
2017-10-14	25687.4494
2017-10-15	25687.4494
2017-10-16	25733.4424
2017-10-17	25759.1862
2017-10-18	25803.1165
2017-10-19	25774.6884
2017-10-20	25828.0676
2017-10-21	25828.0676
2017-10-22	25828.0676
2017-10-23	25780.0389
2017-10-24	25831.1843
2017-10-25	25827.5992
2017-10-26	25836.5348
2017-10-27	25846.7314
2017-10-28	25846.7314
2017-10-29	25846.7314
2017-10-30	25872.6734
2017-10-31	25896.2464
2017-11-01	25915.2165
2017-11-02	25928.4487
2017-11-03	26019.7772
2017-11-04	26019.7772
2017-11-05	26019.7772
2017-11-06	26032.4149
2017-11-07	26072.0755
2017-11-08	26076.2821
2017-11-09	26112.0604
2017-11-10	26121.4914
2017-11-11	26121.4914
2017-11-12	26121.4914
2017-11-13	26117.1227
2017-11-14	26051.2408
2017-11-15	26041.7648
2017-11-16	26045.566
2017-11-17	26073.6428
2017-11-18	26073.6428
2017-11-19	26073.6428
2017-11-20	26063.7795
2017-11-21	26094.3244
2017-11-22	26127.5175
2017-11-23	26141.3713
2017-11-24	26161.9807
2017-11-25	26161.9807
2017-11-26	26161.9807
2017-11-27	26177.3388
2017-11-28	26292.1321
2017-11-29	26334.2969
2017-11-30	26311.4535
2017-12-01	26316.0384
2017-12-02	26316.0384
2017-12-03	26316.0384
2017-12-04	26344.1602
2017-12-05	26304.0762
2017-12-06	26313.1739
2017-12-07	26353.4111
2017-12-08	26314.39
2017-12-09	26314.39
2017-12-10	26314.39
2017-12-11	26291.7358
2017-12-12	26364.2923
2017-12-13	26348.664
2017-12-14	26291.8979
2017-12-15	26351.7807
2017-12-16	26351.7807
2017-12-17	26351.7807
2017-12-18	26411.4833
2017-12-19	26402.899
2017-12-20	26335.4588
2017-12-21	26303.4097
2017-12-22	26275.522
2017-12-23	26275.522
2017-12-24	26275.522
2017-12-25	26275.2878
2017-12-26	26265.3524
2017-12-27	26264.857
2017-12-28	26325.5865
2017-12-29	26293.5733
2017-12-30	26293.5733
2017-12-31	26293.5733
2018-01-01	26293.3481
2018-01-02	26303.9861
2018-01-03	26331.8468
2018-01-04	26331.6306
2018-01-05	26406.0877
2018-01-06	26406.0877
2018-01-07	26406.0877
2018-01-08	26418.4372
2018-01-09	26424.6885
2018-01-10	26322.3167
2018-01-11	26286.2591
2018-01-12	26276.684
2018-01-13	26276.684
2018-01-14	26276.684
2018-01-15	26239.8518
2018-01-16	26209.2618
2018-01-17	26220.5394
2018-01-18	26242.3469
2018-01-19	26220.7105
2018-01-20	26220.7105
2018-01-21	26220.7105
2018-01-22	26249.3909
2018-01-23	26322.8481
2018-01-24	26333.8825
2018-01-25	26311.8949
2018-01-26	26330.6307
2018-01-27	26330.6307
2018-01-28	26330.6307
2018-01-29	26329.3426
2018-01-30	26227.097
2018-01-31	26302.2116
2018-02-01	26390.0001
2018-02-02	26350.3665
2018-02-03	26350.3665
2018-02-04	26350.3665
2018-02-05	26100.2064
2018-02-06	25984.6654
2018-02-07	26028.0372
2018-02-08	25957.3002
2018-02-09	25938.7084
2018-02-10	25938.7084
2018-02-11	25938.7084
2018-02-12	25896.4176
2018-02-13	25941.762
2018-02-14	25965.2179
2018-02-15	25991.3401
2018-02-16	26064.9054
2018-02-17	26064.9054
2018-02-18	26064.9054
2018-02-19	26147.6946
2018-02-20	26139.858
2018-02-21	26155.8015
2018-02-22	26071.49
2018-02-23	26164.3227
2018-02-24	26164.3227
2018-02-25	26164.3227
2018-02-26	26263.731
2018-02-27	26235.9515
2018-02-28	26174.9427
2018-03-01	26153.3694
2018-03-02	26107.8178
2018-03-03	26107.8178
2018-03-04	26107.8178
2018-03-05	26084.8754
2018-03-06	26108.9618
2018-03-07	26085.3888
2018-03-08	26162.0798
2018-03-09	26242.473
2018-03-10	26242.473
2018-03-11	26242.473
2018-03-12	26256.7051
2018-03-13	26200.6505
2018-03-14	26157.4589
2018-03-15	26160.4224
2018-03-16	26238.2754
2018-03-17	26238.2754
2018-03-18	26238.2754
2018-03-19	26220.071
2018-03-20	26185.2565
2018-03-21	26169.6192
2018-03-22	26011.5712
2018-03-23	25854.2348
2018-03-24	25854.2348
2018-03-25	25854.2348
2018-03-26	25921.8101
2018-03-27	25940.3118
2018-03-28	25968.2445
2018-03-29	25979.7743
2018-03-30	25983.035
2018-03-31	25983.035
2018-04-01	25983.035
2018-04-02	25941.0414
2018-04-03	25910.5055
2018-04-04	25916.5857
2018-04-05	25990.043
2018-04-06	25950.7606
2018-04-07	25950.7606
2018-04-08	25950.7606
2018-04-09	25994.8891
2018-04-10	26074.8769
2018-04-11	26024.0198
2018-04-12	26048.3044
2018-04-13	25987.9532
2018-04-14	25987.9532
2018-04-15	25987.9532
2018-04-16	26029.064
2018-04-17	26027.0553
2018-04-18	26061.5366
2018-04-19	26068.0581
2018-04-20	26081.6957
2018-04-21	26081.6957
2018-04-22	26081.6957
2018-04-23	26072.67
2018-04-24	26148.5954
2018-04-25	26155.7475
2018-04-26	26194.4353
2018-04-27	26286.9797
2018-04-28	26286.9797
2018-04-29	26286.9797
2018-04-30	26334.2518
2018-05-01	26404.8897
2018-05-02	26419.0497
2018-05-03	26464.7905
2018-05-04	26424.049
2018-05-05	26424.049
2018-05-06	26424.049
2018-05-07	26481.2565
2018-05-08	26542.6165
2018-05-09	26590.456
2018-05-10	26589.6183
2018-05-11	26576.9176
2018-05-12	26576.9176
2018-05-13	26576.9176
2018-05-14	26622.6584
2018-05-15	26542.8597
2018-05-16	26497.0288
2018-05-17	26462.3494
2018-05-18	26479.5991
2018-05-19	26479.5991
2018-05-20	26479.5991
2018-05-21	26496.8937
2018-05-22	26482.4635
2018-05-23	26517.5843
2018-05-24	26536.3652
2018-05-25	26545.553
2018-05-26	26545.553
2018-05-27	26545.553
2018-05-28	26568.4504
2018-05-29	26564.9284
2018-05-30	26605.751
2018-05-31	26576.4402
2018-06-01	26583.295
2018-06-02	26583.295
2018-06-03	26583.295
2018-06-04	26592.5098
2018-06-05	26561.9018
2018-06-06	26624.0005
2018-06-07	26634.1431
2018-06-08	26628.153
2018-06-09	26628.153
2018-06-10	26628.153
2018-06-11	26623.6852
2018-06-12	26661.2741
2018-06-13	26764.3935
2018-06-14	26748.2248
2018-06-15	26871.3953
2018-06-16	26871.3953
2018-06-17	26871.3953
2018-06-18	26912.1098
2018-06-19	26891.9687
2018-06-20	26931.7915
2018-06-21	26970.0019
2018-06-22	26985.3689
2018-06-23	26985.3689
2018-06-24	26985.3689
2018-06-25	26959.517
2018-06-26	26943.6365
2018-06-27	26925.7473
2018-06-28	26985.7562
2018-06-29	26972.0016
2018-06-30	26972.0016
2018-07-01	26972.0016
2018-07-02	27024.462
2018-07-03	27036.3701
2018-07-04	27029.0289
2018-07-05	27109.4671
2018-07-06	27114.8177
2018-07-07	27114.8177
2018-07-08	27114.8177
2018-07-09	27146.1102
2018-07-10	27104.9093
2018-07-11	27083.8404
2018-07-12	27138.2285
2018-07-13	27128.4372
2018-07-14	27128.4372
2018-07-15	27128.4372
2018-07-16	27120.9699
2018-07-17	27080.3094
2018-07-18	27138.832
2018-07-19	27094.4784
2018-07-20	27146.8939
2018-07-21	27146.8939
2018-07-22	27146.8939
2018-07-23	27064.3929
2018-07-24	27083.7413
2018-07-25	27084.0836
2018-07-26	27104.4679
2018-07-27	27201.1198
2018-07-28	27201.1198
2018-07-29	27201.1198
2018-07-30	27159.8378
2018-07-31	27154.7395
2018-08-01	27150.2357
2018-08-02	27124.654
2018-08-03	27148.4342
2018-08-04	27148.4342
2018-08-05	27148.4342
2018-08-06	27242.1046
2018-08-07	27247.2209
2018-08-08	27253.7244
2018-08-09	27308.1216
2018-08-10	27269.776
2018-08-11	27269.776
2018-08-12	27269.776
2018-08-13	27244.924
2018-08-14	27279.8015
2018-08-15	27299.4742
2018-08-16	27294.5651
2018-08-17	27306.4101
2018-08-18	27306.4101
2018-08-19	27306.4101
2018-08-20	27314.2828
2018-08-21	27250.1124
2018-08-22	27252.6435
2018-08-23	27197.3997
2018-08-24	27197.3997
2018-08-25	27197.3997
2018-08-26	27197.3997
2018-08-27	27251.5626
2018-08-28	27290.8089
2018-08-29	27335.1174
2018-08-30	27310.9139
2018-08-31	27326.1548
2018-09-01	27326.1548
2018-09-02	27326.1548
2018-09-03	27323.0652
2018-09-04	27320.0477
2018-09-05	27240.294
2018-09-06	27163.558
2018-09-07	27172.9349
2018-09-08	27172.9349
2018-09-09	27172.9349
2018-09-10	27158.0543
2018-09-11	27212.0911
2018-09-12	27183.4108
2018-09-13	27129.329
2018-09-14	27172.2053
2018-09-15	27172.2053
2018-09-16	27172.2053
2018-09-17	27188.5272
2018-09-18	27188.365
2018-09-19	27176.0246
2018-09-20	27131.5899
2018-09-21	27164.0354
2018-09-22	27164.0354
2018-09-23	27164.0354
2018-09-24	27189.572
2018-09-25	27155.6403
2018-09-26	27161.6754
2018-09-27	27163.63
2018-09-28	27178.6188
2018-09-29	27178.6188
2018-09-30	27178.6188
2018-10-01	27139.1923
2018-10-02	27093.956
2018-10-03	27140.0661
2018-10-04	27111.3587
2018-10-05	27119.3755
2018-10-06	27119.3755
2018-10-07	27119.3755
2018-10-08	27048.8367
2018-10-09	27012.5449
2018-10-10	26966.2457
2018-10-11	26778.0491
2018-10-12	26770.3025
2018-10-13	26770.3025
2018-10-14	26770.3025
2018-10-15	26724.3095
2018-10-16	26777.6978
2018-10-17	26919.505
2018-10-18	26874.7191
2018-10-19	26895.0763
2018-10-20	26895.0763
2018-10-21	26895.0763
2018-10-22	26858.1991
2018-10-23	26807.7653
2018-10-24	26769.8792
2018-10-25	26656.401
2018-10-26	26653.7347
2018-10-27	26653.7347
2018-10-28	26653.7347
2018-10-29	26724.0393
2018-10-30	26770.1674
2018-10-31	26830.2844
2018-11-01	26809.9632
2018-11-02	26817.9259
2018-11-03	26817.9259
2018-11-04	26817.9259
2018-11-05	26781.5531
2018-11-06	26856.7849
2018-11-07	26924.7835
2018-11-08	26917.5054
2018-11-09	26945.7263
2018-11-10	26945.7263
2018-11-11	26945.7263
2018-11-12	26988.5126
2018-11-13	26916.0281
2018-11-14	26831.1852
2018-11-15	26851.9027
2018-11-16	26816.5117
2018-11-17	26816.5117
2018-11-18	26816.5117
2018-11-19	26771.996
2018-11-20	26707.9066
2018-11-21	26706.7356
2018-11-22	26758.2233
2018-11-23	26804.3244
2018-11-24	26804.3244
2018-11-25	26804.3244
2018-11-26	26818.3313
2018-11-27	26878.7905
2018-11-28	26917.0009
2018-11-29	26922.928
2018-11-30	26819.9166
2018-12-01	26819.9166
2018-12-02	26819.9166
2018-12-03	26938.7814
2018-12-04	26867.1977
2018-12-05	26860.2708
2018-12-06	26901.0394
2018-12-07	26902.4086
2018-12-08	26902.4086
2018-12-09	26902.4086
2018-12-10	26768.8523
2018-12-11	26785.8587
2018-12-12	26870.8818
2018-12-13	26835.743
2018-12-14	26779.7516
2018-12-15	26779.7516
2018-12-16	26779.7516
2018-12-17	26832.4823
2018-12-18	26768.474
2018-12-19	26761.5561
2018-12-20	26709.8613
2018-12-21	26628.171
2018-12-22	26628.171
2018-12-23	26628.171
2018-12-24	26623.8113
2018-12-25	26618.0735
2018-12-26	26679.6677
2018-12-27	26810.2244
2018-12-28	26888.744
2018-12-29	26888.744
2018-12-30	26888.744
2018-12-31	26906.3989
2019-01-01	26906.3359
2019-01-02	26852.5783
2019-01-03	26937.2141
2019-01-04	26935.3495
2019-01-05	26935.3495
2019-01-06	26935.3495
2019-01-07	26988.8909
2019-01-08	27032.3347
2019-01-09	27091.659
2019-01-10	27143.2277
2019-01-11	27127.5274
2019-01-12	27127.5274
2019-01-13	27127.5274
2019-01-14	27144.3897
2019-01-15	27184.5728
2019-01-16	27232.2502
2019-01-17	27240.8525
2019-01-18	27261.3989
2019-01-19	27261.3989
2019-01-20	27261.3989
2019-01-21	27292.2681
2019-01-22	27262.7411
2019-01-23	27308.3107
2019-01-24	27351.7365
2019-01-25	27436.4894
2019-01-26	27436.4894
2019-01-27	27436.4894
2019-01-28	27425.5721
2019-01-29	27388.7129
2019-01-30	27392.9465
2019-01-31	27363.4285
2019-02-01	27400.8462
2019-02-02	27400.8462
2019-02-03	27400.8462
2019-02-04	27436.8227
2019-02-05	27525.9082
2019-02-06	27619.7138
2019-02-07	27668.391
2019-02-08	27671.4626
2019-02-09	27671.4626
2019-02-10	27671.4626
2019-02-11	27687.4872
2019-02-12	27704.6378
2019-02-13	27690.9371
2019-02-14	27676.2007
2019-02-15	27709.2226
2019-02-16	27709.2226
2019-02-17	27709.2226
2019-02-18	27725.4904
2019-02-19	27780.2118
2019-02-20	27754.0086
2019-02-21	27829.4026
2019-02-22	27864.5594
2019-02-23	27864.5594
2019-02-24	27864.5594
2019-02-25	27875.873
2019-02-26	27808.0544
2019-02-27	27858.3981
2019-02-28	27880.2056
2019-03-01	27896.5635
2019-03-02	27896.5635
2019-03-03	27896.5635
2019-03-04	27924.9466
2019-03-05	27917.4612
2019-03-06	27994.5846
2019-03-07	28024.9764
2019-03-08	27986.1985
2019-03-09	27986.1985
2019-03-10	27986.1985
2019-03-11	27973.0383
2019-03-12	27967.3996
2019-03-13	28002.3402
2019-03-14	28027.0301
2019-03-15	28060.2773
2019-03-16	28060.2773
2019-03-17	28060.2773
2019-03-18	28085.2915
2019-03-19	28086.2013
2019-03-20	28070.6991
2019-03-21	28084.5259
2019-03-22	28085.6608
2019-03-23	28085.6608
2019-03-24	28085.6608
2019-03-25	28037.6501
2019-03-26	28066.979
2019-03-27	28096.9114
2019-03-28	28161.2709
2019-03-29	28141.319
2019-03-30	28141.319
2019-03-31	28141.319
2019-04-01	28169.8552
2019-04-02	28201.7783
2019-04-03	28251.0411
2019-04-04	28189.5639
2019-04-05	28128.4651
2019-04-06	28128.4651
2019-04-07	28128.4651
2019-04-08	28196.5449
2019-04-09	28153.7406
2019-04-10	28188.1858
2019-04-11	28191.8158
2019-04-12	28270.5156
2019-04-13	28270.5156
2019-04-14	28270.5156
2019-04-15	28231.5665
2019-04-16	28282.0724
2019-04-17	28216.5688
2019-04-18	28230.981
2019-04-19	28230.981
2019-04-20	28230.981
2019-04-21	28230.981
2019-04-22	28234.6291
2019-04-23	28350.053
2019-04-24	28478.1146
2019-04-25	28481.2583
2019-04-26	28488.9057
2019-04-27	28488.9057
2019-04-28	28488.9057
2019-04-29	28437.4181
2019-04-30	28404.1529
2019-05-01	28442.8317
2019-05-02	28433.2926
2019-05-03	28455.4334
2019-05-04	28455.4334
2019-05-05	28455.4334
2019-05-06	28415.9529
2019-05-07	28377.4002
2019-05-08	28369.5816
2019-05-09	28414.1784
2019-05-10	28450.9926
2019-05-11	28450.9926
2019-05-12	28450.9926
2019-05-13	28456.8205
2019-05-14	28428.3204
2019-05-15	28476.5022
2019-05-16	28583.1166
2019-05-17	28624.4977
2019-05-18	28624.4977
2019-05-19	28624.4977
2019-05-20	28633.7486
2019-05-21	28661.7803
2019-05-22	28650.1154
2019-05-23	28643.6389
2019-05-24	28612.1212
2019-05-25	28612.1212
2019-05-26	28612.1212
2019-05-27	28591.4667
2019-05-28	28600.9427
2019-05-29	28530.6291
2019-05-30	28450.5242
2019-05-31	28486.2035
2019-06-01	28486.2035
2019-06-02	28486.2035
2019-06-03	28410.152
2019-06-04	28485.4378
2019-06-05	28515.136
2019-06-06	28598.2495
2019-06-07	28674.8684
2019-06-08	28674.8684
2019-06-09	28674.8684
2019-06-10	28704.3955
2019-06-11	28862.8488
2019-06-12	28829.8268
2019-06-13	28882.0441
2019-06-14	28886.4668
2019-06-15	28886.4668
2019-06-16	28886.4668
2019-06-17	28870.118
2019-06-18	28966.3916
2019-06-19	29070.655
2019-06-20	29176.5398
2019-06-21	29141.4821
2019-06-22	29141.4821
2019-06-23	29141.4821
2019-06-24	29291.2701
2019-06-25	29286.8563
2019-06-26	29353.1706
2019-06-27	29348.4055
2019-06-28	29307.6189
2019-06-29	29307.6189
2019-06-30	29307.6189
2019-07-01	29377.4912
2019-07-02	29390.8945
2019-07-03	29491.3657
2019-07-04	29551.1764
2019-07-05	29628.1467
2019-07-06	29628.1467
2019-07-07	29628.1467
2019-07-08	29467.8828
2019-07-09	29500.9408
2019-07-10	29527.9548
2019-07-11	29554.5633
2019-07-12	29471.4318
2019-07-13	29471.4318
2019-07-14	29471.4318
2019-07-15	29407.7298
2019-07-16	29417.8814
2019-07-17	29469.3871
2019-07-18	29443.0758
2019-07-19	29508.138
2019-07-20	29508.138
2019-07-21	29508.138
2019-07-22	29428.4294
2019-07-23	29533.8548
2019-07-24	29609.672
2019-07-25	29674.545
2019-07-26	29640.8205
2019-07-27	29640.8205
2019-07-28	29640.8205
2019-07-29	29683.1744
2019-07-30	29714.1066
2019-07-31	29681.0035
2019-08-01	29658.4574
2019-08-02	29741.2466
2019-08-03	29741.2466
2019-08-04	29741.2466
2019-08-05	29534.6204
2019-08-06	29342.0011
2019-08-07	29458.713
2019-08-08	29525.3335
2019-08-09	29517.3167
2019-08-10	29517.3167
2019-08-11	29517.3167
2019-08-12	29506.6517
2019-08-13	29521.5323
2019-08-14	29499.6167
2019-08-15	29302.5116
2019-08-16	29343.0009
2019-08-17	29343.0009
2019-08-18	29343.0009
2019-08-19	29419.4397
2019-08-20	29499.6167
2019-08-21	29464.6581
2019-08-22	29480.6827
2019-08-23	29440.941
2019-08-24	29440.941
2019-08-25	29440.941
2019-08-26	29407.4776
2019-08-27	29443.8594
2019-08-28	29522.9105
2019-08-29	29538.0974
2019-08-30	29657.4576
2019-08-31	29657.4576
2019-09-01	29657.4576
2019-09-02	29596.3137
2019-09-03	29578.8119
2019-09-04	29583.4418
2019-09-05	29689.6689
2019-09-06	29660.7634
2019-09-07	29660.7634
2019-09-08	29660.7634
2019-09-09	29710.7287
2019-09-10	29588.2068
2019-09-11	29556.4369
2019-09-12	29588.1618
2019-09-13	29599.6736
2019-09-14	29599.6736
2019-09-15	29599.6736
2019-09-16	29559.0671
2019-09-17	29652.8907
2019-09-18	29642.4688
2019-09-19	29735.1484
2019-09-20	29743.8678
2019-09-21	29743.8678
2019-09-22	29743.8678
2019-09-23	29760.622
2019-09-24	29736.1843
2019-09-25	29739.5352
2019-09-26	29682.3997
2019-09-27	29733.3829
2019-09-28	29733.3829
2019-09-29	29733.3829
2019-09-30	29693.8754
2019-10-01	29775.971
2019-10-02	29617.4907
2019-10-03	29488.2221
2019-10-04	29573.101
2019-10-05	29573.101
2019-10-06	29573.101
2019-10-07	29647.315
2019-10-08	29640.1809
2019-10-09	29625.2733
2019-10-10	29618.2833
2019-10-11	29654.7192
2019-10-12	29654.7192
2019-10-13	29654.7192
2019-10-14	29683.5707
2019-10-15	29758.1449
2019-10-16	29837.6734
2019-10-17	29723.3214
2019-10-18	29692.5603
2019-10-19	29692.5603
2019-10-20	29692.5603
2019-10-21	29694.596
2019-10-22	29712.3321
2019-10-23	29746.5971
2019-10-24	29806.4169
2019-10-25	29860.3636
2019-10-26	29860.3636
2019-10-27	29860.3636
2019-10-28	29857.0848
2019-10-29	29825.477
2019-10-30	29798.3911
2019-10-31	29752.8124
2019-11-01	29811.0288
2019-11-02	29811.0288
2019-11-03	29811.0288
2019-11-04	29820.2256
2019-11-05	29827.1795
2019-11-06	29725.168
2019-11-07	29844.1138
2019-11-08	29775.4396
2019-11-09	29775.4396
2019-11-10	29775.4396
2019-11-11	29859.2827
2019-11-12	29861.5616
2019-11-13	29789.1312
2019-11-14	29909.3742
2019-11-15	29956.8624
2019-11-16	29956.8624
2019-11-17	29956.8624
2019-11-18	29941.1531
2019-11-19	30017.6099
2019-11-20	29895.1961
2019-11-21	29850.9056
2019-11-22	29904.8253
2019-11-23	29904.8253
2019-11-24	29904.8253
2019-11-25	29952.6378
2019-11-26	30019.3214
2019-11-27	30132.8446
2019-11-28	30128.9984
2019-11-29	30086.059
2019-11-30	30086.059
2019-12-01	30086.059
2019-12-02	30064.2695
2019-12-03	29820.2616
2019-12-04	29797.0309
2019-12-05	29886.5128
2019-12-06	29934.4604
2019-12-07	29934.4604
2019-12-08	29934.4604
2019-12-09	29960.9429
2019-12-10	29947.4224
2019-12-11	29978.9221
2019-12-12	29951.5029
2019-12-13	29906.4377
2019-12-14	29906.4377
2019-12-15	29906.4377
2019-12-16	30124.0802
2019-12-17	30110.6408
2019-12-18	30110.8029
2019-12-19	30095.9133
2019-12-20	30222.6238
2019-12-21	30222.6238
2019-12-22	30222.6238
2019-12-23	30202.3025
2019-12-24	30208.3557
2019-12-25	30208.3106
2019-12-26	30216.6697
2019-12-27	30238.9546
2019-12-28	30238.9546
2019-12-29	30238.9546
2019-12-30	30196.4566
2019-12-31	30026.8698
2020-01-01	30026.7797
2020-01-02	30097.1113
2020-01-03	30170.2444
2020-01-04	30170.2444
2020-01-05	30170.2444
2020-01-06	30172.7124
2020-01-07	30278.0658
2020-01-08	30289.5955
2020-01-09	30319.1946
2020-01-10	30357.7924
2020-01-11	30357.7924
2020-01-12	30357.7924
2020-01-13	30356.7115
2020-01-14	30420.7738
2020-01-15	30461.6144
2020-01-16	30521.5602
2020-01-17	30552.6726
2020-01-18	30552.6726
2020-01-19	30552.6726
2020-01-20	30565.6796
2020-01-21	30571.0752
2020-01-22	30650.9189
2020-01-23	30603.1694
2020-01-24	30580.299
2020-01-25	30580.299
2020-01-26	30580.299
2020-01-27	30558.7798
2020-01-28	30533.7746
2020-01-29	30573.3001
2020-01-30	30574.2999
2020-01-31	30555.3749
2020-02-01	30555.3749
2020-02-02	30555.3749
2020-02-03	30506.8237
2020-02-04	30579.5694
2020-02-05	30594.36
2020-02-06	30668.3757
2020-02-07	30681.1485
2020-02-08	30681.1485
2020-02-09	30681.1485
2020-02-10	30705.8835
2020-02-11	30735.2574
2020-02-12	30720.8632
2020-02-13	30710.5405
2020-02-14	30704.2712
2020-02-15	30704.2712
2020-02-16	30704.2712
2020-02-17	30684.4003
2020-02-18	30683.0942
2020-02-19	30728.9341
2020-02-20	30725.9345
2020-02-21	30704.109
2020-02-22	30704.109
2020-02-23	30704.109
2020-02-24	30495.4201
2020-02-25	30305.1067
2020-02-26	30193.7543
2020-02-27	30085.6716
2020-02-28	29860.787
2020-02-29	29860.787
2020-03-01	29860.787
2020-03-02	29917.3819
2020-03-03	29858.4089
2020-03-04	29892.0435
2020-03-05	29922.5703
2020-03-06	29745.7684
2020-03-07	29745.7684
2020-03-08	29745.7684
2020-03-09	29184.7548
2020-03-10	29337.5423
2020-03-11	28986.4967
2020-03-12	28368.1223
2020-03-13	28720.0687
2020-03-14	28720.0687
2020-03-15	28720.0687
2020-03-16	27854.1645
2020-03-17	28347.5129
2020-03-18	27941.4395
2020-03-19	27789.0663
2020-03-20	27926.5319
2020-03-21	27926.5319
2020-03-22	27926.5319
2020-03-23	27269.668
2020-03-24	27517.8104
2020-03-25	27886.493
2020-03-26	28122.1237
2020-03-27	27867.5859
2020-03-28	27867.5859
2020-03-29	27867.5859
2020-03-30	28271.02
2020-03-31	28050.1888
2020-04-01	28214.407
2020-04-02	28014.7707
2020-04-03	27889.4835
2020-04-04	27889.4835
2020-04-05	27889.4835
2020-04-06	28291.053
2020-04-07	28131.2935
2020-04-08	28215.7942
2020-04-09	28456.6674
2020-04-10	28457.352
2020-04-11	28457.352
2020-04-12	28457.352
2020-04-13	28410.8816
2020-04-14	28552.914
2020-04-15	28552.5267
2020-04-16	28521.108
2020-04-17	28740.6242
2020-04-18	28740.6242
2020-04-19	28740.6242
2020-04-20	28561.6784
2020-04-21	28386.8762
2020-04-22	28425.4469
2020-04-23	28387.5698
2020-04-24	28429.1491
2020-04-25	28429.1491
2020-04-26	28429.1491
2020-04-27	28600.1411
2020-04-28	28605.9059
2020-04-29	28731.7517
2020-04-30	28865.5961
2020-05-01	28518.8832
2020-05-02	28518.8832
2020-05-03	28518.8832
2020-05-04	28652.4394
2020-05-05	28708.2507
2020-05-06	28661.6542
2020-05-07	28631.3795
2020-05-08	28729.3016
2020-05-09	28729.3016
2020-05-10	28729.3016
2020-05-11	28806.7583
2020-05-12	28712.133
2020-05-13	28674.8954
2020-05-14	28636.3788
2020-05-15	28701.4229
2020-05-16	28701.4229
2020-05-17	28701.4229
2020-05-18	28818.5132
2020-05-19	28850.3192
2020-05-20	28923.245
2020-05-21	28886.3948
2020-05-22	28860.2276
2020-05-23	28860.2276
2020-05-24	28860.2276
2020-05-25	29002.6383
2020-05-26	29175.621
2020-05-27	29179.9627
2020-05-28	29247.2948
2020-05-29	29174.2789
2020-05-30	29174.2789
2020-05-31	29174.2789
2020-06-01	29206.292
2020-06-02	29222.0914
2020-06-03	29363.0429
2020-06-04	29384.4631
2020-06-05	29423.4301
2020-06-06	29423.4301
2020-06-07	29423.4301
2020-06-08	29450.8133
2020-06-09	29618.2743
2020-06-10	29552.1943
2020-06-11	29286.8833
2020-06-12	29207.7603
2020-06-13	29207.7603
2020-06-14	29207.7603
2020-06-15	29085.8689
2020-06-16	29369.8347
2020-06-17	29367.9971
2020-06-18	29349.8557
2020-06-19	29372.609
2020-06-20	29372.609
2020-06-21	29372.609
2020-06-22	29340.1815
2020-06-23	29337.173
2020-06-24	29294.2426
2020-06-25	29189.817
2020-06-26	29245.241
2020-06-27	29245.241
2020-06-28	29245.241
2020-06-29	29221.0105
2020-06-30	29355.3954
2020-07-01	29362.9709
2020-07-02	29491.0595
2020-07-03	29519.5957
2020-07-04	29519.5957
2020-07-05	29519.5957
2020-07-06	29505.2285
2020-07-07	29474.9268
2020-07-08	29397.8214
2020-07-09	29397.4251
2020-07-10	29405.2887
2020-07-11	29405.2887
2020-07-12	29405.2887
2020-07-13	29432.672
2020-07-14	29390.7414
2020-07-15	29545.2044
2020-07-16	29483.2138
2020-07-17	29519.4335
2020-07-18	29519.4335
2020-07-19	29519.4335
2020-07-20	29494.8337
2020-07-21	29644.2614
2020-07-22	29528.3691
2020-07-23	29539.2143
2020-07-24	29465.8471
2020-07-25	29465.8471
2020-07-26	29465.8471
2020-07-27	29499.3195
2020-07-28	29454.2362
2020-07-29	29504.9492
2020-07-30	29542.2949
2020-07-31	29415.3052
2020-08-01	29415.3052
2020-08-02	29415.3052
2020-08-03	29466.0363
2020-08-04	29592.1071
2020-08-05	29539.4665
2020-08-06	29570.4168
2020-08-07	29564.3906
2020-08-08	29564.3906
2020-08-09	29564.3906
2020-08-10	29673.1579
2020-08-11	29699.0008
2020-08-12	29708.6029
2020-08-13	29694.506
2020-08-14	29706.4861
2020-08-15	29706.4861
2020-08-16	29706.4861
2020-08-17	29652.8817
2020-08-18	29711.2872
2020-08-19	29743.2103
2020-08-20	29737.4093
2020-08-21	29730.2753
2020-08-22	29730.2753
2020-08-23	29730.2753
2020-08-24	29799.2738
2020-08-25	29817.6134
2020-08-26	29748.6869
2020-08-27	29814.6318
2020-08-28	29692.0649
2020-08-29	29692.0649
2020-08-30	29692.0649
2020-08-31	29701.3968
2020-09-01	29630.3446
2020-09-02	29854.1213
2020-09-03	29859.598
2020-09-04	29642.1536
2020-09-05	29642.1536
2020-09-06	29642.1536
2020-09-07	29599.3583
2020-09-08	29599.6375
2020-09-09	29516.2809
2020-09-10	29523.2888
2020-09-11	29498.5718
2020-09-12	29498.5718
2020-09-13	29498.5718
2020-09-14	29577.3707
2020-09-15	29553.6175
2020-09-16	29613.194
2020-09-17	29539.7458
2020-09-18	29475.7735
2020-09-19	29475.7735
2020-09-20	29475.7735
2020-09-21	29454.1642
2020-09-22	29460.3795
2020-09-23	29614.9956
2020-09-24	29577.2986
2020-09-25	29681.9763
2020-09-26	29681.9763
2020-09-27	29681.9763
2020-09-28	29694.9654
2020-09-29	29655.602
2020-09-30	29494.7886
2020-10-01	29539.0612
2020-10-02	29479.8179
2020-10-03	29479.8179
2020-10-04	29479.8179
2020-10-05	29643.811
2020-10-06	29621.1568
2020-10-07	29741.1205
2020-10-08	29786.4109
2020-10-09	29794.7069
2020-10-10	29794.7069
2020-10-11	29794.7069
2020-10-12	29846.3837
2020-10-13	29901.3484
2020-10-14	29860.0844
2020-10-15	29934.0461
2020-10-16	29889.7735
2020-10-17	29889.7735
2020-10-18	29889.7735
2020-10-19	29911.545
2020-10-20	29885.1887
2020-10-21	29853.2926
2020-10-22	29854.3105
2020-10-23	29839.592
2020-10-24	29839.592
2020-10-25	29839.592
2020-10-26	29815.0732
2020-10-27	29689.5878
2020-10-28	29698.6675
2020-10-29	29595.3769
2020-10-30	29516.452
2020-10-31	29516.452
2020-11-01	29516.452
2020-11-02	29589.2337
2020-11-03	29721.4568
2020-11-04	29753.3979
2020-11-05	29869.7766
2020-11-06	29898.6371
2020-11-07	29898.6371
2020-11-08	29898.6371
2020-11-09	30069.1156
2020-11-10	30045.1733
2020-11-11	30216.4355
2020-11-12	30184.5845
2020-11-13	30180.0266
2020-11-14	30180.0266
2020-11-15	30180.0266
2020-11-16	30244.5754
2020-11-17	30213.472
2020-11-18	30258.1949
2020-11-19	30240.1166
2020-11-20	30200.3929
2020-11-21	30200.3929
2020-11-22	30200.3929
2020-11-23	30234.2346
2020-11-24	30275.1833
2020-11-25	30291.343
2020-11-26	30270.7606
2020-11-27	30243.1612
2020-11-28	30243.1612
2020-11-29	30243.1612
2020-11-30	30158.4624
2020-12-01	30236.9459
2020-12-02	30234.4868
2020-12-03	30252.2859
2020-12-04	30295.6126
2020-12-05	30295.6126
2020-12-06	30295.6126
2020-12-07	30313.9162
2020-12-08	30364.1878
2020-12-09	30373.3396
2020-12-10	30320.5278
2020-12-11	30237.6845
2020-12-12	30237.6845
2020-12-13	30237.6845
2020-12-14	30259.7713
2020-12-15	30243.3593
2020-12-16	30299.3598
2020-12-17	30334.3455
2020-12-18	30268.3195
2020-12-19	30268.3195
2020-12-20	30268.3195
2020-12-21	30289.0101
2020-12-22	30284.0649
2020-12-23	30330.7605
2020-12-24	30328.6617
2020-12-25	30328.5266
2020-12-26	30328.5266
2020-12-27	30328.5266
2020-12-28	30357.297
2020-12-29	30382.0049
2020-12-30	30358.2698
2020-12-31	30270.8236
2021-01-01	30270.6975
2021-01-02	30270.6975
2021-01-03	30270.6975
2021-01-04	30345.9023
2021-01-05	30355.2342
2021-01-06	30286.7311
2021-01-07	30424.6561
2021-01-08	30460.6686
2021-01-09	30460.6686
2021-01-10	30460.6686
2021-01-11	30439.1043
2021-01-12	30415.3692
2021-01-13	30418.0264
2021-01-14	30444.8692
2021-01-15	30417.8823
2021-01-16	30417.8823
2021-01-17	30417.8823
2021-01-18	30400.0022
2021-01-19	30437.2938
2021-01-20	30478.0083
2021-01-21	30509.0216
2021-01-22	30451.9582
2021-01-23	30451.9582
2021-01-24	30451.9582
2021-01-25	30486.7457
2021-01-26	30463.1547
2021-01-27	30403.2269
2021-01-28	30320.3296
2021-01-29	30223.8038
2021-01-30	30223.8038
2021-01-31	30223.8038
2021-02-01	30300.693
2021-02-02	30453.5976
2021-02-03	30507.4092
2021-02-04	30442.4101
2021-02-05	30518.1013
2021-02-06	30518.1013
2021-02-07	30518.1013
2021-02-08	30505.1843
2021-02-09	30468.0459
2021-02-10	30527.8205
2021-02-11	30507.6434
2021-02-12	30475.2159
2021-02-13	30475.2159
2021-02-14	30475.2159
2021-02-15	30491.7089
2021-02-16	30585.8027
2021-02-17	30490.8892
2021-02-18	30470.3698
2021-02-19	30365.0345
2021-02-20	30365.0345
2021-02-21	30365.0345
2021-02-22	30279.9754
2021-02-23	30402.3081
2021-02-24	30366.1425
2021-02-25	30330.6974
2021-02-26	30176.946
2021-02-27	30176.946
2021-02-28	30176.946
2021-03-01	30457.8852
2021-03-02	30353.5858
2021-03-03	30413.5496
2021-03-04	30305.3319
2021-03-05	30341.4345
2021-03-06	30341.4345
2021-03-07	30341.4345
2021-03-08	30390.409
2021-03-09	30443.6262
2021-03-10	30418.2967
2021-03-11	30466.4245
2021-03-12	30495.1498
2021-03-13	30495.1498
2021-03-14	30495.1498
2021-03-15	30503.4639
2021-03-16	30590.0183
2021-03-17	30555.8883
2021-03-18	30464.695
2021-03-19	30427.0971
2021-03-20	30427.0971
2021-03-21	30427.0971
2021-03-22	30478.1524
2021-03-23	30470.7481
2021-03-24	30526.6225
2021-03-25	30546.8176
2021-03-26	30597.1343
2021-03-27	30597.1343
2021-03-28	30597.1343
2021-03-29	30560.7344
2021-03-30	30507.166
2021-03-31	30589.1355
2021-04-01	30635.741
2021-04-02	30637.0832
2021-04-03	30637.0832
2021-04-04	30637.0832
2021-04-05	30651.2972
2021-04-06	30732.5101
2021-04-07	30767.2435
2021-04-08	30818.0286
2021-04-09	30827.2074
2021-04-10	30827.2074
2021-04-11	30827.2074
2021-04-12	30821.4155
2021-04-13	30789.4113
2021-04-14	30827.4776
2021-04-15	30837.2869
2021-04-16	30881.6586
2021-04-17	30881.6586
2021-04-18	30881.6586
2021-04-19	30869.6874
2021-04-20	30771.9816
2021-04-21	30804.5982
2021-04-22	30868.3182
2021-04-23	30887.3784
2021-04-24	30887.3784
2021-04-25	30887.3784
2021-04-26	30851.564
2021-04-27	30853.9871
2021-04-28	30883.0367
2021-04-29	30903.6552
2021-04-30	30845.8802
2021-05-01	30845.8802
2021-05-02	30845.8802
2021-05-03	30840.1063
2021-05-04	30872.8581
2021-05-05	30897.8363
2021-05-06	30902.3581
2021-05-07	30920.1302
2021-05-08	30920.1302
2021-05-09	30920.1302
2021-05-10	30979.3374
2021-05-11	30904.4659
2021-05-12	30817.8935
2021-05-13	30804.6433
2021-05-14	30902.5923
2021-05-15	30902.5923
2021-05-16	30902.5923
2021-05-17	30922.9586
2021-05-18	30901.079
2021-05-19	30792.7622
2021-05-20	30884.6221
2021-05-21	30933.4435
2021-05-22	30933.4435
2021-05-23	30933.4435
2021-05-24	30960.1511
2021-05-25	31011.3775
2021-05-26	30990.1375
2021-05-27	31004.802
2021-05-28	31063.784
2021-05-29	31063.784
2021-05-30	31063.784
2021-05-31	31038.3014
2021-06-01	31038.6437
2021-06-02	31124.2613
2021-06-03	31184.3422
2021-06-04	31177.1181
2021-06-05	31177.1181
2021-06-06	31177.1181
2021-06-07	31172.8034
2021-06-08	31164.048
2021-06-09	31130.8909
2021-06-10	31192.2059
2021-06-11	31186.0807
2021-06-12	31186.0807
2021-06-13	31186.0807
2021-06-14	31177.1361
2021-06-15	31243.9457
2021-06-16	31227.5789
2021-06-17	31174.0555
2021-06-18	31184.3692
2021-06-19	31184.3692
2021-06-20	31184.3692
2021-06-21	31111.0651
2021-06-22	31224.3721
2021-06-23	31174.2266
2021-06-24	31212.9234
2021-06-25	31223.7957
2021-06-26	31223.7957
2021-06-27	31223.7957
2021-06-28	31244.1799
2021-06-29	31339.4988
2021-06-30	31472.5416
2021-07-01	31442.8344
2021-07-02	31498.0872
2021-07-03	31498.0872
2021-07-04	31498.0872
2021-07-05	31567.2208
2021-07-06	31495.5831
2021-07-07	31591.0911
2021-07-08	31647.1726
2021-07-09	31583.7589
2021-07-10	31583.7589
2021-07-11	31583.7589
2021-07-12	31662.0442
2021-07-13	31659.36
2021-07-14	31683.5815
2021-07-15	31685.338
2021-07-16	31667.2326
2021-07-17	31667.2326
2021-07-18	31667.2326
2021-07-19	31616.4386
2021-07-20	31607.0706
2021-07-21	31659.405
2021-07-22	31691.4542
2021-07-23	31717.1169
2021-07-24	31717.1169
2021-07-25	31717.1169
2021-07-26	31731.6643
2021-07-27	31737.9696
2021-07-28	31738.9695
2021-07-29	31746.9232
2021-07-30	31729.2773
2021-07-31	31729.2773
2021-08-01	31729.2773
2021-08-02	31804.7703
2021-08-03	31801.8248
2021-08-04	31815.7596
2021-08-05	31838.1796
2021-08-06	31901.9807
2021-08-07	31901.9807
2021-08-08	31901.9807
2021-08-09	32162.2023
2021-08-10	32145.4751
2021-08-11	32149.8619
2021-08-12	32200.5478
2021-08-13	32200.8181
2021-08-14	32200.8181
2021-08-15	32200.8181
2021-08-16	32224.1569
2021-08-17	32201.4306
2021-08-18	32210.168
2021-08-19	32220.5088
2021-08-20	32286.2285
2021-08-21	32286.2285
2021-08-22	32286.2285
2021-08-23	32323.9164
2021-08-24	32301.4334
2021-08-25	32321.2322
2021-08-26	32283.5172
2021-08-27	32301.4874
2021-08-28	32301.4874
2021-08-29	32301.4874
2021-08-30	32347.7326
2021-08-31	32363.0817
2021-09-01	32296.0108
2021-09-02	32328.7265
2021-09-03	32335.1039
2021-09-04	32335.1039
2021-09-05	32335.1039
2021-09-06	32340.8328
2021-09-07	32356.4881
2021-09-08	32321.5114
2021-09-09	32216.6355
2021-09-10	32247.2254
2021-09-11	32247.2254
2021-09-12	32247.2254
2021-09-13	32243.3792
2021-09-14	32280.1393
2021-09-15	32287.8409
2021-09-16	32304.0726
2021-09-17	32243.145
2021-09-18	32243.145
2021-09-19	32243.145
2021-09-20	32106.5351
2021-09-21	32168.841
2021-09-22	32191.5852
2021-09-23	32252.7201
2021-09-24	32232.0566
2021-09-25	32232.0566
2021-09-26	32232.0566
2021-09-27	32220.3466
2021-09-28	32083.5026
2021-09-29	32038.7437
2021-09-30	32139.9625
2021-10-01	31996.3987
2021-10-02	31996.3987
2021-10-03	31996.3987
2021-10-04	32067.5951
2021-10-05	32052.7415
2021-10-06	32006.4333
2021-10-07	32077.8548
2021-10-08	32100.8603
2021-10-09	32100.8603
2021-10-10	32100.8603
2021-10-11	32033.222
2021-10-12	31991.5526
2021-10-13	31993.4893
2021-10-14	32064.5325
2021-10-15	32138.7374
2021-10-16	32138.7374
2021-10-17	32138.7374
2021-10-18	32150.6635
2021-10-19	32163.8417
2021-10-20	32189.5405
2021-10-21	32217.8515
2021-10-22	32233.4978
2021-10-23	32233.4978
2021-10-24	32233.4978
2021-10-25	32263.0518
2021-10-26	32255.3053
2021-10-27	32235.7047
2021-10-28	32221.4546
2021-10-29	32090.2403
2021-10-30	32090.2403
2021-10-31	32090.2403
2021-11-01	32264.9795
2021-11-02	32296.8395
2021-11-03	32367.054
2021-11-04	32414.9026
2021-11-05	32480.8205
2021-11-06	32480.8205
2021-11-07	32480.8205
2021-11-08	32554.2688
2021-11-09	32529.2455
2021-11-10	32531.5965
2021-11-11	32489.9452
2021-11-12	32550.3594
2021-11-13	32550.3594
2021-11-14	32550.3594
2021-11-15	32568.5729
2021-11-16	32554.6201
2021-11-17	32549.0984
2021-11-18	32598.3251
2021-11-19	32578.0309
2021-11-20	32578.0309
2021-11-21	32578.0309
2021-11-22	32543.0362
2021-11-23	32611.3952
2021-11-24	32615.4396
2021-11-25	32631.6714
2021-11-26	32500.6013
2021-11-27	32500.6013
2021-11-28	32500.6013
2021-11-29	32454.4461
2021-11-30	32425.8018
2021-12-01	32332.5908
2021-12-02	32417.2086
2021-12-03	32441.8264
2021-12-04	32441.8264
2021-12-05	32441.8264
2021-12-06	32485.4054
2021-12-07	32531.0651
2021-12-08	32615.3676
2021-12-09	32552.2871
2021-12-10	32577.9408
2021-12-11	32577.9408
2021-12-12	32577.9408
2021-12-13	32580.9584
2021-12-14	32590.8128
2021-12-15	32586.1018
2021-12-16	32561.4749
2021-12-17	32519.0939
2021-12-18	32519.0939
2021-12-19	32519.0939
2021-12-20	32482.9823
2021-12-21	32758.2647
2021-12-22	32808.9777
2021-12-23	32855.8355
2021-12-24	32896.2707
2021-12-25	32896.2707
2021-12-26	32896.2707
2021-12-27	32932.4454
2021-12-28	32941.363
2021-12-29	33012.4152
2021-12-30	32999.2731
2021-12-31	32927.3831
2022-01-01	32927.3831
2022-01-02	32927.3831
2022-01-03	32997.0572
2022-01-04	33069.5867
2022-01-05	32985.2482
2022-01-06	32839.3875
2022-01-07	32943.1645
2022-01-08	32943.1645
2022-01-09	32943.1645
2022-01-10	32892.6767
2022-01-11	32957.4416
2022-01-12	33008.0645
2022-01-13	32968.7282
2022-01-14	32914.25
2022-01-15	32914.25
2022-01-16	32914.25
2022-01-17	32919.024
2022-01-18	32858.7449
2022-01-19	32662.2703
2022-01-20	32639.1477
2022-01-21	32433.4944
2022-01-22	32433.4944
2022-01-23	32433.4944
2022-01-24	32404.1655
2022-01-25	32181.2805
2022-01-26	32185.7573
2022-01-27	32086.9075
2022-01-28	32398.5087
2022-01-29	32398.5087
2022-01-30	32398.5087
2022-01-31	32400.7696
2022-02-01	32439.6916
2022-02-02	32548.2246
2022-02-03	32465.7597
2022-02-04	32528.4979
2022-02-05	32528.4979
2022-02-06	32528.4979
2022-02-07	32472.7857
2022-02-08	32550.1793
2022-02-09	32686.5099
2022-02-10	32581.4538
2022-02-11	32432.0802
2022-02-12	32432.0802
2022-02-13	32432.0802
2022-02-14	32495.2868
2022-02-15	32442.7902
2022-02-16	32506.8165
2022-02-17	32435.7553
2022-02-18	32352.4076
2022-02-19	32352.4076
2022-02-20	32352.4076
2022-02-21	32369.2789
2022-02-22	32268.7447
2022-02-23	32225.6972
2022-02-24	32157.5724
2022-02-25	32167.1565
2022-02-26	32167.1565
2022-02-27	32167.1565
2022-02-28	32280.932
2022-03-01	32178.362
2022-03-02	32287.4265
2022-03-03	32188.3155
2022-03-04	32043.3375
2022-03-05	32043.3375
2022-03-06	32043.3375
2022-03-07	31855.2851
2022-03-08	31764.407
2022-03-09	31917.0144
2022-03-10	31985.6526
2022-03-11	31874.1291
2022-03-12	31874.1291
2022-03-13	31874.1291
2022-03-14	31945.1813
2022-03-15	31945.1993
2022-03-16	32161.5178
2022-03-17	32214.6628
2022-03-18	32297.8213
2022-03-19	32297.8213
2022-03-20	32297.8213
2022-03-21	32280.959
2022-03-22	32287.0752
2022-03-23	32236.5874
2022-03-24	32266.9341
2022-03-25	32300.947
2022-03-26	32300.947
2022-03-27	32300.947
2022-03-28	32293.6958
2022-03-29	32388.0688
2022-03-30	32458.0672
2022-03-31	32400.9948
2022-04-01	32407.6875
2022-04-02	32407.6875
2022-04-03	32407.6875
2022-04-04	32458.0672
2022-04-05	32380.7096
2022-04-06	32323.1778
2022-04-07	32349.6333
2022-04-08	32426.4234
2022-04-09	32426.4234
2022-04-10	32426.4234
2022-04-11	32388.8885
2022-04-12	32294.4795
2022-04-13	32377.8001
2022-04-14	32403.7061
2022-04-15	32402.373
2022-04-16	32402.373
2022-04-17	32402.373
2022-04-18	32421.0458
2022-04-19	32444.7899
2022-04-20	32409.0116
2022-04-21	32414.1279
2022-04-22	32270.8885
2022-04-23	32270.8885
2022-04-24	32270.8885
2022-04-25	32304.3879
2022-04-26	32140.4669
2022-04-27	32173.8042
2022-04-28	32353.0832
2022-04-29	32313.6387
2022-04-30	32313.6387
2022-05-01	32313.6387
2022-05-02	32220.2475
2022-05-03	32195.981
2022-05-04	32242.7576
2022-05-05	32236.3892
2022-05-06	32021.5931
2022-05-07	32021.5931
2022-05-08	32021.5931
2022-05-09	31865.5538
2022-05-10	31809.9226
2022-05-11	31806.0854
2022-05-12	31734.5467
2022-05-13	31931.3366
2022-05-14	31931.3366
2022-05-15	31931.3366
2022-05-16	31921.7615
2022-05-17	31990.6609
2022-05-18	31953.2882
2022-05-19	31821.7046
2022-05-20	31932.7147
2022-05-21	31932.7147
2022-05-22	31932.7147
2022-05-23	31983.2386
2022-05-24	31941.4882
2022-05-25	32026.0339
2022-05-26	32029.0514
2022-05-27	32110.6516
2022-05-28	32110.6516
2022-05-29	32110.6516
2022-05-30	32194.5398
2022-05-31	32065.5143
2022-06-01	32091.078
2022-06-02	32023.5838
2022-06-03	32065.7756
2022-06-04	32065.7756
2022-06-05	32065.7756
2022-06-06	32018.5305
2022-06-07	31885.7579
2022-06-08	31962.476
2022-06-09	31810.2289
2022-06-10	31661.3326
2022-06-11	31661.3326
2022-06-12	31661.3326
2022-06-13	31585.065
2022-06-14	31335.049
2022-06-15	31235.6137
2022-06-16	31258.5832
2022-06-17	31137.0971
2022-06-18	31137.0971
2022-06-19	31137.0971
2022-06-20	31161.5349
2022-06-21	31310.0978
2022-06-22	31325.4288
2022-06-23	31428.1339
2022-06-24	31592.6404
2022-06-25	31592.6404
2022-06-26	31592.6404
2022-06-27	31684.2391
2022-06-28	31719.0986
2022-06-29	31784.6292
2022-06-30	31878.768
2022-07-01	31932.0031
2022-07-02	31932.0031
2022-07-03	31932.0031
2022-07-04	32002.8752
2022-07-05	32016.4227
2022-07-06	31998.6146
2022-07-07	32107.1927
2022-07-08	32125.5593
2022-07-09	32125.5593
2022-07-10	32125.5593
2022-07-11	32046.6524
2022-07-12	32051.3363
2022-07-13	32036.5998
2022-07-14	32050.976
2022-07-15	32074.0356
2022-07-16	32074.0356
2022-07-17	32074.0356
2022-07-18	32092.4922
2022-07-19	32103.2473
2022-07-20	32250.8555
2022-07-21	32243.136
2022-07-22	32225.8683
2022-07-23	32225.8683
2022-07-24	32225.8683
2022-07-25	32275.014
2022-07-26	32229.3723
2022-07-27	32373.4675
2022-07-28	32427.7835
2022-07-29	32586.345
2022-07-30	32586.345
2022-07-31	32586.345
2022-08-01	32549.6659
2022-08-02	32597.6856
2022-08-03	32575.9682
2022-08-04	32557.5926
2022-08-05	32624.114
2022-08-06	32624.114
2022-08-07	32624.114
2022-08-08	32520.391
2022-08-09	32560.7543
2022-08-10	32543.4956
2022-08-11	32586.4891
2022-08-12	32552.8636
2022-08-13	32552.8636
2022-08-14	32552.8636
2022-08-15	32679.8262
2022-08-16	32796.0247
2022-08-17	32823.9754
2022-08-18	32719.2256
2022-08-19	32698.8323
2022-08-20	32698.8323
2022-08-21	32698.8323
2022-08-22	32538.4964
2022-08-23	32427.0269
2022-08-24	32444.2585
2022-08-25	32489.2516
2022-08-26	32464.1654
2022-08-27	32464.1654
2022-08-28	32464.1654
2022-08-29	32279.2746
2022-08-30	32345.4447
2022-08-31	32296.272
2022-09-01	32200.5659
2022-09-02	32183.5865
2022-09-03	32183.5865
2022-09-04	32183.5865
2022-09-05	32221.6798
2022-09-06	32167.1475
2022-09-07	32138.8185
2022-09-08	32365.847
2022-09-09	32373.6116
2022-09-10	32373.6116
2022-09-11	32373.6116
2022-09-12	32443.1145
2022-09-13	32400.1481
2022-09-14	32178.1368
2022-09-15	32193.0805
2022-09-16	32027.34
2022-09-17	32027.34
2022-09-18	32027.34
2022-09-19	32091.8076
2022-09-20	32132.4861
2022-09-21	31953.6035
2022-09-22	31918.915
2022-09-23	31727.9621
2022-09-24	31727.9621
2022-09-25	31727.9621
2022-09-26	31636.949
2022-09-27	31664.3682
2022-09-28	31659.9725
2022-09-29	31736.9518
2022-09-30	31580.5702
2022-10-01	31580.5702
2022-10-02	31580.5702
2022-10-03	31602.9722
2022-10-04	32024.2684
2022-10-05	32138.4942
2022-10-06	32048.2827
2022-10-07	31847.2233
2022-10-08	31847.2233
2022-10-09	31847.2233
2022-10-10	31767.1183
2022-10-11	31673.2317
2022-10-12	31689.5626
2022-10-13	31755.7147
2022-10-14	31806.7519
2022-10-15	31806.7519
2022-10-16	31806.7519
2022-10-17	31770.0819
2022-10-18	31970.5288
2022-10-19	31933.9218
2022-10-20	31771.5681
2022-10-21	31760.2996
2022-10-22	31760.2996
2022-10-23	31760.2996
2022-10-24	31930.1296
2022-10-25	31983.1665
2022-10-26	31994.9755
2022-10-27	32047.2649
2022-10-28	32135.5758
2022-10-29	32135.5758
2022-10-30	32135.5758
2022-10-31	32204.1959
2022-11-01	32301.1722
2022-11-02	32208.97
2022-11-03	32084.3313
2022-11-04	32188.964
2022-11-05	32188.964
2022-11-06	32188.964
2022-11-07	32226.7511
2022-11-08	32216.8517
2022-11-09	32294.4705
2022-11-10	32425.6037
2022-11-11	32642.5706
2022-11-12	32642.5706
2022-11-13	32642.5706
2022-11-14	32501.9704
2022-11-15	32528.615
2022-11-16	32518.2742
2022-11-17	32609.7468
2022-11-18	32659.1447
2022-11-19	32659.1447
2022-11-20	32659.1447
2022-11-21	32716.0279
2022-11-22	32759.9672
2022-11-23	32785.5218
2022-11-24	32800.2133
2022-11-25	32830.9564
2022-11-26	32830.9564
2022-11-27	32830.9564
2022-11-28	32794.1512
2022-11-29	32766.9481
2022-11-30	32952.7757
2022-12-01	32985.7166
2022-12-02	32956.7841
2022-12-03	32956.7841
2022-12-04	32956.7841
2022-12-05	32937.4987
2022-12-06	32852.5927
2022-12-07	32787.2873
2022-12-08	32768.8307
2022-12-09	32819.2645
2022-12-10	32819.2645
2022-12-11	32819.2645
2022-12-12	32838.9191
2022-12-13	32842.4771
2022-12-14	32876.9043
2022-12-15	32735.0791
2022-12-16	32673.0074
2022-12-17	32673.0074
2022-12-18	32673.0074
2022-12-19	32574.1306
2022-12-20	32502.8081
2022-12-21	32685.1047
2022-12-22	32633.7522
2022-12-23	32606.3599
2022-12-24	32606.3599
2022-12-25	32606.3599
2022-12-26	32606.477
2022-12-27	32575.9321
2022-12-28	32446.2492
2022-12-29	32472.5515
2022-12-30	32501.5561
2022-12-31	32501.5561
2023-01-01	32501.5561
2023-01-02	32503.3396
2023-01-03	32471.0562
2023-01-04	32587.7051
2023-01-05	32625.2489
2023-01-06	32714.8479
2023-01-07	32714.8479
2023-01-08	32714.8479
2023-01-09	32735.8357
2023-01-10	32766.0113
2023-01-11	32852.2234
2023-01-12	32966.3952
2023-01-13	33005.1911
2023-01-14	33005.1911
2023-01-15	33005.1911
2023-01-16	33055.5168
2023-01-17	33034.7632
2023-01-18	32994.8143
2023-01-19	33129.6046
2023-01-20	33143.2512
2023-01-21	33143.2512
2023-01-22	33143.2512
2023-01-23	33179.0385
2023-01-24	33178.9845
2023-01-25	33146.6921
2023-01-26	33182.029
2023-01-27	33201.2694
2023-01-28	33201.2694
2023-01-29	33201.2694
2023-01-30	33160.9241
2023-01-31	33211.2858
2023-02-01	33253.2074
2023-02-02	33339.1853
2023-02-03	33461.1937
2023-02-04	33461.1937
2023-02-05	33461.1937
2023-02-06	33417.6328
2023-02-07	33382.7012
2023-02-08	33347.6435
2023-02-09	33269.7454
2023-02-10	33247.6137
2023-02-11	33247.6137
2023-02-12	33247.6137
2023-02-13	33260.945
2023-02-14	33280.5906
2023-02-15	33288.0129
2023-02-16	33306.1453
2023-02-17	33212.3758
2023-02-18	33212.3758
2023-02-19	33212.3758
2023-02-20	33219.6179
2023-02-21	33149.7547
2023-02-22	33157.6634
2023-02-23	33141.4136
2023-02-24	33159.7622
2023-02-25	33159.7622
2023-02-26	33159.7622
2023-02-27	33087.7371
2023-02-28	33119.0206
2023-03-01	33109.2563
2023-03-02	33130.4423
2023-03-03	33227.7788
2023-03-04	33227.7788
2023-03-05	33227.7788
2023-03-06	33335.9966
2023-03-07	33381.0888
2023-03-08	33297.57
2023-03-09	33277.0146
2023-03-10	33116.0661
2023-03-11	33116.0661
2023-03-12	33116.0661
2023-03-13	33038.087
2023-03-14	33072.8835
2023-03-15	33086.9444
2023-03-16	33088.827
2023-03-17	33006.3981
2023-03-18	33006.3981
2023-03-19	33006.3981
2023-03-20	32982.7531
2023-03-21	33127.6589
2023-03-22	33024.6476
2023-03-23	33041.8162
2023-03-24	33092.4841
2023-03-25	33092.4841
2023-03-26	33092.4841
2023-03-27	33120.8402
2023-03-28	33093.9884
2023-03-29	33193.784
2023-03-30	33248.2532
2023-03-31	33387.0519
2023-04-01	33387.0519
2023-04-02	33387.0519
2023-04-03	33395.1858
2023-04-04	33429.1446
2023-04-05	33444.8719
2023-04-06	33535.7139
2023-04-07	33538.0919
2023-04-08	33538.0919
2023-04-09	33538.0919
2023-04-10	33559.7373
2023-04-11	33614.0443
2023-04-12	33616.6656
2023-04-13	33615.8098
2023-04-14	33670.1349
2023-04-15	33670.1349
2023-04-16	33670.1349
2023-04-17	33691.6271
2023-04-18	33632.2848
2023-04-19	33639.608
2023-04-20	33607.4147
2023-04-21	33649.3993
2023-04-22	33649.3993
2023-04-23	33649.3993
2023-04-24	33644.2019
2023-04-25	33605.2439
2023-04-26	33635.6086
2023-04-27	33650.1109
2023-04-28	33717.38
2023-04-29	33717.38
2023-04-30	33717.38
2023-05-01	33694.8699
2023-05-02	33535.1284
2023-05-03	33503.6467
2023-05-04	33545.7394
2023-05-05	33607.5408
2023-05-06	33607.5408
2023-05-07	33607.5408
2023-05-08	33589.6787
2023-05-09	33560.7371
2023-05-10	33569.0242
2023-05-11	33614.855
2023-05-12	33649.7957
2023-05-13	33649.7957
2023-05-14	33649.7957
2023-05-15	33649.9488
2023-05-16	33621.9621
2023-05-17	33632.8073
2023-05-18	33680.9711
2023-05-19	33626.8532
2023-05-20	33626.8532
2023-05-21	33626.8532
2023-05-22	33657.236
2023-05-23	33572.9335
2023-05-24	33558.1069
2023-05-25	33512.0959
2023-05-26	33575.4196
2023-05-27	33575.4196
2023-05-28	33575.4196
2023-05-29	33630.2941
2023-05-30	33631.0328
2023-05-31	33548.1805
2023-06-01	33560.4219
2023-06-02	33625.466
2023-06-03	33625.466
2023-06-04	33625.466
2023-06-05	33635.9059
2023-06-06	33530.2103
2023-06-07	33490.2524
2023-06-08	33434.6212
2023-06-09	33478.9748
2023-06-10	33478.9748
2023-06-11	33478.9748
2023-06-12	33517.3654
2023-06-13	33539.4521
2023-06-14	33543.0011
2023-06-15	33583.4544
2023-06-16	33636.032
2023-06-17	33636.032
2023-06-18	33636.032
2023-06-19	33680.1154
2023-06-20	33733.2334
2023-06-21	33680.9891
2023-06-22	33600.8301
2023-06-23	33554.5039
2023-06-24	33554.5039
2023-06-25	33554.5039
2023-06-26	33528.2736
2023-06-27	33605.3069
2023-06-28	33742.7995
2023-06-29	33713.3716
2023-06-30	33697.4551
2023-07-01	33697.4551
2023-07-02	33697.4551
2023-07-03	33772.3085
2023-07-04	33740.1783
2023-07-05	33718.4158
2023-07-06	33569.5556
2023-07-07	33391.853
2023-07-08	33391.853
2023-07-09	33391.853
2023-07-10	33370.712
2023-07-11	33532.6513
2023-07-12	33540.8213
2023-07-13	33656.5964
2023-07-14	33727.9639
2023-07-15	33727.9639
2023-07-16	33727.9639
2023-07-17	33756.1218
2023-07-18	33745.4207
2023-07-19	33843.7751
2023-07-20	33750.9064
2023-07-21	33793.6656
2023-07-22	33793.6656
2023-07-23	33793.6656
2023-07-24	33818.9681
2023-07-25	33827.8857
2023-07-26	33909.5939
2023-07-27	33977.0792
2023-07-28	33964.9999
2023-07-29	33964.9999
2023-07-30	33964.9999
2023-07-31	33962.5228
2023-08-01	34068.0023
2023-08-02	33918.0881
2023-08-03	33882.3368
2023-08-04	33826.1202
2023-08-05	33826.1202
2023-08-06	33826.1202
2023-08-07	33907.7023
2023-08-08	33908.8733
2023-08-09	33910.7739
2023-08-10	33923.9431
2023-08-11	33887.9936
2023-08-12	33887.9936
2023-08-13	33887.9936
2023-08-14	33844.0183
2023-08-15	33776.2088
2023-08-16	33706.5348
2023-08-17	33571.5914
2023-08-18	33591.1289
2023-08-19	33591.1289
2023-08-20	33591.1289
2023-08-21	33591.7775
2023-08-22	33549.0633
2023-08-23	33640.8781
2023-08-24	33653.678
2023-08-25	33621.7008
2023-08-26	33621.7008
2023-08-27	33621.7008
2023-08-28	33697.5451
2023-08-29	33820.5354
2023-08-30	33900.9106
2023-08-31	33906.081
2023-09-01	33917.2234
2023-09-02	33917.2234
2023-09-03	33917.2234
2023-09-04	33939.6704
2023-09-05	33972.179
2023-09-06	33881.0758
2023-09-07	33798.6379
2023-09-08	33825.4716
2023-09-09	33825.4716
2023-09-10	33825.4716
2023-09-11	33835.371
2023-09-12	33843.613
2023-09-13	33799.1603
2023-09-14	33873.5274
2023-09-15	33925.1952
2023-09-16	33925.1952
2023-09-17	33925.1952
2023-09-18	33857.1965
2023-09-19	33819.1032
2023-09-20	33720.8029
2023-09-21	33581.752
2023-09-22	33570.6906
2023-09-23	33570.6906
2023-09-24	33570.6906
2023-09-25	33621.0793
2023-09-26	33464.9499
2023-09-27	33509.4567
2023-09-28	33469.0574
2023-09-29	33467.7783
2023-09-30	33467.7783
2023-10-01	33467.7783
2023-10-02	33488.649
2023-10-03	33328.5473
2023-10-04	33281.9328
2023-10-05	33332.8259
2023-10-06	33396.2937
2023-10-07	33396.2937
2023-10-08	33396.2937
2023-10-09	33408.0036
2023-10-10	33502.4848
2023-10-11	33575.0052
2023-10-12	33630.4833
2023-10-13	33558.4042
2023-10-14	33558.4042
2023-10-15	33558.4042
2023-10-16	33585.1298
2023-10-17	33573.6991
2023-10-18	33512.6814
2023-10-19	33376.1256
2023-10-20	33273.7898
2023-10-21	33273.7898
2023-10-22	33273.7898
2023-10-23	33249.3701
2023-10-24	33301.0019
2023-10-25	33246.6318
2023-10-26	33121.3086
2023-10-27	33160.1765
2023-10-28	33160.1765
2023-10-29	33160.1765
2023-10-30	33126.9563
2023-10-31	33179.2097
2023-11-01	33287.9048
2023-11-02	33445.016
2023-11-03	33511.5554
2023-11-04	33511.5554
2023-11-05	33511.5554
2023-11-06	33556.2063
2023-11-07	33602.6407
2023-11-08	33637.3471
2023-11-09	33625.403
2023-11-10	33647.3546
2023-11-11	33647.3546
2023-11-12	33647.3546
2023-11-13	33604.0729
2023-11-14	33700.3555
2023-11-15	33826.1382
2023-11-16	33799.7188
2023-11-17	33842.6492
2023-11-18	33842.6492
2023-11-19	33842.6492
2023-11-20	33831.6509
2023-11-21	33864.0333
2023-11-22	33902.2707
2023-11-23	33851.7469
2023-11-24	33832.5336
2023-11-25	33832.5336
2023-11-26	33832.5336
2023-11-27	33772.849
2023-11-28	33808.5283
2023-11-29	33876.581
2023-11-30	33905.2072
2023-12-01	33910.9901
2023-12-02	33910.9901
2023-12-03	33910.9901
2023-12-04	33967.2698
2023-12-05	33980.3489
2023-12-06	34087.9181
2023-12-07	34095.6827
2023-12-08	34133.5418
2023-12-09	34133.5418
2023-12-10	34133.5418
2023-12-11	34149.2962
2023-12-12	34219.0243
2023-12-13	34285.888
2023-12-14	34400.5732
2023-12-15	34431.5415
2023-12-16	34431.5415
2023-12-17	34431.5415
2023-12-18	34479.0478
2023-12-19	34467.2388
2023-12-20	34471.3463
2023-12-21	34483.0021
2023-12-22	34461.4739
2023-12-23	34461.4739
2023-12-24	34461.4739
2023-12-25	34461.8792
2023-12-26	34480.0927
2023-12-27	34543.02
2023-12-28	34625.1877
2023-12-29	34601.6778
2023-12-30	34601.6778
2023-12-31	34601.6778
2024-01-01	34601.5336
2024-01-02	34603.3802
2024-01-03	34489.2715
2024-01-04	34469.815
2024-01-05	34439.9096
2024-01-06	34439.9096
2024-01-07	34439.9096
2024-01-08	34468.9412
2024-01-09	34522.4196
2024-01-10	34504.1611
2024-01-11	34551.9556
2024-01-12	34549.7037
2024-01-13	34549.7037
2024-01-14	34549.7037
2024-01-15	34574.4387
2024-01-16	34477.2192
2024-01-17	34466.8334
2024-01-18	34439.4682
2024-01-19	34536.9939
2024-01-20	34536.9939
2024-01-21	34536.9939
2024-01-22	34603.3712
2024-01-23	34669.3071
2024-01-24	34675.4053
2024-01-25	34732.3606
2024-01-26	34720.9659
2024-01-27	34720.9659
2024-01-28	34720.9659
2024-01-29	34807.151
2024-01-30	34845.1632
2024-01-31	34853.2431
2024-02-01	34864.5026
2024-02-02	35028.1624
2024-02-03	35028.1624
2024-02-04	35028.1624
2024-02-05	34924.1692
2024-02-06	34893.1019
2024-02-07	34955.8491
2024-02-08	34991.2491
2024-02-09	34996.1673
2024-02-10	34996.1673
2024-02-11	34996.1673
2024-02-12	34967.568
2024-02-13	34949.7779
2024-02-14	34893.5162
2024-02-15	34999.5721
2024-02-16	34996.7618
2024-02-17	34996.7618
2024-02-18	34996.7618
2024-02-19	35026.586
2024-02-20	34972.4952
2024-02-21	34965.7485
2024-02-22	35104.8534
2024-02-23	35086.4778
2024-02-24	35086.4778
2024-02-25	35086.4778
2024-02-26	35135.3443
2024-02-27	35136.191
2024-02-28	35158.665
2024-02-29	35230.4919
2024-03-01	35304.832
2024-03-02	35304.832
2024-03-03	35304.832
2024-03-04	35313.9207
2024-03-05	35270.8732
2024-03-06	35316.4068
2024-03-07	35394.9984
2024-03-08	35417.4184
2024-03-09	35417.4184
2024-03-10	35417.4184
2024-03-11	35319.8207
2024-03-12	35395.1876
2024-03-13	35349.735
2024-03-14	35364.2914
2024-03-15	35285.3845
2024-03-16	35285.3845
2024-03-17	35285.3845
2024-03-18	35347.339
2024-03-19	35427.3178
2024-03-20	35464.06
2024-03-21	35539.3188
2024-03-22	35562.3964
2024-03-23	35562.3964
2024-03-24	35562.3964
2024-03-25	35565.8373
2024-03-26	35529.7437
2024-03-27	35619.5048
2024-03-28	35722.0657
2024-03-29	35727.3802
2024-03-30	35727.3802
2024-03-31	35727.3802
2024-04-01	35734.3251
2024-04-02	35662.0208
2024-04-03	35532.9954
2024-04-04	35471.3291
2024-04-05	35548.5606
2024-04-06	35548.5606
2024-04-07	35548.5606
2024-04-08	35474.4818
2024-04-09	35515.98
2024-04-10	35584.6993
2024-04-11	35557.0278
2024-04-12	35503.0811
2024-04-13	35503.0811
2024-04-14	35503.0811
2024-04-15	35437.6045
2024-04-16	35298.1573
2024-04-17	35229.9785
2024-04-18	35284.4927
2024-04-19	35149.8646
2024-04-20	35149.8646
2024-04-21	35149.8646
2024-04-22	35253.2272
2024-04-23	35353.6444
2024-04-24	35310.4167
2024-04-25	35267.2971
2024-04-26	35205.5858
2024-04-27	35205.5858
2024-04-28	35205.5858
2024-04-29	35273.1251
2024-04-30	35282.3669
2024-05-01	35164.574
2024-05-02	35221.7996
2024-05-03	35286.9788
2024-05-04	35286.9788
2024-05-05	35286.9788
2024-05-06	35380.388
2024-05-07	35520.9162
2024-05-08	35538.0487
2024-05-09	35463.7897
2024-05-10	35528.0232
2024-05-11	35528.0232
2024-05-12	35528.0232
2024-05-13	35520.9612
2024-05-14	35528.1223
2024-05-15	35595.1211
2024-05-16	35726.3714
2024-05-17	35655.5984
2024-05-18	35655.5984
2024-05-19	35655.5984
2024-05-20	35727.3352
2024-05-21	35722.7323
2024-05-22	35710.2207
2024-05-23	35662.228
2024-05-24	35595.3103
2024-05-25	35595.3103
2024-05-26	35595.3103
2024-05-27	35651.0045
2024-05-28	35615.5865
2024-05-29	35461.1955
2024-05-30	35382.8381
2024-05-31	35478.6884
2024-06-01	35478.6884
2024-06-02	35478.6884
2024-06-03	35556.3793
2024-06-04	35577.6553
2024-06-05	35684.5669
2024-06-06	35726.7317
2024-06-07	35795.9104
2024-06-08	35795.9104
2024-06-09	35795.9104
2024-06-10	35800.5763
2024-06-11	35687.8637
2024-06-12	35701.2041
2024-06-13	35739.3874
2024-06-14	35744.3146
2024-06-15	35744.3146
2024-06-16	35744.3146
2024-06-17	35770.4097
2024-06-18	35791.4516
2024-06-19	35770.7881
2024-06-20	35765.2844
2024-06-21	35890.5896
2024-06-22	35890.5896
2024-06-23	35890.5896
2024-06-24	35825.1672
2024-06-25	35978.9365
2024-06-26	35891.2202
2024-06-27	35901.5069
2024-06-28	35936.7718
2024-06-29	35936.7718
2024-06-30	35936.7718
2024-07-01	35946.0857
2024-07-02	35923.3324
2024-07-03	35935.5918
2024-07-04	36037.9366
2024-07-05	36029.6676
2024-07-06	36029.6676
2024-07-07	36029.6676
2024-07-08	36021.5427
2024-07-09	36087.0642
2024-07-10	36139.912
2024-07-11	36138.9032
2024-07-12	36239.4554
2024-07-13	36239.4554
2024-07-14	36239.4554
2024-07-15	36293.8435
2024-07-16	36369.0573
2024-07-17	36321.1727
2024-07-18	36243.9142
2024-07-19	36146.7759
2024-07-20	36146.7759
2024-07-21	36146.7759
2024-07-22	36214.2701
2024-07-23	36250.4087
2024-07-24	36135.0659
2024-07-25	36049.4663
2024-07-26	36138.2276
2024-07-27	36138.2276
2024-07-28	36138.2276
2024-07-29	36229.466
2024-07-30	36166.2053
2024-07-31	36475.6177
2024-08-01	36353.0688
2024-08-02	36105.4848
2024-08-03	36105.4848
2024-08-04	36105.4848
2024-08-05	35758.4296
2024-08-06	35711.806
2024-08-07	35676.0817
2024-08-08	35781.4171
2024-08-09	35893.1658
2024-08-10	35893.1658
2024-08-11	35893.1658
2024-08-12	35925.4762
2024-08-13	36082.2722
2024-08-14	36137.6331
2024-08-15	36246.3643
2024-08-16	36347.0156
2024-08-17	36347.0156
2024-08-18	36347.0156
2024-08-19	36377.8758
2024-08-20	36347.1057
2024-08-21	36427.7781
2024-08-22	36402.1154
2024-08-23	36425.8685
2024-08-24	36425.8685
2024-08-25	36425.8685
2024-08-26	36464.9977
2024-08-27	36459.1877
2024-08-28	36418.6984
2024-08-29	36396.1073
2024-08-30	36490.5704
2024-08-31	36490.5704
2024-09-01	36490.5704
2024-09-02	36477.9326
2024-09-03	36411.0329
2024-09-04	36267.8565
2024-09-05	36279.9267
2024-09-06	36219.2333
2024-09-07	36219.2333
2024-09-08	36219.2333
2024-09-09	36302.1576
2024-09-10	36352.4653
2024-09-11	36435.6238
2024-09-12	36521.4485
2024-09-13	36582.6284
2024-09-14	36582.6284
2024-09-15	36582.6284
2024-09-16	36589.5012
2024-09-17	36574.2603
2024-09-18	36542.7336
2024-09-19	36684.4147
2024-09-20	36685.7208
2024-09-21	36685.7208
2024-09-22	36685.7208
2024-09-23	36618.659
2024-09-24	36674.6054
2024-09-25	36688.5492
2024-09-26	36793.9206
2024-09-27	36780.5532
2024-09-28	36780.5532
2024-09-29	36780.5532
2024-09-30	36777.5717
2024-10-01	36722.8143
2024-10-02	36746.2251
2024-10-03	36759.7906
2024-10-04	36798.0911
2024-10-05	36798.0911
2024-10-06	36798.0911
2024-10-07	36860.2618
2024-10-08	36819.0699
2024-10-09	36932.467
2024-10-10	36928.846
2024-10-11	36971.9205
2024-10-12	36971.9205
2024-10-13	36971.9205
2024-10-14	37052.9892
2024-10-15	37060.3845
2024-10-16	37110.467
2024-10-17	37091.8662
2024-10-18	37047.7108
2024-10-19	37047.7108
2024-10-20	37047.7108
2024-10-21	37118.3667
2024-10-22	36955.7248
2024-10-23	36912.4971
2024-10-24	36931.1339
2024-10-25	36927.729
2024-10-26	36927.729
2024-10-27	36927.729
2024-10-28	36977.289
2024-10-29	37065.2036
2024-10-30	36953.4909
2024-10-31	36818.8177
2024-11-01	36779.9137
2024-11-02	36779.9137
2024-11-03	36779.9137
2024-11-04	36782.7601
2024-11-05	36808.8642
2024-11-06	37030.5782
2024-11-07	37039.8741
2024-11-08	37179.7357
2024-11-09	37179.7357
2024-11-10	37179.7357
2024-11-11	37193.6525
2024-11-12	37185.0412
2024-11-13	37137.1566
2024-11-14	37149.6952
2024-11-15	37140.6065
2024-11-16	37140.6065
2024-11-17	37140.6065
2024-11-18	37155.361
2024-11-19	37210.8301
2024-11-20	37195.3099
2024-11-21	37211.1003
2024-11-22	37327.3799
2024-11-23	37327.3799
2024-11-24	37327.3799
2024-11-25	37401.7289
2024-11-26	37421.6808
2024-11-27	37432.8863
2024-11-28	37467.6108
2024-11-29	37510.28
2024-11-30	37510.28
2024-12-01	37510.28
2024-12-02	37615.7774
2024-12-03	37708.0246
2024-12-04	37745.2352
2024-12-05	37784.0671
2024-12-06	37796.2184
2024-12-07	37796.2184
2024-12-08	37796.2184
2024-12-09	37699.7196
2024-12-10	37775.5639
2024-12-11	37798.074
2024-12-12	37733.4262
2024-12-13	37693.8917
2024-12-14	37693.8917
2024-12-15	37693.8917
2024-12-16	37672.8858
2024-12-17	37719.032
2024-12-18	37606.977
2024-12-19	37400.4318
2024-12-20	37377.1651
2024-12-21	37377.1651
2024-12-22	37377.1651
2024-12-23	37626.6406
2024-12-24	37702.7462
2024-12-25	37705.1692
2024-12-26	37723.824
2024-12-27	37734.2008
2024-12-28	37734.2008
2024-12-29	37734.2008
2024-12-30	37619.7858
2024-12-31	37599.3925
2025-01-01	37599.7528
2025-01-02	37580.7557
2025-01-03	37723.2746
2025-01-04	37723.2746
2025-01-05	37723.2746
2025-01-06	37724.8239
2025-01-07	37694.7384
2025-01-08	37771.3303
2025-01-09	37789.6518
2025-01-10	37668.6072
2025-01-11	37668.6072
2025-01-12	37668.6072
2025-01-13	37562.6504
2025-01-14	37574.4594
2025-01-15	37649.5471
2025-01-16	37785.7966
2025-01-17	37864.9377
2025-01-18	37864.9377
2025-01-19	37864.9377
2025-01-20	37879.8994
2025-01-21	37968.2913
2025-01-22	38019.842
2025-01-23	38018.8782
2025-01-24	37970.8315
2025-01-25	37970.8315
2025-01-26	37970.8315
2025-01-27	37893.3388
2025-01-28	38023.364
2025-01-29	38076.6172
2025-01-30	38154.6233
2025-01-31	38132.9419
2025-02-01	38132.9419
2025-02-02	38132.9419
2025-02-03	37988.0631
2025-02-04	38008.7266
2025-02-05	38064.4208
2025-02-06	38192.014
2025-02-07	38118.863
2025-02-08	38118.863
2025-02-09	38118.863
2025-02-10	38126.8347
2025-02-11	38119.5295
2025-02-12	38145.5796
2025-02-13	38239.3311
2025-02-14	38199.103
2025-02-15	38199.103
2025-02-16	38199.103
2025-02-17	38202.634
2025-02-18	38200.1839
2025-02-19	38154.6413
2025-02-20	38023.391
2025-02-21	37938.3139
2025-02-22	37938.3139
2025-02-23	37938.3139
2025-02-24	37955.1762
2025-02-25	37875.6568
2025-02-26	37913.1736
2025-02-27	37879.7552
2025-02-28	37926.3878
2025-03-01	37926.3878
2025-03-02	37926.3878
2025-03-03	37835.5818
2025-03-04	37791.048
2025-03-05	37743.866
2025-03-06	37557.0116
2025-03-07	37535.5644
2025-03-08	37535.5644
2025-03-09	37535.5644
2025-03-10	37331.055
2025-03-11	37242.564
2025-03-12	37211.4696
2025-03-13	37089.1189
2025-03-14	37265.2542
2025-03-15	37265.2542
2025-03-16	37265.2542
2025-03-17	37329.8119
2025-03-18	37315.4628
2025-03-19	37384.6414
2025-03-20	37492.9583
2025-03-21	37530.8714
2025-03-22	37530.8714
2025-03-23	37530.8714
2025-03-24	37617.8041
2025-03-25	37609.9585
2025-03-26	37555.4623
2025-03-27	37497.7233
2025-03-28	37416.4834
2025-03-29	37416.4834
2025-03-30	37416.4834
2025-03-31	37369.4726
2025-04-01	37428.6978
2025-04-02	37432.1928
2025-04-03	37058.4839
2025-04-04	36803.847
2025-04-05	36803.847
2025-04-06	36803.847
2025-04-07	36404.1871
2025-04-08	36395.792
2025-04-09	36766.7715
2025-04-10	36672.8669
2025-04-11	36757.2865
2025-04-12	36757.2865
2025-04-13	36757.2865
2025-04-14	36813.4852
2025-04-15	36845.8316
2025-04-16	36714.5993
2025-04-17	36832.6444
2025-04-18	36841.7511
2025-04-19	36841.7511
2025-04-20	36841.7511
2025-04-21	36680.4063
2025-04-22	36865.7385
2025-04-23	37041.2613
2025-04-24	37236.8802
2025-04-25	37303.978
2025-04-26	37303.978
2025-04-27	37303.978
2025-04-28	37358.204
2025-04-29	37493.4267
2025-04-30	37541.5455
2025-05-01	37594.1681
2025-05-02	37711.4926
2025-05-03	37711.4926
2025-05-04	37711.4926
2025-05-05	37589.0247
2025-05-06	37548.1481
2025-05-07	37623.8753
2025-05-08	37727.8955
2025-05-09	37738.6956
2025-05-10	37738.6956
2025-05-11	37738.6956
2025-05-12	37982.046
2025-05-13	37969.5794
2025-05-14	38000.1874
2025-05-15	38071.1675
2025-05-16	38174.0708
2025-05-17	38174.0708
2025-05-18	38174.0708
2025-05-19	38075.9056
2025-05-20	38210.3085
2025-05-21	38092.0563
2025-05-22	38090.0746
2025-05-23	38013.5187
2025-05-24	38013.5187
2025-05-25	38013.5187
2025-05-26	38031.3268
2025-05-27	38261.616
2025-05-28	38214.7223
2025-05-29	38237.1783
2025-05-30	38278.9197
2025-05-31	38278.9197
2025-06-01	38278.9197
2025-06-02	38231.9359
2025-06-03	38340.0455
2025-06-04	38401.5227
2025-06-05	38373.3918
2025-06-06	38452.0285
2025-06-07	38452.0285
2025-06-08	38452.0285
2025-06-09	38436.8956
2025-06-10	38531.5749
2025-06-11	38525.0444
2025-06-12	38544.1406
2025-06-13	38468.5305
2025-06-14	38468.5305
2025-06-15	38468.5305
2025-06-16	38478.4749
2025-06-17	38431.8784
2025-06-18	38422.7266
2025-06-19	38446.6149
2025-06-20	38428.0862
2025-06-21	38428.0862
2025-06-22	38428.0862
2025-06-23	38614.7244
2025-06-24	38746.6503
2025-06-25	38851.6343
2025-06-26	38904.0227
2025-06-27	38975.084
2025-06-28	38975.084
2025-06-29	38975.084
2025-06-30	38996.7023
2025-07-01	38982.3171
2025-07-02	39069.7452
2025-07-03	39101.7944
2025-07-04	39111.4506
2025-07-05	39111.4506
2025-07-06	39111.4506
2025-07-07	39076.0416
2025-07-08	39078.1674
2025-07-09	39059.9629
2025-07-10	39108.2619
2025-07-11	39030.1567
2025-07-12	39030.1567
2025-07-13	39030.1567
2025-07-14	39042.335
2025-07-15	39102.443
2025-07-16	39067.8987
2025-07-17	39231.054
2025-07-18	39231.9728
2025-07-19	39231.9728
2025-07-20	39231.9728
2025-07-21	39194.9874
2025-07-22	39178.9088
2025-07-23	39279.7493
2025-07-24	39243.0522
2025-07-25	39262.3465
2025-07-26	39262.3465
2025-07-27	39262.3465
2025-07-28	39310.5014
2025-07-29	39306.1327
2025-07-30	39422.9077
2025-07-31	39391.381
2025-08-01	39161.6231
2025-08-02	39161.6231
2025-08-03	39161.6231
2025-08-04	39301.8721
2025-08-05	39370.8616
2025-08-06	39451.1466
2025-08-07	39481.2592
2025-08-08	39487.9879
2025-08-09	39487.9879
2025-08-10	39487.9879
2025-08-11	39500.3463
2025-08-12	39624.6878
2025-08-13	39611.0412
2025-08-14	39706.342
2025-08-15	39737.5535
2025-08-16	39737.5535
2025-08-17	39737.5535
2025-08-18	39776.4214
2025-08-19	39700.6852
2025-08-20	39757.4063
2025-08-21	39802.6517
2025-08-22	39817.3882
2025-08-23	39817.3882
2025-08-24	39817.3882
2025-08-25	39799.6071
2025-08-26	39787.1856
2025-08-27	39813.7761
2025-08-28	39843.2941
2025-08-29	39774.6289
2025-08-30	39774.6289
2025-08-31	39774.6289
2025-09-01	39724.9968
2025-09-02	39678.7426
2025-09-03	39558.6618
2025-09-04	39759.2529
2025-09-05	39745.3361
2025-09-06	39745.3361
2025-09-07	39745.3361
2025-09-08	39763.6396
2025-09-09	39763.4054
2025-09-10	39788.8069
2025-09-11	39820.3877
2025-09-12	39875.2172
2025-09-13	39875.2172
2025-09-14	39875.2172
2025-09-15	39887.2244
2025-09-16	39898.5019
2025-09-17	39854.7248
2025-09-18	39910.1308
2025-09-19	39971.6079
2025-09-20	39971.6079
2025-09-21	39971.6079
2025-09-22	40025.933
2025-09-23	39996.0096
2025-09-24	39914.6797
2025-09-25	39931.2987
2025-09-26	39972.3736
2025-09-27	39972.3736
2025-09-28	39972.3736
2025-09-29	40034.8325
2025-09-30	40045.8489
2025-10-01	40077.9251
2025-10-02	40208.1035
2025-10-03	40252.2229
2025-10-04	40252.2229
2025-10-05	40252.2229
2025-10-06	40319.564
2025-10-07	40321.933
2025-10-08	40358.7112
2025-10-09	40403.7944
2025-10-10	40188.0795
2025-10-11	40188.0795
2025-10-12	40188.0795
2025-10-13	40299.1707
2025-10-14	40292.6491
2025-10-15	40416.7203
2025-10-16	40525.5056
2025-10-17	40501.3471
2025-10-18	40501.3471
2025-10-19	40501.3471
2025-10-20	40536.2967
2025-10-21	40597.5126
2025-10-22	40511.0303
2025-10-23	40533.5944
2025-10-24	40608.583
2025-10-25	40608.583
2025-10-26	40608.583
2025-10-27	40693.6151
2025-10-28	40647.2618
2025-10-29	40545.9259
2025-10-30	40463.0917
2025-10-31	40471.1445
2025-11-01	40471.1445
2025-11-02	40471.1445
2025-11-03	40493.8617
2025-11-04	40351.2799
2025-11-05	40355.5044
2025-11-06	40337.318
2025-11-07	40281.1464
2025-11-08	40281.1464
2025-11-09	40281.1464
2025-11-10	40407.3434
2025-11-11	40441.3382
2025-11-12	40457.7952
2025-11-13	40266.7702
2025-11-14	40155.5169
2025-11-15	40155.5169
2025-11-16	40155.5169
2025-11-17	40103.5158
2025-11-18	39895.2682
2025-11-19	39953.2954
2025-11-20	39901.5015
2025-11-21	39848.1583
2025-11-22	39848.1583
2025-11-23	39848.1583
2025-11-24	40048.9205
2025-11-25	40162.9842
2025-11-26	40221.8761
2025-11-27	40216.2013
2025-11-28	40241.6749
2025-11-29	40241.6749
2025-11-30	40241.6749
2025-12-01	40156.2105
2025-12-02	40170.2624
2025-12-03	40157.3094
2025-12-04	40160.5071
2025-12-05	40169.9201
2025-12-06	40169.9201
2025-12-07	40169.9201
2025-12-08	40178.1801
2025-12-09	40084.5817
2025-12-10	40121.6572
2025-12-11	40159.5793
2025-12-12	40190.7007
2025-12-13	40190.7007
2025-12-14	40190.7007
2025-12-15	40141.1407
2025-12-16	40093.229
2025-12-17	40025.4736
2025-12-18	40091.3645
2025-12-19	40197.1502
2025-12-20	40197.1502
2025-12-21	40197.1502
2025-12-22	40248.9261
2025-12-23	40376.9786
2025-12-24	40384.5451
2025-12-25	40386.3376
2025-12-26	40385.7971
2025-12-27	40385.7971
2025-12-28	40385.7971
2025-12-29	40357.5402
2025-12-30	40351.433
2025-12-31	40348.0461
2026-01-01	40348.5866
2026-01-02	40361.7828
2026-01-03	40361.7828
2026-01-04	40361.7828
2026-01-05	40430.421
2026-01-06	40474.4503
2026-01-07	40511.0753
2026-01-08	40555.2038
2026-01-09	40630.5256
2026-01-10	40630.5256
2026-01-11	40630.5256
2026-01-12	40635.1015
2026-01-13	40697.4884
2026-01-14	40693.0927
2026-01-15	40735.6988
2026-01-16	40806.9582
2026-01-17	40806.9582
2026-01-18	40806.9582
2026-01-19	40719.9174
2026-01-20	40455.1199
2026-01-21	40442.3651
2026-01-22	40511.7419
2026-01-23	40499.2483
2026-01-24	40499.2483
2026-01-25	40499.2483
2026-01-26	40494.3752
2026-01-27	40582.2267
2026-01-28	40567.4902
2026-01-29	40537.1525
2026-01-30	40442.9776
2026-01-31	40442.9776
2026-02-01	40442.9776
2026-02-02	40434.7446
2026-02-03	40415.7565
2026-02-04	40438.0234
2026-02-05	40349.9557
2026-02-06	40325.7972
2026-02-07	40325.7972
2026-02-08	40325.7972
2026-02-09	40448.8596
2026-02-10	40473.1532
2026-02-11	40580.1189
2026-02-12	40502.9324
2026-02-13	40457.6691
2026-02-14	40457.6691
2026-02-15	40457.6691
2026-02-16	40483.9624
2026-02-17	40549.1957
2026-02-18	40623.2745
2026-02-19	40648.4688
2026-02-20	40691.165
2026-02-21	40691.165
2026-02-22	40691.165
2026-02-23	40629.841
2026-02-24	40687.9673
2026-02-25	40795.2753
2026-02-26	40820.0283
2026-02-27	40813.6779
2026-02-28	40813.6779
2026-03-01	40813.6779
2026-03-02	40844.385
2026-03-03	40572.9938
2026-03-04	40373.5287
2026-03-05	40457.1016
2026-03-06	40278.4621
2026-03-07	40278.4621
2026-03-08	40278.4621
2026-03-09	39999.955
2026-03-10	40101.6872
2026-03-11	40132.8807
2026-03-12	39943.5221
2026-03-13	39888.9899
2026-03-14	39888.9899
2026-03-15	39888.9899
2026-03-16	39884.8013
2026-03-17	39931.9923
2026-03-18	39941.1081
2026-03-19	39748.1014
2026-03-20	39540.6735
2026-03-21	39540.6735
2026-03-22	39540.6735
2026-03-23	39518.3346
2026-03-24	39573.2181
2026-03-25	39826.6931
2026-03-26	39701.9643
2026-03-27	39558.4997
2026-03-28	39558.4997
2026-03-29	39558.4997
2026-03-30	39538.2415
2026-03-31	39740.3729
2026-04-01	40018.9971
2026-04-02	39889.6024
2026-04-03	39901.2313
2026-04-04	39901.2313
2026-04-05	39901.2313
2026-04-06	39923.7503
2026-04-07	40090.8961
2026-04-08	40541.2599
2026-04-09	40592.6665
2026-04-10	40572.048
2026-04-11	40572.048
2026-04-12	40572.048
2026-04-13	40591.6126
2026-04-14	40709.4866
2026-04-15	40786.3848
2026-04-16	40784.8445
2026-04-17	40824.7033
2026-04-18	40824.7033
2026-04-19	40824.7033
2026-04-20	40889.5492
2026-04-21	40781.6918
2026-04-22	40742.986
2026-04-23	40642.6769
2026-04-24	40708.7389
2026-04-25	40708.7389
2026-04-26	40708.7389
2026-04-27	40685.7424
2026-04-28	40604.2143
2026-04-29	40611.9249
2026-04-30	40579.8937
2026-05-01	40675.4287
2026-05-02	40675.4287
2026-05-03	40675.4287
2026-05-04	40676.0863
2026-05-05	40746.1747
2026-05-06	40958.9081
2026-05-07	41041.0847
2026-05-08	40969.3029
2026-05-09	40969.3029
2026-05-10	40969.3029
2026-05-11	40957.4488
2026-05-12	40898.8631
2026-05-13	40908.7355
2026-05-14	41035.491
2026-05-15	40936.1277
2026-05-16	40936.1277
2026-05-17	40936.1277
2026-05-18	40811.0207
2026-05-19	40916.5992
2026-05-20	40853.2395
2026-05-21	41058.2533
2026-05-22	41181.2976
2026-05-23	41181.2976
2026-05-24	41181.2976
2026-05-25	41230.7045
2026-05-26	41233.9473
2026-05-27	41353.4516
2026-05-28	41258.8264
2026-05-29	41412.1544
2026-05-30	41412.1544
2026-05-31	41412.1544
2026-06-01	41458.9941
2026-06-02	41462.6242
2026-06-03	41483.7291
2026-06-04	41443.1587
2026-06-05	41229.7947
2026-06-06	41229.7947
2026-06-07	41229.7947
2026-06-08	41207.0144
2026-06-09	41225.1378
2026-06-10	41144.042
2026-06-11	41292.2447
2026-06-12	41501.0778
2026-06-13	41501.0778
2026-06-14	41501.0778
2026-06-15	41729.4304
2026-06-16	41742.2212
2026-06-17	41767.5237
2026-06-18	41810.4451
2026-06-19	41755.4534
2026-06-20	41755.4534
2026-06-21	41755.4534
2026-06-22	41749.5354
2026-06-23	41627.4459
2026-06-24	41705.1278
2026-06-25	41866.4906
2026-06-26	41837.7652
2026-06-27	41837.7652
2026-06-28	41837.7652
2026-06-29	41982.6351
2026-06-30	41999.6595
2026-07-01	41960.4673
2026-07-02	41946.7667
2026-07-03	42077.8728
2026-07-04	42077.8728
2026-07-05	42077.8728
2026-07-06	42109.6608
2026-07-07	42001.8394
2026-07-08	41954.6033
2026-07-09	41986.5804
2026-07-10	42067.478
2026-07-11	42067.478
2026-07-12	42067.478
2026-07-13	41988.7332
2026-07-14	41964.6829
2026-07-15	42025.5475
2026-07-16	41964.1964
2026-07-17	41816.8855
2026-07-18	41816.8855
2026-07-19	41816.8855
2026-07-20	41660.6931
2026-07-21	41777.6393
2026-07-22	41792.1416
2026-07-23	41743.8876
2026-07-24	41624.9238
2026-07-25	41624.9238
2026-07-26	41624.9238
2026-07-27	41751.7153
2026-07-28	41798.2668
2026-07-29	41808.8958
2026-07-30	41783.6203
2026-07-31	41914.9157
2026-08-01	41914.9157
2026-08-02	41914.9157
2026-08-03	42091.087
2026-08-04	42273.6178
2026-08-05	42387.078
2026-08-06	42431.1614
2026-08-07	42431.3595
2026-08-08	42431.3595
2026-08-09	42431.3595
2026-08-10	42419.4424
2026-08-11	42412.0021
2026-08-12	42425.1983
2026-08-13	42500.8535
2026-08-14	42409.1377
2026-08-15	42409.1377
2026-08-16	42409.1377
2026-08-17	42317.449
2026-08-18	42250.6303
2026-08-19	42201.1604
2026-08-20	42202.3043
2026-08-21	42169.3003
2026-08-22	42169.3003
2026-08-23	42169.3003
2026-08-24	42206.2407
2026-08-25	42317.521
2026-08-26	42288.7686
2026-08-27	42232.8312
2026-08-28	42250.288
2026-08-29	42250.288
2026-08-30	42250.288
2026-08-31	42225.1747
2026-09-01	42137.5214
2026-09-02	42028.511
2026-09-03	42168.2645
2026-09-04	42156.2573
2026-09-05	42156.2573
2026-09-06	42156.2573
2026-09-07	42177.7045
2026-09-08	42048.1116
2026-09-09	41971.6638
2026-09-10	41877.6421
2026-09-11	41803.1579
2026-09-12	41803.1579
2026-09-13	41803.1579
2026-09-14	41794.8889
2026-09-15	41653.9104
2026-09-16	41668.7549
