date	value
2012-04-20	10000.0
2012-04-21	10000.0
2012-04-22	10000.0
2012-04-23	9835.55
2012-04-24	9929.84
2012-04-25	9966.33
2012-04-26	9969.03
2012-04-27	9983.2
2012-04-28	9983.2
2012-04-29	9983.2
2012-04-30	9942.07
2012-05-01	9942.81
2012-05-02	9991.68
2012-05-03	9952.38
2012-05-04	9869.47
2012-05-05	9869.47
2012-05-06	9869.47
2012-05-07	9879.44
2012-05-08	9854.48
2012-05-09	9810.8
2012-05-10	9806.09
2012-05-11	9838.24
2012-05-12	9838.24
2012-05-13	9838.24
2012-05-14	9756.37
2012-05-15	9691.7
2012-05-16	9637.53
2012-05-17	9501.29
2012-05-18	9432.82
2012-05-19	9432.82
2012-05-20	9432.82
2012-05-21	9540.8
2012-05-22	9625.9
2012-05-23	9665.44
2012-05-24	9639.93
2012-05-25	9591.36
2012-05-26	9591.36
2012-05-27	9591.36
2012-05-28	9566.83
2012-05-29	9667.75
2012-05-30	9603.64
2012-05-31	9547.3
2012-06-01	9342.3
2012-06-02	9342.3
2012-06-03	9342.3
2012-06-04	9226.99
2012-06-05	9279.26
2012-06-06	9387.74
2012-06-07	9424.57
2012-06-08	9438.72
2012-06-09	9438.72
2012-06-10	9438.72
2012-06-11	9365.33
2012-06-12	9419.18
2012-06-13	9270.46
2012-06-14	9254.49
2012-06-15	9288.96
2012-06-16	9288.96
2012-06-17	9288.96
2012-06-18	9316.49
2012-06-19	9393.28
2012-06-20	9394.76
2012-06-21	9309.73
2012-06-22	9294.87
2012-06-23	9294.87
2012-06-24	9294.87
2012-06-25	9172.21
2012-06-26	9091.86
2012-06-27	9163.04
2012-06-28	9201.93
2012-06-29	9390.16
2012-06-30	9403.0
2012-07-01	9403.0
2012-07-02	9418.03
2012-07-03	9504.13
2012-07-04	9494.65
2012-07-05	9446.77
2012-07-06	9374.23
2012-07-07	9374.23
2012-07-08	9374.23
2012-07-09	9341.17
2012-07-10	9275.35
2012-07-11	9217.72
2012-07-12	9238.8
2012-07-13	9278.29
2012-07-14	9278.29
2012-07-15	9278.29
2012-07-16	9271.84
2012-07-17	9275.61
2012-07-18	9306.11
2012-07-19	9303.13
2012-07-20	9198.42
2012-07-21	9198.42
2012-07-22	9198.42
2012-07-23	9144.93
2012-07-24	9094.46
2012-07-25	9085.44
2012-07-26	9229.35
2012-07-27	9383.58
2012-07-28	9383.58
2012-07-29	9383.58
2012-07-30	9366.05
2012-07-31	9331.52
2012-08-01	9336.41
2012-08-02	9289.96
2012-08-03	9473.85
2012-08-04	9473.85
2012-08-05	9473.85
2012-08-06	9545.75
2012-08-07	9631.1
2012-08-08	9575.89
2012-08-09	9608.98
2012-08-10	9639.15
2012-08-11	9639.15
2012-08-12	9639.15
2012-08-13	9649.1
2012-08-14	9674.51
2012-08-15	9674.04
2012-08-16	9792.91
2012-08-17	9895.73
2012-08-18	9895.73
2012-08-19	9895.73
2012-08-20	9864.41
2012-08-21	9860.39
2012-08-22	9812.37
2012-08-23	9777.19
2012-08-24	9810.18
2012-08-25	9810.18
2012-08-26	9810.18
2012-08-27	9820.19
2012-08-28	9781.34
2012-08-29	9792.94
2012-08-30	9735.55
2012-08-31	9767.77
2012-09-01	9767.77
2012-09-02	9767.77
2012-09-03	9844.61
2012-09-04	9767.62
2012-09-05	9747.79
2012-09-06	9892.98
2012-09-07	10000.04
2012-09-08	10000.04
2012-09-09	10000.04
2012-09-10	9983.12
2012-09-11	9939.2
2012-09-12	10005.03
2012-09-13	10022.88
2012-09-14	10122.37
2012-09-15	10122.37
2012-09-16	10122.37
2012-09-17	10106.7
2012-09-18	10072.83
2012-09-19	10071.98
2012-09-20	10021.71
2012-09-21	10013.04
2012-09-22	10013.04
2012-09-23	10013.04
2012-09-24	10003.46
2012-09-25	9891.98
2012-09-26	9823.44
2012-09-27	9845.3
2012-09-28	9790.59
2012-09-29	9790.59
2012-09-30	9789.0
2012-10-01	9859.52
2012-10-02	9922.63
2012-10-03	9972.97
2012-10-04	10044.29
2012-10-05	10115.96
2012-10-06	10115.96
2012-10-07	10115.96
2012-10-08	10054.81
2012-10-09	9940.87
2012-10-10	9818.34
2012-10-11	9860.1
2012-10-12	9868.75
2012-10-13	9868.75
2012-10-14	9868.75
2012-10-15	9905.26
2012-10-16	10006.15
2012-10-17	10040.89
2012-10-18	10071.39
2012-10-19	9972.61
2012-10-20	9972.61
2012-10-21	9972.61
2012-10-22	9987.88
2012-10-23	9861.8
2012-10-24	9795.57
2012-10-25	9806.62
2012-10-26	9776.5
2012-10-27	9776.5
2012-10-28	9776.5
2012-10-29	9780.27
2012-10-30	9760.98
2012-10-31	9830.43
2012-11-01	9983.84
2012-11-02	9975.84
2012-11-03	9975.84
2012-11-04	9975.84
2012-11-05	10010.95
2012-11-06	10052.85
2012-11-07	9908.32
2012-11-08	9818.02
2012-11-09	9851.12
2012-11-10	9851.12
2012-11-11	9851.12
2012-11-12	9778.69
2012-11-13	9748.57
2012-11-14	9685.57
2012-11-15	9702.64
2012-11-16	9708.13
2012-11-17	9708.13
2012-11-18	9708.13
2012-11-19	9840.47
2012-11-20	9897.51
2012-11-21	9958.79
2012-11-22	9984.07
2012-11-23	10039.01
2012-11-24	10039.01
2012-11-25	10039.01
2012-11-26	10028.07
2012-11-27	10042.9
2012-11-28	10067.48
2012-11-29	10201.55
2012-11-30	10217.81
2012-12-01	10217.81
2012-12-02	10217.81
2012-12-03	10197.62
2012-12-04	10188.77
2012-12-05	10222.81
2012-12-06	10220.33
2012-12-07	10256.81
2012-12-08	10256.81
2012-12-09	10256.81
2012-12-10	10261.17
2012-12-11	10297.64
2012-12-12	10287.1
2012-12-13	10278.89
2012-12-14	10318.26
2012-12-15	10318.26
2012-12-16	10318.26
2012-12-17	10368.06
2012-12-18	10473.54
2012-12-19	10561.62
2012-12-20	10593.06
2012-12-21	10546.98
2012-12-22	10546.98
2012-12-23	10546.98
2012-12-24	10563.16
2012-12-25	10588.92
2012-12-26	10584.14
2012-12-27	10614.22
2012-12-28	10521.05
2012-12-29	10521.05
2012-12-30	10521.05
2012-12-31	10598.43
2013-01-01	10598.37
2013-01-02	10751.29
2013-01-03	10762.46
2013-01-04	10852.87
2013-01-05	10852.87
2013-01-06	10852.87
2013-01-07	10786.02
2013-01-08	10725.78
2013-01-09	10799.26
2013-01-10	10790.26
2013-01-11	10831.55
2013-01-12	10831.55
2013-01-13	10831.55
2013-01-14	10792.93
2013-01-15	10818.22
2013-01-16	10782.99
2013-01-17	10912.51
2013-01-18	10957.7
2013-01-19	10957.7
2013-01-20	10957.7
2013-01-21	10946.72
2013-01-22	10947.49
2013-01-23	10978.96
2013-01-24	11080.45
2013-01-25	11189.83
2013-01-26	11189.83
2013-01-27	11189.83
2013-01-28	11196.96
2013-01-29	11163.37
2013-01-30	11151.02
2013-01-31	11139.97
2013-02-01	11291.29
2013-02-02	11291.29
2013-02-03	11291.29
2013-02-04	11133.5
2013-02-05	11218.75
2013-02-06	11314.74
2013-02-07	11252.83
2013-02-08	11279.93
2013-02-09	11279.93
2013-02-10	11279.93
2013-02-11	11317.13
2013-02-12	11374.44
2013-02-13	11420.81
2013-02-14	11450.66
2013-02-15	11490.89
2013-02-16	11490.89
2013-02-17	11490.89
2013-02-18	11500.02
2013-02-19	11557.87
2013-02-20	11564.11
2013-02-21	11469.88
2013-02-22	11540.87
2013-02-23	11540.87
2013-02-24	11540.87
2013-02-25	11451.11
2013-02-26	11426.13
2013-02-27	11566.96
2013-02-28	11613.11
2013-03-01	11588.21
2013-03-02	11588.21
2013-03-03	11588.21
2013-03-04	11626.38
2013-03-05	11721.67
2013-03-06	11733.9
2013-03-07	11765.15
2013-03-08	11879.94
2013-03-09	11879.94
2013-03-10	11879.94
2013-03-11	11905.08
2013-03-12	11805.59
2013-03-13	11819.75
2013-03-14	11837.54
2013-03-15	11838.79
2013-03-16	11838.79
2013-03-17	11838.79
2013-03-18	11725.96
2013-03-19	11733.82
2013-03-20	11781.95
2013-03-21	11652.48
2013-03-22	11620.36
2013-03-23	11620.36
2013-03-24	11620.36
2013-03-25	11574.0
2013-03-26	11589.1
2013-03-27	11593.78
2013-03-28	11632.99
2013-03-29	11648.34
2013-03-30	11648.34
2013-03-31	11630.77
2013-04-01	11512.08
2013-04-02	11476.02
2013-04-03	11420.3
2013-04-04	11544.27
2013-04-05	11568.65
2013-04-06	11568.65
2013-04-07	11568.65
2013-04-08	11611.48
2013-04-09	11586.1
2013-04-10	11716.98
2013-04-11	11800.84
2013-04-12	11733.45
2013-04-13	11733.45
2013-04-14	11733.45
2013-04-15	11520.12
2013-04-16	11647.99
2013-04-17	11458.66
2013-04-18	11376.92
2013-04-19	11439.1
2013-04-20	11439.1
2013-04-21	11439.1
2013-04-22	11503.94
2013-04-23	11712.02
2013-04-24	11869.72
2013-04-25	11926.16
2013-04-26	11869.63
2013-04-27	11869.63
2013-04-28	11869.63
2013-04-29	11949.05
2013-04-30	11954.93
2013-05-01	11916.41
2013-05-02	11996.55
2013-05-03	12138.79
2013-05-04	12138.79
2013-05-05	12138.79
2013-05-06	12218.4
2013-05-07	12320.45
2013-05-08	12423.42
2013-05-09	12444.46
2013-05-10	12602.46
2013-05-11	12602.46
2013-05-12	12602.46
2013-05-13	12650.15
2013-05-14	12771.84
2013-05-15	12849.52
2013-05-16	12850.96
2013-05-17	13027.49
2013-05-18	13027.49
2013-05-19	13027.49
2013-05-20	13038.03
2013-05-21	13098.23
2013-05-22	13119.68
2013-05-23	12885.33
2013-05-24	12886.38
2013-05-25	12886.38
2013-05-26	12886.38
2013-05-27	12886.06
2013-05-28	13012.84
2013-05-29	12931.47
2013-05-30	12931.91
2013-05-31	12888.7
2013-06-01	12888.7
2013-06-02	12888.7
2013-06-03	12710.25
2013-06-04	12793.52
2013-06-05	12686.89
2013-06-06	12678.91
2013-06-07	12830.24
2013-06-08	12830.24
2013-06-09	12830.24
2013-06-10	12941.66
2013-06-11	12833.7
2013-06-12	12679.52
2013-06-13	12602.2
2013-06-14	12608.9
2013-06-15	12608.9
2013-06-16	12608.9
2013-06-17	12776.96
2013-06-18	12943.78
2013-06-19	12811.31
2013-06-20	12759.79
2013-06-21	12668.36
2013-06-22	12668.36
2013-06-23	12668.36
2013-06-24	12433.22
2013-06-25	12593.35
2013-06-26	12701.54
2013-06-27	12873.05
2013-06-28	13000.01
2013-06-29	13000.01
2013-06-30	13000.01
2013-07-01	13099.56
2013-07-02	13134.44
2013-07-03	13179.7
2013-07-04	13175.96
2013-07-05	13326.43
2013-07-06	13326.43
2013-07-07	13326.43
2013-07-08	13314.92
2013-07-09	13400.71
2013-07-10	13374.18
2013-07-11	13583.12
2013-07-12	13651.89
2013-07-13	13651.89
2013-07-14	13651.89
2013-07-15	13645.58
2013-07-16	13457.76
2013-07-17	13553.49
2013-07-18	13678.39
2013-07-19	13683.44
2013-07-20	13683.44
2013-07-21	13683.44
2013-07-22	13677.62
2013-07-23	13673.89
2013-07-24	13700.18
2013-07-25	13665.88
2013-07-26	13549.06
2013-07-27	13549.06
2013-07-28	13549.06
2013-07-29	13509.27
2013-07-30	13726.83
2013-07-31	13845.21
2013-08-01	14128.28
2013-08-02	14154.71
2013-08-03	14154.71
2013-08-04	14154.71
2013-08-05	14149.06
2013-08-06	14034.04
2013-08-07	13860.89
2013-08-08	13854.6
2013-08-09	13775.55
2013-08-10	13775.55
2013-08-11	13775.55
2013-08-12	13822.1
2013-08-13	13950.58
2013-08-14	13846.91
2013-08-15	13720.1
2013-08-16	13645.02
2013-08-17	13645.02
2013-08-18	13645.02
2013-08-19	13633.65
2013-08-20	13699.55
2013-08-21	13702.61
2013-08-22	13840.8
2013-08-23	13905.19
2013-08-24	13905.19
2013-08-25	13905.19
2013-08-26	13847.58
2013-08-27	13688.44
2013-08-28	13669.79
2013-08-29	13723.22
2013-08-30	13607.76
2013-08-31	13607.76
2013-09-01	13607.76
2013-09-02	13653.56
2013-09-03	13623.61
2013-09-04	13647.02
2013-09-05	13744.99
2013-09-06	13715.09
2013-09-07	13715.09
2013-09-08	13715.09
2013-09-09	13857.73
2013-09-10	13973.76
2013-09-11	13965.58
2013-09-12	13991.61
2013-09-13	14042.9
2013-09-14	14042.9
2013-09-15	14042.9
2013-09-16	14095.45
2013-09-17	14080.84
2013-09-18	14205.77
2013-09-19	14247.04
2013-09-20	14230.47
2013-09-21	14230.47
2013-09-22	14230.47
2013-09-23	14116.83
2013-09-24	14212.97
2013-09-25	14233.43
2013-09-26	14287.5
2013-09-27	14291.78
2013-09-28	14291.78
2013-09-29	14291.78
2013-09-30	14182.47
2013-10-01	14307.45
2013-10-02	14231.44
2013-10-03	14118.19
2013-10-04	14097.43
2013-10-05	14097.43
2013-10-06	14097.43
2013-10-07	14017.03
2013-10-08	13868.36
2013-10-09	13837.19
2013-10-10	14115.2
2013-10-11	14243.39
2013-10-12	14243.39
2013-10-13	14243.39
2013-10-14	14235.67
2013-10-15	14134.3
2013-10-16	14140.37
2013-10-17	14112.29
2013-10-18	14226.17
2013-10-19	14226.17
2013-10-20	14226.17
2013-10-21	14242.21
2013-10-22	14291.84
2013-10-23	14238.43
2013-10-24	14432.42
2013-10-25	14423.96
2013-10-26	14423.96
2013-10-27	14423.96
2013-10-28	14403.67
2013-10-29	14536.78
2013-10-30	14500.79
2013-10-31	14453.8
2013-11-01	14435.63
2013-11-02	14435.63
2013-11-03	14435.63
2013-11-04	14467.21
2013-11-05	14386.81
2013-11-06	14391.45
2013-11-07	14283.91
2013-11-08	14386.65
2013-11-09	14386.65
2013-11-10	14386.65
2013-11-11	14460.6
2013-11-12	14465.21
2013-11-13	14471.28
2013-11-14	14575.66
2013-11-15	14594.7
2013-11-16	14594.7
2013-11-17	14594.7
2013-11-18	14527.33
2013-11-19	14406.68
2013-11-20	14363.61
2013-11-21	14599.38
2013-11-22	14753.72
2013-11-23	14753.72
2013-11-24	14753.72
2013-11-25	14756.74
2013-11-26	14816.08
2013-11-27	14933.29
2013-11-28	14945.82
2013-11-29	14892.37
2013-11-30	14892.37
2013-12-01	14892.37
2013-12-02	14813.78
2013-12-03	14693.47
2013-12-04	14710.45
2013-12-05	14674.46
2013-12-06	14745.11
2013-12-07	14745.11
2013-12-08	14745.11
2013-12-09	14835.24
2013-12-10	14750.11
2013-12-11	14699.93
2013-12-12	14759.24
2013-12-13	14777.77
2013-12-14	14777.77
2013-12-15	14777.77
2013-12-16	14890.19
2013-12-17	14958.65
2013-12-18	15154.68
2013-12-19	15251.71
2013-12-20	15297.15
2013-12-21	15297.15
2013-12-22	15297.15
2013-12-23	15359.97
2013-12-24	15433.28
2013-12-25	15433.19
2013-12-26	15527.76
2013-12-27	15602.01
2013-12-28	15602.01
2013-12-29	15602.01
2013-12-30	15608.21
2013-12-31	15602.59
2014-01-01	15602.5
2014-01-02	15508.15
2014-01-03	15501.14
2014-01-04	15501.14
2014-01-05	15501.14
2014-01-06	15441.04
2014-01-07	15537.58
2014-01-08	15538.75
2014-01-09	15558.11
2014-01-10	15611.4
2014-01-11	15611.4
2014-01-12	15611.4
2014-01-13	15427.7
2014-01-14	15577.37
2014-01-15	15748.0
2014-01-16	15922.31
2014-01-17	15985.27
2014-01-18	15985.27
2014-01-19	15985.27
2014-01-20	15951.5
2014-01-21	15935.15
2014-01-22	15852.39
2014-01-23	15798.21
2014-01-24	15501.56
2014-01-25	15501.56
2014-01-26	15501.56
2014-01-27	15350.29
2014-01-28	15486.53
2014-01-29	15459.69
2014-01-30	15479.52
2014-01-31	15429.23
2014-02-01	15429.23
2014-02-02	15429.23
2014-02-03	15064.36
2014-02-04	14926.29
2014-02-05	14961.74
2014-02-06	15065.17
2014-02-07	15256.82
2014-02-08	15256.82
2014-02-09	15256.82
2014-02-10	15302.94
2014-02-11	15361.45
2014-02-12	15425.37
2014-02-13	15482.09
2014-02-14	15532.93
2014-02-15	15532.93
2014-02-16	15532.93
2014-02-17	15542.71
2014-02-18	15616.15
2014-02-19	15555.97
2014-02-20	15682.46
2014-02-21	15783.06
2014-02-22	15783.06
2014-02-23	15783.06
2014-02-24	15796.97
2014-02-25	15878.13
2014-02-26	15937.88
2014-02-27	15973.83
2014-02-28	16047.1
2014-03-01	16047.1
2014-03-02	16047.1
2014-03-03	15845.59
2014-03-04	16076.72
2014-03-05	16077.2
2014-03-06	16053.41
2014-03-07	16000.44
2014-03-08	16000.44
2014-03-09	16000.44
2014-03-10	15944.11
2014-03-11	15865.42
2014-03-12	15808.63
2014-03-13	15592.19
2014-03-14	15451.44
2014-03-15	15451.44
2014-03-16	15451.44
2014-03-17	15569.42
2014-03-18	15618.21
2014-03-19	15593.89
2014-03-20	15607.44
2014-03-21	15575.99
2014-03-22	15575.99
2014-03-23	15575.99
2014-03-24	15430.41
2014-03-25	15510.43
2014-03-26	15415.43
2014-03-27	15361.31
2014-03-28	15492.08
2014-03-29	15492.08
2014-03-30	15492.08
2014-03-31	15592.85
2014-04-01	15741.65
2014-04-02	15838.75
2014-04-03	15818.54
2014-04-04	15689.26
2014-04-05	15689.26
2014-04-06	15689.26
2014-04-07	15495.06
2014-04-08	15441.22
2014-04-09	15533.03
2014-04-10	15318.51
2014-04-11	15132.83
2014-04-12	15132.83
2014-04-13	15132.83
2014-04-14	15071.05
2014-04-15	15084.7
2014-04-16	15287.71
2014-04-17	15426.44
2014-04-18	15452.76
2014-04-19	15452.76
2014-04-20	15452.76
2014-04-21	15478.4
2014-04-22	15547.26
2014-04-23	15552.43
2014-04-24	15618.76
2014-04-25	15440.69
2014-04-26	15440.69
2014-04-27	15440.69
2014-04-28	15420.93
2014-04-29	15326.85
2014-04-30	15350.7
2014-05-01	15354.48
2014-05-02	15385.36
2014-05-03	15385.36
2014-05-04	15385.36
2014-05-05	15388.62
2014-05-06	15247.18
2014-05-07	15214.91
2014-05-08	15183.58
2014-05-09	15197.22
2014-05-10	15197.22
2014-05-11	15197.22
2014-05-12	15365.08
2014-05-13	15375.46
2014-05-14	15295.23
2014-05-15	15128.9
2014-05-16	15079.48
2014-05-17	15079.48
2014-05-18	15079.48
2014-05-19	15172.25
2014-05-20	15179.28
2014-05-21	15289.07
2014-05-22	15374.14
2014-05-23	15476.28
2014-05-24	15476.28
2014-05-25	15476.28
2014-05-26	15548.24
2014-05-27	15637.19
2014-05-28	15651.02
2014-05-29	15570.96
2014-05-30	15546.18
2014-05-31	15546.18
2014-06-01	15546.18
2014-06-02	15634.63
2014-06-03	15607.77
2014-06-04	15614.59
2014-06-05	15693.56
2014-06-06	15796.42
2014-06-07	15796.42
2014-06-08	15796.42
2014-06-09	15812.97
2014-06-10	15754.13
2014-06-11	15653.31
2014-06-12	15556.4
2014-06-13	15549.46
2014-06-14	15549.46
2014-06-15	15549.46
2014-06-16	15564.84
2014-06-17	15680.33
2014-06-18	15734.41
2014-06-19	15764.09
2014-06-20	15765.26
2014-06-21	15765.26
2014-06-22	15765.26
2014-06-23	15703.42
2014-06-24	15673.75
2014-06-25	15603.97
2014-06-26	15601.23
2014-06-27	15625.43
2014-06-28	15625.43
2014-06-29	15625.43
2014-06-30	15631.08
2014-07-01	15641.13
2014-07-02	15652.11
2014-07-03	15793.66
2014-07-04	15775.7
2014-07-05	15775.7
2014-07-06	15775.7
2014-07-07	15625.4
2014-07-08	15465.6
2014-07-09	15500.63
2014-07-10	15356.47
2014-07-11	15372.15
2014-07-12	15372.15
2014-07-13	15372.15
2014-07-14	15460.72
2014-07-15	15415.47
2014-07-16	15521.54
2014-07-17	15353.18
2014-07-18	15437.74
2014-07-19	15437.74
2014-07-20	15437.74
2014-07-21	15407.36
2014-07-22	15536.76
2014-07-23	15491.74
2014-07-24	15532.78
2014-07-25	15458.55
2014-07-26	15458.55
2014-07-27	15458.55
2014-07-28	15436.97
2014-07-29	15354.76
2014-07-30	15275.04
2014-07-31	15052.38
2014-08-01	14954.03
2014-08-02	14954.03
2014-08-03	14954.03
2014-08-04	14969.53
2014-08-05	14940.42
2014-08-06	14854.41
2014-08-07	14884.52
2014-08-08	14890.29
2014-08-09	14890.29
2014-08-10	14890.29
2014-08-11	15088.44
2014-08-12	15044.54
2014-08-13	15097.64
2014-08-14	15162.46
2014-08-15	15132.17
2014-08-16	15132.17
2014-08-17	15132.17
2014-08-18	15235.83
2014-08-19	15322.17
2014-08-20	15303.77
2014-08-21	15348.12
2014-08-22	15302.71
2014-08-23	15302.71
2014-08-24	15302.71
2014-08-25	15403.67
2014-08-26	15373.88
2014-08-27	15352.97
2014-08-28	15272.17
2014-08-29	15298.35
2014-08-30	15298.35
2014-08-31	15298.35
2014-09-01	15317.55
2014-09-02	15424.22
2014-09-03	15389.21
2014-09-04	15384.27
2014-09-05	15386.23
2014-09-06	15386.23
2014-09-07	15386.23
2014-09-08	15413.23
2014-09-09	15402.96
2014-09-10	15451.05
2014-09-11	15483.07
2014-09-12	15474.09
2014-09-13	15474.09
2014-09-14	15474.09
2014-09-15	15364.88
2014-09-16	15332.62
2014-09-17	15362.94
2014-09-18	15491.39
2014-09-19	15499.91
2014-09-20	15499.91
2014-09-21	15499.91
2014-09-22	15437.42
2014-09-23	15340.39
2014-09-24	15355.14
2014-09-25	15268.97
2014-09-26	15337.92
2014-09-27	15337.92
2014-09-28	15337.92
2014-09-29	15336.71
2014-09-30	15242.16
2014-10-01	15145.13
2014-10-02	14936.07
2014-10-03	15100.51
2014-10-04	15100.51
2014-10-05	15100.51
2014-10-06	15038.65
2014-10-07	14788.87
2014-10-08	14847.63
2014-10-09	14577.41
2014-10-10	14405.09
2014-10-11	14405.09
2014-10-12	14405.09
2014-10-13	14279.57
2014-10-14	14385.71
2014-10-15	14195.26
2014-10-16	14284.06
2014-10-17	14494.88
2014-10-18	14494.88
2014-10-19	14494.88
2014-10-20	14549.72
2014-10-21	14757.77
2014-10-22	14770.98
2014-10-23	14924.43
2014-10-24	14883.95
2014-10-25	14883.95
2014-10-26	14883.95
2014-10-27	14805.82
2014-10-28	15021.37
2014-10-29	14985.61
2014-10-30	15071.14
2014-10-31	15354.54
2014-11-01	15354.54
2014-11-02	15354.54
2014-11-03	15390.49
2014-11-04	15335.18
2014-11-05	15552.12
2014-11-06	15614.71
2014-11-07	15577.14
2014-11-08	15577.14
2014-11-09	15577.14
2014-11-10	15614.06
2014-11-11	15624.91
2014-11-12	15459.01
2014-11-13	15421.1
2014-11-14	15476.02
2014-11-15	15476.02
2014-11-16	15476.02
2014-11-17	15447.35
2014-11-18	15616.22
2014-11-19	15691.24
2014-11-20	15685.4
2014-11-21	15763.3
2014-11-22	15763.3
2014-11-23	15763.3
2014-11-24	15905.89
2014-11-25	16037.01
2014-11-26	16023.36
2014-11-27	16014.15
2014-11-28	15890.23
2014-11-29	15890.23
2014-11-30	15890.23
2014-12-01	15807.5
2014-12-02	15915.32
2014-12-03	16041.15
2014-12-04	16039.8
2014-12-05	16158.87
2014-12-06	16158.87
2014-12-07	16158.87
2014-12-08	16003.65
2014-12-09	15889.09
2014-12-10	15702.72
2014-12-11	15733.02
2014-12-12	15463.5
2014-12-13	15463.5
2014-12-14	15463.5
2014-12-15	15317.32
2014-12-16	15452.89
2014-12-17	15582.6
2014-12-18	15942.79
2014-12-19	16074.59
2014-12-20	16074.59
2014-12-21	16074.59
2014-12-22	16109.64
2014-12-23	16240.17
2014-12-24	16266.99
2014-12-25	16266.95
2014-12-26	16266.9
2014-12-27	16266.9
2014-12-28	16266.9
2014-12-29	16285.29
2014-12-30	16068.42
2014-12-31	16050.83
2015-01-01	16050.79
2015-01-02	16067.7
2015-01-03	16067.7
2015-01-04	16067.7
2015-01-05	15743.05
2015-01-06	15570.41
2015-01-07	15662.07
2015-01-08	15868.31
2015-01-09	15655.94
2015-01-10	15655.94
2015-01-11	15655.94
2015-01-12	15623.47
2015-01-13	15717.68
2015-01-14	15545.47
2015-01-15	15473.91
2015-01-16	15504.78
2015-01-17	15504.78
2015-01-18	15504.78
2015-01-19	15530.28
2015-01-20	15654.95
2015-01-21	15842.95
2015-01-22	16032.45
2015-01-23	16196.27
2015-01-24	16196.27
2015-01-25	16196.27
2015-01-26	16331.58
2015-01-27	16228.66
2015-01-28	16168.5
2015-01-29	16439.68
2015-01-30	16321.96
2015-01-31	16321.96
2015-02-01	16321.96
2015-02-02	16469.05
2015-02-03	16888.95
2015-02-04	16782.77
2015-02-05	16759.32
2015-02-06	16716.58
2015-02-07	16716.58
2015-02-08	16716.58
2015-02-09	16619.96
2015-02-10	16762.71
2015-02-11	16801.99
2015-02-12	16985.15
2015-02-13	16992.41
2015-02-14	16992.41
2015-02-15	16992.41
2015-02-16	16984.69
2015-02-17	16955.66
2015-02-18	17062.26
2015-02-19	17074.43
2015-02-20	17082.41
2015-02-21	17082.41
2015-02-22	17082.41
2015-02-23	17144.18
2015-02-24	17190.29
2015-02-25	17089.05
2015-02-26	17133.46
2015-02-27	17130.69
2015-02-28	17130.69
2015-03-01	17130.69
2015-03-02	17199.05
2015-03-03	17058.66
2015-03-04	16978.4
2015-03-05	17095.87
2015-03-06	16971.56
2015-03-07	16971.56
2015-03-08	16971.56
2015-03-09	16938.38
2015-03-10	16837.67
2015-03-11	16950.31
2015-03-12	16875.86
2015-03-13	16929.54
2015-03-14	16929.54
2015-03-15	16929.54
2015-03-16	17073.18
2015-03-17	17124.27
2015-03-18	17238.3
2015-03-19	17240.07
2015-03-20	17253.54
2015-03-21	17253.54
2015-03-22	17253.54
2015-03-23	17162.51
2015-03-24	17145.13
2015-03-25	17023.13
2015-03-26	16905.23
2015-03-27	17034.75
2015-03-28	17034.75
2015-03-29	17034.75
2015-03-30	17261.35
2015-03-31	17182.51
2015-04-01	17203.61
2015-04-02	17371.71
2015-04-03	17244.8
2015-04-04	17244.8
2015-04-05	17244.8
2015-04-06	17415.35
2015-04-07	17468.32
2015-04-08	17374.37
2015-04-09	17436.12
2015-04-10	17481.32
2015-04-11	17481.32
2015-04-12	17481.32
2015-04-13	17621.38
2015-04-14	17570.02
2015-04-15	17710.14
2015-04-16	17463.86
2015-04-17	17332.25
2015-04-18	17332.25
2015-04-19	17332.25
2015-04-20	17444.52
2015-04-21	17473.34
2015-04-22	17445.07
2015-04-23	17401.77
2015-04-24	17386.05
2015-04-25	17386.05
2015-04-26	17386.05
2015-04-27	17462.46
2015-04-28	17275.22
2015-04-29	17093.06
2015-04-30	17232.27
2015-05-01	17342.62
2015-05-02	17342.62
2015-05-03	17342.62
2015-05-04	17396.97
2015-05-05	17166.56
2015-05-06	17080.66
2015-05-07	17207.22
2015-05-08	17527.54
2015-05-09	17527.54
2015-05-10	17527.54
2015-05-11	17547.47
2015-05-12	17453.51
2015-05-13	17403.85
2015-05-14	17508.06
2015-05-15	17595.44
2015-05-16	17595.44
2015-05-17	17595.44
2015-05-18	17701.88
2015-05-19	17836.24
2015-05-20	17919.36
2015-05-21	18019.64
2015-05-22	18010.91
2015-05-23	18010.91
2015-05-24	18010.91
2015-05-25	18024.12
2015-05-26	17983.88
2015-05-27	18191.85
2015-05-28	18290.95
2015-05-29	18104.71
2015-05-30	18104.71
2015-05-31	18104.71
2015-06-01	18149.9
2015-06-02	17986.03
2015-06-03	17968.24
2015-06-04	18020.2
2015-06-05	17996.93
2015-06-06	17996.93
2015-06-07	17996.93
2015-06-08	17907.28
2015-06-09	17797.52
2015-06-10	17830.47
2015-06-11	17929.67
2015-06-12	17797.68
2015-06-13	17797.68
2015-06-14	17797.68
2015-06-15	17586.08
2015-06-16	17652.08
2015-06-17	17767.45
2015-06-18	17646.18
2015-06-19	17721.28
2015-06-20	17721.28
2015-06-21	17721.28
2015-06-22	17946.31
2015-06-23	18018.83
2015-06-24	17985.1
2015-06-25	17854.28
2015-06-26	17925.54
2015-06-27	17925.54
2015-06-28	17925.54
2015-06-29	17551.37
2015-06-30	17451.76
2015-07-01	17582.33
2015-07-02	17644.92
2015-07-03	17747.42
2015-07-04	17747.42
2015-07-05	17747.42
2015-07-06	17541.8
2015-07-07	17490.14
2015-07-08	17294.73
2015-07-09	17447.27
2015-07-10	17727.47
2015-07-11	17727.47
2015-07-12	17727.47
2015-07-13	17954.79
2015-07-14	17929.17
2015-07-15	17895.72
2015-07-16	17999.66
2015-07-17	18008.35
2015-07-18	18008.35
2015-07-19	18008.35
2015-07-20	18084.27
2015-07-21	17840.95
2015-07-22	17820.17
2015-07-23	17817.12
2015-07-24	17790.68
2015-07-25	17790.68
2015-07-26	17790.68
2015-07-27	17532.96
2015-07-28	17637.18
2015-07-29	17737.85
2015-07-30	17800.28
2015-07-31	17788.91
2015-08-01	17788.91
2015-08-02	17788.91
2015-08-03	17833.0
2015-08-04	17622.53
2015-08-05	17821.47
2015-08-06	17715.58
2015-08-07	17584.2
2015-08-08	17584.2
2015-08-09	17584.2
2015-08-10	17757.46
2015-08-11	17704.06
2015-08-12	17474.42
2015-08-13	17522.9
2015-08-14	17542.84
2015-08-15	17542.84
2015-08-16	17542.84
2015-08-17	17647.59
2015-08-18	17656.83
2015-08-19	17465.58
2015-08-20	17170.0
2015-08-21	16825.54
2015-08-22	16825.54
2015-08-23	16825.54
2015-08-24	16421.63
2015-08-25	16462.07
2015-08-26	16663.52
2015-08-27	16996.39
2015-08-28	17105.25
2015-08-29	17105.25
2015-08-30	17105.25
2015-08-31	16991.28
2015-09-01	16841.17
2015-09-02	16926.63
2015-09-03	17003.01
2015-09-04	16874.6
2015-09-05	16874.6
2015-09-06	16874.6
2015-09-07	16904.44
2015-09-08	17073.87
2015-09-09	17113.87
2015-09-10	16941.02
2015-09-11	16932.81
2015-09-12	16932.81
2015-09-13	16932.81
2015-09-14	16734.55
2015-09-15	16910.53
2015-09-16	16981.2
2015-09-17	17001.49
2015-09-18	16602.37
2015-09-19	16602.37
2015-09-20	16602.37
2015-09-21	16695.73
2015-09-22	16513.43
2015-09-23	16492.9
2015-09-24	16427.28
2015-09-25	16510.8
2015-09-26	16510.8
2015-09-27	16510.8
2015-09-28	16314.7
2015-09-29	16200.44
2015-09-30	16426.02
2015-10-01	16336.48
2015-10-02	16565.85
2015-10-03	16565.85
2015-10-04	16565.85
2015-10-05	16838.08
2015-10-06	16830.57
2015-10-07	16827.64
2015-10-08	16971.13
2015-10-09	16864.94
2015-10-10	16864.94
2015-10-11	16864.94
2015-10-12	16731.51
2015-10-13	16730.19
2015-10-14	16703.13
2015-10-15	16786.61
2015-10-16	16780.42
2015-10-17	16780.42
2015-10-18	16780.42
2015-10-19	16783.13
2015-10-20	16801.25
2015-10-21	16871.77
2015-10-22	16965.13
2015-10-23	17143.94
2015-10-24	17143.94
2015-10-25	17143.94
2015-10-26	17084.42
2015-10-27	16957.85
2015-10-28	17305.62
2015-10-29	17275.56
2015-10-30	17328.99
2015-10-31	17328.99
2015-11-01	17328.99
2015-11-02	17400.55
2015-11-03	17349.12
2015-11-04	17418.08
2015-11-05	17461.99
2015-11-06	17609.45
2015-11-07	17609.45
2015-11-08	17609.45
2015-11-09	17418.85
2015-11-10	17399.59
2015-11-11	17342.61
2015-11-12	17059.37
2015-11-13	16941.66
2015-11-14	16941.66
2015-11-15	16941.66
2015-11-16	17140.8
2015-11-17	17202.85
2015-11-18	17394.71
2015-11-19	17341.88
2015-11-20	17296.27
2015-11-21	17296.27
2015-11-22	17296.27
2015-11-23	17298.1
2015-11-24	17216.36
2015-11-25	17306.4
2015-11-26	17391.41
2015-11-27	17445.5
2015-11-28	17445.5
2015-11-29	17445.5
2015-11-30	17376.27
2015-12-01	17317.51
2015-12-02	17211.08
2015-12-03	17105.66
2015-12-04	17057.53
2015-12-05	17057.53
2015-12-06	17057.53
2015-12-07	17143.51
2015-12-08	17018.89
2015-12-09	16952.67
2015-12-10	16796.94
2015-12-11	16661.14
2015-12-12	16661.14
2015-12-13	16661.14
2015-12-14	16495.12
2015-12-15	16762.68
2015-12-16	17002.15
2015-12-17	17072.47
2015-12-18	16813.69
2015-12-19	16813.69
2015-12-20	16813.69
2015-12-21	16820.06
2015-12-22	16822.45
2015-12-23	17081.19
2015-12-24	17031.86
2015-12-25	17024.55
2015-12-26	17024.55
2015-12-27	17024.55
2015-12-28	16987.5
2015-12-29	17093.01
2015-12-30	17053.01
2015-12-31	16925.22
2016-01-01	16925.22
2016-01-02	16925.22
2016-01-03	16925.22
2016-01-04	16817.12
2016-01-05	16822.49
2016-01-06	16728.45
2016-01-07	16436.48
2016-01-08	16348.41
2016-01-09	16348.41
2016-01-10	16348.41
2016-01-11	16218.05
2016-01-12	16292.18
2016-01-13	16123.57
2016-01-14	16087.5
2016-01-15	15927.43
2016-01-16	15927.43
2016-01-17	15927.43
2016-01-18	15856.86
2016-01-19	15933.75
2016-01-20	15788.87
2016-01-21	15649.68
2016-01-22	15905.16
2016-01-23	15905.16
2016-01-24	15905.16
2016-01-25	15832.47
2016-01-26	15962.37
2016-01-27	15895.96
2016-01-28	15786.25
2016-01-29	16102.51
2016-01-30	16102.51
2016-01-31	16102.51
2016-02-01	16193.21
2016-02-02	15952.45
2016-02-03	15917.08
2016-02-04	15877.27
2016-02-05	15860.95
2016-02-06	15860.95
2016-02-07	15860.95
2016-02-08	15523.62
2016-02-09	15458.79
2016-02-10	15389.64
2016-02-11	15203.03
2016-02-12	15287.8
2016-02-13	15287.8
2016-02-14	15287.8
2016-02-15	15436.65
2016-02-16	15644.28
2016-02-17	15871.75
2016-02-18	15977.02
2016-02-19	16038.88
2016-02-20	16038.88
2016-02-21	16038.88
2016-02-22	16023.32
2016-02-23	15875.32
2016-02-24	15886.35
2016-02-25	16075.47
2016-02-26	16209.7
2016-02-27	16209.7
2016-02-28	16209.7
2016-02-29	16224.78
2016-03-01	16429.77
2016-03-02	16374.37
2016-03-03	16359.95
2016-03-04	16354.42
2016-03-05	16354.42
2016-03-06	16354.42
2016-03-07	16293.31
2016-03-08	16166.43
2016-03-09	16115.5
2016-03-10	16147.12
2016-03-11	16291.6
2016-03-12	16291.6
2016-03-13	16291.6
2016-03-14	16379.76
2016-03-15	16340.97
2016-03-16	16514.26
2016-03-17	16569.98
2016-03-18	16622.02
2016-03-19	16622.02
2016-03-20	16622.02
2016-03-21	16633.19
2016-03-22	16615.57
2016-03-23	16586.32
2016-03-24	16521.98
2016-03-25	16523.81
2016-03-26	16523.81
2016-03-27	16523.81
2016-03-28	16518.4
2016-03-29	16620.42
2016-03-30	16640.87
2016-03-31	16600.02
2016-04-01	16575.01
2016-04-02	16575.01
2016-04-03	16575.01
2016-04-04	16635.57
2016-04-05	16495.06
2016-04-06	16530.37
2016-04-07	16505.6
2016-04-08	16568.94
2016-04-09	16568.94
2016-04-10	16568.94
2016-04-11	16532.86
2016-04-12	16517.4
2016-04-13	16772.98
2016-04-14	16716.21
2016-04-15	16728.42
2016-04-16	16728.42
2016-04-17	16728.42
2016-04-18	16687.57
2016-04-19	16727.28
2016-04-20	16730.2
2016-04-21	16826.47
2016-04-22	16893.62
2016-04-23	16893.62
2016-04-24	16893.62
2016-04-25	16838.44
2016-04-26	16945.86
2016-04-27	17211.18
2016-04-28	16976.1
2016-04-29	16921.31
2016-04-30	16921.31
2016-05-01	16921.31
2016-05-02	16904.51
2016-05-03	16887.21
2016-05-04	16760.51
2016-05-05	16654.49
2016-05-06	16957.12
2016-05-07	16957.12
2016-05-08	16957.12
2016-05-09	16970.87
2016-05-10	17062.3
2016-05-11	17033.3
2016-05-12	17084.77
2016-05-13	17078.44
2016-05-14	17078.44
2016-05-15	17078.44
2016-05-16	17115.4
2016-05-17	17038.49
2016-05-18	17106.48
2016-05-19	17099.07
2016-05-20	17257.26
2016-05-21	17257.26
2016-05-22	17257.26
2016-05-23	17269.22
2016-05-24	17500.15
2016-05-25	17592.54
2016-05-26	17626.65
2016-05-27	17717.68
2016-05-28	17717.68
2016-05-29	17717.68
2016-05-30	17756.34
2016-05-31	17635.61
2016-06-01	17747.14
2016-06-02	17791.55
2016-06-03	17695.37
2016-06-04	17695.37
2016-06-05	17695.37
2016-06-06	17750.73
2016-06-07	17747.64
2016-06-08	17802.78
2016-06-09	17695.07
2016-06-10	17446.35
2016-06-11	17446.35
2016-06-12	17446.35
2016-06-13	17221.62
2016-06-14	17158.01
2016-06-15	17164.86
2016-06-16	17162.46
2016-06-17	17151.26
2016-06-18	17151.26
2016-06-19	17151.26
2016-06-20	17367.05
2016-06-21	17351.25
2016-06-22	17230.09
2016-06-23	17350.57
2016-06-24	16458.27
2016-06-25	16458.27
2016-06-26	16458.27
2016-06-27	16270.53
2016-06-28	16487.72
2016-06-29	16723.67
2016-06-30	16918.09
2016-07-01	16954.16
2016-07-02	16954.16
2016-07-03	16954.16
2016-07-04	16830.4
2016-07-05	16706.93
2016-07-06	16623.35
2016-07-07	16688.03
2016-07-08	16861.07
2016-07-09	16861.07
2016-07-10	16861.07
2016-07-11	17118.37
2016-07-12	17110.5
2016-07-13	17170.76
2016-07-14	17212.65
2016-07-15	17288.23
2016-07-16	17288.23
2016-07-17	17288.23
2016-07-18	17306.53
2016-07-19	17431.13
2016-07-20	17545.4
2016-07-21	17468.38
2016-07-22	17585.73
2016-07-23	17585.73
2016-07-24	17585.73
2016-07-25	17614.16
2016-07-26	17597.93
2016-07-27	17640.65
2016-07-28	17621.91
2016-07-29	17590.59
2016-07-30	17590.59
2016-07-31	17590.59
2016-08-01	17561.8
2016-08-02	17301.71
2016-08-03	17287.59
2016-08-04	17318.9
2016-08-05	17446.36
2016-08-06	17446.36
2016-08-07	17446.36
2016-08-08	17400.71
2016-08-09	17468.46
2016-08-10	17427.03
2016-08-11	17541.42
2016-08-12	17559.3
2016-08-13	17559.3
2016-08-14	17559.3
2016-08-15	17609.26
2016-08-16	17503.04
2016-08-17	17526.96
2016-08-18	17601.02
2016-08-19	17617.46
2016-08-20	17617.46
2016-08-21	17617.46
2016-08-22	17637.84
2016-08-23	17752.58
2016-08-24	17792.75
2016-08-25	17786.4
2016-08-26	17717.05
2016-08-27	17717.05
2016-08-28	17717.05
2016-08-29	17826.24
2016-08-30	17856.86
2016-08-31	17791.55
2016-09-01	17759.99
2016-09-02	17945.87
2016-09-03	17945.87
2016-09-04	17945.87
2016-09-05	17906.25
2016-09-06	17821.15
2016-09-07	17834.83
2016-09-08	17765.52
2016-09-09	17549.74
2016-09-10	17549.74
2016-09-11	17549.74
2016-09-12	17652.02
2016-09-13	17546.39
2016-09-14	17564.23
2016-09-15	17590.27
2016-09-16	17568.33
2016-09-17	17568.33
2016-09-18	17568.33
2016-09-19	17573.74
2016-09-20	17551.15
2016-09-21	17672.23
2016-09-22	17826.19
2016-09-23	17755.38
2016-09-24	17755.38
2016-09-25	17755.38
2016-09-26	17612.97
2016-09-27	17579.34
2016-09-28	17725.73
2016-09-29	17657.65
2016-09-30	17752.5
2016-10-01	17752.5
2016-10-02	17752.5
2016-10-03	17717.74
2016-10-04	17670.72
2016-10-05	17746.72
2016-10-06	17806.13
2016-10-07	17604.92
2016-10-08	17604.92
2016-10-09	17604.92
2016-10-10	17614.1
2016-10-11	17531.55
2016-10-12	17479.61
2016-10-13	17431.66
2016-10-14	17400.0
2016-10-15	17400.0
2016-10-16	17400.0
2016-10-17	17356.53
2016-10-18	17436.01
2016-10-19	17454.88
2016-10-20	17526.07
2016-10-21	17552.39
2016-10-22	17552.39
2016-10-23	17552.39
2016-10-24	17633.83
2016-10-25	17495.97
2016-10-26	17478.01
2016-10-27	17401.06
2016-10-28	17506.96
2016-10-29	17506.96
2016-10-30	17506.96
2016-10-31	17526.83
2016-11-01	17292.85
2016-11-02	17117.38
2016-11-03	17030.49
2016-11-04	17013.05
2016-11-05	17013.05
2016-11-06	17013.05
2016-11-07	17234.64
2016-11-08	17225.93
2016-11-09	17319.22
2016-11-10	17536.7
2016-11-11	17603.79
2016-11-12	17603.79
2016-11-13	17603.79
2016-11-14	17601.55
2016-11-15	17663.1
2016-11-16	17709.15
2016-11-17	17817.16
2016-11-18	17909.32
2016-11-19	17909.32
2016-11-20	17909.32
2016-11-21	17990.08
2016-11-22	18042.9
2016-11-23	17990.98
2016-11-24	18010.66
2016-11-25	18093.12
2016-11-26	18093.12
2016-11-27	18093.12
2016-11-28	17910.35
2016-11-29	17894.58
2016-11-30	18000.96
2016-12-01	17925.64
2016-12-02	17825.12
2016-12-03	17825.12
2016-12-04	17825.12
2016-12-05	17942.68
2016-12-06	18052.79
2016-12-07	18173.92
2016-12-08	18253.24
2016-12-09	18249.53
2016-12-10	18249.53
2016-12-11	18249.53
2016-12-12	18157.1
2016-12-13	18250.72
2016-12-14	18110.06
2016-12-15	18300.61
2016-12-16	18421.96
2016-12-17	18421.96
2016-12-18	18421.96
2016-12-19	18519.48
2016-12-20	18628.62
2016-12-21	18599.57
2016-12-22	18583.96
2016-12-23	18716.23
2016-12-24	18716.23
2016-12-25	18716.23
2016-12-26	18716.02
2016-12-27	18746.74
2016-12-28	18680.71
2016-12-29	18643.56
2016-12-30	18593.33
2016-12-31	18593.33
2017-01-01	18593.33
2017-01-02	18593.05
2017-01-03	18721.31
2017-01-04	18782.54
2017-01-05	18752.71
2017-01-06	18807.92
2017-01-07	18807.92
2017-01-08	18807.92
2017-01-09	18710.46
2017-01-10	18720.76
2017-01-11	18797.32
2017-01-12	18660.85
2017-01-13	18760.43
2017-01-14	18760.43
2017-01-15	18760.43
2017-01-16	18732.51
2017-01-17	18595.09
2017-01-18	18610.13
2017-01-19	18632.94
2017-01-20	18692.46
2017-01-21	18692.46
2017-01-22	18692.46
2017-01-23	18631.09
2017-01-24	18755.97
2017-01-25	19014.21
2017-01-26	18993.83
2017-01-27	18989.14
2017-01-28	18989.14
2017-01-29	18989.14
2017-01-30	18862.12
2017-01-31	18826.81
2017-02-01	18891.51
2017-02-02	18767.64
2017-02-03	18821.37
2017-02-04	18821.37
2017-02-05	18821.37
2017-02-06	18800.31
2017-02-07	18880.51
2017-02-08	18843.69
2017-02-09	18954.75
2017-02-10	18962.09
2017-02-11	18962.09
2017-02-12	18962.09
2017-02-13	19129.66
2017-02-14	19096.55
2017-02-15	19097.41
2017-02-16	19017.74
2017-02-17	18973.58
2017-02-18	18973.58
2017-02-19	18973.58
2017-02-20	18968.44
2017-02-21	19094.62
2017-02-22	19052.51
2017-02-23	18869.03
2017-02-24	18911.67
2017-02-25	18911.67
2017-02-26	18911.67
2017-02-27	18905.82
2017-02-28	18855.93
2017-03-01	19067.87
2017-03-02	19162.98
2017-03-03	19122.93
2017-03-04	19122.93
2017-03-05	19122.93
2017-03-06	19045.41
2017-03-07	19003.19
2017-03-08	19032.68
2017-03-09	19069.83
2017-03-10	19100.05
2017-03-11	19100.05
2017-03-12	19100.05
2017-03-13	19145.49
2017-03-14	19094.02
2017-03-15	19232.22
2017-03-16	19224.07
2017-03-17	19239.12
2017-03-18	19239.12
2017-03-19	19239.12
2017-03-20	19178.12
2017-03-21	19023.16
2017-03-22	19066.4
2017-03-23	19200.43
2017-03-24	19251.26
2017-03-25	19251.26
2017-03-26	19251.26
2017-03-27	19258.73
2017-03-28	19343.85
2017-03-29	19343.5
2017-03-30	19359.89
2017-03-31	19459.02
2017-04-01	19459.02
2017-04-02	19459.02
2017-04-03	19472.19
2017-04-04	19599.71
2017-04-05	19522.67
2017-04-06	19615.26
2017-04-07	19685.36
2017-04-08	19685.36
2017-04-09	19685.36
2017-04-10	19777.16
2017-04-11	19836.54
2017-04-12	19671.84
2017-04-13	19433.34
2017-04-14	19433.22
2017-04-15	19433.22
2017-04-16	19433.22
2017-04-17	19501.66
2017-04-18	19562.9
2017-04-19	19640.59
2017-04-20	19754.8
2017-04-21	19799.27
2017-04-22	19799.27
2017-04-23	19799.27
2017-04-24	20092.7
2017-04-25	20264.06
2017-04-26	20345.28
2017-04-27	20400.94
2017-04-28	20348.98
2017-04-29	20348.98
2017-04-30	20348.98
2017-05-01	20303.98
2017-05-02	20373.86
2017-05-03	20373.36
2017-05-04	20481.06
2017-05-05	20689.55
2017-05-06	20689.55
2017-05-07	20689.55
2017-05-08	20641.69
2017-05-09	20736.01
2017-05-10	20731.89
2017-05-11	20650.14
2017-05-12	20624.67
2017-05-13	20624.67
2017-05-14	20624.67
2017-05-15	20714.48
2017-05-16	20721.63
2017-05-17	20452.91
2017-05-18	20429.79
2017-05-19	20547.81
2017-05-20	20547.81
2017-05-21	20547.81
2017-05-22	20499.94
2017-05-23	20521.24
2017-05-24	20589.31
2017-05-25	20671.6
2017-05-26	20731.02
2017-05-27	20731.02
2017-05-28	20731.02
2017-05-29	20733.61
2017-05-30	20747.57
2017-05-31	20821.04
2017-06-01	20991.09
2017-06-02	21031.37
2017-06-03	21031.37
2017-06-04	21031.37
2017-06-05	20918.22
2017-06-06	20886.3
2017-06-07	20795.44
2017-06-08	20973.97
2017-06-09	20840.49
2017-06-10	20840.49
2017-06-11	20840.49
2017-06-12	20752.94
2017-06-13	20871.53
2017-06-14	20761.12
2017-06-15	20756.11
2017-06-16	20721.6
2017-06-17	20721.6
2017-06-18	20721.6
2017-06-19	20887.27
2017-06-20	20789.68
2017-06-21	20862.18
2017-06-22	21004.79
2017-06-23	21025.29
2017-06-24	21025.29
2017-06-25	21025.29
2017-06-26	21042.76
2017-06-27	20826.19
2017-06-28	20884.15
2017-06-29	20540.19
2017-06-30	20661.82
2017-07-01	20661.82
2017-07-02	20661.82
2017-07-03	20648.53
2017-07-04	20660.22
2017-07-05	20628.67
2017-07-06	20484.14
2017-07-07	20512.99
2017-07-08	20512.99
2017-07-09	20512.99
2017-07-10	20612.31
2017-07-11	20600.39
2017-07-12	20687.1
2017-07-13	20587.8
2017-07-14	20570.11
2017-07-15	20570.11
2017-07-16	20570.11
2017-07-17	20545.72
2017-07-18	20422.88
2017-07-19	20505.17
2017-07-20	20462.04
2017-07-21	20417.68
2017-07-22	20417.68
2017-07-23	20417.68
2017-07-24	20444.22
2017-07-25	20500.76
2017-07-26	20503.58
2017-07-27	20433.88
2017-07-28	20364.97
2017-07-29	20364.97
2017-07-30	20364.97
2017-07-31	20352.31
2017-08-01	20389.57
2017-08-02	20431.93
2017-08-03	20471.34
2017-08-04	20610.93
2017-08-05	20610.93
2017-08-06	20610.93
2017-08-07	20593.67
2017-08-08	20676.99
2017-08-09	20556.36
2017-08-10	20333.16
2017-08-11	20341.18
2017-08-12	20341.18
2017-08-13	20341.18
2017-08-14	20575.74
2017-08-15	20610.79
2017-08-16	20602.64
2017-08-17	20370.9
2017-08-18	20355.42
2017-08-19	20355.42
2017-08-20	20355.42
2017-08-21	20276.33
2017-08-22	20451.76
2017-08-23	20460.79
2017-08-24	20423.54
2017-08-25	20398.4
2017-08-26	20398.4
2017-08-27	20398.4
2017-08-28	20389.96
2017-08-29	20345.54
2017-08-30	20564.18
2017-08-31	20733.45
2017-09-01	20695.46
2017-09-02	20695.46
2017-09-03	20695.46
2017-09-04	20726.54
2017-09-05	20565.53
2017-09-06	20604.67
2017-09-07	20672.98
2017-09-08	20593.22
2017-09-09	20593.22
2017-09-10	20593.22
2017-09-11	20901.51
2017-09-12	20917.88
2017-09-13	20932.1
2017-09-14	21007.86
2017-09-15	20923.61
2017-09-16	20923.61
2017-09-17	20923.61
2017-09-18	21046.17
2017-09-19	20988.47
2017-09-20	20916.93
2017-09-21	21103.38
2017-09-22	20974.54
2017-09-23	20974.54
2017-09-24	20974.54
2017-09-25	20903.63
2017-09-26	20961.65
2017-09-27	21066.13
2017-09-28	21242.55
2017-09-29	21356.71
2017-09-30	21356.71
2017-10-01	21356.71
2017-10-02	21438.62
2017-10-03	21540.18
2017-10-04	21524.04
2017-10-05	21594.62
2017-10-06	21716.15
2017-10-07	21716.15
2017-10-08	21716.15
2017-10-09	21674.85
2017-10-10	21806.45
2017-10-11	21822.85
2017-10-12	21844.15
2017-10-13	21781.59
2017-10-14	21781.59
2017-10-15	21781.59
2017-10-16	21825.93
2017-10-17	21814.6
2017-10-18	21887.93
2017-10-19	21708.75
2017-10-20	21859.67
2017-10-21	21859.67
2017-10-22	21859.67
2017-10-23	21837.76
2017-10-24	21966.86
2017-10-25	22046.2
2017-10-26	22132.02
2017-10-27	22217.64
2017-10-28	22217.64
2017-10-29	22217.64
2017-10-30	22253.22
2017-10-31	22504.41
2017-11-01	22393.07
2017-11-02	22289.74
2017-11-03	22577.27
2017-11-04	22577.27
2017-11-05	22577.27
2017-11-06	22541.51
2017-11-07	22600.62
2017-11-08	22612.47
2017-11-09	22398.63
2017-11-10	22267.5
2017-11-11	22267.5
2017-11-12	22267.5
2017-11-13	22304.29
2017-11-14	22287.03
2017-11-15	22222.66
2017-11-16	22376.62
2017-11-17	22484.36
2017-11-18	22484.36
2017-11-19	22484.36
2017-11-20	22452.93
2017-11-21	22511.8
2017-11-22	22470.03
2017-11-23	22449.51
2017-11-24	22532.66
2017-11-25	22532.66
2017-11-26	22532.66
2017-11-27	22460.41
2017-11-28	22612.02
2017-11-29	22467.92
2017-11-30	22461.25
2017-12-01	22360.04
2017-12-02	22360.04
2017-12-03	22360.04
2017-12-04	22125.45
2017-12-05	21942.04
2017-12-06	21983.94
2017-12-07	22255.17
2017-12-08	22463.78
2017-12-09	22463.78
2017-12-10	22463.78
2017-12-11	22478.29
2017-12-12	22394.43
2017-12-13	22273.67
2017-12-14	22221.41
2017-12-15	22392.49
2017-12-16	22392.49
2017-12-17	22392.49
2017-12-18	22573.92
2017-12-19	22535.85
2017-12-20	22469.4
2017-12-21	22415.91
2017-12-22	22365.47
2017-12-23	22365.47
2017-12-24	22365.47
2017-12-25	22365.07
2017-12-26	22336.97
2017-12-27	22314.73
2017-12-28	22351.52
2017-12-29	22314.02
2017-12-30	22314.02
2017-12-31	22314.02
2018-01-01	22313.62
2018-01-02	22428.99
2018-01-03	22476.78
2018-01-04	22607.96
2018-01-05	22794.1
2018-01-06	22794.1
2018-01-07	22794.1
2018-01-08	22995.79
2018-01-09	22993.67
2018-01-10	22821.88
2018-01-11	22898.89
2018-01-12	22968.28
2018-01-13	22968.28
2018-01-14	22968.28
2018-01-15	22900.35
2018-01-16	22946.68
2018-01-17	23029.02
2018-01-18	22983.26
2018-01-19	23045.13
2018-01-20	23045.13
2018-01-21	23045.13
2018-01-22	23087.42
2018-01-23	23191.63
2018-01-24	22941.17
2018-01-25	22867.18
2018-01-26	23025.33
2018-01-27	23025.33
2018-01-28	23025.33
2018-01-29	22701.49
2018-01-30	22547.46
2018-01-31	22601.82
2018-02-01	22684.08
2018-02-02	22480.66
2018-02-03	22480.66
2018-02-04	22480.66
2018-02-05	21907.86
2018-02-06	21880.35
2018-02-07	22030.42
2018-02-08	21518.87
2018-02-09	21631.66
2018-02-10	21631.66
2018-02-11	21631.66
2018-02-12	21868.83
2018-02-13	21828.21
2018-02-14	22035.27
2018-02-15	22271.05
2018-02-16	22071.69
2018-02-17	22071.69
2018-02-18	22071.69
2018-02-19	22129.37
2018-02-20	22184.29
2018-02-21	22206.41
2018-02-22	22188.3
2018-02-23	22295.87
2018-02-24	22295.87
2018-02-25	22295.87
2018-02-26	22393.49
2018-02-27	22358.79
2018-02-28	22258.96
2018-03-01	22026.38
2018-03-02	21987.67
2018-03-03	21987.67
2018-03-04	21987.67
2018-03-05	22111.4
2018-03-06	22151.85
2018-03-07	22285.72
2018-03-08	22404.91
2018-03-09	22490.04
2018-03-10	22490.04
2018-03-11	22490.04
2018-03-12	22580.8
2018-03-13	22474.43
2018-03-14	22491.3
2018-03-15	22582.41
2018-03-16	22672.93
2018-03-17	22672.93
2018-03-18	22672.93
2018-03-19	22503.25
2018-03-20	22659.58
2018-03-21	22603.75
2018-03-22	22274.21
2018-03-23	21844.17
2018-03-24	21844.17
2018-03-25	21844.17
2018-03-26	22121.46
2018-03-27	21983.47
2018-03-28	21836.28
2018-03-29	22012.82
2018-03-30	22010.72
2018-03-31	22010.72
2018-04-01	22010.72
2018-04-02	21761.89
2018-04-03	21807.76
2018-04-04	21843.26
2018-04-05	22082.17
2018-04-06	21879.07
2018-04-07	21879.07
2018-04-08	21879.07
2018-04-09	21927.55
2018-04-10	22041.41
2018-04-11	21969.36
2018-04-12	21995.59
2018-04-13	21937.32
2018-04-14	21937.32
2018-04-15	21937.32
2018-04-16	22025.73
2018-04-17	22272.15
2018-04-18	22386.51
2018-04-19	22327.58
2018-04-20	22416.29
2018-04-21	22416.29
2018-04-22	22416.29
2018-04-23	22343.62
2018-04-24	22286.92
2018-04-25	22235.24
2018-04-26	22438.48
2018-04-27	22519.99
2018-04-28	22519.99
2018-04-29	22519.99
2018-04-30	22503.58
2018-05-01	22654.64
2018-05-02	22635.6
2018-05-03	22683.31
2018-05-04	22754.96
2018-05-05	22754.96
2018-05-06	22754.96
2018-05-07	22929.0
2018-05-08	23071.31
2018-05-09	23164.67
2018-05-10	23291.52
2018-05-11	23218.07
2018-05-12	23218.07
2018-05-13	23218.07
2018-05-14	23176.85
2018-05-15	23152.36
2018-05-16	23069.68
2018-05-17	23077.19
2018-05-18	23074.12
2018-05-19	23074.12
2018-05-20	23074.12
2018-05-21	23127.85
2018-05-22	22995.07
2018-05-23	23077.98
2018-05-24	23028.21
2018-05-25	23080.95
2018-05-26	23080.95
2018-05-27	23080.95
2018-05-28	23078.11
2018-05-29	23102.7
2018-05-30	23057.07
2018-05-31	22996.98
2018-06-01	23240.99
2018-06-02	23240.99
2018-06-03	23240.99
2018-06-04	23219.77
2018-06-05	23316.83
2018-06-06	23358.64
2018-06-07	23316.04
2018-06-08	23378.64
2018-06-09	23378.64
2018-06-10	23378.64
2018-06-11	23406.31
2018-06-12	23490.96
2018-06-13	23480.51
2018-06-14	23647.23
2018-06-15	23707.02
2018-06-16	23707.02
2018-06-17	23707.02
2018-06-18	23711.68
2018-06-19	23531.96
2018-06-20	23634.19
2018-06-21	23429.89
2018-06-22	23270.96
2018-06-23	23270.96
2018-06-24	23270.96
2018-06-25	22951.57
2018-06-26	23024.92
2018-06-27	22904.3
2018-06-28	22967.39
2018-06-29	23027.3
2018-06-30	23027.3
2018-07-01	23027.3
2018-07-02	23116.68
2018-07-03	23028.19
2018-07-04	22990.59
2018-07-05	23069.25
2018-07-06	23164.54
2018-07-07	23164.54
2018-07-08	23164.54
2018-07-09	23243.56
2018-07-10	23257.29
2018-07-11	23146.44
2018-07-12	23360.33
2018-07-13	23353.21
2018-07-14	23353.21
2018-07-15	23353.21
2018-07-16	23277.15
2018-07-17	23436.17
2018-07-18	23493.9
2018-07-19	23543.04
2018-07-20	23386.24
2018-07-21	23386.24
2018-07-22	23386.24
2018-07-23	23299.67
2018-07-24	23263.93
2018-07-25	23506.69
2018-07-26	23646.43
2018-07-27	23436.09
2018-07-28	23436.09
2018-07-29	23436.09
2018-07-30	23230.9
2018-07-31	23345.01
2018-08-01	23347.98
2018-08-02	23483.93
2018-08-03	23436.15
2018-08-04	23436.15
2018-08-05	23436.15
2018-08-06	23510.62
2018-08-07	23602.33
2018-08-08	23558.28
2018-08-09	23588.38
2018-08-10	23552.55
2018-08-11	23552.55
2018-08-12	23552.55
2018-08-13	23443.45
2018-08-14	23508.12
2018-08-15	23404.6
2018-08-16	23353.69
2018-08-17	23376.5
2018-08-18	23376.5
2018-08-19	23376.5
2018-08-20	23417.83
2018-08-21	23448.48
2018-08-22	23483.63
2018-08-23	23632.77
2018-08-24	23789.55
2018-08-25	23789.55
2018-08-26	23789.55
2018-08-27	23872.43
2018-08-28	23917.5
2018-08-29	24094.37
2018-08-30	24026.37
2018-08-31	24172.49
2018-09-01	24172.49
2018-09-02	24172.49
2018-09-03	24116.55
2018-09-04	24093.53
2018-09-05	23874.13
2018-09-06	23803.23
2018-09-07	23880.64
2018-09-08	23880.64
2018-09-09	23880.64
2018-09-10	24036.98
2018-09-11	24087.45
2018-09-12	24050.71
2018-09-13	24075.99
2018-09-14	24133.47
2018-09-15	24133.47
2018-09-16	24133.47
2018-09-17	23947.71
2018-09-18	23997.43
2018-09-19	23877.77
2018-09-20	23988.91
2018-09-21	23965.14
2018-09-22	23965.14
2018-09-23	23965.14
2018-09-24	23876.18
2018-09-25	23971.5
2018-09-26	23753.4
2018-09-27	23756.23
2018-09-28	23708.1
2018-09-29	23708.1
2018-09-30	23708.1
2018-10-01	23677.39
2018-10-02	23626.32
2018-10-03	23711.47
2018-10-04	23521.4
2018-10-05	23329.62
2018-10-06	23329.62
2018-10-07	23329.62
2018-10-08	23073.8
2018-10-09	22952.65
2018-10-10	22375.77
2018-10-11	21969.06
2018-10-12	22212.94
2018-10-13	22212.94
2018-10-14	22212.94
2018-10-15	22042.74
2018-10-16	22573.66
2018-10-17	22676.23
2018-10-18	22400.82
2018-10-19	22182.54
2018-10-20	22182.54
2018-10-21	22182.54
2018-10-22	22341.72
2018-10-23	22278.72
2018-10-24	21834.26
2018-10-25	22007.27
2018-10-26	21740.18
2018-10-27	21740.18
2018-10-28	21740.18
2018-10-29	21677.52
2018-10-30	21816.66
2018-10-31	22123.04
2018-11-01	22345.67
2018-11-02	22260.96
2018-11-03	22260.96
2018-11-04	22260.96
2018-11-05	22219.91
2018-11-06	22318.63
2018-11-07	22599.88
2018-11-08	22575.87
2018-11-09	22405.2
2018-11-10	22405.2
2018-11-11	22405.2
2018-11-12	22153.97
2018-11-13	22108.69
2018-11-14	22040.37
2018-11-15	22204.63
2018-11-16	22166.89
2018-11-17	22166.89
2018-11-18	22166.89
2018-11-19	21822.43
2018-11-20	21656.82
2018-11-21	21789.77
2018-11-22	21850.65
2018-11-23	21841.84
2018-11-24	21841.84
2018-11-25	21841.84
2018-11-26	22097.1
2018-11-27	22064.78
2018-11-28	22419.91
2018-11-29	22312.0
2018-11-30	22513.86
2018-12-01	22513.86
2018-12-02	22513.86
2018-12-03	22687.03
2018-12-04	22142.07
2018-12-05	22271.49
2018-12-06	22354.51
2018-12-07	22107.89
2018-12-08	22107.89
2018-12-09	22107.89
2018-12-10	22104.29
2018-12-11	22099.12
2018-12-12	22227.59
2018-12-13	22193.49
2018-12-14	22020.55
2018-12-15	22020.55
2018-12-16	22020.55
2018-12-17	21603.35
2018-12-18	21572.85
2018-12-19	21442.94
2018-12-20	21200.28
2018-12-21	20942.25
2018-12-22	20942.25
2018-12-23	20942.25
2018-12-24	20689.26
2018-12-25	20586.1
2018-12-26	21151.21
2018-12-27	21469.06
2018-12-28	21580.02
2018-12-29	21580.02
2018-12-30	21580.02
2018-12-31	21674.68
2019-01-01	21673.63
2019-01-02	21579.91
2019-01-03	21198.92
2019-01-04	21504.41
2019-01-05	21504.41
2019-01-06	21504.41
2019-01-07	21768.52
2019-01-08	21951.36
2019-01-09	22045.31
2019-01-10	22150.68
2019-01-11	22173.2
2019-01-12	22173.2
2019-01-13	22173.2
2019-01-14	22041.14
2019-01-15	22171.39
2019-01-16	22238.63
2019-01-17	22299.02
2019-01-18	22456.45
2019-01-19	22456.45
2019-01-20	22456.45
2019-01-21	22506.57
2019-01-22	22318.42
2019-01-23	22254.65
2019-01-24	22365.64
2019-01-25	22516.25
2019-01-26	22516.25
2019-01-27	22516.25
2019-01-28	22411.75
2019-01-29	22552.87
2019-01-30	22674.96
2019-01-31	22794.24
2019-02-01	22950.42
2019-02-02	22950.42
2019-02-03	22950.42
2019-02-04	23158.99
2019-02-05	23309.64
2019-02-06	23488.92
2019-02-07	23398.41
2019-02-08	23358.63
2019-02-09	23358.63
2019-02-10	23358.63
2019-02-11	23511.82
2019-02-12	23735.03
2019-02-13	23766.49
2019-02-14	23898.35
2019-02-15	23976.38
2019-02-16	23976.38
2019-02-17	23976.38
2019-02-18	24027.66
2019-02-19	24147.17
2019-02-20	24129.87
2019-02-21	24169.09
2019-02-22	24267.0
2019-02-23	24267.0
2019-02-24	24267.0
2019-02-25	24235.14
2019-02-26	24179.16
2019-02-27	24331.47
2019-02-28	24287.64
2019-03-01	24445.23
2019-03-02	24445.23
2019-03-03	24445.23
2019-03-04	24309.74
2019-03-05	24302.08
2019-03-06	24292.89
2019-03-07	24162.0
2019-03-08	23981.54
2019-03-09	23981.54
2019-03-10	23981.54
2019-03-11	24259.88
2019-03-12	24312.58
2019-03-13	24391.95
2019-03-14	24419.67
2019-03-15	24390.73
2019-03-16	24390.73
2019-03-17	24390.73
2019-03-18	24463.96
2019-03-19	24443.52
2019-03-20	24473.78
2019-03-21	24590.51
2019-03-22	24255.6
2019-03-23	24255.6
2019-03-24	24255.6
2019-03-25	23949.92
2019-03-26	24159.82
2019-03-27	24311.7
2019-03-28	24306.35
2019-03-29	24342.98
2019-03-30	24342.98
2019-03-31	24342.98
2019-04-01	24638.18
2019-04-02	24748.21
2019-04-03	24816.13
2019-04-04	24710.53
2019-04-05	24893.22
2019-04-06	24893.22
2019-04-07	24893.22
2019-04-08	24855.17
2019-04-09	24678.57
2019-04-10	24770.82
2019-04-11	24813.06
2019-04-12	24871.52
2019-04-13	24871.52
2019-04-14	24871.52
2019-04-15	24897.92
2019-04-16	24876.18
2019-04-17	24793.8
2019-04-18	24814.06
2019-04-19	24796.54
2019-04-20	24796.54
2019-04-21	24796.54
2019-04-22	24839.07
2019-04-23	24901.98
2019-04-24	25015.37
2019-04-25	24992.24
2019-04-26	24852.49
2019-04-27	24852.49
2019-04-28	24852.49
2019-04-29	24978.24
2019-04-30	25024.79
2019-05-01	24967.93
2019-05-02	24922.35
2019-05-03	25112.36
2019-05-04	25112.36
2019-05-05	25112.36
2019-05-06	24985.21
2019-05-07	24762.79
2019-05-08	24644.63
2019-05-09	24404.91
2019-05-10	24462.31
2019-05-11	24462.31
2019-05-12	24462.31
2019-05-13	24176.48
2019-05-14	24301.48
2019-05-15	24460.56
2019-05-16	24681.73
2019-05-17	24634.04
2019-05-18	24634.04
2019-05-19	24634.04
2019-05-20	24291.97
2019-05-21	24588.02
2019-05-22	24546.68
2019-05-23	24286.43
2019-05-24	24336.4
2019-05-25	24336.4
2019-05-26	24336.4
2019-05-27	24384.86
2019-05-28	24348.09
2019-05-29	24142.74
2019-05-30	24214.73
2019-05-31	24060.76
2019-06-01	24060.76
2019-06-02	24060.76
2019-06-03	23978.48
2019-06-04	24099.05
2019-06-05	24228.25
2019-06-06	24292.09
2019-06-07	24410.62
2019-06-08	24410.62
2019-06-09	24410.62
2019-06-10	24699.31
2019-06-11	24832.63
2019-06-12	24761.0
2019-06-13	24993.98
2019-06-14	24977.55
2019-06-15	24977.55
2019-06-16	24977.55
2019-06-17	24983.27
2019-06-18	25075.49
2019-06-19	25304.6
2019-06-20	25388.14
2019-06-21	25208.72
2019-06-22	25208.72
2019-06-23	25208.72
2019-06-24	25144.12
2019-06-25	24997.61
2019-06-26	24916.19
2019-06-27	25021.75
2019-06-28	25019.27
2019-06-29	25019.27
2019-06-30	25019.27
2019-07-01	25293.41
2019-07-02	25307.27
2019-07-03	25338.38
2019-07-04	25443.33
2019-07-05	25449.61
2019-07-06	25449.61
2019-07-07	25449.61
2019-07-08	25264.94
2019-07-09	25269.23
2019-07-10	25290.03
2019-07-11	25229.8
2019-07-12	25299.23
2019-07-13	25299.23
2019-07-14	25299.23
2019-07-15	25290.52
2019-07-16	25282.18
2019-07-17	25305.62
2019-07-18	25161.53
2019-07-19	25209.24
2019-07-20	25209.24
2019-07-21	25209.24
2019-07-22	25155.1
2019-07-23	25328.55
2019-07-24	25401.11
2019-07-25	25148.39
2019-07-26	25189.39
2019-07-27	25189.39
2019-07-28	25189.39
2019-07-29	25186.32
2019-07-30	25159.8
2019-07-31	25072.92
2019-08-01	25096.06
2019-08-02	24943.83
2019-08-03	24943.83
2019-08-04	24943.83
2019-08-05	24456.46
2019-08-06	24505.29
2019-08-07	24897.84
2019-08-08	25029.45
2019-08-09	24953.67
2019-08-10	24953.67
2019-08-11	24953.67
2019-08-12	24953.48
2019-08-13	24913.65
2019-08-14	24721.75
2019-08-15	24511.21
2019-08-16	24741.49
2019-08-17	24741.49
2019-08-18	24741.49
2019-08-19	24940.64
2019-08-20	24879.87
2019-08-21	24941.28
2019-08-22	24847.22
2019-08-23	24510.96
2019-08-24	24510.96
2019-08-25	24510.96
2019-08-26	24452.15
2019-08-27	24475.7
2019-08-28	24580.85
2019-08-29	24724.27
2019-08-30	24861.52
2019-08-31	24861.52
2019-09-01	24861.52
2019-09-02	24799.35
2019-09-03	24622.86
2019-09-04	24886.6
2019-09-05	24971.39
2019-09-06	24959.36
2019-09-07	24959.36
2019-09-08	24959.36
2019-09-09	24909.22
2019-09-10	24983.46
2019-09-11	25268.23
2019-09-12	25123.57
2019-09-13	25300.22
2019-09-14	25300.22
2019-09-15	25300.22
2019-09-16	25352.24
2019-09-17	25384.65
2019-09-18	25406.91
2019-09-19	25668.32
2019-09-20	25663.44
2019-09-21	25663.44
2019-09-22	25663.44
2019-09-23	25610.47
2019-09-24	25497.15
2019-09-25	25572.63
2019-09-26	25517.55
2019-09-27	25400.1
2019-09-28	25400.1
2019-09-29	25400.1
2019-09-30	25469.76
2019-10-01	25501.88
2019-10-02	25267.6
2019-10-03	25138.6
2019-10-04	25364.55
2019-10-05	25364.55
2019-10-06	25364.55
2019-10-07	25399.1
2019-10-08	25317.37
2019-10-09	25411.05
2019-10-10	25447.0
2019-10-11	25659.52
2019-10-12	25659.52
2019-10-13	25659.52
2019-10-14	25719.11
2019-10-15	25753.25
2019-10-16	25839.09
2019-10-17	25719.51
2019-10-18	25681.24
2019-10-19	25681.24
2019-10-20	25681.24
2019-10-21	25816.29
2019-10-22	25761.89
2019-10-23	25932.97
2019-10-24	26242.02
2019-10-25	26255.91
2019-10-26	26255.91
2019-10-27	26255.91
2019-10-28	26297.75
2019-10-29	26183.12
2019-10-30	26095.24
2019-10-31	25931.23
2019-11-01	26077.43
2019-11-02	26077.43
2019-11-03	26077.43
2019-11-04	26108.82
2019-11-05	26158.43
2019-11-06	26071.0
2019-11-07	26143.19
2019-11-08	26165.08
2019-11-09	26165.08
2019-11-10	26165.08
2019-11-11	26282.43
2019-11-12	26314.41
2019-11-13	26280.74
2019-11-14	26457.67
2019-11-15	26590.62
2019-11-16	26590.62
2019-11-17	26590.62
2019-11-18	26581.77
2019-11-19	26709.41
2019-11-20	26629.52
2019-11-21	26458.58
2019-11-22	26449.96
2019-11-23	26449.96
2019-11-24	26449.96
2019-11-25	26724.84
2019-11-26	26797.24
2019-11-27	26885.4
2019-11-28	26899.07
2019-11-29	26740.34
2019-11-30	26740.34
2019-12-01	26740.34
2019-12-02	26580.3
2019-12-03	26495.37
2019-12-04	26499.84
2019-12-05	26427.35
2019-12-06	26599.46
2019-12-07	26599.46
2019-12-08	26599.46
2019-12-09	26579.72
2019-12-10	26589.2
2019-12-11	26574.45
2019-12-12	26633.45
2019-12-13	26807.93
2019-12-14	26807.93
2019-12-15	26807.93
2019-12-16	27033.76
2019-12-17	27134.72
2019-12-18	27095.96
2019-12-19	27130.66
2019-12-20	27171.56
2019-12-21	27171.56
2019-12-22	27171.56
2019-12-23	27159.25
2019-12-24	27168.78
2019-12-25	27155.45
2019-12-26	27228.95
2019-12-27	27193.12
2019-12-28	27193.12
2019-12-29	27193.12
2019-12-30	27079.02
2019-12-31	27056.93
2020-01-01	27056.55
2020-01-02	27334.02
2020-01-03	27423.33
2020-01-04	27423.33
2020-01-05	27423.33
2020-01-06	27353.02
2020-01-07	27508.96
2020-01-08	27618.88
2020-01-09	27687.47
2020-01-10	27670.52
2020-01-11	27670.52
2020-01-12	27670.52
2020-01-13	27911.43
2020-01-14	27978.01
2020-01-15	27944.22
2020-01-16	28091.06
2020-01-17	28261.79
2020-01-18	28261.79
2020-01-19	28261.79
2020-01-20	28324.72
2020-01-21	28365.35
2020-01-22	28520.54
2020-01-23	28536.44
2020-01-24	28698.46
2020-01-25	28698.46
2020-01-26	28698.46
2020-01-27	28347.39
2020-01-28	28547.3
2020-01-29	28660.82
2020-01-30	28656.13
2020-01-31	28368.14
2020-02-01	28368.14
2020-02-02	28368.14
2020-02-03	28667.17
2020-02-04	29295.63
2020-02-05	29222.05
2020-02-06	29309.37
2020-02-07	29231.37
2020-02-08	29231.37
2020-02-09	29231.37
2020-02-10	29444.65
2020-02-11	29658.51
2020-02-12	29821.44
2020-02-13	29823.99
2020-02-14	29935.91
2020-02-15	29935.91
2020-02-16	29935.91
2020-02-17	29911.88
2020-02-18	29882.41
2020-02-19	30746.52
2020-02-20	31077.07
2020-02-21	30886.76
2020-02-22	30886.76
2020-02-23	30886.76
2020-02-24	30084.78
2020-02-25	29471.09
2020-02-26	29340.88
2020-02-27	28347.25
2020-02-28	27967.77
2020-02-29	27967.77
2020-03-01	27967.77
2020-03-02	28547.99
2020-03-03	28409.64
2020-03-04	28984.75
2020-03-05	29044.53
2020-03-06	28348.62
2020-03-07	28348.62
2020-03-08	28348.62
2020-03-09	26437.9
2020-03-10	27347.74
2020-03-11	26380.85
2020-03-12	24758.64
2020-03-13	25435.64
2020-03-14	25435.64
2020-03-15	25435.64
2020-03-16	23681.67
2020-03-17	24637.02
2020-03-18	23806.51
2020-03-19	23498.45
2020-03-20	23491.25
2020-03-21	23491.25
2020-03-22	23491.25
2020-03-23	23022.74
2020-03-24	24193.95
2020-03-25	25197.03
2020-03-26	25618.23
2020-03-27	25077.92
2020-03-28	25077.92
2020-03-29	25077.92
2020-03-30	25196.38
2020-03-31	25299.01
2020-04-01	24418.06
2020-04-02	24518.93
2020-04-03	24360.82
2020-04-04	24360.82
2020-04-05	24360.82
2020-04-06	25232.82
2020-04-07	25587.49
2020-04-08	26052.98
2020-04-09	26118.81
2020-04-10	26123.86
2020-04-11	26123.86
2020-04-12	26123.86
2020-04-13	25795.25
2020-04-14	26467.73
2020-04-15	26152.79
2020-04-16	26294.3
2020-04-17	26740.97
2020-04-18	26740.97
2020-04-19	26740.97
2020-04-20	26320.88
2020-04-21	25815.36
2020-04-22	26230.96
2020-04-23	26108.76
2020-04-24	26091.75
2020-04-25	26091.75
2020-04-26	26091.75
2020-04-27	26513.91
2020-04-28	26705.71
2020-04-29	27229.51
2020-04-30	26820.38
2020-05-01	26299.31
2020-05-02	26299.31
2020-05-03	26299.31
2020-05-04	26359.26
2020-05-05	26431.63
2020-05-06	26873.89
2020-05-07	26710.24
2020-05-08	27102.9
2020-05-09	27102.9
2020-05-10	27102.9
2020-05-11	27424.55
2020-05-12	26882.19
2020-05-13	26726.33
2020-05-14	26651.84
2020-05-15	26733.35
2020-05-16	26733.35
2020-05-17	26733.35
2020-05-18	27292.2
2020-05-19	27221.14
2020-05-20	27419.5
2020-05-21	27340.68
2020-05-22	27226.08
2020-05-23	27226.08
2020-05-24	27226.08
2020-05-25	27490.65
2020-05-26	28036.45
2020-05-27	28104.82
2020-05-28	28012.59
2020-05-29	28411.65
2020-05-30	28411.65
2020-05-31	28411.65
2020-06-01	28383.68
2020-06-02	28247.92
2020-06-03	28434.66
2020-06-04	28197.84
2020-06-05	28648.13
2020-06-06	28648.13
2020-06-07	28648.13
2020-06-08	28932.29
2020-06-09	28833.47
2020-06-10	28709.98
2020-06-11	27835.59
2020-06-12	28010.87
2020-06-13	28010.87
2020-06-14	28010.87
2020-06-15	28131.46
2020-06-16	28812.05
2020-06-17	28284.56
2020-06-18	28586.41
2020-06-19	28543.92
2020-06-20	28543.92
2020-06-21	28543.92
2020-06-22	28324.12
2020-06-23	28386.79
2020-06-24	28149.31
2020-06-25	27984.06
2020-06-26	27870.49
2020-06-27	27870.49
2020-06-28	27870.49
2020-06-29	28152.55
2020-06-30	28456.8
2020-07-01	28605.6
2020-07-02	29059.19
2020-07-03	29006.56
2020-07-04	29006.56
2020-07-05	29006.56
2020-07-06	29530.68
2020-07-07	29505.73
2020-07-08	29705.11
2020-07-09	29716.99
2020-07-10	30054.1
2020-07-11	30054.1
2020-07-12	30054.1
2020-07-13	29806.04
2020-07-14	30230.65
2020-07-15	30600.43
2020-07-16	30317.68
2020-07-17	30556.95
2020-07-18	30556.95
2020-07-19	30556.95
2020-07-20	31016.73
2020-07-21	30734.61
2020-07-22	30760.03
2020-07-23	30569.21
2020-07-24	30177.67
2020-07-25	30177.67
2020-07-26	30177.67
2020-07-27	30576.29
2020-07-28	30339.51
2020-07-29	30415.7
2020-07-30	30342.3
2020-07-31	30101.53
2020-08-01	30101.53
2020-08-02	30101.53
2020-08-03	30535.32
2020-08-04	30983.92
2020-08-05	31438.18
2020-08-06	31128.21
2020-08-07	31517.89
2020-08-08	31517.89
2020-08-09	31517.89
2020-08-10	31460.68
2020-08-11	31328.55
2020-08-12	31933.31
2020-08-13	32195.91
2020-08-14	31995.49
2020-08-15	31995.49
2020-08-16	31995.49
2020-08-17	32348.79
2020-08-18	32340.98
2020-08-19	32344.41
2020-08-20	32460.83
2020-08-21	32668.04
2020-08-22	32668.04
2020-08-23	32668.04
2020-08-24	32811.48
2020-08-25	33006.89
2020-08-26	33261.41
2020-08-27	33219.31
2020-08-28	33206.4
2020-08-29	33206.4
2020-08-30	33206.4
2020-08-31	33076.38
2020-09-01	33198.94
2020-09-02	33280.73
2020-09-03	32336.12
2020-09-04	32128.99
2020-09-05	32128.99
2020-09-06	32128.99
2020-09-07	32183.15
2020-09-08	31399.33
2020-09-09	31885.99
2020-09-10	31783.75
2020-09-11	31774.72
2020-09-12	31774.72
2020-09-13	31774.72
2020-09-14	32531.78
2020-09-15	32811.38
2020-09-16	33018.3
2020-09-17	32489.37
2020-09-18	32571.87
2020-09-19	32571.87
2020-09-20	32571.87
2020-09-21	32487.43
2020-09-22	32517.09
2020-09-23	32085.12
2020-09-24	32127.59
2020-09-25	32527.78
2020-09-26	32527.78
2020-09-27	32527.78
2020-09-28	33298.15
2020-09-29	33644.8
2020-09-30	33647.71
2020-10-01	34157.06
2020-10-02	34051.69
2020-10-03	34051.69
2020-10-04	34051.69
2020-10-05	34788.31
2020-10-06	34868.18
2020-10-07	35704.67
2020-10-08	35900.05
2020-10-09	35947.17
2020-10-10	35947.17
2020-10-11	35947.17
2020-10-12	36262.05
2020-10-13	36328.5
2020-10-14	36270.31
2020-10-15	36207.91
2020-10-16	36175.95
2020-10-17	36175.95
2020-10-18	36175.95
2020-10-19	35970.81
2020-10-20	36128.73
2020-10-21	35061.51
2020-10-22	34924.92
2020-10-23	34951.98
2020-10-24	34951.98
2020-10-25	34951.98
2020-10-26	34369.85
2020-10-27	34096.32
2020-10-28	33808.14
2020-10-29	34048.24
2020-10-30	33529.7
2020-10-31	33529.7
2020-11-01	33529.7
2020-11-02	33899.95
2020-11-03	33484.97
2020-11-04	33573.82
2020-11-05	34643.45
2020-11-06	34785.9
2020-11-07	34785.9
2020-11-08	34785.9
2020-11-09	34909.97
2020-11-10	34760.03
2020-11-11	35423.3
2020-11-12	35328.07
2020-11-13	35231.27
2020-11-14	35231.27
2020-11-15	35231.27
2020-11-16	35422.39
2020-11-17	35653.8
2020-11-18	35851.93
2020-11-19	36574.39
2020-11-20	36755.61
2020-11-21	36755.61
2020-11-22	36755.61
2020-11-23	37324.1
2020-11-24	37474.2
2020-11-25	37597.11
2020-11-26	37649.91
2020-11-27	38033.67
2020-11-28	38033.67
2020-11-29	38033.67
2020-11-30	37643.42
2020-12-01	37718.53
2020-12-02	37454.61
2020-12-03	37415.78
2020-12-04	37699.04
2020-12-05	37699.04
2020-12-06	37699.04
2020-12-07	37956.19
2020-12-08	38525.46
2020-12-09	37795.88
2020-12-10	37708.58
2020-12-11	37848.07
2020-12-12	37848.07
2020-12-13	37848.07
2020-12-14	38067.4
2020-12-15	38744.67
2020-12-16	38772.42
2020-12-17	38997.9
2020-12-18	39383.68
2020-12-19	39383.68
2020-12-20	39383.68
2020-12-21	39345.8
2020-12-22	39983.76
2020-12-23	40002.53
2020-12-24	40135.24
2020-12-25	40143.45
2020-12-26	40143.45
2020-12-27	40143.45
2020-12-28	40351.24
2020-12-29	39906.84
2020-12-30	40366.63
2020-12-31	40488.66
2021-01-01	40492.76
2021-01-02	40492.76
2021-01-03	40492.76
2021-01-04	40796.87
2021-01-05	40967.64
2021-01-06	42092.06
2021-01-07	43856.72
2021-01-08	44440.89
2021-01-09	44440.89
2021-01-10	44440.89
2021-01-11	43906.1
2021-01-12	44386.89
2021-01-13	44543.73
2021-01-14	44358.97
2021-01-15	42931.01
2021-01-16	42931.01
2021-01-17	42931.01
2021-01-18	43035.53
2021-01-19	44033.82
2021-01-20	43811.83
2021-01-21	44316.74
2021-01-22	44670.89
2021-01-23	44670.89
2021-01-24	44670.89
2021-01-25	44578.3
2021-01-26	44200.51
2021-01-27	43208.08
2021-01-28	43399.63
2021-01-29	42363.44
2021-01-30	42363.44
2021-01-31	42363.44
2021-02-01	43244.69
2021-02-02	43890.85
2021-02-03	44045.94
2021-02-04	43962.22
2021-02-05	43966.72
2021-02-06	43966.72
2021-02-07	43966.72
2021-02-08	44229.95
2021-02-09	44258.86
2021-02-10	43698.85
2021-02-11	43924.45
2021-02-12	43816.92
2021-02-13	43816.92
2021-02-14	43816.92
2021-02-15	43899.73
2021-02-16	43464.04
2021-02-17	43222.55
2021-02-18	42149.52
2021-02-19	42149.65
2021-02-20	42149.65
2021-02-21	42149.65
2021-02-22	40504.91
2021-02-23	40445.9
2021-02-24	40787.61
2021-02-25	39767.11
2021-02-26	40291.44
2021-02-27	40291.44
2021-02-28	40291.44
2021-03-01	41032.49
2021-03-02	40238.51
2021-03-03	39289.63
2021-03-04	38423.95
2021-03-05	38461.29
2021-03-06	38461.29
2021-03-07	38461.29
2021-03-08	38039.53
2021-03-09	39625.32
2021-03-10	39736.27
2021-03-11	40799.39
2021-03-12	40744.81
2021-03-13	40744.81
2021-03-14	40744.81
2021-03-15	41011.99
2021-03-16	40507.03
2021-03-17	40338.75
2021-03-18	39234.48
2021-03-19	39579.78
2021-03-20	39579.78
2021-03-21	39579.78
2021-03-22	39920.57
2021-03-23	39588.7
2021-03-24	39040.69
2021-03-25	39293.27
2021-03-26	39637.69
2021-03-27	39637.69
2021-03-28	39637.69
2021-03-29	39230.44
2021-03-30	40097.01
2021-03-31	40721.68
2021-04-01	41090.24
2021-04-02	41081.53
2021-04-03	41081.53
2021-04-04	41081.53
2021-04-05	40692.52
2021-04-06	40966.74
2021-04-07	40295.35
2021-04-08	40462.6
2021-04-09	40477.05
2021-04-10	40477.05
2021-04-11	40477.05
2021-04-12	40412.47
2021-04-13	40822.84
2021-04-14	40351.96
2021-04-15	40090.7
2021-04-16	40558.73
2021-04-17	40558.73
2021-04-18	40558.73
2021-04-19	39941.16
2021-04-20	39883.7
2021-04-21	40370.6
2021-04-22	40949.39
2021-04-23	41292.25
2021-04-24	41292.25
2021-04-25	41292.25
2021-04-26	41554.19
2021-04-27	41423.48
2021-04-28	40949.48
2021-04-29	40559.67
2021-04-30	40513.37
2021-05-01	40513.37
2021-05-02	40513.37
2021-05-03	39911.06
2021-05-04	39108.28
2021-05-05	38870.5
2021-05-06	38649.75
2021-05-07	38890.6
2021-05-08	38890.6
2021-05-09	38890.6
2021-05-10	38144.81
2021-05-11	38006.4
2021-05-12	37482.07
2021-05-13	37268.49
2021-05-14	37974.8
2021-05-15	37974.8
2021-05-16	37974.8
2021-05-17	37889.54
2021-05-18	38264.1
2021-05-19	38424.13
2021-05-20	38969.78
2021-05-21	39187.84
2021-05-22	39187.84
2021-05-23	39187.84
2021-05-24	39358.42
2021-05-25	39389.64
2021-05-26	39773.29
2021-05-27	39757.81
2021-05-28	39994.4
2021-05-29	39994.4
2021-05-30	39994.4
2021-05-31	39910.52
2021-06-01	39927.56
2021-06-02	39761.27
2021-06-03	39641.13
2021-06-04	39699.05
2021-06-05	39699.05
2021-06-06	39699.05
2021-06-07	39749.57
2021-06-08	39982.3
2021-06-09	39864.58
2021-06-10	40099.7
2021-06-11	40344.99
2021-06-12	40344.99
2021-06-13	40344.99
2021-06-14	40534.44
2021-06-15	40281.95
2021-06-16	40319.73
2021-06-17	40852.09
2021-06-18	40930.58
2021-06-19	40930.58
2021-06-20	40930.58
2021-06-21	40864.92
2021-06-22	41267.23
2021-06-23	41245.14
2021-06-24	41425.68
2021-06-25	41532.78
2021-06-26	41532.78
2021-06-27	41532.78
2021-06-28	42184.96
2021-06-29	42461.24
2021-06-30	42388.76
2021-07-01	42483.83
2021-07-02	42460.53
2021-07-03	42460.53
2021-07-04	42460.53
2021-07-05	42436.0
2021-07-06	42645.65
2021-07-07	42462.2
2021-07-08	42415.02
2021-07-09	42467.13
2021-07-10	42467.13
2021-07-11	42467.13
2021-07-12	42889.85
2021-07-13	42615.89
2021-07-14	41914.2
2021-07-15	41673.04
2021-07-16	41472.36
2021-07-17	41472.36
2021-07-18	41472.36
2021-07-19	41456.43
2021-07-20	41886.7
2021-07-21	42526.58
2021-07-22	42347.4
2021-07-23	42115.01
2021-07-24	42115.01
2021-07-25	42115.01
2021-07-26	41995.73
2021-07-27	41668.66
2021-07-28	42319.68
2021-07-29	42410.3
2021-07-30	42700.39
2021-07-31	42700.39
2021-08-01	42700.39
2021-08-02	42634.03
2021-08-03	43125.84
2021-08-04	43140.59
2021-08-05	43003.45
2021-08-06	43097.6
2021-08-07	43097.6
2021-08-08	43097.6
2021-08-09	43376.45
2021-08-10	43336.65
2021-08-11	43121.2
2021-08-12	43237.9
2021-08-13	42933.69
2021-08-14	42933.69
2021-08-15	42933.69
2021-08-16	42687.98
2021-08-17	42472.88
2021-08-18	42724.12
2021-08-19	42610.71
2021-08-20	42926.99
2021-08-21	42926.99
2021-08-22	42926.99
2021-08-23	43411.91
2021-08-24	43318.66
2021-08-25	43343.48
2021-08-26	43174.73
2021-08-27	43480.04
2021-08-28	43480.04
2021-08-29	43480.04
2021-08-30	43673.02
2021-08-31	43524.7
2021-09-01	43390.19
2021-09-02	43312.94
2021-09-03	43056.99
2021-09-04	43056.99
2021-09-05	43056.99
2021-09-06	43241.54
2021-09-07	43371.37
2021-09-08	43023.58
2021-09-09	42549.39
2021-09-10	42245.55
2021-09-11	42245.55
2021-09-12	42245.55
2021-09-13	42370.87
2021-09-14	42639.62
2021-09-15	42488.84
2021-09-16	42393.95
2021-09-17	42652.46
2021-09-18	42652.46
2021-09-19	42652.46
2021-09-20	42062.1
2021-09-21	42361.86
2021-09-22	42638.31
2021-09-23	42663.43
2021-09-24	42564.61
2021-09-25	42564.61
2021-09-26	42564.61
2021-09-27	42674.79
2021-09-28	42101.44
2021-09-29	42006.81
2021-09-30	41834.58
2021-10-01	41740.65
2021-10-02	41740.65
2021-10-03	41740.65
2021-10-04	41119.62
2021-10-05	41063.31
2021-10-06	41192.29
2021-10-07	41409.83
2021-10-08	41142.92
2021-10-09	41142.92
2021-10-10	41142.92
2021-10-11	41229.5
2021-10-12	41918.42
2021-10-13	42560.65
2021-10-14	42619.56
2021-10-15	42985.03
2021-10-16	42985.03
2021-10-17	42985.03
2021-10-18	43313.66
2021-10-19	43636.93
2021-10-20	43700.44
2021-10-21	43894.75
2021-10-22	43930.35
2021-10-23	43930.35
2021-10-24	43930.35
2021-10-25	44717.58
2021-10-26	44581.4
2021-10-27	45391.06
2021-10-28	46188.12
2021-10-29	46536.36
2021-10-30	46536.36
2021-10-31	46536.36
2021-11-01	47510.53
2021-11-02	47511.09
2021-11-03	47240.41
2021-11-04	47609.24
2021-11-05	47292.56
2021-11-06	47292.56
2021-11-07	47292.56
2021-11-08	47451.59
2021-11-09	46916.4
2021-11-10	46844.23
2021-11-11	47553.92
2021-11-12	47553.62
2021-11-13	47553.62
2021-11-14	47553.62
2021-11-15	47208.52
2021-11-16	47541.14
2021-11-17	47835.22
2021-11-18	47692.48
2021-11-19	48287.79
2021-11-20	48287.79
2021-11-21	48287.79
2021-11-22	48070.82
2021-11-23	47635.96
2021-11-24	47737.5
2021-11-25	47849.93
2021-11-26	47272.06
2021-11-27	47272.06
2021-11-28	47272.06
2021-11-29	47773.23
2021-11-30	47327.36
2021-12-01	46177.93
2021-12-02	46406.27
2021-12-03	45715.52
2021-12-04	45715.52
2021-12-05	45715.52
2021-12-06	45686.82
2021-12-07	46399.76
2021-12-08	46643.89
2021-12-09	45766.75
2021-12-10	45559.39
2021-12-11	45559.39
2021-12-12	45559.39
2021-12-13	45528.58
2021-12-14	44701.05
2021-12-15	44996.42
2021-12-16	44278.37
2021-12-17	44278.21
2021-12-18	44278.21
2021-12-19	44278.21
2021-12-20	43105.92
2021-12-21	43948.44
2021-12-22	44186.7
2021-12-23	44482.87
2021-12-24	44383.31
2021-12-25	44383.31
2021-12-26	44383.31
2021-12-27	44610.16
2021-12-28	44543.61
2021-12-29	44336.12
2021-12-30	44576.95
2021-12-31	44571.82
2022-01-01	44571.82
2022-01-02	44571.82
2022-01-03	45570.67
2022-01-04	44723.81
2022-01-05	43258.97
2022-01-06	43129.45
2022-01-07	42651.41
2022-01-08	42651.41
2022-01-09	42651.41
2022-01-10	42611.84
2022-01-11	42676.97
2022-01-12	42868.99
2022-01-13	42325.22
2022-01-14	42228.32
2022-01-15	42228.32
2022-01-16	42228.32
2022-01-17	42328.01
2022-01-18	41796.68
2022-01-19	41044.52
2022-01-20	40965.88
2022-01-21	40318.98
2022-01-22	40318.98
2022-01-23	40318.98
2022-01-24	40454.86
2022-01-25	39491.01
2022-01-26	39569.98
2022-01-27	38725.41
2022-01-28	39236.18
2022-01-29	39236.18
2022-01-30	39236.18
2022-01-31	40500.54
2022-02-01	40462.29
2022-02-02	40315.97
2022-02-03	39633.41
2022-02-04	40121.05
2022-02-05	40121.05
2022-02-06	40121.05
2022-02-07	39734.9
2022-02-08	39640.6
2022-02-09	40536.1
2022-02-10	39749.39
2022-02-11	39020.39
2022-02-12	39020.39
2022-02-13	39020.39
2022-02-14	38980.83
2022-02-15	40055.59
2022-02-16	40179.14
2022-02-17	39901.41
2022-02-18	39285.84
2022-02-19	39285.84
2022-02-20	39285.84
2022-02-21	38956.56
2022-02-22	38303.19
2022-02-23	37725.22
2022-02-24	39167.68
2022-02-25	39694.81
2022-02-26	39694.81
2022-02-27	39694.81
2022-02-28	41047.12
2022-03-01	40820.92
2022-03-02	40745.68
2022-03-03	39932.75
2022-03-04	39352.71
2022-03-05	39352.71
2022-03-06	39352.71
2022-03-07	39062.11
2022-03-08	40195.59
2022-03-09	40614.99
2022-03-10	40339.65
2022-03-11	40081.65
2022-03-12	40081.65
2022-03-13	40081.65
2022-03-14	39419.2
2022-03-15	39929.54
2022-03-16	40854.26
2022-03-17	40967.73
2022-03-18	41189.88
2022-03-19	41189.88
2022-03-20	41189.88
2022-03-21	41111.93
2022-03-22	41601.81
2022-03-23	41232.72
2022-03-24	41551.55
2022-03-25	41386.05
2022-03-26	41386.05
2022-03-27	41386.05
2022-03-28	41806.78
2022-03-29	42274.2
2022-03-30	42199.62
2022-03-31	42142.81
2022-04-01	42467.88
2022-04-02	42467.88
2022-04-03	42467.88
2022-04-04	42951.11
2022-04-05	42298.33
2022-04-06	41834.96
2022-04-07	41750.57
2022-04-08	41508.42
2022-04-09	41508.42
2022-04-10	41508.42
2022-04-11	40864.7
2022-04-12	40582.28
2022-04-13	41326.84
2022-04-14	40978.36
2022-04-15	40916.12
2022-04-16	40916.12
2022-04-17	40916.12
2022-04-18	41111.99
2022-04-19	41516.02
2022-04-20	40598.22
2022-04-21	39901.81
2022-04-22	39911.77
2022-04-23	39911.77
2022-04-24	39911.77
2022-04-25	40037.07
2022-04-26	38935.65
2022-04-27	39384.0
2022-04-28	39661.34
2022-04-29	39318.48
2022-04-30	39318.48
2022-05-01	39318.48
2022-05-02	39456.52
2022-05-03	39705.31
2022-05-04	40507.17
2022-05-05	39225.35
2022-05-06	38460.87
2022-05-07	38460.87
2022-05-08	38460.87
2022-05-09	37031.52
2022-05-10	36964.73
2022-05-11	36181.22
2022-05-12	36263.77
2022-05-13	37426.9
2022-05-14	37426.9
2022-05-15	37426.9
2022-05-16	36888.88
2022-05-17	37659.62
2022-05-18	37291.32
2022-05-19	37562.63
2022-05-20	37757.21
2022-05-21	37757.21
2022-05-22	37757.21
2022-05-23	37947.34
2022-05-24	37383.87
2022-05-25	37772.55
2022-05-26	38382.79
2022-05-27	39112.14
2022-05-28	39112.14
2022-05-29	39112.14
2022-05-30	39180.82
2022-05-31	38887.99
2022-06-01	38562.81
2022-06-02	39423.1
2022-06-03	38952.74
2022-06-04	38952.74
2022-06-05	38952.74
2022-06-06	39518.27
2022-06-07	39644.33
2022-06-08	39413.07
2022-06-09	39087.94
2022-06-10	38711.02
2022-06-11	38711.02
2022-06-12	38711.02
2022-06-13	37442.69
2022-06-14	37236.03
2022-06-15	37635.35
2022-06-16	36398.3
2022-06-17	37397.81
2022-06-18	37397.81
2022-06-19	37397.81
2022-06-20	37344.62
2022-06-21	37888.9
2022-06-22	37909.59
2022-06-23	38453.74
2022-06-24	38949.57
2022-06-25	38949.57
2022-06-26	38949.57
2022-06-27	39387.42
2022-06-28	38774.92
2022-06-29	37944.83
2022-06-30	38223.04
2022-07-01	38742.25
2022-07-02	38742.25
2022-07-03	38742.25
2022-07-04	38492.71
2022-07-05	38655.77
2022-07-06	38599.52
2022-07-07	39544.07
2022-07-08	39683.48
2022-07-09	39683.48
2022-07-10	39683.48
2022-07-11	39245.14
2022-07-12	38544.08
2022-07-13	38676.58
2022-07-14	38937.23
2022-07-15	38674.37
2022-07-16	38674.37
2022-07-17	38674.37
2022-07-18	39070.52
2022-07-19	39273.6
2022-07-20	39644.03
2022-07-21	39936.05
2022-07-22	39802.85
2022-07-23	39802.85
2022-07-24	39802.85
2022-07-25	39857.87
2022-07-26	39551.64
2022-07-27	41004.55
2022-07-28	42348.31
2022-07-29	42954.31
2022-07-30	42954.31
2022-07-31	42954.31
2022-08-01	42674.97
2022-08-02	43154.36
2022-08-03	42466.06
2022-08-04	42904.79
2022-08-05	43063.33
2022-08-06	43063.33
2022-08-07	43063.33
2022-08-08	42570.15
2022-08-09	42674.32
2022-08-10	43188.38
2022-08-11	42844.18
2022-08-12	43399.6
2022-08-13	43399.6
2022-08-14	43399.6
2022-08-15	43889.66
2022-08-16	43687.64
2022-08-17	43800.41
2022-08-18	43671.4
2022-08-19	43086.73
2022-08-20	43086.73
2022-08-21	43086.73
2022-08-22	42366.58
2022-08-23	42153.1
2022-08-24	42456.4
2022-08-25	42710.12
2022-08-26	41992.65
2022-08-27	41992.65
2022-08-28	41992.65
2022-08-29	41523.71
2022-08-30	41470.2
2022-08-31	41400.32
2022-09-01	40943.95
2022-09-02	40526.59
2022-09-03	40526.59
2022-09-04	40526.59
2022-09-05	40515.67
2022-09-06	40966.5
2022-09-07	42131.89
2022-09-08	42440.14
2022-09-09	42389.49
2022-09-10	42389.49
2022-09-11	42389.49
2022-09-12	42628.15
2022-09-13	42352.48
2022-09-14	42429.61
2022-09-15	41929.64
2022-09-16	41742.97
2022-09-17	41742.97
2022-09-18	41742.97
2022-09-19	41693.92
2022-09-20	41267.6
2022-09-21	40936.0
2022-09-22	40049.51
2022-09-23	39478.54
2022-09-24	39478.54
2022-09-25	39478.54
2022-09-26	39091.32
2022-09-27	39198.99
2022-09-28	39282.35
2022-09-29	38299.38
2022-09-30	38389.89
2022-10-01	38389.89
2022-10-02	38389.89
2022-10-03	38290.16
2022-10-04	39276.47
2022-10-05	38644.92
2022-10-06	38314.27
2022-10-07	37560.48
2022-10-08	37560.48
2022-10-09	37560.48
2022-10-10	37615.54
2022-10-11	37486.4
2022-10-12	37401.2
2022-10-13	37700.67
2022-10-14	37346.39
2022-10-15	37346.39
2022-10-16	37346.39
2022-10-17	37836.71
2022-10-18	38301.42
2022-10-19	37802.14
2022-10-20	37106.04
2022-10-21	37515.84
2022-10-22	37515.84
2022-10-23	37515.84
2022-10-24	37686.36
2022-10-25	38402.49
2022-10-26	38757.04
2022-10-27	39013.87
2022-10-28	39212.22
2022-10-29	39212.22
2022-10-30	39212.22
2022-10-31	39170.96
2022-11-01	39327.77
2022-11-02	38692.58
2022-11-03	38977.44
2022-11-04	38654.09
2022-11-05	38654.09
2022-11-06	38654.09
2022-11-07	38507.3
2022-11-08	38962.7
2022-11-09	38691.83
2022-11-10	40097.12
2022-11-11	40371.11
2022-11-12	40371.11
2022-11-13	40371.11
2022-11-14	39753.37
2022-11-15	39965.13
2022-11-16	39505.03
2022-11-17	39676.76
2022-11-18	39772.24
2022-11-19	39772.24
2022-11-20	39772.24
2022-11-21	39650.29
2022-11-22	39716.82
2022-11-23	39867.7
2022-11-24	39963.54
2022-11-25	40001.54
2022-11-26	40001.54
2022-11-27	40001.54
2022-11-28	39516.5
2022-11-29	39492.61
2022-11-30	40445.85
2022-12-01	40188.77
2022-12-02	40400.1
2022-12-03	40400.1
2022-12-04	40400.1
2022-12-05	40174.31
2022-12-06	39635.43
2022-12-07	39574.3
2022-12-08	39553.5
2022-12-09	39482.08
2022-12-10	39482.08
2022-12-11	39482.08
2022-12-12	39474.85
2022-12-13	39340.09
2022-12-14	39497.58
2022-12-15	39498.99
2022-12-16	38889.37
2022-12-17	38889.37
2022-12-18	38889.37
2022-12-19	38417.09
2022-12-20	38175.43
2022-12-21	38376.34
2022-12-22	37948.94
2022-12-23	37730.53
2022-12-24	37730.53
2022-12-25	37730.53
2022-12-26	37835.47
2022-12-27	37296.23
2022-12-28	36789.11
2022-12-29	37260.95
2022-12-30	37206.8
2022-12-31	37206.8
2023-01-01	37206.8
2023-01-02	37290.65
2023-01-03	37173.17
2023-01-04	37056.86
2023-01-05	36865.15
2023-01-06	37096.42
2023-01-07	37096.42
2023-01-08	37096.42
2023-01-09	37174.1
2023-01-10	37576.78
2023-01-11	38334.5
2023-01-12	38708.05
2023-01-13	38769.29
2023-01-14	38769.29
2023-01-15	38769.29
2023-01-16	38797.25
2023-01-17	38886.85
2023-01-18	38740.35
2023-01-19	38198.15
2023-01-20	38510.53
2023-01-21	38510.53
2023-01-22	38510.53
2023-01-23	38784.25
2023-01-24	38592.8
2023-01-25	38553.83
2023-01-26	39017.55
2023-01-27	39613.08
2023-01-28	39613.08
2023-01-29	39613.08
2023-01-30	39285.24
2023-01-31	39988.23
2023-02-01	40558.69
2023-02-02	40937.88
2023-02-03	40808.26
2023-02-04	40808.26
2023-02-05	40808.26
2023-02-06	40821.31
2023-02-07	40705.4
2023-02-08	40633.27
2023-02-09	40345.36
2023-02-10	40123.92
2023-02-11	40123.92
2023-02-12	40123.92
2023-02-13	40105.64
2023-02-14	40320.61
2023-02-15	40900.17
2023-02-16	40244.84
2023-02-17	40006.47
2023-02-18	40006.47
2023-02-19	40006.47
2023-02-20	39881.85
2023-02-21	39249.96
2023-02-22	39275.16
2023-02-23	39545.54
2023-02-24	39339.39
2023-02-25	39339.39
2023-02-26	39339.39
2023-02-27	39671.51
2023-02-28	39639.39
2023-03-01	39588.37
2023-03-02	39468.7
2023-03-03	40031.87
2023-03-04	40031.87
2023-03-05	40031.87
2023-03-06	40471.1
2023-03-07	40390.19
2023-03-08	40197.7
2023-03-09	39601.51
2023-03-10	38890.68
2023-03-11	38890.68
2023-03-12	38890.68
2023-03-13	38749.76
2023-03-14	38991.26
2023-03-15	38553.24
2023-03-16	38227.26
2023-03-17	37461.97
2023-03-18	37461.97
2023-03-19	37461.97
2023-03-20	37577.73
2023-03-21	38591.23
2023-03-22	38022.82
2023-03-23	38129.2
2023-03-24	37924.25
2023-03-25	37924.25
2023-03-26	37924.25
2023-03-27	38084.6
2023-03-28	37772.89
2023-03-29	38415.05
2023-03-30	38799.25
2023-03-31	39545.3
2023-04-01	39545.3
2023-04-02	39545.3
2023-04-03	38750.56
2023-04-04	38497.86
2023-04-05	38198.74
2023-04-06	38213.44
2023-04-07	38192.43
2023-04-08	38192.43
2023-04-09	38192.43
2023-04-10	38557.15
2023-04-11	38750.16
2023-04-12	38335.67
2023-04-13	38438.31
2023-04-14	38503.51
2023-04-15	38503.51
2023-04-16	38503.51
2023-04-17	39148.16
2023-04-18	39086.41
2023-04-19	38925.35
2023-04-20	38235.12
2023-04-21	38529.93
2023-04-22	38529.93
2023-04-23	38529.93
2023-04-24	38477.4
2023-04-25	38132.27
2023-04-26	37371.18
2023-04-27	37919.37
2023-04-28	37923.18
2023-04-29	37923.18
2023-04-30	37923.18
2023-05-01	37497.47
2023-05-02	37033.72
2023-05-03	37007.22
2023-05-04	37175.31
2023-05-05	37497.28
2023-05-06	37497.28
2023-05-07	37497.28
2023-05-08	37496.46
2023-05-09	37403.5
2023-05-10	37594.81
2023-05-11	37730.51
2023-05-12	38063.07
2023-05-13	38063.07
2023-05-14	38063.07
2023-05-15	38306.5
2023-05-16	38029.37
2023-05-17	38402.82
2023-05-18	38524.06
2023-05-19	38231.17
2023-05-20	38231.17
2023-05-21	38231.17
2023-05-22	38654.62
2023-05-23	38411.11
2023-05-24	38291.13
2023-05-25	38402.49
2023-05-26	38675.42
2023-05-27	38675.42
2023-05-28	38675.42
2023-05-29	38506.92
2023-05-30	38990.84
2023-05-31	38919.62
2023-06-01	38986.08
2023-06-02	39430.34
2023-06-03	39430.34
2023-06-04	39430.34
2023-06-05	39382.71
2023-06-06	39421.26
2023-06-07	39532.03
2023-06-08	39467.41
2023-06-09	39433.04
2023-06-10	39433.04
2023-06-11	39433.04
2023-06-12	39752.18
2023-06-13	39914.59
2023-06-14	39583.31
2023-06-15	39685.45
2023-06-16	39704.0
2023-06-17	39704.0
2023-06-18	39704.0
2023-06-19	39567.57
2023-06-20	39601.71
2023-06-21	39128.16
2023-06-22	39153.77
2023-06-23	38829.67
2023-06-24	38829.67
2023-06-25	38829.67
2023-06-26	38790.72
2023-06-27	39210.38
2023-06-28	39549.29
2023-06-29	39565.16
2023-06-30	40145.54
2023-07-01	40145.54
2023-07-02	40145.54
2023-07-03	40660.59
2023-07-04	40573.78
2023-07-05	40366.94
2023-07-06	39851.97
2023-07-07	39689.16
2023-07-08	39689.16
2023-07-09	39689.16
2023-07-10	40040.76
2023-07-11	40472.74
2023-07-12	40550.05
2023-07-13	40647.72
2023-07-14	40641.91
2023-07-15	40641.91
2023-07-16	40641.91
2023-07-17	41107.95
2023-07-18	41060.52
2023-07-19	41514.5
2023-07-20	40718.47
2023-07-21	40875.34
2023-07-22	40875.34
2023-07-23	40875.34
2023-07-24	41083.48
2023-07-25	41006.08
2023-07-26	40929.65
2023-07-27	40435.05
2023-07-28	41025.04
2023-07-29	41025.04
2023-07-30	41025.04
2023-07-31	40945.74
2023-08-01	41042.15
2023-08-02	40350.86
2023-08-03	40186.41
2023-08-04	40084.39
2023-08-05	40084.39
2023-08-06	40084.39
2023-08-07	40052.26
2023-08-08	39981.7
2023-08-09	39968.65
2023-08-10	39727.02
2023-08-11	39628.16
2023-08-12	39628.16
2023-08-13	39628.16
2023-08-14	39529.05
2023-08-15	39010.87
2023-08-16	38724.72
2023-08-17	38478.45
2023-08-18	38241.12
2023-08-19	38241.12
2023-08-20	38241.12
2023-08-21	38227.18
2023-08-22	38212.52
2023-08-23	38324.22
2023-08-24	38225.44
2023-08-25	38421.45
2023-08-26	38421.45
2023-08-27	38421.45
2023-08-28	38678.33
2023-08-29	39439.35
2023-08-30	39304.25
2023-08-31	39296.18
2023-09-01	39231.61
2023-09-02	39231.61
2023-09-03	39231.61
2023-09-04	39304.47
2023-09-05	39381.83
2023-09-06	38977.72
2023-09-07	38642.11
2023-09-08	38221.87
2023-09-09	38221.87
2023-09-10	38221.87
2023-09-11	38341.17
2023-09-12	38290.12
2023-09-13	37991.59
2023-09-14	38440.08
2023-09-15	38225.28
2023-09-16	38225.28
2023-09-17	38225.28
2023-09-18	37851.35
2023-09-19	37703.49
2023-09-20	37618.65
2023-09-21	37031.87
2023-09-22	36663.66
2023-09-23	36663.66
2023-09-24	36663.66
2023-09-25	36662.83
2023-09-26	36113.45
2023-09-27	36191.19
2023-09-28	36231.34
2023-09-29	36309.94
2023-09-30	36309.94
2023-10-01	36309.94
2023-10-02	36085.3
2023-10-03	35595.95
2023-10-04	35651.13
2023-10-05	35072.34
2023-10-06	35255.21
2023-10-07	35255.21
2023-10-08	35255.21
2023-10-09	35103.42
2023-10-10	35603.59
2023-10-11	35950.74
2023-10-12	35984.37
2023-10-13	35618.7
2023-10-14	35618.7
2023-10-15	35618.7
2023-10-16	35506.24
2023-10-17	35616.82
2023-10-18	34958.25
2023-10-19	34263.72
2023-10-20	33403.49
2023-10-21	33403.49
2023-10-22	33403.49
2023-10-23	33221.53
2023-10-24	33399.47
2023-10-25	32880.86
2023-10-26	32937.89
2023-10-27	32824.52
2023-10-28	32824.52
2023-10-29	32824.52
2023-10-30	32683.05
2023-10-31	32896.44
2023-11-01	32781.51
2023-11-02	33416.83
2023-11-03	33927.25
2023-11-04	33927.25
2023-11-05	33927.25
2023-11-06	34166.89
2023-11-07	33998.35
2023-11-08	33889.26
2023-11-09	33596.65
2023-11-10	33626.69
2023-11-11	33626.69
2023-11-12	33626.69
2023-11-13	33602.08
2023-11-14	34640.4
2023-11-15	34903.2
2023-11-16	34676.15
2023-11-17	34707.85
2023-11-18	34707.85
2023-11-19	34707.85
2023-11-20	34887.38
2023-11-21	34719.71
2023-11-22	34744.72
2023-11-23	34662.96
2023-11-24	34409.12
2023-11-25	34409.12
2023-11-26	34409.12
2023-11-27	34199.45
2023-11-28	34306.83
2023-11-29	34565.5
2023-11-30	34680.71
2023-12-01	34906.96
2023-12-02	34906.96
2023-12-03	34906.96
2023-12-04	34955.24
2023-12-05	35019.83
2023-12-06	35093.19
2023-12-07	35102.9
2023-12-08	35119.69
2023-12-09	35119.69
2023-12-10	35119.69
2023-12-11	35095.55
2023-12-12	34839.7
2023-12-13	35144.52
2023-12-14	36243.62
2023-12-15	36189.54
2023-12-16	36189.54
2023-12-17	36189.54
2023-12-18	35910.39
2023-12-19	36226.03
2023-12-20	35767.93
2023-12-21	36219.67
2023-12-22	36152.59
2023-12-23	36152.59
2023-12-24	36152.59
2023-12-25	36154.6
2023-12-26	36308.13
2023-12-27	36453.24
2023-12-28	36776.62
2023-12-29	36659.23
2023-12-30	36659.23
2023-12-31	36659.23
2024-01-01	36661.29
2024-01-02	36443.49
2024-01-03	35714.47
2024-01-04	35556.23
2024-01-05	35359.39
2024-01-06	35359.39
2024-01-07	35359.39
2024-01-08	35497.54
2024-01-09	35471.89
2024-01-10	35404.21
2024-01-11	35260.98
2024-01-12	34976.25
2024-01-13	34976.25
2024-01-14	34976.25
2024-01-15	34960.94
2024-01-16	34869.16
2024-01-17	34311.17
2024-01-18	34328.14
2024-01-19	34182.56
2024-01-20	34182.56
2024-01-21	34182.56
2024-01-22	34431.74
2024-01-23	34593.61
2024-01-24	34271.27
2024-01-25	34115.97
2024-01-26	33964.63
2024-01-27	33964.63
2024-01-28	33964.63
2024-01-29	34153.08
2024-01-30	33869.64
2024-01-31	33599.63
2024-02-01	33890.85
2024-02-02	33854.58
2024-02-03	33854.58
2024-02-04	33854.58
2024-02-05	33415.78
2024-02-06	33673.88
2024-02-07	34321.05
2024-02-08	34701.97
2024-02-09	34725.49
2024-02-10	34725.49
2024-02-11	34725.49
2024-02-12	34943.58
2024-02-13	34589.26
2024-02-14	34942.32
2024-02-15	35388.99
2024-02-16	35171.12
2024-02-17	35171.12
2024-02-18	35171.12
2024-02-19	34985.46
2024-02-20	34644.39
2024-02-21	34716.21
2024-02-22	34705.28
2024-02-23	34346.84
2024-02-24	34346.84
2024-02-25	34346.84
2024-02-26	34492.56
2024-02-27	34609.48
2024-02-28	34722.42
2024-02-29	35083.05
2024-03-01	35229.74
2024-03-02	35229.74
2024-03-03	35229.74
2024-03-04	34957.53
2024-03-05	34616.52
2024-03-06	34674.81
2024-03-07	34987.21
2024-03-08	35030.62
2024-03-09	35030.62
2024-03-10	35030.62
2024-03-11	35241.07
2024-03-12	35420.65
2024-03-13	35080.95
2024-03-14	34824.41
2024-03-15	34607.02
2024-03-16	34607.02
2024-03-17	34607.02
2024-03-18	35125.06
2024-03-19	35145.29
2024-03-20	35505.16
2024-03-21	35652.55
2024-03-22	35653.77
2024-03-23	35653.77
2024-03-24	35653.77
2024-03-25	35506.49
2024-03-26	35522.67
2024-03-27	35977.69
2024-03-28	35966.71
2024-03-29	35934.72
2024-03-30	35934.72
2024-03-31	35934.72
2024-04-01	35929.42
2024-04-02	35222.91
2024-04-03	35129.71
2024-04-04	35030.98
2024-04-05	34839.68
2024-04-06	34839.68
2024-04-07	34839.68
2024-04-08	35022.62
2024-04-09	35380.44
2024-04-10	35179.01
2024-04-11	35168.1
2024-04-12	34782.04
2024-04-13	34782.04
2024-04-14	34782.04
2024-04-15	34438.51
2024-04-16	34130.61
2024-04-17	33975.97
2024-04-18	34040.59
2024-04-19	33850.11
2024-04-20	33850.11
2024-04-21	33850.11
2024-04-22	34137.8
2024-04-23	34405.45
2024-04-24	34540.07
2024-04-25	34430.44
2024-04-26	34745.33
2024-04-27	34745.33
2024-04-28	34745.33
2024-04-29	35468.43
2024-04-30	35135.06
2024-05-01	35048.08
2024-05-02	35375.25
2024-05-03	35719.42
2024-05-04	35719.42
2024-05-05	35719.42
2024-05-06	35897.92
2024-05-07	35901.93
2024-05-08	35784.29
2024-05-09	35843.55
2024-05-10	35615.91
2024-05-11	35615.91
2024-05-12	35615.91
2024-05-13	35706.74
2024-05-14	35971.28
2024-05-15	35922.37
2024-05-16	35960.81
2024-05-17	35697.39
2024-05-18	35697.39
2024-05-19	35697.39
2024-05-20	35770.15
2024-05-21	35722.74
2024-05-22	36112.07
2024-05-23	35754.46
2024-05-24	36002.07
2024-05-25	36002.07
2024-05-26	36002.07
2024-05-27	36153.11
2024-05-28	36114.17
2024-05-29	35820.59
2024-05-30	35992.58
2024-05-31	35882.16
2024-06-01	35882.16
2024-06-02	35882.16
2024-06-03	35807.52
2024-06-04	35857.16
2024-06-05	36220.61
2024-06-06	36008.37
2024-06-07	35709.64
2024-06-08	35709.64
2024-06-09	35709.64
2024-06-10	35745.41
2024-06-11	35573.88
2024-06-12	35620.09
2024-06-13	35592.93
2024-06-14	35072.57
2024-06-15	35072.57
2024-06-16	35072.57
2024-06-17	35114.88
2024-06-18	35032.24
2024-06-19	34981.26
2024-06-20	34589.77
2024-06-21	34528.92
2024-06-22	34528.92
2024-06-23	34528.92
2024-06-24	34510.71
2024-06-25	34258.97
2024-06-26	34140.45
2024-06-27	34095.92
2024-06-28	33750.71
2024-06-29	33750.71
2024-06-30	33750.71
2024-07-01	33846.07
2024-07-02	33950.86
2024-07-03	34359.67
2024-07-04	34440.9
2024-07-05	34371.78
2024-07-06	34371.78
2024-07-07	34371.78
2024-07-08	34425.44
2024-07-09	34426.92
2024-07-10	34686.98
2024-07-11	35129.46
2024-07-12	35596.16
2024-07-13	35596.16
2024-07-14	35596.16
2024-07-15	35270.69
2024-07-16	35703.87
2024-07-17	35190.46
2024-07-18	35096.43
2024-07-19	34993.68
2024-07-20	34993.68
2024-07-21	34993.68
2024-07-22	35428.67
2024-07-23	35277.77
2024-07-24	34770.17
2024-07-25	34951.34
2024-07-26	35255.02
2024-07-27	35255.02
2024-07-28	35255.02
2024-07-29	35251.58
2024-07-30	34907.99
2024-07-31	35539.91
2024-08-01	34931.08
2024-08-02	34208.38
2024-08-03	34208.38
2024-08-04	34208.38
2024-08-05	33425.44
2024-08-06	33682.35
2024-08-07	33438.14
2024-08-08	33632.29
2024-08-09	33619.89
2024-08-10	33619.89
2024-08-11	33619.89
2024-08-12	33440.73
2024-08-13	33944.96
2024-08-14	33945.02
2024-08-15	34298.28
2024-08-16	34407.85
2024-08-17	34407.85
2024-08-18	34407.85
2024-08-19	34427.89
2024-08-20	34199.19
2024-08-21	34431.76
2024-08-22	34356.62
2024-08-23	34830.03
2024-08-24	34830.03
2024-08-25	34830.03
2024-08-26	34833.64
2024-08-27	34799.38
2024-08-28	34517.23
2024-08-29	34644.08
2024-08-30	34944.14
2024-08-31	34944.14
2024-09-01	34944.14
2024-09-02	34886.27
2024-09-03	34602.59
2024-09-04	34446.38
2024-09-05	34541.58
2024-09-06	34030.27
2024-09-07	34030.27
2024-09-08	34030.27
2024-09-09	34061.23
2024-09-10	34166.95
2024-09-11	34894.6
2024-09-12	34905.97
2024-09-13	35171.01
2024-09-14	35171.01
2024-09-15	35171.01
2024-09-16	35142.77
2024-09-17	35319.93
2024-09-18	35303.14
2024-09-19	35755.93
2024-09-20	35523.26
2024-09-21	35523.26
2024-09-22	35523.26
2024-09-23	35558.35
2024-09-24	35802.19
2024-09-25	35819.99
2024-09-26	36183.78
2024-09-27	36602.92
2024-09-28	36602.92
2024-09-29	36602.92
2024-09-30	36771.75
2024-10-01	36614.18
2024-10-02	36460.72
2024-10-03	36283.35
2024-10-04	36592.09
2024-10-05	36592.09
2024-10-06	36592.09
2024-10-07	36797.28
2024-10-08	37240.35
2024-10-09	36730.65
2024-10-10	36523.22
2024-10-11	36406.16
2024-10-12	36406.16
2024-10-13	36406.16
2024-10-14	36444.57
2024-10-15	36019.78
2024-10-16	36278.01
2024-10-17	36037.15
2024-10-18	36257.13
2024-10-19	36257.13
2024-10-20	36257.13
2024-10-21	36232.0
2024-10-22	35973.41
2024-10-23	35900.46
2024-10-24	36109.39
2024-10-25	36450.39
2024-10-26	36450.39
2024-10-27	36450.39
2024-10-28	36853.98
2024-10-29	36680.65
2024-10-30	36470.44
2024-10-31	36217.72
2024-11-01	36100.22
2024-11-02	36100.22
2024-11-03	36100.22
2024-11-04	36367.97
2024-11-05	36462.27
2024-11-06	36140.42
2024-11-07	35867.74
2024-11-08	36034.14
2024-11-09	36034.14
2024-11-10	36034.14
2024-11-11	36312.98
2024-11-12	35851.62
2024-11-13	35964.61
2024-11-14	36024.26
2024-11-15	35775.74
2024-11-16	35775.74
2024-11-17	35775.74
2024-11-18	35746.33
2024-11-19	35588.02
2024-11-20	35580.61
2024-11-21	35556.48
2024-11-22	35782.53
2024-11-23	35782.53
2024-11-24	35782.53
2024-11-25	36158.34
2024-11-26	36029.21
2024-11-27	35966.77
2024-11-28	35979.04
2024-11-29	36012.5
2024-11-30	36012.5
2024-12-01	36012.5
2024-12-02	36241.62
2024-12-03	36052.01
2024-12-04	35980.43
2024-12-05	35783.85
2024-12-06	36083.64
2024-12-07	36083.64
2024-12-08	36083.64
2024-12-09	35904.95
2024-12-10	36151.61
2024-12-11	36290.68
2024-12-12	36191.23
2024-12-13	36054.06
2024-12-14	36054.06
2024-12-15	36054.06
2024-12-16	35882.18
2024-12-17	35967.69
2024-12-18	35621.28
2024-12-19	35301.2
2024-12-20	35454.93
2024-12-21	35454.93
2024-12-22	35454.93
2024-12-23	35730.2
2024-12-24	35958.22
2024-12-25	35952.18
2024-12-26	35901.55
2024-12-27	35788.21
2024-12-28	35788.21
2024-12-29	35788.21
2024-12-30	35511.79
2024-12-31	35492.87
2025-01-01	35490.59
2025-01-02	35481.2
2025-01-03	35627.24
2025-01-04	35627.24
2025-01-05	35627.24
2025-01-06	35682.9
2025-01-07	35514.67
2025-01-08	35216.56
2025-01-09	35239.8
2025-01-10	34788.78
2025-01-11	34788.78
2025-01-12	34788.78
2025-01-13	34778.13
2025-01-14	34960.82
2025-01-15	35202.96
2025-01-16	35330.43
2025-01-17	35546.26
2025-01-18	35546.26
2025-01-19	35546.26
2025-01-20	35787.16
2025-01-21	35750.18
2025-01-22	35490.92
2025-01-23	35475.13
2025-01-24	35395.2
2025-01-25	35395.2
2025-01-26	35395.2
2025-01-27	34994.36
2025-01-28	34882.88
2025-01-29	34973.51
2025-01-30	35246.43
2025-01-31	35129.55
2025-02-01	35129.55
2025-02-02	35129.55
2025-02-03	34724.79
2025-02-04	34810.34
2025-02-05	34809.76
2025-02-06	35359.94
2025-02-07	35312.63
2025-02-08	35312.63
2025-02-09	35312.63
2025-02-10	35313.74
2025-02-11	35198.51
2025-02-12	35224.36
2025-02-13	35325.19
2025-02-14	35320.99
2025-02-15	35320.99
2025-02-16	35320.99
2025-02-17	35318.23
2025-02-18	35605.21
2025-02-19	35634.27
2025-02-20	35542.86
2025-02-21	35527.35
2025-02-22	35527.35
2025-02-23	35527.35
2025-02-24	35489.29
2025-02-25	35479.83
2025-02-26	35772.58
2025-02-27	35605.84
2025-02-28	35404.13
2025-03-01	35404.13
2025-03-02	35404.13
2025-03-03	35038.39
2025-03-04	34745.22
2025-03-05	35077.3
2025-03-06	34926.86
2025-03-07	35167.0
2025-03-08	35167.0
2025-03-09	35167.0
2025-03-10	34700.65
2025-03-11	34659.26
2025-03-12	34683.25
2025-03-13	34469.8
2025-03-14	34993.15
2025-03-15	34993.15
2025-03-16	34993.15
2025-03-17	35118.6
2025-03-18	35229.04
2025-03-19	35542.27
2025-03-20	35505.91
2025-03-21	35151.37
2025-03-22	35151.37
2025-03-23	35151.37
2025-03-24	35317.22
2025-03-25	35202.29
2025-03-26	34919.85
2025-03-27	34796.01
2025-03-28	34502.73
2025-03-29	34502.73
2025-03-30	34502.73
2025-03-31	34164.84
2025-04-01	34305.09
2025-04-02	34310.6
2025-04-03	33307.05
2025-04-04	33039.83
2025-04-05	33039.83
2025-04-06	33039.83
2025-04-07	32540.25
2025-04-08	32312.98
2025-04-09	33952.4
2025-04-10	33011.65
2025-04-11	33309.56
2025-04-12	33309.56
2025-04-13	33309.56
2025-04-14	33358.34
2025-04-15	33314.75
2025-04-16	32939.51
2025-04-17	33006.41
2025-04-18	33030.06
2025-04-19	33030.06
2025-04-20	33030.06
2025-04-21	32493.69
2025-04-22	33004.91
2025-04-23	33292.26
2025-04-24	33781.84
2025-04-25	34022.66
2025-04-26	34022.66
2025-04-27	34022.66
2025-04-28	33995.36
2025-04-29	34252.16
2025-04-30	34275.82
2025-05-01	34546.35
2025-05-02	34795.86
2025-05-03	34795.86
2025-05-04	34795.86
2025-05-05	34685.27
2025-05-06	34586.98
2025-05-07	34686.01
2025-05-08	34981.48
2025-05-09	35044.31
2025-05-10	35044.31
2025-05-11	35044.31
2025-05-12	35662.14
2025-05-13	35634.62
2025-05-14	35722.94
2025-05-15	36018.67
2025-05-16	36178.52
2025-05-17	36178.52
2025-05-18	36178.52
2025-05-19	36010.7
2025-05-20	36222.31
2025-05-21	35826.1
2025-05-22	35862.85
2025-05-23	35591.1
2025-05-24	35591.1
2025-05-25	35591.1
2025-05-26	35565.03
2025-05-27	36128.47
2025-05-28	36056.96
2025-05-29	36077.6
2025-05-30	36051.52
2025-05-31	36051.52
2025-06-01	36051.52
2025-06-02	35879.22
2025-06-03	36138.96
2025-06-04	36059.74
2025-06-05	35976.12
2025-06-06	36208.1
2025-06-07	36208.1
2025-06-08	36208.1
2025-06-09	36177.19
2025-06-10	36233.2
2025-06-11	36225.68
2025-06-12	36359.69
2025-06-13	36156.82
2025-06-14	36156.82
2025-06-15	36156.82
2025-06-16	36267.74
2025-06-17	36182.82
2025-06-18	36174.37
2025-06-19	36314.43
2025-06-20	36173.51
2025-06-21	36173.51
2025-06-22	36173.51
2025-06-23	36634.68
2025-06-24	36720.47
2025-06-25	36687.12
2025-06-26	36678.6
2025-06-27	36881.42
2025-06-28	36881.42
2025-06-29	36881.42
2025-06-30	36860.52
2025-07-01	36762.68
2025-07-02	36931.41
2025-07-03	37160.68
2025-07-04	37150.13
2025-07-05	37150.13
2025-07-06	37150.13
2025-07-07	37057.22
2025-07-08	37053.9
2025-07-09	37116.24
2025-07-10	37070.99
2025-07-11	36875.71
2025-07-12	36875.71
2025-07-13	36875.71
2025-07-14	36981.37
2025-07-15	37063.89
2025-07-16	37160.96
2025-07-17	37525.18
2025-07-18	37373.36
2025-07-19	37373.36
2025-07-20	37373.36
2025-07-21	37391.84
2025-07-22	37299.38
2025-07-23	37455.24
2025-07-24	37447.39
2025-07-25	37643.8
2025-07-26	37643.8
2025-07-27	37643.8
2025-07-28	37705.96
2025-07-29	37778.92
2025-07-30	37888.48
2025-07-31	37778.43
2025-08-01	37298.07
2025-08-02	37298.07
2025-08-03	37298.07
2025-08-04	37633.88
2025-08-05	37621.52
2025-08-06	37683.27
2025-08-07	37750.4
2025-08-08	37746.78
2025-08-09	37746.78
2025-08-10	37746.78
2025-08-11	37743.8
2025-08-12	38061.98
2025-08-13	38079.53
2025-08-14	38022.01
2025-08-15	37953.31
2025-08-16	37953.31
2025-08-17	37953.31
2025-08-18	38082.26
2025-08-19	38047.39
2025-08-20	38049.44
2025-08-21	37986.59
2025-08-22	38240.52
2025-08-23	38240.52
2025-08-24	38240.52
2025-08-25	38061.07
2025-08-26	38090.62
2025-08-27	38205.13
2025-08-28	38161.39
2025-08-29	37849.33
2025-08-30	37849.33
2025-08-31	37849.33
2025-09-01	37756.17
2025-09-02	37594.68
2025-09-03	37528.12
2025-09-04	37874.86
2025-09-05	37752.35
2025-09-06	37752.35
2025-09-07	37752.35
2025-09-08	37796.07
2025-09-09	37744.65
2025-09-10	38059.15
2025-09-11	38247.49
2025-09-12	38068.7
2025-09-13	38068.7
2025-09-14	38068.7
2025-09-15	38164.35
2025-09-16	38021.72
2025-09-17	37984.12
2025-09-18	38365.04
2025-09-19	38419.22
2025-09-20	38419.22
2025-09-21	38419.22
2025-09-22	38591.46
2025-09-23	38371.73
2025-09-24	38350.59
2025-09-25	38302.71
2025-09-26	38457.37
2025-09-27	38457.37
2025-09-28	38457.37
2025-09-29	38420.07
2025-09-30	38484.14
2025-10-01	38644.27
2025-10-02	38758.88
2025-10-03	38762.43
2025-10-04	38762.43
2025-10-05	38762.43
2025-10-06	38936.63
2025-10-07	38850.17
2025-10-08	39214.69
2025-10-09	39142.75
2025-10-10	38567.82
2025-10-11	38567.82
2025-10-12	38567.82
2025-10-13	39014.98
2025-10-14	39013.65
2025-10-15	39135.19
2025-10-16	39140.06
2025-10-17	39172.89
2025-10-18	39172.89
2025-10-19	39172.89
2025-10-20	39349.65
2025-10-21	39422.57
2025-10-22	39312.1
2025-10-23	39466.35
2025-10-24	39719.26
2025-10-25	39719.26
2025-10-26	39719.26
2025-10-27	39799.82
2025-10-28	39732.64
2025-10-29	39399.03
2025-10-30	39262.57
2025-10-31	39285.1
2025-11-01	39285.1
2025-11-02	39285.1
2025-11-03	39395.55
2025-11-04	39095.23
2025-11-05	39097.25
2025-11-06	38868.3
2025-11-07	38825.88
2025-11-08	38825.88
2025-11-09	38825.88
2025-11-10	38992.44
2025-11-11	39034.86
2025-11-12	39069.17
2025-11-13	38602.21
2025-11-14	38576.04
2025-11-15	38576.04
2025-11-16	38576.04
2025-11-17	38305.18
2025-11-18	37982.74
2025-11-19	38147.28
2025-11-20	37733.77
2025-11-21	37962.19
2025-11-22	37962.19
2025-11-23	37962.19
2025-11-24	38232.49
2025-11-25	38529.39
2025-11-26	38567.92
2025-11-27	38507.32
2025-11-28	38529.24
2025-11-29	38529.24
2025-11-30	38529.24
2025-12-01	38369.78
2025-12-02	38397.76
2025-12-03	38467.33
2025-12-04	38519.79
2025-12-05	38422.14
2025-12-06	38422.14
2025-12-07	38422.14
2025-12-08	38525.01
2025-12-09	38392.73
2025-12-10	38578.66
2025-12-11	38503.98
2025-12-12	38327.65
2025-12-13	38327.65
2025-12-14	38327.65
2025-12-15	38304.63
2025-12-16	38257.66
2025-12-17	37987.62
2025-12-18	38152.81
2025-12-19	38418.07
2025-12-20	38418.07
2025-12-21	38418.07
2025-12-22	38431.79
2025-12-23	38377.43
2025-12-24	38370.64
2025-12-25	38374.29
2025-12-26	38391.98
2025-12-27	38391.98
2025-12-28	38391.98
2025-12-29	38414.63
2025-12-30	38314.55
2025-12-31	38216.81
2026-01-01	38216.56
2026-01-02	38321.25
2026-01-03	38321.25
2026-01-04	38321.25
2026-01-05	38359.82
2026-01-06	38434.68
2026-01-07	38324.23
2026-01-08	38323.74
2026-01-09	38503.72
2026-01-10	38503.72
2026-01-11	38503.72
2026-01-12	38463.18
2026-01-13	38588.49
2026-01-14	38500.87
2026-01-15	38571.62
2026-01-16	38647.3
2026-01-17	38647.3
2026-01-18	38647.3
2026-01-19	38544.11
2026-01-20	37935.46
2026-01-21	38108.73
2026-01-22	38193.21
2026-01-23	38145.11
2026-01-24	38145.11
2026-01-25	38145.11
2026-01-26	38102.11
2026-01-27	38129.43
2026-01-28	38024.57
2026-01-29	37775.01
2026-01-30	37544.95
2026-01-31	37544.95
2026-02-01	37544.95
2026-02-02	37710.18
2026-02-03	37455.27
2026-02-04	37370.57
2026-02-05	37228.01
2026-02-06	37736.75
2026-02-07	37736.75
2026-02-08	37736.75
2026-02-09	37972.03
2026-02-10	38059.76
2026-02-11	38043.86
2026-02-12	37585.93
2026-02-13	37793.43
2026-02-14	37793.43
2026-02-15	37793.43
2026-02-16	37742.98
2026-02-17	37756.65
2026-02-18	37710.81
2026-02-19	37765.01
2026-02-20	37620.08
2026-02-21	37620.08
2026-02-22	37620.08
2026-02-23	37353.11
2026-02-24	37665.33
2026-02-25	37684.59
2026-02-26	37742.8
2026-02-27	37664.59
2026-02-28	37664.59
2026-03-01	37664.59
2026-03-02	37821.72
2026-03-03	37505.17
2026-03-04	37383.12
2026-03-05	37459.65
2026-03-06	37200.28
2026-03-07	37200.28
2026-03-08	37200.28
2026-03-09	37064.8
2026-03-10	36801.46
2026-03-11	36760.83
2026-03-12	36629.4
2026-03-13	36613.52
2026-03-14	36613.52
2026-03-15	36613.52
2026-03-16	36719.92
2026-03-17	36697.22
2026-03-18	36568.43
2026-03-19	36438.05
2026-03-20	35906.37
2026-03-21	35906.37
2026-03-22	35906.37
2026-03-23	36231.24
2026-03-24	36375.11
2026-03-25	36701.7
2026-03-26	36400.6
2026-03-27	36081.33
2026-03-28	36081.33
2026-03-29	36081.33
2026-03-30	36030.14
2026-03-31	36571.29
2026-04-01	36787.86
2026-04-02	36945.31
2026-04-03	36953.12
2026-04-04	36953.12
2026-04-05	36953.12
2026-04-06	36923.24
2026-04-07	36878.63
2026-04-08	37319.84
2026-04-09	37243.96
2026-04-10	37248.28
2026-04-11	37248.28
2026-04-12	37248.28
2026-04-13	37520.46
2026-04-14	37608.75
2026-04-15	37727.52
2026-04-16	37911.28
2026-04-17	38100.77
2026-04-18	38100.77
2026-04-19	38100.77
2026-04-20	38300.08
2026-04-21	38245.51
2026-04-22	38429.28
2026-04-23	38245.37
2026-04-24	38506.37
2026-04-25	38506.37
2026-04-26	38506.37
2026-04-27	38337.93
2026-04-28	38178.24
2026-04-29	38162.17
2026-04-30	38199.36
2026-05-01	38244.52
2026-05-02	38244.52
2026-05-03	38244.52
2026-05-04	38256.48
2026-05-05	38486.87
2026-05-06	38842.81
2026-05-07	38683.41
2026-05-08	39003.62
2026-05-09	39003.62
2026-05-10	39003.62
2026-05-11	39055.66
2026-05-12	38866.07
2026-05-13	38857.75
2026-05-14	39437.01
2026-05-15	39219.32
2026-05-16	39219.32
2026-05-17	39219.32
2026-05-18	39054.55
2026-05-19	39024.44
2026-05-20	39111.04
2026-05-21	39332.16
2026-05-22	39668.39
2026-05-23	39668.39
2026-05-24	39668.39
2026-05-25	39635.18
2026-05-26	39835.01
2026-05-27	39863.64
2026-05-28	39984.98
2026-05-29	40277.23
2026-05-30	40277.23
2026-05-31	40277.23
2026-06-01	40835.81
2026-06-02	41051.49
2026-06-03	40902.26
2026-06-04	41023.07
2026-06-05	40187.46
2026-06-06	40187.46
2026-06-07	40187.46
2026-06-08	40244.65
2026-06-09	40187.84
2026-06-10	39575.63
2026-06-11	40131.68
2026-06-12	40335.03
2026-06-13	40335.03
2026-06-14	40335.03
2026-06-15	40721.43
2026-06-16	40437.58
2026-06-17	40205.54
2026-06-18	40528.25
2026-06-19	40684.09
2026-06-20	40684.09
2026-06-21	40684.09
2026-06-22	40906.61
2026-06-23	40539.27
2026-06-24	40641.92
2026-06-25	40487.81
2026-06-26	40279.72
2026-06-27	40279.72
2026-06-28	40279.72
2026-06-29	40637.24
2026-06-30	40846.09
2026-07-01	40620.18
2026-07-02	40166.09
2026-07-03	40233.51
2026-07-04	40233.51
2026-07-05	40233.51
2026-07-06	40491.13
2026-07-07	40002.75
2026-07-08	39890.85
2026-07-09	40133.64
2026-07-10	40242.25
2026-07-11	40242.25
2026-07-12	40242.25
2026-07-13	39861.27
2026-07-14	39796.28
2026-07-15	39560.91
2026-07-16	39314.2
2026-07-17	39072.5
2026-07-18	39072.5
2026-07-19	39072.5
2026-07-20	38972.87
2026-07-21	39375.83
2026-07-22	39456.87
2026-07-23	39334.16
2026-07-24	39136.01
2026-07-25	39136.01
2026-07-26	39136.01
2026-07-27	38990.56
2026-07-28	38648.59
2026-07-29	38300.67
2026-07-30	38929.2
2026-07-31	39031.48
2026-08-01	39031.48
2026-08-02	39031.48
2026-08-03	39527.85
2026-08-04	40000.81
2026-08-05	39976.78
2026-08-06	39900.28
2026-08-07	40086.8
2026-08-08	40086.8
2026-08-09	40086.8
2026-08-10	39999.68
2026-08-11	39948.33
2026-08-12	40219.72
2026-08-13	40338.22
2026-08-14	40333.56
2026-08-15	40333.56
2026-08-16	40333.56
2026-08-17	40126.34
2026-08-18	39763.83
2026-08-19	39513.8
2026-08-20	39437.79
2026-08-21	39401.31
2026-08-22	39401.31
2026-08-23	39401.31
2026-08-24	39162.96
2026-08-25	39427.86
2026-08-26	39404.95
2026-08-27	39716.84
2026-08-28	39420.7
2026-08-29	39420.7
2026-08-30	39420.7
2026-08-31	39443.05
2026-09-01	39100.94
2026-09-02	39122.83
2026-09-03	39445.39
2026-09-04	39477.58
2026-09-05	39477.58
2026-09-06	39477.58
2026-09-07	39463.35
2026-09-08	39392.79
2026-09-09	39323.56
2026-09-10	39155.25
2026-09-11	39379.77
2026-09-12	39379.77
2026-09-13	39379.77
2026-09-14	39076.41
2026-09-15	38997.31
2026-09-16	39095.44
