date	value
2012-04-20	10000.0
2012-04-21	10000.0
2012-04-22	10000.0
2012-04-23	9899.17
2012-04-24	9930.53
2012-04-25	10009.25
2012-04-26	10062.44
2012-04-27	10033.69
2012-04-28	10033.69
2012-04-29	10033.69
2012-04-30	10025.98
2012-05-01	10084.12
2012-05-02	10115.75
2012-05-03	10099.37
2012-05-04	10018.46
2012-05-05	10018.46
2012-05-06	10018.46
2012-05-07	9990.53
2012-05-08	9961.21
2012-05-09	9962.66
2012-05-10	9906.37
2012-05-11	9918.95
2012-05-12	9918.95
2012-05-13	9918.95
2012-05-14	9869.28
2012-05-15	9831.11
2012-05-16	9768.56
2012-05-17	9688.1
2012-05-18	9638.66
2012-05-19	9638.66
2012-05-20	9638.66
2012-05-21	9730.71
2012-05-22	9774.88
2012-05-23	9818.1
2012-05-24	9763.51
2012-05-25	9749.35
2012-05-26	9749.35
2012-05-27	9749.35
2012-05-28	9705.85
2012-05-29	9797.3
2012-05-30	9771.02
2012-05-31	9744.88
2012-06-01	9580.32
2012-06-02	9580.32
2012-06-03	9580.32
2012-06-04	9468.57
2012-06-05	9503.06
2012-06-06	9575.01
2012-06-07	9633.12
2012-06-08	9680.96
2012-06-09	9680.96
2012-06-10	9680.96
2012-06-11	9629.64
2012-06-12	9707.91
2012-06-13	9637.62
2012-06-14	9650.49
2012-06-15	9645.49
2012-06-16	9645.49
2012-06-17	9645.49
2012-06-18	9667.15
2012-06-19	9693.96
2012-06-20	9695.09
2012-06-21	9601.37
2012-06-22	9622.39
2012-06-23	9622.39
2012-06-24	9622.39
2012-06-25	9541.42
2012-06-26	9518.73
2012-06-27	9565.88
2012-06-28	9562.76
2012-06-29	9639.4
2012-06-30	9641.0
2012-07-01	9641.0
2012-07-02	9649.99
2012-07-03	9726.48
2012-07-04	9717.71
2012-07-05	9688.0
2012-07-06	9650.47
2012-07-07	9650.47
2012-07-08	9650.47
2012-07-09	9615.64
2012-07-10	9584.99
2012-07-11	9535.95
2012-07-12	9520.78
2012-07-13	9579.63
2012-07-14	9579.63
2012-07-15	9579.63
2012-07-16	9553.45
2012-07-17	9575.87
2012-07-18	9589.38
2012-07-19	9625.65
2012-07-20	9560.76
2012-07-21	9560.76
2012-07-22	9560.76
2012-07-23	9501.07
2012-07-24	9448.42
2012-07-25	9462.35
2012-07-26	9555.41
2012-07-27	9691.24
2012-07-28	9691.24
2012-07-29	9691.24
2012-07-30	9690.92
2012-07-31	9685.23
2012-08-01	9685.0
2012-08-02	9616.31
2012-08-03	9725.14
2012-08-04	9725.14
2012-08-05	9725.14
2012-08-06	9776.6
2012-08-07	9820.28
2012-08-08	9814.58
2012-08-09	9852.16
2012-08-10	9876.42
2012-08-11	9876.42
2012-08-12	9876.42
2012-08-13	9879.81
2012-08-14	9906.74
2012-08-15	9881.37
2012-08-16	9931.85
2012-08-17	9977.72
2012-08-18	9977.72
2012-08-19	9977.72
2012-08-20	9973.47
2012-08-21	9943.65
2012-08-22	9938.58
2012-08-23	9882.17
2012-08-24	9940.79
2012-08-25	9940.79
2012-08-26	9940.79
2012-08-27	9938.05
2012-08-28	9923.0
2012-08-29	9938.83
2012-08-30	9865.56
2012-08-31	9889.31
2012-09-01	9889.31
2012-09-02	9889.31
2012-09-03	9965.13
2012-09-04	9907.42
2012-09-05	9926.96
2012-09-06	10026.6
2012-09-07	10032.47
2012-09-08	10032.47
2012-09-09	10032.47
2012-09-10	9991.24
2012-09-11	9980.6
2012-09-12	10000.02
2012-09-13	10088.03
2012-09-14	10118.23
2012-09-15	10118.23
2012-09-16	10118.23
2012-09-17	10131.39
2012-09-18	10154.74
2012-09-19	10189.02
2012-09-20	10167.73
2012-09-21	10144.44
2012-09-22	10144.44
2012-09-23	10144.44
2012-09-24	10144.39
2012-09-25	10077.43
2012-09-26	10071.62
2012-09-27	10094.01
2012-09-28	10041.44
2012-09-29	10041.44
2012-09-30	10041.0
2012-10-01	10103.48
2012-10-02	10167.5
2012-10-03	10244.74
2012-10-04	10284.54
2012-10-05	10322.69
2012-10-06	10322.69
2012-10-07	10322.69
2012-10-08	10282.6
2012-10-09	10203.51
2012-10-10	10122.12
2012-10-11	10131.28
2012-10-12	10159.29
2012-10-13	10159.29
2012-10-14	10159.29
2012-10-15	10231.28
2012-10-16	10310.84
2012-10-17	10268.51
2012-10-18	10252.55
2012-10-19	10148.25
2012-10-20	10148.25
2012-10-21	10148.25
2012-10-22	10170.1
2012-10-23	10070.15
2012-10-24	9983.19
2012-10-25	10045.03
2012-10-26	10024.57
2012-10-27	10024.57
2012-10-28	10024.57
2012-10-29	10033.51
2012-10-30	10035.26
2012-10-31	10065.91
2012-11-01	10122.12
2012-11-02	10118.59
2012-11-03	10118.59
2012-11-04	10118.59
2012-11-05	10093.67
2012-11-06	10103.28
2012-11-07	9982.18
2012-11-08	9900.31
2012-11-09	9951.22
2012-11-10	9951.22
2012-11-11	9951.22
2012-11-12	9913.43
2012-11-13	9871.6
2012-11-14	9830.0
2012-11-15	9820.7
2012-11-16	9814.33
2012-11-17	9814.33
2012-11-18	9814.33
2012-11-19	9937.17
2012-11-20	9971.06
2012-11-21	10014.27
2012-11-22	10008.02
2012-11-23	10079.21
2012-11-24	10079.21
2012-11-25	10079.21
2012-11-26	10065.23
2012-11-27	10067.13
2012-11-28	10104.0
2012-11-29	10178.37
2012-11-30	10163.03
2012-12-01	10163.03
2012-12-02	10163.03
2012-12-03	10150.04
2012-12-04	10111.67
2012-12-05	10160.96
2012-12-06	10144.16
2012-12-07	10189.4
2012-12-08	10189.4
2012-12-09	10189.4
2012-12-10	10198.94
2012-12-11	10242.31
2012-12-12	10235.16
2012-12-13	10218.29
2012-12-14	10190.29
2012-12-15	10190.29
2012-12-16	10190.29
2012-12-17	10244.18
2012-12-18	10307.24
2012-12-19	10332.51
2012-12-20	10353.69
2012-12-21	10312.51
2012-12-22	10312.51
2012-12-23	10312.51
2012-12-24	10353.32
2012-12-25	10378.02
2012-12-26	10353.4
2012-12-27	10355.08
2012-12-28	10284.66
2012-12-29	10284.66
2012-12-30	10284.66
2012-12-31	10369.47
2013-01-01	10368.59
2013-01-02	10498.33
2013-01-03	10476.82
2013-01-04	10536.78
2013-01-05	10536.78
2013-01-06	10536.78
2013-01-07	10485.12
2013-01-08	10436.2
2013-01-09	10448.76
2013-01-10	10479.18
2013-01-11	10514.8
2013-01-12	10514.8
2013-01-13	10514.8
2013-01-14	10503.28
2013-01-15	10507.92
2013-01-16	10518.92
2013-01-17	10568.96
2013-01-18	10596.1
2013-01-19	10596.1
2013-01-20	10596.1
2013-01-21	10575.73
2013-01-22	10563.14
2013-01-23	10601.58
2013-01-24	10622.26
2013-01-25	10675.98
2013-01-26	10675.98
2013-01-27	10675.98
2013-01-28	10689.9
2013-01-29	10690.4
2013-01-30	10711.4
2013-01-31	10715.18
2013-02-01	10814.18
2013-02-02	10814.18
2013-02-03	10814.18
2013-02-04	10678.47
2013-02-05	10757.09
2013-02-06	10782.5
2013-02-07	10750.0
2013-02-08	10814.25
2013-02-09	10814.25
2013-02-10	10814.25
2013-02-11	10835.15
2013-02-12	10819.78
2013-02-13	10816.49
2013-02-14	10786.3
2013-02-15	10817.33
2013-02-16	10817.33
2013-02-17	10817.33
2013-02-18	10812.3
2013-02-19	10838.75
2013-02-20	10831.89
2013-02-21	10746.88
2013-02-22	10758.58
2013-02-23	10758.58
2013-02-24	10758.58
2013-02-25	10681.25
2013-02-26	10731.6
2013-02-27	10832.22
2013-02-28	10835.94
2013-03-01	10841.13
2013-03-02	10841.13
2013-03-03	10841.13
2013-03-04	10884.48
2013-03-05	10942.34
2013-03-06	10955.88
2013-03-07	10978.78
2013-03-08	11040.09
2013-03-09	11040.09
2013-03-10	11040.09
2013-03-11	11043.93
2013-03-12	10984.59
2013-03-13	11004.25
2013-03-14	10994.01
2013-03-15	10954.84
2013-03-16	10954.84
2013-03-17	10954.84
2013-03-18	10888.61
2013-03-19	10883.3
2013-03-20	10916.73
2013-03-21	10801.54
2013-03-22	10855.42
2013-03-23	10855.42
2013-03-24	10855.42
2013-03-25	10827.67
2013-03-26	10907.19
2013-03-27	10911.45
2013-03-28	10934.67
2013-03-29	10947.97
2013-03-30	10947.97
2013-03-31	10940.04
2013-04-01	10903.17
2013-04-02	10937.42
2013-04-03	10918.28
2013-04-04	10875.38
2013-04-05	10818.43
2013-04-06	10818.43
2013-04-07	10818.43
2013-04-08	10867.18
2013-04-09	10817.67
2013-04-10	10906.89
2013-04-11	10933.48
2013-04-12	10934.7
2013-04-13	10934.7
2013-04-14	10934.7
2013-04-15	10871.58
2013-04-16	10984.17
2013-04-17	10859.95
2013-04-18	10823.93
2013-04-19	10887.4
2013-04-20	10887.4
2013-04-21	10887.4
2013-04-22	10954.3
2013-04-23	11087.3
2013-04-24	11130.77
2013-04-25	11132.58
2013-04-26	11146.06
2013-04-27	11146.06
2013-04-28	11146.06
2013-04-29	11186.48
2013-04-30	11208.21
2013-05-01	11222.88
2013-05-02	11302.66
2013-05-03	11368.46
2013-05-04	11368.46
2013-05-05	11368.46
2013-05-06	11416.25
2013-05-07	11496.95
2013-05-08	11549.57
2013-05-09	11459.11
2013-05-10	11675.23
2013-05-11	11675.23
2013-05-12	11675.23
2013-05-13	11700.68
2013-05-14	11816.07
2013-05-15	11954.9
2013-05-16	11936.5
2013-05-17	12122.81
2013-05-18	12122.81
2013-05-19	12122.81
2013-05-20	12127.64
2013-05-21	12166.1
2013-05-22	12215.15
2013-05-23	12041.02
2013-05-24	12070.5
2013-05-25	12070.5
2013-05-26	12070.5
2013-05-27	12079.06
2013-05-28	12159.31
2013-05-29	12116.58
2013-05-30	12070.05
2013-05-31	12040.57
2013-06-01	12040.57
2013-06-02	12040.57
2013-06-03	11938.54
2013-06-04	12008.91
2013-06-05	11942.11
2013-06-06	11932.42
2013-06-07	12062.31
2013-06-08	12062.31
2013-06-09	12062.31
2013-06-10	12132.38
2013-06-11	12046.58
2013-06-12	11897.37
2013-06-13	11842.24
2013-06-14	11779.81
2013-06-15	11779.81
2013-06-16	11779.81
2013-06-17	11933.26
2013-06-18	12083.82
2013-06-19	11932.5
2013-06-20	11920.09
2013-06-21	11851.56
2013-06-22	11851.56
2013-06-23	11851.56
2013-06-24	11623.17
2013-06-25	11756.74
2013-06-26	11783.1
2013-06-27	11918.98
2013-06-28	12042.28
2013-06-29	12042.28
2013-06-30	12042.28
2013-07-01	12038.82
2013-07-02	12108.5
2013-07-03	12152.94
2013-07-04	12105.12
2013-07-05	12241.6
2013-07-06	12241.6
2013-07-07	12241.6
2013-07-08	12212.54
2013-07-09	12285.67
2013-07-10	12296.09
2013-07-11	12480.32
2013-07-12	12586.41
2013-07-13	12586.41
2013-07-14	12586.41
2013-07-15	12575.1
2013-07-16	12428.61
2013-07-17	12490.04
2013-07-18	12593.46
2013-07-19	12545.91
2013-07-20	12545.91
2013-07-21	12545.91
2013-07-22	12539.35
2013-07-23	12535.63
2013-07-24	12606.57
2013-07-25	12601.2
2013-07-26	12539.74
2013-07-27	12539.74
2013-07-28	12539.74
2013-07-29	12529.1
2013-07-30	12713.18
2013-07-31	12788.74
2013-08-01	12962.45
2013-08-02	13059.48
2013-08-03	13059.48
2013-08-04	13059.48
2013-08-05	13040.46
2013-08-06	12903.94
2013-08-07	12877.32
2013-08-08	12707.77
2013-08-09	12619.95
2013-08-10	12619.95
2013-08-11	12619.95
2013-08-12	12673.72
2013-08-13	12815.39
2013-08-14	12834.35
2013-08-15	12677.75
2013-08-16	12555.41
2013-08-17	12555.41
2013-08-18	12555.41
2013-08-19	12571.17
2013-08-20	12584.64
2013-08-21	12575.33
2013-08-22	12629.16
2013-08-23	12683.74
2013-08-24	12683.74
2013-08-25	12683.74
2013-08-26	12628.64
2013-08-27	12530.66
2013-08-28	12502.32
2013-08-29	12551.17
2013-08-30	12534.07
2013-08-31	12534.07
2013-09-01	12534.07
2013-09-02	12534.77
2013-09-03	12476.03
2013-09-04	12440.04
2013-09-05	12543.52
2013-09-06	12494.01
2013-09-07	12494.01
2013-09-08	12494.01
2013-09-09	12589.59
2013-09-10	12636.61
2013-09-11	12647.8
2013-09-12	12669.85
2013-09-13	12725.91
2013-09-14	12725.91
2013-09-15	12725.91
2013-09-16	12713.23
2013-09-17	12716.71
2013-09-18	12833.8
2013-09-19	12792.06
2013-09-20	12799.74
2013-09-21	12799.74
2013-09-22	12799.74
2013-09-23	12688.35
2013-09-24	12719.72
2013-09-25	12720.8
2013-09-26	12751.66
2013-09-27	12755.02
2013-09-28	12755.02
2013-09-29	12755.02
2013-09-30	12623.69
2013-10-01	12646.05
2013-10-02	12640.61
2013-10-03	12573.15
2013-10-04	12542.29
2013-10-05	12542.29
2013-10-06	12542.29
2013-10-07	12480.73
2013-10-08	12371.38
2013-10-09	12379.88
2013-10-10	12544.76
2013-10-11	12638.54
2013-10-12	12638.54
2013-10-13	12638.54
2013-10-14	12651.31
2013-10-15	12584.87
2013-10-16	12676.71
2013-10-17	12673.45
2013-10-18	12729.55
2013-10-19	12729.55
2013-10-20	12729.55
2013-10-21	12741.43
2013-10-22	12757.2
2013-10-23	12741.84
2013-10-24	12840.43
2013-10-25	12849.92
2013-10-26	12849.92
2013-10-27	12849.92
2013-10-28	12905.82
2013-10-29	12995.34
2013-10-30	13021.43
2013-10-31	12962.52
2013-11-01	13022.31
2013-11-02	13022.31
2013-11-03	13022.31
2013-11-04	12986.34
2013-11-05	12943.85
2013-11-06	12990.2
2013-11-07	12955.53
2013-11-08	13106.61
2013-11-09	13106.61
2013-11-10	13106.61
2013-11-11	13154.34
2013-11-12	13194.2
2013-11-13	13220.5
2013-11-14	13271.35
2013-11-15	13289.45
2013-11-16	13289.45
2013-11-17	13289.45
2013-11-18	13301.05
2013-11-19	13238.6
2013-11-20	13213.88
2013-11-21	13402.16
2013-11-22	13542.08
2013-11-23	13542.08
2013-11-24	13542.08
2013-11-25	13583.68
2013-11-26	13588.06
2013-11-27	13681.08
2013-11-28	13698.05
2013-11-29	13650.53
2013-11-30	13650.53
2013-12-01	13650.53
2013-12-02	13627.13
2013-12-03	13505.42
2013-12-04	13587.18
2013-12-05	13519.57
2013-12-06	13562.48
2013-12-07	13562.48
2013-12-08	13562.48
2013-12-09	13623.83
2013-12-10	13523.68
2013-12-11	13521.26
2013-12-12	13547.54
2013-12-13	13506.31
2013-12-14	13506.31
2013-12-15	13506.31
2013-12-16	13603.16
2013-12-17	13618.88
2013-12-18	13803.12
2013-12-19	13831.85
2013-12-20	13837.97
2013-12-21	13837.97
2013-12-22	13837.97
2013-12-23	13891.85
2013-12-24	13899.63
2013-12-25	13900.22
2013-12-26	13986.13
2013-12-27	14057.96
2013-12-28	14057.96
2013-12-29	14057.96
2013-12-30	14045.2
2013-12-31	14036.77
2014-01-01	14043.36
2014-01-02	13954.8
2014-01-03	13889.69
2014-01-04	13889.69
2014-01-05	13889.69
2014-01-06	13879.19
2014-01-07	13971.5
2014-01-08	13966.99
2014-01-09	13977.88
2014-01-10	13937.23
2014-01-11	13937.23
2014-01-12	13937.23
2014-01-13	13781.46
2014-01-14	13901.52
2014-01-15	14062.02
2014-01-16	14140.51
2014-01-17	14143.08
2014-01-18	14143.08
2014-01-19	14143.08
2014-01-20	14123.0
2014-01-21	14118.63
2014-01-22	14044.61
2014-01-23	13986.81
2014-01-24	13784.27
2014-01-25	13784.27
2014-01-26	13784.27
2014-01-27	13679.23
2014-01-28	13697.85
2014-01-29	13599.33
2014-01-30	13633.83
2014-01-31	13600.23
2014-02-01	13600.23
2014-02-02	13600.23
2014-02-03	13323.74
2014-02-04	13242.63
2014-02-05	13244.42
2014-02-06	13382.67
2014-02-07	13506.45
2014-02-08	13506.45
2014-02-09	13506.45
2014-02-10	13545.59
2014-02-11	13614.62
2014-02-12	13624.21
2014-02-13	13686.72
2014-02-14	13696.32
2014-02-15	13696.32
2014-02-16	13696.32
2014-02-17	13714.94
2014-02-18	13728.27
2014-02-19	13657.02
2014-02-20	13718.68
2014-02-21	13768.22
2014-02-22	13768.22
2014-02-23	13768.22
2014-02-24	13788.56
2014-02-25	13760.57
2014-02-26	13822.1
2014-02-27	13877.2
2014-02-28	13923.32
2014-03-01	13923.32
2014-03-02	13923.32
2014-03-03	13769.85
2014-03-04	13940.83
2014-03-05	13921.69
2014-03-06	13900.55
2014-03-07	13859.11
2014-03-08	13859.11
2014-03-09	13859.11
2014-03-10	13854.44
2014-03-11	13812.03
2014-03-12	13805.51
2014-03-13	13586.35
2014-03-14	13531.82
2014-03-15	13531.82
2014-03-16	13531.82
2014-03-17	13585.67
2014-03-18	13613.22
2014-03-19	13599.13
2014-03-20	13673.37
2014-03-21	13634.87
2014-03-22	13634.87
2014-03-23	13634.87
2014-03-24	13594.34
2014-03-25	13620.87
2014-03-26	13557.09
2014-03-27	13515.9
2014-03-28	13590.2
2014-03-29	13590.2
2014-03-30	13590.2
2014-03-31	13652.34
2014-04-01	13728.26
2014-04-02	13779.07
2014-04-03	13775.15
2014-04-04	13644.07
2014-04-05	13644.07
2014-04-06	13644.07
2014-04-07	13552.98
2014-04-08	13542.4
2014-04-09	13608.51
2014-04-10	13427.41
2014-04-11	13336.6
2014-04-12	13336.6
2014-04-13	13336.6
2014-04-14	13398.41
2014-04-15	13440.12
2014-04-16	13568.69
2014-04-17	13621.21
2014-04-18	13628.09
2014-04-19	13628.09
2014-04-20	13628.09
2014-04-21	13620.59
2014-04-22	13665.44
2014-04-23	13713.74
2014-04-24	13764.47
2014-04-25	13672.05
2014-04-26	13672.05
2014-04-27	13672.05
2014-04-28	13719.27
2014-04-29	13775.31
2014-04-30	13811.76
2014-05-01	13795.04
2014-05-02	13788.3
2014-05-03	13788.3
2014-05-04	13788.3
2014-05-05	13760.73
2014-05-06	13611.38
2014-05-07	13660.69
2014-05-08	13642.78
2014-05-09	13670.26
2014-05-10	13670.26
2014-05-11	13670.26
2014-05-12	13745.1
2014-05-13	13782.48
2014-05-14	13744.63
2014-05-15	13693.54
2014-05-16	13689.15
2014-05-17	13689.15
2014-05-18	13689.15
2014-05-19	13716.88
2014-05-20	13712.43
2014-05-21	13874.89
2014-05-22	13851.14
2014-05-23	13876.49
2014-05-24	13876.49
2014-05-25	13876.49
2014-05-26	13898.8
2014-05-27	13944.15
2014-05-28	13972.06
2014-05-29	13969.79
2014-05-30	13967.01
2014-05-31	13967.01
2014-06-01	13967.01
2014-06-02	14033.39
2014-06-03	14017.0
2014-06-04	14016.0
2014-06-05	14020.74
2014-06-06	14043.71
2014-06-07	14043.71
2014-06-08	14043.71
2014-06-09	14027.79
2014-06-10	14021.19
2014-06-11	13954.63
2014-06-12	13853.69
2014-06-13	13884.91
2014-06-14	13884.91
2014-06-15	13884.91
2014-06-16	13872.99
2014-06-17	13934.93
2014-06-18	13996.59
2014-06-19	13990.49
2014-06-20	13995.08
2014-06-21	13995.08
2014-06-22	13995.08
2014-06-23	13939.29
2014-06-24	13937.46
2014-06-25	13943.68
2014-06-26	13909.32
2014-06-27	13910.3
2014-06-28	13910.3
2014-06-29	13910.3
2014-06-30	13893.24
2014-07-01	13931.51
2014-07-02	14005.14
2014-07-03	14136.21
2014-07-04	14139.7
2014-07-05	14139.7
2014-07-06	14139.7
2014-07-07	14078.23
2014-07-08	13960.07
2014-07-09	13978.97
2014-07-10	13924.44
2014-07-11	13947.22
2014-07-12	13947.22
2014-07-13	13947.22
2014-07-14	14027.87
2014-07-15	14043.37
2014-07-16	14142.55
2014-07-17	13982.6
2014-07-18	14016.85
2014-07-19	14016.85
2014-07-20	14016.85
2014-07-21	13970.52
2014-07-22	14035.15
2014-07-23	14008.32
2014-07-24	14009.52
2014-07-25	13947.83
2014-07-26	13947.83
2014-07-27	13947.83
2014-07-28	13941.66
2014-07-29	13952.93
2014-07-30	13985.58
2014-07-31	13812.78
2014-08-01	13728.0
2014-08-02	13728.0
2014-08-03	13728.0
2014-08-04	13745.64
2014-08-05	13672.23
2014-08-06	13672.16
2014-08-07	13643.28
2014-08-08	13700.86
2014-08-09	13700.86
2014-08-10	13700.86
2014-08-11	13764.96
2014-08-12	13753.5
2014-08-13	13816.17
2014-08-14	13861.04
2014-08-15	13831.76
2014-08-16	13831.76
2014-08-17	13831.76
2014-08-18	13921.37
2014-08-19	13979.66
2014-08-20	14008.45
2014-08-21	14065.85
2014-08-22	14035.79
2014-08-23	14035.79
2014-08-24	14035.79
2014-08-25	14108.94
2014-08-26	14103.52
2014-08-27	14070.04
2014-08-28	14011.33
2014-08-29	14017.98
2014-08-30	14017.98
2014-08-31	14017.98
2014-09-01	14042.07
2014-09-02	14094.01
2014-09-03	14069.5
2014-09-04	14042.57
2014-09-05	14055.86
2014-09-06	14055.86
2014-09-07	14055.86
2014-09-08	14070.89
2014-09-09	14113.66
2014-09-10	14217.88
2014-09-11	14278.7
2014-09-12	14318.96
2014-09-13	14318.96
2014-09-14	14318.96
2014-09-15	14331.18
2014-09-16	14358.34
2014-09-17	14348.16
2014-09-18	14493.8
2014-09-19	14536.6
2014-09-20	14536.6
2014-09-21	14536.6
2014-09-22	14521.59
2014-09-23	14470.44
2014-09-24	14517.65
2014-09-25	14400.77
2014-09-26	14509.73
2014-09-27	14509.73
2014-09-28	14509.73
2014-09-29	14498.43
2014-09-30	14475.76
2014-10-01	14371.87
2014-10-02	14241.23
2014-10-03	14442.4
2014-10-04	14442.4
2014-10-05	14442.4
2014-10-06	14378.47
2014-10-07	14143.65
2014-10-08	14332.97
2014-10-09	14101.38
2014-10-10	14037.11
2014-10-11	14037.11
2014-10-12	14037.11
2014-10-13	13925.49
2014-10-14	13964.59
2014-10-15	13770.72
2014-10-16	13735.79
2014-10-17	13897.95
2014-10-18	13897.95
2014-10-19	13897.95
2014-10-20	13937.85
2014-10-21	14079.71
2014-10-22	14059.22
2014-10-23	14210.94
2014-10-24	14225.15
2014-10-25	14225.15
2014-10-26	14225.15
2014-10-27	14226.55
2014-10-28	14309.71
2014-10-29	14283.46
2014-10-30	14424.29
2014-10-31	14638.89
2014-11-01	14638.89
2014-11-02	14638.89
2014-11-03	14718.89
2014-11-04	14710.63
2014-11-05	14915.55
2014-11-06	14954.1
2014-11-07	14892.0
2014-11-08	14892.0
2014-11-09	14892.0
2014-11-10	14927.01
2014-11-11	14938.76
2014-11-12	14861.92
2014-11-13	14922.65
2014-11-14	14938.99
2014-11-15	14938.99
2014-11-16	14938.99
2014-11-17	14958.33
2014-11-18	15039.15
2014-11-19	15133.29
2014-11-20	15172.04
2014-11-21	15180.15
2014-11-22	15180.15
2014-11-23	15180.15
2014-11-24	15304.75
2014-11-25	15419.82
2014-11-26	15453.07
2014-11-27	15447.57
2014-11-28	15519.03
2014-11-29	15519.03
2014-11-30	15519.03
2014-12-01	15501.57
2014-12-02	15574.11
2014-12-03	15606.09
2014-12-04	15646.4
2014-12-05	15788.18
2014-12-06	15788.18
2014-12-07	15788.18
2014-12-08	15733.28
2014-12-09	15611.06
2014-12-10	15469.46
2014-12-11	15572.03
2014-12-12	15363.9
2014-12-13	15363.9
2014-12-14	15363.9
2014-12-15	15207.76
2014-12-16	15156.36
2014-12-17	15313.35
2014-12-18	15586.7
2014-12-19	15710.72
2014-12-20	15710.72
2014-12-21	15710.72
2014-12-22	15804.75
2014-12-23	15895.29
2014-12-24	15907.54
2014-12-25	15903.76
2014-12-26	15920.8
2014-12-27	15920.8
2014-12-28	15920.8
2014-12-29	15893.66
2014-12-30	15735.52
2014-12-31	15662.77
2015-01-01	15662.73
2015-01-02	15672.53
2015-01-03	15672.53
2015-01-04	15672.53
2015-01-05	15448.12
2015-01-06	15273.71
2015-01-07	15497.01
2015-01-08	15676.09
2015-01-09	15498.08
2015-01-10	15498.08
2015-01-11	15498.08
2015-01-12	15497.42
2015-01-13	15546.15
2015-01-14	15431.14
2015-01-15	15330.1
2015-01-16	15394.06
2015-01-17	15394.06
2015-01-18	15394.06
2015-01-19	15394.18
2015-01-20	15484.31
2015-01-21	15585.0
2015-01-22	15798.75
2015-01-23	16006.73
2015-01-24	16006.73
2015-01-25	16006.73
2015-01-26	16074.62
2015-01-27	15895.25
2015-01-28	15788.93
2015-01-29	16127.01
2015-01-30	15942.09
2015-01-31	15942.09
2015-02-01	15942.09
2015-02-02	16040.0
2015-02-03	16363.47
2015-02-04	16316.76
2015-02-05	16352.45
2015-02-06	16301.56
2015-02-07	16301.56
2015-02-08	16301.56
2015-02-09	16224.29
2015-02-10	16421.06
2015-02-11	16507.75
2015-02-12	16647.86
2015-02-13	16630.68
2015-02-14	16630.68
2015-02-15	16630.68
2015-02-16	16617.14
2015-02-17	16619.97
2015-02-18	16652.77
2015-02-19	16703.31
2015-02-20	16726.47
2015-02-21	16726.47
2015-02-22	16726.47
2015-02-23	16749.81
2015-02-24	16763.27
2015-02-25	16657.9
2015-02-26	16785.73
2015-02-27	16779.21
2015-02-28	16779.21
2015-03-01	16779.21
2015-03-02	16936.88
2015-03-03	16811.31
2015-03-04	16777.7
2015-03-05	16857.54
2015-03-06	16790.18
2015-03-07	16790.18
2015-03-08	16790.18
2015-03-09	16815.28
2015-03-10	16671.53
2015-03-11	16751.4
2015-03-12	16732.75
2015-03-13	16784.76
2015-03-14	16784.76
2015-03-15	16784.76
2015-03-16	16918.54
2015-03-17	16921.27
2015-03-18	16964.83
2015-03-19	16987.46
2015-03-20	16915.98
2015-03-21	16915.98
2015-03-22	16915.98
2015-03-23	16775.89
2015-03-24	16713.19
2015-03-25	16553.47
2015-03-26	16500.46
2015-03-27	16651.01
2015-03-28	16651.01
2015-03-29	16651.01
2015-03-30	16929.08
2015-03-31	16790.93
2015-04-01	16799.73
2015-04-02	16931.6
2015-04-03	16846.47
2015-04-04	16846.47
2015-04-05	16846.47
2015-04-06	16900.28
2015-04-07	16928.78
2015-04-08	16894.64
2015-04-09	16999.94
2015-04-10	17146.2
2015-04-11	17146.2
2015-04-12	17146.2
2015-04-13	17233.33
2015-04-14	17141.05
2015-04-15	17231.17
2015-04-16	16996.2
2015-04-17	16847.27
2015-04-18	16847.27
2015-04-19	16847.27
2015-04-20	16997.53
2015-04-21	16987.44
2015-04-22	17022.83
2015-04-23	17009.65
2015-04-24	17016.64
2015-04-25	17016.64
2015-04-26	17016.64
2015-04-27	17002.79
2015-04-28	16807.38
2015-04-29	16608.44
2015-04-30	16741.03
2015-05-01	16916.19
2015-05-02	16916.19
2015-05-03	16916.19
2015-05-04	16936.64
2015-05-05	16663.11
2015-05-06	16496.99
2015-05-07	16656.67
2015-05-08	16925.97
2015-05-09	16925.97
2015-05-10	16925.97
2015-05-11	16852.62
2015-05-12	16729.58
2015-05-13	16565.81
2015-05-14	16705.64
2015-05-15	16781.78
2015-05-16	16781.78
2015-05-17	16781.78
2015-05-18	16902.79
2015-05-19	17076.8
2015-05-20	17159.04
2015-05-21	17187.23
2015-05-22	17208.7
2015-05-23	17208.7
2015-05-24	17208.7
2015-05-25	17218.4
2015-05-26	17204.27
2015-05-27	17331.67
2015-05-28	17442.6
2015-05-29	17292.98
2015-05-30	17292.98
2015-05-31	17292.98
2015-06-01	17364.82
2015-06-02	17141.07
2015-06-03	17115.51
2015-06-04	17201.12
2015-06-05	17151.53
2015-06-06	17151.53
2015-06-07	17151.53
2015-06-08	17065.2
2015-06-09	16902.24
2015-06-10	17065.37
2015-06-11	17170.02
2015-06-12	17059.18
2015-06-13	17059.18
2015-06-14	17059.18
2015-06-15	16874.58
2015-06-16	16955.81
2015-06-17	17055.18
2015-06-18	16988.69
2015-06-19	16998.8
2015-06-20	16998.8
2015-06-21	16998.8
2015-06-22	17216.93
2015-06-23	17284.97
2015-06-24	17233.07
2015-06-25	17119.63
2015-06-26	17237.85
2015-06-27	17237.85
2015-06-28	17237.85
2015-06-29	16877.28
2015-06-30	16825.76
2015-07-01	16968.55
2015-07-02	17018.31
2015-07-03	17157.71
2015-07-04	17157.71
2015-07-05	17157.71
2015-07-06	17032.63
2015-07-07	17172.51
2015-07-08	16913.95
2015-07-09	17067.49
2015-07-10	17310.54
2015-07-11	17310.54
2015-07-12	17310.54
2015-07-13	17534.07
2015-07-14	17514.33
2015-07-15	17557.64
2015-07-16	17676.69
2015-07-17	17790.45
2015-07-18	17790.45
2015-07-19	17790.45
2015-07-20	17841.67
2015-07-21	17687.47
2015-07-22	17666.38
2015-07-23	17653.61
2015-07-24	17647.23
2015-07-25	17647.23
2015-07-26	17647.23
2015-07-27	17501.2
2015-07-28	17607.0
2015-07-29	17701.2
2015-07-30	17747.19
2015-07-31	17653.47
2015-08-01	17653.47
2015-08-02	17653.47
2015-08-03	17731.97
2015-08-04	17514.24
2015-08-05	17667.44
2015-08-06	17590.59
2015-08-07	17475.72
2015-08-08	17475.72
2015-08-09	17475.72
2015-08-10	17604.78
2015-08-11	17549.84
2015-08-12	17294.82
2015-08-13	17321.47
2015-08-14	17350.78
2015-08-15	17350.78
2015-08-16	17350.78
2015-08-17	17362.19
2015-08-18	17382.64
2015-08-19	17259.97
2015-08-20	16938.31
2015-08-21	16488.61
2015-08-22	16488.61
2015-08-23	16488.61
2015-08-24	16135.83
2015-08-25	16096.67
2015-08-26	16596.3
2015-08-27	16804.45
2015-08-28	16858.07
2015-08-29	16858.07
2015-08-30	16858.07
2015-08-31	16826.74
2015-09-01	16490.72
2015-09-02	16686.19
2015-09-03	16726.41
2015-09-04	16607.6
2015-09-05	16607.6
2015-09-06	16607.6
2015-09-07	16639.46
2015-09-08	16838.69
2015-09-09	16790.09
2015-09-10	16723.9
2015-09-11	16741.87
2015-09-12	16741.87
2015-09-13	16741.87
2015-09-14	16547.85
2015-09-15	16811.43
2015-09-16	16808.82
2015-09-17	16858.88
2015-09-18	16519.64
2015-09-19	16519.64
2015-09-20	16519.64
2015-09-21	16642.68
2015-09-22	16539.06
2015-09-23	16571.76
2015-09-24	16501.49
2015-09-25	16588.86
2015-09-26	16588.86
2015-09-27	16588.86
2015-09-28	16358.92
2015-09-29	16233.2
2015-09-30	16490.67
2015-10-01	16494.31
2015-10-02	16704.12
2015-10-03	16704.12
2015-10-04	16704.12
2015-10-05	16902.66
2015-10-06	16843.12
2015-10-07	16749.58
2015-10-08	16837.07
2015-10-09	16721.52
2015-10-10	16721.52
2015-10-11	16721.52
2015-10-12	16707.83
2015-10-13	16733.26
2015-10-14	16664.99
2015-10-15	16827.17
2015-10-16	17015.77
2015-10-17	17015.77
2015-10-18	17015.77
2015-10-19	17031.62
2015-10-20	17006.25
2015-10-21	17064.27
2015-10-22	17277.5
2015-10-23	17508.11
2015-10-24	17508.11
2015-10-25	17508.11
2015-10-26	17461.5
2015-10-27	17443.65
2015-10-28	17742.84
2015-10-29	17828.9
2015-10-30	17673.48
2015-10-31	17673.48
2015-11-01	17673.48
2015-11-02	17713.37
2015-11-03	17720.37
2015-11-04	17757.79
2015-11-05	17804.49
2015-11-06	17985.41
2015-11-07	17985.41
2015-11-08	17985.41
2015-11-09	17865.38
2015-11-10	17926.31
2015-11-11	17911.37
2015-11-12	17650.77
2015-11-13	17486.53
2015-11-14	17486.53
2015-11-15	17486.53
2015-11-16	17635.76
2015-11-17	17626.65
2015-11-18	17869.86
2015-11-19	17725.59
2015-11-20	17720.11
2015-11-21	17720.11
2015-11-22	17720.11
2015-11-23	17733.79
2015-11-24	17604.32
2015-11-25	17617.31
2015-11-26	17661.83
2015-11-27	17710.49
2015-11-28	17710.49
2015-11-29	17710.49
2015-11-30	17529.51
2015-12-01	17577.87
2015-12-02	17473.09
2015-12-03	17342.95
2015-12-04	17421.93
2015-12-05	17421.93
2015-12-06	17421.93
2015-12-07	17532.2
2015-12-08	17483.7
2015-12-09	17373.65
2015-12-10	17263.21
2015-12-11	17172.95
2015-12-12	17172.95
2015-12-13	17172.95
2015-12-14	17070.89
2015-12-15	17315.95
2015-12-16	17536.47
2015-12-17	17554.59
2015-12-18	17171.37
2015-12-19	17171.37
2015-12-20	17171.37
2015-12-21	17202.74
2015-12-22	17202.73
2015-12-23	17381.05
2015-12-24	17318.85
2015-12-25	17309.5
2015-12-26	17309.5
2015-12-27	17309.5
2015-12-28	17326.55
2015-12-29	17444.36
2015-12-30	17377.01
2015-12-31	17251.12
2016-01-01	17251.12
2016-01-02	17251.12
2016-01-03	17251.12
2016-01-04	17141.77
2016-01-05	17173.36
2016-01-06	17107.02
2016-01-07	16800.63
2016-01-08	16741.35
2016-01-09	16741.35
2016-01-10	16741.35
2016-01-11	16694.91
2016-01-12	16784.46
2016-01-13	16597.33
2016-01-14	16700.87
2016-01-15	16524.55
2016-01-16	16524.55
2016-01-17	16524.55
2016-01-18	16490.82
2016-01-19	16519.95
2016-01-20	16372.18
2016-01-21	16222.23
2016-01-22	16451.93
2016-01-23	16451.93
2016-01-24	16451.93
2016-01-25	16437.05
2016-01-26	16521.45
2016-01-27	16407.55
2016-01-28	16348.77
2016-01-29	16708.92
2016-01-30	16708.92
2016-01-31	16708.92
2016-02-01	16728.91
2016-02-02	16518.13
2016-02-03	16399.34
2016-02-04	16159.06
2016-02-05	16138.18
2016-02-06	16138.18
2016-02-07	16138.18
2016-02-08	15956.13
2016-02-09	15881.09
2016-02-10	15824.45
2016-02-11	15630.88
2016-02-12	15773.68
2016-02-13	15773.68
2016-02-14	15773.68
2016-02-15	15840.88
2016-02-16	16069.31
2016-02-17	16138.84
2016-02-18	16105.07
2016-02-19	16172.74
2016-02-20	16172.74
2016-02-21	16172.74
2016-02-22	16107.61
2016-02-23	15980.08
2016-02-24	15976.72
2016-02-25	16103.8
2016-02-26	16174.87
2016-02-27	16174.87
2016-02-28	16174.87
2016-02-29	16120.76
2016-03-01	16416.49
2016-03-02	16333.65
2016-03-03	16222.24
2016-03-04	16247.63
2016-03-05	16247.63
2016-03-06	16247.63
2016-03-07	16103.14
2016-03-08	16036.35
2016-03-09	15977.65
2016-03-10	16050.3
2016-03-11	16139.26
2016-03-12	16139.26
2016-03-13	16139.26
2016-03-14	16233.25
2016-03-15	16271.26
2016-03-16	16317.76
2016-03-17	16183.12
2016-03-18	16249.88
2016-03-19	16249.88
2016-03-20	16249.88
2016-03-21	16291.39
2016-03-22	16220.22
2016-03-23	16323.81
2016-03-24	16266.27
2016-03-25	16282.58
2016-03-26	16282.58
2016-03-27	16282.58
2016-03-28	16248.48
2016-03-29	16315.38
2016-03-30	16263.14
2016-03-31	16225.91
2016-04-01	16264.72
2016-04-02	16264.72
2016-04-03	16264.72
2016-04-04	16294.55
2016-04-05	16252.0
2016-04-06	16329.61
2016-04-07	16285.48
2016-04-08	16252.22
2016-04-09	16252.22
2016-04-10	16252.22
2016-04-11	16187.72
2016-04-12	16268.96
2016-04-13	16467.08
2016-04-14	16444.55
2016-04-15	16419.26
2016-04-16	16419.26
2016-04-17	16419.26
2016-04-18	16366.81
2016-04-19	16469.16
2016-04-20	16475.02
2016-04-21	16470.72
2016-04-22	16452.94
2016-04-23	16452.94
2016-04-24	16452.94
2016-04-25	16429.55
2016-04-26	16367.85
2016-04-27	16573.9
2016-04-28	16390.12
2016-04-29	16308.43
2016-04-30	16308.43
2016-05-01	16308.43
2016-05-02	16350.6
2016-05-03	16421.6
2016-05-04	16380.36
2016-05-05	16359.74
2016-05-06	16567.33
2016-05-07	16567.33
2016-05-08	16567.33
2016-05-09	16659.29
2016-05-10	16782.56
2016-05-11	16677.26
2016-05-12	16733.9
2016-05-13	16730.82
2016-05-14	16730.82
2016-05-15	16730.82
2016-05-16	16773.79
2016-05-17	16637.22
2016-05-18	16805.89
2016-05-19	16774.05
2016-05-20	16817.18
2016-05-21	16817.18
2016-05-22	16817.18
2016-05-23	16802.54
2016-05-24	17016.8
2016-05-25	17151.33
2016-05-26	17130.14
2016-05-27	17227.63
2016-05-28	17227.63
2016-05-29	17227.63
2016-05-30	17269.08
2016-05-31	17112.45
2016-06-01	17240.09
2016-06-02	17246.4
2016-06-03	17075.28
2016-06-04	17075.28
2016-06-05	17075.28
2016-06-06	17062.3
2016-06-07	16982.54
2016-06-08	17012.62
2016-06-09	16972.14
2016-06-10	16836.18
2016-06-11	16836.18
2016-06-12	16836.18
2016-06-13	16639.61
2016-06-14	16605.07
2016-06-15	16535.4
2016-06-16	16672.52
2016-06-17	16539.96
2016-06-18	16539.96
2016-06-19	16539.96
2016-06-20	16649.2
2016-06-21	16754.34
2016-06-22	16675.16
2016-06-23	16757.38
2016-06-24	16175.83
2016-06-25	16175.83
2016-06-26	16175.83
2016-06-27	16092.99
2016-06-28	16325.67
2016-06-29	16511.91
2016-06-30	16676.37
2016-07-01	16663.1
2016-07-02	16663.1
2016-07-03	16663.1
2016-07-04	16574.97
2016-07-05	16583.29
2016-07-06	16505.65
2016-07-07	16532.67
2016-07-08	16616.02
2016-07-09	16616.02
2016-07-10	16616.02
2016-07-11	16774.48
2016-07-12	16767.6
2016-07-13	16800.32
2016-07-14	16892.89
2016-07-15	16975.11
2016-07-16	16975.11
2016-07-17	16975.11
2016-07-18	17018.41
2016-07-19	17151.11
2016-07-20	17235.99
2016-07-21	17178.51
2016-07-22	17283.95
2016-07-23	17283.95
2016-07-24	17283.95
2016-07-25	17233.37
2016-07-26	17161.16
2016-07-27	17258.08
2016-07-28	17215.38
2016-07-29	17157.02
2016-07-30	17157.02
2016-07-31	17157.02
2016-08-01	17239.34
2016-08-02	17051.18
2016-08-03	17064.41
2016-08-04	17044.38
2016-08-05	17207.97
2016-08-06	17207.97
2016-08-07	17207.97
2016-08-08	17143.03
2016-08-09	17187.7
2016-08-10	17109.41
2016-08-11	17196.87
2016-08-12	17219.97
2016-08-13	17219.97
2016-08-14	17219.97
2016-08-15	17265.38
2016-08-16	17200.68
2016-08-17	17292.33
2016-08-18	17229.25
2016-08-19	17307.48
2016-08-20	17307.48
2016-08-21	17307.48
2016-08-22	17273.35
2016-08-23	17286.17
2016-08-24	17308.89
2016-08-25	17283.87
2016-08-26	17215.09
2016-08-27	17215.09
2016-08-28	17215.09
2016-08-29	17396.7
2016-08-30	17485.31
2016-08-31	17445.73
2016-09-01	17413.78
2016-09-02	17498.65
2016-09-03	17498.65
2016-09-04	17498.65
2016-09-05	17462.58
2016-09-06	17372.86
2016-09-07	17371.9
2016-09-08	17297.35
2016-09-09	17192.23
2016-09-10	17192.23
2016-09-11	17192.23
2016-09-12	17360.02
2016-09-13	17267.01
2016-09-14	17294.82
2016-09-15	17349.27
2016-09-16	17311.08
2016-09-17	17311.08
2016-09-18	17311.08
2016-09-19	17235.63
2016-09-20	17306.1
2016-09-21	17399.4
2016-09-22	17432.98
2016-09-23	17383.22
2016-09-24	17383.22
2016-09-25	17383.22
2016-09-26	17198.92
2016-09-27	17273.82
2016-09-28	17314.87
2016-09-29	17179.56
2016-09-30	17275.05
2016-10-01	17275.05
2016-10-02	17275.05
2016-10-03	17254.27
2016-10-04	17290.5
2016-10-05	17395.72
2016-10-06	17445.92
2016-10-07	17367.78
2016-10-08	17367.78
2016-10-09	17367.78
2016-10-10	17393.36
2016-10-11	17369.28
2016-10-12	17288.15
2016-10-13	17226.7
2016-10-14	17176.34
2016-10-15	17176.34
2016-10-16	17176.34
2016-10-17	17129.17
2016-10-18	17158.28
2016-10-19	17147.06
2016-10-20	17208.81
2016-10-21	17230.66
2016-10-22	17230.66
2016-10-23	17230.66
2016-10-24	17285.68
2016-10-25	17201.83
2016-10-26	17142.26
2016-10-27	17201.3
2016-10-28	17220.09
2016-10-29	17220.09
2016-10-30	17220.09
2016-10-31	17149.85
2016-11-01	17005.28
2016-11-02	16895.0
2016-11-03	16805.43
2016-11-04	16760.05
2016-11-05	16760.05
2016-11-06	16760.05
2016-11-07	16984.05
2016-11-08	17026.34
2016-11-09	17130.92
2016-11-10	17308.31
2016-11-11	17350.84
2016-11-12	17350.84
2016-11-13	17350.84
2016-11-14	17311.84
2016-11-15	17374.86
2016-11-16	17470.24
2016-11-17	17555.26
2016-11-18	17661.3
2016-11-19	17661.3
2016-11-20	17661.3
2016-11-21	17725.33
2016-11-22	17685.37
2016-11-23	17627.58
2016-11-24	17637.27
2016-11-25	17696.04
2016-11-26	17696.04
2016-11-27	17696.04
2016-11-28	17538.19
2016-11-29	17589.92
2016-11-30	17656.52
2016-12-01	17589.23
2016-12-02	17515.02
2016-12-03	17515.02
2016-12-04	17515.02
2016-12-05	17591.15
2016-12-06	17651.33
2016-12-07	17790.42
2016-12-08	17890.48
2016-12-09	18017.81
2016-12-10	18017.81
2016-12-11	18017.81
2016-12-12	17942.38
2016-12-13	18074.9
2016-12-14	17990.41
2016-12-15	18228.08
2016-12-16	18317.73
2016-12-17	18317.73
2016-12-18	18317.73
2016-12-19	18386.72
2016-12-20	18448.43
2016-12-21	18406.87
2016-12-22	18444.78
2016-12-23	18536.01
2016-12-24	18536.01
2016-12-25	18536.01
2016-12-26	18533.03
2016-12-27	18516.5
2016-12-28	18455.2
2016-12-29	18385.34
2016-12-30	18333.65
2016-12-31	18333.65
2017-01-01	18333.65
2017-01-02	18355.35
2017-01-03	18453.65
2017-01-04	18455.43
2017-01-05	18429.87
2017-01-06	18535.44
2017-01-07	18535.44
2017-01-08	18535.44
2017-01-09	18479.68
2017-01-10	18430.51
2017-01-11	18467.11
2017-01-12	18270.67
2017-01-13	18316.98
2017-01-14	18316.98
2017-01-15	18316.98
2017-01-16	18305.14
2017-01-17	18147.6
2017-01-18	18154.38
2017-01-19	18135.1
2017-01-20	18179.38
2017-01-21	18179.38
2017-01-22	18179.38
2017-01-23	18113.49
2017-01-24	18162.68
2017-01-25	18400.89
2017-01-26	18401.61
2017-01-27	18402.64
2017-01-28	18402.64
2017-01-29	18402.64
2017-01-30	18286.57
2017-01-31	18168.56
2017-02-01	18241.95
2017-02-02	18060.18
2017-02-03	18183.74
2017-02-04	18183.74
2017-02-05	18183.74
2017-02-06	18233.18
2017-02-07	18253.36
2017-02-08	18254.22
2017-02-09	18353.15
2017-02-10	18318.48
2017-02-11	18318.48
2017-02-12	18318.48
2017-02-13	18470.35
2017-02-14	18521.54
2017-02-15	18548.8
2017-02-16	18571.78
2017-02-17	18677.0
2017-02-18	18677.0
2017-02-19	18677.0
2017-02-20	18630.96
2017-02-21	18751.1
2017-02-22	18770.83
2017-02-23	18727.85
2017-02-24	18756.23
2017-02-25	18756.23
2017-02-26	18756.23
2017-02-27	18747.18
2017-02-28	18732.5
2017-03-01	18996.0
2017-03-02	19061.05
2017-03-03	19106.77
2017-03-04	19106.77
2017-03-05	19106.77
2017-03-06	19022.09
2017-03-07	18982.72
2017-03-08	19056.64
2017-03-09	19169.92
2017-03-10	19189.57
2017-03-11	19189.57
2017-03-12	19189.57
2017-03-13	19139.16
2017-03-14	19130.91
2017-03-15	19173.28
2017-03-16	19106.05
2017-03-17	19063.8
2017-03-18	19063.8
2017-03-19	19063.8
2017-03-20	18999.71
2017-03-21	18855.25
2017-03-22	18879.3
2017-03-23	18947.16
2017-03-24	19000.04
2017-03-25	19000.04
2017-03-26	19000.04
2017-03-27	18995.44
2017-03-28	19061.88
2017-03-29	19048.26
2017-03-30	19078.52
2017-03-31	19085.96
2017-04-01	19085.96
2017-04-02	19085.96
2017-04-03	19113.13
2017-04-04	19182.34
2017-04-05	19081.11
2017-04-06	19109.17
2017-04-07	19167.78
2017-04-08	19167.78
2017-04-09	19167.78
2017-04-10	19185.51
2017-04-11	19212.96
2017-04-12	19151.7
2017-04-13	18938.84
2017-04-14	18929.07
2017-04-15	18929.07
2017-04-16	18929.07
2017-04-17	19025.47
2017-04-18	19061.72
2017-04-19	19086.69
2017-04-20	19186.75
2017-04-21	19149.46
2017-04-22	19149.46
2017-04-23	19149.46
2017-04-24	19378.06
2017-04-25	19542.78
2017-04-26	19661.37
2017-04-27	19747.22
2017-04-28	19683.0
2017-04-29	19683.0
2017-04-30	19683.0
2017-05-01	19627.49
2017-05-02	19705.41
2017-05-03	19817.18
2017-05-04	19967.27
2017-05-05	20005.35
2017-05-06	20005.35
2017-05-07	20005.35
2017-05-08	20066.22
2017-05-09	20100.03
2017-05-10	20036.11
2017-05-11	20074.86
2017-05-12	20058.1
2017-05-13	20058.1
2017-05-14	20058.1
2017-05-15	20086.32
2017-05-16	20125.1
2017-05-17	19860.06
2017-05-18	19848.8
2017-05-19	19912.16
2017-05-20	19912.16
2017-05-21	19912.16
2017-05-22	19929.76
2017-05-23	19938.94
2017-05-24	20039.02
2017-05-25	20103.73
2017-05-26	20139.87
2017-05-27	20139.87
2017-05-28	20139.87
2017-05-29	20144.0
2017-05-30	20118.39
2017-05-31	20147.04
2017-06-01	20326.08
2017-06-02	20400.0
2017-06-03	20400.0
2017-06-04	20400.0
2017-06-05	20320.49
2017-06-06	20180.46
2017-06-07	20133.89
2017-06-08	20134.29
2017-06-09	20138.73
2017-06-10	20138.73
2017-06-11	20138.73
2017-06-12	20069.6
2017-06-13	20175.34
2017-06-14	20072.36
2017-06-15	20065.25
2017-06-16	20029.23
2017-06-17	20029.23
2017-06-18	20029.23
2017-06-19	20250.79
2017-06-20	20208.03
2017-06-21	20231.49
2017-06-22	20265.92
2017-06-23	20261.59
2017-06-24	20261.59
2017-06-25	20261.59
2017-06-26	20352.96
2017-06-27	20222.14
2017-06-28	20295.76
2017-06-29	20032.23
2017-06-30	20044.97
2017-07-01	20044.97
2017-07-02	20044.97
2017-07-03	20119.42
2017-07-04	20138.96
2017-07-05	20250.11
2017-07-06	20115.41
2017-07-07	20137.4
2017-07-08	20137.4
2017-07-09	20137.4
2017-07-10	20193.76
2017-07-11	20149.88
2017-07-12	20181.21
2017-07-13	20135.64
2017-07-14	20059.77
2017-07-15	20059.77
2017-07-16	20059.77
2017-07-17	20052.17
2017-07-18	19912.79
2017-07-19	19954.39
2017-07-20	19977.82
2017-07-21	19986.46
2017-07-22	19986.46
2017-07-23	19986.46
2017-07-24	19920.2
2017-07-25	19932.04
2017-07-26	19971.42
2017-07-27	19902.74
2017-07-28	19787.88
2017-07-29	19787.88
2017-07-30	19787.88
2017-07-31	19814.82
2017-08-01	19896.34
2017-08-02	19933.63
2017-08-03	19948.7
2017-08-04	20047.58
2017-08-05	20047.58
2017-08-06	20047.58
2017-08-07	20091.87
2017-08-08	20099.67
2017-08-09	20050.84
2017-08-10	19877.63
2017-08-11	19903.59
2017-08-12	19903.59
2017-08-13	19903.59
2017-08-14	20061.41
2017-08-15	20166.11
2017-08-16	20091.21
2017-08-17	19891.01
2017-08-18	19828.3
2017-08-19	19828.3
2017-08-20	19828.3
2017-08-21	19769.91
2017-08-22	19947.45
2017-08-23	19938.05
2017-08-24	19914.7
2017-08-25	19879.55
2017-08-26	19879.55
2017-08-27	19879.55
2017-08-28	19882.17
2017-08-29	19831.15
2017-08-30	19971.32
2017-08-31	20044.58
2017-09-01	20021.66
2017-09-02	20021.66
2017-09-03	20021.66
2017-09-04	20037.37
2017-09-05	19804.19
2017-09-06	19895.5
2017-09-07	19854.95
2017-09-08	19796.49
2017-09-09	19796.49
2017-09-10	19796.49
2017-09-11	20051.75
2017-09-12	20124.61
2017-09-13	20192.69
2017-09-14	20225.2
2017-09-15	20190.8
2017-09-16	20190.8
2017-09-17	20190.8
2017-09-18	20283.87
2017-09-19	20296.32
2017-09-20	20197.56
2017-09-21	20354.84
2017-09-22	20264.96
2017-09-23	20264.96
2017-09-24	20264.96
2017-09-25	20239.8
2017-09-26	20307.44
2017-09-27	20368.14
2017-09-28	20482.96
2017-09-29	20553.23
2017-09-30	20553.23
2017-10-01	20553.23
2017-10-02	20653.16
2017-10-03	20688.96
2017-10-04	20650.43
2017-10-05	20816.19
2017-10-06	20906.44
2017-10-07	20906.44
2017-10-08	20906.44
2017-10-09	20887.13
2017-10-10	20888.05
2017-10-11	20962.35
2017-10-12	20866.74
2017-10-13	20799.54
2017-10-14	20799.54
2017-10-15	20799.54
2017-10-16	20896.09
2017-10-17	20936.18
2017-10-18	20997.09
2017-10-19	20901.17
2017-10-20	21003.41
2017-10-21	21003.41
2017-10-22	21003.41
2017-10-23	20979.01
2017-10-24	21060.0
2017-10-25	21144.51
2017-10-26	21248.37
2017-10-27	21438.01
2017-10-28	21438.01
2017-10-29	21438.01
2017-10-30	21370.45
2017-10-31	21404.92
2017-11-01	21475.16
2017-11-02	21451.35
2017-11-03	21618.83
2017-11-04	21618.83
2017-11-05	21618.83
2017-11-06	21603.14
2017-11-07	21610.32
2017-11-08	21588.84
2017-11-09	21492.91
2017-11-10	21443.12
2017-11-11	21443.12
2017-11-12	21443.12
2017-11-13	21506.53
2017-11-14	21517.39
2017-11-15	21527.52
2017-11-16	21628.36
2017-11-17	21676.2
2017-11-18	21676.2
2017-11-19	21676.2
2017-11-20	21700.94
2017-11-21	21824.73
2017-11-22	21792.3
2017-11-23	21752.83
2017-11-24	21819.73
2017-11-25	21819.73
2017-11-26	21819.73
2017-11-27	21814.02
2017-11-28	21984.22
2017-11-29	22003.42
2017-11-30	22060.18
2017-12-01	21980.1
2017-12-02	21980.1
2017-12-03	21980.1
2017-12-04	21982.26
2017-12-05	21930.04
2017-12-06	21981.14
2017-12-07	22109.71
2017-12-08	22214.6
2017-12-09	22214.6
2017-12-10	22214.6
2017-12-11	22204.03
2017-12-12	22264.1
2017-12-13	22156.0
2017-12-14	22002.61
2017-12-15	22122.58
2017-12-16	22122.58
2017-12-17	22122.58
2017-12-18	22251.29
2017-12-19	22213.6
2017-12-20	22120.26
2017-12-21	22100.28
2017-12-22	22051.79
2017-12-23	22051.79
2017-12-24	22051.79
2017-12-25	22051.4
2017-12-26	22013.27
2017-12-27	21975.14
2017-12-28	21937.92
2017-12-29	21845.94
2017-12-30	21845.94
2017-12-31	21845.94
2018-01-01	21845.55
2018-01-02	21925.39
2018-01-03	21997.53
2018-01-04	22132.66
2018-01-05	22318.93
2018-01-06	22318.93
2018-01-07	22318.93
2018-01-08	22330.86
2018-01-09	22439.84
2018-01-10	22388.26
2018-01-11	22393.85
2018-01-12	22488.57
2018-01-13	22488.57
2018-01-14	22488.57
2018-01-15	22401.63
2018-01-16	22428.93
2018-01-17	22527.64
2018-01-18	22466.41
2018-01-19	22582.74
2018-01-20	22582.74
2018-01-21	22582.74
2018-01-22	22646.52
2018-01-23	22765.04
2018-01-24	22627.21
2018-01-25	22611.18
2018-01-26	22742.55
2018-01-27	22742.55
2018-01-28	22742.55
2018-01-29	22635.5
2018-01-30	22469.23
2018-01-31	22437.45
2018-02-01	22612.39
2018-02-02	22413.1
2018-02-03	22413.1
2018-02-04	22413.1
2018-02-05	21740.46
2018-02-06	21947.54
2018-02-07	21929.48
2018-02-08	21488.65
2018-02-09	21567.55
2018-02-10	21567.55
2018-02-11	21567.55
2018-02-12	21810.03
2018-02-13	21809.67
2018-02-14	22015.28
2018-02-15	22208.01
2018-02-16	22243.04
2018-02-17	22243.04
2018-02-18	22243.04
2018-02-19	22232.94
2018-02-20	22161.94
2018-02-21	22216.11
2018-02-22	22206.91
2018-02-23	22446.81
2018-02-24	22446.81
2018-02-25	22446.81
2018-02-26	22641.2
2018-02-27	22532.63
2018-02-28	22361.48
2018-03-01	22127.97
2018-03-02	22082.81
2018-03-03	22082.81
2018-03-04	22082.81
2018-03-05	22245.24
2018-03-06	22231.6
2018-03-07	22267.59
2018-03-08	22444.75
2018-03-09	22599.66
2018-03-10	22599.66
2018-03-11	22599.66
2018-03-12	22571.11
2018-03-13	22413.94
2018-03-14	22346.87
2018-03-15	22492.08
2018-03-16	22638.48
2018-03-17	22638.48
2018-03-18	22638.48
2018-03-19	22455.61
2018-03-20	22493.5
2018-03-21	22411.94
2018-03-22	22049.45
2018-03-23	21582.91
2018-03-24	21582.91
2018-03-25	21582.91
2018-03-26	21954.77
2018-03-27	21837.29
2018-03-28	21875.21
2018-03-29	22066.22
2018-03-30	22058.93
2018-03-31	22058.93
2018-04-01	22058.93
2018-04-02	21828.46
2018-04-03	21962.89
2018-04-04	22016.01
2018-04-05	22284.48
2018-04-06	22007.23
2018-04-07	22007.23
2018-04-08	22007.23
2018-04-09	22083.13
2018-04-10	22266.46
2018-04-11	22129.28
2018-04-12	22258.96
2018-04-13	22174.77
2018-04-14	22174.77
2018-04-15	22174.77
2018-04-16	22243.42
2018-04-17	22387.78
2018-04-18	22358.67
2018-04-19	22365.0
2018-04-20	22409.18
2018-04-21	22409.18
2018-04-22	22409.18
2018-04-23	22470.22
2018-04-24	22330.18
2018-04-25	22348.3
2018-04-26	22545.12
2018-04-27	22568.96
2018-04-28	22568.96
2018-04-29	22568.96
2018-04-30	22569.84
2018-05-01	22638.35
2018-05-02	22548.91
2018-05-03	22486.32
2018-05-04	22641.39
2018-05-05	22641.39
2018-05-06	22641.39
2018-05-07	22782.35
2018-05-08	22946.71
2018-05-09	23059.58
2018-05-10	23158.15
2018-05-11	23125.05
2018-05-12	23125.05
2018-05-13	23125.05
2018-05-14	23221.97
2018-05-15	23217.76
2018-05-16	23192.09
2018-05-17	23172.88
2018-05-18	23129.49
2018-05-19	23129.49
2018-05-20	23129.49
2018-05-21	23198.29
2018-05-22	23118.27
2018-05-23	23143.61
2018-05-24	23077.16
2018-05-25	23081.54
2018-05-26	23081.54
2018-05-27	23081.54
2018-05-28	23085.43
2018-05-29	22926.98
2018-05-30	23007.91
2018-05-31	22923.11
2018-06-01	23134.38
2018-06-02	23134.38
2018-06-03	23134.38
2018-06-04	23124.04
2018-06-05	23184.45
2018-06-06	23245.93
2018-06-07	23278.03
2018-06-08	23355.05
2018-06-09	23355.05
2018-06-10	23355.05
2018-06-11	23354.47
2018-06-12	23354.74
2018-06-13	23372.29
2018-06-14	23493.45
2018-06-15	23616.03
2018-06-16	23616.03
2018-06-17	23616.03
2018-06-18	23624.71
2018-06-19	23542.76
2018-06-20	23573.85
2018-06-21	23462.76
2018-06-22	23449.76
2018-06-23	23449.76
2018-06-24	23449.76
2018-06-25	23122.92
2018-06-26	23160.76
2018-06-27	23043.31
2018-06-28	23199.13
2018-06-29	23199.29
2018-06-30	23199.29
2018-07-01	23199.29
2018-07-02	23226.47
2018-07-03	23089.93
2018-07-04	23092.3
2018-07-05	23191.91
2018-07-06	23259.21
2018-07-07	23259.21
2018-07-08	23259.21
2018-07-09	23406.65
2018-07-10	23461.7
2018-07-11	23428.94
2018-07-12	23632.19
2018-07-13	23701.49
2018-07-14	23701.49
2018-07-15	23701.49
2018-07-16	23731.23
2018-07-17	23880.94
2018-07-18	23976.52
2018-07-19	23939.72
2018-07-20	23886.56
2018-07-21	23886.56
2018-07-22	23886.56
2018-07-23	23965.92
2018-07-24	24054.83
2018-07-25	24270.28
2018-07-26	24208.72
2018-07-27	24135.21
2018-07-28	24135.21
2018-07-29	24135.21
2018-07-30	24004.75
2018-07-31	23983.52
2018-08-01	24041.24
2018-08-02	24074.68
2018-08-03	24108.48
2018-08-04	24108.48
2018-08-05	24108.48
2018-08-06	24185.55
2018-08-07	24194.15
2018-08-08	24191.0
2018-08-09	24256.3
2018-08-10	24164.18
2018-08-11	24164.18
2018-08-12	24164.18
2018-08-13	24072.27
2018-08-14	24219.63
2018-08-15	24103.02
2018-08-16	24120.54
2018-08-17	24182.55
2018-08-18	24182.55
2018-08-19	24182.55
2018-08-20	24248.71
2018-08-21	24224.59
2018-08-22	24215.85
2018-08-23	24308.92
2018-08-24	24292.81
2018-08-25	24292.81
2018-08-26	24292.81
2018-08-27	24514.31
2018-08-28	24513.01
2018-08-29	24734.78
2018-08-30	24696.72
2018-08-31	24725.08
2018-09-01	24725.08
2018-09-02	24725.08
2018-09-03	24743.03
2018-09-04	24697.36
2018-09-05	24482.31
2018-09-06	24338.21
2018-09-07	24412.88
2018-09-08	24412.88
2018-09-09	24412.88
2018-09-10	24488.62
2018-09-11	24614.38
2018-09-12	24575.08
2018-09-13	24592.38
2018-09-14	24644.03
2018-09-15	24644.03
2018-09-16	24644.03
2018-09-17	24534.08
2018-09-18	24568.98
2018-09-19	24554.89
2018-09-20	24758.55
2018-09-21	24787.95
2018-09-22	24787.95
2018-09-23	24787.95
2018-09-24	24742.09
2018-09-25	24819.49
2018-09-26	24779.93
2018-09-27	24910.98
2018-09-28	24832.91
2018-09-29	24832.91
2018-09-30	24832.91
2018-10-01	24920.54
2018-10-02	24868.29
2018-10-03	24985.73
2018-10-04	24849.34
2018-10-05	24767.4
2018-10-06	24767.4
2018-10-07	24767.4
2018-10-08	24656.09
2018-10-09	24604.83
2018-10-10	23982.13
2018-10-11	23491.98
2018-10-12	23729.7
2018-10-13	23729.7
2018-10-14	23729.7
2018-10-15	23554.88
2018-10-16	23962.02
2018-10-17	24100.1
2018-10-18	23777.92
2018-10-19	23825.97
2018-10-20	23825.97
2018-10-21	23825.97
2018-10-22	23848.38
2018-10-23	23706.5
2018-10-24	23251.69
2018-10-25	23515.84
2018-10-26	23232.39
2018-10-27	23232.39
2018-10-28	23232.39
2018-10-29	23107.06
2018-10-30	23209.57
2018-10-31	23629.26
2018-11-01	23666.75
2018-11-02	23639.07
2018-11-03	23639.07
2018-11-04	23639.07
2018-11-05	23623.23
2018-11-06	23672.68
2018-11-07	23946.06
2018-11-08	23943.47
2018-11-09	23834.67
2018-11-10	23834.67
2018-11-11	23834.67
2018-11-12	23532.88
2018-11-13	23530.17
2018-11-14	23412.59
2018-11-15	23486.23
2018-11-16	23421.13
2018-11-17	23421.13
2018-11-18	23421.13
2018-11-19	23170.55
2018-11-20	22943.74
2018-11-21	23019.79
2018-11-22	23039.48
2018-11-23	22976.38
2018-11-24	22976.38
2018-11-25	22976.38
2018-11-26	23277.87
2018-11-27	23346.86
2018-11-28	23725.4
2018-11-29	23564.42
2018-11-30	23685.25
2018-12-01	23685.25
2018-12-02	23685.25
2018-12-03	23868.9
2018-12-04	23366.12
2018-12-05	23414.21
2018-12-06	23327.28
2018-12-07	23022.98
2018-12-08	23022.98
2018-12-09	23022.98
2018-12-10	22972.55
2018-12-11	23022.18
2018-12-12	23174.95
2018-12-13	23191.82
2018-12-14	22893.81
2018-12-15	22893.81
2018-12-16	22893.81
2018-12-17	22581.22
2018-12-18	22599.19
2018-12-19	22355.97
2018-12-20	22197.07
2018-12-21	21942.34
2018-12-22	21942.34
2018-12-23	21942.34
2018-12-24	21652.59
2018-12-25	21598.47
2018-12-26	22255.66
2018-12-27	22413.53
2018-12-28	22459.75
2018-12-29	22459.75
2018-12-30	22459.75
2018-12-31	22584.85
2019-01-01	22584.57
2019-01-02	22661.78
2019-01-03	22276.39
2019-01-04	22627.63
2019-01-05	22627.63
2019-01-06	22627.63
2019-01-07	22648.12
2019-01-08	22819.09
2019-01-09	22915.23
2019-01-10	22870.67
2019-01-11	22823.85
2019-01-12	22823.85
2019-01-13	22823.85
2019-01-14	22719.08
2019-01-15	22958.48
2019-01-16	23040.94
2019-01-17	23172.22
2019-01-18	23377.43
2019-01-19	23377.43
2019-01-20	23377.43
2019-01-21	23451.19
2019-01-22	23295.85
2019-01-23	23294.37
2019-01-24	23339.27
2019-01-25	23408.12
2019-01-26	23408.12
2019-01-27	23408.12
2019-01-28	23278.71
2019-01-29	23293.36
2019-01-30	23523.48
2019-01-31	23522.99
2019-02-01	23576.76
2019-02-02	23576.76
2019-02-03	23576.76
2019-02-04	23740.57
2019-02-05	23882.42
2019-02-06	24034.49
2019-02-07	23867.36
2019-02-08	23865.58
2019-02-09	23865.58
2019-02-10	23865.58
2019-02-11	23936.46
2019-02-12	24125.99
2019-02-13	24154.35
2019-02-14	24131.06
2019-02-15	24295.89
2019-02-16	24295.89
2019-02-17	24295.89
2019-02-18	24318.71
2019-02-19	24318.21
2019-02-20	24355.42
2019-02-21	24490.88
2019-02-22	24509.85
2019-02-23	24509.85
2019-02-24	24509.85
2019-02-25	24537.88
2019-02-26	24560.04
2019-02-27	24648.17
2019-02-28	24681.4
2019-03-01	24871.53
2019-03-02	24871.53
2019-03-03	24871.53
2019-03-04	24868.81
2019-03-05	24915.0
2019-03-06	24948.82
2019-03-07	24743.75
2019-03-08	24644.86
2019-03-09	24644.86
2019-03-10	24644.86
2019-03-11	24832.26
2019-03-12	24831.27
2019-03-13	24931.87
2019-03-14	25057.54
2019-03-15	25155.02
2019-03-16	25155.02
2019-03-17	25155.02
2019-03-18	25177.67
2019-03-19	25167.16
2019-03-20	25148.4
2019-03-21	25240.32
2019-03-22	24868.85
2019-03-23	24868.85
2019-03-24	24868.85
2019-03-25	24755.58
2019-03-26	24850.54
2019-03-27	24911.57
2019-03-28	24987.43
2019-03-29	25070.16
2019-03-30	25070.16
2019-03-31	25070.16
2019-04-01	25288.12
2019-04-02	25451.03
2019-04-03	25430.19
2019-04-04	25478.98
2019-04-05	25531.35
2019-04-06	25531.35
2019-04-07	25531.35
2019-04-08	25508.08
2019-04-09	25438.44
2019-04-10	25454.77
2019-04-11	25466.15
2019-04-12	25615.48
2019-04-13	25615.48
2019-04-14	25615.48
2019-04-15	25601.62
2019-04-16	25694.12
2019-04-17	25710.77
2019-04-18	25778.14
2019-04-19	25778.22
2019-04-20	25778.22
2019-04-21	25778.22
2019-04-22	25806.44
2019-04-23	26031.4
2019-04-24	26170.33
2019-04-25	26234.6
2019-04-26	26283.2
2019-04-27	26283.2
2019-04-28	26283.2
2019-04-29	26363.28
2019-04-30	26389.91
2019-05-01	26290.49
2019-05-02	26340.36
2019-05-03	26474.6
2019-05-04	26474.6
2019-05-05	26474.6
2019-05-06	26395.28
2019-05-07	26038.35
2019-05-08	26042.33
2019-05-09	25908.41
2019-05-10	25953.13
2019-05-11	25953.13
2019-05-12	25953.13
2019-05-13	25552.28
2019-05-14	25666.0
2019-05-15	25901.9
2019-05-16	26166.46
2019-05-17	26152.39
2019-05-18	26152.39
2019-05-19	26152.39
2019-05-20	25889.58
2019-05-21	26044.27
2019-05-22	26059.75
2019-05-23	25803.43
2019-05-24	25809.29
2019-05-25	25809.29
2019-05-26	25809.29
2019-05-27	25834.49
2019-05-28	25716.56
2019-05-29	25507.08
2019-05-30	25554.35
2019-05-31	25260.44
2019-06-01	25260.44
2019-06-02	25260.44
2019-06-03	25039.63
2019-06-04	25329.14
2019-06-05	25527.81
2019-06-06	25660.58
2019-06-07	25867.73
2019-06-08	25867.73
2019-06-09	25867.73
2019-06-10	26131.37
2019-06-11	26259.84
2019-06-12	26226.37
2019-06-13	26343.65
2019-06-14	26388.63
2019-06-15	26388.63
2019-06-16	26388.63
2019-06-17	26474.36
2019-06-18	26736.64
2019-06-19	26829.39
2019-06-20	26950.54
2019-06-21	26876.24
2019-06-22	26876.24
2019-06-23	26876.24
2019-06-24	26797.08
2019-06-25	26557.98
2019-06-26	26518.06
2019-06-27	26539.91
2019-06-28	26656.07
2019-06-29	26656.07
2019-06-30	26656.07
2019-07-01	26956.08
2019-07-02	27011.04
2019-07-03	27093.54
2019-07-04	27143.56
2019-07-05	27177.37
2019-07-06	27177.37
2019-07-07	27177.37
2019-07-08	27060.17
2019-07-09	27183.65
2019-07-10	27188.42
2019-07-11	27184.53
2019-07-12	27147.07
2019-07-13	27147.07
2019-07-14	27147.07
2019-07-15	27110.37
2019-07-16	27064.46
2019-07-17	27077.33
2019-07-18	27055.66
2019-07-19	26968.61
2019-07-20	26968.61
2019-07-21	26968.61
2019-07-22	27067.55
2019-07-23	27302.3
2019-07-24	27404.43
2019-07-25	27362.04
2019-07-26	27682.56
2019-07-27	27682.56
2019-07-28	27682.56
2019-07-29	27683.63
2019-07-30	27610.32
2019-07-31	27351.44
2019-08-01	27276.44
2019-08-02	27097.36
2019-08-03	27097.36
2019-08-04	27097.36
2019-08-05	26429.44
2019-08-06	26629.59
2019-08-07	26729.53
2019-08-08	27030.09
2019-08-09	26964.67
2019-08-10	26964.67
2019-08-11	26964.67
2019-08-12	26835.85
2019-08-13	26968.18
2019-08-14	26533.95
2019-08-15	26455.65
2019-08-16	26743.27
2019-08-17	26743.27
2019-08-18	26743.27
2019-08-19	27040.42
2019-08-20	26917.07
2019-08-21	27090.59
2019-08-22	27116.71
2019-08-23	26631.56
2019-08-24	26631.56
2019-08-25	26631.56
2019-08-26	26789.1
2019-08-27	26853.17
2019-08-28	27008.96
2019-08-29	27314.79
2019-08-30	27337.93
2019-08-31	27337.93
2019-09-01	27337.93
2019-09-02	27371.39
2019-09-03	27141.44
2019-09-04	27340.13
2019-09-05	27624.45
2019-09-06	27556.62
2019-09-07	27556.62
2019-09-08	27556.62
2019-09-09	27462.82
2019-09-10	27344.15
2019-09-11	27534.4
2019-09-12	27650.9
2019-09-13	27648.84
2019-09-14	27648.84
2019-09-15	27648.84
2019-09-16	27505.88
2019-09-17	27579.09
2019-09-18	27654.86
2019-09-19	27793.44
2019-09-20	27755.81
2019-09-21	27755.81
2019-09-22	27755.81
2019-09-23	27704.98
2019-09-24	27517.05
2019-09-25	27710.04
2019-09-26	27674.33
2019-09-27	27528.43
2019-09-28	27528.43
2019-09-29	27528.43
2019-09-30	27669.94
2019-10-01	27536.86
2019-10-02	27050.95
2019-10-03	27092.41
2019-10-04	27360.33
2019-10-05	27360.33
2019-10-06	27360.33
2019-10-07	27370.45
2019-10-08	27067.63
2019-10-09	27269.52
2019-10-10	27319.2
2019-10-11	27509.34
2019-10-12	27509.34
2019-10-13	27509.34
2019-10-14	27584.61
2019-10-15	27793.11
2019-10-16	27870.7
2019-10-17	27745.44
2019-10-18	27460.43
2019-10-19	27460.43
2019-10-20	27460.43
2019-10-21	27570.36
2019-10-22	27446.26
2019-10-23	27554.97
2019-10-24	27700.85
2019-10-25	27782.95
2019-10-26	27782.95
2019-10-27	27782.95
2019-10-28	27929.84
2019-10-29	27826.93
2019-10-30	27914.95
2019-10-31	27848.9
2019-11-01	27984.13
2019-11-02	27984.13
2019-11-03	27984.13
2019-11-04	28120.32
2019-11-05	28103.62
2019-11-06	28130.36
2019-11-07	28245.44
2019-11-08	28333.59
2019-11-09	28333.59
2019-11-10	28333.59
2019-11-11	28308.77
2019-11-12	28383.61
2019-11-13	28432.99
2019-11-14	28526.43
2019-11-15	28655.01
2019-11-16	28655.01
2019-11-17	28655.01
2019-11-18	28678.73
2019-11-19	28668.59
2019-11-20	28579.19
2019-11-21	28503.37
2019-11-22	28620.07
2019-11-23	28620.07
2019-11-24	28620.07
2019-11-25	28896.0
2019-11-26	28990.04
2019-11-27	29108.26
2019-11-28	29145.53
2019-11-29	29063.54
2019-11-30	29063.54
2019-12-01	29063.54
2019-12-02	28729.56
2019-12-03	28507.09
2019-12-04	28618.32
2019-12-05	28730.23
2019-12-06	28988.46
2019-12-07	28988.46
2019-12-08	28988.46
2019-12-09	28924.25
2019-12-10	28991.9
2019-12-11	28960.15
2019-12-12	29037.38
2019-12-13	29223.69
2019-12-14	29223.69
2019-12-15	29223.69
2019-12-16	29361.02
2019-12-17	29471.2
2019-12-18	29424.51
2019-12-19	29486.22
2019-12-20	29506.99
2019-12-21	29506.99
2019-12-22	29506.99
2019-12-23	29517.73
2019-12-24	29471.62
2019-12-25	29469.06
2019-12-26	29570.81
2019-12-27	29541.48
2019-12-28	29541.48
2019-12-29	29541.48
2019-12-30	29341.3
2019-12-31	29287.34
2020-01-01	29287.04
2020-01-02	29654.05
2020-01-03	29593.32
2020-01-04	29593.32
2020-01-05	29593.32
2020-01-06	29694.78
2020-01-07	29845.04
2020-01-08	30014.89
2020-01-09	30259.99
2020-01-10	30127.42
2020-01-11	30127.42
2020-01-12	30127.42
2020-01-13	30307.08
2020-01-14	30343.88
2020-01-15	30388.07
2020-01-16	30582.25
2020-01-17	30813.48
2020-01-18	30813.48
2020-01-19	30813.48
2020-01-20	30831.99
2020-01-21	30685.05
2020-01-22	30766.53
2020-01-23	30634.64
2020-01-24	30552.7
2020-01-25	30552.7
2020-01-26	30552.7
2020-01-27	30249.97
2020-01-28	30443.03
2020-01-29	30543.88
2020-01-30	30583.29
2020-01-31	30206.96
2020-02-01	30206.96
2020-02-02	30206.96
2020-02-03	30417.68
2020-02-04	30748.88
2020-02-05	30925.07
2020-02-06	31143.9
2020-02-07	31152.28
2020-02-08	31152.28
2020-02-09	31152.28
2020-02-10	31324.36
2020-02-11	31234.4
2020-02-12	31339.72
2020-02-13	31298.04
2020-02-14	31365.42
2020-02-15	31365.42
2020-02-16	31365.42
2020-02-17	31369.66
2020-02-18	31259.52
2020-02-19	31495.85
2020-02-20	31444.13
2020-02-21	31110.75
2020-02-22	31110.75
2020-02-23	31110.75
2020-02-24	30165.92
2020-02-25	29518.38
2020-02-26	29520.89
2020-02-27	28495.65
2020-02-28	28436.78
2020-02-29	28436.78
2020-03-01	28436.78
2020-03-02	29110.19
2020-03-03	28439.28
2020-03-04	29113.15
2020-03-05	28582.9
2020-03-06	27986.95
2020-03-07	27986.95
2020-03-08	27986.95
2020-03-09	26250.93
2020-03-10	27544.86
2020-03-11	26440.19
2020-03-12	24839.5
2020-03-13	26514.51
2020-03-14	26514.51
2020-03-15	26514.51
2020-03-16	24504.41
2020-03-17	25546.04
2020-03-18	25185.49
2020-03-19	25196.92
2020-03-20	24760.37
2020-03-21	24760.37
2020-03-22	24760.37
2020-03-23	24127.96
2020-03-24	25507.91
2020-03-25	26089.66
2020-03-26	26917.13
2020-03-27	26058.79
2020-03-28	26058.79
2020-03-29	26058.79
2020-03-30	26573.26
2020-03-31	26391.37
2020-04-01	25504.84
2020-04-02	26044.63
2020-04-03	25922.84
2020-04-04	25922.84
2020-04-05	25922.84
2020-04-06	27084.53
2020-04-07	26955.81
2020-04-08	27342.77
2020-04-09	27436.75
2020-04-10	27440.65
2020-04-11	27440.65
2020-04-12	27440.65
2020-04-13	27121.21
2020-04-14	27635.61
2020-04-15	27465.68
2020-04-16	27545.6
2020-04-17	28123.21
2020-04-18	28123.21
2020-04-19	28123.21
2020-04-20	27757.86
2020-04-21	27240.15
2020-04-22	27662.75
2020-04-23	27460.92
2020-04-24	27610.7
2020-04-25	27610.7
2020-04-26	27610.7
2020-04-27	27756.99
2020-04-28	27586.47
2020-04-29	27998.05
2020-04-30	27919.49
2020-05-01	27648.44
2020-05-02	27648.44
2020-05-03	27648.44
2020-05-04	27544.03
2020-05-05	27691.01
2020-05-06	27690.61
2020-05-07	27867.32
2020-05-08	28010.17
2020-05-09	28010.17
2020-05-10	28010.17
2020-05-11	28177.91
2020-05-12	27726.09
2020-05-13	27465.43
2020-05-14	27646.12
2020-05-15	27800.75
2020-05-16	27800.75
2020-05-17	27800.75
2020-05-18	28352.2
2020-05-19	28032.38
2020-05-20	28340.52
2020-05-21	28207.95
2020-05-22	28191.31
2020-05-23	28191.31
2020-05-24	28191.31
2020-05-25	28231.2
2020-05-26	28262.79
2020-05-27	28668.54
2020-05-28	28551.83
2020-05-29	28583.28
2020-05-30	28583.28
2020-05-31	28583.28
2020-06-01	28376.37
2020-06-02	28332.89
2020-06-03	28655.03
2020-06-04	28530.99
2020-06-05	29043.6
2020-06-06	29043.6
2020-06-07	29043.6
2020-06-08	29194.2
2020-06-09	29220.72
2020-06-10	29154.52
2020-06-11	28099.41
2020-06-12	28436.9
2020-06-13	28436.9
2020-06-14	28436.9
2020-06-15	28429.08
2020-06-16	28980.97
2020-06-17	28889.94
2020-06-18	28963.06
2020-06-19	28913.84
2020-06-20	28913.84
2020-06-21	28913.84
2020-06-22	28915.08
2020-06-23	29063.47
2020-06-24	28635.33
2020-06-25	28909.47
2020-06-26	28374.87
2020-06-27	28374.87
2020-06-28	28374.87
2020-06-29	28609.79
2020-06-30	28787.89
2020-07-01	28858.34
2020-07-02	29107.63
2020-07-03	29034.51
2020-07-04	29034.51
2020-07-05	29034.51
2020-07-06	29447.78
2020-07-07	29166.79
2020-07-08	29398.58
2020-07-09	29349.96
2020-07-10	29568.65
2020-07-11	29568.65
2020-07-12	29568.65
2020-07-13	29463.01
2020-07-14	29579.16
2020-07-15	29763.18
2020-07-16	29623.38
2020-07-17	29703.7
2020-07-18	29703.7
2020-07-19	29703.7
2020-07-20	29946.28
2020-07-21	29817.46
2020-07-22	29740.04
2020-07-23	29567.72
2020-07-24	29392.69
2020-07-25	29392.69
2020-07-26	29392.69
2020-07-27	29469.95
2020-07-28	29333.78
2020-07-29	29504.27
2020-07-30	29464.15
2020-07-31	29440.02
2020-08-01	29440.02
2020-08-02	29440.02
2020-08-03	29814.84
2020-08-04	29797.27
2020-08-05	29859.41
2020-08-06	29988.12
2020-08-07	30042.09
2020-08-08	30042.09
2020-08-09	30042.09
2020-08-10	30089.64
2020-08-11	30101.14
2020-08-12	30422.6
2020-08-13	30401.69
2020-08-14	30324.69
2020-08-15	30324.69
2020-08-16	30324.69
2020-08-17	30291.55
2020-08-18	30342.83
2020-08-19	30332.69
2020-08-20	30520.87
2020-08-21	30652.76
2020-08-22	30652.76
2020-08-23	30652.76
2020-08-24	30981.1
2020-08-25	31099.29
2020-08-26	31259.84
2020-08-27	31245.57
2020-08-28	31063.98
2020-08-29	31063.98
2020-08-30	31063.98
2020-08-31	30773.71
2020-09-01	31033.21
2020-09-02	31559.51
2020-09-03	30840.93
2020-09-04	30636.22
2020-09-05	30636.22
2020-09-06	30636.22
2020-09-07	30594.44
2020-09-08	30140.28
2020-09-09	30478.22
2020-09-10	30213.95
2020-09-11	30310.0
2020-09-12	30310.0
2020-09-13	30310.0
2020-09-14	30496.25
2020-09-15	30540.39
2020-09-16	30413.97
2020-09-17	30252.88
2020-09-18	30008.34
2020-09-19	30008.34
2020-09-20	30008.34
2020-09-21	29830.61
2020-09-22	30084.77
2020-09-23	29940.04
2020-09-24	30085.57
2020-09-25	30358.16
2020-09-26	30358.16
2020-09-27	30358.16
2020-09-28	30729.69
2020-09-29	30520.44
2020-09-30	30516.52
2020-10-01	30622.76
2020-10-02	30431.52
2020-10-03	30431.52
2020-10-04	30431.52
2020-10-05	30779.5
2020-10-06	30547.72
2020-10-07	30872.28
2020-10-08	31016.82
2020-10-09	31144.68
2020-10-10	31144.68
2020-10-11	31144.68
2020-10-12	31648.12
2020-10-13	31657.81
2020-10-14	31474.31
2020-10-15	31517.86
2020-10-16	31623.83
2020-10-17	31623.83
2020-10-18	31623.83
2020-10-19	31289.19
2020-10-20	31506.4
2020-10-21	31291.25
2020-10-22	31448.43
2020-10-23	31555.11
2020-10-24	31555.11
2020-10-25	31555.11
2020-10-26	31119.48
2020-10-27	31057.71
2020-10-28	30283.0
2020-10-29	30615.72
2020-10-30	30259.97
2020-10-31	30259.97
2020-11-01	30259.97
2020-11-02	30463.61
2020-11-03	30591.17
2020-11-04	31267.76
2020-11-05	31497.41
2020-11-06	31569.23
2020-11-07	31569.23
2020-11-08	31569.23
2020-11-09	32095.75
2020-11-10	31808.85
2020-11-11	32084.79
2020-11-12	31854.26
2020-11-13	32175.13
2020-11-14	32175.13
2020-11-15	32175.13
2020-11-16	32224.76
2020-11-17	32216.14
2020-11-18	31986.19
2020-11-19	32073.46
2020-11-20	31867.9
2020-11-21	31867.9
2020-11-22	31867.9
2020-11-23	32025.73
2020-11-24	32256.59
2020-11-25	32281.46
2020-11-26	32279.29
2020-11-27	32263.95
2020-11-28	32263.95
2020-11-29	32263.95
2020-11-30	32138.26
2020-12-01	32506.27
2020-12-02	32518.56
2020-12-03	32354.01
2020-12-04	32534.12
2020-12-05	32534.12
2020-12-06	32534.12
2020-12-07	32474.11
2020-12-08	32608.01
2020-12-09	32339.06
2020-12-10	32191.59
2020-12-11	32129.34
2020-12-12	32129.34
2020-12-13	32129.34
2020-12-14	32053.43
2020-12-15	32168.56
2020-12-16	32268.81
2020-12-17	32245.37
2020-12-18	32236.91
2020-12-19	32236.91
2020-12-20	32236.91
2020-12-21	32251.51
2020-12-22	32328.69
2020-12-23	32328.72
2020-12-24	32299.48
2020-12-25	32290.83
2020-12-26	32290.83
2020-12-27	32290.83
2020-12-28	32752.44
2020-12-29	32705.85
2020-12-30	32577.47
2020-12-31	32479.4
2021-01-01	32480.82
2021-01-02	32480.82
2021-01-03	32480.82
2021-01-04	32390.09
2021-01-05	32419.94
2021-01-06	32258.01
2021-01-07	32663.31
2021-01-08	32817.2
2021-01-09	32817.2
2021-01-10	32817.2
2021-01-11	32843.31
2021-01-12	32660.41
2021-01-13	32692.51
2021-01-14	32530.28
2021-01-15	32486.57
2021-01-16	32486.57
2021-01-17	32486.57
2021-01-18	32510.76
2021-01-19	32681.64
2021-01-20	33000.73
2021-01-21	33004.04
2021-01-22	33067.4
2021-01-23	33067.4
2021-01-24	33067.4
2021-01-25	33231.45
2021-01-26	33113.7
2021-01-27	32548.07
2021-01-28	32808.02
2021-01-29	32246.43
2021-01-30	32246.43
2021-01-31	32246.43
2021-02-01	32820.54
2021-02-02	33333.56
2021-02-03	33417.13
2021-02-04	33670.81
2021-02-05	33767.63
2021-02-06	33767.63
2021-02-07	33767.63
2021-02-08	33649.38
2021-02-09	33675.61
2021-02-10	33658.24
2021-02-11	33673.75
2021-02-12	33832.5
2021-02-13	33832.5
2021-02-14	33832.5
2021-02-15	33833.8
2021-02-16	33912.43
2021-02-17	33881.52
2021-02-18	33724.86
2021-02-19	33295.7
2021-02-20	33295.7
2021-02-21	33295.7
2021-02-22	33010.73
2021-02-23	33043.76
2021-02-24	33116.84
2021-02-25	32624.25
2021-02-26	32816.44
2021-02-27	32816.44
2021-02-28	32816.44
2021-03-01	33320.65
2021-03-02	33182.49
2021-03-03	32980.09
2021-03-04	32582.74
2021-03-05	33108.88
2021-03-06	33108.88
2021-03-07	33108.88
2021-03-08	33028.06
2021-03-09	33328.65
2021-03-10	33494.65
2021-03-11	33726.99
2021-03-12	33663.84
2021-03-13	33663.84
2021-03-14	33663.84
2021-03-15	33845.73
2021-03-16	33905.84
2021-03-17	34047.29
2021-03-18	33662.3
2021-03-19	33600.43
2021-03-20	33600.43
2021-03-21	33600.43
2021-03-22	33784.35
2021-03-23	33737.59
2021-03-24	33672.25
2021-03-25	33833.39
2021-03-26	34122.1
2021-03-27	34122.1
2021-03-28	34122.1
2021-03-29	34199.12
2021-03-30	34203.41
2021-03-31	34242.31
2021-04-01	34593.7
2021-04-02	34638.53
2021-04-03	34638.53
2021-04-04	34638.53
2021-04-05	34892.24
2021-04-06	34939.25
2021-04-07	35040.91
2021-04-08	35238.17
2021-04-09	35437.11
2021-04-10	35437.11
2021-04-11	35437.11
2021-04-12	35393.94
2021-04-13	35432.03
2021-04-14	35118.56
2021-04-15	35301.18
2021-04-16	35457.77
2021-04-17	35457.77
2021-04-18	35457.77
2021-04-19	35250.39
2021-04-20	34933.28
2021-04-21	35136.35
2021-04-22	35121.98
2021-04-23	35413.36
2021-04-24	35413.36
2021-04-25	35413.36
2021-04-26	35242.38
2021-04-27	35358.1
2021-04-28	35397.22
2021-04-29	35577.26
2021-04-30	35390.49
2021-05-01	35390.49
2021-05-02	35390.49
2021-05-03	35352.32
2021-05-04	35155.03
2021-05-05	35139.23
2021-05-06	35296.63
2021-05-07	35339.51
2021-05-08	35339.51
2021-05-09	35339.51
2021-05-10	34968.93
2021-05-11	34748.08
2021-05-12	34468.25
2021-05-13	34722.31
2021-05-14	35124.59
2021-05-15	35124.59
2021-05-16	35124.59
2021-05-17	35121.88
2021-05-18	34928.06
2021-05-19	34911.38
2021-05-20	35201.55
2021-05-21	35281.23
2021-05-22	35281.23
2021-05-23	35281.23
2021-05-24	35535.32
2021-05-25	35575.46
2021-05-26	35604.86
2021-05-27	35626.12
2021-05-28	35782.7
2021-05-29	35782.7
2021-05-30	35782.7
2021-05-31	35677.36
2021-06-01	35580.72
2021-06-02	35669.67
2021-06-03	35742.0
2021-06-04	35812.99
2021-06-05	35812.99
2021-06-06	35812.99
2021-06-07	35759.89
2021-06-08	35725.8
2021-06-09	35749.36
2021-06-10	35853.6
2021-06-11	36014.32
2021-06-12	36014.32
2021-06-13	36014.32
2021-06-14	36012.34
2021-06-15	36101.67
2021-06-16	35977.42
2021-06-17	36312.86
2021-06-18	36124.75
2021-06-19	36124.75
2021-06-20	36124.75
2021-06-21	36292.08
2021-06-22	36509.32
2021-06-23	36253.59
2021-06-24	36438.09
2021-06-25	36577.5
2021-06-26	36577.5
2021-06-27	36577.5
2021-06-28	36714.07
2021-06-29	36964.27
2021-06-30	37098.41
2021-07-01	37295.62
2021-07-02	37517.49
2021-07-03	37517.49
2021-07-04	37517.49
2021-07-05	37403.45
2021-07-06	37428.35
2021-07-07	37572.01
2021-07-08	37373.6
2021-07-09	37550.18
2021-07-10	37550.18
2021-07-11	37550.18
2021-07-12	37728.77
2021-07-13	37869.26
2021-07-14	37893.82
2021-07-15	37842.46
2021-07-16	37659.91
2021-07-17	37659.91
2021-07-18	37659.91
2021-07-19	37283.34
2021-07-20	37649.64
2021-07-21	37954.92
2021-07-22	37980.81
2021-07-23	38445.16
2021-07-24	38445.16
2021-07-25	38445.16
2021-07-26	38375.94
2021-07-27	38143.82
2021-07-28	38341.25
2021-07-29	38316.44
2021-07-30	38259.73
2021-07-31	38259.73
2021-08-01	38259.73
2021-08-02	38211.34
2021-08-03	38282.33
2021-08-04	38264.72
2021-08-05	38392.69
2021-08-06	38608.75
2021-08-07	38608.75
2021-08-08	38608.75
2021-08-09	38682.82
2021-08-10	38656.78
2021-08-11	38600.5
2021-08-12	38785.37
2021-08-13	38768.18
2021-08-14	38768.18
2021-08-15	38768.18
2021-08-16	38939.58
2021-08-17	38975.09
2021-08-18	38701.11
2021-08-19	38759.08
2021-08-20	39037.75
2021-08-21	39037.75
2021-08-22	39037.75
2021-08-23	39178.87
2021-08-24	39092.04
2021-08-25	39114.26
2021-08-26	39017.15
2021-08-27	39109.77
2021-08-28	39109.77
2021-08-29	39109.77
2021-08-30	39240.89
2021-08-31	39188.97
2021-09-01	39142.49
2021-09-02	39025.85
2021-09-03	38887.39
2021-09-04	38887.39
2021-09-05	38887.39
2021-09-06	39033.09
2021-09-07	39166.51
2021-09-08	39125.66
2021-09-09	38908.71
2021-09-10	38802.59
2021-09-11	38802.59
2021-09-12	38802.59
2021-09-13	38833.68
2021-09-14	38850.86
2021-09-15	38862.44
2021-09-16	39010.96
2021-09-17	38795.89
2021-09-18	38795.89
2021-09-19	38795.89
2021-09-20	38247.38
2021-09-21	38398.86
2021-09-22	38568.21
2021-09-23	38825.71
2021-09-24	38991.42
2021-09-25	38991.42
2021-09-26	38991.42
2021-09-27	38788.95
2021-09-28	38138.28
2021-09-29	38198.75
2021-09-30	37833.14
2021-10-01	37948.07
2021-10-02	37948.07
2021-10-03	37948.07
2021-10-04	37401.58
2021-10-05	37728.86
2021-10-06	37869.31
2021-10-07	38073.76
2021-10-08	38050.86
2021-10-09	38050.86
2021-10-10	38050.86
2021-10-11	37695.1
2021-10-12	37527.96
2021-10-13	37593.13
2021-10-14	37944.83
2021-10-15	38276.15
2021-10-16	38276.15
2021-10-17	38276.15
2021-10-18	38332.7
2021-10-19	38380.33
2021-10-20	38352.98
2021-10-21	38420.69
2021-10-22	38478.19
2021-10-23	38478.19
2021-10-24	38478.19
2021-10-25	38458.54
2021-10-26	38476.3
2021-10-27	38361.77
2021-10-28	38511.61
2021-10-29	38674.53
2021-10-30	38674.53
2021-10-31	38674.53
2021-11-01	38650.11
2021-11-02	39095.81
2021-11-03	39236.05
2021-11-04	39491.01
2021-11-05	39613.57
2021-11-06	39613.57
2021-11-07	39613.57
2021-11-08	39632.16
2021-11-09	39689.57
2021-11-10	39549.83
2021-11-11	39645.16
2021-11-12	39893.47
2021-11-13	39893.47
2021-11-14	39893.47
2021-11-15	39828.81
2021-11-16	40042.62
2021-11-17	40046.09
2021-11-18	40186.47
2021-11-19	40107.69
2021-11-20	40107.69
2021-11-21	40107.69
2021-11-22	39948.78
2021-11-23	39993.26
2021-11-24	40095.86
2021-11-25	40150.64
2021-11-26	39491.05
2021-11-27	39491.05
2021-11-28	39491.05
2021-11-29	39690.94
2021-11-30	39278.16
2021-12-01	39093.88
2021-12-02	39426.54
2021-12-03	39459.93
2021-12-04	39459.93
2021-12-05	39459.93
2021-12-06	39732.51
2021-12-07	40276.4
2021-12-08	40275.81
2021-12-09	40246.18
2021-12-10	40297.09
2021-12-11	40297.09
2021-12-12	40297.09
2021-12-13	40259.08
2021-12-14	39961.36
2021-12-15	40324.2
2021-12-16	40056.2
2021-12-17	39775.38
2021-12-18	39775.38
2021-12-19	39775.38
2021-12-20	39470.53
2021-12-21	39951.62
2021-12-22	40055.31
2021-12-23	40217.88
2021-12-24	40269.74
2021-12-25	40269.74
2021-12-26	40269.74
2021-12-27	40597.99
2021-12-28	40619.0
2021-12-29	40510.87
2021-12-30	40473.89
2021-12-31	40342.16
2022-01-01	40342.16
2022-01-02	40342.16
2022-01-03	40810.62
2022-01-04	40677.18
2022-01-05	40173.65
2022-01-06	40307.85
2022-01-07	40232.73
2022-01-08	40232.73
2022-01-09	40232.73
2022-01-10	39997.33
2022-01-11	40148.44
2022-01-12	40015.23
2022-01-13	39556.73
2022-01-14	39539.49
2022-01-15	39539.49
2022-01-16	39539.49
2022-01-17	39656.72
2022-01-18	39050.42
2022-01-19	38657.87
2022-01-20	38423.14
2022-01-21	38076.75
2022-01-22	38076.75
2022-01-23	38076.75
2022-01-24	38015.7
2022-01-25	37620.86
2022-01-26	37747.57
2022-01-27	37946.7
2022-01-28	38835.87
2022-01-29	38835.87
2022-01-30	38835.87
2022-01-31	39249.68
2022-02-01	39431.49
2022-02-02	39795.12
2022-02-03	38857.46
2022-02-04	39214.13
2022-02-05	39214.13
2022-02-06	39214.13
2022-02-07	38915.59
2022-02-08	39008.76
2022-02-09	39306.65
2022-02-10	38781.65
2022-02-11	38312.72
2022-02-12	38312.72
2022-02-13	38312.72
2022-02-14	38233.11
2022-02-15	38621.83
2022-02-16	38638.67
2022-02-17	37939.85
2022-02-18	37679.49
2022-02-19	37679.49
2022-02-20	37679.49
2022-02-21	37433.29
2022-02-22	37165.98
2022-02-23	36682.49
2022-02-24	37083.88
2022-02-25	37437.59
2022-02-26	37437.59
2022-02-27	37437.59
2022-02-28	37214.8
2022-03-01	36480.36
2022-03-02	36879.42
2022-03-03	36413.84
2022-03-04	35648.48
2022-03-05	35648.48
2022-03-06	35648.48
2022-03-07	34736.84
2022-03-08	34643.47
2022-03-09	35575.35
2022-03-10	35291.62
2022-03-11	35037.5
2022-03-12	35037.5
2022-03-13	35037.5
2022-03-14	35166.35
2022-03-15	35745.42
2022-03-16	36589.49
2022-03-17	36620.11
2022-03-18	36905.31
2022-03-19	36905.31
2022-03-20	36905.31
2022-03-21	36774.9
2022-03-22	37118.79
2022-03-23	36606.91
2022-03-24	36816.96
2022-03-25	36913.51
2022-03-26	36913.51
2022-03-27	36913.51
2022-03-28	37144.06
2022-03-29	37659.06
2022-03-30	37436.54
2022-03-31	36933.81
2022-04-01	36972.8
2022-04-02	36972.8
2022-04-03	36972.8
2022-04-04	37115.27
2022-04-05	36512.92
2022-04-06	36246.61
2022-04-07	36448.8
2022-04-08	36477.01
2022-04-09	36477.01
2022-04-10	36477.01
2022-04-11	36037.42
2022-04-12	35685.04
2022-04-13	36143.15
2022-04-14	35860.83
2022-04-15	35835.63
2022-04-16	35835.63
2022-04-17	35835.63
2022-04-18	36029.85
2022-04-19	36313.47
2022-04-20	36240.01
2022-04-21	36125.72
2022-04-22	35731.4
2022-04-23	35731.4
2022-04-24	35731.4
2022-04-25	36069.14
2022-04-26	35224.31
2022-04-27	35401.56
2022-04-28	36242.75
2022-04-29	35520.62
2022-04-30	35520.62
2022-05-01	35520.62
2022-05-02	35620.06
2022-05-03	35558.03
2022-05-04	36057.59
2022-05-05	35264.36
2022-05-06	34976.32
2022-05-07	34976.32
2022-05-08	34976.32
2022-05-09	34439.52
2022-05-10	34592.43
2022-05-11	34215.76
2022-05-12	34350.98
2022-05-13	34913.14
2022-05-14	34913.14
2022-05-15	34913.14
2022-05-16	34771.92
2022-05-17	35203.92
2022-05-18	34278.36
2022-05-19	33768.09
2022-05-20	33911.32
2022-05-21	33911.32
2022-05-22	33911.32
2022-05-23	34345.24
2022-05-24	34160.92
2022-05-25	34168.96
2022-05-26	34671.46
2022-05-27	35201.43
2022-05-28	35201.43
2022-05-29	35201.43
2022-05-30	35270.78
2022-05-31	35234.66
2022-06-01	34947.82
2022-06-02	35171.89
2022-06-03	34816.79
2022-06-04	34816.79
2022-06-05	34816.79
2022-06-06	34910.64
2022-06-07	35069.92
2022-06-08	34920.51
2022-06-09	34445.52
2022-06-10	33718.39
2022-06-11	33718.39
2022-06-12	33718.39
2022-06-13	33117.99
2022-06-14	32995.94
2022-06-15	33152.24
2022-06-16	32461.75
2022-06-17	32600.7
2022-06-18	32600.7
2022-06-19	32600.7
2022-06-20	32517.14
2022-06-21	33044.79
2022-06-22	33171.32
2022-06-23	33526.74
2022-06-24	34320.19
2022-06-25	34320.19
2022-06-26	34320.19
2022-06-27	34328.54
2022-06-28	33844.73
2022-06-29	34017.27
2022-06-30	33803.43
2022-07-01	34230.84
2022-07-02	34230.84
2022-07-03	34230.84
2022-07-04	34088.62
2022-07-05	34263.76
2022-07-06	34507.87
2022-07-07	34728.39
2022-07-08	34653.82
2022-07-09	34653.82
2022-07-10	34653.82
2022-07-11	34739.06
2022-07-12	34424.54
2022-07-13	34194.6
2022-07-14	34324.47
2022-07-15	34684.33
2022-07-16	34684.33
2022-07-17	34684.33
2022-07-18	34392.69
2022-07-19	34807.95
2022-07-20	34989.99
2022-07-21	35344.58
2022-07-22	34992.59
2022-07-23	34992.59
2022-07-24	34992.59
2022-07-25	34890.19
2022-07-26	34606.45
2022-07-27	35142.94
2022-07-28	35515.02
2022-07-29	35813.64
2022-07-30	35813.64
2022-07-31	35813.64
2022-08-01	35575.68
2022-08-02	35569.99
2022-08-03	36076.5
2022-08-04	36078.04
2022-08-05	36109.13
2022-08-06	36109.13
2022-08-07	36109.13
2022-08-08	35741.24
2022-08-09	35687.85
2022-08-10	35875.34
2022-08-11	35797.31
2022-08-12	36208.51
2022-08-13	36208.51
2022-08-14	36208.51
2022-08-15	36589.96
2022-08-16	36711.43
2022-08-17	36798.89
2022-08-18	36770.35
2022-08-19	36650.04
2022-08-20	36650.04
2022-08-21	36650.04
2022-08-22	36009.9
2022-08-23	35570.05
2022-08-24	35711.64
2022-08-25	35973.84
2022-08-26	35194.97
2022-08-27	35194.97
2022-08-28	35194.97
2022-08-29	34983.19
2022-08-30	34829.58
2022-08-31	34613.16
2022-09-01	34821.7
2022-09-02	34499.57
2022-09-03	34499.57
2022-09-04	34499.57
2022-09-05	34557.03
2022-09-06	34550.8
2022-09-07	34928.44
2022-09-08	35097.31
2022-09-09	35252.86
2022-09-10	35252.86
2022-09-11	35252.86
2022-09-12	35473.06
2022-09-13	34687.99
2022-09-14	34734.0
2022-09-15	34538.64
2022-09-16	34315.61
2022-09-17	34315.61
2022-09-18	34315.61
2022-09-19	34446.12
2022-09-20	34194.3
2022-09-21	33892.36
2022-09-22	33702.88
2022-09-23	33550.62
2022-09-24	33550.62
2022-09-25	33550.62
2022-09-26	33422.1
2022-09-27	33327.91
2022-09-28	33601.89
2022-09-29	33184.01
2022-09-30	32891.59
2022-10-01	32891.59
2022-10-02	32891.59
2022-10-03	33181.4
2022-10-04	34159.42
2022-10-05	34394.06
2022-10-06	34165.38
2022-10-07	33544.66
2022-10-08	33544.66
2022-10-09	33544.66
2022-10-10	33615.92
2022-10-11	33336.82
2022-10-12	33364.96
2022-10-13	34107.81
2022-10-14	33717.18
2022-10-15	33717.18
2022-10-16	33717.18
2022-10-17	34207.97
2022-10-18	34558.21
2022-10-19	34359.14
2022-10-20	33997.18
2022-10-21	34557.53
2022-10-22	34557.53
2022-10-23	34557.53
2022-10-24	34992.88
2022-10-25	35098.9
2022-10-26	34690.47
2022-10-27	34422.13
2022-10-28	35189.73
2022-10-29	35189.73
2022-10-30	35189.73
2022-10-31	35154.13
2022-11-01	35168.92
2022-11-02	34584.11
2022-11-03	34448.79
2022-11-04	34618.67
2022-11-05	34618.67
2022-11-06	34618.67
2022-11-07	34842.51
2022-11-08	34902.76
2022-11-09	34741.21
2022-11-10	35624.89
2022-11-11	35780.48
2022-11-12	35780.48
2022-11-13	35780.48
2022-11-14	35615.65
2022-11-15	35726.61
2022-11-16	35579.74
2022-11-17	35862.19
2022-11-18	35926.54
2022-11-19	35926.54
2022-11-20	35926.54
2022-11-21	36139.9
2022-11-22	36246.97
2022-11-23	36206.18
2022-11-24	36084.09
2022-11-25	36102.43
2022-11-26	36102.43
2022-11-27	36102.43
2022-11-28	35866.73
2022-11-29	35830.58
2022-11-30	36688.29
2022-12-01	36578.36
2022-12-02	36579.47
2022-12-03	36579.47
2022-12-04	36579.47
2022-12-05	36340.59
2022-12-06	35986.51
2022-12-07	35779.97
2022-12-08	35920.71
2022-12-09	35758.57
2022-12-10	35758.57
2022-12-11	35758.57
2022-12-12	36210.66
2022-12-13	36160.87
2022-12-14	36168.71
2022-12-15	35673.83
2022-12-16	35375.23
2022-12-17	35375.23
2022-12-18	35375.23
2022-12-19	35072.56
2022-12-20	35201.94
2022-12-21	35500.17
2022-12-22	35253.62
2022-12-23	35241.62
2022-12-24	35241.62
2022-12-25	35241.62
2022-12-26	35241.85
2022-12-27	35118.87
2022-12-28	34794.29
2022-12-29	35212.4
2022-12-30	35040.21
2022-12-31	35040.21
2023-01-01	35040.21
2023-01-02	35101.39
2023-01-03	35271.31
2023-01-04	35321.91
2023-01-05	35382.33
2023-01-06	35645.65
2023-01-07	35645.65
2023-01-08	35645.65
2023-01-09	35501.62
2023-01-10	35819.81
2023-01-11	36108.15
2023-01-12	36112.09
2023-01-13	36270.74
2023-01-14	36270.74
2023-01-15	36270.74
2023-01-16	36291.45
2023-01-17	36202.06
2023-01-18	35820.58
2023-01-19	35918.39
2023-01-20	36176.18
2023-01-21	36176.18
2023-01-22	36176.18
2023-01-23	36308.49
2023-01-24	36122.49
2023-01-25	36123.09
2023-01-26	36322.23
2023-01-27	36342.06
2023-01-28	36342.06
2023-01-29	36342.06
2023-01-30	36020.19
2023-01-31	36348.9
2023-02-01	36535.22
2023-02-02	36954.48
2023-02-03	37238.97
2023-02-04	37238.97
2023-02-05	37238.97
2023-02-06	37297.15
2023-02-07	37426.11
2023-02-08	37069.22
2023-02-09	36837.69
2023-02-10	36882.94
2023-02-11	36882.94
2023-02-12	36882.94
2023-02-13	37111.99
2023-02-14	37105.5
2023-02-15	37410.92
2023-02-16	37117.61
2023-02-17	37081.25
2023-02-18	37081.25
2023-02-19	37081.25
2023-02-20	36884.51
2023-02-21	36458.65
2023-02-22	36562.03
2023-02-23	36676.32
2023-02-24	36529.16
2023-02-25	36529.16
2023-02-26	36529.16
2023-02-27	36665.46
2023-02-28	36543.88
2023-03-01	36379.07
2023-03-02	36690.67
2023-03-03	37134.79
2023-03-04	37134.79
2023-03-05	37134.79
2023-03-06	37342.52
2023-03-07	37344.54
2023-03-08	37313.97
2023-03-09	36869.37
2023-03-10	36491.28
2023-03-11	36491.28
2023-03-12	36491.28
2023-03-13	36231.81
2023-03-14	36729.71
2023-03-15	36621.32
2023-03-16	37031.48
2023-03-17	36775.26
2023-03-18	36775.26
2023-03-19	36775.26
2023-03-20	36786.35
2023-03-21	37351.58
2023-03-22	37069.57
2023-03-23	37199.97
2023-03-24	37361.43
2023-03-25	37361.43
2023-03-26	37361.43
2023-03-27	37442.39
2023-03-28	37196.84
2023-03-29	37658.47
2023-03-30	37845.35
2023-03-31	38280.89
2023-04-01	38280.89
2023-04-02	38280.89
2023-04-03	38066.15
2023-04-04	38140.2
2023-04-05	38161.56
2023-04-06	38404.2
2023-04-07	38417.22
2023-04-08	38417.22
2023-04-09	38417.22
2023-04-10	38503.38
2023-04-11	38446.65
2023-04-12	38284.76
2023-04-13	38534.18
2023-04-14	38825.4
2023-04-15	38825.4
2023-04-16	38825.4
2023-04-17	38945.32
2023-04-18	38845.13
2023-04-19	38836.53
2023-04-20	38644.69
2023-04-21	39017.05
2023-04-22	39017.05
2023-04-23	39017.05
2023-04-24	39012.28
2023-04-25	38716.12
2023-04-26	38712.65
2023-04-27	39177.11
2023-04-28	39473.85
2023-04-29	39473.85
2023-04-30	39473.85
2023-05-01	39337.79
2023-05-02	39065.46
2023-05-03	38844.52
2023-05-04	38631.47
2023-05-05	38833.83
2023-05-06	38833.83
2023-05-07	38833.83
2023-05-08	38738.92
2023-05-09	38671.1
2023-05-10	38755.44
2023-05-11	38941.72
2023-05-12	39047.61
2023-05-13	39047.61
2023-05-14	39047.61
2023-05-15	39037.49
2023-05-16	39056.55
2023-05-17	39375.67
2023-05-18	39821.77
2023-05-19	39638.01
2023-05-20	39638.01
2023-05-21	39638.01
2023-05-22	39673.49
2023-05-23	39309.05
2023-05-24	39232.36
2023-05-25	39610.74
2023-05-26	40128.12
2023-05-27	40128.12
2023-05-28	40128.12
2023-05-29	40006.56
2023-05-30	39942.9
2023-05-31	39814.04
2023-06-01	39841.59
2023-06-02	40109.86
2023-06-03	40109.86
2023-06-04	40109.86
2023-06-05	40019.2
2023-06-06	39926.74
2023-06-07	39643.78
2023-06-08	39652.66
2023-06-09	39597.77
2023-06-10	39597.77
2023-06-11	39597.77
2023-06-12	39912.61
2023-06-13	39934.23
2023-06-14	39915.87
2023-06-15	40143.27
2023-06-16	40008.92
2023-06-17	40008.92
2023-06-18	40008.92
2023-06-19	40038.06
2023-06-20	40086.37
2023-06-21	39861.55
2023-06-22	39997.09
2023-06-23	39988.46
2023-06-24	39988.46
2023-06-25	39988.46
2023-06-26	39800.57
2023-06-27	39998.0
2023-06-28	40352.89
2023-06-29	40430.48
2023-06-30	40886.65
2023-07-01	40886.65
2023-07-02	40886.65
2023-07-03	40737.26
2023-07-04	40680.1
2023-07-05	40670.81
2023-07-06	40456.41
2023-07-07	40066.01
2023-07-08	40066.01
2023-07-09	40066.01
2023-07-10	40207.15
2023-07-11	40389.84
2023-07-12	40285.69
2023-07-13	40345.88
2023-07-14	40531.49
2023-07-15	40531.49
2023-07-16	40531.49
2023-07-17	40643.82
2023-07-18	40767.26
2023-07-19	41021.38
2023-07-20	40746.39
2023-07-21	41007.1
2023-07-22	41007.1
2023-07-23	41007.1
2023-07-24	41062.82
2023-07-25	40928.99
2023-07-26	40928.04
2023-07-27	40928.33
2023-07-28	41525.93
2023-07-29	41525.93
2023-07-30	41525.93
2023-07-31	41290.89
2023-08-01	41545.33
2023-08-02	41298.36
2023-08-03	41163.87
2023-08-04	40886.02
2023-08-05	40886.02
2023-08-06	40886.02
2023-08-07	41230.53
2023-08-08	41285.65
2023-08-09	41017.1
2023-08-10	40951.9
2023-08-11	40944.98
2023-08-12	40944.98
2023-08-13	40944.98
2023-08-14	41165.62
2023-08-15	40790.09
2023-08-16	40664.47
2023-08-17	40562.92
2023-08-18	40474.9
2023-08-19	40474.9
2023-08-20	40474.9
2023-08-21	40659.85
2023-08-22	40538.79
2023-08-23	40805.85
2023-08-24	40494.96
2023-08-25	40753.51
2023-08-26	40753.51
2023-08-27	40753.51
2023-08-28	40894.11
2023-08-29	41331.38
2023-08-30	41272.65
2023-08-31	41252.14
2023-09-01	41348.97
2023-09-02	41348.97
2023-09-03	41348.97
2023-09-04	41381.64
2023-09-05	41470.92
2023-09-06	41150.56
2023-09-07	40955.19
2023-09-08	40910.27
2023-09-09	40910.27
2023-09-10	40910.27
2023-09-11	40850.34
2023-09-12	40725.85
2023-09-13	40782.3
2023-09-14	40915.75
2023-09-15	40686.85
2023-09-16	40686.85
2023-09-17	40686.85
2023-09-18	40653.61
2023-09-19	40390.31
2023-09-20	40015.94
2023-09-21	39706.79
2023-09-22	39480.83
2023-09-23	39480.83
2023-09-24	39480.83
2023-09-25	39671.71
2023-09-26	39165.99
2023-09-27	39259.24
2023-09-28	39309.8
2023-09-29	39201.37
2023-09-30	39201.37
2023-10-01	39201.37
2023-10-02	39504.28
2023-10-03	39294.98
2023-10-04	39495.75
2023-10-05	39335.43
2023-10-06	39702.91
2023-10-07	39702.91
2023-10-08	39702.91
2023-10-09	39679.44
2023-10-10	39826.81
2023-10-11	39940.44
2023-10-12	40140.8
2023-10-13	39995.27
2023-10-14	39995.27
2023-10-15	39995.27
2023-10-16	40085.02
2023-10-17	40052.57
2023-10-18	39584.61
2023-10-19	39535.69
2023-10-20	39158.36
2023-10-21	39158.36
2023-10-22	39158.36
2023-10-23	39142.3
2023-10-24	39256.42
2023-10-25	38976.26
2023-10-26	38488.09
2023-10-27	38277.13
2023-10-28	38277.13
2023-10-29	38277.13
2023-10-30	38602.9
2023-10-31	38925.58
2023-11-01	39179.25
2023-11-02	39561.35
2023-11-03	39614.46
2023-11-04	39614.46
2023-11-05	39614.46
2023-11-06	39767.15
2023-11-07	40167.93
2023-11-08	40232.77
2023-11-09	40110.2
2023-11-10	40648.79
2023-11-11	40648.79
2023-11-12	40648.79
2023-11-13	40530.19
2023-11-14	40714.45
2023-11-15	40791.14
2023-11-16	41053.34
2023-11-17	40966.79
2023-11-18	40966.79
2023-11-19	40966.79
2023-11-20	41054.4
2023-11-21	40945.66
2023-11-22	41227.53
2023-11-23	41139.49
2023-11-24	41055.21
2023-11-25	41055.21
2023-11-26	41055.21
2023-11-27	40874.41
2023-11-28	40710.46
2023-11-29	40788.13
2023-11-30	40843.09
2023-12-01	40923.4
2023-12-02	40923.4
2023-12-03	40923.4
2023-12-04	40830.07
2023-12-05	41020.98
2023-12-06	40902.99
2023-12-07	41087.53
2023-12-08	41249.23
2023-12-09	41249.23
2023-12-10	41249.23
2023-12-11	41479.72
2023-12-12	41715.52
2023-12-13	41980.1
2023-12-14	41724.11
2023-12-15	41694.44
2023-12-16	41694.44
2023-12-17	41694.44
2023-12-18	41891.71
2023-12-19	41872.38
2023-12-20	41531.59
2023-12-21	41752.16
2023-12-22	41632.6
2023-12-23	41632.6
2023-12-24	41632.6
2023-12-25	41630.73
2023-12-26	41728.73
2023-12-27	41687.65
2023-12-28	41762.7
2023-12-29	41842.55
2023-12-30	41842.55
2023-12-31	41842.55
2024-01-01	41841.8
2024-01-02	41766.65
2024-01-03	41669.88
2024-01-04	41589.58
2024-01-05	41486.16
2024-01-06	41486.16
2024-01-07	41486.16
2024-01-08	41998.6
2024-01-09	42034.16
2024-01-10	42225.86
2024-01-11	42372.71
2024-01-12	42325.65
2024-01-13	42325.65
2024-01-14	42325.65
2024-01-15	42413.04
2024-01-16	42391.77
2024-01-17	42497.52
2024-01-18	42789.8
2024-01-19	43163.47
2024-01-20	43163.47
2024-01-21	43163.47
2024-01-22	43217.55
2024-01-23	43460.07
2024-01-24	43595.39
2024-01-25	43846.06
2024-01-26	43833.22
2024-01-27	43833.22
2024-01-28	43833.22
2024-01-29	44085.32
2024-01-30	44173.38
2024-01-31	43408.68
2024-02-01	43994.1
2024-02-02	44494.67
2024-02-03	44494.67
2024-02-04	44494.67
2024-02-05	44617.63
2024-02-06	44565.81
2024-02-07	44747.71
2024-02-08	44874.88
2024-02-09	44951.56
2024-02-10	44951.56
2024-02-11	44951.56
2024-02-12	44855.47
2024-02-13	44653.93
2024-02-14	44821.44
2024-02-15	44829.26
2024-02-16	44764.77
2024-02-17	44764.77
2024-02-18	44764.77
2024-02-19	44739.79
2024-02-20	44382.75
2024-02-21	44567.54
2024-02-22	45287.38
2024-02-23	45307.51
2024-02-24	45307.51
2024-02-25	45307.51
2024-02-26	45206.47
2024-02-27	45263.26
2024-02-28	45388.86
2024-02-29	45495.19
2024-03-01	45671.45
2024-03-02	45671.45
2024-03-03	45671.45
2024-03-04	45690.33
2024-03-05	45287.02
2024-03-06	45234.72
2024-03-07	45475.95
2024-03-08	45267.54
2024-03-09	45267.54
2024-03-10	45267.54
2024-03-11	45280.76
2024-03-12	45674.03
2024-03-13	45573.62
2024-03-14	45703.6
2024-03-15	45397.49
2024-03-16	45397.49
2024-03-17	45397.49
2024-03-18	45651.47
2024-03-19	45884.32
2024-03-20	46207.92
2024-03-21	46285.87
2024-03-22	46416.4
2024-03-23	46416.4
2024-03-24	46416.4
2024-03-25	46109.07
2024-03-26	46077.41
2024-03-27	46367.68
2024-03-28	46383.43
2024-03-29	46400.61
2024-03-30	46400.61
2024-03-31	46400.61
2024-04-01	46511.1
2024-04-02	46186.82
2024-04-03	46035.41
2024-04-04	45406.62
2024-04-05	45778.34
2024-04-06	45778.34
2024-04-07	45778.34
2024-04-08	45765.47
2024-04-09	45700.66
2024-04-10	45855.96
2024-04-11	46128.77
2024-04-12	45860.18
2024-04-13	45860.18
2024-04-14	45860.18
2024-04-15	45540.79
2024-04-16	45592.97
2024-04-17	45297.12
2024-04-18	45143.83
2024-04-19	44843.61
2024-04-20	44843.61
2024-04-21	44843.61
2024-04-22	45171.75
2024-04-23	45542.26
2024-04-24	45562.83
2024-04-25	45318.41
2024-04-26	45788.65
2024-04-27	45788.65
2024-04-28	45788.65
2024-04-29	45604.42
2024-04-30	45375.78
2024-05-01	45275.12
2024-05-02	45234.91
2024-05-03	45446.74
2024-05-04	45446.74
2024-05-05	45446.74
2024-05-06	45758.48
2024-05-07	45989.83
2024-05-08	46191.24
2024-05-09	46271.75
2024-05-10	46478.9
2024-05-11	46478.9
2024-05-12	46478.9
2024-05-13	46438.18
2024-05-14	46541.87
2024-05-15	46854.38
2024-05-16	46793.92
2024-05-17	46712.57
2024-05-18	46712.57
2024-05-19	46712.57
2024-05-20	46838.32
2024-05-21	46891.12
2024-05-22	46973.2
2024-05-23	46843.68
2024-05-24	46977.24
2024-05-25	46977.24
2024-05-26	46977.24
2024-05-27	46893.9
2024-05-28	46821.64
2024-05-29	46672.31
2024-05-30	46319.07
2024-05-31	46501.46
2024-06-01	46501.46
2024-06-02	46501.46
2024-06-03	46591.34
2024-06-04	46805.78
2024-06-05	47429.81
2024-06-06	47474.66
2024-06-07	47647.16
2024-06-08	47647.16
2024-06-09	47647.16
2024-06-10	47595.96
2024-06-11	47657.16
2024-06-12	47606.35
2024-06-13	47781.55
2024-06-14	47844.12
2024-06-15	47844.12
2024-06-16	47844.12
2024-06-17	48158.03
2024-06-18	48080.44
2024-06-19	47944.1
2024-06-20	47933.86
2024-06-21	47927.35
2024-06-22	47927.35
2024-06-23	47927.35
2024-06-24	47747.23
2024-06-25	47986.19
2024-06-26	48018.21
2024-06-27	47954.12
2024-06-28	47653.83
2024-06-29	47653.83
2024-06-30	47653.83
2024-07-01	47948.05
2024-07-02	48118.36
2024-07-03	48134.98
2024-07-04	48191.72
2024-07-05	48384.83
2024-07-06	48384.83
2024-07-07	48384.83
2024-07-08	48345.43
2024-07-09	48377.51
2024-07-10	48758.97
2024-07-11	48256.47
2024-07-12	48418.4
2024-07-13	48418.4
2024-07-14	48418.4
2024-07-15	48461.72
2024-07-16	48731.2
2024-07-17	48090.35
2024-07-18	47487.96
2024-07-19	47383.23
2024-07-20	47383.23
2024-07-21	47383.23
2024-07-22	48058.35
2024-07-23	48171.01
2024-07-24	47295.58
2024-07-25	47008.73
2024-07-26	47397.87
2024-07-27	47397.87
2024-07-28	47397.87
2024-07-29	47526.61
2024-07-30	47279.76
2024-07-31	48080.81
2024-08-01	47555.17
2024-08-02	46605.08
2024-08-03	46605.08
2024-08-04	46605.08
2024-08-05	45490.65
2024-08-06	45691.84
2024-08-07	45437.91
2024-08-08	46040.03
2024-08-09	46231.28
2024-08-10	46231.28
2024-08-11	46231.28
2024-08-12	46201.15
2024-08-13	46883.14
2024-08-14	47057.36
2024-08-15	47658.95
2024-08-16	47849.07
2024-08-17	47849.07
2024-08-18	47849.07
2024-08-19	47879.08
2024-08-20	47759.37
2024-08-21	47865.13
2024-08-22	47693.26
2024-08-23	47808.51
2024-08-24	47808.51
2024-08-25	47808.51
2024-08-26	47592.38
2024-08-27	47644.49
2024-08-28	47399.18
2024-08-29	47446.14
2024-08-30	47803.43
2024-08-31	47803.43
2024-09-01	47803.43
2024-09-02	47771.36
2024-09-03	47230.46
2024-09-04	46893.53
2024-09-05	46784.75
2024-09-06	46169.06
2024-09-07	46169.06
2024-09-08	46169.06
2024-09-09	46604.38
2024-09-10	46776.71
2024-09-11	47253.67
2024-09-12	47411.61
2024-09-13	47486.75
2024-09-14	47486.75
2024-09-15	47486.75
2024-09-16	47390.05
2024-09-17	47286.8
2024-09-18	47076.77
2024-09-19	47677.64
2024-09-20	47480.49
2024-09-21	47480.49
2024-09-22	47480.49
2024-09-23	47301.76
2024-09-24	47384.07
2024-09-25	47420.51
2024-09-26	47860.94
2024-09-27	47595.21
2024-09-28	47595.21
2024-09-29	47595.21
2024-09-30	47565.08
2024-10-01	47439.95
2024-10-02	47488.63
2024-10-03	47501.95
2024-10-04	48031.02
2024-10-05	48031.02
2024-10-06	48031.02
2024-10-07	47987.51
2024-10-08	48305.89
2024-10-09	48664.61
2024-10-10	48549.93
2024-10-11	48789.49
2024-10-12	48789.49
2024-10-13	48789.49
2024-10-14	49166.4
2024-10-15	48739.57
2024-10-16	48962.13
2024-10-17	48943.37
2024-10-18	49145.36
2024-10-19	49145.36
2024-10-20	49145.36
2024-10-21	49198.45
2024-10-22	49095.45
2024-10-23	48837.02
2024-10-24	48804.32
2024-10-25	48752.2
2024-10-26	48752.2
2024-10-27	48752.2
2024-10-28	49122.18
2024-10-29	49382.53
2024-10-30	49079.56
2024-10-31	48429.32
2024-11-01	48463.05
2024-11-02	48463.05
2024-11-03	48463.05
2024-11-04	48217.84
2024-11-05	48403.89
2024-11-06	49447.08
2024-11-07	49334.91
2024-11-08	49667.87
2024-11-09	49667.87
2024-11-10	49667.87
2024-11-11	49918.77
2024-11-12	49856.12
2024-11-13	49962.06
2024-11-14	50024.27
2024-11-15	49516.07
2024-11-16	49516.07
2024-11-17	49516.07
2024-11-18	49406.97
2024-11-19	49427.7
2024-11-20	49423.57
2024-11-21	49398.98
2024-11-22	49553.79
2024-11-23	49553.79
2024-11-24	49553.79
2024-11-25	49799.61
2024-11-26	50133.33
2024-11-27	49971.89
2024-11-28	49972.74
2024-11-29	50212.27
2024-11-30	50212.27
2024-12-01	50212.27
2024-12-02	50785.72
2024-12-03	50815.99
2024-12-04	51247.72
2024-12-05	51268.01
2024-12-06	51681.52
2024-12-07	51681.52
2024-12-08	51681.52
2024-12-09	51183.78
2024-12-10	51514.87
2024-12-11	51993.64
2024-12-12	51866.35
2024-12-13	51857.23
2024-12-14	51857.23
2024-12-15	51857.23
2024-12-16	52110.44
2024-12-17	52157.26
2024-12-18	51462.89
2024-12-19	51343.04
2024-12-20	51542.12
2024-12-21	51542.12
2024-12-22	51542.12
2024-12-23	51975.3
2024-12-24	52407.37
2024-12-25	52403.21
2024-12-26	52512.43
2024-12-27	52247.26
2024-12-28	52247.26
2024-12-29	52247.26
2024-12-30	51766.09
2024-12-31	51713.87
2025-01-01	51713.29
2025-01-02	51609.51
2025-01-03	51961.2
2025-01-04	51961.2
2025-01-05	51961.2
2025-01-06	52251.36
2025-01-07	51883.59
2025-01-08	52034.77
2025-01-09	52169.36
2025-01-10	51641.06
2025-01-11	51641.06
2025-01-12	51641.06
2025-01-13	51509.47
2025-01-14	51235.96
2025-01-15	51835.47
2025-01-16	51949.78
2025-01-17	52360.34
2025-01-18	52360.34
2025-01-19	52360.34
2025-01-20	52280.77
2025-01-21	52583.96
2025-01-22	52943.33
2025-01-23	53153.52
2025-01-24	52922.33
2025-01-25	52922.33
2025-01-26	52922.33
2025-01-27	52465.56
2025-01-28	53031.03
2025-01-29	53106.46
2025-01-30	53360.99
2025-01-31	53175.09
2025-02-01	53175.09
2025-02-02	53175.09
2025-02-03	52911.09
2025-02-04	52917.01
2025-02-05	52814.68
2025-02-06	53137.01
2025-02-07	52730.8
2025-02-08	52730.8
2025-02-09	52730.8
2025-02-10	52949.71
2025-02-11	53015.36
2025-02-12	53018.37
2025-02-13	53410.07
2025-02-14	53258.85
2025-02-15	53258.85
2025-02-16	53258.85
2025-02-17	53290.68
2025-02-18	53420.12
2025-02-19	53478.41
2025-02-20	53038.26
2025-02-21	52757.85
2025-02-22	52757.85
2025-02-23	52757.85
2025-02-24	52531.33
2025-02-25	52406.72
2025-02-26	52562.12
2025-02-27	52250.18
2025-02-28	52895.0
2025-03-01	52895.0
2025-03-02	52895.0
2025-03-03	52313.16
2025-03-04	51827.68
2025-03-05	51925.27
2025-03-06	51190.21
2025-03-07	51364.81
2025-03-08	51364.81
2025-03-09	51364.81
2025-03-10	50107.35
2025-03-11	49855.17
2025-03-12	49925.48
2025-03-13	49481.19
2025-03-14	50108.35
2025-03-15	50108.35
2025-03-16	50108.35
2025-03-17	50179.4
2025-03-18	50020.64
2025-03-19	50506.14
2025-03-20	50577.83
2025-03-21	50698.73
2025-03-22	50698.73
2025-03-23	50698.73
2025-03-24	51119.87
2025-03-25	51141.35
2025-03-26	50608.03
2025-03-27	50400.83
2025-03-28	49569.52
2025-03-29	49569.52
2025-03-30	49569.52
2025-03-31	49793.49
2025-04-01	49761.59
2025-04-02	49715.39
2025-04-03	47511.54
2025-04-04	46390.33
2025-04-05	46390.33
2025-04-06	46390.33
2025-04-07	45859.36
2025-04-08	45603.88
2025-04-09	48448.29
2025-04-10	46828.1
2025-04-11	47240.91
2025-04-12	47240.91
2025-04-13	47240.91
2025-04-14	47311.58
2025-04-15	47127.1
2025-04-16	46255.91
2025-04-17	46386.73
2025-04-18	46401.01
2025-04-19	46401.01
2025-04-20	46401.01
2025-04-21	45597.27
2025-04-22	46418.99
2025-04-23	47060.14
2025-04-24	47903.29
2025-04-25	48265.23
2025-04-26	48265.23
2025-04-27	48265.23
2025-04-28	48139.72
2025-04-29	48512.79
2025-04-30	48713.9
2025-05-01	48993.44
2025-05-02	49366.46
2025-05-03	49366.46
2025-05-04	49366.46
2025-05-05	49139.73
2025-05-06	48878.07
2025-05-07	49004.01
2025-05-08	49463.68
2025-05-09	49460.57
2025-05-10	49460.57
2025-05-11	49460.57
2025-05-12	50904.07
2025-05-13	50849.67
2025-05-14	51009.48
2025-05-15	51435.03
2025-05-16	51564.62
2025-05-17	51564.62
2025-05-18	51564.62
2025-05-19	51445.61
2025-05-20	51666.01
2025-05-21	50988.56
2025-05-22	51084.44
2025-05-23	50475.85
2025-05-24	50475.85
2025-05-25	50475.85
2025-05-26	50446.0
2025-05-27	51463.07
2025-05-28	51289.03
2025-05-29	51381.4
2025-05-30	51448.86
2025-05-31	51448.86
2025-06-01	51448.86
2025-06-02	51264.05
2025-06-03	51541.13
2025-06-04	51653.93
2025-06-05	51465.28
2025-06-06	51951.71
2025-06-07	51951.71
2025-06-08	51951.71
2025-06-09	51853.77
2025-06-10	52070.61
2025-06-11	51989.22
2025-06-12	52060.49
2025-06-13	51585.74
2025-06-14	51585.74
2025-06-15	51585.74
2025-06-16	51699.54
2025-06-17	51522.5
2025-06-18	51299.93
2025-06-19	51481.84
2025-06-20	51297.96
2025-06-21	51297.96
2025-06-22	51297.96
2025-06-23	51713.14
2025-06-24	51978.06
2025-06-25	52154.91
2025-06-26	52217.05
2025-06-27	52757.72
2025-06-28	52757.72
2025-06-29	52757.72
2025-06-30	52788.77
2025-07-01	52657.03
2025-07-02	52919.63
2025-07-03	53260.21
2025-07-04	53332.32
2025-07-05	53332.32
2025-07-06	53332.32
2025-07-07	53222.66
2025-07-08	53046.41
2025-07-09	53235.47
2025-07-10	53272.74
2025-07-11	53009.61
2025-07-12	53009.61
2025-07-13	53009.61
2025-07-14	53146.5
2025-07-15	53332.69
2025-07-16	53290.92
2025-07-17	53838.79
2025-07-18	53519.98
2025-07-19	53519.98
2025-07-20	53519.98
2025-07-21	53621.96
2025-07-22	53355.15
2025-07-23	53682.67
2025-07-24	53786.12
2025-07-25	54023.18
2025-07-26	54023.18
2025-07-27	54023.18
2025-07-28	54195.96
2025-07-29	54133.51
2025-07-30	54362.61
2025-07-31	54268.3
2025-08-01	53340.22
2025-08-02	53340.22
2025-08-03	53340.22
2025-08-04	53850.58
2025-08-05	53717.75
2025-08-06	53835.13
2025-08-07	53926.99
2025-08-08	54210.22
2025-08-09	54210.22
2025-08-10	54210.22
2025-08-11	54153.72
2025-08-12	54622.89
2025-08-13	54639.14
2025-08-14	55077.02
2025-08-15	54964.67
2025-08-16	54964.67
2025-08-17	54964.67
2025-08-18	55047.85
2025-08-19	54927.67
2025-08-20	55052.12
2025-08-21	54867.47
2025-08-22	55185.54
2025-08-23	55185.54
2025-08-24	55185.54
2025-08-25	55049.8
2025-08-26	55145.77
2025-08-27	55216.4
2025-08-28	55215.46
2025-08-29	54880.4
2025-08-30	54880.4
2025-08-31	54880.4
2025-09-01	54785.99
2025-09-02	54604.37
2025-09-03	54831.29
2025-09-04	55412.36
2025-09-05	55031.11
2025-09-06	55031.11
2025-09-07	55031.11
2025-09-08	55057.71
2025-09-09	55160.85
2025-09-10	54974.15
2025-09-11	55166.04
2025-09-12	55121.28
2025-09-13	55121.28
2025-09-14	55121.28
2025-09-15	55346.63
2025-09-16	55150.03
2025-09-17	55188.17
2025-09-18	55676.69
2025-09-19	55955.58
2025-09-20	55955.58
2025-09-21	55955.58
2025-09-22	56131.19
2025-09-23	55752.09
2025-09-24	55631.38
2025-09-25	55644.14
2025-09-26	55876.9
2025-09-27	55876.9
2025-09-28	55876.9
2025-09-29	55841.61
2025-09-30	55866.89
2025-10-01	56229.72
2025-10-02	56509.12
2025-10-03	56538.84
2025-10-04	56538.84
2025-10-05	56538.84
2025-10-06	56630.47
2025-10-07	56541.8
2025-10-08	56722.8
2025-10-09	56744.28
2025-10-10	55669.91
2025-10-11	55669.91
2025-10-12	55669.91
2025-10-13	56416.54
2025-10-14	56344.02
2025-10-15	56529.03
2025-10-16	56557.36
2025-10-17	56750.66
2025-10-18	56750.66
2025-10-19	56750.66
2025-10-20	57293.2
2025-10-21	57392.01
2025-10-22	57136.44
2025-10-23	57238.02
2025-10-24	57723.41
2025-10-25	57723.41
2025-10-26	57723.41
2025-10-27	58075.09
2025-10-28	57984.13
2025-10-29	57923.15
2025-10-30	57790.08
2025-10-31	57840.82
2025-11-01	57840.82
2025-11-02	57840.82
2025-11-03	57961.78
2025-11-04	57718.45
2025-11-05	57730.99
2025-11-06	57530.84
2025-11-07	57323.56
2025-11-08	57323.56
2025-11-09	57323.56
2025-11-10	57814.47
2025-11-11	58111.41
2025-11-12	58212.25
2025-11-13	57390.55
2025-11-14	57251.25
2025-11-15	57251.25
2025-11-16	57251.25
2025-11-17	57019.39
2025-11-18	56525.7
2025-11-19	56857.66
2025-11-20	56331.41
2025-11-21	56740.25
2025-11-22	56740.25
2025-11-23	56740.25
2025-11-24	57411.76
2025-11-25	57985.36
2025-11-26	58104.26
2025-11-27	57962.59
2025-11-28	58107.56
2025-11-29	58107.56
2025-11-30	58107.56
2025-12-01	57786.42
2025-12-02	57814.25
2025-12-03	57748.66
2025-12-04	57746.21
2025-12-05	57749.31
2025-12-06	57749.31
2025-12-07	57749.31
2025-12-08	57769.23
2025-12-09	57488.77
2025-12-10	57687.97
2025-12-11	57711.31
2025-12-12	57488.13
2025-12-13	57488.13
2025-12-14	57488.13
2025-12-15	57479.58
2025-12-16	57315.25
2025-12-17	56919.33
2025-12-18	57237.02
2025-12-19	57711.19
2025-12-20	57711.19
2025-12-21	57711.19
2025-12-22	57761.5
2025-12-23	57877.58
2025-12-24	57887.17
2025-12-25	57889.48
2025-12-26	57854.8
2025-12-27	57854.8
2025-12-28	57854.8
2025-12-29	57824.92
2025-12-30	57777.31
2025-12-31	57680.78
2026-01-01	57680.15
2026-01-02	57730.87
2026-01-03	57730.87
2026-01-04	57730.87
2026-01-05	58066.94
2026-01-06	58431.48
2026-01-07	58339.06
2026-01-08	58194.46
2026-01-09	58723.64
2026-01-10	58723.64
2026-01-11	58723.64
2026-01-12	58638.93
2026-01-13	58641.67
2026-01-14	58416.81
2026-01-15	58551.7
2026-01-16	58632.58
2026-01-17	58632.58
2026-01-18	58632.58
2026-01-19	58290.08
2026-01-20	57266.53
2026-01-21	57279.17
2026-01-22	57353.85
2026-01-23	57175.58
2026-01-24	57175.58
2026-01-25	57175.58
2026-01-26	57161.91
2026-01-27	57390.77
2026-01-28	57115.06
2026-01-29	57165.65
2026-01-30	56911.32
2026-01-31	56911.32
2026-02-01	56911.32
2026-02-02	57463.9
2026-02-03	56737.87
2026-02-04	56345.12
2026-02-05	56198.61
2026-02-06	56658.9
2026-02-07	56658.9
2026-02-08	56658.9
2026-02-09	56622.72
2026-02-10	56536.14
2026-02-11	56259.4
2026-02-12	55561.46
2026-02-13	55657.95
2026-02-14	55657.95
2026-02-15	55657.95
2026-02-16	55569.5
2026-02-17	55827.43
2026-02-18	56182.85
2026-02-19	56061.42
2026-02-20	56252.18
2026-02-21	56252.18
2026-02-22	56252.18
2026-02-23	55858.33
2026-02-24	56050.07
2026-02-25	56250.82
2026-02-26	56149.8
2026-02-27	55936.31
2026-02-28	55936.31
2026-03-01	55936.31
2026-03-02	55961.59
2026-03-03	55545.83
2026-03-04	55368.66
2026-03-05	55335.87
2026-03-06	54828.11
2026-03-07	54828.11
2026-03-08	54828.11
2026-03-09	54767.66
2026-03-10	54640.97
2026-03-11	54407.06
2026-03-12	53974.31
2026-03-13	53918.18
2026-03-14	53918.18
2026-03-15	53918.18
2026-03-16	54108.54
2026-03-17	53897.79
2026-03-18	53539.72
2026-03-19	53304.61
2026-03-20	52784.23
2026-03-21	52784.23
2026-03-22	52784.23
2026-03-23	53266.72
2026-03-24	53289.45
2026-03-25	53743.04
2026-03-26	53119.54
2026-03-27	52339.32
2026-03-28	52339.32
2026-03-29	52339.32
2026-03-30	52361.21
2026-03-31	53500.51
2026-04-01	53868.6
2026-04-02	53927.48
2026-04-03	53958.19
2026-04-04	53958.19
2026-04-05	53958.19
2026-04-06	54119.38
2026-04-07	53935.64
2026-04-08	55123.18
2026-04-09	55322.25
2026-04-10	55294.11
2026-04-11	55294.11
2026-04-12	55294.11
2026-04-13	55704.11
2026-04-14	56059.98
2026-04-15	56419.2
2026-04-16	56339.85
2026-04-17	56813.22
2026-04-18	56813.22
2026-04-19	56813.22
2026-04-20	56744.25
2026-04-21	56194.28
2026-04-22	56548.3
2026-04-23	56271.53
2026-04-24	56673.98
2026-04-25	56673.98
2026-04-26	56673.98
2026-04-27	56589.53
2026-04-28	56445.13
2026-04-29	56573.91
2026-04-30	56605.01
2026-05-01	56561.5
2026-05-02	56561.5
2026-05-03	56561.5
2026-05-04	56424.22
2026-05-05	56816.52
2026-05-06	57485.72
2026-05-07	57355.35
2026-05-08	57486.56
2026-05-09	57486.56
2026-05-10	57486.56
2026-05-11	57339.49
2026-05-12	57364.99
2026-05-13	57673.87
2026-05-14	58116.94
2026-05-15	57828.21
2026-05-16	57828.21
2026-05-17	57828.21
2026-05-18	57816.95
2026-05-19	57801.42
2026-05-20	58006.27
2026-05-21	58200.16
2026-05-22	58586.78
2026-05-23	58586.78
2026-05-24	58586.78
2026-05-25	58587.79
2026-05-26	58696.68
2026-05-27	58863.39
2026-05-28	58998.49
2026-05-29	58957.43
2026-05-30	58957.43
2026-05-31	58957.43
2026-06-01	59329.06
2026-06-02	59299.71
2026-06-03	59101.46
2026-06-04	59484.42
2026-06-05	58592.37
2026-06-06	58592.37
2026-06-07	58592.37
2026-06-08	58600.1
2026-06-09	58624.32
2026-06-10	57885.91
2026-06-11	58782.48
2026-06-12	58893.47
2026-06-13	58893.47
2026-06-14	58893.47
2026-06-15	59885.91
2026-06-16	59905.29
2026-06-17	59677.81
2026-06-18	60240.32
2026-06-19	60364.83
2026-06-20	60364.83
2026-06-21	60364.83
2026-06-22	60028.24
2026-06-23	59579.64
2026-06-24	59749.11
2026-06-25	59593.68
2026-06-26	59420.7
2026-06-27	59420.7
2026-06-28	59420.7
2026-06-29	59968.81
2026-06-30	60321.65
2026-07-01	60271.68
2026-07-02	60302.44
2026-07-03	60465.62
2026-07-04	60465.62
2026-07-05	60465.62
2026-07-06	60704.25
2026-07-07	60209.67
2026-07-08	59999.9
2026-07-09	60354.68
2026-07-10	60582.36
2026-07-11	60582.36
2026-07-12	60582.36
2026-07-13	60114.55
2026-07-14	60158.61
2026-07-15	60452.46
2026-07-16	59982.89
2026-07-17	59212.1
2026-07-18	59212.1
2026-07-19	59212.1
2026-07-20	58991.88
2026-07-21	59551.64
2026-07-22	59656.32
2026-07-23	59364.07
2026-07-24	59266.26
2026-07-25	59266.26
2026-07-26	59266.26
2026-07-27	59264.39
2026-07-28	59148.24
2026-07-29	58598.7
2026-07-30	59185.27
2026-07-31	59785.5
2026-08-01	59785.5
2026-08-02	59785.5
2026-08-03	60534.92
2026-08-04	60965.12
2026-08-05	61011.54
2026-08-06	60996.1
2026-08-07	61089.03
2026-08-08	61089.03
2026-08-09	61089.03
2026-08-10	60985.88
2026-08-11	60809.37
2026-08-12	60934.42
2026-08-13	61188.9
2026-08-14	60903.03
2026-08-15	60903.03
2026-08-16	60903.03
2026-08-17	60547.4
2026-08-18	60193.69
2026-08-19	59867.1
2026-08-20	59478.44
2026-08-21	59407.34
2026-08-22	59407.34
2026-08-23	59407.34
2026-08-24	59443.08
2026-08-25	59742.66
2026-08-26	59599.02
2026-08-27	59741.62
2026-08-28	59748.45
2026-08-29	59748.45
2026-08-30	59748.45
2026-08-31	59511.04
2026-09-01	59145.64
2026-09-02	59216.07
2026-09-03	59570.65
2026-09-04	59467.03
2026-09-05	59467.03
2026-09-06	59467.03
2026-09-07	59547.9
2026-09-08	59188.27
2026-09-09	58815.94
2026-09-10	58856.77
2026-09-11	59152.68
2026-09-12	59152.68
2026-09-13	59152.68
2026-09-14	58944.59
2026-09-15	58642.14
2026-09-16	58574.32
