date	value
2004-01-01	10000.0
2004-01-02	9994.4704
2004-01-03	9994.4704
2004-01-04	9994.4704
2004-01-05	9982.7683
2004-01-06	10022.7877
2004-01-07	10005.1158
2004-01-08	10004.0416
2004-01-09	10007.2642
2004-01-10	10007.2642
2004-01-11	10007.2642
2004-01-12	10028.8721
2004-01-13	10018.7814
2004-01-14	10055.3403
2004-01-15	10045.1087
2004-01-16	10042.8458
2004-01-17	10042.8458
2004-01-18	10042.8458
2004-01-19	10079.3696
2004-01-20	10073.5229
2004-01-21	10073.021
2004-01-22	10101.2591
2004-01-23	10119.1776
2004-01-24	10119.1776
2004-01-25	10119.1776
2004-01-26	10119.1776
2004-01-27	10086.0527
2004-01-28	10055.0145
2004-01-29	10014.053
2004-01-30	10019.9348
2004-01-31	10019.9348
2004-02-01	10019.9348
2004-02-02	10061.1077
2004-02-03	10042.8458
2004-02-04	10044.0345
2004-02-05	10037.4307
2004-02-06	10058.6951
2004-02-07	10058.6951
2004-02-08	10058.6951
2004-02-09	10081.8878
2004-02-10	10058.2548
2004-02-11	10067.2008
2004-02-12	10116.0958
2004-02-13	10110.2316
2004-02-14	10110.2316
2004-02-15	10110.2316
2004-02-16	10115.1008
2004-02-17	10129.1098
2004-02-18	10169.8776
2004-02-19	10170.5292
2004-02-20	10175.4513
2004-02-21	10175.4513
2004-02-22	10175.4513
2004-02-23	10157.4359
2004-02-24	10128.5815
2004-02-25	10147.7327
2004-02-26	10167.192
2004-02-27	10187.1357
2004-02-28	10187.1357
2004-02-29	10187.1357
2004-03-01	10260.8347
2004-03-02	10283.8073
2004-03-03	10279.7834
2004-03-04	10299.6126
2004-03-05	10340.8999
2004-03-06	10340.8999
2004-03-07	10340.8999
2004-03-08	10296.5396
2004-03-09	10339.6055
2004-03-10	10333.6885
2004-03-11	10311.8957
2004-03-12	10311.2001
2004-03-13	10311.2001
2004-03-14	10311.2001
2004-03-15	10331.8658
2004-03-16	10351.3516
2004-03-17	10392.3131
2004-03-18	10376.728
2004-03-19	10358.8976
2004-03-20	10358.8976
2004-03-21	10358.8976
2004-03-22	10319.0455
2004-03-23	10293.6955
2004-03-24	10300.8189
2004-03-25	10345.6987
2004-03-26	10368.0109
2004-03-27	10368.0109
2004-03-28	10368.0109
2004-03-29	10354.5214
2004-03-30	10356.1592
2004-03-31	10395.3509
2004-04-01	10396.5132
2004-04-02	10409.4919
2004-04-03	10409.4919
2004-04-04	10409.4919
2004-04-05	10400.2818
2004-04-06	10384.996
2004-04-07	10383.596
2004-04-08	10383.2262
2004-04-09	10383.2262
2004-04-10	10383.2262
2004-04-11	10383.2262
2004-04-12	10383.2262
2004-04-13	10410.1964
2004-04-14	10427.9827
2004-04-15	10391.8552
2004-04-16	10404.2881
2004-04-17	10404.2881
2004-04-18	10404.2881
2004-04-19	10441.842
2004-04-20	10488.5269
2004-04-21	10450.8673
2004-04-22	10457.3391
2004-04-23	10498.8465
2004-04-24	10498.8465
2004-04-25	10498.8465
2004-04-26	10509.1397
2004-04-27	10498.1597
2004-04-28	10491.1156
2004-04-29	10436.7703
2004-04-30	10412.3272
2004-05-01	10412.3272
2004-05-02	10412.3272
2004-05-03	10398.4855
2004-05-04	10401.083
2004-05-05	10433.5564
2004-05-06	10418.9046
2004-05-07	10419.16
2004-05-08	10419.16
2004-05-09	10419.16
2004-05-10	10338.5225
2004-05-11	10356.1152
2004-05-12	10385.7973
2004-05-13	10391.0716
2004-05-14	10370.1242
2004-05-15	10370.1242
2004-05-16	10370.1242
2004-05-17	10356.7227
2004-05-18	10397.5522
2004-05-19	10419.8204
2004-05-20	10394.1622
2004-05-21	10428.4758
2004-05-22	10428.4758
2004-05-23	10428.4758
2004-05-24	10409.8882
2004-05-25	10404.8076
2004-05-26	10457.3303
2004-05-27	10485.8501
2004-05-28	10497.1031
2004-05-29	10497.1031
2004-05-30	10497.1031
2004-05-31	10556.9781
2004-06-01	10565.8096
2004-06-02	10622.189
2004-06-03	10617.9185
2004-06-04	10618.2266
2004-06-05	10618.2266
2004-06-06	10618.2266
2004-06-07	10667.3593
2004-06-08	10683.0765
2004-06-09	10661.4951
2004-06-10	10656.5114
2004-06-11	10670.9166
2004-06-12	10670.9166
2004-06-13	10670.9166
2004-06-14	10662.2788
2004-06-15	10654.178
2004-06-16	10710.4869
2004-06-17	10756.8724
2004-06-18	10771.894
2004-06-19	10771.894
2004-06-20	10771.894
2004-06-21	10790.4376
2004-06-22	10777.9431
2004-06-23	10799.9736
2004-06-24	10771.7179
2004-06-25	10753.8082
2004-06-26	10753.8082
2004-06-27	10753.8082
2004-06-28	10777.7758
2004-06-29	10789.1961
2004-06-30	10850.5767
2004-07-01	10768.5921
2004-07-02	10747.5566
2004-07-03	10747.5566
2004-07-04	10747.5566
2004-07-05	10796.7333
2004-07-06	10803.751
2004-07-07	10804.2705
2004-07-08	10813.6744
2004-07-09	10807.2202
2004-07-10	10807.2202
2004-07-11	10807.2202
2004-07-12	10791.6527
2004-07-13	10793.9421
2004-07-14	10752.2497
2004-07-15	10744.6949
2004-07-16	10732.5174
2004-07-17	10732.5174
2004-07-18	10732.5174
2004-07-19	10770.4147
2004-07-20	10681.2362
2004-07-21	10706.3309
2004-07-22	10673.1355
2004-07-23	10648.1377
2004-07-24	10648.1377
2004-07-25	10648.1377
2004-07-26	10721.2204
2004-07-27	10754.0548
2004-07-28	10761.636
2004-07-29	10777.9431
2004-07-30	10816.721
2004-07-31	10816.721
2004-08-01	10816.721
2004-08-02	10848.5516
2004-08-03	10848.7012
2004-08-04	10841.4986
2004-08-05	10816.1486
2004-08-06	10766.5052
2004-08-07	10766.5052
2004-08-08	10766.5052
2004-08-09	10769.904
2004-08-10	10786.0527
2004-08-11	10782.2929
2004-08-12	10741.8068
2004-08-13	10728.9249
2004-08-14	10728.9249
2004-08-15	10728.9249
2004-08-16	10740.4332
2004-08-17	10767.4826
2004-08-18	10778.7444
2004-08-19	10777.8375
2004-08-20	10800.7484
2004-08-21	10800.7484
2004-08-22	10800.7484
2004-08-23	10848.8157
2004-08-24	10864.9115
2004-08-25	10866.4876
2004-08-26	10891.0628
2004-08-27	10942.9515
2004-08-28	10942.9515
2004-08-29	10942.9515
2004-08-30	10946.3503
2004-08-31	10944.466
2004-09-01	10919.8644
2004-09-02	11043.0043
2004-09-03	11027.5249
2004-09-04	11027.5249
2004-09-05	11027.5249
2004-09-06	11046.8522
2004-09-07	11068.8298
2004-09-08	11061.0637
2004-09-09	11089.8389
2004-09-10	11096.7685
2004-09-11	11096.7685
2004-09-12	11096.7685
2004-09-13	11128.7224
2004-09-14	11141.0848
2004-09-15	11136.9904
2004-09-16	11135.2822
2004-09-17	11157.612
2004-09-18	11157.612
2004-09-19	11157.612
2004-09-20	11159.9102
2004-09-21	11176.1821
2004-09-22	11158.4661
2004-09-23	11135.2558
2004-09-24	11117.2229
2004-09-25	11117.2229
2004-09-26	11117.2229
2004-09-27	11136.7439
2004-09-28	11150.066
2004-09-29	11192.5332
2004-09-30	11192.2163
2004-10-01	11211.8693
2004-10-02	11211.8693
2004-10-03	11211.8693
2004-10-04	11239.9489
2004-10-05	11245.9012
2004-10-06	11255.8686
2004-10-07	11230.2985
2004-10-08	11196.3987
2004-10-09	11196.3987
2004-10-10	11196.3987
2004-10-11	11248.4635
2004-10-12	11252.5931
2004-10-13	11262.1027
2004-10-14	11231.1174
2004-10-15	11250.4447
2004-10-16	11250.4447
2004-10-17	11250.4447
2004-10-18	11277.8639
2004-10-19	11278.0312
2004-10-20	11243.5414
2004-10-21	11255.4988
2004-10-22	11238.8483
2004-10-23	11238.8483
2004-10-24	11238.8483
2004-10-25	11210.6542
2004-10-26	11252.6459
2004-10-27	11320.7537
2004-10-28	11362.6134
2004-10-29	11362.1731
2004-10-30	11362.1731
2004-10-31	11362.1731
2004-11-01	11373.25
2004-11-02	11382.9268
2004-11-03	11430.9589
2004-11-04	11461.1869
2004-11-05	11470.3883
2004-11-06	11470.3883
2004-11-07	11470.3883
2004-11-08	11439.359
2004-11-09	11441.9301
2004-11-10	11454.5391
2004-11-11	11473.9016
2004-11-12	11487.7873
2004-11-13	11487.7873
2004-11-14	11487.7873
2004-11-15	11525.4821
2004-11-16	11505.195
2004-11-17	11507.6429
2004-11-18	11531.3551
2004-11-19	11501.4
2004-11-20	11501.4
2004-11-21	11501.4
2004-11-22	11482.5306
2004-11-23	11517.8216
2004-11-24	11551.2635
2004-11-25	11581.113
2004-11-26	11592.6389
2004-11-27	11592.6389
2004-11-28	11592.6389
2004-11-29	11637.7741
2004-11-30	11657.1806
2004-12-01	11640.5653
2004-12-02	11695.4565
2004-12-03	11682.0463
2004-12-04	11682.0463
2004-12-05	11682.0463
2004-12-06	11713.4102
2004-12-07	11674.8525
2004-12-08	11667.8876
2004-12-09	11660.4737
2004-12-10	11673.3644
2004-12-11	11673.3644
2004-12-12	11673.3644
2004-12-13	11688.0866
2004-12-14	11722.0745
2004-12-15	11728.7488
2004-12-16	11743.6295
2004-12-17	11729.7614
2004-12-18	11729.7614
2004-12-19	11729.7614
2004-12-20	11745.4433
2004-12-21	11768.0726
2004-12-22	11804.5699
2004-12-23	11808.1976
2004-12-24	11929.2067
2004-12-25	11929.2067
2004-12-26	11929.2067
2004-12-27	11908.5498
2004-12-28	11916.2983
2004-12-29	11919.0719
2004-12-30	11928.6695
2004-12-31	11979.396
2005-01-01	11914.2467
2005-01-02	11914.2467
2005-01-03	11908.1271
2005-01-04	11923.9412
2005-01-05	11892.3219
2005-01-06	11891.098
2005-01-07	11933.9438
2005-01-08	11933.9438
2005-01-09	11933.9438
2005-01-10	11967.7027
2005-01-11	11955.0586
2005-01-12	11957.1013
2005-01-13	11944.2018
2005-01-14	11956.4234
2005-01-15	11956.4234
2005-01-16	11956.4234
2005-01-17	12009.6064
2005-01-18	12000.8893
2005-01-19	11964.709
2005-01-20	11931.0205
2005-01-21	11910.3813
2005-01-22	11910.3813
2005-01-23	11910.3813
2005-01-24	11938.0646
2005-01-25	11963.1241
2005-01-26	11961.002
2005-01-27	12010.663
2005-01-28	11995.932
2005-01-29	11995.932
2005-01-30	11995.932
2005-01-31	12024.2229
2005-02-01	12060.3769
2005-02-02	12083.3231
2005-02-03	12090.3672
2005-02-04	12128.9601
2005-02-05	12128.9601
2005-02-06	12128.9601
2005-02-07	12197.1295
2005-02-08	12190.2263
2005-02-09	12166.514
2005-02-10	12153.8258
2005-02-11	12157.568
2005-02-12	12157.568
2005-02-13	12157.568
2005-02-14	12154.3629
2005-02-15	12151.9151
2005-02-16	12165.2813
2005-02-17	12172.2726
2005-02-18	12168.7682
2005-02-19	12168.7682
2005-02-20	12168.7682
2005-02-21	12209.1397
2005-02-22	12168.6537
2005-02-23	12150.066
2005-02-24	12131.6809
2005-02-25	12189.6275
2005-02-26	12189.6275
2005-02-27	12189.6275
2005-02-28	12230.6771
2005-03-01	12261.8121
2005-03-02	12282.2576
2005-03-03	12299.2692
2005-03-04	12325.2003
2005-03-05	12325.2003
2005-03-06	12325.2003
2005-03-07	12375.2752
2005-03-08	12371.2336
2005-03-09	12363.6964
2005-03-10	12329.9903
2005-03-11	12313.7889
2005-03-12	12313.7889
2005-03-13	12313.7889
2005-03-14	12355.2699
2005-03-15	12304.746
2005-03-16	12307.9246
2005-03-17	12291.8552
2005-03-18	12305.829
2005-03-19	12305.829
2005-03-20	12305.829
2005-03-21	12377.9871
2005-03-22	12334.296
2005-03-23	12269.1556
2005-03-24	12240.7414
2005-03-25	12243.9993
2005-03-26	12243.9993
2005-03-27	12243.9993
2005-03-28	12244.0609
2005-03-29	12163.4851
2005-03-30	12178.9909
2005-03-31	12212.7322
2005-04-01	12198.6
2005-04-02	12198.6
2005-04-03	12198.6
2005-04-04	12240.7238
2005-04-05	12262.5429
2005-04-06	12268.865
2005-04-07	12286.308
2005-04-08	12303.3195
2005-04-09	12303.3195
2005-04-10	12303.3195
2005-04-11	12261.3278
2005-04-12	12268.3455
2005-04-13	12249.7843
2005-04-14	12188.6678
2005-04-15	12092.3219
2005-04-16	12092.3219
2005-04-17	12092.3219
2005-04-18	12019.6883
2005-04-19	12102.7296
2005-04-20	12085.3923
2005-04-21	12097.5786
2005-04-22	12105.0101
2005-04-23	12105.0101
2005-04-24	12105.0101
2005-04-25	12115.4706
2005-04-26	12053.2799
2005-04-27	12039.5175
2005-04-28	12007.8894
2005-04-29	11988.6854
2005-04-30	11988.6854
2005-05-01	11988.6854
2005-05-02	12046.6056
2005-05-03	12028.062
2005-05-04	11994.3383
2005-05-05	12003.5485
2005-05-06	12050.7616
2005-05-07	12050.7616
2005-05-08	12050.7616
2005-05-09	12051.7478
2005-05-10	12021.6518
2005-05-11	12044.9943
2005-05-12	12073.1091
2005-05-13	12050.9906
2005-05-14	12050.9906
2005-05-15	12050.9906
2005-05-16	12049.5289
2005-05-17	12045.9805
2005-05-18	12093.1144
2005-05-19	12177.0362
2005-05-20	12170.7317
2005-05-21	12170.7317
2005-05-22	12170.7317
2005-05-23	12251.1579
2005-05-24	12274.4475
2005-05-25	12260.8611
2005-05-26	12281.1218
2005-05-27	12302.668
2005-05-28	12302.668
2005-05-29	12302.668
2005-05-30	12330.1752
2005-05-31	12297.4025
2005-06-01	12383.4023
2005-06-02	12411.385
2005-06-03	12408.7083
2005-06-04	12408.7083
2005-06-05	12408.7083
2005-06-06	12444.9062
2005-06-07	12456.3529
2005-06-08	12483.3935
2005-06-09	12460.6146
2005-06-10	12484.8023
2005-06-11	12484.8023
2005-06-12	12484.8023
2005-06-13	12484.8023
2005-06-14	12480.7608
2005-06-15	12484.9784
2005-06-16	12500.1145
2005-06-17	12559.6372
2005-06-18	12559.6372
2005-06-19	12559.6372
2005-06-20	12550.5503
2005-06-21	12590.2703
2005-06-22	12579.7746
2005-06-23	12578.0576
2005-06-24	12549.1767
2005-06-25	12549.1767
2005-06-26	12549.1767
2005-06-27	12537.5715
2005-06-28	12613.058
2005-06-29	12605.8554
2005-06-30	12744.5628
2005-07-01	12636.8319
2005-07-02	12636.8319
2005-07-03	12636.8319
2005-07-04	12687.0036
2005-07-05	12753.2359
2005-07-06	12730.3865
2005-07-07	12671.533
2005-07-08	12696.1698
2005-07-09	12696.1698
2005-07-10	12696.1698
2005-07-11	12740.2395
2005-07-12	12722.0833
2005-07-13	12753.9139
2005-07-14	12770.9694
2005-07-15	12775.962
2005-07-16	12775.962
2005-07-17	12775.962
2005-07-18	12759.919
2005-07-19	12757.4536
2005-07-20	12771.3569
2005-07-21	12776.9393
2005-07-22	12811.9486
2005-07-23	12811.9486
2005-07-24	12811.9486
2005-07-25	12885.8413
2005-07-26	12903.2579
2005-07-27	12977.4764
2005-07-28	12970.6965
2005-07-29	13001.083
2005-07-30	13001.083
2005-07-31	13001.083
2005-08-01	12980.074
2005-08-02	13007.1762
2005-08-03	12978.3658
2005-08-04	12968.0549
2005-08-05	12954.3718
2005-08-06	12954.3718
2005-08-07	12954.3718
2005-08-08	13013.692
2005-08-09	13055.4724
2005-08-10	13079.1582
2005-08-11	13101.8843
2005-08-12	13110.5838
2005-08-13	13110.5838
2005-08-14	13110.5838
2005-08-15	13139.0684
2005-08-16	13134.4369
2005-08-17	13148.4019
2005-08-18	13170.3971
2005-08-19	13207.1234
2005-08-20	13207.1234
2005-08-21	13207.1234
2005-08-22	13209.8618
2005-08-23	13175.055
2005-08-24	13132.262
2005-08-25	13099.4189
2005-08-26	13124.6896
2005-08-27	13124.6896
2005-08-28	13124.6896
2005-08-29	13080.9457
2005-08-30	13119.0807
2005-08-31	13154.1692
2005-09-01	13209.5007
2005-09-02	13192.1634
2005-09-03	13192.1634
2005-09-04	13192.1634
2005-09-05	13215.136
2005-09-06	13245.9628
2005-09-07	13278.1897
2005-09-08	13225.3852
2005-09-09	13240.7766
2005-09-10	13240.7766
2005-09-11	13240.7766
2005-09-12	13268.1694
2005-09-13	13264.304
2005-09-14	13283.8514
2005-09-15	13287.9986
2005-09-16	13338.8483
2005-09-17	13338.8483
2005-09-18	13338.8483
2005-09-19	13322.1449
2005-09-20	13363.6172
2005-09-21	13301.1271
2005-09-22	13334.525
2005-09-23	13346.905
2005-09-24	13346.905
2005-09-25	13346.905
2005-09-26	13420.4103
2005-09-27	13417.082
2005-09-28	13418.438
2005-09-29	13480.9721
2005-09-30	13485.9558
2005-10-01	13452.0296
2005-10-02	13452.0296
2005-10-03	13435.9426
2005-10-04	13445.9981
2005-10-05	13344.0609
2005-10-06	13234.9036
2005-10-07	13236.4445
2005-10-08	13236.4445
2005-10-09	13236.4445
2005-10-10	13236.691
2005-10-11	13227.5425
2005-10-12	13233.7765
2005-10-13	13187.2854
2005-10-14	13191.0804
2005-10-15	13191.0804
2005-10-16	13191.0804
2005-10-17	13179.3431
2005-10-18	13177.723
2005-10-19	13113.3222
2005-10-20	13083.1117
2005-10-21	13050.7
2005-10-22	13050.7
2005-10-23	13050.7
2005-10-24	13100.4931
2005-10-25	13120.7537
2005-10-26	13164.1631
2005-10-27	13123.6594
2005-10-28	13130.5186
2005-10-29	13130.5186
2005-10-30	13130.5186
2005-10-31	13201.5761
2005-11-01	13232.8872
2005-11-02	13255.4108
2005-11-03	13339.5175
2005-11-04	13344.7918
2005-11-05	13344.7918
2005-11-06	13344.7918
2005-11-07	13400.0704
2005-11-08	13430.1048
2005-11-09	13397.5522
2005-11-10	13446.8874
2005-11-11	13486.0527
2005-11-12	13486.0527
2005-11-13	13486.0527
2005-11-14	13578.9205
2005-11-15	13531.0557
2005-11-16	13559.1441
2005-11-17	13607.3083
2005-11-18	13665.9857
2005-11-19	13665.9857
2005-11-20	13665.9857
2005-11-21	13685.5948
2005-11-22	13662.1995
2005-11-23	13678.718
2005-11-24	13699.6126
2005-11-25	13706.551
2005-11-26	13706.551
2005-11-27	13706.551
2005-11-28	13708.5586
2005-11-29	13695.21
2005-11-30	13671.3833
2005-12-01	13649.0887
2005-12-02	13689.8653
2005-12-03	13689.8653
2005-12-04	13689.8653
2005-12-05	13679.3431
2005-12-06	13684.0715
2005-12-07	13688.3772
2005-12-08	13674.3946
2005-12-09	13692.0578
2005-12-10	13692.0578
2005-12-11	13692.0578
2005-12-12	13699.4981
2005-12-13	13691.8552
2005-12-14	13756.7844
2005-12-15	13763.7316
2005-12-16	13805.6705
2005-12-17	13805.6705
2005-12-18	13805.6705
2005-12-19	13790.8427
2005-12-20	13820.3311
2005-12-21	13873.3292
2005-12-22	13895.9408
2005-12-23	13932.2444
2005-12-24	13932.2444
2005-12-25	13932.2444
2005-12-26	13987.2149
2005-12-27	13982.7948
2005-12-28	14009.5888
2005-12-29	14011.2882
2005-12-30	13977.2827
2005-12-31	14019.5474
2006-01-01	13977.2827
2006-01-02	13977.2827
2006-01-03	14060.5706
2006-01-04	14126.6444
2006-01-05	14120.8682
2006-01-06	14118.7638
2006-01-07	14118.7638
2006-01-08	14118.7638
2006-01-09	14135.2206
2006-01-10	14121.511
2006-01-11	14144.6509
2006-01-12	14143.9817
2006-01-13	14132.2356
2006-01-14	14132.2356
2006-01-15	14132.2356
2006-01-16	14210.0731
2006-01-17	14209.2718
2006-01-18	14132.7639
2006-01-19	14213.0844
2006-01-20	14171.1544
2006-01-21	14171.1544
2006-01-22	14171.1544
2006-01-23	14149.0094
2006-01-24	14170.4323
2006-01-25	14199.3836
2006-01-26	14235.6256
2006-01-27	14314.2819
2006-01-28	14314.2819
2006-01-29	14314.2819
2006-01-30	14285.313
2006-01-31	14256.3705
2006-02-01	14301.0742
2006-02-02	14218.5172
2006-02-03	14190.5345
2006-02-04	14190.5345
2006-02-05	14190.5345
2006-02-06	14290.2879
2006-02-07	14263.3882
2006-02-08	14203.5925
2006-02-09	14256.0623
2006-02-10	14252.8661
2006-02-11	14252.8661
2006-02-12	14252.8661
2006-02-13	14187.5936
2006-02-14	14238.6898
2006-02-15	14229.4092
2006-02-16	14238.5049
2006-02-17	14216.0694
2006-02-18	14216.0694
2006-02-19	14216.0694
2006-02-20	14228.4318
2006-02-21	14274.5972
2006-02-22	14305.9963
2006-02-23	14340.3011
2006-02-24	14324.267
2006-02-25	14324.267
2006-02-26	14324.267
2006-02-27	14371.7443
2006-02-28	14332.1652
2006-03-01	14291.5999
2006-03-02	14332.5878
2006-03-03	14324.2406
2006-03-04	14324.2406
2006-03-05	14324.2406
2006-03-06	14336.964
2006-03-07	14308.7875
2006-03-08	14389.8301
2006-03-09	14413.3134
2006-03-10	14430.8004
2006-03-11	14430.8004
2006-03-12	14430.8004
2006-03-13	14494.7874
2006-03-14	14507.2114
2006-03-15	14536.559
2006-03-16	14579.3784
2006-03-17	14628.3526
2006-03-18	14628.3526
2006-03-19	14628.3526
2006-03-20	14764.3656
2006-03-21	14742.4672
2006-03-22	14765.2637
2006-03-23	14776.5871
2006-03-24	14816.7386
2006-03-25	14816.7386
2006-03-26	14816.7386
2006-03-27	14910.214
2006-03-28	14896.0641
2006-03-29	14898.3887
2006-03-30	14921.9072
2006-03-31	14983.7105
2006-04-01	14901.5321
2006-04-02	14901.5321
2006-04-03	15031.0117
2006-04-04	15015.6379
2006-04-05	15045.3817
2006-04-06	15068.0637
2006-04-07	15039.1829
2006-04-08	15039.1829
2006-04-09	15039.1829
2006-04-10	15006.1636
2006-04-11	14994.9018
2006-04-12	14944.8094
2006-04-13	14954.4774
2006-04-14	14954.4774
2006-04-15	14954.4774
2006-04-16	14954.4774
2006-04-17	14937.5715
2006-04-18	15089.425
2006-04-19	15130.2985
2006-04-20	15153.5969
2006-04-21	15109.6064
2006-04-22	15109.6064
2006-04-23	15109.6064
2006-04-24	15093.3081
2006-04-25	15084.6879
2006-04-26	15123.4481
2006-04-27	15101.1271
2006-04-28	15055.1994
2006-04-29	15055.1994
2006-04-30	15055.1994
2006-05-01	15086.7218
2006-05-02	15074.016
2006-05-03	15018.2795
2006-05-04	14964.2687
2006-05-05	15068.5921
2006-05-06	15068.5921
2006-05-07	15068.5921
2006-05-08	15109.2014
2006-05-09	15107.4844
2006-05-10	15105.6793
2006-05-11	15081.4123
2006-05-12	15010.9624
2006-05-13	15010.9624
2006-05-14	15010.9624
2006-05-15	14990.3584
2006-05-16	14949.8283
2006-05-17	14907.1322
2006-05-18	14768.9355
2006-05-19	14771.7619
2006-05-20	14771.7619
2006-05-21	14771.7619
2006-05-22	14651.5453
2006-05-23	14663.4763
2006-05-24	14655.4724
2006-05-25	14613.9826
2006-05-26	14726.1337
2006-05-27	14726.1337
2006-05-28	14726.1337
2006-05-29	14791.0276
2006-05-30	14731.9803
2006-05-31	14688.659
2006-06-01	14791.9873
2006-06-02	14831.6193
2006-06-03	14831.6193
2006-06-04	14831.6193
2006-06-05	14866.9455
2006-06-06	14757.8938
2006-06-07	14728.6343
2006-06-08	14551.5805
2006-06-09	14609.4127
2006-06-10	14609.4127
2006-06-11	14609.4127
2006-06-12	14573.6638
2006-06-13	14428.3702
2006-06-14	14464.3128
2006-06-15	14541.393
2006-06-16	14641.076
2006-06-17	14641.076
2006-06-18	14641.076
2006-06-19	14517.8744
2006-06-20	14482.7507
2006-06-21	14558.2284
2006-06-22	14653.2887
2006-06-23	14612.5914
2006-06-24	14612.5914
2006-06-25	14612.5914
2006-06-26	14649.3088
2006-06-27	14658.1315
2006-06-28	14624.0556
2006-06-29	14714.0002
2006-06-30	14960.8171
2006-07-01	14838.5137
2006-07-02	14838.5137
2006-07-03	14874.2538
2006-07-04	14884.7055
2006-07-05	14834.4721
2006-07-06	14855.895
2006-07-07	14851.5805
2006-07-08	14851.5805
2006-07-09	14851.5805
2006-07-10	14886.0967
2006-07-11	14826.794
2006-07-12	14814.0882
2006-07-13	14714.3876
2006-07-14	14571.5154
2006-07-15	14571.5154
2006-07-16	14571.5154
2006-07-17	14551.2547
2006-07-18	14510.7511
2006-07-19	14553.1654
2006-07-20	14712.1863
2006-07-21	14657.0573
2006-07-22	14657.0573
2006-07-23	14657.0573
2006-07-24	14732.8344
2006-07-25	14810.4957
2006-07-26	14733.8558
2006-07-27	14832.2973
2006-07-28	14818.9839
2006-07-29	14818.9839
2006-07-30	14818.9839
2006-07-31	14827.657
2006-08-01	14798.8906
2006-08-02	14799.1371
2006-08-03	14864.6562
2006-08-04	14832.4734
2006-08-05	14832.4734
2006-08-06	14832.4734
2006-08-07	14829.2331
2006-08-08	14895.3157
2006-08-09	14836.8847
2006-08-10	14803.6365
2006-08-11	14794.3119
2006-08-12	14794.3119
2006-08-13	14794.3119
2006-08-14	14869.7631
2006-08-15	14867.8084
2006-08-16	14926.7852
2006-08-17	15047.7063
2006-08-18	15053.095
2006-08-19	15053.095
2006-08-20	15053.095
2006-08-21	15044.2811
2006-08-22	15058.5102
2006-08-23	15045.8572
2006-08-24	14963.0272
2006-08-25	15003.8302
2006-08-26	15003.8302
2006-08-27	15003.8302
2006-08-28	15034.0847
2006-08-29	15065.3165
2006-08-30	15088.4212
2006-08-31	15133.2218
2006-09-01	15130.9325
2006-09-02	15130.9325
2006-09-03	15130.9325
2006-09-04	15201.1975
2006-09-05	15208.136
2006-09-06	15148.6836
2006-09-07	15133.7941
2006-09-08	15145.0823
2006-09-09	15145.0823
2006-09-10	15145.0823
2006-09-11	15071.4625
2006-09-12	15060.0863
2006-09-13	15106.0315
2006-09-14	15156.8812
2006-09-15	15125.623
2006-09-16	15125.623
2006-09-17	15125.623
2006-09-18	15167.0952
2006-09-19	15157.7177
2006-09-20	15127.9299
2006-09-21	15113.0316
2006-09-22	15113.1637
2006-09-23	15113.1637
2006-09-24	15113.1637
2006-09-25	15125.6846
2006-09-26	15157.7617
2006-09-27	15281.6765
2006-09-28	15318.4292
2006-09-29	15356.5026
2006-09-30	15404.5963
2006-10-01	15356.5026
2006-10-02	15403.161
2006-10-03	15425.6406
2006-10-04	15406.0755
2006-10-05	15502.034
2006-10-06	15496.3547
2006-10-07	15496.3547
2006-10-08	15496.3547
2006-10-09	15497.0503
2006-10-10	15546.4031
2006-10-11	15575.6538
2006-10-12	15540.5653
2006-10-13	15574.1745
2006-10-14	15574.1745
2006-10-15	15574.1745
2006-10-16	15628.1588
2006-10-17	15582.7948
2006-10-18	15619.9701
2006-10-19	15594.5232
2006-10-20	15649.934
2006-10-21	15649.934
2006-10-22	15649.934
2006-10-23	15684.7847
2006-10-24	15668.4688
2006-10-25	15712.1599
2006-10-26	15763.2121
2006-10-27	15707.6693
2006-10-28	15707.6693
2006-10-29	15707.6693
2006-10-30	15759.3819
2006-10-31	15739.5967
2006-11-01	15754.9001
2006-11-02	15750.5591
2006-11-03	15773.7871
2006-11-04	15773.7871
2006-11-05	15773.7871
2006-11-06	15772.6336
2006-11-07	15834.3841
2006-11-08	15817.5046
2006-11-09	15794.2414
2006-11-10	15818.2266
2006-11-11	15818.2266
2006-11-12	15818.2266
2006-11-13	15849.1415
2006-11-14	15866.2411
2006-11-15	15877.6437
2006-11-16	15844.9062
2006-11-17	15852.822
2006-11-18	15852.822
2006-11-19	15852.822
2006-11-20	15769.587
2006-11-21	15815.3209
2006-11-22	15915.453
2006-11-23	15944.6949
2006-11-24	15910.6542
2006-11-25	15910.6542
2006-11-26	15910.6542
2006-11-27	15877.7846
2006-11-28	15805.0542
2006-11-29	15911.9838
2006-11-30	15928.0004
2006-12-01	15877.7846
2006-12-02	15877.7846
2006-12-03	15877.7846
2006-12-04	15895.7119
2006-12-05	15922.189
2006-12-06	15963.5379
2006-12-07	15933.8117
2006-12-08	15911.0769
2006-12-09	15911.0769
2006-12-10	15911.0769
2006-12-11	15955.9391
2006-12-12	15962.5165
2006-12-13	15991.7848
2006-12-14	16092.049
2006-12-15	16095.5622
2006-12-16	16095.5622
2006-12-17	16095.5622
2006-12-18	16126.75
2006-12-19	16092.771
2006-12-20	16138.4873
2006-12-21	16118.9223
2006-12-22	16125.9752
2006-12-23	16125.9752
2006-12-24	16125.9752
2006-12-25	16146.6056
2006-12-26	16163.5027
2006-12-27	16225.2355
2006-12-28	16220.5688
2006-12-29	16231.8746
2006-12-30	16231.8746
2006-12-31	16287.752
2007-01-01	16230.3073
2007-01-02	16246.3943
2007-01-03	16229.4444
2007-01-04	16188.9319
2007-01-05	16157.841
2007-01-06	16157.841
2007-01-07	16157.841
2007-01-08	16101.1271
2007-01-09	16180.3909
2007-01-10	16109.0165
2007-01-11	16163.2914
2007-01-12	16252.5843
2007-01-13	16252.5843
2007-01-14	16252.5843
2007-01-15	16323.1223
2007-01-16	16319.2568
2007-01-17	16289.5307
2007-01-18	16293.5634
2007-01-19	16307.1322
2007-01-20	16307.1322
2007-01-21	16307.1322
2007-01-22	16375.4513
2007-01-23	16387.5847
2007-01-24	16495.3333
2007-01-25	16496.839
2007-01-26	16472.4575
2007-01-27	16472.4575
2007-01-28	16472.4575
2007-01-29	16497.9836
2007-01-30	16566.1002
2007-01-31	16524.9186
2007-02-01	16616.1927
2007-02-02	16628.8016
2007-02-03	16628.8016
2007-02-04	16628.8016
2007-02-05	16603.6453
2007-02-06	16658.4573
2007-02-07	16700.1497
2007-02-08	16682.0903
2007-02-09	16717.1172
2007-02-10	16717.1172
2007-02-11	16717.1172
2007-02-12	16720.0581
2007-02-13	16734.164
2007-02-14	16786.308
2007-02-15	16830.4482
2007-02-16	16784.6262
2007-02-17	16784.6262
2007-02-18	16784.6262
2007-02-19	16858.1051
2007-02-20	16863.6964
2007-02-21	16797.5522
2007-02-22	16871.621
2007-02-23	16878.1016
2007-02-24	16878.1016
2007-02-25	16878.1016
2007-02-26	16906.4542
2007-02-27	16778.4714
2007-02-28	16605.6177
2007-03-01	16577.8639
2007-03-02	16524.2053
2007-03-03	16524.2053
2007-03-04	16524.2053
2007-03-05	16381.2274
2007-03-06	16534.7539
2007-03-07	16585.0577
2007-03-08	16620.833
2007-03-09	16629.6293
2007-03-10	16629.6293
2007-03-11	16629.6293
2007-03-12	16670.5732
2007-03-13	16616.7562
2007-03-14	16454.9529
2007-03-15	16581.0337
2007-03-16	16525.0506
2007-03-17	16525.0506
2007-03-18	16525.0506
2007-03-19	16618.4556
2007-03-20	16649.9164
2007-03-21	16664.7706
2007-03-22	16793.6515
2007-03-23	16800.6252
2007-03-24	16800.6252
2007-03-25	16800.6252
2007-03-26	16811.1825
2007-03-27	16785.2954
2007-03-28	16734.6394
2007-03-29	16779.9507
2007-03-30	16796.9622
2007-03-31	16927.0054
2007-04-01	16796.9622
2007-04-02	16736.691
2007-04-03	16879.4664
2007-04-04	16952.6812
2007-04-05	16942.9779
2007-04-06	16954.2925
2007-04-07	16954.2925
2007-04-08	16954.2925
2007-04-09	16950.3742
2007-04-10	17026.5739
2007-04-11	17014.5549
2007-04-12	17010.1259
2007-04-13	16978.7972
2007-04-14	16978.7972
2007-04-15	16978.7972
2007-04-16	17192.1722
2007-04-17	17176.0148
2007-04-18	17218.9839
2007-04-19	17155.1906
2007-04-20	17215.5675
2007-04-21	17215.5675
2007-04-22	17215.5675
2007-04-23	17210.0203
2007-04-24	17207.9687
2007-04-25	17214.6518
2007-04-26	17237.052
2007-04-27	17183.5256
2007-04-28	17183.5256
2007-04-29	17183.5256
2007-04-30	17193.1408
2007-05-01	17185.3042
2007-05-02	17307.1938
2007-05-03	17334.2344
2007-05-04	17419.2568
2007-05-05	17419.2568
2007-05-06	17419.2568
2007-05-07	17444.3603
2007-05-08	17368.8122
2007-05-09	17425.3324
2007-05-10	17380.8488
2007-05-11	17347.3012
2007-05-12	17347.3012
2007-05-13	17347.3012
2007-05-14	17430.413
2007-05-15	17383.7809
2007-05-16	17442.9251
2007-05-17	17496.7773
2007-05-18	17478.6387
2007-05-19	17478.6387
2007-05-20	17478.6387
2007-05-21	17562.5693
2007-05-22	17551.5893
2007-05-23	17556.3441
2007-05-24	17467.2361
2007-05-25	17458.3605
2007-05-26	17458.3605
2007-05-27	17458.3605
2007-05-28	17456.0007
2007-05-29	17527.657
2007-05-30	17458.9064
2007-05-31	17538.3816
2007-06-01	17562.8687
2007-06-02	17562.8687
2007-06-03	17562.8687
2007-06-04	17636.286
2007-06-05	17590.0854
2007-06-06	17492.6125
2007-06-07	17397.6578
2007-06-08	17304.1736
2007-06-09	17304.1736
2007-06-10	17304.1736
2007-06-11	17325.8167
2007-06-12	17307.7045
2007-06-13	17284.4413
2007-06-14	17412.6266
2007-06-15	17450.7264
2007-06-16	17450.7264
2007-06-17	17450.7264
2007-06-18	17500.1585
2007-06-19	17512.9348
2007-06-20	17530.8356
2007-06-21	17500.9774
2007-06-22	17463.0184
2007-06-23	17463.0184
2007-06-24	17463.0184
2007-06-25	17463.309
2007-06-26	17433.7501
2007-06-27	17438.8131
2007-06-28	17438.8131
2007-06-29	17438.8131
2007-06-30	17571.5418
2007-07-01	17438.8131
2007-07-02	17449.4937
2007-07-03	17527.0142
2007-07-04	17514.9071
2007-07-05	17557.9114
2007-07-06	17557.9643
2007-07-07	17557.9643
2007-07-08	17557.9643
2007-07-09	17592.5508
2007-07-10	17512.9436
2007-07-11	17497.5434
2007-07-12	17567.1304
2007-07-13	17590.8779
2007-07-14	17590.8779
2007-07-15	17590.8779
2007-07-16	17585.4363
2007-07-17	17574.0424
2007-07-18	17493.1056
2007-07-19	17559.7341
2007-07-20	17572.4135
2007-07-21	17572.4135
2007-07-22	17572.4135
2007-07-23	17539.1301
2007-07-24	17499.1195
2007-07-25	17515.6467
2007-07-26	17337.5275
2007-07-27	17139.2093
2007-07-28	17139.2093
2007-07-29	17139.2093
2007-07-30	17255.1906
2007-07-31	17252.7692
2007-08-01	17097.0767
2007-08-02	17150.6824
2007-08-03	17104.9133
2007-08-04	17104.9133
2007-08-05	17104.9133
2007-08-06	17123.1663
2007-08-07	17248.9214
2007-08-08	17434.93
2007-08-09	17475.6274
2007-08-10	17187.937
2007-08-11	17187.937
2007-08-12	17187.937
2007-08-13	17243.3829
2007-08-14	17146.5616
2007-08-15	16986.6602
2007-08-16	16858.1315
2007-08-17	16996.1698
2007-08-18	16996.1698
2007-08-19	16996.1698
2007-08-20	17191.732
2007-08-21	17298.7849
2007-08-22	17368.865
2007-08-23	17475.2223
2007-08-24	17413.1461
2007-08-25	17413.1461
2007-08-26	17413.1461
2007-08-27	17460.5618
2007-08-28	17467.782
2007-08-29	17409.536
2007-08-30	17489.6363
2007-08-31	17653.1214
2007-09-01	17653.1214
2007-09-02	17653.1214
2007-09-03	17616.9499
2007-09-04	17678.1897
2007-09-05	17609.2014
2007-09-06	17601.039
2007-09-07	17570.5996
2007-09-08	17570.5996
2007-09-09	17570.5996
2007-09-10	17537.8269
2007-09-11	17594.1622
2007-09-12	17551.9239
2007-09-13	17615.8845
2007-09-14	17667.9317
2007-09-15	17667.9317
2007-09-16	17667.9317
2007-09-17	17698.3358
2007-09-18	17594.9458
2007-09-19	17825.1387
2007-09-20	17828.3261
2007-09-21	17774.4827
2007-09-22	17774.4827
2007-09-23	17774.4827
2007-09-24	17806.824
2007-09-25	17817.5134
2007-09-26	17830.8268
2007-09-27	17892.5861
2007-09-28	17893.81
2007-09-29	17893.81
2007-09-30	17954.5655
2007-10-01	17921.2996
2007-10-02	18053.368
2007-10-03	18053.9315
2007-10-04	17947.3629
2007-10-05	17973.3292
2007-10-06	17973.3292
2007-10-07	17973.3292
2007-10-08	18033.257
2007-10-09	18064.6121
2007-10-10	18150.4887
2007-10-11	18190.1999
2007-10-12	18155.4988
2007-10-13	18155.4988
2007-10-14	18155.4988
2007-10-15	18144.5452
2007-10-16	18089.3018
2007-10-17	18091.1861
2007-10-18	18149.1679
2007-10-19	18044.915
2007-10-20	18044.915
2007-10-21	18044.915
2007-10-22	17915.8228
2007-10-23	17996.9886
2007-10-24	17952.4875
2007-10-25	17957.9731
2007-10-26	18033.213
2007-10-27	18033.213
2007-10-28	18033.213
2007-10-29	18124.7336
2007-10-30	18071.1367
2007-10-31	18064.9643
2007-11-01	18123.7211
2007-11-02	17937.2898
2007-11-03	17937.2898
2007-11-04	17937.2898
2007-11-05	17888.2804
2007-11-06	17956.9252
2007-11-07	17946.544
2007-11-08	17781.5356
2007-11-09	17789.8741
2007-11-10	17789.8741
2007-11-11	17789.8741
2007-11-12	17775.7242
2007-11-13	17823.4569
2007-11-14	17928.5903
2007-11-15	17835.0709
2007-11-16	17759.0561
2007-11-17	17759.0561
2007-11-18	17759.0561
2007-11-19	17819.1072
2007-11-20	17738.4785
2007-11-21	17712.8379
2007-11-22	17680.1532
2007-11-23	17730.8532
2007-11-24	17730.8532
2007-11-25	17730.8532
2007-11-26	17760.6674
2007-11-27	17702.6592
2007-11-28	17664.6738
2007-11-29	17800.0352
2007-11-30	17882.5482
2007-12-01	17882.5482
2007-12-02	17882.5482
2007-12-03	17975.328
2007-12-04	17980.5142
2007-12-05	18019.9436
2007-12-06	18139.8257
2007-12-07	18219.0279
2007-12-08	18219.0279
2007-12-09	18219.0279
2007-12-10	18144.5892
2007-12-11	18172.7393
2007-12-12	18072.1669
2007-12-13	17990.8515
2007-12-14	17883.9218
2007-12-15	17883.9218
2007-12-16	17883.9218
2007-12-17	17525.4381
2007-12-18	17539.2357
2007-12-19	17555.3755
2007-12-20	17542.6433
2007-12-21	17658.202
2007-12-22	17658.202
2007-12-23	17658.202
2007-12-24	17772.7921
2007-12-25	17809.7121
2007-12-26	17813.9209
2007-12-27	17782.4954
2007-12-28	17776.5959
2007-12-29	17776.5959
2007-12-30	17776.5959
2007-12-31	17866.514
2008-01-01	17788.4477
2008-01-02	17727.023
2008-01-03	17665.6952
2008-01-04	17615.7876
2008-01-05	17615.7876
2008-01-06	17615.7876
2008-01-07	17530.1224
2008-01-08	17424.2582
2008-01-09	17375.7771
2008-01-10	17293.4314
2008-01-11	17145.9452
2008-01-12	17145.9452
2008-01-13	17145.9452
2008-01-14	17313.5071
2008-01-15	17217.9625
2008-01-16	17068.4688
2008-01-17	16990.0854
2008-01-18	16919.0719
2008-01-19	16919.0719
2008-01-20	16919.0719
2008-01-21	16735.6168
2008-01-22	16409.263
2008-01-23	16486.7483
2008-01-24	16781.3595
2008-01-25	17082.3457
2008-01-26	17082.3457
2008-01-27	17082.3457
2008-01-28	17055.1026
2008-01-29	16808.0655
2008-01-30	16663.2121
2008-01-31	16712.8291
2008-02-01	16941.2345
2008-02-02	16941.2345
2008-02-03	16941.2345
2008-02-04	16985.1545
2008-02-05	16797.0591
2008-02-06	16559.0913
2008-02-07	16520.8946
2008-02-08	16597.2352
2008-02-09	16597.2352
2008-02-10	16597.2352
2008-02-11	16480.0387
2008-02-12	16658.7127
2008-02-13	16656.573
2008-02-14	16738.5929
2008-02-15	16610.0731
2008-02-16	16610.0731
2008-02-17	16610.0731
2008-02-18	16577.8727
2008-02-19	16632.1564
2008-02-20	16481.8966
2008-02-21	16542.2119
2008-02-22	16486.0174
2008-02-23	16486.0174
2008-02-24	16486.0174
2008-02-25	16639.3062
2008-02-26	16721.1147
2008-02-27	16807.0177
2008-02-28	16627.6922
2008-02-29	16535.1149
2008-03-01	16535.1149
2008-03-02	16535.1149
2008-03-03	16293.5899
2008-03-04	16328.4406
2008-03-05	16337.6332
2008-03-06	16382.9004
2008-03-07	16108.0655
2008-03-08	16108.0655
2008-03-09	16108.0655
2008-03-10	16058.4221
2008-03-11	16092.7005
2008-03-12	16245.9364
2008-03-13	16045.4609
2008-03-14	16116.5889
2008-03-15	16116.5889
2008-03-16	16116.5889
2008-03-17	15907.3171
2008-03-18	15996.9798
2008-03-19	16236.0394
2008-03-20	16192.8414
2008-03-21	16192.1194
2008-03-22	16192.1194
2008-03-23	16192.1194
2008-03-24	16189.1785
2008-03-25	16317.9977
2008-03-26	16414.5373
2008-03-27	16369.0323
2008-03-28	16325.5789
2008-03-29	16325.5789
2008-03-30	16325.5789
2008-03-31	16408.3825
2008-04-01	16524.267
2008-04-02	16667.3065
2008-04-03	16765.5279
2008-04-04	16752.4786
2008-04-05	16752.4786
2008-04-06	16752.4786
2008-04-07	16725.1035
2008-04-08	16640.3716
2008-04-09	16540.5125
2008-04-10	16431.8394
2008-04-11	16382.2312
2008-04-12	16382.2312
2008-04-13	16382.2312
2008-04-14	16404.2177
2008-04-15	16498.1069
2008-04-16	16593.0087
2008-04-17	16635.0533
2008-04-18	16624.4959
2008-04-19	16624.4959
2008-04-20	16624.4959
2008-04-21	16719.1336
2008-04-22	16639.4999
2008-04-23	16694.6465
2008-04-24	16659.9102
2008-04-25	16738.3552
2008-04-26	16738.3552
2008-04-27	16738.3552
2008-04-28	16760.5089
2008-04-29	16802.122
2008-04-30	16754.407
2008-05-01	16814.1675
2008-05-02	16966.6901
2008-05-03	16966.6901
2008-05-04	16966.6901
2008-05-05	16890.6401
2008-05-06	16842.9251
2008-05-07	16783.1734
2008-05-08	16861.275
2008-05-09	16880.1356
2008-05-10	16880.1356
2008-05-11	16880.1356
2008-05-12	17022.2682
2008-05-13	17025.1211
2008-05-14	17140.1779
2008-05-15	17181.8878
2008-05-16	17137.3338
2008-05-17	17137.3338
2008-05-18	17137.3338
2008-05-19	17201.8051
2008-05-20	17109.6945
2008-05-21	16956.1768
2008-05-22	16991.5647
2008-05-23	16850.0308
2008-05-24	16850.0308
2008-05-25	16850.0308
2008-05-26	16834.208
2008-05-27	16823.5714
2008-05-28	16746.3679
2008-05-29	16855.851
2008-05-30	16821.872
2008-05-31	16821.872
2008-06-01	16821.872
2008-06-02	16769.7367
2008-06-03	16685.1193
2008-06-04	16650.5679
2008-06-05	16666.0386
2008-06-06	16643.0571
2008-06-07	16643.0571
2008-06-08	16643.0571
2008-06-09	16675.1343
2008-06-10	16414.7574
2008-06-11	16387.4439
2008-06-12	16299.7799
2008-06-13	16319.6355
2008-06-14	16319.6355
2008-06-15	16319.6355
2008-06-16	16339.3062
2008-06-17	16434.8684
2008-06-18	16423.9588
2008-06-19	16301.4176
2008-06-20	16144.0609
2008-06-21	16144.0609
2008-06-22	16144.0609
2008-06-23	16180.884
2008-06-24	16193.3345
2008-06-25	16158.0875
2008-06-26	16159.0385
2008-06-27	16012.0102
2008-06-28	16012.0102
2008-06-29	16012.0102
2008-06-30	16139.8257
2008-07-01	15893.0087
2008-07-02	15753.9843
2008-07-03	15691.9873
2008-07-04	15764.2951
2008-07-05	15764.2951
2008-07-06	15764.2951
2008-07-07	15813.287
2008-07-08	15689.6452
2008-07-09	15730.4482
2008-07-10	15579.3784
2008-07-11	15533.9174
2008-07-12	15533.9174
2008-07-13	15533.9174
2008-07-14	15627.4897
2008-07-15	15409.9586
2008-07-16	15528.5022
2008-07-17	15706.6919
2008-07-18	15912.3008
2008-07-19	15912.3008
2008-07-20	15912.3008
2008-07-21	15852.9629
2008-07-22	15888.1307
2008-07-23	16128.6167
2008-07-24	16199.8239
2008-07-25	15941.1112
2008-07-26	15941.1112
2008-07-27	15941.1112
2008-07-28	15772.7129
2008-07-29	15704.1824
2008-07-30	15956.212
2008-07-31	15959.9014
2008-08-01	15919.7587
2008-08-02	15919.7587
2008-08-03	15919.7587
2008-08-04	15807.4756
2008-08-05	15909.8618
2008-08-06	16160.1303
2008-08-07	16152.6371
2008-08-08	16255.2523
2008-08-09	16255.2523
2008-08-10	16255.2523
2008-08-11	16299.1195
2008-08-12	16384.8111
2008-08-13	16181.5268
2008-08-14	16194.1974
2008-08-15	16230.5098
2008-08-16	16230.5098
2008-08-17	16230.5098
2008-08-18	16204.4906
2008-08-19	15966.0386
2008-08-20	16063.0536
2008-08-21	15999.1635
2008-08-22	16139.0948
2008-08-23	16139.0948
2008-08-24	16139.0948
2008-08-25	16193.1848
2008-08-26	16244.3691
2008-08-27	16254.5126
2008-08-28	16361.1077
2008-08-29	16481.879
2008-08-30	16481.879
2008-08-31	16481.879
2008-09-01	16400.1585
2008-09-02	16486.8803
2008-09-03	16430.8268
2008-09-04	16240.7942
2008-09-05	16204.6315
2008-09-06	16204.6315
2008-09-07	16204.6315
2008-09-08	16469.1468
2008-09-09	16309.3246
2008-09-10	16278.6299
2008-09-11	16204.3674
2008-09-12	16183.508
2008-09-13	16183.508
2008-09-14	16183.508
2008-09-15	16024.9009
2008-09-16	15986.4577
2008-09-17	15906.6831
2008-09-18	15758.2724
2008-09-19	16064.7178
2008-09-20	16064.7178
2008-09-21	16064.7178
2008-09-22	16093.449
2008-09-23	15958.7655
2008-09-24	16013.3046
2008-09-25	16023.7299
2008-09-26	15963.2649
2008-09-27	15963.2649
2008-09-28	15963.2649
2008-09-29	15711.9046
2008-09-30	15689.0024
2008-10-01	15913.5335
2008-10-02	15880.6991
2008-10-03	15787.3998
2008-10-04	15787.3998
2008-10-05	15787.3998
2008-10-06	15722.9198
2008-10-07	15841.6307
2008-10-08	15813.1901
2008-10-09	15069.1644
2008-10-10	14745.6899
2008-10-11	14745.6899
2008-10-12	14745.6899
2008-10-13	14936.9464
2008-10-14	15038.998
2008-10-15	14973.9896
2008-10-16	14634.0759
2008-10-17	14503.3724
2008-10-18	14503.3724
2008-10-19	14503.3724
2008-10-20	14776.8865
2008-10-21	15065.2021
2008-10-22	14394.1006
2008-10-23	14226.8909
2008-10-24	14132.9929
2008-10-25	14132.9929
2008-10-26	14132.9929
2008-10-27	14021.1411
2008-10-28	14282.4073
2008-10-29	14089.2841
2008-10-30	14276.6576
2008-10-31	14583.2878
2008-11-01	14583.2878
2008-11-02	14583.2878
2008-11-03	14664.4713
2008-11-04	14507.5372
2008-11-05	14940.6974
2008-11-06	14711.8517
2008-11-07	14388.7206
2008-11-08	14388.7206
2008-11-09	14388.7206
2008-11-10	14578.6035
2008-11-11	14466.5228
2008-11-12	14555.8598
2008-11-13	14087.5936
2008-11-14	14131.6281
2008-11-15	14131.6281
2008-11-16	14131.6281
2008-11-17	13939.2797
2008-11-18	13758.8712
2008-11-19	13647.8559
2008-11-20	13424.8393
2008-11-21	13466.9191
2008-11-22	13466.9191
2008-11-23	13466.9191
2008-11-24	13549.5201
2008-11-25	13955.534
2008-11-26	13884.0979
2008-11-27	13942.8546
2008-11-28	14225.2443
2008-11-29	14225.2443
2008-11-30	14225.2443
2008-12-01	13837.8005
2008-12-02	13704.7284
2008-12-03	13647.0459
2008-12-04	13676.094
2008-12-05	13646.6056
2008-12-06	13646.6056
2008-12-07	13646.6056
2008-12-08	13923.2368
2008-12-09	13832.5878
2008-12-10	13942.9691
2008-12-11	13755.4988
2008-12-12	13704.9221
2008-12-13	13704.9221
2008-12-14	13704.9221
2008-12-15	13858.3341
2008-12-16	13838.7338
2008-12-17	13802.1573
2008-12-18	13846.1742
2008-12-19	13937.6332
2008-12-20	13937.6332
2008-12-21	13937.6332
2008-12-22	13792.0402
2008-12-23	13852.056
2008-12-24	13882.8652
2008-12-25	13882.8652
2008-12-26	13882.8652
2008-12-27	13882.8652
2008-12-28	13882.8652
2008-12-29	13907.3435
2008-12-30	13986.7395
2008-12-31	13983.4463
2009-01-01	13981.3419
2009-01-02	13988.1659
2009-01-03	13988.1659
2009-01-04	13988.1659
2009-01-05	14092.4804
2009-01-06	14125.394
2009-01-07	14205.3271
2009-01-08	14190.8867
2009-01-09	14223.8707
2009-01-10	14223.8707
2009-01-11	14223.8707
2009-01-12	14041.7012
2009-01-13	14044.3075
2009-01-14	13964.2951
2009-01-15	13758.1932
2009-01-16	13731.135
2009-01-17	13731.135
2009-01-18	13731.135
2009-01-19	13748.0585
2009-01-20	13575.8563
2009-01-21	13572.0877
2009-01-22	13639.8961
2009-01-23	13436.647
2009-01-24	13436.647
2009-01-25	13436.647
2009-01-26	13473.4437
2009-01-27	13636.1803
2009-01-28	13734.6218
2009-01-29	13836.0835
2009-01-30	13895.2188
2009-01-31	13895.2188
2009-02-01	13895.2188
2009-02-02	13735.2382
2009-02-03	13622.4707
2009-02-04	13427.9211
2009-02-05	13331.6721
2009-02-06	13337.1489
2009-02-07	13337.1489
2009-02-08	13337.1489
2009-02-09	13724.9009
2009-02-10	13749.7138
2009-02-11	13769.6487
2009-02-12	13793.0175
2009-02-13	13766.9895
2009-02-14	13766.9895
2009-02-15	13766.9895
2009-02-16	13654.3629
2009-02-17	13512.0102
2009-02-18	13370.3355
2009-02-19	13368.3895
2009-02-20	13243.0395
2009-02-21	13243.0395
2009-02-22	13243.0395
2009-02-23	13214.2291
2009-02-24	13187.1181
2009-02-25	13157.0661
2009-02-26	13192.1546
2009-02-27	13201.5585
2009-02-28	13201.5585
2009-03-01	13201.5585
2009-03-02	12962.402
2009-03-03	12846.3062
2009-03-04	12744.1666
2009-03-05	12701.0566
2009-03-06	12593.9861
2009-03-07	12593.9861
2009-03-08	12593.9861
2009-03-09	12593.9861
2009-03-10	12997.2528
2009-03-11	13083.8602
2009-03-12	13190.6577
2009-03-13	13406.4278
2009-03-14	13406.4278
2009-03-15	13406.4278
2009-03-16	13242.5905
2009-03-17	13487.9105
2009-03-18	13498.5472
2009-03-19	13451.061
2009-03-20	13303.4516
2009-03-21	13303.4516
2009-03-22	13303.4516
2009-03-23	13548.7893
2009-03-24	13592.3043
2009-03-25	13678.1368
2009-03-26	13732.5614
2009-03-27	13770.6437
2009-03-28	13770.6437
2009-03-29	13770.6437
2009-03-30	13587.8489
2009-03-31	13390.8603
2009-04-01	13573.5405
2009-04-02	13720.3663
2009-04-03	13840.6445
2009-04-04	13840.6445
2009-04-05	13840.6445
2009-04-06	13852.2673
2009-04-07	13685.2866
2009-04-08	13608.6114
2009-04-09	13782.0815
2009-04-10	13782.0815
2009-04-11	13782.0815
2009-04-12	13782.0815
2009-04-13	13782.0815
2009-04-14	13901.8491
2009-04-15	13813.3926
2009-04-16	14018.8782
2009-04-17	14038.5313
2009-04-18	14038.5313
2009-04-19	14038.5313
2009-04-20	13869.4726
2009-04-21	13650.612
2009-04-22	13618.0593
2009-04-23	13772.8009
2009-04-24	13731.0205
2009-04-25	13731.0205
2009-04-26	13731.0205
2009-04-27	13813.9121
2009-04-28	13837.5715
2009-04-29	13763.4587
2009-04-30	13893.2993
2009-05-01	13877.2299
2009-05-02	13877.2299
2009-05-03	13877.2299
2009-05-04	14037.1137
2009-05-05	14039.1829
2009-05-06	14016.5625
2009-05-07	13976.7985
2009-05-08	13998.7849
2009-05-09	13998.7849
2009-05-10	13998.7849
2009-05-11	14152.4434
2009-05-12	14084.1419
2009-05-13	14002.712
2009-05-14	13802.1749
2009-05-15	13881.4035
2009-05-16	13881.4035
2009-05-17	13881.4035
2009-05-18	13840.7414
2009-05-19	13927.8947
2009-05-20	13978.8941
2009-05-21	13879.5192
2009-05-22	13795.0691
2009-05-23	13795.0691
2009-05-24	13795.0691
2009-05-25	13820.3927
2009-05-26	13971.1455
2009-05-27	13988.3948
2009-05-28	13982.7507
2009-05-29	13967.7732
2009-05-30	13967.7732
2009-05-31	13967.7732
2009-06-01	14031.6105
2009-06-02	14045.6723
2009-06-03	14189.9005
2009-06-04	14131.5312
2009-06-05	14118.7021
2009-06-06	14118.7021
2009-06-07	14118.7021
2009-06-08	14118.7021
2009-06-09	14125.1035
2009-06-10	14171.8588
2009-06-11	14131.7425
2009-06-12	14195.3773
2009-06-13	14195.3773
2009-06-14	14195.3773
2009-06-15	14209.1662
2009-06-16	14100.0088
2009-06-17	14031.0469
2009-06-18	13966.9191
2009-06-19	13949.7314
2009-06-20	13949.7314
2009-06-21	13949.7314
2009-06-22	13962.7366
2009-06-23	13810.7335
2009-06-24	13862.6662
2009-06-25	13940.5917
2009-06-26	13968.3807
2009-06-27	13968.3807
2009-06-28	13968.3807
2009-06-29	14018.843
2009-06-30	14093.5106
2009-07-01	14087.3382
2009-07-02	14097.5698
2009-07-03	14023.8267
2009-07-04	14023.8267
2009-07-05	14023.8267
2009-07-06	13955.1378
2009-07-07	13883.6753
2009-07-08	13979.1494
2009-07-09	13939.0332
2009-07-10	13996.3459
2009-07-11	13996.3459
2009-07-12	13996.3459
2009-07-13	13879.757
2009-07-14	14000.5899
2009-07-15	14072.6248
2009-07-16	14181.113
2009-07-17	14235.6432
2009-07-18	14235.6432
2009-07-19	14235.6432
2009-07-20	14244.598
2009-07-21	14351.4837
2009-07-22	14324.5928
2009-07-23	14420.2342
2009-07-24	14442.6257
2009-07-25	14442.6257
2009-07-26	14442.6257
2009-07-27	14489.3898
2009-07-28	14503.6894
2009-07-29	14524.038
2009-07-30	14556.4234
2009-07-31	14615.5499
2009-08-01	14615.5499
2009-08-02	14615.5499
2009-08-03	14696.0025
2009-08-04	14726.9349
2009-08-05	14718.8606
2009-08-06	14772.4223
2009-08-07	14758.7127
2009-08-08	14758.7127
2009-08-09	14758.7127
2009-08-10	14768.4071
2009-08-11	14824.8129
2009-08-12	14827.8859
2009-08-13	14904.1736
2009-08-14	14986.5722
2009-08-15	14986.5722
2009-08-16	14986.5722
2009-08-17	14873.4173
2009-08-18	14876.1997
2009-08-19	14868.7594
2009-08-20	14925.2972
2009-08-21	14892.498
2009-08-22	14892.498
2009-08-23	14892.498
2009-08-24	15027.7186
2009-08-25	15092.0842
2009-08-26	15164.9555
2009-08-27	15091.8288
2009-08-28	15164.3656
2009-08-29	15164.3656
2009-08-30	15164.3656
2009-08-31	15104.6843
2009-09-01	15184.4325
2009-09-02	14976.1205
2009-09-03	15024.4871
2009-09-04	15036.1979
2009-09-05	15036.1979
2009-09-06	15036.1979
2009-09-07	15065.1404
2009-09-08	15176.2349
2009-09-09	15215.5499
2009-09-10	15298.6528
2009-09-11	15375.9972
2009-09-12	15375.9972
2009-09-13	15375.9972
2009-09-14	15316.5977
2009-09-15	15317.0556
2009-09-16	15443.4005
2009-09-17	15556.6611
2009-09-18	15529.5765
2009-09-19	15529.5765
2009-09-20	15529.5765
2009-09-21	15530.5538
2009-09-22	15491.9873
2009-09-23	15540.5213
2009-09-24	15513.4543
2009-09-25	15485.4891
2009-09-26	15485.4891
2009-09-27	15485.4891
2009-09-28	15479.5985
2009-09-29	15547.3629
2009-09-30	15537.5539
2009-10-01	15520.9122
2009-10-02	15415.0216
2009-10-03	15415.0216
2009-10-04	15415.0216
2009-10-05	15322.9814
2009-10-06	15378.7708
2009-10-07	15538.8483
2009-10-08	15549.2736
2009-10-09	15613.2341
2009-10-10	15613.2341
2009-10-11	15613.2341
2009-10-12	15582.557
2009-10-13	15642.1502
2009-10-14	15721.15
2009-10-15	15720.472
2009-10-16	15699.9648
2009-10-17	15699.9648
2009-10-18	15699.9648
2009-10-19	15634.8948
2009-10-20	15752.0208
2009-10-21	15606.0139
2009-10-22	15630.413
2009-10-23	15621.8368
2009-10-24	15621.8368
2009-10-25	15621.8368
2009-10-26	15587.8489
2009-10-27	15485.3042
2009-10-28	15433.2482
2009-10-29	15212.5825
2009-10-30	15381.9759
2009-10-31	15381.9759
2009-11-01	15381.9759
2009-11-02	15232.1564
2009-11-03	15232.1564
2009-11-04	15205.3887
2009-11-05	15239.4294
2009-11-06	15299.9736
2009-11-07	15299.9736
2009-11-08	15299.9736
2009-11-09	15430.8708
2009-11-10	15524.7336
2009-11-11	15568.6977
2009-11-12	15550.6032
2009-11-13	15474.4651
2009-11-14	15474.4651
2009-11-15	15474.4651
2009-11-16	15609.7825
2009-11-17	15623.1399
2009-11-18	15642.3527
2009-11-19	15637.3954
2009-11-20	15541.4898
2009-11-21	15541.4898
2009-11-22	15541.4898
2009-11-23	15560.7907
2009-11-24	15550.5679
2009-11-25	15603.7158
2009-11-26	15553.5793
2009-11-27	15405.2303
2009-11-28	15405.2303
2009-11-29	15405.2303
2009-11-30	15576.1557
2009-12-01	15597.6226
2009-12-02	15647.1603
2009-12-03	15633.979
2009-12-04	15613.1285
2009-12-05	15613.1285
2009-12-06	15613.1285
2009-12-07	15563.4058
2009-12-08	15566.8574
2009-12-09	15543.8056
2009-12-10	15478.3129
2009-12-11	15530.0784
2009-12-12	15530.0784
2009-12-13	15530.0784
2009-12-14	15581.9671
2009-12-15	15618.2266
2009-12-16	15631.0822
2009-12-17	15627.4456
2009-12-18	15625.0506
2009-12-19	15625.0506
2009-12-20	15625.0506
2009-12-21	15618.2266
2009-12-22	15701.3472
2009-12-23	15787.0564
2009-12-24	15840.1867
2009-12-25	15840.1867
2009-12-26	15840.1867
2009-12-27	15840.1867
2009-12-28	15840.1867
2009-12-29	15918.57
2009-12-30	15877.5381
2009-12-31	15934.6658
2010-01-01	15934.6658
2010-01-02	15934.6658
2010-01-03	15934.6658
2010-01-04	15963.2473
2010-01-05	16043.6471
2010-01-06	16037.9414
2010-01-07	16015.0392
2010-01-08	16035.2294
2010-01-09	16035.2294
2010-01-10	16035.2294
2010-01-11	16107.4492
2010-01-12	16025.9664
2010-01-13	15982.0639
2010-01-14	16022.8229
2010-01-15	16006.0227
2010-01-16	16006.0227
2010-01-17	16006.0227
2010-01-18	16031.5048
2010-01-19	15998.5472
2010-01-20	15990.693
2010-01-21	15894.127
2010-01-22	15774.3946
2010-01-23	15774.3946
2010-01-24	15774.3946
2010-01-25	15736.647
2010-01-26	15708.268
2010-01-27	15626.8733
2010-01-28	15632.0771
2010-01-29	15510.5045
2010-01-30	15510.5045
2010-01-31	15510.5045
2010-02-01	15511.2178
2010-02-02	15663.1065
2010-02-03	15682.3193
2010-02-04	15594.2502
2010-02-05	15467.6675
2010-02-06	15467.6675
2010-02-07	15467.6675
2010-02-08	15405.4328
2010-02-09	15425.0682
2010-02-10	15435.4231
2010-02-11	15486.8715
2010-02-12	15504.7108
2010-02-13	15504.7108
2010-02-14	15504.7108
2010-02-15	15492.41
2010-02-16	15538.276
2010-02-17	15678.9117
2010-02-18	15672.933
2010-02-19	15642.0622
2010-02-20	15642.0622
2010-02-21	15642.0622
2010-02-22	15758.7127
2010-02-23	15748.5251
2010-02-24	15664.4713
2010-02-25	15605.8114
2010-02-26	15670.7405
2010-02-27	15670.7405
2010-02-28	15670.7405
2010-03-01	15743.788
2010-03-02	15799.1547
2010-03-03	15854.8296
2010-03-04	15889.9886
2010-03-05	15937.2017
2010-03-06	15937.2017
2010-03-07	15937.2017
2010-03-08	15986.9596
2010-03-09	16016.5889
2010-03-10	16038.6458
2010-03-11	16021.3261
2010-03-12	16035.8193
2010-03-13	16035.8193
2010-03-14	16035.8193
2010-03-15	15999.4277
2010-03-16	16050.1013
2010-03-17	16102.0164
2010-03-18	16133.1249
2010-03-19	16147.3981
2010-03-20	16147.3981
2010-03-21	16147.3981
2010-03-22	16100.766
2010-03-23	16169.3845
2010-03-24	16165.3782
2010-03-25	16184.1948
2010-03-26	16221.9072
2010-03-27	16221.9072
2010-03-28	16221.9072
2010-03-29	16211.2001
2010-03-30	16232.6759
2010-03-31	16279.8274
2010-04-01	16348.3755
2010-04-02	16356.1768
2010-04-03	16356.1768
2010-04-04	16356.1768
2010-04-05	16373.338
2010-04-06	16426.1249
2010-04-07	16408.6466
2010-04-08	16413.1461
2010-04-09	16428.5287
2010-04-10	16428.5287
2010-04-11	16428.5287
2010-04-12	16500.7396
2010-04-13	16524.3726
2010-04-14	16588.976
2010-04-15	16605.151
2010-04-16	16552.2849
2010-04-17	16552.2849
2010-04-18	16552.2849
2010-04-19	16461.7857
2010-04-20	16477.5117
2010-04-21	16422.9022
2010-04-22	16387.8841
2010-04-23	16393.6691
2010-04-24	16393.6691
2010-04-25	16393.6691
2010-04-26	16395.3509
2010-04-27	16340.5653
2010-04-28	16249.4409
2010-04-29	16239.7552
2010-04-30	16237.5363
2010-05-01	16237.5363
2010-05-02	16237.5363
2010-05-03	16230.457
2010-05-04	16142.881
2010-05-05	16043.4446
2010-05-06	15855.0938
2010-05-07	15657.1102
2010-05-08	15657.1102
2010-05-09	15657.1102
2010-05-10	15936.8055
2010-05-11	15843.6207
2010-05-12	15957.0045
2010-05-13	16022.1713
2010-05-14	15921.7311
2010-05-15	15921.7311
2010-05-16	15921.7311
2010-05-17	15788.4036
2010-05-18	15739.7376
2010-05-19	15649.6258
2010-05-20	15527.5425
2010-05-21	15496.3635
2010-05-22	15496.3635
2010-05-23	15496.3635
2010-05-24	15531.8218
2010-05-25	15396.5836
2010-05-26	15433.0457
2010-05-27	15579.6513
2010-05-28	15677.9343
2010-05-29	15677.9343
2010-05-30	15677.9343
2010-05-31	15653.7202
2010-06-01	15599.4277
2010-06-02	15608.9636
2010-06-03	15774.3594
2010-06-04	15657.0837
2010-06-05	15657.0837
2010-06-06	15657.0837
2010-06-07	15499.4277
2010-06-08	15557.7441
2010-06-09	15557.8322
2010-06-10	15663.8021
2010-06-11	15768.7329
2010-06-12	15768.7329
2010-06-13	15768.7329
2010-06-14	15759.6108
2010-06-15	15789.8125
2010-06-16	15867.0424
2010-06-17	15867.9493
2010-06-18	15889.5835
2010-06-19	15889.5835
2010-06-20	15889.5835
2010-06-21	15950.4623
2010-06-22	15841.3489
2010-06-23	15771.8588
2010-06-24	15708.7699
2010-06-25	15631.3111
2010-06-26	15631.3111
2010-06-27	15631.3111
2010-06-28	15587.1181
2010-06-29	15450.5151
2010-06-30	15481.201
2010-07-01	15415.1272
2010-07-02	15387.5231
2010-07-03	15387.5231
2010-07-04	15387.5231
2010-07-05	15368.4424
2010-07-06	15458.7039
2010-07-07	15503.6013
2010-07-08	15626.1337
2010-07-09	15749.1943
2010-07-10	15749.1943
2010-07-11	15749.1943
2010-07-12	15798.2214
2010-07-13	15783.825
2010-07-14	15903.6101
2010-07-15	15880.5054
2010-07-16	15798.0893
2010-07-17	15798.0893
2010-07-18	15798.0893
2010-07-19	15734.8155
2010-07-20	15699.9296
2010-07-21	15711.4467
2010-07-22	15705.9171
2010-07-23	15829.4972
2010-07-24	15829.4972
2010-07-25	15829.4972
2010-07-26	15881.0601
2010-07-27	15910.5574
2010-07-28	15961.1341
2010-07-29	15930.1224
2010-07-30	15870.7845
2010-07-31	15870.7845
2010-08-01	15870.7845
2010-08-02	15991.2389
2010-08-03	16023.8091
2010-08-04	16001.3296
2010-08-05	16027.5249
2010-08-06	16034.3929
2010-08-07	16034.3929
2010-08-08	16034.3929
2010-08-09	16071.9996
2010-08-10	16006.3837
2010-08-11	15825.7991
2010-08-12	15736.3388
2010-08-13	15778.357
2010-08-14	15778.357
2010-08-15	15778.357
2010-08-16	15785.8237
2010-08-17	15867.3065
2010-08-18	15881.0425
2010-08-19	15869.816
2010-08-20	15804.2617
2010-08-21	15804.2617
2010-08-22	15804.2617
2010-08-23	15793.4754
2010-08-24	15717.3373
2010-08-25	15647.5566
2010-08-26	15678.7444
2010-08-27	15697.7811
2010-08-28	15697.7811
2010-08-29	15697.7811
2010-08-30	15789.1168
2010-08-31	15754.4598
2010-09-01	15912.2215
2010-09-02	15983.0853
2010-09-03	16024.7777
2010-09-04	16024.7777
2010-09-05	16024.7777
2010-09-06	16097.3937
2010-09-07	16083.7633
2010-09-08	16051.6069
2010-09-09	16099.0314
2010-09-10	16078.9469
2010-09-11	16078.9469
2010-09-12	16078.9469
2010-09-13	16173.5053
2010-09-14	16200.8189
2010-09-15	16273.3997
2010-09-16	16206.0491
2010-09-17	16225.033
2010-09-18	16225.033
2010-09-19	16225.033
2010-09-20	16273.9456
2010-09-21	16243.5678
2010-09-22	16240.3452
2010-09-23	16216.2015
2010-09-24	16244.4307
2010-09-25	16244.4307
2010-09-26	16244.4307
2010-09-27	16291.5999
2010-09-28	16319.794
2010-09-29	16289.8125
2010-09-30	16228.7576
2010-10-01	16200.995
2010-10-02	16200.995
2010-10-03	16200.995
2010-10-04	16260.4385
2010-10-05	16309.4391
2010-10-06	16378.6123
2010-10-07	16388.2716
2010-10-08	16383.3671
2010-10-09	16383.3671
2010-10-10	16383.3671
2010-10-11	16418.8694
2010-10-12	16337.6948
2010-10-13	16348.4019
2010-10-14	16448.4723
2010-10-15	16449.0358
2010-10-16	16449.0358
2010-10-17	16449.0358
2010-10-18	16415.5235
2010-10-19	16403.5837
2010-10-20	16377.8903
2010-10-21	16394.532
2010-10-22	16403.5925
2010-10-23	16403.5925
2010-10-24	16403.5925
2010-10-25	16488.9319
2010-10-26	16483.1117
2010-10-27	16444.9679
2010-10-28	16503.8831
2010-10-29	16453.5
2010-10-30	16453.5
2010-10-31	16453.5
2010-11-01	16532.4646
2010-11-02	16520.4103
2010-11-03	16559.1441
2010-11-04	16649.6258
2010-11-05	16721.0355
2010-11-06	16721.0355
2010-11-07	16721.0355
2010-11-08	16692.9031
2010-11-09	16656.1504
2010-11-10	16585.4363
2010-11-11	16652.6988
2010-11-12	16579.5457
2010-11-13	16579.5457
2010-11-14	16579.5457
2010-11-15	16525.8343
2010-11-16	16542.4408
2010-11-17	16388.069
2010-11-18	16452.2321
2010-11-19	16460.4913
2010-11-20	16460.4913
2010-11-21	16460.4913
2010-11-22	16498.9874
2010-11-23	16379.5104
2010-11-24	16380.4438
2010-11-25	16421.6783
2010-11-26	16433.257
2010-11-27	16433.257
2010-11-28	16433.257
2010-11-29	16473.2676
2010-11-30	16409.1309
2010-12-01	16465.7304
2010-12-02	16648.1905
2010-12-03	16639.8345
2010-12-04	16639.8345
2010-12-05	16639.8345
2010-12-06	16626.0544
2010-12-07	16701.3032
2010-12-08	16650.8233
2010-12-09	16715.0392
2010-12-10	16736.9288
2010-12-11	16736.9288
2010-12-12	16736.9288
2010-12-13	16732.7815
2010-12-14	16749.6786
2010-12-15	16763.0008
2010-12-16	16761.2574
2010-12-17	16780.0387
2010-12-18	16780.0387
2010-12-19	16780.0387
2010-12-20	16721.8191
2010-12-21	16796.6805
2010-12-22	16801.7258
2010-12-23	16819.7587
2010-12-24	16798.3622
2010-12-25	16798.3622
2010-12-26	16798.3622
2010-12-27	16802.2277
2010-12-28	16778.6387
2010-12-29	16783.6224
2010-12-30	16826.4771
2010-12-31	16738.5753
2011-01-01	16738.5753
2011-01-02	16738.5753
2011-01-03	16788.0954
2011-01-04	16830.5979
2011-01-05	16813.331
2011-01-06	16863.8461
2011-01-07	16838.4961
2011-01-08	16838.4961
2011-01-09	16838.4961
2011-01-10	16807.0969
2011-01-11	16906.2781
2011-01-12	16940.0106
2011-01-13	17008.9548
2011-01-14	17055.9038
2011-01-15	17055.9038
2011-01-16	17055.9038
2011-01-17	16980.1972
2011-01-18	17044.9503
2011-01-19	17043.2332
2011-01-20	16964.6826
2011-01-21	16915.2417
2011-01-22	16915.2417
2011-01-23	16915.2417
2011-01-24	16924.3374
2011-01-25	16988.8175
2011-01-26	17008.5234
2011-01-27	17032.2532
2011-01-28	16921.5814
2011-01-29	16921.5814
2011-01-30	16921.5814
2011-01-31	16882.1872
2011-02-01	16875.1695
2011-02-02	16979.9771
2011-02-03	16980.4966
2011-02-04	17071.7619
2011-02-05	17071.7619
2011-02-06	17071.7619
2011-02-07	17083.3055
2011-02-08	17121.5374
2011-02-09	17127.472
2011-02-10	17132.9929
2011-02-11	17120.5952
2011-02-12	17120.5952
2011-02-13	17120.5952
2011-02-14	17228.5111
2011-02-15	17259.0209
2011-02-16	17269.7896
2011-02-17	17272.1934
2011-02-18	17283.3407
2011-02-19	17283.3407
2011-02-20	17283.3407
2011-02-21	17244.6333
2011-02-22	17132.0771
2011-02-23	17053.0158
2011-02-24	16956.2208
2011-02-25	17045.0119
2011-02-26	17045.0119
2011-02-27	17045.0119
2011-02-28	17060.9316
2011-03-01	17044.3955
2011-03-02	16991.9345
2011-03-03	17061.4775
2011-03-04	17188.0074
2011-03-05	17188.0074
2011-03-06	17188.0074
2011-03-07	17082.24
2011-03-08	17103.3371
2011-03-09	17062.4901
2011-03-10	16910.8479
2011-03-11	16787.4439
2011-03-12	16787.4439
2011-03-13	16787.4439
2011-03-14	16739.5351
2011-03-15	16559.0385
2011-03-16	16591.9697
2011-03-17	16613.8769
2011-03-18	16692.6477
2011-03-19	16692.6477
2011-03-20	16692.6477
2011-03-21	16784.5822
2011-03-22	16782.7243
2011-03-23	16800.3786
2011-03-24	16900.5371
2011-03-25	16970.6172
2011-03-26	16970.6172
2011-03-27	16970.6172
2011-03-28	16932.7727
2011-03-29	16988.5709
2011-03-30	17121.0795
2011-03-31	17183.235
2011-04-01	17259.514
2011-04-02	17259.514
2011-04-03	17259.514
2011-04-04	17321.3084
2011-04-05	17356.7844
2011-04-06	17373.4085
2011-04-07	17333.891
2011-04-08	17373.9896
2011-04-09	17373.9896
2011-04-10	17373.9896
2011-04-11	17401.9107
2011-04-12	17222.2154
2011-04-13	17265.9241
2011-04-14	17186.6162
2011-04-15	17145.9981
2011-04-16	17145.9981
2011-04-17	17145.9981
2011-04-18	17138.4785
2011-04-19	17049.3352
2011-04-20	17164.0222
2011-04-21	17249.6258
2011-04-22	17251.9944
2011-04-23	17251.9944
2011-04-24	17251.9944
2011-04-25	17253.9491
2011-04-26	17246.6408
2011-04-27	17168.3455
2011-04-28	17166.9983
2011-04-29	17055.9127
2011-04-30	17055.9127
2011-05-01	17055.9127
2011-05-02	17067.9405
2011-05-03	16974.2978
2011-05-04	16918.4292
2011-05-05	16935.8369
2011-05-06	16908.4353
2011-05-07	16908.4353
2011-05-08	16908.4353
2011-05-09	16930.0343
2011-05-10	16933.4243
2011-05-11	17018.6053
2011-05-12	16880.3381
2011-05-13	16960.7995
2011-05-14	16960.7995
2011-05-15	16960.7995
2011-05-16	16829.4532
2011-05-17	16871.4449
2011-05-18	16913.5159
2011-05-19	17026.1953
2011-05-20	16972.9946
2011-05-21	16972.9946
2011-05-22	16972.9946
2011-05-23	16789.8917
2011-05-24	16764.0046
2011-05-25	16689.4338
2011-05-26	16834.9036
2011-05-27	16890.6842
2011-05-28	16890.6842
2011-05-29	16890.6842
2011-05-30	16867.738
2011-05-31	17003.5661
2011-06-01	16951.3604
2011-06-02	16755.1026
2011-06-03	16715.9197
2011-06-04	16715.9197
2011-06-05	16715.9197
2011-06-06	16729.735
2011-06-07	16693.1848
2011-06-08	16639.042
2011-06-09	16672.8449
2011-06-10	16650.3742
2011-06-11	16650.3742
2011-06-12	16650.3742
2011-06-13	16641.5515
2011-06-14	16694.3911
2011-06-15	16642.2559
2011-06-16	16464.0134
2011-06-17	16461.6448
2011-06-18	16461.6448
2011-06-19	16461.6448
2011-06-20	16411.8077
2011-06-21	16566.2851
2011-06-22	16591.4942
2011-06-23	16562.0939
2011-06-24	16599.4277
2011-06-25	16599.4277
2011-06-26	16599.4277
2011-06-27	16543.3565
2011-06-28	16554.407
2011-06-29	16675.8387
2011-06-30	16944.6157
2011-07-01	16936.3476
2011-07-02	16936.3476
2011-07-03	16936.3476
2011-07-04	17029.1186
2011-07-05	17013.6039
2011-07-06	17098.5472
2011-07-07	17119.3537
2011-07-08	17216.9851
2011-07-09	17216.9851
2011-07-10	17216.9851
2011-07-11	17067.8348
2011-07-12	16881.7734
2011-07-13	16913.4719
2011-07-14	16876.7368
2011-07-15	16875.5481
2011-07-16	16875.5481
2011-07-17	16875.5481
2011-07-18	16856.4322
2011-07-19	16745.3113
2011-07-20	16920.0933
2011-07-21	16900.3962
2011-07-22	17005.1158
2011-07-23	17005.1158
2011-07-24	17005.1158
2011-07-25	16860.641
2011-07-26	16944.2106
2011-07-27	16805.9699
2011-07-28	16667.5442
2011-07-29	16591.0188
2011-07-30	16591.0188
2011-07-31	16591.0188
2011-08-01	16742.6873
2011-08-02	16601.6554
2011-08-03	16414.8631
2011-08-04	16234.3753
2011-08-05	15851.6334
2011-08-06	15851.6334
2011-08-07	15851.6334
2011-08-08	15518.7902
2011-08-09	15638.681
2011-08-10	15760.8523
2011-08-11	15810.0643
2011-08-12	15888.7646
2011-08-13	15888.7646
2011-08-14	15888.7646
2011-08-15	16134.2608
2011-08-16	16100.2906
2011-08-17	16142.2823
2011-08-18	15953.2623
2011-08-19	15581.4828
2011-08-20	15581.4828
2011-08-21	15581.4828
2011-08-22	15576.1909
2011-08-23	15833.8998
2011-08-24	15812.0278
2011-08-25	15870.133
2011-08-26	15840.125
2011-08-27	15840.125
2011-08-28	15840.125
2011-08-29	16061.8209
2011-08-30	16068.8562
2011-08-31	16170.2034
2011-09-01	16175.0991
2011-09-02	16019.4682
2011-09-03	16019.4682
2011-09-04	16019.4682
2011-09-05	15821.7487
2011-09-06	15716.8971
2011-09-07	15984.6614
2011-09-08	15981.5884
2011-09-09	15947.5566
2011-09-10	15947.5566
2011-09-11	15947.5566
2011-09-12	15702.1044
2011-09-13	15784.2652
2011-09-14	15706.4366
2011-09-15	15872.8802
2011-09-16	16023.4129
2011-09-17	16023.4129
2011-09-18	16023.4129
2011-09-19	15875.0726
2011-09-20	15780.0916
2011-09-21	15802.0516
2011-09-22	15556.7051
2011-09-23	15429.4444
2011-09-24	15429.4444
2011-09-25	15429.4444
2011-09-26	15377.1771
2011-09-27	15676.3406
2011-09-28	15706.0403
2011-09-29	15668.2663
2011-09-30	15603.5925
2011-10-01	15603.5925
2011-10-02	15603.5925
2011-10-03	15332.5878
2011-10-04	15319.0191
2011-10-05	15446.949
2011-10-06	15767.8612
2011-10-07	15927.9563
2011-10-08	15927.9563
2011-10-09	15927.9563
2011-10-10	15906.3309
2011-10-11	16087.6376
2011-10-12	16011.6052
2011-10-13	16110.6366
2011-10-14	16041.7452
2011-10-15	16041.7452
2011-10-16	16041.7452
2011-10-17	16202.0164
2011-10-18	15991.8288
2011-10-19	16047.627
2011-10-20	15870.3267
2011-10-21	15899.7975
2011-10-22	15899.7975
2011-10-23	15899.7975
2011-10-24	16183.8338
2011-10-25	16113.6744
2011-10-26	16168.909
2011-10-27	16376.0852
2011-10-28	16421.9512
2011-10-29	16421.9512
2011-10-30	16421.9512
2011-10-31	16283.3055
2011-11-01	16165.6159
2011-11-02	16097.3673
2011-11-03	16092.3483
2011-11-04	16371.5946
2011-11-05	16371.5946
2011-11-06	16371.5946
2011-11-07	16342.749
2011-11-08	16389.5659
2011-11-09	16476.1909
2011-11-10	16236.2948
2011-11-11	16376.6752
2011-11-12	16376.6752
2011-11-13	16376.6752
2011-11-14	16410.4957
2011-11-15	16369.4197
2011-11-16	16282.2224
2011-11-17	16278.5243
2011-11-18	16084.7759
2011-11-19	16084.7759
2011-11-20	16084.7759
2011-11-21	16082.4161
2011-11-22	15990.3231
2011-11-23	15816.8178
2011-11-24	15823.3865
2011-11-25	15662.9392
2011-11-26	15662.9392
2011-11-27	15662.9392
2011-11-28	15832.2092
2011-11-29	15996.4427
2011-11-30	15994.6993
2011-12-01	16314.4492
2011-12-02	16358.7567
2011-12-03	16358.7567
2011-12-04	16358.7567
2011-12-05	16427.3576
2011-12-06	16324.6016
2011-12-07	16391.9521
2011-12-08	16322.6556
2011-12-09	16176.4727
2011-12-10	16176.4727
2011-12-11	16176.4727
2011-12-12	16281.0866
2011-12-13	16147.3364
2011-12-14	16135.5376
2011-12-15	15999.7887
2011-12-16	16015.5059
2011-12-17	16015.5059
2011-12-18	16015.5059
2011-12-19	15837.1313
2011-12-20	15825.7638
2011-12-21	16023.7299
2011-12-22	15930.6947
2011-12-23	16048.5163
2011-12-24	16048.5163
2011-12-25	16048.5163
2011-12-26	16040.0458
2011-12-27	16033.5828
2011-12-28	15914.5725
2011-12-29	15905.6881
2011-12-30	15855.5957
2011-12-31	15869.5078
2012-01-01	15869.5078
2012-01-02	15880.2413
2012-01-03	15991.1684
2012-01-04	16165.8801
2012-01-05	16080.6199
2012-01-06	16015.1889
2012-01-07	16015.1889
2012-01-08	16015.1889
2012-01-09	16018.7726
2012-01-10	16129.6733
2012-01-11	16202.5271
2012-01-12	16212.6794
2012-01-13	16249.7138
2012-01-14	16249.7138
2012-01-15	16249.7138
2012-01-16	16137.3778
2012-01-17	16300.6428
2012-01-18	16326.9085
2012-01-19	16349.6346
2012-01-20	16392.5861
2012-01-21	16392.5861
2012-01-22	16392.5861
2012-01-23	16341.5162
2012-01-24	16361.2222
2012-01-25	16460.2976
2012-01-26	16433.8998
2012-01-27	16484.8375
2012-01-28	16484.8375
2012-01-29	16484.8375
2012-01-30	16443.3477
2012-01-31	16441.3754
2012-02-01	16377.7758
2012-02-02	16512.8819
2012-02-03	16498.1861
2012-02-04	16498.1861
2012-02-05	16498.1861
2012-02-06	16596.249
2012-02-07	16544.51
2012-02-08	16621.4141
2012-02-09	16624.7601
2012-02-10	16544.9767
2012-02-11	16544.9767
2012-02-12	16544.9767
2012-02-13	16629.4092
2012-02-14	16561.6536
2012-02-15	16618.7902
2012-02-16	16488.2099
2012-02-17	16577.001
2012-02-18	16577.001
2012-02-19	16577.001
2012-02-20	16710.8744
2012-02-21	16785.2162
2012-02-22	16786.8275
2012-02-23	16750.0484
2012-02-24	16828.9689
2012-02-25	16828.9689
2012-02-26	16828.9689
2012-02-27	16762.5253
2012-02-28	16813.2605
2012-02-29	16887.7961
2012-03-01	16791.2213
2012-03-02	16845.4081
2012-03-03	16845.4081
2012-03-04	16845.4081
2012-03-05	16827.2871
2012-03-06	16680.2413
2012-03-07	16598.9082
2012-03-08	16714.775
2012-03-09	16808.8932
2012-03-10	16808.8932
2012-03-11	16808.8932
2012-03-12	16819.8908
2012-03-13	16945.6547
2012-03-14	17064.5945
2012-03-15	17004.1472
2012-03-16	16989.9533
2012-03-17	16989.9533
2012-03-18	16989.9533
2012-03-19	17026.6532
2012-03-20	17027.2167
2012-03-21	17001.2327
2012-03-22	17062.7983
2012-03-23	17013.7096
2012-03-24	17013.7096
2012-03-25	17013.7096
2012-03-26	17009.8265
2012-03-27	17156.934
2012-03-28	17232.5262
2012-03-29	17186.2023
2012-03-30	17186.6338
2012-03-31	17211.4115
2012-04-01	17211.4115
2012-04-02	17224.6544
2012-04-03	17267.5619
2012-04-04	17238.6722
2012-04-05	17172.2902
2012-04-06	17170.3267
2012-04-07	17170.3267
2012-04-08	17170.3267
2012-04-09	17132.8344
2012-04-10	17058.3077
2012-04-11	16966.9191
2012-04-12	17052.3906
2012-04-13	17169.6223
2012-04-14	17169.6223
2012-04-15	17169.6223
2012-04-16	17070.1858
2012-04-17	17060.4033
2012-04-18	17214.1323
2012-04-19	17184.4853
2012-04-20	17158.1315
2012-04-21	17158.1315
2012-04-22	17158.1315
2012-04-23	17119.6002
2012-04-24	17134.7715
2012-04-25	17176.772
2012-04-26	17196.9622
2012-04-27	17180.6551
2012-04-28	17180.6551
2012-04-29	17180.6551
2012-04-30	17381.9142
2012-05-01	17447.7943
2012-05-02	17461.8121
2012-05-03	17426.6091
2012-05-04	17328.7312
2012-05-05	17328.7312
2012-05-06	17328.7312
2012-05-07	17130.7035
2012-05-08	17197.9836
2012-05-09	17104.0592
2012-05-10	17132.4205
2012-05-11	17107.6957
2012-05-12	17107.6957
2012-05-13	17107.6957
2012-05-14	17131.5664
2012-05-15	17042.8898
2012-05-16	16805.468
2012-05-17	16824.8129
2012-05-18	16561.2398
2012-05-19	16561.2398
2012-05-20	16561.2398
2012-05-21	16698.9874
2012-05-22	16800.7837
2012-05-23	16714.9423
2012-05-24	16695.8352
2012-05-25	16642.5024
2012-05-26	16642.5024
2012-05-27	16642.5024
2012-05-28	16713.965
2012-05-29	16829.3299
2012-05-30	16774.7204
2012-05-31	16761.5832
2012-06-01	16681.113
2012-06-02	16681.113
2012-06-03	16681.113
2012-06-04	16446.0773
2012-06-05	16610.6894
2012-06-06	16649.0446
2012-06-07	16766.3291
2012-06-08	16663.0184
2012-06-09	16663.0184
2012-06-10	16663.0184
2012-06-11	16654.3453
2012-06-12	16722.3563
2012-06-13	16653.1743
2012-06-14	16616.7386
2012-06-15	16678.8324
2012-06-16	16678.8324
2012-06-17	16678.8324
2012-06-18	16831.0998
2012-06-19	16778.5859
2012-06-20	16812.2303
2012-06-21	16673.6902
2012-06-22	16623.5185
2012-06-23	16623.5185
2012-06-24	16623.5185
2012-06-25	16589.9709
2012-06-26	16555.4724
2012-06-27	16650.1365
2012-06-28	16647.0107
2012-06-29	16770.7053
2012-06-30	16949.8987
2012-07-01	16949.8987
2012-07-02	17212.8995
2012-07-03	17223.9852
2012-07-04	17321.8191
2012-07-05	17292.859
2012-07-06	17278.8236
2012-07-07	17278.8236
2012-07-08	17278.8236
2012-07-09	17178.445
2012-07-10	17143.4182
2012-07-11	17126.9437
2012-07-12	17050.1365
2012-07-13	17108.7963
2012-07-14	17108.7963
2012-07-15	17108.7963
2012-07-16	17144.6069
2012-07-17	17204.6227
2012-07-18	17129.867
2012-07-19	17155.9215
2012-07-20	17092.7974
2012-07-21	17092.7974
2012-07-22	17092.7974
2012-07-23	16933.1073
2012-07-24	16925.5349
2012-07-25	16878.5155
2012-07-26	16939.2181
2012-07-27	17123.5361
2012-07-28	17123.5361
2012-07-29	17123.5361
2012-07-30	17172.4751
2012-07-31	17213.5775
2012-08-01	17178.4274
2012-08-02	17160.5882
2012-08-03	17092.9559
2012-08-04	17092.9559
2012-08-05	17092.9559
2012-08-06	17252.6548
2012-08-07	17310.5221
2012-08-08	17339.8697
2012-08-09	17342.8898
2012-08-10	17297.0327
2012-08-11	17297.0327
2012-08-12	17297.0327
2012-08-13	17340.7414
2012-08-14	17373.0387
2012-08-15	17341.4898
2012-08-16	17468.8122
2012-08-17	17571.1015
2012-08-18	17571.1015
2012-08-19	17571.1015
2012-08-20	17577.406
2012-08-21	17607.5988
2012-08-22	17602.9233
2012-08-23	17603.6189
2012-08-24	17560.641
2012-08-25	17560.641
2012-08-26	17560.641
2012-08-27	17571.3393
2012-08-28	17600.6076
2012-08-29	17619.8556
2012-08-30	17524.0733
2012-08-31	17547.1515
2012-09-01	17547.1515
2012-09-02	17547.1515
2012-09-03	17650.7176
2012-09-04	17576.4991
2012-09-05	17538.1263
2012-09-06	17629.4796
2012-09-07	17682.7771
2012-09-08	17682.7771
2012-09-09	17682.7771
2012-09-10	17690.9043
2012-09-11	17643.6383
2012-09-12	17744.6245
2012-09-13	17721.7839
2012-09-14	17866.8574
2012-09-15	17866.8574
2012-09-16	17866.8574
2012-09-17	17886.8539
2012-09-18	17858.1668
2012-09-19	17906.1372
2012-09-20	17855.5516
2012-09-21	17881.1834
2012-09-22	17881.1834
2012-09-23	17881.1834
2012-09-24	17840.3716
2012-09-25	17796.9974
2012-09-26	17771.3833
2012-09-27	17829.3387
2012-09-28	17840.5125
2012-09-29	17840.5125
2012-09-30	17845.3817
2012-10-01	17860.7995
2012-10-02	17984.5646
2012-10-03	18024.0292
2012-10-04	18051.3076
2012-10-05	18132.1035
2012-10-06	18132.1035
2012-10-07	18132.1035
2012-10-08	18083.0589
2012-10-09	18097.1207
2012-10-10	18011.1737
2012-10-11	17995.7207
2012-10-12	18017.6279
2012-10-13	18017.6279
2012-10-14	18017.6279
2012-10-15	18031.4167
2012-10-16	18077.9519
2012-10-17	18127.428
2012-10-18	18166.47
2012-10-19	18136.6822
2012-10-20	18136.6822
2012-10-21	18136.6822
2012-10-22	18090.3496
2012-10-23	18076.4991
2012-10-24	17975.2576
2012-10-25	17986.986
2012-10-26	17897.8339
2012-10-27	17897.8339
2012-10-28	17897.8339
2012-10-29	17928.423
2012-10-30	17936.4797
2012-10-31	17985.6036
2012-11-01	17921.2644
2012-11-02	17943.5678
2012-11-03	17943.5678
2012-11-04	17943.5678
2012-11-05	17948.5692
2012-11-06	17964.4624
2012-11-07	17982.8652
2012-11-08	17888.8527
2012-11-09	17884.0803
2012-11-10	17884.0803
2012-11-11	17884.0803
2012-11-12	17853.8875
2012-11-13	17725.9664
2012-11-14	17740.6621
2012-11-15	17648.1729
2012-11-16	17630.9413
2012-11-17	17630.9413
2012-11-18	17630.9413
2012-11-19	17715.0656
2012-11-20	17780.3381
2012-11-21	17776.4286
2012-11-22	17854.9089
2012-11-23	17884.2652
2012-11-24	17884.2652
2012-11-25	17884.2652
2012-11-26	17905.2214
2012-11-27	17947.178
2012-11-28	17936.2948
2012-11-29	18035.7929
2012-11-30	18100.2642
2012-12-01	18100.2642
2012-12-02	18100.2642
2012-12-03	18135.5023
2012-12-04	18064.7882
2012-12-05	18106.8504
2012-12-06	18071.8235
2012-12-07	18159.4699
2012-12-08	18159.4699
2012-12-09	18159.4699
2012-12-10	18173.1355
2012-12-11	18213.3134
2012-12-12	18228.3173
2012-12-13	18224.3022
2012-12-14	18215.6379
2012-12-15	18215.6379
2012-12-16	18215.6379
2012-12-17	18211.9486
2012-12-18	18288.4212
2012-12-19	18360.7203
2012-12-20	18421.0971
2012-12-21	18385.8413
2012-12-22	18385.8413
2012-12-23	18385.8413
2012-12-24	18420.1197
2012-12-25	18432.2708
2012-12-26	18426.3098
2012-12-27	18450.1805
2012-12-28	18472.8097
2012-12-29	18472.8097
2012-12-30	18472.8097
2012-12-31	18532.8432
2013-01-01	18532.9488
2013-01-02	18675.2135
2013-01-03	18751.2547
2013-01-04	18743.6295
2013-01-05	18743.6295
2013-01-06	18743.6295
2013-01-07	18780.162
2013-01-08	18724.0556
2013-01-09	18778.1809
2013-01-10	18811.931
2013-01-11	18802.1925
2013-01-12	18802.1925
2013-01-13	18802.1925
2013-01-14	18830.9413
2013-01-15	18819.882
2013-01-16	18852.6019
2013-01-17	18847.583
2013-01-18	18898.4855
2013-01-19	18898.4855
2013-01-20	18898.4855
2013-01-21	18897.4465
2013-01-22	18899.5333
2013-01-23	18926.662
2013-01-24	18974.0424
2013-01-25	19030.2545
2013-01-26	19030.2545
2013-01-27	19030.2545
2013-01-28	19031.2671
2013-01-29	19128.9601
2013-01-30	19160.0951
2013-01-31	19110.8303
2013-02-01	19217.3725
2013-02-02	19217.3725
2013-02-03	19217.3725
2013-02-04	19182.0375
2013-02-05	19142.6697
2013-02-06	19231.6105
2013-02-07	19259.6284
2013-02-08	19331.3903
2013-02-09	19331.3903
2013-02-10	19331.3903
2013-02-11	19334.4985
2013-02-12	19331.4079
2013-02-13	19401.8051
2013-02-14	19444.5628
2013-02-15	19448.2082
2013-02-16	19448.2082
2013-02-17	19448.2082
2013-02-18	19511.8429
2013-02-19	19560.8171
2013-02-20	19609.3246
2013-02-21	19371.621
2013-02-22	19433.486
2013-02-23	19433.486
2013-02-24	19433.486
2013-02-25	19505.6177
2013-02-26	19418.7197
2013-02-27	19511.2618
2013-02-28	19643.7351
2013-03-01	19622.3563
2013-03-02	19622.3563
2013-03-03	19622.3563
2013-03-04	19534.1728
2013-03-05	19657.207
2013-03-06	19761.8297
2013-03-07	19754.812
2013-03-08	19809.3246
2013-03-09	19809.3246
2013-03-10	19809.3246
2013-03-11	19847.2572
2013-03-12	19766.0033
2013-03-13	19727.8947
2013-03-14	19607.6957
2013-03-15	19768.7329
2013-03-16	19768.7329
2013-03-17	19768.7329
2013-03-18	19568.3367
2013-03-19	19541.8156
2013-03-20	19524.5928
2013-03-21	19471.4978
2013-03-22	19496.7597
2013-03-23	19496.7597
2013-03-24	19496.7597
2013-03-25	19527.9739
2013-03-26	19564.7618
2013-03-27	19674.0865
2013-03-28	19643.9553
2013-03-29	19652.4258
2013-03-30	19652.4258
2013-03-31	19668.6097
2013-04-01	19629.7966
2013-04-02	19675.7506
2013-04-03	19579.7746
2013-04-04	19516.2719
2013-04-05	19447.6006
2013-04-06	19447.6006
2013-04-07	19447.6006
2013-04-08	19496.205
2013-04-09	19616.492
2013-04-10	19628.6079
2013-04-11	19730.8532
2013-04-12	19736.7615
2013-04-13	19736.7615
2013-04-14	19736.7615
2013-04-15	19636.647
2013-04-16	19626.1161
2013-04-17	19670.7757
2013-04-18	19498.2126
2013-04-19	19536.964
2013-04-20	19536.964
2013-04-21	19536.964
2013-04-22	19632.3325
2013-04-23	19751.5629
2013-04-24	19949.1151
2013-04-25	19955.9655
2013-04-26	19929.7526
2013-04-27	19929.7526
2013-04-28	19929.7526
2013-04-29	19998.5472
2013-04-30	20133.935
2013-05-01	20092.8062
2013-05-02	20065.5807
2013-05-03	20083.0853
2013-05-04	20083.0853
2013-05-05	20083.0853
2013-05-06	20197.5081
2013-05-07	20219.9084
2013-05-08	20355.6397
2013-05-09	20336.8231
2013-05-10	20442.2559
2013-05-11	20442.2559
2013-05-12	20442.2559
2013-05-13	20483.2966
2013-05-14	20548.3578
2013-05-15	20542.4056
2013-05-16	20548.4459
2013-05-17	20647.944
2013-05-18	20647.944
2013-05-19	20647.944
2013-05-20	20699.8855
2013-05-21	20658.8536
2013-05-22	20648.6044
2013-05-23	20358.836
2013-05-24	20260.7819
2013-05-25	20260.7819
2013-05-26	20260.7819
2013-05-27	20245.2584
2013-05-28	20280.3909
2013-05-29	20273.5141
2013-05-30	20196.2402
2013-05-31	20206.5951
2013-06-01	20206.5951
2013-06-02	20206.5951
2013-06-03	20069.0323
2013-06-04	20119.248
2013-06-05	19979.1318
2013-06-06	19879.5897
2013-06-07	19873.1883
2013-06-08	19873.1883
2013-06-09	19873.1883
2013-06-10	19903.7598
2013-06-11	19908.268
2013-06-12	19781.1658
2013-06-13	19692.9119
2013-06-14	19870.6172
2013-06-15	19870.6172
2013-06-16	19870.6172
2013-06-17	19981.7381
2013-06-18	20020.0317
2013-06-19	20030.14
2013-06-20	19861.1605
2013-06-21	19782.9004
2013-06-22	19782.9004
2013-06-23	19782.9004
2013-06-24	19562.8071
2013-06-25	19607.9687
2013-06-26	19757.3127
2013-06-27	20040.4948
2013-06-28	20077.6261
2013-06-29	20077.6261
2013-06-30	20077.6261
2013-07-01	19924.2934
2013-07-02	20191.7936
2013-07-03	20035.5552
2013-07-04	20133.1338
2013-07-05	20288.1923
2013-07-06	20288.1923
2013-07-07	20288.1923
2013-07-08	20192.6565
2013-07-09	20367.6323
2013-07-10	20406.9825
2013-07-11	20632.9753
2013-07-12	20678.0048
2013-07-13	20678.0048
2013-07-14	20678.0048
2013-07-15	20682.0991
2013-07-16	20625.3324
2013-07-17	20634.7539
2013-07-18	20702.6239
2013-07-19	20634.3665
2013-07-20	20634.3665
2013-07-21	20634.3665
2013-07-22	20700.9069
2013-07-23	20739.1565
2013-07-24	20785.5332
2013-07-25	20757.6473
2013-07-26	20746.1566
2013-07-27	20746.1566
2013-07-28	20746.1566
2013-07-29	20742.6169
2013-07-30	20827.7098
2013-07-31	20856.08
2013-08-01	20962.0939
2013-08-02	21099.2251
2013-08-03	21099.2251
2013-08-04	21099.2251
2013-08-05	21106.3485
2013-08-06	21036.92
2013-08-07	20839.5175
2013-08-08	20899.1019
2013-08-09	20834.5514
2013-08-10	20834.5514
2013-08-11	20834.5514
2013-08-12	20946.7993
2013-08-13	21096.7685
2013-08-14	21073.021
2013-08-15	21034.6835
2013-08-16	20890.1999
2013-08-17	20890.1999
2013-08-18	20890.1999
2013-08-19	20936.8671
2013-08-20	20888.6061
2013-08-21	20934.1816
2013-08-22	20910.6542
2013-08-23	21033.2394
2013-08-24	21033.2394
2013-08-25	21033.2394
2013-08-26	21036.5854
2013-08-27	21012.4417
2013-08-28	20896.5748
2013-08-29	20935.8545
2013-08-30	21008.5146
2013-08-31	21008.5146
2013-09-01	21008.5146
2013-09-02	21112.4857
2013-09-03	21092.6213
2013-09-04	21016.8707
2013-09-05	21044.8358
2013-09-06	21034.7979
2013-09-07	21034.7979
2013-09-08	21034.7979
2013-09-09	21167.3681
2013-09-10	21212.2127
2013-09-11	21280.1884
2013-09-12	21322.0393
2013-09-13	21303.161
2013-09-14	21303.161
2013-09-15	21303.161
2013-09-16	21357.568
2013-09-17	21373.5141
2013-09-18	21391.8993
2013-09-19	21502.3422
2013-09-20	21476.0676
2013-09-21	21476.0676
2013-09-22	21476.0676
2013-09-23	21397.3673
2013-09-24	21379.4488
2013-09-25	21471.3657
2013-09-26	21515.9725
2013-09-27	21561.8825
2013-09-28	21561.8825
2013-09-29	21561.8825
2013-09-30	21348.7365
2013-10-01	21360.553
2013-10-02	21400.2642
2013-10-03	21421.9952
2013-10-04	21348.8509
2013-10-05	21348.8509
2013-10-06	21348.8509
2013-10-07	21251.4044
2013-10-08	21168.5744
2013-10-09	21167.7292
2013-10-10	21216.3071
2013-10-11	21420.7537
2013-10-12	21420.7537
2013-10-13	21420.7537
2013-10-14	21392.1898
2013-10-15	21446.8081
2013-10-16	21486.7395
2013-10-17	21503.9271
2013-10-18	21619.8292
2013-10-19	21619.8292
2013-10-20	21619.8292
2013-10-21	21688.9407
2013-10-22	21722.1802
2013-10-23	21706.9473
2013-10-24	21768.777
2013-10-25	21798.0188
2013-10-26	21798.0188
2013-10-27	21798.0188
2013-10-28	21911.8693
2013-10-29	21912.0807
2013-10-30	21942.6961
2013-10-31	21904.834
2013-11-01	21900.1673
2013-11-02	21900.1673
2013-11-03	21900.1673
2013-11-04	21826.1513
2013-11-05	21878.85
2013-11-06	21889.742
2013-11-07	21869.8688
2013-11-08	21902.4742
2013-11-09	21902.4742
2013-11-10	21902.4742
2013-11-11	21896.5836
2013-11-12	21938.2231
2013-11-13	21819.0279
2013-11-14	21888.703
2013-11-15	21991.1861
2013-11-16	21991.1861
2013-11-17	21991.1861
2013-11-18	21959.9278
2013-11-19	21928.6607
2013-11-20	21831.6721
2013-11-21	21888.8791
2013-11-22	22045.1616
2013-11-23	22045.1616
2013-11-24	22045.1616
2013-11-25	22091.8552
2013-11-26	22115.5147
2013-11-27	22120.3047
2013-11-28	22118.0505
2013-11-29	22088.025
2013-11-30	22088.025
2013-12-01	22088.025
2013-12-02	22020.1021
2013-12-03	21956.9517
2013-12-04	22021.1676
2013-12-05	21838.8483
2013-12-06	21781.8702
2013-12-07	21781.8702
2013-12-08	21781.8702
2013-12-09	21832.3061
2013-12-10	21800.951
2013-12-11	21729.5589
2013-12-12	21689.5483
2013-12-13	21725.5965
2013-12-14	21725.5965
2013-12-15	21725.5965
2013-12-16	21747.5742
2013-12-17	21804.7812
2013-12-18	21872.299
2013-12-19	22067.3241
2013-12-20	22169.499
2013-12-21	22169.499
2013-12-22	22169.499
2013-12-23	22262.719
2013-12-24	22327.2959
2013-12-25	22327.5777
2013-12-26	22368.6009
2013-12-27	22382.6363
2013-12-28	22382.6363
2013-12-29	22382.6363
2013-12-30	22435.6168
2013-12-31	22432.6847
2014-01-01	22433.4067
2014-01-02	22496.9358
2014-01-03	22413.8329
2014-01-04	22413.8329
2014-01-05	22413.8329
2014-01-06	22366.9191
2014-01-07	22399.4981
2014-01-08	22452.1881
2014-01-09	22472.8361
2014-01-10	22435.3262
2014-01-11	22435.3262
2014-01-12	22435.3262
2014-01-13	22342.8722
2014-01-14	22254.9969
2014-01-15	22401.2151
2014-01-16	22568.6009
2014-01-17	22562.2347
2014-01-18	22562.2347
2014-01-19	22562.2347
2014-01-20	22530.8708
2014-01-21	22612.3712
2014-01-22	22574.2802
2014-01-23	22475.689
2014-01-24	22367.4562
2014-01-25	22367.4562
2014-01-26	22367.4562
2014-01-27	22294.3999
2014-01-28	22165.792
2014-01-29	22256.0976
2014-01-30	22203.1522
2014-01-31	22204.2265
2014-02-01	22204.2265
2014-02-02	22204.2265
2014-02-03	22065.0788
2014-02-04	21850.2245
2014-02-05	21803.4076
2014-02-06	21976.0676
2014-02-07	22101.2679
2014-02-08	22101.2679
2014-02-09	22101.2679
2014-02-10	22228.9513
2014-02-11	22303.3812
2014-02-12	22405.0101
2014-02-13	22449.1239
2014-02-14	22545.0119
2014-02-15	22545.0119
2014-02-16	22545.0119
2014-02-17	22610.8391
2014-02-18	22644.6597
2014-02-19	22664.8499
2014-02-20	22695.0955
2014-02-21	22767.7203
2014-02-22	22767.7203
2014-02-23	22767.7203
2014-02-24	22791.5118
2014-02-25	22784.8464
2014-02-26	22834.0671
2014-02-27	22839.676
2014-02-28	22871.8852
2014-03-01	22871.8852
2014-03-02	22871.8852
2014-03-03	22789.2929
2014-03-04	22892.0754
2014-03-05	22969.094
2014-03-06	22965.8008
2014-03-07	22989.0288
2014-03-08	22989.0288
2014-03-09	22989.0288
2014-03-10	22908.4001
2014-03-11	22915.2065
2014-03-12	22839.5527
2014-03-13	22788.747
2014-03-14	22619.3449
2014-03-15	22619.3449
2014-03-16	22619.3449
2014-03-17	22629.2683
2014-03-18	22689.9357
2014-03-19	22728.7312
2014-03-20	22644.6245
2014-03-21	22685.8237
2014-03-22	22685.8237
2014-03-23	22685.8237
2014-03-24	22659.197
2014-03-25	22640.3628
2014-03-26	22656.3793
2014-03-27	22591.0276
2014-03-28	22665.475
2014-03-29	22665.475
2014-03-30	22665.475
2014-03-31	22727.2871
2014-04-01	22780.4526
2014-04-02	22826.0984
2014-04-03	22847.7591
2014-04-04	22786.0262
2014-04-05	22786.0262
2014-04-06	22786.0262
2014-04-07	22718.6669
2014-04-08	22677.5117
2014-04-09	22804.3585
2014-04-10	22766.2059
2014-04-11	22617.1172
2014-04-12	22617.1172
2014-04-13	22617.1172
2014-04-14	22510.0291
2014-04-15	22581.6061
2014-04-16	22694.8842
2014-04-17	22786.1935
2014-04-18	22793.0351
2014-04-19	22793.0351
2014-04-20	22793.0351
2014-04-21	22797.6931
2014-04-22	22856.529
2014-04-23	23041.9037
2014-04-24	23092.0666
2014-04-25	23037.3778
2014-04-26	23037.3778
2014-04-27	23037.3778
2014-04-28	23064.9379
2014-04-29	22959.197
2014-04-30	22984.908
2014-05-01	22924.9009
2014-05-02	22974.5179
2014-05-03	22974.5179
2014-05-04	22974.5179
2014-05-05	22976.5167
2014-05-06	22947.2924
2014-05-07	22880.2148
2014-05-08	22928.8192
2014-05-09	22917.1084
2014-05-10	22917.1084
2014-05-11	22917.1084
2014-05-12	22950.1365
2014-05-13	23071.0575
2014-05-14	23085.1809
2014-05-15	23079.8098
2014-05-16	23030.862
2014-05-17	23030.862
2014-05-18	23030.862
2014-05-19	22939.1036
2014-05-20	22984.2124
2014-05-21	23055.7101
2014-05-22	23152.3642
2014-05-23	23211.6228
2014-05-24	23211.6228
2014-05-25	23211.6228
2014-05-26	23255.1554
2014-05-27	23275.3192
2014-05-28	23325.9664
2014-05-29	23319.1336
2014-05-30	23270.8286
2014-05-31	23270.8286
2014-06-01	23270.8286
2014-06-02	23350.7969
2014-06-03	23270.4764
2014-06-04	23208.1095
2014-06-05	23204.9045
2014-06-06	23282.0375
2014-06-07	23282.0375
2014-06-08	23282.0375
2014-06-09	23285.2338
2014-06-10	23298.4591
2014-06-11	23243.8496
2014-06-12	23172.933
2014-06-13	23174.4211
2014-06-14	23174.4211
2014-06-15	23174.4211
2014-06-16	23188.5357
2014-06-17	23213.6304
2014-06-18	23204.4554
2014-06-19	23374.4387
2014-06-20	23283.8778
2014-06-21	23283.8778
2014-06-22	23283.8778
2014-06-23	23312.97
2014-06-24	23295.5006
2014-06-25	23237.6156
2014-06-26	23384.5382
2014-06-27	23340.0634
2014-06-28	23340.0634
2014-06-29	23340.0634
2014-06-30	23263.3178
2014-07-01	23348.6572
2014-07-02	23550.066
2014-07-03	23661.1341
2014-07-04	23712.4329
2014-07-05	23712.4329
2014-07-06	23712.4329
2014-07-07	23681.5973
2014-07-08	23548.5163
2014-07-09	23442.0622
2014-07-10	23453.1919
2014-07-11	23494.9106
2014-07-12	23494.9106
2014-07-13	23494.9106
2014-07-14	23554.9441
2014-07-15	23567.3329
2014-07-16	23599.2956
2014-07-17	23604.6403
2014-07-18	23639.0068
2014-07-19	23639.0068
2014-07-20	23639.0068
2014-07-21	23649.9604
2014-07-22	23698.1509
2014-07-23	23758.9064
2014-07-24	23784.9608
2014-07-25	23760.28
2014-07-26	23760.28
2014-07-27	23760.28
2014-07-28	23752.1264
2014-07-29	23772.528
2014-07-30	23866.2587
2014-07-31	23796.9358
2014-08-01	23613.3486
2014-08-02	23613.3486
2014-08-03	23613.3486
2014-08-04	23620.0053
2014-08-05	23563.5115
2014-08-06	23539.1565
2014-08-07	23542.1502
2014-08-08	23441.3313
2014-08-09	23441.3313
2014-08-10	23441.3313
2014-08-11	23528.3614
2014-08-12	23666.1354
2014-08-13	23651.2547
2014-08-14	23734.5778
2014-08-15	23762.948
2014-08-16	23762.948
2014-08-17	23762.948
2014-08-18	23828.9073
2014-08-19	23946.5
2014-08-20	23976.3934
2014-08-21	23987.3294
2014-08-22	23990.1206
2014-08-23	23990.1206
2014-08-24	23990.1206
2014-08-25	24014.6077
2014-08-26	24029.2155
2014-08-27	24076.5519
2014-08-28	23998.3094
2014-08-29	24019.9436
2014-08-30	24019.9436
2014-08-31	24019.9436
2014-09-01	24069.4109
2014-09-02	24149.2648
2014-09-03	24159.4083
2014-09-04	24107.7133
2014-09-05	24038.6458
2014-09-06	24038.6458
2014-09-07	24038.6458
2014-09-08	24043.2597
2014-09-09	24113.1637
2014-09-10	24088.0338
2014-09-11	24059.2938
2014-09-12	24073.2676
2014-09-13	24073.2676
2014-09-14	24073.2676
2014-09-15	23937.598
2014-09-16	23898.8113
2014-09-17	23850.8145
2014-09-18	23919.7852
2014-09-19	23974.9318
2014-09-20	23974.9318
2014-09-21	23974.9318
2014-09-22	23853.8434
2014-09-23	23931.0822
2014-09-24	23845.4786
2014-09-25	23832.7375
2014-09-26	23755.7542
2014-09-27	23755.7542
2014-09-28	23755.7542
2014-09-29	23678.1192
2014-09-30	23731.3375
2014-10-01	23752.8837
2014-10-02	23592.6389
2014-10-03	23745.0207
2014-10-04	23745.0207
2014-10-05	23745.0207
2014-10-06	23690.2175
2014-10-07	23580.2325
2014-10-08	23559.1529
2014-10-09	23588.0778
2014-10-10	23308.5146
2014-10-11	23308.5146
2014-10-12	23308.5146
2014-10-13	23182.3369
2014-10-14	23272.4839
2014-10-15	23247.6358
2014-10-16	23290.6754
2014-10-17	23394.4352
2014-10-18	23394.4352
2014-10-19	23394.4352
2014-10-20	23445.232
2014-10-21	23548.0937
2014-10-22	23664.4448
2014-10-23	23725.5437
2014-10-24	23772.2902
2014-10-25	23772.2902
2014-10-26	23772.2902
2014-10-27	23863.1153
2014-10-28	23891.9873
2014-10-29	23881.879
2014-10-30	23988.3244
2014-10-31	24206.2693
2014-11-01	24206.2693
2014-11-02	24206.2693
2014-11-03	24229.8494
2014-11-04	24232.6583
2014-11-05	24327.8154
2014-11-06	24302.4919
2014-11-07	24399.7358
2014-11-08	24399.7358
2014-11-09	24399.7358
2014-11-10	24398.1333
2014-11-11	24403.8831
2014-11-12	24279.5809
2014-11-13	24270.5204
2014-11-14	24285.1017
2014-11-15	24285.1017
2014-11-16	24285.1017
2014-11-17	24214.6253
2014-11-18	24210.7511
2014-11-19	24211.0505
2014-11-20	24138.7955
2014-11-21	24122.1185
2014-11-22	24122.1185
2014-11-23	24122.1185
2014-11-24	24304.2617
2014-11-25	24291.4414
2014-11-26	24450.0925
2014-11-27	24437.6508
2014-11-28	24285.0313
2014-11-29	24285.0313
2014-11-30	24285.0313
2014-12-01	24101.083
2014-12-02	24284.0099
2014-12-03	24381.2098
2014-12-04	24497.4729
2014-12-05	24496.1874
2014-12-06	24496.1874
2014-12-07	24496.1874
2014-12-08	24556.7491
2014-12-09	24329.4884
2014-12-10	24276.0588
2014-12-11	24245.6282
2014-12-12	24148.9654
2014-12-13	24148.9654
2014-12-14	24148.9654
2014-12-15	24039.042
2014-12-16	23944.0697
2014-12-17	24041.0672
2014-12-18	24280.7432
2014-12-19	24585.225
2014-12-20	24585.225
2014-12-21	24585.225
2014-12-22	24813.1197
2014-12-23	24694.8402
2014-12-24	24734.8155
2014-12-25	24733.8558
2014-12-26	24739.447
2014-12-27	24739.447
2014-12-28	24739.447
2014-12-29	24909.5624
2014-12-30	24731.584
2014-12-31	24700.7484
2015-01-01	24700.8805
2015-01-02	24788.7382
2015-01-03	24788.7382
2015-01-04	24788.7382
2015-01-05	24742.071
2015-01-06	24501.9019
2015-01-07	24585.542
2015-01-08	24725.033
2015-01-09	24806.9913
2015-01-10	24806.9913
2015-01-11	24806.9913
2015-01-12	24715.0832
2015-01-13	24716.9499
2015-01-14	24583.6841
2015-01-15	24494.6113
2015-01-16	24475.8915
2015-01-17	24475.8915
2015-01-18	24475.8915
2015-01-19	24473.1443
2015-01-20	24529.823
2015-01-21	24759.8133
2015-01-22	24880.6639
2015-01-23	25163.9253
2015-01-24	25163.9253
2015-01-25	25163.9253
2015-01-26	25193.6339
2015-01-27	25204.7284
2015-01-28	25188.0602
2015-01-29	25345.1264
2015-01-30	25294.3295
2015-01-31	25294.3295
2015-02-01	25294.3295
2015-02-02	25398.7761
2015-02-03	25678.4978
2015-02-04	25801.1359
2015-02-05	25833.7237
2015-02-06	25838.9539
2015-02-07	25838.9539
2015-02-08	25838.9539
2015-02-09	25776.8161
2015-02-10	25837.4659
2015-02-11	25840.8559
2015-02-12	25868.3279
2015-02-13	26120.6569
2015-02-14	26120.6569
2015-02-15	26120.6569
2015-02-16	26109.9322
2015-02-17	26072.0261
2015-02-18	26186.7571
2015-02-19	26187.937
2015-02-20	26155.0145
2015-02-21	26155.0145
2015-02-22	26155.0145
2015-02-23	26232.94
2015-02-24	26265.8977
2015-02-25	26290.1735
2015-02-26	26285.313
2015-02-27	26348.7189
2015-02-28	26348.7189
2015-03-01	26348.7189
2015-03-02	26483.2526
2015-03-03	26378.2249
2015-03-04	26305.7145
2015-03-05	26343.4005
2015-03-06	26341.5955
2015-03-07	26341.5955
2015-03-08	26341.5955
2015-03-09	26165.1669
2015-03-10	26127.8242
2015-03-11	26169.0675
2015-03-12	26255.1026
2015-03-13	26221.7575
2015-03-14	26221.7575
2015-03-15	26221.7575
2015-03-16	26254.2133
2015-03-17	26374.7557
2015-03-18	26407.0793
2015-03-19	26671.4889
2015-03-20	26638.047
2015-03-21	26638.047
2015-03-22	26638.047
2015-03-23	26538.5929
2015-03-24	26545.7339
2015-03-25	26474.0601
2015-03-26	26257.4095
2015-03-27	26411.9838
2015-03-28	26411.9838
2015-03-29	26411.9838
2015-03-30	26439.1741
2015-03-31	26483.913
2015-04-01	26462.7366
2015-04-02	26589.9093
2015-04-03	26567.5707
2015-04-04	26567.5707
2015-04-05	26567.5707
2015-04-06	26578.0664
2015-04-07	26643.6207
2015-04-08	26697.6931
2015-04-09	26709.4831
2015-04-10	26837.3426
2015-04-11	26837.3426
2015-04-12	26837.3426
2015-04-13	26913.8241
2015-04-14	26823.0695
2015-04-15	26796.161
2015-04-16	26778.8236
2015-04-17	26555.4812
2015-04-18	26555.4812
2015-04-19	26555.4812
2015-04-20	26546.7025
2015-04-21	26637.686
2015-04-22	26613.3662
2015-04-23	26637.0961
2015-04-24	26785.7445
2015-04-25	26785.7445
2015-04-26	26785.7445
2015-04-27	26820.4808
2015-04-28	26632.3149
2015-04-29	26349.0623
2015-04-30	26340.5477
2015-05-01	26444.4572
2015-05-02	26444.4572
2015-05-03	26444.4572
2015-05-04	26467.4122
2015-05-05	26337.6244
2015-05-06	25991.6087
2015-05-07	25951.9063
2015-05-08	26109.6064
2015-05-09	26109.6064
2015-05-10	26109.6064
2015-05-11	26092.2251
2015-05-12	26097.9044
2015-05-13	26111.1209
2015-05-14	26138.9187
2015-05-15	26272.7217
2015-05-16	26272.7217
2015-05-17	26272.7217
2015-05-18	26222.7349
2015-05-19	26234.3224
2015-05-20	26409.2982
2015-05-21	26516.4744
2015-05-22	26579.7834
2015-05-23	26579.7834
2015-05-24	26579.7834
2015-05-25	26685.0313
2015-05-26	26772.6512
2015-05-27	26739.5791
2015-05-28	26770.3707
2015-05-29	26842.5553
2015-05-30	26842.5553
2015-05-31	26842.5553
2015-06-01	26804.2617
2015-06-02	26517.1876
2015-06-03	26408.1712
2015-06-04	26285.1457
2015-06-05	26274.6412
2015-06-06	26274.6412
2015-06-07	26274.6412
2015-06-08	26223.8531
2015-06-09	26135.2998
2015-06-10	26144.8534
2015-06-11	26320.4279
2015-06-12	26268.4512
2015-06-13	26268.4512
2015-06-14	26268.4512
2015-06-15	26174.0512
2015-06-16	26206.6655
2015-06-17	26388.2539
2015-06-18	26185.8677
2015-06-19	26376.0412
2015-06-20	26376.0412
2015-06-21	26376.0412
2015-06-22	26493.5634
2015-06-23	26643.1892
2015-06-24	26625.8167
2015-06-25	26441.6483
2015-06-26	26352.0472
2015-06-27	26352.0472
2015-06-28	26352.0472
2015-06-29	25972.0701
2015-06-30	26031.3111
2015-07-01	26257.3743
2015-07-02	26419.0984
2015-07-03	26389.9621
2015-07-04	26389.9621
2015-07-05	26389.9621
2015-07-06	26218.0241
2015-07-07	26492.5949
2015-07-08	26169.5166
2015-07-09	26240.8735
2015-07-10	26376.2437
2015-07-11	26376.2437
2015-07-12	26376.2437
2015-07-13	26439.9137
2015-07-14	26600.7396
2015-07-15	26746.2094
2015-07-16	26846.7289
2015-07-17	26870.4764
2015-07-18	26870.4764
2015-07-19	26870.4764
2015-07-20	26927.9475
2015-07-21	26915.3386
2015-07-22	26755.0233
2015-07-23	26725.7727
2015-07-24	26701.7962
2015-07-25	26701.7962
2015-07-26	26701.7962
2015-07-27	26657.3303
2015-07-28	26663.3882
2015-07-29	26769.0675
2015-07-30	26865.5279
2015-07-31	26909.4831
2015-08-01	26909.4831
2015-08-02	26909.4831
2015-08-03	26900.5547
2015-08-04	26862.8775
2015-08-05	26882.5922
2015-08-06	26725.5525
2015-08-07	26458.8888
2015-08-08	26458.8888
2015-08-09	26458.8888
2015-08-10	26606.8856
2015-08-11	26519.6619
2015-08-12	26267.6499
2015-08-13	26266.1002
2015-08-14	26201.1094
2015-08-15	26201.1094
2015-08-16	26201.1094
2015-08-17	26259.0473
2015-08-18	26185.0841
2015-08-19	26273.8575
2015-08-20	25980.5935
2015-08-21	25634.0407
2015-08-22	25634.0407
2015-08-23	25634.0407
2015-08-24	25044.2987
2015-08-25	25345.4345
2015-08-26	25602.8353
2015-08-27	25843.6999
2015-08-28	25933.7237
2015-08-29	25933.7237
2015-08-30	25933.7237
2015-08-31	25826.7412
2015-09-01	25477.2739
2015-09-02	25570.6525
2015-09-03	25434.4281
2015-09-04	25437.9061
2015-09-05	25437.9061
2015-09-06	25437.9061
2015-09-07	25438.1879
2015-09-08	25670.6789
2015-09-09	25920.2782
2015-09-10	25611.8429
2015-09-11	25590.0766
2015-09-12	25590.0766
2015-09-13	25590.0766
2015-09-14	25572.9066
2015-09-15	25522.277
2015-09-16	25685.586
2015-09-17	25794.0389
2015-09-18	25714.6694
2015-09-19	25714.6694
2015-09-20	25714.6694
2015-09-21	25597.2352
2015-09-22	25666.4788
2015-09-23	25487.6376
2015-09-24	25626.5827
2015-09-25	25575.733
2015-09-26	25575.733
2015-09-27	25575.733
2015-09-28	25602.0604
2015-09-29	25128.2029
2015-09-30	25466.021
2015-10-01	25635.6168
2015-10-02	25602.3422
2015-10-03	25602.3422
2015-10-04	25602.3422
2015-10-05	25892.1634
2015-10-06	25915.0568
2015-10-07	25937.1841
2015-10-08	25968.4248
2015-10-09	26064.7882
2015-10-10	26064.7882
2015-10-11	26064.7882
2015-10-12	25954.6095
2015-10-13	25942.0181
2015-10-14	25908.5674
2015-10-15	26039.1036
2015-10-16	26222.0481
2015-10-17	26222.0481
2015-10-18	26222.0481
2015-10-19	26216.3071
2015-10-20	26181.0337
2015-10-21	26218.843
2015-10-22	26298.4063
2015-10-23	26567.2273
2015-10-24	26567.2273
2015-10-25	26567.2273
2015-10-26	26511.297
2015-10-27	26514.1323
2015-10-28	26662.3492
2015-10-29	26567.0864
2015-10-30	26484.1507
2015-10-31	26484.1507
2015-11-01	26484.1507
2015-11-02	26387.7609
2015-11-03	26520.8066
2015-11-04	26559.1441
2015-11-05	26474.016
2015-11-06	26618.1386
2015-11-07	26618.1386
2015-11-08	26618.1386
2015-11-09	26369.3757
2015-11-10	26337.0168
2015-11-11	26396.3371
2015-11-12	26295.2276
2015-11-13	26060.5354
2015-11-14	26060.5354
2015-11-15	26060.5354
2015-11-16	26043.7175
2015-11-17	26290.1823
2015-11-18	26410.7159
2015-11-19	26573.5229
2015-11-20	26587.3822
2015-11-21	26587.3822
2015-11-22	26587.3822
2015-11-23	26636.8055
2015-11-24	26489.3282
2015-11-25	26444.2194
2015-11-26	26546.5616
2015-11-27	26540.8471
2015-11-28	26540.8471
2015-11-29	26540.8471
2015-11-30	26398.3799
2015-12-01	26614.2291
2015-12-02	26525.1651
2015-12-03	26418.9927
2015-12-04	26252.2497
2015-12-05	26252.2497
2015-12-06	26252.2497
2015-12-07	26299.0843
2015-12-08	26220.2166
2015-12-09	26111.4027
2015-12-10	25956.2032
2015-12-11	25924.7777
2015-12-12	25924.7777
2015-12-13	25924.7777
2015-12-14	25652.2937
2015-12-15	25731.5664
2015-12-16	26082.9885
2015-12-17	26242.3087
2015-12-18	26124.9802
2015-12-19	26124.9802
2015-12-20	26124.9802
2015-12-21	26140.9879
2015-12-22	26179.5897
2015-12-23	26318.9751
2015-12-24	26405.151
2015-12-25	26425.9488
2015-12-26	26425.9488
2015-12-27	26425.9488
2015-12-28	26425.3676
2015-12-29	26616.6681
2015-12-30	26679.0085
2015-12-31	26599.7182
2016-01-01	26599.7182
2016-01-02	26599.7182
2016-01-03	26599.7182
2016-01-04	26504.9221
2016-01-05	26344.6861
2016-01-06	26214.4933
2016-01-07	25872.7657
2016-01-08	25823.7563
2016-01-09	25823.7563
2016-01-10	25823.7563
2016-01-11	25672.1229
2016-01-12	25663.4499
2016-01-13	25711.2442
2016-01-14	25579.8186
2016-01-15	25510.4341
2016-01-16	25510.4341
2016-01-17	25510.4341
2016-01-18	25432.7463
2016-01-19	25539.4646
2016-01-20	25390.5521
2016-01-21	25371.0575
2016-01-22	25596.8742
2016-01-23	25596.8742
2016-01-24	25596.8742
2016-01-25	25781.2186
2016-01-26	25779.5545
2016-01-27	25632.491
2016-01-28	25674.1657
2016-01-29	25857.2951
2016-01-30	25857.2951
2016-01-31	25857.2951
2016-02-01	25976.094
2016-02-02	25805.0542
2016-02-03	25515.4618
2016-02-04	25645.6811
2016-02-05	25590.1999
2016-02-06	25590.1999
2016-02-07	25590.1999
2016-02-08	25451.1755
2016-02-09	25095.5798
2016-02-10	24946.5528
2016-02-11	25005.468
2016-02-12	24864.8675
2016-02-13	24864.8675
2016-02-14	24864.8675
2016-02-15	25065.475
2016-02-16	25337.0608
2016-02-17	25302.8529
2016-02-18	25565.3958
2016-02-19	25514.4933
2016-02-20	25514.4933
2016-02-21	25514.4933
2016-02-22	25592.771
2016-02-23	25486.0791
2016-02-24	25358.0787
2016-02-25	25423.7299
2016-02-26	25480.0211
2016-02-27	25480.0211
2016-02-28	25480.0211
2016-02-29	25459.8309
2016-03-01	25691.3181
2016-03-02	25872.3519
2016-03-03	25926.4683
2016-03-04	25937.9326
2016-03-05	25937.9326
2016-03-06	25937.9326
2016-03-07	25959.2498
2016-03-08	25864.4448
2016-03-09	25926.8381
2016-03-10	25959.9982
2016-03-11	26036.2155
2016-03-12	26036.2155
2016-03-13	26036.2155
2016-03-14	26118.843
2016-03-15	25971.5946
2016-03-16	25991.7408
2016-03-17	26026.9173
2016-03-18	26090.7722
2016-03-19	26090.7722
2016-03-20	26090.7722
2016-03-21	26098.7937
2016-03-22	26111.4203
2016-03-23	26095.8704
2016-03-24	25981.5444
2016-03-25	25989.5307
2016-03-26	25989.5307
2016-03-27	25989.5307
2016-03-28	25977.2827
2016-03-29	25865.5631
2016-03-30	25905.7145
2016-03-31	26041.9389
2016-04-01	25845.0647
2016-04-02	25845.0647
2016-04-03	25845.0647
2016-04-04	25912.5033
2016-04-05	25738.8659
2016-04-06	25812.1687
2016-04-07	25883.0237
2016-04-08	25836.3036
2016-04-09	25836.3036
2016-04-10	25836.3036
2016-04-11	25797.3937
2016-04-12	25894.4263
2016-04-13	26118.8078
2016-04-14	26222.0041
2016-04-15	26275.055
2016-04-16	26275.055
2016-04-17	26275.055
2016-04-18	26220.516
2016-04-19	26314.1234
2016-04-20	26359.2586
2016-04-21	26501.1711
2016-04-22	26428.3614
2016-04-23	26428.3614
2016-04-24	26428.3614
2016-04-25	26410.619
2016-04-26	26401.4
2016-04-27	26450.2686
2016-04-28	26486.1671
2016-04-29	26488.5357
2016-04-30	26488.5357
2016-05-01	26488.5357
2016-05-02	26479.9507
2016-05-03	26771.577
2016-05-04	26574.3154
2016-05-05	26578.6035
2016-05-06	26731.9891
2016-05-07	26731.9891
2016-05-08	26731.9891
2016-05-09	26840.8647
2016-05-10	26957.1102
2016-05-11	26945.7955
2016-05-12	26939.4558
2016-05-13	26863.0008
2016-05-14	26863.0008
2016-05-15	26863.0008
2016-05-16	26966.8222
2016-05-17	27020.472
2016-05-18	26981.8702
2016-05-19	26936.9112
2016-05-20	27034.3929
2016-05-21	27034.3929
2016-05-22	27034.3929
2016-05-23	26998.7761
2016-05-24	27029.2067
2016-05-25	27256.2561
2016-05-26	27277.4236
2016-05-27	27380.0387
2016-05-28	27380.0387
2016-05-29	27380.0387
2016-05-30	27399.234
2016-05-31	27289.9269
2016-06-01	27311.0769
2016-06-02	27239.2709
2016-06-03	27291.5206
2016-06-04	27291.5206
2016-06-05	27291.5206
2016-06-06	27361.1605
2016-06-07	27350.0308
2016-06-08	27354.4158
2016-06-09	27335.8369
2016-06-10	27196.6188
2016-06-11	27196.6188
2016-06-12	27196.6188
2016-06-13	27096.2754
2016-06-14	26873.0915
2016-06-15	26729.5413
2016-06-16	26807.9422
2016-06-17	26788.5709
2016-06-18	26788.5709
2016-06-19	26788.5709
2016-06-20	26985.6916
2016-06-21	27089.1785
2016-06-22	27037.8709
2016-06-23	27066.0122
2016-06-24	26503.6365
2016-06-25	26503.6365
2016-06-26	26503.6365
2016-06-27	26562.4549
2016-06-28	26604.9133
2016-06-29	26792.0754
2016-06-30	27077.6878
2016-07-01	27091.6439
2016-07-02	27091.6439
2016-07-03	27091.6439
2016-07-04	27153.7642
2016-07-05	27039.9225
2016-07-06	26959.4787
2016-07-07	27034.6835
2016-07-08	27066.2939
2016-07-09	27066.2939
2016-07-10	27066.2939
2016-07-11	27393.2817
2016-07-12	27379.0438
2016-07-13	27442.3527
2016-07-14	27532.6759
2016-07-15	27583.3055
2016-07-16	27583.3055
2016-07-17	27583.3055
2016-07-18	27669.8072
2016-07-19	27754.1164
2016-07-20	27901.4264
2016-07-21	27946.9754
2016-07-22	27980.9809
2016-07-23	27980.9809
2016-07-24	27980.9809
2016-07-25	28051.6598
2016-07-26	28016.7826
2016-07-27	28073.7343
2016-07-28	28092.498
2016-07-29	28099.234
2016-07-30	28099.234
2016-07-31	28099.234
2016-08-01	28192.5597
2016-08-02	27997.0503
2016-08-03	27820.6657
2016-08-04	27843.4094
2016-08-05	27934.1728
2016-08-06	27934.1728
2016-08-07	27934.1728
2016-08-08	27999.0931
2016-08-09	28019.0015
2016-08-10	27987.9722
2016-08-11	27935.7313
2016-08-12	28039.6496
2016-08-13	28039.6496
2016-08-14	28039.6496
2016-08-15	28101.1447
2016-08-16	28029.6293
2016-08-17	28108.224
2016-08-18	28031.5576
2016-08-19	28131.5929
2016-08-20	28131.5929
2016-08-21	28131.5929
2016-08-22	28131.7954
2016-08-23	28210.1347
2016-08-24	28233.0281
2016-08-25	28190.6665
2016-08-26	28073.0651
2016-08-27	28073.0651
2016-08-28	28073.0651
2016-08-29	28082.3721
2016-08-30	28159.9718
2016-08-31	28070.5908
2016-09-01	28030.2457
2016-09-02	27954.3982
2016-09-03	27954.3982
2016-09-04	27954.3982
2016-09-05	28055.5957
2016-09-06	27974.5267
2016-09-07	28023.1223
2016-09-08	27928.2645
2016-09-09	27750.1893
2016-09-10	27750.1893
2016-09-11	27750.1893
2016-09-12	27512.4329
2016-09-13	27474.6676
2016-09-14	27506.4806
2016-09-15	27511.5435
2016-09-16	27632.8256
2016-09-17	27632.8256
2016-09-18	27632.8256
2016-09-19	27602.6503
2016-09-20	27623.5009
2016-09-21	27802.9057
2016-09-22	27905.0453
2016-09-23	28010.9448
2016-09-24	28010.9448
2016-09-25	28010.9448
2016-09-26	27935.0004
2016-09-27	27907.6605
2016-09-28	27945.6459
2016-09-29	28025.0947
2016-09-30	27982.918
2016-10-01	27982.918
2016-10-02	27982.918
2016-10-03	28058.8183
2016-10-04	28041.3754
2016-10-05	28002.7032
2016-10-06	28086.4225
2016-10-07	28010.7159
2016-10-08	28010.7159
2016-10-09	28010.7159
2016-10-10	27973.5494
2016-10-11	27941.5603
2016-10-12	27873.5317
2016-10-13	27791.3798
2016-10-14	27739.2357
2016-10-15	27739.2357
2016-10-16	27739.2357
2016-10-17	27577.0538
2016-10-18	27632.3325
2016-10-19	27706.3925
2016-10-20	27796.8301
2016-10-21	27782.9532
2016-10-22	27782.9532
2016-10-23	27782.9532
2016-10-24	27758.7567
2016-10-25	27777.5557
2016-10-26	27540.8382
2016-10-27	27397.966
2016-10-28	27371.6122
2016-10-29	27371.6122
2016-10-30	27371.6122
2016-10-31	27456.9781
2016-11-01	27346.7377
2016-11-02	27122.2594
2016-11-03	27033.7941
2016-11-04	26941.1464
2016-11-05	26941.1464
2016-11-06	26941.1464
2016-11-07	27175.9179
2016-11-08	27234.1551
2016-11-09	27073.8223
2016-11-10	27458.6246
2016-11-11	27525.1739
2016-11-12	27525.1739
2016-11-13	27525.1739
2016-11-14	27512.9612
2016-11-15	27487.0124
2016-11-16	27564.709
2016-11-17	27647.5478
2016-11-18	27745.9716
2016-11-19	27745.9716
2016-11-20	27745.9716
2016-11-21	27759.0297
2016-11-22	27896.8301
2016-11-23	28014.4052
2016-11-24	27999.2868
2016-11-25	28062.2083
2016-11-26	28062.2083
2016-11-27	28062.2083
2016-11-28	27956.212
2016-11-29	27945.0559
2016-11-30	27964.304
2016-12-01	27960.9404
2016-12-02	27772.1141
2016-12-03	27772.1141
2016-12-04	27772.1141
2016-12-05	27723.0959
2016-12-06	27872.4663
2016-12-07	28050.1893
2016-12-08	28216.721
2016-12-09	28270.943
2016-12-10	28270.943
2016-12-11	28270.943
2016-12-12	28199.6918
2016-12-13	28223.6594
2016-12-14	28247.8824
2016-12-15	28266.4876
2016-12-16	28304.7812
2016-12-17	28304.7812
2016-12-18	28304.7812
2016-12-19	28415.2329
2016-12-20	28466.9631
2016-12-21	28463.8901
2016-12-22	28504.7548
2016-12-23	28528.5991
2016-12-24	28528.5991
2016-12-25	28528.5991
2016-12-26	28527.023
2016-12-27	28522.6468
2016-12-28	28602.0956
2016-12-29	28621.872
2016-12-30	28579.7834
2016-12-31	28579.7834
2017-01-01	28579.7834
2017-01-02	28584.0011
2017-01-03	28764.7442
2017-01-04	28786.6514
2017-01-05	28802.3246
2017-01-06	28893.3873
2017-01-07	28893.3873
2017-01-08	28893.3873
2017-01-09	28934.1904
2017-01-10	28871.2512
2017-01-11	28929.0041
2017-01-12	28832.6142
2017-01-13	28788.8263
2017-01-14	28788.8263
2017-01-15	28788.8263
2017-01-16	28807.9863
2017-01-17	28630.4482
2017-01-18	28587.9282
2017-01-19	28583.4111
2017-01-20	28539.3414
2017-01-21	28539.3414
2017-01-22	28539.3414
2017-01-23	28417.0996
2017-01-24	28525.8871
2017-01-25	28665.9329
2017-01-26	28697.1383
2017-01-27	28764.2159
2017-01-28	28764.2159
2017-01-29	28764.2159
2017-01-30	28605.6089
2017-01-31	28439.9577
2017-02-01	28553.4648
2017-02-02	28421.1235
2017-02-03	28462.9127
2017-02-04	28462.9127
2017-02-05	28462.9127
2017-02-06	28486.6778
2017-02-07	28541.3842
2017-02-08	28581.0161
2017-02-09	28707.0089
2017-02-10	28797.7987
2017-02-11	28797.7987
2017-02-12	28797.7987
2017-02-13	28979.2727
2017-02-14	29015.1625
2017-02-15	29066.4084
2017-02-16	29056.0007
2017-02-17	29045.7251
2017-02-18	29045.7251
2017-02-19	29045.7251
2017-02-20	29020.516
2017-02-21	29056.124
2017-02-22	29120.965
2017-02-23	29048.8861
2017-02-24	28975.4248
2017-02-25	28975.4248
2017-02-26	28975.4248
2017-02-27	28950.427
2017-02-28	28931.1702
2017-03-01	29055.5428
2017-03-02	29173.1707
2017-03-03	29121.0179
2017-03-04	29121.0179
2017-03-05	29121.0179
2017-03-06	29117.3549
2017-03-07	29114.6606
2017-03-08	29133.3099
2017-03-09	29159.3202
2017-03-10	29229.189
2017-03-11	29229.189
2017-03-12	29229.189
2017-03-13	29189.1168
2017-03-14	29192.5508
2017-03-15	29260.2888
2017-03-16	29299.3748
2017-03-17	29321.5638
2017-03-18	29321.5638
2017-03-19	29321.5638
2017-03-20	29269.7984
2017-03-21	29182.0727
2017-03-22	29055.2523
2017-03-23	29126.3714
2017-03-24	29240.4068
2017-03-25	29240.4068
2017-03-26	29240.4068
2017-03-27	29235.3615
2017-03-28	29418.7285
2017-03-29	29496.3018
2017-03-30	29559.329
2017-03-31	29513.7977
2017-04-01	29513.7977
2017-04-02	29513.7977
2017-04-03	29565.7128
2017-04-04	29567.0688
2017-04-05	29567.148
2017-04-06	29576.1557
2017-04-07	29646.0069
2017-04-08	29646.0069
2017-04-09	29646.0069
2017-04-10	29734.3929
2017-04-11	29764.4889
2017-04-12	29771.7971
2017-04-13	29601.1799
2017-04-14	29599.1459
2017-04-15	29599.1459
2017-04-16	29599.1459
2017-04-17	29634.9036
2017-04-18	29559.0473
2017-04-19	29496.1433
2017-04-20	29636.9728
2017-04-21	29656.3353
2017-04-22	29656.3353
2017-04-23	29656.3353
2017-04-24	29764.7002
2017-04-25	29856.3089
2017-04-26	29988.069
2017-04-27	30037.2458
2017-04-28	30027.6658
2017-04-29	30027.6658
2017-04-30	30027.6658
2017-05-01	30102.5271
2017-05-02	30141.798
2017-05-03	30103.6982
2017-05-04	30154.046
2017-05-05	30101.8667
2017-05-06	30101.8667
2017-05-07	30101.8667
2017-05-08	30250.5591
2017-05-09	30208.5674
2017-05-10	30312.336
2017-05-11	30356.9164
2017-05-12	30250.5855
2017-05-13	30250.5855
2017-05-14	30250.5855
2017-05-15	30281.4564
2017-05-16	30367.5795
2017-05-17	30121.4581
2017-05-18	30064.119
2017-05-19	30077.1154
2017-05-20	30077.1154
2017-05-21	30077.1154
2017-05-22	30199.2163
2017-05-23	30212.6178
2017-05-24	30289.3634
2017-05-25	30374.4035
2017-05-26	30313.3486
2017-05-27	30313.3486
2017-05-28	30313.3486
2017-05-29	30266.3996
2017-05-30	30287.9634
2017-05-31	30262.0939
2017-06-01	30406.6215
2017-06-02	30554.1076
2017-06-03	30554.1076
2017-06-04	30554.1076
2017-06-05	30475.1255
2017-06-06	30247.8824
2017-06-07	30225.8871
2017-06-08	30237.9326
2017-06-09	30240.7942
2017-06-10	30240.7942
2017-06-11	30240.7942
2017-06-12	30186.2464
2017-06-13	30417.9449
2017-06-14	30459.5932
2017-06-15	30312.1951
2017-06-16	30275.6714
2017-06-17	30275.6714
2017-06-18	30275.6714
2017-06-19	30446.1125
2017-06-20	30336.0571
2017-06-21	30227.7714
2017-06-22	30347.9264
2017-06-23	30400.722
2017-06-24	30400.722
2017-06-25	30400.722
2017-06-26	30599.3044
2017-06-27	30540.8999
2017-06-28	30608.6643
2017-06-29	30627.4632
2017-06-30	30386.6514
2017-07-01	30386.6514
2017-07-02	30386.6514
2017-07-03	30353.7642
2017-07-04	30585.5684
2017-07-05	30583.9658
2017-07-06	30550.7352
2017-07-07	30420.0141
2017-07-08	30420.0141
2017-07-09	30420.0141
2017-07-10	30518.8342
2017-07-11	30510.9272
2017-07-12	30415.6555
2017-07-13	30580.2677
2017-07-14	30584.952
2017-07-15	30584.952
2017-07-16	30584.952
2017-07-17	30570.5996
2017-07-18	30380.3205
2017-07-19	30472.6424
2017-07-20	30540.3452
2017-07-21	30478.04
2017-07-22	30478.04
2017-07-23	30478.04
2017-07-24	30410.7159
2017-07-25	30522.9198
2017-07-26	30595.4565
2017-07-27	30563.7933
2017-07-28	30309.2102
2017-07-29	30309.2102
2017-07-30	30309.2102
2017-07-31	30387.2325
2017-08-01	30512.4329
2017-08-02	30467.104
2017-08-03	30440.1338
2017-08-04	30475.5481
2017-08-05	30475.5481
2017-08-06	30475.5481
2017-08-07	30628.2997
2017-08-08	30562.4108
2017-08-09	30581.201
2017-08-10	30436.4357
2017-08-11	30281.474
2017-08-12	30281.474
2017-08-13	30281.474
2017-08-14	30444.0962
2017-08-15	30540.398
2017-08-16	30573.6638
2017-08-17	30485.4803
2017-08-18	30417.6631
2017-08-19	30417.6631
2017-08-20	30417.6631
2017-08-21	30325.0066
2017-08-22	30529.4532
2017-08-23	30540.1867
2017-08-24	30576.5871
2017-08-25	30585.4451
2017-08-26	30585.4451
2017-08-27	30585.4451
2017-08-28	30512.0807
2017-08-29	30429.5853
2017-08-30	30564.5241
2017-08-31	30700.2377
2017-09-01	30738.4961
2017-09-02	30738.4961
2017-09-03	30738.4961
2017-09-04	30700.8101
2017-09-05	30601.4617
2017-09-06	30633.7589
2017-09-07	30643.1452
2017-09-08	30605.8642
2017-09-09	30605.8642
2017-09-10	30605.8642
2017-09-11	30826.1689
2017-09-12	30898.9346
2017-09-13	30895.0779
2017-09-14	30855.6309
2017-09-15	30751.8975
2017-09-16	30751.8975
2017-09-17	30751.8975
2017-09-18	30862.7983
2017-09-19	30852.4963
2017-09-20	30779.713
2017-09-21	30747.2308
2017-09-22	30774.9934
2017-09-23	30774.9934
2017-09-24	30774.9934
2017-09-25	30766.7958
2017-09-26	30772.7481
2017-09-27	30814.5461
2017-09-28	30860.4473
2017-09-29	30927.9211
2017-09-30	30927.9211
2017-10-01	30927.9211
2017-10-02	31052.8837
2017-10-03	31064.0574
2017-10-04	30952.5403
2017-10-05	31074.8789
2017-10-06	31242.0093
2017-10-07	31242.0093
2017-10-08	31242.0093
2017-10-09	31302.122
2017-10-10	31288.2892
2017-10-11	31397.1383
2017-10-12	31417.7864
2017-10-13	31416.2191
2017-10-14	31416.2191
2017-10-15	31416.2191
2017-10-16	31522.2594
2017-10-17	31604.6491
2017-10-18	31620.965
2017-10-19	31551.3956
2017-10-20	31657.7705
2017-10-21	31657.7705
2017-10-22	31657.7705
2017-10-23	31614.6958
2017-10-24	31690.376
2017-10-25	31737.8797
2017-10-26	31772.4135
2017-10-27	31846.1125
2017-10-28	31846.1125
2017-10-29	31846.1125
2017-10-30	31880.6551
2017-10-31	31879.3167
2017-11-01	31979.2903
2017-11-02	31944.51
2017-11-03	32130.545
2017-11-04	32130.545
2017-11-05	32130.545
2017-11-06	32129.0394
2017-11-07	32283.5344
2017-11-08	32227.0142
2017-11-09	32258.519
2017-11-10	32193.6867
2017-11-11	32193.6867
2017-11-12	32193.6867
2017-11-13	32201.6642
2017-11-14	32089.02
2017-11-15	32021.1764
2017-11-16	32100.4843
2017-11-17	32206.0227
2017-11-18	32206.0227
2017-11-19	32206.0227
2017-11-20	32200.722
2017-11-21	32312.3888
2017-11-22	32379.5721
2017-11-23	32371.2688
2017-11-24	32419.0191
2017-11-25	32419.0191
2017-11-26	32419.0191
2017-11-27	32388.2187
2017-11-28	32480.0916
2017-11-29	32493.8716
2017-11-30	32373.6198
2017-12-01	32371.938
2017-12-02	32371.938
2017-12-03	32371.938
2017-12-04	32356.9429
2017-12-05	32293.5722
2017-12-06	32220.9474
2017-12-07	32329.5501
2017-12-08	32440.0898
2017-12-09	32440.0898
2017-12-10	32440.0898
2017-12-11	32471.8588
2017-12-12	32497.7371
2017-12-13	32448.5604
2017-12-14	32351.6686
2017-12-15	32412.7234
2017-12-16	32412.7234
2017-12-17	32412.7234
2017-12-18	32624.0821
2017-12-19	32675.5745
2017-12-20	32650.1893
2017-12-21	32719.8204
2017-12-22	32715.8845
2017-12-23	32715.8845
2017-12-24	32715.8845
2017-12-25	32715.4354
2017-12-26	32689.5307
2017-12-27	32667.9405
2017-12-28	32734.7539
2017-12-29	32725.4645
2017-12-30	32725.4645
2017-12-31	32725.4645
2018-01-01	32725.0418
2018-01-02	32809.7385
2018-01-03	32903.9447
2018-01-04	32994.2502
2018-01-05	33195.4654
2018-01-06	33195.4654
2018-01-07	33195.4654
2018-01-08	33230.1576
2018-01-09	33274.6148
2018-01-10	33149.1855
2018-01-11	33113.0316
2018-01-12	33160.6762
2018-01-13	33160.6762
2018-01-14	33160.6762
2018-01-15	33131.1086
2018-01-16	33124.3198
2018-01-17	33083.0941
2018-01-18	33072.3166
2018-01-19	33092.8502
2018-01-20	33092.8502
2018-01-21	33092.8502
2018-01-22	33133.979
2018-01-23	33357.2598
2018-01-24	33307.0969
2018-01-25	33279.4136
2018-01-26	33349.6698
2018-01-27	33349.6698
2018-01-28	33349.6698
2018-01-29	33356.0888
2018-01-30	33169.5694
2018-01-31	33179.845
2018-02-01	33338.2319
2018-02-02	33280.5671
2018-02-03	33280.5671
2018-02-04	33280.5671
2018-02-05	32762.1555
2018-02-06	32346.6761
2018-02-07	32446.2798
2018-02-08	32321.4757
2018-02-09	32178.4538
2018-02-10	32178.4538
2018-02-11	32178.4538
2018-02-12	32195.9761
2018-02-13	32286.1231
2018-02-14	32397.3585
2018-02-15	32632.896
2018-02-16	32644.1314
2018-02-17	32644.1314
2018-02-18	32644.1314
2018-02-19	32774.3242
2018-02-20	32727.5425
2018-02-21	32775.9532
2018-02-22	32734.2256
2018-02-23	32996.6717
2018-02-24	32996.6717
2018-02-25	32996.6717
2018-02-26	33171.8412
2018-02-27	33157.7265
2018-02-28	32980.3381
2018-03-01	32857.5768
2018-03-02	32738.7514
2018-03-03	32738.7514
2018-03-04	32738.7514
2018-03-05	32727.7626
2018-03-06	32865.9417
2018-03-07	32755.49
2018-03-08	32981.0161
2018-03-09	33083.6224
2018-03-10	33083.6224
2018-03-11	33083.6224
2018-03-12	33183.3583
2018-03-13	33067.0159
2018-03-14	32980.4702
2018-03-15	33056.7315
2018-03-16	33201.99
2018-03-17	33201.99
2018-03-18	33201.99
2018-03-19	33116.6329
2018-03-20	33084.0803
2018-03-21	33084.186
2018-03-22	32906.8152
2018-03-23	32425.4293
2018-03-24	32425.4293
2018-03-25	32425.4293
2018-03-26	32565.3165
2018-03-27	32630.7123
2018-03-28	32519.7587
2018-03-29	32544.783
2018-03-30	32547.4509
2018-03-31	32547.4509
2018-04-01	32547.4509
2018-04-02	32438.0118
2018-04-03	32461.3895
2018-04-04	32466.7958
2018-04-05	32631.0733
2018-04-06	32497.1647
2018-04-07	32497.1647
2018-04-08	32497.1647
2018-04-09	32590.4376
2018-04-10	32763.2385
2018-04-11	32665.7656
2018-04-12	32741.5251
2018-04-13	32716.9851
2018-04-14	32716.9851
2018-04-15	32716.9851
2018-04-16	32774.7469
2018-04-17	32826.979
2018-04-18	32901.5761
2018-04-19	32997.7635
2018-04-20	32996.2226
2018-04-21	32996.2226
2018-04-22	32996.2226
2018-04-23	33023.2456
2018-04-24	33022.5764
2018-04-25	33019.1336
2018-04-26	33067.421
2018-04-27	33196.8478
2018-04-28	33196.8478
2018-04-29	33196.8478
2018-04-30	33249.9604
2018-05-01	33355.3579
2018-05-02	33356.7844
2018-05-03	33434.2696
2018-05-04	33415.2417
2018-05-05	33415.2417
2018-05-06	33415.2417
2018-05-07	33543.7263
2018-05-08	33660.2976
2018-05-09	33748.0585
2018-05-10	33822.6644
2018-05-11	33840.9527
2018-05-12	33840.9527
2018-05-13	33840.9527
2018-05-14	33935.0445
2018-05-15	33877.9959
2018-05-16	33875.6802
2018-05-17	33878.9557
2018-05-18	33845.3377
2018-05-19	33845.3377
2018-05-20	33845.3377
2018-05-21	33842.1854
2018-05-22	33733.4595
2018-05-23	33726.4154
2018-05-24	33687.4086
2018-05-25	33653.9667
2018-05-26	33653.9667
2018-05-27	33653.9667
2018-05-28	33594.2767
2018-05-29	33748.2962
2018-05-30	33718.6933
2018-05-31	33780.1796
2018-06-01	33861.0196
2018-06-02	33861.0196
2018-06-03	33861.0196
2018-06-04	33921.3084
2018-06-05	33892.859
2018-06-06	33987.0124
2018-06-07	34077.7494
2018-06-08	34047.8912
2018-06-09	34047.8912
2018-06-10	34047.8912
2018-06-11	34059.7253
2018-06-12	34111.57
2018-06-13	34078.7092
2018-06-14	34119.6795
2018-06-15	34371.5682
2018-06-16	34371.5682
2018-06-17	34371.5682
2018-06-18	34352.822
2018-06-19	34254.4158
2018-06-20	34404.1736
2018-06-21	34436.4973
2018-06-22	34468.0814
2018-06-23	34468.0814
2018-06-24	34468.0814
2018-06-25	34289.5835
2018-06-26	34288.2539
2018-06-27	34202.668
2018-06-28	34316.4656
2018-06-29	34280.1532
2018-06-30	34280.1532
2018-07-01	34280.1532
2018-07-02	34308.5586
2018-07-03	34270.3355
2018-07-04	34200.5371
2018-07-05	34306.0315
2018-07-06	34426.2745
2018-07-07	34426.2745
2018-07-08	34426.2745
2018-07-09	34538.2495
2018-07-10	34510.663
2018-07-11	34403.434
2018-07-12	34565.5895
2018-07-13	34549.9252
2018-07-14	34549.9252
2018-07-15	34549.9252
2018-07-16	34512.7146
2018-07-17	34484.3004
2018-07-18	34622.9726
2018-07-19	34671.5858
2018-07-20	34669.8688
2018-07-21	34669.8688
2018-07-22	34669.8688
2018-07-23	34591.0099
2018-07-24	34694.7962
2018-07-25	34733.5124
2018-07-26	34775.0198
2018-07-27	34856.0711
2018-07-28	34856.0711
2018-07-29	34856.0711
2018-07-30	34745.2672
2018-07-31	34708.5938
2018-08-01	34760.3328
2018-08-02	34679.4664
2018-08-03	34677.0714
2018-08-04	34677.0714
2018-08-05	34677.0714
2018-08-06	34793.3345
2018-08-07	34750.6736
2018-08-08	34778.8677
2018-08-09	34858.4485
2018-08-10	34791.0716
2018-08-11	34791.0716
2018-08-12	34791.0716
2018-08-13	34666.5228
2018-08-14	34831.8922
2018-08-15	34818.0682
2018-08-16	34754.6183
2018-08-17	34804.4906
2018-08-18	34804.4906
2018-08-19	34804.4906
2018-08-20	34859.0649
2018-08-21	34773.1707
2018-08-22	34833.3187
2018-08-23	34934.2784
2018-08-24	34965.6071
2018-08-25	34965.6071
2018-08-26	34965.6071
2018-08-27	35129.5677
2018-08-28	35201.2944
2018-08-29	35392.2339
2018-08-30	35282.6098
2018-08-31	35262.1379
2018-09-01	35262.1379
2018-09-02	35262.1379
2018-09-03	35238.5401
2018-09-04	35184.8023
2018-09-05	34942.0886
2018-09-06	34731.3727
2018-09-07	34714.5109
2018-09-08	34714.5109
2018-09-09	34714.5109
2018-09-10	34726.6884
2018-09-11	34862.7366
2018-09-12	34767.6763
2018-09-13	34728.8721
2018-09-14	34892.5949
2018-09-15	34892.5949
2018-09-16	34892.5949
2018-09-17	34874.3066
2018-09-18	34804.9133
2018-09-19	34844.2811
2018-09-20	34893.7395
2018-09-21	34992.6653
2018-09-22	34992.6653
2018-09-23	34992.6653
2018-09-24	34982.24
2018-09-25	35009.0253
2018-09-26	34999.9384
2018-09-27	35061.4071
2018-09-28	35070.2034
2018-09-29	35070.2034
2018-09-30	35070.2034
2018-10-01	35040.0282
2018-10-02	34926.6268
2018-10-03	35029.8582
2018-10-04	35047.8119
2018-10-05	34970.1506
2018-10-06	34970.1506
2018-10-07	34970.1506
2018-10-08	34714.2115
2018-10-09	34544.193
2018-10-10	34273.9544
2018-10-11	33665.4838
2018-10-12	33817.3109
2018-10-13	33817.3109
2018-10-14	33817.3109
2018-10-15	33619.6267
2018-10-16	33917.8568
2018-10-17	34124.0028
2018-10-18	33941.7892
2018-10-19	33916.3511
2018-10-20	33916.3511
2018-10-21	33916.3511
2018-10-22	33808.4265
2018-10-23	33599.3308
2018-10-24	33311.2442
2018-10-25	32998.3622
2018-10-26	32875.8299
2018-10-27	32875.8299
2018-10-28	32875.8299
2018-10-29	32940.5565
2018-10-30	33104.5787
2018-10-31	33351.7038
2018-11-01	33385.586
2018-11-02	33522.3827
2018-11-03	33522.3827
2018-11-04	33522.3827
2018-11-05	33472.7833
2018-11-06	33626.1513
2018-11-07	33725.5789
2018-11-08	33772.8802
2018-11-09	33688.659
2018-11-10	33688.659
2018-11-11	33688.659
2018-11-12	33603.5749
2018-11-13	33357.3655
2018-11-14	33105.7498
2018-11-15	33158.8712
2018-11-16	33111.8341
2018-11-17	33111.8341
2018-11-18	33111.8341
2018-11-19	32960.6674
2018-11-20	32787.2766
2018-11-21	32685.5684
2018-11-22	32782.7331
2018-11-23	32802.5447
2018-11-24	32802.5447
2018-11-25	32802.5447
2018-11-26	32837.7653
2018-11-27	32965.4486
2018-11-28	33104.8957
2018-11-29	33132.0683
2018-11-30	33019.9084
2018-12-01	33019.9084
2018-12-02	33019.9084
2018-12-03	33434.6042
2018-12-04	33070.626
2018-12-05	33020.4984
2018-12-06	32905.9875
2018-12-07	32756.5026
2018-12-08	32756.5026
2018-12-09	32756.5026
2018-12-10	32387.7873
2018-12-11	32452.4786
2018-12-12	32683.4551
2018-12-13	32719.116
2018-12-14	32506.7007
2018-12-15	32506.7007
2018-12-16	32506.7007
2018-12-17	32485.6388
2018-12-18	32321.2292
2018-12-19	32245.6371
2018-12-20	31955.2259
2018-12-21	31727.2959
2018-12-22	31727.2959
2018-12-23	31727.2959
2018-12-24	31679.5809
2018-12-25	31652.8485
2018-12-26	31888.3596
2018-12-27	32213.6039
2018-12-28	32381.0161
2018-12-29	32381.0161
2018-12-30	32381.0161
2018-12-31	32486.1583
2019-01-01	32486.0791
2019-01-02	32383.9658
2019-01-03	32371.9644
2019-01-04	32438.8659
2019-01-05	32438.8659
2019-01-06	32438.8659
2019-01-07	32655.4196
2019-01-08	32851.5101
2019-01-09	33065.6159
2019-01-10	33101.2944
2019-01-11	33052.5843
2019-01-12	33052.5843
2019-01-13	33052.5843
2019-01-14	33017.399
2019-01-15	33204.3674
2019-01-16	33318.7814
2019-01-17	33443.0043
2019-01-18	33613.3662
2019-01-19	33613.3662
2019-01-20	33613.3662
2019-01-21	33691.8024
2019-01-22	33556.8196
2019-01-23	33539.993
2019-01-24	33656.0623
2019-01-25	33809.2542
2019-01-26	33809.2542
2019-01-27	33809.2542
2019-01-28	33746.1213
2019-01-29	33716.5713
2019-01-30	33776.5255
2019-01-31	33711.8517
2019-02-01	33843.4886
2019-02-02	33843.4886
2019-02-03	33843.4886
2019-02-04	34006.7623
2019-02-05	34242.0093
2019-02-06	34390.5345
2019-02-07	34465.0084
2019-02-08	34391.459
2019-02-09	34391.459
2019-02-10	34391.459
2019-02-11	34408.1007
2019-02-12	34568.6097
2019-02-13	34605.9699
2019-02-14	34630.1312
2019-02-15	34714.6077
2019-02-16	34714.6077
2019-02-17	34714.6077
2019-02-18	34792.3131
2019-02-19	34816.4744
2019-02-20	34863.2209
2019-02-21	35040.0018
2019-02-22	35081.9054
2019-02-23	35081.9054
2019-02-24	35081.9054
2019-02-25	35146.3591
2019-02-26	35072.0701
2019-02-27	35177.7758
2019-02-28	35193.6603
2019-03-01	35294.7962
2019-03-02	35294.7962
2019-03-03	35294.7962
2019-03-04	35355.0233
2019-03-05	35326.1337
2019-03-06	35446.2446
2019-03-07	35364.5065
2019-03-08	35171.3305
2019-03-09	35171.3305
2019-03-10	35171.3305
2019-03-11	35235.5376
2019-03-12	35262.1467
2019-03-13	35299.5509
2019-03-14	35391.1332
2019-03-15	35450.2598
2019-03-16	35450.2598
2019-03-17	35450.2598
2019-03-18	35559.9542
2019-03-19	35542.7049
2019-03-20	35465.1052
2019-03-21	35516.3688
2019-03-22	35395.0603
2019-03-23	35395.0603
2019-03-24	35395.0603
2019-03-25	35120.8682
2019-03-26	35186.625
2019-03-27	35220.9034
2019-03-28	35327.8154
2019-03-29	35375.645
2019-03-30	35375.645
2019-03-31	35375.645
2019-04-01	35623.2984
2019-04-02	35740.0018
2019-04-03	35853.7906
2019-04-04	35755.8246
2019-04-05	35699.4189
2019-04-06	35699.4189
2019-04-07	35699.4189
2019-04-08	35830.1048
2019-04-09	35756.9957
2019-04-10	35798.371
2019-04-11	35749.1591
2019-04-12	35893.2377
2019-04-13	35893.2377
2019-04-14	35893.2377
2019-04-15	35858.7831
2019-04-16	35965.1404
2019-04-17	35912.9964
2019-04-18	35894.5056
2019-04-19	35894.6465
2019-04-20	35894.6465
2019-04-21	35894.6465
2019-04-22	35916.5449
2019-04-23	36168.9971
2019-04-24	36376.9393
2019-04-25	36391.2037
2019-04-26	36361.1429
2019-04-27	36361.1429
2019-04-28	36361.1429
2019-04-29	36365.0524
2019-04-30	36334.5602
2019-05-01	36404.3938
2019-05-02	36317.7776
2019-05-03	36406.3221
2019-05-04	36406.3221
2019-05-05	36406.3221
2019-05-06	36264.0398
2019-05-07	36078.8765
2019-05-08	35952.2937
2019-05-09	35927.701
2019-05-10	35978.1985
2019-05-11	35978.1985
2019-05-12	35978.1985
2019-05-13	35777.4236
2019-05-14	35720.7449
2019-05-15	35890.1911
2019-05-16	36158.5102
2019-05-17	36207.3435
2019-05-18	36207.3435
2019-05-19	36207.3435
2019-05-20	36240.3452
2019-05-21	36294.9282
2019-05-22	36270.899
2019-05-23	36094.4792
2019-05-24	36041.9037
2019-05-25	36041.9037
2019-05-26	36041.9037
2019-05-27	36046.8698
2019-05-28	36062.0146
2019-05-29	35906.6303
2019-05-30	35814.7398
2019-05-31	35680.3998
2019-06-01	35680.3998
2019-06-02	35680.3998
2019-06-03	35435.2998
2019-06-04	35570.0009
2019-06-05	35683.7281
2019-06-06	35776.0676
2019-06-07	35915.4882
2019-06-08	35915.4882
2019-06-09	35915.4882
2019-06-10	36083.3759
2019-06-11	36357.1366
2019-06-12	36306.9473
2019-06-13	36386.0615
2019-06-14	36432.0067
2019-06-15	36432.0067
2019-06-16	36432.0067
2019-06-17	36384.6174
2019-06-18	36629.101
2019-06-19	36871.0135
2019-06-20	37057.5328
2019-06-21	36947.5478
2019-06-22	36947.5478
2019-06-23	36947.5478
2019-06-24	37066.7606
2019-06-25	36877.7494
2019-06-26	37004.2881
2019-06-27	37119.7235
2019-06-28	37089.8565
2019-06-29	37089.8565
2019-06-30	37089.8565
2019-07-01	37406.4278
2019-07-02	37422.7789
2019-07-03	37500.4226
2019-07-04	37562.7807
2019-07-05	37653.4032
2019-07-06	37653.4032
2019-07-07	37653.4032
2019-07-08	37374.1217
2019-07-09	37433.618
2019-07-10	37457.0485
2019-07-11	37554.8296
2019-07-12	37485.3923
2019-07-13	37485.3923
2019-07-14	37485.3923
2019-07-15	37364.9555
2019-07-16	37308.902
2019-07-17	37347.178
2019-07-18	37236.4885
2019-07-19	37365.9945
2019-07-20	37365.9945
2019-07-21	37365.9945
2019-07-22	37338.998
2019-07-23	37565.9153
2019-07-24	37722.867
2019-07-25	37785.0313
2019-07-26	37889.0904
2019-07-27	37889.0904
2019-07-28	37889.0904
2019-07-29	37966.7782
2019-07-30	38001.5233
2019-07-31	37797.9572
2019-08-01	37675.6098
2019-08-02	37570.0801
2019-08-03	37570.0801
2019-08-04	37570.0801
2019-08-05	36924.311
2019-08-06	36654.4422
2019-08-07	36821.4934
2019-08-08	37036.013
2019-08-09	37011.7461
2019-08-10	37011.7461
2019-08-11	37011.7461
2019-08-12	37008.4529
2019-08-13	37031.6897
2019-08-14	36923.5538
2019-08-15	36514.9775
2019-08-16	36688.9231
2019-08-17	36688.9231
2019-08-18	36688.9231
2019-08-19	36926.4771
2019-08-20	37041.0584
2019-08-21	36987.4703
2019-08-22	37086.9332
2019-08-23	36876.6488
2019-08-24	36876.6488
2019-08-25	36876.6488
2019-08-26	36769.4109
2019-08-27	36836.5942
2019-08-28	37007.502
2019-08-29	37167.3593
2019-08-30	37416.2279
2019-08-31	37416.2279
2019-09-01	37416.2279
2019-09-02	37365.5543
2019-09-03	37263.6348
2019-09-04	37323.1487
2019-09-05	37619.2745
2019-09-06	37623.906
2019-09-07	37623.906
2019-09-08	37623.906
2019-09-09	37656.0183
2019-09-10	37591.6968
2019-09-11	37755.0674
2019-09-12	37817.6015
2019-09-13	37827.9035
2019-09-14	37827.9035
2019-09-15	37827.9035
2019-09-16	37836.5501
2019-09-17	37887.981
2019-09-18	37903.6277
2019-09-19	38049.3088
2019-09-20	38098.6176
2019-09-21	38098.6176
2019-09-22	38098.6176
2019-09-23	38145.4345
2019-09-24	38024.6632
2019-09-25	37996.9006
2019-09-26	37892.4012
2019-09-27	37899.5862
2019-09-28	37899.5862
2019-09-29	37899.5862
2019-09-30	37925.6582
2019-10-01	38027.8331
2019-10-02	37563.8461
2019-10-03	37289.0024
2019-10-04	37493.5106
2019-10-05	37493.5106
2019-10-06	37493.5106
2019-10-07	37586.1407
2019-10-08	37497.561
2019-10-09	37481.7293
2019-10-10	37490.4024
2019-10-11	37710.8303
2019-10-12	37710.8303
2019-10-13	37710.8303
2019-10-14	37866.3467
2019-10-15	38036.2244
2019-10-16	38231.0557
2019-10-17	37975.5833
2019-10-18	37920.7713
2019-10-19	37920.7713
2019-10-20	37920.7713
2019-10-21	37959.963
2019-10-22	37992.049
2019-10-23	37991.3181
2019-10-24	38128.5287
2019-10-25	38295.3685
2019-10-26	38295.3685
2019-10-27	38295.3685
2019-10-28	38342.793
2019-10-29	38301.4352
2019-10-30	38239.9137
2019-10-31	38144.1754
2019-11-01	38297.3673
2019-11-02	38297.3673
2019-11-03	38297.3673
2019-11-04	38440.8118
2019-11-05	38499.2604
2019-11-06	38393.3081
2019-11-07	38617.9889
2019-11-08	38607.4139
2019-11-09	38607.4139
2019-11-10	38607.4139
2019-11-11	38745.2232
2019-11-12	38766.3291
2019-11-13	38665.114
2019-11-14	38845.276
2019-11-15	38981.4211
2019-11-16	38981.4211
2019-11-17	38981.4211
2019-11-18	38981.7381
2019-11-19	39081.923
2019-11-20	38873.1795
2019-11-21	38787.3734
2019-11-22	38903.3195
2019-11-23	38903.3195
2019-11-24	38903.3195
2019-11-25	39091.9169
2019-11-26	39231.1086
2019-11-27	39439.5263
2019-11-28	39477.6349
2019-11-29	39390.9483
2019-11-30	39390.9483
2019-12-01	39390.9483
2019-12-02	39289.8741
2019-12-03	38826.8909
2019-12-04	38729.5765
2019-12-05	38965.114
2019-12-06	39097.1295
2019-12-07	39097.1295
2019-12-08	39097.1295
2019-12-09	39123.4569
2019-12-10	39112.1863
2019-12-11	39178.9821
2019-12-12	39127.428
2019-12-13	39318.9399
2019-12-14	39318.9399
2019-12-15	39318.9399
2019-12-16	39649.3352
2019-12-17	39732.0067
2019-12-18	39727.4456
2019-12-19	39695.4037
2019-12-20	39829.2683
2019-12-21	39829.2683
2019-12-22	39829.2683
2019-12-23	39758.7479
2019-12-24	39760.1567
2019-12-25	39761.0372
2019-12-26	39805.7233
2019-12-27	39838.9363
2019-12-28	39838.9363
2019-12-29	39838.9363
2019-12-30	39741.481
2019-12-31	39464.075
2020-01-01	39463.8813
2020-01-02	39668.8914
2020-01-03	39755.1994
2020-01-04	39755.1994
2020-01-05	39755.1994
2020-01-06	39752.3466
2020-01-07	40028.018
2020-01-08	40065.5631
2020-01-09	40296.7949
2020-01-10	40308.2328
2020-01-11	40308.2328
2020-01-12	40308.2328
2020-01-13	40366.6549
2020-01-14	40498.9698
2020-01-15	40510.3813
2020-01-16	40699.4365
2020-01-17	40847.0635
2020-01-18	40847.0635
2020-01-19	40847.0635
2020-01-20	40877.7406
2020-01-21	40793.2465
2020-01-22	40936.4181
2020-01-23	40775.2223
2020-01-24	40752.2233
2020-01-25	40752.2233
2020-01-26	40752.2233
2020-01-27	40623.8355
2020-01-28	40516.087
2020-01-29	40612.8643
2020-01-30	40554.5214
2020-01-31	40396.3371
2020-02-01	40396.3371
2020-02-02	40396.3371
2020-02-03	40263.441
2020-02-04	40521.0883
2020-02-05	40690.5785
2020-02-06	40967.2273
2020-02-07	40906.0667
2020-02-08	40906.0667
2020-02-09	40906.0667
2020-02-10	40939.5087
2020-02-11	40990.9219
2020-02-12	41095.9408
2020-02-13	41143.8496
2020-02-14	41215.5851
2020-02-15	41215.5851
2020-02-16	41215.5851
2020-02-17	41164.3744
2020-02-18	41085.4011
2020-02-19	41294.9458
2020-02-20	41329.9111
2020-02-21	41124.4431
2020-02-22	41124.4431
2020-02-23	41124.4431
2020-02-24	40425.2972
2020-02-25	39813.2958
2020-02-26	39558.9768
2020-02-27	38962.6046
2020-02-28	38480.4702
2020-02-29	38480.4702
2020-03-01	38480.4702
2020-03-02	38849.2824
2020-03-03	38496.1081
2020-03-04	38650.5503
2020-03-05	38604.6227
2020-03-06	37851.7654
2020-03-07	37851.7654
2020-03-08	37851.7654
2020-03-09	35939.6143
2020-03-10	36902.4654
2020-03-11	35856.4938
2020-03-12	34208.9284
2020-03-13	35567.7644
2020-03-14	35567.7644
2020-03-15	35567.7644
2020-03-16	33062.1203
2020-03-17	34363.8549
2020-03-18	33185.7533
2020-03-19	32836.7351
2020-03-20	32830.0431
2020-03-21	32830.0431
2020-03-22	32830.0431
2020-03-23	31833.935
2020-03-24	33010.0114
2020-03-25	33727.9827
2020-03-26	34288.8527
2020-03-27	33480.1884
2020-03-28	33480.1884
2020-03-29	33480.1884
2020-03-30	34415.6467
2020-03-31	33952.8837
2020-04-01	33903.8919
2020-04-02	33968.3455
2020-04-03	33718.3235
2020-04-04	33718.3235
2020-04-05	33718.3235
2020-04-06	34789.2665
2020-04-07	34543.9377
2020-04-08	34767.7556
2020-04-09	35177.318
2020-04-10	35180.9193
2020-04-11	35180.9193
2020-04-12	35180.9193
2020-04-13	34971.2952
2020-04-14	35400.722
2020-04-15	35281.562
2020-04-16	35284.1419
2020-04-17	35776.1733
2020-04-18	35776.1733
2020-04-19	35776.1733
2020-04-20	35335.7577
2020-04-21	34918.3059
2020-04-22	35103.1346
2020-04-23	34966.3203
2020-04-24	35148.6748
2020-04-25	35148.6748
2020-04-26	35148.6748
2020-04-27	35432.4029
2020-04-28	35371.3128
2020-04-29	35795.9408
2020-04-30	36033.8206
2020-05-01	35335.1325
2020-05-02	35335.1325
2020-05-03	35335.1325
2020-05-04	35576.5167
2020-05-05	35732.9224
2020-05-06	35734.0759
2020-05-07	35840.125
2020-05-08	36034.0407
2020-05-09	36034.0407
2020-05-10	36034.0407
2020-05-11	36279.9947
2020-05-12	35940.1955
2020-05-13	35842.3439
2020-05-14	35768.821
2020-05-15	36006.5774
2020-05-16	36006.5774
2020-05-17	36006.5774
2020-05-18	36408.4001
2020-05-19	36387.1709
2020-05-20	36616.853
2020-05-21	36561.8209
2020-05-22	36505.0542
2020-05-23	36505.0542
2020-05-24	36505.0542
2020-05-25	36793.3697
2020-05-26	37125.1387
2020-05-27	37265.5455
2020-05-28	37329.1802
2020-05-29	37182.4073
2020-05-30	37182.4073
2020-05-31	37182.4073
2020-06-01	37284.1948
2020-06-02	37289.1961
2020-06-03	37675.7594
2020-06-04	37614.1587
2020-06-05	37865.9945
2020-06-06	37865.9945
2020-06-07	37865.9945
2020-06-08	37985.8677
2020-06-09	38202.8705
2020-06-10	38112.8819
2020-06-11	37269.7631
2020-06-12	37222.7701
2020-06-13	37222.7701
2020-06-14	37222.7701
2020-06-15	36906.3661
2020-06-16	37744.7389
2020-06-17	37641.8332
2020-06-18	37684.9696
2020-06-19	37698.5912
2020-06-20	37698.5912
2020-06-21	37698.5912
2020-06-22	37802.2101
2020-06-23	37872.4663
2020-06-24	37692.7886
2020-06-25	37511.0681
2020-06-26	37507.1586
2020-06-27	37507.1586
2020-06-28	37507.1586
2020-06-29	37528.8985
2020-06-30	37826.7676
2020-07-01	37833.574
2020-07-02	38213.5335
2020-07-03	38224.7865
2020-07-04	38224.7865
2020-07-05	38224.7865
2020-07-06	38355.0497
2020-07-07	38226.3186
2020-07-08	38189.9621
2020-07-09	38314.3172
2020-07-10	38316.7122
2020-07-11	38316.7122
2020-07-12	38316.7122
2020-07-13	38333.3891
2020-07-14	38203.7862
2020-07-15	38530.6155
2020-07-16	38364.0398
2020-07-17	38502.5623
2020-07-18	38502.5623
2020-07-19	38502.5623
2020-07-20	38583.6577
2020-07-21	38839.5263
2020-07-22	38626.3714
2020-07-23	38600.7308
2020-07-24	38377.1242
2020-07-25	38377.1242
2020-07-26	38377.1242
2020-07-27	38521.8191
2020-07-28	38422.6116
2020-07-29	38508.585
2020-07-30	38610.9184
2020-07-31	38351.0962
2020-08-01	38351.0962
2020-08-02	38351.0962
2020-08-03	38611.7725
2020-08-04	38849.4937
2020-08-05	38767.2185
2020-08-06	38983.7809
2020-08-07	38848.71
2020-08-08	38848.71
2020-08-09	38848.71
2020-08-10	39080.7079
2020-08-11	39026.2922
2020-08-12	39161.5656
2020-08-13	39079.5016
2020-08-14	39185.7357
2020-08-15	39185.7357
2020-08-16	39185.7357
2020-08-17	39071.3745
2020-08-18	39234.208
2020-08-19	39310.5045
2020-08-20	39318.9399
2020-08-21	39447.9968
2020-08-22	39447.9968
2020-08-23	39447.9968
2020-08-24	39630.3513
2020-08-25	39775.7154
2020-08-26	39746.227
2020-08-27	39839.2093
2020-08-28	39631.769
2020-08-29	39631.769
2020-08-30	39631.769
2020-08-31	39569.1996
2020-09-01	39528.9513
2020-09-02	40052.1441
2020-09-03	39705.7145
2020-09-04	39255.7806
2020-09-05	39255.7806
2020-09-06	39255.7806
2020-09-07	39211.3146
2020-09-08	39051.6245
2020-09-09	38965.9241
2020-09-10	38927.5865
2020-09-11	38808.8316
2020-09-12	38808.8316
2020-09-13	38808.8316
2020-09-14	39129.7174
2020-09-15	39146.2974
2020-09-16	39254.09
2020-09-17	39053.8522
2020-09-18	38985.947
2020-09-19	38985.947
2020-09-20	38985.947
2020-09-21	38928.9601
2020-09-22	38936.2332
2020-09-23	39107.2026
2020-09-24	38989.5395
2020-09-25	39384.0627
2020-09-26	39384.0627
2020-09-27	39384.0627
2020-09-28	39515.2417
2020-09-29	39410.258
2020-09-30	39178.1456
2020-10-01	39447.1427
2020-10-02	39148.0937
2020-10-03	39148.0937
2020-10-04	39148.0937
2020-10-05	39710.2844
2020-10-06	39686.1671
2020-10-07	39993.1848
2020-10-08	40309.4215
2020-10-09	40362.4637
2020-10-10	40362.4637
2020-10-11	40362.4637
2020-10-12	40674.967
2020-10-13	40757.4007
2020-10-14	40614.1323
2020-10-15	40774.4299
2020-10-16	40700.3522
2020-10-17	40700.3522
2020-10-18	40700.3522
2020-10-19	40722.7437
2020-10-20	40747.4861
2020-10-21	40683.7281
2020-10-22	40623.0078
2020-10-23	40641.5955
2020-10-24	40641.5955
2020-10-25	40641.5955
2020-10-26	40458.5454
2020-10-27	40054.3453
2020-10-28	39915.6379
2020-10-29	39839.72
2020-10-30	39591.7496
2020-10-31	39591.7496
2020-11-01	39591.7496
2020-11-02	39680.5847
2020-11-03	39987.1621
2020-11-04	40228.9777
2020-11-05	40637.7124
2020-11-06	40808.6819
2020-11-07	40808.6819
2020-11-08	40808.6819
2020-11-09	41259.8221
2020-11-10	40988.2011
2020-11-11	41404.9221
2020-11-12	41183.7193
2020-11-13	41386.8099
2020-11-14	41386.8099
2020-11-15	41386.8099
2020-11-16	41610.3372
2020-11-17	41579.8803
2020-11-18	41571.3393
2020-11-19	41611.6668
2020-11-20	41519.3713
2020-11-21	41519.3713
2020-11-22	41519.3713
2020-11-23	41761.5744
2020-11-24	42067.3858
2020-11-25	42070.7405
2020-11-26	42028.5727
2020-11-27	41983.9923
2020-11-28	41983.9923
2020-11-29	41983.9923
2020-11-30	41798.8906
2020-12-01	42166.4788
2020-12-02	42085.6212
2020-12-03	42126.3098
2020-12-04	42279.2111
2020-12-05	42279.2111
2020-12-06	42279.2111
2020-12-07	42382.83
2020-12-08	42489.5835
2020-12-09	42454.3101
2020-12-10	42216.404
2020-12-11	42184.6086
2020-12-12	42184.6086
2020-12-13	42184.6086
2020-12-14	42213.4102
2020-12-15	42164.5417
2020-12-16	42399.3836
2020-12-17	42524.3902
2020-12-18	42399.5157
2020-12-19	42399.5157
2020-12-20	42399.5157
2020-12-21	42480.2765
2020-12-22	42379.2815
2020-12-23	42492.7798
2020-12-24	42528.9073
2020-12-25	42528.4846
2020-12-26	42528.4846
2020-12-27	42528.4846
2020-12-28	42688.0338
2020-12-29	42732.2708
2020-12-30	42668.7241
2020-12-31	42393.5282
2021-01-01	42392.7093
2021-01-02	42392.7093
2021-01-03	42392.7093
2021-01-04	42603.3195
2021-01-05	42615.048
2021-01-06	42421.238
2021-01-07	43021.5286
2021-01-08	43126.1425
2021-01-09	43126.1425
2021-01-10	43126.1425
2021-01-11	43056.4145
2021-01-12	43027.745
2021-01-13	43114.6606
2021-01-14	43074.7204
2021-01-15	43069.0323
2021-01-16	43069.0323
2021-01-17	43069.0323
2021-01-18	42989.2049
2021-01-19	43306.1196
2021-01-20	43476.2085
2021-01-21	43780.6199
2021-01-22	43642.9603
2021-01-23	43642.9603
2021-01-24	43642.9603
2021-01-25	43861.8033
2021-01-26	43725.5173
2021-01-27	43366.6285
2021-01-28	43061.7064
2021-01-29	42645.866
2021-01-30	42645.866
2021-01-31	42645.866
2021-02-01	43160.4297
2021-02-02	43649.5465
2021-02-03	43813.2782
2021-02-04	43832.9224
2021-02-05	44100.7837
2021-02-06	44100.7837
2021-02-07	44100.7837
2021-02-08	44263.1329
2021-02-09	44196.1257
2021-02-10	44385.1281
2021-02-11	44386.2023
2021-02-12	44383.9482
2021-02-13	44383.9482
2021-02-14	44383.9482
2021-02-15	44531.5488
2021-02-16	44639.0508
2021-02-17	44554.5831
2021-02-18	44458.7655
2021-02-19	44042.2295
2021-02-20	44042.2295
2021-02-21	44042.2295
2021-02-22	43897.6578
2021-02-23	43948.895
2021-02-24	43713.5423
2021-02-25	43638.0382
2021-02-26	43252.778
2021-02-27	43252.778
2021-02-28	43252.778
2021-03-01	43867.0159
2021-03-02	43582.4425
2021-03-03	43660.28
2021-03-04	43202.6944
2021-03-05	43333.4507
2021-03-06	43333.4507
2021-03-07	43333.4507
2021-03-08	43245.6635
2021-03-09	43484.3709
2021-03-10	43370.9959
2021-03-11	43698.1597
2021-03-12	43791.9961
2021-03-13	43791.9961
2021-03-14	43791.9961
2021-03-15	43951.0522
2021-03-16	44075.3368
2021-03-17	44025.4821
2021-03-18	43761.9882
2021-03-19	43616.4392
2021-03-20	43616.4392
2021-03-21	43616.4392
2021-03-22	43783.5432
2021-03-23	43645.1087
2021-03-24	43580.9897
2021-03-25	43633.2394
2021-03-26	43881.8262
2021-03-27	43881.8262
2021-03-28	43881.8262
2021-03-29	43826.2041
2021-03-30	43619.882
2021-03-31	43782.6539
2021-04-01	44117.1788
2021-04-02	44123.4305
2021-04-03	44123.4305
2021-04-04	44123.4305
2021-04-05	44231.813
2021-04-06	44414.2291
2021-04-07	44560.8347
2021-04-08	44762.631
2021-04-09	44837.598
2021-04-10	44837.598
2021-04-11	44837.598
2021-04-12	44755.9655
2021-04-13	44788.2275
2021-04-14	44745.0647
2021-04-15	44898.7321
2021-04-16	45028.2205
2021-04-17	45028.2205
2021-04-18	45028.2205
2021-04-19	44932.7375
2021-04-20	44694.8666
2021-04-21	44679.2463
2021-04-22	44786.3696
2021-04-23	44992.0313
2021-04-24	44992.0313
2021-04-25	44992.0313
2021-04-26	44959.2234
2021-04-27	45021.194
2021-04-28	45056.6259
2021-04-29	45195.9937
2021-04-30	44933.4243
2021-05-01	44933.4243
2021-05-02	44933.4243
2021-05-03	44871.577
2021-05-04	44859.6724
2021-05-05	44822.8581
2021-05-06	44838.1879
2021-05-07	44840.0986
2021-05-08	44840.0986
2021-05-09	44840.0986
2021-05-10	44857.9907
2021-05-11	44451.2107
2021-05-12	44248.9566
2021-05-13	44180.2589
2021-05-14	44378.2513
2021-05-15	44378.2513
2021-05-16	44378.2513
2021-05-17	44443.8936
2021-05-18	44553.0598
2021-05-19	44253.4296
2021-05-20	44625.0682
2021-05-21	44641.0848
2021-05-22	44641.0848
2021-05-23	44641.0848
2021-05-24	44843.6735
2021-05-25	45032.0771
2021-05-26	45007.3435
2021-05-27	45103.0994
2021-05-28	45441.1552
2021-05-29	45441.1552
2021-05-30	45441.1552
2021-05-31	45280.3909
2021-06-01	45297.2792
2021-06-02	45501.6113
2021-06-03	45583.3583
2021-06-04	45592.6741
2021-06-05	45592.6741
2021-06-06	45592.6741
2021-06-07	45546.5704
2021-06-08	45637.4923
2021-06-09	45571.9732
2021-06-10	45720.472
2021-06-11	45910.2844
2021-06-12	45910.2844
2021-06-13	45910.2844
2021-06-14	45921.5022
2021-06-15	46063.3178
2021-06-16	45910.4781
2021-06-17	45983.7017
2021-06-18	46009.9586
2021-06-19	46009.9586
2021-06-20	46009.9586
2021-06-21	45786.7659
2021-06-22	46230.6331
2021-06-23	45973.7783
2021-06-24	46075.2311
2021-06-25	46222.2066
2021-06-26	46222.2066
2021-06-27	46222.2066
2021-06-28	46311.4379
2021-06-29	46416.9059
2021-06-30	46570.4411
2021-07-01	46555.7013
2021-07-02	46747.0107
2021-07-03	46747.0107
2021-07-04	46747.0107
2021-07-05	46674.4563
2021-07-06	46585.9294
2021-07-07	46766.382
2021-07-08	46684.3709
2021-07-09	46585.8325
2021-07-10	46585.8325
2021-07-11	46585.8325
2021-07-12	46856.5554
2021-07-13	46859.5052
2021-07-14	46913.6832
2021-07-15	46846.5088
2021-07-16	46765.4838
2021-07-17	46765.4838
2021-07-18	46765.4838
2021-07-19	46495.6679
2021-07-20	46615.2417
2021-07-21	46870.4235
2021-07-22	47029.4796
2021-07-23	47129.0217
2021-07-24	47129.0217
2021-07-25	47129.0217
2021-07-26	47116.0077
2021-07-27	47047.1515
2021-07-28	46962.9744
2021-07-29	47190.5785
2021-07-30	47095.9584
2021-07-31	47095.9584
2021-08-01	47095.9584
2021-08-02	47330.8532
2021-08-03	47333.2394
2021-08-04	47376.4639
2021-08-05	47416.9587
2021-08-06	47601.1006
2021-08-07	47601.1006
2021-08-08	47601.1006
2021-08-09	47781.2186
2021-08-10	47832.3501
2021-08-11	47875.1607
2021-08-12	47983.869
2021-08-13	48009.0429
2021-08-14	48009.0429
2021-08-15	48009.0429
2021-08-16	47924.5928
2021-08-17	47812.4769
2021-08-18	47779.6865
2021-08-19	47706.5686
2021-08-20	47863.5379
2021-08-21	47863.5379
2021-08-22	47863.5379
2021-08-23	48001.6642
2021-08-24	48056.2649
2021-08-25	48249.5113
2021-08-26	48123.1839
2021-08-27	48183.7897
2021-08-28	48183.7897
2021-08-29	48183.7897
2021-08-30	48388.615
2021-08-31	48399.8151
2021-09-01	48350.2069
2021-09-02	48363.2649
2021-09-03	48493.4314
2021-09-04	48493.4314
2021-09-05	48493.4314
2021-09-06	48598.8994
2021-09-07	48663.8549
2021-09-08	48640.6005
2021-09-09	48225.4997
2021-09-10	48327.7714
2021-09-11	48327.7714
2021-09-12	48327.7714
2021-09-13	48327.9739
2021-09-14	48416.8178
2021-09-15	48369.5518
2021-09-16	48528.9161
2021-09-17	48281.7998
2021-09-18	48281.7998
2021-09-19	48281.7998
2021-09-20	47779.079
2021-09-21	47935.4847
2021-09-22	48015.453
2021-09-23	48296.2226
2021-09-24	48320.0493
2021-09-25	48320.0493
2021-09-26	48320.0493
2021-09-27	48275.5833
2021-09-28	47773.0563
2021-09-29	47570.8814
2021-09-30	47712.6178
2021-10-01	47342.3615
2021-10-02	47342.3615
2021-10-03	47342.3615
2021-10-04	47391.9521
2021-10-05	47324.5223
2021-10-06	47219.3185
2021-10-07	47410.9624
2021-10-08	47584.6262
2021-10-09	47584.6262
2021-10-10	47584.6262
2021-10-11	47378.9117
2021-10-12	47246.5704
2021-10-13	47319.9084
2021-10-14	47697.4465
2021-10-15	48009.2718
2021-10-16	48009.2718
2021-10-17	48009.2718
2021-10-18	48135.925
2021-10-19	48118.7814
2021-10-20	48216.7738
2021-10-21	48186.2464
2021-10-22	48238.0118
2021-10-23	48238.0118
2021-10-24	48238.0118
2021-10-25	48346.7113
2021-10-26	48327.5689
2021-10-27	48203.2931
2021-10-28	48164.6738
2021-10-29	48011.9486
2021-10-30	48011.9486
2021-10-31	48011.9486
2021-11-01	48266.0122
2021-11-02	48384.0979
2021-11-03	48625.3148
2021-11-04	48788.1307
2021-11-05	48885.0841
2021-11-06	48885.0841
2021-11-07	48885.0841
2021-11-08	48948.7805
2021-11-09	48931.1086
2021-11-10	48820.3223
2021-11-11	48847.8912
2021-11-12	49151.2019
2021-11-13	49151.2019
2021-11-14	49151.2019
2021-11-15	49167.0424
2021-11-16	49230.9677
2021-11-17	49208.6466
2021-11-18	49236.9288
2021-11-19	49243.6295
2021-11-20	49243.6295
2021-11-21	49243.6295
2021-11-22	48992.0754
2021-11-23	49055.0145
2021-11-24	48927.0934
2021-11-25	48999.8679
2021-11-26	48405.2126
2021-11-27	48405.2126
2021-11-28	48405.2126
2021-11-29	48532.174
2021-11-30	48323.2192
2021-12-01	48072.1053
2021-12-02	48166.7694
2021-12-03	48155.3667
2021-12-04	48155.3667
2021-12-05	48155.3667
2021-12-06	48132.0243
2021-12-07	48565.026
2021-12-08	48785.4803
2021-12-09	48704.1824
2021-12-10	48661.275
2021-12-11	48661.275
2021-12-12	48661.275
2021-12-13	48611.2882
2021-12-14	48444.0345
2021-12-15	48500.9598
2021-12-16	48217.1612
2021-12-17	48095.6326
2021-12-18	48095.6326
2021-12-19	48095.6326
2021-12-20	47854.6799
2021-12-21	48401.6818
2021-12-22	48483.9482
2021-12-23	48673.4613
2021-12-24	48775.8915
2021-12-25	48775.8915
2021-12-26	48775.8915
2021-12-27	48937.4747
2021-12-28	48966.426
2021-12-29	49097.7723
2021-12-30	49094.7345
2021-12-31	48914.6165
2022-01-01	48914.6165
2022-01-02	48914.6165
2022-01-03	49178.084
2022-01-04	49442.1942
2022-01-05	48854.3365
2022-01-06	48460.7731
2022-01-07	48677.2387
2022-01-08	48677.2387
2022-01-09	48677.2387
2022-01-10	48472.1317
2022-01-11	48515.7172
2022-01-12	48627.8507
2022-01-13	48418.4292
2022-01-14	48281.1218
2022-01-15	48281.1218
2022-01-16	48281.1218
2022-01-17	48379.6161
2022-01-18	48112.9348
2022-01-19	47560.7995
2022-01-20	47551.3164
2022-01-21	46993.8452
2022-01-22	46993.8452
2022-01-23	46993.8452
2022-01-24	46944.4836
2022-01-25	46187.1973
2022-01-26	46205.2655
2022-01-27	45931.8746
2022-01-28	46530.0608
2022-01-29	46530.0608
2022-01-30	46530.0608
2022-01-31	46721.9072
2022-02-01	46979.7482
2022-02-02	47358.607
2022-02-03	46906.4454
2022-02-04	47152.2849
2022-02-05	47152.2849
2022-02-06	47152.2849
2022-02-07	47065.2549
2022-02-08	47334.3577
2022-02-09	47650.8321
2022-02-10	47503.1258
2022-02-11	47127.8242
2022-02-12	47127.8242
2022-02-13	47127.8242
2022-02-14	47093.9861
2022-02-15	47074.9053
2022-02-16	47371.9204
2022-02-17	46935.9954
2022-02-18	46648.7629
2022-02-19	46648.7629
2022-02-20	46648.7629
2022-02-21	46531.5664
2022-02-22	46116.8795
2022-02-23	45926.6972
2022-02-24	45756.0447
2022-02-25	46009.3951
2022-02-26	46009.3951
2022-02-27	46009.3951
2022-02-28	46166.7782
2022-03-01	45955.3315
2022-03-02	46321.6606
2022-03-03	46122.6204
2022-03-04	45530.9941
2022-03-05	45530.9941
2022-03-06	45530.9941
2022-03-07	44914.1058
2022-03-08	44620.1814
2022-03-09	45186.625
2022-03-10	45209.1485
2022-03-11	44970.2474
2022-03-12	44970.2474
2022-03-13	44970.2474
2022-03-14	45146.4647
2022-03-15	45172.6336
2022-03-16	45726.6356
2022-03-17	46013.2605
2022-03-18	46335.4055
2022-03-19	46335.4055
2022-03-20	46335.4055
2022-03-21	46286.2288
2022-03-22	46558.2812
2022-03-23	46377.1859
2022-03-24	46504.79
2022-03-25	46536.5766
2022-03-26	46536.5766
2022-03-27	46536.5766
2022-03-28	46550.2686
2022-03-29	46865.4926
2022-03-30	46917.848
2022-03-31	46748.8509
2022-04-01	46748.4195
2022-04-02	46748.4195
2022-04-03	46748.4195
2022-04-04	46955.8158
2022-04-05	46674.4651
2022-04-06	46410.663
2022-04-07	46325.5613
2022-04-08	46430.8004
2022-04-09	46430.8004
2022-04-10	46430.8004
2022-04-11	46174.5796
2022-04-12	45902.8529
2022-04-13	46242.8546
2022-04-14	46224.0204
2022-04-15	46219.4329
2022-04-16	46219.4329
2022-04-17	46219.4329
2022-04-18	46265.2285
2022-04-19	46498.7673
2022-04-20	46369.2612
2022-04-21	46270.4852
2022-04-22	45736.0042
2022-04-23	45736.0042
2022-04-24	45736.0042
2022-04-25	45852.3554
2022-04-26	45159.4083
2022-04-27	45160.4121
2022-04-28	45678.4274
2022-04-29	45409.6769
2022-04-30	45409.6769
2022-05-01	45409.6769
2022-05-02	45289.7332
2022-05-03	45184.3973
2022-05-04	45305.6881
2022-05-05	45072.1405
2022-05-06	44537.6596
2022-05-07	44537.6596
2022-05-08	44537.6596
2022-05-09	43990.5521
2022-05-10	43698.7937
2022-05-11	43573.1179
2022-05-12	43318.5789
2022-05-13	43965.6335
2022-05-14	43965.6335
2022-05-15	43965.6335
2022-05-16	43940.7942
2022-05-17	44226.2393
2022-05-18	44017.7776
2022-05-19	43563.3794
2022-05-20	44004.2441
2022-05-21	44004.2441
2022-05-22	44004.2441
2022-05-23	44166.1266
2022-05-24	44009.6152
2022-05-25	44111.0064
2022-05-26	44188.5445
2022-05-27	44597.8692
2022-05-28	44597.8692
2022-05-29	44597.8692
2022-05-30	44847.3012
2022-05-31	44667.2889
2022-06-01	44576.6488
2022-06-02	44502.7472
2022-06-03	44523.5009
2022-06-04	44523.5009
2022-06-05	44523.5009
2022-06-06	44476.9569
2022-06-07	44289.1168
2022-06-08	44389.108
2022-06-09	43927.3047
2022-06-10	43458.5718
2022-06-11	43458.5718
2022-06-12	43458.5718
2022-06-13	43128.9249
2022-06-14	42513.2782
2022-06-15	42328.7576
2022-06-16	41938.1351
2022-06-17	41680.9809
2022-06-18	41680.9809
2022-06-19	41680.9809
2022-06-20	41552.1176
2022-06-21	42079.7306
2022-06-22	42015.8052
2022-06-23	42129.4972
2022-06-24	42683.1734
2022-06-25	42683.1734
2022-06-26	42683.1734
2022-06-27	43101.9812
2022-06-28	43081.0777
2022-06-29	42979.1582
2022-06-30	42912.7675
2022-07-01	43100.1321
2022-07-02	43100.1321
2022-07-03	43100.1321
2022-07-04	43273.3116
2022-07-05	43405.7938
2022-07-06	43262.0146
2022-07-07	43697.7723
2022-07-08	43758.7039
2022-07-09	43758.7039
2022-07-10	43758.7039
2022-07-11	43555.9919
2022-07-12	43358.5102
2022-07-13	43279.5809
2022-07-14	43461.6536
2022-07-15	43404.6227
2022-07-16	43404.6227
2022-07-17	43404.6227
2022-07-18	43604.7988
2022-07-19	43640.4948
2022-07-20	44043.7087
2022-07-21	44172.5192
2022-07-22	44060.9756
2022-07-23	44060.9756
2022-07-24	44060.9756
2022-07-25	44067.3329
2022-07-26	43964.4624
2022-07-27	44290.8691
2022-07-28	44575.1871
2022-07-29	44917.9097
2022-07-30	44917.9097
2022-07-31	44917.9097
2022-08-01	44904.4466
2022-08-02	44872.9242
2022-08-03	45098.8729
2022-08-04	45087.1357
2022-08-05	45344.3955
2022-08-06	45344.3955
2022-08-07	45344.3955
2022-08-08	45231.0733
2022-08-09	45239.2445
2022-08-10	45216.7122
2022-08-11	45398.2566
2022-08-12	45463.6348
2022-08-13	45463.6348
2022-08-14	45463.6348
2022-08-15	45722.7173
2022-08-16	45916.0694
2022-08-17	46052.8397
2022-08-18	45903.2491
2022-08-19	45838.4961
2022-08-20	45838.4961
2022-08-21	45838.4961
2022-08-22	45317.1084
2022-08-23	45006.8856
2022-08-24	45195.0075
2022-08-25	45380.9897
2022-08-26	45183.5872
2022-08-27	45183.5872
2022-08-28	45183.5872
2022-08-29	44725.1651
2022-08-30	44829.867
2022-08-31	44698.7849
2022-09-01	44538.8043
2022-09-02	44356.5114
2022-09-03	44356.5114
2022-09-04	44356.5114
2022-09-05	44492.9911
2022-09-06	44399.9296
2022-09-07	44353.685
2022-09-08	44913.1109
2022-09-09	45074.6148
2022-09-10	45074.6148
2022-09-11	45074.6148
2022-09-12	45365.8537
2022-09-13	45167.2008
2022-09-14	44697.1119
2022-09-15	44781.2539
2022-09-16	44299.2516
2022-09-17	44299.2516
2022-09-18	44299.2516
2022-09-19	44391.6263
2022-09-20	44462.7807
2022-09-21	43949.8019
2022-09-22	43820.7449
2022-09-23	43401.761
2022-09-24	43401.761
2022-09-25	43401.761
2022-09-26	42932.0771
2022-09-27	43137.3602
2022-09-28	43053.1743
2022-09-29	43164.5945
2022-09-30	42834.208
2022-10-01	42834.208
2022-10-02	42834.208
2022-10-03	43002.8
2022-10-04	44136.1715
2022-10-05	44326.2657
2022-10-06	44313.3398
2022-10-07	43848.9302
2022-10-08	43848.9302
2022-10-09	43848.9302
2022-10-10	43687.1797
2022-10-11	43390.7018
2022-10-12	43373.3116
2022-10-13	43623.0519
2022-10-14	43697.0503
2022-10-15	43697.0503
2022-10-16	43697.0503
2022-10-17	43626.794
2022-10-18	44166.699
2022-10-19	44082.0639
2022-10-20	43683.235
2022-10-21	43821.8456
2022-10-22	43821.8456
2022-10-23	43821.8456
2022-10-24	44201.6818
2022-10-25	44221.8544
2022-10-26	44174.8613
2022-10-27	44326.1953
2022-10-28	44479.0966
2022-10-29	44479.0966
2022-10-30	44479.0966
2022-10-31	44612.9348
2022-11-01	44950.1629
2022-11-02	44753.9931
2022-11-03	44372.3519
2022-11-04	44625.394
2022-11-05	44625.394
2022-11-06	44625.394
2022-11-07	44758.4309
2022-11-08	44758.1844
2022-11-09	44786.3961
2022-11-10	45080.2237
2022-11-11	45740.0546
2022-11-12	45740.0546
2022-11-13	45740.0546
2022-11-14	45539.8433
2022-11-15	45615.1536
2022-11-16	45559.4787
2022-11-17	45663.3178
2022-11-18	45691.7056
2022-11-19	45691.7056
2022-11-20	45691.7056
2022-11-21	45763.8901
2022-11-22	45913.2165
2022-11-23	45966.699
2022-11-24	45978.2425
2022-11-25	46036.9112
2022-11-26	46036.9112
2022-11-27	46036.9112
2022-11-28	45858.8095
2022-11-29	45963.8461
2022-11-30	46426.4947
2022-12-01	46532.7111
2022-12-02	46386.6074
2022-12-03	46386.6074
2022-12-04	46386.6074
2022-12-05	46420.4984
2022-12-06	46145.4874
2022-12-07	45931.7601
2022-12-08	45845.505
2022-12-09	45958.4749
2022-12-10	45958.4749
2022-12-11	45958.4749
2022-12-12	46002.8
2022-12-13	46010.8303
2022-12-14	46121.4669
2022-12-15	45784.4589
2022-12-16	45606.1988
2022-12-17	45606.1988
2022-12-18	45606.1988
2022-12-19	45426.7588
2022-12-20	45173.6374
2022-12-21	45503.795
2022-12-22	45366.0298
2022-12-23	45272.8626
2022-12-24	45272.8626
2022-12-25	45272.8626
2022-12-26	45274.5707
2022-12-27	45194.6201
2022-12-28	44964.8675
2022-12-29	45004.7196
2022-12-30	45093.4842
2022-12-31	45093.4842
2023-01-01	45093.4842
2023-01-02	45099.9208
2023-01-03	44979.2991
2023-01-04	45268.5216
2023-01-05	45336.8407
2023-01-06	45590.3584
2023-01-07	45590.3584
2023-01-08	45590.3584
2023-01-09	45623.677
2023-01-10	45691.503
2023-01-11	46016.9411
2023-01-12	46237.0168
2023-01-13	46383.7281
2023-01-14	46383.7281
2023-01-15	46383.7281
2023-01-16	46539.1301
2023-01-17	46458.88
2023-01-18	46343.6383
2023-01-19	46543.0924
2023-01-20	46791.4678
2023-01-21	46791.4678
2023-01-22	46791.4678
2023-01-23	46811.4291
2023-01-24	46859.8045
2023-01-25	46794.171
2023-01-26	46913.2253
2023-01-27	47010.7335
2023-01-28	47010.7335
2023-01-29	47010.7335
2023-01-30	46848.0761
2023-01-31	46960.0687
2023-02-01	47140.1867
2023-02-02	47344.2106
2023-02-03	47584.3973
2023-02-04	47584.3973
2023-02-05	47584.3973
2023-02-06	47485.903
2023-02-07	47460.5706
2023-02-08	47368.1342
2023-02-09	47127.6922
2023-02-10	47024.2318
2023-02-11	47024.2318
2023-02-12	47024.2318
2023-02-13	47047.3188
2023-02-14	47083.6136
2023-02-15	47080.752
2023-02-16	47196.4515
2023-02-17	46942.8458
2023-02-18	46942.8458
2023-02-19	46942.8458
2023-02-20	46916.0166
2023-02-21	46674.0953
2023-02-22	46664.7266
2023-02-23	46631.1526
2023-02-24	46646.7201
2023-02-25	46646.7201
2023-02-26	46646.7201
2023-02-27	46469.3933
2023-02-28	46566.1971
2023-03-01	46538.4344
2023-03-02	46722.4619
2023-03-03	46950.5063
2023-03-04	46950.5063
2023-03-05	46950.5063
2023-03-06	47152.0736
2023-03-07	47231.6545
2023-03-08	47075.0022
2023-03-09	46984.4325
2023-03-10	46322.9462
2023-03-11	46322.9462
2023-03-12	46322.9462
2023-03-13	46061.1253
2023-03-14	46088.6502
2023-03-15	46133.7149
2023-03-16	45962.6486
2023-03-17	45984.0451
2023-03-18	45984.0451
2023-03-19	45984.0451
2023-03-20	45695.8352
2023-03-21	46204.4378
2023-03-22	46051.3604
2023-03-23	45977.3708
2023-03-24	46103.2227
2023-03-25	46103.2227
2023-03-26	46103.2227
2023-03-27	46139.5967
2023-03-28	46220.516
2023-03-29	46448.0056
2023-03-30	46673.5582
2023-03-31	47004.7284
2023-04-01	47004.7284
2023-04-02	47004.7284
2023-04-03	46969.6927
2023-04-04	47005.829
2023-04-05	46997.0239
2023-04-06	47093.6603
2023-04-07	47104.4642
2023-04-08	47104.4642
2023-04-09	47104.4642
2023-04-10	47171.3128
2023-04-11	47389.4867
2023-04-12	47340.1338
2023-04-13	47359.5316
2023-04-14	47630.0343
2023-04-15	47630.0343
2023-04-16	47630.0343
2023-04-17	47685.1633
2023-04-18	47640.354
2023-04-19	47674.5796
2023-04-20	47462.6486
2023-04-21	47550.1365
2023-04-22	47550.1365
2023-04-23	47550.1365
2023-04-24	47503.5133
2023-04-25	47385.6124
2023-04-26	47373.3997
2023-04-27	47455.4196
2023-04-28	47636.7791
2023-04-29	47636.7791
2023-04-30	47636.7791
2023-05-01	47588.3596
2023-05-02	47303.3283
2023-05-03	47126.2922
2023-05-04	47185.9118
2023-05-05	47351.9856
2023-05-06	47351.9856
2023-05-07	47351.9856
2023-05-08	47416.9499
2023-05-09	47337.9061
2023-05-10	47396.3195
2023-05-11	47478.04
2023-05-12	47547.3364
2023-05-13	47547.3364
2023-05-14	47547.3364
2023-05-15	47620.8946
2023-05-16	47502.668
2023-05-17	47565.5631
2023-05-18	47865.7744
2023-05-19	47771.5858
2023-05-20	47771.5858
2023-05-21	47771.5858
2023-05-22	47814.2555
2023-05-23	47673.206
2023-05-24	47541.5691
2023-05-25	47507.9334
2023-05-26	47746.3503
2023-05-27	47746.3503
2023-05-28	47746.3503
2023-05-29	47777.6614
2023-05-30	47787.1709
2023-05-31	47469.9304
2023-06-01	47610.1347
2023-06-02	47841.1024
2023-06-03	47841.1024
2023-06-04	47841.1024
2023-06-05	47949.0006
2023-06-06	47721.8544
2023-06-07	47657.1806
2023-06-08	47626.6708
2023-06-09	47616.7738
2023-06-10	47616.7738
2023-06-11	47616.7738
2023-06-12	47745.1264
2023-06-13	47832.4646
2023-06-14	47909.6064
2023-06-15	47974.8613
2023-06-16	48107.1057
2023-06-17	48107.1057
2023-06-18	48107.1057
2023-06-19	48109.3599
2023-06-20	48296.0729
2023-06-21	48069.4021
2023-06-22	47895.0251
2023-06-23	47804.3409
2023-06-24	47804.3409
2023-06-25	47804.3409
2023-06-26	47689.8036
2023-06-27	47863.4587
2023-06-28	48195.2012
2023-06-29	48150.9642
2023-06-30	48364.709
2023-07-01	48364.709
2023-07-02	48364.709
2023-07-03	48507.7045
2023-07-04	48490.6401
2023-07-05	48418.7902
2023-07-06	48113.5159
2023-07-07	47685.3218
2023-07-08	47685.3218
2023-07-09	47685.3218
2023-07-10	47721.7751
2023-07-11	48127.6834
2023-07-12	48116.087
2023-07-13	48367.0071
2023-07-14	48558.1315
2023-07-15	48558.1315
2023-07-16	48558.1315
2023-07-17	48590.9747
2023-07-18	48586.7659
2023-07-19	48838.1175
2023-07-20	48631.223
2023-07-21	48690.1382
2023-07-22	48690.1382
2023-07-23	48690.1382
2023-07-24	48670.1946
2023-07-25	48765.0524
2023-07-26	48873.0739
2023-07-27	48981.2891
2023-07-28	49137.959
2023-07-29	49137.959
2023-07-30	49137.959
2023-07-31	49103.4956
2023-08-01	49386.8627
2023-08-02	48948.3402
2023-08-03	48875.8563
2023-08-04	48752.0912
2023-08-05	48752.0912
2023-08-06	48752.0912
2023-08-07	48845.2672
2023-08-08	48833.7325
2023-08-09	48837.8445
2023-08-10	48886.8275
2023-08-11	48796.8213
2023-08-12	48796.8213
2023-08-13	48796.8213
2023-08-14	48781.4035
2023-08-15	48658.2196
2023-08-16	48370.5468
2023-08-17	48217.2052
2023-08-18	48186.3873
2023-08-19	48186.3873
2023-08-20	48186.3873
2023-08-21	48249.8371
2023-08-22	48200.9245
2023-08-23	48415.2153
2023-08-24	48402.5623
2023-08-25	48348.2522
2023-08-26	48348.2522
2023-08-27	48348.2522
2023-08-28	48574.2538
2023-08-29	48870.7405
2023-08-30	49032.9576
2023-08-31	49056.212
2023-09-01	49123.2808
2023-09-02	49123.2808
2023-09-03	49123.2808
2023-09-04	49322.4971
2023-09-05	49363.2033
2023-09-06	49112.3096
2023-09-07	48891.3974
2023-09-08	48866.3467
2023-09-09	48866.3467
2023-09-10	48866.3467
2023-09-11	48922.5236
2023-09-12	48875.6978
2023-09-13	48769.6927
2023-09-14	48965.8713
2023-09-15	49034.7891
2023-09-16	49034.7891
2023-09-17	49034.7891
2023-09-18	48833.9702
2023-09-19	48684.4589
2023-09-20	48438.8747
2023-09-21	48105.4768
2023-09-22	48044.0345
2023-09-23	48044.0345
2023-09-24	48044.0345
2023-09-25	48130.774
2023-09-26	47771.5946
2023-09-27	47867.9493
2023-09-28	47879.5897
2023-09-29	47884.4589
2023-09-30	47884.4589
2023-10-01	47884.4589
2023-10-02	47975.5041
2023-10-03	47559.6548
2023-10-04	47510.8391
2023-10-05	47510.8127
2023-10-06	47723.0607
2023-10-07	47723.0607
2023-10-08	47723.0607
2023-10-09	47757.5592
2023-10-10	48000.5107
2023-10-11	48184.9256
2023-10-12	48317.0644
2023-10-13	48106.4982
2023-10-14	48106.4982
2023-10-15	48106.4982
2023-10-16	48099.278
2023-10-17	48123.0519
2023-10-18	47986.6514
2023-10-19	47646.544
2023-10-20	47291.5559
2023-10-21	47291.5559
2023-10-22	47291.5559
2023-10-23	47185.2338
2023-10-24	47256.4586
2023-10-25	47175.5569
2023-10-26	46849.705
2023-10-27	46887.8225
2023-10-28	46887.8225
2023-10-29	46887.8225
2023-10-30	46802.0604
2023-10-31	46938.9187
2023-11-01	47180.1004
2023-11-02	47521.96
2023-11-03	47723.3688
2023-11-04	47723.3688
2023-11-05	47723.3688
2023-11-06	47886.0879
2023-11-07	47989.4162
2023-11-08	48006.5334
2023-11-09	48054.7152
2023-11-10	48161.5656
2023-11-11	48161.5656
2023-11-12	48161.5656
2023-11-13	48064.4096
2023-11-14	48344.6861
2023-11-15	48620.0317
2023-11-16	48583.4639
2023-11-17	48609.2806
2023-11-18	48609.2806
2023-11-19	48609.2806
2023-11-20	48683.2174
2023-11-21	48683.3143
2023-11-22	48755.129
2023-11-23	48634.4545
2023-11-24	48630.9589
2023-11-25	48630.9589
2023-11-26	48630.9589
2023-11-27	48439.2357
2023-11-28	48487.347
2023-11-29	48575.1695
2023-11-30	48719.3009
2023-12-01	48748.0585
2023-12-02	48748.0585
2023-12-03	48748.0585
2023-12-04	48859.6636
2023-12-05	48821.0355
2023-12-06	49074.8965
2023-12-07	49072.5456
2023-12-08	49169.9657
2023-12-09	49169.9657
2023-12-10	49169.9657
2023-12-11	49228.2557
2023-12-12	49380.6815
2023-12-13	49484.635
2023-12-14	49732.0155
2023-12-15	49877.1154
2023-12-16	49877.1154
2023-12-17	49877.1154
2023-12-18	49912.5737
2023-12-19	50000.2818
2023-12-20	49980.2148
2023-12-21	49958.6863
2023-12-22	49959.8133
2023-12-23	49959.8133
2023-12-24	49959.8133
2023-12-25	49961.7945
2023-12-26	50014.8367
2023-12-27	50159.963
2023-12-28	50331.8394
2023-12-29	50331.0293
2023-12-30	50331.0293
2023-12-31	50331.0293
2024-01-01	50330.9853
2024-01-02	50331.2142
2024-01-03	50010.9096
2024-01-04	49958.2988
2024-01-05	49905.2214
2024-01-06	49905.2214
2024-01-07	49905.2214
2024-01-08	50016.0342
2024-01-09	50195.9056
2024-01-10	50163.714
2024-01-11	50340.3892
2024-01-12	50264.0046
2024-01-13	50264.0046
2024-01-14	50264.0046
2024-01-15	50332.3677
2024-01-16	50139.2973
2024-01-17	50119.3273
2024-01-18	50066.8839
2024-01-19	50369.4814
2024-01-20	50369.4814
2024-01-21	50369.4814
2024-01-22	50442.2295
2024-01-23	50617.1348
2024-01-24	50663.7668
2024-01-25	50782.8828
2024-01-26	50727.5513
2024-01-27	50727.5513
2024-01-28	50727.5513
2024-01-29	50931.3111
2024-01-30	51050.066
2024-01-31	50960.597
2024-02-01	50989.786
2024-02-02	51461.6888
2024-02-03	51461.6888
2024-02-04	51461.6888
2024-02-05	51240.8911
2024-02-06	51208.3297
2024-02-07	51390.7634
2024-02-08	51526.7588
2024-02-09	51581.5796
2024-02-10	51581.5796
2024-02-11	51581.5796
2024-02-12	51538.9275
2024-02-13	51507.8366
2024-02-14	51392.2603
2024-02-15	51598.8906
2024-02-16	51685.3659
2024-02-17	51685.3659
2024-02-18	51685.3659
2024-02-19	51722.8581
2024-02-20	51576.0764
2024-02-21	51529.8142
2024-02-22	51935.1149
2024-02-23	51912.9524
2024-02-24	51912.9524
2024-02-25	51912.9524
2024-02-26	52008.6643
2024-02-27	52094.5496
2024-02-28	52215.7084
2024-02-29	52361.231
2024-03-01	52611.3939
2024-03-02	52611.3939
2024-03-03	52611.3939
2024-03-04	52624.9009
2024-03-05	52500.3874
2024-03-06	52551.8711
2024-03-07	52780.5671
2024-03-08	52796.2226
2024-03-09	52796.2226
2024-03-10	52796.2226
2024-03-11	52487.1797
2024-03-12	52702.439
2024-03-13	52652.734
2024-03-14	52720.8242
2024-03-15	52479.6513
2024-03-16	52479.6513
2024-03-17	52479.6513
2024-03-18	52662.314
2024-03-19	52852.2849
2024-03-20	52951.422
2024-03-21	53239.0596
2024-03-22	53249.6698
2024-03-23	53249.6698
2024-03-24	53249.6698
2024-03-25	53250.3654
2024-03-26	53136.6294
2024-03-27	53377.0978
2024-03-28	53637.8445
2024-03-29	53658.7215
2024-03-30	53658.7215
2024-03-31	53658.7215
2024-04-01	53670.8902
2024-04-02	53530.3425
2024-04-03	53207.7221
2024-04-04	53058.9856
2024-04-05	53061.9266
2024-04-06	53061.9266
2024-04-07	53061.9266
2024-04-08	53103.7686
2024-04-09	53183.8426
2024-04-10	53296.0289
2024-04-11	53326.9525
2024-04-12	53158.0435
2024-04-13	53158.0435
2024-04-14	53158.0435
2024-04-15	52907.7661
2024-04-16	52563.1505
2024-04-17	52401.7082
2024-04-18	52454.046
2024-04-19	52010.0379
2024-04-20	52010.0379
2024-04-21	52010.0379
2024-04-22	52394.171
2024-04-23	52605.195
2024-04-24	52635.4143
2024-04-25	52505.1598
2024-04-26	52423.1839
2024-04-27	52423.1839
2024-04-28	52423.1839
2024-04-29	52598.8641
2024-04-30	52549.6434
2024-05-01	52285.4891
2024-05-02	52397.4641
2024-05-03	52571.6739
2024-05-04	52571.6739
2024-05-05	52571.6739
2024-05-06	52798.1597
2024-05-07	53130.4482
2024-05-08	53179.5897
2024-05-09	53029.6469
2024-05-10	53212.5561
2024-05-11	53212.5561
2024-05-12	53212.5561
2024-05-13	53165.3077
2024-05-14	53170.7141
2024-05-15	53378.2425
2024-05-16	53634.1904
2024-05-17	53447.4685
2024-05-18	53447.4685
2024-05-19	53447.4685
2024-05-20	53706.2693
2024-05-21	53676.8777
2024-05-22	53668.7858
2024-05-23	53526.6179
2024-05-24	53401.6642
2024-05-25	53401.6642
2024-05-26	53401.6642
2024-05-27	53512.9171
2024-05-28	53437.0696
2024-05-29	53129.8935
2024-05-30	52886.5105
2024-05-31	53141.3666
2024-06-01	53141.3666
2024-06-02	53141.3666
2024-06-03	53299.0314
2024-06-04	53296.9358
2024-06-05	53571.2336
2024-06-06	53658.4926
2024-06-07	53805.6177
2024-06-08	53805.6177
2024-06-09	53805.6177
2024-06-10	53813.4102
2024-06-11	53583.552
2024-06-12	53600.3522
2024-06-13	53724.7601
2024-06-14	53644.8974
2024-06-15	53644.8974
2024-06-16	53644.8974
2024-06-17	53748.9654
2024-06-18	53885.0841
2024-06-19	53803.4516
2024-06-20	53779.4048
2024-06-21	54032.5966
2024-06-22	54032.5966
2024-06-23	54032.5966
2024-06-24	53832.6847
2024-06-25	54255.7982
2024-06-26	54053.6409
2024-06-27	54141.0848
2024-06-28	54062.314
2024-06-29	54062.314
2024-06-30	54062.314
2024-07-01	54209.4039
2024-07-02	54169.3581
2024-07-03	54246.8962
2024-07-04	54474.7909
2024-07-05	54421.4493
2024-07-06	54421.4493
2024-07-07	54421.4493
2024-07-08	54335.2382
2024-07-09	54508.7171
2024-07-10	54601.6994
2024-07-11	54619.16
2024-07-12	54833.9702
2024-07-13	54833.9702
2024-07-14	54833.9702
2024-07-15	55001.6994
2024-07-16	55116.2015
2024-07-17	54985.9734
2024-07-18	54666.3115
2024-07-19	54466.4524
2024-07-20	54466.4524
2024-07-21	54466.4524
2024-07-22	54726.1249
2024-07-23	54806.3221
2024-07-24	54401.629
2024-07-25	54187.2325
2024-07-26	54440.4596
2024-07-27	54440.4596
2024-07-28	54440.4596
2024-07-29	54635.5816
2024-07-30	54438.6722
2024-07-31	55204.0328
2024-08-01	54831.3111
2024-08-02	54192.4364
2024-08-03	54192.4364
2024-08-04	54192.4364
2024-08-05	53002.122
2024-08-06	53196.6188
2024-08-07	53072.7481
2024-08-08	53145.0559
2024-08-09	53522.4707
2024-08-10	53522.4707
2024-08-11	53522.4707
2024-08-12	53563.0008
2024-08-13	54016.3335
2024-08-14	54112.0807
2024-08-15	54407.4932
2024-08-16	54768.2046
2024-08-17	54768.2046
2024-08-18	54768.2046
2024-08-19	54765.2549
2024-08-20	54788.8615
2024-08-21	54905.2479
2024-08-22	54850.3126
2024-08-23	54936.2332
2024-08-24	54936.2332
2024-08-25	54936.2332
2024-08-26	54981.0954
2024-08-27	55043.0395
2024-08-28	54936.5678
2024-08-29	54827.1903
2024-08-30	55111.253
2024-08-31	55111.253
2024-09-01	55111.253
2024-09-02	55087.7697
2024-09-03	54881.7998
2024-09-04	54420.0141
2024-09-05	54478.762
2024-09-06	54161.002
2024-09-07	54161.002
2024-09-08	54161.002
2024-09-09	54451.0522
2024-09-10	54532.262
2024-09-11	54769.5166
2024-09-12	55038.9804
2024-09-13	55150.1453
2024-09-14	55150.1453
2024-09-15	55150.1453
2024-09-16	55140.7854
2024-09-17	55149.0534
2024-09-18	55075.2752
2024-09-19	55506.6831
2024-09-20	55481.2891
2024-09-21	55481.2891
2024-09-22	55481.2891
2024-09-23	55327.7098
2024-09-24	55430.6155
2024-09-25	55518.077
2024-09-26	55831.0205
2024-09-27	55827.9299
2024-09-28	55827.9299
2024-09-29	55827.9299
2024-09-30	55820.8418
2024-10-01	55736.647
2024-10-02	55760.0423
2024-10-03	55803.3548
2024-10-04	55918.4468
2024-10-05	55918.4468
2024-10-06	55918.4468
2024-10-07	56053.5177
2024-10-08	56045.1087
2024-10-09	56277.6437
2024-10-10	56292.859
2024-10-11	56364.0926
2024-10-12	56364.0926
2024-10-13	56364.0926
2024-10-14	56620.4191
2024-10-15	56568.909
2024-10-16	56633.6533
2024-10-17	56671.6122
2024-10-18	56533.301
2024-10-19	56533.301
2024-10-20	56533.301
2024-10-21	56651.7126
2024-10-22	56335.0181
2024-10-23	56191.7144
2024-10-24	56181.1042
2024-10-25	56144.7918
2024-10-26	56144.7918
2024-10-27	56144.7918
2024-10-28	56336.8847
2024-10-29	56546.2094
2024-10-30	56286.4313
2024-10-31	55997.3056
2024-11-01	55919.8644
2024-11-02	55919.8644
2024-11-03	55919.8644
2024-11-04	55926.1072
2024-11-05	56011.6404
2024-11-06	56563.6083
2024-11-07	56706.1812
2024-11-08	56976.8777
2024-11-09	56976.8777
2024-11-10	56976.8777
2024-11-11	57008.3297
2024-11-12	56987.7785
2024-11-13	56954.7504
2024-11-14	56964.6914
2024-11-15	56821.8808
2024-11-16	56821.8808
2024-11-17	56821.8808
2024-11-18	56809.2718
2024-11-19	56954.9969
2024-11-20	56881.9407
2024-11-21	56950.7088
2024-11-22	57177.9695
2024-11-23	57177.9695
2024-11-24	57177.9695
2024-11-25	57309.2982
2024-11-26	57377.4941
2024-11-27	57411.0769
2024-11-28	57457.7265
2024-11-29	57578.3658
2024-11-30	57578.3658
2024-12-01	57578.3658
2024-12-02	57889.4074
2024-12-03	58063.309
2024-12-04	58132.7903
2024-12-05	58235.6432
2024-12-06	58241.3666
2024-12-07	58241.3666
2024-12-08	58241.3666
2024-12-09	57977.7406
2024-12-10	58052.5667
2024-12-11	58175.6362
2024-12-12	58041.5867
2024-12-13	57915.7788
2024-12-14	57915.7788
2024-12-15	57915.7788
2024-12-16	57848.3843
2024-12-17	57929.7878
2024-12-18	57615.9813
2024-12-19	57106.5246
2024-12-20	57102.6151
2024-12-21	57102.6151
2024-12-22	57102.6151
2024-12-23	57676.2261
2024-12-24	57873.0387
2024-12-25	57880.1796
2024-12-26	57931.5488
2024-12-27	57907.7045
2024-12-28	57907.7045
2024-12-29	57907.7045
2024-12-30	57655.4284
2024-12-31	57527.6746
2025-01-01	57528.8985
2025-01-02	57543.7616
2025-01-03	57861.231
2025-01-04	57861.231
2025-01-05	57861.231
2025-01-06	57942.7137
2025-01-07	57775.6714
2025-01-08	57957.9907
2025-01-09	57954.1164
2025-01-10	57708.6995
2025-01-11	57708.6995
2025-01-12	57708.6995
2025-01-13	57446.2094
2025-01-14	57436.1275
2025-01-15	57643.5414
2025-01-16	57927.1551
2025-01-17	58159.4699
2025-01-18	58159.4699
2025-01-19	58159.4699
2025-01-20	58190.0062
2025-01-21	58442.5288
2025-01-22	58692.6653
2025-01-23	58624.7689
2025-01-24	58515.9197
2025-01-25	58515.9197
2025-01-26	58515.9197
2025-01-27	58261.7769
2025-01-28	58561.0989
2025-01-29	58723.0519
2025-01-30	58919.4153
2025-01-31	58919.6443
2025-02-01	58919.6443
2025-02-02	58919.6443
2025-02-03	58430.9501
2025-02-04	58601.3912
2025-02-05	58686.2816
2025-02-06	58987.5671
2025-02-07	58809.1485
2025-02-08	58809.1485
2025-02-09	58809.1485
2025-02-10	58849.4585
2025-02-11	58833.1514
2025-02-12	58921.0003
2025-02-13	59138.4785
2025-02-14	59003.7774
2025-02-15	59003.7774
2025-02-16	59003.7774
2025-02-17	59034.0671
2025-02-18	59092.9295
2025-02-19	58988.2804
2025-02-20	58641.2961
2025-02-21	58390.0678
2025-02-22	58390.0678
2025-02-23	58390.0678
2025-02-24	58263.2297
2025-02-25	58012.0895
2025-02-26	58108.3561
2025-02-27	57955.9127
2025-02-28	58009.3863
2025-03-01	58009.3863
2025-03-02	58009.3863
2025-03-03	57837.686
2025-03-04	57599.1635
2025-03-05	57527.2343
2025-03-06	57091.9609
2025-03-07	56909.2894
2025-03-08	56909.2894
2025-03-09	56909.2894
2025-03-10	56386.4665
2025-03-11	56108.541
2025-03-12	56059.8221
2025-03-13	55715.1536
2025-03-14	56198.7056
2025-03-15	56198.7056
2025-03-16	56198.7056
2025-03-17	56374.8701
2025-03-18	56369.1732
2025-03-19	56539.6319
2025-03-20	56783.869
2025-03-21	56883.4639
2025-03-22	56883.4639
2025-03-23	56883.4639
2025-03-24	57075.9355
2025-03-25	57101.4793
2025-03-26	56935.4407
2025-03-27	56751.8447
2025-03-28	56479.0085
2025-03-29	56479.0085
2025-03-30	56479.0085
2025-03-31	56213.1549
2025-04-01	56426.9173
2025-04-02	56363.1153
2025-04-03	55246.5176
2025-04-04	54465.9769
2025-04-05	54465.9769
2025-04-06	54465.9769
2025-04-07	53324.5575
2025-04-08	53588.9407
2025-04-09	54467.0952
2025-04-10	54401.0126
2025-04-11	54530.0608
2025-04-12	54530.0608
2025-04-13	54530.0608
2025-04-14	54722.3298
2025-04-15	54733.9702
2025-04-16	54333.2834
2025-04-17	54604.2969
2025-04-18	54629.9727
2025-04-19	54629.9727
2025-04-20	54629.9727
2025-04-21	54227.9211
2025-04-22	54635.564
2025-04-23	55152.3642
2025-04-24	55652.2409
2025-04-25	55837.0608
2025-04-26	55837.0608
2025-04-27	55837.0608
2025-04-28	55904.6491
2025-04-29	56278.9205
2025-04-30	56415.3914
2025-05-01	56585.1105
2025-05-02	56900.9862
2025-05-03	56900.9862
2025-05-04	56900.9862
2025-05-05	56585.9822
2025-05-06	56497.5874
2025-05-07	56644.7301
2025-05-08	56933.3979
2025-05-09	57019.4418
2025-05-10	57019.4418
2025-05-11	57019.4418
2025-05-12	57695.483
2025-05-13	57787.6024
2025-05-14	57915.7172
2025-05-15	58067.9933
2025-05-16	58282.0463
2025-05-17	58282.0463
2025-05-18	58282.0463
2025-05-19	58060.7027
2025-05-20	58302.2453
2025-05-21	58037.8885
2025-05-22	57968.4688
2025-05-23	57741.5691
2025-05-24	57741.5691
2025-05-25	57741.5691
2025-05-26	57770.1858
2025-05-27	58296.1522
2025-05-28	58241.4546
2025-05-29	58314.9423
2025-05-30	58354.9001
2025-05-31	58354.9001
2025-06-01	58354.9001
2025-06-02	58236.0218
2025-06-03	58487.3382
2025-06-04	58639.6143
2025-06-05	58561.319
2025-06-06	58765.0788
2025-06-07	58765.0788
2025-06-08	58765.0788
2025-06-09	58728.6255
2025-06-10	58959.9278
2025-06-11	58938.32
2025-06-12	58950.656
2025-06-13	58684.0011
2025-06-14	58684.0011
2025-06-15	58684.0011
2025-06-16	58753.0774
2025-06-17	58656.1152
2025-06-18	58617.804
2025-06-19	58636.4797
2025-06-20	58588.6061
2025-06-21	58588.6061
2025-06-22	58588.6061
2025-06-23	58912.9524
2025-06-24	59249.9692
2025-06-25	59494.1358
2025-06-26	59559.4347
2025-06-27	59745.188
2025-06-28	59745.188
2025-06-29	59745.188
2025-06-30	59832.1828
2025-07-01	59768.7153
2025-07-02	60026.5211
2025-07-03	60121.4053
2025-07-04	60140.4244
2025-07-05	60140.4244
2025-07-06	60140.4244
2025-07-07	60072.9418
2025-07-08	60091.4414
2025-07-09	60078.6563
2025-07-10	60189.3986
2025-07-11	59995.8616
2025-07-12	59995.8616
2025-07-13	59995.8616
2025-07-14	60011.3146
2025-07-15	60208.1712
2025-07-16	60095.5886
2025-07-17	60499.9912
2025-07-18	60572.8361
2025-07-19	60572.8361
2025-07-20	60572.8361
2025-07-21	60473.0298
2025-07-22	60386.2816
2025-07-23	60680.4702
2025-07-24	60646.315
2025-07-25	60659.5052
2025-07-26	60659.5052
2025-07-27	60659.5052
2025-07-28	60800.9245
2025-07-29	60779.1494
2025-07-30	60999.6918
2025-07-31	60886.0703
2025-08-01	60339.7552
2025-08-02	60339.7552
2025-08-03	60339.7552
2025-08-04	60673.2764
2025-08-05	60836.1803
2025-08-06	61053.456
2025-08-07	61154.0812
2025-08-08	61175.9179
2025-08-09	61175.9179
2025-08-10	61175.9179
2025-08-11	61170.7581
2025-08-12	61449.0711
2025-08-13	61429.3299
2025-08-14	61684.8023
2025-08-15	61807.7309
2025-08-16	61807.7309
2025-08-17	61807.7309
2025-08-18	61937.7829
2025-08-19	61789.064
2025-08-20	61870.1946
2025-08-21	61997.5522
2025-08-22	62034.4985
2025-08-23	62034.4985
2025-08-24	62034.4985
2025-08-25	61998.0276
2025-08-26	61963.4763
2025-08-27	62068.0461
2025-08-28	62097.1383
2025-08-29	61929.3035
2025-08-30	61929.3035
2025-08-31	61929.3035
2025-09-01	61848.4723
2025-09-02	61717.6103
2025-09-03	61430.3425
2025-09-04	61897.6138
2025-09-05	61869.3053
2025-09-06	61869.3053
2025-09-07	61869.3053
2025-09-08	61889.064
2025-09-09	61885.2338
2025-09-10	61930.2809
2025-09-11	61959.558
2025-09-12	62130.2545
2025-09-13	62130.2545
2025-09-14	62130.2545
2025-09-15	62184.6791
2025-09-16	62172.0173
2025-09-17	62039.1829
2025-09-18	62223.3424
2025-09-19	62456.6435
2025-09-20	62456.6435
2025-09-21	62456.6435
2025-09-22	62654.6007
2025-09-23	62554.9001
2025-09-24	62343.427
2025-09-25	62424.7953
2025-09-26	62542.3703
2025-09-27	62542.3703
2025-09-28	62542.3703
2025-09-29	62650.3126
2025-09-30	62704.2441
2025-10-01	62826.5387
2025-10-02	63165.4926
2025-10-03	63258.7391
2025-10-04	63258.7391
2025-10-05	63258.7391
2025-10-06	63359.197
2025-10-07	63278.6475
2025-10-08	63377.6702
2025-10-09	63488.0426
2025-10-10	62878.7884
2025-10-11	62878.7884
2025-10-12	62878.7884
2025-10-13	63109.7033
2025-10-14	63048.0585
2025-10-15	63390.4464
2025-10-16	63616.1662
2025-10-17	63522.867
2025-10-18	63522.867
2025-10-19	63522.867
2025-10-20	63837.4483
2025-10-21	63973.9368
2025-10-22	63728.6343
2025-10-23	63792.3659
2025-10-24	63985.9206
2025-10-25	63985.9206
2025-10-26	63985.9206
2025-10-27	64246.7905
2025-10-28	64117.0027
2025-10-29	63878.0576
2025-10-30	63687.0652
2025-10-31	63721.2556
2025-11-01	63721.2556
2025-11-02	63721.2556
2025-11-03	63804.2265
2025-11-04	63427.2167
2025-11-05	63388.4829
2025-11-06	63375.5833
2025-11-07	63198.5736
2025-11-08	63198.5736
2025-11-09	63198.5736
2025-11-10	63579.5897
2025-11-11	63653.9755
2025-11-12	63692.0137
2025-11-13	63211.702
2025-11-14	62883.8073
2025-11-15	62883.8073
2025-11-16	62883.8073
2025-11-17	62766.6373
2025-11-18	62154.4598
2025-11-19	62285.8501
2025-11-20	62197.1824
2025-11-21	62029.6909
2025-11-22	62029.6909
2025-11-23	62029.6909
2025-11-24	62570.0889
2025-11-25	62869.9569
2025-11-26	63130.5098
2025-11-27	63066.6901
2025-11-28	63148.8069
2025-11-29	63148.8069
2025-11-30	63148.8069
2025-12-01	62948.8509
2025-12-02	63001.356
2025-12-03	62984.0451
2025-12-04	63030.0079
2025-12-05	63034.7803
2025-12-06	63034.7803
2025-12-07	63034.7803
2025-12-08	63067.3681
2025-12-09	62866.1178
2025-12-10	62983.8602
2025-12-11	62987.0036
2025-12-12	63099.4629
2025-12-13	63099.4629
2025-12-14	63099.4629
2025-12-15	62918.6141
2025-12-16	62769.0499
2025-12-17	62565.3254
2025-12-18	62733.1866
2025-12-19	63028.7048
2025-12-20	63028.7048
2025-12-21	63028.7048
2025-12-22	63319.8556
2025-12-23	63572.0789
2025-12-24	63555.2787
2025-12-25	63560.685
2025-12-26	63559.3379
2025-12-27	63559.3379
2025-12-28	63559.3379
2025-12-29	63483.7809
2025-12-30	63467.4914
2025-12-31	63449.7667
2026-01-01	63451.5453
2026-01-02	63556.8988
2026-01-03	63556.8988
2026-01-04	63556.8988
2026-01-05	63714.3348
2026-01-06	63752.4522
2026-01-07	63800.3434
2026-01-08	63832.9136
2026-01-09	64069.3933
2026-01-10	64069.3933
2026-01-11	64069.3933
2026-01-12	64084.8199
2026-01-13	64262.3404
2026-01-14	64261.6536
2026-01-15	64353.2359
2026-01-16	64555.446
2026-01-17	64555.446
2026-01-18	64555.446
2026-01-19	64334.613
2026-01-20	63684.8728
2026-01-21	63652.2145
2026-01-22	63843.1276
2026-01-23	63800.044
2026-01-24	63800.044
2026-01-25	63800.044
2026-01-26	63786.4401
2026-01-27	64057.2598
2026-01-28	63957.119
2026-01-29	63893.3873
2026-01-30	63586.942
2026-01-31	63586.942
2026-02-01	63586.942
2026-02-02	63561.3983
2026-02-03	63513.9385
2026-02-04	63580.0387
2026-02-05	63310.9712
2026-02-06	63209.5448
2026-02-07	63209.5448
2026-02-08	63209.5448
2026-02-09	63587.0212
2026-02-10	63608.8492
2026-02-11	63846.2358
2026-02-12	63655.6397
2026-02-13	63479.6513
2026-02-14	63479.6513
2026-02-15	63479.6513
2026-02-16	63505.0718
2026-02-17	63672.4751
2026-02-18	63913.8153
2026-02-19	64038.1439
2026-02-20	64107.7926
2026-02-21	64107.7926
2026-02-22	64107.7926
2026-02-23	63911.1209
2026-02-24	64071.2424
2026-02-25	64388.8087
2026-02-26	64437.7564
2026-02-27	64370.6437
2026-02-28	64370.6437
2026-03-01	64370.6437
2026-03-02	64441.7364
2026-03-03	63809.4303
2026-03-04	63212.5825
2026-03-05	63472.1141
2026-03-06	63006.0403
2026-03-07	63006.0403
2026-03-08	63006.0403
2026-03-09	62332.6495
2026-03-10	62501.2944
2026-03-11	62568.1958
2026-03-12	62124.5311
2026-03-13	61985.6564
2026-03-14	61985.6564
2026-03-15	61985.6564
2026-03-16	62020.833
2026-03-17	62066.0562
2026-03-18	62035.4935
2026-03-19	61591.3622
2026-03-20	61036.33
2026-03-21	61036.33
2026-03-22	61036.33
2026-03-23	61033.8206
2026-03-24	61155.1906
2026-03-25	61788.43
2026-03-26	61478.5331
2026-03-27	61138.6282
2026-03-28	61138.6282
2026-03-29	61138.6282
2026-03-30	61010.2668
2026-03-31	61519.3625
2026-04-01	62261.5391
2026-04-02	62017.5486
2026-04-03	62051.9591
2026-04-04	62051.9591
2026-04-05	62051.9591
2026-04-06	62118.7726
2026-04-07	62441.5779
2026-04-08	63549.8459
2026-04-09	63703.8038
2026-04-10	63697.4905
2026-04-11	63697.4905
2026-04-12	63697.4905
2026-04-13	63796.3018
2026-04-14	64064.8675
2026-04-15	64259.3467
2026-04-16	64273.4965
2026-04-17	64422.8758
2026-04-18	64422.8758
2026-04-19	64422.8758
2026-04-20	64525.8959
2026-04-21	64277.8551
2026-04-22	64216.6681
2026-04-23	63981.5092
2026-04-24	64160.1391
2026-04-25	64160.1391
2026-04-26	64160.1391
2026-04-27	64090.7458
2026-04-28	63896.4427
2026-04-29	63871.9204
2026-04-30	63855.2082
2026-05-01	64052.8749
2026-05-02	64052.8749
2026-05-03	64052.8749
2026-05-04	64009.0605
2026-05-05	64172.977
2026-05-06	64762.5429
2026-05-07	64937.2017
2026-05-08	64798.371
2026-05-09	64798.371
2026-05-10	64798.371
2026-05-11	64764.5153
2026-05-12	64635.696
2026-05-13	64681.7646
2026-05-14	64997.1471
2026-05-15	64758.2548
2026-05-16	64758.2548
2026-05-17	64758.2548
2026-05-18	64428.5551
2026-05-19	64664.0134
2026-05-20	64519.9613
2026-05-21	64981.3947
2026-05-22	65280.3293
2026-05-23	65280.3293
2026-05-24	65280.3293
2026-05-25	65363.397
2026-05-26	65402.395
2026-05-27	65669.8072
2026-05-28	65440.5917
2026-05-29	65794.5672
2026-05-30	65794.5672
2026-05-31	65794.5672
2026-06-01	65983.5784
2026-06-02	65983.5432
2026-06-03	66045.3201
2026-06-04	65932.3149
2026-06-05	65312.9788
2026-06-06	65312.9788
2026-06-07	65312.9788
2026-06-08	65247.6622
2026-06-09	65274.694
2026-06-10	64987.8577
2026-06-11	65402.4566
2026-06-12	65896.1522
2026-06-13	65896.1522
2026-06-14	65896.1522
2026-06-15	66547.4773
2026-06-16	66587.8137
2026-06-17	66581.8174
2026-06-18	66740.3276
2026-06-19	66612.8203
2026-06-20	66612.8203
2026-06-21	66612.8203
2026-06-22	66575.5745
2026-06-23	66282.8828
2026-06-24	66411.8341
2026-06-25	66652.9277
2026-06-26	66548.0321
2026-06-27	66548.0321
2026-06-28	66548.0321
2026-06-29	66975.9972
2026-06-30	67009.6592
2026-07-01	66940.2395
2026-07-02	66849.2736
2026-07-03	67203.3724
2026-07-04	67203.3724
2026-07-05	67203.3724
2026-07-06	67266.0914
2026-07-07	66942.9075
2026-07-08	66799.0843
2026-07-09	66894.6993
2026-07-10	67086.7659
2026-07-11	67086.7659
2026-07-12	67086.7659
2026-07-13	66883.3231
2026-07-14	66860.4737
2026-07-15	67022.0217
2026-07-16	66843.788
2026-07-17	66404.746
2026-07-18	66404.746
2026-07-19	66404.746
2026-07-20	66203.6013
2026-07-21	66524.7777
2026-07-22	66594.9458
2026-07-23	66470.7669
2026-07-24	66198.5472
2026-07-25	66198.5472
2026-07-26	66198.5472
2026-07-27	66504.3057
2026-07-28	66534.1816
2026-07-29	66514.7222
2026-07-30	66464.753
2026-07-31	66845.1704
2026-08-01	66845.1704
2026-08-02	66845.1704
2026-08-03	67356.8988
2026-08-04	67835.881
2026-08-05	68116.6593
2026-08-06	68240.4596
2026-08-07	68279.1582
2026-08-08	68279.1582
2026-08-09	68279.1582
2026-08-10	68269.8072
2026-08-11	68244.105
2026-08-12	68286.6162
2026-08-13	68453.8963
2026-08-14	68222.4267
2026-08-15	68222.4267
2026-08-16	68222.4267
2026-08-17	67982.0287
2026-08-18	67816.3864
2026-08-19	67665.7128
2026-08-20	67625.8695
2026-08-21	67550.7
2026-08-22	67550.7
2026-08-23	67550.7
2026-08-24	67636.8143
2026-08-25	67883.6841
2026-08-26	67829.5589
2026-08-27	67720.1462
2026-08-28	67779.5192
2026-08-29	67779.5192
2026-08-30	67779.5192
2026-08-31	67687.8313
2026-09-01	67499.1547
2026-09-02	67258.5806
2026-09-03	67624.5575
2026-09-04	67573.3028
2026-09-05	67573.3028
2026-09-06	67573.3028
2026-09-07	67623.1839
2026-09-08	67274.4299
2026-09-09	67089.7772
2026-09-10	66846.8698
2026-09-11	66769.1556
2026-09-12	66769.1556
2026-09-13	66769.1556
2026-09-14	66708.6995
2026-09-15	66357.5592
2026-09-16	66386.2023
