date	value
2004-01-01	10000.0
2004-01-02	9996.6
2004-01-03	9996.6
2004-01-04	9996.6
2004-01-05	9977.5016
2004-01-06	10040.415
2004-01-07	10007.528
2004-01-08	10008.2902
2004-01-09	10009.4122
2004-01-10	10009.4122
2004-01-11	10009.4122
2004-01-12	9977.1333
2004-01-13	9958.5059
2004-01-14	10010.6968
2004-01-15	9995.2725
2004-01-16	10005.1471
2004-01-17	10005.1471
2004-01-18	10005.1471
2004-01-19	10059.4534
2004-01-20	10044.2004
2004-01-21	10042.0079
2004-01-22	10081.909
2004-01-23	10101.6069
2004-01-24	10101.6069
2004-01-25	10101.6069
2004-01-26	10101.6069
2004-01-27	10062.1512
2004-01-28	10013.9256
2004-01-29	9957.521
2004-01-30	9966.3337
2004-01-31	9966.3337
2004-02-01	9966.3337
2004-02-02	10045.1938
2004-02-03	10009.849
2004-02-04	10004.0424
2004-02-05	9994.4418
2004-02-06	10029.6411
2004-02-07	10029.6411
2004-02-08	10029.6411
2004-02-09	10043.9863
2004-02-10	10011.2878
2004-02-11	10021.4022
2004-02-12	10083.0309
2004-02-13	10072.0172
2004-02-14	10072.0172
2004-02-15	10072.0172
2004-02-16	10077.8153
2004-02-17	10108.7239
2004-02-18	10164.7687
2004-02-19	10165.3682
2004-02-20	10179.8847
2004-02-21	10179.8847
2004-02-22	10179.8847
2004-02-23	10148.6763
2004-02-24	10093.8305
2004-02-25	10123.7542
2004-02-26	10144.0088
2004-02-27	10170.1385
2004-02-28	10170.1385
2004-02-29	10170.1385
2004-03-01	10281.2604
2004-03-02	10317.9755
2004-03-03	10320.2194
2004-03-04	10351.4106
2004-03-05	10386.6441
2004-03-06	10386.6441
2004-03-07	10386.6441
2004-03-08	10330.4195
2004-03-09	10373.4551
2004-03-10	10375.0395
2004-03-11	10326.4371
2004-03-12	10320.6904
2004-03-13	10320.6904
2004-03-14	10320.6904
2004-03-15	10320.836
2004-03-16	10357.2001
2004-03-17	10410.6242
2004-03-18	10395.9792
2004-03-19	10360.0948
2004-03-20	10360.0948
2004-03-21	10360.0948
2004-03-22	10273.7752
2004-03-23	10225.8236
2004-03-24	10239.0469
2004-03-25	10318.2153
2004-03-26	10346.0236
2004-03-27	10346.0236
2004-03-28	10346.0236
2004-03-29	10358.3734
2004-03-30	10353.1491
2004-03-31	10338.8296
2004-04-01	10405.203
2004-04-02	10442.3892
2004-04-03	10442.3892
2004-04-04	10442.3892
2004-04-05	10450.491
2004-04-06	10422.9311
2004-04-07	10420.6102
2004-04-08	10424.5412
2004-04-09	10424.5412
2004-04-10	10424.5412
2004-04-11	10424.5412
2004-04-12	10424.5412
2004-04-13	10413.4162
2004-04-14	10456.4432
2004-04-15	10392.7077
2004-04-16	10408.6801
2004-04-17	10408.6801
2004-04-18	10408.6801
2004-04-19	10460.4856
2004-04-20	10544.4586
2004-04-21	10489.0732
2004-04-22	10500.3096
2004-04-23	10543.1568
2004-04-24	10543.1568
2004-04-25	10543.1568
2004-04-26	10561.2361
2004-04-27	10546.6168
2004-04-28	10531.0983
2004-04-29	10464.1939
2004-04-30	10421.6893
2004-05-01	10421.6893
2004-05-02	10421.6893
2004-05-03	10414.3839
2004-05-04	10412.4398
2004-05-05	10460.6654
2004-05-06	10433.3453
2004-05-07	10436.908
2004-05-08	10436.908
2004-05-09	10436.908
2004-05-10	10292.3854
2004-05-11	10319.166
2004-05-12	10358.6817
2004-05-13	10376.3584
2004-05-14	10346.0151
2004-05-15	10346.0151
2004-05-16	10346.0151
2004-05-17	10312.1261
2004-05-18	10373.4894
2004-05-19	10408.7144
2004-05-20	10367.443
2004-05-21	10416.2338
2004-05-22	10416.2338
2004-05-23	10416.2338
2004-05-24	10374.8425
2004-05-25	10356.7376
2004-05-26	10431.9921
2004-05-27	10465.3415
2004-05-28	10477.8626
2004-05-29	10477.8626
2004-05-30	10477.8626
2004-05-31	10516.7274
2004-06-01	10537.8298
2004-06-02	10626.8386
2004-06-03	10614.6345
2004-06-04	10615.2854
2004-06-05	10615.2854
2004-06-06	10615.2854
2004-06-07	10682.6437
2004-06-08	10711.591
2004-06-09	10685.1273
2004-06-10	10674.1393
2004-06-11	10697.537
2004-06-12	10697.537
2004-06-13	10697.537
2004-06-14	10681.3505
2004-06-15	10659.4087
2004-06-16	10736.5817
2004-06-17	10804.351
2004-06-18	10819.5527
2004-06-19	10819.5527
2004-06-20	10819.5527
2004-06-21	10830.7805
2004-06-22	10813.8831
2004-06-23	10855.2315
2004-06-24	10806.3636
2004-06-25	10778.4611
2004-06-26	10778.4611
2004-06-27	10778.4611
2004-06-28	10824.7769
2004-06-29	10851.9172
2004-06-30	10854.4008
2004-07-01	10801.0366
2004-07-02	10757.2645
2004-07-03	10757.2645
2004-07-04	10757.2645
2004-07-05	10795.7268
2004-07-06	10794.031
2004-07-07	10780.9876
2004-07-08	10785.5438
2004-07-09	10781.9125
2004-07-10	10781.9125
2004-07-11	10781.9125
2004-07-12	10756.1939
2004-07-13	10759.8252
2004-07-14	10700.7914
2004-07-15	10684.682
2004-07-16	10659.717
2004-07-17	10659.717
2004-07-18	10659.717
2004-07-19	10640.807
2004-07-20	10606.3186
2004-07-21	10650.9043
2004-07-22	10602.5931
2004-07-23	10562.6749
2004-07-24	10562.6749
2004-07-25	10562.6749
2004-07-26	10581.131
2004-07-27	10640.6357
2004-07-28	10660.4535
2004-07-29	10690.2573
2004-07-30	10742.0286
2004-07-31	10742.0286
2004-08-01	10742.0286
2004-08-02	10754.3012
2004-08-03	10746.2165
2004-08-04	10726.9297
2004-08-05	10683.0633
2004-08-06	10593.7205
2004-08-07	10593.7205
2004-08-08	10593.7205
2004-08-09	10583.9315
2004-08-10	10617.9061
2004-08-11	10607.0637
2004-08-12	10543.7306
2004-08-13	10525.403
2004-08-14	10525.403
2004-08-15	10525.403
2004-08-16	10543.0112
2004-08-17	10587.0403
2004-08-18	10601.4027
2004-08-19	10593.3437
2004-08-20	10625.4341
2004-08-21	10625.4341
2004-08-22	10625.4341
2004-08-23	10694.2911
2004-08-24	10727.4521
2004-08-25	10732.2909
2004-08-26	10767.9099
2004-08-27	10836.9553
2004-08-28	10836.9553
2004-08-29	10836.9553
2004-08-30	10821.1114
2004-08-31	10814.1571
2004-09-01	10772.3291
2004-09-02	10952.7276
2004-09-03	10937.7658
2004-09-04	10937.7658
2004-09-05	10937.7658
2004-09-06	10974.0613
2004-09-07	11004.259
2004-09-08	10989.3229
2004-09-09	11025.3358
2004-09-10	11032.6497
2004-09-11	11032.6497
2004-09-12	11032.6497
2004-09-13	11063.6696
2004-09-14	11070.3669
2004-09-15	11060.1668
2004-09-16	11058.8479
2004-09-17	11090.5187
2004-09-18	11090.5187
2004-09-19	11090.5187
2004-09-20	11092.8054
2004-09-21	11118.0958
2004-09-22	11080.2073
2004-09-23	11032.8895
2004-09-24	11011.4188
2004-09-25	11011.4188
2004-09-26	11011.4188
2004-09-27	11033.3948
2004-09-28	11048.8191
2004-09-29	11115.6892
2004-09-30	11083.9242
2004-10-01	11157.1918
2004-10-02	11157.1918
2004-10-03	11157.1918
2004-10-04	11194.3609
2004-10-05	11194.3952
2004-10-06	11216.7908
2004-10-07	11175.7079
2004-10-08	11123.8167
2004-10-09	11123.8167
2004-10-10	11123.8167
2004-10-11	11179.1336
2004-10-12	11176.4701
2004-10-13	11186.713
2004-10-14	11132.0042
2004-10-15	11157.2004
2004-10-16	11157.2004
2004-10-17	11157.2004
2004-10-18	11175.1597
2004-10-19	11171.794
2004-10-20	11112.5375
2004-10-21	11126.1377
2004-10-22	11103.7163
2004-10-23	11103.7163
2004-10-24	11103.7163
2004-10-25	11035.7414
2004-10-26	11109.4715
2004-10-27	11216.9107
2004-10-28	11280.6463
2004-10-29	11278.0684
2004-10-30	11278.0684
2004-10-31	11278.0684
2004-11-01	11291.6943
2004-11-02	11308.9085
2004-11-03	11374.1771
2004-11-04	11424.3982
2004-11-05	11436.6537
2004-11-06	11436.6537
2004-11-07	11436.6537
2004-11-08	11394.5002
2004-11-09	11394.4574
2004-11-10	11412.9819
2004-11-11	11445.0724
2004-11-12	11468.8298
2004-11-13	11468.8298
2004-11-14	11468.8298
2004-11-15	11513.0302
2004-11-16	11476.3578
2004-11-17	11482.8324
2004-11-18	11507.0009
2004-11-19	11451.607
2004-11-20	11451.607
2004-11-21	11451.607
2004-11-22	11433.9645
2004-11-23	11480.7256
2004-11-24	11522.4595
2004-11-25	11559.3631
2004-11-26	11574.9415
2004-11-27	11574.9415
2004-11-28	11574.9415
2004-11-29	11608.1282
2004-11-30	11638.0005
2004-12-01	11619.416
2004-12-02	11700.0489
2004-12-03	11679.623
2004-12-04	11679.623
2004-12-05	11679.623
2004-12-06	11724.4572
2004-12-07	11657.4757
2004-12-08	11659.9936
2004-12-09	11649.5195
2004-12-10	11674.5101
2004-12-11	11674.5101
2004-12-12	11674.5101
2004-12-13	11701.6761
2004-12-14	11753.9783
2004-12-15	11767.8868
2004-12-16	11800.6024
2004-12-17	11771.3125
2004-12-18	11771.3125
2004-12-19	11771.3125
2004-12-20	11802.1183
2004-12-21	11840.4693
2004-12-22	11894.8869
2004-12-23	11897.3362
2004-12-24	11977.1813
2004-12-25	11977.1813
2004-12-26	11977.1813
2004-12-27	11936.8091
2004-12-28	11951.3856
2004-12-29	11966.4245
2004-12-30	11974.0639
2004-12-31	11960.9091
2005-01-01	11949.0818
2005-01-02	11949.0818
2005-01-03	11936.5779
2005-01-04	11971.5631
2005-01-05	11922.6866
2005-01-06	11920.3657
2005-01-07	11975.9994
2005-01-08	11975.9994
2005-01-09	11975.9994
2005-01-10	12027.5394
2005-01-11	11995.1492
2005-01-12	11989.1028
2005-01-13	11966.3303
2005-01-14	11990.2247
2005-01-15	11990.2247
2005-01-16	11990.2247
2005-01-17	12029.0039
2005-01-18	12031.222
2005-01-19	11975.2629
2005-01-20	11916.5289
2005-01-21	11874.0927
2005-01-22	11874.0927
2005-01-23	11874.0927
2005-01-24	11923.5858
2005-01-25	11962.4507
2005-01-26	11958.5368
2005-01-27	12023.831
2005-01-28	12005.5976
2005-01-29	12005.5976
2005-01-30	12005.5976
2005-01-31	12036.2236
2005-02-01	12095.9168
2005-02-02	12123.9649
2005-02-03	12140.7766
2005-02-04	12202.9792
2005-02-05	12202.9792
2005-02-06	12202.9792
2005-02-07	12235.6434
2005-02-08	12222.9768
2005-02-09	12174.7598
2005-02-10	12153.7087
2005-02-11	12169.5698
2005-02-12	12169.5698
2005-02-13	12169.5698
2005-02-14	12174.4429
2005-02-15	12183.4183
2005-02-16	12197.2411
2005-02-17	12197.2154
2005-02-18	12196.8471
2005-02-19	12196.8471
2005-02-20	12196.8471
2005-02-21	12217.4272
2005-02-22	12149.0669
2005-02-23	12127.9644
2005-02-24	12113.3965
2005-02-25	12212.3828
2005-02-26	12212.3828
2005-02-27	12212.3828
2005-02-28	12251.5559
2005-03-01	12306.3332
2005-03-02	12328.1893
2005-03-03	12353.5054
2005-03-04	12397.9456
2005-03-05	12397.9456
2005-03-06	12397.9456
2005-03-07	12437.4099
2005-03-08	12423.4501
2005-03-09	12416.6329
2005-03-10	12378.7701
2005-03-11	12347.5104
2005-03-12	12347.5104
2005-03-13	12347.5104
2005-03-14	12412.6162
2005-03-15	12315.223
2005-03-16	12308.6541
2005-03-17	12285.3164
2005-03-18	12299.3961
2005-03-19	12299.3961
2005-03-20	12299.3961
2005-03-21	12399.4872
2005-03-22	12341.0187
2005-03-23	12255.6411
2005-03-24	12211.6463
2005-03-25	12217.7612
2005-03-26	12217.7612
2005-03-27	12217.7612
2005-03-28	12217.8297
2005-03-29	12126.6284
2005-03-30	12154.8478
2005-03-31	12187.8632
2005-04-01	12170.0922
2005-04-02	12170.0922
2005-04-03	12170.0922
2005-04-04	12232.1321
2005-04-05	12270.3803
2005-04-06	12282.4816
2005-04-07	12316.6618
2005-04-08	12327.5641
2005-04-09	12327.5641
2005-04-10	12327.5641
2005-04-11	12255.3756
2005-04-12	12262.1671
2005-04-13	12222.1204
2005-04-14	12124.8556
2005-04-15	11972.9933
2005-04-16	11972.9933
2005-04-17	11972.9933
2005-04-18	11884.8581
2005-04-19	12003.311
2005-04-20	11993.7361
2005-04-21	12021.8099
2005-04-22	12031.0593
2005-04-23	12031.0593
2005-04-24	12031.0593
2005-04-25	12051.0398
2005-04-26	11901.9353
2005-04-27	11881.1326
2005-04-28	11826.4837
2005-04-29	11807.9249
2005-04-30	11807.9249
2005-05-01	11807.9249
2005-05-02	11893.7135
2005-05-03	11884.3442
2005-05-04	11846.4643
2005-05-05	11861.1692
2005-05-06	11925.8297
2005-05-07	11925.8297
2005-05-08	11925.8297
2005-05-09	11961.9882
2005-05-10	11903.4854
2005-05-11	11928.2448
2005-05-12	11966.6472
2005-05-13	11933.7431
2005-05-14	11933.7431
2005-05-15	11933.7431
2005-05-16	11928.3904
2005-05-17	11929.4181
2005-05-18	11997.6585
2005-05-19	12122.7659
2005-05-20	12113.5678
2005-05-21	12113.5678
2005-05-22	12113.5678
2005-05-23	12210.8926
2005-05-24	12235.6349
2005-05-25	12207.3042
2005-05-26	12243.5397
2005-05-27	12269.6437
2005-05-28	12269.6437
2005-05-29	12269.6437
2005-05-30	12309.699
2005-05-31	12258.493
2005-06-01	12388.6362
2005-06-02	12432.1086
2005-06-03	12425.4713
2005-06-04	12425.4713
2005-06-05	12425.4713
2005-06-06	12435.3202
2005-06-07	12444.2956
2005-06-08	12483.2546
2005-06-09	12450.6075
2005-06-10	12487.7595
2005-06-11	12487.7595
2005-06-12	12487.7595
2005-06-13	12487.7595
2005-06-14	12474.2193
2005-06-15	12484.171
2005-06-16	12511.7652
2005-06-17	12602.1186
2005-06-18	12602.1186
2005-06-19	12602.1186
2005-06-20	12587.3452
2005-06-21	12599.9005
2005-06-22	12581.0676
2005-06-23	12569.0519
2005-06-24	12525.7679
2005-06-25	12525.7679
2005-06-26	12525.7679
2005-06-27	12502.1818
2005-06-28	12619.5984
2005-06-29	12610.3832
2005-06-30	12655.4743
2005-07-01	12647.4581
2005-07-02	12647.4581
2005-07-03	12647.4581
2005-07-04	12692.9602
2005-07-05	12785.7802
2005-07-06	12747.8489
2005-07-07	12666.4023
2005-07-08	12699.1779
2005-07-09	12699.1779
2005-07-10	12699.1779
2005-07-11	12725.025
2005-07-12	12699.0066
2005-07-13	12749.7416
2005-07-14	12777.3272
2005-07-15	12781.1554
2005-07-16	12781.1554
2005-07-17	12781.1554
2005-07-18	12752.6021
2005-07-19	12747.7975
2005-07-20	12771.8546
2005-07-21	12768.643
2005-07-22	12830.4516
2005-07-23	12830.4516
2005-07-24	12830.4516
2005-07-25	12914.9898
2005-07-26	12937.317
2005-07-27	13004.3241
2005-07-28	12988.8399
2005-07-29	13026.9596
2005-07-30	13026.9596
2005-07-31	13026.9596
2005-08-01	13010.9443
2005-08-02	13044.9789
2005-08-03	13004.7352
2005-08-04	12981.3889
2005-08-05	12960.1323
2005-08-06	12960.1323
2005-08-07	12960.1323
2005-08-08	13065.242
2005-08-09	13129.363
2005-08-10	13155.6126
2005-08-11	13198.6482
2005-08-12	13207.3239
2005-08-13	13207.3239
2005-08-14	13207.3239
2005-08-15	13219.1512
2005-08-16	13211.7345
2005-08-17	13222.0801
2005-08-18	13212.9249
2005-08-19	13262.3666
2005-08-20	13262.3666
2005-08-21	13262.3666
2005-08-22	13312.6134
2005-08-23	13266.7087
2005-08-24	13194.2633
2005-08-25	13145.3183
2005-08-26	13183.2924
2005-08-27	13183.2924
2005-08-28	13183.2924
2005-08-29	13105.4343
2005-08-30	13170.1376
2005-08-31	13217.935
2005-09-01	13308.4255
2005-09-02	13271.8388
2005-09-03	13271.8388
2005-09-04	13271.8388
2005-09-05	13280.8655
2005-09-06	13327.7979
2005-09-07	13385.3672
2005-09-08	13310.1897
2005-09-09	13335.7627
2005-09-10	13335.7627
2005-09-11	13335.7627
2005-09-12	13357.7559
2005-09-13	13356.9423
2005-09-14	13377.9505
2005-09-15	13391.799
2005-09-16	13475.0355
2005-09-17	13475.0355
2005-09-18	13475.0355
2005-09-19	13458.5235
2005-09-20	13494.6734
2005-09-21	13398.2736
2005-09-22	13442.5082
2005-09-23	13466.4112
2005-09-24	13466.4112
2005-09-25	13466.4112
2005-09-26	13616.1238
2005-09-27	13619.7637
2005-09-28	13630.7945
2005-09-29	13726.5434
2005-09-30	13717.4481
2005-10-01	13685.0494
2005-10-02	13685.0494
2005-10-03	13666.4477
2005-10-04	13672.9994
2005-10-05	13496.0951
2005-10-06	13313.0845
2005-10-07	13313.3928
2005-10-08	13313.3928
2005-10-09	13313.3928
2005-10-10	13374.422
2005-10-11	13353.9362
2005-10-12	13372.221
2005-10-13	13300.2466
2005-10-14	13301.1287
2005-10-15	13301.1287
2005-10-16	13301.1287
2005-10-17	13314.1036
2005-10-18	13319.5848
2005-10-19	13205.0457
2005-10-20	13158.5073
2005-10-21	13129.7912
2005-10-22	13129.7912
2005-10-23	13129.7912
2005-10-24	13187.6602
2005-10-25	13229.0858
2005-10-26	13306.8068
2005-10-27	13246.3514
2005-10-28	13246.0088
2005-10-29	13246.0088
2005-10-30	13246.0088
2005-10-31	13357.7387
2005-11-01	13403.515
2005-11-02	13433.2417
2005-11-03	13566.2282
2005-11-04	13581.7639
2005-11-05	13581.7639
2005-11-06	13581.7639
2005-11-07	13642.3135
2005-11-08	13693.0313
2005-11-09	13636.7553
2005-11-10	13715.9323
2005-11-11	13772.1569
2005-11-12	13772.1569
2005-11-13	13772.1569
2005-11-14	13855.1964
2005-11-15	13789.9279
2005-11-16	13828.4844
2005-11-17	13893.3932
2005-11-18	13983.2928
2005-11-19	13983.2928
2005-11-20	13983.2928
2005-11-21	14007.3071
2005-11-22	13966.1128
2005-11-23	13990.1099
2005-11-24	14032.9657
2005-11-25	14043.0288
2005-11-26	14043.0288
2005-11-27	14043.0288
2005-11-28	14036.3315
2005-11-29	14011.3323
2005-11-30	13974.9682
2005-12-01	13935.6581
2005-12-02	13996.1649
2005-12-03	13996.1649
2005-12-04	13996.1649
2005-12-05	13983.7038
2005-12-06	14021.6694
2005-12-07	14032.0408
2005-12-08	13991.5402
2005-12-09	14008.0436
2005-12-10	14008.0436
2005-12-11	14008.0436
2005-12-12	14028.1526
2005-12-13	14014.8865
2005-12-14	14084.7198
2005-12-15	14101.1119
2005-12-16	14161.1819
2005-12-17	14161.1819
2005-12-18	14161.1819
2005-12-19	14109.1795
2005-12-20	14157.2852
2005-12-21	14240.3161
2005-12-22	14271.67
2005-12-23	14319.7758
2005-12-24	14319.7758
2005-12-25	14319.7758
2005-12-26	14375.5037
2005-12-27	14368.7893
2005-12-28	14406.181
2005-12-29	14413.4179
2005-12-30	14355.2063
2005-12-31	14372.6175
2006-01-01	14355.2063
2006-01-02	14355.2063
2006-01-03	14480.2965
2006-01-04	14576.1739
2006-01-05	14564.7491
2006-01-06	14557.3496
2006-01-07	14557.3496
2006-01-08	14557.3496
2006-01-09	14562.8479
2006-01-10	14542.7132
2006-01-11	14577.8525
2006-01-12	14581.6722
2006-01-13	14554.7889
2006-01-14	14554.7889
2006-01-15	14554.7889
2006-01-16	14627.8766
2006-01-17	14627.0459
2006-01-18	14487.9016
2006-01-19	14621.796
2006-01-20	14568.9542
2006-01-21	14568.9542
2006-01-22	14568.9542
2006-01-23	14513.5346
2006-01-24	14550.5924
2006-01-25	14607.9989
2006-01-26	14664.018
2006-01-27	14802.7255
2006-01-28	14802.7255
2006-01-29	14802.7255
2006-01-30	14751.8878
2006-01-31	14695.3034
2006-02-01	14764.6229
2006-02-02	14644.6969
2006-02-03	14595.4436
2006-02-04	14595.4436
2006-02-05	14595.4436
2006-02-06	14773.5812
2006-02-07	14736.2494
2006-02-08	14625.4444
2006-02-09	14711.1645
2006-02-10	14703.4395
2006-02-11	14703.4395
2006-02-12	14703.4395
2006-02-13	14592.9428
2006-02-14	14672.9934
2006-02-15	14656.096
2006-02-16	14667.4866
2006-02-17	14630.1462
2006-02-18	14630.1462
2006-02-19	14630.1462
2006-02-20	14662.5535
2006-02-21	14738.8615
2006-02-22	14793.5703
2006-02-23	14839.1581
2006-02-24	14814.2531
2006-02-25	14814.2531
2006-02-26	14814.2531
2006-02-27	14900.2644
2006-02-28	14833.7711
2006-03-01	14757.5574
2006-03-02	14823.3826
2006-03-03	14819.9911
2006-03-04	14819.9911
2006-03-05	14819.9911
2006-03-06	14843.3032
2006-03-07	14791.8574
2006-03-08	14844.2881
2006-03-09	14890.5953
2006-03-10	14918.9774
2006-03-11	14918.9774
2006-03-12	14918.9774
2006-03-13	15031.5894
2006-03-14	14969.0957
2006-03-15	15002.1454
2006-03-16	15074.685
2006-03-17	15137.0246
2006-03-18	15137.0246
2006-03-19	15137.0246
2006-03-20	15330.4751
2006-03-21	15299.9348
2006-03-22	15345.8995
2006-03-23	15365.0578
2006-03-24	15430.5833
2006-03-25	15430.5833
2006-03-26	15430.5833
2006-03-27	15536.1298
2006-03-28	15513.8712
2006-03-29	15531.7877
2006-03-30	15573.8556
2006-03-31	15612.729
2006-04-01	15551.6997
2006-04-02	15551.6997
2006-04-03	15726.2831
2006-04-04	15709.8396
2006-04-05	15761.9363
2006-04-06	15803.1563
2006-04-07	15763.3323
2006-04-08	15763.3323
2006-04-09	15763.3323
2006-04-10	15678.6998
2006-04-11	15673.0045
2006-04-12	15588.6461
2006-04-13	15609.5516
2006-04-14	15609.5516
2006-04-15	15609.5516
2006-04-16	15609.5516
2006-04-17	15581.3493
2006-04-18	15749.0299
2006-04-19	15819.5484
2006-04-20	15857.7024
2006-04-21	15784.9571
2006-04-22	15784.9571
2006-04-23	15784.9571
2006-04-24	15834.8442
2006-04-25	15820.9101
2006-04-26	15893.5868
2006-04-27	15860.4429
2006-04-28	15778.2513
2006-04-29	15778.2513
2006-04-30	15778.2513
2006-05-01	15848.9325
2006-05-02	15832.2492
2006-05-03	15753.175
2006-05-04	15654.814
2006-05-05	15822.1519
2006-05-06	15822.1519
2006-05-07	15822.1519
2006-05-08	15893.7923
2006-05-09	15887.9857
2006-05-10	15907.4781
2006-05-11	15866.3352
2006-05-12	15748.9871
2006-05-13	15748.9871
2006-05-14	15748.9871
2006-05-15	15701.7121
2006-05-16	15623.2887
2006-05-17	15555.9904
2006-05-18	15331.7769
2006-05-19	15322.1849
2006-05-20	15322.1849
2006-05-21	15322.1849
2006-05-22	15096.6696
2006-05-23	15107.178
2006-05-24	15107.6148
2006-05-25	15040.8731
2006-05-26	15224.6974
2006-05-27	15224.6974
2006-05-28	15224.6974
2006-05-29	15284.9045
2006-05-30	15191.5878
2006-05-31	15105.4309
2006-06-01	15271.9895
2006-06-02	15325.859
2006-06-03	15325.859
2006-06-04	15325.859
2006-06-05	15348.7171
2006-06-06	15172.6692
2006-06-07	15120.1444
2006-06-08	14838.9268
2006-06-09	14923.4822
2006-06-10	14923.4822
2006-06-11	14923.4822
2006-06-12	14867.4802
2006-06-13	14622.6867
2006-06-14	14674.7148
2006-06-15	14801.2096
2006-06-16	14974.8852
2006-06-17	14974.8852
2006-06-18	14974.8852
2006-06-19	14776.2961
2006-06-20	14716.5857
2006-06-21	14837.2225
2006-06-22	14997.1866
2006-06-23	14930.9332
2006-06-24	14930.9332
2006-06-25	14930.9332
2006-06-26	15003.2844
2006-06-27	15017.9893
2006-06-28	14953.9369
2006-06-29	15101.7825
2006-06-30	15330.9633
2006-07-01	15293.6572
2006-07-02	15293.6572
2006-07-03	15358.686
2006-07-04	15375.7289
2006-07-05	15240.43
2006-07-06	15280.117
2006-07-07	15273.2656
2006-07-08	15273.2656
2006-07-09	15273.2656
2006-07-10	15313.2181
2006-07-11	15220.0213
2006-07-12	15202.5244
2006-07-13	15053.7453
2006-07-14	14816.3513
2006-07-15	14816.3513
2006-07-16	14816.3513
2006-07-17	14786.3591
2006-07-18	14720.6452
2006-07-19	14782.6251
2006-07-20	14918.5064
2006-07-21	14819.5715
2006-07-22	14819.5715
2006-07-23	14819.5715
2006-07-24	14948.9268
2006-07-25	15078.5818
2006-07-26	14954.9646
2006-07-27	15099.3331
2006-07-28	15073.9656
2006-07-29	15073.9656
2006-07-30	15073.9656
2006-07-31	15102.2364
2006-08-01	15057.8048
2006-08-02	15051.7669
2006-08-03	15144.6297
2006-08-04	15100.5492
2006-08-05	15100.5492
2006-08-06	15100.5492
2006-08-07	15060.6396
2006-08-08	15165.9805
2006-08-09	15071.6447
2006-08-10	15027.5043
2006-08-11	15009.0311
2006-08-12	15009.0311
2006-08-13	15009.0311
2006-08-14	15114.8174
2006-08-15	15105.1654
2006-08-16	15190.4316
2006-08-17	15373.0397
2006-08-18	15381.0131
2006-08-19	15381.0131
2006-08-20	15381.0131
2006-08-21	15369.2372
2006-08-22	15393.8082
2006-08-23	15374.9324
2006-08-24	15247.153
2006-08-25	15306.2553
2006-08-26	15306.2553
2006-08-27	15306.2553
2006-08-28	15325.5592
2006-08-29	15381.6297
2006-08-30	15411.2365
2006-08-31	15483.6563
2006-09-01	15473.0194
2006-09-02	15473.0194
2006-09-03	15473.0194
2006-09-04	15563.4671
2006-09-05	15582.8481
2006-09-06	15490.4135
2006-09-07	15464.1211
2006-09-08	15476.2054
2006-09-09	15476.2054
2006-09-10	15476.2054
2006-09-11	15339.1936
2006-09-12	15314.7339
2006-09-13	15387.719
2006-09-14	15469.9192
2006-09-15	15421.2311
2006-09-16	15421.2311
2006-09-17	15421.2311
2006-09-18	15489.4629
2006-09-19	15472.1288
2006-09-20	15407.2627
2006-09-21	15385.9547
2006-09-22	15373.211
2006-09-23	15373.211
2006-09-24	15373.211
2006-09-25	15370.6332
2006-09-26	15416.6834
2006-09-27	15620.4368
2006-09-28	15674.1693
2006-09-29	15735.4469
2006-09-30	15776.3072
2006-10-01	15735.4469
2006-10-02	15800.9467
2006-10-03	15826.6054
2006-10-04	15789.5904
2006-10-05	15943.0285
2006-10-06	15934.4557
2006-10-07	15934.4557
2006-10-08	15934.4557
2006-10-09	15907.264
2006-10-10	15991.5111
2006-10-11	16040.4989
2006-10-12	16006.5842
2006-10-13	16066.0719
2006-10-14	16066.0719
2006-10-15	16066.0719
2006-10-16	16160.4848
2006-10-17	16086.5749
2006-10-18	16145.0519
2006-10-19	16103.7548
2006-10-20	16195.0846
2006-10-21	16195.0846
2006-10-22	16195.0846
2006-10-23	16237.3666
2006-10-24	16206.4923
2006-10-25	16277.5417
2006-10-26	16355.7767
2006-10-27	16266.1683
2006-10-28	16266.1683
2006-10-29	16266.1683
2006-10-30	16338.6823
2006-10-31	16304.9903
2006-11-01	16329.056
2006-11-02	16312.0302
2006-11-03	16355.1857
2006-11-04	16355.1857
2006-11-05	16355.1857
2006-11-06	16353.6013
2006-11-07	16449.4188
2006-11-08	16407.7877
2006-11-09	16366.2679
2006-11-10	16408.1988
2006-11-11	16408.1988
2006-11-12	16408.1988
2006-11-13	16416.6004
2006-11-14	16452.6218
2006-11-15	16464.5605
2006-11-16	16416.4376
2006-11-17	16432.6071
2006-11-18	16432.6071
2006-11-19	16432.6071
2006-11-20	16299.3122
2006-11-21	16366.011
2006-11-22	16518.0446
2006-11-23	16562.3563
2006-11-24	16508.6838
2006-11-25	16508.6838
2006-11-26	16508.6838
2006-11-27	16424.5994
2006-11-28	16302.5923
2006-11-29	16483.9843
2006-11-30	16519.5861
2006-12-01	16432.3244
2006-12-02	16432.3244
2006-12-03	16432.3244
2006-12-04	16437.7114
2006-12-05	16479.2397
2006-12-06	16555.6076
2006-12-07	16526.626
2006-12-08	16490.2876
2006-12-09	16490.2876
2006-12-10	16490.2876
2006-12-11	16563.1014
2006-12-12	16568.8994
2006-12-13	16611.7209
2006-12-14	16789.1477
2006-12-15	16800.2556
2006-12-16	16800.2556
2006-12-17	16800.2556
2006-12-18	16847.1537
2006-12-19	16777.2861
2006-12-20	16856.6429
2006-12-21	16826.8135
2006-12-22	16831.1384
2006-12-23	16831.1384
2006-12-24	16831.1384
2006-12-25	16828.6034
2006-12-26	16854.519
2006-12-27	16950.1909
2006-12-28	16942.9626
2006-12-29	16954.5587
2006-12-30	16954.5587
2006-12-31	16966.7457
2007-01-01	16950.3621
2007-01-02	16967.6963
2007-01-03	16936.8991
2007-01-04	16859.0923
2007-01-05	16802.5679
2007-01-06	16802.5679
2007-01-07	16802.5679
2007-01-08	16721.601
2007-01-09	16851.2132
2007-01-10	16735.6379
2007-01-11	16826.0256
2007-01-12	16975.1558
2007-01-13	16975.1558
2007-01-14	16975.1558
2007-01-15	17029.916
2007-01-16	17021.994
2007-01-17	16967.0711
2007-01-18	16975.0445
2007-01-19	17000.746
2007-01-20	17000.746
2007-01-21	17000.746
2007-01-22	17106.1897
2007-01-23	17120.6976
2007-01-24	17276.7478
2007-01-25	17272.1659
2007-01-26	17233.3867
2007-01-27	17233.3867
2007-01-28	17233.3867
2007-01-29	17253.2131
2007-01-30	17363.9325
2007-01-31	17299.9828
2007-02-01	17439.1442
2007-02-02	17466.8155
2007-02-03	17466.8155
2007-02-04	17466.8155
2007-02-05	17408.7152
2007-02-06	17490.7184
2007-02-07	17553.0066
2007-02-08	17512.3519
2007-02-09	17566.3241
2007-02-10	17566.3241
2007-02-11	17566.3241
2007-02-12	17570.4692
2007-02-13	17596.0251
2007-02-14	17684.8455
2007-02-15	17751.7927
2007-02-16	17672.787
2007-02-17	17672.787
2007-02-18	17672.787
2007-02-19	17800.2581
2007-02-20	17806.4073
2007-02-21	17696.7585
2007-02-22	17812.7449
2007-02-23	17839.0116
2007-02-24	17839.0116
2007-02-25	17839.0116
2007-02-26	17870.5711
2007-02-27	17656.6433
2007-02-28	17363.1103
2007-03-01	17315.8353
2007-03-02	17240.1782
2007-03-03	17240.1782
2007-03-04	17240.1782
2007-03-05	17002.6044
2007-03-06	17247.0297
2007-03-07	17333.7005
2007-03-08	17390.9957
2007-03-09	17399.834
2007-03-10	17399.834
2007-03-11	17399.834
2007-03-12	17479.3365
2007-03-13	17302.5007
2007-03-14	17038.0863
2007-03-15	17252.3995
2007-03-16	17187.7304
2007-03-17	17187.7304
2007-03-18	17187.7304
2007-03-19	17358.9309
2007-03-20	17416.1062
2007-03-21	17444.5996
2007-03-22	17647.8991
2007-03-23	17660.1547
2007-03-24	17660.1547
2007-03-25	17660.1547
2007-03-26	17690.0612
2007-03-27	17681.8909
2007-03-28	17602.5683
2007-03-29	17676.2299
2007-03-30	17707.7551
2007-03-31	17751.236
2007-04-01	17707.7551
2007-04-02	17594.7405
2007-04-03	17818.7056
2007-04-04	17935.1288
2007-04-05	17923.3957
2007-04-06	17940.9611
2007-04-07	17940.9611
2007-04-08	17940.9611
2007-04-09	17933.3474
2007-04-10	17994.822
2007-04-11	17974.7302
2007-04-12	17976.1518
2007-04-13	17933.8356
2007-04-14	17933.8356
2007-04-15	17933.8356
2007-04-16	18167.9409
2007-04-17	18133.7094
2007-04-18	18203.8253
2007-04-19	18090.8536
2007-04-20	18200.1427
2007-04-21	18200.1427
2007-04-22	18200.1427
2007-04-23	18188.8635
2007-04-24	18175.8457
2007-04-25	18186.5426
2007-04-26	18221.4592
2007-04-27	18144.4404
2007-04-28	18144.4404
2007-04-29	18144.4404
2007-04-30	18166.5363
2007-05-01	18147.1553
2007-05-02	18341.5137
2007-05-03	18380.4299
2007-05-04	18517.3303
2007-05-05	18517.3303
2007-05-06	18517.3303
2007-05-07	18521.3298
2007-05-08	18401.087
2007-05-09	18490.1044
2007-05-10	18431.3961
2007-05-11	18363.6695
2007-05-12	18363.6695
2007-05-13	18363.6695
2007-05-14	18506.171
2007-05-15	18424.6217
2007-05-16	18516.7222
2007-05-17	18617.9095
2007-05-18	18588.277
2007-05-19	18588.277
2007-05-20	18588.277
2007-05-21	18713.9496
2007-05-22	18698.6024
2007-05-23	18713.0932
2007-05-24	18568.4849
2007-05-25	18546.2777
2007-05-26	18546.2777
2007-05-27	18546.2777
2007-05-28	18544.6504
2007-05-29	18666.5119
2007-05-30	18543.0746
2007-05-31	18651.2247
2007-06-01	18692.3933
2007-06-02	18692.3933
2007-06-03	18692.3933
2007-06-04	18812.5505
2007-06-05	18734.444
2007-06-06	18583.9692
2007-06-07	18441.8445
2007-06-08	18305.5778
2007-06-09	18305.5778
2007-06-10	18305.5778
2007-06-11	18338.6532
2007-06-12	18341.7363
2007-06-13	18311.4615
2007-06-14	18521.7752
2007-06-15	18597.3295
2007-06-16	18597.3295
2007-06-17	18597.3295
2007-06-18	18711.8685
2007-06-19	18726.8989
2007-06-20	18737.236
2007-06-21	18698.551
2007-06-22	18636.8024
2007-06-23	18636.8024
2007-06-24	18636.8024
2007-06-25	18600.0101
2007-06-26	18553.0948
2007-06-27	18555.5442
2007-06-28	18555.5442
2007-06-29	18555.5442
2007-06-30	18536.5829
2007-07-01	18555.5442
2007-07-02	18512.6371
2007-07-03	18595.6337
2007-07-04	18588.3969
2007-07-05	18649.3491
2007-07-06	18651.4645
2007-07-07	18651.4645
2007-07-08	18651.4645
2007-07-09	18707.1324
2007-07-10	18614.1926
2007-07-11	18580.6205
2007-07-12	18673.0037
2007-07-13	18703.407
2007-07-14	18703.407
2007-07-15	18703.407
2007-07-16	18690.4577
2007-07-17	18678.5277
2007-07-18	18575.5076
2007-07-19	18659.1381
2007-07-20	18675.5644
2007-07-21	18675.5644
2007-07-22	18675.5644
2007-07-23	18628.1952
2007-07-24	18588.337
2007-07-25	18470.4407
2007-07-26	18258.7225
2007-07-27	17996.5948
2007-07-28	17996.5948
2007-07-29	17996.5948
2007-07-30	18134.4459
2007-07-31	18142.6762
2007-08-01	17928.4315
2007-08-02	18000.7314
2007-08-03	17949.6539
2007-08-04	17949.6539
2007-08-05	17949.6539
2007-08-06	17930.4784
2007-08-07	18085.1412
2007-08-08	18314.6731
2007-08-09	18361.2201
2007-08-10	17994.822
2007-08-11	17994.822
2007-08-12	17994.822
2007-08-13	18078.0499
2007-08-14	17961.0615
2007-08-15	17750.5338
2007-08-16	17594.2866
2007-08-17	17732.7885
2007-08-18	17732.7885
2007-08-19	17732.7885
2007-08-20	17979.7745
2007-08-21	18100.437
2007-08-22	18184.667
2007-08-23	18332.8209
2007-08-24	18254.0036
2007-08-25	18254.0036
2007-08-26	18254.0036
2007-08-27	18336.3408
2007-08-28	18331.6562
2007-08-29	18251.597
2007-08-30	18349.7611
2007-08-31	18550.457
2007-09-01	18550.457
2007-09-02	18550.457
2007-09-03	18526.5198
2007-09-04	18601.0121
2007-09-05	18518.5636
2007-09-06	18499.6193
2007-09-07	18473.9093
2007-09-08	18473.9093
2007-09-09	18473.9093
2007-09-10	18408.3923
2007-09-11	18482.465
2007-09-12	18434.1452
2007-09-13	18504.3211
2007-09-14	18577.8371
2007-09-15	18577.8371
2007-09-16	18577.8371
2007-09-17	18619.6566
2007-09-18	18497.1699
2007-09-19	18780.0661
2007-09-20	18799.8839
2007-09-21	18740.3619
2007-09-22	18740.3619
2007-09-23	18740.3619
2007-09-24	18782.6439
2007-09-25	18795.6874
2007-09-26	18807.7031
2007-09-27	18887.805
2007-09-28	18891.1194
2007-09-29	18891.1194
2007-09-30	18965.6546
2007-10-01	18921.7454
2007-10-02	19083.7563
2007-10-03	19083.2853
2007-10-04	18950.7955
2007-10-05	18984.359
2007-10-06	18984.359
2007-10-07	18984.359
2007-10-08	19072.0918
2007-10-09	19111.1707
2007-10-10	19215.7837
2007-10-11	19262.7846
2007-10-12	19221.0336
2007-10-13	19221.0336
2007-10-14	19221.0336
2007-10-15	19212.7433
2007-10-16	19147.0466
2007-10-17	19138.8334
2007-10-18	19210.7307
2007-10-19	19076.3054
2007-10-20	19076.3054
2007-10-21	19076.3054
2007-10-22	18909.9866
2007-10-23	19015.2333
2007-10-24	18962.3487
2007-10-25	18957.6298
2007-10-26	19056.1964
2007-10-27	19056.1964
2007-10-28	19056.1964
2007-10-29	19177.6896
2007-10-30	19114.6735
2007-10-31	19110.9223
2007-11-01	19205.1639
2007-11-02	18965.4662
2007-11-03	18965.4662
2007-11-04	18965.4662
2007-11-05	18894.0227
2007-11-06	18969.1574
2007-11-07	18969.9453
2007-11-08	18747.4446
2007-11-09	18763.8538
2007-11-10	18763.8538
2007-11-11	18763.8538
2007-11-12	18721.2721
2007-11-13	18785.8127
2007-11-14	18927.2522
2007-11-15	18809.7499
2007-11-16	18705.5994
2007-11-17	18705.5994
2007-11-18	18705.5994
2007-11-19	18780.4343
2007-11-20	18668.4218
2007-11-21	18628.495
2007-11-22	18577.0492
2007-11-23	18631.2698
2007-11-24	18631.2698
2007-11-25	18631.2698
2007-11-26	18683.7091
2007-11-27	18604.1981
2007-11-28	18559.3553
2007-11-29	18726.9588
2007-11-30	18829.602
2007-12-01	18829.602
2007-12-02	18829.602
2007-12-03	18940.8952
2007-12-04	18943.6015
2007-12-05	18981.9096
2007-12-06	19129.9693
2007-12-07	19230.5657
2007-12-08	19230.5657
2007-12-09	19230.5657
2007-12-10	19178.075
2007-12-11	19231.148
2007-12-12	19100.4996
2007-12-13	19018.4449
2007-12-14	18886.2463
2007-12-15	18886.2463
2007-12-16	18886.2463
2007-12-17	18460.3263
2007-12-18	18469.0105
2007-12-19	18482.0967
2007-12-20	18458.5363
2007-12-21	18600.9008
2007-12-22	18600.9008
2007-12-23	18600.9008
2007-12-24	18748.3953
2007-12-25	18790.0178
2007-12-26	18794.2314
2007-12-27	18763.2029
2007-12-28	18752.6003
2007-12-29	18752.6003
2007-12-30	18752.6003
2007-12-31	18839.7593
2008-01-01	18748.1469
2008-01-02	18683.2723
2008-01-03	18585.485
2008-01-04	18526.7939
2008-01-05	18526.7939
2008-01-06	18526.7939
2008-01-07	18398.6033
2008-01-08	18281.0154
2008-01-09	18221.3136
2008-01-10	18126.8237
2008-01-11	17947.6926
2008-01-12	17947.6926
2008-01-13	17947.6926
2008-01-14	18121.4196
2008-01-15	18012.4045
2008-01-16	17812.428
2008-01-17	17722.2544
2008-01-18	17636.9968
2008-01-19	17636.9968
2008-01-20	17636.9968
2008-01-21	17393.7362
2008-01-22	16943.622
2008-01-23	17063.5223
2008-01-24	17420.0972
2008-01-25	17808.2229
2008-01-26	17808.2229
2008-01-27	17808.2229
2008-01-28	17777.4514
2008-01-29	17489.2111
2008-01-30	17314.4822
2008-01-31	17378.7573
2008-02-01	17663.0665
2008-02-02	17663.0665
2008-02-03	17663.0665
2008-02-04	17724.2414
2008-02-05	17500.5074
2008-02-06	17206.058
2008-02-07	17163.6476
2008-02-08	17258.9169
2008-02-09	17258.9169
2008-02-10	17258.9169
2008-02-11	17100.9312
2008-02-12	17306.9884
2008-02-13	17301.7727
2008-02-14	17421.4932
2008-02-15	17267.3271
2008-02-16	17267.3271
2008-02-17	17267.3271
2008-02-18	17229.3444
2008-02-19	17305.4896
2008-02-20	17114.3515
2008-02-21	17197.9048
2008-02-22	17130.144
2008-02-23	17130.144
2008-02-24	17130.144
2008-02-25	17316.5119
2008-02-26	17410.548
2008-02-27	17519.1091
2008-02-28	17300.8563
2008-02-29	17162.166
2008-03-01	17162.166
2008-03-02	17162.166
2008-03-03	16866.2435
2008-03-04	16894.934
2008-03-05	16905.0313
2008-03-06	16971.0963
2008-03-07	16635.6667
2008-03-08	16635.6667
2008-03-09	16635.6667
2008-03-10	16564.7629
2008-03-11	16618.8379
2008-03-12	16788.7366
2008-03-13	16555.8132
2008-03-14	16634.9816
2008-03-15	16634.9816
2008-03-16	16634.9816
2008-03-17	16352.2482
2008-03-18	16454.4717
2008-03-19	16749.7262
2008-03-20	16671.3199
2008-03-21	16670.0267
2008-03-22	16670.0267
2008-03-23	16670.0267
2008-03-24	16665.2735
2008-03-25	16857.5765
2008-03-26	16963.5769
2008-03-27	16904.4318
2008-03-28	16869.1383
2008-03-29	16869.1383
2008-03-30	16869.1383
2008-03-31	16961.6071
2008-04-01	17075.1013
2008-04-02	17264.0041
2008-04-03	17386.3538
2008-04-04	17375.4857
2008-04-05	17375.4857
2008-04-06	17375.4857
2008-04-07	17341.7766
2008-04-08	17243.0815
2008-04-09	17112.4331
2008-04-10	16977.4939
2008-04-11	16922.4254
2008-04-12	16922.4254
2008-04-13	16922.4254
2008-04-14	16905.588
2008-04-15	17017.9945
2008-04-16	17144.5321
2008-04-17	17203.4202
2008-04-18	17185.0498
2008-04-19	17185.0498
2008-04-20	17185.0498
2008-04-21	17328.6047
2008-04-22	17227.2204
2008-04-23	17302.6206
2008-04-24	17257.2212
2008-04-25	17344.8084
2008-04-26	17344.8084
2008-04-27	17344.8084
2008-04-28	17374.3124
2008-04-29	17420.8851
2008-04-30	17355.0598
2008-05-01	17406.951
2008-05-02	17594.3294
2008-05-03	17594.3294
2008-05-04	17594.3294
2008-05-05	17535.2528
2008-05-06	17476.4075
2008-05-07	17407.2165
2008-05-08	17488.3204
2008-05-09	17503.916
2008-05-10	17503.916
2008-05-11	17503.916
2008-05-12	17654.5964
2008-05-13	17652.8322
2008-05-14	17788.3537
2008-05-15	17846.317
2008-05-16	17801.7911
2008-05-17	17801.7911
2008-05-18	17801.7911
2008-05-19	17881.5933
2008-05-20	17776.4065
2008-05-21	17589.9102
2008-05-22	17646.5288
2008-05-23	17489.665
2008-05-24	17489.665
2008-05-25	17489.665
2008-05-26	17450.7916
2008-05-27	17446.0727
2008-05-28	17353.3555
2008-05-29	17494.7094
2008-05-30	17449.173
2008-05-31	17449.173
2008-06-01	17449.173
2008-06-02	17404.8441
2008-06-03	17288.5494
2008-06-04	17256.0051
2008-06-05	17263.122
2008-06-06	17257.8978
2008-06-07	17257.8978
2008-06-08	17257.8978
2008-06-09	17292.4805
2008-06-10	16994.0401
2008-06-11	16965.3839
2008-06-12	16841.4242
2008-06-13	16884.6225
2008-06-14	16884.6225
2008-06-15	16884.6225
2008-06-16	16910.1699
2008-06-17	16997.089
2008-06-18	16978.9926
2008-06-19	16830.5561
2008-06-20	16653.3948
2008-06-21	16653.3948
2008-06-22	16653.3948
2008-06-23	16689.2964
2008-06-24	16705.2603
2008-06-25	16652.7268
2008-06-26	16665.736
2008-06-27	16488.7204
2008-06-28	16488.7204
2008-06-29	16488.7204
2008-06-30	16645.5842
2008-07-01	16338.8108
2008-07-02	16185.3384
2008-07-03	16093.7175
2008-07-04	16175.9862
2008-07-05	16175.9862
2008-07-06	16175.9862
2008-07-07	16214.1231
2008-07-08	16073.0347
2008-07-09	16127.4095
2008-07-10	15950.6079
2008-07-11	15914.3295
2008-07-12	15914.3295
2008-07-13	15914.3295
2008-07-14	16037.8696
2008-07-15	15774.5686
2008-07-16	15913.5416
2008-07-17	16108.5252
2008-07-18	16353.3016
2008-07-19	16353.3016
2008-07-20	16353.3016
2008-07-21	16288.8894
2008-07-22	16333.2611
2008-07-23	16601.3324
2008-07-24	16673.6152
2008-07-25	16356.359
2008-07-26	16356.359
2008-07-27	16356.359
2008-07-28	16175.4466
2008-07-29	16100.1835
2008-07-30	16384.5699
2008-07-31	16392.0636
2008-08-01	16325.99
2008-08-02	16325.99
2008-08-03	16325.99
2008-08-04	16199.1526
2008-08-05	16303.6543
2008-08-06	16599.7052
2008-08-07	16586.0708
2008-08-08	16694.5206
2008-08-09	16694.5206
2008-08-10	16694.5206
2008-08-11	16753.2718
2008-08-12	16845.6978
2008-08-13	16606.5995
2008-08-14	16623.9679
2008-08-15	16658.2936
2008-08-16	16658.2936
2008-08-17	16658.2936
2008-08-18	16625.2012
2008-08-19	16350.4839
2008-08-20	16466.7701
2008-08-21	16374.1728
2008-08-22	16544.5768
2008-08-23	16544.5768
2008-08-24	16544.5768
2008-08-25	16596.2367
2008-08-26	16653.8231
2008-08-27	16666.4811
2008-08-28	16796.0933
2008-08-29	16935.032
2008-08-30	16935.032
2008-08-31	16935.032
2008-09-01	16840.1481
2008-09-02	16928.4375
2008-09-03	16856.5744
2008-09-04	16644.762
2008-09-05	16572.1967
2008-09-06	16572.1967
2008-09-07	16572.1967
2008-09-08	16913.981
2008-09-09	16709.0286
2008-09-10	16663.1753
2008-09-11	16575.2713
2008-09-12	16571.9997
2008-09-13	16571.9997
2008-09-14	16571.9997
2008-09-15	16374.7809
2008-09-16	16318.3849
2008-09-17	16244.8175
2008-09-18	16060.5736
2008-09-19	16422.7153
2008-09-20	16422.7153
2008-09-21	16422.7153
2008-09-22	16516.8884
2008-09-23	16353.8411
2008-09-24	16413.757
2008-09-25	16417.1399
2008-09-26	16335.0425
2008-09-27	16335.0425
2008-09-28	16335.0425
2008-09-29	16049.9624
2008-09-30	15981.8505
2008-10-01	16245.7767
2008-10-02	16193.9113
2008-10-03	16079.3123
2008-10-04	16079.3123
2008-10-05	16079.3123
2008-10-06	15971.462
2008-10-07	16104.8083
2008-10-08	16039.0858
2008-10-09	15238.426
2008-10-10	14839.3122
2008-10-11	14839.3122
2008-10-12	14839.3122
2008-10-13	15163.0087
2008-10-14	15297.7338
2008-10-15	15203.595
2008-10-16	14782.2825
2008-10-17	14638.1624
2008-10-18	14638.1624
2008-10-19	14638.1624
2008-10-20	14979.2787
2008-10-21	15312.6699
2008-10-22	14536.6754
2008-10-23	14333.3245
2008-10-24	14215.4368
2008-10-25	14215.4368
2008-10-26	14215.4368
2008-10-27	14109.719
2008-10-28	14410.4461
2008-10-29	14212.7391
2008-10-30	14441.0463
2008-10-31	14767.5862
2008-11-01	14767.5862
2008-11-02	14767.5862
2008-11-03	14931.5669
2008-11-04	14747.4001
2008-11-05	15246.7591
2008-11-06	14962.0045
2008-11-07	14600.5394
2008-11-08	14600.5394
2008-11-09	14600.5394
2008-11-10	14831.5273
2008-11-11	14659.1107
2008-11-12	14753.1382
2008-11-13	14192.5701
2008-11-14	14258.7465
2008-11-15	14258.7465
2008-11-16	14258.7465
2008-11-17	14032.7259
2008-11-18	13816.6485
2008-11-19	13678.943
2008-11-20	13413.5352
2008-11-21	13469.383
2008-11-22	13469.383
2008-11-23	13469.383
2008-11-24	13560.4559
2008-11-25	14049.315
2008-11-26	13955.2532
2008-11-27	14033.2055
2008-11-28	14346.8475
2008-11-29	14346.8475
2008-11-30	14346.8475
2008-12-01	13915.1294
2008-12-02	13733.0095
2008-12-03	13674.6266
2008-12-04	13695.7205
2008-12-05	13663.9641
2008-12-06	13663.9641
2008-12-07	13663.9641
2008-12-08	13992.2767
2008-12-09	13897.2129
2008-12-10	14042.2237
2008-12-11	13834.5393
2008-12-12	13768.971
2008-12-13	13768.971
2008-12-14	13768.971
2008-12-15	13988.2258
2008-12-16	13942.4153
2008-12-17	13874.115
2008-12-18	13920.602
2008-12-19	14023.6049
2008-12-20	14023.6049
2008-12-21	14023.6049
2008-12-22	13840.0633
2008-12-23	13893.3162
2008-12-24	13934.9558
2008-12-25	13934.9558
2008-12-26	13934.9558
2008-12-27	13934.9558
2008-12-28	13934.9558
2008-12-29	13966.1299
2008-12-30	14063.6088
2008-12-31	14060.8768
2009-01-01	14066.9831
2009-01-02	14067.9595
2009-01-03	14067.9595
2009-01-04	14067.9595
2009-01-05	14207.2151
2009-01-06	14252.9913
2009-01-07	14335.1915
2009-01-08	14290.5458
2009-01-09	14328.8539
2009-01-10	14328.8539
2009-01-11	14328.8539
2009-01-12	14113.8299
2009-01-13	14101.5572
2009-01-14	14022.483
2009-01-15	13762.6848
2009-01-16	13746.3441
2009-01-17	13746.3441
2009-01-18	13746.3441
2009-01-19	13763.9181
2009-01-20	13551.7802
2009-01-21	13551.9001
2009-01-22	13630.5718
2009-01-23	13389.4352
2009-01-24	13389.4352
2009-01-25	13389.4352
2009-01-26	13428.2315
2009-01-27	13625.4932
2009-01-28	13729.9435
2009-01-29	13832.1242
2009-01-30	13896.1424
2009-01-31	13896.1424
2009-02-01	13896.1424
2009-02-02	13692.8686
2009-02-03	13589.6601
2009-02-04	13382.9778
2009-02-05	13285.1734
2009-02-06	13302.4819
2009-02-07	13302.4819
2009-02-08	13302.4819
2009-02-09	13705.7836
2009-02-10	13727.5968
2009-02-11	13736.8977
2009-02-12	13763.6098
2009-02-13	13748.194
2009-02-14	13748.194
2009-02-15	13748.194
2009-02-16	13634.3144
2009-02-17	13461.5638
2009-02-18	13293.7034
2009-02-19	13306.7726
2009-02-20	13160.7512
2009-02-21	13160.7512
2009-02-22	13160.7512
2009-02-23	13126.0486
2009-02-24	13094.2408
2009-02-25	13072.2904
2009-02-26	13107.6696
2009-02-27	13128.5665
2009-02-28	13128.5665
2009-03-01	13128.5665
2009-03-02	12870.6781
2009-03-03	12740.9289
2009-03-04	12630.2609
2009-03-05	12593.8027
2009-03-06	12464.73
2009-03-07	12464.73
2009-03-08	12464.73
2009-03-09	12464.73
2009-03-10	12909.3974
2009-03-11	13016.2628
2009-03-12	13119.043
2009-03-13	13365.6436
2009-03-14	13365.6436
2009-03-15	13365.6436
2009-03-16	13189.8698
2009-03-17	13471.1473
2009-03-18	13483.0088
2009-03-19	13416.6697
2009-03-20	13265.7239
2009-03-21	13265.7239
2009-03-22	13265.7239
2009-03-23	13539.4305
2009-03-24	13592.0153
2009-03-25	13685.8544
2009-03-26	13756.1759
2009-03-27	13803.7849
2009-03-28	13803.7849
2009-03-29	13803.7849
2009-03-30	13580.7276
2009-03-31	13332.0544
2009-04-01	13555.7541
2009-04-02	13727.5626
2009-04-03	13871.4172
2009-04-04	13871.4172
2009-04-05	13871.4172
2009-04-06	13900.887
2009-04-07	13715.1358
2009-04-08	13611.5248
2009-04-09	13806.928
2009-04-10	13806.928
2009-04-11	13806.928
2009-04-12	13806.928
2009-04-13	13806.928
2009-04-14	13951.3136
2009-04-15	13851.9334
2009-04-16	14068.9272
2009-04-17	14091.6398
2009-04-18	14091.6398
2009-04-19	14091.6398
2009-04-20	13895.9368
2009-04-21	13631.2398
2009-04-22	13607.491
2009-04-23	13792.1289
2009-04-24	13746.1471
2009-04-25	13746.1471
2009-04-26	13746.1471
2009-04-27	13840.0976
2009-04-28	13855.0251
2009-04-29	13782.7681
2009-04-30	13935.187
2009-05-01	13921.2786
2009-05-02	13921.2786
2009-05-03	13921.2786
2009-05-04	14123.0451
2009-05-05	14136.0885
2009-05-06	14105.6938
2009-05-07	14087.7687
2009-05-08	14119.9534
2009-05-09	14119.9534
2009-05-10	14119.9534
2009-05-11	14274.7789
2009-05-12	14193.6492
2009-05-13	14101.0434
2009-05-14	13861.5683
2009-05-15	13956.8034
2009-05-16	13956.8034
2009-05-17	13956.8034
2009-05-18	13905.075
2009-05-19	14022.9198
2009-05-20	14084.5999
2009-05-21	13977.803
2009-05-22	13884.3408
2009-05-23	13884.3408
2009-05-24	13884.3408
2009-05-25	13921.3386
2009-05-26	14084.8997
2009-05-27	14116.5619
2009-05-28	14097.7547
2009-05-29	14084.9682
2009-05-30	14084.9682
2009-05-31	14084.9682
2009-06-01	14181.8647
2009-06-02	14210.9234
2009-06-03	14378.347
2009-06-04	14295.0763
2009-06-05	14302.0134
2009-06-06	14302.0134
2009-06-07	14302.0134
2009-06-08	14302.0134
2009-06-09	14294.768
2009-06-10	14364.8154
2009-06-11	14321.8569
2009-06-12	14386.4403
2009-06-13	14386.4403
2009-06-14	14386.4403
2009-06-15	14374.7586
2009-06-16	14232.5826
2009-06-17	14148.738
2009-06-18	14082.3218
2009-06-19	14091.6997
2009-06-20	14091.6997
2009-06-21	14091.6997
2009-06-22	14111.9458
2009-06-23	13912.1662
2009-06-24	13972.6388
2009-06-25	14073.2608
2009-06-26	14102.6963
2009-06-27	14102.6963
2009-06-28	14102.6963
2009-06-29	14135.5747
2009-06-30	14232.1629
2009-07-01	14211.2232
2009-07-02	14216.3275
2009-07-03	14126.4879
2009-07-04	14126.4879
2009-07-05	14126.4879
2009-07-06	14045.7094
2009-07-07	13967.5944
2009-07-08	14058.71
2009-07-09	14011.4779
2009-07-10	14084.8825
2009-07-11	14084.8825
2009-07-12	14084.8825
2009-07-13	13949.1897
2009-07-14	14110.7467
2009-07-15	14211.8227
2009-07-16	14342.9422
2009-07-17	14390.4827
2009-07-18	14390.4827
2009-07-19	14390.4827
2009-07-20	14422.0678
2009-07-21	14527.443
2009-07-22	14504.0111
2009-07-23	14609.8402
2009-07-24	14644.2088
2009-07-25	14644.2088
2009-07-26	14644.2088
2009-07-27	14700.7931
2009-07-28	14719.5575
2009-07-29	14719.0951
2009-07-30	14769.0507
2009-07-31	14835.4925
2009-08-01	14835.4925
2009-08-02	14835.4925
2009-08-03	14921.9149
2009-08-04	14966.2866
2009-08-05	14943.4199
2009-08-06	15018.5032
2009-08-07	14990.6178
2009-08-08	14990.6178
2009-08-09	14990.6178
2009-08-10	15014.7006
2009-08-11	15082.2816
2009-08-12	15074.9762
2009-08-13	15186.0039
2009-08-14	15274.0963
2009-08-15	15274.0963
2009-08-16	15274.0963
2009-08-17	15125.3001
2009-08-18	15134.481
2009-08-19	15123.2703
2009-08-20	15186.2608
2009-08-21	15130.1132
2009-08-22	15130.1132
2009-08-23	15130.1132
2009-08-24	15318.2367
2009-08-25	15366.3082
2009-08-26	15450.6666
2009-08-27	15358.5489
2009-08-28	15456.9871
2009-08-29	15456.9871
2009-08-30	15456.9871
2009-08-31	15379.5829
2009-09-01	15463.8128
2009-09-02	15224.6717
2009-09-03	15278.9095
2009-09-04	15294.8391
2009-09-05	15294.8391
2009-09-06	15294.8391
2009-09-07	15337.1467
2009-09-08	15457.3981
2009-09-09	15484.9838
2009-09-10	15584.9121
2009-09-11	15655.0538
2009-09-12	15655.0538
2009-09-13	15655.0538
2009-09-14	15571.9372
2009-09-15	15579.4995
2009-09-16	15736.4318
2009-09-17	15861.7961
2009-09-18	15812.4828
2009-09-19	15812.4828
2009-09-20	15812.4828
2009-09-21	15846.1148
2009-09-22	15805.4001
2009-09-23	15875.8844
2009-09-24	15837.0538
2009-09-25	15804.3039
2009-09-26	15804.3039
2009-09-27	15804.3039
2009-09-28	15783.2186
2009-09-29	15883.1212
2009-09-30	15885.9303
2009-10-01	15848.8811
2009-10-02	15699.7509
2009-10-03	15699.7509
2009-10-04	15699.7509
2009-10-05	15606.4599
2009-10-06	15671.6942
2009-10-07	15864.4339
2009-10-08	15892.5505
2009-10-09	15958.9667
2009-10-10	15958.9667
2009-10-11	15958.9667
2009-10-12	15933.8133
2009-10-13	16006.5757
2009-10-14	16101.7165
2009-10-15	16119.8472
2009-10-16	16096.9634
2009-10-17	16096.9634
2009-10-18	16096.9634
2009-10-19	16018.3773
2009-10-20	16153.2822
2009-10-21	15983.3578
2009-10-22	16009.6417
2009-10-23	16010.1812
2009-10-24	16010.1812
2009-10-25	16010.1812
2009-10-26	15970.5028
2009-10-27	15842.0211
2009-10-28	15766.6381
2009-10-29	15492.5632
2009-10-30	15687.6581
2009-10-31	15687.6581
2009-11-01	15687.6581
2009-11-02	15502.8575
2009-11-03	15502.8575
2009-11-04	15473.7817
2009-11-05	15521.8189
2009-11-06	15612.9602
2009-11-07	15612.9602
2009-11-08	15612.9602
2009-11-09	15769.9782
2009-11-10	15881.5968
2009-11-11	15926.3624
2009-11-12	15900.1385
2009-11-13	15805.5029
2009-11-14	15805.5029
2009-11-15	15805.5029
2009-11-16	15962.0927
2009-11-17	15959.3093
2009-11-18	15986.9634
2009-11-19	15975.119
2009-11-20	15855.7754
2009-11-21	15855.7754
2009-11-22	15855.7754
2009-11-23	15877.0748
2009-11-24	15855.7583
2009-11-25	15924.9835
2009-11-26	15855.5441
2009-11-27	15659.6956
2009-11-28	15659.6956
2009-11-29	15659.6956
2009-11-30	15871.6707
2009-12-01	15894.3404
2009-12-02	15970.2459
2009-12-03	15962.8035
2009-12-04	15935.372
2009-12-05	15935.372
2009-12-06	15935.372
2009-12-07	15884.7827
2009-12-08	15889.1762
2009-12-09	15850.7139
2009-12-10	15772.7787
2009-12-11	15840.6251
2009-12-12	15840.6251
2009-12-13	15840.6251
2009-12-14	15900.6438
2009-12-15	15941.7524
2009-12-16	15937.4532
2009-12-17	15939.1746
2009-12-18	15922.1744
2009-12-19	15922.1744
2009-12-20	15922.1744
2009-12-21	15919.2369
2009-12-22	16036.722
2009-12-23	16146.5764
2009-12-24	16215.4933
2009-12-25	16215.4933
2009-12-26	16215.4933
2009-12-27	16215.4933
2009-12-28	16215.4933
2009-12-29	16320.9285
2009-12-30	16265.6374
2009-12-31	16321.8535
2010-01-01	16321.8535
2010-01-02	16321.8535
2010-01-03	16321.8535
2010-01-04	16366.0795
2010-01-05	16445.6933
2010-01-06	16440.1436
2010-01-07	16411.3761
2010-01-08	16439.7069
2010-01-09	16439.7069
2010-01-10	16439.7069
2010-01-11	16525.4184
2010-01-12	16419.1268
2010-01-13	16342.3307
2010-01-14	16396.0632
2010-01-15	16370.6443
2010-01-16	16370.6443
2010-01-17	16370.6443
2010-01-18	16393.04
2010-01-19	16342.7075
2010-01-20	16341.0289
2010-01-21	16237.3066
2010-01-22	16079.7919
2010-01-23	16079.7919
2010-01-24	16079.7919
2010-01-25	16038.0752
2010-01-26	16006.1903
2010-01-27	15900.2755
2010-01-28	15915.6399
2010-01-29	15753.4405
2010-01-30	15753.4405
2010-01-31	15753.4405
2010-02-01	15743.8827
2010-02-02	15926.3538
2010-02-03	15951.7984
2010-02-04	15848.6584
2010-02-05	15687.2984
2010-02-06	15687.2984
2010-02-07	15687.2984
2010-02-08	15626.586
2010-02-09	15646.7292
2010-02-10	15665.9476
2010-02-11	15734.9587
2010-02-12	15754.7765
2010-02-13	15754.7765
2010-02-14	15754.7765
2010-02-15	15731.8927
2010-02-16	15794.2751
2010-02-17	15963.7798
2010-02-18	15951.2503
2010-02-19	15916.856
2010-02-20	15916.856
2010-02-21	15916.856
2010-02-22	16065.3696
2010-02-23	16050.3307
2010-02-24	15938.6093
2010-02-25	15860.4943
2010-02-26	15938.9177
2010-02-27	15938.9177
2010-02-28	15938.9177
2010-03-01	16033.0993
2010-03-02	16080.674
2010-03-03	16147.5955
2010-03-04	16184.7989
2010-03-05	16239.225
2010-03-06	16239.225
2010-03-07	16239.225
2010-03-08	16309.5294
2010-03-09	16342.2965
2010-03-10	16367.9123
2010-03-11	16356.4618
2010-03-12	16373.6418
2010-03-13	16373.6418
2010-03-14	16373.6418
2010-03-15	16325.5704
2010-03-16	16377.8469
2010-03-17	16441.454
2010-03-18	16471.8915
2010-03-19	16492.0005
2010-03-20	16492.0005
2010-03-21	16492.0005
2010-03-22	16433.198
2010-03-23	16516.6571
2010-03-24	16514.1135
2010-03-25	16540.209
2010-03-26	16583.2618
2010-03-27	16583.2618
2010-03-28	16583.2618
2010-03-29	16574.1836
2010-03-30	16602.4115
2010-03-31	16664.4257
2010-04-01	16751.3876
2010-04-02	16759.6693
2010-04-03	16759.6693
2010-04-04	16759.6693
2010-04-05	16777.6629
2010-04-06	16853.0973
2010-04-07	16830.2306
2010-04-08	16824.9721
2010-04-09	16846.6912
2010-04-10	16846.6912
2010-04-11	16846.6912
2010-04-12	16938.4663
2010-04-13	16963.1401
2010-04-14	17052.757
2010-04-15	17069.2775
2010-04-16	16999.5555
2010-04-17	16999.5555
2010-04-18	16999.5555
2010-04-19	16882.156
2010-04-20	16917.6379
2010-04-21	16841.2015
2010-04-22	16784.3688
2010-04-23	16793.6182
2010-04-24	16793.6182
2010-04-25	16793.6182
2010-04-26	16794.1578
2010-04-27	16731.6469
2010-04-28	16616.2258
2010-04-29	16607.2504
2010-04-30	16606.0342
2010-05-01	16606.0342
2010-05-02	16606.0342
2010-05-03	16596.151
2010-05-04	16486.271
2010-05-05	16361.1722
2010-05-06	16133.9355
2010-05-07	15907.1612
2010-05-08	15907.1612
2010-05-09	15907.1612
2010-05-10	16258.726
2010-05-11	16118.5797
2010-05-12	16257.6212
2010-05-13	16347.9489
2010-05-14	16214.1573
2010-05-15	16214.1573
2010-05-16	16214.1573
2010-05-17	16049.2773
2010-05-18	16016.0392
2010-05-19	15893.1757
2010-05-20	15751.1538
2010-05-21	15722.1551
2010-05-22	15722.1551
2010-05-23	15722.1551
2010-05-24	15773.6608
2010-05-25	15595.4976
2010-05-26	15648.8703
2010-05-27	15828.4381
2010-05-28	15953.0573
2010-05-29	15953.0573
2010-05-30	15953.0573
2010-05-31	15909.8076
2010-06-01	15844.7017
2010-06-02	15849.4635
2010-06-03	16057.5932
2010-06-04	15922.2687
2010-06-05	15922.2687
2010-06-06	15922.2687
2010-06-07	15716.5883
2010-06-08	15793.4187
2010-06-09	15790.3184
2010-06-10	15919.0142
2010-06-11	16050.5705
2010-06-12	16050.5705
2010-06-13	16050.5705
2010-06-14	16039.1029
2010-06-15	16063.3228
2010-06-16	16164.3473
2010-06-17	16145.9512
2010-06-18	16178.0673
2010-06-19	16178.0673
2010-06-20	16178.0673
2010-06-21	16256.0882
2010-06-22	16114.3232
2010-06-23	16030.2902
2010-06-24	15967.7451
2010-06-25	15869.8294
2010-06-26	15869.8294
2010-06-27	15869.8294
2010-06-28	15823.9247
2010-06-29	15664.543
2010-06-30	15725.7778
2010-07-01	15653.8548
2010-07-02	15631.3221
2010-07-03	15631.3221
2010-07-04	15631.3221
2010-07-05	15605.6634
2010-07-06	15717.3077
2010-07-07	15756.5922
2010-07-08	15917.6611
2010-07-09	16058.2013
2010-07-10	16058.2013
2010-07-11	16058.2013
2010-07-12	16109.8526
2010-07-13	16084.1597
2010-07-14	16238.086
2010-07-15	16189.338
2010-07-16	16099.2843
2010-07-17	16099.2843
2010-07-18	16099.2843
2010-07-19	16021.7773
2010-07-20	15975.2731
2010-07-21	15976.181
2010-07-22	15965.8181
2010-07-23	16121.2175
2010-07-24	16121.2175
2010-07-25	16121.2175
2010-07-26	16171.0874
2010-07-27	16200.8313
2010-07-28	16255.2317
2010-07-29	16218.8506
2010-07-30	16144.0585
2010-07-31	16144.0585
2010-08-01	16144.0585
2010-08-02	16290.7393
2010-08-03	16322.4615
2010-08-04	16288.2642
2010-08-05	16326.3583
2010-08-06	16330.2893
2010-08-07	16330.2893
2010-08-08	16330.2893
2010-08-09	16372.931
2010-08-10	16287.1338
2010-08-11	16076.5717
2010-08-12	15980.9855
2010-08-13	16046.2627
2010-08-14	16046.2627
2010-08-15	16046.2627
2010-08-16	16039.6339
2010-08-17	16137.5753
2010-08-18	16145.5572
2010-08-19	16132.4538
2010-08-20	16051.3584
2010-08-21	16051.3584
2010-08-22	16051.3584
2010-08-23	16046.5967
2010-08-24	15949.3918
2010-08-25	15865.7699
2010-08-26	15915.2459
2010-08-27	15934.8496
2010-08-28	15934.8496
2010-08-29	15934.8496
2010-08-30	16048.2581
2010-08-31	15984.2999
2010-09-01	16186.1949
2010-09-02	16255.2232
2010-09-03	16300.7767
2010-09-04	16300.7767
2010-09-05	16300.7767
2010-09-06	16391.8667
2010-09-07	16364.2896
2010-09-08	16323.0953
2010-09-09	16395.0611
2010-09-10	16362.8765
2010-09-11	16362.8765
2010-09-12	16362.8765
2010-09-13	16487.3587
2010-09-14	16504.0847
2010-09-15	16591.8175
2010-09-16	16498.5179
2010-09-17	16539.0528
2010-09-18	16539.0528
2010-09-19	16539.0528
2010-09-20	16590.6099
2010-09-21	16552.6272
2010-09-22	16549.8096
2010-09-23	16524.759
2010-09-24	16546.5894
2010-09-25	16546.5894
2010-09-26	16546.5894
2010-09-27	16620.7905
2010-09-28	16633.7483
2010-09-29	16598.806
2010-09-30	16526.5404
2010-10-01	16510.0455
2010-10-02	16510.0455
2010-10-03	16510.0455
2010-10-04	16576.3675
2010-10-05	16618.1442
2010-10-06	16714.9551
2010-10-07	16725.472
2010-10-08	16709.9707
2010-10-09	16709.9707
2010-10-10	16709.9707
2010-10-11	16754.9932
2010-10-12	16646.9631
2010-10-13	16666.995
2010-10-14	16789.7386
2010-10-15	16786.4413
2010-10-16	16786.4413
2010-10-17	16786.4413
2010-10-18	16743.8425
2010-10-19	16734.79
2010-10-20	16686.5987
2010-10-21	16711.9747
2010-10-22	16727.6559
2010-10-23	16727.6559
2010-10-24	16727.6559
2010-10-25	16831.5581
2010-10-26	16812.6824
2010-10-27	16755.8582
2010-10-28	16845.6464
2010-10-29	16773.6463
2010-10-30	16773.6463
2010-10-31	16773.6463
2010-11-01	16878.0023
2010-11-02	16870.9796
2010-11-03	16909.5532
2010-11-04	17009.0876
2010-11-05	17099.8864
2010-11-06	17099.8864
2010-11-07	17099.8864
2010-11-08	17055.0522
2010-11-09	17002.4417
2010-11-10	16924.8063
2010-11-11	17013.4297
2010-11-12	16919.9332
2010-11-13	16919.9332
2010-11-14	16919.9332
2010-11-15	16871.2622
2010-11-16	16889.9067
2010-11-17	16695.4113
2010-11-18	16788.9849
2010-11-19	16791.323
2010-11-20	16791.323
2010-11-21	16791.323
2010-11-22	16841.998
2010-11-23	16684.7659
2010-11-24	16698.4431
2010-11-25	16751.6446
2010-11-26	16758.0592
2010-11-27	16758.0592
2010-11-28	16758.0592
2010-11-29	16806.2763
2010-11-30	16717.4473
2010-12-01	16783.9577
2010-12-02	17017.1637
2010-12-03	16998.1253
2010-12-04	16998.1253
2010-12-05	16998.1253
2010-12-06	16969.2893
2010-12-07	17068.2584
2010-12-08	17004.677
2010-12-09	17098.0365
2010-12-10	17104.9564
2010-12-11	17104.9564
2010-12-12	17104.9564
2010-12-13	17112.3132
2010-12-14	17125.4251
2010-12-15	17139.9673
2010-12-16	17143.4787
2010-12-17	17148.112
2010-12-18	17148.112
2010-12-19	17148.112
2010-12-20	17077.8504
2010-12-21	17183.4055
2010-12-22	17182.5662
2010-12-23	17212.0017
2010-12-24	17173.3852
2010-12-25	17173.3852
2010-12-26	17173.3852
2010-12-27	17180.6563
2010-12-28	17155.1946
2010-12-29	17162.0718
2010-12-30	17205.8354
2010-12-31	17102.9181
2011-01-01	17102.9181
2011-01-02	17102.9181
2011-01-03	17154.7579
2011-01-04	17211.0853
2011-01-05	17182.9601
2011-01-06	17251.2433
2011-01-07	17215.1876
2011-01-08	17215.1876
2011-01-09	17215.1876
2011-01-10	17181.7183
2011-01-11	17275.9856
2011-01-12	17328.6047
2011-01-13	17432.5325
2011-01-14	17460.1353
2011-01-15	17460.1353
2011-01-16	17460.1353
2011-01-17	17364.1209
2011-01-18	17457.1378
2011-01-19	17465.1369
2011-01-20	17344.4487
2011-01-21	17289.8084
2011-01-22	17289.8084
2011-01-23	17289.8084
2011-01-24	17312.9406
2011-01-25	17376.5905
2011-01-26	17397.2305
2011-01-27	17415.3354
2011-01-28	17284.7383
2011-01-29	17284.7383
2011-01-30	17284.7383
2011-01-31	17242.2337
2011-02-01	17241.5143
2011-02-02	17369.936
2011-02-03	17374.3381
2011-02-04	17486.6247
2011-02-05	17486.6247
2011-02-06	17486.6247
2011-02-07	17491.3779
2011-02-08	17536.8287
2011-02-09	17542.9007
2011-02-10	17543.4489
2011-02-11	17514.63
2011-02-12	17514.63
2011-02-13	17514.63
2011-02-14	17663.5461
2011-02-15	17679.313
2011-02-16	17691.226
2011-02-17	17695.294
2011-02-18	17701.7772
2011-02-19	17701.7772
2011-02-20	17701.7772
2011-02-21	17648.6014
2011-02-22	17516.1715
2011-02-23	17437.8852
2011-02-24	17327.4228
2011-02-25	17436.7462
2011-02-26	17436.7462
2011-02-27	17436.7462
2011-02-28	17442.647
2011-03-01	17426.5375
2011-03-02	17360.1727
2011-03-03	17445.7901
2011-03-04	17607.998
2011-03-05	17607.998
2011-03-06	17607.998
2011-03-07	17448.1881
2011-03-08	17494.4525
2011-03-09	17433.1834
2011-03-10	17251.3375
2011-03-11	17114.6341
2011-03-12	17114.6341
2011-03-13	17114.6341
2011-03-14	17049.9051
2011-03-15	16828.278
2011-03-16	16914.786
2011-03-17	16924.6778
2011-03-18	17044.6808
2011-03-19	17044.6808
2011-03-20	17044.6808
2011-03-21	17130.3239
2011-03-22	17118.4795
2011-03-23	17143.3159
2011-03-24	17262.1286
2011-03-25	17344.2859
2011-03-26	17344.2859
2011-03-27	17344.2859
2011-03-28	17292.0865
2011-03-29	17357.4921
2011-03-30	17520.2739
2011-03-31	17566.247
2011-04-01	17657.8337
2011-04-02	17657.8337
2011-04-03	17657.8337
2011-04-04	17718.4091
2011-04-05	17754.6789
2011-04-06	17775.4302
2011-04-07	17733.9704
2011-04-08	17781.1169
2011-04-09	17781.1169
2011-04-10	17781.1169
2011-04-11	17814.6119
2011-04-12	17613.4278
2011-04-13	17661.405
2011-04-14	17572.8159
2011-04-15	17525.1298
2011-04-16	17525.1298
2011-04-17	17525.1298
2011-04-18	17517.4219
2011-04-19	17412.6805
2011-04-20	17543.1405
2011-04-21	17635.8577
2011-04-22	17638.2557
2011-04-23	17638.2557
2011-04-24	17638.2557
2011-04-25	17639.6688
2011-04-26	17631.4728
2011-04-27	17543.5945
2011-04-28	17541.933
2011-04-29	17417.6392
2011-04-30	17417.6392
2011-05-01	17417.6392
2011-05-02	17431.5305
2011-05-03	17323.3376
2011-05-04	17261.4605
2011-05-05	17280.3962
2011-05-06	17251.9713
2011-05-07	17251.9713
2011-05-08	17251.9713
2011-05-09	17275.6345
2011-05-10	17275.2833
2011-05-11	17372.5738
2011-05-12	17214.9821
2011-05-13	17303.2629
2011-05-14	17303.2629
2011-05-15	17303.2629
2011-05-16	17157.1644
2011-05-17	17207.1971
2011-05-18	17249.1793
2011-05-19	17375.1174
2011-05-20	17314.1396
2011-05-21	17314.1396
2011-05-22	17314.1396
2011-05-23	17109.1272
2011-05-24	17082.4494
2011-05-25	16998.9646
2011-05-26	17162.2516
2011-05-27	17220.3347
2011-05-28	17220.3347
2011-05-29	17220.3347
2011-05-30	17191.7728
2011-05-31	17340.1751
2011-06-01	17287.3847
2011-06-02	17067.9415
2011-06-03	17023.1245
2011-06-04	17023.1245
2011-06-05	17023.1245
2011-06-06	17037.7523
2011-06-07	16995.9585
2011-06-08	16936.1026
2011-06-09	16969.7175
2011-06-10	16946.945
2011-06-11	16946.945
2011-06-12	16946.945
2011-06-13	16936.9162
2011-06-14	16994.631
2011-06-15	16939.1943
2011-06-16	16734.6444
2011-06-17	16730.9189
2011-06-18	16730.9189
2011-06-19	16730.9189
2011-06-20	16675.6107
2011-06-21	16843.8907
2011-06-22	16874.2255
2011-06-23	16843.2826
2011-06-24	16879.3127
2011-06-25	16879.3127
2011-06-26	16879.3127
2011-06-27	16811.3206
2011-06-28	16825.8029
2011-06-29	16964.5618
2011-06-30	17264.7835
2011-07-01	17261.4434
2011-07-02	17261.4434
2011-07-03	17261.4434
2011-07-04	17356.3787
2011-07-05	17338.7877
2011-07-06	17427.8736
2011-07-07	17452.2476
2011-07-08	17560.2692
2011-07-09	17560.2692
2011-07-10	17560.2692
2011-07-11	17392.2974
2011-07-12	17179.2775
2011-07-13	17213.6717
2011-07-14	17172.2376
2011-07-15	17167.9726
2011-07-16	17167.9726
2011-07-17	17167.9726
2011-07-18	17144.7804
2011-07-19	17024.6575
2011-07-20	17221.8678
2011-07-21	17201.7245
2011-07-22	17321.4963
2011-07-23	17321.4963
2011-07-24	17321.4963
2011-07-25	17158.9544
2011-07-26	17251.132
2011-07-27	17105.0078
2011-07-28	16948.4266
2011-07-29	16859.0495
2011-07-30	16859.0495
2011-07-31	16859.0495
2011-08-01	17024.8973
2011-08-02	16869.0184
2011-08-03	16652.6069
2011-08-04	16458.7453
2011-08-05	16023.6015
2011-08-06	16023.6015
2011-08-07	16023.6015
2011-08-08	15665.6307
2011-08-09	15795.3713
2011-08-10	15933.3166
2011-08-11	15992.9242
2011-08-12	16079.9803
2011-08-13	16079.9803
2011-08-14	16079.9803
2011-08-15	16347.8632
2011-08-16	16301.5475
2011-08-17	16342.6904
2011-08-18	16132.8564
2011-08-19	15723.8936
2011-08-20	15723.8936
2011-08-21	15723.8936
2011-08-22	15719.1233
2011-08-23	16002.1736
2011-08-24	15980.1976
2011-08-25	16047.5131
2011-08-26	16007.1495
2011-08-27	16007.1495
2011-08-28	16007.1495
2011-08-29	16249.4679
2011-08-30	16252.6539
2011-08-31	16358.7485
2011-09-01	16365.4543
2011-09-02	16193.3717
2011-09-03	16193.3717
2011-09-04	16193.3717
2011-09-05	15970.2116
2011-09-06	15849.3265
2011-09-07	16152.0147
2011-09-08	16148.8887
2011-09-09	16113.2527
2011-09-10	16113.2527
2011-09-11	16113.2527
2011-09-12	15833.748
2011-09-13	15922.9881
2011-09-14	15835.2981
2011-09-15	16020.8524
2011-09-16	16188.9012
2011-09-17	16188.9012
2011-09-18	16188.9012
2011-09-19	16020.3128
2011-09-20	15915.8711
2011-09-21	15943.9363
2011-09-22	15668.9964
2011-09-23	15526.9746
2011-09-24	15526.9746
2011-09-25	15526.9746
2011-09-26	15467.4783
2011-09-27	15801.2036
2011-09-28	15836.6427
2011-09-29	15788.6569
2011-09-30	15724.0649
2011-10-01	15724.0649
2011-10-02	15724.0649
2011-10-03	15429.3843
2011-10-04	15394.3563
2011-10-05	15543.5465
2011-10-06	15898.6055
2011-10-07	16079.8861
2011-10-08	16079.8861
2011-10-09	16079.8861
2011-10-10	16059.9998
2011-10-11	16261.7406
2011-10-12	16178.7268
2011-10-13	16288.4955
2011-10-14	16213.0525
2011-10-15	16213.0525
2011-10-16	16213.0525
2011-10-17	16394.7699
2011-10-18	16159.0203
2011-10-19	16221.5997
2011-10-20	16024.2695
2011-10-21	16056.5912
2011-10-22	16056.5912
2011-10-23	16056.5912
2011-10-24	16365.0347
2011-10-25	16287.031
2011-10-26	16342.0909
2011-10-27	16575.2027
2011-10-28	16626.8027
2011-10-29	16626.8027
2011-10-30	16626.8027
2011-10-31	16475.9853
2011-11-01	16342.031
2011-11-02	16256.3965
2011-11-03	16250.8382
2011-11-04	16561.4656
2011-11-05	16561.4656
2011-11-06	16561.4656
2011-11-07	16528.9127
2011-11-08	16576.8728
2011-11-09	16674.4117
2011-11-10	16401.9811
2011-11-11	16561.7568
2011-11-12	16561.7568
2011-11-13	16561.7568
2011-11-14	16603.5848
2011-11-15	16554.4429
2011-11-16	16453.8123
2011-11-17	16455.4652
2011-11-18	16244.3551
2011-11-19	16244.3551
2011-11-20	16244.3551
2011-11-21	16243.7812
2011-11-22	16140.9582
2011-11-23	15948.0986
2011-11-24	15958.7612
2011-11-25	15777.9258
2011-11-26	15777.9258
2011-11-27	15777.9258
2011-11-28	15964.8332
2011-11-29	16149.0686
2011-11-30	16136.1622
2011-12-01	16485.2433
2011-12-02	16537.5027
2011-12-03	16537.5027
2011-12-04	16537.5027
2011-12-05	16603.7904
2011-12-06	16483.8473
2011-12-07	16561.5769
2011-12-08	16486.1511
2011-12-09	16317.2202
2011-12-10	16317.2202
2011-12-11	16317.2202
2011-12-12	16445.2565
2011-12-13	16293.3686
2011-12-14	16280.4622
2011-12-15	16127.4266
2011-12-16	16145.857
2011-12-17	16145.857
2011-12-18	16145.857
2011-12-19	15949.3233
2011-12-20	15943.5338
2011-12-21	16164.8697
2011-12-22	16061.3872
2011-12-23	16192.4982
2011-12-24	16192.4982
2011-12-25	16192.4982
2011-12-26	16177.1253
2011-12-27	16169.9741
2011-12-28	16042.777
2011-12-29	16032.7396
2011-12-30	15978.519
2011-12-31	15996.4098
2012-01-01	15996.4098
2012-01-02	16007.5177
2012-01-03	16136.008
2012-01-04	16325.1935
2012-01-05	16227.6461
2012-01-06	16157.8727
2012-01-07	16157.8727
2012-01-08	16157.8727
2012-01-09	16159.2087
2012-01-10	16280.2395
2012-01-11	16357.5837
2012-01-12	16365.0946
2012-01-13	16406.1947
2012-01-14	16406.1947
2012-01-15	16406.1947
2012-01-16	16277.2591
2012-01-17	16466.7786
2012-01-18	16490.1592
2012-01-19	16520.7766
2012-01-20	16575.2798
2012-01-21	16575.2798
2012-01-22	16575.2798
2012-01-23	16520.1
2012-01-24	16547.2574
2012-01-25	16657.6085
2012-01-26	16629.1664
2012-01-27	16673.2041
2012-01-28	16673.2041
2012-01-29	16673.2041
2012-01-30	16625.3639
2012-01-31	16621.8782
2012-02-01	16548.8247
2012-02-02	16703.1021
2012-02-03	16682.3679
2012-02-04	16682.3679
2012-02-05	16682.3679
2012-02-06	16800.1528
2012-02-07	16741.7357
2012-02-08	16821.0497
2012-02-09	16828.6891
2012-02-10	16739.3633
2012-02-11	16739.3633
2012-02-12	16739.3633
2012-02-13	16832.4402
2012-02-14	16759.1041
2012-02-15	16821.7948
2012-02-16	16668.9476
2012-02-17	16768.3706
2012-02-18	16768.3706
2012-02-19	16768.3706
2012-02-20	16920.9866
2012-02-21	17000.3177
2012-02-22	17005.0281
2012-02-23	16965.932
2012-02-24	17054.3414
2012-02-25	17054.3414
2012-02-26	17054.3414
2012-02-27	16979.378
2012-02-28	17030.7724
2012-02-29	17111.5766
2012-03-01	17006.7581
2012-03-02	17069.6458
2012-03-03	17069.6458
2012-03-04	17069.6458
2012-03-05	17044.775
2012-03-06	16883.0124
2012-03-07	16781.671
2012-03-08	16911.2832
2012-03-09	17022.4479
2012-03-10	17022.4479
2012-03-11	17022.4479
2012-03-12	17029.5306
2012-03-13	17171.2185
2012-03-14	17310.534
2012-03-15	17256.1849
2012-03-16	17241.3858
2012-03-17	17241.3858
2012-03-18	17241.3858
2012-03-19	17285.0552
2012-03-20	17282.4773
2012-03-21	17251.2861
2012-03-22	17318.3618
2012-03-23	17261.8716
2012-03-24	17261.8716
2012-03-25	17261.8716
2012-03-26	17252.5537
2012-03-27	17413.6911
2012-03-28	17495.5658
2012-03-29	17443.6148
2012-03-30	17440.2575
2012-03-31	17470.3268
2012-04-01	17470.3268
2012-04-02	17489.999
2012-04-03	17533.1289
2012-04-04	17503.8818
2012-04-05	17427.2141
2012-04-06	17424.9703
2012-04-07	17424.9703
2012-04-08	17424.9703
2012-04-09	17384.4097
2012-04-10	17296.42
2012-04-11	17183.9621
2012-04-12	17280.3106
2012-04-13	17403.431
2012-04-14	17403.431
2012-04-15	17403.431
2012-04-16	17289.7998
2012-04-17	17276.6707
2012-04-18	17449.6868
2012-04-19	17413.8624
2012-04-20	17384.8465
2012-04-21	17384.8465
2012-04-22	17384.8465
2012-04-23	17340.4748
2012-04-24	17349.6472
2012-04-25	17394.4471
2012-04-26	17414.479
2012-04-27	17402.5061
2012-04-28	17402.5061
2012-04-29	17402.5061
2012-04-30	17617.7271
2012-05-01	17680.2551
2012-05-02	17699.1394
2012-05-03	17666.3638
2012-05-04	17552.5527
2012-05-05	17552.5527
2012-05-06	17552.5527
2012-05-07	17318.9699
2012-05-08	17382.911
2012-05-09	17276.8335
2012-05-10	17304.8559
2012-05-11	17277.5957
2012-05-12	17277.5957
2012-05-13	17277.5957
2012-05-14	17306.2433
2012-05-15	17206.8631
2012-05-16	16944.5812
2012-05-17	16953.6594
2012-05-18	16651.2195
2012-05-19	16651.2195
2012-05-20	16651.2195
2012-05-21	16789.6701
2012-05-22	16911.0006
2012-05-23	16818.4718
2012-05-24	16796.2646
2012-05-25	16734.6273
2012-05-26	16734.6273
2012-05-27	16734.6273
2012-05-28	16808.9141
2012-05-29	16931.5549
2012-05-30	16877.8139
2012-05-31	16850.5109
2012-06-01	16758.2648
2012-06-02	16758.2648
2012-06-03	16758.2648
2012-06-04	16489.3199
2012-06-05	16664.5798
2012-06-06	16715.3662
2012-06-07	16846.0575
2012-06-08	16733.651
2012-06-09	16733.651
2012-06-10	16733.651
2012-06-11	16724.7184
2012-06-12	16806.5675
2012-06-13	16733.9593
2012-06-14	16683.4641
2012-06-15	16746.0863
2012-06-16	16746.0863
2012-06-17	16746.0863
2012-06-18	16921.4662
2012-06-19	16874.6023
2012-06-20	16913.8011
2012-06-21	16766.7691
2012-06-22	16695.3257
2012-06-23	16695.3257
2012-06-24	16695.3257
2012-06-25	16655.2876
2012-06-26	16602.206
2012-06-27	16700.0703
2012-06-28	16697.1499
2012-06-29	16835.0866
2012-06-30	17042.1115
2012-07-01	17042.1115
2012-07-02	17346.153
2012-07-03	17359.1279
2012-07-04	17475.3369
2012-07-05	17441.979
2012-07-06	17427.2741
2012-07-07	17427.2741
2012-07-08	17427.2741
2012-07-09	17310.731
2012-07-10	17264.5523
2012-07-11	17237.4377
2012-07-12	17143.5986
2012-07-13	17205.4585
2012-07-14	17205.4585
2012-07-15	17205.4585
2012-07-16	17247.6891
2012-07-17	17312.9063
2012-07-18	17232.6245
2012-07-19	17246.9612
2012-07-20	17180.8019
2012-07-21	17180.8019
2012-07-22	17180.8019
2012-07-23	16994.0572
2012-07-24	16982.3327
2012-07-25	16926.6818
2012-07-26	16991.1711
2012-07-27	17202.7779
2012-07-28	17202.7779
2012-07-29	17202.7779
2012-07-30	17272.4914
2012-07-31	17318.0535
2012-08-01	17279.0688
2012-08-02	17260.9552
2012-08-03	17183.4055
2012-08-04	17183.4055
2012-08-05	17183.4055
2012-08-06	17365.1058
2012-08-07	17433.1406
2012-08-08	17472.3137
2012-08-09	17476.9642
2012-08-10	17426.9315
2012-08-11	17426.9315
2012-08-12	17426.9315
2012-08-13	17475.7908
2012-08-14	17506.6994
2012-08-15	17470.9263
2012-08-16	17616.2455
2012-08-17	17733.114
2012-08-18	17733.114
2012-08-19	17733.114
2012-08-20	17745.2239
2012-08-21	17783.2922
2012-08-22	17774.2141
2012-08-23	17771.4992
2012-08-24	17721.6549
2012-08-25	17721.6549
2012-08-26	17721.6549
2012-08-27	17731.855
2012-08-28	17764.9732
2012-08-29	17783.1038
2012-08-30	17674.7996
2012-08-31	17690.3867
2012-09-01	17690.3867
2012-09-02	17690.3867
2012-09-03	17805.7478
2012-09-04	17726.1341
2012-09-05	17676.8294
2012-09-06	17773.3576
2012-09-07	17839.9194
2012-09-08	17839.9194
2012-09-09	17839.9194
2012-09-10	17852.1064
2012-09-11	17805.6708
2012-09-12	17915.5936
2012-09-13	17889.678
2012-09-14	18054.4638
2012-09-15	18054.4638
2012-09-16	18054.4638
2012-09-17	18088.2929
2012-09-18	18056.5364
2012-09-19	18114.277
2012-09-20	18053.7958
2012-09-21	18081.3986
2012-09-22	18081.3986
2012-09-23	18081.3986
2012-09-24	18030.3296
2012-09-25	17979.0209
2012-09-26	17944.5752
2012-09-27	18000.6971
2012-09-28	18017.6973
2012-09-29	18017.6973
2012-09-30	18026.1503
2012-10-01	18046.1993
2012-10-02	18175.8286
2012-10-03	18215.5927
2012-10-04	18252.3507
2012-10-05	18347.5087
2012-10-06	18347.5087
2012-10-07	18347.5087
2012-10-08	18291.7379
2012-10-09	18303.2398
2012-10-10	18205.7352
2012-10-11	18183.1425
2012-10-12	18208.9554
2012-10-13	18208.9554
2012-10-14	18208.9554
2012-10-15	18220.3544
2012-10-16	18275.3116
2012-10-17	18335.6129
2012-10-18	18386.8874
2012-10-19	18350.7803
2012-10-20	18350.7803
2012-10-21	18350.7803
2012-10-22	18290.7873
2012-10-23	18272.1
2012-10-24	18161.2522
2012-10-25	18170.9983
2012-10-26	18070.7703
2012-10-27	18070.7703
2012-10-28	18070.7703
2012-10-29	18098.1418
2012-10-30	18107.1258
2012-10-31	18160.901
2012-11-01	18088.173
2012-11-02	18119.2357
2012-11-03	18119.2357
2012-11-04	18119.2357
2012-11-05	18118.8846
2012-11-06	18138.8479
2012-11-07	18161.6718
2012-11-08	18052.554
2012-11-09	18051.2265
2012-11-10	18051.2265
2012-11-11	18051.2265
2012-11-12	18015.1794
2012-11-13	17872.027
2012-11-14	17888.4362
2012-11-15	17780.8343
2012-11-16	17763.3631
2012-11-17	17763.3631
2012-11-18	17763.3631
2012-11-19	17863.6169
2012-11-20	17939.4367
2012-11-21	17935.4114
2012-11-22	18025.5251
2012-11-23	18055.1404
2012-11-24	18055.1404
2012-11-25	18055.1404
2012-11-26	18078.6066
2012-11-27	18129.0932
2012-11-28	18110.4401
2012-11-29	18224.4567
2012-11-30	18293.0825
2012-12-01	18293.0825
2012-12-02	18293.0825
2012-12-03	18327.4939
2012-12-04	18249.3018
2012-12-05	18296.6967
2012-12-06	18256.3417
2012-12-07	18348.1082
2012-12-08	18348.1082
2012-12-09	18348.1082
2012-12-10	18362.1536
2012-12-11	18411.2699
2012-12-12	18434.9845
2012-12-13	18428.4242
2012-12-14	18420.4423
2012-12-15	18420.4423
2012-12-16	18420.4423
2012-12-17	18412.5974
2012-12-18	18508.1922
2012-12-19	18586.3929
2012-12-20	18641.7525
2012-12-21	18604.1552
2012-12-22	18604.1552
2012-12-23	18604.1552
2012-12-24	18642.9601
2012-12-25	18656.86
2012-12-26	18649.8201
2012-12-27	18678.3821
2012-12-28	18702.3792
2012-12-29	18702.3792
2012-12-30	18702.3792
2012-12-31	18764.1022
2013-01-01	18764.0679
2013-01-02	18923.2184
2013-01-03	19005.4443
2013-01-04	19001.2906
2013-01-05	19001.2906
2013-01-06	19001.2906
2013-01-07	19041.4658
2013-01-08	18979.366
2013-01-09	19034.3489
2013-01-10	19075.252
2013-01-11	19067.998
2013-01-12	19067.998
2013-01-13	19067.998
2013-01-14	19097.9902
2013-01-15	19084.2616
2013-01-16	19115.7355
2013-01-17	19109.0896
2013-01-18	19172.0972
2013-01-19	19172.0972
2013-01-20	19172.0972
2013-01-21	19172.2599
2013-01-22	19174.7435
2013-01-23	19200.9246
2013-01-24	19251.2399
2013-01-25	19314.2475
2013-01-26	19314.2475
2013-01-27	19314.2475
2013-01-28	19314.9755
2013-01-29	19436.306
2013-01-30	19477.8257
2013-01-31	19420.0338
2013-02-01	19537.9728
2013-02-02	19537.9728
2013-02-03	19537.9728
2013-02-04	19507.167
2013-02-05	19456.158
2013-02-06	19553.3201
2013-02-07	19584.7254
2013-02-08	19662.9346
2013-02-09	19662.9346
2013-02-10	19662.9346
2013-02-11	19667.6193
2013-02-12	19664.4419
2013-02-13	19745.2547
2013-02-14	19800.4602
2013-02-15	19803.0724
2013-02-16	19803.0724
2013-02-17	19803.0724
2013-02-18	19875.4664
2013-02-19	19932.3077
2013-02-20	19986.1087
2013-02-21	19720.2213
2013-02-22	19780.8651
2013-02-23	19780.8651
2013-02-24	19780.8651
2013-02-25	19860.2819
2013-02-26	19759.8312
2013-02-27	19857.0617
2013-02-28	20005.3784
2013-03-01	19988.4468
2013-03-02	19988.4468
2013-03-03	19988.4468
2013-03-04	19882.001
2013-03-05	20028.6305
2013-03-06	20147.9227
2013-03-07	20144.7453
2013-03-08	20214.022
2013-03-09	20214.022
2013-03-10	20214.022
2013-03-11	20254.9166
2013-03-12	20164.9314
2013-03-13	20122.4867
2013-03-14	19995.9491
2013-03-15	20164.1949
2013-03-16	20164.1949
2013-03-17	20164.1949
2013-03-18	19937.2922
2013-03-19	19909.8093
2013-03-20	19882.4892
2013-03-21	19827.7461
2013-03-22	19853.5589
2013-03-23	19853.5589
2013-03-24	19853.5589
2013-03-25	19895.7553
2013-03-26	19928.1112
2013-03-27	20044.8341
2013-03-28	20008.1447
2013-03-29	20018.0878
2013-03-30	20018.0878
2013-03-31	20034.5912
2013-04-01	19991.1188
2013-04-02	20039.1474
2013-04-03	19931.8024
2013-04-04	19858.826
2013-04-05	19774.2877
2013-04-06	19774.2877
2013-04-07	19774.2877
2013-04-08	19822.0509
2013-04-09	19954.3094
2013-04-10	19978.7605
2013-04-11	20087.6985
2013-04-12	20094.2844
2013-04-13	20094.2844
2013-04-14	20094.2844
2013-04-15	19973.0653
2013-04-16	19963.0279
2013-04-17	20007.3054
2013-04-18	19811.4226
2013-04-19	19860.4532
2013-04-20	19860.4532
2013-04-21	19860.4532
2013-04-22	19964.244
2013-04-23	20090.1564
2013-04-24	20311.6893
2013-04-25	20319.7055
2013-04-26	20298.9114
2013-04-27	20298.9114
2013-04-28	20298.9114
2013-04-29	20370.2007
2013-04-30	20521.1123
2013-05-01	20480.783
2013-05-02	20443.3827
2013-05-03	20459.7062
2013-05-04	20459.7062
2013-05-05	20459.7062
2013-05-06	20595.9301
2013-05-07	20613.9836
2013-05-08	20770.1452
2013-05-09	20750.4901
2013-05-10	20875.3748
2013-05-11	20875.3748
2013-05-12	20875.3748
2013-05-13	20918.7102
2013-05-14	20994.9325
2013-05-15	20991.1471
2013-05-16	20991.4126
2013-05-17	21101.2584
2013-05-18	21101.2584
2013-05-19	21101.2584
2013-05-20	21162.5188
2013-05-21	21116.1431
2013-05-22	21107.8015
2013-05-23	20781.039
2013-05-24	20669.0949
2013-05-25	20669.0949
2013-05-26	20669.0949
2013-05-27	20648.9774
2013-05-28	20691.9017
2013-05-29	20692.9123
2013-05-30	20603.4153
2013-05-31	20611.5856
2013-06-01	20611.5856
2013-06-02	20611.5856
2013-06-03	20457.9334
2013-06-04	20517.2155
2013-06-05	20353.0549
2013-06-06	20236.0066
2013-06-07	20224.6503
2013-06-08	20224.6503
2013-06-09	20224.6503
2013-06-10	20259.9095
2013-06-11	20272.1908
2013-06-12	20130.3145
2013-06-13	20025.376
2013-06-14	20227.9647
2013-06-15	20227.9647
2013-06-16	20227.9647
2013-06-17	20358.5447
2013-06-18	20400.7324
2013-06-19	20408.7743
2013-06-20	20232.5723
2013-06-21	20153.4295
2013-06-22	20153.4295
2013-06-23	20153.4295
2013-06-24	19914.0229
2013-06-25	19956.9044
2013-06-26	20128.1563
2013-06-27	20446.1746
2013-06-28	20484.5256
2013-06-29	20484.5256
2013-06-30	20484.5256
2013-07-01	20308.9573
2013-07-02	20608.0914
2013-07-03	20428.4893
2013-07-04	20544.1674
2013-07-05	20725.1055
2013-07-06	20725.1055
2013-07-07	20725.1055
2013-07-08	20619.9187
2013-07-09	20815.8529
2013-07-10	20858.1691
2013-07-11	21115.0983
2013-07-12	21164.8826
2013-07-13	21164.8826
2013-07-14	21164.8826
2013-07-15	21167.6488
2013-07-16	21104.7269
2013-07-17	21117.0081
2013-07-18	21188.9654
2013-07-19	21106.7738
2013-07-20	21106.7738
2013-07-21	21106.7738
2013-07-22	21180.5124
2013-07-23	21225.7491
2013-07-24	21280.8861
2013-07-25	21253.8657
2013-07-26	21239.6832
2013-07-27	21239.6832
2013-07-28	21239.6832
2013-07-29	21230.2796
2013-07-30	21325.8658
2013-07-31	21366.0324
2013-08-01	21485.8727
2013-08-02	21658.6405
2013-08-03	21658.6405
2013-08-04	21658.6405
2013-08-05	21653.1251
2013-08-06	21579.8317
2013-08-07	21344.4761
2013-08-08	21403.9723
2013-08-09	21334.9783
2013-08-10	21334.9783
2013-08-11	21334.9783
2013-08-12	21462.5778
2013-08-13	21644.9462
2013-08-14	21629.1621
2013-08-15	21585.9638
2013-08-16	21421.3578
2013-08-17	21421.3578
2013-08-18	21421.3578
2013-08-19	21477.043
2013-08-20	21416.6303
2013-08-21	21467.2968
2013-08-22	21448.0785
2013-08-23	21588.1049
2013-08-24	21588.1049
2013-08-25	21588.1049
2013-08-26	21591.2394
2013-08-27	21557.7358
2013-08-28	21421.7004
2013-08-29	21468.0419
2013-08-30	21551.3983
2013-08-31	21551.3983
2013-09-01	21551.3983
2013-09-02	21675.5207
2013-09-03	21657.6128
2013-09-04	21574.6418
2013-09-05	21610.1151
2013-09-06	21604.0602
2013-09-07	21604.0602
2013-09-08	21604.0602
2013-09-09	21751.075
2013-09-10	21810.5113
2013-09-11	21890.7246
2013-09-12	21930.1204
2013-09-13	21911.5872
2013-09-14	21911.5872
2013-09-15	21911.5872
2013-09-16	21967.8033
2013-09-17	21990.0106
2013-09-18	22011.9523
2013-09-19	22124.239
2013-09-20	22100.5244
2013-09-21	22100.5244
2013-09-22	22100.5244
2013-09-23	22007.713
2013-09-24	21980.8554
2013-09-25	22086.4618
2013-09-26	22139.5862
2013-09-27	22192.2224
2013-09-28	22192.2224
2013-09-29	22192.2224
2013-09-30	21939.5326
2013-10-01	21957.1922
2013-10-02	22002.4717
2013-10-03	22025.9807
2013-10-04	21946.7523
2013-10-05	21946.7523
2013-10-06	21946.7523
2013-10-07	21835.2793
2013-10-08	21738.3399
2013-10-09	21737.1238
2013-10-10	21798.1958
2013-10-11	22032.6523
2013-10-12	22032.6523
2013-10-13	22032.6523
2013-10-14	21997.984
2013-10-15	22067.7916
2013-10-16	22112.129
2013-10-17	22124.5044
2013-10-18	22256.6089
2013-10-19	22256.6089
2013-10-20	22256.6089
2013-10-21	22332.0004
2013-10-22	22372.8179
2013-10-23	22344.2217
2013-10-24	22418.5599
2013-10-25	22451.3098
2013-10-26	22451.3098
2013-10-27	22451.3098
2013-10-28	22584.6731
2013-10-29	22583.3542
2013-10-30	22615.9928
2013-10-31	22574.7557
2013-11-01	22572.2635
2013-11-02	22572.2635
2013-11-03	22572.2635
2013-11-04	22491.091
2013-11-05	22551.9489
2013-11-06	22568.478
2013-11-07	22541.3806
2013-11-08	22578.0615
2013-11-09	22578.0615
2013-11-10	22578.0615
2013-11-11	22576.2116
2013-11-12	22626.4841
2013-11-13	22485.0531
2013-11-14	22563.5621
2013-11-15	22681.0815
2013-11-16	22681.0815
2013-11-17	22681.0815
2013-11-18	22644.7261
2013-11-19	22608.1479
2013-11-20	22495.9127
2013-11-21	22565.472
2013-11-22	22743.601
2013-11-23	22743.601
2013-11-24	22743.601
2013-11-25	22797.5561
2013-11-26	22822.3754
2013-11-27	22824.7392
2013-11-28	22823.1205
2013-11-29	22784.7011
2013-11-30	22784.7011
2013-12-01	22784.7011
2013-12-02	22712.5725
2013-12-03	22636.9754
2013-12-04	22708.0934
2013-12-05	22503.9631
2013-12-06	22436.5107
2013-12-07	22436.5107
2013-12-08	22436.5107
2013-12-09	22485.6869
2013-12-10	22445.1606
2013-12-11	22352.6918
2013-12-12	22296.587
2013-12-13	22344.4358
2013-12-14	22344.4358
2013-12-15	22344.4358
2013-12-16	22359.9543
2013-12-17	22428.3232
2013-12-18	22504.0573
2013-12-19	22745.4765
2013-12-20	22866.9955
2013-12-21	22866.9955
2013-12-22	22866.9955
2013-12-23	22973.6211
2013-12-24	23047.4111
2013-12-25	23047.4882
2013-12-26	23094.6947
2013-12-27	23114.6495
2013-12-28	23114.6495
2013-12-29	23114.6495
2013-12-30	23178.505
2013-12-31	23171.919
2014-01-01	23172.4928
2014-01-02	23249.4945
2014-01-03	23147.3309
2014-01-04	23147.3309
2014-01-05	23147.3309
2014-01-06	23090.3269
2014-01-07	23122.9654
2014-01-08	23177.0233
2014-01-09	23203.7354
2014-01-10	23154.268
2014-01-11	23154.268
2014-01-12	23154.268
2014-01-13	23040.8423
2014-01-14	22930.7653
2014-01-15	23106.5305
2014-01-16	23299.3387
2014-01-17	23288.7447
2014-01-18	23288.7447
2014-01-19	23288.7447
2014-01-20	23250.7021
2014-01-21	23349.7397
2014-01-22	23311.2774
2014-01-23	23189.9297
2014-01-24	23053.449
2014-01-25	23053.449
2014-01-26	23053.449
2014-01-27	22967.8916
2014-01-28	22813.4686
2014-01-29	22927.194
2014-01-30	22855.6221
2014-01-31	22855.2709
2014-02-01	22855.2709
2014-02-02	22855.2709
2014-02-03	22693.8167
2014-02-04	22438.1464
2014-02-05	22380.9026
2014-02-06	22589.2979
2014-02-07	22742.6418
2014-02-08	22742.6418
2014-02-09	22742.6418
2014-02-10	22894.5126
2014-02-11	22986.4247
2014-02-12	23107.8666
2014-02-13	23156.3405
2014-02-14	23265.9893
2014-02-15	23265.9893
2014-02-16	23265.9893
2014-02-17	23349.3457
2014-02-18	23391.0453
2014-02-19	23410.6148
2014-02-20	23447.0559
2014-02-21	23538.7967
2014-02-22	23538.7967
2014-02-23	23538.7967
2014-02-24	23562.5712
2014-02-25	23553.3218
2014-02-26	23608.0734
2014-02-27	23608.3988
2014-02-28	23640.3608
2014-03-01	23640.3608
2014-03-02	23640.3608
2014-03-03	23538.6854
2014-03-04	23661.0008
2014-03-05	23767.9947
2014-03-06	23768.5
2014-03-07	23804.4786
2014-03-08	23804.4786
2014-03-09	23804.4786
2014-03-10	23702.4007
2014-03-11	23706.8627
2014-03-12	23611.619
2014-03-13	23560.9612
2014-03-14	23335.326
2014-03-15	23335.326
2014-03-16	23335.326
2014-03-17	23348.1125
2014-03-18	23426.9983
2014-03-19	23472.9115
2014-03-20	23367.0225
2014-03-21	23427.1781
2014-03-22	23427.1781
2014-03-23	23427.1781
2014-03-24	23397.5799
2014-03-25	23367.9046
2014-03-26	23395.002
2014-03-27	23311.3116
2014-03-28	23399.4127
2014-03-29	23399.4127
2014-03-30	23399.4127
2014-03-31	23476.8425
2014-04-01	23538.3514
2014-04-02	23599.7403
2014-04-03	23626.1441
2014-04-04	23547.8321
2014-04-05	23547.8321
2014-04-06	23547.8321
2014-04-07	23457.4016
2014-04-08	23405.0994
2014-04-09	23558.3576
2014-04-10	23511.2368
2014-04-11	23323.8155
2014-04-12	23323.8155
2014-04-13	23323.8155
2014-04-14	23186.9408
2014-04-15	23277.0202
2014-04-16	23411.6511
2014-04-17	23520.5719
2014-04-18	23528.6138
2014-04-19	23528.6138
2014-04-20	23528.6138
2014-04-21	23533.4183
2014-04-22	23609.8548
2014-04-23	23818.7981
2014-04-24	23878.243
2014-04-25	23811.1588
2014-04-26	23811.1588
2014-04-27	23811.1588
2014-04-28	23841.288
2014-04-29	23710.9564
2014-04-30	23743.5778
2014-05-01	23667.4155
2014-05-02	23727.3656
2014-05-03	23727.3656
2014-05-04	23727.3656
2014-05-05	23724.8648
2014-05-06	23688.0212
2014-05-07	23598.704
2014-05-08	23663.0305
2014-05-09	23641.4228
2014-05-10	23641.4228
2014-05-11	23641.4228
2014-05-12	23681.5723
2014-05-13	23831.1307
2014-05-14	23842.8553
2014-05-15	23832.6723
2014-05-16	23769.7161
2014-05-17	23769.7161
2014-05-18	23769.7161
2014-05-19	23657.0698
2014-05-20	23713.5171
2014-05-21	23793.2508
2014-05-22	23917.6045
2014-05-23	23990.2041
2014-05-24	23990.2041
2014-05-25	23990.2041
2014-05-26	24038.0444
2014-05-27	24063.2149
2014-05-28	24122.0859
2014-05-29	24106.2077
2014-05-30	24049.1009
2014-05-31	24049.1009
2014-06-01	24049.1009
2014-06-02	24143.7964
2014-06-03	24051.1049
2014-06-04	23980.4922
2014-06-05	23975.2337
2014-06-06	24067.557
2014-06-07	24067.557
2014-06-08	24067.557
2014-06-09	24070.8028
2014-06-10	24087.1863
2014-06-11	24025.0866
2014-06-12	23935.384
2014-06-13	23931.7785
2014-06-14	23931.7785
2014-06-15	23931.7785
2014-06-16	23944.4365
2014-06-17	23968.7334
2014-06-18	23963.1238
2014-06-19	24161.7814
2014-06-20	24054.3679
2014-06-21	24054.3679
2014-06-22	24054.3679
2014-06-23	24089.5843
2014-06-24	24061.3821
2014-06-25	23986.4958
2014-06-26	24161.6872
2014-06-27	24104.6404
2014-06-28	24104.6404
2014-06-29	24104.6404
2014-06-30	24010.7842
2014-07-01	24108.3145
2014-07-02	24349.8622
2014-07-03	24481.8381
2014-07-04	24549.479
2014-07-05	24549.479
2014-07-06	24549.479
2014-07-07	24511.051
2014-07-08	24348.7745
2014-07-09	24216.1648
2014-07-10	24223.5815
2014-07-11	24268.8952
2014-07-12	24268.8952
2014-07-13	24268.8952
2014-07-14	24343.5588
2014-07-15	24355.172
2014-07-16	24391.1849
2014-07-17	24392.1099
2014-07-18	24433.2271
2014-07-19	24433.2271
2014-07-20	24433.2271
2014-07-21	24449.0796
2014-07-22	24504.3965
2014-07-23	24580.1221
2014-07-24	24612.5037
2014-07-25	24582.1775
2014-07-26	24582.1775
2014-07-27	24582.1775
2014-07-28	24569.9306
2014-07-29	24596.891
2014-07-30	24705.0839
2014-07-31	24627.3799
2014-08-01	24408.1251
2014-08-02	24408.1251
2014-08-03	24408.1251
2014-08-04	24417.0834
2014-08-05	24342.1714
2014-08-06	24317.8231
2014-08-07	24311.1172
2014-08-08	24178.6274
2014-08-09	24178.6274
2014-08-10	24178.6274
2014-08-11	24292.9866
2014-08-12	24456.0167
2014-08-13	24444.6433
2014-08-14	24535.0481
2014-08-15	24570.3673
2014-08-16	24570.3673
2014-08-17	24570.3673
2014-08-18	24644.2088
2014-08-19	24792.9965
2014-08-20	24830.2597
2014-08-21	24848.3818
2014-08-22	24849.4438
2014-08-23	24849.4438
2014-08-24	24849.4438
2014-08-25	24863.7547
2014-08-26	24891.4431
2014-08-27	24944.9101
2014-08-28	24848.3047
2014-08-29	24871.8651
2014-08-30	24871.8651
2014-08-31	24871.8651
2014-09-01	24931.4898
2014-09-02	25030.7587
2014-09-03	25047.5704
2014-09-04	24984.7084
2014-09-05	24906.0367
2014-09-06	24906.0367
2014-09-07	24906.0367
2014-09-08	24907.9037
2014-09-09	25002.034
2014-09-10	24973.4892
2014-09-11	24941.4929
2014-09-12	24958.9641
2014-09-13	24958.9641
2014-09-14	24958.9641
2014-09-15	24797.7325
2014-09-16	24749.8923
2014-09-17	24692.8198
2014-09-18	24780.5868
2014-09-19	24846.2407
2014-09-20	24846.2407
2014-09-21	24846.2407
2014-09-22	24687.2102
2014-09-23	24776.5273
2014-09-24	24677.207
2014-09-25	24657.7232
2014-09-26	24554.8916
2014-09-27	24554.8916
2014-09-28	24554.8916
2014-09-29	24458.7744
2014-09-30	24522.5699
2014-10-01	24550.0528
2014-10-02	24348.7231
2014-10-03	24537.1806
2014-10-04	24537.1806
2014-10-05	24537.1806
2014-10-06	24465.1548
2014-10-07	24331.9199
2014-10-08	24299.033
2014-10-09	24332.5794
2014-10-10	23989.9472
2014-10-11	23989.9472
2014-10-12	23989.9472
2014-10-13	23836.0466
2014-10-14	23947.1685
2014-10-15	23922.0066
2014-10-16	23960.3233
2014-10-17	24089.7128
2014-10-18	24089.7128
2014-10-19	24089.7128
2014-10-20	24160.5139
2014-10-21	24271.5844
2014-10-22	24420.7061
2014-10-23	24486.42
2014-10-24	24549.0422
2014-10-25	24549.0422
2014-10-26	24549.0422
2014-10-27	24659.9414
2014-10-28	24684.3582
2014-10-29	24680.2988
2014-10-30	24806.6308
2014-10-31	25061.5731
2014-11-01	25061.5731
2014-11-02	25061.5731
2014-11-03	25085.9214
2014-11-04	25094.1174
2014-11-05	25203.7662
2014-11-06	25170.768
2014-11-07	25300.8341
2014-11-08	25300.8341
2014-11-09	25300.8341
2014-11-10	25287.1997
2014-11-11	25297.6053
2014-11-12	25148.1668
2014-11-13	25136.9218
2014-11-14	25153.6651
2014-11-15	25153.6651
2014-11-16	25153.6651
2014-11-17	25061.9842
2014-11-18	25059.9116
2014-11-19	25056.4773
2014-11-20	24968.1708
2014-11-21	24948.2502
2014-11-22	24948.2502
2014-11-23	24948.2502
2014-11-24	25165.3296
2014-11-25	25145.1007
2014-11-26	25322.87
2014-11-27	25304.6623
2014-11-28	25112.0511
2014-11-29	25112.0511
2014-11-30	25112.0511
2014-12-01	24881.7655
2014-12-02	25104.9598
2014-12-03	25219.456
2014-12-04	25356.4849
2014-12-05	25349.6677
2014-12-06	25349.6677
2014-12-07	25349.6677
2014-12-08	25425.5047
2014-12-09	25149.8539
2014-12-10	25071.9102
2014-12-11	25026.5793
2014-12-12	24910.0962
2014-12-13	24910.0962
2014-12-14	24910.0962
2014-12-15	24776.6215
2014-12-16	24657.9545
2014-12-17	24765.2824
2014-12-18	25057.0854
2014-12-19	25431.4826
2014-12-20	25431.4826
2014-12-21	25431.4826
2014-12-22	25695.837
2014-12-23	25553.3869
2014-12-24	25600.9702
2014-12-25	25599.6427
2014-12-26	25605.9974
2014-12-27	25605.9974
2014-12-28	25605.9974
2014-12-29	25803.2248
2014-12-30	25583.2849
2014-12-31	25546.5697
2015-01-01	25546.5269
2015-01-02	25657.152
2015-01-03	25657.152
2015-01-04	25657.152
2015-01-05	25589.2799
2015-01-06	25297.0144
2015-01-07	25386.1688
2015-01-08	25556.3673
2015-01-09	25654.8396
2015-01-10	25654.8396
2015-01-11	25654.8396
2015-01-12	25539.547
2015-01-13	25532.5071
2015-01-14	25365.1178
2015-01-15	25266.2685
2015-01-16	25230.9579
2015-01-17	25230.9579
2015-01-18	25230.9579
2015-01-19	25237.1242
2015-01-20	25309.6981
2015-01-21	25575.9624
2015-01-22	25719.483
2015-01-23	26059.4517
2015-01-24	26059.4517
2015-01-25	26059.4517
2015-01-26	26094.1543
2015-01-27	26100.449
2015-01-28	26084.2539
2015-01-29	26254.0413
2015-01-30	26191.6503
2015-01-31	26191.6503
2015-02-01	26191.6503
2015-02-02	26317.6826
2015-02-03	26630.1342
2015-02-04	26799.0309
2015-02-05	26831.2755
2015-02-06	26846.8796
2015-02-07	26846.8796
2015-02-08	26846.8796
2015-02-09	26781.8766
2015-02-10	26853.6883
2015-02-11	26856.7029
2015-02-12	26882.5243
2015-02-13	27188.0216
2015-02-14	27188.0216
2015-02-15	27188.0216
2015-02-16	27186.1289
2015-02-17	27137.6721
2015-02-18	27285.2351
2015-02-19	27284.6356
2015-02-20	27245.9078
2015-02-21	27245.9078
2015-02-22	27245.9078
2015-02-23	27339.0788
2015-02-24	27377.1044
2015-02-25	27403.5338
2015-02-26	27389.3599
2015-02-27	27467.4835
2015-02-28	27467.4835
2015-03-01	27467.4835
2015-03-02	27630.8733
2015-03-03	27507.7271
2015-03-04	27427.7451
2015-03-05	27473.9153
2015-03-06	27471.2689
2015-03-07	27471.2689
2015-03-08	27471.2689
2015-03-09	27272.9795
2015-03-10	27221.1141
2015-03-11	27258.4116
2015-03-12	27353.4069
2015-03-13	27315.6298
2015-03-14	27315.6298
2015-03-15	27315.6298
2015-03-16	27348.5852
2015-03-17	27495.6686
2015-03-18	27530.7994
2015-03-19	27836.6821
2015-03-20	27796.5583
2015-03-21	27796.5583
2015-03-22	27796.5583
2015-03-23	27679.1588
2015-03-24	27686.2073
2015-03-25	27596.3934
2015-03-26	27335.3277
2015-03-27	27529.3606
2015-03-28	27529.3606
2015-03-29	27529.3606
2015-03-30	27552.0817
2015-03-31	27608.5718
2015-04-01	27579.5645
2015-04-02	27729.6369
2015-04-03	27702.9334
2015-04-04	27702.9334
2015-04-05	27702.9334
2015-04-06	27714.7949
2015-04-07	27799.3503
2015-04-08	27860.9362
2015-04-09	27876.9258
2015-04-10	28028.6853
2015-04-11	28028.6853
2015-04-12	28028.6853
2015-04-13	28116.4694
2015-04-14	28002.6412
2015-04-15	27967.382
2015-04-16	27950.8186
2015-04-17	27693.2043
2015-04-18	27693.2043
2015-04-19	27693.2043
2015-04-20	27672.3331
2015-04-21	27773.9229
2015-04-22	27759.3122
2015-04-23	27790.5976
2015-04-24	27972.0324
2015-04-25	27972.0324
2015-04-26	27972.0324
2015-04-27	28020.121
2015-04-28	27808.4028
2015-04-29	27472.4936
2015-04-30	27452.6501
2015-05-01	27574.0748
2015-05-02	27574.0748
2015-05-03	27574.0748
2015-05-04	27606.8247
2015-05-05	27463.6638
2015-05-06	27047.2844
2015-05-07	27013.6524
2015-05-08	27188.998
2015-05-09	27188.998
2015-05-10	27188.998
2015-05-11	27159.1685
2015-05-12	27194.8559
2015-05-13	27220.9
2015-05-14	27247.8604
2015-05-15	27400.0653
2015-05-16	27400.0653
2015-05-17	27400.0653
2015-05-18	27318.79
2015-05-19	27331.9276
2015-05-20	27538.5758
2015-05-21	27672.2731
2015-05-22	27744.2904
2015-05-23	27744.2904
2015-05-24	27744.2904
2015-05-25	27876.155
2015-05-26	27988.4159
2015-05-27	27934.4779
2015-05-28	27960.7104
2015-05-29	28050.8155
2015-05-30	28050.8155
2015-05-31	28050.8155
2015-06-01	27991.4905
2015-06-02	27638.8295
2015-06-03	27519.9142
2015-06-04	27385.2661
2015-06-05	27378.6202
2015-06-06	27378.6202
2015-06-07	27378.6202
2015-06-08	27317.8736
2015-06-09	27202.3326
2015-06-10	27215.2133
2015-06-11	27455.0481
2015-06-12	27383.1508
2015-06-13	27383.1508
2015-06-14	27383.1508
2015-06-15	27259.0625
2015-06-16	27298.5183
2015-06-17	27519.9313
2015-06-18	27255.1915
2015-06-19	27481.5974
2015-06-20	27481.5974
2015-06-21	27481.5974
2015-06-22	27629.2803
2015-06-23	27831.0382
2015-06-24	27812.8391
2015-06-25	27588.8397
2015-06-26	27470.4895
2015-06-27	27470.4895
2015-06-28	27470.4895
2015-06-29	26996.7122
2015-06-30	27069.7743
2015-07-01	27338.428
2015-07-02	27552.8696
2015-07-03	27507.7614
2015-07-04	27507.7614
2015-07-05	27507.7614
2015-07-06	27277.2103
2015-07-07	27607.3471
2015-07-08	27186.6085
2015-07-09	27273.2878
2015-07-10	27451.0143
2015-07-11	27451.0143
2015-07-12	27451.0143
2015-07-13	27530.5425
2015-07-14	27755.4154
2015-07-15	27928.6285
2015-07-16	28041.626
2015-07-17	28069.3743
2015-07-18	28069.3743
2015-07-19	28069.3743
2015-07-20	28141.0918
2015-07-21	28130.7718
2015-07-22	27913.0672
2015-07-23	27878.5444
2015-07-24	27839.4227
2015-07-25	27839.4227
2015-07-26	27839.4227
2015-07-27	27777.8196
2015-07-28	27784.3542
2015-07-29	27916.7926
2015-07-30	28045.9937
2015-07-31	28088.9009
2015-08-01	28088.9009
2015-08-02	28088.9009
2015-08-03	28072.7486
2015-08-04	28025.1397
2015-08-05	28052.5112
2015-08-06	27856.4314
2015-08-07	27527.7077
2015-08-08	27527.7077
2015-08-09	27527.7077
2015-08-10	27705.4084
2015-08-11	27594.946
2015-08-12	27272.3715
2015-08-13	27278.0839
2015-08-14	27203.0177
2015-08-15	27203.0177
2015-08-16	27203.0177
2015-08-17	27276.568
2015-08-18	27179.5344
2015-08-19	27289.8598
2015-08-20	26915.1286
2015-08-21	26480.4387
2015-08-22	26480.4387
2015-08-23	26480.4387
2015-08-24	25744.8419
2015-08-25	26123.487
2015-08-26	26449.6757
2015-08-27	26752.3811
2015-08-28	26869.5151
2015-08-29	26869.5151
2015-08-30	26869.5151
2015-08-31	26726.5255
2015-09-01	26294.0708
2015-09-02	26411.693
2015-09-03	26249.9219
2015-09-04	26246.5047
2015-09-05	26246.5047
2015-09-06	26246.5047
2015-09-07	26246.2991
2015-09-08	26535.0361
2015-09-09	26849.9628
2015-09-10	26469.6562
2015-09-11	26446.1558
2015-09-12	26446.1558
2015-09-13	26446.1558
2015-09-14	26422.2699
2015-09-15	26355.8024
2015-09-16	26573.1387
2015-09-17	26716.1626
2015-09-18	26605.9657
2015-09-19	26605.9657
2015-09-20	26605.9657
2015-09-21	26450.575
2015-09-22	26535.0533
2015-09-23	26304.1168
2015-09-24	26470.3756
2015-09-25	26404.2506
2015-09-26	26404.2506
2015-09-27	26404.2506
2015-09-28	26435.6988
2015-09-29	25844.6161
2015-09-30	26268.6948
2015-10-01	26470.9666
2015-10-02	26433.5406
2015-10-03	26433.5406
2015-10-04	26433.5406
2015-10-05	26771.154
2015-10-06	26804.1438
2015-10-07	26837.005
2015-10-08	26879.5268
2015-10-09	27000.1978
2015-10-10	27000.1978
2015-10-11	27000.1978
2015-10-12	26865.9438
2015-10-13	26841.8181
2015-10-14	26790.9205
2015-10-15	26950.7732
2015-10-16	27172.7172
2015-10-17	27172.7172
2015-10-18	27172.7172
2015-10-19	27167.9726
2015-10-20	27121.1687
2015-10-21	27172.8628
2015-10-22	27267.0616
2015-10-23	27587.2296
2015-10-24	27587.2296
2015-10-25	27587.2296
2015-10-26	27525.4296
2015-10-27	27523.3227
2015-10-28	27693.9751
2015-10-29	27578.1514
2015-10-30	27477.5123
2015-10-31	27477.5123
2015-11-01	27477.5123
2015-11-02	27360.0443
2015-11-03	27530.9964
2015-11-04	27586.3475
2015-11-05	27489.7507
2015-11-06	27672.9754
2015-11-07	27672.9754
2015-11-08	27672.9754
2015-11-09	27383.8188
2015-11-10	27346.7353
2015-11-11	27415.481
2015-11-12	27303.7083
2015-11-13	27022.8761
2015-11-14	27022.8761
2015-11-15	27022.8761
2015-11-16	26999.1616
2015-11-17	27292.155
2015-11-18	27442.0817
2015-11-19	27638.821
2015-11-20	27659.2297
2015-11-21	27659.2297
2015-11-22	27659.2297
2015-11-23	27722.7169
2015-11-24	27542.5325
2015-11-25	27479.8503
2015-11-26	27593.4644
2015-11-27	27584.9772
2015-11-28	27584.9772
2015-11-29	27584.9772
2015-11-30	27410.9077
2015-12-01	27683.0213
2015-12-02	27575.6507
2015-12-03	27450.0637
2015-12-04	27261.8716
2015-12-05	27261.8716
2015-12-06	27261.8716
2015-12-07	27320.6399
2015-12-08	27197.5537
2015-12-09	27060.2165
2015-12-10	26873.7801
2015-12-11	26840.0196
2015-12-12	26840.0196
2015-12-13	26840.0196
2015-12-14	26502.3291
2015-12-15	26597.6412
2015-12-16	27028.8283
2015-12-17	27219.367
2015-12-18	27068.4554
2015-12-19	27068.4554
2015-12-20	27068.4554
2015-12-21	27085.9008
2015-12-22	27129.9471
2015-12-23	27303.6483
2015-12-24	27409.8114
2015-12-25	27429.4836
2015-12-26	27429.4836
2015-12-27	27429.4836
2015-12-28	27428.6529
2015-12-29	27653.4574
2015-12-30	27733.8334
2015-12-31	27642.7177
2016-01-01	27642.7177
2016-01-02	27642.7177
2016-01-03	27642.7177
2016-01-04	27521.0875
2016-01-05	27319.6978
2016-01-06	27152.0002
2016-01-07	26721.3526
2016-01-08	26660.8544
2016-01-09	26660.8544
2016-01-10	26660.8544
2016-01-11	26467.027
2016-01-12	26458.0173
2016-01-13	26518.3186
2016-01-14	26347.3751
2016-01-15	26260.0706
2016-01-16	26260.0706
2016-01-17	26260.0706
2016-01-18	26159.4742
2016-01-19	26286.0204
2016-01-20	26093.2122
2016-01-21	26075.073
2016-01-22	26353.9782
2016-01-23	26353.9782
2016-01-24	26353.9782
2016-01-25	26581.1207
2016-01-26	26579.0909
2016-01-27	26381.795
2016-01-28	26433.3607
2016-01-29	26648.2563
2016-01-30	26648.2563
2016-01-31	26648.2563
2016-02-01	26783.3154
2016-02-02	26574.9715
2016-02-03	26208.5991
2016-02-04	26375.6116
2016-02-05	26305.35
2016-02-06	26305.35
2016-02-07	26305.35
2016-02-08	26123.1616
2016-02-09	25666.1788
2016-02-10	25488.144
2016-02-11	25560.9492
2016-02-12	25387.3764
2016-02-13	25387.3764
2016-02-14	25387.3764
2016-02-15	25641.368
2016-02-16	25987.2203
2016-02-17	25948.4926
2016-02-18	26272.2233
2016-02-19	26203.0751
2016-02-20	26203.0751
2016-02-21	26203.0751
2016-02-22	26298.7384
2016-02-23	26166.4884
2016-02-24	26004.0406
2016-02-25	26078.7385
2016-02-26	26143.5617
2016-02-27	26143.5617
2016-02-28	26143.5617
2016-02-29	26124.4976
2016-03-01	26400.9277
2016-03-02	26643.4431
2016-03-03	26732.589
2016-03-04	26753.032
2016-03-05	26753.032
2016-03-06	26753.032
2016-03-07	26794.7915
2016-03-08	26669.5557
2016-03-09	26739.9543
2016-03-10	26780.2922
2016-03-11	26880.3575
2016-03-12	26880.3575
2016-03-13	26880.3575
2016-03-14	26986.6748
2016-03-15	26804.5805
2016-03-16	26825.1777
2016-03-17	26860.8223
2016-03-18	26930.0647
2016-03-19	26930.0647
2016-03-20	26930.0647
2016-03-21	26938.9374
2016-03-22	26957.9758
2016-03-23	26940.9585
2016-03-24	26787.4691
2016-03-25	26798.0802
2016-03-26	26798.0802
2016-03-27	26798.0802
2016-03-28	26784.3003
2016-03-29	26643.6658
2016-03-30	26678.6082
2016-03-31	26838.538
2016-04-01	26604.3042
2016-04-02	26604.3042
2016-04-03	26604.3042
2016-04-04	26676.0303
2016-04-05	26461.3831
2016-04-06	26543.4977
2016-04-07	26629.2949
2016-04-08	26559.453
2016-04-09	26559.453
2016-04-10	26559.453
2016-04-11	26510.1226
2016-04-12	26638.2103
2016-04-13	26924.5408
2016-04-14	27066.3914
2016-04-15	27131.2745
2016-04-16	27131.2745
2016-04-17	27131.2745
2016-04-18	27042.1201
2016-04-19	27173.4366
2016-04-20	27224.6083
2016-04-21	27413.4341
2016-04-22	27333.4007
2016-04-23	27333.4007
2016-04-24	27333.4007
2016-04-25	27311.5018
2016-04-26	27296.0089
2016-04-27	27341.1086
2016-04-28	27367.0499
2016-04-29	27367.7007
2016-04-30	27367.7007
2016-05-01	27367.7007
2016-05-02	27350.555
2016-05-03	27689.8128
2016-05-04	27431.6761
2016-05-05	27428.7728
2016-05-06	27595.7083
2016-05-07	27595.7083
2016-05-08	27595.7083
2016-05-09	27726.588
2016-05-10	27864.3363
2016-05-11	27855.1211
2016-05-12	27852.7573
2016-05-13	27757.5908
2016-05-14	27757.5908
2016-05-15	27757.5908
2016-05-16	27875.8638
2016-05-17	27950.2705
2016-05-18	27906.2328
2016-05-19	27862.3493
2016-05-20	27983.7741
2016-05-21	27983.7741
2016-05-22	27983.7741
2016-05-23	27942.34
2016-05-24	27976.6571
2016-05-25	28257.9089
2016-05-26	28281.5036
2016-05-27	28401.8492
2016-05-28	28401.8492
2016-05-29	28401.8492
2016-05-30	28427.5935
2016-05-31	28302.606
2016-06-01	28318.2873
2016-06-02	28222.2472
2016-06-03	28286.6593
2016-06-04	28286.6593
2016-06-05	28286.6593
2016-06-06	28359.9098
2016-06-07	28353.2725
2016-06-08	28355.9788
2016-06-09	28326.0808
2016-06-10	28154.5634
2016-06-11	28154.5634
2016-06-12	28154.5634
2016-06-13	28028.6082
2016-06-14	27746.4914
2016-06-15	27576.9696
2016-06-16	27659.204
2016-06-17	27639.7031
2016-06-18	27639.7031
2016-06-19	27639.7031
2016-06-20	27891.9476
2016-06-21	28018.9391
2016-06-22	27963.6223
2016-06-23	27998.5989
2016-06-24	27287.8472
2016-06-25	27287.8472
2016-06-26	27287.8472
2016-06-27	27322.858
2016-06-28	27345.1681
2016-06-29	27569.5529
2016-06-30	27912.8017
2016-07-01	27933.7842
2016-07-02	27933.7842
2016-07-03	27933.7842
2016-07-04	28010.1949
2016-07-05	27868.3444
2016-07-06	27748.3841
2016-07-07	27828.7516
2016-07-08	27870.3056
2016-07-09	27870.3056
2016-07-10	27870.3056
2016-07-11	28271.903
2016-07-12	28282.3001
2016-07-13	28376.8757
2016-07-14	28487.5865
2016-07-15	28554.8505
2016-07-16	28554.8505
2016-07-17	28554.8505
2016-07-18	28662.8207
2016-07-19	28753.2084
2016-07-20	28928.1172
2016-07-21	28987.9218
2016-07-22	29023.8319
2016-07-23	29023.8319
2016-07-24	29023.8319
2016-07-25	29113.3289
2016-07-26	29072.3658
2016-07-27	29149.0763
2016-07-28	29162.6507
2016-07-29	29170.9495
2016-07-30	29170.9495
2016-07-31	29170.9495
2016-08-01	29286.9787
2016-08-02	29044.5061
2016-08-03	28834.732
2016-08-04	28872.5691
2016-08-05	28983.1172
2016-08-06	28983.1172
2016-08-07	28983.1172
2016-08-08	29076.8278
2016-08-09	29107.7963
2016-08-10	29059.5536
2016-08-11	28985.1041
2016-08-12	29122.7325
2016-08-13	29122.7325
2016-08-14	29122.7325
2016-08-15	29196.2742
2016-08-16	29113.9027
2016-08-17	29214.4134
2016-08-18	29117.4826
2016-08-19	29240.132
2016-08-20	29240.132
2016-08-21	29240.132
2016-08-22	29238.0252
2016-08-23	29329.7746
2016-08-24	29362.2504
2016-08-25	29309.3145
2016-08-26	29166.4361
2016-08-27	29166.4361
2016-08-28	29166.4361
2016-08-29	29176.2166
2016-08-30	29265.7735
2016-08-31	29153.5469
2016-09-01	29103.283
2016-09-02	29012.724
2016-09-03	29012.724
2016-09-04	29012.724
2016-09-05	29145.7705
2016-09-06	29059.4423
2016-09-07	29113.6029
2016-09-08	28996.1264
2016-09-09	28796.7065
2016-09-10	28796.7065
2016-09-11	28796.7065
2016-09-12	28515.0179
2016-09-13	28479.2448
2016-09-14	28527.8216
2016-09-15	28547.6993
2016-09-16	28706.9183
2016-09-17	28706.9183
2016-09-18	28706.9183
2016-09-19	28662.8635
2016-09-20	28688.565
2016-09-21	28908.2652
2016-09-22	29022.0762
2016-09-23	29149.0249
2016-09-24	29149.0249
2016-09-25	29149.0249
2016-09-26	29050.0644
2016-09-27	29009.5809
2016-09-28	29051.6745
2016-09-29	29166.4361
2016-09-30	29098.5983
2016-10-01	29098.5983
2016-10-02	29098.5983
2016-10-03	29207.9559
2016-10-04	29207.6048
2016-10-05	29176.1909
2016-10-06	29303.9703
2016-10-07	29215.6809
2016-10-08	29215.6809
2016-10-09	29215.6809
2016-10-10	29182.4343
2016-10-11	29161.4517
2016-10-12	29078.2666
2016-10-13	28954.2812
2016-10-14	28887.9592
2016-10-15	28887.9592
2016-10-16	28887.9592
2016-10-17	28704.9742
2016-10-18	28779.7663
2016-10-19	28863.9106
2016-10-20	28961.5523
2016-10-21	28947.6181
2016-10-22	28947.6181
2016-10-23	28947.6181
2016-10-24	28913.2667
2016-10-25	28940.7496
2016-10-26	28654.7788
2016-10-27	28488.991
2016-10-28	28478.6796
2016-10-29	28478.6796
2016-10-30	28478.6796
2016-10-31	28569.1529
2016-11-01	28431.79
2016-11-02	28139.9014
2016-11-03	28026.2616
2016-11-04	27909.8812
2016-11-05	27909.8812
2016-11-06	27909.8812
2016-11-07	28205.3498
2016-11-08	28290.222
2016-11-09	28046.6618
2016-11-10	28621.1811
2016-11-11	28767.9048
2016-11-12	28767.9048
2016-11-13	28767.9048
2016-11-14	28767.9818
2016-11-15	28748.1897
2016-11-16	28835.3144
2016-11-17	28915.4163
2016-11-18	29067.2187
2016-11-19	29067.2187
2016-11-20	29067.2187
2016-11-21	29081.5211
2016-11-22	29249.784
2016-11-23	29392.2255
2016-11-24	29381.3745
2016-11-25	29461.4251
2016-11-26	29461.4251
2016-11-27	29461.4251
2016-11-28	29310.5391
2016-11-29	29290.4216
2016-11-30	29309.2202
2016-12-01	29347.9652
2016-12-02	29123.9829
2016-12-03	29123.9829
2016-12-04	29123.9829
2016-12-05	29046.9041
2016-12-06	29224.9389
2016-12-07	29445.367
2016-12-08	29654.9784
2016-12-09	29734.635
2016-12-10	29734.635
2016-12-11	29734.635
2016-12-12	29643.9219
2016-12-13	29660.8792
2016-12-14	29685.69
2016-12-15	29715.9134
2016-12-16	29757.0992
2016-12-17	29757.0992
2016-12-18	29757.0992
2016-12-19	29888.0645
2016-12-20	29962.9251
2016-12-21	29977.0477
2016-12-22	30034.0346
2016-12-23	30064.4721
2016-12-24	30064.4721
2016-12-25	30064.4721
2016-12-26	30062.7764
2016-12-27	30056.0448
2016-12-28	30156.4527
2016-12-29	30167.8775
2016-12-30	30097.2391
2016-12-31	30097.2391
2017-01-01	30097.2391
2017-01-02	30101.7354
2017-01-03	30326.4114
2017-01-04	30370.9458
2017-01-05	30391.4744
2017-01-06	30478.6762
2017-01-07	30478.6762
2017-01-08	30478.6762
2017-01-09	30543.8077
2017-01-10	30451.1162
2017-01-11	30524.2725
2017-01-12	30398.9682
2017-01-13	30344.6448
2017-01-14	30344.6448
2017-01-15	30344.6448
2017-01-16	30377.6602
2017-01-17	30145.8244
2017-01-18	30086.6793
2017-01-19	30101.016
2017-01-20	30043.1984
2017-01-21	30043.1984
2017-01-22	30043.1984
2017-01-23	29888.3215
2017-01-24	30012.9835
2017-01-25	30237.0086
2017-01-26	30292.3854
2017-01-27	30321.0416
2017-01-28	30321.0416
2017-01-29	30321.0416
2017-01-30	30149.9696
2017-01-31	29921.2084
2017-02-01	30065.3713
2017-02-02	29869.8482
2017-02-03	30000.8993
2017-02-04	30000.8993
2017-02-05	30000.8993
2017-02-06	29994.7158
2017-02-07	30019.8264
2017-02-08	30041.5026
2017-02-09	30214.2275
2017-02-10	30286.9299
2017-02-11	30286.9299
2017-02-12	30286.9299
2017-02-13	30562.2038
2017-02-14	30614.0179
2017-02-15	30690.9339
2017-02-16	30700.3718
2017-02-17	30682.1212
2017-02-18	30682.1212
2017-02-19	30682.1212
2017-02-20	30645.4917
2017-02-21	30685.8553
2017-02-22	30772.6888
2017-02-23	30674.0108
2017-02-24	30558.564
2017-02-25	30558.564
2017-02-26	30558.564
2017-02-27	30516.7017
2017-02-28	30494.3232
2017-03-01	30647.5471
2017-03-02	30822.5759
2017-03-03	30747.4926
2017-03-04	30747.4926
2017-03-05	30747.4926
2017-03-06	30758.001
2017-03-07	30752.7682
2017-03-08	30776.0631
2017-03-09	30813.0352
2017-03-10	30910.0088
2017-03-11	30910.0088
2017-03-12	30910.0088
2017-03-13	30856.8588
2017-03-14	30868.8317
2017-03-15	30940.1638
2017-03-16	30978.9858
2017-03-17	30994.6756
2017-03-18	30994.6756
2017-03-19	30994.6756
2017-03-20	30917.1087
2017-03-21	30796.0436
2017-03-22	30604.3402
2017-03-23	30681.9243
2017-03-24	30832.9387
2017-03-25	30832.9387
2017-03-26	30832.9387
2017-03-27	30812.1702
2017-03-28	31046.2669
2017-03-29	31141.031
2017-03-30	31227.599
2017-03-31	31159.2558
2017-04-01	31159.2558
2017-04-02	31159.2558
2017-04-03	31224.3788
2017-04-04	31213.2623
2017-04-05	31211.4981
2017-04-06	31211.5752
2017-04-07	31289.6902
2017-04-08	31289.6902
2017-04-09	31289.6902
2017-04-10	31413.059
2017-04-11	31450.0226
2017-04-12	31442.5288
2017-04-13	31200.2532
2017-04-14	31198.0607
2017-04-15	31198.0607
2017-04-16	31198.0607
2017-04-17	31242.3125
2017-04-18	31131.4133
2017-04-19	31053.2126
2017-04-20	31228.4554
2017-04-21	31276.9808
2017-04-22	31276.9808
2017-04-23	31276.9808
2017-04-24	31419.5679
2017-04-25	31538.4833
2017-04-26	31725.305
2017-04-27	31785.1181
2017-04-28	31759.6907
2017-04-29	31759.6907
2017-04-30	31759.6907
2017-05-01	31844.0234
2017-05-02	31897.576
2017-05-03	31841.634
2017-05-04	31900.8134
2017-05-05	31825.6273
2017-05-06	31825.6273
2017-05-07	31825.6273
2017-05-08	32027.154
2017-05-09	31961.8426
2017-05-10	32099.0428
2017-05-11	32152.2699
2017-05-12	32020.5766
2017-05-13	32020.5766
2017-05-14	32020.5766
2017-05-15	32050.8514
2017-05-16	32158.4191
2017-05-17	31837.3262
2017-05-18	31744.1808
2017-05-19	31761.1638
2017-05-20	31761.1638
2017-05-21	31761.1638
2017-05-22	31922.0957
2017-05-23	31929.6922
2017-05-24	32021.6643
2017-05-25	32132.966
2017-05-26	32045.2418
2017-05-27	32045.2418
2017-05-28	32045.2418
2017-05-29	31965.6109
2017-05-30	31989.8993
2017-05-31	31949.9639
2017-06-01	32119.9397
2017-06-02	32306.7957
2017-06-03	32306.7957
2017-06-04	32306.7957
2017-06-05	32196.2134
2017-06-06	31913.1203
2017-06-07	31902.2008
2017-06-08	31937.3487
2017-06-09	31933.5889
2017-06-10	31933.5889
2017-06-11	31933.5889
2017-06-12	31860.8352
2017-06-13	32151.8417
2017-06-14	32196.3161
2017-06-15	31988.5547
2017-06-16	31960.9262
2017-06-17	31960.9262
2017-06-18	31960.9262
2017-06-19	32174.4772
2017-06-20	32036.275
2017-06-21	31886.588
2017-06-22	32042.5355
2017-06-23	32102.1002
2017-06-24	32102.1002
2017-06-25	32102.1002
2017-06-26	32335.3662
2017-06-27	32264.0255
2017-06-28	32371.0708
2017-06-29	32425.7282
2017-06-30	32137.0768
2017-07-01	32137.0768
2017-07-02	32137.0768
2017-07-03	32112.6258
2017-07-04	32398.5194
2017-07-05	32417.8148
2017-07-06	32376.295
2017-07-07	32225.7088
2017-07-08	32225.7088
2017-07-09	32225.7088
2017-07-10	32360.0057
2017-07-11	32356.6314
2017-07-12	32235.3351
2017-07-13	32435.3459
2017-07-14	32432.2799
2017-07-15	32432.2799
2017-07-16	32432.2799
2017-07-17	32416.0077
2017-07-18	32175.5477
2017-07-19	32294.8656
2017-07-20	32363.5513
2017-07-21	32276.1269
2017-07-22	32276.1269
2017-07-23	32276.1269
2017-07-24	32191.2204
2017-07-25	32325.7228
2017-07-26	32441.3838
2017-07-27	32404.5144
2017-07-28	32082.7021
2017-07-29	32082.7021
2017-07-30	32082.7021
2017-07-31	32186.5957
2017-08-01	32352.4606
2017-08-02	32286.798
2017-08-03	32237.3477
2017-08-04	32272.5899
2017-08-05	32272.5899
2017-08-06	32272.5899
2017-08-07	32472.515
2017-08-08	32397.5688
2017-08-09	32425.2657
2017-08-10	32243.7025
2017-08-11	32028.7127
2017-08-12	32028.7127
2017-08-13	32028.7127
2017-08-14	32239.9427
2017-08-15	32363.6284
2017-08-16	32413.1215
2017-08-17	32293.4782
2017-08-18	32197.4466
2017-08-19	32197.4466
2017-08-20	32197.4466
2017-08-21	32082.4451
2017-08-22	32325.7571
2017-08-23	32342.0806
2017-08-24	32381.7162
2017-08-25	32387.0347
2017-08-26	32387.0347
2017-08-27	32387.0347
2017-08-28	32299.9186
2017-08-29	32188.3342
2017-08-30	32358.7725
2017-08-31	32528.9795
2017-09-01	32571.4242
2017-09-02	32571.4242
2017-09-03	32571.4242
2017-09-04	32514.6514
2017-09-05	32391.9078
2017-09-06	32421.6088
2017-09-07	32434.0527
2017-09-08	32377.1172
2017-09-09	32377.1172
2017-09-10	32377.1172
2017-09-11	32657.0501
2017-09-12	32763.6671
2017-09-13	32783.896
2017-09-14	32750.3753
2017-09-15	32626.4413
2017-09-16	32626.4413
2017-09-17	32626.4413
2017-09-18	32775.2889
2017-09-19	32764.7462
2017-09-20	32677.5445
2017-09-21	32647.3724
2017-09-22	32676.7137
2017-09-23	32676.7137
2017-09-24	32676.7137
2017-09-25	32651.0551
2017-09-26	32655.8853
2017-09-27	32710.6969
2017-09-28	32778.2265
2017-09-29	32863.3985
2017-09-30	32863.3985
2017-10-01	32863.3985
2017-10-02	33039.6091
2017-10-03	33049.5693
2017-10-04	32901.1414
2017-10-05	33057.1059
2017-10-06	33275.1703
2017-10-07	33275.1703
2017-10-08	33275.1703
2017-10-09	33343.1195
2017-10-10	33326.7188
2017-10-11	33458.1981
2017-10-12	33466.514
2017-10-13	33463.2424
2017-10-14	33463.2424
2017-10-15	33463.2424
2017-10-16	33602.0184
2017-10-17	33714.2879
2017-10-18	33731.0226
2017-10-19	33642.4334
2017-10-20	33784.7208
2017-10-21	33784.7208
2017-10-22	33784.7208
2017-10-23	33741.274
2017-10-24	33829.7091
2017-10-25	33897.6668
2017-10-26	33949.1297
2017-10-27	34045.1527
2017-10-28	34045.1527
2017-10-29	34045.1527
2017-10-30	34082.7072
2017-10-31	34070.7001
2017-11-01	34201.9737
2017-11-02	34148.1385
2017-11-03	34369.4744
2017-11-04	34369.4744
2017-11-05	34369.4744
2017-11-06	34352.8254
2017-11-07	34554.6347
2017-11-08	34473.4365
2017-11-09	34522.7498
2017-11-10	34433.1757
2017-11-11	34433.1757
2017-11-12	34433.1757
2017-11-13	34460.2903
2017-11-14	34315.6991
2017-11-15	34216.6444
2017-11-16	34316.8725
2017-11-17	34445.4055
2017-11-18	34445.4055
2017-11-19	34445.4055
2017-11-20	34435.5395
2017-11-21	34573.8444
2017-11-22	34657.1494
2017-11-23	34635.5074
2017-11-24	34697.0591
2017-11-25	34697.0591
2017-11-26	34697.0591
2017-11-27	34650.0668
2017-11-28	34755.9387
2017-11-29	34776.6386
2017-11-30	34623.4061
2017-12-01	34628.3648
2017-12-02	34628.3648
2017-12-03	34628.3648
2017-12-04	34613.6942
2017-12-05	34537.9429
2017-12-06	34426.1016
2017-12-07	34575.3261
2017-12-08	34724.4563
2017-12-09	34724.4563
2017-12-10	34724.4563
2017-12-11	34772.6477
2017-12-12	34807.3417
2017-12-13	34742.3043
2017-12-14	34625.8298
2017-12-15	34683.6645
2017-12-16	34683.6645
2017-12-17	34683.6645
2017-12-18	34943.0003
2017-12-19	35021.141
2017-12-20	35009.6991
2017-12-21	35093.3552
2017-12-22	35096.0273
2017-12-23	35096.0273
2017-12-24	35096.0273
2017-12-25	35095.4963
2017-12-26	35061.1534
2017-12-27	35031.4438
2017-12-28	35112.6934
2017-12-29	35082.5299
2017-12-30	35082.5299
2017-12-31	35082.5299
2018-01-01	35082.0418
2018-01-02	35188.479
2018-01-03	35313.0382
2018-01-04	35436.9038
2018-01-05	35681.9114
2018-01-06	35681.9114
2018-01-07	35681.9114
2018-01-08	35728.3128
2018-01-09	35792.1426
2018-01-10	35653.6835
2018-01-11	35608.2241
2018-01-12	35680.858
2018-01-13	35680.858
2018-01-14	35680.858
2018-01-15	35655.0966
2018-01-16	35641.8476
2018-01-17	35578.7715
2018-01-18	35554.132
2018-01-19	35586.3852
2018-01-20	35586.3852
2018-01-21	35586.3852
2018-01-22	35631.9044
2018-01-23	35909.1224
2018-01-24	35841.8926
2018-01-25	35815.2491
2018-01-26	35903.3587
2018-01-27	35903.3587
2018-01-28	35903.3587
2018-01-29	35918.4061
2018-01-30	35680.8923
2018-01-31	35676.6444
2018-02-01	35879.7126
2018-02-02	35823.4194
2018-02-03	35823.4194
2018-02-04	35823.4194
2018-02-05	35185.6527
2018-02-06	34629.2384
2018-02-07	34745.1305
2018-02-08	34590.9131
2018-02-09	34398.5502
2018-02-10	34398.5502
2018-02-11	34398.5502
2018-02-12	34432.2251
2018-02-13	34556.8786
2018-02-14	34685.797
2018-02-15	35019.608
2018-02-16	35020.9783
2018-02-17	35020.9783
2018-02-18	35020.9783
2018-02-19	35175.7867
2018-02-20	35112.5906
2018-02-21	35165.2611
2018-02-22	35117.4637
2018-02-23	35461.5947
2018-02-24	35461.5947
2018-02-25	35461.5947
2018-02-26	35675.3597
2018-02-27	35663.4468
2018-02-28	35434.266
2018-03-01	35262.3718
2018-03-02	35094.5028
2018-03-03	35094.5028
2018-03-04	35094.5028
2018-03-05	35072.6296
2018-03-06	35276.9482
2018-03-07	35121.4633
2018-03-08	35405.1987
2018-03-09	35508.6898
2018-03-10	35508.6898
2018-03-11	35508.6898
2018-03-12	35652.6129
2018-03-13	35493.1027
2018-03-14	35377.005
2018-03-15	35466.4335
2018-03-16	35648.699
2018-03-17	35648.699
2018-03-18	35648.699
2018-03-19	35553.0786
2018-03-20	35504.8187
2018-03-21	35514.248
2018-03-22	35319.864
2018-03-23	34691.6465
2018-03-24	34691.6465
2018-03-25	34691.6465
2018-03-26	34851.5078
2018-03-27	34930.7876
2018-03-28	34761.3599
2018-03-29	34782.6936
2018-03-30	34784.749
2018-03-31	34784.749
2018-04-01	34784.749
2018-04-02	34650.829
2018-04-03	34691.2953
2018-04-04	34709.3061
2018-04-05	34914.327
2018-04-06	34754.4143
2018-04-07	34754.4143
2018-04-08	34754.4143
2018-04-09	34869.2016
2018-04-10	35093.1582
2018-04-11	34983.4495
2018-04-12	35081.2196
2018-04-13	35061.8643
2018-04-14	35061.8643
2018-04-15	35061.8643
2018-04-16	35140.5959
2018-04-17	35205.1793
2018-04-18	35304.1827
2018-04-19	35449.2621
2018-04-20	35450.0414
2018-04-21	35450.0414
2018-04-22	35450.0414
2018-04-23	35505.4268
2018-04-24	35500.0655
2018-04-25	35495.6463
2018-04-26	35544.2573
2018-04-27	35703.0824
2018-04-28	35703.0824
2018-04-29	35703.0824
2018-04-30	35760.7544
2018-05-01	35892.3278
2018-05-02	35906.793
2018-05-03	36015.4312
2018-05-04	35987.8027
2018-05-05	35987.8027
2018-05-06	35987.8027
2018-05-07	36148.6404
2018-05-08	36285.2582
2018-05-09	36406.2889
2018-05-10	36520.1599
2018-05-11	36550.9572
2018-05-12	36550.9572
2018-05-13	36550.9572
2018-05-14	36674.4716
2018-05-15	36609.9224
2018-05-16	36627.0682
2018-05-17	36659.9979
2018-05-18	36610.0937
2018-05-19	36610.0937
2018-05-20	36610.0937
2018-05-21	36592.3999
2018-05-22	36442.6787
2018-05-23	36419.9319
2018-05-24	36351.4859
2018-05-25	36287.1423
2018-05-26	36287.1423
2018-05-27	36287.1423
2018-05-28	36175.1298
2018-05-29	36357.0699
2018-05-30	36301.5732
2018-05-31	36399.9514
2018-06-01	36507.6732
2018-06-02	36507.6732
2018-06-03	36507.6732
2018-06-04	36600.3732
2018-06-05	36556.995
2018-06-06	36695.0516
2018-06-07	36838.5894
2018-06-08	36800.9664
2018-06-09	36800.9664
2018-06-10	36800.9664
2018-06-11	36815.6114
2018-06-12	36860.9936
2018-06-13	36803.2873
2018-06-14	36845.4323
2018-06-15	37162.1489
2018-06-16	37162.1489
2018-06-17	37162.1489
2018-06-18	37119.5243
2018-06-19	36990.5287
2018-06-20	37192.2952
2018-06-21	37258.6771
2018-06-22	37263.1734
2018-06-23	37263.1734
2018-06-24	37263.1734
2018-06-25	37050.0935
2018-06-26	37030.8923
2018-06-27	36930.236
2018-06-28	37079.4005
2018-06-29	37043.5418
2018-06-30	37043.5418
2018-07-01	37043.5418
2018-07-02	37055.1464
2018-07-03	37001.0628
2018-07-04	36906.9668
2018-07-05	37026.9527
2018-07-06	37203.4802
2018-07-07	37203.4802
2018-07-08	37203.4802
2018-07-09	37354.3918
2018-07-10	37330.1377
2018-07-11	37176.417
2018-07-12	37376.5734
2018-07-13	37357.7233
2018-07-14	37357.7233
2018-07-15	37357.7233
2018-07-16	37304.5733
2018-07-17	37252.7592
2018-07-18	37427.4625
2018-07-19	37494.324
2018-07-20	37480.2357
2018-07-21	37480.2357
2018-07-22	37480.2357
2018-07-23	37381.9004
2018-07-24	37530.2084
2018-07-25	37581.9026
2018-07-26	37633.9393
2018-07-27	37747.8189
2018-07-28	37747.8189
2018-07-29	37747.8189
2018-07-30	37608.4862
2018-07-31	37564.6883
2018-08-01	37637.6305
2018-08-02	37518.2955
2018-08-03	37500.1649
2018-08-04	37500.1649
2018-08-05	37500.1649
2018-08-06	37643.4885
2018-08-07	37582.9903
2018-08-08	37632.629
2018-08-09	37733.3366
2018-08-10	37627.8844
2018-08-11	37627.8844
2018-08-12	37627.8844
2018-08-13	37454.2859
2018-08-14	37668.8646
2018-08-15	37654.1425
2018-08-16	37557.9996
2018-08-17	37613.3336
2018-08-18	37613.3336
2018-08-19	37613.3336
2018-08-20	37680.9402
2018-08-21	37550.5658
2018-08-22	37597.6095
2018-08-23	37712.6967
2018-08-24	37743.9307
2018-08-25	37743.9307
2018-08-26	37743.9307
2018-08-27	37957.5759
2018-08-28	38066.7108
2018-08-29	38321.6959
2018-08-30	38186.6796
2018-08-31	38141.2545
2018-09-01	38141.2545
2018-09-02	38141.2545
2018-09-03	38099.2637
2018-09-04	38030.2012
2018-09-05	37717.7924
2018-09-06	37443.0666
2018-09-07	37411.4301
2018-09-08	37411.4301
2018-09-09	37411.4301
2018-09-10	37426.3491
2018-09-11	37601.2579
2018-09-12	37495.857
2018-09-13	37449.0702
2018-09-14	37657.5939
2018-09-15	37657.5939
2018-09-16	37657.5939
2018-09-17	37644.4477
2018-09-18	37557.5286
2018-09-19	37645.013
2018-09-20	37717.7325
2018-09-21	37843.9104
2018-09-22	37843.9104
2018-09-23	37843.9104
2018-09-24	37831.0297
2018-09-25	37879.1268
2018-09-26	37881.9616
2018-09-27	37943.9843
2018-09-28	37959.4686
2018-09-29	37959.4686
2018-09-30	37959.4686
2018-10-01	37898.4393
2018-10-02	37748.6839
2018-10-03	37879.6835
2018-10-04	37934.6406
2018-10-05	37844.9552
2018-10-06	37844.9552
2018-10-07	37844.9552
2018-10-08	37497.3815
2018-10-09	37267.7896
2018-10-10	36949.9425
2018-10-11	36156.3568
2018-10-12	36341.5342
2018-10-13	36341.5342
2018-10-14	36341.5342
2018-10-15	36078.3702
2018-10-16	36432.4786
2018-10-17	36694.8718
2018-10-18	36490.87
2018-10-19	36447.4661
2018-10-20	36447.4661
2018-10-21	36447.4661
2018-10-22	36315.67
2018-10-23	36034.7522
2018-10-24	35679.1965
2018-10-25	35211.2257
2018-10-26	35070.9167
2018-10-27	35070.9167
2018-10-28	35070.9167
2018-10-29	35166.049
2018-10-30	35398.6384
2018-10-31	35715.552
2018-11-01	35779.9641
2018-11-02	35968.7557
2018-11-03	35968.7557
2018-11-04	35968.7557
2018-11-05	35909.7391
2018-11-06	36114.6743
2018-11-07	36231.1917
2018-11-08	36302.3611
2018-11-09	36191.7617
2018-11-10	36191.7617
2018-11-11	36191.7617
2018-11-12	36092.4243
2018-11-13	35761.1312
2018-11-14	35411.896
2018-11-15	35468.4975
2018-11-16	35417.6683
2018-11-17	35417.6683
2018-11-18	35417.6683
2018-11-19	35218.0172
2018-11-20	35005.8194
2018-11-21	34863.7547
2018-11-22	34988.8193
2018-11-23	35020.8155
2018-11-24	35020.8155
2018-11-25	35020.8155
2018-11-26	35030.9728
2018-11-27	35192.5213
2018-11-28	35347.0214
2018-11-29	35405.1901
2018-11-30	35238.5887
2018-12-01	35238.5887
2018-12-02	35238.5887
2018-12-03	35781.5742
2018-12-04	35328.8137
2018-12-05	35245.8855
2018-12-06	35088.8761
2018-12-07	34917.6756
2018-12-08	34917.6756
2018-12-09	34917.6756
2018-12-10	34442.802
2018-12-11	34524.0516
2018-12-12	34833.4457
2018-12-13	34896.616
2018-12-14	34623.3889
2018-12-15	34623.3889
2018-12-16	34623.3889
2018-12-17	34620.9224
2018-12-18	34395.527
2018-12-19	34320.1697
2018-12-20	33927.385
2018-12-21	33659.9217
2018-12-22	33659.9217
2018-12-23	33659.9217
2018-12-24	33616.8946
2018-12-25	33586.38
2018-12-26	33852.9783
2018-12-27	34276.3975
2018-12-28	34493.9223
2018-12-29	34493.9223
2018-12-30	34493.9223
2018-12-31	34621.6161
2019-01-01	34621.5305
2019-01-02	34456.4706
2019-01-03	34450.193
2019-01-04	34538.4482
2019-01-05	34538.4482
2019-01-06	34538.4482
2019-01-07	34842.3183
2019-01-08	35093.8177
2019-01-09	35368.4236
2019-01-10	35422.4729
2019-01-11	35353.1106
2019-01-12	35353.1106
2019-01-13	35353.1106
2019-01-14	35298.1106
2019-01-15	35538.485
2019-01-16	35671.0604
2019-01-17	35823.6764
2019-01-18	36051.9065
2019-01-19	36051.9065
2019-01-20	36051.9065
2019-01-21	36145.5058
2019-01-22	35966.7602
2019-01-23	35919.1941
2019-01-24	36062.0724
2019-01-25	36251.078
2019-01-26	36251.078
2019-01-27	36251.078
2019-01-28	36176.4059
2019-01-29	36148.7517
2019-01-30	36243.1218
2019-01-31	36164.2874
2019-02-01	36311.2508
2019-02-02	36311.2508
2019-02-03	36311.2508
2019-02-04	36516.3403
2019-02-05	36834.5299
2019-02-06	37004.5228
2019-02-07	37113.4865
2019-02-08	36989.561
2019-02-09	36989.561
2019-02-10	36989.561
2019-02-11	37016.2473
2019-02-12	37231.22
2019-02-13	37292.1379
2019-02-14	37322.6868
2019-02-15	37413.0573
2019-02-16	37413.0573
2019-02-17	37413.0573
2019-02-18	37531.3132
2019-02-19	37569.8783
2019-02-20	37630.4965
2019-02-21	37832.5027
2019-02-22	37882.9122
2019-02-23	37882.9122
2019-02-24	37882.9122
2019-02-25	37971.9725
2019-02-26	37869.5862
2019-02-27	37999.3097
2019-02-28	38019.2988
2019-03-01	38146.7614
2019-03-02	38146.7614
2019-03-03	38146.7614
2019-03-04	38235.7873
2019-03-05	38193.6681
2019-03-06	38346.4553
2019-03-07	38258.2344
2019-03-08	37989.4436
2019-03-09	37989.4436
2019-03-10	37989.4436
2019-03-11	38053.4104
2019-03-12	38087.2394
2019-03-13	38118.5677
2019-03-14	38236.2241
2019-03-15	38297.2105
2019-03-16	38297.2105
2019-03-17	38297.2105
2019-03-18	38441.1422
2019-03-19	38418.9864
2019-03-20	38319.5891
2019-03-21	38387.9322
2019-03-22	38242.2534
2019-03-23	38242.2534
2019-03-24	38242.2534
2019-03-25	37879.7178
2019-03-26	37967.5533
2019-03-27	38003.138
2019-03-28	38133.0756
2019-03-29	38197.7447
2019-03-30	38197.7447
2019-03-31	38197.7447
2019-04-01	38520.7988
2019-04-02	38668.2248
2019-04-03	38828.5657
2019-04-04	38705.8135
2019-04-05	38621.3267
2019-04-06	38621.3267
2019-04-07	38621.3267
2019-04-08	38783.4575
2019-04-09	38710.3098
2019-04-10	38759.3747
2019-04-11	38689.6613
2019-04-12	38868.0986
2019-04-13	38868.0986
2019-04-14	38868.0986
2019-04-15	38839.7593
2019-04-16	38962.4087
2019-04-17	38897.9366
2019-04-18	38877.4337
2019-04-19	38877.6135
2019-04-20	38877.6135
2019-04-21	38877.6135
2019-04-22	38903.8374
2019-04-23	39216.9056
2019-04-24	39450.0517
2019-04-25	39464.7823
2019-04-26	39420.8303
2019-04-27	39420.8303
2019-04-28	39420.8303
2019-04-29	39421.3013
2019-04-30	39370.0611
2019-05-01	39456.4407
2019-05-02	39338.7071
2019-05-03	39448.2617
2019-05-04	39448.2617
2019-05-05	39448.2617
2019-05-06	39251.9165
2019-05-07	39051.9143
2019-05-08	38880.9878
2019-05-09	38849.1372
2019-05-10	38920.2295
2019-05-11	38920.2295
2019-05-12	38920.2295
2019-05-13	38678.3478
2019-05-14	38585.3052
2019-05-15	38806.8895
2019-05-16	39140.6319
2019-05-17	39213.9081
2019-05-18	39213.9081
2019-05-19	39213.9081
2019-05-20	39291.0211
2019-05-21	39351.2196
2019-05-22	39330.6481
2019-05-23	39094.5559
2019-05-24	38998.0276
2019-05-25	38998.0276
2019-05-26	38998.0276
2019-05-27	39008.6988
2019-05-28	39035.231
2019-05-29	38833.1562
2019-05-30	38716.5703
2019-05-31	38540.394
2019-06-01	38540.394
2019-06-02	38540.394
2019-06-03	38221.5363
2019-06-04	38382.8793
2019-06-05	38526.6997
2019-06-06	38629.7968
2019-06-07	38818.3913
2019-06-08	38818.3913
2019-06-09	38818.3913
2019-06-10	39020.2863
2019-06-11	39377.3236
2019-06-12	39336.489
2019-06-13	39411.675
2019-06-14	39482.8701
2019-06-15	39482.8701
2019-06-16	39482.8701
2019-06-17	39418.9633
2019-06-18	39717.9089
2019-06-19	40028.8703
2019-06-20	40251.4651
2019-06-21	40119.2237
2019-06-22	40119.2237
2019-06-23	40119.2237
2019-06-24	40241.6076
2019-06-25	40012.0414
2019-06-26	40194.8123
2019-06-27	40370.5347
2019-06-28	40310.9442
2019-06-29	40310.9442
2019-06-30	40310.9442
2019-07-01	40704.0887
2019-07-02	40725.508
2019-07-03	40811.5536
2019-07-04	40889.0349
2019-07-05	40990.6161
2019-07-06	40990.6161
2019-07-07	40990.6161
2019-07-08	40646.8449
2019-07-09	40720.241
2019-07-10	40751.7062
2019-07-11	40873.9702
2019-07-12	40806.0296
2019-07-13	40806.0296
2019-07-14	40806.0296
2019-07-15	40659.0319
2019-07-16	40575.6926
2019-07-17	40619.7645
2019-07-18	40467.4912
2019-07-19	40629.7163
2019-07-20	40629.7163
2019-07-21	40629.7163
2019-07-22	40605.0339
2019-07-23	40882.0806
2019-07-24	41074.6148
2019-07-25	41133.3574
2019-07-26	41262.3958
2019-07-27	41262.3958
2019-07-28	41262.3958
2019-07-29	41360.2173
2019-07-30	41398.2942
2019-07-31	41152.8497
2019-08-01	40993.2111
2019-08-02	40802.5011
2019-08-03	40802.5011
2019-08-04	40802.5011
2019-08-05	39973.2622
2019-08-06	39612.3967
2019-08-07	39799.4325
2019-08-08	40072.9422
2019-08-09	40034.6169
2019-08-10	40034.6169
2019-08-11	40034.6169
2019-08-12	40023.1921
2019-08-13	40042.0079
2019-08-14	39931.8281
2019-08-15	39375.2853
2019-08-16	39574.2256
2019-08-17	39574.2256
2019-08-18	39574.2256
2019-08-19	39871.3898
2019-08-20	40028.1594
2019-08-21	39936.9581
2019-08-22	40059.4877
2019-08-23	39827.1381
2019-08-24	39827.1381
2019-08-25	39827.1381
2019-08-26	39650.6106
2019-08-27	39751.2583
2019-08-28	39957.0329
2019-08-29	40156.2215
2019-08-30	40487.0007
2019-08-31	40487.0007
2019-09-01	40487.0007
2019-09-02	40423.4878
2019-09-03	40305.7371
2019-09-04	40366.912
2019-09-05	40757.5128
2019-09-06	40798.1333
2019-09-07	40798.1333
2019-09-08	40798.1333
2019-09-09	40817.8055
2019-09-10	40758.806
2019-09-11	40986.5566
2019-09-12	41068.714
2019-09-13	41078.7856
2019-09-14	41078.7856
2019-09-15	41078.7856
2019-09-16	41118.9608
2019-09-17	41174.2691
2019-09-18	41188.58
2019-09-19	41344.4761
2019-09-20	41410.1814
2019-09-21	41410.1814
2019-09-22	41410.1814
2019-09-23	41463.0489
2019-09-24	41310.2103
2019-09-25	41238.2615
2019-09-26	41108.5723
2019-09-27	41126.4802
2019-09-28	41126.4802
2019-09-29	41126.4802
2019-09-30	41157.4659
2019-10-01	41268.2024
2019-10-02	40678.0446
2019-10-03	40301.6434
2019-10-04	40529.8565
2019-10-05	40529.8565
2019-10-06	40529.8565
2019-10-07	40644.4383
2019-10-08	40549.8284
2019-10-09	40507.9147
2019-10-10	40520.0332
2019-10-11	40836.2274
2019-10-12	40836.2274
2019-10-13	40836.2274
2019-10-14	41051.063
2019-10-15	41250.3715
2019-10-16	41513.6725
2019-10-17	41194.2153
2019-10-18	41131.7901
2019-10-19	41131.7901
2019-10-20	41131.7901
2019-10-21	41186.1563
2019-10-22	41235.5467
2019-10-23	41227.4705
2019-10-24	41398.0372
2019-10-25	41601.3538
2019-10-26	41601.3538
2019-10-27	41601.3538
2019-10-28	41671.9922
2019-10-29	41652.9024
2019-10-30	41550.6703
2019-10-31	41430.1876
2019-11-01	41602.6642
2019-11-02	41602.6642
2019-11-03	41602.6642
2019-11-04	41814.7763
2019-11-05	41894.3901
2019-11-06	41792.0895
2019-11-07	42059.4072
2019-11-08	42070.044
2019-11-09	42070.044
2019-11-10	42070.044
2019-11-11	42252.3267
2019-11-12	42269.7294
2019-11-13	42129.369
2019-11-14	42335.8458
2019-11-15	42515.0368
2019-11-16	42515.0368
2019-11-17	42515.0368
2019-11-18	42515.7391
2019-11-19	42630.4922
2019-11-20	42361.6158
2019-11-21	42241.2359
2019-11-22	42394.5884
2019-11-23	42394.5884
2019-11-24	42394.5884
2019-11-25	42635.5451
2019-11-26	42816.4661
2019-11-27	43061.8249
2019-11-28	43111.6434
2019-11-29	43008.6148
2019-11-30	43008.6148
2019-12-01	43008.6148
2019-12-02	42898.6663
2019-12-03	42328.275
2019-12-04	42164.2171
2019-12-05	42464.9185
2019-12-06	42620.6261
2019-12-07	42620.6261
2019-12-08	42620.6261
2019-12-09	42675.1122
2019-12-10	42660.6728
2019-12-11	42763.3588
2019-12-12	42696.9512
2019-12-13	42981.5002
2019-12-14	42981.5002
2019-12-15	42981.5002
2019-12-16	43392.664
2019-12-17	43492.3782
2019-12-18	43492.6608
2019-12-19	43455.5003
2019-12-20	43583.6137
2019-12-21	43583.6137
2019-12-22	43583.6137
2019-12-23	43484.225
2019-12-24	43490.888
2019-12-25	43491.8386
2019-12-26	43544.7147
2019-12-27	43593.9937
2019-12-28	43593.9937
2019-12-29	43593.9937
2019-12-30	43474.4874
2019-12-31	43100.0559
2020-01-01	43099.8418
2020-01-02	43334.5637
2020-01-03	43433.9097
2020-01-04	43433.9097
2020-01-05	43433.9097
2020-01-06	43425.1998
2020-01-07	43782.2457
2020-01-08	43846.2382
2020-01-09	44155.1612
2020-01-10	44184.0572
2020-01-11	44184.0572
2020-01-12	44184.0572
2020-01-13	44242.363
2020-01-14	44418.7106
2020-01-15	44440.8579
2020-01-16	44667.5037
2020-01-17	44857.6056
2020-01-18	44857.6056
2020-01-19	44857.6056
2020-01-20	44905.1889
2020-01-21	44794.4353
2020-01-22	44980.5462
2020-01-23	44761.8909
2020-01-24	44732.4382
2020-01-25	44732.4382
2020-01-26	44732.4382
2020-01-27	44569.9819
2020-01-28	44367.2391
2020-01-29	44496.1576
2020-01-30	44399.321
2020-01-31	44199.4216
2020-02-01	44199.4216
2020-02-02	44199.4216
2020-02-03	43983.4127
2020-02-04	44300.1549
2020-02-05	44550.0271
2020-02-06	44930.8304
2020-02-07	44837.6593
2020-02-08	44837.6593
2020-02-09	44837.6593
2020-02-10	44858.8303
2020-02-11	44941.1761
2020-02-12	45089.1501
2020-02-13	45148.9461
2020-02-14	45236.4134
2020-02-15	45236.4134
2020-02-16	45236.4134
2020-02-17	45176.7715
2020-02-18	45078.205
2020-02-19	45349.1025
2020-02-20	45389.92
2020-02-21	45114.3635
2020-02-22	45114.3635
2020-02-23	45114.3635
2020-02-24	44197.3147
2020-02-25	43397.4857
2020-02-26	43028.5183
2020-02-27	42263.2462
2020-02-28	41579.9516
2020-02-29	41579.9516
2020-03-01	41579.9516
2020-03-02	41984.3496
2020-03-03	41602.4843
2020-03-04	41710.4802
2020-03-05	41742.2195
2020-03-06	40742.7993
2020-03-07	40742.7993
2020-03-08	40742.7993
2020-03-09	38269.8989
2020-03-10	39502.902
2020-03-11	38254.8772
2020-03-12	36115.8048
2020-03-13	37898.0025
2020-03-14	37898.0025
2020-03-15	37898.0025
2020-03-16	34782.2739
2020-03-17	36464.1066
2020-03-18	34982.9185
2020-03-19	34590.4506
2020-03-20	34558.0005
2020-03-21	34558.0005
2020-03-22	34558.0005
2020-03-23	33369.5575
2020-03-24	34869.7498
2020-03-25	35787.9546
2020-03-26	36475.9339
2020-03-27	35441.7512
2020-03-28	35441.7512
2020-03-29	35441.7512
2020-03-30	36612.2519
2020-03-31	36021.2977
2020-04-01	36005.4794
2020-04-02	36019.8589
2020-04-03	35724.1334
2020-04-04	35724.1334
2020-04-05	35724.1334
2020-04-06	37105.8642
2020-04-07	36883.5263
2020-04-08	37135.334
2020-04-09	37676.7009
2020-04-10	37681.1286
2020-04-11	37681.1286
2020-04-12	37681.1286
2020-04-13	37431.1537
2020-04-14	37990.0517
2020-04-15	37822.2598
2020-04-16	37798.8108
2020-04-17	38445.6214
2020-04-18	38445.6214
2020-04-19	38445.6214
2020-04-20	37843.5678
2020-04-21	37327.3029
2020-04-22	37553.8288
2020-04-23	37400.1595
2020-04-24	37636.166
2020-04-25	37636.166
2020-04-26	37636.166
2020-04-27	37994.0512
2020-04-28	37903.1154
2020-04-29	38426.4031
2020-04-30	38727.2757
2020-05-01	37811.366
2020-05-02	37811.366
2020-05-03	37811.366
2020-05-04	38096.9771
2020-05-05	38332.6667
2020-05-06	38346.2497
2020-05-07	38480.7693
2020-05-08	38711.6373
2020-05-09	38711.6373
2020-05-10	38711.6373
2020-05-11	39026.9407
2020-05-12	38603.59
2020-05-13	38480.1184
2020-05-14	38379.0682
2020-05-15	38699.9384
2020-05-16	38699.9384
2020-05-17	38699.9384
2020-05-18	39235.199
2020-05-19	39239.9521
2020-05-20	39519.7994
2020-05-21	39423.4253
2020-05-22	39333.9368
2020-05-23	39333.9368
2020-05-24	39333.9368
2020-05-25	39709.6187
2020-05-26	40136.6435
2020-05-27	40298.5431
2020-05-28	40384.6915
2020-05-29	40192.4314
2020-05-30	40192.4314
2020-05-31	40192.4314
2020-06-01	40341.4503
2020-06-02	40347.4881
2020-06-03	40844.706
2020-06-04	40768.6207
2020-06-05	41113.2826
2020-06-06	41113.2826
2020-06-07	41113.2826
2020-06-08	41264.7681
2020-06-09	41554.4643
2020-06-10	41454.0735
2020-06-11	40347.137
2020-06-12	40271.6855
2020-06-13	40271.6855
2020-06-14	40271.6855
2020-06-15	39832.585
2020-06-16	40931.2398
2020-06-17	40799.7605
2020-06-18	40844.6461
2020-06-19	40855.8653
2020-06-20	40855.8653
2020-06-21	40855.8653
2020-06-22	40991.2242
2020-06-23	41079.2138
2020-06-24	40872.4886
2020-06-25	40604.6057
2020-06-26	40637.6811
2020-06-27	40637.6811
2020-06-28	40637.6811
2020-06-29	40704.3114
2020-06-30	41105.7032
2020-07-01	41186.5246
2020-07-02	41685.5838
2020-07-03	41702.1814
2020-07-04	41702.1814
2020-07-05	41702.1814
2020-07-06	41850.9691
2020-07-07	41663.9332
2020-07-08	41599.915
2020-07-09	41759.0741
2020-07-10	41746.613
2020-07-11	41746.613
2020-07-12	41746.613
2020-07-13	41778.104
2020-07-14	41621.0346
2020-07-15	42073.4098
2020-07-16	41851.8084
2020-07-17	42035.6669
2020-07-18	42035.6669
2020-07-19	42035.6669
2020-07-20	42127.4591
2020-07-21	42481.8158
2020-07-22	42184.2319
2020-07-23	42153.8886
2020-07-24	41853.4613
2020-07-25	41853.4613
2020-07-26	41853.4613
2020-07-27	42049.8922
2020-07-28	41925.2388
2020-07-29	42025.2441
2020-07-30	42143.894
2020-07-31	41773.2309
2020-08-01	41773.2309
2020-08-02	41773.2309
2020-08-03	42092.0971
2020-08-04	42426.8758
2020-08-05	42297.3493
2020-08-06	42592.9206
2020-08-07	42401.3028
2020-08-08	42401.3028
2020-08-09	42401.3028
2020-08-10	42726.7122
2020-08-11	42665.5716
2020-08-12	42837.2088
2020-08-13	42718.6788
2020-08-14	42866.3103
2020-08-15	42866.3103
2020-08-16	42866.3103
2020-08-17	42697.8847
2020-08-18	42910.0482
2020-08-19	42991.589
2020-08-20	42960.7147
2020-08-21	43125.9458
2020-08-22	43125.9458
2020-08-23	43125.9458
2020-08-24	43341.792
2020-08-25	43513.4978
2020-08-26	43473.7765
2020-08-27	43591.8012
2020-08-28	43317.3152
2020-08-29	43317.3152
2020-08-30	43317.3152
2020-08-31	43262.1611
2020-09-01	43165.6756
2020-09-02	43860.395
2020-09-03	43457.6928
2020-09-04	42819.6092
2020-09-05	42819.6092
2020-09-06	42819.6092
2020-09-07	42780.9756
2020-09-08	42624.54
2020-09-09	42451.4725
2020-09-10	42435.8598
2020-09-11	42258.7671
2020-09-12	42258.7671
2020-09-13	42258.7671
2020-09-14	42684.2332
2020-09-15	42707.8792
2020-09-16	42866.0191
2020-09-17	42583.6369
2020-09-18	42504.3657
2020-09-19	42504.3657
2020-09-20	42504.3657
2020-09-21	42417.909
2020-09-22	42400.8575
2020-09-23	42655.6884
2020-09-24	42492.2814
2020-09-25	43028.2014
2020-09-26	43028.2014
2020-09-27	43028.2014
2020-09-28	43161.856
2020-09-29	43023.9021
2020-09-30	42669.9651
2020-10-01	43036.877
2020-10-02	42617.9712
2020-10-03	42617.9712
2020-10-04	42617.9712
2020-10-05	43368.3242
2020-10-06	43352.0777
2020-10-07	43719.555
2020-10-08	44138.9319
2020-10-09	44209.7416
2020-10-10	44209.7416
2020-10-11	44209.7416
2020-10-12	44598.9293
2020-10-13	44707.7131
2020-10-14	44523.1866
2020-10-15	44719.5661
2020-10-16	44589.4914
2020-10-17	44589.4914
2020-10-18	44589.4914
2020-10-19	44648.5766
2020-10-20	44655.2824
2020-10-21	44589.5771
2020-10-22	44512.25
2020-10-23	44534.7912
2020-10-24	44534.7912
2020-10-25	44534.7912
2020-10-26	44306.1756
2020-10-27	43774.2295
2020-10-28	43608.8784
2020-10-29	43459.32
2020-10-30	43149.4805
2020-10-31	43149.4805
2020-11-01	43149.4805
2020-11-02	43250.7278
2020-11-03	43664.3751
2020-11-04	43964.8881
2020-11-05	44497.2367
2020-11-06	44710.5907
2020-11-07	44710.5907
2020-11-08	44710.5907
2020-11-09	45314.7168
2020-11-10	45019.8392
2020-11-11	45618.801
2020-11-12	45314.0659
2020-11-13	45560.1099
2020-11-14	45560.1099
2020-11-15	45560.1099
2020-11-16	45854.2252
2020-11-17	45818.7348
2020-11-18	45816.431
2020-11-19	45851.3476
2020-11-20	45725.8891
2020-11-21	45725.8891
2020-11-22	45725.8891
2020-11-23	46027.5325
2020-11-24	46425.6528
2020-11-25	46451.0803
2020-11-26	46388.2696
2020-11-27	46309.8977
2020-11-28	46309.8977
2020-11-29	46309.8977
2020-11-30	46050.2708
2020-12-01	46537.5112
2020-12-02	46442.4731
2020-12-03	46539.678
2020-12-04	46732.6147
2020-12-05	46732.6147
2020-12-06	46732.6147
2020-12-07	46886.9777
2020-12-08	47036.442
2020-12-09	47003.3923
2020-12-10	46685.0228
2020-12-11	46629.8088
2020-12-12	46629.8088
2020-12-13	46629.8088
2020-12-14	46663.3894
2020-12-15	46584.6577
2020-12-16	46900.0554
2020-12-17	47089.6263
2020-12-18	46927.6068
2020-12-19	46927.6068
2020-12-20	46927.6068
2020-12-21	47026.6102
2020-12-22	46850.3311
2020-12-23	46992.7126
2020-12-24	47063.6422
2020-12-25	47063.2226
2020-12-26	47063.2226
2020-12-27	47063.2226
2020-12-28	47261.118
2020-12-29	47324.314
2020-12-30	47240.3324
2020-12-31	46847.0338
2021-01-01	46846.0575
2021-01-02	46846.0575
2021-01-03	46846.0575
2021-01-04	47148.2319
2021-01-05	47156.4964
2021-01-06	46900.1496
2021-01-07	47722.794
2021-01-08	47884.8649
2021-01-09	47884.8649
2021-01-10	47884.8649
2021-01-11	47772.8352
2021-01-12	47742.0294
2021-01-13	47832.8796
2021-01-14	47779.6952
2021-01-15	47769.8891
2021-01-16	47769.8891
2021-01-17	47769.8891
2021-01-18	47646.289
2021-01-19	48074.3416
2021-01-20	48314.6303
2021-01-21	48743.4794
2021-01-22	48559.1669
2021-01-23	48559.1669
2021-01-24	48559.1669
2021-01-25	48838.9371
2021-01-26	48669.1583
2021-01-27	48180.8816
2021-01-28	47736.9337
2021-01-29	47208.1649
2021-01-30	47208.1649
2021-01-31	47208.1649
2021-02-01	47867.8562
2021-02-02	48521.09
2021-02-03	48731.1296
2021-02-04	48739.0859
2021-02-05	49110.9566
2021-02-06	49110.9566
2021-02-07	49110.9566
2021-02-08	49326.9312
2021-02-09	49214.7217
2021-02-10	49457.7167
2021-02-11	49460.5943
2021-02-12	49439.0894
2021-02-13	49439.0894
2021-02-14	49439.0894
2021-02-15	49657.1794
2021-02-16	49848.5831
2021-02-17	49760.9874
2021-02-18	49645.1637
2021-02-19	49100.6451
2021-02-20	49100.6451
2021-02-21	49100.6451
2021-02-22	48956.3023
2021-02-23	49083.9533
2021-02-24	48786.121
2021-02-25	48725.9397
2021-02-26	48254.055
2021-02-27	48254.055
2021-02-28	48254.055
2021-03-01	49048.9167
2021-03-02	48636.3656
2021-03-03	48781.7275
2021-03-04	48205.4097
2021-03-05	48378.0918
2021-03-06	48378.0918
2021-03-07	48378.0918
2021-03-08	48279.9278
2021-03-09	48585.0996
2021-03-10	48401.2326
2021-03-11	48772.1013
2021-03-12	48913.4466
2021-03-13	48913.4466
2021-03-14	48913.4466
2021-03-15	49127.8539
2021-03-16	49289.9591
2021-03-17	49203.8279
2021-03-18	48867.0366
2021-03-19	48666.7346
2021-03-20	48666.7346
2021-03-21	48666.7346
2021-03-22	48867.559
2021-03-23	48698.688
2021-03-24	48613.4561
2021-03-25	48679.3241
2021-03-26	49003.0891
2021-03-27	49003.0891
2021-03-28	49003.0891
2021-03-29	48941.7858
2021-03-30	48704.6745
2021-03-31	48930.2583
2021-04-01	49360.2036
2021-04-02	49368.0913
2021-04-03	49368.0913
2021-04-04	49368.0913
2021-04-05	49500.5211
2021-04-06	49736.7761
2021-04-07	49916.6008
2021-04-08	50191.2238
2021-04-09	50286.0906
2021-04-10	50286.0906
2021-04-11	50286.0906
2021-04-12	50176.9814
2021-04-13	50210.4079
2021-04-14	50168.9909
2021-04-15	50374.9796
2021-04-16	50553.1771
2021-04-17	50553.1771
2021-04-18	50553.1771
2021-04-19	50433.7735
2021-04-20	50123.3517
2021-04-21	50106.7969
2021-04-22	50244.2711
2021-04-23	50494.2289
2021-04-24	50494.2289
2021-04-25	50494.2289
2021-04-26	50463.4745
2021-04-27	50534.5069
2021-04-28	50574.5536
2021-04-29	50767.6615
2021-04-30	50416.7819
2021-05-01	50416.7819
2021-05-02	50416.7819
2021-05-03	50332.4235
2021-05-04	50347.7194
2021-05-05	50330.2482
2021-05-06	50351.3335
2021-05-07	50355.393
2021-05-08	50355.393
2021-05-09	50355.393
2021-05-10	50449.0608
2021-05-11	49940.6751
2021-05-12	49683.3862
2021-05-13	49570.3545
2021-05-14	49821.2287
2021-05-15	49821.2287
2021-05-16	49821.2287
2021-05-17	49898.65
2021-05-18	50045.9989
2021-05-19	49622.828
2021-05-20	50109.2206
2021-05-21	50110.5737
2021-05-22	50110.5737
2021-05-23	50110.5737
2021-05-24	50354.9905
2021-05-25	50597.6429
2021-05-26	50545.4264
2021-05-27	50648.3351
2021-05-28	51121.9412
2021-05-29	51121.9412
2021-05-30	51121.9412
2021-05-31	50935.1622
2021-06-01	50950.4495
2021-06-02	51229.1063
2021-06-03	51348.39
2021-06-04	51370.3146
2021-06-05	51370.3146
2021-06-06	51370.3146
2021-06-07	51293.0731
2021-06-08	51383.8804
2021-06-09	51284.3375
2021-06-10	51456.4886
2021-06-11	51701.6333
2021-06-12	51701.6333
2021-06-13	51701.6333
2021-06-14	51713.709
2021-06-15	51919.1067
2021-06-16	51736.7726
2021-06-17	51830.5689
2021-06-18	51860.2528
2021-06-19	51860.2528
2021-06-20	51860.2528
2021-06-21	51518.4771
2021-06-22	52137.7277
2021-06-23	51791.1731
2021-06-24	51914.3535
2021-06-25	52108.4806
2021-06-26	52108.4806
2021-06-27	52108.4806
2021-06-28	52224.5013
2021-06-29	52331.6493
2021-06-30	52497.4114
2021-07-01	52461.4414
2021-07-02	52706.115
2021-07-03	52706.115
2021-07-04	52706.115
2021-07-05	52614.5026
2021-07-06	52491.6734
2021-07-07	52718.9443
2021-07-08	52598.5987
2021-07-09	52448.7491
2021-07-10	52448.7491
2021-07-11	52448.7491
2021-07-12	52809.0151
2021-07-13	52806.3773
2021-07-14	52899.8225
2021-07-15	52812.2953
2021-07-16	52698.1845
2021-07-17	52698.1845
2021-07-18	52698.1845
2021-07-19	52316.1565
2021-07-20	52443.8674
2021-07-21	52766.4762
2021-07-22	52994.3981
2021-07-23	53132.1036
2021-07-24	53132.1036
2021-07-25	53132.1036
2021-07-26	53115.7629
2021-07-27	53047.9336
2021-07-28	52922.9033
2021-07-29	53209.7219
2021-07-30	53094.0695
2021-07-31	53094.0695
2021-08-01	53094.0695
2021-08-02	53436.2049
2021-08-03	53429.2507
2021-08-04	53489.6804
2021-08-05	53536.0305
2021-08-06	53781.4663
2021-08-07	53781.4663
2021-08-08	53781.4663
2021-08-09	53944.0854
2021-08-10	54004.6093
2021-08-11	54060.7997
2021-08-12	54196.1072
2021-08-13	54240.8557
2021-08-14	54240.8557
2021-08-15	54240.8557
2021-08-16	54120.9554
2021-08-17	53957.891
2021-08-18	53924.1134
2021-08-19	53771.5831
2021-08-20	53966.8664
2021-08-21	53966.8664
2021-08-22	53966.8664
2021-08-23	54156.4544
2021-08-24	54249.8568
2021-08-25	54514.8706
2021-08-26	54338.583
2021-08-27	54425.759
2021-08-28	54425.759
2021-08-29	54425.759
2021-08-30	54671.2805
2021-08-31	54701.8294
2021-09-01	54667.2125
2021-09-02	54686.585
2021-09-03	54868.0283
2021-09-04	54868.0283
2021-09-05	54868.0283
2021-09-06	55018.4946
2021-09-07	55103.9321
2021-09-08	55079.0785
2021-09-09	54474.1987
2021-09-10	54610.9364
2021-09-11	54610.9364
2021-09-12	54610.9364
2021-09-13	54613.9254
2021-09-14	54732.1128
2021-09-15	54640.3463
2021-09-16	54872.8243
2021-09-17	54558.3687
2021-09-18	54558.3687
2021-09-19	54558.3687
2021-09-20	53862.8444
2021-09-21	54065.8441
2021-09-22	54167.3568
2021-09-23	54544.6744
2021-09-24	54582.3745
2021-09-25	54582.3745
2021-09-26	54582.3745
2021-09-27	54564.7834
2021-09-28	53920.3109
2021-09-29	53628.3365
2021-09-30	53895.3459
2021-10-01	53352.643
2021-10-02	53352.643
2021-10-03	53352.643
2021-10-04	53494.9047
2021-10-05	53395.8585
2021-10-06	53231.1069
2021-10-07	53488.6955
2021-10-08	53731.9646
2021-10-09	53731.9646
2021-10-10	53731.9646
2021-10-11	53501.4821
2021-10-12	53345.7402
2021-10-13	53411.848
2021-10-14	53858.6564
2021-10-15	54269.3577
2021-10-16	54269.3577
2021-10-17	54269.3577
2021-10-18	54463.5704
2021-10-19	54419.6869
2021-10-20	54595.889
2021-10-21	54528.3594
2021-10-22	54593.491
2021-10-23	54593.491
2021-10-24	54593.491
2021-10-25	54754.4913
2021-10-26	54724.285
2021-10-27	54598.4411
2021-10-28	54549.0165
2021-10-29	54327.8176
2021-10-30	54327.8176
2021-10-31	54327.8176
2021-11-01	54676.1793
2021-11-02	54764.6229
2021-11-03	55058.1302
2021-11-04	55253.0795
2021-11-05	55384.7129
2021-11-06	55384.7129
2021-11-07	55384.7129
2021-11-08	55461.706
2021-11-09	55428.2795
2021-11-10	55292.0214
2021-11-11	55317.3118
2021-11-12	55704.4527
2021-11-13	55704.4527
2021-11-14	55704.4527
2021-11-15	55731.3788
2021-11-16	55788.1688
2021-11-17	55745.2787
2021-11-18	55814.4184
2021-11-19	55816.371
2021-11-20	55816.371
2021-11-21	55816.371
2021-11-22	55523.763
2021-11-23	55700.6159
2021-11-24	55525.2103
2021-11-25	55609.9027
2021-11-26	54804.19
2021-11-27	54804.19
2021-11-28	54804.19
2021-11-29	54893.7898
2021-11-30	54664.6004
2021-12-01	54385.4982
2021-12-02	54510.6142
2021-12-03	54492.8946
2021-12-04	54492.8946
2021-12-05	54492.8946
2021-12-06	54456.8732
2021-12-07	54985.7533
2021-12-08	55301.4079
2021-12-09	55189.4296
2021-12-10	55137.9752
2021-12-11	55137.9752
2021-12-12	55137.9752
2021-12-13	55107.8289
2021-12-14	54921.9578
2021-12-15	54941.4244
2021-12-16	54674.2181
2021-12-17	54482.686
2021-12-18	54482.686
2021-12-19	54482.686
2021-12-20	54178.1307
2021-12-21	54792.0116
2021-12-22	54911.9461
2021-12-23	55162.4777
2021-12-24	55304.6024
2021-12-25	55304.6024
2021-12-26	55304.6024
2021-12-27	55479.3399
2021-12-28	55517.6052
2021-12-29	55731.8242
2021-12-30	55756.5493
2021-12-31	55495.535
2022-01-01	55495.535
2022-01-02	55495.535
2022-01-03	55800.8011
2022-01-04	56246.7017
2022-01-05	55517.5967
2022-01-06	54843.2518
2022-01-07	55277.0596
2022-01-08	55277.0596
2022-01-09	55277.0596
2022-01-10	54964.3853
2022-01-11	54956.0694
2022-01-12	55154.9668
2022-01-13	54940.4738
2022-01-14	54630.6515
2022-01-15	54630.6515
2022-01-16	54630.6515
2022-01-17	54824.8557
2022-01-18	54488.3042
2022-01-19	53778.1691
2022-01-20	53772.5081
2022-01-21	53056.7462
2022-01-22	53056.7462
2022-01-23	53056.7462
2022-01-24	52994.5608
2022-01-25	52001.6752
2022-01-26	52025.364
2022-01-27	51677.8074
2022-01-28	52442.8911
2022-01-29	52442.8911
2022-01-30	52442.8911
2022-01-31	52678.3581
2022-02-01	53021.2301
2022-02-02	53516.7436
2022-02-03	52918.1415
2022-02-04	53256.2003
2022-02-05	53256.2003
2022-02-06	53256.2003
2022-02-07	53157.9678
2022-02-08	53533.5126
2022-02-09	53950.2945
2022-02-10	53753.7865
2022-02-11	53288.5477
2022-02-12	53288.5477
2022-02-13	53288.5477
2022-02-14	53239.1231
2022-02-15	53218.3975
2022-02-16	53615.0362
2022-02-17	53041.1421
2022-02-18	52673.8361
2022-02-19	52673.8361
2022-02-20	52673.8361
2022-02-21	52520.5094
2022-02-22	51979.408
2022-02-23	51744.3092
2022-02-24	51504.0119
2022-02-25	51832.1362
2022-02-26	51832.1362
2022-02-27	51832.1362
2022-02-28	52023.3343
2022-03-01	51754.0982
2022-03-02	52216.6735
2022-03-03	51971.7601
2022-03-04	51215.4719
2022-03-05	51215.4719
2022-03-06	51215.4719
2022-03-07	50423.2994
2022-03-08	50064.6691
2022-03-09	50814.868
2022-03-10	50851.9685
2022-03-11	50558.0245
2022-03-12	50558.0245
2022-03-13	50558.0245
2022-03-14	50791.3418
2022-03-15	50830.652
2022-03-16	51548.4778
2022-03-17	51917.5566
2022-03-18	52345.3522
2022-03-19	52345.3522
2022-03-20	52345.3522
2022-03-21	52283.595
2022-03-22	52672.4573
2022-03-23	52450.7017
2022-03-24	52616.9092
2022-03-25	52660.0819
2022-03-26	52660.0819
2022-03-27	52660.0819
2022-03-28	52704.2052
2022-03-29	53111.5321
2022-03-30	53153.8226
2022-03-31	52941.0339
2022-04-01	52938.7301
2022-04-02	52938.7301
2022-04-03	52938.7301
2022-04-04	53200.815
2022-04-05	52836.438
2022-04-06	52508.2282
2022-04-07	52390.2292
2022-04-08	52519.9784
2022-04-09	52519.9784
2022-04-10	52519.9784
2022-04-11	52200.7096
2022-04-12	51876.6363
2022-04-13	52309.4934
2022-04-14	52265.4044
2022-04-15	52259.5978
2022-04-16	52259.5978
2022-04-17	52259.5978
2022-04-18	52321.0638
2022-04-19	52635.7678
2022-04-20	52483.3488
2022-04-21	52361.7614
2022-04-22	51668.1297
2022-04-23	51668.1297
2022-04-24	51668.1297
2022-04-25	51817.1058
2022-04-26	50917.1857
2022-04-27	50911.1907
2022-04-28	51573.5541
2022-04-29	51242.8349
2022-04-30	51242.8349
2022-05-01	51242.8349
2022-05-02	51113.3683
2022-05-03	51011.5387
2022-05-04	51198.3861
2022-05-05	50893.0001
2022-05-06	50207.89
2022-05-07	50207.89
2022-05-08	50207.89
2022-05-09	49521.1183
2022-05-10	49140.2294
2022-05-11	48970.3564
2022-05-12	48621.1468
2022-05-13	49438.8324
2022-05-14	49438.8324
2022-05-15	49438.8324
2022-05-16	49410.7501
2022-05-17	49784.0853
2022-05-18	49532.86
2022-05-19	48926.0789
2022-05-20	49480.8404
2022-05-21	49480.8404
2022-05-22	49480.8404
2022-05-23	49688.5333
2022-05-24	49492.4022
2022-05-25	49606.3503
2022-05-26	49694.0145
2022-05-27	50223.2714
2022-05-28	50223.2714
2022-05-29	50223.2714
2022-05-30	50550.3337
2022-05-31	50335.0785
2022-06-01	50235.9124
2022-06-02	50157.2835
2022-06-03	50187.6868
2022-06-04	50187.6868
2022-06-05	50187.6868
2022-06-06	50125.587
2022-06-07	49893.2802
2022-06-08	50022.2158
2022-06-09	49428.2812
2022-06-10	48834.7577
2022-06-11	48834.7577
2022-06-12	48834.7577
2022-06-13	48416.477
2022-06-14	47669.7895
2022-06-15	47483.3189
2022-06-16	46955.6549
2022-06-17	46638.8784
2022-06-18	46638.8784
2022-06-19	46638.8784
2022-06-20	46466.496
2022-06-21	47141.5174
2022-06-22	47044.835
2022-06-23	47162.44
2022-06-24	47847.8243
2022-06-25	47847.8243
2022-06-26	47847.8243
2022-06-27	48398.7917
2022-06-28	48375.1457
2022-06-29	48191.6555
2022-06-30	48039.8274
2022-07-01	48264.8888
2022-07-02	48264.8888
2022-07-03	48264.8888
2022-07-04	48479.4932
2022-07-05	48652.6635
2022-07-06	48434.7361
2022-07-07	48998.0619
2022-07-08	49081.3155
2022-07-09	49081.3155
2022-07-10	49081.3155
2022-07-11	48821.6458
2022-07-12	48548.1361
2022-07-13	48439.3352
2022-07-14	48680.9514
2022-07-15	48606.0736
2022-07-16	48606.0736
2022-07-17	48606.0736
2022-07-18	48872.9802
2022-07-19	48929.5646
2022-07-20	49453.9656
2022-07-21	49618.3574
2022-07-22	49449.3152
2022-07-23	49449.3152
2022-07-24	49449.3152
2022-07-25	49440.5796
2022-07-26	49303.7477
2022-07-27	49705.3022
2022-07-28	50052.5335
2022-07-29	50464.1854
2022-07-30	50464.1854
2022-07-31	50464.1854
2022-08-01	50450.1742
2022-08-02	50389.5132
2022-08-03	50694.3425
2022-08-04	50689.8462
2022-08-05	51016.2833
2022-08-06	51016.2833
2022-08-07	51016.2833
2022-08-08	50886.5341
2022-08-09	50893.4369
2022-08-10	50876.3083
2022-08-11	51124.6218
2022-08-12	51231.727
2022-08-13	51231.727
2022-08-14	51231.727
2022-08-15	51557.222
2022-08-16	51776.5624
2022-08-17	51958.2713
2022-08-18	51776.7337
2022-08-19	51708.5618
2022-08-20	51708.5618
2022-08-21	51708.5618
2022-08-22	51063.4127
2022-08-23	50683.4487
2022-08-24	50934.674
2022-08-25	51182.114
2022-08-26	50911.8844
2022-08-27	50911.8844
2022-08-28	50911.8844
2022-08-29	50334.0079
2022-08-30	50464.6393
2022-08-31	50287.341
2022-09-01	50098.224
2022-09-02	49863.0311
2022-09-03	49863.0311
2022-09-04	49863.0311
2022-09-05	50034.9424
2022-09-06	49911.0854
2022-09-07	49858.1665
2022-09-08	50557.502
2022-09-09	50758.1894
2022-09-10	50758.1894
2022-09-11	50758.1894
2022-09-12	51142.5811
2022-09-13	50879.8967
2022-09-14	50282.9647
2022-09-15	50409.2282
2022-09-16	49793.9856
2022-09-17	49793.9856
2022-09-18	49793.9856
2022-09-19	49909.0128
2022-09-20	49993.1999
2022-09-21	49332.892
2022-09-22	49167.8749
2022-09-23	48671.9331
2022-09-24	48671.9331
2022-09-25	48671.9331
2022-09-26	48096.5488
2022-09-27	48366.5728
2022-09-28	48267.0984
2022-09-29	48401.5323
2022-09-30	47955.4091
2022-10-01	47955.4091
2022-10-02	47955.4091
2022-10-03	48161.8859
2022-10-04	49585.9158
2022-10-05	49819.3788
2022-10-06	49819.3274
2022-10-07	49236.0297
2022-10-08	49236.0297
2022-10-09	49236.0297
2022-10-10	49024.7825
2022-10-11	48667.5739
2022-10-12	48642.2321
2022-10-13	48975.7262
2022-10-14	49083.9105
2022-10-15	49083.9105
2022-10-16	49083.9105
2022-10-17	48995.6125
2022-10-18	49679.5922
2022-10-19	49563.5801
2022-10-20	49069.3426
2022-10-21	49275.7509
2022-10-22	49275.7509
2022-10-23	49275.7509
2022-10-24	49767.5733
2022-10-25	49781.3704
2022-10-26	49686.3066
2022-10-27	49857.1474
2022-10-28	50037.3489
2022-10-29	50037.3489
2022-10-30	50037.3489
2022-10-31	50216.6255
2022-11-01	50655.7689
2022-11-02	50406.3934
2022-11-03	49919.7268
2022-11-04	50236.726
2022-11-05	50236.726
2022-11-06	50236.726
2022-11-07	50417.921
2022-11-08	50435.8118
2022-11-09	50444.2134
2022-11-10	50790.3398
2022-11-11	51616.7696
2022-11-12	51616.7696
2022-11-13	51616.7696
2022-11-14	51366.1695
2022-11-15	51460.0
2022-11-16	51375.5131
2022-11-17	51491.5509
2022-11-18	51522.0227
2022-11-19	51522.0227
2022-11-20	51522.0227
2022-11-21	51614.8169
2022-11-22	51813.0635
2022-11-23	51881.1069
2022-11-24	51882.6913
2022-11-25	51959.496
2022-11-26	51959.496
2022-11-27	51959.496
2022-11-28	51720.1921
2022-11-29	51862.2397
2022-11-30	52448.6292
2022-12-01	52566.003
2022-12-02	52359.0893
2022-12-03	52359.0893
2022-12-04	52359.0893
2022-12-05	52376.6033
2022-12-06	52028.0019
2022-12-07	51736.2502
2022-12-08	51627.8946
2022-12-09	51753.6015
2022-12-10	51753.6015
2022-12-11	51753.6015
2022-12-12	51828.3336
2022-12-13	51854.0009
2022-12-14	51973.4044
2022-12-15	51549.3599
2022-12-16	51314.5695
2022-12-17	51314.5695
2022-12-18	51314.5695
2022-12-19	51092.9767
2022-12-20	50809.5924
2022-12-21	51204.2099
2022-12-22	51038.4049
2022-12-23	50928.2251
2022-12-24	50928.2251
2022-12-25	50928.2251
2022-12-26	50930.469
2022-12-27	50824.4086
2022-12-28	50556.637
2022-12-29	50615.4396
2022-12-30	50736.7958
2022-12-31	50736.7958
2023-01-01	50736.7958
2023-01-02	50744.8205
2023-01-03	50585.0448
2023-01-04	50939.256
2023-01-05	51023.9227
2023-01-06	51341.7355
2023-01-07	51341.7355
2023-01-08	51341.7355
2023-01-09	51360.4228
2023-01-10	51446.5797
2023-01-11	51865.4599
2023-01-12	52122.0636
2023-01-13	52301.9654
2023-01-14	52301.9654
2023-01-15	52301.9654
2023-01-16	52495.2704
2023-01-17	52389.0045
2023-01-18	52212.4085
2023-01-19	52416.1533
2023-01-20	52743.9607
2023-01-21	52743.9607
2023-01-22	52743.9607
2023-01-23	52772.1801
2023-01-24	52822.7523
2023-01-25	52752.6449
2023-01-26	52913.611
2023-01-27	53044.7648
2023-01-28	53044.7648
2023-01-29	53044.7648
2023-01-30	52809.7774
2023-01-31	52974.7002
2023-02-01	53211.3405
2023-02-02	53470.308
2023-02-03	53732.9495
2023-02-04	53732.9495
2023-02-05	53732.9495
2023-02-06	53627.6171
2023-02-07	53635.2137
2023-02-08	53502.1158
2023-02-09	53199.1621
2023-02-10	53084.9314
2023-02-11	53084.9314
2023-02-12	53084.9314
2023-02-13	53135.4865
2023-02-14	53183.9347
2023-02-15	53193.9207
2023-02-16	53315.3197
2023-02-17	53022.6689
2023-02-18	53022.6689
2023-02-19	53022.6689
2023-02-20	52981.5259
2023-02-21	52659.6879
2023-02-22	52668.8688
2023-02-23	52633.6096
2023-02-24	52635.7421
2023-02-25	52635.7421
2023-02-26	52635.7421
2023-02-27	52423.5357
2023-02-28	52523.0444
2023-03-01	52470.8364
2023-03-02	52725.8386
2023-03-03	53034.873
2023-03-04	53034.873
2023-03-05	53034.873
2023-03-06	53264.0624
2023-03-07	53341.2096
2023-03-08	53159.6806
2023-03-09	53015.9887
2023-03-10	52136.1433
2023-03-11	52136.1433
2023-03-12	52136.1433
2023-03-13	51771.381
2023-03-14	51809.5521
2023-03-15	51867.5325
2023-03-16	51648.9799
2023-03-17	51668.6093
2023-03-18	51668.6093
2023-03-19	51668.6093
2023-03-20	51281.734
2023-03-21	51941.7336
2023-03-22	51758.0721
2023-03-23	51649.9905
2023-03-24	51800.5082
2023-03-25	51800.5082
2023-03-26	51800.5082
2023-03-27	51851.56
2023-03-28	51966.3389
2023-03-29	52269.6009
2023-03-30	52575.9376
2023-03-31	53000.8213
2023-04-01	53000.8213
2023-04-02	53000.8213
2023-04-03	52953.0068
2023-04-04	52981.132
2023-04-05	52964.8427
2023-04-06	53083.1243
2023-04-07	53096.6645
2023-04-08	53096.6645
2023-04-09	53096.6645
2023-04-10	53186.2557
2023-04-11	53477.7504
2023-04-12	53420.9005
2023-04-13	53459.0459
2023-04-14	53809.0605
2023-04-15	53809.0605
2023-04-16	53809.0605
2023-04-17	53894.5751
2023-04-18	53852.5244
2023-04-19	53909.4171
2023-04-20	53627.5915
2023-04-21	53750.1295
2023-04-22	53750.1295
2023-04-23	53750.1295
2023-04-24	53692.4232
2023-04-25	53532.6133
2023-04-26	53507.5884
2023-04-27	53653.4557
2023-04-28	53880.3755
2023-04-29	53880.3755
2023-04-30	53880.3755
2023-05-01	53808.5467
2023-05-02	53424.0008
2023-05-03	53185.7418
2023-05-04	53232.3316
2023-05-05	53457.3331
2023-05-06	53457.3331
2023-05-07	53457.3331
2023-05-08	53532.6476
2023-05-09	53443.0906
2023-05-10	53517.052
2023-05-11	53611.1223
2023-05-12	53693.1084
2023-05-13	53693.1084
2023-05-14	53693.1084
2023-05-15	53802.7743
2023-05-16	53663.4245
2023-05-17	53759.4389
2023-05-18	54157.996
2023-05-19	54056.3805
2023-05-20	54056.3805
2023-05-21	54056.3805
2023-05-22	54109.8304
2023-05-23	53934.7845
2023-05-24	53760.7835
2023-05-25	53721.1394
2023-05-26	54038.9179
2023-05-27	54038.9179
2023-05-28	54038.9179
2023-05-29	54080.686
2023-05-30	54070.0235
2023-05-31	53645.9619
2023-06-01	53825.0158
2023-06-02	54126.899
2023-06-03	54126.899
2023-06-04	54126.899
2023-06-05	54288.0107
2023-06-06	53999.7962
2023-06-07	53903.8588
2023-06-08	53891.0209
2023-06-09	53880.5125
2023-06-10	53880.5125
2023-06-11	53880.5125
2023-06-12	54049.846
2023-06-13	54155.5552
2023-06-14	54267.6277
2023-06-15	54367.2905
2023-06-16	54535.6305
2023-06-17	54535.6305
2023-06-18	54535.6305
2023-06-19	54539.4159
2023-06-20	54781.6659
2023-06-21	54489.3233
2023-06-22	54279.0525
2023-06-23	54099.6217
2023-06-24	54099.6217
2023-06-25	54099.6217
2023-06-26	53954.02
2023-06-27	54172.0843
2023-06-28	54599.229
2023-06-29	54545.6079
2023-06-30	54830.491
2023-07-01	54830.491
2023-07-02	54830.491
2023-07-03	54998.3514
2023-07-04	54982.4132
2023-07-05	54895.5369
2023-07-06	54523.5206
2023-07-07	53988.8852
2023-07-08	53988.8852
2023-07-09	53988.8852
2023-07-10	54026.4055
2023-07-11	54530.432
2023-07-12	54513.7487
2023-07-13	54810.2621
2023-07-14	55059.9287
2023-07-15	55059.9287
2023-07-16	55059.9287
2023-07-17	55119.1595
2023-07-18	55114.2264
2023-07-19	55437.3405
2023-07-20	55175.9751
2023-07-21	55253.6276
2023-07-22	55253.6276
2023-07-23	55253.6276
2023-07-24	55225.648
2023-07-25	55340.2727
2023-07-26	55495.7491
2023-07-27	55628.6243
2023-07-28	55845.6181
2023-07-29	55845.6181
2023-07-30	55845.6181
2023-07-31	55813.3478
2023-08-01	56158.909
2023-08-02	55590.8814
2023-08-03	55495.6635
2023-08-04	55351.8516
2023-08-05	55351.8516
2023-08-06	55351.8516
2023-08-07	55456.8929
2023-08-08	55424.8024
2023-08-09	55423.5863
2023-08-10	55490.9531
2023-08-11	55381.3471
2023-08-12	55381.3471
2023-08-13	55381.3471
2023-08-14	55380.1395
2023-08-15	55198.0624
2023-08-16	54805.1235
2023-08-17	54612.3239
2023-08-18	54563.7214
2023-08-19	54563.7214
2023-08-20	54563.7214
2023-08-21	54645.168
2023-08-22	54586.3483
2023-08-23	54851.1395
2023-08-24	54818.775
2023-08-25	54745.6787
2023-08-26	54745.6787
2023-08-27	54745.6787
2023-08-28	55050.0284
2023-08-29	55437.0408
2023-08-30	55649.4356
2023-08-31	55670.4781
2023-09-01	55748.7901
2023-09-02	55748.7901
2023-09-03	55748.7901
2023-09-04	56030.8897
2023-09-05	56089.1698
2023-09-06	55759.6496
2023-09-07	55465.5257
2023-09-08	55421.351
2023-09-09	55421.351
2023-09-10	55421.351
2023-09-11	55502.1295
2023-09-12	55442.7361
2023-09-13	55299.3182
2023-09-14	55557.2237
2023-09-15	55633.3004
2023-09-16	55633.3004
2023-09-17	55633.3004
2023-09-18	55388.1129
2023-09-19	55187.2971
2023-09-20	54857.6056
2023-09-21	54428.0885
2023-09-22	54357.2874
2023-09-23	54357.2874
2023-09-24	54357.2874
2023-09-25	54463.5276
2023-09-26	53999.2052
2023-09-27	54128.6033
2023-09-28	54155.2298
2023-09-29	54160.5054
2023-09-30	54160.5054
2023-10-01	54160.5054
2023-10-02	54288.8929
2023-10-03	53752.9386
2023-10-04	53712.498
2023-10-05	53702.041
2023-10-06	53970.4549
2023-10-07	53970.4549
2023-10-08	53970.4549
2023-10-09	54013.5761
2023-10-10	54328.5884
2023-10-11	54567.9865
2023-10-12	54730.9138
2023-10-13	54455.6142
2023-10-14	54455.6142
2023-10-15	54455.6142
2023-10-16	54449.1567
2023-10-17	54496.0035
2023-10-18	54333.7784
2023-10-19	53907.3787
2023-10-20	53443.9984
2023-10-21	53443.9984
2023-10-22	53443.9984
2023-10-23	53287.9054
2023-10-24	53370.962
2023-10-25	53254.3761
2023-10-26	52844.3515
2023-10-27	52892.7483
2023-10-28	52892.7483
2023-10-29	52892.7483
2023-10-30	52788.0497
2023-10-31	52980.3098
2023-11-01	53298.2511
2023-11-02	53719.5721
2023-11-03	53962.2417
2023-11-04	53962.2417
2023-11-05	53962.2417
2023-11-06	54171.913
2023-11-07	54307.4517
2023-11-08	54308.1711
2023-11-09	54351.0269
2023-11-10	54502.3154
2023-11-11	54502.3154
2023-11-12	54502.3154
2023-11-13	54389.0695
2023-11-14	54757.0092
2023-11-15	55092.6615
2023-11-16	55037.1991
2023-11-17	55065.0673
2023-11-18	55065.0673
2023-11-19	55065.0673
2023-11-20	55155.5578
2023-11-21	55149.1688
2023-11-22	55241.4235
2023-11-23	55084.7224
2023-11-24	55088.859
2023-11-25	55088.859
2023-11-26	55088.859
2023-11-27	54836.5545
2023-11-28	54885.8164
2023-11-29	54971.2625
2023-11-30	55160.9704
2023-12-01	55207.997
2023-12-02	55207.997
2023-12-03	55207.997
2023-12-04	55349.2738
2023-12-05	55291.2677
2023-12-06	55602.5203
2023-12-07	55586.4365
2023-12-08	55715.689
2023-12-09	55715.689
2023-12-10	55715.689
2023-12-11	55803.5331
2023-12-12	56014.7203
2023-12-13	56158.7634
2023-12-14	56436.5723
2023-12-15	56611.4983
2023-12-16	56611.4983
2023-12-17	56611.4983
2023-12-18	56643.8799
2023-12-19	56787.7003
2023-12-20	56775.3249
2023-12-21	56726.3799
2023-12-22	56725.9688
2023-12-23	56725.9688
2023-12-24	56725.9688
2023-12-25	56728.8207
2023-12-26	56802.1311
2023-12-27	56982.9493
2023-12-28	57194.659
2023-12-29	57191.7385
2023-12-30	57191.7385
2023-12-31	57191.7385
2024-01-01	57191.7728
2024-01-02	57198.1446
2024-01-03	56796.6072
2024-01-04	56742.4551
2024-01-05	56685.5538
2024-01-06	56685.5538
2024-01-07	56685.5538
2024-01-08	56858.6641
2024-01-09	57096.5291
2024-01-10	57057.4331
2024-01-11	57290.759
2024-01-12	57180.3137
2024-01-13	57180.3137
2024-01-14	57180.3137
2024-01-15	57256.8187
2024-01-16	57023.8268
2024-01-17	57017.2322
2024-01-18	56948.0583
2024-01-19	57355.5052
2024-01-20	57355.5052
2024-01-21	57355.5052
2024-01-22	57454.6199
2024-01-23	57677.9513
2024-01-24	57746.1745
2024-01-25	57908.588
2024-01-26	57836.8277
2024-01-27	57836.8277
2024-01-28	57836.8277
2024-01-29	58116.6578
2024-01-30	58257.8747
2024-01-31	58096.9428
2024-02-01	58136.1673
2024-02-02	58779.5351
2024-02-03	58779.5351
2024-02-04	58779.5351
2024-02-05	58507.6955
2024-02-06	58465.7132
2024-02-07	58699.613
2024-02-08	58891.6932
2024-02-09	58978.561
2024-02-10	58978.561
2024-02-11	58978.561
2024-02-12	58918.9877
2024-02-13	58871.3444
2024-02-14	58750.4593
2024-02-15	59002.9692
2024-02-16	59109.5948
2024-02-17	59109.5948
2024-02-18	59109.5948
2024-02-19	59158.6169
2024-02-20	58949.4595
2024-02-21	58894.3824
2024-02-22	59459.9948
2024-02-23	59425.4807
2024-02-24	59425.4807
2024-02-25	59425.4807
2024-02-26	59538.3925
2024-02-27	59640.9244
2024-02-28	59805.8472
2024-02-29	60000.6595
2024-03-01	60329.1177
2024-03-02	60329.1177
2024-03-03	60329.1177
2024-03-04	60337.7933
2024-03-05	60152.6159
2024-03-06	60204.8325
2024-03-07	60512.4538
2024-03-08	60516.3334
2024-03-09	60516.3334
2024-03-10	60516.3334
2024-03-11	60104.0563
2024-03-12	60403.4473
2024-03-13	60344.1652
2024-03-14	60439.1262
2024-03-15	60140.9085
2024-03-16	60140.9085
2024-03-17	60140.9085
2024-03-18	60387.1323
2024-03-19	60629.3737
2024-03-20	60759.0116
2024-03-21	61132.3896
2024-03-22	61147.8054
2024-03-23	61147.8054
2024-03-24	61147.8054
2024-03-25	61137.8965
2024-03-26	60990.3163
2024-03-27	61310.5957
2024-03-28	61559.2603
2024-03-29	61586.5033
2024-03-30	61586.5033
2024-03-31	61586.5033
2024-04-01	61604.9166
2024-04-02	61431.1126
2024-04-03	61046.0443
2024-04-04	60835.448
2024-04-05	60846.83
2024-04-06	60846.83
2024-04-07	60846.83
2024-04-08	60912.3812
2024-04-09	61023.229
2024-04-10	61171.0146
2024-04-11	61237.251
2024-04-12	61016.2833
2024-04-13	61016.2833
2024-04-14	61016.2833
2024-04-15	60679.4149
2024-04-16	60226.1491
2024-04-17	60032.4587
2024-04-18	60079.9649
2024-04-19	59457.22
2024-04-20	59457.22
2024-04-21	59457.22
2024-04-22	59984.0019
2024-04-23	60256.3554
2024-04-24	60318.7121
2024-04-25	60145.6189
2024-04-26	60056.7899
2024-04-27	60056.7899
2024-04-28	60056.7899
2024-04-29	60299.6993
2024-04-30	60216.814
2024-05-01	59866.5852
2024-05-02	60009.7119
2024-05-03	60225.1299
2024-05-04	60225.1299
2024-05-05	60225.1299
2024-05-06	60522.0372
2024-05-07	60963.7327
2024-05-08	61025.4129
2024-05-09	60832.6732
2024-05-10	61070.8722
2024-05-11	61070.8722
2024-05-12	61070.8722
2024-05-13	61006.2802
2024-05-14	61007.2994
2024-05-15	61282.7531
2024-05-16	61600.5659
2024-05-17	61347.662
2024-05-18	61347.662
2024-05-19	61347.662
2024-05-20	61699.3895
2024-05-21	61664.5927
2024-05-22	61661.6894
2024-05-23	61467.5109
2024-05-24	61303.4959
2024-05-25	61303.4959
2024-05-26	61303.4959
2024-05-27	61458.133
2024-05-28	61343.5254
2024-05-29	60953.6097
2024-05-30	60646.8192
2024-05-31	60979.4054
2024-06-01	60979.4054
2024-06-02	60979.4054
2024-06-03	61182.8248
2024-06-04	61155.3676
2024-06-05	61513.4498
2024-06-06	61621.4714
2024-06-07	61811.8559
2024-06-08	61811.8559
2024-06-09	61811.8559
2024-06-10	61822.3729
2024-06-11	61528.2489
2024-06-12	61549.831
2024-06-13	61698.4217
2024-06-14	61570.7365
2024-06-15	61570.7365
2024-06-16	61570.7365
2024-06-17	61698.8071
2024-06-18	61898.3468
2024-06-19	61784.7841
2024-06-20	61750.1415
2024-06-21	61848.8965
2024-06-22	61848.8965
2024-06-23	61848.8965
2024-06-24	61583.6
2024-06-25	62147.9278
2024-06-26	61896.4456
2024-06-27	61953.1755
2024-06-28	61842.7816
2024-06-29	61842.7816
2024-06-30	61842.7816
2024-07-01	62042.2957
2024-07-02	62015.1297
2024-07-03	62124.042
2024-07-04	62427.1242
2024-07-05	62362.2496
2024-07-06	62362.2496
2024-07-07	62362.2496
2024-07-08	62224.6041
2024-07-09	62450.5647
2024-07-10	62574.67
2024-07-11	62599.2924
2024-07-12	62878.7543
2024-07-13	62878.7543
2024-07-14	62878.7543
2024-07-15	63102.334
2024-07-16	63245.0411
2024-07-17	63062.7755
2024-07-18	62630.8519
2024-07-19	62360.7765
2024-07-20	62360.7765
2024-07-21	62360.7765
2024-07-22	62722.3187
2024-07-23	62838.1595
2024-07-24	62280.5375
2024-07-25	61989.4796
2024-07-26	62358.0102
2024-07-27	62358.0102
2024-07-28	62358.0102
2024-07-29	62607.9424
2024-07-30	62334.9637
2024-07-31	63339.2313
2024-08-01	62819.3694
2024-08-02	61936.2011
2024-08-03	61936.2011
2024-08-04	61936.2011
2024-08-05	60285.9793
2024-08-06	60596.8807
2024-08-07	60424.8238
2024-08-08	60523.9642
2024-08-09	61030.8169
2024-08-10	61030.8169
2024-08-11	61030.8169
2024-08-12	61075.6682
2024-08-13	61675.5379
2024-08-14	61784.8441
2024-08-15	62167.4287
2024-08-16	62653.6158
2024-08-17	62653.6158
2024-08-18	62653.6158
2024-08-19	62652.6309
2024-08-20	62680.0281
2024-08-21	62824.6022
2024-08-22	62741.1601
2024-08-23	62867.0983
2024-08-24	62867.0983
2024-08-25	62867.0983
2024-08-26	62906.9908
2024-08-27	62997.053
2024-08-28	62857.1979
2024-08-29	62712.2556
2024-08-30	63092.939
2024-08-31	63092.939
2024-09-01	63092.939
2024-09-02	63070.1237
2024-09-03	62790.1308
2024-09-04	62163.7204
2024-09-05	62233.3996
2024-09-06	61791.6698
2024-09-07	61791.6698
2024-09-08	61791.6698
2024-09-09	62190.2869
2024-09-10	62295.979
2024-09-11	62598.9755
2024-09-12	62958.231
2024-09-13	63097.7864
2024-09-14	63097.7864
2024-09-15	63097.7864
2024-09-16	63083.9036
2024-09-17	63091.1662
2024-09-18	62997.6011
2024-09-19	63590.4994
2024-09-20	63555.0175
2024-09-21	63555.0175
2024-09-22	63555.0175
2024-09-23	63393.3234
2024-09-24	63520.6918
2024-09-25	63592.9231
2024-09-26	64026.8251
2024-09-27	64026.5511
2024-09-28	64026.5511
2024-09-29	64026.5511
2024-09-30	63990.2984
2024-10-01	63880.6581
2024-10-02	63911.8236
2024-10-03	63966.7037
2024-10-04	64145.2266
2024-10-05	64145.2266
2024-10-06	64145.2266
2024-10-07	64338.9427
2024-10-08	64375.4694
2024-10-09	64664.8916
2024-10-10	64693.3679
2024-10-11	64787.738
2024-10-12	64787.738
2024-10-13	64787.738
2024-10-14	65135.4316
2024-10-15	65069.4865
2024-10-16	65146.0428
2024-10-17	65199.7667
2024-10-18	65019.5737
2024-10-19	65019.5737
2024-10-20	65019.5737
2024-10-21	65176.1207
2024-10-22	64770.9605
2024-10-23	64594.8013
2024-10-24	64583.6077
2024-10-25	64526.1241
2024-10-26	64526.1241
2024-10-27	64526.1241
2024-10-28	64793.2363
2024-10-29	65077.4599
2024-10-30	64728.2846
2024-10-31	64329.7874
2024-11-01	64232.8823
2024-11-02	64232.8823
2024-11-03	64232.8823
2024-11-04	64245.9172
2024-11-05	64362.4945
2024-11-06	65109.3962
2024-11-07	65303.5318
2024-11-08	65651.9449
2024-11-09	65651.9449
2024-11-10	65651.9449
2024-11-11	65691.6233
2024-11-12	65664.0291
2024-11-13	65635.5186
2024-11-14	65660.6548
2024-11-15	65466.3735
2024-11-16	65466.3735
2024-11-17	65466.3735
2024-11-18	65429.1445
2024-11-19	65610.8791
2024-11-20	65505.1356
2024-11-21	65601.2271
2024-11-22	65901.6458
2024-11-23	65901.6458
2024-11-24	65901.6458
2024-11-25	66064.3847
2024-11-26	66140.3758
2024-11-27	66182.2981
2024-11-28	66229.2562
2024-11-29	66381.4525
2024-11-30	66381.4525
2024-12-01	66381.4525
2024-12-02	66793.3442
2024-12-03	67019.87
2024-12-04	67091.7331
2024-12-05	67222.6214
2024-12-06	67226.3811
2024-12-07	67226.3811
2024-12-08	67226.3811
2024-12-09	66871.4506
2024-12-10	66958.0529
2024-12-11	67128.0372
2024-12-12	66965.8293
2024-12-13	66807.8521
2024-12-14	66807.8521
2024-12-15	66807.8521
2024-12-16	66723.7506
2024-12-17	66829.0316
2024-12-18	66404.2678
2024-12-19	65762.7071
2024-12-20	65779.3732
2024-12-21	65779.3732
2024-12-22	65779.3732
2024-12-23	66477.6724
2024-12-24	66735.3809
2024-12-25	66745.1443
2024-12-26	66814.2325
2024-12-27	66771.7878
2024-12-28	66771.7878
2024-12-29	66771.7878
2024-12-30	66441.7623
2024-12-31	66260.9184
2025-01-01	66262.7512
2025-01-02	66292.1096
2025-01-03	66713.482
2025-01-04	66713.482
2025-01-05	66713.482
2025-01-06	66815.0975
2025-01-07	66585.0688
2025-01-08	66837.3647
2025-01-09	66834.7954
2025-01-10	66518.9353
2025-01-11	66518.9353
2025-01-12	66518.9353
2025-01-13	66201.4821
2025-01-14	66188.3359
2025-01-15	66458.8481
2025-01-16	66807.9549
2025-01-17	67110.4461
2025-01-18	67110.4461
2025-01-19	67110.4461
2025-01-20	67149.7906
2025-01-21	67476.339
2025-01-22	67808.8909
2025-01-23	67724.8409
2025-01-24	67589.8845
2025-01-25	67589.8845
2025-01-26	67589.8845
2025-01-27	67247.7919
2025-01-28	67644.1737
2025-01-29	67842.72
2025-01-30	68101.7816
2025-01-31	68103.8456
2025-02-01	68103.8456
2025-02-02	68103.8456
2025-02-03	67443.0324
2025-02-04	67671.8021
2025-02-05	67777.9481
2025-02-06	68169.4482
2025-02-07	67930.7096
2025-02-08	67930.7096
2025-02-09	67930.7096
2025-02-10	67993.7686
2025-02-11	67971.6556
2025-02-12	68097.4824
2025-02-13	68400.7016
2025-02-14	68208.9896
2025-02-15	68208.9896
2025-02-16	68208.9896
2025-02-17	68246.3985
2025-02-18	68333.6945
2025-02-19	68201.1361
2025-02-20	67733.6193
2025-02-21	67391.5266
2025-02-22	67391.5266
2025-02-23	67391.5266
2025-02-24	67206.4863
2025-02-25	66855.2384
2025-02-26	66975.1986
2025-02-27	66760.9968
2025-02-28	66822.5913
2025-03-01	66822.5913
2025-03-02	66822.5913
2025-03-03	66592.417
2025-03-04	66266.5794
2025-03-05	66172.0809
2025-03-06	65614.6131
2025-03-07	65371.738
2025-03-08	65371.738
2025-03-09	65371.738
2025-03-10	64675.3486
2025-03-11	64284.2938
2025-03-12	64224.6092
2025-03-13	63764.8944
2025-03-14	64413.1781
2025-03-15	64413.1781
2025-03-16	64413.1781
2025-03-17	64646.4783
2025-03-18	64634.8822
2025-03-19	64865.0137
2025-03-20	65186.3122
2025-03-21	65315.2564
2025-03-22	65315.2564
2025-03-23	65315.2564
2025-03-24	65574.9261
2025-03-25	65612.0267
2025-03-26	65396.3175
2025-03-27	65160.5508
2025-03-28	64781.3147
2025-03-29	64781.3147
2025-03-30	64781.3147
2025-03-31	64409.504
2025-04-01	64678.0463
2025-04-02	64592.9
2025-04-03	63065.4561
2025-04-04	61999.0459
2025-04-05	61999.0459
2025-04-06	61999.0459
2025-04-07	60457.8478
2025-04-08	60836.647
2025-04-09	62043.7687
2025-04-10	61969.3364
2025-04-11	62140.9993
2025-04-12	62140.9993
2025-04-13	62140.9993
2025-04-14	62407.7089
2025-04-15	62408.8993
2025-04-16	61860.4498
2025-04-17	62216.6649
2025-04-18	62251.2562
2025-04-19	62251.2562
2025-04-20	62251.2562
2025-04-21	61712.1331
2025-04-22	62265.1132
2025-04-23	62960.295
2025-04-24	63623.0438
2025-04-25	63871.1946
2025-04-26	63871.1946
2025-04-27	63871.1946
2025-04-28	63940.0173
2025-04-29	64428.9792
2025-04-30	64606.8941
2025-05-01	64839.4921
2025-05-02	65271.4328
2025-05-03	65271.4328
2025-05-04	65271.4328
2025-05-05	64856.9461
2025-05-06	64751.8364
2025-05-07	64945.2698
2025-05-08	65319.4357
2025-05-09	65437.4861
2025-05-10	65437.4861
2025-05-11	65437.4861
2025-05-12	66352.9248
2025-05-13	66487.2987
2025-05-14	66669.5214
2025-05-15	66887.2261
2025-05-16	67168.0582
2025-05-17	67168.0582
2025-05-18	67168.0582
2025-05-19	66869.0269
2025-05-20	67179.7913
2025-05-21	66814.6008
2025-05-22	66733.8137
2025-05-23	66423.743
2025-05-24	66423.743
2025-05-25	66423.743
2025-05-26	66449.6843
2025-05-27	67138.6056
2025-05-28	67052.6885
2025-05-29	67159.2456
2025-05-30	67194.6161
2025-05-31	67194.6161
2025-06-01	67194.6161
2025-06-02	67023.5441
2025-06-03	67358.0659
2025-06-04	67556.4238
2025-06-05	67447.109
2025-06-06	67723.9073
2025-06-07	67723.9073
2025-06-08	67723.9073
2025-06-09	67675.5533
2025-06-10	67982.9862
2025-06-11	67951.8292
2025-06-12	67962.1835
2025-06-13	67588.5828
2025-06-14	67588.5828
2025-06-15	67588.5828
2025-06-16	67685.7619
2025-06-17	67565.0823
2025-06-18	67513.3539
2025-06-19	67532.949
2025-06-20	67458.3796
2025-06-21	67458.3796
2025-06-22	67458.3796
2025-06-23	67628.5267
2025-06-24	68069.5285
2025-06-25	68291.1556
2025-06-26	68369.0736
2025-06-27	68610.5785
2025-06-28	68610.5785
2025-06-29	68610.5785
2025-06-30	68734.0158
2025-07-01	68644.7329
2025-07-02	68984.0678
2025-07-03	69117.7995
2025-07-04	69144.8541
2025-07-05	69144.8541
2025-07-06	69144.8541
2025-07-07	69052.9077
2025-07-08	69075.0293
2025-07-09	69076.2283
2025-07-10	69221.753
2025-07-11	68964.1387
2025-07-12	68964.1387
2025-07-13	68964.1387
2025-07-14	68996.272
2025-07-15	69264.035
2025-07-16	69115.3415
2025-07-17	69645.2236
2025-07-18	69752.877
2025-07-19	69752.877
2025-07-20	69752.877
2025-07-21	69612.2339
2025-07-22	69489.6787
2025-07-23	69876.2201
2025-07-24	69835.7623
2025-07-25	69859.1943
2025-07-26	69859.1943
2025-07-27	69859.1943
2025-07-28	70044.4231
2025-07-29	70012.4525
2025-07-30	70294.6549
2025-07-31	70137.9795
2025-08-01	69415.0836
2025-08-02	69415.0836
2025-08-03	69415.0836
2025-08-04	69848.3861
2025-08-05	70058.1859
2025-08-06	70345.7068
2025-08-07	70476.6464
2025-08-08	70502.4421
2025-08-09	70502.4421
2025-08-10	70502.4421
2025-08-11	70494.032
2025-08-12	70861.9374
2025-08-13	70828.3225
2025-08-14	71161.2256
2025-08-15	71330.1737
2025-08-16	71330.1737
2025-08-17	71330.1737
2025-08-18	71508.6709
2025-08-19	71325.4462
2025-08-20	71438.5807
2025-08-21	71607.1433
2025-08-22	71660.3105
2025-08-23	71660.3105
2025-08-24	71660.3105
2025-08-25	71603.9146
2025-08-26	71556.0829
2025-08-27	71700.3572
2025-08-28	71733.2099
2025-08-29	71484.5453
2025-08-30	71484.5453
2025-08-31	71484.5453
2025-09-01	71381.2769
2025-09-02	71207.7469
2025-09-03	70843.0702
2025-09-04	71460.7023
2025-09-05	71413.6328
2025-09-06	71413.6328
2025-09-07	71413.6328
2025-09-08	71424.6123
2025-09-09	71408.6484
2025-09-10	71470.2857
2025-09-11	71502.1449
2025-09-12	71723.4295
2025-09-13	71723.4295
2025-09-14	71723.4295
2025-09-15	71801.2961
2025-09-16	71780.5791
2025-09-17	71590.186
2025-09-18	71831.7679
2025-09-19	72148.6215
2025-09-20	72148.6215
2025-09-21	72148.6215
2025-09-22	72420.9322
2025-09-23	72289.0504
2025-09-24	72003.3195
2025-09-25	72095.7284
2025-09-26	72261.2421
2025-09-27	72261.2421
2025-09-28	72261.2421
2025-09-29	72408.3427
2025-09-30	72463.7965
2025-10-01	72625.3108
2025-10-02	73078.9278
2025-10-03	73202.9304
2025-10-04	73202.9304
2025-10-05	73202.9304
2025-10-06	73307.4235
2025-10-07	73187.8743
2025-10-08	73329.8277
2025-10-09	73468.8863
2025-10-10	72651.9629
2025-10-11	72651.9629
2025-10-12	72651.9629
2025-10-13	72951.6793
2025-10-14	72851.4941
2025-10-15	73302.0879
2025-10-16	73593.8395
2025-10-17	73449.1199
2025-10-18	73449.1199
2025-10-19	73449.1199
2025-10-20	73925.8263
2025-10-21	74103.2444
2025-10-22	73768.5685
2025-10-23	73854.9481
2025-10-24	74119.2939
2025-10-25	74119.2939
2025-10-26	74119.2939
2025-10-27	74474.8839
2025-10-28	74300.1464
2025-10-29	73982.2308
2025-10-30	73738.7904
2025-10-31	73808.7265
2025-11-01	73808.7265
2025-11-02	73808.7265
2025-11-03	73925.6892
2025-11-04	73423.4013
2025-11-05	73371.9983
2025-11-06	73359.8199
2025-11-07	73127.5902
2025-11-08	73127.5902
2025-11-09	73127.5902
2025-11-10	73643.6581
2025-11-11	73745.0595
2025-11-12	73789.0029
2025-11-13	73153.8655
2025-11-14	72713.446
2025-11-15	72713.446
2025-11-16	72713.446
2025-11-17	72565.4805
2025-11-18	71747.7007
2025-11-19	71923.0292
2025-11-20	71812.9093
2025-11-21	71592.0701
2025-11-22	71592.0701
2025-11-23	71592.0701
2025-11-24	72307.4894
2025-11-25	72697.4222
2025-11-26	73056.7205
2025-11-27	72969.7415
2025-11-28	73075.2794
2025-11-29	73075.2794
2025-11-30	73075.2794
2025-12-01	72813.8026
2025-12-02	72896.765
2025-12-03	72882.8309
2025-12-04	72951.5423
2025-12-05	72955.0194
2025-12-06	72955.0194
2025-12-07	72955.0194
2025-12-08	72996.6676
2025-12-09	72739.2246
2025-12-10	72908.0528
2025-12-11	72902.7086
2025-12-12	73039.0352
2025-12-13	73039.0352
2025-12-14	73039.0352
2025-12-15	72793.411
2025-12-16	72592.2354
2025-12-17	72319.8306
2025-12-18	72548.7887
2025-12-19	72946.2239
2025-12-20	72946.2239
2025-12-21	72946.2239
2025-12-22	73271.1622
2025-12-23	73586.2858
2025-12-24	73557.2442
2025-12-25	73564.7123
2025-12-26	73563.0937
2025-12-27	73563.0937
2025-12-28	73563.0937
2025-12-29	73457.6671
2025-12-30	73435.8709
2025-12-31	73410.8374
2026-01-01	73413.4239
2026-01-02	73562.0317
2026-01-03	73562.0317
2026-01-04	73562.0317
2026-01-05	73780.2845
2026-01-06	73816.9654
2026-01-07	73857.2519
2026-01-08	73881.7972
2026-01-09	74187.3116
2026-01-10	74187.3116
2026-01-11	74187.3116
2026-01-12	74213.1501
2026-01-13	74450.527
2026-01-14	74448.326
2026-01-15	74567.6096
2026-01-16	74834.8502
2026-01-17	74834.8502
2026-01-18	74834.8502
2026-01-19	74543.4925
2026-01-20	73702.6319
2026-01-21	73666.4734
2026-01-22	73926.6399
2026-01-23	73861.337
2026-01-24	73861.337
2026-01-25	73861.337
2026-01-26	73843.6004
2026-01-27	74211.7799
2026-01-28	74061.1937
2026-01-29	73974.1461
2026-01-30	73558.6317
2026-01-31	73558.6317
2026-02-01	73558.6317
2026-02-02	73520.3835
2026-02-03	73459.5084
2026-02-04	73551.4205
2026-02-05	73190.9403
2026-02-06	73050.2202
2026-02-07	73050.2202
2026-02-08	73050.2202
2026-02-09	73558.6916
2026-02-10	73581.0273
2026-02-11	73881.4032
2026-02-12	73615.3531
2026-02-13	73377.7878
2026-02-14	73377.7878
2026-02-15	73377.7878
2026-02-16	73396.6635
2026-02-17	73613.3062
2026-02-18	73937.6107
2026-02-19	74117.9665
2026-02-20	74213.9466
2026-02-21	74213.9466
2026-02-22	74213.9466
2026-02-23	73945.0446
2026-02-24	74161.0021
2026-02-25	74591.4698
2026-02-26	74651.0688
2026-02-27	74545.8649
2026-02-28	74545.8649
2026-03-01	74545.8649
2026-03-02	74630.917
2026-03-03	73805.1209
2026-03-04	73019.3288
2026-03-05	73376.2291
2026-03-06	72760.3442
2026-03-07	72760.3442
2026-03-08	72760.3442
2026-03-09	71869.6136
2026-03-10	72089.545
2026-03-11	72183.7609
2026-03-12	71596.9518
2026-03-13	71436.1141
2026-03-14	71436.1141
2026-03-15	71436.1141
2026-03-16	71492.5786
2026-03-17	71557.6502
2026-03-18	71508.6624
2026-03-19	70903.3715
2026-03-20	70199.3
2026-03-21	70199.3
2026-03-22	70199.3
2026-03-23	70228.4528
2026-03-24	70371.1427
2026-03-25	71201.6577
2026-03-26	70771.5754
2026-03-27	70329.4346
2026-03-28	70329.4346
2026-03-29	70329.4346
2026-03-30	70132.5326
2026-03-31	70807.2029
2026-04-01	71773.1795
2026-04-02	71441.1756
2026-04-03	71488.031
2026-04-04	71488.031
2026-04-05	71488.031
2026-04-06	71579.2494
2026-04-07	72000.1079
2026-04-08	73470.3765
2026-04-09	73641.0374
2026-04-10	73646.373
2026-04-11	73646.373
2026-04-12	73646.373
2026-04-13	73792.2916
2026-04-14	74147.2564
2026-04-15	74389.6862
2026-04-16	74407.0803
2026-04-17	74614.2937
2026-04-18	74614.2937
2026-04-19	74614.2937
2026-04-20	74744.6766
2026-04-21	74444.9259
2026-04-22	74365.9973
2026-04-23	74062.7524
2026-04-24	74307.0578
2026-04-25	74307.0578
2026-04-26	74307.0578
2026-04-27	74208.2685
2026-04-28	73951.5021
2026-04-29	73921.8696
2026-04-30	73908.6206
2026-05-01	74173.1035
2026-05-02	74173.1035
2026-05-03	74173.1035
2026-05-04	74098.1315
2026-05-05	74308.0683
2026-05-06	75097.7059
2026-05-07	75315.7103
2026-05-08	75131.5863
2026-05-09	75131.5863
2026-05-10	75131.5863
2026-05-11	75095.0424
2026-05-12	74927.7644
2026-05-13	75000.2783
2026-05-14	75424.8281
2026-05-15	75098.451
2026-05-16	75098.451
2026-05-17	75098.451
2026-05-18	74669.4392
2026-05-19	74987.4148
2026-05-20	74783.1561
2026-05-21	75389.723
2026-05-22	75767.7258
2026-05-23	75767.7258
2026-05-24	75767.7258
2026-05-25	75872.039
2026-05-26	75919.8621
2026-05-27	76275.0923
2026-05-28	75959.0695
2026-05-29	76434.5083
2026-05-30	76434.5083
2026-05-31	76434.5083
2026-06-01	76683.7296
2026-06-02	76682.7276
2026-06-03	76761.0053
2026-06-04	76610.3849
2026-06-05	75771.1087
2026-06-06	75771.1087
2026-06-07	75771.1087
2026-06-08	75683.1104
2026-06-09	75723.5339
2026-06-10	75326.3386
2026-06-11	75887.7117
2026-06-12	76537.0659
2026-06-13	76537.0659
2026-06-14	76537.0659
2026-06-15	77401.5298
2026-06-16	77448.0853
2026-06-17	77432.661
2026-06-18	77650.674
2026-06-19	77480.7239
2026-06-20	77480.7239
2026-06-21	77480.7239
2026-06-22	77436.0525
2026-06-23	76955.6292
2026-06-24	77109.9152
2026-06-25	77197.6393
2026-06-26	77049.297
2026-06-27	77049.297
2026-06-28	77049.297
2026-06-29	77628.9977
2026-06-30	77672.2903
2026-07-01	77573.6466
2026-07-02	77461.7283
2026-07-03	77947.0675
2026-07-04	77947.0675
2026-07-05	77947.0675
2026-07-06	78020.1724
2026-07-07	77586.6301
2026-07-08	77396.2456
2026-07-09	77536.6574
2026-07-10	77787.5401
2026-07-11	77787.5401
2026-07-12	77787.5401
2026-07-13	77507.0506
2026-07-14	77492.6968
2026-07-15	77708.877
2026-07-16	77464.289
2026-07-17	76870.834
2026-07-18	76870.834
2026-07-19	76870.834
2026-07-20	76641.0537
2026-07-21	77073.3713
2026-07-22	77174.687
2026-07-23	77005.9445
2026-07-24	76665.0937
2026-07-25	76665.0937
2026-07-26	76665.0937
2026-07-27	77057.1505
2026-07-28	77077.3023
2026-07-29	77038.0435
2026-07-30	76988.2849
2026-07-31	77493.0822
2026-08-01	77493.0822
2026-08-02	77493.0822
2026-08-03	78188.1783
2026-08-04	78828.54
2026-08-05	79186.4766
2026-08-06	79355.5274
2026-08-07	79420.4963
2026-08-08	79420.4963
2026-08-09	79420.4963
2026-08-10	79405.9027
2026-08-11	79375.0284
2026-08-12	79434.4903
2026-08-13	79648.8121
2026-08-14	79340.2059
2026-08-15	79340.2059
2026-08-16	79340.2059
2026-08-17	79027.172
2026-08-18	78817.1495
2026-08-19	78602.8021
2026-08-20	78538.1844
2026-08-21	78446.8803
2026-08-22	78446.8803
2026-08-23	78446.8803
2026-08-24	78553.4117
2026-08-25	78881.87
2026-08-26	78813.3726
2026-08-27	78683.7433
2026-08-28	78763.6312
2026-08-29	78763.6312
2026-08-30	78763.6312
2026-08-31	78633.0169
2026-09-01	78409.951
2026-09-02	78105.1645
2026-09-03	78587.7803
2026-09-04	78508.5776
2026-09-05	78508.5776
2026-09-06	78508.5776
2026-09-07	78582.2135
2026-09-08	78107.8623
2026-09-09	77868.5242
2026-09-10	77541.1536
2026-09-11	77485.6741
2026-09-12	77485.6741
2026-09-13	77485.6741
2026-09-14	77385.977
2026-09-15	76938.4663
2026-09-16	76967.9447
