date	value
2008-06-30	10000.0
2008-07-01	9977.1
2008-07-02	9784.73
2008-07-03	9794.45
2008-07-04	9710.41
2008-07-05	9710.41
2008-07-06	9710.41
2008-07-07	9786.07
2008-07-08	9817.84
2008-07-09	9742.19
2008-07-10	9661.84
2008-07-11	9559.54
2008-07-12	9559.54
2008-07-13	9559.54
2008-07-14	9483.11
2008-07-15	9303.64
2008-07-16	9434.25
2008-07-17	9581.59
2008-07-18	9617.0
2008-07-19	9617.0
2008-07-20	9617.0
2008-07-21	9622.25
2008-07-22	9717.22
2008-07-23	9837.91
2008-07-24	9777.41
2008-07-25	9743.33
2008-07-26	9743.33
2008-07-27	9743.33
2008-07-28	9660.25
2008-07-29	9764.79
2008-07-30	9991.13
2008-07-31	9953.14
2008-08-01	9979.3
2008-08-02	9979.3
2008-08-03	9979.3
2008-08-04	9820.8
2008-08-05	10142.63
2008-08-06	10244.54
2008-08-07	10158.3
2008-08-08	10380.31
2008-08-09	10380.31
2008-08-10	10380.31
2008-08-11	10323.23
2008-08-12	10362.46
2008-08-13	10289.77
2008-08-14	10344.6
2008-08-15	10345.46
2008-08-16	10345.46
2008-08-17	10345.46
2008-08-18	10257.59
2008-08-19	10113.04
2008-08-20	10185.73
2008-08-21	10131.84
2008-08-22	10317.27
2008-08-23	10317.27
2008-08-24	10317.27
2008-08-25	10152.31
2008-08-26	10274.57
2008-08-27	10309.46
2008-08-28	10339.6
2008-08-29	10380.82
2008-08-30	10380.82
2008-08-31	10380.82
2008-09-01	10416.54
2008-09-02	10508.29
2008-09-03	10478.44
2008-09-04	10307.55
2008-09-05	10450.93
2008-09-06	10450.93
2008-09-07	10450.93
2008-09-08	10323.89
2008-09-09	10194.27
2008-09-10	10238.18
2008-09-11	10334.21
2008-09-12	10172.28
2008-09-13	10172.28
2008-09-14	10172.28
2008-09-15	10113.17
2008-09-16	10209.31
2008-09-17	10117.45
2008-09-18	10085.05
2008-09-19	10121.11
2008-09-20	10121.11
2008-09-21	10121.11
2008-09-22	9646.14
2008-09-23	9692.03
2008-09-24	9626.27
2008-09-25	9755.23
2008-09-26	9713.46
2008-09-27	9713.46
2008-09-28	9713.46
2008-09-29	9446.93
2008-09-30	9610.61
2008-10-01	9842.77
2008-10-02	9757.59
2008-10-03	9737.67
2008-10-04	9737.67
2008-10-05	9737.67
2008-10-06	9951.61
2008-10-07	9947.66
2008-10-08	10478.24
2008-10-09	9252.02
2008-10-10	9591.74
2008-10-11	9591.74
2008-10-12	9591.74
2008-10-13	8517.05
2008-10-14	8476.32
2008-10-15	8275.13
2008-10-16	8298.15
2008-10-17	8063.85
2008-10-18	8063.85
2008-10-19	8063.85
2008-10-20	8529.9
2008-10-21	8670.4
2008-10-22	8133.96
2008-10-23	8347.42
2008-10-24	8609.81
2008-10-25	8609.81
2008-10-26	8609.81
2008-10-27	8530.42
2008-10-28	8212.96
2008-10-29	7882.48
2008-10-30	7799.21
2008-10-31	8169.85
2008-11-01	8169.85
2008-11-02	8169.85
2008-11-03	8350.89
2008-11-04	8070.45
2008-11-05	8534.14
2008-11-06	8558.73
2008-11-07	8245.24
2008-11-08	8245.24
2008-11-09	8245.24
2008-11-10	8342.67
2008-11-11	8299.94
2008-11-12	8494.2
2008-11-13	8160.86
2008-11-14	8114.28
2008-11-15	8114.28
2008-11-16	8114.28
2008-11-17	7960.57
2008-11-18	7988.31
2008-11-19	7785.78
2008-11-20	7742.84
2008-11-21	7790.02
2008-11-22	7790.02
2008-11-23	7790.02
2008-11-24	7514.24
2008-11-25	7699.15
2008-11-26	7705.66
2008-11-27	7700.39
2008-11-28	7800.45
2008-11-29	7800.45
2008-11-30	7800.45
2008-12-01	7696.59
2008-12-02	7855.53
2008-12-03	7822.25
2008-12-04	7911.64
2008-12-05	7958.86
2008-12-06	7958.86
2008-12-07	7958.86
2008-12-08	7784.18
2008-12-09	7740.52
2008-12-10	7855.99
2008-12-11	7585.63
2008-12-12	7750.34
2008-12-13	7750.34
2008-12-14	7750.34
2008-12-15	7967.08
2008-12-16	8018.44
2008-12-17	7855.89
2008-12-18	7858.88
2008-12-19	7955.98
2008-12-20	7955.98
2008-12-21	7955.98
2008-12-22	7878.44
2008-12-23	7882.33
2008-12-24	7844.51
2008-12-25	7844.51
2008-12-26	7844.51
2008-12-27	7844.51
2008-12-28	7844.51
2008-12-29	7882.98
2008-12-30	8000.47
2008-12-31	8041.24
2009-01-01	7837.04
2009-01-02	7822.14
2009-01-03	7822.14
2009-01-04	7822.14
2009-01-05	8232.11
2009-01-06	8163.62
2009-01-07	8169.05
2009-01-08	8259.37
2009-01-09	8203.46
2009-01-10	8203.46
2009-01-11	8203.46
2009-01-12	8168.98
2009-01-13	8305.85
2009-01-14	8141.66
2009-01-15	8139.18
2009-01-16	8078.49
2009-01-17	8078.49
2009-01-18	8078.49
2009-01-19	7734.73
2009-01-20	7660.21
2009-01-21	7802.13
2009-01-22	7717.27
2009-01-23	7642.32
2009-01-24	7642.32
2009-01-25	7642.32
2009-01-26	7710.57
2009-01-27	7772.95
2009-01-28	7857.25
2009-01-29	7915.49
2009-01-30	8011.76
2009-01-31	8011.76
2009-02-01	8011.76
2009-02-02	7775.42
2009-02-03	7706.45
2009-02-04	7721.72
2009-02-05	7642.74
2009-02-06	7496.13
2009-02-07	7496.13
2009-02-08	7496.13
2009-02-09	7874.58
2009-02-10	7977.34
2009-02-11	8022.38
2009-02-12	7983.91
2009-02-13	7876.63
2009-02-14	7876.63
2009-02-15	7876.63
2009-02-16	7807.21
2009-02-17	7690.36
2009-02-18	7617.26
2009-02-19	7510.43
2009-02-20	7385.19
2009-02-21	7385.19
2009-02-22	7385.19
2009-02-23	7252.12
2009-02-24	7298.43
2009-02-25	7235.6
2009-02-26	7184.76
2009-02-27	7186.95
2009-02-28	7186.95
2009-03-01	7186.95
2009-03-02	7079.18
2009-03-03	6878.94
2009-03-04	6919.83
2009-03-05	6852.49
2009-03-06	6803.84
2009-03-07	6803.84
2009-03-08	6803.84
2009-03-09	6803.84
2009-03-10	7054.1
2009-03-11	7045.34
2009-03-12	7154.04
2009-03-13	7159.25
2009-03-14	7159.25
2009-03-15	7159.25
2009-03-16	7256.54
2009-03-17	7386.51
2009-03-18	7439.16
2009-03-19	7265.98
2009-03-20	7151.57
2009-03-21	7151.57
2009-03-22	7151.57
2009-03-23	7387.07
2009-03-24	7259.26
2009-03-25	7431.37
2009-03-26	7463.08
2009-03-27	7449.12
2009-03-28	7449.12
2009-03-29	7449.12
2009-03-30	7462.53
2009-03-31	7400.0
2009-04-01	7469.06
2009-04-02	7460.14
2009-04-03	7545.51
2009-04-04	7545.51
2009-04-05	7545.51
2009-04-06	7667.04
2009-04-07	7515.4
2009-04-08	7555.4
2009-04-09	7676.63
2009-04-10	7676.63
2009-04-11	7676.63
2009-04-12	7676.63
2009-04-13	7676.63
2009-04-14	7667.12
2009-04-15	7783.0
2009-04-16	7775.39
2009-04-17	7788.63
2009-04-18	7788.63
2009-04-19	7788.63
2009-04-20	7927.18
2009-04-21	7826.41
2009-04-22	7902.14
2009-04-23	7837.59
2009-04-24	7849.78
2009-04-25	7849.78
2009-04-26	7849.78
2009-04-27	7984.3
2009-04-28	8003.29
2009-04-29	7869.69
2009-04-30	7910.13
2009-05-01	7926.34
2009-05-02	7926.34
2009-05-03	7926.34
2009-05-04	8080.1
2009-05-05	8034.69
2009-05-06	8064.09
2009-05-07	7920.03
2009-05-08	7979.4
2009-05-09	7979.4
2009-05-10	7979.4
2009-05-11	8257.4
2009-05-12	8231.4
2009-05-13	8146.21
2009-05-14	8129.59
2009-05-15	8214.21
2009-05-16	8214.21
2009-05-17	8214.21
2009-05-18	8012.8
2009-05-19	7973.76
2009-05-20	8015.82
2009-05-21	7858.81
2009-05-22	7825.83
2009-05-23	7825.83
2009-05-24	7825.83
2009-05-25	8115.78
2009-05-26	8196.07
2009-05-27	8160.54
2009-05-28	8214.97
2009-05-29	8096.96
2009-05-30	8096.96
2009-05-31	8096.96
2009-06-01	8251.14
2009-06-02	8147.64
2009-06-03	8260.15
2009-06-04	8308.86
2009-06-05	8261.01
2009-06-06	8261.01
2009-06-07	8261.01
2009-06-08	8261.01
2009-06-09	8415.01
2009-06-10	8324.76
2009-06-11	8187.9
2009-06-12	8261.09
2009-06-13	8261.09
2009-06-14	8261.09
2009-06-15	8358.79
2009-06-16	8281.49
2009-06-17	8287.39
2009-06-18	8187.35
2009-06-19	8195.2
2009-06-20	8195.2
2009-06-21	8195.2
2009-06-22	8129.23
2009-06-23	8063.85
2009-06-24	8098.96
2009-06-25	8151.76
2009-06-26	8094.65
2009-06-27	8094.65
2009-06-28	8094.65
2009-06-29	8203.41
2009-06-30	8165.0
2009-07-01	8208.67
2009-07-02	8187.25
2009-07-03	8146.27
2009-07-04	8146.27
2009-07-05	8146.27
2009-07-06	8143.07
2009-07-07	8056.35
2009-07-08	8216.36
2009-07-09	8153.52
2009-07-10	8202.43
2009-07-11	8202.43
2009-07-12	8202.43
2009-07-13	8115.68
2009-07-14	8069.26
2009-07-15	8111.25
2009-07-16	8170.81
2009-07-17	8332.14
2009-07-18	8332.14
2009-07-19	8332.14
2009-07-20	8290.44
2009-07-21	8506.72
2009-07-22	8394.91
2009-07-23	8585.5
2009-07-24	8579.5
2009-07-25	8579.5
2009-07-26	8579.5
2009-07-27	8572.67
2009-07-28	8550.33
2009-07-29	8612.46
2009-07-30	8561.44
2009-07-31	8588.64
2009-08-01	8588.64
2009-08-02	8588.64
2009-08-03	8695.74
2009-08-04	8682.67
2009-08-05	8736.03
2009-08-06	8691.66
2009-08-07	8717.26
2009-08-08	8717.26
2009-08-09	8717.26
2009-08-10	8710.56
2009-08-11	8750.35
2009-08-12	8711.64
2009-08-13	8709.47
2009-08-14	8803.98
2009-08-15	8803.98
2009-08-16	8803.98
2009-08-17	8654.03
2009-08-18	8678.57
2009-08-19	8653.45
2009-08-20	8743.94
2009-08-21	8833.36
2009-08-22	8833.36
2009-08-23	8833.36
2009-08-24	8818.11
2009-08-25	8952.72
2009-08-26	8968.74
2009-08-27	8818.95
2009-08-28	8905.7
2009-08-29	8905.7
2009-08-30	8905.7
2009-08-31	8770.14
2009-09-01	8851.38
2009-09-02	8591.65
2009-09-03	8697.36
2009-09-04	8714.0
2009-09-05	8714.0
2009-09-06	8714.0
2009-09-07	8722.15
2009-09-08	8789.37
2009-09-09	8867.35
2009-09-10	8928.34
2009-09-11	8988.98
2009-09-12	8988.98
2009-09-13	8988.98
2009-09-14	8978.28
2009-09-15	8954.44
2009-09-16	8985.45
2009-09-17	9114.96
2009-09-18	9079.64
2009-09-19	9079.64
2009-09-20	9079.64
2009-09-21	9120.76
2009-09-22	9063.16
2009-09-23	9045.1
2009-09-24	9042.92
2009-09-25	8954.62
2009-09-26	8954.62
2009-09-27	8954.62
2009-09-28	8985.09
2009-09-29	9008.97
2009-09-30	8977.0
2009-10-01	8997.39
2009-10-02	8932.32
2009-10-03	8932.32
2009-10-04	8932.32
2009-10-05	8831.14
2009-10-06	8923.39
2009-10-07	9010.81
2009-10-08	8902.47
2009-10-09	9088.46
2009-10-10	9088.46
2009-10-11	9088.46
2009-10-12	9065.0
2009-10-13	9071.12
2009-10-14	9155.25
2009-10-15	9141.12
2009-10-16	9141.55
2009-10-17	9141.55
2009-10-18	9141.55
2009-10-19	9090.33
2009-10-20	9207.28
2009-10-21	8964.19
2009-10-22	9091.21
2009-10-23	8960.04
2009-10-24	8960.04
2009-10-25	8960.04
2009-10-26	8965.75
2009-10-27	8943.92
2009-10-28	8955.34
2009-10-29	8709.84
2009-10-30	8848.72
2009-10-31	8848.72
2009-11-01	8848.72
2009-11-02	8755.51
2009-11-03	8755.51
2009-11-04	8697.0
2009-11-05	8884.32
2009-11-06	8795.4
2009-11-07	8795.4
2009-11-08	8795.4
2009-11-09	8891.41
2009-11-10	8979.84
2009-11-11	8995.4
2009-11-12	9007.07
2009-11-13	8899.07
2009-11-14	8899.07
2009-11-15	8899.07
2009-11-16	9064.74
2009-11-17	9126.27
2009-11-18	9123.49
2009-11-19	9080.89
2009-11-20	9042.91
2009-11-21	9042.91
2009-11-22	9042.91
2009-11-23	9008.43
2009-11-24	9064.25
2009-11-25	9064.83
2009-11-26	9000.32
2009-11-27	8970.59
2009-11-28	8970.59
2009-11-29	8970.59
2009-11-30	8985.9
2009-12-01	9040.53
2009-12-02	9081.32
2009-12-03	9050.72
2009-12-04	9177.38
2009-12-05	9177.38
2009-12-06	9177.38
2009-12-07	9138.93
2009-12-08	9138.93
2009-12-09	9129.39
2009-12-10	9054.23
2009-12-11	9108.44
2009-12-12	9108.44
2009-12-13	9108.44
2009-12-14	9168.65
2009-12-15	9208.53
2009-12-16	9241.42
2009-12-17	9182.61
2009-12-18	9194.27
2009-12-19	9194.27
2009-12-20	9194.27
2009-12-21	9285.19
2009-12-22	9305.13
2009-12-23	9406.09
2009-12-24	9409.28
2009-12-25	9409.28
2009-12-26	9409.28
2009-12-27	9409.28
2009-12-28	9409.28
2009-12-29	9410.43
2009-12-30	9343.39
2009-12-31	9366.0
2010-01-01	9366.0
2010-01-02	9366.0
2010-01-03	9366.0
2010-01-04	9430.46
2010-01-05	9452.85
2010-01-06	9466.06
2010-01-07	9479.21
2010-01-08	9474.23
2010-01-09	9474.23
2010-01-10	9474.23
2010-01-11	9517.6
2010-01-12	9448.37
2010-01-13	9434.94
2010-01-14	9455.24
2010-01-15	9418.67
2010-01-16	9418.67
2010-01-17	9418.67
2010-01-18	9427.91
2010-01-19	9464.67
2010-01-20	9447.82
2010-01-21	9319.01
2010-01-22	9220.33
2010-01-23	9220.33
2010-01-24	9220.33
2010-01-25	9217.32
2010-01-26	9152.89
2010-01-27	9151.27
2010-01-28	9068.84
2010-01-29	9053.4
2010-01-30	9053.4
2010-01-31	9053.4
2010-02-01	9166.38
2010-02-02	9276.96
2010-02-03	9252.19
2010-02-04	9120.35
2010-02-05	9061.18
2010-02-06	9061.18
2010-02-07	9061.18
2010-02-08	8928.09
2010-02-09	9008.89
2010-02-10	9038.95
2010-02-11	9046.16
2010-02-12	9074.55
2010-02-13	9074.55
2010-02-14	9074.55
2010-02-15	9045.82
2010-02-16	9096.78
2010-02-17	9172.61
2010-02-18	9194.31
2010-02-19	9171.18
2010-02-20	9171.18
2010-02-21	9171.18
2010-02-22	9219.23
2010-02-23	9198.54
2010-02-24	9158.55
2010-02-25	9151.56
2010-02-26	9168.72
2010-02-27	9168.72
2010-02-28	9168.72
2010-03-01	9183.39
2010-03-02	9275.11
2010-03-03	9320.57
2010-03-04	9342.82
2010-03-05	9429.2
2010-03-06	9429.2
2010-03-07	9429.2
2010-03-08	9451.57
2010-03-09	9455.21
2010-03-10	9506.53
2010-03-11	9481.87
2010-03-12	9502.06
2010-03-13	9502.06
2010-03-14	9502.06
2010-03-15	9497.05
2010-03-16	9559.42
2010-03-17	9537.16
2010-03-18	9550.47
2010-03-19	9564.99
2010-03-20	9564.99
2010-03-21	9564.99
2010-03-22	9551.14
2010-03-23	9616.38
2010-03-24	9564.85
2010-03-25	9624.95
2010-03-26	9677.64
2010-03-27	9677.64
2010-03-28	9677.64
2010-03-29	9638.25
2010-03-30	9632.83
2010-03-31	9640.0
2010-04-01	9718.78
2010-04-02	9741.03
2010-04-03	9741.03
2010-04-04	9741.03
2010-04-05	9764.75
2010-04-06	9776.36
2010-04-07	9725.63
2010-04-08	9767.09
2010-04-09	9791.94
2010-04-10	9791.94
2010-04-11	9791.94
2010-04-12	9838.48
2010-04-13	9799.49
2010-04-14	9864.04
2010-04-15	9889.47
2010-04-16	9796.33
2010-04-17	9796.33
2010-04-18	9796.33
2010-04-19	9758.05
2010-04-20	9799.02
2010-04-21	9799.31
2010-04-22	9799.4
2010-04-23	9872.36
2010-04-24	9872.36
2010-04-25	9872.36
2010-04-26	9882.55
2010-04-27	9758.68
2010-04-28	9666.07
2010-04-29	9758.0
2010-04-30	9691.88
2010-05-01	9691.88
2010-05-02	9691.88
2010-05-03	9708.86
2010-05-04	9612.4
2010-05-05	9535.77
2010-05-06	9365.83
2010-05-07	9178.49
2010-05-08	9178.49
2010-05-09	9178.49
2010-05-10	9549.45
2010-05-11	9432.03
2010-05-12	9614.64
2010-05-13	9573.04
2010-05-14	9423.23
2010-05-15	9423.23
2010-05-16	9423.23
2010-05-17	9454.04
2010-05-18	9372.69
2010-05-19	9393.34
2010-05-20	9323.12
2010-05-21	9304.26
2010-05-22	9304.26
2010-05-23	9304.26
2010-05-24	9174.8
2010-05-25	9175.29
2010-05-26	9182.23
2010-05-27	9315.48
2010-05-28	9327.33
2010-05-29	9327.33
2010-05-30	9327.33
2010-05-31	9352.3
2010-06-01	9268.3
2010-06-02	9353.93
2010-06-03	9479.49
2010-06-04	9304.46
2010-06-05	9304.46
2010-06-06	9304.46
2010-06-07	9242.23
2010-06-08	9236.36
2010-06-09	9223.12
2010-06-10	9323.15
2010-06-11	9384.44
2010-06-12	9384.44
2010-06-13	9384.44
2010-06-14	9369.16
2010-06-15	9421.7
2010-06-16	9436.71
2010-06-17	9471.94
2010-06-18	9463.13
2010-06-19	9463.13
2010-06-20	9463.13
2010-06-21	9463.56
2010-06-22	9361.11
2010-06-23	9408.75
2010-06-24	9298.94
2010-06-25	9290.52
2010-06-26	9290.52
2010-06-27	9290.52
2010-06-28	9294.53
2010-06-29	9076.24
2010-06-30	9098.0
2010-07-01	9107.78
2010-07-02	9044.09
2010-07-03	9044.09
2010-07-04	9044.09
2010-07-05	9022.95
2010-07-06	9105.62
2010-07-07	9212.67
2010-07-08	9198.22
2010-07-09	9225.31
2010-07-10	9225.31
2010-07-11	9225.31
2010-07-12	9285.73
2010-07-13	9324.22
2010-07-14	9393.2
2010-07-15	9363.05
2010-07-16	9232.14
2010-07-17	9232.14
2010-07-18	9232.14
2010-07-19	9246.22
2010-07-20	9259.93
2010-07-21	9250.13
2010-07-22	9321.01
2010-07-23	9376.97
2010-07-24	9376.97
2010-07-25	9376.97
2010-07-26	9414.06
2010-07-27	9441.02
2010-07-28	9458.62
2010-07-29	9434.54
2010-07-30	9369.22
2010-07-31	9369.22
2010-08-01	9369.22
2010-08-02	9529.27
2010-08-03	9495.98
2010-08-04	9496.03
2010-08-05	9526.69
2010-08-06	9526.8
2010-08-07	9526.8
2010-08-08	9526.8
2010-08-09	9518.51
2010-08-10	9503.11
2010-08-11	9336.74
2010-08-12	9312.99
2010-08-13	9294.16
2010-08-14	9294.16
2010-08-15	9294.16
2010-08-16	9323.49
2010-08-17	9389.17
2010-08-18	9400.9
2010-08-19	9383.59
2010-08-20	9326.18
2010-08-21	9326.18
2010-08-22	9326.18
2010-08-23	9322.77
2010-08-24	9240.53
2010-08-25	9234.52
2010-08-26	9229.77
2010-08-27	9233.68
2010-08-28	9233.68
2010-08-29	9233.68
2010-08-30	9225.81
2010-08-31	9228.56
2010-09-01	9360.78
2010-09-02	9370.11
2010-09-03	9426.49
2010-09-04	9426.49
2010-09-05	9426.49
2010-09-06	9479.69
2010-09-07	9431.43
2010-09-08	9429.67
2010-09-09	9454.79
2010-09-10	9456.26
2010-09-11	9456.26
2010-09-12	9456.26
2010-09-13	9517.03
2010-09-14	9490.89
2010-09-15	9560.99
2010-09-16	9529.25
2010-09-17	9496.87
2010-09-18	9496.87
2010-09-19	9496.87
2010-09-20	9612.03
2010-09-21	9578.44
2010-09-22	9544.63
2010-09-23	9478.41
2010-09-24	9619.39
2010-09-25	9619.39
2010-09-26	9619.39
2010-09-27	9549.22
2010-09-28	9573.5
2010-09-29	9577.37
2010-09-30	9589.0
2010-10-01	9580.94
2010-10-02	9580.94
2010-10-03	9580.94
2010-10-04	9590.28
2010-10-05	9723.58
2010-10-06	9699.08
2010-10-07	9678.55
2010-10-08	9636.74
2010-10-09	9636.74
2010-10-10	9636.74
2010-10-11	9664.35
2010-10-12	9657.84
2010-10-13	9711.16
2010-10-14	9735.79
2010-10-15	9709.16
2010-10-16	9709.16
2010-10-17	9709.16
2010-10-18	9732.09
2010-10-19	9697.86
2010-10-20	9726.0
2010-10-21	9782.23
2010-10-22	9717.32
2010-10-23	9717.32
2010-10-24	9717.32
2010-10-25	9748.99
2010-10-26	9754.99
2010-10-27	9794.41
2010-10-28	9768.73
2010-10-29	9737.05
2010-10-30	9737.05
2010-10-31	9737.05
2010-11-01	9777.55
2010-11-02	9749.75
2010-11-03	9770.17
2010-11-04	9852.03
2010-11-05	9852.22
2010-11-06	9852.22
2010-11-07	9852.22
2010-11-08	9859.47
2010-11-09	9886.85
2010-11-10	9845.35
2010-11-11	9897.46
2010-11-12	9840.0
2010-11-13	9840.0
2010-11-14	9840.0
2010-11-15	9756.36
2010-11-16	9785.03
2010-11-17	9680.99
2010-11-18	9778.17
2010-11-19	9818.65
2010-11-20	9818.65
2010-11-21	9818.65
2010-11-22	9828.76
2010-11-23	9713.48
2010-11-24	9722.12
2010-11-25	9783.67
2010-11-26	9784.86
2010-11-27	9784.86
2010-11-28	9784.86
2010-11-29	9797.8
2010-11-30	9767.64
2010-12-01	9886.57
2010-12-02	9985.78
2010-12-03	9949.8
2010-12-04	9949.8
2010-12-05	9949.8
2010-12-06	9910.5
2010-12-07	9957.52
2010-12-08	9966.47
2010-12-09	9978.63
2010-12-10	9973.48
2010-12-11	9973.48
2010-12-12	9973.48
2010-12-13	9947.24
2010-12-14	9935.22
2010-12-15	9951.97
2010-12-16	9909.84
2010-12-17	10008.75
2010-12-18	10008.75
2010-12-19	10008.75
2010-12-20	9915.05
2010-12-21	9987.33
2010-12-22	9981.28
2010-12-23	9939.42
2010-12-24	9954.34
2010-12-25	9954.34
2010-12-26	9954.34
2010-12-27	9952.61
2010-12-28	9901.03
2010-12-29	9919.18
2010-12-30	9961.87
2010-12-31	9881.0
2011-01-01	9881.0
2011-01-02	9881.0
2011-01-03	9974.97
2011-01-04	10081.26
2011-01-05	10081.16
2011-01-06	10151.02
2011-01-07	10138.04
2011-01-08	10138.04
2011-01-09	10138.04
2011-01-10	10005.24
2011-01-11	10172.82
2011-01-12	10234.57
2011-01-13	10192.11
2011-01-14	10260.66
2011-01-15	10260.66
2011-01-16	10260.66
2011-01-17	10218.7
2011-01-18	10225.71
2011-01-19	10150.54
2011-01-20	10124.94
2011-01-21	10171.8
2011-01-22	10171.8
2011-01-23	10171.8
2011-01-24	10089.51
2011-01-25	10143.43
2011-01-26	10186.06
2011-01-27	10209.92
2011-01-28	10073.89
2011-01-29	10073.89
2011-01-30	10073.89
2011-01-31	10068.29
2011-02-01	10063.7
2011-02-02	10152.92
2011-02-03	10065.84
2011-02-04	10132.62
2011-02-05	10132.62
2011-02-06	10132.62
2011-02-07	10102.41
2011-02-08	10105.68
2011-02-09	10080.05
2011-02-10	10043.8
2011-02-11	10108.6
2011-02-12	10108.6
2011-02-13	10108.6
2011-02-14	10131.96
2011-02-15	10191.69
2011-02-16	10220.92
2011-02-17	10185.1
2011-02-18	10232.42
2011-02-19	10232.42
2011-02-20	10232.42
2011-02-21	10235.19
2011-02-22	10116.36
2011-02-23	10012.54
2011-02-24	9925.12
2011-02-25	10011.89
2011-02-26	10011.89
2011-02-27	10011.89
2011-02-28	10041.1
2011-03-01	10028.96
2011-03-02	9970.85
2011-03-03	10111.25
2011-03-04	10172.47
2011-03-05	10172.47
2011-03-06	10172.47
2011-03-07	10097.04
2011-03-08	10092.02
2011-03-09	10137.87
2011-03-10	10009.12
2011-03-11	9945.9
2011-03-12	9945.9
2011-03-13	9945.9
2011-03-14	9907.12
2011-03-15	9840.55
2011-03-16	9865.78
2011-03-17	9889.18
2011-03-18	9826.41
2011-03-19	9826.41
2011-03-20	9826.41
2011-03-21	9926.27
2011-03-22	9911.32
2011-03-23	9900.81
2011-03-24	9968.82
2011-03-25	9976.68
2011-03-26	9976.68
2011-03-27	9976.68
2011-03-28	9917.78
2011-03-29	9976.26
2011-03-30	10053.03
2011-03-31	10064.0
2011-04-01	10129.53
2011-04-02	10129.53
2011-04-03	10129.53
2011-04-04	10158.21
2011-04-05	10162.9
2011-04-06	10159.19
2011-04-07	10100.38
2011-04-08	10073.65
2011-04-09	10073.65
2011-04-10	10073.65
2011-04-11	10040.02
2011-04-12	9920.48
2011-04-13	10014.68
2011-04-14	9947.23
2011-04-15	9948.17
2011-04-16	9948.17
2011-04-17	9948.17
2011-04-18	9910.07
2011-04-19	9932.02
2011-04-20	10009.42
2011-04-21	10002.83
2011-04-22	10007.54
2011-04-23	10007.54
2011-04-24	10007.54
2011-04-25	10009.48
2011-04-26	9993.26
2011-04-27	10018.74
2011-04-28	10021.4
2011-04-29	9959.68
2011-04-30	9959.68
2011-05-01	9959.68
2011-05-02	10002.38
2011-05-03	9937.65
2011-05-04	9953.73
2011-05-05	9947.15
2011-05-06	9935.23
2011-05-07	9935.23
2011-05-08	9935.23
2011-05-09	9927.65
2011-05-10	10022.18
2011-05-11	10020.97
2011-05-12	9965.62
2011-05-13	10083.47
2011-05-14	10083.47
2011-05-15	10083.47
2011-05-16	9909.46
2011-05-17	9904.44
2011-05-18	9965.64
2011-05-19	9982.71
2011-05-20	9938.84
2011-05-21	9938.84
2011-05-22	9938.84
2011-05-23	9866.37
2011-05-24	9843.01
2011-05-25	9838.92
2011-05-26	9892.2
2011-05-27	9920.3
2011-05-28	9920.3
2011-05-29	9920.3
2011-05-30	9928.08
2011-05-31	10067.48
2011-06-01	9974.75
2011-06-02	9891.69
2011-06-03	9854.51
2011-06-04	9854.51
2011-06-05	9854.51
2011-06-06	9820.45
2011-06-07	9768.46
2011-06-08	9765.45
2011-06-09	9784.6
2011-06-10	9691.24
2011-06-11	9691.24
2011-06-12	9691.24
2011-06-13	9671.78
2011-06-14	9690.75
2011-06-15	9648.61
2011-06-16	9554.96
2011-06-17	9528.2
2011-06-18	9528.2
2011-06-19	9528.2
2011-06-20	9517.07
2011-06-21	9649.33
2011-06-22	9641.25
2011-06-23	9673.68
2011-06-24	9681.71
2011-06-25	9681.71
2011-06-26	9681.71
2011-06-27	9741.36
2011-06-28	9743.27
2011-06-29	9805.46
2011-06-30	9863.0
2011-07-01	9909.04
2011-07-02	9909.04
2011-07-03	9909.04
2011-07-04	10003.43
2011-07-05	10014.13
2011-07-06	10027.76
2011-07-07	10040.03
2011-07-08	10056.09
2011-07-09	10056.09
2011-07-10	10056.09
2011-07-11	9959.64
2011-07-12	9832.15
2011-07-13	9804.81
2011-07-14	9821.06
2011-07-15	9855.96
2011-07-16	9855.96
2011-07-17	9855.96
2011-07-18	9827.57
2011-07-19	9859.27
2011-07-20	9928.65
2011-07-21	9888.78
2011-07-22	9955.58
2011-07-23	9955.58
2011-07-24	9955.58
2011-07-25	9908.98
2011-07-26	9918.91
2011-07-27	9772.34
2011-07-28	9725.95
2011-07-29	9683.12
2011-07-30	9683.12
2011-07-31	9683.12
2011-08-01	9729.2
2011-08-02	9650.66
2011-08-03	9598.58
2011-08-04	9446.83
2011-08-05	9226.04
2011-08-06	9226.04
2011-08-07	9226.04
2011-08-08	8991.02
2011-08-09	9038.98
2011-08-10	8948.82
2011-08-11	9078.14
2011-08-12	9112.67
2011-08-13	9112.67
2011-08-14	9112.67
2011-08-15	9162.04
2011-08-16	9214.44
2011-08-17	9084.44
2011-08-18	8894.58
2011-08-19	8657.63
2011-08-20	8657.63
2011-08-21	8657.63
2011-08-22	8661.15
2011-08-23	8848.75
2011-08-24	8863.58
2011-08-25	8805.75
2011-08-26	8795.91
2011-08-27	8795.91
2011-08-28	8795.91
2011-08-29	8994.46
2011-08-30	9018.16
2011-08-31	9103.64
2011-09-01	9075.95
2011-09-02	8977.85
2011-09-03	8977.85
2011-09-04	8977.85
2011-09-05	8864.62
2011-09-06	8849.1
2011-09-07	8997.7
2011-09-08	9009.98
2011-09-09	8913.82
2011-09-10	8913.82
2011-09-11	8913.82
2011-09-12	8913.01
2011-09-13	8916.93
2011-09-14	8988.0
2011-09-15	9060.82
2011-09-16	9103.38
2011-09-17	9103.38
2011-09-18	9103.38
2011-09-19	9090.6
2011-09-20	9020.8
2011-09-21	8932.01
2011-09-22	8804.09
2011-09-23	8732.13
2011-09-24	8732.13
2011-09-25	8732.13
2011-09-26	8728.24
2011-09-27	8838.35
2011-09-28	8831.59
2011-09-29	8894.1
2011-09-30	8727.0
2011-10-01	8727.0
2011-10-02	8727.0
2011-10-03	8583.19
2011-10-04	8551.67
2011-10-05	8626.95
2011-10-06	8780.05
2011-10-07	8861.74
2011-10-08	8861.74
2011-10-09	8861.74
2011-10-10	8716.06
2011-10-11	9014.35
2011-10-12	8921.22
2011-10-13	9028.37
2011-10-14	8993.82
2011-10-15	8993.82
2011-10-16	8993.82
2011-10-17	9077.16
2011-10-18	8974.49
2011-10-19	8974.38
2011-10-20	8856.57
2011-10-21	8910.56
2011-10-22	8910.56
2011-10-23	8910.56
2011-10-24	9066.9
2011-10-25	9061.68
2011-10-26	9110.49
2011-10-27	9163.93
2011-10-28	9267.1
2011-10-29	9267.1
2011-10-30	9267.1
2011-10-31	9177.89
2011-11-01	9152.65
2011-11-02	9153.56
2011-11-03	9159.63
2011-11-04	9320.09
2011-11-05	9320.09
2011-11-06	9320.09
2011-11-07	9304.73
2011-11-08	9319.66
2011-11-09	9322.98
2011-11-10	9140.51
2011-11-11	9223.06
2011-11-12	9223.06
2011-11-13	9223.06
2011-11-14	9308.82
2011-11-15	9280.6
2011-11-16	9210.0
2011-11-17	9164.72
2011-11-18	9037.8
2011-11-19	9037.8
2011-11-20	9037.8
2011-11-21	9053.13
2011-11-22	8950.81
2011-11-23	8894.65
2011-11-24	8881.67
2011-11-25	8773.09
2011-11-26	8773.09
2011-11-27	8773.09
2011-11-28	8842.05
2011-11-29	9023.9
2011-11-30	8953.01
2011-12-01	9241.8
2011-12-02	9163.49
2011-12-03	9163.49
2011-12-04	9163.49
2011-12-05	9192.43
2011-12-06	9192.13
2011-12-07	9206.37
2011-12-08	9123.81
2011-12-09	9080.09
2011-12-10	9080.09
2011-12-11	9080.09
2011-12-12	9112.84
2011-12-13	9034.78
2011-12-14	9010.93
2011-12-15	8904.01
2011-12-16	8863.3
2011-12-17	8863.3
2011-12-18	8863.3
2011-12-19	8861.45
2011-12-20	8882.91
2011-12-21	8997.08
2011-12-22	8987.24
2011-12-23	9035.61
2011-12-24	9035.61
2011-12-25	9035.61
2011-12-26	9025.41
2011-12-27	9011.34
2011-12-28	8967.38
2011-12-29	8992.8
2011-12-30	8936.44
2011-12-31	8946.0
2012-01-01	8946.0
2012-01-02	8967.61
2012-01-03	9025.62
2012-01-04	9068.03
2012-01-05	9095.53
2012-01-06	9074.55
2012-01-07	9074.55
2012-01-08	9074.55
2012-01-09	9095.62
2012-01-10	9141.5
2012-01-11	9182.6
2012-01-12	9194.29
2012-01-13	9222.4
2012-01-14	9222.4
2012-01-15	9222.4
2012-01-16	9158.33
2012-01-17	9253.58
2012-01-18	9317.29
2012-01-19	9399.74
2012-01-20	9411.4
2012-01-21	9411.4
2012-01-22	9411.4
2012-01-23	9370.8
2012-01-24	9411.3
2012-01-25	9446.9
2012-01-26	9392.47
2012-01-27	9436.01
2012-01-28	9436.01
2012-01-29	9436.01
2012-01-30	9421.91
2012-01-31	9444.57
2012-02-01	9427.24
2012-02-02	9520.09
2012-02-03	9551.35
2012-02-04	9551.35
2012-02-05	9551.35
2012-02-06	9586.04
2012-02-07	9562.58
2012-02-08	9638.91
2012-02-09	9660.94
2012-02-10	9619.95
2012-02-11	9619.95
2012-02-12	9619.95
2012-02-13	9635.63
2012-02-14	9673.03
2012-02-15	9715.1
2012-02-16	9710.43
2012-02-17	9806.33
2012-02-18	9806.33
2012-02-19	9806.33
2012-02-20	9779.68
2012-02-21	9833.03
2012-02-22	9850.7
2012-02-23	9777.48
2012-02-24	9843.21
2012-02-25	9843.21
2012-02-26	9843.21
2012-02-27	9781.69
2012-02-28	9861.55
2012-02-29	9850.09
2012-03-01	9827.77
2012-03-02	9867.71
2012-03-03	9867.71
2012-03-04	9867.71
2012-03-05	9833.55
2012-03-06	9762.03
2012-03-07	9761.77
2012-03-08	9859.29
2012-03-09	9913.95
2012-03-10	9913.95
2012-03-11	9913.95
2012-03-12	9984.79
2012-03-13	10076.79
2012-03-14	10175.74
2012-03-15	10110.8
2012-03-16	10098.15
2012-03-17	10098.15
2012-03-18	10098.15
2012-03-19	10103.77
2012-03-20	10155.21
2012-03-21	10162.28
2012-03-22	10191.99
2012-03-23	10110.84
2012-03-24	10110.84
2012-03-25	10110.84
2012-03-26	10122.89
2012-03-27	10272.24
2012-03-28	10272.23
2012-03-29	10226.07
2012-03-30	10242.75
2012-03-31	10237.0
2012-04-01	10237.0
2012-04-02	10265.72
2012-04-03	10315.43
2012-04-04	10267.09
2012-04-05	10194.37
2012-04-06	10190.0
2012-04-07	10190.0
2012-04-08	10190.0
2012-04-09	10110.42
2012-04-10	10057.42
2012-04-11	10002.43
2012-04-12	10025.48
2012-04-13	10087.41
2012-04-14	10087.41
2012-04-15	10087.41
2012-04-16	9997.71
2012-04-17	10025.52
2012-04-18	10091.62
2012-04-19	10095.41
2012-04-20	10025.71
2012-04-21	10025.71
2012-04-22	10025.71
2012-04-23	10000.88
2012-04-24	9979.78
2012-04-25	10066.28
2012-04-26	10085.02
2012-04-27	10090.94
2012-04-28	10090.94
2012-04-29	10090.94
2012-04-30	10193.28
2012-05-01	10215.22
2012-05-02	10258.74
2012-05-03	10222.93
2012-05-04	10137.08
2012-05-05	10137.08
2012-05-06	10137.08
2012-05-07	10029.5
2012-05-08	10081.7
2012-05-09	10045.1
2012-05-10	9983.65
2012-05-11	9976.51
2012-05-12	9976.51
2012-05-13	9976.51
2012-05-14	9963.4
2012-05-15	9911.99
2012-05-16	9786.02
2012-05-17	9801.55
2012-05-18	9660.95
2012-05-19	9660.95
2012-05-20	9660.95
2012-05-21	9773.24
2012-05-22	9839.03
2012-05-23	9868.1
2012-05-24	9850.88
2012-05-25	9827.05
2012-05-26	9827.05
2012-05-27	9827.05
2012-05-28	9786.36
2012-05-29	9885.62
2012-05-30	9886.69
2012-05-31	9854.32
2012-06-01	9719.14
2012-06-02	9719.14
2012-06-03	9719.14
2012-06-04	9540.5
2012-06-05	9639.42
2012-06-06	9702.91
2012-06-07	9763.37
2012-06-08	9765.35
2012-06-09	9765.35
2012-06-10	9765.35
2012-06-11	9751.45
2012-06-12	9826.3
2012-06-13	9710.81
2012-06-14	9692.0
2012-06-15	9746.06
2012-06-16	9746.06
2012-06-17	9746.06
2012-06-18	9788.36
2012-06-19	9793.52
2012-06-20	9841.72
2012-06-21	9724.37
2012-06-22	9733.58
2012-06-23	9733.58
2012-06-24	9733.58
2012-06-25	9683.83
2012-06-26	9653.23
2012-06-27	9708.96
2012-06-28	9719.82
2012-06-29	9779.53
2012-06-30	9785.0
2012-07-01	9785.0
2012-07-02	9837.11
2012-07-03	9917.35
2012-07-04	9913.84
2012-07-05	9890.34
2012-07-06	9875.11
2012-07-07	9875.11
2012-07-08	9875.11
2012-07-09	9797.45
2012-07-10	9758.31
2012-07-11	9709.81
2012-07-12	9668.98
2012-07-13	9704.8
2012-07-14	9704.8
2012-07-15	9704.8
2012-07-16	9708.65
2012-07-17	9720.26
2012-07-18	9663.19
2012-07-19	9738.35
2012-07-20	9704.05
2012-07-21	9704.05
2012-07-22	9704.05
2012-07-23	9611.53
2012-07-24	9562.59
2012-07-25	9522.25
2012-07-26	9543.25
2012-07-27	9711.38
2012-07-28	9711.38
2012-07-29	9711.38
2012-07-30	9727.51
2012-07-31	9745.48
2012-08-01	9727.14
2012-08-02	9664.56
2012-08-03	9693.96
2012-08-04	9693.96
2012-08-05	9693.96
2012-08-06	9811.43
2012-08-07	9876.74
2012-08-08	9885.27
2012-08-09	9922.14
2012-08-10	9930.96
2012-08-11	9930.96
2012-08-12	9930.96
2012-08-13	9944.47
2012-08-14	9983.54
2012-08-15	9946.49
2012-08-16	10020.65
2012-08-17	10113.55
2012-08-18	10113.55
2012-08-19	10113.55
2012-08-20	10099.02
2012-08-21	10075.93
2012-08-22	10081.91
2012-08-23	10060.57
2012-08-24	10085.31
2012-08-25	10085.31
2012-08-26	10085.31
2012-08-27	10082.36
2012-08-28	10068.31
2012-08-29	10105.19
2012-08-30	10051.46
2012-08-31	10067.25
2012-09-01	10067.25
2012-09-02	10067.25
2012-09-03	10172.44
2012-09-04	10129.96
2012-09-05	10126.78
2012-09-06	10179.84
2012-09-07	10259.7
2012-09-08	10259.7
2012-09-09	10259.7
2012-09-10	10218.94
2012-09-11	10167.31
2012-09-12	10222.17
2012-09-13	10272.1
2012-09-14	10368.02
2012-09-15	10368.02
2012-09-16	10368.02
2012-09-17	10392.9
2012-09-18	10384.17
2012-09-19	10404.56
2012-09-20	10374.41
2012-09-21	10372.33
2012-09-22	10372.33
2012-09-23	10372.33
2012-09-24	10353.77
2012-09-25	10298.15
2012-09-26	10266.58
2012-09-27	10299.65
2012-09-28	10327.59
2012-09-29	10327.59
2012-09-30	10306.0
2012-10-01	10309.05
2012-10-02	10371.24
2012-10-03	10442.57
2012-10-04	10452.01
2012-10-05	10480.61
2012-10-06	10480.61
2012-10-07	10480.61
2012-10-08	10425.3
2012-10-09	10366.29
2012-10-10	10255.52
2012-10-11	10234.92
2012-10-12	10269.42
2012-10-13	10269.42
2012-10-14	10269.42
2012-10-15	10299.29
2012-10-16	10378.71
2012-10-17	10353.21
2012-10-18	10345.76
2012-10-19	10247.91
2012-10-20	10247.91
2012-10-21	10247.91
2012-10-22	10270.85
2012-10-23	10231.65
2012-10-24	10164.48
2012-10-25	10166.11
2012-10-26	10125.69
2012-10-27	10125.69
2012-10-28	10125.69
2012-10-29	10156.93
2012-10-30	10149.0
2012-10-31	10156.37
2012-11-01	10204.13
2012-11-02	10226.21
2012-11-03	10226.21
2012-11-04	10226.21
2012-11-05	10185.38
2012-11-06	10186.99
2012-11-07	10137.74
2012-11-08	10014.22
2012-11-09	10024.72
2012-11-10	10024.72
2012-11-11	10024.72
2012-11-12	9992.62
2012-11-13	9957.17
2012-11-14	9954.42
2012-11-15	9918.46
2012-11-16	9921.05
2012-11-17	9921.05
2012-11-18	9921.05
2012-11-19	10005.48
2012-11-20	10062.45
2012-11-21	10114.64
2012-11-22	10126.18
2012-11-23	10185.7
2012-11-24	10185.7
2012-11-25	10185.7
2012-11-26	10191.14
2012-11-27	10193.13
2012-11-28	10199.24
2012-11-29	10293.27
2012-11-30	10328.06
2012-12-01	10328.06
2012-12-02	10328.06
2012-12-03	10294.09
2012-12-04	10260.4
2012-12-05	10295.88
2012-12-06	10257.47
2012-12-07	10279.99
2012-12-08	10279.99
2012-12-09	10279.99
2012-12-10	10283.47
2012-12-11	10330.11
2012-12-12	10353.92
2012-12-13	10337.34
2012-12-14	10313.47
2012-12-15	10313.47
2012-12-16	10313.47
2012-12-17	10324.32
2012-12-18	10422.76
2012-12-19	10482.28
2012-12-20	10503.79
2012-12-21	10460.74
2012-12-22	10460.74
2012-12-23	10460.74
2012-12-24	10494.63
2012-12-25	10519.82
2012-12-26	10507.3
2012-12-27	10516.27
2012-12-28	10484.73
2012-12-29	10484.73
2012-12-30	10484.73
2012-12-31	10544.31
2013-01-01	10544.34
2013-01-02	10660.17
2013-01-03	10661.79
2013-01-04	10705.43
2013-01-05	10705.43
2013-01-06	10705.43
2013-01-07	10673.23
2013-01-08	10633.86
2013-01-09	10651.9
2013-01-10	10677.5
2013-01-11	10709.75
2013-01-12	10709.75
2013-01-13	10709.75
2013-01-14	10707.41
2013-01-15	10688.98
2013-01-16	10671.62
2013-01-17	10723.33
2013-01-18	10799.45
2013-01-19	10799.45
2013-01-20	10799.45
2013-01-21	10770.9
2013-01-22	10747.39
2013-01-23	10772.43
2013-01-24	10790.12
2013-01-25	10822.31
2013-01-26	10822.31
2013-01-27	10822.31
2013-01-28	10824.12
2013-01-29	10845.22
2013-01-30	10890.25
2013-01-31	10846.14
2013-02-01	10924.79
2013-02-02	10924.79
2013-02-03	10924.79
2013-02-04	10900.01
2013-02-05	10899.17
2013-02-06	10968.99
2013-02-07	10965.25
2013-02-08	10992.39
2013-02-09	10992.39
2013-02-10	10992.39
2013-02-11	11037.2
2013-02-12	11024.46
2013-02-13	11023.18
2013-02-14	11025.08
2013-02-15	11055.67
2013-02-16	11055.67
2013-02-17	11055.67
2013-02-18	11037.57
2013-02-19	11039.69
2013-02-20	11096.61
2013-02-21	10980.47
2013-02-22	10969.06
2013-02-23	10969.06
2013-02-24	10969.06
2013-02-25	10959.65
2013-02-26	10923.22
2013-02-27	11005.01
2013-02-28	11052.06
2013-03-01	11070.71
2013-03-02	11070.71
2013-03-03	11070.71
2013-03-04	11066.55
2013-03-05	11118.53
2013-03-06	11163.86
2013-03-07	11166.27
2013-03-08	11240.13
2013-03-09	11240.13
2013-03-10	11240.13
2013-03-11	11225.98
2013-03-12	11146.3
2013-03-13	11159.33
2013-03-14	11140.72
2013-03-15	11116.05
2013-03-16	11116.05
2013-03-17	11116.05
2013-03-18	11050.0
2013-03-19	11087.72
2013-03-20	11085.53
2013-03-21	11000.21
2013-03-22	11003.05
2013-03-23	11003.05
2013-03-24	11003.05
2013-03-25	11023.85
2013-03-26	11034.37
2013-03-27	11081.44
2013-03-28	11091.79
2013-03-29	11110.54
2013-03-30	11110.54
2013-03-31	11096.7
2013-04-01	11061.09
2013-04-02	11056.14
2013-04-03	10957.96
2013-04-04	10984.12
2013-04-05	10918.11
2013-04-06	10918.11
2013-04-07	10918.11
2013-04-08	10932.28
2013-04-09	10927.34
2013-04-10	11012.68
2013-04-11	11064.89
2013-04-12	11050.68
2013-04-13	11050.68
2013-04-14	11050.68
2013-04-15	11004.87
2013-04-16	11074.67
2013-04-17	11007.84
2013-04-18	10941.97
2013-04-19	11012.41
2013-04-20	11012.41
2013-04-21	11012.41
2013-04-22	11081.91
2013-04-23	11133.15
2013-04-24	11240.58
2013-04-25	11256.52
2013-04-26	11247.31
2013-04-27	11247.31
2013-04-28	11247.31
2013-04-29	11263.5
2013-04-30	11327.06
2013-05-01	11349.72
2013-05-02	11387.93
2013-05-03	11414.31
2013-05-04	11414.31
2013-05-05	11414.31
2013-05-06	11553.12
2013-05-07	11656.96
2013-05-08	11699.85
2013-05-09	11665.7
2013-05-10	11852.96
2013-05-11	11852.96
2013-05-12	11852.96
2013-05-13	11851.74
2013-05-14	11960.29
2013-05-15	12039.46
2013-05-16	12062.34
2013-05-17	12221.46
2013-05-18	12221.46
2013-05-19	12221.46
2013-05-20	12204.06
2013-05-21	12245.59
2013-05-22	12300.47
2013-05-23	12050.55
2013-05-24	12102.5
2013-05-25	12102.5
2013-05-26	12102.5
2013-05-27	12143.57
2013-05-28	12177.56
2013-05-29	12159.25
2013-05-30	12087.64
2013-05-31	12117.92
2013-06-01	12117.92
2013-06-02	12117.92
2013-06-03	11944.96
2013-06-04	12039.46
2013-06-05	11991.26
2013-06-06	11945.41
2013-06-07	12044.91
2013-06-08	12044.91
2013-06-09	12044.91
2013-06-10	12108.52
2013-06-11	12041.99
2013-06-12	11889.73
2013-06-13	11779.47
2013-06-14	11820.7
2013-06-15	11820.7
2013-06-16	11820.7
2013-06-17	11944.84
2013-06-18	12082.56
2013-06-19	11943.54
2013-06-20	11993.81
2013-06-21	11882.91
2013-06-22	11882.91
2013-06-23	11882.91
2013-06-24	11663.76
2013-06-25	11764.66
2013-06-26	11802.58
2013-06-27	11976.31
2013-06-28	12154.47
2013-06-29	12154.47
2013-06-30	12154.47
2013-07-01	12095.72
2013-07-02	12169.58
2013-07-03	12179.9
2013-07-04	12157.94
2013-07-05	12303.71
2013-07-06	12303.71
2013-07-07	12303.71
2013-07-08	12226.1
2013-07-09	12293.66
2013-07-10	12325.69
2013-07-11	12553.34
2013-07-12	12638.1
2013-07-13	12638.1
2013-07-14	12638.1
2013-07-15	12631.26
2013-07-16	12491.93
2013-07-17	12549.96
2013-07-18	12637.87
2013-07-19	12559.09
2013-07-20	12559.09
2013-07-21	12559.09
2013-07-22	12577.74
2013-07-23	12628.59
2013-07-24	12663.42
2013-07-25	12648.67
2013-07-26	12608.4
2013-07-27	12608.4
2013-07-28	12608.4
2013-07-29	12581.5
2013-07-30	12758.06
2013-07-31	12812.2
2013-08-01	12971.44
2013-08-02	13056.97
2013-08-03	13056.97
2013-08-04	13056.97
2013-08-05	13060.85
2013-08-06	12923.76
2013-08-07	12835.65
2013-08-08	12744.25
2013-08-09	12665.57
2013-08-10	12665.57
2013-08-11	12665.57
2013-08-12	12721.47
2013-08-13	12881.15
2013-08-14	12810.61
2013-08-15	12749.76
2013-08-16	12583.62
2013-08-17	12583.62
2013-08-18	12583.62
2013-08-19	12585.15
2013-08-20	12596.68
2013-08-21	12612.91
2013-08-22	12649.56
2013-08-23	12734.09
2013-08-24	12734.09
2013-08-25	12734.09
2013-08-26	12682.43
2013-08-27	12603.45
2013-08-28	12544.73
2013-08-29	12630.97
2013-08-30	12642.61
2013-08-31	12642.61
2013-09-01	12642.61
2013-09-02	12615.23
2013-09-03	12566.68
2013-09-04	12526.95
2013-09-05	12637.97
2013-09-06	12582.41
2013-09-07	12582.41
2013-09-08	12582.41
2013-09-09	12676.98
2013-09-10	12725.02
2013-09-11	12766.43
2013-09-12	12800.16
2013-09-13	12818.57
2013-09-14	12818.57
2013-09-15	12818.57
2013-09-16	12815.21
2013-09-17	12836.57
2013-09-18	12920.7
2013-09-19	12918.17
2013-09-20	12965.55
2013-09-21	12965.55
2013-09-22	12965.55
2013-09-23	12869.05
2013-09-24	12879.62
2013-09-25	12891.47
2013-09-26	12913.71
2013-09-27	12964.0
2013-09-28	12964.0
2013-09-29	12964.0
2013-09-30	12812.2
2013-10-01	12864.92
2013-10-02	12886.21
2013-10-03	12829.85
2013-10-04	12789.53
2013-10-05	12789.53
2013-10-06	12789.53
2013-10-07	12765.69
2013-10-08	12638.84
2013-10-09	12643.31
2013-10-10	12782.77
2013-10-11	12887.83
2013-10-12	12887.83
2013-10-13	12887.83
2013-10-14	12916.04
2013-10-15	12859.61
2013-10-16	12922.95
2013-10-17	12870.97
2013-10-18	12986.42
2013-10-19	12986.42
2013-10-20	12986.42
2013-10-21	12977.74
2013-10-22	12966.39
2013-10-23	12979.6
2013-10-24	13048.92
2013-10-25	13037.69
2013-10-26	13037.69
2013-10-27	13037.69
2013-10-28	13078.6
2013-10-29	13184.45
2013-10-30	13190.81
2013-10-31	13132.7
2013-11-01	13162.1
2013-11-02	13162.1
2013-11-03	13162.1
2013-11-04	13114.18
2013-11-05	13082.88
2013-11-06	13108.0
2013-11-07	13069.15
2013-11-08	13172.69
2013-11-09	13172.69
2013-11-10	13172.69
2013-11-11	13196.1
2013-11-12	13253.72
2013-11-13	13266.19
2013-11-14	13293.2
2013-11-15	13341.85
2013-11-16	13341.85
2013-11-17	13341.85
2013-11-18	13340.27
2013-11-19	13358.73
2013-11-20	13326.12
2013-11-21	13504.58
2013-11-22	13625.7
2013-11-23	13625.7
2013-11-24	13625.7
2013-11-25	13644.77
2013-11-26	13686.89
2013-11-27	13767.42
2013-11-28	13777.9
2013-11-29	13753.33
2013-11-30	13753.33
2013-12-01	13753.33
2013-12-02	13753.74
2013-12-03	13677.65
2013-12-04	13735.17
2013-12-05	13642.88
2013-12-06	13659.0
2013-12-07	13659.0
2013-12-08	13659.0
2013-12-09	13741.8
2013-12-10	13652.07
2013-12-11	13625.35
2013-12-12	13672.09
2013-12-13	13618.7
2013-12-14	13618.7
2013-12-15	13618.7
2013-12-16	13684.2
2013-12-17	13718.73
2013-12-18	13869.66
2013-12-19	13925.3
2013-12-20	13911.5
2013-12-21	13911.5
2013-12-22	13911.5
2013-12-23	13982.31
2013-12-24	14003.66
2013-12-25	14003.92
2013-12-26	14090.74
2013-12-27	14135.49
2013-12-28	14135.49
2013-12-29	14135.49
2013-12-30	14127.08
2013-12-31	14132.76
2014-01-01	14133.44
2014-01-02	14053.92
2014-01-03	13973.56
2014-01-04	13973.56
2014-01-05	13973.56
2014-01-06	13984.2
2014-01-07	14073.77
2014-01-08	14083.22
2014-01-09	14100.81
2014-01-10	14058.73
2014-01-11	14058.73
2014-01-12	14058.73
2014-01-13	13930.46
2014-01-14	14056.56
2014-01-15	14190.64
2014-01-16	14289.16
2014-01-17	14294.8
2014-01-18	14294.8
2014-01-19	14294.8
2014-01-20	14269.85
2014-01-21	14303.99
2014-01-22	14254.76
2014-01-23	14250.76
2014-01-24	14056.08
2014-01-25	14056.08
2014-01-26	14056.08
2014-01-27	13891.99
2014-01-28	13876.65
2014-01-29	13886.87
2014-01-30	13945.68
2014-01-31	13897.84
2014-02-01	13897.84
2014-02-02	13897.84
2014-02-03	13604.43
2014-02-04	13475.75
2014-02-05	13431.2
2014-02-06	13559.82
2014-02-07	13716.5
2014-02-08	13716.5
2014-02-09	13716.5
2014-02-10	13760.21
2014-02-11	13821.03
2014-02-12	13854.2
2014-02-13	13936.92
2014-02-14	13936.86
2014-02-15	13936.86
2014-02-16	13936.86
2014-02-17	13952.34
2014-02-18	13994.38
2014-02-19	13981.82
2014-02-20	14026.38
2014-02-21	14090.34
2014-02-22	14090.34
2014-02-23	14090.34
2014-02-24	14084.81
2014-02-25	14074.87
2014-02-26	14150.19
2014-02-27	14213.32
2014-02-28	14254.06
2014-03-01	14254.06
2014-03-02	14254.06
2014-03-03	14109.04
2014-03-04	14266.51
2014-03-05	14259.63
2014-03-06	14244.87
2014-03-07	14218.07
2014-03-08	14218.07
2014-03-09	14218.07
2014-03-10	14217.85
2014-03-11	14221.53
2014-03-12	14186.47
2014-03-13	13974.7
2014-03-14	13917.86
2014-03-15	13917.86
2014-03-16	13917.86
2014-03-17	13955.98
2014-03-18	13978.48
2014-03-19	13976.98
2014-03-20	14020.21
2014-03-21	13935.93
2014-03-22	13935.93
2014-03-23	13935.93
2014-03-24	13871.91
2014-03-25	13887.41
2014-03-26	13788.53
2014-03-27	13770.19
2014-03-28	13887.02
2014-03-29	13887.02
2014-03-30	13887.02
2014-03-31	13929.21
2014-04-01	14082.05
2014-04-02	14102.64
2014-04-03	14115.04
2014-04-04	13952.09
2014-04-05	13952.09
2014-04-06	13952.09
2014-04-07	13866.41
2014-04-08	13828.85
2014-04-09	13890.9
2014-04-10	13707.67
2014-04-11	13607.58
2014-04-12	13607.58
2014-04-13	13607.58
2014-04-14	13648.99
2014-04-15	13687.24
2014-04-16	13803.53
2014-04-17	13859.27
2014-04-18	13874.27
2014-04-19	13874.27
2014-04-20	13874.27
2014-04-21	13884.65
2014-04-22	13925.64
2014-04-23	14030.61
2014-04-24	14098.78
2014-04-25	13977.45
2014-04-26	13977.45
2014-04-27	13977.45
2014-04-28	13976.46
2014-04-29	14014.46
2014-04-30	14006.09
2014-05-01	14011.2
2014-05-02	14050.13
2014-05-03	14050.13
2014-05-04	14050.13
2014-05-05	14045.26
2014-05-06	13904.85
2014-05-07	13921.16
2014-05-08	13901.86
2014-05-09	13893.6
2014-05-10	13893.6
2014-05-11	13893.6
2014-05-12	14015.28
2014-05-13	14048.92
2014-05-14	14026.77
2014-05-15	13976.72
2014-05-16	13981.07
2014-05-17	13981.07
2014-05-18	13981.07
2014-05-19	14020.75
2014-05-20	14033.51
2014-05-21	14128.02
2014-05-22	14162.56
2014-05-23	14222.05
2014-05-24	14222.05
2014-05-25	14222.05
2014-05-26	14243.38
2014-05-27	14283.0
2014-05-28	14314.71
2014-05-29	14287.72
2014-05-30	14277.68
2014-05-31	14277.68
2014-06-01	14277.68
2014-06-02	14350.7
2014-06-03	14381.7
2014-06-04	14380.56
2014-06-05	14398.13
2014-06-06	14433.17
2014-06-07	14433.17
2014-06-08	14433.17
2014-06-09	14442.75
2014-06-10	14445.47
2014-06-11	14380.73
2014-06-12	14298.51
2014-06-13	14362.36
2014-06-14	14362.36
2014-06-15	14362.36
2014-06-16	14329.54
2014-06-17	14408.16
2014-06-18	14462.95
2014-06-19	14435.2
2014-06-20	14447.86
2014-06-21	14447.86
2014-06-22	14447.86
2014-06-23	14407.56
2014-06-24	14410.26
2014-06-25	14398.87
2014-06-26	14416.09
2014-06-27	14429.03
2014-06-28	14429.03
2014-06-29	14429.03
2014-06-30	14429.33
2014-07-01	14474.97
2014-07-02	14574.53
2014-07-03	14700.36
2014-07-04	14700.21
2014-07-05	14700.21
2014-07-06	14700.21
2014-07-07	14653.81
2014-07-08	14500.61
2014-07-09	14515.64
2014-07-10	14464.11
2014-07-11	14471.24
2014-07-12	14471.24
2014-07-13	14471.24
2014-07-14	14526.86
2014-07-15	14534.72
2014-07-16	14589.88
2014-07-17	14459.73
2014-07-18	14520.38
2014-07-19	14520.38
2014-07-20	14520.38
2014-07-21	14505.86
2014-07-22	14585.07
2014-07-23	14568.71
2014-07-24	14602.02
2014-07-25	14550.83
2014-07-26	14550.83
2014-07-27	14550.83
2014-07-28	14553.6
2014-07-29	14557.72
2014-07-30	14623.72
2014-07-31	14465.38
2014-08-01	14354.95
2014-08-02	14354.95
2014-08-03	14354.95
2014-08-04	14413.14
2014-08-05	14345.03
2014-08-06	14305.98
2014-08-07	14292.39
2014-08-08	14311.16
2014-08-09	14311.16
2014-08-10	14311.16
2014-08-11	14412.19
2014-08-12	14400.7
2014-08-13	14456.36
2014-08-14	14489.13
2014-08-15	14509.2
2014-08-16	14509.2
2014-08-17	14509.2
2014-08-18	14569.96
2014-08-19	14651.33
2014-08-20	14664.09
2014-08-21	14694.19
2014-08-22	14676.44
2014-08-23	14676.44
2014-08-24	14676.44
2014-08-25	14735.76
2014-08-26	14737.25
2014-08-27	14730.59
2014-08-28	14660.03
2014-08-29	14686.99
2014-08-30	14686.99
2014-08-31	14686.99
2014-09-01	14723.8
2014-09-02	14793.48
2014-09-03	14787.51
2014-09-04	14748.15
2014-09-05	14731.21
2014-09-06	14731.21
2014-09-07	14731.21
2014-09-08	14784.87
2014-09-09	14837.68
2014-09-10	14894.27
2014-09-11	14943.35
2014-09-12	14992.69
2014-09-13	14992.69
2014-09-14	14992.69
2014-09-15	14948.14
2014-09-16	14951.38
2014-09-17	14991.26
2014-09-18	15086.56
2014-09-19	15130.64
2014-09-20	15130.64
2014-09-21	15130.64
2014-09-22	15100.53
2014-09-23	15035.68
2014-09-24	15055.1
2014-09-25	14991.18
2014-09-26	15081.69
2014-09-27	15081.69
2014-09-28	15081.69
2014-09-29	15069.37
2014-09-30	15021.2
2014-10-01	14932.63
2014-10-02	14764.45
2014-10-03	14994.73
2014-10-04	14994.73
2014-10-05	14994.73
2014-10-06	14954.01
2014-10-07	14731.27
2014-10-08	14840.59
2014-10-09	14679.87
2014-10-10	14572.37
2014-10-11	14572.37
2014-10-12	14572.37
2014-10-13	14434.45
2014-10-14	14425.44
2014-10-15	14245.79
2014-10-16	14255.75
2014-10-17	14409.69
2014-10-18	14409.69
2014-10-19	14409.69
2014-10-20	14460.46
2014-10-21	14621.78
2014-10-22	14639.14
2014-10-23	14774.59
2014-10-24	14780.94
2014-10-25	14780.94
2014-10-26	14780.94
2014-10-27	14770.23
2014-10-28	14877.93
2014-10-29	14870.19
2014-10-30	14985.45
2014-10-31	15242.42
2014-11-01	15242.42
2014-11-02	15242.42
2014-11-03	15303.43
2014-11-04	15249.64
2014-11-05	15466.06
2014-11-06	15481.12
2014-11-07	15458.08
2014-11-08	15458.08
2014-11-09	15458.08
2014-11-10	15474.55
2014-11-11	15481.19
2014-11-12	15389.65
2014-11-13	15428.21
2014-11-14	15440.12
2014-11-15	15440.12
2014-11-16	15440.12
2014-11-17	15421.47
2014-11-18	15475.88
2014-11-19	15598.73
2014-11-20	15604.27
2014-11-21	15612.34
2014-11-22	15612.34
2014-11-23	15612.34
2014-11-24	15749.96
2014-11-25	15860.11
2014-11-26	15903.96
2014-11-27	15888.86
2014-11-28	15897.69
2014-11-29	15897.69
2014-11-30	15897.69
2014-12-01	15862.66
2014-12-02	15980.03
2014-12-03	16045.0
2014-12-04	16094.76
2014-12-05	16233.15
2014-12-06	16233.15
2014-12-07	16233.15
2014-12-08	16166.22
2014-12-09	16047.86
2014-12-10	15980.36
2014-12-11	16019.25
2014-12-12	15856.76
2014-12-13	15856.76
2014-12-14	15856.76
2014-12-15	15755.97
2014-12-16	15729.87
2014-12-17	15867.55
2014-12-18	16194.9
2014-12-19	16325.81
2014-12-20	16325.81
2014-12-21	16325.81
2014-12-22	16390.2
2014-12-23	16444.2
2014-12-24	16430.49
2014-12-25	16427.5
2014-12-26	16442.6
2014-12-27	16442.6
2014-12-28	16442.6
2014-12-29	16434.28
2014-12-30	16268.9
2014-12-31	16232.67
2015-01-01	16232.68
2015-01-02	16323.33
2015-01-03	16323.33
2015-01-04	16323.33
2015-01-05	16099.0
2015-01-06	15953.61
2015-01-07	16141.05
2015-01-08	16331.4
2015-01-09	16147.6
2015-01-10	16147.6
2015-01-11	16147.6
2015-01-12	16138.38
2015-01-13	16177.14
2015-01-14	16046.28
2015-01-15	15973.37
2015-01-16	16063.84
2015-01-17	16063.84
2015-01-18	16063.84
2015-01-19	16059.09
2015-01-20	16164.63
2015-01-21	16274.18
2015-01-22	16440.38
2015-01-23	16700.2
2015-01-24	16700.2
2015-01-25	16700.2
2015-01-26	16773.99
2015-01-27	16656.2
2015-01-28	16544.45
2015-01-29	16806.23
2015-01-30	16682.99
2015-01-31	16682.99
2015-02-01	16682.99
2015-02-02	16736.5
2015-02-03	17078.77
2015-02-04	16980.66
2015-02-05	16965.29
2015-02-06	16956.26
2015-02-07	16956.26
2015-02-08	16956.26
2015-02-09	16854.89
2015-02-10	17008.94
2015-02-11	17109.34
2015-02-12	17248.79
2015-02-13	17243.93
2015-02-14	17243.93
2015-02-15	17243.93
2015-02-16	17221.77
2015-02-17	17203.41
2015-02-18	17255.8
2015-02-19	17287.0
2015-02-20	17281.54
2015-02-21	17281.54
2015-02-22	17281.54
2015-02-23	17350.18
2015-02-24	17370.98
2015-02-25	17296.19
2015-02-26	17387.35
2015-02-27	17387.92
2015-02-28	17387.92
2015-03-01	17387.92
2015-03-02	17504.31
2015-03-03	17385.94
2015-03-04	17348.14
2015-03-05	17434.42
2015-03-06	17403.76
2015-03-07	17403.76
2015-03-08	17403.76
2015-03-09	17405.73
2015-03-10	17273.77
2015-03-11	17381.11
2015-03-12	17337.08
2015-03-13	17428.62
2015-03-14	17428.62
2015-03-15	17428.62
2015-03-16	17551.6
2015-03-17	17605.92
2015-03-18	17687.0
2015-03-19	17741.44
2015-03-20	17671.11
2015-03-21	17671.11
2015-03-22	17671.11
2015-03-23	17550.47
2015-03-24	17486.47
2015-03-25	17345.38
2015-03-26	17243.03
2015-03-27	17395.87
2015-03-28	17395.87
2015-03-29	17395.87
2015-03-30	17723.01
2015-03-31	17602.14
2015-04-01	17648.55
2015-04-02	17778.54
2015-04-03	17775.42
2015-04-04	17775.42
2015-04-05	17775.42
2015-04-06	17749.95
2015-04-07	17793.88
2015-04-08	17750.58
2015-04-09	17862.54
2015-04-10	17938.86
2015-04-11	17938.86
2015-04-12	17938.86
2015-04-13	18108.95
2015-04-14	17982.81
2015-04-15	18052.1
2015-04-16	17829.5
2015-04-17	17661.25
2015-04-18	17661.25
2015-04-19	17661.25
2015-04-20	17752.3
2015-04-21	17784.91
2015-04-22	17835.68
2015-04-23	17848.11
2015-04-24	17792.64
2015-04-25	17792.64
2015-04-26	17792.64
2015-04-27	17745.59
2015-04-28	17527.3
2015-04-29	17377.5
2015-04-30	17465.06
2015-05-01	17597.25
2015-05-02	17597.25
2015-05-03	17597.25
2015-05-04	17621.16
2015-05-05	17359.36
2015-05-06	17195.4
2015-05-07	17297.76
2015-05-08	17571.08
2015-05-09	17571.08
2015-05-10	17571.08
2015-05-11	17499.71
2015-05-12	17386.93
2015-05-13	17224.73
2015-05-14	17352.1
2015-05-15	17453.32
2015-05-16	17453.32
2015-05-17	17453.32
2015-05-18	17549.85
2015-05-19	17731.05
2015-05-20	17885.27
2015-05-21	17920.82
2015-05-22	17960.78
2015-05-23	17960.78
2015-05-24	17960.78
2015-05-25	17955.59
2015-05-26	17942.58
2015-05-27	18063.41
2015-05-28	18156.2
2015-05-29	18036.74
2015-05-30	18036.74
2015-05-31	18036.74
2015-06-01	18107.92
2015-06-02	17898.04
2015-06-03	17861.57
2015-06-04	17949.28
2015-06-05	17942.47
2015-06-06	17942.47
2015-06-07	17942.47
2015-06-08	17842.79
2015-06-09	17720.27
2015-06-10	17757.67
2015-06-11	17908.69
2015-06-12	17801.48
2015-06-13	17801.48
2015-06-14	17801.48
2015-06-15	17623.06
2015-06-16	17694.68
2015-06-17	17865.41
2015-06-18	17723.83
2015-06-19	17807.02
2015-06-20	17807.02
2015-06-21	17807.02
2015-06-22	18010.3
2015-06-23	18099.03
2015-06-24	18075.78
2015-06-25	17923.17
2015-06-26	18057.18
2015-06-27	18057.18
2015-06-28	18057.18
2015-06-29	17708.74
2015-06-30	17657.86
2015-07-01	17793.82
2015-07-02	17858.41
2015-07-03	17997.71
2015-07-04	17997.71
2015-07-05	17997.71
2015-07-06	17836.4
2015-07-07	17965.63
2015-07-08	17759.24
2015-07-09	17919.52
2015-07-10	18162.6
2015-07-11	18162.6
2015-07-12	18162.6
2015-07-13	18360.69
2015-07-14	18323.19
2015-07-15	18410.31
2015-07-16	18511.08
2015-07-17	18581.65
2015-07-18	18581.65
2015-07-19	18581.65
2015-07-20	18606.11
2015-07-21	18478.0
2015-07-22	18470.51
2015-07-23	18477.94
2015-07-24	18472.69
2015-07-25	18472.69
2015-07-26	18472.69
2015-07-27	18295.73
2015-07-28	18407.4
2015-07-29	18495.95
2015-07-30	18546.94
2015-07-31	18487.36
2015-08-01	18487.36
2015-08-02	18487.36
2015-08-03	18555.62
2015-08-04	18336.58
2015-08-05	18493.31
2015-08-06	18385.6
2015-08-07	18274.56
2015-08-08	18274.56
2015-08-09	18274.56
2015-08-10	18440.01
2015-08-11	18429.63
2015-08-12	18211.28
2015-08-13	18229.88
2015-08-14	18239.42
2015-08-15	18239.42
2015-08-16	18239.42
2015-08-17	18277.89
2015-08-18	18324.7
2015-08-19	18171.16
2015-08-20	17873.58
2015-08-21	17414.66
2015-08-22	17414.66
2015-08-23	17414.66
2015-08-24	16999.3
2015-08-25	16967.65
2015-08-26	17443.14
2015-08-27	17752.3
2015-08-28	17798.66
2015-08-29	17798.66
2015-08-30	17798.66
2015-08-31	17769.69
2015-09-01	17413.87
2015-09-02	17613.21
2015-09-03	17669.92
2015-09-04	17545.92
2015-09-05	17545.92
2015-09-06	17545.92
2015-09-07	17585.14
2015-09-08	17748.88
2015-09-09	17756.54
2015-09-10	17643.04
2015-09-11	17662.05
2015-09-12	17662.05
2015-09-13	17662.05
2015-09-14	17466.91
2015-09-15	17697.36
2015-09-16	17699.18
2015-09-17	17771.59
2015-09-18	17445.73
2015-09-19	17445.73
2015-09-20	17445.73
2015-09-21	17605.08
2015-09-22	17524.85
2015-09-23	17537.98
2015-09-24	17475.43
2015-09-25	17515.3
2015-09-26	17515.3
2015-09-27	17515.3
2015-09-28	17224.5
2015-09-29	17096.32
2015-09-30	17392.83
2015-10-01	17401.24
2015-10-02	17614.14
2015-10-03	17614.14
2015-10-04	17614.14
2015-10-05	17809.28
2015-10-06	17716.71
2015-10-07	17682.95
2015-10-08	17772.51
2015-10-09	17628.22
2015-10-10	17628.22
2015-10-11	17628.22
2015-10-12	17589.17
2015-10-13	17609.45
2015-10-14	17565.09
2015-10-15	17685.62
2015-10-16	17863.59
2015-10-17	17863.59
2015-10-18	17863.59
2015-10-19	17851.73
2015-10-20	17849.54
2015-10-21	17886.72
2015-10-22	18030.8
2015-10-23	18200.99
2015-10-24	18200.99
2015-10-25	18200.99
2015-10-26	18123.63
2015-10-27	18109.29
2015-10-28	18441.07
2015-10-29	18499.35
2015-10-30	18386.37
2015-10-31	18386.37
2015-11-01	18386.37
2015-11-02	18440.46
2015-11-03	18434.78
2015-11-04	18478.09
2015-11-05	18476.61
2015-11-06	18649.81
2015-11-07	18649.81
2015-11-08	18649.81
2015-11-09	18523.14
2015-11-10	18547.36
2015-11-11	18491.12
2015-11-12	18245.84
2015-11-13	18038.01
2015-11-14	18038.01
2015-11-15	18038.01
2015-11-16	18203.24
2015-11-17	18229.61
2015-11-18	18449.76
2015-11-19	18313.82
2015-11-20	18263.76
2015-11-21	18263.76
2015-11-22	18263.76
2015-11-23	18323.44
2015-11-24	18242.9
2015-11-25	18258.77
2015-11-26	18319.07
2015-11-27	18341.72
2015-11-28	18341.72
2015-11-29	18341.72
2015-11-30	18174.1
2015-12-01	18233.25
2015-12-02	18109.02
2015-12-03	18004.13
2015-12-04	18003.65
2015-12-05	18003.65
2015-12-06	18003.65
2015-12-07	18116.53
2015-12-08	18066.42
2015-12-09	18001.44
2015-12-10	17838.56
2015-12-11	17779.23
2015-12-12	17779.23
2015-12-13	17779.23
2015-12-14	17665.68
2015-12-15	17954.64
2015-12-16	18149.36
2015-12-17	18185.33
2015-12-18	17845.25
2015-12-19	17845.25
2015-12-20	17845.25
2015-12-21	17884.56
2015-12-22	17925.17
2015-12-23	18136.09
2015-12-24	18014.06
2015-12-25	18016.04
2015-12-26	18016.04
2015-12-27	18016.04
2015-12-28	18004.13
2015-12-29	18090.17
2015-12-30	18024.43
2015-12-31	17956.16
2016-01-01	17956.16
2016-01-02	17956.16
2016-01-03	17956.16
2016-01-04	17845.04
2016-01-05	17877.18
2016-01-06	17825.89
2016-01-07	17582.16
2016-01-08	17533.51
2016-01-09	17533.51
2016-01-10	17533.51
2016-01-11	17434.74
2016-01-12	17491.72
2016-01-13	17322.28
2016-01-14	17407.57
2016-01-15	17288.9
2016-01-16	17288.9
2016-01-17	17288.9
2016-01-18	17248.57
2016-01-19	17245.74
2016-01-20	17094.82
2016-01-21	16982.18
2016-01-22	17226.11
2016-01-23	17226.11
2016-01-24	17226.11
2016-01-25	17160.41
2016-01-26	17205.42
2016-01-27	17137.02
2016-01-28	17056.96
2016-01-29	17336.17
2016-01-30	17336.17
2016-01-31	17336.17
2016-02-01	17353.62
2016-02-02	17162.82
2016-02-03	17054.01
2016-02-04	16911.15
2016-02-05	16898.53
2016-02-06	16898.53
2016-02-07	16898.53
2016-02-08	16694.61
2016-02-09	16587.82
2016-02-10	16551.5
2016-02-11	16415.46
2016-02-12	16513.3
2016-02-13	16513.3
2016-02-14	16513.3
2016-02-15	16606.64
2016-02-16	16858.78
2016-02-17	16923.46
2016-02-18	16939.54
2016-02-19	17016.81
2016-02-20	17016.81
2016-02-21	17016.81
2016-02-22	16976.58
2016-02-23	16825.87
2016-02-24	16892.87
2016-02-25	17015.42
2016-02-26	17135.47
2016-02-27	17135.47
2016-02-28	17135.47
2016-02-29	17035.38
2016-03-01	17281.13
2016-03-02	17256.42
2016-03-03	17136.43
2016-03-04	17150.3
2016-03-05	17150.3
2016-03-06	17150.3
2016-03-07	17027.84
2016-03-08	16939.26
2016-03-09	16884.43
2016-03-10	16967.84
2016-03-11	17068.73
2016-03-12	17068.73
2016-03-13	17068.73
2016-03-14	17162.77
2016-03-15	17140.97
2016-03-16	17180.09
2016-03-17	17004.05
2016-03-18	17020.23
2016-03-19	17020.23
2016-03-20	17020.23
2016-03-21	17081.36
2016-03-22	17045.6
2016-03-23	17100.68
2016-03-24	17097.31
2016-03-25	17112.39
2016-03-26	17112.39
2016-03-27	17112.39
2016-03-28	17084.68
2016-03-29	17150.34
2016-03-30	17107.79
2016-03-31	17052.75
2016-04-01	17063.04
2016-04-02	17063.04
2016-04-03	17063.04
2016-04-04	17151.86
2016-04-05	17085.92
2016-04-06	17173.0
2016-04-07	17176.74
2016-04-08	17160.65
2016-04-09	17160.65
2016-04-10	17160.65
2016-04-11	17074.4
2016-04-12	17152.61
2016-04-13	17342.09
2016-04-14	17302.82
2016-04-15	17284.04
2016-04-16	17284.04
2016-04-17	17284.04
2016-04-18	17230.12
2016-04-19	17304.08
2016-04-20	17294.11
2016-04-21	17356.7
2016-04-22	17387.26
2016-04-23	17387.26
2016-04-24	17387.26
2016-04-25	17343.8
2016-04-26	17357.64
2016-04-27	17616.41
2016-04-28	17417.94
2016-04-29	17336.44
2016-04-30	17336.44
2016-05-01	17336.44
2016-05-02	17347.61
2016-05-03	17410.23
2016-05-04	17366.79
2016-05-05	17351.4
2016-05-06	17565.73
2016-05-07	17565.73
2016-05-08	17565.73
2016-05-09	17614.01
2016-05-10	17753.55
2016-05-11	17630.32
2016-05-12	17670.77
2016-05-13	17652.17
2016-05-14	17652.17
2016-05-15	17652.17
2016-05-16	17719.22
2016-05-17	17607.7
2016-05-18	17692.26
2016-05-19	17758.59
2016-05-20	17817.34
2016-05-21	17817.34
2016-05-22	17817.34
2016-05-23	17823.96
2016-05-24	18002.29
2016-05-25	18164.2
2016-05-26	18126.56
2016-05-27	18232.99
2016-05-28	18232.99
2016-05-29	18232.99
2016-05-30	18280.12
2016-05-31	18171.81
2016-06-01	18263.6
2016-06-02	18298.03
2016-06-03	18213.95
2016-06-04	18213.95
2016-06-05	18213.95
2016-06-06	18169.56
2016-06-07	18131.23
2016-06-08	18110.07
2016-06-09	18084.82
2016-06-10	17950.72
2016-06-11	17950.72
2016-06-12	17950.72
2016-06-13	17742.88
2016-06-14	17721.41
2016-06-15	17654.57
2016-06-16	17767.28
2016-06-17	17680.46
2016-06-18	17680.46
2016-06-19	17680.46
2016-06-20	17750.71
2016-06-21	17793.19
2016-06-22	17721.16
2016-06-23	17778.72
2016-06-24	17223.75
2016-06-25	17223.75
2016-06-26	17223.75
2016-06-27	17210.33
2016-06-28	17431.92
2016-06-29	17661.93
2016-06-30	17816.53
2016-07-01	17822.3
2016-07-02	17822.3
2016-07-03	17822.3
2016-07-04	17755.63
2016-07-05	17712.06
2016-07-06	17639.25
2016-07-07	17700.76
2016-07-08	17768.82
2016-07-09	17768.82
2016-07-10	17768.82
2016-07-11	17954.13
2016-07-12	17950.91
2016-07-13	17974.12
2016-07-14	18040.32
2016-07-15	18123.85
2016-07-16	18123.85
2016-07-17	18123.85
2016-07-18	18144.98
2016-07-19	18272.73
2016-07-20	18358.19
2016-07-21	18321.08
2016-07-22	18428.0
2016-07-23	18428.0
2016-07-24	18428.0
2016-07-25	18384.29
2016-07-26	18306.77
2016-07-27	18406.62
2016-07-28	18347.64
2016-07-29	18302.04
2016-07-30	18302.04
2016-07-31	18302.04
2016-08-01	18344.27
2016-08-02	18164.43
2016-08-03	18177.18
2016-08-04	18162.46
2016-08-05	18282.3
2016-08-06	18282.3
2016-08-07	18282.3
2016-08-08	18273.17
2016-08-09	18268.17
2016-08-10	18189.39
2016-08-11	18243.7
2016-08-12	18286.4
2016-08-13	18286.4
2016-08-14	18286.4
2016-08-15	18327.28
2016-08-16	18271.79
2016-08-17	18356.02
2016-08-18	18315.7
2016-08-19	18356.72
2016-08-20	18356.72
2016-08-21	18356.72
2016-08-22	18338.88
2016-08-23	18362.69
2016-08-24	18358.35
2016-08-25	18313.68
2016-08-26	18224.33
2016-08-27	18224.33
2016-08-28	18224.33
2016-08-29	18436.28
2016-08-30	18536.06
2016-08-31	18524.63
2016-09-01	18500.23
2016-09-02	18563.9
2016-09-03	18563.9
2016-09-04	18563.9
2016-09-05	18540.23
2016-09-06	18456.68
2016-09-07	18444.74
2016-09-08	18398.86
2016-09-09	18290.34
2016-09-10	18290.34
2016-09-11	18290.34
2016-09-12	18438.43
2016-09-13	18304.94
2016-09-14	18315.36
2016-09-15	18365.03
2016-09-16	18343.05
2016-09-17	18343.05
2016-09-18	18343.05
2016-09-19	18277.33
2016-09-20	18306.0
2016-09-21	18470.79
2016-09-22	18461.86
2016-09-23	18404.69
2016-09-24	18404.69
2016-09-25	18404.69
2016-09-26	18250.4
2016-09-27	18273.59
2016-09-28	18351.71
2016-09-29	18260.53
2016-09-30	18313.78
2016-10-01	18313.78
2016-10-02	18313.78
2016-10-03	18274.46
2016-10-04	18277.45
2016-10-05	18424.6
2016-10-06	18483.17
2016-10-07	18395.94
2016-10-08	18395.94
2016-10-09	18395.94
2016-10-10	18402.51
2016-10-11	18363.38
2016-10-12	18249.47
2016-10-13	18209.72
2016-10-14	18109.95
2016-10-15	18109.95
2016-10-16	18109.95
2016-10-17	18065.47
2016-10-18	18116.46
2016-10-19	18133.36
2016-10-20	18200.13
2016-10-21	18245.33
2016-10-22	18245.33
2016-10-23	18245.33
2016-10-24	18289.52
2016-10-25	18180.61
2016-10-26	18103.57
2016-10-27	18168.55
2016-10-28	18194.09
2016-10-29	18194.09
2016-10-30	18194.09
2016-10-31	18100.96
2016-11-01	17963.25
2016-11-02	17806.17
2016-11-03	17732.15
2016-11-04	17677.47
2016-11-05	17677.47
2016-11-06	17677.47
2016-11-07	17877.01
2016-11-08	17964.86
2016-11-09	18053.35
2016-11-10	18423.28
2016-11-11	18508.17
2016-11-12	18508.17
2016-11-13	18508.17
2016-11-14	18546.88
2016-11-15	18584.29
2016-11-16	18649.13
2016-11-17	18740.17
2016-11-18	18902.82
2016-11-19	18902.82
2016-11-20	18902.82
2016-11-21	18951.27
2016-11-22	18953.86
2016-11-23	18874.88
2016-11-24	18892.18
2016-11-25	18909.67
2016-11-26	18909.67
2016-11-27	18909.67
2016-11-28	18760.85
2016-11-29	18783.19
2016-11-30	18971.73
2016-12-01	18929.04
2016-12-02	18766.17
2016-12-03	18766.17
2016-12-04	18766.17
2016-12-05	18829.5
2016-12-06	18965.71
2016-12-07	19127.84
2016-12-08	19239.39
2016-12-09	19277.67
2016-12-10	19277.67
2016-12-11	19277.67
2016-12-12	19166.7
2016-12-13	19285.42
2016-12-14	19150.11
2016-12-15	19415.4
2016-12-16	19532.35
2016-12-17	19532.35
2016-12-18	19532.35
2016-12-19	19574.47
2016-12-20	19663.51
2016-12-21	19595.77
2016-12-22	19611.58
2016-12-23	19718.92
2016-12-24	19718.92
2016-12-25	19718.92
2016-12-26	19714.5
2016-12-27	19705.5
2016-12-28	19639.52
2016-12-29	19550.13
2016-12-30	19532.73
2016-12-31	19532.73
2017-01-01	19532.73
2017-01-02	19544.95
2017-01-03	19672.9
2017-01-04	19721.05
2017-01-05	19670.43
2017-01-06	19732.78
2017-01-07	19732.78
2017-01-08	19732.78
2017-01-09	19638.29
2017-01-10	19621.5
2017-01-11	19690.0
2017-01-12	19448.44
2017-01-13	19518.79
2017-01-14	19518.79
2017-01-15	19518.79
2017-01-16	19490.63
2017-01-17	19284.73
2017-01-18	19293.45
2017-01-19	19260.41
2017-01-20	19300.36
2017-01-21	19300.36
2017-01-22	19300.36
2017-01-23	19216.29
2017-01-24	19313.22
2017-01-25	19528.23
2017-01-26	19594.87
2017-01-27	19549.33
2017-01-28	19549.33
2017-01-29	19549.33
2017-01-30	19435.4
2017-01-31	19321.77
2017-02-01	19449.69
2017-02-02	19259.31
2017-02-03	19401.98
2017-02-04	19401.98
2017-02-05	19401.98
2017-02-06	19472.96
2017-02-07	19445.92
2017-02-08	19441.55
2017-02-09	19571.86
2017-02-10	19573.86
2017-02-11	19573.86
2017-02-12	19573.86
2017-02-13	19732.56
2017-02-14	19837.97
2017-02-15	19811.22
2017-02-16	19852.56
2017-02-17	19891.36
2017-02-18	19891.36
2017-02-19	19891.36
2017-02-20	19893.4
2017-02-21	19982.82
2017-02-22	19992.29
2017-02-23	19914.64
2017-02-24	19951.19
2017-02-25	19951.19
2017-02-26	19951.19
2017-02-27	19946.7
2017-02-28	19932.06
2017-03-01	20208.41
2017-03-02	20246.77
2017-03-03	20278.68
2017-03-04	20278.68
2017-03-05	20278.68
2017-03-06	20198.45
2017-03-07	20151.82
2017-03-08	20191.54
2017-03-09	20298.15
2017-03-10	20304.05
2017-03-11	20304.05
2017-03-12	20304.05
2017-03-13	20278.6
2017-03-14	20257.18
2017-03-15	20285.85
2017-03-16	20264.0
2017-03-17	20187.68
2017-03-18	20187.68
2017-03-19	20187.68
2017-03-20	20078.03
2017-03-21	19909.15
2017-03-22	19929.03
2017-03-23	19995.34
2017-03-24	20056.09
2017-03-25	20056.09
2017-03-26	20056.09
2017-03-27	20023.76
2017-03-28	20143.23
2017-03-29	20071.91
2017-03-30	20114.19
2017-03-31	20103.32
2017-04-01	20103.32
2017-04-02	20103.32
2017-04-03	20148.66
2017-04-04	20220.19
2017-04-05	20121.01
2017-04-06	20183.6
2017-04-07	20256.68
2017-04-08	20256.68
2017-04-09	20256.68
2017-04-10	20285.05
2017-04-11	20311.14
2017-04-12	20230.78
2017-04-13	19969.53
2017-04-14	19963.8
2017-04-15	19963.8
2017-04-16	19963.8
2017-04-17	20055.37
2017-04-18	20114.83
2017-04-19	20116.28
2017-04-20	20219.96
2017-04-21	20206.33
2017-04-22	20206.33
2017-04-23	20206.33
2017-04-24	20397.01
2017-04-25	20584.24
2017-04-26	20695.99
2017-04-27	20735.51
2017-04-28	20647.86
2017-04-29	20647.86
2017-04-30	20647.86
2017-05-01	20605.65
2017-05-02	20693.34
2017-05-03	20808.27
2017-05-04	20937.17
2017-05-05	20985.47
2017-05-06	20985.47
2017-05-07	20985.47
2017-05-08	21068.04
2017-05-09	21051.68
2017-05-10	21047.76
2017-05-11	21068.13
2017-05-12	21019.62
2017-05-13	21019.62
2017-05-14	21019.62
2017-05-15	21052.89
2017-05-16	21112.17
2017-05-17	20825.0
2017-05-18	20780.37
2017-05-19	20881.47
2017-05-20	20881.47
2017-05-21	20881.47
2017-05-22	20881.72
2017-05-23	20907.27
2017-05-24	20980.73
2017-05-25	21048.77
2017-05-26	21083.48
2017-05-27	21083.48
2017-05-28	21083.48
2017-05-29	21090.22
2017-05-30	21025.86
2017-05-31	21012.8
2017-06-01	21261.39
2017-06-02	21288.87
2017-06-03	21288.87
2017-06-04	21288.87
2017-06-05	21185.85
2017-06-06	21077.28
2017-06-07	21031.94
2017-06-08	21116.47
2017-06-09	21157.65
2017-06-10	21157.65
2017-06-11	21157.65
2017-06-12	21067.44
2017-06-13	21172.76
2017-06-14	21031.15
2017-06-15	20991.71
2017-06-16	20970.14
2017-06-17	20970.14
2017-06-18	20970.14
2017-06-19	21183.7
2017-06-20	21116.02
2017-06-21	21170.35
2017-06-22	21213.98
2017-06-23	21189.06
2017-06-24	21189.06
2017-06-25	21189.06
2017-06-26	21299.14
2017-06-27	21251.78
2017-06-28	21316.37
2017-06-29	21123.77
2017-06-30	21083.6
2017-07-01	21083.6
2017-07-02	21083.6
2017-07-03	21206.48
2017-07-04	21239.88
2017-07-05	21339.83
2017-07-06	21242.15
2017-07-07	21209.24
2017-07-08	21209.24
2017-07-09	21209.24
2017-07-10	21288.97
2017-07-11	21236.87
2017-07-12	21253.52
2017-07-13	21236.96
2017-07-14	21131.15
2017-07-15	21131.15
2017-07-16	21131.15
2017-07-17	21125.72
2017-07-18	20932.27
2017-07-19	20980.79
2017-07-20	20994.58
2017-07-21	21024.05
2017-07-22	21024.05
2017-07-23	21024.05
2017-07-24	20990.53
2017-07-25	21049.93
2017-07-26	21043.54
2017-07-27	20971.48
2017-07-28	20839.25
2017-07-29	20839.25
2017-07-30	20839.25
2017-07-31	20915.44
2017-08-01	21001.03
2017-08-02	21020.31
2017-08-03	21001.15
2017-08-04	21118.89
2017-08-05	21118.89
2017-08-06	21118.89
2017-08-07	21182.14
2017-08-08	21193.05
2017-08-09	21143.91
2017-08-10	20883.42
2017-08-11	20843.34
2017-08-12	20843.34
2017-08-13	20843.34
2017-08-14	21033.31
2017-08-15	21122.26
2017-08-16	21035.6
2017-08-17	20827.52
2017-08-18	20792.23
2017-08-19	20792.23
2017-08-20	20792.23
2017-08-21	20735.78
2017-08-22	20920.05
2017-08-23	20963.16
2017-08-24	20927.17
2017-08-25	20903.52
2017-08-26	20903.52
2017-08-27	20903.52
2017-08-28	20881.98
2017-08-29	20803.48
2017-08-30	21001.67
2017-08-31	21043.68
2017-09-01	21052.85
2017-09-02	21052.85
2017-09-03	21052.85
2017-09-04	21050.94
2017-09-05	20807.42
2017-09-06	20896.28
2017-09-07	20839.2
2017-09-08	20810.02
2017-09-09	20810.02
2017-09-10	20810.02
2017-09-11	21089.08
2017-09-12	21167.0
2017-09-13	21248.15
2017-09-14	21228.11
2017-09-15	21236.31
2017-09-16	21236.31
2017-09-17	21236.31
2017-09-18	21355.42
2017-09-19	21375.0
2017-09-20	21250.84
2017-09-21	21456.81
2017-09-22	21357.67
2017-09-23	21357.67
2017-09-24	21357.67
2017-09-25	21334.66
2017-09-26	21406.24
2017-09-27	21514.97
2017-09-28	21601.39
2017-09-29	21675.29
2017-09-30	21675.29
2017-10-01	21675.29
2017-10-02	21768.83
2017-10-03	21886.9
2017-10-04	21820.9
2017-10-05	22017.08
2017-10-06	22094.75
2017-10-07	22094.75
2017-10-08	22094.75
2017-10-09	22065.49
2017-10-10	22069.27
2017-10-11	22125.05
2017-10-12	22005.61
2017-10-13	21923.71
2017-10-14	21923.71
2017-10-15	21923.71
2017-10-16	22023.26
2017-10-17	22032.42
2017-10-18	22079.59
2017-10-19	21989.24
2017-10-20	22184.59
2017-10-21	22184.59
2017-10-22	22184.59
2017-10-23	22172.22
2017-10-24	22281.72
2017-10-25	22344.28
2017-10-26	22433.17
2017-10-27	22554.24
2017-10-28	22554.24
2017-10-29	22554.24
2017-10-30	22500.96
2017-10-31	22501.15
2017-11-01	22565.12
2017-11-02	22494.07
2017-11-03	22634.75
2017-11-04	22634.75
2017-11-05	22634.75
2017-11-06	22619.86
2017-11-07	22622.07
2017-11-08	22519.24
2017-11-09	22479.5
2017-11-10	22427.73
2017-11-11	22427.73
2017-11-12	22427.73
2017-11-13	22451.97
2017-11-14	22446.66
2017-11-15	22427.02
2017-11-16	22525.6
2017-11-17	22641.37
2017-11-18	22641.37
2017-11-19	22641.37
2017-11-20	22652.82
2017-11-21	22729.51
2017-11-22	22770.08
2017-11-23	22706.06
2017-11-24	22766.03
2017-11-25	22766.03
2017-11-26	22766.03
2017-11-27	22709.16
2017-11-28	22919.52
2017-11-29	22989.31
2017-11-30	22988.7
2017-12-01	22922.34
2017-12-02	22922.34
2017-12-03	22922.34
2017-12-04	22980.62
2017-12-05	22914.98
2017-12-06	22837.55
2017-12-07	23003.03
2017-12-08	23180.88
2017-12-09	23180.88
2017-12-10	23180.88
2017-12-11	23192.37
2017-12-12	23207.61
2017-12-13	23057.91
2017-12-14	22909.45
2017-12-15	23017.51
2017-12-16	23017.51
2017-12-17	23017.51
2017-12-18	23189.43
2017-12-19	23148.91
2017-12-20	23117.9
2017-12-21	23134.0
2017-12-22	23082.18
2017-12-23	23082.18
2017-12-24	23082.18
2017-12-25	23081.93
2017-12-26	23048.36
2017-12-27	22993.38
2017-12-28	22980.32
2017-12-29	22901.43
2017-12-30	22901.43
2017-12-31	22901.43
2018-01-01	22901.31
2018-01-02	23012.6
2018-01-03	23116.59
2018-01-04	23260.27
2018-01-05	23381.51
2018-01-06	23381.51
2018-01-07	23381.51
2018-01-08	23436.6
2018-01-09	23507.4
2018-01-10	23494.78
2018-01-11	23506.07
2018-01-12	23621.45
2018-01-13	23621.45
2018-01-14	23621.45
2018-01-15	23521.86
2018-01-16	23547.15
2018-01-17	23588.05
2018-01-18	23552.98
2018-01-19	23646.34
2018-01-20	23646.34
2018-01-21	23646.34
2018-01-22	23760.04
2018-01-23	23929.82
2018-01-24	23772.78
2018-01-25	23741.35
2018-01-26	23873.18
2018-01-27	23873.18
2018-01-28	23873.18
2018-01-29	23779.56
2018-01-30	23634.25
2018-01-31	23592.73
2018-02-01	23749.0
2018-02-02	23537.12
2018-02-03	23537.12
2018-02-04	23537.12
2018-02-05	22878.85
2018-02-06	22875.74
2018-02-07	22931.18
2018-02-08	22539.73
2018-02-09	22546.79
2018-02-10	22546.79
2018-02-11	22546.79
2018-02-12	22701.16
2018-02-13	22700.6
2018-02-14	22917.52
2018-02-15	23096.42
2018-02-16	23123.62
2018-02-17	23123.62
2018-02-18	23123.62
2018-02-19	23146.53
2018-02-20	23099.77
2018-02-21	23179.95
2018-02-22	23146.18
2018-02-23	23403.89
2018-02-24	23403.89
2018-02-25	23403.89
2018-02-26	23569.49
2018-02-27	23471.73
2018-02-28	23272.32
2018-03-01	23106.26
2018-03-02	23077.99
2018-03-03	23077.99
2018-03-04	23077.99
2018-03-05	23250.14
2018-03-06	23177.43
2018-03-07	23227.79
2018-03-08	23408.93
2018-03-09	23567.59
2018-03-10	23567.59
2018-03-11	23567.59
2018-03-12	23585.49
2018-03-13	23442.86
2018-03-14	23403.94
2018-03-15	23568.54
2018-03-16	23700.54
2018-03-17	23700.54
2018-03-18	23700.54
2018-03-19	23504.36
2018-03-20	23550.75
2018-03-21	23499.81
2018-03-22	23155.6
2018-03-23	22628.35
2018-03-24	22628.35
2018-03-25	22628.35
2018-03-26	22993.5
2018-03-27	22853.22
2018-03-28	22769.84
2018-03-29	22957.57
2018-03-30	22961.38
2018-03-31	22961.38
2018-04-01	22961.38
2018-04-02	22736.54
2018-04-03	22806.08
2018-04-04	22806.94
2018-04-05	23058.25
2018-04-06	22809.99
2018-04-07	22809.99
2018-04-08	22809.99
2018-04-09	22906.97
2018-04-10	23051.75
2018-04-11	22959.06
2018-04-12	23111.8
2018-04-13	22971.7
2018-04-14	22971.7
2018-04-15	22971.7
2018-04-16	23015.56
2018-04-17	23114.92
2018-04-18	23133.63
2018-04-19	23224.06
2018-04-20	23248.64
2018-04-21	23248.64
2018-04-22	23248.64
2018-04-23	23258.94
2018-04-24	23183.52
2018-04-25	23177.26
2018-04-26	23299.83
2018-04-27	23344.46
2018-04-28	23344.46
2018-04-29	23344.46
2018-04-30	23360.39
2018-05-01	23499.96
2018-05-02	23394.72
2018-05-03	23320.22
2018-05-04	23404.86
2018-05-05	23404.86
2018-05-06	23404.86
2018-05-07	23532.15
2018-05-08	23775.41
2018-05-09	23874.21
2018-05-10	23962.38
2018-05-11	23922.19
2018-05-12	23922.19
2018-05-13	23922.19
2018-05-14	23962.96
2018-05-15	24008.43
2018-05-16	23952.26
2018-05-17	23953.23
2018-05-18	23875.85
2018-05-19	23875.85
2018-05-20	23875.85
2018-05-21	23897.3
2018-05-22	23845.17
2018-05-23	23846.75
2018-05-24	23751.43
2018-05-25	23759.72
2018-05-26	23759.72
2018-05-27	23759.72
2018-05-28	23781.18
2018-05-29	23601.03
2018-05-30	23624.47
2018-05-31	23596.64
2018-06-01	23821.32
2018-06-02	23821.32
2018-06-03	23821.32
2018-06-04	23789.62
2018-06-05	23890.19
2018-06-06	23933.97
2018-06-07	23989.82
2018-06-08	23982.19
2018-06-09	23982.19
2018-06-10	23982.19
2018-06-11	24003.62
2018-06-12	24011.82
2018-06-13	24044.42
2018-06-14	24129.52
2018-06-15	24258.99
2018-06-16	24258.99
2018-06-17	24258.99
2018-06-18	24257.77
2018-06-19	24146.17
2018-06-20	24176.72
2018-06-21	24059.29
2018-06-22	23985.25
2018-06-23	23985.25
2018-06-24	23985.25
2018-06-25	23682.74
2018-06-26	23682.01
2018-06-27	23525.38
2018-06-28	23585.54
2018-06-29	23637.36
2018-06-30	23637.36
2018-07-01	23637.36
2018-07-02	23719.82
2018-07-03	23531.79
2018-07-04	23524.2
2018-07-05	23595.8
2018-07-06	23670.89
2018-07-07	23670.89
2018-07-08	23670.89
2018-07-09	23866.7
2018-07-10	23898.08
2018-07-11	23822.91
2018-07-12	23956.73
2018-07-13	23984.03
2018-07-14	23984.03
2018-07-15	23984.03
2018-07-16	24025.22
2018-07-17	24102.69
2018-07-18	24190.7
2018-07-19	24192.99
2018-07-20	24114.79
2018-07-21	24114.79
2018-07-22	24114.79
2018-07-23	24242.61
2018-07-24	24247.1
2018-07-25	24400.19
2018-07-26	24447.86
2018-07-27	24384.15
2018-07-28	24384.15
2018-07-29	24384.15
2018-07-30	24293.68
2018-07-31	24192.99
2018-08-01	24302.63
2018-08-02	24325.27
2018-08-03	24320.17
2018-08-04	24320.17
2018-08-05	24320.17
2018-08-06	24357.67
2018-08-07	24381.73
2018-08-08	24434.17
2018-08-09	24450.94
2018-08-10	24395.4
2018-08-11	24395.4
2018-08-12	24395.4
2018-08-13	24238.12
2018-08-14	24368.45
2018-08-15	24185.41
2018-08-16	24120.43
2018-08-17	24165.29
2018-08-18	24165.29
2018-08-19	24165.29
2018-08-20	24182.97
2018-08-21	24219.19
2018-08-22	24313.4
2018-08-23	24456.04
2018-08-24	24400.16
2018-08-25	24400.16
2018-08-26	24400.16
2018-08-27	24634.01
2018-08-28	24656.8
2018-08-29	24874.83
2018-08-30	24749.22
2018-08-31	24817.64
2018-09-01	24817.64
2018-09-02	24817.64
2018-09-03	24772.54
2018-09-04	24785.76
2018-09-05	24560.67
2018-09-06	24369.79
2018-09-07	24411.34
2018-09-08	24411.34
2018-09-09	24411.34
2018-09-10	24446.79
2018-09-11	24545.75
2018-09-12	24342.53
2018-09-13	24397.15
2018-09-14	24518.83
2018-09-15	24518.83
2018-09-16	24518.83
2018-09-17	24409.21
2018-09-18	24411.85
2018-09-19	24417.34
2018-09-20	24600.49
2018-09-21	24657.61
2018-09-22	24657.61
2018-09-23	24657.61
2018-09-24	24636.48
2018-09-25	24671.28
2018-09-26	24574.97
2018-09-27	24720.55
2018-09-28	24615.21
2018-09-29	24615.21
2018-09-30	24615.21
2018-10-01	24644.28
2018-10-02	24571.83
2018-10-03	24641.55
2018-10-04	24569.86
2018-10-05	24378.52
2018-10-06	24378.52
2018-10-07	24378.52
2018-10-08	24247.14
2018-10-09	24096.59
2018-10-10	23557.34
2018-10-11	23079.83
2018-10-12	23313.21
2018-10-13	23313.21
2018-10-14	23313.21
2018-10-15	23173.04
2018-10-16	23546.3
2018-10-17	23689.4
2018-10-18	23375.62
2018-10-19	23363.44
2018-10-20	23363.44
2018-10-21	23363.44
2018-10-22	23344.76
2018-10-23	23192.41
2018-10-24	22722.81
2018-10-25	22833.34
2018-10-26	22589.61
2018-10-27	22589.61
2018-10-28	22589.61
2018-10-29	22486.31
2018-10-30	22592.53
2018-10-31	23024.42
2018-11-01	22988.89
2018-11-02	23194.77
2018-11-03	23194.77
2018-11-04	23194.77
2018-11-05	23225.11
2018-11-06	23272.8
2018-11-07	23389.23
2018-11-08	23385.69
2018-11-09	23254.69
2018-11-10	23254.69
2018-11-11	23254.69
2018-11-12	22966.71
2018-11-13	22927.86
2018-11-14	22826.88
2018-11-15	22960.38
2018-11-16	22845.16
2018-11-17	22845.16
2018-11-18	22845.16
2018-11-19	22670.3
2018-11-20	22399.67
2018-11-21	22474.99
2018-11-22	22538.77
2018-11-23	22507.42
2018-11-24	22507.42
2018-11-25	22507.42
2018-11-26	22845.2
2018-11-27	22863.76
2018-11-28	23162.77
2018-11-29	23044.15
2018-11-30	23166.58
2018-12-01	23166.58
2018-12-02	23166.58
2018-12-03	23379.94
2018-12-04	22905.94
2018-12-05	22973.61
2018-12-06	22812.65
2018-12-07	22535.44
2018-12-08	22535.44
2018-12-09	22535.44
2018-12-10	22391.41
2018-12-11	22341.47
2018-12-12	22518.25
2018-12-13	22570.53
2018-12-14	22356.23
2018-12-15	22356.23
2018-12-16	22356.23
2018-12-17	22083.85
2018-12-18	22031.06
2018-12-19	21804.6
2018-12-20	21646.92
2018-12-21	21386.56
2018-12-22	21386.56
2018-12-23	21386.56
2018-12-24	21189.15
2018-12-25	21144.08
2018-12-26	21569.03
2018-12-27	21771.38
2018-12-28	21826.84
2018-12-29	21826.84
2018-12-30	21826.84
2018-12-31	22014.33
2019-01-01	22014.31
2019-01-02	22110.81
2019-01-03	21733.71
2019-01-04	22006.12
2019-01-05	22006.12
2019-01-06	22006.12
2019-01-07	22209.54
2019-01-08	22393.2
2019-01-09	22573.62
2019-01-10	22563.21
2019-01-11	22568.71
2019-01-12	22568.71
2019-01-13	22568.71
2019-01-14	22506.48
2019-01-15	22682.74
2019-01-16	22858.49
2019-01-17	22997.1
2019-01-18	23226.05
2019-01-19	23226.05
2019-01-20	23226.05
2019-01-21	23308.91
2019-01-22	23144.11
2019-01-23	23122.61
2019-01-24	23261.12
2019-01-25	23368.66
2019-01-26	23368.66
2019-01-27	23368.66
2019-01-28	23252.71
2019-01-29	23289.22
2019-01-30	23358.88
2019-01-31	23284.42
2019-02-01	23453.14
2019-02-02	23453.14
2019-02-03	23453.14
2019-02-04	23675.31
2019-02-05	23735.65
2019-02-06	23962.66
2019-02-07	23816.09
2019-02-08	23745.72
2019-02-09	23745.72
2019-02-10	23745.72
2019-02-11	23848.17
2019-02-12	24057.04
2019-02-13	24112.26
2019-02-14	24112.74
2019-02-15	24195.15
2019-02-16	24195.15
2019-02-17	24195.15
2019-02-18	24242.9
2019-02-19	24260.05
2019-02-20	24316.93
2019-02-21	24459.52
2019-02-22	24408.24
2019-02-23	24408.24
2019-02-24	24408.24
2019-02-25	24477.95
2019-02-26	24491.65
2019-02-27	24567.66
2019-02-28	24563.94
2019-03-01	24717.17
2019-03-02	24717.17
2019-03-03	24717.17
2019-03-04	24757.51
2019-03-05	24742.21
2019-03-06	24782.55
2019-03-07	24531.81
2019-03-08	24384.51
2019-03-09	24384.51
2019-03-10	24384.51
2019-03-11	24585.21
2019-03-12	24628.03
2019-03-13	24738.76
2019-03-14	24840.55
2019-03-15	24952.13
2019-03-16	24952.13
2019-03-17	24952.13
2019-03-18	25058.36
2019-03-19	25036.64
2019-03-20	24964.94
2019-03-21	25013.67
2019-03-22	24696.86
2019-03-23	24696.86
2019-03-24	24696.86
2019-03-25	24442.59
2019-03-26	24586.27
2019-03-27	24666.33
2019-03-28	24678.19
2019-03-29	24760.24
2019-03-30	24760.24
2019-03-31	24760.24
2019-04-01	25075.56
2019-04-02	25175.15
2019-04-03	25208.99
2019-04-04	25239.14
2019-04-05	25258.15
2019-04-06	25258.15
2019-04-07	25258.15
2019-04-08	25292.02
2019-04-09	25180.79
2019-04-10	25219.7
2019-04-11	25239.65
2019-04-12	25284.45
2019-04-13	25284.45
2019-04-14	25284.45
2019-04-15	25230.18
2019-04-16	25314.27
2019-04-17	25310.18
2019-04-18	25220.18
2019-04-19	25220.64
2019-04-20	25220.64
2019-04-21	25220.64
2019-04-22	25262.98
2019-04-23	25473.5
2019-04-24	25608.25
2019-04-25	25634.83
2019-04-26	25603.87
2019-04-27	25603.87
2019-04-28	25603.87
2019-04-29	25742.46
2019-04-30	25792.0
2019-05-01	25686.8
2019-05-02	25702.82
2019-05-03	25849.36
2019-05-04	25849.36
2019-05-05	25849.36
2019-05-06	25786.78
2019-05-07	25449.09
2019-05-08	25329.71
2019-05-09	25202.94
2019-05-10	25244.92
2019-05-11	25244.92
2019-05-12	25244.92
2019-05-13	24867.63
2019-05-14	24939.89
2019-05-15	25100.35
2019-05-16	25337.92
2019-05-17	25280.84
2019-05-18	25280.84
2019-05-19	25280.84
2019-05-20	24999.79
2019-05-21	25154.51
2019-05-22	25130.97
2019-05-23	24833.59
2019-05-24	24824.73
2019-05-25	24824.73
2019-05-26	24824.73
2019-05-27	24867.62
2019-05-28	24758.04
2019-05-29	24634.66
2019-05-30	24638.01
2019-05-31	24374.18
2019-06-01	24374.18
2019-06-02	24374.18
2019-06-03	24261.67
2019-06-04	24512.87
2019-06-05	24703.24
2019-06-06	24744.54
2019-06-07	24821.08
2019-06-08	24821.08
2019-06-09	24821.08
2019-06-10	25124.83
2019-06-11	25268.24
2019-06-12	25163.62
2019-06-13	25276.69
2019-06-14	25302.55
2019-06-15	25302.55
2019-06-16	25302.55
2019-06-17	25302.71
2019-06-18	25579.88
2019-06-19	25739.78
2019-06-20	25890.63
2019-06-21	25835.72
2019-06-22	25835.72
2019-06-23	25835.72
2019-06-24	25724.24
2019-06-25	25457.46
2019-06-26	25495.09
2019-06-27	25558.49
2019-06-28	25725.69
2019-06-29	25725.69
2019-06-30	25725.69
2019-07-01	26167.51
2019-07-02	26151.04
2019-07-03	26139.15
2019-07-04	26214.16
2019-07-05	26277.65
2019-07-06	26277.65
2019-07-07	26277.65
2019-07-08	26092.12
2019-07-09	26168.7
2019-07-10	26183.93
2019-07-11	26224.57
2019-07-12	26214.88
2019-07-13	26214.88
2019-07-14	26214.88
2019-07-15	26135.4
2019-07-16	26074.04
2019-07-17	26062.96
2019-07-18	25997.97
2019-07-19	25977.8
2019-07-20	25977.8
2019-07-21	25977.8
2019-07-22	26001.67
2019-07-23	26248.64
2019-07-24	26392.2
2019-07-25	26353.44
2019-07-26	26577.11
2019-07-27	26577.11
2019-07-28	26577.11
2019-07-29	26577.71
2019-07-30	26548.54
2019-07-31	26315.41
2019-08-01	26207.1
2019-08-02	26036.13
2019-08-03	26036.13
2019-08-04	26036.13
2019-08-05	25379.33
2019-08-06	25477.34
2019-08-07	25549.67
2019-08-08	25817.51
2019-08-09	25705.19
2019-08-10	25705.19
2019-08-11	25705.19
2019-08-12	25599.31
2019-08-13	25649.38
2019-08-14	25314.47
2019-08-15	25204.06
2019-08-16	25512.87
2019-08-17	25512.87
2019-08-18	25512.87
2019-08-19	25787.33
2019-08-20	25666.9
2019-08-21	25775.39
2019-08-22	25784.4
2019-08-23	25353.91
2019-08-24	25353.91
2019-08-25	25353.91
2019-08-26	25435.16
2019-08-27	25484.78
2019-08-28	25575.46
2019-08-29	25821.7
2019-08-30	25917.29
2019-08-31	25917.29
2019-09-01	25917.29
2019-09-02	25918.55
2019-09-03	25692.1
2019-09-04	25846.94
2019-09-05	26111.5
2019-09-06	26027.53
2019-09-07	26027.53
2019-09-08	26027.53
2019-09-09	26014.52
2019-09-10	25983.31
2019-09-11	26166.96
2019-09-12	26252.54
2019-09-13	26289.13
2019-09-14	26289.13
2019-09-15	26289.13
2019-09-16	26266.16
2019-09-17	26284.0
2019-09-18	26366.31
2019-09-19	26473.49
2019-09-20	26483.39
2019-09-21	26483.39
2019-09-22	26483.39
2019-09-23	26502.6
2019-09-24	26300.98
2019-09-25	26393.23
2019-09-26	26345.04
2019-09-27	26215.71
2019-09-28	26215.71
2019-09-29	26215.71
2019-09-30	26322.11
2019-10-01	26238.94
2019-10-02	25814.39
2019-10-03	25781.02
2019-10-04	26016.77
2019-10-05	26016.77
2019-10-06	26016.77
2019-10-07	26006.28
2019-10-08	25789.62
2019-10-09	25899.06
2019-10-10	25932.86
2019-10-11	26168.98
2019-10-12	26168.98
2019-10-13	26168.98
2019-10-14	26317.95
2019-10-15	26548.93
2019-10-16	26640.64
2019-10-17	26416.63
2019-10-18	26363.07
2019-10-19	26363.07
2019-10-20	26363.07
2019-10-21	26424.15
2019-10-22	26416.86
2019-10-23	26402.85
2019-10-24	26570.51
2019-10-25	26671.07
2019-10-26	26671.07
2019-10-27	26671.07
2019-10-28	26782.94
2019-10-29	26721.25
2019-10-30	26766.78
2019-10-31	26693.48
2019-11-01	26861.48
2019-11-02	26861.48
2019-11-03	26861.48
2019-11-04	27062.81
2019-11-05	27133.12
2019-11-06	27099.98
2019-11-07	27209.07
2019-11-08	27281.52
2019-11-09	27281.52
2019-11-10	27281.52
2019-11-11	27238.79
2019-11-12	27321.39
2019-11-13	27314.03
2019-11-14	27402.35
2019-11-15	27494.28
2019-11-16	27494.28
2019-11-17	27494.28
2019-11-18	27595.55
2019-11-19	27566.21
2019-11-20	27550.22
2019-11-21	27511.4
2019-11-22	27585.75
2019-11-23	27585.75
2019-11-24	27585.75
2019-11-25	27838.11
2019-11-26	27890.5
2019-11-27	28018.16
2019-11-28	28062.22
2019-11-29	27947.46
2019-11-30	27947.46
2019-12-01	27947.46
2019-12-02	27670.21
2019-12-03	27422.04
2019-12-04	27541.64
2019-12-05	27658.92
2019-12-06	27862.07
2019-12-07	27862.07
2019-12-08	27862.07
2019-12-09	27809.58
2019-12-10	27848.84
2019-12-11	27799.42
2019-12-12	27914.23
2019-12-13	28125.15
2019-12-14	28125.15
2019-12-15	28125.15
2019-12-16	28259.2
2019-12-17	28452.07
2019-12-18	28403.63
2019-12-19	28421.07
2019-12-20	28442.51
2019-12-21	28442.51
2019-12-22	28442.51
2019-12-23	28455.24
2019-12-24	28423.76
2019-12-25	28425.02
2019-12-26	28501.5
2019-12-27	28441.87
2019-12-28	28441.87
2019-12-29	28441.87
2019-12-30	28295.87
2019-12-31	28241.43
2020-01-01	28241.27
2020-01-02	28529.4
2020-01-03	28528.1
2020-01-04	28528.1
2020-01-05	28528.1
2020-01-06	28505.47
2020-01-07	28712.54
2020-01-08	28830.71
2020-01-09	29077.51
2020-01-10	28958.51
2020-01-11	28958.51
2020-01-12	28958.51
2020-01-13	29127.99
2020-01-14	29129.41
2020-01-15	29070.94
2020-01-16	29240.95
2020-01-17	29422.37
2020-01-18	29422.37
2020-01-19	29422.37
2020-01-20	29440.57
2020-01-21	29324.69
2020-01-22	29360.77
2020-01-23	29278.06
2020-01-24	29189.67
2020-01-25	29189.67
2020-01-26	29189.67
2020-01-27	28955.85
2020-01-28	29115.86
2020-01-29	29149.14
2020-01-30	29143.01
2020-01-31	28805.33
2020-02-01	28805.33
2020-02-02	28805.33
2020-02-03	28908.19
2020-02-04	29284.24
2020-02-05	29552.78
2020-02-06	29736.75
2020-02-07	29727.32
2020-02-08	29727.32
2020-02-09	29727.32
2020-02-10	29806.42
2020-02-11	29789.7
2020-02-12	29916.12
2020-02-13	29949.48
2020-02-14	30009.18
2020-02-15	30009.18
2020-02-16	30009.18
2020-02-17	29986.91
2020-02-18	29854.18
2020-02-19	30102.19
2020-02-20	30111.4
2020-02-21	29832.42
2020-02-22	29832.42
2020-02-23	29832.42
2020-02-24	29071.38
2020-02-25	28426.95
2020-02-26	28454.45
2020-02-27	27550.82
2020-02-28	27488.06
2020-02-29	27488.06
2020-03-01	27488.06
2020-03-02	28066.6
2020-03-03	27359.4
2020-03-04	27896.94
2020-03-05	27536.23
2020-03-06	26903.39
2020-03-07	26903.39
2020-03-08	26903.39
2020-03-09	25204.45
2020-03-10	26250.41
2020-03-11	25361.16
2020-03-12	23851.83
2020-03-13	25387.62
2020-03-14	25387.62
2020-03-15	25387.62
2020-03-16	23300.05
2020-03-17	24141.48
2020-03-18	23664.88
2020-03-19	23585.25
2020-03-20	23368.08
2020-03-21	23368.08
2020-03-22	23368.08
2020-03-23	22977.37
2020-03-24	24169.04
2020-03-25	24623.95
2020-03-26	25319.56
2020-03-27	24717.75
2020-03-28	24717.75
2020-03-29	24717.75
2020-03-30	24936.72
2020-03-31	24813.49
2020-04-01	23978.98
2020-04-02	24357.83
2020-04-03	24131.05
2020-04-04	24131.05
2020-04-05	24131.05
2020-04-06	25171.33
2020-04-07	25147.96
2020-04-08	25516.99
2020-04-09	25648.4
2020-04-10	25654.69
2020-04-11	25654.69
2020-04-12	25654.69
2020-04-13	25331.3
2020-04-14	25770.35
2020-04-15	25594.93
2020-04-16	25677.74
2020-04-17	26313.44
2020-04-18	26313.44
2020-04-19	26313.44
2020-04-20	25952.92
2020-04-21	25584.06
2020-04-22	25933.84
2020-04-23	25773.4
2020-04-24	25995.07
2020-04-25	25995.07
2020-04-26	25995.07
2020-04-27	26204.08
2020-04-28	26144.12
2020-04-29	26491.12
2020-04-30	26383.46
2020-05-01	26077.78
2020-05-02	26077.78
2020-05-03	26077.78
2020-05-04	26025.46
2020-05-05	26170.03
2020-05-06	26238.44
2020-05-07	26459.88
2020-05-08	26616.68
2020-05-09	26616.68
2020-05-10	26616.68
2020-05-11	26748.29
2020-05-12	26426.63
2020-05-13	26164.73
2020-05-14	26413.68
2020-05-15	26489.51
2020-05-16	26489.51
2020-05-17	26489.51
2020-05-18	27038.48
2020-05-19	26650.55
2020-05-20	26961.86
2020-05-21	26860.76
2020-05-22	26891.21
2020-05-23	26891.21
2020-05-24	26891.21
2020-05-25	26950.86
2020-05-26	27051.2
2020-05-27	27436.33
2020-05-28	27222.76
2020-05-29	27284.69
2020-05-30	27284.69
2020-05-31	27284.69
2020-06-01	27187.91
2020-06-02	27184.03
2020-06-03	27494.73
2020-06-04	27349.96
2020-06-05	27785.74
2020-06-06	27785.74
2020-06-07	27785.74
2020-06-08	27996.67
2020-06-09	27897.0
2020-06-10	27794.19
2020-06-11	26856.51
2020-06-12	27128.18
2020-06-13	27128.18
2020-06-14	27128.18
2020-06-15	27095.02
2020-06-16	27750.2
2020-06-17	27540.22
2020-06-18	27735.89
2020-06-19	27703.42
2020-06-20	27703.42
2020-06-21	27703.42
2020-06-22	27786.85
2020-06-23	27877.33
2020-06-24	27527.32
2020-06-25	27786.85
2020-06-26	27426.47
2020-06-27	27426.47
2020-06-28	27426.47
2020-06-29	27691.86
2020-06-30	27858.44
2020-07-01	27830.73
2020-07-02	28167.98
2020-07-03	28149.05
2020-07-04	28149.05
2020-07-05	28149.05
2020-07-06	28511.53
2020-07-07	28285.63
2020-07-08	28524.41
2020-07-09	28545.21
2020-07-10	28779.56
2020-07-11	28779.56
2020-07-12	28779.56
2020-07-13	28582.69
2020-07-14	28587.24
2020-07-15	28688.3
2020-07-16	28589.65
2020-07-17	28637.53
2020-07-18	28637.53
2020-07-19	28637.53
2020-07-20	28904.76
2020-07-21	28853.21
2020-07-22	28772.61
2020-07-23	28585.16
2020-07-24	28439.22
2020-07-25	28439.22
2020-07-26	28439.22
2020-07-27	28488.42
2020-07-28	28413.99
2020-07-29	28633.09
2020-07-30	28657.71
2020-07-31	28630.62
2020-08-01	28630.62
2020-08-02	28630.62
2020-08-03	28975.26
2020-08-04	29043.36
2020-08-05	29027.36
2020-08-06	29191.08
2020-08-07	29130.9
2020-08-08	29130.9
2020-08-09	29130.9
2020-08-10	29159.18
2020-08-11	29081.26
2020-08-12	29329.26
2020-08-13	29325.29
2020-08-14	29315.83
2020-08-15	29315.83
2020-08-16	29315.83
2020-08-17	29267.9
2020-08-18	29306.86
2020-08-19	29280.94
2020-08-20	29386.23
2020-08-21	29554.48
2020-08-22	29554.48
2020-08-23	29554.48
2020-08-24	29753.1
2020-08-25	29822.96
2020-08-26	29994.94
2020-08-27	30052.69
2020-08-28	29841.52
2020-08-29	29841.52
2020-08-30	29841.52
2020-08-31	29675.36
2020-09-01	29970.09
2020-09-02	30423.45
2020-09-03	29773.3
2020-09-04	29590.63
2020-09-05	29590.63
2020-09-06	29590.63
2020-09-07	29426.04
2020-09-08	28967.92
2020-09-09	29288.61
2020-09-10	29003.46
2020-09-11	29094.06
2020-09-12	29094.06
2020-09-13	29094.06
2020-09-14	29386.72
2020-09-15	29490.32
2020-09-16	29419.98
2020-09-17	29334.61
2020-09-18	29144.26
2020-09-19	29144.26
2020-09-20	29144.26
2020-09-21	29194.69
2020-09-22	29381.44
2020-09-23	29151.19
2020-09-24	29283.24
2020-09-25	29564.15
2020-09-26	29564.15
2020-09-27	29564.15
2020-09-28	29976.89
2020-09-29	29706.86
2020-09-30	29744.89
2020-10-01	29870.86
2020-10-02	29748.49
2020-10-03	29748.49
2020-10-04	29748.49
2020-10-05	30099.08
2020-10-06	30044.97
2020-10-07	30412.6
2020-10-08	30672.97
2020-10-09	30680.64
2020-10-10	30680.64
2020-10-11	30680.64
2020-10-12	31147.96
2020-10-13	31106.71
2020-10-14	30972.87
2020-10-15	31034.88
2020-10-16	31036.4
2020-10-17	31036.4
2020-10-18	31036.4
2020-10-19	30848.75
2020-10-20	31102.21
2020-10-21	30885.11
2020-10-22	30905.23
2020-10-23	30993.67
2020-10-24	30993.67
2020-10-25	30993.67
2020-10-26	30682.37
2020-10-27	30350.77
2020-10-28	30023.61
2020-10-29	30361.27
2020-10-30	29958.0
2020-10-31	29958.0
2020-11-01	29958.0
2020-11-02	30116.42
2020-11-03	30219.0
2020-11-04	30748.31
2020-11-05	31145.64
2020-11-06	31303.51
2020-11-07	31303.51
2020-11-08	31303.51
2020-11-09	31750.33
2020-11-10	31306.27
2020-11-11	31594.33
2020-11-12	31368.01
2020-11-13	31660.27
2020-11-14	31660.27
2020-11-15	31660.27
2020-11-16	31783.51
2020-11-17	31784.72
2020-11-18	31637.81
2020-11-19	31687.06
2020-11-20	31601.17
2020-11-21	31601.17
2020-11-22	31601.17
2020-11-23	31896.3
2020-11-24	32187.75
2020-11-25	32137.13
2020-11-26	32179.7
2020-11-27	32222.37
2020-11-28	32222.37
2020-11-29	32222.37
2020-11-30	32135.73
2020-12-01	32476.26
2020-12-02	32447.18
2020-12-03	32366.22
2020-12-04	32600.39
2020-12-05	32600.39
2020-12-06	32600.39
2020-12-07	32555.57
2020-12-08	32762.35
2020-12-09	32518.34
2020-12-10	32327.04
2020-12-11	32249.66
2020-12-12	32249.66
2020-12-13	32249.66
2020-12-14	32256.06
2020-12-15	32369.49
2020-12-16	32530.06
2020-12-17	32519.12
2020-12-18	32583.22
2020-12-19	32583.22
2020-12-20	32583.22
2020-12-21	32624.62
2020-12-22	32727.14
2020-12-23	32729.65
2020-12-24	32708.88
2020-12-25	32708.97
2020-12-26	32708.97
2020-12-27	32708.97
2020-12-28	32997.4
2020-12-29	32934.39
2020-12-30	32828.16
2020-12-31	32648.67
2021-01-01	32647.68
2021-01-02	32647.68
2021-01-03	32647.68
2021-01-04	32556.21
2021-01-05	32674.8
2021-01-06	32658.28
2021-01-07	33200.32
2021-01-08	33382.05
2021-01-09	33382.05
2021-01-10	33382.05
2021-01-11	33462.68
2021-01-12	33492.12
2021-01-13	33530.99
2021-01-14	33446.43
2021-01-15	33389.11
2021-01-16	33389.11
2021-01-17	33389.11
2021-01-18	33437.36
2021-01-19	33602.99
2021-01-20	33844.08
2021-01-21	33856.39
2021-01-22	33824.51
2021-01-23	33824.51
2021-01-24	33824.51
2021-01-25	33965.44
2021-01-26	33735.84
2021-01-27	33296.48
2021-01-28	33217.39
2021-01-29	32586.65
2021-01-30	32586.65
2021-01-31	32586.65
2021-02-01	33362.48
2021-02-02	33949.7
2021-02-03	34125.49
2021-02-04	34304.02
2021-02-05	34430.89
2021-02-06	34430.89
2021-02-07	34430.89
2021-02-08	34646.01
2021-02-09	34739.18
2021-02-10	34810.69
2021-02-11	34858.78
2021-02-12	35086.24
2021-02-13	35086.24
2021-02-14	35086.24
2021-02-15	35136.64
2021-02-16	35212.07
2021-02-17	35244.72
2021-02-18	35000.99
2021-02-19	34652.57
2021-02-20	34652.57
2021-02-21	34652.57
2021-02-22	34333.36
2021-02-23	34231.3
2021-02-24	34179.27
2021-02-25	33773.87
2021-02-26	33795.4
2021-02-27	33795.4
2021-02-28	33795.4
2021-03-01	34387.61
2021-03-02	34223.8
2021-03-03	33957.49
2021-03-04	33511.39
2021-03-05	33918.87
2021-03-06	33918.87
2021-03-07	33918.87
2021-03-08	33673.46
2021-03-09	34047.77
2021-03-10	33976.47
2021-03-11	34313.02
2021-03-12	34340.57
2021-03-13	34340.57
2021-03-14	34340.57
2021-03-15	34607.82
2021-03-16	34568.43
2021-03-17	34625.9
2021-03-18	34231.1
2021-03-19	34113.27
2021-03-20	34113.27
2021-03-21	34113.27
2021-03-22	34266.78
2021-03-23	34129.88
2021-03-24	33862.22
2021-03-25	33936.03
2021-03-26	34289.94
2021-03-27	34289.94
2021-03-28	34289.94
2021-03-29	34257.39
2021-03-30	34184.22
2021-03-31	34316.22
2021-04-01	34760.72
2021-04-02	34773.13
2021-04-03	34773.13
2021-04-04	34773.13
2021-04-05	34966.61
2021-04-06	35046.92
2021-04-07	35072.67
2021-04-08	35137.81
2021-04-09	35335.43
2021-04-10	35335.43
2021-04-11	35335.43
2021-04-12	35239.23
2021-04-13	35274.41
2021-04-14	34993.11
2021-04-15	35163.7
2021-04-16	35361.52
2021-04-17	35361.52
2021-04-18	35361.52
2021-04-19	35115.61
2021-04-20	34786.45
2021-04-21	34860.85
2021-04-22	34909.66
2021-04-23	35291.28
2021-04-24	35291.28
2021-04-25	35291.28
2021-04-26	35267.61
2021-04-27	35422.77
2021-04-28	35416.66
2021-04-29	35593.56
2021-04-30	35365.99
2021-05-01	35365.99
2021-05-02	35365.99
2021-05-03	35213.47
2021-05-04	35109.34
2021-05-05	35009.84
2021-05-06	35143.62
2021-05-07	35032.72
2021-05-08	35032.72
2021-05-09	35032.72
2021-05-10	34735.96
2021-05-11	34367.05
2021-05-12	34171.36
2021-05-13	34323.6
2021-05-14	34528.51
2021-05-15	34528.51
2021-05-16	34528.51
2021-05-17	34631.62
2021-05-18	34584.61
2021-05-19	34650.49
2021-05-20	34856.0
2021-05-21	35000.86
2021-05-22	35000.86
2021-05-23	35000.86
2021-05-24	35221.41
2021-05-25	35258.81
2021-05-26	35341.46
2021-05-27	35382.89
2021-05-28	35694.32
2021-05-29	35694.32
2021-05-30	35694.32
2021-05-31	35568.09
2021-06-01	35596.61
2021-06-02	35621.8
2021-06-03	35716.67
2021-06-04	35682.37
2021-06-05	35682.37
2021-06-06	35682.37
2021-06-07	35592.7
2021-06-08	35669.79
2021-06-09	35647.91
2021-06-10	35692.94
2021-06-11	35962.44
2021-06-12	35962.44
2021-06-13	35962.44
2021-06-14	35960.28
2021-06-15	36040.19
2021-06-16	35826.61
2021-06-17	36122.66
2021-06-18	36064.11
2021-06-19	36064.11
2021-06-20	36064.11
2021-06-21	36149.12
2021-06-22	36415.85
2021-06-23	36197.44
2021-06-24	36454.07
2021-06-25	36584.8
2021-06-26	36584.8
2021-06-27	36584.8
2021-06-28	36785.12
2021-06-29	36832.38
2021-06-30	36889.91
2021-07-01	37008.85
2021-07-02	37144.81
2021-07-03	37144.81
2021-07-04	37144.81
2021-07-05	36993.45
2021-07-06	37003.5
2021-07-07	37087.49
2021-07-08	36806.86
2021-07-09	36906.6
2021-07-10	36906.6
2021-07-11	36906.6
2021-07-12	37134.7
2021-07-13	37209.44
2021-07-14	37146.65
2021-07-15	37022.72
2021-07-16	36831.85
2021-07-17	36831.85
2021-07-18	36831.85
2021-07-19	36533.62
2021-07-20	36882.75
2021-07-21	37188.91
2021-07-22	37212.62
2021-07-23	37422.14
2021-07-24	37422.14
2021-07-25	37422.14
2021-07-26	37335.44
2021-07-27	37044.59
2021-07-28	37116.77
2021-07-29	37337.17
2021-07-30	37242.37
2021-07-31	37242.37
2021-08-01	37242.37
2021-08-02	37269.49
2021-08-03	37444.62
2021-08-04	37347.09
2021-08-05	37456.32
2021-08-06	37754.09
2021-08-07	37754.09
2021-08-08	37754.09
2021-08-09	37799.37
2021-08-10	37830.86
2021-08-11	37812.53
2021-08-12	37920.49
2021-08-13	37790.93
2021-08-14	37790.93
2021-08-15	37790.93
2021-08-16	37818.49
2021-08-17	37741.9
2021-08-18	37665.16
2021-08-19	37769.26
2021-08-20	37950.11
2021-08-21	37950.11
2021-08-22	37950.11
2021-08-23	38073.83
2021-08-24	38121.82
2021-08-25	38342.27
2021-08-26	38272.4
2021-08-27	38306.05
2021-08-28	38306.05
2021-08-29	38306.05
2021-08-30	38553.51
2021-08-31	38492.84
2021-09-01	38388.65
2021-09-02	38426.24
2021-09-03	38432.77
2021-09-04	38432.77
2021-09-05	38432.77
2021-09-06	38572.77
2021-09-07	38658.7
2021-09-08	38730.32
2021-09-09	38452.19
2021-09-10	38340.23
2021-09-11	38340.23
2021-09-12	38340.23
2021-09-13	38374.38
2021-09-14	38417.18
2021-09-15	38448.33
2021-09-16	38542.61
2021-09-17	38415.34
2021-09-18	38415.34
2021-09-19	38415.34
2021-09-20	38043.99
2021-09-21	38118.91
2021-09-22	38252.57
2021-09-23	38468.98
2021-09-24	38693.25
2021-09-25	38693.25
2021-09-26	38693.25
2021-09-27	38561.57
2021-09-28	38092.01
2021-09-29	38019.49
2021-09-30	37696.88
2021-10-01	37765.6
2021-10-02	37765.6
2021-10-03	37765.6
2021-10-04	37352.65
2021-10-05	37467.63
2021-10-06	37598.0
2021-10-07	37712.98
2021-10-08	37763.21
2021-10-09	37763.21
2021-10-10	37763.21
2021-10-11	37460.89
2021-10-12	37318.09
2021-10-13	37416.72
2021-10-14	37837.27
2021-10-15	38162.58
2021-10-16	38162.58
2021-10-17	38162.58
2021-10-18	38280.41
2021-10-19	38268.06
2021-10-20	38262.38
2021-10-21	38271.62
2021-10-22	38407.73
2021-10-23	38407.73
2021-10-24	38407.73
2021-10-25	38387.9
2021-10-26	38411.16
2021-10-27	38156.12
2021-10-28	38137.69
2021-10-29	38261.2
2021-10-30	38261.2
2021-10-31	38261.2
2021-11-01	38365.32
2021-11-02	38775.82
2021-11-03	38999.58
2021-11-04	39207.48
2021-11-05	39197.8
2021-11-06	39197.8
2021-11-07	39197.8
2021-11-08	39251.73
2021-11-09	39306.34
2021-11-10	39152.47
2021-11-11	39296.27
2021-11-12	39519.05
2021-11-13	39519.05
2021-11-14	39519.05
2021-11-15	39464.72
2021-11-16	39720.33
2021-11-17	39768.47
2021-11-18	39633.02
2021-11-19	39579.83
2021-11-20	39579.83
2021-11-21	39579.83
2021-11-22	39347.13
2021-11-23	39184.33
2021-11-24	39190.91
2021-11-25	39294.38
2021-11-26	38698.76
2021-11-27	38698.76
2021-11-28	38698.76
2021-11-29	38902.95
2021-11-30	38388.2
2021-12-01	37970.15
2021-12-02	38270.55
2021-12-03	38196.81
2021-12-04	38196.81
2021-12-05	38196.81
2021-12-06	38185.28
2021-12-07	38696.44
2021-12-08	38764.41
2021-12-09	38747.0
2021-12-10	38670.71
2021-12-11	38670.71
2021-12-12	38670.71
2021-12-13	38384.84
2021-12-14	38096.37
2021-12-15	38350.07
2021-12-16	38061.11
2021-12-17	37730.13
2021-12-18	37730.13
2021-12-19	37730.13
2021-12-20	37480.6
2021-12-21	37962.99
2021-12-22	38100.58
2021-12-23	38319.48
2021-12-24	38348.71
2021-12-25	38348.71
2021-12-26	38348.71
2021-12-27	38638.77
2021-12-28	38695.14
2021-12-29	38573.79
2021-12-30	38528.89
2021-12-31	38370.19
2022-01-01	38370.19
2022-01-02	38370.19
2022-01-03	38839.91
2022-01-04	38731.89
2022-01-05	37957.72
2022-01-06	38033.92
2022-01-07	37975.12
2022-01-08	37975.12
2022-01-09	37975.12
2022-01-10	37826.6
2022-01-11	38008.94
2022-01-12	38038.3
2022-01-13	37537.27
2022-01-14	37509.2
2022-01-15	37509.2
2022-01-16	37509.2
2022-01-17	37568.09
2022-01-18	37135.33
2022-01-19	36372.61
2022-01-20	36163.61
2022-01-21	35876.52
2022-01-22	35876.52
2022-01-23	35876.52
2022-01-24	36014.45
2022-01-25	35476.34
2022-01-26	35486.74
2022-01-27	35410.75
2022-01-28	35973.98
2022-01-29	35973.98
2022-01-30	35973.98
2022-01-31	36404.97
2022-02-01	36655.25
2022-02-02	36900.6
2022-02-03	36124.31
2022-02-04	36479.54
2022-02-05	36479.54
2022-02-06	36479.54
2022-02-07	36442.24
2022-02-08	36602.4
2022-02-09	36931.4
2022-02-10	36551.86
2022-02-11	36258.44
2022-02-12	36258.44
2022-02-13	36258.44
2022-02-14	36062.79
2022-02-15	36388.33
2022-02-16	36567.47
2022-02-17	35787.98
2022-02-18	35485.4
2022-02-19	35485.4
2022-02-20	35485.4
2022-02-21	35178.36
2022-02-22	34854.85
2022-02-23	34378.17
2022-02-24	34774.7
2022-02-25	35026.18
2022-02-26	35026.18
2022-02-27	35026.18
2022-02-28	34940.44
2022-03-01	34398.31
2022-03-02	34833.79
2022-03-03	34340.83
2022-03-04	33528.3
2022-03-05	33528.3
2022-03-06	33528.3
2022-03-07	32528.12
2022-03-08	32326.77
2022-03-09	33030.88
2022-03-10	32957.56
2022-03-11	32683.5
2022-03-12	32683.5
2022-03-13	32683.5
2022-03-14	32746.65
2022-03-15	33083.77
2022-03-16	33718.65
2022-03-17	33995.48
2022-03-18	34342.47
2022-03-19	34342.47
2022-03-20	34342.47
2022-03-21	34356.37
2022-03-22	34516.63
2022-03-23	34213.87
2022-03-24	34346.41
2022-03-25	34386.22
2022-03-26	34386.22
2022-03-27	34386.22
2022-03-28	34439.61
2022-03-29	34855.35
2022-03-30	34730.53
2022-03-31	34284.8
2022-04-01	34279.98
2022-04-02	34279.98
2022-04-03	34279.98
2022-04-04	34566.16
2022-04-05	34050.09
2022-04-06	33812.17
2022-04-07	33880.58
2022-04-08	33890.75
2022-04-09	33890.75
2022-04-10	33890.75
2022-04-11	33490.57
2022-04-12	33174.44
2022-04-13	33642.12
2022-04-14	33470.74
2022-04-15	33463.72
2022-04-16	33463.72
2022-04-17	33463.72
2022-04-18	33563.85
2022-04-19	33797.52
2022-04-20	33652.86
2022-04-21	33306.77
2022-04-22	32912.21
2022-04-23	32912.21
2022-04-24	32912.21
2022-04-25	33150.85
2022-04-26	32461.67
2022-04-27	32518.32
2022-04-28	33169.27
2022-04-29	32498.04
2022-04-30	32498.04
2022-05-01	32498.04
2022-05-02	32685.67
2022-05-03	32678.26
2022-05-04	33028.26
2022-05-05	32218.55
2022-05-06	31982.63
2022-05-07	31982.63
2022-05-08	31982.63
2022-05-09	31305.25
2022-05-10	31227.85
2022-05-11	30781.3
2022-05-12	30890.75
2022-05-13	31488.25
2022-05-14	31488.25
2022-05-15	31488.25
2022-05-16	31475.52
2022-05-17	31802.6
2022-05-18	31123.89
2022-05-19	30746.92
2022-05-20	31040.82
2022-05-21	31040.82
2022-05-22	31040.82
2022-05-23	31410.37
2022-05-24	31129.04
2022-05-25	31194.13
2022-05-26	31645.74
2022-05-27	32035.03
2022-05-28	32035.03
2022-05-29	32035.03
2022-05-30	32118.36
2022-05-31	32070.37
2022-06-01	31800.48
2022-06-02	31959.45
2022-06-03	31685.25
2022-06-04	31685.25
2022-06-05	31685.25
2022-06-06	31840.87
2022-06-07	31948.46
2022-06-08	31872.05
2022-06-09	31588.1
2022-06-10	30957.15
2022-06-11	30957.15
2022-06-12	30957.15
2022-06-13	30349.7
2022-06-14	30278.13
2022-06-15	30247.76
2022-06-16	29635.59
2022-06-17	29711.0
2022-06-18	29711.0
2022-06-19	29711.0
2022-06-20	29657.83
2022-06-21	30111.79
2022-06-22	30206.68
2022-06-23	30322.71
2022-06-24	31184.83
2022-06-25	31184.83
2022-06-26	31184.83
2022-06-27	31279.89
2022-06-28	30994.42
2022-06-29	30976.98
2022-06-30	30711.0
2022-07-01	31100.39
2022-07-02	31100.39
2022-07-03	31100.39
2022-07-04	30985.59
2022-07-05	31198.46
2022-07-06	31275.11
2022-07-07	31529.62
2022-07-08	31481.78
2022-07-09	31481.78
2022-07-10	31481.78
2022-07-11	31585.32
2022-07-12	31208.18
2022-07-13	31028.16
2022-07-14	31144.64
2022-07-15	31325.34
2022-07-16	31325.34
2022-07-17	31325.34
2022-07-18	31194.62
2022-07-19	31564.27
2022-07-20	31817.22
2022-07-21	32086.82
2022-07-22	31739.41
2022-07-23	31739.41
2022-07-24	31739.41
2022-07-25	31679.6
2022-07-26	31393.95
2022-07-27	32005.57
2022-07-28	32144.74
2022-07-29	32400.78
2022-07-30	32400.78
2022-07-31	32400.78
2022-08-01	32137.7
2022-08-02	32155.75
2022-08-03	32656.12
2022-08-04	32570.3
2022-08-05	32806.69
2022-08-06	32806.69
2022-08-07	32806.69
2022-08-08	32587.79
2022-08-09	32582.88
2022-08-10	32673.18
2022-08-11	32680.73
2022-08-12	33066.46
2022-08-13	33066.46
2022-08-14	33066.46
2022-08-15	33358.42
2022-08-16	33461.68
2022-08-17	33588.54
2022-08-18	33453.69
2022-08-19	33308.6
2022-08-20	33308.6
2022-08-21	33308.6
2022-08-22	32728.89
2022-08-23	32421.88
2022-08-24	32541.17
2022-08-25	32823.91
2022-08-26	32233.92
2022-08-27	32233.92
2022-08-28	32233.92
2022-08-29	32061.84
2022-08-30	31962.93
2022-08-31	31859.73
2022-09-01	31905.08
2022-09-02	31580.43
2022-09-03	31580.43
2022-09-04	31580.43
2022-09-05	31655.89
2022-09-06	31679.56
2022-09-07	31963.63
2022-09-08	32208.92
2022-09-09	32392.01
2022-09-10	32392.01
2022-09-11	32392.01
2022-09-12	32622.56
2022-09-13	32082.75
2022-09-14	31994.91
2022-09-15	31908.04
2022-09-16	31742.43
2022-09-17	31742.43
2022-09-18	31742.43
2022-09-19	31784.73
2022-09-20	31562.86
2022-09-21	31246.71
2022-09-22	31034.26
2022-09-23	30861.32
2022-09-24	30861.32
2022-09-25	30861.32
2022-09-26	30556.19
2022-09-27	30555.78
2022-09-28	30753.61
2022-09-29	30461.3
2022-09-30	30285.51
2022-10-01	30285.51
2022-10-02	30285.51
2022-10-03	30637.71
2022-10-04	31540.25
2022-10-05	31761.58
2022-10-06	31593.29
2022-10-07	31040.87
2022-10-08	31040.87
2022-10-09	31040.87
2022-10-10	31132.25
2022-10-11	30692.91
2022-10-12	30693.61
2022-10-13	31321.09
2022-10-14	30935.09
2022-10-15	30935.09
2022-10-16	30935.09
2022-10-17	31341.8
2022-10-18	31627.71
2022-10-19	31434.66
2022-10-20	30996.2
2022-10-21	31485.1
2022-10-22	31485.1
2022-10-23	31485.1
2022-10-24	31699.53
2022-10-25	31769.19
2022-10-26	31446.31
2022-10-27	31437.23
2022-10-28	32089.06
2022-10-29	32089.06
2022-10-30	32089.06
2022-10-31	31955.93
2022-11-01	32052.44
2022-11-02	31657.93
2022-11-03	31627.22
2022-11-04	31757.11
2022-11-05	31757.11
2022-11-06	31757.11
2022-11-07	31833.71
2022-11-08	31865.32
2022-11-09	31687.38
2022-11-10	32405.59
2022-11-11	32576.32
2022-11-12	32576.32
2022-11-13	32576.32
2022-11-14	32303.92
2022-11-15	32398.88
2022-11-16	32248.63
2022-11-17	32440.34
2022-11-18	32391.66
2022-11-19	32352.3
2022-11-20	32352.3
2022-11-21	32534.86
2022-11-22	32638.81
2022-11-23	32591.5
2022-11-24	32568.66
2022-11-25	32575.87
2022-11-26	32575.87
2022-11-27	32575.87
2022-11-28	32373.1
2022-11-29	32412.09
2022-11-30	33097.19
2022-12-01	32971.85
2022-12-02	32877.21
2022-12-03	32877.21
2022-12-04	32877.21
2022-12-05	32666.69
2022-12-06	32393.99
2022-12-07	32238.25
2022-12-08	32318.18
2022-12-09	32284.09
2022-12-10	32284.09
2022-12-11	32284.09
2022-12-12	32641.86
2022-12-13	32514.05
2022-12-14	32485.38
2022-12-15	32185.35
2022-12-16	32067.64
2022-12-17	32067.64
2022-12-18	32067.64
2022-12-19	31817.2
2022-12-20	31949.68
2022-12-21	32081.95
2022-12-22	31934.91
2022-12-23	31925.74
2022-12-24	31925.74
2022-12-25	31925.74
2022-12-26	31926.23
2022-12-27	31790.45
2022-12-28	31525.19
2022-12-29	31827.66
2022-12-30	31780.16
2022-12-31	31780.16
2023-01-01	31780.16
2023-01-02	31786.74
2023-01-03	31951.06
2023-01-04	31823.16
2023-01-05	31960.73
2023-01-06	32141.49
2023-01-07	32141.49
2023-01-08	32141.49
2023-01-09	31992.09
2023-01-10	32223.4
2023-01-11	32461.03
2023-01-12	32494.18
2023-01-13	32665.14
2023-01-14	32665.14
2023-01-15	32665.14
2023-01-16	32683.69
2023-01-17	32608.66
2023-01-18	32314.6
2023-01-19	32451.57
2023-01-20	32711.53
2023-01-21	32711.53
2023-01-22	32711.53
2023-01-23	32816.76
2023-01-24	32688.61
2023-01-25	32720.23
2023-01-26	32938.7
2023-01-27	32970.01
2023-01-28	32970.01
2023-01-29	32970.01
2023-01-30	32709.78
2023-01-31	32937.85
2023-02-01	33161.74
2023-02-02	33479.0
2023-02-03	33646.84
2023-02-04	33646.84
2023-02-05	33646.84
2023-02-06	33644.17
2023-02-07	33795.61
2023-02-08	33476.59
2023-02-09	33262.83
2023-02-10	33314.47
2023-02-11	33314.47
2023-02-12	33314.47
2023-02-13	33404.47
2023-02-14	33475.21
2023-02-15	33734.04
2023-02-16	33535.17
2023-02-17	33423.82
2023-02-18	33423.82
2023-02-19	33423.82
2023-02-20	33310.76
2023-02-21	32920.89
2023-02-22	33008.41
2023-02-23	33170.88
2023-02-24	33110.89
2023-02-25	33110.89
2023-02-26	33110.89
2023-02-27	33180.71
2023-02-28	33036.57
2023-03-01	32994.97
2023-03-02	33241.05
2023-03-03	33626.06
2023-03-04	33626.06
2023-03-05	33626.06
2023-03-06	33750.99
2023-03-07	33689.04
2023-03-08	33675.85
2023-03-09	33194.85
2023-03-10	32729.65
2023-03-11	32729.65
2023-03-12	32729.65
2023-03-13	32328.77
2023-03-14	32594.56
2023-03-15	32453.89
2023-03-16	32755.37
2023-03-17	32485.96
2023-03-18	32485.96
2023-03-19	32485.96
2023-03-20	32448.99
2023-03-21	32984.15
2023-03-22	32613.67
2023-03-23	32662.42
2023-03-24	32870.18
2023-03-25	32870.18
2023-03-26	32870.18
2023-03-27	32935.49
2023-03-28	32744.2
2023-03-29	33199.77
2023-03-30	33289.15
2023-03-31	33668.38
2023-04-01	33668.38
2023-04-02	33668.38
2023-04-03	33438.29
2023-04-04	33434.72
2023-04-05	33421.28
2023-04-06	33622.61
2023-04-07	33642.16
2023-04-08	33642.16
2023-04-09	33642.16
2023-04-10	33766.83
2023-04-11	33788.57
2023-04-12	33654.87
2023-04-13	33736.85
2023-04-14	33975.93
2023-04-15	33975.93
2023-04-16	33975.93
2023-04-17	34071.43
2023-04-18	34032.99
2023-04-19	34007.88
2023-04-20	33779.13
2023-04-21	33996.9
2023-04-22	33996.9
2023-04-23	33996.9
2023-04-24	34007.74
2023-04-25	33784.63
2023-04-26	33817.75
2023-04-27	34129.56
2023-04-28	34371.7
2023-04-29	34371.7
2023-04-30	34371.7
2023-05-01	34217.31
2023-05-02	33941.47
2023-05-03	33762.39
2023-05-04	33727.98
2023-05-05	34018.06
2023-05-06	34018.06
2023-05-07	34018.06
2023-05-08	33885.05
2023-05-09	33890.26
2023-05-10	33958.18
2023-05-11	34086.79
2023-05-12	34204.76
2023-05-13	34204.76
2023-05-14	34204.76
2023-05-15	34237.96
2023-05-16	34229.94
2023-05-17	34470.05
2023-05-18	34805.21
2023-05-19	34619.25
2023-05-20	34619.25
2023-05-21	34619.25
2023-05-22	34717.41
2023-05-23	34498.47
2023-05-24	34483.46
2023-05-25	34748.25
2023-05-26	35049.76
2023-05-27	35049.76
2023-05-28	35049.76
2023-05-29	34925.07
2023-05-30	34989.47
2023-05-31	34850.66
2023-06-01	34909.94
2023-06-02	35153.19
2023-06-03	35153.19
2023-06-04	35153.19
2023-06-05	35150.61
2023-06-06	35126.81
2023-06-07	34979.74
2023-06-08	34984.24
2023-06-09	34935.17
2023-06-10	34935.17
2023-06-11	34935.17
2023-06-12	35173.84
2023-06-13	35302.9
2023-06-14	35275.81
2023-06-15	35380.15
2023-06-16	35343.83
2023-06-17	35343.83
2023-06-18	35343.83
2023-06-19	35292.95
2023-06-20	35388.09
2023-06-21	35214.71
2023-06-22	35294.03
2023-06-23	35254.47
2023-06-24	35254.47
2023-06-25	35254.47
2023-06-26	35119.03
2023-06-27	35299.5
2023-06-28	35642.02
2023-06-29	35590.58
2023-06-30	35758.36
2023-07-01	35758.36
2023-07-02	35758.36
2023-07-03	35762.29
2023-07-04	35675.23
2023-07-05	35635.84
2023-07-06	35482.78
2023-07-07	35147.97
2023-07-08	35147.97
2023-07-09	35147.97
2023-07-10	35287.92
2023-07-11	35562.04
2023-07-12	35432.13
2023-07-13	35437.84
2023-07-14	35577.43
2023-07-15	35577.43
2023-07-16	35577.43
2023-07-17	35787.65
2023-07-18	35905.36
2023-07-19	36140.61
2023-07-20	35817.06
2023-07-21	35961.13
2023-07-22	35961.13
2023-07-23	35961.13
2023-07-24	35975.32
2023-07-25	35971.34
2023-07-26	36022.93
2023-07-27	36078.71
2023-07-28	36493.77
2023-07-29	36493.77
2023-07-30	36493.77
2023-07-31	36384.54
2023-08-01	36690.91
2023-08-02	36365.23
2023-08-03	36290.08
2023-08-04	36005.3
2023-08-05	36005.3
2023-08-06	36005.3
2023-08-07	36270.09
2023-08-08	36266.02
2023-08-09	36096.5
2023-08-10	36104.55
2023-08-11	36070.82
2023-08-12	36070.82
2023-08-13	36070.82
2023-08-14	36274.75
2023-08-15	35955.53
2023-08-16	35832.95
2023-08-17	35677.89
2023-08-18	35596.01
2023-08-19	35596.01
2023-08-20	35596.01
2023-08-21	35847.54
2023-08-22	35698.18
2023-08-23	35924.53
2023-08-24	35716.0
2023-08-25	35915.23
2023-08-26	35915.23
2023-08-27	35915.23
2023-08-28	36056.06
2023-08-29	36431.95
2023-08-30	36385.73
2023-08-31	36403.14
2023-09-01	36542.57
2023-09-02	36542.57
2023-09-03	36542.57
2023-09-04	36664.18
2023-09-05	36830.15
2023-09-06	36578.59
2023-09-07	36416.13
2023-09-08	36388.76
2023-09-09	36388.76
2023-09-10	36388.76
2023-09-11	36390.74
2023-09-12	36288.55
2023-09-13	36311.7
2023-09-14	36447.43
2023-09-15	36221.22
2023-09-16	36221.22
2023-09-17	36221.22
2023-09-18	36158.78
2023-09-19	35945.0
2023-09-20	35619.39
2023-09-21	35344.92
2023-09-22	35182.03
2023-09-23	35182.03
2023-09-24	35182.03
2023-09-25	35376.92
2023-09-26	34966.28
2023-09-27	35107.08
2023-09-28	35159.94
2023-09-29	35043.68
2023-09-30	35043.68
2023-10-01	35043.68
2023-10-02	35278.62
2023-10-03	35010.61
2023-10-04	35072.63
2023-10-05	34954.0
2023-10-06	35297.59
2023-10-07	35297.59
2023-10-08	35297.59
2023-10-09	35345.03
2023-10-10	35498.56
2023-10-11	35636.5
2023-10-12	35813.3
2023-10-13	35656.28
2023-10-14	35656.28
2023-10-15	35656.28
2023-10-16	35709.3
2023-10-17	35642.34
2023-10-18	35352.32
2023-10-19	35144.34
2023-10-20	34790.92
2023-10-21	34790.92
2023-10-22	34790.92
2023-10-23	34763.81
2023-10-24	34773.23
2023-10-25	34633.97
2023-10-26	34212.96
2023-10-27	34189.7
2023-10-28	34189.7
2023-10-29	34189.7
2023-10-30	34343.55
2023-10-31	34575.35
2023-11-01	34810.02
2023-11-02	35175.82
2023-11-03	35154.84
2023-11-04	35154.84
2023-11-05	35154.84
2023-11-06	35361.51
2023-11-07	35635.24
2023-11-08	35610.94
2023-11-09	35525.08
2023-11-10	35952.31
2023-11-11	35952.31
2023-11-12	35952.31
2023-11-13	35882.62
2023-11-14	36044.08
2023-11-15	36133.6
2023-11-16	36228.04
2023-11-17	36222.88
2023-11-18	36222.88
2023-11-19	36222.88
2023-11-20	36329.64
2023-11-21	36252.54
2023-11-22	36417.13
2023-11-23	36387.65
2023-11-24	36320.9
2023-11-25	36320.9
2023-11-26	36320.9
2023-11-27	36214.88
2023-11-28	36137.94
2023-11-29	36197.31
2023-11-30	36281.59
2023-12-01	36403.65
2023-12-02	36403.65
2023-12-03	36403.65
2023-12-04	36377.35
2023-12-05	36561.32
2023-12-06	36461.04
2023-12-07	36558.28
2023-12-08	36653.26
2023-12-09	36653.26
2023-12-10	36653.26
2023-12-11	36830.36
2023-12-12	37004.51
2023-12-13	37192.81
2023-12-14	37065.39
2023-12-15	37080.52
2023-12-16	37080.52
2023-12-17	37080.52
2023-12-18	37192.08
2023-12-19	37114.04
2023-12-20	36844.55
2023-12-21	36924.36
2023-12-22	36930.7
2023-12-23	36930.7
2023-12-24	36930.7
2023-12-25	36935.12
2023-12-26	37032.17
2023-12-27	37039.9
2023-12-28	37078.32
2023-12-29	37146.79
2023-12-30	37146.79
2023-12-31	37146.79
2024-01-01	37147.41
2024-01-02	37003.65
2024-01-03	36909.06
2024-01-04	36859.01
2024-01-05	36801.76
2024-01-06	36801.76
2024-01-07	36801.76
2024-01-08	37254.39
2024-01-09	37307.15
2024-01-10	37513.31
2024-01-11	37628.7
2024-01-12	37570.13
2024-01-13	37570.13
2024-01-14	37570.13
2024-01-15	37663.22
2024-01-16	37654.52
2024-01-17	37705.64
2024-01-18	37833.33
2024-01-19	38083.88
2024-01-20	38083.88
2024-01-21	38083.88
2024-01-22	38119.6
2024-01-23	38288.41
2024-01-24	38305.68
2024-01-25	38463.88
2024-01-26	38384.11
2024-01-27	38384.11
2024-01-28	38384.11
2024-01-29	38653.79
2024-01-30	38733.98
2024-01-31	38223.6
2024-02-01	38654.78
2024-02-02	39070.52
2024-02-03	39070.52
2024-02-04	39070.52
2024-02-05	39132.78
2024-02-06	39120.37
2024-02-07	39230.1
2024-02-08	39462.76
2024-02-09	39577.72
2024-02-10	39577.72
2024-02-11	39577.72
2024-02-12	39561.57
2024-02-13	39492.87
2024-02-14	39557.91
2024-02-15	39694.26
2024-02-16	39675.19
2024-02-17	39675.19
2024-02-18	39675.19
2024-02-19	39677.5
2024-02-20	39404.32
2024-02-21	39399.02
2024-02-22	40125.39
2024-02-23	40001.4
2024-02-24	40001.4
2024-02-25	40001.4
2024-02-26	40069.73
2024-02-27	40137.31
2024-02-28	40291.6
2024-02-29	40378.23
2024-03-01	40592.01
2024-03-02	40592.01
2024-03-03	40592.01
2024-03-04	40697.64
2024-03-05	40453.8
2024-03-06	40465.93
2024-03-07	40676.47
2024-03-08	40466.67
2024-03-09	40466.67
2024-03-10	40466.67
2024-03-11	40444.52
2024-03-12	40812.61
2024-03-13	40635.73
2024-03-14	40723.44
2024-03-15	40462.31
2024-03-16	40462.31
2024-03-17	40462.31
2024-03-18	40726.69
2024-03-19	40939.82
2024-03-20	41164.38
2024-03-21	41292.0
2024-03-22	41427.91
2024-03-23	41427.91
2024-03-24	41427.91
2024-03-25	41231.92
2024-03-26	41211.87
2024-03-27	41461.77
2024-03-28	41418.15
2024-03-29	41448.32
2024-03-30	41448.32
2024-03-31	41448.32
2024-04-01	41482.92
2024-04-02	41236.85
2024-04-03	41103.02
2024-04-04	40618.35
2024-04-05	40906.44
2024-04-06	40906.44
2024-04-07	40906.44
2024-04-08	40921.71
2024-04-09	40880.32
2024-04-10	40974.73
2024-04-11	41186.49
2024-04-12	40962.74
2024-04-13	40962.74
2024-04-14	40962.74
2024-04-15	40613.62
2024-04-16	40562.82
2024-04-17	40291.85
2024-04-18	40229.26
2024-04-19	39772.05
2024-04-20	39772.05
2024-04-21	39772.05
2024-04-22	40020.3
2024-04-23	40304.1
2024-04-24	40380.6
2024-04-25	40165.44
2024-04-26	40387.71
2024-04-27	40387.71
2024-04-28	40387.71
2024-04-29	40348.44
2024-04-30	40208.73
2024-05-01	40106.04
2024-05-02	40200.7
2024-05-03	40397.19
2024-05-04	40397.19
2024-05-05	40397.19
2024-05-06	40614.8
2024-05-07	40779.51
2024-05-08	40889.69
2024-05-09	40849.89
2024-05-10	41002.87
2024-05-11	41002.87
2024-05-12	41002.87
2024-05-13	40935.76
2024-05-14	41048.0
2024-05-15	41305.04
2024-05-16	41290.11
2024-05-17	41227.37
2024-05-18	41227.37
2024-05-19	41227.37
2024-05-20	41379.94
2024-05-21	41419.37
2024-05-22	41416.8
2024-05-23	41317.54
2024-05-24	41388.69
2024-05-25	41388.69
2024-05-26	41388.69
2024-05-27	41368.3
2024-05-28	41356.32
2024-05-29	41159.64
2024-05-30	40848.3
2024-05-31	41036.63
2024-06-01	41036.63
2024-06-02	41036.63
2024-06-03	41139.4
2024-06-04	41207.24
2024-06-05	41590.36
2024-06-06	41597.5
2024-06-07	41721.13
2024-06-08	41721.13
2024-06-09	41721.13
2024-06-10	41749.71
2024-06-11	41766.04
2024-06-12	41779.92
2024-06-13	41913.23
2024-06-14	41947.73
2024-06-15	41947.73
2024-06-16	41947.73
2024-06-17	42133.02
2024-06-18	42072.57
2024-06-19	42001.31
2024-06-20	41935.71
2024-06-21	41975.31
2024-06-22	41975.31
2024-06-23	41975.31
2024-06-24	41875.28
2024-06-25	42147.3
2024-06-26	42154.17
2024-06-27	42082.33
2024-06-28	41933.35
2024-06-29	41933.35
2024-06-30	41933.35
2024-07-01	42187.4
2024-07-02	42243.25
2024-07-03	42280.73
2024-07-04	42342.29
2024-07-05	42391.83
2024-07-06	42391.83
2024-07-07	42391.83
2024-07-08	42404.92
2024-07-09	42450.54
2024-07-10	42776.58
2024-07-11	42478.33
2024-07-12	42706.51
2024-07-13	42706.51
2024-07-14	42706.51
2024-07-15	42780.61
2024-07-16	43065.05
2024-07-17	42594.87
2024-07-18	42186.7
2024-07-19	42004.94
2024-07-20	42004.94
2024-07-21	42004.94
2024-07-22	42534.83
2024-07-23	42602.41
2024-07-24	41945.41
2024-07-25	41847.99
2024-07-26	42155.73
2024-07-27	42155.73
2024-07-28	42155.73
2024-07-29	42285.92
2024-07-30	42042.58
2024-07-31	42788.66
2024-08-01	42178.51
2024-08-02	41435.82
2024-08-03	41435.82
2024-08-04	41435.82
2024-08-05	40238.85
2024-08-06	40603.22
2024-08-07	40382.7
2024-08-08	40872.87
2024-08-09	41118.97
2024-08-10	41118.97
2024-08-11	41118.97
2024-08-12	41107.52
2024-08-13	41704.23
2024-08-14	41844.84
2024-08-15	42276.76
2024-08-16	42481.88
2024-08-17	42481.88
2024-08-18	42481.88
2024-08-19	42516.64
2024-08-20	42362.11
2024-08-21	42520.74
2024-08-22	42352.1
2024-08-23	42551.46
2024-08-24	42551.46
2024-08-25	42551.46
2024-08-26	42398.42
2024-08-27	42484.63
2024-08-28	42266.41
2024-08-29	42236.66
2024-08-30	42517.04
2024-08-31	42517.04
2024-09-01	42517.04
2024-09-02	42474.71
2024-09-03	42067.35
2024-09-04	41754.78
2024-09-05	41698.12
2024-09-06	41232.31
2024-09-07	41232.31
2024-09-08	41232.31
2024-09-09	41719.45
2024-09-10	41802.64
2024-09-11	42147.54
2024-09-12	42268.52
2024-09-13	42368.03
2024-09-14	42368.03
2024-09-15	42368.03
2024-09-16	42334.82
2024-09-17	42240.81
2024-09-18	42116.44
2024-09-19	42680.0
2024-09-20	42577.63
2024-09-21	42577.63
2024-09-22	42577.63
2024-09-23	42475.71
2024-09-24	42585.98
2024-09-25	42583.3
2024-09-26	42831.45
2024-09-27	42747.48
2024-09-28	42747.48
2024-09-29	42747.48
2024-09-30	42582.1
2024-10-01	42524.13
2024-10-02	42591.5
2024-10-03	42658.26
2024-10-04	43019.6
2024-10-05	43019.6
2024-10-06	43019.6
2024-10-07	43072.51
2024-10-08	43323.9
2024-10-09	43600.16
2024-10-10	43494.45
2024-10-11	43576.77
2024-10-12	43576.77
2024-10-13	43576.77
2024-10-14	43944.18
2024-10-15	43655.28
2024-10-16	43886.65
2024-10-17	43772.1
2024-10-18	43873.08
2024-10-19	43873.08
2024-10-20	43873.08
2024-10-21	43937.6
2024-10-22	43787.63
2024-10-23	43584.65
2024-10-24	43653.65
2024-10-25	43618.16
2024-10-26	43618.16
2024-10-27	43618.16
2024-10-28	43925.27
2024-10-29	44204.04
2024-10-30	43911.67
2024-10-31	43407.67
2024-11-01	43430.74
2024-11-02	43430.74
2024-11-03	43430.74
2024-11-04	43317.1
2024-11-05	43565.74
2024-11-06	44411.07
2024-11-07	44403.88
2024-11-08	44634.72
2024-11-09	44634.72
2024-11-10	44634.72
2024-11-11	44817.51
2024-11-12	44732.41
2024-11-13	44808.61
2024-11-14	44731.42
2024-11-15	44339.39
2024-11-16	44339.39
2024-11-17	44339.39
2024-11-18	44262.97
2024-11-19	44287.63
2024-11-20	44312.09
2024-11-21	44457.49
2024-11-22	44674.28
2024-11-23	44674.28
2024-11-24	44674.28
2024-11-25	44869.47
2024-11-26	45142.26
2024-11-27	44953.45
2024-11-28	44961.67
2024-11-29	45137.61
2024-11-30	45137.61
2024-12-01	45137.61
2024-12-02	45588.53
2024-12-03	45748.32
2024-12-04	45913.49
2024-12-05	46032.34
2024-12-06	46258.35
2024-12-07	46258.35
2024-12-08	46258.35
2024-12-09	45736.82
2024-12-10	45938.41
2024-12-11	46258.76
2024-12-12	46155.39
2024-12-13	46079.86
2024-12-14	46079.86
2024-12-15	46079.86
2024-12-16	46147.91
2024-12-17	46078.04
2024-12-18	45499.29
2024-12-19	45192.33
2024-12-20	45532.3
2024-12-21	45532.3
2024-12-22	45532.3
2024-12-23	45922.93
2024-12-24	46210.51
2024-12-25	46221.59
2024-12-26	46299.6
2024-12-27	46077.07
2024-12-28	46077.07
2024-12-29	46077.07
2024-12-30	45692.45
2024-12-31	45680.48
2025-01-01	45682.14
2025-01-02	45568.63
2025-01-03	46007.13
2025-01-04	46007.13
2025-01-05	46007.13
2025-01-06	46073.73
2025-01-07	45700.98
2025-01-08	45849.02
2025-01-09	45883.28
2025-01-10	45503.03
2025-01-11	45503.03
2025-01-12	45503.03
2025-01-13	45422.52
2025-01-14	45273.8
2025-01-15	45739.83
2025-01-16	45786.56
2025-01-17	46268.93
2025-01-18	46268.93
2025-01-19	46268.93
2025-01-20	46132.95
2025-01-21	46346.85
2025-01-22	46688.93
2025-01-23	46798.09
2025-01-24	46542.88
2025-01-25	46542.88
2025-01-26	46542.88
2025-01-27	46126.49
2025-01-28	46693.53
2025-01-29	46742.09
2025-01-30	46967.35
2025-01-31	46793.27
2025-02-01	46793.27
2025-02-02	46793.27
2025-02-03	46471.31
2025-02-04	46639.81
2025-02-05	46714.57
2025-02-06	46911.1
2025-02-07	46603.11
2025-02-08	46603.11
2025-02-09	46603.11
2025-02-10	46832.02
2025-02-11	46725.43
2025-02-12	46728.9
2025-02-13	47126.78
2025-02-14	46815.62
2025-02-15	46815.62
2025-02-16	46815.62
2025-02-17	46883.48
2025-02-18	47100.75
2025-02-19	47060.77
2025-02-20	46674.9
2025-02-21	46241.84
2025-02-22	46241.84
2025-02-23	46241.84
2025-02-24	46060.48
2025-02-25	45870.46
2025-02-26	46090.56
2025-02-27	45734.47
2025-02-28	46258.46
2025-03-01	46258.46
2025-03-02	46258.46
2025-03-03	45630.75
2025-03-04	45425.48
2025-03-05	45445.21
2025-03-06	44793.25
2025-03-07	45004.42
2025-03-08	45004.42
2025-03-09	45004.42
2025-03-10	44046.42
2025-03-11	43805.77
2025-03-12	44103.12
2025-03-13	43719.94
2025-03-14	44309.1
2025-03-15	44309.1
2025-03-16	44309.1
2025-03-17	44386.48
2025-03-18	44305.27
2025-03-19	44720.21
2025-03-20	44817.73
2025-03-21	44930.3
2025-03-22	44930.3
2025-03-23	44930.3
2025-03-24	45285.27
2025-03-25	45316.05
2025-03-26	44836.12
2025-03-27	44695.68
2025-03-28	44110.4
2025-03-29	44110.4
2025-03-30	44110.4
2025-03-31	44268.4
2025-04-01	44277.68
2025-04-02	44277.28
2025-04-03	42575.82
2025-04-04	41770.57
2025-04-05	41770.57
2025-04-06	41770.57
2025-04-07	41146.65
2025-04-08	40881.77
2025-04-09	43188.45
2025-04-10	41703.75
2025-04-11	42215.5
2025-04-12	42215.5
2025-04-13	42215.5
2025-04-14	42208.26
2025-04-15	42182.24
2025-04-16	41525.68
2025-04-17	41717.66
2025-04-18	41753.23
2025-04-19	41753.23
2025-04-20	41753.23
2025-04-21	41016.71
2025-04-22	41861.5
2025-04-23	42489.26
2025-04-24	43112.81
2025-04-25	43434.52
2025-04-26	43434.52
2025-04-27	43434.52
2025-04-28	43355.35
2025-04-29	43685.08
2025-04-30	43746.28
2025-05-01	43942.38
2025-05-02	44184.14
2025-05-03	44184.14
2025-05-04	44184.14
2025-05-05	43979.99
2025-05-06	43822.9
2025-05-07	43985.6
2025-05-08	44391.47
2025-05-09	44423.82
2025-05-10	44423.82
2025-05-11	44423.82
2025-05-12	45538.46
2025-05-13	45450.6
2025-05-14	45551.97
2025-05-15	45899.52
2025-05-16	46112.13
2025-05-17	46112.13
2025-05-18	46112.13
2025-05-19	45939.35
2025-05-20	46144.47
2025-05-21	45529.85
2025-05-22	45606.08
2025-05-23	45144.15
2025-05-24	45144.15
2025-05-25	45144.15
2025-05-26	45164.7
2025-05-27	45961.1
2025-05-28	45805.25
2025-05-29	45903.5
2025-05-30	45894.98
2025-05-31	45894.98
2025-06-01	45894.98
2025-06-02	45745.71
2025-06-03	46051.17
2025-06-04	46047.25
2025-06-05	45859.74
2025-06-06	46341.4
2025-06-07	46341.4
2025-06-08	46341.4
2025-06-09	46266.77
2025-06-10	46411.81
2025-06-11	46317.33
2025-06-12	46432.33
2025-06-13	46040.18
2025-06-14	46040.18
2025-06-15	46040.18
2025-06-16	46205.52
2025-06-17	46085.99
2025-06-18	46055.93
2025-06-19	46138.26
2025-06-20	46061.68
2025-06-21	46061.68
2025-06-22	46061.68
2025-06-23	46641.51
2025-06-24	46894.09
2025-06-25	47019.56
2025-06-26	47064.71
2025-06-27	47407.76
2025-06-28	47407.76
2025-06-29	47407.76
2025-06-30	47436.41
2025-07-01	47259.23
2025-07-02	47504.7
2025-07-03	47698.8
2025-07-04	47706.45
2025-07-05	47706.45
2025-07-06	47706.45
2025-07-07	47620.82
2025-07-08	47648.28
2025-07-09	47852.1
2025-07-10	47806.44
2025-07-11	47540.23
2025-07-12	47540.23
2025-07-13	47540.23
2025-07-14	47605.29
2025-07-15	47755.77
2025-07-16	47816.51
2025-07-17	48261.51
2025-07-18	48055.02
2025-07-19	48055.02
2025-07-20	48055.02
2025-07-21	48090.17
2025-07-22	47914.5
2025-07-23	48175.22
2025-07-24	48150.62
2025-07-25	48325.24
2025-07-26	48325.24
2025-07-27	48325.24
2025-07-28	48453.18
2025-07-29	48374.45
2025-07-30	48607.53
2025-07-31	48532.33
2025-08-01	47856.9
2025-08-02	47856.9
2025-08-03	47856.9
2025-08-04	48350.6
2025-08-05	48319.83
2025-08-06	48420.7
2025-08-07	48537.66
2025-08-08	48658.49
2025-08-09	48658.49
2025-08-10	48658.49
2025-08-11	48529.32
2025-08-12	48912.86
2025-08-13	49023.68
2025-08-14	49277.34
2025-08-15	49176.61
2025-08-16	49176.61
2025-08-17	49176.61
2025-08-18	49351.6
2025-08-19	49279.04
2025-08-20	49314.98
2025-08-21	49154.67
2025-08-22	49458.28
2025-08-23	49458.28
2025-08-24	49458.28
2025-08-25	49342.74
2025-08-26	49397.3
2025-08-27	49474.9
2025-08-28	49444.7
2025-08-29	49045.43
2025-08-30	49045.43
2025-08-31	49045.43
2025-09-01	49010.77
2025-09-02	48847.48
2025-09-03	48908.19
2025-09-04	49344.32
2025-09-05	49129.46
2025-09-06	49129.46
2025-09-07	49129.46
2025-09-08	49195.36
2025-09-09	49269.4
2025-09-10	49286.83
2025-09-11	49396.6
2025-09-12	49476.79
2025-09-13	49476.79
2025-09-14	49476.79
2025-09-15	49573.35
2025-09-16	49441.24
2025-09-17	49408.16
2025-09-18	49931.81
2025-09-19	50225.19
2025-09-20	50225.19
2025-09-21	50225.19
2025-09-22	50430.62
2025-09-23	50165.85
2025-09-24	50067.44
2025-09-25	50079.26
2025-09-26	50264.8
2025-09-27	50264.8
2025-09-28	50264.8
2025-09-29	50222.52
2025-09-30	50245.78
2025-10-01	50465.06
2025-10-02	50697.54
2025-10-03	50759.57
2025-10-04	50759.57
2025-10-05	50759.57
2025-10-06	50838.75
2025-10-07	50763.81
2025-10-08	51022.71
2025-10-09	51101.18
2025-10-10	50148.46
2025-10-11	50148.46
2025-10-12	50148.46
2025-10-13	50811.37
2025-10-14	50611.39
2025-10-15	50882.19
2025-10-16	50942.6
2025-10-17	51030.43
2025-10-18	51030.43
2025-10-19	51030.43
2025-10-20	51566.28
2025-10-21	51600.14
2025-10-22	51414.73
2025-10-23	51454.79
2025-10-24	51893.51
2025-10-25	51893.51
2025-10-26	51893.51
2025-10-27	52205.47
2025-10-28	52139.72
2025-10-29	52025.9
2025-10-30	51906.23
2025-10-31	52016.06
2025-11-01	52016.06
2025-11-02	52016.06
2025-11-03	52184.81
2025-11-04	51836.39
2025-11-05	51803.97
2025-11-06	51685.44
2025-11-07	51624.82
2025-11-08	51624.82
2025-11-09	51624.82
2025-11-10	52058.83
2025-11-11	52194.93
2025-11-12	52279.45
2025-11-13	51645.4
2025-11-14	51453.34
2025-11-15	51453.34
2025-11-16	51453.34
2025-11-17	51273.94
2025-11-18	50835.9
2025-11-19	51105.62
2025-11-20	50640.67
2025-11-21	50856.49
2025-11-22	50856.49
2025-11-23	50856.49
2025-11-24	51357.42
2025-11-25	51789.33
2025-11-26	51988.26
2025-11-27	51824.92
2025-11-28	51926.38
2025-11-29	51926.38
2025-11-30	51926.38
2025-12-01	51757.37
2025-12-02	51770.93
2025-12-03	51718.07
2025-12-04	51759.7
2025-12-05	51672.44
2025-12-06	51672.44
2025-12-07	51672.44
2025-12-08	51779.39
2025-12-09	51561.85
2025-12-10	51801.61
2025-12-11	51730.67
2025-12-12	51529.36
2025-12-13	51529.36
2025-12-14	51529.36
2025-12-15	51423.93
2025-12-16	51272.13
2025-12-17	50969.42
2025-12-18	51270.49
2025-12-19	51662.39
2025-12-20	51662.39
2025-12-21	51662.39
2025-12-22	51736.86
2025-12-23	51771.72
2025-12-24	51759.83
2025-12-25	51768.94
2025-12-26	51765.43
2025-12-27	51765.43
2025-12-28	51765.43
2025-12-29	51780.35
2025-12-30	51726.44
2025-12-31	51662.55
2026-01-01	51665.35
2026-01-02	51811.63
2026-01-03	51811.63
2026-01-04	51811.63
2026-01-05	52103.68
2026-01-06	52281.53
2026-01-07	52232.12
2026-01-08	52177.59
2026-01-09	52571.56
2026-01-10	52571.56
2026-01-11	52571.56
2026-01-12	52495.32
2026-01-13	52630.8
2026-01-14	52560.1
2026-01-15	52590.22
2026-01-16	52784.53
2026-01-17	52784.53
2026-01-18	52784.53
2026-01-19	52466.01
2026-01-20	51609.42
2026-01-21	51662.82
2026-01-22	51795.66
2026-01-23	51607.74
2026-01-24	51607.74
2026-01-25	51607.74
2026-01-26	51568.91
2026-01-27	51751.9
2026-01-28	51564.4
2026-01-29	51500.73
2026-01-30	51210.86
2026-01-31	51210.86
2026-02-01	51210.86
2026-02-02	51508.71
2026-02-03	51167.94
2026-02-04	50978.5
2026-02-05	50710.56
2026-02-06	51180.53
2026-02-07	51180.53
2026-02-08	51180.53
2026-02-09	51275.19
2026-02-10	51307.36
2026-02-11	51178.58
2026-02-12	50696.38
2026-02-13	50808.89
2026-02-14	50808.89
2026-02-15	50808.89
2026-02-16	50793.91
2026-02-17	50997.15
2026-02-18	51189.52
2026-02-19	51146.64
2026-02-20	51271.69
2026-02-21	51271.69
2026-02-22	51271.69
2026-02-23	51109.33
2026-02-24	51421.79
2026-02-25	51612.05
2026-02-26	51488.85
2026-02-27	51210.83
2026-02-28	51210.83
2026-03-01	51210.83
2026-03-02	51241.05
2026-03-03	50761.04
2026-03-04	50391.52
2026-03-05	50616.01
2026-03-06	50176.38
2026-03-07	50176.38
2026-03-08	50176.38
2026-03-09	49918.54
2026-03-10	49801.04
2026-03-11	49721.66
2026-03-12	49390.2
2026-03-13	49302.53
2026-03-14	49302.53
2026-03-15	49302.53
2026-03-16	49523.72
2026-03-17	49476.43
2026-03-18	49330.42
2026-03-19	49087.48
2026-03-20	48474.01
2026-03-21	48474.01
2026-03-22	48474.01
2026-03-23	48799.61
2026-03-24	48913.81
2026-03-25	49435.37
2026-03-26	48904.07
2026-03-27	48384.75
2026-03-28	48384.75
2026-03-29	48384.75
2026-03-30	48270.84
2026-03-31	49116.93
2026-04-01	49628.67
2026-04-02	49505.17
2026-04-03	49564.74
2026-04-04	49564.74
2026-04-05	49564.74
2026-04-06	49677.86
2026-04-07	49661.52
2026-04-08	50651.76
2026-04-09	50653.33
2026-04-10	50694.1
2026-04-11	50694.1
2026-04-12	50694.1
2026-04-13	51002.67
2026-04-14	51287.71
2026-04-15	51517.32
2026-04-16	51598.15
2026-04-17	51863.45
2026-04-18	51863.45
2026-04-19	51863.45
2026-04-20	51986.29
2026-04-21	51615.26
2026-04-22	51863.87
2026-04-23	51681.87
2026-04-24	52067.35
2026-04-25	52067.35
2026-04-26	52067.35
2026-04-27	51989.45
2026-04-28	51838.89
2026-04-29	51913.89
2026-04-30	52029.57
2026-05-01	52107.88
2026-05-02	52107.88
2026-05-03	52107.88
2026-05-04	52136.82
2026-05-05	52449.88
2026-05-06	53063.28
2026-05-07	52948.61
2026-05-08	53108.19
2026-05-09	53108.19
2026-05-10	53108.19
2026-05-11	53157.15
2026-05-12	53040.93
2026-05-13	53237.93
2026-05-14	53722.52
2026-05-15	53380.58
2026-05-16	53380.58
2026-05-17	53380.58
2026-05-18	53318.62
2026-05-19	53400.02
2026-05-20	53542.6
2026-05-21	53857.2
2026-05-22	54180.83
2026-05-23	54180.83
2026-05-24	54180.83
2026-05-25	54176.98
2026-05-26	54346.28
2026-05-27	54589.42
2026-05-28	54597.18
2026-05-29	54654.54
2026-05-30	54654.54
2026-05-31	54654.54
2026-06-01	54977.73
2026-06-02	54986.79
2026-06-03	54846.55
2026-06-04	55012.58
2026-06-05	54208.61
2026-06-06	54208.61
2026-06-07	54208.61
2026-06-08	54099.94
2026-06-09	54257.09
2026-06-10	53608.25
2026-06-11	54372.21
2026-06-12	54614.69
2026-06-13	54614.69
2026-06-14	54614.69
2026-06-15	55254.54
2026-06-16	55216.75
2026-06-17	55018.42
2026-06-18	55479.32
2026-06-19	55587.92
2026-06-20	55587.92
2026-06-21	55587.92
2026-06-22	55628.94
2026-06-23	55094.35
2026-06-24	55240.2
2026-06-25	55524.28
2026-06-26	55240.81
2026-06-27	55240.81
2026-06-28	55240.81
2026-06-29	55794.78
2026-06-30	55953.44
2026-07-01	55970.14
2026-07-02	55860.21
2026-07-03	56031.38
2026-07-04	56031.38
2026-07-05	56031.38
2026-07-06	56212.08
2026-07-07	55779.81
2026-07-08	55586.7
2026-07-09	55875.95
2026-07-10	56039.92
2026-07-11	56039.92
2026-07-12	56039.92
2026-07-13	55665.99
2026-07-14	55678.25
2026-07-15	55732.23
2026-07-16	55414.17
2026-07-17	54824.04
2026-07-18	54824.04
2026-07-19	54824.04
2026-07-20	54695.31
2026-07-21	55185.28
2026-07-22	55202.48
2026-07-23	54957.55
2026-07-24	54787.37
2026-07-25	54787.37
2026-07-26	54787.37
2026-07-27	54810.76
2026-07-28	54648.35
2026-07-29	54330.8
2026-07-30	54571.52
2026-07-31	55096.65
2026-08-01	55096.65
2026-08-02	55096.65
2026-08-03	55772.6
2026-08-04	56183.79
2026-08-05	56209.65
2026-08-06	56238.39
2026-08-07	56334.89
2026-08-08	56334.89
2026-08-09	56334.89
2026-08-10	56368.26
2026-08-11	56255.28
2026-08-12	56443.14
2026-08-13	56745.58
2026-08-14	56615.98
2026-08-15	56615.98
2026-08-16	56615.98
2026-08-17	56334.38
2026-08-18	56031.75
2026-08-19	55813.2
2026-08-20	55605.47
2026-08-21	55553.43
2026-08-22	55553.43
2026-08-23	55553.43
2026-08-24	55473.18
2026-08-25	55678.59
2026-08-26	55635.63
2026-08-27	55746.04
2026-08-28	55700.13
2026-08-29	55700.13
2026-08-30	55700.13
2026-08-31	55627.24
2026-09-01	55397.13
2026-09-02	55320.07
2026-09-03	55680.19
2026-09-04	55582.37
2026-09-05	55582.37
2026-09-06	55582.37
2026-09-07	55655.45
2026-09-08	55360.34
2026-09-09	55041.9
2026-09-10	55062.03
2026-09-11	55311.08
2026-09-12	55311.08
2026-09-13	55311.08
2026-09-14	55234.93
2026-09-15	54919.19
2026-09-16	54894.54
