date	value
2008-06-30	10000.0
2008-07-01	9728.54
2008-07-02	9724.9
2008-07-03	9825.22
2008-07-04	10018.47
2008-07-05	10018.47
2008-07-06	10018.47
2008-07-07	9871.88
2008-07-08	9416.09
2008-07-09	9440.37
2008-07-10	9168.84
2008-07-11	8987.9
2008-07-12	8987.9
2008-07-13	8987.9
2008-07-14	8732.68
2008-07-15	8504.08
2008-07-16	8533.2
2008-07-17	8954.07
2008-07-18	9038.99
2008-07-19	9038.99
2008-07-20	9038.99
2008-07-21	9434.58
2008-07-22	9419.38
2008-07-23	9909.97
2008-07-24	10274.71
2008-07-25	9679.17
2008-07-26	9679.17
2008-07-27	9679.17
2008-07-28	9582.31
2008-07-29	9322.85
2008-07-30	9645.98
2008-07-31	9522.94
2008-08-01	9563.39
2008-08-02	9563.39
2008-08-03	9563.39
2008-08-04	9374.48
2008-08-05	9460.82
2008-08-06	9828.2
2008-08-07	9924.13
2008-08-08	9843.02
2008-08-09	9843.02
2008-08-10	9843.02
2008-08-11	10183.29
2008-08-12	10420.23
2008-08-13	9939.93
2008-08-14	9651.92
2008-08-15	9840.09
2008-08-16	9840.09
2008-08-17	9840.09
2008-08-18	9864.6
2008-08-19	9530.51
2008-08-20	9538.89
2008-08-21	9533.93
2008-08-22	9556.91
2008-08-23	9556.91
2008-08-24	9556.91
2008-08-25	9876.97
2008-08-26	9827.15
2008-08-27	9752.8
2008-08-28	10000.35
2008-08-29	10173.58
2008-08-30	10173.58
2008-08-31	10173.58
2008-09-01	10238.55
2008-09-02	10479.55
2008-09-03	10539.52
2008-09-04	10378.92
2008-09-05	10224.9
2008-09-06	10224.9
2008-09-07	10224.9
2008-09-08	10684.52
2008-09-09	10488.0
2008-09-10	10623.1
2008-09-11	10459.75
2008-09-12	10273.04
2008-09-13	10273.04
2008-09-14	10273.04
2008-09-15	9941.7
2008-09-16	9802.68
2008-09-17	9853.6
2008-09-18	9707.79
2008-09-19	10285.21
2008-09-20	10285.21
2008-09-21	10285.21
2008-09-22	10652.61
2008-09-23	10171.29
2008-09-24	10329.05
2008-09-25	10303.92
2008-09-26	10097.41
2008-09-27	10097.41
2008-09-28	10097.41
2008-09-29	10001.23
2008-09-30	9654.59
2008-10-01	9910.12
2008-10-02	10121.11
2008-10-03	9972.14
2008-10-04	9972.14
2008-10-05	9972.14
2008-10-06	9470.11
2008-10-07	9714.07
2008-10-08	9402.66
2008-10-09	8824.84
2008-10-10	8131.54
2008-10-11	8131.54
2008-10-12	8131.54
2008-10-13	8678.85
2008-10-14	8407.67
2008-10-15	8785.77
2008-10-16	8398.49
2008-10-17	8679.94
2008-10-18	8679.94
2008-10-19	8679.94
2008-10-20	8733.85
2008-10-21	8993.15
2008-10-22	8309.28
2008-10-23	7758.04
2008-10-24	7069.05
2008-10-25	7069.05
2008-10-26	7069.05
2008-10-27	7167.36
2008-10-28	7222.37
2008-10-29	6813.18
2008-10-30	7145.26
2008-10-31	7526.03
2008-11-01	7526.03
2008-11-02	7526.03
2008-11-03	7826.22
2008-11-04	7755.28
2008-11-05	8077.42
2008-11-06	7704.66
2008-11-07	7367.11
2008-11-08	7367.11
2008-11-09	7367.11
2008-11-10	7669.01
2008-11-11	7896.47
2008-11-12	8043.75
2008-11-13	7709.73
2008-11-14	7822.6
2008-11-15	7822.6
2008-11-16	7822.6
2008-11-17	7835.34
2008-11-18	7541.54
2008-11-19	7600.23
2008-11-20	7426.66
2008-11-21	7093.52
2008-11-22	7093.52
2008-11-23	7093.52
2008-11-24	7115.64
2008-11-25	7632.3
2008-11-26	7731.54
2008-11-27	7797.59
2008-11-28	8005.11
2008-11-29	8005.11
2008-11-30	8005.11
2008-12-01	7948.29
2008-12-02	7568.14
2008-12-03	7304.04
2008-12-04	7161.49
2008-12-05	7168.59
2008-12-06	7168.59
2008-12-07	7168.59
2008-12-08	7357.26
2008-12-09	7185.05
2008-12-10	7325.23
2008-12-11	7367.68
2008-12-12	7138.28
2008-12-13	7138.28
2008-12-14	7138.28
2008-12-15	7213.71
2008-12-16	7078.84
2008-12-17	7082.23
2008-12-18	7232.5
2008-12-19	7226.65
2008-12-20	7226.65
2008-12-21	7226.65
2008-12-22	7164.07
2008-12-23	7557.44
2008-12-24	7510.94
2008-12-25	7510.94
2008-12-26	7510.94
2008-12-27	7510.94
2008-12-28	7510.94
2008-12-29	7441.7
2008-12-30	7354.2
2008-12-31	7322.02
2009-01-01	7363.1
2009-01-02	7461.97
2009-01-03	7461.97
2009-01-04	7461.97
2009-01-05	7301.57
2009-01-06	7337.4
2009-01-07	7477.61
2009-01-08	7587.91
2009-01-09	7649.4
2009-01-10	7649.4
2009-01-11	7649.4
2009-01-12	7535.26
2009-01-13	7270.89
2009-01-14	7101.1
2009-01-15	6887.23
2009-01-16	6826.44
2009-01-17	6826.44
2009-01-18	6826.44
2009-01-19	6922.6
2009-01-20	6856.24
2009-01-21	6690.08
2009-01-22	7009.22
2009-01-23	6664.02
2009-01-24	6664.02
2009-01-25	6664.02
2009-01-26	6663.99
2009-01-27	6748.58
2009-01-28	6671.36
2009-01-29	6801.32
2009-01-30	6742.81
2009-01-31	6742.81
2009-02-01	6742.81
2009-02-02	7034.21
2009-02-03	6630.71
2009-02-04	6062.85
2009-02-05	5884.23
2009-02-06	6071.45
2009-02-07	6071.45
2009-02-08	6071.45
2009-02-09	6376.5
2009-02-10	6334.54
2009-02-11	6353.91
2009-02-12	6312.68
2009-02-13	6226.43
2009-02-14	6226.43
2009-02-15	6226.43
2009-02-16	6108.25
2009-02-17	5955.95
2009-02-18	5707.9
2009-02-19	5813.93
2009-02-20	5774.81
2009-02-21	5774.81
2009-02-22	5774.81
2009-02-23	5730.99
2009-02-24	5568.9
2009-02-25	5651.46
2009-02-26	5823.37
2009-02-27	5904.58
2009-02-28	5904.58
2009-03-01	5904.58
2009-03-02	5676.42
2009-03-03	5816.12
2009-03-04	5509.2
2009-03-05	5375.96
2009-03-06	5158.01
2009-03-07	5158.01
2009-03-08	5158.01
2009-03-09	5158.01
2009-03-10	5268.58
2009-03-11	5366.64
2009-03-12	5575.01
2009-03-13	5921.69
2009-03-14	5921.69
2009-03-15	5921.69
2009-03-16	5917.26
2009-03-17	6174.31
2009-03-18	6118.92
2009-03-19	6061.2
2009-03-20	5779.81
2009-03-21	5779.81
2009-03-22	5779.81
2009-03-23	5894.05
2009-03-24	5770.14
2009-03-25	6051.43
2009-03-26	6046.07
2009-03-27	6132.75
2009-03-28	6132.75
2009-03-29	6132.75
2009-03-30	5945.66
2009-03-31	5877.0
2009-04-01	5959.94
2009-04-02	6129.62
2009-04-03	6207.78
2009-04-04	6207.78
2009-04-05	6207.78
2009-04-06	6068.39
2009-04-07	5936.83
2009-04-08	5891.57
2009-04-09	6123.4
2009-04-10	6123.4
2009-04-11	6123.4
2009-04-12	6123.4
2009-04-13	6123.4
2009-04-14	6297.31
2009-04-15	6160.0
2009-04-16	6387.55
2009-04-17	6448.11
2009-04-18	6448.11
2009-04-19	6448.11
2009-04-20	6550.32
2009-04-21	6151.17
2009-04-22	5905.16
2009-04-23	5910.55
2009-04-24	5859.14
2009-04-25	5859.14
2009-04-26	5859.14
2009-04-27	5864.01
2009-04-28	6009.55
2009-04-29	6095.56
2009-04-30	6158.98
2009-05-01	6117.91
2009-05-02	6117.91
2009-05-03	6117.91
2009-05-04	6121.68
2009-05-05	6233.84
2009-05-06	6160.07
2009-05-07	6000.2
2009-05-08	5971.78
2009-05-09	5971.78
2009-05-10	5971.78
2009-05-11	5995.21
2009-05-12	5987.91
2009-05-13	5913.76
2009-05-14	5688.16
2009-05-15	5614.32
2009-05-16	5614.32
2009-05-17	5614.32
2009-05-18	5687.96
2009-05-19	5816.2
2009-05-20	5931.03
2009-05-21	5912.99
2009-05-22	5889.13
2009-05-23	5889.13
2009-05-24	5889.13
2009-05-25	5828.53
2009-05-26	6043.15
2009-05-27	6185.55
2009-05-28	6234.43
2009-05-29	6400.54
2009-05-30	6400.54
2009-05-31	6400.54
2009-06-01	6461.67
2009-06-02	6577.76
2009-06-03	6939.74
2009-06-04	6740.57
2009-06-05	6548.48
2009-06-06	6548.48
2009-06-07	6548.48
2009-06-08	6548.48
2009-06-09	6517.59
2009-06-10	6563.66
2009-06-11	6599.61
2009-06-12	6670.18
2009-06-13	6670.18
2009-06-14	6670.18
2009-06-15	6652.2
2009-06-16	6495.34
2009-06-17	6322.58
2009-06-18	6361.29
2009-06-19	6298.02
2009-06-20	6298.02
2009-06-21	6298.02
2009-06-22	6330.27
2009-06-23	6213.8
2009-06-24	6446.68
2009-06-25	6553.36
2009-06-26	6523.99
2009-06-27	6523.99
2009-06-28	6523.99
2009-06-29	6482.31
2009-06-30	6534.0
2009-07-01	6359.92
2009-07-02	6506.0
2009-07-03	6456.52
2009-07-04	6456.52
2009-07-05	6456.52
2009-07-06	6458.42
2009-07-07	6349.5
2009-07-08	6399.47
2009-07-09	6310.39
2009-07-10	6397.14
2009-07-11	6397.14
2009-07-12	6397.14
2009-07-13	6307.4
2009-07-14	6521.92
2009-07-15	6573.52
2009-07-16	6669.17
2009-07-17	6684.95
2009-07-18	6684.95
2009-07-19	6684.95
2009-07-20	6641.54
2009-07-21	6636.55
2009-07-22	6643.94
2009-07-23	6647.35
2009-07-24	6705.38
2009-07-25	6705.38
2009-07-26	6705.38
2009-07-27	6731.03
2009-07-28	6689.04
2009-07-29	6709.56
2009-07-30	6762.32
2009-07-31	6790.91
2009-08-01	6790.91
2009-08-02	6790.91
2009-08-03	6864.15
2009-08-04	6913.08
2009-08-05	6957.18
2009-08-06	7194.78
2009-08-07	7087.07
2009-08-08	7087.07
2009-08-09	7087.07
2009-08-10	7353.42
2009-08-11	7388.3
2009-08-12	7256.6
2009-08-13	7259.03
2009-08-14	7244.15
2009-08-15	7244.15
2009-08-16	7244.15
2009-08-17	7261.39
2009-08-18	7174.84
2009-08-19	7161.33
2009-08-20	7164.39
2009-08-21	7142.54
2009-08-22	7142.54
2009-08-23	7142.54
2009-08-24	7275.97
2009-08-25	7335.5
2009-08-26	7520.18
2009-08-27	7516.8
2009-08-28	7515.23
2009-08-29	7515.23
2009-08-30	7515.23
2009-08-31	7541.2
2009-09-01	7429.06
2009-09-02	7354.91
2009-09-03	7333.29
2009-09-04	7350.1
2009-09-05	7350.1
2009-09-06	7350.1
2009-09-07	7465.87
2009-09-08	7509.52
2009-09-09	7553.77
2009-09-10	7672.15
2009-09-11	7667.88
2009-09-12	7667.88
2009-09-13	7667.88
2009-09-14	7743.44
2009-09-15	7802.85
2009-09-16	7867.76
2009-09-17	7954.77
2009-09-18	8030.95
2009-09-19	8030.95
2009-09-20	8030.95
2009-09-21	7994.2
2009-09-22	7946.24
2009-09-23	7892.93
2009-09-24	7840.77
2009-09-25	7812.59
2009-09-26	7812.59
2009-09-27	7812.59
2009-09-28	7894.76
2009-09-29	7938.46
2009-09-30	7977.0
2009-10-01	7916.62
2009-10-02	7835.3
2009-10-03	7835.3
2009-10-04	7835.3
2009-10-05	7777.05
2009-10-06	7771.81
2009-10-07	7931.9
2009-10-08	7943.18
2009-10-09	7947.39
2009-10-10	7947.39
2009-10-11	7947.39
2009-10-12	7871.82
2009-10-13	7886.47
2009-10-14	7966.43
2009-10-15	7971.63
2009-10-16	7953.12
2009-10-17	7953.12
2009-10-18	7953.12
2009-10-19	7933.05
2009-10-20	8011.43
2009-10-21	7881.4
2009-10-22	7892.49
2009-10-23	7822.63
2009-10-24	7822.63
2009-10-25	7822.63
2009-10-26	7795.44
2009-10-27	7610.07
2009-10-28	7535.57
2009-10-29	7395.34
2009-10-30	7572.23
2009-10-31	7572.23
2009-11-01	7572.23
2009-11-02	7499.63
2009-11-03	7499.63
2009-11-04	7464.11
2009-11-05	7437.54
2009-11-06	7444.57
2009-11-07	7444.57
2009-11-08	7444.57
2009-11-09	7583.28
2009-11-10	7589.74
2009-11-11	7772.68
2009-11-12	7738.26
2009-11-13	7734.48
2009-11-14	7734.48
2009-11-15	7734.48
2009-11-16	7796.45
2009-11-17	7787.28
2009-11-18	7841.58
2009-11-19	7844.79
2009-11-20	7731.42
2009-11-21	7731.42
2009-11-22	7731.42
2009-11-23	7697.63
2009-11-24	7665.68
2009-11-25	7671.25
2009-11-26	7606.97
2009-11-27	7493.93
2009-11-28	7493.93
2009-11-29	7493.93
2009-11-30	7646.78
2009-12-01	7650.69
2009-12-02	7652.29
2009-12-03	7593.84
2009-12-04	7623.78
2009-12-05	7623.78
2009-12-06	7623.78
2009-12-07	7541.81
2009-12-08	7532.56
2009-12-09	7572.8
2009-12-10	7509.62
2009-12-11	7569.26
2009-12-12	7569.26
2009-12-13	7569.26
2009-12-14	7628.87
2009-12-15	7617.94
2009-12-16	7623.36
2009-12-17	7676.11
2009-12-18	7659.7
2009-12-19	7659.7
2009-12-20	7659.7
2009-12-21	7679.09
2009-12-22	7766.34
2009-12-23	7848.65
2009-12-24	7889.2
2009-12-25	7889.2
2009-12-26	7889.2
2009-12-27	7889.2
2009-12-28	7889.2
2009-12-29	7890.54
2009-12-30	7902.24
2009-12-31	7938.0
2010-01-01	7938.0
2010-01-02	7938.0
2010-01-03	7938.0
2010-01-04	7933.13
2010-01-05	8023.96
2010-01-06	7972.29
2010-01-07	7971.15
2010-01-08	7976.5
2010-01-09	7976.5
2010-01-10	7976.5
2010-01-11	7961.34
2010-01-12	7867.52
2010-01-13	7937.17
2010-01-14	7886.77
2010-01-15	7893.3
2010-01-16	7893.3
2010-01-17	7893.3
2010-01-18	7903.49
2010-01-19	7900.29
2010-01-20	7880.49
2010-01-21	7768.73
2010-01-22	7698.39
2010-01-23	7698.39
2010-01-24	7698.39
2010-01-25	7686.19
2010-01-26	7674.72
2010-01-27	7651.29
2010-01-28	7730.5
2010-01-29	7711.14
2010-01-30	7711.14
2010-01-31	7711.14
2010-02-01	7717.07
2010-02-02	7852.16
2010-02-03	7856.91
2010-02-04	7815.41
2010-02-05	7838.11
2010-02-06	7838.11
2010-02-07	7838.11
2010-02-08	7663.8
2010-02-09	7691.04
2010-02-10	7723.02
2010-02-11	7718.76
2010-02-12	7721.5
2010-02-13	7721.5
2010-02-14	7721.5
2010-02-15	7638.31
2010-02-16	7683.98
2010-02-17	7704.4
2010-02-18	7720.55
2010-02-19	7737.88
2010-02-20	7737.88
2010-02-21	7737.88
2010-02-22	7749.77
2010-02-23	7770.82
2010-02-24	7842.98
2010-02-25	7817.06
2010-02-26	7814.1
2010-02-27	7814.1
2010-02-28	7814.1
2010-03-01	7865.14
2010-03-02	7918.01
2010-03-03	7895.65
2010-03-04	7946.75
2010-03-05	7993.64
2010-03-06	7993.64
2010-03-07	7993.64
2010-03-08	8032.02
2010-03-09	8033.28
2010-03-10	7940.72
2010-03-11	7939.54
2010-03-12	7936.66
2010-03-13	7936.66
2010-03-14	7936.66
2010-03-15	7900.78
2010-03-16	7961.11
2010-03-17	7946.81
2010-03-18	7983.12
2010-03-19	7996.0
2010-03-20	7996.0
2010-03-21	7996.0
2010-03-22	8016.31
2010-03-23	7988.25
2010-03-24	7988.14
2010-03-25	7968.84
2010-03-26	8013.46
2010-03-27	8013.46
2010-03-28	8013.46
2010-03-29	8048.95
2010-03-30	8054.58
2010-03-31	8008.0
2010-04-01	7998.9
2010-04-02	8000.92
2010-04-03	8000.92
2010-04-04	8000.92
2010-04-05	8056.12
2010-04-06	8134.69
2010-04-07	8025.74
2010-04-08	8012.66
2010-04-09	8075.73
2010-04-10	8075.73
2010-04-11	8075.73
2010-04-12	8093.45
2010-04-13	8150.54
2010-04-14	8152.76
2010-04-15	8165.6
2010-04-16	8117.25
2010-04-17	8117.25
2010-04-18	8117.25
2010-04-19	8064.24
2010-04-20	8093.77
2010-04-21	8168.93
2010-04-22	8182.04
2010-04-23	8271.15
2010-04-24	8271.15
2010-04-25	8271.15
2010-04-26	8271.75
2010-04-27	8165.48
2010-04-28	8160.46
2010-04-29	8240.2
2010-04-30	8205.93
2010-05-01	8205.93
2010-05-02	8205.93
2010-05-03	8389.39
2010-05-04	8300.75
2010-05-05	8196.2
2010-05-06	8055.86
2010-05-07	7976.29
2010-05-08	7976.29
2010-05-09	7976.29
2010-05-10	8140.14
2010-05-11	8072.08
2010-05-12	8171.49
2010-05-13	8187.34
2010-05-14	8019.07
2010-05-15	8019.07
2010-05-16	8019.07
2010-05-17	7997.81
2010-05-18	7998.96
2010-05-19	7918.88
2010-05-20	7814.61
2010-05-21	7829.09
2010-05-22	7829.09
2010-05-23	7829.09
2010-05-24	7804.17
2010-05-25	7730.93
2010-05-26	7677.07
2010-05-27	7875.05
2010-05-28	7980.37
2010-05-29	7980.37
2010-05-30	7980.37
2010-05-31	7985.44
2010-06-01	7891.55
2010-06-02	7988.09
2010-06-03	8042.75
2010-06-04	7907.58
2010-06-05	7907.58
2010-06-06	7907.58
2010-06-07	7927.78
2010-06-08	7956.89
2010-06-09	8004.58
2010-06-10	8157.72
2010-06-11	8187.52
2010-06-12	8187.52
2010-06-13	8187.52
2010-06-14	8183.37
2010-06-15	8244.9
2010-06-16	8232.07
2010-06-17	8248.88
2010-06-18	8201.17
2010-06-19	8201.17
2010-06-20	8201.17
2010-06-21	8223.95
2010-06-22	8167.94
2010-06-23	8179.26
2010-06-24	8101.93
2010-06-25	8117.06
2010-06-26	8117.06
2010-06-27	8117.06
2010-06-28	8016.85
2010-06-29	7987.51
2010-06-30	7905.0
2010-07-01	7952.18
2010-07-02	7877.56
2010-07-03	7877.56
2010-07-04	7877.56
2010-07-05	7899.0
2010-07-06	7802.91
2010-07-07	7963.84
2010-07-08	7984.27
2010-07-09	8026.67
2010-07-10	8026.67
2010-07-11	8026.67
2010-07-12	8040.86
2010-07-13	8116.28
2010-07-14	8150.44
2010-07-15	8090.68
2010-07-16	8041.27
2010-07-17	8041.27
2010-07-18	8041.27
2010-07-19	8079.78
2010-07-20	8131.85
2010-07-21	8054.56
2010-07-22	8110.77
2010-07-23	8186.34
2010-07-24	8186.34
2010-07-25	8186.34
2010-07-26	8204.75
2010-07-27	8236.5
2010-07-28	8259.96
2010-07-29	8152.35
2010-07-30	8160.88
2010-07-31	8160.88
2010-08-01	8160.88
2010-08-02	8277.96
2010-08-03	8276.2
2010-08-04	8273.85
2010-08-05	8236.96
2010-08-06	8242.14
2010-08-07	8242.14
2010-08-08	8242.14
2010-08-09	8263.48
2010-08-10	8252.0
2010-08-11	8139.63
2010-08-12	8145.03
2010-08-13	8147.66
2010-08-14	8147.66
2010-08-15	8147.66
2010-08-16	8157.95
2010-08-17	8232.25
2010-08-18	8278.75
2010-08-19	8201.49
2010-08-20	8223.94
2010-08-21	8223.94
2010-08-22	8223.94
2010-08-23	8188.02
2010-08-24	8204.06
2010-08-25	8211.18
2010-08-26	8205.04
2010-08-27	8256.57
2010-08-28	8256.57
2010-08-29	8256.57
2010-08-30	8267.33
2010-08-31	8278.64
2010-09-01	8430.85
2010-09-02	8455.83
2010-09-03	8509.17
2010-09-04	8509.17
2010-09-05	8509.17
2010-09-06	8552.37
2010-09-07	8459.78
2010-09-08	8464.8
2010-09-09	8454.7
2010-09-10	8441.75
2010-09-11	8441.75
2010-09-12	8441.75
2010-09-13	8487.7
2010-09-14	8460.14
2010-09-15	8483.56
2010-09-16	8383.81
2010-09-17	8446.42
2010-09-18	8446.42
2010-09-19	8446.42
2010-09-20	8470.67
2010-09-21	8447.21
2010-09-22	8371.5
2010-09-23	8323.71
2010-09-24	8381.92
2010-09-25	8381.92
2010-09-26	8381.92
2010-09-27	8355.37
2010-09-28	8370.76
2010-09-29	8329.11
2010-09-30	8322.0
2010-10-01	8344.93
2010-10-02	8344.93
2010-10-03	8344.93
2010-10-04	8390.93
2010-10-05	8458.74
2010-10-06	8438.39
2010-10-07	8403.03
2010-10-08	8407.04
2010-10-09	8407.04
2010-10-10	8407.04
2010-10-11	8399.88
2010-10-12	8381.4
2010-10-13	8399.13
2010-10-14	8407.95
2010-10-15	8438.42
2010-10-16	8438.42
2010-10-17	8438.42
2010-10-18	8438.58
2010-10-19	8458.72
2010-10-20	8466.43
2010-10-21	8439.43
2010-10-22	8457.97
2010-10-23	8457.97
2010-10-24	8457.97
2010-10-25	8438.02
2010-10-26	8425.41
2010-10-27	8393.06
2010-10-28	8433.42
2010-10-29	8389.15
2010-10-30	8389.15
2010-10-31	8389.15
2010-11-01	8447.6
2010-11-02	8440.8
2010-11-03	8421.95
2010-11-04	8460.66
2010-11-05	8475.62
2010-11-06	8475.62
2010-11-07	8475.62
2010-11-08	8381.09
2010-11-09	8293.7
2010-11-10	8326.57
2010-11-11	8280.05
2010-11-12	8252.54
2010-11-13	8252.54
2010-11-14	8252.54
2010-11-15	8214.29
2010-11-16	8158.67
2010-11-17	8124.64
2010-11-18	8152.62
2010-11-19	8164.01
2010-11-20	8164.01
2010-11-21	8164.01
2010-11-22	8198.54
2010-11-23	8165.92
2010-11-24	8200.95
2010-11-25	8234.97
2010-11-26	8251.52
2010-11-27	8251.52
2010-11-28	8251.52
2010-11-29	8268.02
2010-11-30	8212.24
2010-12-01	8242.03
2010-12-02	8330.36
2010-12-03	8288.19
2010-12-04	8288.19
2010-12-05	8288.19
2010-12-06	8270.81
2010-12-07	8310.98
2010-12-08	8306.16
2010-12-09	8300.05
2010-12-10	8328.27
2010-12-11	8328.27
2010-12-12	8328.27
2010-12-13	8269.24
2010-12-14	8283.86
2010-12-15	8272.41
2010-12-16	8290.33
2010-12-17	8226.6
2010-12-18	8226.6
2010-12-19	8226.6
2010-12-20	8279.44
2010-12-21	8270.63
2010-12-22	8295.53
2010-12-23	8313.84
2010-12-24	8320.55
2010-12-25	8320.55
2010-12-26	8320.55
2010-12-27	8350.13
2010-12-28	8340.11
2010-12-29	8343.84
2010-12-30	8354.7
2010-12-31	8297.0
2011-01-01	8297.0
2011-01-02	8297.0
2011-01-03	8361.25
2011-01-04	8344.18
2011-01-05	8409.81
2011-01-06	8372.99
2011-01-07	8350.96
2011-01-08	8350.96
2011-01-09	8350.96
2011-01-10	8391.03
2011-01-11	8412.33
2011-01-12	8415.08
2011-01-13	8475.76
2011-01-14	8510.58
2011-01-15	8510.58
2011-01-16	8510.58
2011-01-17	8488.62
2011-01-18	8553.82
2011-01-19	8484.67
2011-01-20	8503.85
2011-01-21	8445.12
2011-01-22	8445.12
2011-01-23	8445.12
2011-01-24	8467.5
2011-01-25	8503.36
2011-01-26	8513.22
2011-01-27	8552.86
2011-01-28	8517.6
2011-01-29	8517.6
2011-01-30	8517.6
2011-01-31	8521.57
2011-02-01	8507.94
2011-02-02	8549.36
2011-02-03	8584.8
2011-02-04	8550.28
2011-02-05	8550.28
2011-02-06	8550.28
2011-02-07	8607.81
2011-02-08	8640.18
2011-02-09	8636.23
2011-02-10	8647.33
2011-02-11	8641.74
2011-02-12	8641.74
2011-02-13	8641.74
2011-02-14	8688.95
2011-02-15	8676.31
2011-02-16	8696.38
2011-02-17	8727.65
2011-02-18	8711.74
2011-02-19	8711.74
2011-02-20	8711.74
2011-02-21	8720.53
2011-02-22	8662.95
2011-02-23	8623.86
2011-02-24	8553.07
2011-02-25	8647.08
2011-02-26	8647.08
2011-02-27	8647.08
2011-02-28	8705.81
2011-03-01	8609.42
2011-03-02	8603.43
2011-03-03	8653.56
2011-03-04	8706.62
2011-03-05	8706.62
2011-03-06	8706.62
2011-03-07	8629.08
2011-03-08	8735.18
2011-03-09	8699.39
2011-03-10	8658.57
2011-03-11	8602.08
2011-03-12	8602.08
2011-03-13	8602.08
2011-03-14	8530.52
2011-03-15	8422.57
2011-03-16	8341.91
2011-03-17	8421.15
2011-03-18	8477.07
2011-03-19	8477.07
2011-03-20	8477.07
2011-03-21	8557.76
2011-03-22	8520.59
2011-03-23	8544.31
2011-03-24	8569.85
2011-03-25	8595.57
2011-03-26	8595.57
2011-03-27	8595.57
2011-03-28	8618.32
2011-03-29	8610.52
2011-03-30	8640.77
2011-03-31	8645.0
2011-04-01	8631.83
2011-04-02	8631.83
2011-04-03	8631.83
2011-04-04	8684.04
2011-04-05	8689.71
2011-04-06	8681.41
2011-04-07	8632.06
2011-04-08	8657.89
2011-04-09	8657.89
2011-04-10	8657.89
2011-04-11	8619.14
2011-04-12	8549.19
2011-04-13	8559.69
2011-04-14	8598.47
2011-04-15	8616.53
2011-04-16	8616.53
2011-04-17	8616.53
2011-04-18	8561.24
2011-04-19	8554.01
2011-04-20	8604.13
2011-04-21	8706.45
2011-04-22	8706.82
2011-04-23	8706.82
2011-04-24	8706.82
2011-04-25	8731.99
2011-04-26	8744.13
2011-04-27	8743.58
2011-04-28	8717.21
2011-04-29	8720.11
2011-04-30	8720.11
2011-05-01	8720.11
2011-05-02	8704.77
2011-05-03	8699.95
2011-05-04	8677.65
2011-05-05	8655.06
2011-05-06	8607.26
2011-05-07	8607.26
2011-05-08	8607.26
2011-05-09	8658.78
2011-05-10	8669.59
2011-05-11	8685.73
2011-05-12	8698.91
2011-05-13	8686.94
2011-05-14	8686.94
2011-05-15	8686.94
2011-05-16	8659.42
2011-05-17	8677.33
2011-05-18	8705.13
2011-05-19	8780.46
2011-05-20	8780.3
2011-05-21	8780.3
2011-05-22	8780.3
2011-05-23	8718.43
2011-05-24	8688.8
2011-05-25	8683.78
2011-05-26	8731.04
2011-05-27	8769.91
2011-05-28	8769.91
2011-05-29	8769.91
2011-05-30	8777.64
2011-05-31	8838.53
2011-06-01	8750.79
2011-06-02	8711.86
2011-06-03	8681.63
2011-06-04	8681.63
2011-06-05	8681.63
2011-06-06	8604.28
2011-06-07	8653.3
2011-06-08	8690.78
2011-06-09	8675.7
2011-06-10	8611.24
2011-06-11	8611.24
2011-06-12	8611.24
2011-06-13	8614.76
2011-06-14	8669.63
2011-06-15	8628.52
2011-06-16	8635.44
2011-06-17	8592.41
2011-06-18	8592.41
2011-06-19	8592.41
2011-06-20	8616.89
2011-06-21	8659.49
2011-06-22	8629.91
2011-06-23	8607.7
2011-06-24	8663.37
2011-06-25	8663.37
2011-06-26	8663.37
2011-06-27	8677.47
2011-06-28	8655.56
2011-06-29	8665.71
2011-06-30	8704.0
2011-07-01	8720.88
2011-07-02	8720.88
2011-07-03	8720.88
2011-07-04	8735.37
2011-07-05	8741.39
2011-07-06	8783.48
2011-07-07	8825.32
2011-07-08	8822.95
2011-07-09	8822.95
2011-07-10	8822.95
2011-07-11	8732.98
2011-07-12	8686.53
2011-07-13	8646.51
2011-07-14	8583.56
2011-07-15	8627.17
2011-07-16	8627.17
2011-07-17	8627.17
2011-07-18	8606.68
2011-07-19	8573.69
2011-07-20	8655.55
2011-07-21	8634.06
2011-07-22	8652.72
2011-07-23	8652.72
2011-07-24	8652.72
2011-07-25	8560.75
2011-07-26	8593.82
2011-07-27	8493.12
2011-07-28	8450.38
2011-07-29	8412.99
2011-07-30	8412.99
2011-07-31	8412.99
2011-08-01	8387.74
2011-08-02	8377.63
2011-08-03	8307.72
2011-08-04	8111.81
2011-08-05	7926.16
2011-08-06	7926.16
2011-08-07	7926.16
2011-08-08	7601.61
2011-08-09	7871.31
2011-08-10	7780.87
2011-08-11	7833.12
2011-08-12	7887.14
2011-08-13	7887.14
2011-08-14	7887.14
2011-08-15	8063.96
2011-08-16	8130.31
2011-08-17	8190.31
2011-08-18	8028.69
2011-08-19	7847.87
2011-08-20	7847.87
2011-08-21	7847.87
2011-08-22	7840.52
2011-08-23	7923.12
2011-08-24	7955.84
2011-08-25	7987.72
2011-08-26	7990.12
2011-08-27	7990.12
2011-08-28	7990.12
2011-08-29	8170.68
2011-08-30	8234.91
2011-08-31	8305.65
2011-09-01	8285.06
2011-09-02	8205.28
2011-09-03	8205.28
2011-09-04	8205.28
2011-09-05	8130.89
2011-09-06	8061.02
2011-09-07	8190.65
2011-09-08	8153.44
2011-09-09	8085.54
2011-09-10	8085.54
2011-09-11	8085.54
2011-09-12	8015.13
2011-09-13	8003.24
2011-09-14	7989.8
2011-09-15	8069.61
2011-09-16	8198.96
2011-09-17	8198.96
2011-09-18	8198.96
2011-09-19	8109.81
2011-09-20	8025.35
2011-09-21	7959.5
2011-09-22	7861.37
2011-09-23	7842.88
2011-09-24	7842.88
2011-09-25	7842.88
2011-09-26	7901.22
2011-09-27	7966.28
2011-09-28	8024.38
2011-09-29	8034.54
2011-09-30	7967.0
2011-10-01	7967.0
2011-10-02	7967.0
2011-10-03	7804.1
2011-10-04	7885.99
2011-10-05	7827.97
2011-10-06	8014.31
2011-10-07	8001.06
2011-10-08	8001.06
2011-10-09	8001.06
2011-10-10	8116.27
2011-10-11	8062.48
2011-10-12	8070.52
2011-10-13	8098.6
2011-10-14	8117.79
2011-10-15	8117.79
2011-10-16	8117.79
2011-10-17	8119.55
2011-10-18	8152.2
2011-10-19	8118.33
2011-10-20	8095.86
2011-10-21	8175.09
2011-10-22	8175.09
2011-10-23	8175.09
2011-10-24	8281.9
2011-10-25	8187.06
2011-10-26	8203.55
2011-10-27	8314.34
2011-10-28	8351.91
2011-10-29	8351.91
2011-10-30	8351.91
2011-10-31	8324.61
2011-11-01	8259.96
2011-11-02	8225.27
2011-11-03	8263.62
2011-11-04	8332.92
2011-11-05	8332.92
2011-11-06	8332.92
2011-11-07	8337.84
2011-11-08	8394.23
2011-11-09	8374.66
2011-11-10	8320.83
2011-11-11	8417.95
2011-11-12	8417.95
2011-11-13	8417.95
2011-11-14	8370.96
2011-11-15	8365.02
2011-11-16	8317.41
2011-11-17	8260.81
2011-11-18	8232.68
2011-11-19	8232.68
2011-11-20	8232.68
2011-11-21	8188.33
2011-11-22	8148.82
2011-11-23	8041.28
2011-11-24	8082.86
2011-11-25	8087.83
2011-11-26	8087.83
2011-11-27	8087.83
2011-11-28	8121.06
2011-11-29	8216.26
2011-11-30	8360.14
2011-12-01	8333.13
2011-12-02	8405.89
2011-12-03	8405.89
2011-12-04	8405.89
2011-12-05	8460.11
2011-12-06	8441.46
2011-12-07	8493.09
2011-12-08	8415.24
2011-12-09	8374.9
2011-12-10	8374.9
2011-12-11	8374.9
2011-12-12	8330.49
2011-12-13	8290.68
2011-12-14	8321.05
2011-12-15	8351.69
2011-12-16	8351.98
2011-12-17	8351.98
2011-12-18	8351.98
2011-12-19	8269.12
2011-12-20	8351.17
2011-12-21	8387.74
2011-12-22	8402.45
2011-12-23	8468.3
2011-12-24	8468.3
2011-12-25	8468.3
2011-12-26	8478.1
2011-12-27	8493.14
2011-12-28	8390.01
2011-12-29	8385.37
2011-12-30	8323.63
2011-12-31	8321.0
2012-01-01	8321.0
2012-01-02	8321.99
2012-01-03	8366.85
2012-01-04	8440.97
2012-01-05	8510.46
2012-01-06	8468.33
2012-01-07	8468.33
2012-01-08	8468.33
2012-01-09	8460.58
2012-01-10	8541.39
2012-01-11	8550.55
2012-01-12	8571.93
2012-01-13	8607.3
2012-01-14	8607.3
2012-01-15	8607.3
2012-01-16	8580.37
2012-01-17	8640.31
2012-01-18	8612.74
2012-01-19	8580.89
2012-01-20	8626.65
2012-01-21	8626.65
2012-01-22	8626.65
2012-01-23	8580.09
2012-01-24	8628.7
2012-01-25	8699.49
2012-01-26	8691.13
2012-01-27	8718.69
2012-01-28	8718.69
2012-01-29	8718.69
2012-01-30	8702.84
2012-01-31	8700.27
2012-02-01	8699.08
2012-02-02	8740.78
2012-02-03	8755.24
2012-02-04	8755.24
2012-02-05	8755.24
2012-02-06	8795.02
2012-02-07	8762.7
2012-02-08	8789.77
2012-02-09	8775.18
2012-02-10	8728.34
2012-02-11	8728.34
2012-02-12	8728.34
2012-02-13	8749.38
2012-02-14	8684.05
2012-02-15	8776.62
2012-02-16	8794.24
2012-02-17	8826.58
2012-02-18	8826.58
2012-02-19	8826.58
2012-02-20	8858.31
2012-02-21	8817.78
2012-02-22	8734.2
2012-02-23	8756.79
2012-02-24	8807.37
2012-02-25	8807.37
2012-02-26	8807.37
2012-02-27	8754.55
2012-02-28	8769.14
2012-02-29	8809.38
2012-03-01	8790.12
2012-03-02	8849.0
2012-03-03	8849.0
2012-03-04	8849.0
2012-03-05	8899.52
2012-03-06	8813.89
2012-03-07	8799.21
2012-03-08	8796.82
2012-03-09	8817.13
2012-03-10	8817.13
2012-03-11	8817.13
2012-03-12	8859.05
2012-03-13	8957.8
2012-03-14	9001.92
2012-03-15	8986.65
2012-03-16	8947.73
2012-03-17	8947.73
2012-03-18	8947.73
2012-03-19	8974.1
2012-03-20	9013.78
2012-03-21	9004.55
2012-03-22	8988.18
2012-03-23	8976.83
2012-03-24	8976.83
2012-03-25	8976.83
2012-03-26	8986.77
2012-03-27	9016.09
2012-03-28	9044.51
2012-03-29	9064.47
2012-03-30	9052.3
2012-03-31	9055.0
2012-04-01	9055.0
2012-04-02	9080.33
2012-04-03	9061.94
2012-04-04	9070.64
2012-04-05	9047.35
2012-04-06	9047.13
2012-04-07	9047.13
2012-04-08	9047.13
2012-04-09	9017.43
2012-04-10	8956.46
2012-04-11	8953.78
2012-04-12	8988.86
2012-04-13	9060.24
2012-04-14	9060.24
2012-04-15	9060.24
2012-04-16	9097.46
2012-04-17	9108.23
2012-04-18	9196.19
2012-04-19	9176.59
2012-04-20	9208.1
2012-04-21	9208.1
2012-04-22	9208.1
2012-04-23	9203.56
2012-04-24	9289.87
2012-04-25	9320.6
2012-04-26	9310.71
2012-04-27	9311.18
2012-04-28	9311.18
2012-04-29	9311.18
2012-04-30	9350.92
2012-05-01	9441.64
2012-05-02	9479.34
2012-05-03	9477.98
2012-05-04	9448.22
2012-05-05	9448.22
2012-05-06	9448.22
2012-05-07	9441.38
2012-05-08	9501.8
2012-05-09	9500.64
2012-05-10	9443.09
2012-05-11	9452.7
2012-05-12	9452.7
2012-05-13	9452.7
2012-05-14	9451.54
2012-05-15	9429.07
2012-05-16	9328.27
2012-05-17	9268.4
2012-05-18	9170.86
2012-05-19	9170.86
2012-05-20	9170.86
2012-05-21	9259.61
2012-05-22	9294.17
2012-05-23	9319.66
2012-05-24	9304.75
2012-05-25	9294.47
2012-05-26	9294.47
2012-05-27	9294.47
2012-05-28	9332.48
2012-05-29	9362.55
2012-05-30	9304.51
2012-05-31	9320.15
2012-06-01	9287.09
2012-06-02	9287.09
2012-06-03	9287.09
2012-06-04	9180.57
2012-06-05	9236.45
2012-06-06	9365.15
2012-06-07	9400.24
2012-06-08	9382.21
2012-06-09	9382.21
2012-06-10	9382.21
2012-06-11	9293.39
2012-06-12	9287.32
2012-06-13	9239.3
2012-06-14	9288.3
2012-06-15	9313.48
2012-06-16	9313.48
2012-06-17	9313.48
2012-06-18	9390.41
2012-06-19	9384.66
2012-06-20	9380.85
2012-06-21	9343.36
2012-06-22	9339.72
2012-06-23	9339.72
2012-06-24	9339.72
2012-06-25	9384.64
2012-06-26	9384.51
2012-06-27	9460.13
2012-06-28	9483.58
2012-06-29	9519.33
2012-06-30	9512.0
2012-07-01	9512.0
2012-07-02	9621.66
2012-07-03	9599.7
2012-07-04	9637.36
2012-07-05	9586.21
2012-07-06	9596.15
2012-07-07	9596.15
2012-07-08	9596.15
2012-07-09	9578.3
2012-07-10	9573.26
2012-07-11	9584.22
2012-07-12	9596.97
2012-07-13	9641.38
2012-07-14	9641.38
2012-07-15	9641.38
2012-07-16	9651.08
2012-07-17	9692.07
2012-07-18	9643.69
2012-07-19	9664.76
2012-07-20	9676.24
2012-07-21	9676.24
2012-07-22	9676.24
2012-07-23	9652.95
2012-07-24	9621.09
2012-07-25	9605.78
2012-07-26	9636.77
2012-07-27	9702.32
2012-07-28	9702.32
2012-07-29	9702.32
2012-07-30	9736.03
2012-07-31	9777.27
2012-08-01	9778.56
2012-08-02	9779.06
2012-08-03	9781.55
2012-08-04	9781.55
2012-08-05	9781.55
2012-08-06	9800.75
2012-08-07	9794.54
2012-08-08	9746.29
2012-08-09	9687.95
2012-08-10	9696.12
2012-08-11	9696.12
2012-08-12	9696.12
2012-08-13	9746.0
2012-08-14	9755.14
2012-08-15	9773.42
2012-08-16	9801.09
2012-08-17	9859.75
2012-08-18	9859.75
2012-08-19	9859.75
2012-08-20	9811.81
2012-08-21	9802.7
2012-08-22	9855.52
2012-08-23	9816.92
2012-08-24	9837.08
2012-08-25	9837.08
2012-08-26	9837.08
2012-08-27	9837.36
2012-08-28	9853.89
2012-08-29	9897.22
2012-08-30	9891.03
2012-08-31	9860.96
2012-09-01	9860.96
2012-09-02	9860.96
2012-09-03	9945.74
2012-09-04	9961.25
2012-09-05	10023.98
2012-09-06	10070.7
2012-09-07	10053.09
2012-09-08	10053.09
2012-09-09	10053.09
2012-09-10	9981.63
2012-09-11	9954.21
2012-09-12	10006.54
2012-09-13	10017.71
2012-09-14	10021.5
2012-09-15	10021.5
2012-09-16	10021.5
2012-09-17	10023.83
2012-09-18	9970.77
2012-09-19	9935.7
2012-09-20	9929.54
2012-09-21	9909.62
2012-09-22	9909.62
2012-09-23	9909.62
2012-09-24	9924.86
2012-09-25	9873.94
2012-09-26	9920.87
2012-09-27	9904.64
2012-09-28	9885.86
2012-09-29	9885.86
2012-09-30	9881.0
2012-10-01	9876.2
2012-10-02	9985.91
2012-10-03	10056.37
2012-10-04	10069.41
2012-10-05	10098.75
2012-10-06	10098.75
2012-10-07	10098.75
2012-10-08	10050.74
2012-10-09	10090.5
2012-10-10	10082.53
2012-10-11	10078.52
2012-10-12	10079.81
2012-10-13	10079.81
2012-10-14	10079.81
2012-10-15	10132.56
2012-10-16	10147.91
2012-10-17	10111.87
2012-10-18	10125.84
2012-10-19	10125.33
2012-10-20	10125.33
2012-10-21	10125.33
2012-10-22	10121.4
2012-10-23	10136.89
2012-10-24	10070.07
2012-10-25	10122.23
2012-10-26	10064.22
2012-10-27	10064.22
2012-10-28	10064.22
2012-10-29	10116.72
2012-10-30	10093.59
2012-10-31	10126.41
2012-11-01	10107.82
2012-11-02	10125.94
2012-11-03	10125.94
2012-11-04	10125.94
2012-11-05	10119.63
2012-11-06	10126.2
2012-11-07	10121.38
2012-11-08	10032.58
2012-11-09	9997.14
2012-11-10	9997.14
2012-11-11	9997.14
2012-11-12	9966.3
2012-11-13	9900.96
2012-11-14	9912.85
2012-11-15	9883.65
2012-11-16	9893.87
2012-11-17	9893.87
2012-11-18	9893.87
2012-11-19	9939.17
2012-11-20	9964.86
2012-11-21	9957.79
2012-11-22	9988.11
2012-11-23	10020.83
2012-11-24	10020.83
2012-11-25	10020.83
2012-11-26	10011.05
2012-11-27	10006.44
2012-11-28	9987.07
2012-11-29	10036.78
2012-11-30	10061.17
2012-12-01	10061.17
2012-12-02	10061.17
2012-12-03	10103.59
2012-12-04	10058.55
2012-12-05	10082.27
2012-12-06	10054.73
2012-12-07	10169.3
2012-12-08	10169.3
2012-12-09	10169.3
2012-12-10	10215.13
2012-12-11	10206.2
2012-12-12	10144.33
2012-12-13	10129.08
2012-12-14	10153.17
2012-12-15	10153.17
2012-12-16	10153.17
2012-12-17	10195.42
2012-12-18	10191.9
2012-12-19	10205.7
2012-12-20	10328.26
2012-12-21	10315.76
2012-12-22	10315.76
2012-12-23	10315.76
2012-12-24	10365.86
2012-12-25	10364.64
2012-12-26	10358.91
2012-12-27	10367.91
2012-12-28	10342.96
2012-12-29	10342.96
2012-12-30	10342.96
2012-12-31	10359.43
2013-01-01	10359.39
2013-01-02	10435.97
2013-01-03	10368.18
2013-01-04	10393.09
2013-01-05	10393.09
2013-01-06	10393.09
2013-01-07	10370.84
2013-01-08	10321.25
2013-01-09	10393.23
2013-01-10	10420.92
2013-01-11	10449.72
2013-01-12	10449.72
2013-01-13	10449.72
2013-01-14	10488.66
2013-01-15	10513.97
2013-01-16	10535.8
2013-01-17	10528.77
2013-01-18	10557.25
2013-01-19	10557.25
2013-01-20	10557.25
2013-01-21	10534.89
2013-01-22	10525.68
2013-01-23	10511.1
2013-01-24	10574.33
2013-01-25	10667.05
2013-01-26	10667.05
2013-01-27	10667.05
2013-01-28	10677.78
2013-01-29	10671.42
2013-01-30	10673.96
2013-01-31	10674.04
2013-02-01	10755.64
2013-02-02	10755.64
2013-02-03	10755.64
2013-02-04	10708.44
2013-02-05	10702.21
2013-02-06	10766.84
2013-02-07	10740.92
2013-02-08	10800.35
2013-02-09	10800.35
2013-02-10	10800.35
2013-02-11	10799.35
2013-02-12	10826.34
2013-02-13	10820.49
2013-02-14	10770.17
2013-02-15	10773.8
2013-02-16	10773.8
2013-02-17	10773.8
2013-02-18	10750.19
2013-02-19	10821.3
2013-02-20	10897.29
2013-02-21	10826.5
2013-02-22	10830.27
2013-02-23	10830.27
2013-02-24	10830.27
2013-02-25	10819.28
2013-02-26	10820.4
2013-02-27	10886.9
2013-02-28	10929.13
2013-03-01	10871.83
2013-03-02	10871.83
2013-03-03	10871.83
2013-03-04	10930.54
2013-03-05	10983.86
2013-03-06	10992.73
2013-03-07	10984.9
2013-03-08	10959.23
2013-03-09	10959.23
2013-03-10	10959.23
2013-03-11	10979.0
2013-03-12	10949.75
2013-03-13	10952.08
2013-03-14	10915.54
2013-03-15	10973.24
2013-03-16	10973.24
2013-03-17	10973.24
2013-03-18	10884.23
2013-03-19	10847.54
2013-03-20	10851.53
2013-03-21	10815.16
2013-03-22	10844.95
2013-03-23	10844.95
2013-03-24	10844.95
2013-03-25	10848.9
2013-03-26	10924.3
2013-03-27	10979.69
2013-03-28	10958.93
2013-03-29	10958.37
2013-03-30	10958.37
2013-03-31	10948.67
2013-04-01	10944.05
2013-04-02	11038.44
2013-04-03	11030.52
2013-04-04	11109.65
2013-04-05	11129.67
2013-04-06	11129.67
2013-04-07	11129.67
2013-04-08	11167.12
2013-04-09	11128.51
2013-04-10	11152.92
2013-04-11	11200.3
2013-04-12	11343.36
2013-04-13	11343.36
2013-04-14	11343.36
2013-04-15	11311.76
2013-04-16	11395.82
2013-04-17	11443.83
2013-04-18	11421.56
2013-04-19	11511.04
2013-04-20	11511.04
2013-04-21	11511.04
2013-04-22	11489.87
2013-04-23	11540.78
2013-04-24	11626.03
2013-04-25	11600.47
2013-04-26	11518.27
2013-04-27	11518.27
2013-04-28	11518.27
2013-04-29	11562.1
2013-04-30	11634.95
2013-05-01	11622.72
2013-05-02	11689.13
2013-05-03	11688.83
2013-05-04	11688.83
2013-05-05	11688.83
2013-05-06	11743.32
2013-05-07	11787.17
2013-05-08	11861.2
2013-05-09	11830.37
2013-05-10	11936.35
2013-05-11	11936.35
2013-05-12	11936.35
2013-05-13	12004.36
2013-05-14	12035.14
2013-05-15	12037.29
2013-05-16	12063.07
2013-05-17	12155.16
2013-05-18	12155.16
2013-05-19	12155.16
2013-05-20	12167.43
2013-05-21	12223.05
2013-05-22	12043.88
2013-05-23	11812.92
2013-05-24	11742.68
2013-05-25	11742.68
2013-05-26	11742.68
2013-05-27	11779.21
2013-05-28	11745.89
2013-05-29	11637.43
2013-05-30	11433.38
2013-05-31	11455.58
2013-06-01	11455.58
2013-06-02	11455.58
2013-06-03	11309.11
2013-06-04	11318.46
2013-06-05	11255.26
2013-06-06	11262.91
2013-06-07	11298.45
2013-06-08	11298.45
2013-06-09	11298.45
2013-06-10	11283.18
2013-06-11	11198.57
2013-06-12	11067.45
2013-06-13	11056.68
2013-06-14	11132.79
2013-06-15	11132.79
2013-06-16	11132.79
2013-06-17	11193.65
2013-06-18	11343.14
2013-06-19	11277.62
2013-06-20	11119.34
2013-06-21	11045.02
2013-06-22	11045.02
2013-06-23	11045.02
2013-06-24	10983.78
2013-06-25	11031.2
2013-06-26	11140.4
2013-06-27	11337.14
2013-06-28	11453.4
2013-06-29	11453.4
2013-06-30	11453.4
2013-07-01	11308.57
2013-07-02	11558.4
2013-07-03	11457.76
2013-07-04	11439.91
2013-07-05	11585.21
2013-07-06	11585.21
2013-07-07	11585.21
2013-07-08	11469.1
2013-07-09	11610.33
2013-07-10	11547.28
2013-07-11	11653.17
2013-07-12	11665.08
2013-07-13	11665.08
2013-07-14	11665.08
2013-07-15	11665.13
2013-07-16	11595.06
2013-07-17	11565.27
2013-07-18	11661.42
2013-07-19	11643.43
2013-07-20	11643.43
2013-07-21	11643.43
2013-07-22	11633.31
2013-07-23	11614.75
2013-07-24	11592.53
2013-07-25	11667.24
2013-07-26	11645.69
2013-07-27	11645.69
2013-07-28	11645.69
2013-07-29	11643.98
2013-07-30	11642.61
2013-07-31	11548.91
2013-08-01	11572.53
2013-08-02	11548.01
2013-08-03	11548.01
2013-08-04	11548.01
2013-08-05	11509.86
2013-08-06	11555.46
2013-08-07	11468.79
2013-08-08	11486.41
2013-08-09	11504.01
2013-08-10	11504.01
2013-08-11	11504.01
2013-08-12	11485.61
2013-08-13	11478.97
2013-08-14	11393.94
2013-08-15	11362.67
2013-08-16	11194.51
2013-08-17	11194.51
2013-08-18	11194.51
2013-08-19	11145.71
2013-08-20	11255.62
2013-08-21	11298.63
2013-08-22	11266.93
2013-08-23	11306.36
2013-08-24	11306.36
2013-08-25	11306.36
2013-08-26	11308.14
2013-08-27	11327.95
2013-08-28	11283.64
2013-08-29	11277.8
2013-08-30	11274.5
2013-08-31	11274.5
2013-09-01	11274.5
2013-09-02	11290.24
2013-09-03	11244.64
2013-09-04	11172.28
2013-09-05	11107.22
2013-09-06	11126.89
2013-09-07	11126.89
2013-09-08	11126.89
2013-09-09	11221.96
2013-09-10	11209.31
2013-09-11	11261.52
2013-09-12	11243.84
2013-09-13	11300.61
2013-09-14	11300.61
2013-09-15	11300.61
2013-09-16	11325.41
2013-09-17	11318.66
2013-09-18	11450.63
2013-09-19	11526.09
2013-09-20	11456.13
2013-09-21	11456.13
2013-09-22	11456.13
2013-09-23	11398.27
2013-09-24	11383.33
2013-09-25	11414.82
2013-09-26	11417.44
2013-09-27	11461.38
2013-09-28	11461.38
2013-09-29	11461.38
2013-09-30	11388.11
2013-10-01	11442.37
2013-10-02	11479.02
2013-10-03	11433.21
2013-10-04	11376.14
2013-10-05	11376.14
2013-10-06	11376.14
2013-10-07	11380.32
2013-10-08	11297.98
2013-10-09	11304.4
2013-10-10	11395.41
2013-10-11	11505.56
2013-10-12	11505.56
2013-10-13	11505.56
2013-10-14	11502.77
2013-10-15	11501.29
2013-10-16	11559.25
2013-10-17	11595.08
2013-10-18	11633.81
2013-10-19	11633.81
2013-10-20	11633.81
2013-10-21	11613.0
2013-10-22	11645.45
2013-10-23	11671.84
2013-10-24	11682.14
2013-10-25	11697.79
2013-10-26	11697.79
2013-10-27	11697.79
2013-10-28	11718.68
2013-10-29	11710.39
2013-10-30	11655.48
2013-10-31	11665.3
2013-11-01	11664.84
2013-11-02	11664.84
2013-11-03	11664.84
2013-11-04	11694.36
2013-11-05	11656.69
2013-11-06	11565.14
2013-11-07	11555.36
2013-11-08	11545.43
2013-11-09	11545.43
2013-11-10	11545.43
2013-11-11	11573.88
2013-11-12	11598.36
2013-11-13	11563.59
2013-11-14	11607.15
2013-11-15	11651.26
2013-11-16	11651.26
2013-11-17	11651.26
2013-11-18	11579.89
2013-11-19	11478.91
2013-11-20	11388.73
2013-11-21	11418.15
2013-11-22	11507.18
2013-11-23	11507.18
2013-11-24	11507.18
2013-11-25	11508.18
2013-11-26	11503.32
2013-11-27	11541.4
2013-11-28	11510.7
2013-11-29	11478.3
2013-11-30	11478.3
2013-12-01	11478.3
2013-12-02	11353.74
2013-12-03	11347.48
2013-12-04	11436.55
2013-12-05	11352.83
2013-12-06	11317.66
2013-12-07	11317.66
2013-12-08	11317.66
2013-12-09	11337.17
2013-12-10	11339.59
2013-12-11	11157.5
2013-12-12	11177.43
2013-12-13	11216.59
2013-12-14	11216.59
2013-12-15	11216.59
2013-12-16	11194.6
2013-12-17	11194.27
2013-12-18	11302.79
2013-12-19	11366.91
2013-12-20	11427.78
2013-12-21	11427.78
2013-12-22	11427.78
2013-12-23	11519.53
2013-12-24	11517.36
2013-12-25	11514.64
2013-12-26	11545.21
2013-12-27	11494.89
2013-12-28	11494.89
2013-12-29	11494.89
2013-12-30	11552.38
2013-12-31	11495.69
2014-01-01	11495.64
2014-01-02	11509.75
2014-01-03	11517.09
2014-01-04	11517.09
2014-01-05	11517.09
2014-01-06	11542.55
2014-01-07	11624.13
2014-01-08	11607.4
2014-01-09	11648.13
2014-01-10	11665.81
2014-01-11	11665.81
2014-01-12	11665.81
2014-01-13	11600.03
2014-01-14	11570.58
2014-01-15	11677.88
2014-01-16	11792.47
2014-01-17	11763.88
2014-01-18	11763.88
2014-01-19	11763.88
2014-01-20	11738.59
2014-01-21	11817.7
2014-01-22	11799.92
2014-01-23	11727.07
2014-01-24	11666.13
2014-01-25	11666.13
2014-01-26	11666.13
2014-01-27	11622.16
2014-01-28	11568.65
2014-01-29	11610.74
2014-01-30	11638.85
2014-01-31	11683.54
2014-02-01	11683.54
2014-02-02	11683.54
2014-02-03	11601.72
2014-02-04	11574.11
2014-02-05	11550.39
2014-02-06	11584.92
2014-02-07	11672.23
2014-02-08	11672.23
2014-02-09	11672.23
2014-02-10	11720.08
2014-02-11	11721.31
2014-02-12	11839.38
2014-02-13	11876.48
2014-02-14	11899.87
2014-02-15	11899.87
2014-02-16	11899.87
2014-02-17	11931.38
2014-02-18	11967.73
2014-02-19	12002.18
2014-02-20	12028.07
2014-02-21	12088.91
2014-02-22	12088.91
2014-02-23	12088.91
2014-02-24	12050.38
2014-02-25	12102.37
2014-02-26	12086.06
2014-02-27	12051.5
2014-02-28	12090.09
2014-03-01	12090.09
2014-03-02	12090.09
2014-03-03	12111.03
2014-03-04	12182.97
2014-03-05	12150.97
2014-03-06	12074.01
2014-03-07	12040.9
2014-03-08	12040.9
2014-03-09	12040.9
2014-03-10	11963.19
2014-03-11	12026.35
2014-03-12	12005.45
2014-03-13	11969.87
2014-03-14	11914.85
2014-03-15	11914.85
2014-03-16	11914.85
2014-03-17	11896.26
2014-03-18	11948.14
2014-03-19	11874.83
2014-03-20	11866.86
2014-03-21	11902.96
2014-03-22	11902.96
2014-03-23	11902.96
2014-03-24	11897.1
2014-03-25	11887.63
2014-03-26	11794.57
2014-03-27	11787.01
2014-03-28	11853.72
2014-03-29	11853.72
2014-03-30	11853.72
2014-03-31	11894.17
2014-04-01	11922.09
2014-04-02	11941.57
2014-04-03	11935.63
2014-04-04	11946.07
2014-04-05	11946.07
2014-04-06	11946.07
2014-04-07	11993.35
2014-04-08	11998.94
2014-04-09	12040.65
2014-04-10	12044.81
2014-04-11	11977.54
2014-04-12	11977.54
2014-04-13	11977.54
2014-04-14	11939.36
2014-04-15	12029.39
2014-04-16	12089.32
2014-04-17	12152.12
2014-04-18	12156.88
2014-04-19	12156.88
2014-04-20	12156.88
2014-04-21	12162.74
2014-04-22	12194.46
2014-04-23	12229.9
2014-04-24	12302.75
2014-04-25	12273.87
2014-04-26	12273.87
2014-04-27	12273.87
2014-04-28	12344.01
2014-04-29	12340.37
2014-04-30	12369.93
2014-05-01	12349.0
2014-05-02	12330.98
2014-05-03	12330.98
2014-05-04	12330.98
2014-05-05	12327.2
2014-05-06	12285.75
2014-05-07	12337.89
2014-05-08	12399.45
2014-05-09	12416.49
2014-05-10	12416.49
2014-05-11	12416.49
2014-05-12	12421.49
2014-05-13	12376.38
2014-05-14	12420.13
2014-05-15	12428.16
2014-05-16	12450.04
2014-05-17	12450.04
2014-05-18	12450.04
2014-05-19	12415.19
2014-05-20	12414.31
2014-05-21	12420.18
2014-05-22	12442.21
2014-05-23	12505.17
2014-05-24	12505.17
2014-05-25	12505.17
2014-05-26	12533.94
2014-05-27	12579.03
2014-05-28	12538.25
2014-05-29	12512.51
2014-05-30	12503.33
2014-05-31	12503.33
2014-06-01	12503.33
2014-06-02	12589.39
2014-06-03	12573.86
2014-06-04	12602.18
2014-06-05	12631.36
2014-06-06	12655.26
2014-06-07	12655.26
2014-06-08	12655.26
2014-06-09	12607.13
2014-06-10	12556.06
2014-06-11	12538.78
2014-06-12	12513.74
2014-06-13	12478.03
2014-06-14	12478.03
2014-06-15	12478.03
2014-06-16	12435.78
2014-06-17	12533.39
2014-06-18	12540.91
2014-06-19	12572.62
2014-06-20	12610.61
2014-06-21	12610.61
2014-06-22	12610.61
2014-06-23	12603.53
2014-06-24	12618.49
2014-06-25	12628.97
2014-06-26	12760.02
2014-06-27	12784.76
2014-06-28	12784.76
2014-06-29	12784.76
2014-06-30	12703.07
2014-07-01	12690.05
2014-07-02	12736.68
2014-07-03	12758.84
2014-07-04	12733.51
2014-07-05	12733.51
2014-07-06	12733.51
2014-07-07	12781.35
2014-07-08	12770.71
2014-07-09	12762.69
2014-07-10	12860.51
2014-07-11	12863.89
2014-07-12	12863.89
2014-07-13	12863.89
2014-07-14	12924.37
2014-07-15	12945.61
2014-07-16	13018.26
2014-07-17	12970.59
2014-07-18	12997.71
2014-07-19	12997.71
2014-07-20	12997.71
2014-07-21	13008.27
2014-07-22	13024.79
2014-07-23	13066.67
2014-07-24	13068.53
2014-07-25	13010.48
2014-07-26	13010.48
2014-07-27	13010.48
2014-07-28	13038.06
2014-07-29	13043.75
2014-07-30	13103.57
2014-07-31	13033.95
2014-08-01	12902.29
2014-08-02	12902.29
2014-08-03	12902.29
2014-08-04	12931.73
2014-08-05	12896.65
2014-08-06	12855.24
2014-08-07	12883.55
2014-08-08	12822.97
2014-08-09	12822.97
2014-08-10	12822.97
2014-08-11	12930.09
2014-08-12	12983.61
2014-08-13	13065.02
2014-08-14	13105.47
2014-08-15	13161.34
2014-08-16	13161.34
2014-08-17	13161.34
2014-08-18	13229.48
2014-08-19	13301.02
2014-08-20	13318.17
2014-08-21	13358.8
2014-08-22	13333.26
2014-08-23	13333.26
2014-08-24	13333.26
2014-08-25	13332.21
2014-08-26	13273.73
2014-08-27	13304.67
2014-08-28	13233.55
2014-08-29	13262.85
2014-08-30	13262.85
2014-08-31	13262.85
2014-09-01	13321.59
2014-09-02	13371.79
2014-09-03	13383.29
2014-09-04	13307.64
2014-09-05	13291.43
2014-09-06	13291.43
2014-09-07	13291.43
2014-09-08	13253.21
2014-09-09	13332.97
2014-09-10	13205.5
2014-09-11	13177.19
2014-09-12	13089.03
2014-09-13	13089.03
2014-09-14	13089.03
2014-09-15	12930.39
2014-09-16	12920.38
2014-09-17	12874.36
2014-09-18	12923.56
2014-09-19	12926.26
2014-09-20	12926.26
2014-09-21	12926.26
2014-09-22	12959.37
2014-09-23	12914.67
2014-09-24	12854.66
2014-09-25	12882.59
2014-09-26	12904.26
2014-09-27	12904.26
2014-09-28	12904.26
2014-09-29	12947.77
2014-09-30	12903.0
2014-10-01	13010.38
2014-10-02	12888.32
2014-10-03	12952.34
2014-10-04	12952.34
2014-10-05	12952.34
2014-10-06	12929.4
2014-10-07	12868.12
2014-10-08	12949.29
2014-10-09	13029.94
2014-10-10	12984.63
2014-10-11	12984.63
2014-10-12	12984.63
2014-10-13	12928.23
2014-10-14	12990.19
2014-10-15	12961.18
2014-10-16	13018.58
2014-10-17	13026.51
2014-10-18	13026.51
2014-10-19	13026.51
2014-10-20	13100.54
2014-10-21	13186.89
2014-10-22	13253.97
2014-10-23	13347.21
2014-10-24	13340.75
2014-10-25	13340.75
2014-10-26	13340.75
2014-10-27	13453.03
2014-10-28	13453.79
2014-10-29	13404.94
2014-10-30	13524.71
2014-10-31	13717.48
2014-11-01	13717.48
2014-11-02	13717.48
2014-11-03	13816.73
2014-11-04	13835.57
2014-11-05	13929.08
2014-11-06	13823.72
2014-11-07	13810.35
2014-11-08	13810.35
2014-11-09	13810.35
2014-11-10	13869.91
2014-11-11	13887.67
2014-11-12	13783.83
2014-11-13	13770.51
2014-11-14	13757.01
2014-11-15	13757.01
2014-11-16	13757.01
2014-11-17	13722.29
2014-11-18	13724.82
2014-11-19	13721.23
2014-11-20	13693.42
2014-11-21	13681.51
2014-11-22	13681.51
2014-11-23	13681.51
2014-11-24	13756.83
2014-11-25	13787.27
2014-11-26	13924.99
2014-11-27	13956.72
2014-11-28	13986.49
2014-11-29	13986.49
2014-11-30	13986.49
2014-12-01	14016.52
2014-12-02	14203.51
2014-12-03	14254.48
2014-12-04	14266.89
2014-12-05	14224.58
2014-12-06	14224.58
2014-12-07	14224.58
2014-12-08	14245.82
2014-12-09	14168.86
2014-12-10	14230.78
2014-12-11	14283.31
2014-12-12	14317.96
2014-12-13	14317.96
2014-12-14	14317.96
2014-12-15	14187.27
2014-12-16	14244.29
2014-12-17	14391.09
2014-12-18	14388.89
2014-12-19	14542.66
2014-12-20	14542.66
2014-12-21	14542.66
2014-12-22	14765.06
2014-12-23	14699.52
2014-12-24	14744.49
2014-12-25	14742.82
2014-12-26	14756.79
2014-12-27	14756.79
2014-12-28	14756.79
2014-12-29	14886.74
2014-12-30	14755.25
2014-12-31	14558.91
2015-01-01	14558.87
2015-01-02	14704.13
2015-01-03	14704.13
2015-01-04	14704.13
2015-01-05	14791.9
2015-01-06	14750.04
2015-01-07	14964.33
2015-01-08	15039.77
2015-01-09	15059.03
2015-01-10	15059.03
2015-01-11	15059.03
2015-01-12	15078.86
2015-01-13	15065.2
2015-01-14	15087.25
2015-01-15	15047.8
2015-01-16	15088.96
2015-01-17	15088.96
2015-01-18	15088.96
2015-01-19	15094.45
2015-01-20	15040.86
2015-01-21	15216.77
2015-01-22	15309.03
2015-01-23	15643.34
2015-01-24	15643.34
2015-01-25	15643.34
2015-01-26	15697.07
2015-01-27	15756.52
2015-01-28	15692.78
2015-01-29	15807.31
2015-01-30	15700.89
2015-01-31	15700.89
2015-02-01	15700.89
2015-02-02	15777.57
2015-02-03	16073.23
2015-02-04	16014.8
2015-02-05	16151.43
2015-02-06	15961.91
2015-02-07	15961.91
2015-02-08	15961.91
2015-02-09	15815.88
2015-02-10	15876.42
2015-02-11	15983.78
2015-02-12	16003.17
2015-02-13	16028.74
2015-02-14	16028.74
2015-02-15	16028.74
2015-02-16	15901.33
2015-02-17	15854.3
2015-02-18	15939.14
2015-02-19	15768.32
2015-02-20	15748.42
2015-02-21	15748.42
2015-02-22	15748.42
2015-02-23	15893.38
2015-02-24	15753.45
2015-02-25	15776.39
2015-02-26	15689.7
2015-02-27	15770.92
2015-02-28	15770.92
2015-03-01	15770.92
2015-03-02	15965.14
2015-03-03	15926.29
2015-03-04	15826.98
2015-03-05	15855.37
2015-03-06	15711.06
2015-03-07	15711.06
2015-03-08	15711.06
2015-03-09	15477.34
2015-03-10	15518.2
2015-03-11	15626.63
2015-03-12	15697.32
2015-03-13	15722.65
2015-03-14	15722.65
2015-03-15	15722.65
2015-03-16	15753.89
2015-03-17	15709.86
2015-03-18	15737.75
2015-03-19	16009.21
2015-03-20	16116.0
2015-03-21	16116.0
2015-03-22	16116.0
2015-03-23	16034.25
2015-03-24	16032.19
2015-03-25	15919.5
2015-03-26	15720.41
2015-03-27	15852.9
2015-03-28	15852.9
2015-03-29	15852.9
2015-03-30	15920.57
2015-03-31	15830.15
2015-04-01	15827.24
2015-04-02	15986.98
2015-04-03	15999.04
2015-04-04	15999.04
2015-04-05	15999.04
2015-04-06	15985.9
2015-04-07	15934.35
2015-04-08	15994.37
2015-04-09	15877.63
2015-04-10	15943.53
2015-04-11	15943.53
2015-04-12	15943.53
2015-04-13	15958.3
2015-04-14	15914.6
2015-04-15	15848.03
2015-04-16	15799.62
2015-04-17	15644.36
2015-04-18	15644.36
2015-04-19	15644.36
2015-04-20	15660.96
2015-04-21	15675.81
2015-04-22	15624.01
2015-04-23	15627.25
2015-04-24	15717.34
2015-04-25	15717.34
2015-04-26	15717.34
2015-04-27	15750.64
2015-04-28	15605.27
2015-04-29	15371.91
2015-04-30	15322.33
2015-05-01	15393.59
2015-05-02	15393.59
2015-05-03	15393.59
2015-05-04	15495.46
2015-05-05	15347.75
2015-05-06	15122.6
2015-05-07	15104.08
2015-05-08	15311.53
2015-05-09	15311.53
2015-05-10	15311.53
2015-05-11	15250.98
2015-05-12	15212.45
2015-05-13	15091.82
2015-05-14	15225.41
2015-05-15	15396.43
2015-05-16	15396.43
2015-05-17	15396.43
2015-05-18	15376.95
2015-05-19	15372.28
2015-05-20	15436.18
2015-05-21	15386.13
2015-05-22	15473.95
2015-05-23	15473.95
2015-05-24	15473.95
2015-05-25	15482.21
2015-05-26	15549.48
2015-05-27	15600.84
2015-05-28	15614.4
2015-05-29	15597.54
2015-05-30	15597.54
2015-05-31	15597.54
2015-06-01	15692.44
2015-06-02	15445.13
2015-06-03	15249.76
2015-06-04	15184.69
2015-06-05	15140.61
2015-06-06	15140.61
2015-06-07	15140.61
2015-06-08	15120.19
2015-06-09	15043.18
2015-06-10	15104.38
2015-06-11	15174.13
2015-06-12	15164.68
2015-06-13	15164.68
2015-06-14	15164.68
2015-06-15	15110.62
2015-06-16	15072.6
2015-06-17	15207.64
2015-06-18	15066.26
2015-06-19	15216.6
2015-06-20	15216.6
2015-06-21	15216.6
2015-06-22	15338.76
2015-06-23	15402.16
2015-06-24	15363.34
2015-06-25	15186.88
2015-06-26	15244.05
2015-06-27	15244.05
2015-06-28	15244.05
2015-06-29	15001.54
2015-06-30	15004.28
2015-07-01	15190.49
2015-07-02	15272.74
2015-07-03	15290.2
2015-07-04	15290.2
2015-07-05	15290.2
2015-07-06	15237.8
2015-07-07	15467.18
2015-07-08	15418.98
2015-07-09	15396.35
2015-07-10	15450.94
2015-07-11	15450.94
2015-07-12	15450.94
2015-07-13	15497.02
2015-07-14	15632.32
2015-07-15	15727.39
2015-07-16	15838.04
2015-07-17	15818.11
2015-07-18	15818.11
2015-07-19	15818.11
2015-07-20	15832.28
2015-07-21	15794.55
2015-07-22	15754.09
2015-07-23	15646.41
2015-07-24	15691.1
2015-07-25	15691.1
2015-07-26	15691.1
2015-07-27	15861.07
2015-07-28	15852.95
2015-07-29	15940.75
2015-07-30	15920.26
2015-07-31	15994.79
2015-08-01	15994.79
2015-08-02	15994.79
2015-08-03	16048.45
2015-08-04	15965.14
2015-08-05	15961.87
2015-08-06	15915.89
2015-08-07	15825.25
2015-08-08	15825.25
2015-08-09	15825.25
2015-08-10	15840.44
2015-08-11	15863.59
2015-08-12	15774.17
2015-08-13	15856.57
2015-08-14	15897.39
2015-08-15	15897.39
2015-08-16	15897.39
2015-08-17	15941.27
2015-08-18	15948.04
2015-08-19	15995.28
2015-08-20	15875.13
2015-08-21	15627.51
2015-08-22	15627.51
2015-08-23	15627.51
2015-08-24	15218.56
2015-08-25	15356.82
2015-08-26	15448.97
2015-08-27	15646.29
2015-08-28	15612.52
2015-08-29	15612.52
2015-08-30	15612.52
2015-08-31	15514.88
2015-09-01	15317.01
2015-09-02	15385.18
2015-09-03	15321.66
2015-09-04	15267.25
2015-09-05	15267.25
2015-09-06	15267.25
2015-09-07	15336.07
2015-09-08	15465.34
2015-09-09	15482.48
2015-09-10	15306.35
2015-09-11	15350.55
2015-09-12	15350.55
2015-09-13	15350.55
2015-09-14	15326.61
2015-09-15	15328.64
2015-09-16	15324.32
2015-09-17	15494.86
2015-09-18	15458.51
2015-09-19	15458.51
2015-09-20	15458.51
2015-09-21	15475.17
2015-09-22	15508.88
2015-09-23	15474.39
2015-09-24	15643.35
2015-09-25	15690.29
2015-09-26	15690.29
2015-09-27	15690.29
2015-09-28	15703.74
2015-09-29	15549.35
2015-09-30	15753.36
2015-10-01	15873.31
2015-10-02	15846.23
2015-10-03	15846.23
2015-10-04	15846.23
2015-10-05	16052.84
2015-10-06	15978.39
2015-10-07	15923.59
2015-10-08	15907.43
2015-10-09	15833.79
2015-10-10	15833.79
2015-10-11	15833.79
2015-10-12	15768.72
2015-10-13	15744.68
2015-10-14	15705.76
2015-10-15	15800.76
2015-10-16	16016.97
2015-10-17	16016.97
2015-10-18	16016.97
2015-10-19	16087.72
2015-10-20	16091.63
2015-10-21	16079.3
2015-10-22	16192.98
2015-10-23	16268.68
2015-10-24	16268.68
2015-10-25	16268.68
2015-10-26	16293.42
2015-10-27	16328.12
2015-10-28	16452.29
2015-10-29	16470.31
2015-10-30	16386.67
2015-10-31	16386.67
2015-11-01	16386.67
2015-11-02	16390.41
2015-11-03	16332.53
2015-11-04	16341.52
2015-11-05	16297.36
2015-11-06	16247.6
2015-11-07	16247.6
2015-11-08	16247.6
2015-11-09	15945.63
2015-11-10	15890.53
2015-11-11	15917.15
2015-11-12	15817.04
2015-11-13	15711.72
2015-11-14	15711.72
2015-11-15	15711.72
2015-11-16	15603.27
2015-11-17	15868.57
2015-11-18	15984.57
2015-11-19	16061.84
2015-11-20	16116.08
2015-11-21	16116.08
2015-11-22	16116.08
2015-11-23	16180.65
2015-11-24	16103.26
2015-11-25	16044.76
2015-11-26	16030.17
2015-11-27	16109.57
2015-11-28	16109.57
2015-11-29	16109.57
2015-11-30	16074.9
2015-12-01	16092.17
2015-12-02	15991.73
2015-12-03	15910.33
2015-12-04	15851.75
2015-12-05	15851.75
2015-12-06	15851.75
2015-12-07	15984.27
2015-12-08	16074.4
2015-12-09	15999.34
2015-12-10	15791.48
2015-12-11	15848.4
2015-12-12	15848.4
2015-12-13	15848.4
2015-12-14	15741.18
2015-12-15	15873.54
2015-12-16	16222.34
2015-12-17	16272.27
2015-12-18	16171.13
2015-12-19	16171.13
2015-12-20	16171.13
2015-12-21	16122.54
2015-12-22	16127.25
2015-12-23	16208.31
2015-12-24	16220.13
2015-12-25	16220.73
2015-12-26	16220.73
2015-12-27	16220.73
2015-12-28	16248.97
2015-12-29	16426.85
2015-12-30	16442.54
2015-12-31	16273.68
2016-01-01	16273.68
2016-01-02	16273.68
2016-01-03	16273.68
2016-01-04	16252.92
2016-01-05	16304.79
2016-01-06	16240.1
2016-01-07	16136.33
2016-01-08	16076.8
2016-01-09	16076.8
2016-01-10	16076.8
2016-01-11	16013.08
2016-01-12	16022.37
2016-01-13	16073.65
2016-01-14	16007.47
2016-01-15	15909.85
2016-01-16	15909.85
2016-01-17	15909.85
2016-01-18	15917.27
2016-01-19	16079.17
2016-01-20	15952.5
2016-01-21	15944.57
2016-01-22	16066.11
2016-01-23	16066.11
2016-01-24	16066.11
2016-01-25	16134.03
2016-01-26	16222.36
2016-01-27	16126.86
2016-01-28	16110.11
2016-01-29	16281.18
2016-01-30	16281.18
2016-01-31	16281.18
2016-02-01	16364.23
2016-02-02	16316.42
2016-02-03	16281.13
2016-02-04	16258.44
2016-02-05	16259.2
2016-02-06	16259.2
2016-02-07	16259.2
2016-02-08	16092.42
2016-02-09	15772.7
2016-02-10	15723.91
2016-02-11	15835.62
2016-02-12	15839.19
2016-02-13	15839.19
2016-02-14	15839.19
2016-02-15	15933.55
2016-02-16	16199.08
2016-02-17	16104.6
2016-02-18	16229.37
2016-02-19	16323.37
2016-02-20	16323.37
2016-02-21	16323.37
2016-02-22	16336.67
2016-02-23	16273.62
2016-02-24	16237.95
2016-02-25	16372.67
2016-02-26	16383.5
2016-02-27	16383.5
2016-02-28	16383.5
2016-02-29	16362.92
2016-03-01	16576.86
2016-03-02	16574.8
2016-03-03	16569.59
2016-03-04	16343.92
2016-03-05	16343.92
2016-03-06	16343.92
2016-03-07	16263.61
2016-03-08	16310.57
2016-03-09	16347.63
2016-03-10	16378.8
2016-03-11	16550.08
2016-03-12	16550.08
2016-03-13	16550.08
2016-03-14	16517.78
2016-03-15	16518.53
2016-03-16	16600.91
2016-03-17	16666.16
2016-03-18	16616.28
2016-03-19	16616.28
2016-03-20	16616.28
2016-03-21	16572.92
2016-03-22	16545.19
2016-03-23	16583.04
2016-03-24	16581.34
2016-03-25	16583.26
2016-03-26	16583.26
2016-03-27	16583.26
2016-03-28	16588.99
2016-03-29	16692.34
2016-03-30	16658.77
2016-03-31	16751.08
2016-04-01	16610.11
2016-04-02	16610.11
2016-04-03	16610.11
2016-04-04	16654.82
2016-04-05	16621.04
2016-04-06	16680.48
2016-04-07	16742.91
2016-04-08	16777.97
2016-04-09	16777.97
2016-04-10	16777.97
2016-04-11	16727.19
2016-04-12	16790.16
2016-04-13	16823.25
2016-04-14	16727.06
2016-04-15	16772.67
2016-04-16	16772.67
2016-04-17	16772.67
2016-04-18	16847.55
2016-04-19	16818.76
2016-04-20	16752.9
2016-04-21	16539.16
2016-04-22	16610.49
2016-04-23	16610.49
2016-04-24	16610.49
2016-04-25	16689.02
2016-04-26	16792.22
2016-04-27	16943.48
2016-04-28	16949.0
2016-04-29	16905.02
2016-04-30	16905.02
2016-05-01	16905.02
2016-05-02	17000.73
2016-05-03	17253.92
2016-05-04	17384.48
2016-05-05	17393.29
2016-05-06	17492.96
2016-05-07	17492.96
2016-05-08	17492.96
2016-05-09	17608.76
2016-05-10	17696.75
2016-05-11	17488.41
2016-05-12	17450.83
2016-05-13	17479.7
2016-05-14	17479.7
2016-05-15	17479.7
2016-05-16	17524.64
2016-05-17	17461.3
2016-05-18	17388.61
2016-05-19	17304.41
2016-05-20	17359.29
2016-05-21	17359.29
2016-05-22	17359.29
2016-05-23	17302.01
2016-05-24	17380.92
2016-05-25	17445.94
2016-05-26	17453.76
2016-05-27	17525.41
2016-05-28	17525.41
2016-05-29	17525.41
2016-05-30	17583.84
2016-05-31	17469.68
2016-06-01	17506.98
2016-06-02	17506.24
2016-06-03	17528.9
2016-06-04	17528.9
2016-06-05	17528.9
2016-06-06	17536.84
2016-06-07	17522.65
2016-06-08	17562.84
2016-06-09	17636.71
2016-06-10	17572.45
2016-06-11	17572.45
2016-06-12	17572.45
2016-06-13	17545.44
2016-06-14	17442.42
2016-06-15	17428.18
2016-06-16	17562.42
2016-06-17	17535.08
2016-06-18	17535.08
2016-06-19	17535.08
2016-06-20	17582.99
2016-06-21	17646.72
2016-06-22	17625.56
2016-06-23	17610.45
2016-06-24	17316.66
2016-06-25	17316.66
2016-06-26	17316.66
2016-06-27	17480.57
2016-06-28	17623.71
2016-06-29	17776.76
2016-06-30	17923.61
2016-07-01	17987.6
2016-07-02	17987.6
2016-07-03	17987.6
2016-07-04	18024.05
2016-07-05	18046.75
2016-07-06	17973.58
2016-07-07	17968.28
2016-07-08	18013.9
2016-07-09	18013.9
2016-07-10	18013.9
2016-07-11	18283.76
2016-07-12	18208.27
2016-07-13	18238.61
2016-07-14	18226.33
2016-07-15	18166.21
2016-07-16	18166.21
2016-07-17	18166.21
2016-07-18	18243.13
2016-07-19	18401.85
2016-07-20	18518.68
2016-07-21	18515.43
2016-07-22	18571.09
2016-07-23	18571.09
2016-07-24	18571.09
2016-07-25	18604.45
2016-07-26	18585.01
2016-07-27	18534.05
2016-07-28	18592.9
2016-07-29	18594.13
2016-07-30	18594.13
2016-07-31	18594.13
2016-08-01	18705.52
2016-08-02	18462.3
2016-08-03	18315.9
2016-08-04	18339.89
2016-08-05	18293.68
2016-08-06	18293.68
2016-08-07	18293.68
2016-08-08	18257.39
2016-08-09	18189.57
2016-08-10	18197.62
2016-08-11	18128.98
2016-08-12	18154.45
2016-08-13	18154.45
2016-08-14	18154.45
2016-08-15	18241.93
2016-08-16	18189.83
2016-08-17	18229.71
2016-08-18	18150.92
2016-08-19	18147.72
2016-08-20	18147.72
2016-08-21	18147.72
2016-08-22	18204.25
2016-08-23	18243.01
2016-08-24	18258.22
2016-08-25	18363.22
2016-08-26	18198.12
2016-08-27	18198.12
2016-08-28	18198.12
2016-08-29	18214.42
2016-08-30	18282.14
2016-08-31	18241.06
2016-09-01	18185.27
2016-09-02	18130.62
2016-09-03	18130.62
2016-09-04	18130.62
2016-09-05	18141.59
2016-09-06	18047.43
2016-09-07	17910.83
2016-09-08	17904.07
2016-09-09	17599.82
2016-09-10	17599.82
2016-09-11	17599.82
2016-09-12	17455.45
2016-09-13	17321.5
2016-09-14	17358.68
2016-09-15	17355.2
2016-09-16	17422.28
2016-09-17	17422.28
2016-09-18	17422.28
2016-09-19	17434.99
2016-09-20	17451.07
2016-09-21	17520.92
2016-09-22	17600.74
2016-09-23	17730.84
2016-09-24	17730.84
2016-09-25	17730.84
2016-09-26	17834.68
2016-09-27	17777.88
2016-09-28	17820.39
2016-09-29	17697.0
2016-09-30	17662.19
2016-10-01	17662.19
2016-10-02	17662.19
2016-10-03	17608.18
2016-10-04	17430.4
2016-10-05	17140.95
2016-10-06	17146.26
2016-10-07	16977.58
2016-10-08	16977.58
2016-10-09	16977.58
2016-10-10	16956.32
2016-10-11	16943.17
2016-10-12	16979.56
2016-10-13	17097.04
2016-10-14	17016.04
2016-10-15	17016.04
2016-10-16	17016.04
2016-10-17	16844.29
2016-10-18	16941.89
2016-10-19	16988.3
2016-10-20	16984.99
2016-10-21	16922.84
2016-10-22	16922.84
2016-10-23	16922.84
2016-10-24	16817.69
2016-10-25	16926.76
2016-10-26	16687.17
2016-10-27	16479.89
2016-10-28	16396.41
2016-10-29	16396.41
2016-10-30	16396.41
2016-10-31	16570.97
2016-11-01	16413.67
2016-11-02	16350.26
2016-11-03	16257.67
2016-11-04	16302.05
2016-11-05	16302.05
2016-11-06	16302.05
2016-11-07	16441.2
2016-11-08	16416.39
2016-11-09	16344.27
2016-11-10	16055.98
2016-11-11	16043.23
2016-11-12	16043.23
2016-11-13	16043.23
2016-11-14	16108.89
2016-11-15	16037.95
2016-11-16	16066.48
2016-11-17	16114.8
2016-11-18	16268.17
2016-11-19	16268.17
2016-11-20	16268.17
2016-11-21	16239.62
2016-11-22	16344.95
2016-11-23	16413.67
2016-11-24	16423.26
2016-11-25	16453.7
2016-11-26	16453.7
2016-11-27	16453.7
2016-11-28	16406.59
2016-11-29	16528.52
2016-11-30	16615.96
2016-12-01	16354.48
2016-12-02	16328.09
2016-12-03	16328.09
2016-12-04	16328.09
2016-12-05	16382.91
2016-12-06	16533.98
2016-12-07	16746.78
2016-12-08	16857.25
2016-12-09	16834.37
2016-12-10	16834.37
2016-12-11	16834.37
2016-12-12	16835.0
2016-12-13	16948.01
2016-12-14	16873.23
2016-12-15	16735.7
2016-12-16	16929.93
2016-12-17	16929.93
2016-12-18	16929.93
2016-12-19	17063.25
2016-12-20	17171.53
2016-12-21	17149.79
2016-12-22	17207.11
2016-12-23	17342.05
2016-12-24	17342.05
2016-12-25	17342.05
2016-12-26	17346.58
2016-12-27	17351.4
2016-12-28	17345.69
2016-12-29	17421.5
2016-12-30	17557.52
2016-12-31	17557.52
2017-01-01	17557.52
2017-01-02	17564.49
2017-01-03	17631.25
2017-01-04	17566.37
2017-01-05	17580.4
2017-01-06	17644.1
2017-01-07	17644.1
2017-01-08	17644.1
2017-01-09	17620.15
2017-01-10	17444.88
2017-01-11	17358.84
2017-01-12	17170.29
2017-01-13	17114.63
2017-01-14	17114.63
2017-01-15	17114.63
2017-01-16	17152.8
2017-01-17	17068.07
2017-01-18	17103.77
2017-01-19	16909.59
2017-01-20	16924.97
2017-01-21	16924.97
2017-01-22	16924.97
2017-01-23	16962.91
2017-01-24	17066.36
2017-01-25	16934.25
2017-01-26	16943.71
2017-01-27	16974.24
2017-01-28	16974.24
2017-01-29	16974.24
2017-01-30	16862.78
2017-01-31	16888.08
2017-02-01	16900.91
2017-02-02	16810.1
2017-02-03	16889.0
2017-02-04	16889.0
2017-02-05	16889.0
2017-02-06	16887.81
2017-02-07	16954.28
2017-02-08	17038.52
2017-02-09	17218.89
2017-02-10	17195.59
2017-02-11	17195.59
2017-02-12	17195.59
2017-02-13	17237.19
2017-02-14	17242.58
2017-02-15	17221.5
2017-02-16	17232.32
2017-02-17	17319.72
2017-02-18	17319.72
2017-02-19	17319.72
2017-02-20	17338.09
2017-02-21	17365.4
2017-02-22	17336.13
2017-02-23	17350.02
2017-02-24	17385.31
2017-02-25	17385.31
2017-02-26	17385.31
2017-02-27	17424.22
2017-02-28	17381.83
2017-03-01	17370.5
2017-03-02	17414.61
2017-03-03	17367.83
2017-03-04	17367.83
2017-03-05	17367.83
2017-03-06	17343.48
2017-03-07	17302.21
2017-03-08	17176.59
2017-03-09	17098.16
2017-03-10	16939.2
2017-03-11	16939.2
2017-03-12	16939.2
2017-03-13	16847.13
2017-03-14	16800.42
2017-03-15	16980.48
2017-03-16	17052.36
2017-03-17	17150.12
2017-03-18	17150.12
2017-03-19	17150.12
2017-03-20	17050.07
2017-03-21	16951.07
2017-03-22	17006.57
2017-03-23	17100.04
2017-03-24	17192.14
2017-03-25	17192.14
2017-03-26	17192.14
2017-03-27	17194.37
2017-03-28	17268.49
2017-03-29	17322.69
2017-03-30	17356.43
2017-03-31	17344.06
2017-04-01	17344.06
2017-04-02	17344.06
2017-04-03	17422.75
2017-04-04	17482.82
2017-04-05	17508.34
2017-04-06	17620.55
2017-04-07	17688.36
2017-04-08	17688.36
2017-04-09	17688.36
2017-04-10	17749.77
2017-04-11	17834.26
2017-04-12	17932.17
2017-04-13	17914.63
2017-04-14	17909.92
2017-04-15	17909.92
2017-04-16	17909.92
2017-04-17	17977.28
2017-04-18	18026.37
2017-04-19	17880.75
2017-04-20	17952.42
2017-04-21	17908.77
2017-04-22	17908.77
2017-04-23	17908.77
2017-04-24	17750.9
2017-04-25	17812.86
2017-04-26	17852.79
2017-04-27	17833.21
2017-04-28	17682.8
2017-04-29	17682.8
2017-04-30	17682.8
2017-05-01	17737.28
2017-05-02	17859.49
2017-05-03	17801.3
2017-05-04	17783.4
2017-05-05	17727.88
2017-05-06	17727.88
2017-05-07	17727.88
2017-05-08	17732.58
2017-05-09	17705.95
2017-05-10	17798.65
2017-05-11	17794.51
2017-05-12	17657.75
2017-05-13	17657.75
2017-05-14	17657.75
2017-05-15	17596.9
2017-05-16	17584.09
2017-05-17	17530.84
2017-05-18	17488.64
2017-05-19	17518.91
2017-05-20	17518.91
2017-05-21	17518.91
2017-05-22	17583.11
2017-05-23	17571.64
2017-05-24	17674.16
2017-05-25	17703.7
2017-05-26	17715.28
2017-05-27	17715.28
2017-05-28	17715.28
2017-05-29	17687.85
2017-05-30	17605.15
2017-05-31	17675.78
2017-06-01	17862.71
2017-06-02	17927.44
2017-06-03	17927.44
2017-06-04	17927.44
2017-06-05	17875.79
2017-06-06	17682.8
2017-06-07	17661.46
2017-06-08	17628.58
2017-06-09	17612.76
2017-06-10	17612.76
2017-06-11	17612.76
2017-06-12	17648.37
2017-06-13	17842.97
2017-06-14	17906.27
2017-06-15	17951.52
2017-06-16	17983.89
2017-06-17	17983.89
2017-06-18	17983.89
2017-06-19	18057.47
2017-06-20	17850.81
2017-06-21	17751.79
2017-06-22	17684.17
2017-06-23	17661.45
2017-06-24	17661.45
2017-06-25	17661.45
2017-06-26	17790.16
2017-06-27	17701.65
2017-06-28	17713.33
2017-06-29	17623.44
2017-06-30	17388.65
2017-07-01	17388.65
2017-07-02	17388.65
2017-07-03	17362.77
2017-07-04	17577.41
2017-07-05	17390.57
2017-07-06	17313.81
2017-07-07	17273.53
2017-07-08	17273.53
2017-07-09	17273.53
2017-07-10	17221.69
2017-07-11	17113.32
2017-07-12	17012.16
2017-07-13	17085.56
2017-07-14	17176.02
2017-07-15	17176.02
2017-07-16	17176.02
2017-07-17	17213.94
2017-07-18	17180.11
2017-07-19	17294.6
2017-07-20	17222.05
2017-07-21	17251.97
2017-07-22	17251.97
2017-07-23	17251.97
2017-07-24	17192.17
2017-07-25	17242.68
2017-07-26	17299.11
2017-07-27	17339.43
2017-07-28	17270.32
2017-07-29	17270.32
2017-07-30	17270.32
2017-07-31	17271.79
2017-08-01	17408.29
2017-08-02	17315.64
2017-08-03	17328.81
2017-08-04	17372.49
2017-08-05	17372.49
2017-08-06	17372.49
2017-08-07	17398.55
2017-08-08	17348.2
2017-08-09	17351.36
2017-08-10	17311.12
2017-08-11	17244.89
2017-08-12	17244.89
2017-08-13	17244.89
2017-08-14	17337.76
2017-08-15	17450.61
2017-08-16	17477.83
2017-08-17	17466.28
2017-08-18	17412.85
2017-08-19	17412.85
2017-08-20	17412.85
2017-08-21	17405.67
2017-08-22	17453.93
2017-08-23	17474.59
2017-08-24	17376.65
2017-08-25	17274.33
2017-08-26	17274.33
2017-08-27	17274.33
2017-08-28	17214.21
2017-08-29	17166.29
2017-08-30	17303.61
2017-08-31	17375.31
2017-09-01	17383.37
2017-09-02	17383.37
2017-09-03	17383.37
2017-09-04	17407.55
2017-09-05	17394.29
2017-09-06	17455.9
2017-09-07	17473.23
2017-09-08	17487.06
2017-09-09	17487.06
2017-09-10	17487.06
2017-09-11	17596.08
2017-09-12	17547.75
2017-09-13	17516.81
2017-09-14	17547.79
2017-09-15	17553.44
2017-09-16	17553.44
2017-09-17	17553.44
2017-09-18	17566.72
2017-09-19	17409.97
2017-09-20	17356.07
2017-09-21	17296.1
2017-09-22	17263.01
2017-09-23	17263.01
2017-09-24	17263.01
2017-09-25	17268.59
2017-09-26	17375.03
2017-09-27	17315.54
2017-09-28	17385.06
2017-09-29	17465.08
2017-09-30	17465.08
2017-10-01	17465.08
2017-10-02	17480.57
2017-10-03	17476.2
2017-10-04	17364.99
2017-10-05	17395.18
2017-10-06	17455.91
2017-10-07	17455.91
2017-10-08	17455.91
2017-10-09	17513.52
2017-10-10	17515.76
2017-10-11	17602.58
2017-10-12	17599.94
2017-10-13	17555.05
2017-10-14	17555.05
2017-10-15	17555.05
2017-10-16	17553.54
2017-10-17	17645.39
2017-10-18	17701.65
2017-10-19	17645.03
2017-10-20	17642.67
2017-10-21	17642.67
2017-10-22	17642.67
2017-10-23	17538.01
2017-10-24	17537.11
2017-10-25	17626.41
2017-10-26	17662.26
2017-10-27	17683.19
2017-10-28	17683.19
2017-10-29	17683.19
2017-10-30	17638.0
2017-10-31	17727.36
2017-11-01	17725.77
2017-11-02	17708.17
2017-11-03	17786.45
2017-11-04	17786.45
2017-11-05	17786.45
2017-11-06	17804.71
2017-11-07	17976.18
2017-11-08	18057.63
2017-11-09	18120.82
2017-11-10	18243.58
2017-11-11	18243.58
2017-11-12	18243.58
2017-11-13	18279.21
2017-11-14	18183.85
2017-11-15	18128.49
2017-11-16	18138.78
2017-11-17	18212.29
2017-11-18	18212.29
2017-11-19	18212.29
2017-11-20	18177.67
2017-11-21	18219.18
2017-11-22	18218.22
2017-11-23	18184.21
2017-11-24	18243.69
2017-11-25	18243.69
2017-11-26	18243.69
2017-11-27	18233.96
2017-11-28	18285.48
2017-11-29	18309.7
2017-11-30	18378.32
2017-12-01	18399.16
2017-12-02	18399.16
2017-12-03	18399.16
2017-12-04	18275.54
2017-12-05	18305.65
2017-12-06	18376.2
2017-12-07	18414.49
2017-12-08	18430.7
2017-12-09	18430.7
2017-12-10	18430.7
2017-12-11	18403.08
2017-12-12	18591.41
2017-12-13	18717.86
2017-12-14	18624.74
2017-12-15	18595.81
2017-12-16	18595.81
2017-12-17	18595.81
2017-12-18	18633.06
2017-12-19	18594.1
2017-12-20	18431.6
2017-12-21	18280.42
2017-12-22	18262.83
2017-12-23	18262.83
2017-12-24	18262.83
2017-12-25	18262.59
2017-12-26	18297.63
2017-12-27	18289.21
2017-12-28	18416.19
2017-12-29	18342.74
2017-12-30	18342.74
2017-12-31	18342.74
2018-01-01	18342.51
2018-01-02	18277.62
2018-01-03	18331.35
2018-01-04	18176.75
2018-01-05	18169.5
2018-01-06	18169.5
2018-01-07	18169.5
2018-01-08	18256.59
2018-01-09	18212.83
2018-01-10	17981.87
2018-01-11	17876.64
2018-01-12	17817.61
2018-01-13	17817.61
2018-01-14	17817.61
2018-01-15	17735.73
2018-01-16	17706.71
2018-01-17	17769.47
2018-01-18	17759.61
2018-01-19	17727.75
2018-01-20	17727.75
2018-01-21	17727.75
2018-01-22	17735.3
2018-01-23	17887.27
2018-01-24	17840.74
2018-01-25	17778.76
2018-01-26	17768.76
2018-01-27	17768.76
2018-01-28	17768.76
2018-01-29	17605.19
2018-01-30	17501.72
2018-01-31	17731.96
2018-02-01	17669.48
2018-02-02	17568.27
2018-02-03	17568.27
2018-02-04	17568.27
2018-02-05	17275.18
2018-02-06	17029.91
2018-02-07	17055.35
2018-02-08	16988.18
2018-02-09	17068.67
2018-02-10	17068.67
2018-02-11	17068.67
2018-02-12	17007.22
2018-02-13	17092.2
2018-02-14	16973.73
2018-02-15	17022.19
2018-02-16	17127.68
2018-02-17	17127.68
2018-02-18	17127.68
2018-02-19	17194.51
2018-02-20	17112.59
2018-02-21	17154.65
2018-02-22	17044.78
2018-02-23	17257.14
2018-02-24	17257.14
2018-02-25	17257.14
2018-02-26	17370.82
2018-02-27	17249.16
2018-02-28	17137.07
2018-03-01	17177.89
2018-03-02	17230.57
2018-03-03	17230.57
2018-03-04	17230.57
2018-03-05	17264.68
2018-03-06	17207.87
2018-03-07	17267.05
2018-03-08	17388.05
2018-03-09	17373.59
2018-03-10	17373.59
2018-03-11	17373.59
2018-03-12	17370.23
2018-03-13	17397.45
2018-03-14	17333.69
2018-03-15	17398.08
2018-03-16	17560.73
2018-03-17	17560.73
2018-03-18	17560.73
2018-03-19	17624.88
2018-03-20	17588.69
2018-03-21	17477.77
2018-03-22	17386.27
2018-03-23	17190.22
2018-03-24	17190.22
2018-03-25	17190.22
2018-03-26	17230.7
2018-03-27	17252.14
2018-03-28	17456.22
2018-03-29	17475.99
2018-03-30	17475.91
2018-03-31	17475.91
2018-04-01	17475.91
2018-04-02	17415.26
2018-04-03	17405.24
2018-04-04	17518.44
2018-04-05	17575.92
2018-04-06	17588.73
2018-04-07	17588.73
2018-04-08	17588.73
2018-04-09	17591.73
2018-04-10	17592.29
2018-04-11	17501.52
2018-04-12	17391.68
2018-04-13	17410.51
2018-04-14	17410.51
2018-04-15	17410.51
2018-04-16	17430.85
2018-04-17	17511.28
2018-04-18	17562.74
2018-04-19	17473.81
2018-04-20	17442.21
2018-04-21	17442.21
2018-04-22	17442.21
2018-04-23	17470.72
2018-04-24	17592.97
2018-04-25	17595.93
2018-04-26	17714.97
2018-04-27	17877.61
2018-04-28	17877.61
2018-04-29	17877.61
2018-04-30	18042.95
2018-05-01	18200.86
2018-05-02	18223.23
2018-05-03	18220.2
2018-05-04	18159.68
2018-05-05	18159.68
2018-05-06	18159.68
2018-05-07	18274.13
2018-05-08	18321.35
2018-05-09	18435.12
2018-05-10	18400.91
2018-05-11	18333.58
2018-05-12	18333.58
2018-05-13	18333.58
2018-05-14	18290.45
2018-05-15	18188.37
2018-05-16	18062.07
2018-05-17	17957.64
2018-05-18	18048.97
2018-05-19	18048.97
2018-05-20	18048.97
2018-05-21	18073.53
2018-05-22	18091.35
2018-05-23	18299.82
2018-05-24	18378.07
2018-05-25	18391.09
2018-05-26	18391.09
2018-05-27	18391.09
2018-05-28	18453.69
2018-05-29	18493.89
2018-05-30	18545.75
2018-05-31	18535.17
2018-06-01	18523.81
2018-06-02	18523.81
2018-06-03	18523.81
2018-06-04	18666.72
2018-06-05	18541.28
2018-06-06	18587.77
2018-06-07	18561.97
2018-06-08	18579.43
2018-06-09	18579.43
2018-06-10	18579.43
2018-06-11	18556.89
2018-06-12	18594.61
2018-06-13	18511.08
2018-06-14	18614.91
2018-06-15	18713.78
2018-06-16	18713.78
2018-06-17	18713.78
2018-06-18	18821.31
2018-06-19	18796.05
2018-06-20	18942.35
2018-06-21	19029.23
2018-06-22	19054.12
2018-06-23	19054.12
2018-06-24	19054.12
2018-06-25	19002.57
2018-06-26	19035.4
2018-06-27	18962.58
2018-06-28	19086.71
2018-06-29	19069.02
2018-06-30	19069.02
2018-07-01	19069.02
2018-07-02	19099.26
2018-07-03	19166.85
2018-07-04	19165.7
2018-07-05	19231.84
2018-07-06	19305.77
2018-07-07	19305.77
2018-07-08	19305.77
2018-07-09	19232.29
2018-07-10	19200.8
2018-07-11	19168.81
2018-07-12	19291.16
2018-07-13	19293.39
2018-07-14	19293.39
2018-07-15	19293.39
2018-07-16	19201.9
2018-07-17	19149.3
2018-07-18	19156.61
2018-07-19	19200.71
2018-07-20	19171.38
2018-07-21	19171.38
2018-07-22	19171.38
2018-07-23	19078.01
2018-07-24	19009.21
2018-07-25	19075.25
2018-07-26	19110.35
2018-07-27	19093.31
2018-07-28	19093.31
2018-07-29	19093.31
2018-07-30	19096.76
2018-07-31	19220.63
2018-08-01	19234.06
2018-08-02	19230.03
2018-08-03	19327.52
2018-08-04	19327.52
2018-08-05	19327.52
2018-08-06	19425.17
2018-08-07	19411.95
2018-08-08	19389.2
2018-08-09	19469.65
2018-08-10	19364.32
2018-08-11	19364.32
2018-08-12	19364.32
2018-08-13	19353.46
2018-08-14	19445.74
2018-08-15	19561.8
2018-08-16	19573.52
2018-08-17	19751.54
2018-08-18	19751.54
2018-08-19	19751.54
2018-08-20	19784.68
2018-08-21	19612.27
2018-08-22	19585.78
2018-08-23	19491.27
2018-08-24	19514.29
2018-08-25	19514.29
2018-08-26	19514.29
2018-08-27	19541.98
2018-08-28	19681.31
2018-08-29	19772.29
2018-08-30	19759.11
2018-08-31	19738.21
2018-09-01	19738.21
2018-09-02	19738.21
2018-09-03	19748.16
2018-09-04	19725.83
2018-09-05	19754.61
2018-09-06	19699.97
2018-09-07	19690.0
2018-09-08	19690.0
2018-09-09	19690.0
2018-09-10	19673.4
2018-09-11	19767.96
2018-09-12	19754.17
2018-09-13	19780.36
2018-09-14	19707.99
2018-09-15	19707.99
2018-09-16	19707.99
2018-09-17	19796.91
2018-09-18	19799.93
2018-09-19	19576.08
2018-09-20	19489.19
2018-09-21	19427.04
2018-09-22	19427.04
2018-09-23	19427.04
2018-09-24	19386.37
2018-09-25	19361.12
2018-09-26	19337.83
2018-09-27	19356.67
2018-09-28	19369.23
2018-09-29	19369.23
2018-09-30	19369.23
2018-10-01	19276.07
2018-10-02	19185.24
2018-10-03	19165.38
2018-10-04	19079.32
2018-10-05	19070.57
2018-10-06	19070.57
2018-10-07	19070.57
2018-10-08	19128.99
2018-10-09	19190.77
2018-10-10	19063.23
2018-10-11	18751.96
2018-10-12	18643.23
2018-10-13	18643.23
2018-10-14	18643.23
2018-10-15	18528.59
2018-10-16	18678.16
2018-10-17	18884.6
2018-10-18	18961.77
2018-10-19	18964.62
2018-10-20	18964.62
2018-10-21	18964.62
2018-10-22	18944.65
2018-10-23	18939.99
2018-10-24	19001.97
2018-10-25	18939.86
2018-10-26	18902.94
2018-10-27	18902.94
2018-10-28	18902.94
2018-10-29	19005.31
2018-10-30	19068.74
2018-10-31	18937.94
2018-11-01	18804.51
2018-11-02	18644.32
2018-11-03	18644.32
2018-11-04	18644.32
2018-11-05	18654.6
2018-11-06	18826.11
2018-11-07	18944.89
2018-11-08	19085.81
2018-11-09	19113.49
2018-11-10	19113.49
2018-11-11	19113.49
2018-11-12	19227.48
2018-11-13	19188.11
2018-11-14	19122.02
2018-11-15	19009.07
2018-11-16	18892.21
2018-11-17	18892.21
2018-11-18	18892.21
2018-11-19	18949.91
2018-11-20	18899.39
2018-11-21	18976.26
2018-11-22	19051.44
2018-11-23	19137.92
2018-11-24	19137.92
2018-11-25	19137.92
2018-11-26	19216.05
2018-11-27	19240.45
2018-11-28	19340.51
2018-11-29	19248.04
2018-11-30	19036.92
2018-12-01	19036.92
2018-12-02	19036.92
2018-12-03	19157.57
2018-12-04	19065.71
2018-12-05	19056.8
2018-12-06	19449.3
2018-12-07	19534.6
2018-12-08	19534.6
2018-12-09	19534.6
2018-12-10	19318.61
2018-12-11	19336.2
2018-12-12	19358.7
2018-12-13	19256.66
2018-12-14	19294.62
2018-12-15	19294.62
2018-12-16	19294.62
2018-12-17	19146.72
2018-12-18	19074.68
2018-12-19	19061.18
2018-12-20	19089.68
2018-12-21	18895.78
2018-12-22	18895.78
2018-12-23	18895.78
2018-12-24	18682.35
2018-12-25	18672.18
2018-12-26	18844.1
2018-12-27	18907.7
2018-12-28	19034.69
2018-12-29	19034.69
2018-12-30	19034.69
2018-12-31	18837.4
2019-01-01	18837.34
2019-01-02	18639.78
2019-01-03	18736.09
2019-01-04	18765.85
2019-01-05	18765.85
2019-01-06	18765.85
2019-01-07	18785.46
2019-01-08	18975.78
2019-01-09	19082.42
2019-01-10	19234.96
2019-01-11	19355.38
2019-01-12	19355.38
2019-01-13	19355.38
2019-01-14	19325.68
2019-01-15	19431.05
2019-01-16	19502.06
2019-01-17	19546.8
2019-01-18	19567.03
2019-01-19	19567.03
2019-01-20	19567.03
2019-01-21	19589.09
2019-01-22	19610.31
2019-01-23	19649.75
2019-01-24	19668.39
2019-01-25	19899.94
2019-01-26	19899.94
2019-01-27	19899.94
2019-01-28	19971.65
2019-01-29	20159.3
2019-01-30	20205.46
2019-01-31	20039.15
2019-02-01	19991.08
2019-02-02	19991.08
2019-02-03	19991.08
2019-02-04	20140.34
2019-02-05	20233.2
2019-02-06	20336.01
2019-02-07	20471.03
2019-02-08	20550.41
2019-02-09	20550.41
2019-02-10	20550.41
2019-02-11	20586.46
2019-02-12	20491.38
2019-02-13	20413.79
2019-02-14	20429.17
2019-02-15	20526.47
2019-02-16	20526.47
2019-02-17	20526.47
2019-02-18	20573.15
2019-02-19	20576.61
2019-02-20	20367.62
2019-02-21	20413.64
2019-02-22	20559.34
2019-02-23	20559.34
2019-02-24	20559.34
2019-02-25	20444.66
2019-02-26	20359.79
2019-02-27	20319.62
2019-02-28	20346.7
2019-03-01	20515.66
2019-03-02	20515.66
2019-03-03	20515.66
2019-03-04	20517.37
2019-03-05	20608.74
2019-03-06	20681.9
2019-03-07	20729.77
2019-03-08	20735.14
2019-03-09	20735.14
2019-03-10	20735.14
2019-03-11	20792.29
2019-03-12	20834.37
2019-03-13	20870.32
2019-03-14	20935.19
2019-03-15	20947.12
2019-03-16	20947.12
2019-03-17	20947.12
2019-03-18	20930.71
2019-03-19	20908.09
2019-03-20	20967.81
2019-03-21	21027.12
2019-03-22	21087.43
2019-03-23	21087.43
2019-03-24	21087.43
2019-03-25	21086.71
2019-03-26	21225.91
2019-03-27	21288.25
2019-03-28	21358.51
2019-03-29	21242.9
2019-03-30	21242.9
2019-03-31	21242.9
2019-04-01	21167.45
2019-04-02	21215.76
2019-04-03	21251.69
2019-04-04	21083.86
2019-04-05	20977.04
2019-04-06	20977.04
2019-04-07	20977.04
2019-04-08	21003.36
2019-04-09	20893.14
2019-04-10	21007.55
2019-04-11	21050.45
2019-04-12	21113.56
2019-04-13	21113.56
2019-04-14	21113.56
2019-04-15	21042.42
2019-04-16	20893.3
2019-04-17	20708.54
2019-04-18	20750.76
2019-04-19	20749.05
2019-04-20	20749.05
2019-04-21	20749.05
2019-04-22	20741.54
2019-04-23	20843.93
2019-04-24	21119.78
2019-04-25	21126.39
2019-04-26	21289.71
2019-04-27	21289.71
2019-04-28	21289.71
2019-04-29	21058.55
2019-04-30	20968.76
2019-05-01	21001.66
2019-05-02	20986.61
2019-05-03	20981.37
2019-05-04	20981.37
2019-05-05	20981.37
2019-05-06	20959.64
2019-05-07	20846.27
2019-05-08	20803.44
2019-05-09	20893.14
2019-05-10	21013.98
2019-05-11	21013.98
2019-05-12	21013.98
2019-05-13	21183.24
2019-05-14	21179.24
2019-05-15	21255.02
2019-05-16	21440.9
2019-05-17	21519.79
2019-05-18	21519.79
2019-05-19	21519.79
2019-05-20	21454.86
2019-05-21	21689.27
2019-05-22	21666.14
2019-05-23	21751.67
2019-05-24	21780.42
2019-05-25	21780.42
2019-05-26	21780.42
2019-05-27	21767.86
2019-05-28	21636.31
2019-05-29	21453.93
2019-05-30	21276.15
2019-05-31	21311.11
2019-06-01	21311.11
2019-06-02	21311.11
2019-06-03	21379.95
2019-06-04	21414.83
2019-06-05	21434.23
2019-06-06	21644.39
2019-06-07	21722.78
2019-06-08	21722.78
2019-06-09	21722.78
2019-06-10	21750.45
2019-06-11	21887.96
2019-06-12	21836.23
2019-06-13	21956.74
2019-06-14	22007.57
2019-06-15	22007.57
2019-06-16	22007.57
2019-06-17	22014.99
2019-06-18	22144.59
2019-06-19	22159.85
2019-06-20	22157.59
2019-06-21	22060.94
2019-06-22	22060.94
2019-06-23	22060.94
2019-06-24	22109.73
2019-06-25	22109.44
2019-06-26	21950.15
2019-06-27	21918.79
2019-06-28	21830.82
2019-06-29	21830.82
2019-06-30	21830.82
2019-07-01	21986.86
2019-07-02	22118.23
2019-07-03	22413.15
2019-07-04	22570.77
2019-07-05	22759.38
2019-07-06	22759.38
2019-07-07	22759.38
2019-07-08	22544.69
2019-07-09	22623.17
2019-07-10	22647.48
2019-07-11	22566.64
2019-07-12	22457.55
2019-07-13	22457.55
2019-07-14	22457.55
2019-07-15	22298.66
2019-07-16	22344.31
2019-07-17	22329.42
2019-07-18	22309.83
2019-07-19	22216.08
2019-07-20	22216.08
2019-07-21	22216.08
2019-07-22	22044.94
2019-07-23	22239.41
2019-07-24	22348.48
2019-07-25	22330.66
2019-07-26	22370.76
2019-07-27	22370.76
2019-07-28	22370.76
2019-07-29	22328.84
2019-07-30	22415.76
2019-07-31	22287.09
2019-08-01	22356.11
2019-08-02	22653.44
2019-08-03	22653.44
2019-08-04	22653.44
2019-08-05	22444.29
2019-08-06	22133.19
2019-08-07	22381.81
2019-08-08	22608.38
2019-08-09	22572.65
2019-08-10	22572.65
2019-08-11	22572.65
2019-08-12	22586.25
2019-08-13	22500.75
2019-08-14	22405.03
2019-08-15	22280.49
2019-08-16	22399.62
2019-08-17	22399.62
2019-08-18	22399.62
2019-08-19	22531.34
2019-08-20	22617.67
2019-08-21	22504.56
2019-08-22	22541.08
2019-08-23	22689.81
2019-08-24	22689.81
2019-08-25	22689.81
2019-08-26	22622.29
2019-08-27	22602.69
2019-08-28	22675.38
2019-08-29	22727.57
2019-08-30	22833.85
2019-08-31	22833.85
2019-09-01	22833.85
2019-09-02	22734.68
2019-09-03	22721.92
2019-09-04	22767.95
2019-09-05	22691.02
2019-09-06	22558.54
2019-09-07	22558.54
2019-09-08	22558.54
2019-09-09	22568.09
2019-09-10	22396.21
2019-09-11	22346.18
2019-09-12	22435.07
2019-09-13	22360.24
2019-09-14	22360.24
2019-09-15	22360.24
2019-09-16	22357.46
2019-09-17	22550.18
2019-09-18	22550.61
2019-09-19	22622.66
2019-09-20	22640.61
2019-09-21	22640.61
2019-09-22	22640.61
2019-09-23	22708.74
2019-09-24	22683.83
2019-09-25	22799.22
2019-09-26	22838.02
2019-09-27	22846.45
2019-09-28	22846.45
2019-09-29	22846.45
2019-09-30	22834.76
2019-10-01	22932.76
2019-10-02	22855.52
2019-10-03	22752.16
2019-10-04	22833.32
2019-10-05	22833.32
2019-10-06	22833.32
2019-10-07	22955.88
2019-10-08	22928.45
2019-10-09	22934.43
2019-10-10	22837.28
2019-10-11	22839.42
2019-10-12	22839.42
2019-10-13	22839.42
2019-10-14	22848.95
2019-10-15	23041.1
2019-10-16	23075.83
2019-10-17	22996.93
2019-10-18	22933.84
2019-10-19	22933.84
2019-10-20	22933.84
2019-10-21	23100.46
2019-10-22	23081.59
2019-10-23	23175.12
2019-10-24	23127.18
2019-10-25	23135.55
2019-10-26	23135.55
2019-10-27	23135.55
2019-10-28	23046.7
2019-10-29	23064.2
2019-10-30	23066.11
2019-10-31	23020.16
2019-11-01	23059.32
2019-11-02	23059.32
2019-11-03	23059.32
2019-11-04	23029.88
2019-11-05	22891.56
2019-11-06	22811.3
2019-11-07	22829.15
2019-11-08	22629.32
2019-11-09	22629.32
2019-11-10	22629.32
2019-11-11	22761.55
2019-11-12	22664.31
2019-11-13	22627.36
2019-11-14	22858.92
2019-11-15	23023.32
2019-11-16	23023.32
2019-11-17	23023.32
2019-11-18	23027.48
2019-11-19	23157.46
2019-11-20	22977.02
2019-11-21	22850.57
2019-11-22	22816.19
2019-11-23	22816.19
2019-11-24	22816.19
2019-11-25	22945.14
2019-11-26	23110.67
2019-11-27	23294.92
2019-11-28	23294.77
2019-11-29	23271.05
2019-11-30	23271.05
2019-12-01	23271.05
2019-12-02	23126.5
2019-12-03	22848.17
2019-12-04	22743.65
2019-12-05	22927.0
2019-12-06	23017.57
2019-12-07	23017.57
2019-12-08	23017.57
2019-12-09	23080.49
2019-12-10	22992.69
2019-12-11	22773.72
2019-12-12	22480.8
2019-12-13	22274.02
2019-12-14	22274.02
2019-12-15	22274.02
2019-12-16	22483.99
2019-12-17	22481.72
2019-12-18	22484.63
2019-12-19	22564.61
2019-12-20	22561.41
2019-12-21	22561.41
2019-12-22	22561.41
2019-12-23	22514.12
2019-12-24	22566.57
2019-12-25	22573.34
2019-12-26	22602.12
2019-12-27	22666.07
2019-12-28	22666.07
2019-12-29	22666.07
2019-12-30	22693.67
2019-12-31	22550.17
2020-01-01	22550.07
2020-01-02	22520.58
2020-01-03	22707.87
2020-01-04	22707.87
2020-01-05	22707.87
2020-01-06	22768.27
2020-01-07	22909.21
2020-01-08	22882.29
2020-01-09	22895.6
2020-01-10	22924.07
2020-01-11	22924.07
2020-01-12	22924.07
2020-01-13	23018.73
2020-01-14	23077.48
2020-01-15	23197.71
2020-01-16	23397.88
2020-01-17	23495.08
2020-01-18	23495.08
2020-01-19	23495.08
2020-01-20	23490.64
2020-01-21	23545.8
2020-01-22	23610.29
2020-01-23	23674.37
2020-01-24	23711.08
2020-01-25	23711.08
2020-01-26	23711.08
2020-01-27	23713.7
2020-01-28	23604.16
2020-01-29	23665.82
2020-01-30	23722.92
2020-01-31	23650.81
2020-02-01	23650.81
2020-02-02	23650.81
2020-02-03	23596.52
2020-02-04	23713.46
2020-02-05	23717.52
2020-02-06	23724.31
2020-02-07	23840.26
2020-02-08	23840.26
2020-02-09	23840.26
2020-02-10	23950.87
2020-02-11	23970.32
2020-02-12	24008.62
2020-02-13	24163.33
2020-02-14	24317.63
2020-02-15	24317.63
2020-02-16	24317.63
2020-02-17	24388.36
2020-02-18	24400.85
2020-02-19	24374.23
2020-02-20	24541.89
2020-02-21	24495.02
2020-02-22	24495.02
2020-02-23	24495.02
2020-02-24	24215.55
2020-02-25	23796.18
2020-02-26	23516.75
2020-02-27	23054.13
2020-02-28	22508.15
2020-02-29	22508.15
2020-03-01	22508.15
2020-03-02	22548.85
2020-03-03	22692.75
2020-03-04	22891.04
2020-03-05	23068.98
2020-03-06	22629.4
2020-03-07	22629.4
2020-03-08	22629.4
2020-03-09	21505.95
2020-03-10	21685.02
2020-03-11	21090.79
2020-03-12	19686.05
2020-03-13	19956.46
2020-03-14	19956.46
2020-03-15	19956.46
2020-03-16	17754.05
2020-03-17	17612.39
2020-03-18	16265.18
2020-03-19	15292.57
2020-03-20	15429.0
2020-03-21	15429.0
2020-03-22	15429.0
2020-03-23	14684.11
2020-03-24	15543.39
2020-03-25	16481.52
2020-03-26	16908.14
2020-03-27	16304.91
2020-03-28	16304.91
2020-03-29	16304.91
2020-03-30	16475.78
2020-03-31	16779.85
2020-04-01	16638.57
2020-04-02	16414.2
2020-04-03	16080.21
2020-04-04	16080.21
2020-04-05	16080.21
2020-04-06	16758.7
2020-04-07	17073.42
2020-04-08	17491.28
2020-04-09	18254.2
2020-04-10	18255.16
2020-04-11	18255.16
2020-04-12	18255.16
2020-04-13	17957.59
2020-04-14	17921.87
2020-04-15	17700.88
2020-04-16	17470.24
2020-04-17	17984.85
2020-04-18	17984.85
2020-04-19	17984.85
2020-04-20	17481.07
2020-04-21	17109.99
2020-04-22	17126.17
2020-04-23	16971.37
2020-04-24	16998.14
2020-04-25	16998.14
2020-04-26	16998.14
2020-04-27	17399.67
2020-04-28	17433.27
2020-04-29	17620.17
2020-04-30	17878.51
2020-05-01	17288.24
2020-05-02	17288.24
2020-05-03	17288.24
2020-05-04	17236.71
2020-05-05	17444.38
2020-05-06	17286.24
2020-05-07	17443.42
2020-05-08	17700.38
2020-05-09	17700.38
2020-05-10	17700.38
2020-05-11	17849.25
2020-05-12	17376.89
2020-05-13	17044.14
2020-05-14	17021.45
2020-05-15	16976.84
2020-05-16	16976.84
2020-05-17	16976.84
2020-05-18	17428.86
2020-05-19	17588.12
2020-05-20	17659.61
2020-05-21	17678.37
2020-05-22	17664.34
2020-05-23	17664.34
2020-05-24	17664.34
2020-05-25	17897.26
2020-05-26	18474.79
2020-05-27	18688.26
2020-05-28	18588.52
2020-05-29	18405.22
2020-05-30	18405.22
2020-05-31	18405.22
2020-06-01	18394.69
2020-06-02	18433.67
2020-06-03	18934.61
2020-06-04	19021.12
2020-06-05	19357.56
2020-06-06	19357.56
2020-06-07	19357.56
2020-06-08	19527.37
2020-06-09	19698.38
2020-06-10	19289.18
2020-06-11	18647.46
2020-06-12	18737.35
2020-06-13	18737.35
2020-06-14	18737.35
2020-06-15	18561.78
2020-06-16	19085.29
2020-06-17	19161.68
2020-06-18	19007.95
2020-06-19	18756.0
2020-06-20	18756.0
2020-06-21	18756.0
2020-06-22	18612.91
2020-06-23	18649.27
2020-06-24	18568.49
2020-06-25	18345.39
2020-06-26	18363.58
2020-06-27	18363.58
2020-06-28	18363.58
2020-06-29	18310.14
2020-06-30	18303.5
2020-07-01	18636.15
2020-07-02	18919.67
2020-07-03	18796.24
2020-07-04	18796.24
2020-07-05	18796.24
2020-07-06	18725.43
2020-07-07	18429.95
2020-07-08	18228.34
2020-07-09	18101.37
2020-07-10	18157.15
2020-07-11	18157.15
2020-07-12	18157.15
2020-07-13	18262.49
2020-07-14	18232.3
2020-07-15	18404.04
2020-07-16	18196.5
2020-07-17	18285.69
2020-07-18	18285.69
2020-07-19	18285.69
2020-07-20	18142.33
2020-07-21	18272.59
2020-07-22	18291.72
2020-07-23	18409.49
2020-07-24	18228.81
2020-07-25	18228.81
2020-07-26	18228.81
2020-07-27	18288.24
2020-07-28	18351.59
2020-07-29	18483.79
2020-07-30	18451.71
2020-07-31	18375.76
2020-08-01	18375.76
2020-08-02	18375.76
2020-08-03	18297.96
2020-08-04	18553.98
2020-08-05	18484.64
2020-08-06	18429.42
2020-08-07	18550.51
2020-08-08	18550.51
2020-08-09	18550.51
2020-08-10	18702.03
2020-08-11	18817.11
2020-08-12	18860.58
2020-08-13	18796.59
2020-08-14	18781.31
2020-08-15	18781.31
2020-08-16	18781.31
2020-08-17	18766.76
2020-08-18	18704.05
2020-08-19	18475.13
2020-08-20	18707.65
2020-08-21	18849.06
2020-08-22	18849.06
2020-08-23	18849.06
2020-08-24	18873.77
2020-08-25	18959.45
2020-08-26	18892.53
2020-08-27	18917.2
2020-08-28	18959.38
2020-08-29	18959.38
2020-08-30	18959.38
2020-08-31	18979.01
2020-09-01	18780.59
2020-09-02	19113.72
2020-09-03	19240.58
2020-09-04	18974.17
2020-09-05	18974.17
2020-09-06	18974.17
2020-09-07	18893.53
2020-09-08	18983.5
2020-09-09	18870.04
2020-09-10	18764.26
2020-09-11	18712.14
2020-09-12	18712.14
2020-09-13	18712.14
2020-09-14	18839.21
2020-09-15	19036.8
2020-09-16	19219.22
2020-09-17	19146.81
2020-09-18	18887.48
2020-09-19	18887.48
2020-09-20	18887.48
2020-09-21	18596.87
2020-09-22	18567.78
2020-09-23	18587.98
2020-09-24	18653.9
2020-09-25	18863.05
2020-09-26	18863.05
2020-09-27	18863.05
2020-09-28	19135.53
2020-09-29	18933.66
2020-09-30	18795.55
2020-10-01	19090.63
2020-10-02	19188.95
2020-10-03	19188.95
2020-10-04	19188.95
2020-10-05	19449.13
2020-10-06	19408.85
2020-10-07	19479.69
2020-10-08	19557.43
2020-10-09	19443.71
2020-10-10	19443.71
2020-10-11	19443.71
2020-10-12	19490.74
2020-10-13	19531.0
2020-10-14	19390.54
2020-10-15	19580.21
2020-10-16	19294.66
2020-10-17	19294.66
2020-10-18	19294.66
2020-10-19	19191.97
2020-10-20	19263.42
2020-10-21	19194.39
2020-10-22	19186.88
2020-10-23	19244.39
2020-10-24	19244.39
2020-10-25	19244.39
2020-10-26	19127.93
2020-10-27	18865.44
2020-10-28	18650.6
2020-10-29	18657.23
2020-10-30	18568.62
2020-10-31	18568.62
2020-11-01	18568.62
2020-11-02	18858.72
2020-11-03	19162.31
2020-11-04	19300.38
2020-11-05	19476.71
2020-11-06	19436.89
2020-11-07	19436.89
2020-11-08	19436.89
2020-11-09	19999.53
2020-11-10	20191.2
2020-11-11	20559.64
2020-11-12	20398.59
2020-11-13	20457.46
2020-11-14	20457.46
2020-11-15	20457.46
2020-11-16	20677.32
2020-11-17	20701.11
2020-11-18	20536.98
2020-11-19	20525.28
2020-11-20	20472.18
2020-11-21	20472.18
2020-11-22	20472.18
2020-11-23	20437.83
2020-11-24	20506.12
2020-11-25	20635.8
2020-11-26	20561.07
2020-11-27	20523.95
2020-11-28	20523.95
2020-11-29	20523.95
2020-11-30	20392.25
2020-12-01	20572.42
2020-12-02	20442.99
2020-12-03	20502.23
2020-12-04	20662.44
2020-12-05	20662.44
2020-12-06	20662.44
2020-12-07	20621.73
2020-12-08	20594.2
2020-12-09	20427.6
2020-12-10	20351.79
2020-12-11	20227.05
2020-12-12	20227.05
2020-12-13	20227.05
2020-12-14	20320.77
2020-12-15	20501.99
2020-12-16	20584.11
2020-12-17	20591.93
2020-12-18	20303.94
2020-12-19	20303.94
2020-12-20	20303.94
2020-12-21	20097.04
2020-12-22	20219.16
2020-12-23	20373.75
2020-12-24	20500.64
2020-12-25	20498.42
2020-12-26	20498.42
2020-12-27	20498.42
2020-12-28	20589.24
2020-12-29	20632.36
2020-12-30	20695.74
2020-12-31	20475.46
2021-01-01	20475.37
2021-01-02	20475.37
2021-01-03	20475.37
2021-01-04	20376.0
2021-01-05	20309.7
2021-01-06	20241.3
2021-01-07	20138.83
2021-01-08	20069.07
2021-01-09	20069.07
2021-01-10	20069.07
2021-01-11	19948.02
2021-01-12	19823.35
2021-01-13	19855.25
2021-01-14	19991.77
2021-01-15	20134.06
2021-01-16	20134.06
2021-01-17	20134.06
2021-01-18	20107.32
2021-01-19	20160.1
2021-01-20	20229.87
2021-01-21	20179.68
2021-01-22	20232.41
2021-01-23	20232.41
2021-01-24	20232.41
2021-01-25	20274.15
2021-01-26	20310.71
2021-01-27	20209.67
2021-01-28	20226.32
2021-01-29	20070.52
2021-01-30	20070.52
2021-01-31	20070.52
2021-02-01	20258.53
2021-02-02	20359.7
2021-02-03	20573.95
2021-02-04	20381.82
2021-02-05	20475.74
2021-02-06	20475.74
2021-02-07	20475.74
2021-02-08	20365.7
2021-02-09	20201.05
2021-02-10	20379.24
2021-02-11	20392.75
2021-02-12	20431.05
2021-02-13	20431.05
2021-02-14	20431.05
2021-02-15	20400.92
2021-02-16	20463.65
2021-02-17	20268.56
2021-02-18	20070.2
2021-02-19	20016.06
2021-02-20	20016.06
2021-02-21	20016.06
2021-02-22	19997.1
2021-02-23	20334.63
2021-02-24	20344.78
2021-02-25	20289.52
2021-02-26	20106.9
2021-02-27	20106.9
2021-02-28	20106.9
2021-03-01	20424.48
2021-03-02	20339.79
2021-03-03	20310.89
2021-03-04	20372.71
2021-03-05	20387.61
2021-03-06	20387.61
2021-03-07	20387.61
2021-03-08	20452.63
2021-03-09	20462.77
2021-03-10	20416.99
2021-03-11	20431.36
2021-03-12	20642.61
2021-03-13	20642.61
2021-03-14	20642.61
2021-03-15	20836.38
2021-03-16	21041.9
2021-03-17	20933.26
2021-03-18	20723.38
2021-03-19	20671.58
2021-03-20	20671.58
2021-03-21	20671.58
2021-03-22	20756.31
2021-03-23	20853.09
2021-03-24	20952.76
2021-03-25	21049.66
2021-03-26	21168.29
2021-03-27	21168.29
2021-03-28	21168.29
2021-03-29	21032.79
2021-03-30	21048.99
2021-03-31	21109.63
2021-04-01	21248.42
2021-04-02	21252.54
2021-04-03	21252.54
2021-04-04	21252.54
2021-04-05	21232.64
2021-04-06	21332.87
2021-04-07	21512.87
2021-04-08	21546.68
2021-04-09	21608.76
2021-04-10	21608.76
2021-04-11	21608.76
2021-04-12	21509.75
2021-04-13	21599.63
2021-04-14	21580.3
2021-04-15	21629.63
2021-04-16	21840.96
2021-04-17	21840.96
2021-04-18	21840.96
2021-04-19	21732.11
2021-04-20	21764.24
2021-04-21	21650.32
2021-04-22	21805.57
2021-04-23	21825.14
2021-04-24	21825.14
2021-04-25	21825.14
2021-04-26	21801.76
2021-04-27	21785.54
2021-04-28	21925.81
2021-04-29	21965.05
2021-04-30	21944.9
2021-05-01	21944.9
2021-05-02	21944.9
2021-05-03	21995.19
2021-05-04	22018.58
2021-05-05	21880.49
2021-05-06	21844.88
2021-05-07	21931.81
2021-05-08	21931.81
2021-05-09	21931.81
2021-05-10	21992.11
2021-05-11	21808.73
2021-05-12	21608.09
2021-05-13	21492.34
2021-05-14	21700.05
2021-05-15	21700.05
2021-05-16	21700.05
2021-05-17	21713.01
2021-05-18	21680.09
2021-05-19	21562.51
2021-05-20	21854.29
2021-05-21	21862.02
2021-05-22	21862.02
2021-05-23	21862.02
2021-05-24	21969.69
2021-05-25	22123.98
2021-05-26	22076.68
2021-05-27	22019.62
2021-05-28	22259.59
2021-05-29	22259.59
2021-05-30	22259.59
2021-05-31	22249.94
2021-06-01	22344.69
2021-06-02	22667.65
2021-06-03	22767.13
2021-06-04	22713.95
2021-06-05	22713.95
2021-06-06	22713.95
2021-06-07	22907.32
2021-06-08	23089.12
2021-06-09	23048.71
2021-06-10	23318.75
2021-06-11	23255.83
2021-06-12	23255.83
2021-06-13	23255.83
2021-06-14	23279.55
2021-06-15	23234.48
2021-06-16	23164.05
2021-06-17	23074.77
2021-06-18	23068.66
2021-06-19	23068.66
2021-06-20	23068.66
2021-06-21	23149.73
2021-06-22	23389.12
2021-06-23	23200.85
2021-06-24	23197.63
2021-06-25	23275.2
2021-06-26	23275.2
2021-06-27	23275.2
2021-06-28	23133.31
2021-06-29	23240.71
2021-06-30	23258.22
2021-07-01	23243.95
2021-07-02	23354.58
2021-07-03	23354.58
2021-07-04	23354.58
2021-07-05	23354.82
2021-07-06	23411.13
2021-07-07	23543.84
2021-07-08	23536.33
2021-07-09	23575.23
2021-07-10	23575.23
2021-07-11	23575.23
2021-07-12	23807.29
2021-07-13	23633.36
2021-07-14	23623.66
2021-07-15	23553.08
2021-07-16	23657.74
2021-07-17	23657.74
2021-07-18	23657.74
2021-07-19	23452.37
2021-07-20	23584.9
2021-07-21	23745.47
2021-07-22	23673.44
2021-07-23	23796.62
2021-07-24	23796.62
2021-07-25	23796.62
2021-07-26	23664.24
2021-07-27	23775.53
2021-07-28	23889.86
2021-07-29	23725.71
2021-07-30	23902.71
2021-07-31	23902.71
2021-08-01	23902.71
2021-08-02	23953.74
2021-08-03	23896.8
2021-08-04	23950.5
2021-08-05	24159.36
2021-08-06	24250.83
2021-08-07	24250.83
2021-08-08	24250.83
2021-08-09	24239.48
2021-08-10	24112.07
2021-08-11	24093.9
2021-08-12	24068.77
2021-08-13	24177.45
2021-08-14	24177.45
2021-08-15	24177.45
2021-08-16	24254.94
2021-08-17	24182.11
2021-08-18	24363.97
2021-08-19	24316.8
2021-08-20	24511.3
2021-08-21	24511.3
2021-08-22	24511.3
2021-08-23	24493.8
2021-08-24	24453.06
2021-08-25	24381.62
2021-08-26	24408.93
2021-08-27	24537.56
2021-08-28	24537.56
2021-08-29	24537.56
2021-08-30	24638.82
2021-08-31	24780.63
2021-09-01	24840.61
2021-09-02	24874.86
2021-09-03	24877.73
2021-09-04	24877.73
2021-09-05	24877.73
2021-09-06	24906.58
2021-09-07	24840.07
2021-09-08	24713.71
2021-09-09	24444.79
2021-09-10	24284.57
2021-09-11	24284.57
2021-09-12	24284.57
2021-09-13	24297.6
2021-09-14	24467.32
2021-09-15	24549.39
2021-09-16	24697.74
2021-09-17	24613.95
2021-09-18	24613.95
2021-09-19	24613.95
2021-09-20	24394.8
2021-09-21	24423.94
2021-09-22	24565.67
2021-09-23	24666.49
2021-09-24	24372.37
2021-09-25	24372.37
2021-09-26	24372.37
2021-09-27	24362.4
2021-09-28	23983.27
2021-09-29	23960.68
2021-09-30	23967.73
2021-10-01	23762.42
2021-10-02	23762.42
2021-10-03	23762.42
2021-10-04	23926.47
2021-10-05	23770.92
2021-10-06	23758.63
2021-10-07	23879.45
2021-10-08	23828.55
2021-10-09	23828.55
2021-10-10	23828.55
2021-10-11	23686.67
2021-10-12	23764.85
2021-10-13	24051.43
2021-10-14	24188.01
2021-10-15	24298.62
2021-10-16	24298.62
2021-10-17	24298.62
2021-10-18	24221.74
2021-10-19	24273.68
2021-10-20	24375.82
2021-10-21	24569.01
2021-10-22	24719.98
2021-10-23	24719.98
2021-10-24	24719.98
2021-10-25	24726.4
2021-10-26	24753.58
2021-10-27	24729.36
2021-10-28	24738.49
2021-10-29	24436.24
2021-10-30	24436.24
2021-10-31	24436.24
2021-11-01	24475.63
2021-11-02	24739.02
2021-11-03	24917.44
2021-11-04	25029.33
2021-11-05	25116.08
2021-11-06	25116.08
2021-11-07	25116.08
2021-11-08	25137.48
2021-11-09	25123.01
2021-11-10	25132.08
2021-11-11	24979.03
2021-11-12	25001.82
2021-11-13	25001.82
2021-11-14	25001.82
2021-11-15	25058.34
2021-11-16	25029.16
2021-11-17	25153.76
2021-11-18	25333.86
2021-11-19	25319.84
2021-11-20	25319.84
2021-11-21	25319.84
2021-11-22	25213.98
2021-11-23	25431.51
2021-11-24	25564.6
2021-11-25	25725.42
2021-11-26	25374.97
2021-11-27	25374.97
2021-11-28	25374.97
2021-11-29	25217.46
2021-11-30	25201.38
2021-12-01	24917.27
2021-12-02	25076.88
2021-12-03	25153.88
2021-12-04	25153.88
2021-12-05	25153.88
2021-12-06	25388.42
2021-12-07	25558.88
2021-12-08	25706.7
2021-12-09	25628.08
2021-12-10	25512.17
2021-12-11	25512.17
2021-12-12	25512.17
2021-12-13	25806.51
2021-12-14	25865.75
2021-12-15	25738.05
2021-12-16	25794.44
2021-12-17	25836.82
2021-12-18	25836.82
2021-12-19	25836.82
2021-12-20	25749.3
2021-12-21	25848.23
2021-12-22	25683.23
2021-12-23	25783.15
2021-12-24	25844.42
2021-12-25	25844.42
2021-12-26	25844.42
2021-12-27	25986.21
2021-12-28	26044.7
2021-12-29	26302.36
2021-12-30	26486.98
2021-12-31	26297.49
2022-01-01	26297.49
2022-01-02	26297.49
2022-01-03	26339.62
2022-01-04	26566.98
2022-01-05	26180.78
2022-01-06	25721.29
2022-01-07	25818.88
2022-01-08	25818.88
2022-01-09	25818.88
2022-01-10	25682.1
2022-01-11	25417.52
2022-01-12	25383.3
2022-01-13	25344.84
2022-01-14	25206.55
2022-01-15	25206.55
2022-01-16	25206.55
2022-01-17	25171.02
2022-01-18	25148.51
2022-01-19	24945.44
2022-01-20	24650.58
2022-01-21	24525.83
2022-01-22	24525.83
2022-01-23	24525.83
2022-01-24	24695.54
2022-01-25	24323.23
2022-01-26	24286.22
2022-01-27	23993.21
2022-01-28	24399.17
2022-01-29	24399.17
2022-01-30	24399.17
2022-01-31	24644.17
2022-02-01	24652.35
2022-02-02	24777.05
2022-02-03	24702.26
2022-02-04	24618.31
2022-02-05	24618.31
2022-02-06	24618.31
2022-02-07	24386.03
2022-02-08	24396.07
2022-02-09	24656.42
2022-02-10	24565.16
2022-02-11	24157.38
2022-02-12	24157.38
2022-02-13	24157.38
2022-02-14	24124.5
2022-02-15	24275.19
2022-02-16	24681.15
2022-02-17	24662.83
2022-02-18	24475.71
2022-02-19	24475.71
2022-02-20	24475.71
2022-02-21	24437.23
2022-02-22	24193.65
2022-02-23	24018.42
2022-02-24	23994.12
2022-02-25	24285.1
2022-02-26	24285.1
2022-02-27	24285.1
2022-02-28	24268.75
2022-03-01	24123.21
2022-03-02	24225.82
2022-03-03	24120.05
2022-03-04	23975.34
2022-03-05	23975.34
2022-03-06	23975.34
2022-03-07	23625.39
2022-03-08	23654.52
2022-03-09	23907.87
2022-03-10	24151.64
2022-03-11	23915.76
2022-03-12	23915.76
2022-03-13	23915.76
2022-03-14	24097.59
2022-03-15	24182.45
2022-03-16	24356.45
2022-03-17	24433.69
2022-03-18	24497.42
2022-03-19	24497.42
2022-03-20	24497.42
2022-03-21	24410.75
2022-03-22	24388.56
2022-03-23	24265.01
2022-03-24	24268.33
2022-03-25	24484.1
2022-03-26	24484.1
2022-03-27	24484.1
2022-03-28	24465.78
2022-03-29	24861.56
2022-03-30	24899.99
2022-03-31	24719.86
2022-04-01	24907.55
2022-04-02	24907.55
2022-04-03	24907.55
2022-04-04	24879.85
2022-04-05	24695.55
2022-04-06	24750.68
2022-04-07	24745.38
2022-04-08	24724.04
2022-04-09	24724.04
2022-04-10	24724.04
2022-04-11	24662.24
2022-04-12	24480.06
2022-04-13	24551.52
2022-04-14	24568.78
2022-04-15	24568.45
2022-04-16	24568.45
2022-04-17	24568.45
2022-04-18	24596.03
2022-04-19	24712.97
2022-04-20	24771.23
2022-04-21	25007.36
2022-04-22	24896.78
2022-04-23	24896.78
2022-04-24	24896.78
2022-04-25	24970.07
2022-04-26	24755.09
2022-04-27	24750.93
2022-04-28	24953.68
2022-04-29	24618.82
2022-04-30	24618.82
2022-05-01	24618.82
2022-05-02	24025.54
2022-05-03	23861.75
2022-05-04	23708.66
2022-05-05	23694.17
2022-05-06	23202.57
2022-05-07	23202.57
2022-05-08	23202.57
2022-05-09	22490.59
2022-05-10	22358.39
2022-05-11	22438.8
2022-05-12	22371.8
2022-05-13	22846.53
2022-05-14	22846.53
2022-05-15	22846.53
2022-05-16	22834.22
2022-05-17	22760.46
2022-05-18	22724.67
2022-05-19	22522.3
2022-05-20	22554.91
2022-05-21	22554.91
2022-05-22	22554.91
2022-05-23	22562.09
2022-05-24	22659.96
2022-05-25	22712.42
2022-05-26	22721.78
2022-05-27	22951.34
2022-05-28	22951.34
2022-05-29	22951.34
2022-05-30	23104.17
2022-05-31	23017.18
2022-06-01	22860.03
2022-06-02	22789.52
2022-06-03	22729.02
2022-06-04	22729.02
2022-06-05	22729.02
2022-06-06	22643.37
2022-06-07	22448.28
2022-06-08	22265.91
2022-06-09	21979.32
2022-06-10	21577.92
2022-06-11	21577.92
2022-06-12	21577.92
2022-06-13	21266.91
2022-06-14	20913.97
2022-06-15	20717.77
2022-06-16	20662.11
2022-06-17	20693.1
2022-06-18	20693.1
2022-06-19	20693.1
2022-06-20	20974.76
2022-06-21	20971.92
2022-06-22	20964.07
2022-06-23	21339.21
2022-06-24	21731.05
2022-06-25	21731.05
2022-06-26	21731.05
2022-06-27	21846.01
2022-06-28	21938.03
2022-06-29	21633.2
2022-06-30	21460.6
2022-07-01	21778.88
2022-07-02	21778.88
2022-07-03	21778.88
2022-07-04	21881.7
2022-07-05	21792.52
2022-07-06	22108.55
2022-07-07	22072.11
2022-07-08	22000.09
2022-07-09	22000.09
2022-07-10	22000.09
2022-07-11	22055.56
2022-07-12	21994.12
2022-07-13	22013.12
2022-07-14	21860.98
2022-07-15	22007.38
2022-07-16	22007.38
2022-07-17	22007.38
2022-07-18	22031.62
2022-07-19	22141.75
2022-07-20	22355.62
2022-07-21	22314.16
2022-07-22	22450.83
2022-07-23	22450.83
2022-07-24	22450.83
2022-07-25	22497.46
2022-07-26	22470.82
2022-07-27	22538.48
2022-07-28	22849.26
2022-07-29	23225.22
2022-07-30	23225.22
2022-07-31	23225.22
2022-08-01	23102.49
2022-08-02	22893.02
2022-08-03	22903.07
2022-08-04	22921.78
2022-08-05	22993.94
2022-08-06	22993.94
2022-08-07	22993.94
2022-08-08	22797.39
2022-08-09	22980.47
2022-08-10	22962.85
2022-08-11	23136.1
2022-08-12	23067.53
2022-08-13	23067.53
2022-08-14	23067.53
2022-08-15	23378.16
2022-08-16	23254.99
2022-08-17	23407.02
2022-08-18	23263.1
2022-08-19	23052.76
2022-08-20	23052.76
2022-08-21	23052.76
2022-08-22	22742.82
2022-08-23	22430.2
2022-08-24	22424.92
2022-08-25	22711.25
2022-08-26	22611.61
2022-08-27	22611.61
2022-08-28	22611.61
2022-08-29	22399.4
2022-08-30	22399.26
2022-08-31	22334.43
2022-09-01	22124.93
2022-09-02	22039.7
2022-09-03	22039.7
2022-09-04	22039.7
2022-09-05	22002.05
2022-09-06	22127.97
2022-09-07	22177.26
2022-09-08	22443.66
2022-09-09	22376.61
2022-09-10	22376.61
2022-09-11	22376.61
2022-09-12	22463.97
2022-09-13	22420.2
2022-09-14	21902.29
2022-09-15	21684.29
2022-09-16	21586.86
2022-09-17	21586.86
2022-09-18	21586.86
2022-09-19	21632.13
2022-09-20	21379.37
2022-09-21	21084.89
2022-09-22	20981.03
2022-09-23	20610.37
2022-09-24	20610.37
2022-09-25	20610.37
2022-09-26	20289.41
2022-09-27	19959.74
2022-09-28	20045.41
2022-09-29	19970.26
2022-09-30	20118.19
2022-10-01	20118.19
2022-10-02	20118.19
2022-10-03	20239.01
2022-10-04	20776.51
2022-10-05	20737.09
2022-10-06	20590.3
2022-10-07	20155.91
2022-10-08	20155.91
2022-10-09	20155.91
2022-10-10	20065.1
2022-10-11	20035.15
2022-10-12	20063.27
2022-10-13	20050.64
2022-10-14	20046.69
2022-10-15	20046.69
2022-10-16	20046.69
2022-10-17	20237.21
2022-10-18	20549.75
2022-10-19	20359.74
2022-10-20	20235.14
2022-10-21	20122.58
2022-10-22	20122.58
2022-10-23	20122.58
2022-10-24	20282.69
2022-10-25	20657.85
2022-10-26	20839.38
2022-10-27	20878.96
2022-10-28	21182.61
2022-10-29	21182.61
2022-10-30	21182.61
2022-10-31	21319.6
2022-11-01	21572.53
2022-11-02	21208.93
2022-11-03	21081.15
2022-11-04	21065.64
2022-11-05	21065.64
2022-11-06	21065.64
2022-11-07	21026.25
2022-11-08	21036.47
2022-11-09	21172.86
2022-11-10	21597.38
2022-11-11	21904.14
2022-11-12	21904.14
2022-11-13	21904.14
2022-11-14	21567.86
2022-11-15	21446.59
2022-11-16	21375.3
2022-11-17	21526.89
2022-11-18	21602.64
2022-11-19	21602.64
2022-11-20	21602.64
2022-11-21	21695.46
2022-11-22	21739.26
2022-11-23	21607.81
2022-11-24	21733.79
2022-11-25	21919.05
2022-11-26	21919.05
2022-11-27	21919.05
2022-11-28	21821.74
2022-11-29	21850.22
2022-11-30	22103.39
2022-12-01	22136.17
2022-12-02	21870.84
2022-12-03	21870.84
2022-12-04	21870.84
2022-12-05	21865.07
2022-12-06	21747.75
2022-12-07	21598.04
2022-12-08	21679.27
2022-12-09	21624.77
2022-12-10	21624.77
2022-12-11	21624.77
2022-12-12	21727.68
2022-12-13	21800.64
2022-12-14	21937.74
2022-12-15	21848.39
2022-12-16	21650.61
2022-12-17	21650.61
2022-12-18	21650.61
2022-12-19	21423.83
2022-12-20	21041.92
2022-12-21	21300.25
2022-12-22	21413.17
2022-12-23	21387.25
2022-12-24	21387.25
2022-12-25	21387.25
2022-12-26	21390.68
2022-12-27	21357.72
2022-12-28	21196.38
2022-12-29	21428.63
2022-12-30	21310.94
2022-12-31	21310.94
2023-01-01	21310.94
2023-01-02	21332.01
2023-01-03	21310.84
2023-01-04	21542.13
2023-01-05	21434.21
2023-01-06	21410.75
2023-01-07	21410.75
2023-01-08	21410.75
2023-01-09	21447.05
2023-01-10	21488.34
2023-01-11	21936.92
2023-01-12	22142.27
2023-01-13	22106.76
2023-01-14	22106.76
2023-01-15	22106.76
2023-01-16	22228.61
2023-01-17	22338.99
2023-01-18	22134.25
2023-01-19	22213.08
2023-01-20	22263.08
2023-01-21	22263.08
2023-01-22	22263.08
2023-01-23	22288.61
2023-01-24	22467.97
2023-01-25	22402.33
2023-01-26	22455.63
2023-01-27	22675.47
2023-01-28	22675.47
2023-01-29	22675.47
2023-01-30	22651.47
2023-01-31	22665.99
2023-02-01	22839.04
2023-02-02	23167.88
2023-02-03	23375.29
2023-02-04	23375.29
2023-02-05	23375.29
2023-02-06	23193.09
2023-02-07	22939.6
2023-02-08	22862.53
2023-02-09	22597.32
2023-02-10	22606.85
2023-02-11	22606.85
2023-02-12	22606.85
2023-02-13	22627.73
2023-02-14	22644.63
2023-02-15	22701.72
2023-02-16	22914.53
2023-02-17	22736.92
2023-02-18	22736.92
2023-02-19	22736.92
2023-02-20	22595.91
2023-02-21	22381.32
2023-02-22	22437.88
2023-02-23	22498.76
2023-02-24	22602.76
2023-02-25	22602.76
2023-02-26	22602.76
2023-02-27	22409.49
2023-02-28	22501.83
2023-03-01	22173.81
2023-03-02	22221.88
2023-03-03	22305.25
2023-03-04	22305.25
2023-03-05	22305.25
2023-03-06	22519.97
2023-03-07	22477.27
2023-03-08	22473.94
2023-03-09	22268.1
2023-03-10	21773.27
2023-03-11	21773.27
2023-03-12	21773.27
2023-03-13	21696.5
2023-03-14	21769.44
2023-03-15	21866.17
2023-03-16	21743.8
2023-03-17	21390.67
2023-03-18	21390.67
2023-03-19	21390.67
2023-03-20	21207.56
2023-03-21	21277.04
2023-03-22	20909.87
2023-03-23	20788.47
2023-03-24	20963.89
2023-03-25	20963.89
2023-03-26	20963.89
2023-03-27	21084.3
2023-03-28	21036.11
2023-03-29	21160.27
2023-03-30	21270.55
2023-03-31	21495.71
2023-04-01	21495.71
2023-04-02	21495.71
2023-04-03	21589.93
2023-04-04	21694.98
2023-04-05	21603.83
2023-04-06	21580.93
2023-04-07	21577.14
2023-04-08	21577.14
2023-04-09	21577.14
2023-04-10	21630.87
2023-04-11	21742.59
2023-04-12	21712.42
2023-04-13	21649.18
2023-04-14	21586.56
2023-04-15	21586.56
2023-04-16	21586.56
2023-04-17	21901.8
2023-04-18	21794.07
2023-04-19	21775.37
2023-04-20	21769.71
2023-04-21	21828.92
2023-04-22	21828.92
2023-04-23	21828.92
2023-04-24	21926.27
2023-04-25	21917.48
2023-04-26	21919.75
2023-04-27	21992.57
2023-04-28	22251.37
2023-04-29	22251.37
2023-04-30	22251.37
2023-05-01	22215.29
2023-05-02	21852.03
2023-05-03	21731.41
2023-05-04	21980.9
2023-05-05	22247.72
2023-05-06	22247.72
2023-05-07	22247.72
2023-05-08	22219.0
2023-05-09	22007.7
2023-05-10	22094.07
2023-05-11	22101.63
2023-05-12	22147.54
2023-05-13	22147.54
2023-05-14	22147.54
2023-05-15	22243.98
2023-05-16	21992.47
2023-05-17	21992.92
2023-05-18	21910.12
2023-05-19	21923.73
2023-05-20	21923.73
2023-05-21	21923.73
2023-05-22	21909.25
2023-05-23	21965.65
2023-05-24	21780.91
2023-05-25	21709.24
2023-05-26	21735.52
2023-05-27	21735.52
2023-05-28	21735.52
2023-05-29	21891.31
2023-05-30	21867.39
2023-05-31	21795.92
2023-06-01	21748.29
2023-06-02	21970.85
2023-06-03	21970.85
2023-06-04	21970.85
2023-06-05	22017.67
2023-06-06	21971.94
2023-06-07	22063.18
2023-06-08	21721.01
2023-06-09	21661.36
2023-06-10	21661.36
2023-06-11	21661.36
2023-06-12	21624.29
2023-06-13	21578.83
2023-06-14	21516.09
2023-06-15	21574.32
2023-06-16	21677.61
2023-06-17	21677.61
2023-06-18	21677.61
2023-06-19	21761.46
2023-06-20	21871.54
2023-06-21	21784.68
2023-06-22	21432.98
2023-06-23	21088.08
2023-06-24	21088.08
2023-06-25	21088.08
2023-06-26	21251.57
2023-06-27	21535.28
2023-06-28	21819.2
2023-06-29	21907.16
2023-06-30	21950.62
2023-07-01	21950.62
2023-07-02	21950.62
2023-07-03	22081.27
2023-07-04	22197.4
2023-07-05	22181.14
2023-07-06	22108.69
2023-07-07	21754.4
2023-07-08	21754.4
2023-07-09	21754.4
2023-07-10	21740.24
2023-07-11	22077.65
2023-07-12	22025.91
2023-07-13	22312.15
2023-07-14	22406.51
2023-07-15	22406.51
2023-07-16	22406.51
2023-07-17	22420.02
2023-07-18	22212.02
2023-07-19	22513.48
2023-07-20	22456.24
2023-07-21	22544.34
2023-07-22	22544.34
2023-07-23	22544.34
2023-07-24	22657.53
2023-07-25	22529.62
2023-07-26	22568.98
2023-07-27	22749.04
2023-07-28	22600.91
2023-07-29	22600.91
2023-07-30	22600.91
2023-07-31	22575.88
2023-08-01	22696.77
2023-08-02	22520.89
2023-08-03	22410.25
2023-08-04	22225.08
2023-08-05	22225.08
2023-08-06	22225.08
2023-08-07	22397.43
2023-08-08	22369.07
2023-08-09	22282.45
2023-08-10	22289.24
2023-08-11	22301.1
2023-08-12	22301.1
2023-08-13	22301.1
2023-08-14	22144.12
2023-08-15	21973.39
2023-08-16	21961.49
2023-08-17	22063.72
2023-08-18	22238.91
2023-08-19	22238.91
2023-08-20	22238.91
2023-08-21	22124.69
2023-08-22	22241.71
2023-08-23	22328.95
2023-08-24	22386.53
2023-08-25	22390.49
2023-08-26	22390.49
2023-08-27	22390.49
2023-08-28	22468.61
2023-08-29	22626.12
2023-08-30	22751.03
2023-08-31	22757.25
2023-09-01	22675.61
2023-09-02	22675.61
2023-09-03	22675.61
2023-09-04	22737.03
2023-09-05	22669.44
2023-09-06	22566.46
2023-09-07	22577.98
2023-09-08	22489.06
2023-09-09	22489.06
2023-09-10	22489.06
2023-09-11	22417.77
2023-09-12	22418.63
2023-09-13	22224.72
2023-09-14	22403.79
2023-09-15	22430.54
2023-09-16	22430.54
2023-09-17	22430.54
2023-09-18	22285.18
2023-09-19	22150.85
2023-09-20	22074.94
2023-09-21	21789.98
2023-09-22	21529.43
2023-09-23	21529.43
2023-09-24	21529.43
2023-09-25	21638.85
2023-09-26	21336.95
2023-09-27	21336.72
2023-09-28	21311.66
2023-09-29	21280.18
2023-09-30	21280.18
2023-10-01	21280.18
2023-10-02	21242.97
2023-10-03	20949.62
2023-10-04	20940.16
2023-10-05	21174.44
2023-10-06	21150.1
2023-10-07	21150.1
2023-10-08	21150.1
2023-10-09	21171.69
2023-10-10	21380.54
2023-10-11	21565.5
2023-10-12	21617.56
2023-10-13	21426.32
2023-10-14	21426.32
2023-10-15	21426.32
2023-10-16	21384.98
2023-10-17	21484.18
2023-10-18	21274.82
2023-10-19	20977.82
2023-10-20	20811.11
2023-10-21	20811.11
2023-10-22	20811.11
2023-10-23	20697.38
2023-10-24	20721.74
2023-10-25	20412.77
2023-10-26	20290.21
2023-10-27	20177.52
2023-10-28	20177.52
2023-10-29	20177.52
2023-10-30	20141.48
2023-10-31	20399.74
2023-11-01	20601.34
2023-11-02	21083.56
2023-11-03	21368.79
2023-11-04	21368.79
2023-11-05	21368.79
2023-11-06	21271.78
2023-11-07	21235.42
2023-11-08	21383.68
2023-11-09	21304.21
2023-11-10	21400.08
2023-11-11	21400.08
2023-11-12	21400.08
2023-11-13	21229.61
2023-11-14	21723.21
2023-11-15	22150.49
2023-11-16	22043.39
2023-11-17	21997.21
2023-11-18	21997.21
2023-11-19	21997.21
2023-11-20	21990.94
2023-11-21	21829.66
2023-11-22	21765.86
2023-11-23	21747.78
2023-11-24	21803.6
2023-11-25	21803.6
2023-11-26	21803.6
2023-11-27	21686.73
2023-11-28	21796.0
2023-11-29	21949.88
2023-11-30	22009.19
2023-12-01	22224.07
2023-12-02	22224.07
2023-12-03	22224.07
2023-12-04	22465.63
2023-12-05	22348.27
2023-12-06	22631.08
2023-12-07	22641.04
2023-12-08	22656.43
2023-12-09	22656.43
2023-12-10	22656.43
2023-12-11	22715.23
2023-12-12	22832.25
2023-12-13	23163.22
2023-12-14	23812.92
2023-12-15	23591.03
2023-12-16	23591.03
2023-12-17	23591.03
2023-12-18	23435.97
2023-12-19	23518.58
2023-12-20	23531.54
2023-12-21	23465.55
2023-12-22	23512.26
2023-12-23	23512.26
2023-12-24	23512.26
2023-12-25	23503.45
2023-12-26	23567.75
2023-12-27	23745.8
2023-12-28	23943.19
2023-12-29	23860.87
2023-12-30	23860.87
2023-12-31	23860.87
2024-01-01	23862.91
2024-01-02	23897.45
2024-01-03	23499.17
2024-01-04	23415.62
2024-01-05	23403.07
2024-01-06	23403.07
2024-01-07	23403.07
2024-01-08	23528.71
2024-01-09	23568.54
2024-01-10	23681.71
2024-01-11	23683.24
2024-01-12	23725.08
2024-01-13	23725.08
2024-01-14	23725.08
2024-01-15	23751.61
2024-01-16	23650.66
2024-01-17	23477.86
2024-01-18	23122.03
2024-01-19	23296.42
2024-01-20	23296.42
2024-01-21	23296.42
2024-01-22	23455.25
2024-01-23	23374.93
2024-01-24	23387.86
2024-01-25	23414.93
2024-01-26	23412.25
2024-01-27	23412.25
2024-01-28	23412.25
2024-01-29	23579.11
2024-01-30	23661.86
2024-01-31	23779.28
2024-02-01	23769.92
2024-02-02	24049.14
2024-02-03	24049.14
2024-02-04	24049.14
2024-02-05	23842.59
2024-02-06	23810.14
2024-02-07	23864.27
2024-02-08	24056.77
2024-02-09	24049.57
2024-02-10	24049.57
2024-02-11	24049.57
2024-02-12	24043.06
2024-02-13	23918.28
2024-02-14	23832.41
2024-02-15	24398.96
2024-02-16	24391.74
2024-02-17	24391.74
2024-02-18	24391.74
2024-02-19	24128.92
2024-02-20	24175.29
2024-02-21	24241.39
2024-02-22	24250.12
2024-02-23	24183.7
2024-02-24	24183.7
2024-02-25	24183.7
2024-02-26	24117.18
2024-02-27	24039.63
2024-02-28	24159.52
2024-02-29	24380.94
2024-03-01	24532.74
2024-03-02	24532.74
2024-03-03	24532.74
2024-03-04	24777.63
2024-03-05	24622.86
2024-03-06	24663.55
2024-03-07	24684.78
2024-03-08	24879.78
2024-03-09	24879.78
2024-03-10	24879.78
2024-03-11	24755.28
2024-03-12	24762.39
2024-03-13	24796.33
2024-03-14	24723.25
2024-03-15	24784.12
2024-03-16	24784.12
2024-03-17	24784.12
2024-03-18	24589.67
2024-03-19	24771.65
2024-03-20	24826.69
2024-03-21	25055.82
2024-03-22	25169.45
2024-03-23	25169.45
2024-03-24	25169.45
2024-03-25	25305.32
2024-03-26	25209.09
2024-03-27	25459.78
2024-03-28	25745.7
2024-03-29	25742.77
2024-03-30	25742.77
2024-03-31	25742.77
2024-04-01	25633.22
2024-04-02	25367.54
2024-04-03	24925.52
2024-04-04	24886.41
2024-04-05	24887.21
2024-04-06	24887.21
2024-04-07	24887.21
2024-04-08	25027.15
2024-04-09	24995.43
2024-04-10	24892.29
2024-04-11	24707.38
2024-04-12	24556.7
2024-04-13	24556.7
2024-04-14	24556.7
2024-04-15	24323.26
2024-04-16	24032.78
2024-04-17	23923.49
2024-04-18	24004.71
2024-04-19	23906.17
2024-04-20	23906.17
2024-04-21	23906.17
2024-04-22	24084.34
2024-04-23	24228.45
2024-04-24	24166.22
2024-04-25	24105.6
2024-04-26	23895.61
2024-04-27	23895.61
2024-04-28	23895.61
2024-04-29	24119.08
2024-04-30	24170.47
2024-05-01	24032.06
2024-05-02	24142.45
2024-05-03	24336.98
2024-05-04	24336.98
2024-05-05	24336.98
2024-05-06	24537.18
2024-05-07	24796.08
2024-05-08	24793.31
2024-05-09	24771.78
2024-05-10	24761.55
2024-05-11	24761.55
2024-05-12	24761.55
2024-05-13	24795.45
2024-05-14	24755.49
2024-05-15	24908.69
2024-05-16	25279.62
2024-05-17	25087.14
2024-05-18	25087.14
2024-05-19	25087.14
2024-05-20	24989.53
2024-05-21	24937.78
2024-05-22	24927.75
2024-05-23	24701.73
2024-05-24	24513.96
2024-05-25	24513.96
2024-05-26	24513.96
2024-05-27	24653.35
2024-05-28	24624.15
2024-05-29	24411.82
2024-05-30	24507.07
2024-05-31	24622.64
2024-06-01	24622.64
2024-06-02	24622.64
2024-06-03	24761.77
2024-06-04	24833.02
2024-06-05	25016.03
2024-06-06	25056.24
2024-06-07	25022.24
2024-06-08	25022.24
2024-06-09	25022.24
2024-06-10	25020.72
2024-06-11	24685.74
2024-06-12	24638.47
2024-06-13	24843.11
2024-06-14	24866.07
2024-06-15	24866.07
2024-06-16	24866.07
2024-06-17	24741.4
2024-06-18	24813.5
2024-06-19	24749.6
2024-06-20	24800.04
2024-06-21	25047.04
2024-06-22	25047.04
2024-06-23	25047.04
2024-06-24	25018.01
2024-06-25	25102.78
2024-06-26	24831.01
2024-06-27	24780.17
2024-06-28	24851.85
2024-06-29	24851.85
2024-06-30	24851.85
2024-07-01	24899.09
2024-07-02	24778.38
2024-07-03	24836.32
2024-07-04	24989.64
2024-07-05	24996.92
2024-07-06	24996.92
2024-07-07	24996.92
2024-07-08	24869.18
2024-07-09	24945.38
2024-07-10	25058.99
2024-07-11	25423.22
2024-07-12	25710.66
2024-07-13	25710.66
2024-07-14	25710.66
2024-07-15	25916.81
2024-07-16	26137.15
2024-07-17	26362.05
2024-07-18	26251.25
2024-07-19	26148.43
2024-07-20	26148.43
2024-07-21	26148.43
2024-07-22	26200.27
2024-07-23	26210.99
2024-07-24	25887.5
2024-07-25	25655.03
2024-07-26	25938.93
2024-07-27	25938.93
2024-07-28	25938.93
2024-07-29	26179.9
2024-07-30	26190.18
2024-07-31	26388.85
2024-08-01	26714.39
2024-08-02	26375.52
2024-08-03	26375.52
2024-08-04	26375.52
2024-08-05	25592.71
2024-08-06	25852.19
2024-08-07	25900.8
2024-08-08	25760.41
2024-08-09	26104.72
2024-08-10	26104.72
2024-08-11	26104.72
2024-08-12	26021.82
2024-08-13	26183.13
2024-08-14	26418.58
2024-08-15	26417.41
2024-08-16	26402.09
2024-08-17	26402.09
2024-08-18	26402.09
2024-08-19	26391.36
2024-08-20	26188.92
2024-08-21	26189.92
2024-08-22	26369.62
2024-08-23	26533.94
2024-08-24	26533.94
2024-08-25	26533.94
2024-08-26	26675.43
2024-08-27	26702.47
2024-08-28	26695.02
2024-08-29	26618.78
2024-08-30	26857.34
2024-08-31	26857.34
2024-09-01	26857.34
2024-09-02	26903.16
2024-09-03	26964.84
2024-09-04	26796.39
2024-09-05	27016.92
2024-09-06	27086.6
2024-09-07	27086.6
2024-09-08	27086.6
2024-09-09	27354.35
2024-09-10	27522.61
2024-09-11	27556.81
2024-09-12	27762.15
2024-09-13	27991.44
2024-09-14	27991.44
2024-09-15	27991.44
2024-09-16	28054.29
2024-09-17	28009.29
2024-09-18	27968.93
2024-09-19	28096.31
2024-09-20	27981.76
2024-09-21	27981.76
2024-09-22	27981.76
2024-09-23	27837.88
2024-09-24	27882.39
2024-09-25	27847.36
2024-09-26	27828.99
2024-09-27	27715.19
2024-09-28	27715.19
2024-09-29	27715.19
2024-09-30	27806.08
2024-10-01	27817.95
2024-10-02	27693.83
2024-10-03	27842.68
2024-10-04	27759.74
2024-10-05	27759.74
2024-10-06	27759.74
2024-10-07	27598.71
2024-10-08	27615.73
2024-10-09	27589.07
2024-10-10	27556.27
2024-10-11	27593.08
2024-10-12	27593.08
2024-10-13	27593.08
2024-10-14	27640.07
2024-10-15	27842.08
2024-10-16	28042.42
2024-10-17	28113.91
2024-10-18	27946.67
2024-10-19	27946.67
2024-10-20	27946.67
2024-10-21	27846.6
2024-10-22	27563.84
2024-10-23	27658.74
2024-10-24	27646.45
2024-10-25	27499.39
2024-10-26	27499.39
2024-10-27	27499.39
2024-10-28	27540.28
2024-10-29	27548.46
2024-10-30	27606.13
2024-10-31	27408.32
2024-11-01	27180.08
2024-11-02	27180.08
2024-11-03	27180.08
2024-11-04	27280.83
2024-11-05	27328.3
2024-11-06	27190.96
2024-11-07	26837.81
2024-11-08	27258.93
2024-11-09	27258.93
2024-11-10	27258.93
2024-11-11	27402.84
2024-11-12	27367.89
2024-11-13	27370.09
2024-11-14	27400.95
2024-11-15	27511.96
2024-11-16	27511.96
2024-11-17	27511.96
2024-11-18	27488.74
2024-11-19	27623.02
2024-11-20	27497.85
2024-11-21	27447.33
2024-11-22	27664.78
2024-11-23	27664.78
2024-11-24	27664.78
2024-11-25	27976.43
2024-11-26	28109.36
2024-11-27	28332.04
2024-11-28	28251.68
2024-11-29	28106.62
2024-11-30	28106.62
2024-12-01	28106.62
2024-12-02	28034.23
2024-12-03	28010.84
2024-12-04	27816.02
2024-12-05	27639.89
2024-12-06	27670.53
2024-12-07	27670.53
2024-12-08	27670.53
2024-12-09	27614.55
2024-12-10	27400.24
2024-12-11	27480.11
2024-12-12	27341.57
2024-12-13	27220.89
2024-12-14	27220.89
2024-12-15	27220.89
2024-12-16	26991.06
2024-12-17	27134.84
2024-12-18	26881.65
2024-12-19	26481.19
2024-12-20	26670.88
2024-12-21	26670.88
2024-12-22	26670.88
2024-12-23	26932.17
2024-12-24	27132.32
2024-12-25	27132.2
2024-12-26	27170.96
2024-12-27	27137.74
2024-12-28	27137.74
2024-12-29	27137.74
2024-12-30	26970.47
2024-12-31	26896.36
2025-01-01	26896.21
2025-01-02	26907.29
2025-01-03	27188.22
2025-01-04	27188.22
2025-01-05	27188.22
2025-01-06	27131.82
2025-01-07	27053.16
2025-01-08	27020.07
2025-01-09	27068.16
2025-01-10	26864.3
2025-01-11	26864.3
2025-01-12	26864.3
2025-01-13	26723.89
2025-01-14	26897.27
2025-01-15	26934.09
2025-01-16	27354.74
2025-01-17	27383.14
2025-01-18	27383.14
2025-01-19	27383.14
2025-01-20	27421.37
2025-01-21	27581.88
2025-01-22	27489.4
2025-01-23	27437.31
2025-01-24	27476.8
2025-01-25	27476.8
2025-01-26	27476.8
2025-01-27	27664.23
2025-01-28	27200.91
2025-01-29	27252.14
2025-01-30	27443.17
2025-01-31	27538.98
2025-02-01	27538.98
2025-02-02	27538.98
2025-02-03	27351.54
2025-02-04	27159.59
2025-02-05	27372.78
2025-02-06	27578.88
2025-02-07	27572.74
2025-02-08	27572.74
2025-02-09	27572.74
2025-02-10	27531.39
2025-02-11	27613.78
2025-02-12	27543.56
2025-02-13	27643.72
2025-02-14	27568.29
2025-02-15	27568.29
2025-02-16	27568.29
2025-02-17	27690.29
2025-02-18	27775.57
2025-02-19	27688.0
2025-02-20	27419.7
2025-02-21	27420.89
2025-02-22	27420.89
2025-02-23	27420.89
2025-02-24	27276.34
2025-02-25	27325.41
2025-02-26	27153.29
2025-02-27	27225.92
2025-02-28	27164.77
2025-03-01	27164.77
2025-03-02	27164.77
2025-03-03	27319.05
2025-03-04	27226.32
2025-03-05	27174.34
2025-03-06	26825.04
2025-03-07	26577.95
2025-03-08	26577.95
2025-03-09	26577.95
2025-03-10	26520.78
2025-03-11	26392.92
2025-03-12	26321.21
2025-03-13	26138.75
2025-03-14	26280.3
2025-03-15	26280.3
2025-03-16	26280.3
2025-03-17	26393.6
2025-03-18	26413.53
2025-03-19	26311.09
2025-03-20	26572.44
2025-03-21	26527.88
2025-03-22	26527.88
2025-03-23	26527.88
2025-03-24	26629.22
2025-03-25	26564.23
2025-03-26	26749.61
2025-03-27	26450.0
2025-03-28	26310.49
2025-03-29	26310.49
2025-03-30	26310.49
2025-03-31	26224.38
2025-04-01	26411.05
2025-04-02	26599.0
2025-04-03	26015.22
2025-04-04	25724.12
2025-04-05	25724.12
2025-04-06	25724.12
2025-04-07	24978.93
2025-04-08	24921.45
2025-04-09	25279.95
2025-04-10	25315.51
2025-04-11	25354.49
2025-04-12	25354.49
2025-04-13	25354.49
2025-04-14	25622.26
2025-04-15	25550.98
2025-04-16	25583.64
2025-04-17	25890.63
2025-04-18	25890.91
2025-04-19	25890.91
2025-04-20	25890.91
2025-04-21	25672.41
2025-04-22	25798.82
2025-04-23	26015.04
2025-04-24	26156.43
2025-04-25	26161.36
2025-04-26	26161.36
2025-04-27	26161.36
2025-04-28	26252.93
2025-04-29	26429.7
2025-04-30	26670.5
2025-05-01	26904.83
2025-05-02	27064.55
2025-05-03	27064.55
2025-05-04	27064.55
2025-05-05	26907.65
2025-05-06	26953.48
2025-05-07	27087.36
2025-05-08	27174.03
2025-05-09	27232.39
2025-05-10	27232.39
2025-05-11	27232.39
2025-05-12	27349.26
2025-05-13	26960.91
2025-05-14	26837.56
2025-05-15	26923.11
2025-05-16	27318.2
2025-05-17	27318.2
2025-05-18	27318.2
2025-05-19	27186.09
2025-05-20	27377.26
2025-05-21	27102.0
2025-05-22	27011.27
2025-05-23	27039.37
2025-05-24	27039.37
2025-05-25	27039.37
2025-05-26	27066.75
2025-05-27	27261.67
2025-05-28	27444.5
2025-05-29	27426.04
2025-05-30	27501.06
2025-05-31	27501.06
2025-06-01	27501.06
2025-06-02	27432.6
2025-06-03	27484.39
2025-06-04	27516.97
2025-06-05	27558.72
2025-06-06	27684.48
2025-06-07	27684.48
2025-06-08	27684.48
2025-06-09	27663.05
2025-06-10	27840.4
2025-06-11	27924.35
2025-06-12	27893.45
2025-06-13	27793.61
2025-06-14	27793.61
2025-06-15	27793.61
2025-06-16	27741.25
2025-06-17	27821.09
2025-06-18	27811.94
2025-06-19	27933.94
2025-06-20	27892.77
2025-06-21	27892.77
2025-06-22	27892.77
2025-06-23	27995.07
2025-06-24	27942.08
2025-06-25	27729.03
2025-06-26	27596.08
2025-06-27	27647.9
2025-06-28	27647.9
2025-06-29	27647.9
2025-06-30	27635.13
2025-07-01	27771.33
2025-07-02	28019.24
2025-07-03	28042.18
2025-07-04	28158.88
2025-07-05	28158.88
2025-07-06	28158.88
2025-07-07	28064.33
2025-07-08	27929.12
2025-07-09	27717.7
2025-07-10	27832.95
2025-07-11	27655.19
2025-07-12	27655.19
2025-07-13	27655.19
2025-07-14	27753.82
2025-07-15	27752.9
2025-07-16	27797.98
2025-07-17	27971.47
2025-07-18	28057.51
2025-07-19	28057.51
2025-07-20	28057.51
2025-07-21	28022.48
2025-07-22	28209.05
2025-07-23	28219.11
2025-07-24	28008.87
2025-07-25	27998.1
2025-07-26	27998.1
2025-07-27	27998.1
2025-07-28	27955.63
2025-07-29	28109.75
2025-07-30	28175.15
2025-07-31	28064.45
2025-08-01	27859.22
2025-08-02	27859.22
2025-08-03	27859.22
2025-08-04	27935.04
2025-08-05	28185.41
2025-08-06	28221.78
2025-08-07	28306.47
2025-08-08	28236.59
2025-08-09	28236.59
2025-08-10	28236.59
2025-08-11	28230.38
2025-08-12	28269.63
2025-08-13	28327.71
2025-08-14	28439.06
2025-08-15	28481.37
2025-08-16	28481.37
2025-08-17	28481.37
2025-08-18	28481.38
2025-08-19	28739.16
2025-08-20	29051.48
2025-08-21	29037.85
2025-08-22	28889.53
2025-08-23	28889.53
2025-08-24	28889.53
2025-08-25	28904.91
2025-08-26	28852.6
2025-08-27	28930.59
2025-08-28	28992.0
2025-08-29	28944.1
2025-08-30	28944.1
2025-08-31	28944.1
2025-09-01	28897.24
2025-09-02	28551.79
2025-09-03	28233.85
2025-09-04	28453.91
2025-09-05	28705.13
2025-09-06	28705.13
2025-09-07	28705.13
2025-09-08	28679.4
2025-09-09	28556.7
2025-09-10	28565.67
2025-09-11	28793.8
2025-09-12	28969.22
2025-09-13	28969.22
2025-09-14	28969.22
2025-09-15	28986.94
2025-09-16	28885.2
2025-09-17	28657.03
2025-09-18	28697.19
2025-09-19	28738.92
2025-09-20	28738.92
2025-09-21	28738.92
2025-09-22	28681.49
2025-09-23	28680.09
2025-09-24	28509.78
2025-09-25	28431.91
2025-09-26	28505.79
2025-09-27	28505.79
2025-09-28	28505.79
2025-09-29	28519.26
2025-09-30	28517.35
2025-10-01	28603.63
2025-10-02	28734.96
2025-10-03	28846.44
2025-10-04	28846.44
2025-10-05	28846.44
2025-10-06	28757.5
2025-10-07	28697.28
2025-10-08	28554.02
2025-10-09	28475.26
2025-10-10	28374.61
2025-10-11	28374.61
2025-10-12	28374.61
2025-10-13	28490.88
2025-10-14	28576.58
2025-10-15	28667.51
2025-10-16	29031.82
2025-10-17	29094.48
2025-10-18	29094.48
2025-10-19	29094.48
2025-10-20	29275.9
2025-10-21	29328.17
2025-10-22	29320.99
2025-10-23	29362.92
2025-10-24	29461.15
2025-10-25	29461.15
2025-10-26	29461.15
2025-10-27	29451.93
2025-10-28	29225.83
2025-10-29	28744.47
2025-10-30	28538.91
2025-10-31	28546.75
2025-11-01	28546.75
2025-11-02	28546.75
2025-11-03	28488.67
2025-11-04	28371.31
2025-11-05	28229.8
2025-11-06	28209.1
2025-11-07	28428.44
2025-11-08	28428.44
2025-11-09	28428.44
2025-11-10	28291.23
2025-11-11	28606.92
2025-11-12	28490.62
2025-11-13	28022.71
2025-11-14	27885.67
2025-11-15	27885.67
2025-11-16	27885.67
2025-11-17	27952.66
2025-11-18	27833.1
2025-11-19	27834.34
2025-11-20	27952.95
2025-11-21	27923.23
2025-11-22	27923.23
2025-11-23	27923.23
2025-11-24	28144.92
2025-11-25	28199.51
2025-11-26	28243.79
2025-11-27	28203.17
2025-11-28	28167.34
2025-11-29	28167.34
2025-11-30	28167.34
2025-12-01	28005.53
2025-12-02	28008.47
2025-12-03	28077.44
2025-12-04	27758.6
2025-12-05	27702.53
2025-12-06	27702.53
2025-12-07	27702.53
2025-12-08	27634.39
2025-12-09	27526.76
2025-12-10	27463.11
2025-12-11	27537.58
2025-12-12	27703.44
2025-12-13	27703.44
2025-12-14	27703.44
2025-12-15	27751.76
2025-12-16	27667.63
2025-12-17	27687.04
2025-12-18	27691.59
2025-12-19	27713.51
2025-12-20	27713.51
2025-12-21	27713.51
2025-12-22	27763.07
2025-12-23	28094.27
2025-12-24	28146.55
2025-12-25	28149.23
2025-12-26	28145.47
2025-12-27	28145.47
2025-12-28	28145.47
2025-12-29	28140.53
2025-12-30	28182.77
2025-12-31	28097.73
2026-01-01	28098.82
2026-01-02	28088.04
2026-01-03	28088.04
2026-01-04	28088.04
2026-01-05	27997.47
2026-01-06	27887.73
2026-01-07	27954.75
2026-01-08	28116.62
2026-01-09	28105.06
2026-01-10	28105.06
2026-01-11	28105.06
2026-01-12	28047.96
2026-01-13	28196.43
2026-01-14	28297.97
2026-01-15	28311.47
2026-01-16	28592.59
2026-01-17	28592.59
2026-01-18	28592.59
2026-01-19	28488.37
2026-01-20	28235.09
2026-01-21	27970.73
2026-01-22	27911.97
2026-01-23	27869.16
2026-01-24	27869.16
2026-01-25	27869.16
2026-01-26	27813.74
2026-01-27	27765.27
2026-01-28	27557.11
2026-01-29	27680.46
2026-01-30	27721.02
2026-01-31	27721.02
2026-02-01	27721.02
2026-02-02	27635.89
2026-02-03	27743.45
2026-02-04	27776.04
2026-02-05	27869.8
2026-02-06	27453.65
2026-02-07	27453.65
2026-02-08	27453.65
2026-02-09	27744.93
2026-02-10	28339.79
2026-02-11	28316.39
2026-02-12	28092.81
2026-02-13	28372.55
2026-02-14	28372.55
2026-02-15	28372.55
2026-02-16	28502.77
2026-02-17	28521.3
2026-02-18	28515.24
2026-02-19	28228.94
2026-02-20	28334.7
2026-02-21	28334.7
2026-02-22	28334.7
2026-02-23	28145.73
2026-02-24	27995.65
2026-02-25	27943.39
2026-02-26	28166.13
2026-02-27	28205.64
2026-02-28	28205.64
2026-03-01	28205.64
2026-03-02	28219.69
2026-03-03	27905.83
2026-03-04	27493.44
2026-03-05	27536.29
2026-03-06	27370.52
2026-03-07	27370.52
2026-03-08	27370.52
2026-03-09	26999.32
2026-03-10	26998.9
2026-03-11	26778.35
2026-03-12	26522.95
2026-03-13	26507.48
2026-03-14	26507.48
2026-03-15	26507.48
2026-03-16	26526.86
2026-03-17	26617.49
2026-03-18	26638.34
2026-03-19	26317.49
2026-03-20	25897.51
2026-03-21	25897.51
2026-03-22	25897.51
2026-03-23	25837.88
2026-03-24	25869.97
2026-03-25	26084.78
2026-03-26	26019.04
2026-03-27	25835.76
2026-03-28	25835.76
2026-03-29	25835.76
2026-03-30	25827.1
2026-03-31	26021.49
2026-04-01	26144.53
2026-04-02	26224.91
2026-04-03	26231.36
2026-04-04	26231.36
2026-04-05	26231.36
2026-04-06	26216.15
2026-04-07	26226.53
2026-04-08	26779.28
2026-04-09	26897.62
2026-04-10	27016.81
2026-04-11	27016.81
2026-04-12	27016.81
2026-04-13	26954.26
2026-04-14	27154.46
2026-04-15	27257.19
2026-04-16	27566.74
2026-04-17	27694.01
2026-04-18	27694.01
2026-04-19	27694.01
2026-04-20	27864.02
2026-04-21	27763.93
2026-04-22	27603.2
2026-04-23	27633.73
2026-04-24	27563.0
2026-04-25	27563.0
2026-04-26	27563.0
2026-04-27	27444.65
2026-04-28	27392.52
2026-04-29	27353.8
2026-04-30	27630.39
2026-05-01	27725.79
2026-05-02	27725.79
2026-05-03	27725.79
2026-05-04	27632.98
2026-05-05	27718.51
2026-05-06	27919.92
2026-05-07	27915.95
2026-05-08	27697.36
2026-05-09	27697.36
2026-05-10	27697.36
2026-05-11	27696.26
2026-05-12	27637.66
2026-05-13	27677.82
2026-05-14	27767.7
2026-05-15	27714.68
2026-05-16	27714.68
2026-05-17	27714.68
2026-05-18	27448.64
2026-05-19	27724.92
2026-05-20	27605.38
2026-05-21	27893.65
2026-05-22	27842.88
2026-05-23	27842.88
2026-05-24	27842.88
2026-05-25	27847.46
2026-05-26	27879.07
2026-05-27	28084.34
2026-05-28	27915.14
2026-05-29	27983.35
2026-05-30	27983.35
2026-05-31	27983.35
2026-06-01	27755.31
2026-06-02	27548.51
2026-06-03	27533.89
2026-06-04	27619.11
2026-06-05	27772.9
2026-06-06	27772.9
2026-06-07	27772.9
2026-06-08	27675.19
2026-06-09	28063.53
2026-06-10	28344.12
2026-06-11	28408.75
2026-06-12	28684.13
2026-06-13	28684.13
2026-06-14	28684.13
2026-06-15	28793.92
2026-06-16	28814.58
2026-06-17	28622.5
2026-06-18	28503.16
2026-06-19	28430.03
2026-06-20	28430.03
2026-06-21	28430.03
2026-06-22	28521.94
2026-06-23	28706.65
2026-06-24	28904.85
2026-06-25	29058.53
2026-06-26	29281.1
2026-06-27	29281.1
2026-06-28	29281.1
2026-06-29	29303.2
2026-06-30	28775.62
2026-07-01	28712.56
2026-07-02	28822.94
2026-07-03	28872.72
2026-07-04	28872.72
2026-07-05	28872.72
2026-07-06	28834.93
2026-07-07	28784.83
2026-07-08	28657.14
2026-07-09	28533.98
2026-07-10	28595.17
2026-07-11	28595.17
2026-07-12	28595.17
2026-07-13	28685.31
2026-07-14	28407.65
2026-07-15	28411.79
2026-07-16	28699.72
2026-07-17	28892.31
2026-07-18	28892.31
2026-07-19	28892.31
2026-07-20	28841.33
2026-07-21	28974.31
2026-07-22	28740.67
2026-07-23	28809.07
2026-07-24	28877.99
2026-07-25	28877.99
2026-07-26	28877.99
2026-07-27	29038.26
2026-07-28	29246.72
2026-07-29	29346.17
2026-07-30	29014.02
2026-07-31	29015.05
2026-08-01	29015.05
2026-08-02	29015.05
2026-08-03	29083.55
2026-08-04	29126.83
2026-08-05	29278.67
2026-08-06	29070.42
2026-08-07	29039.05
2026-08-08	29039.05
2026-08-09	29039.05
2026-08-10	28900.44
2026-08-11	28788.47
2026-08-12	28743.22
2026-08-13	28877.38
2026-08-14	28785.44
2026-08-15	28785.44
2026-08-16	28785.44
2026-08-17	28537.34
2026-08-18	28502.35
2026-08-19	28398.59
2026-08-20	28458.38
2026-08-21	28071.11
2026-08-22	28071.11
2026-08-23	28071.11
2026-08-24	28161.56
2026-08-25	28168.13
2026-08-26	28167.48
2026-08-27	27873.78
2026-08-28	27695.52
2026-08-29	27695.52
2026-08-30	27695.52
2026-08-31	27641.73
2026-09-01	27630.26
2026-09-02	27387.65
2026-09-03	27537.76
2026-09-04	27516.41
2026-09-05	27516.41
2026-09-06	27516.41
2026-09-07	27455.48
2026-09-08	27267.96
2026-09-09	27086.29
2026-09-10	26981.82
2026-09-11	26891.74
2026-09-12	26891.74
2026-09-13	26891.74
2026-09-14	26865.42
2026-09-15	26750.84
2026-09-16	26627.58
