date	value
2004-01-01	10000.0
2004-01-02	9996.5012
2004-01-03	9996.5012
2004-01-04	9996.5012
2004-01-05	9983.7518
2004-01-06	10046.6564
2004-01-07	10013.702
2004-01-08	10014.4164
2004-01-09	10015.488
2004-01-10	10015.488
2004-01-11	10015.488
2004-01-12	9997.8018
2004-01-13	9979.0898
2004-01-14	10031.3332
2004-01-15	10015.8269
2004-01-16	10025.6729
2004-01-17	10025.6729
2004-01-18	10025.6729
2004-01-19	10084.227
2004-01-20	10068.8855
2004-01-21	10066.6324
2004-01-22	10106.5843
2004-01-23	10126.2763
2004-01-24	10126.2763
2004-01-25	10126.2763
2004-01-26	10126.2763
2004-01-27	10029.5655
2004-01-28	9981.4437
2004-01-29	9925.1703
2004-01-30	9933.908
2004-01-31	9933.908
2004-02-01	9933.908
2004-02-02	9992.7918
2004-02-03	9957.5751
2004-02-04	9951.7499
2004-02-05	9942.1604
2004-02-06	9977.1206
2004-02-07	9977.1206
2004-02-08	9977.1206
2004-02-09	10018.5288
2004-02-10	9985.8675
2004-02-11	9995.915
2004-02-12	10057.3267
2004-02-13	10046.2992
2004-02-14	10046.2992
2004-02-15	10046.2992
2004-02-16	10007.5929
2004-02-17	10038.2392
2004-02-18	10093.8348
2004-02-19	10094.4393
2004-02-20	10108.8557
2004-02-21	10108.8557
2004-02-22	10108.8557
2004-02-23	10137.2397
2004-02-24	10082.4593
2004-02-25	10112.3545
2004-02-26	10132.5778
2004-02-27	10158.672
2004-02-28	10158.672
2004-02-29	10158.672
2004-03-01	10221.0362
2004-03-02	10257.4894
2004-03-03	10259.6692
2004-03-04	10290.627
2004-03-05	10325.6055
2004-03-06	10325.6055
2004-03-07	10325.6055
2004-03-08	10269.5519
2004-03-09	10271.4661
2004-03-10	10272.9866
2004-03-11	10224.8189
2004-03-12	10219.067
2004-03-13	10219.067
2004-03-14	10219.067
2004-03-15	10278.4179
2004-03-16	10314.578
2004-03-17	10367.7281
2004-03-18	10353.0919
2004-03-19	10317.3074
2004-03-20	10317.3074
2004-03-21	10317.3074
2004-03-22	10167.19
2004-03-23	10119.6909
2004-03-24	10132.7243
2004-03-25	10211.0253
2004-03-26	10238.4934
2004-03-27	10238.4934
2004-03-28	10238.4934
2004-03-29	10231.3219
2004-03-30	10226.1195
2004-03-31	10236.1945
2004-04-01	10277.4287
2004-04-02	10314.1109
2004-04-03	10314.1109
2004-04-04	10314.1109
2004-04-05	10417.6085
2004-04-06	10390.0763
2004-04-07	10387.7133
2004-04-08	10391.5784
2004-04-09	10391.5784
2004-04-10	10391.5784
2004-04-11	10391.5784
2004-04-12	10391.5784
2004-04-13	10343.365
2004-04-14	10386.0555
2004-04-15	10322.6929
2004-04-16	10338.5107
2004-04-17	10338.5107
2004-04-18	10338.5107
2004-04-19	10387.6675
2004-04-20	10471.006
2004-04-21	10415.9507
2004-04-22	10427.0607
2004-04-23	10469.5589
2004-04-24	10469.5589
2004-04-25	10469.5589
2004-04-26	10464.961
2004-04-27	10450.4255
2004-04-28	10434.9925
2004-04-29	10368.6441
2004-04-30	10326.4756
2004-05-01	10326.4756
2004-05-02	10326.4756
2004-05-03	10323.7828
2004-05-04	10321.8045
2004-05-05	10369.5508
2004-05-06	10342.4216
2004-05-07	10345.902
2004-05-08	10345.902
2004-05-09	10345.902
2004-05-10	10224.1686
2004-05-11	10250.7117
2004-05-12	10289.9217
2004-05-13	10307.4247
2004-05-14	10277.2364
2004-05-15	10277.2364
2004-05-16	10277.2364
2004-05-17	10261.7209
2004-05-18	10322.7296
2004-05-19	10357.7264
2004-05-20	10316.6113
2004-05-21	10365.1086
2004-05-22	10365.1086
2004-05-23	10365.1086
2004-05-24	10297.9084
2004-05-25	10279.8742
2004-05-26	10354.5207
2004-05-27	10387.5759
2004-05-28	10399.959
2004-05-29	10399.959
2004-05-30	10399.959
2004-05-31	10432.3821
2004-06-01	10453.2557
2004-06-02	10541.5035
2004-06-03	10529.3494
2004-06-04	10529.9356
2004-06-05	10529.9356
2004-06-06	10529.9356
2004-06-07	10610.1234
2004-06-08	10638.8188
2004-06-09	10612.4864
2004-06-10	10601.523
2004-06-11	10624.7138
2004-06-12	10624.7138
2004-06-13	10624.7138
2004-06-14	10608.4747
2004-06-15	10541.4485
2004-06-16	10617.7254
2004-06-17	10684.6875
2004-06-18	10699.6717
2004-06-19	10699.6717
2004-06-20	10699.6717
2004-06-21	10713.0806
2004-06-22	10696.3104
2004-06-23	10737.1507
2004-06-24	10688.7724
2004-06-25	10661.1211
2004-06-26	10661.1211
2004-06-27	10661.1211
2004-06-28	10701.0456
2004-06-29	10727.8268
2004-06-30	10704.2238
2004-07-01	10677.4152
2004-07-02	10634.0927
2004-07-03	10634.0927
2004-07-04	10634.0927
2004-07-05	10607.9343
2004-07-06	10606.2216
2004-07-07	10593.3531
2004-07-08	10597.7769
2004-07-09	10594.1591
2004-07-10	10594.1591
2004-07-11	10594.1591
2004-07-12	10568.7334
2004-07-13	10572.2414
2004-07-14	10514.1911
2004-07-15	10498.3092
2004-07-16	10473.7354
2004-07-17	10473.7354
2004-07-18	10473.7354
2004-07-19	10471.1617
2004-07-20	10462.6804
2004-07-21	10506.6074
2004-07-22	10458.9068
2004-07-23	10419.477
2004-07-24	10419.477
2004-07-25	10419.477
2004-07-26	10413.9174
2004-07-27	10472.4257
2004-07-28	10491.8796
2004-07-29	10521.152
2004-07-30	10572.0582
2004-07-31	10572.0582
2004-08-01	10572.0582
2004-08-02	10521.784
2004-08-03	10513.8247
2004-08-04	10494.9112
2004-08-05	10451.9368
2004-08-06	10364.4767
2004-08-07	10364.4767
2004-08-08	10364.4767
2004-08-09	10382.859
2004-08-10	10416.1431
2004-08-11	10405.4544
2004-08-12	10343.2734
2004-08-13	10325.2391
2004-08-14	10325.2391
2004-08-15	10325.2391
2004-08-16	10346.4791
2004-08-17	10389.6367
2004-08-18	10403.6776
2004-08-19	10395.7183
2004-08-20	10427.1615
2004-08-21	10427.1615
2004-08-22	10427.1615
2004-08-23	10470.4565
2004-08-24	10502.8705
2004-08-25	10507.5599
2004-08-26	10542.3828
2004-08-27	10609.9219
2004-08-28	10609.9219
2004-08-29	10609.9219
2004-08-30	10563.9249
2004-08-31	10557.0831
2004-09-01	10516.2061
2004-09-02	10692.2529
2004-09-03	10677.5983
2004-09-04	10677.5983
2004-09-05	10677.5983
2004-09-06	10777.0385
2004-09-07	10806.6499
2004-09-08	10791.9312
2004-09-09	10827.2395
2004-09-10	10834.3744
2004-09-11	10834.3744
2004-09-12	10834.3744
2004-09-13	10823.2095
2004-09-14	10829.7033
2004-09-15	10819.6741
2004-09-16	10818.3369
2004-09-17	10849.2671
2004-09-18	10849.2671
2004-09-19	10849.2671
2004-09-20	10855.0098
2004-09-21	10879.7027
2004-09-22	10842.5718
2004-09-23	10796.2177
2004-09-24	10775.1518
2004-09-25	10775.1518
2004-09-26	10775.1518
2004-09-27	10771.0851
2004-09-28	10786.0969
2004-09-29	10851.3187
2004-09-30	10806.8056
2004-10-01	10891.7286
2004-10-02	10891.7286
2004-10-03	10891.7286
2004-10-04	10945.3734
2004-10-05	10945.3551
2004-10-06	10967.1995
2004-10-07	10926.9819
2004-10-08	10876.1856
2004-10-09	10876.1856
2004-10-10	10876.1856
2004-10-11	10931.1676
2004-10-12	10928.5115
2004-10-13	10938.4766
2004-10-14	10884.9234
2004-10-15	10909.5064
2004-10-16	10909.5064
2004-10-17	10909.5064
2004-10-18	10922.7504
2004-10-19	10919.4074
2004-10-20	10861.4304
2004-10-21	10874.6744
2004-10-22	10852.7109
2004-10-23	10852.7109
2004-10-24	10852.7109
2004-10-25	10793.4791
2004-10-26	10865.5428
2004-10-27	10970.5609
2004-10-28	11032.8427
2004-10-29	11030.2689
2004-10-30	11030.2689
2004-10-31	11030.2689
2004-11-01	11062.051
2004-11-02	11078.8579
2004-11-03	11142.7517
2004-11-04	11191.8902
2004-11-05	11203.8428
2004-11-06	11203.8428
2004-11-07	11203.8428
2004-11-08	11202.6063
2004-11-09	11202.5056
2004-11-10	11220.6589
2004-11-11	11252.157
2004-11-12	11275.4668
2004-11-13	11275.4668
2004-11-14	11275.4668
2004-11-15	11298.4745
2004-11-16	11262.4335
2004-11-17	11268.7258
2004-11-18	11292.3928
2004-11-19	11237.9787
2004-11-20	11237.9787
2004-11-21	11237.9787
2004-11-22	11183.6562
2004-11-23	11229.3417
2004-11-24	11270.1088
2004-11-25	11306.1498
2004-11-26	11321.3264
2004-11-27	11321.3264
2004-11-28	11321.3264
2004-11-29	11345.1034
2004-11-30	11374.2476
2004-12-01	11356.0302
2004-12-02	11434.78
2004-12-03	11414.7582
2004-12-04	11414.7582
2004-12-05	11414.7582
2004-12-06	11458.4104
2004-12-07	11392.8955
2004-12-08	11395.2952
2004-12-09	11385.0095
2004-12-10	11409.3727
2004-12-11	11409.3727
2004-12-12	11409.3727
2004-12-13	11435.7508
2004-12-14	11486.8127
2004-12-15	11510.6081
2004-12-16	11569.2995
2004-12-17	11540.5308
2004-12-18	11540.5308
2004-12-19	11540.5308
2004-12-20	11570.5543
2004-12-21	11608.1065
2004-12-22	11661.3941
2004-12-23	11663.7297
2004-12-24	11647.6097
2004-12-25	11647.6097
2004-12-26	11647.6097
2004-12-27	11608.1798
2004-12-28	11622.2939
2004-12-29	11636.8661
2004-12-30	11644.2391
2004-12-31	11652.1892
2005-01-01	11619.8851
2005-01-02	11619.8851
2005-01-03	11607.557
2005-01-04	11656.4115
2005-01-05	11608.766
2005-01-06	11606.4579
2005-01-07	11660.5606
2005-01-08	11660.5606
2005-01-09	11660.5606
2005-01-10	11705.3394
2005-01-11	11673.7589
2005-01-12	11667.8238
2005-01-13	11645.6038
2005-01-14	11668.8038
2005-01-15	11668.8038
2005-01-16	11668.8038
2005-01-17	11700.2469
2005-01-18	11702.3535
2005-01-19	11647.8661
2005-01-20	11590.6768
2005-01-21	11549.351
2005-01-22	11549.351
2005-01-23	11549.351
2005-01-24	11536.226
2005-01-25	11573.7691
2005-01-26	11569.9223
2005-01-27	11633.0467
2005-01-28	11615.3422
2005-01-29	11615.3422
2005-01-30	11615.3422
2005-01-31	11682.286
2005-02-01	11740.1622
2005-02-02	11767.3281
2005-02-03	11783.5946
2005-02-04	11843.9072
2005-02-05	11843.9072
2005-02-06	11843.9072
2005-02-07	11843.0646
2005-02-08	11830.7456
2005-02-09	11784.0159
2005-02-10	11763.582
2005-02-11	11778.8868
2005-02-12	11778.8868
2005-02-13	11778.8868
2005-02-14	11808.3608
2005-02-15	11817.007
2005-02-16	11830.3517
2005-02-17	11830.2693
2005-02-18	11829.8572
2005-02-19	11829.8572
2005-02-20	11829.8572
2005-02-21	11848.1936
2005-02-22	11781.8452
2005-02-23	11761.3197
2005-02-24	11747.1323
2005-02-25	11843.0737
2005-02-26	11843.0737
2005-02-27	11843.0737
2005-02-28	11835.9571
2005-03-01	11888.8142
2005-03-02	11909.8709
2005-03-03	11934.2707
2005-03-04	11977.1444
2005-03-05	11977.1444
2005-03-06	11977.1444
2005-03-07	12021.7217
2005-03-08	12008.1662
2005-03-09	12001.5167
2005-03-10	11964.8712
2005-03-11	11934.5913
2005-03-12	11934.5913
2005-03-13	11934.5913
2005-03-14	11997.3402
2005-03-15	11939.4181
2005-03-16	11932.9885
2005-03-17	11910.3106
2005-03-18	11923.8935
2005-03-19	11923.8935
2005-03-20	11923.8935
2005-03-21	12024.8633
2005-03-22	11968.1044
2005-03-23	11885.2513
2005-03-24	11842.5242
2005-03-25	11848.3951
2005-03-26	11848.3951
2005-03-27	11848.3951
2005-03-28	11848.2852
2005-03-29	11837.2302
2005-03-30	11864.7166
2005-03-31	11838.1187
2005-04-01	11879.4811
2005-04-02	11879.4811
2005-04-03	11879.4811
2005-04-04	11848.9538
2005-04-05	11885.9474
2005-04-06	11897.6069
2005-04-07	11930.6621
2005-04-08	11941.1675
2005-04-09	11941.1675
2005-04-10	11941.1675
2005-04-11	11865.4127
2005-04-12	11871.934
2005-04-13	11833.1086
2005-04-14	11738.88
2005-04-15	11591.7942
2005-04-16	11591.7942
2005-04-17	11591.7942
2005-04-18	11672.8979
2005-04-19	11789.1725
2005-04-20	11788.6321
2005-04-21	11816.1643
2005-04-22	11825.2043
2005-04-23	11825.2043
2005-04-24	11825.2043
2005-04-25	11844.7773
2005-04-26	11567.2478
2005-04-27	11546.9696
2005-04-28	11493.8011
2005-04-29	11475.7119
2005-04-30	11475.7119
2005-05-01	11475.7119
2005-05-02	11612.6036
2005-05-03	11603.3896
2005-05-04	11566.3503
2005-05-05	11580.6567
2005-05-06	11643.7262
2005-05-07	11643.7262
2005-05-08	11643.7262
2005-05-09	11592.3529
2005-05-10	11535.6032
2005-05-11	11559.5359
2005-05-12	11596.6943
2005-05-13	11564.7566
2005-05-14	11564.7566
2005-05-15	11564.7566
2005-05-16	11615.8917
2005-05-17	11616.8351
2005-05-18	11683.2293
2005-05-19	11804.9994
2005-05-20	11795.9777
2005-05-21	11795.9777
2005-05-22	11795.9777
2005-05-23	11765.4138
2005-05-24	11789.1908
2005-05-25	11761.8418
2005-05-26	11796.6921
2005-05-27	11821.788
2005-05-28	11821.788
2005-05-29	11821.788
2005-05-30	11860.2104
2005-05-31	11810.8154
2005-06-01	11936.1483
2005-06-02	11977.9687
2005-06-03	11971.5116
2005-06-04	11971.5116
2005-06-05	11971.5116
2005-06-06	12008.6425
2005-06-07	12017.2521
2005-06-08	12054.8135
2005-06-09	12023.2238
2005-06-10	12059.045
2005-06-11	12059.045
2005-06-12	12059.045
2005-06-13	12059.045
2005-06-14	12114.6223
2005-06-15	12124.2119
2005-06-16	12150.9564
2005-06-17	12238.6455
2005-06-18	12238.6455
2005-06-19	12238.6455
2005-06-20	12224.2382
2005-06-21	12180.7601
2005-06-22	12162.4968
2005-06-23	12150.819
2005-06-24	12108.9162
2005-06-25	12108.9162
2005-06-26	12108.9162
2005-06-27	12230.2191
2005-06-28	12345.0191
2005-06-29	12335.9425
2005-06-30	12352.8593
2005-07-01	12372.0842
2005-07-02	12372.0842
2005-07-03	12372.0842
2005-07-04	12370.8294
2005-07-05	12461.2387
2005-07-06	12424.2086
2005-07-07	12344.7627
2005-07-08	12376.6454
2005-07-09	12376.6454
2005-07-10	12376.6454
2005-07-11	12449.6617
2005-07-12	12543.698
2005-07-13	12593.7432
2005-07-14	12620.9274
2005-07-15	12624.646
2005-07-16	12624.646
2005-07-17	12624.646
2005-07-18	12491.0058
2005-07-19	12486.2339
2005-07-20	12509.7361
2005-07-21	12401.9703
2005-07-22	12461.944
2005-07-23	12461.944
2005-07-24	12461.944
2005-07-25	12474.5377
2005-07-26	12496.0433
2005-07-27	12563.2069
2005-07-28	12548.1768
2005-07-29	12584.9414
2005-07-30	12584.9414
2005-07-31	12584.9414
2005-08-01	12608.7916
2005-08-02	12641.7094
2005-08-03	12602.6459
2005-08-04	12579.9497
2005-08-05	12559.2959
2005-08-06	12559.2959
2005-08-07	12559.2959
2005-08-08	12625.104
2005-08-09	12687.0011
2005-08-10	12712.3076
2005-08-11	12753.8349
2005-08-12	12762.1514
2005-08-13	12762.1514
2005-08-14	12762.1514
2005-08-15	12666.5855
2005-08-16	12659.4047
2005-08-17	12669.2599
2005-08-18	12663.1233
2005-08-19	12710.4392
2005-08-20	12710.4392
2005-08-21	12710.4392
2005-08-22	12861.2618
2005-08-23	12816.8494
2005-08-24	12746.8007
2005-08-25	12699.4574
2005-08-26	12736.0754
2005-08-27	12736.0754
2005-08-28	12736.0754
2005-08-29	12682.5314
2005-08-30	12745.088
2005-08-31	12791.2773
2005-09-01	12878.7832
2005-09-02	12843.31
2005-09-03	12843.31
2005-09-04	12843.31
2005-09-05	12878.5084
2005-09-06	12923.9558
2005-09-07	12979.7163
2005-09-08	12906.7459
2005-09-09	12931.4845
2005-09-10	12931.4845
2005-09-11	12931.4845
2005-09-12	12980.4399
2005-09-13	12979.5789
2005-09-14	12999.9304
2005-09-15	13013.3301
2005-09-16	13094.1407
2005-09-17	13094.1407
2005-09-18	13094.1407
2005-09-19	13078.0299
2005-09-20	13022.4892
2005-09-21	12929.4054
2005-09-22	12972.0227
2005-09-23	12995.0211
2005-09-24	12995.0211
2005-09-25	12995.0211
2005-09-26	13199.9007
2005-09-27	13203.3629
2005-09-28	13213.9874
2005-09-29	13306.7415
2005-09-30	13266.0202
2005-10-01	13266.4506
2005-10-02	13266.4506
2005-10-03	13248.3523
2005-10-04	13231.5087
2005-10-05	13060.2521
2005-10-06	12883.0879
2005-10-07	12883.3169
2005-10-08	12883.3169
2005-10-09	12883.3169
2005-10-10	13090.0283
2005-10-11	13069.915
2005-10-12	13087.7385
2005-10-13	13017.2319
2005-10-14	13018.0379
2005-10-15	13018.0379
2005-10-16	13018.0379
2005-10-17	12912.855
2005-10-18	12918.1031
2005-10-19	12806.9484
2005-10-20	12761.7484
2005-10-21	12618.7659
2005-10-22	12618.7659
2005-10-23	12618.7659
2005-10-24	12760.8782
2005-10-25	12800.9035
2005-10-26	12876.0446
2005-10-27	12817.4814
2005-10-28	12817.0876
2005-10-29	12817.0876
2005-10-30	12817.0876
2005-10-31	13021.0879
2005-11-01	13065.6468
2005-11-02	13094.5529
2005-11-03	13224.1815
2005-11-04	13239.3306
2005-11-05	13239.3306
2005-11-06	13239.3306
2005-11-07	13169.978
2005-11-08	13218.9425
2005-11-09	13164.6199
2005-11-10	13241.0525
2005-11-11	13295.3384
2005-11-12	13295.3384
2005-11-13	13295.3384
2005-11-14	13338.2579
2005-11-15	13275.4174
2005-11-16	13312.5392
2005-11-17	13375.0316
2005-11-18	13461.5758
2005-11-19	13461.5758
2005-11-20	13461.5758
2005-11-21	13460.55
2005-11-22	13420.9644
2005-11-23	13444.0178
2005-11-24	13485.2062
2005-11-25	13494.8782
2005-11-26	13494.8782
2005-11-27	13494.8782
2005-11-28	13532.1649
2005-11-29	13508.0582
2005-11-30	13472.9972
2005-12-01	13435.0969
2005-12-02	13493.4311
2005-12-03	13493.4311
2005-12-04	13493.4311
2005-12-05	13481.4235
2005-12-06	13542.0109
2005-12-07	13561.7579
2005-12-08	13486.2779
2005-12-09	13502.1872
2005-12-10	13502.1872
2005-12-11	13502.1872
2005-12-12	13543.5405
2005-12-13	13530.7361
2005-12-14	13598.1561
2005-12-15	13613.983
2005-12-16	13671.9783
2005-12-17	13671.9783
2005-12-18	13671.9783
2005-12-19	13624.058
2005-12-20	13670.5129
2005-12-21	13750.6824
2005-12-22	13780.9531
2005-12-23	13827.408
2005-12-24	13827.408
2005-12-25	13827.408
2005-12-26	13809.7401
2005-12-27	13803.2921
2005-12-28	13839.2049
2005-12-29	13846.1658
2005-12-30	13790.2404
2005-12-31	13825.6403
2006-01-01	13790.2404
2006-01-02	13790.2404
2006-01-03	13913.2836
2006-01-04	14005.4057
2006-01-05	13994.4239
2006-01-06	13987.3257
2006-01-07	13987.3257
2006-01-08	13987.3257
2006-01-09	13982.5721
2006-01-10	13963.2373
2006-01-11	13996.9793
2006-01-12	14000.6521
2006-01-13	13974.8327
2006-01-14	13974.8327
2006-01-15	13974.8327
2006-01-16	13991.5022
2006-01-17	13990.7145
2006-01-18	13857.6147
2006-01-19	13985.6953
2006-01-20	13935.1463
2006-01-21	13935.1463
2006-01-22	13935.1463
2006-01-23	13841.9526
2006-01-24	13877.2976
2006-01-25	13932.0506
2006-01-26	13985.4755
2006-01-27	14117.7602
2006-01-28	14117.7602
2006-01-29	14117.7602
2006-01-30	14096.8134
2006-01-31	14042.7473
2006-02-01	14108.9858
2006-02-02	13994.3873
2006-02-03	13947.3188
2006-02-04	13947.3188
2006-02-05	13947.3188
2006-02-06	14163.8762
2006-02-07	14128.0916
2006-02-08	14021.8554
2006-02-09	14104.0307
2006-02-10	14096.6302
2006-02-11	14096.6302
2006-02-12	14096.6302
2006-02-13	14007.4756
2006-02-14	14084.3112
2006-02-15	14068.0905
2006-02-16	14079.0264
2006-02-17	14043.1869
2006-02-18	14043.1869
2006-02-19	14043.1869
2006-02-20	14071.5435
2006-02-21	14144.7703
2006-02-22	14197.2794
2006-02-23	14241.0323
2006-02-24	14217.1271
2006-02-25	14217.1271
2006-02-26	14217.1271
2006-02-27	14299.678
2006-02-28	14235.8666
2006-03-01	14162.7222
2006-03-02	14225.8924
2006-03-03	14222.6409
2006-03-04	14222.6409
2006-03-05	14222.6409
2006-03-06	14245.0165
2006-03-07	14195.6399
2006-03-08	14272.8144
2006-03-09	14317.3367
2006-03-10	14344.6216
2006-03-11	14344.6216
2006-03-12	14344.6216
2006-03-13	14452.9003
2006-03-14	14432.5855
2006-03-15	14464.4499
2006-03-16	14534.3887
2006-03-17	14594.4906
2006-03-18	14594.4906
2006-03-19	14594.4906
2006-03-20	14788.709
2006-03-21	14759.2443
2006-03-22	14803.5926
2006-03-23	14822.0756
2006-03-24	14885.2824
2006-03-25	14885.2824
2006-03-26	14885.2824
2006-03-27	15001.209
2006-03-28	14979.7218
2006-03-29	14997.0141
2006-03-30	15037.6347
2006-03-31	15074.0237
2006-04-01	15016.2391
2006-04-02	15016.2391
2006-04-03	15140.1157
2006-04-04	15124.2796
2006-04-05	15174.4348
2006-04-06	15214.1211
2006-04-07	15175.7812
2006-04-08	15175.7812
2006-04-09	15175.7812
2006-04-10	15160.284
2006-04-11	15154.7702
2006-04-12	15073.2086
2006-04-13	15093.4227
2006-04-14	15093.4227
2006-04-15	15093.4227
2006-04-16	15093.4227
2006-04-17	15066.1469
2006-04-18	15275.3588
2006-04-19	15343.7588
2006-04-20	15380.7707
2006-04-21	15310.2091
2006-04-22	15310.2091
2006-04-23	15310.2091
2006-04-24	15309.8244
2006-04-25	15296.3514
2006-04-26	15366.6199
2006-04-27	15334.5814
2006-04-28	15255.108
2006-04-29	15255.108
2006-04-30	15255.108
2006-05-01	15295.2523
2006-05-02	15279.1598
2006-05-03	15202.8463
2006-05-04	15107.9215
2006-05-05	15269.4145
2006-05-06	15269.4145
2006-05-07	15269.4145
2006-05-08	15257.755
2006-05-09	15252.1771
2006-05-10	15270.8983
2006-05-11	15231.4043
2006-05-12	15118.7475
2006-05-13	15118.7475
2006-05-14	15118.7475
2006-05-15	15163.6088
2006-05-16	15087.8723
2006-05-17	15022.8794
2006-05-18	14806.3494
2006-05-19	14797.0804
2006-05-20	14797.0804
2006-05-21	14797.0804
2006-05-22	14627.5732
2006-05-23	14637.749
2006-05-24	14638.1795
2006-05-25	14573.5072
2006-05-26	14751.6147
2006-05-27	14751.6147
2006-05-28	14751.6147
2006-05-29	14680.7326
2006-05-30	14591.1018
2006-05-31	14508.3586
2006-06-01	14668.3312
2006-06-02	14720.0709
2006-06-03	14720.0709
2006-06-04	14720.0709
2006-06-05	14883.011
2006-06-06	14712.3039
2006-06-07	14661.3794
2006-06-08	14388.686
2006-06-09	14470.6781
2006-06-10	14470.6781
2006-06-11	14470.6781
2006-06-12	14416.3739
2006-06-13	14150.2292
2006-06-14	14200.5767
2006-06-15	14322.9787
2006-06-16	14491.0479
2006-06-17	14491.0479
2006-06-18	14491.0479
2006-06-19	14246.308
2006-06-20	14188.734
2006-06-21	14305.0452
2006-06-22	14459.275
2006-06-23	14395.3904
2006-06-24	14395.3904
2006-06-25	14395.3904
2006-06-26	14699.1881
2006-06-27	14713.5954
2006-06-28	14650.8373
2006-06-29	14795.6883
2006-06-30	14971.442
2006-07-01	14983.6785
2006-07-02	14983.6785
2006-07-03	15047.3891
2006-07-04	15064.0861
2006-07-05	14887.6638
2006-07-06	14926.4434
2006-07-07	14919.7481
2006-07-08	14919.7481
2006-07-09	14919.7481
2006-07-10	14958.775
2006-07-11	14867.7336
2006-07-12	14850.6428
2006-07-13	14705.3064
2006-07-14	14473.4075
2006-07-15	14473.4075
2006-07-16	14473.4075
2006-07-17	14444.1168
2006-07-18	14379.9207
2006-07-19	14440.4623
2006-07-20	14493.585
2006-07-21	14397.4695
2006-07-22	14397.4695
2006-07-23	14397.4695
2006-07-24	14589.1967
2006-07-25	14715.7294
2006-07-26	14595.0768
2006-07-27	14735.971
2006-07-28	14711.2232
2006-07-29	14711.2232
2006-07-30	14711.2232
2006-07-31	14744.9103
2006-08-01	14701.5237
2006-08-02	14695.6344
2006-08-03	14786.3002
2006-08-04	14743.2617
2006-08-05	14743.2617
2006-08-06	14743.2617
2006-08-07	14710.06
2006-08-08	14812.9531
2006-08-09	14720.8127
2006-08-10	14677.7009
2006-08-11	14659.6575
2006-08-12	14659.6575
2006-08-13	14659.6575
2006-08-14	14709.6112
2006-08-15	14700.214
2006-08-16	14783.1953
2006-08-17	14960.8999
2006-08-18	14968.6576
2006-08-19	14968.6576
2006-08-20	14968.6576
2006-08-21	15014.3523
2006-08-22	15038.3583
2006-08-23	15019.921
2006-08-24	14895.0918
2006-08-25	14952.8215
2006-08-26	14952.8215
2006-08-27	14952.8215
2006-08-28	14899.4882
2006-08-29	14954.0031
2006-08-30	14982.7809
2006-08-31	15053.1868
2006-09-01	15042.8462
2006-09-02	15042.8462
2006-09-03	15042.8462
2006-09-04	15209.972
2006-09-05	15228.913
2006-09-06	15138.577
2006-09-07	15112.8766
2006-09-08	15124.6826
2006-09-09	15124.6826
2006-09-10	15124.6826
2006-09-11	14964.2155
2006-09-12	14940.356
2006-09-13	15011.5588
2006-09-14	15091.7466
2006-09-15	15044.2475
2006-09-16	15044.2475
2006-09-17	15044.2475
2006-09-18	15135.8018
2006-09-19	15118.8666
2006-09-20	15055.4766
2006-09-21	15034.658
2006-09-22	15022.2016
2006-09-23	15022.2016
2006-09-24	15022.2016
2006-09-25	14962.4844
2006-09-26	15007.309
2006-09-27	15205.649
2006-09-28	15257.9473
2006-09-29	15317.6096
2006-09-30	15393.6758
2006-10-01	15317.6096
2006-10-02	15337.9794
2006-10-03	15362.883
2006-10-04	15326.9611
2006-10-05	15475.8969
2006-10-06	15467.5713
2006-10-07	15467.5713
2006-10-08	15467.5713
2006-10-09	15482.5831
2006-10-10	15564.5752
2006-10-11	15612.2574
2006-10-12	15579.2481
2006-10-13	15637.1518
2006-10-14	15637.1518
2006-10-15	15637.1518
2006-10-16	15702.9507
2006-10-17	15631.1435
2006-10-18	15687.9573
2006-10-19	15647.8405
2006-10-20	15736.5737
2006-10-21	15736.5737
2006-10-22	15736.5737
2006-10-23	15753.8569
2006-10-24	15723.9067
2006-10-25	15792.838
2006-10-26	15868.7485
2006-10-27	15781.8104
2006-10-28	15781.8104
2006-10-29	15781.8104
2006-10-30	15949.8064
2006-10-31	15916.9253
2006-11-01	15940.4092
2006-11-02	15923.7854
2006-11-03	15965.9172
2006-11-04	15965.9172
2006-11-05	15965.9172
2006-11-06	15932.7705
2006-11-07	16026.1199
2006-11-08	15985.5634
2006-11-09	15945.1078
2006-11-10	15985.9664
2006-11-11	15985.9664
2006-11-12	15985.9664
2006-11-13	15917.2092
2006-11-14	15952.1419
2006-11-15	15963.7099
2006-11-16	15917.0535
2006-11-17	15932.7247
2006-11-18	15932.7247
2006-11-19	15932.7247
2006-11-20	15782.6439
2006-11-21	15847.2246
2006-11-22	15994.4478
2006-11-23	16037.3489
2006-11-24	15985.3803
2006-11-25	15985.3803
2006-11-26	15985.3803
2006-11-27	15908.8011
2006-11-28	15790.6215
2006-11-29	15966.3294
2006-11-30	16000.8133
2006-12-01	15916.2933
2006-12-02	15916.2933
2006-12-03	15916.2933
2006-12-04	15971.2386
2006-12-05	16011.5936
2006-12-06	16085.7913
2006-12-07	16057.6363
2006-12-08	16022.328
2006-12-09	16022.328
2006-12-10	16022.328
2006-12-11	16080.8454
2006-12-12	16086.4691
2006-12-13	16128.0422
2006-12-14	16300.3063
2006-12-15	16311.0865
2006-12-16	16311.0865
2006-12-17	16311.0865
2006-12-18	16297.412
2006-12-19	16229.818
2006-12-20	16306.5894
2006-12-21	16277.7291
2006-12-22	16281.9057
2006-12-23	16281.9057
2006-12-24	16281.9057
2006-12-25	16244.0145
2006-12-26	16269.028
2006-12-27	16361.3791
2006-12-28	16354.3998
2006-12-29	16365.5922
2006-12-30	16365.5922
2006-12-31	16378.2776
2007-01-01	16361.5439
2007-01-02	16395.0937
2007-01-03	16365.3358
2007-01-04	16290.158
2007-01-05	16235.5424
2007-01-06	16235.5424
2007-01-07	16235.5424
2007-01-08	16257.0113
2007-01-09	16383.022
2007-01-10	16270.6583
2007-01-11	16358.5306
2007-01-12	16503.5281
2007-01-13	16503.5281
2007-01-14	16503.5281
2007-01-15	16353.0901
2007-01-16	16345.4789
2007-01-17	16292.7409
2007-01-18	16300.3887
2007-01-19	16325.0724
2007-01-20	16325.0724
2007-01-21	16325.0724
2007-01-22	16473.7885
2007-01-23	16487.7561
2007-01-24	16638.0476
2007-01-25	16633.6329
2007-01-26	16596.2821
2007-01-27	16596.2821
2007-01-28	16596.2821
2007-01-29	16618.557
2007-01-30	16725.2054
2007-01-31	16663.6106
2007-02-01	16797.6538
2007-02-02	16824.3067
2007-02-03	16824.3067
2007-02-04	16824.3067
2007-02-05	16784.7487
2007-02-06	16863.819
2007-02-07	16923.8752
2007-02-08	16884.6743
2007-02-09	16936.7162
2007-02-10	16936.7162
2007-02-11	16936.7162
2007-02-12	16933.6113
2007-02-13	16958.2401
2007-02-14	17043.8409
2007-02-15	17108.3666
2007-02-16	17032.218
2007-02-17	17032.218
2007-02-18	17032.218
2007-02-19	17224.1741
2007-02-20	17230.1184
2007-02-21	17124.0195
2007-02-22	17236.255
2007-02-23	17261.6623
2007-02-24	17261.6623
2007-02-25	17261.6623
2007-02-26	17224.5405
2007-02-27	17018.3511
2007-02-28	16735.427
2007-03-01	16689.8605
2007-03-02	16616.9359
2007-03-03	16616.9359
2007-03-04	16616.9359
2007-03-05	16409.7024
2007-03-06	16645.613
2007-03-07	16729.2629
2007-03-08	16784.5563
2007-03-09	16793.0834
2007-03-10	16793.0834
2007-03-11	16793.0834
2007-03-12	16869.8182
2007-03-13	16651.2733
2007-03-14	16396.8064
2007-03-15	16603.0507
2007-03-16	16540.8147
2007-03-17	16540.8147
2007-03-18	16540.8147
2007-03-19	16722.0272
2007-03-20	16777.11
2007-03-21	16804.5598
2007-03-22	17000.3993
2007-03-23	17012.2054
2007-03-24	17012.2054
2007-03-25	17012.2054
2007-03-26	17041.0199
2007-03-27	16973.8197
2007-03-28	16897.6802
2007-03-29	16968.3883
2007-03-30	16998.6591
2007-03-31	17009.3386
2007-04-01	16998.6591
2007-04-02	16803.6805
2007-04-03	17017.5726
2007-04-04	17128.7731
2007-04-05	17117.5624
2007-04-06	17134.3418
2007-04-07	17134.3418
2007-04-08	17134.3418
2007-04-09	17127.0695
2007-04-10	17216.0867
2007-04-11	17196.8617
2007-04-12	17198.2173
2007-04-13	17157.7341
2007-04-14	17157.7341
2007-04-15	17157.7341
2007-04-16	17346.6769
2007-04-17	17313.9881
2007-04-18	17380.941
2007-04-19	17273.0653
2007-04-20	17377.4148
2007-04-21	17377.4148
2007-04-22	17377.4148
2007-04-23	17282.664
2007-04-24	17270.2901
2007-04-25	17280.4567
2007-04-26	17313.6401
2007-04-27	17240.459
2007-04-28	17240.459
2007-04-29	17240.459
2007-04-30	17433.1753
2007-05-01	17414.5732
2007-05-02	17601.0888
2007-05-03	17638.4396
2007-05-04	17769.8084
2007-05-05	17769.8084
2007-05-06	17769.8084
2007-05-07	17763.3604
2007-05-08	17648.0475
2007-05-09	17733.4193
2007-05-10	17677.1092
2007-05-11	17612.153
2007-05-12	17612.153
2007-05-13	17612.153
2007-05-14	17867.5083
2007-05-15	17788.7677
2007-05-16	17877.6932
2007-05-17	17975.3932
2007-05-18	17946.7802
2007-05-19	17946.7802
2007-05-20	17946.7802
2007-05-21	18055.0681
2007-05-22	18040.2578
2007-05-23	18054.2346
2007-05-24	17914.7234
2007-05-25	17893.3003
2007-05-26	17893.3003
2007-05-27	17893.3003
2007-05-28	17839.0419
2007-05-29	17956.269
2007-05-30	17837.5215
2007-05-31	17941.5595
2007-06-01	17981.1634
2007-06-02	17981.1634
2007-06-03	17981.1634
2007-06-04	17995.6439
2007-06-05	17920.9241
2007-06-06	17776.9799
2007-06-07	17641.0316
2007-06-08	17510.6795
2007-06-09	17510.6795
2007-06-10	17510.6795
2007-06-11	17542.3241
2007-06-12	17659.8444
2007-06-13	17630.7002
2007-06-14	17833.1892
2007-06-15	17905.9307
2007-06-16	17905.9307
2007-06-17	17905.9307
2007-06-18	17872.4634
2007-06-19	17886.8157
2007-06-20	17896.6892
2007-06-21	17859.7414
2007-06-22	17800.7661
2007-06-23	17800.7661
2007-06-24	17800.7661
2007-06-25	17626.1298
2007-06-26	17581.6716
2007-06-27	17583.998
2007-06-28	17583.998
2007-06-29	17583.998
2007-06-30	17633.0724
2007-07-01	17583.998
2007-07-02	17568.0245
2007-07-03	17676.8711
2007-07-04	17667.4647
2007-07-05	17747.2037
2007-07-06	17750.2171
2007-07-07	17750.2171
2007-07-08	17750.2171
2007-07-09	17823.2333
2007-07-10	17701.1152
2007-07-11	17657.3897
2007-07-12	17778.6927
2007-07-13	17818.6446
2007-07-14	17818.6446
2007-07-15	17818.6446
2007-07-16	17801.7552
2007-07-17	17786.1482
2007-07-18	17647.0308
2007-07-19	17755.8133
2007-07-20	17753.9082
2007-07-21	17753.9082
2007-07-22	17753.9082
2007-07-23	17707.0137
2007-07-24	17647.5712
2007-07-25	17536.8378
2007-07-26	17280.9421
2007-07-27	16986.8805
2007-07-28	16986.8805
2007-07-29	16986.8805
2007-07-30	17165.7117
2007-07-31	17192.0715
2007-08-01	16940.9752
2007-08-02	17019.6151
2007-08-03	16956.7013
2007-08-04	16956.7013
2007-08-05	16956.7013
2007-08-06	16920.7428
2007-08-07	17075.9068
2007-08-08	17339.0291
2007-08-09	17323.6968
2007-08-10	16906.9492
2007-08-11	16906.9492
2007-08-12	16906.9492
2007-08-13	17327.5619
2007-08-14	17191.3938
2007-08-15	16980.5058
2007-08-16	16792.424
2007-08-17	16982.5391
2007-08-18	16982.5391
2007-08-19	16982.5391
2007-08-20	17145.2778
2007-08-21	17282.1328
2007-08-22	17358.08
2007-08-23	17514.0867
2007-08-24	17431.7648
2007-08-25	17431.7648
2007-08-26	17431.7648
2007-08-27	17573.8406
2007-08-28	17521.6338
2007-08-29	17454.7724
2007-08-30	17566.4034
2007-08-31	17812.4164
2007-09-01	17812.4164
2007-09-02	17812.4164
2007-09-03	17544.3849
2007-09-04	17613.939
2007-09-05	17517.0176
2007-09-06	17484.4112
2007-09-07	17446.0805
2007-09-08	17446.0805
2007-09-09	17446.0805
2007-09-10	17400.4041
2007-09-11	17498.5162
2007-09-12	17450.2753
2007-09-13	17527.9077
2007-09-14	17597.6542
2007-09-15	17597.6542
2007-09-16	17597.6542
2007-09-17	17511.2565
2007-09-18	17395.3849
2007-09-19	17719.4334
2007-09-20	17733.7948
2007-09-21	17674.0593
2007-09-22	17674.0593
2007-09-23	17674.0593
2007-09-24	17834.618
2007-09-25	17833.29
2007-09-26	17840.663
2007-09-27	17957.9909
2007-09-28	17959.09
2007-09-29	17959.09
2007-09-30	17941.7336
2007-10-01	17894.2803
2007-10-02	18092.7577
2007-10-03	18081.6294
2007-10-04	17935.7252
2007-10-05	17988.2159
2007-10-06	17988.2159
2007-10-07	17988.2159
2007-10-08	18023.6891
2007-10-09	18061.9191
2007-10-10	18171.1412
2007-10-11	18218.6677
2007-10-12	18166.3876
2007-10-13	18166.3876
2007-10-14	18166.3876
2007-10-15	18176.3802
2007-10-16	18115.3624
2007-10-17	18101.0284
2007-10-18	18193.929
2007-10-19	18030.3844
2007-10-20	18030.3844
2007-10-21	18030.3844
2007-10-22	17833.1801
2007-10-23	17943.0891
2007-10-24	17855.4641
2007-10-25	17837.9978
2007-10-26	17977.7104
2007-10-27	17977.7104
2007-10-28	17977.7104
2007-10-29	18137.9395
2007-10-30	18065.1522
2007-10-31	18058.8233
2007-11-01	18162.8156
2007-11-02	17899.4644
2007-11-03	17899.4644
2007-11-04	17899.4644
2007-11-05	17857.7814
2007-11-06	17940.0574
2007-11-07	17940.3689
2007-11-08	17703.1119
2007-11-09	17729.1237
2007-11-10	17729.1237
2007-11-11	17729.1237
2007-11-12	17483.8342
2007-11-13	17545.2184
2007-11-14	17683.8045
2007-11-15	17555.2476
2007-11-16	17417.669
2007-11-17	17417.669
2007-11-18	17417.669
2007-11-19	17572.6865
2007-11-20	17446.1079
2007-11-21	17402.8587
2007-11-22	17351.5129
2007-11-23	17397.5923
2007-11-24	17397.5923
2007-11-25	17397.5923
2007-11-26	17495.7502
2007-11-27	17438.8448
2007-11-28	17414.6282
2007-11-29	17605.2196
2007-11-30	17743.5859
2007-12-01	17743.5859
2007-12-02	17743.5859
2007-12-03	17584.6208
2007-12-04	17577.5591
2007-12-05	17649.7969
2007-12-06	17777.3921
2007-12-07	17892.9156
2007-12-08	17892.9156
2007-12-09	17892.9156
2007-12-10	17838.8587
2007-12-11	17884.9839
2007-12-12	17753.899
2007-12-13	17683.3099
2007-12-14	17558.0869
2007-12-15	17558.0869
2007-12-16	17558.0869
2007-12-17	17309.3536
2007-12-18	17266.8097
2007-12-19	17233.7637
2007-12-20	17202.2381
2007-12-21	17365.1691
2007-12-22	17365.1691
2007-12-23	17365.1691
2007-12-24	17286.9597
2007-12-25	17340.1739
2007-12-26	17345.5778
2007-12-27	17326.1514
2007-12-28	17342.6469
2007-12-29	17342.6469
2007-12-30	17342.6469
2007-12-31	17371.1225
2008-01-01	17398.5173
2008-01-02	17320.6834
2008-01-03	17254.1701
2008-01-04	17180.4486
2008-01-05	17180.4486
2008-01-06	17180.4486
2008-01-07	16954.7047
2008-01-08	16826.3126
2008-01-09	16757.8759
2008-01-10	16669.5457
2008-01-11	16530.6939
2008-01-12	16530.6939
2008-01-13	16530.6939
2008-01-14	16633.2574
2008-01-15	16572.7799
2008-01-16	16367.653
2008-01-17	16342.1633
2008-01-18	16277.9032
2008-01-19	16277.9032
2008-01-20	16277.9032
2008-01-21	15723.6136
2008-01-22	15590.5962
2008-01-23	15042.8828
2008-01-24	15282.9333
2008-01-25	15662.9621
2008-01-26	15662.9621
2008-01-27	15662.9621
2008-01-28	15674.5392
2008-01-29	15501.7073
2008-01-30	15374.3318
2008-01-31	15419.9716
2008-02-01	15697.8674
2008-02-02	15697.8674
2008-02-03	15697.8674
2008-02-04	15908.2791
2008-02-05	15800.0187
2008-02-06	15550.2504
2008-02-07	15541.5493
2008-02-08	15625.6297
2008-02-09	15625.6297
2008-02-10	15625.6297
2008-02-11	15387.1546
2008-02-12	15477.1151
2008-02-13	15375.9805
2008-02-14	15574.5403
2008-02-15	15480.6047
2008-02-16	15480.6047
2008-02-17	15480.6047
2008-02-18	15681.0971
2008-02-19	15770.7188
2008-02-20	15606.0384
2008-02-21	15721.4246
2008-02-22	15697.3728
2008-02-23	15697.3728
2008-02-24	15697.3728
2008-02-25	15708.3271
2008-02-26	15779.9603
2008-02-27	15925.2692
2008-02-28	15778.4582
2008-02-29	15651.4492
2008-03-01	15651.4492
2008-03-02	15651.4492
2008-03-03	15393.1996
2008-03-04	15346.8088
2008-03-05	15347.7705
2008-03-06	15415.0165
2008-03-07	15178.3182
2008-03-08	15178.3182
2008-03-09	15178.3182
2008-03-10	15043.753
2008-03-11	15111.2279
2008-03-12	15286.8443
2008-03-13	15125.8916
2008-03-14	15224.8281
2008-03-15	15224.8281
2008-03-16	15224.8281
2008-03-17	14532.5111
2008-03-18	14539.4812
2008-03-19	14810.4527
2008-03-20	14576.722
2008-03-21	14580.8527
2008-03-22	14580.8527
2008-03-23	14580.8527
2008-03-24	14587.6122
2008-03-25	15477.6097
2008-03-26	15565.7659
2008-03-27	15554.6834
2008-03-28	15524.9255
2008-03-29	15524.9255
2008-03-30	15524.9255
2008-03-31	15329.5622
2008-04-01	15325.4315
2008-04-02	15529.3585
2008-04-03	15679.8057
2008-04-04	15700.606
2008-04-05	15700.606
2008-04-06	15700.606
2008-04-07	15901.9868
2008-04-08	15840.4469
2008-04-09	15756.5497
2008-04-10	15661.3135
2008-04-11	15640.8521
2008-04-12	15640.8521
2008-04-13	15640.8521
2008-04-14	15340.0219
2008-04-15	15426.7768
2008-04-16	15536.3194
2008-04-17	15601.9443
2008-04-18	15478.5439
2008-04-19	15478.5439
2008-04-20	15478.5439
2008-04-21	16090.7739
2008-04-22	16037.7794
2008-04-23	16173.7918
2008-04-24	16078.3175
2008-04-25	16069.7812
2008-04-26	16069.7812
2008-04-27	16069.7812
2008-04-28	15987.322
2008-04-29	15993.193
2008-04-30	15988.1005
2008-05-01	15970.341
2008-05-02	16136.5235
2008-05-03	16136.5235
2008-05-04	16136.5235
2008-05-05	16054.7329
2008-05-06	16018.6094
2008-05-07	15972.5301
2008-05-08	16057.4989
2008-05-09	16119.854
2008-05-10	16119.854
2008-05-11	16119.854
2008-05-12	16203.4856
2008-05-13	16176.9883
2008-05-14	16249.1161
2008-05-15	16285.5327
2008-05-16	16355.4073
2008-05-17	16355.4073
2008-05-18	16355.4073
2008-05-19	16526.609
2008-05-20	16467.9359
2008-05-21	16349.628
2008-05-22	16348.6663
2008-05-23	16269.2936
2008-05-24	16269.2936
2008-05-25	16269.2936
2008-05-26	16049.2374
2008-05-27	16062.857
2008-05-28	15977.5859
2008-05-29	16060.9885
2008-05-30	15998.2213
2008-05-31	15998.2213
2008-06-01	15998.2213
2008-06-02	16072.9869
2008-06-03	15951.9771
2008-06-04	15972.3744
2008-06-05	15889.2373
2008-06-06	15970.57
2008-06-07	15970.57
2008-06-08	15970.57
2008-06-09	15963.7282
2008-06-10	15482.2625
2008-06-11	15517.3143
2008-06-12	15316.8952
2008-06-13	15393.5201
2008-06-14	15393.5201
2008-06-15	15393.5201
2008-06-16	15379.5708
2008-06-17	15556.6068
2008-06-18	15587.4546
2008-06-19	15482.867
2008-06-20	15367.8381
2008-06-21	15367.8381
2008-06-22	15367.8381
2008-06-23	15249.869
2008-06-24	15277.9783
2008-06-25	15205.1818
2008-06-26	15291.4971
2008-06-27	15188.8329
2008-06-28	15188.8329
2008-06-29	15188.8329
2008-06-30	14847.7943
2008-07-01	14817.8899
2008-07-02	14648.0896
2008-07-03	14540.6535
2008-07-04	14599.6106
2008-07-05	14599.6106
2008-07-06	14599.6106
2008-07-07	14505.5284
2008-07-08	14432.8144
2008-07-09	14486.5783
2008-07-10	14345.2627
2008-07-11	14336.4883
2008-07-12	14336.4883
2008-07-13	14336.4883
2008-07-14	14184.5849
2008-07-15	13944.7817
2008-07-16	14091.5652
2008-07-17	14217.3653
2008-07-18	14124.2174
2008-07-19	14124.2174
2008-07-20	14124.2174
2008-07-21	14558.9534
2008-07-22	14612.9462
2008-07-23	14810.3703
2008-07-24	14820.4911
2008-07-25	14574.9177
2008-07-26	14574.9177
2008-07-27	14574.9177
2008-07-28	14540.681
2008-07-29	14509.8881
2008-07-30	14758.3742
2008-07-31	14786.6116
2008-08-01	14695.4512
2008-08-02	14695.4512
2008-08-03	14695.4512
2008-08-04	14502.7441
2008-08-05	14596.2125
2008-08-06	14851.1923
2008-08-07	14818.7875
2008-08-08	14951.7133
2008-08-09	14951.7133
2008-08-10	14951.7133
2008-08-11	14941.4551
2008-08-12	14990.6303
2008-08-13	14817.7617
2008-08-14	14890.8695
2008-08-15	14890.9428
2008-08-16	14890.9428
2008-08-17	14890.9428
2008-08-18	14883.3132
2008-08-19	14641.8981
2008-08-20	14773.6515
2008-08-21	14672.0681
2008-08-22	14847.7027
2008-08-23	14847.7027
2008-08-24	14847.7027
2008-08-25	14873.7054
2008-08-26	14941.2903
2008-08-27	14972.5044
2008-08-28	15076.9455
2008-08-29	15192.7438
2008-08-30	15192.7438
2008-08-31	15192.7438
2008-09-01	15136.2231
2008-09-02	15175.5888
2008-09-03	15082.6882
2008-09-04	14858.7211
2008-09-05	14793.0138
2008-09-06	14793.0138
2008-09-07	14793.0138
2008-09-08	15370.9613
2008-09-09	15135.3988
2008-09-10	15065.1577
2008-09-11	15009.8002
2008-09-12	15071.0287
2008-09-13	15071.0287
2008-09-14	15071.0287
2008-09-15	14580.2025
2008-09-16	14535.7259
2008-09-17	14407.2881
2008-09-18	14267.0625
2008-09-19	14631.1453
2008-09-20	14631.1453
2008-09-21	14631.1453
2008-09-22	14659.2912
2008-09-23	14539.0965
2008-09-24	14583.4814
2008-09-25	14597.5864
2008-09-26	14529.855
2008-09-27	14529.855
2008-09-28	14529.855
2008-09-29	14340.1153
2008-09-30	14271.6878
2008-10-01	14553.174
2008-10-02	14424.5346
2008-10-03	14327.9979
2008-10-04	14327.9979
2008-10-05	14327.9979
2008-10-06	14212.9323
2008-10-07	14269.682
2008-10-08	14140.2641
2008-10-09	13427.9711
2008-10-10	13031.575
2008-10-11	13031.575
2008-10-12	13031.575
2008-10-13	13721.0802
2008-10-14	13914.0347
2008-10-15	13637.0822
2008-10-16	13323.7407
2008-10-17	13101.523
2008-10-18	13101.523
2008-10-19	13101.523
2008-10-20	13200.0289
2008-10-21	13440.748
2008-10-22	12647.2598
2008-10-23	12531.1867
2008-10-24	12419.6657
2008-10-25	12419.6657
2008-10-26	12419.6657
2008-10-27	12237.3266
2008-10-28	12728.0338
2008-10-29	12652.0134
2008-10-30	12876.3468
2008-10-31	13115.0601
2008-11-01	13115.0601
2008-11-02	13115.0601
2008-11-03	13152.2368
2008-11-04	13011.9013
2008-11-05	13449.1378
2008-11-06	13185.237
2008-11-07	12895.7916
2008-11-08	12895.7916
2008-11-09	12895.7916
2008-11-10	12977.857
2008-11-11	12720.9904
2008-11-12	12725.6066
2008-11-13	12229.1109
2008-11-14	12252.9703
2008-11-15	12252.9703
2008-11-16	12252.9703
2008-11-17	12101.653
2008-11-18	11917.6928
2008-11-19	11723.1721
2008-11-20	11399.2061
2008-11-21	11549.983
2008-11-22	11549.983
2008-11-23	11549.983
2008-11-24	11830.077
2008-11-25	12270.6565
2008-11-26	12175.3928
2008-11-27	12241.3016
2008-11-28	12553.7089
2008-11-29	12553.7089
2008-11-30	12553.7089
2008-12-01	12020.9432
2008-12-02	11872.1996
2008-12-03	11858.8823
2008-12-04	11884.9216
2008-12-05	11858.809
2008-12-06	11858.809
2008-12-07	11858.809
2008-12-08	12136.7049
2008-12-09	12041.5603
2008-12-10	12171.5094
2008-12-11	11967.8846
2008-12-12	11906.9309
2008-12-13	11906.9309
2008-12-14	11906.9309
2008-12-15	12037.1731
2008-12-16	12054.9417
2008-12-17	11989.8481
2008-12-18	11994.7757
2008-12-19	12100.2151
2008-12-20	12100.2151
2008-12-21	12100.2151
2008-12-22	11934.4814
2008-12-23	11937.1284
2008-12-24	11989.7198
2008-12-25	11989.7198
2008-12-26	11989.7198
2008-12-27	11989.7198
2008-12-28	11989.7198
2008-12-29	12066.5737
2008-12-30	12193.134
2008-12-31	12233.7912
2009-01-01	12226.6013
2009-01-02	12238.5997
2009-01-03	12238.5997
2009-01-04	12238.5997
2009-01-05	12349.1315
2009-01-06	12409.3067
2009-01-07	12447.0422
2009-01-08	12378.1842
2009-01-09	12395.4948
2009-01-10	12395.4948
2009-01-11	12395.4948
2009-01-12	12275.9413
2009-01-13	12260.7006
2009-01-14	12184.5611
2009-01-15	11940.3066
2009-01-16	11953.1201
2009-01-17	11953.1201
2009-01-18	11953.1201
2009-01-19	11868.1879
2009-01-20	11618.0441
2009-01-21	11662.7588
2009-01-22	11689.5674
2009-01-23	11507.4756
2009-01-24	11507.4756
2009-01-25	11507.4756
2009-01-26	11555.5608
2009-01-27	11758.2239
2009-01-28	11893.4121
2009-01-29	11955.9503
2009-01-30	11994.9863
2009-01-31	11994.9863
2009-02-01	11994.9863
2009-02-02	11820.8446
2009-02-03	11804.6971
2009-02-04	11642.4897
2009-02-05	11588.6801
2009-02-06	11631.9201
2009-02-07	11631.9201
2009-02-08	11631.9201
2009-02-09	11910.8143
2009-02-10	11885.9474
2009-02-11	11898.303
2009-02-12	11926.9068
2009-02-13	11936.1575
2009-02-14	11936.1575
2009-02-15	11936.1575
2009-02-16	11803.5248
2009-02-17	11608.4912
2009-02-18	11474.8418
2009-02-19	11485.3198
2009-02-20	11330.7419
2009-02-21	11330.7419
2009-02-22	11330.7419
2009-02-23	11278.9473
2009-02-24	11292.631
2009-02-25	11254.1353
2009-02-26	11268.0938
2009-02-27	11257.0662
2009-02-28	11257.0662
2009-03-01	11257.0662
2009-03-02	11028.0891
2009-03-03	10890.5746
2009-03-04	10842.2604
2009-03-05	10797.9762
2009-03-06	10695.8799
2009-03-07	10695.8799
2009-03-08	10695.8799
2009-03-09	10695.8799
2009-03-10	11008.0856
2009-03-11	11112.7832
2009-03-12	11194.18
2009-03-13	11410.948
2009-03-14	11410.948
2009-03-15	11410.948
2009-03-16	11298.4287
2009-03-17	11566.8723
2009-03-18	11603.7468
2009-03-19	11550.2211
2009-03-20	11438.7092
2009-03-21	11438.7092
2009-03-22	11438.7092
2009-03-23	11695.2461
2009-03-24	11721.8074
2009-03-25	11814.305
2009-03-26	11904.7876
2009-03-27	11931.2116
2009-03-28	11931.2116
2009-03-29	11931.2116
2009-03-30	11660.5972
2009-03-31	11599.0665
2009-04-01	11674.2076
2009-04-02	11864.0755
2009-04-03	12007.3786
2009-04-04	12007.3786
2009-04-05	12007.3786
2009-04-06	12006.8931
2009-04-07	11821.8246
2009-04-08	11715.048
2009-04-09	11915.9892
2009-04-10	11915.9892
2009-04-11	11915.9892
2009-04-12	11915.9892
2009-04-13	11915.9892
2009-04-14	12047.5595
2009-04-15	11976.1186
2009-04-16	12155.7649
2009-04-17	12180.8242
2009-04-18	12180.8242
2009-04-19	12180.8242
2009-04-20	12015.5393
2009-04-21	11822.1086
2009-04-22	11816.5765
2009-04-23	11983.0429
2009-04-24	11958.0294
2009-04-25	11958.0294
2009-04-26	11958.0294
2009-04-27	12040.6902
2009-04-28	12022.1155
2009-04-29	11978.8388
2009-04-30	12133.7373
2009-05-01	12134.8272
2009-05-02	12134.8272
2009-05-03	12134.8272
2009-05-04	12362.2931
2009-05-05	12366.314
2009-05-06	12356.1016
2009-05-07	12374.6304
2009-05-08	12438.1029
2009-05-09	12438.1029
2009-05-10	12438.1029
2009-05-11	12449.7258
2009-05-12	12371.9651
2009-05-13	12255.4616
2009-05-14	12047.7152
2009-05-15	12139.9838
2009-05-16	12139.9838
2009-05-17	12139.9838
2009-05-18	12104.8312
2009-05-19	12229.9901
2009-05-20	12270.7206
2009-05-21	12159.6667
2009-05-22	12069.4772
2009-05-23	12069.4772
2009-05-24	12069.4772
2009-05-25	12106.8737
2009-05-26	12259.9862
2009-05-27	12253.9412
2009-05-28	12240.5964
2009-05-29	12292.3452
2009-05-30	12292.3452
2009-05-31	12292.3452
2009-06-01	12415.773
2009-06-02	12454.7541
2009-06-03	12574.6649
2009-06-04	12503.8651
2009-06-05	12519.8019
2009-06-06	12519.8019
2009-06-07	12519.8019
2009-06-08	12519.8019
2009-06-09	12480.8575
2009-06-10	12559.5157
2009-06-11	12537.195
2009-06-12	12594.5584
2009-06-13	12594.5584
2009-06-14	12594.5584
2009-06-15	12537.5339
2009-06-16	12383.8994
2009-06-17	12304.0597
2009-06-18	12239.369
2009-06-19	12267.1944
2009-06-20	12267.1944
2009-06-21	12267.1944
2009-06-22	12327.9832
2009-06-23	12126.0803
2009-06-24	12184.1214
2009-06-25	12299.2054
2009-06-26	12339.5237
2009-06-27	12339.5237
2009-06-28	12339.5237
2009-06-29	12358.2448
2009-06-30	12498.4888
2009-07-01	12529.016
2009-07-02	12491.6744
2009-07-03	12404.0952
2009-07-04	12404.0952
2009-07-05	12404.0952
2009-07-06	12315.8749
2009-07-07	12221.2707
2009-07-08	12293.1512
2009-07-09	12251.3125
2009-07-10	12318.934
2009-07-11	12318.934
2009-07-12	12318.934
2009-07-13	12209.9043
2009-07-14	12393.0127
2009-07-15	12521.0201
2009-07-16	12665.294
2009-07-17	12694.6123
2009-07-18	12694.6123
2009-07-19	12694.6123
2009-07-20	12757.0864
2009-07-21	12832.5664
2009-07-22	12768.1506
2009-07-23	12894.5185
2009-07-24	12930.6327
2009-07-25	12930.6327
2009-07-26	12930.6327
2009-07-27	13014.9421
2009-07-28	13027.5359
2009-07-29	12996.2484
2009-07-30	13078.6069
2009-07-31	13179.3019
2009-08-01	13179.3019
2009-08-02	13179.3019
2009-08-03	13252.9135
2009-08-04	13291.9312
2009-08-05	13254.0584
2009-08-06	13318.6574
2009-08-07	13290.3009
2009-08-08	13290.3009
2009-08-09	13290.3009
2009-08-10	13292.2335
2009-08-11	13337.7083
2009-08-12	13354.387
2009-08-13	13506.8492
2009-08-14	13559.3948
2009-08-15	13559.3948
2009-08-16	13559.3948
2009-08-17	13361.7418
2009-08-18	13411.3107
2009-08-19	13405.2749
2009-08-20	13476.899
2009-08-21	13406.5389
2009-08-22	13406.5389
2009-08-23	13406.5389
2009-08-24	13618.3702
2009-08-25	13644.73
2009-08-26	13721.3733
2009-08-27	13618.5167
2009-08-28	13739.2793
2009-08-29	13739.2793
2009-08-30	13739.2793
2009-08-31	13643.1638
2009-09-01	13760.3452
2009-09-02	13480.1687
2009-09-03	13524.3247
2009-09-04	13536.6895
2009-09-05	13536.6895
2009-09-06	13536.6895
2009-09-07	13563.3332
2009-09-08	13698.155
2009-09-09	13722.6372
2009-09-10	13816.3347
2009-09-11	13882.4083
2009-09-12	13882.4083
2009-09-13	13882.4083
2009-09-14	13794.5452
2009-09-15	13812.0757
2009-09-16	13962.3397
2009-09-17	14116.9542
2009-09-18	14048.087
2009-09-19	14048.087
2009-09-20	14048.087
2009-09-21	14101.1914
2009-09-22	14058.0888
2009-09-23	14152.4915
2009-09-24	14094.2122
2009-09-25	14050.4043
2009-09-26	14050.4043
2009-09-27	14050.4043
2009-09-28	14019.8221
2009-09-29	14163.693
2009-09-30	14119.647
2009-10-01	14055.341
2009-10-02	13858.7687
2009-10-03	13858.7687
2009-10-04	13858.7687
2009-10-05	13759.4384
2009-10-06	13861.1409
2009-10-07	14045.7881
2009-10-08	14070.5634
2009-10-09	14189.8422
2009-10-10	14189.8422
2009-10-11	14189.8422
2009-10-12	14140.4839
2009-10-13	14239.0357
2009-10-14	14322.42
2009-10-15	14344.0629
2009-10-16	14307.1335
2009-10-17	14307.1335
2009-10-18	14307.1335
2009-10-19	14217.4843
2009-10-20	14378.3912
2009-10-21	14229.1988
2009-10-22	14262.4371
2009-10-23	14275.2324
2009-10-24	14275.2324
2009-10-25	14275.2324
2009-10-26	14231.2596
2009-10-27	14089.3579
2009-10-28	14016.3142
2009-10-29	13734.773
2009-10-30	13966.0125
2009-10-31	13966.0125
2009-11-01	13966.0125
2009-11-02	13715.8229
2009-11-03	13715.8229
2009-11-04	13702.2308
2009-11-05	13755.8023
2009-11-06	13847.7961
2009-11-07	13847.7961
2009-11-08	13847.7961
2009-11-09	14019.7946
2009-11-10	14138.7437
2009-11-11	14167.3109
2009-11-12	14151.5664
2009-11-13	14038.5158
2009-11-14	14038.5158
2009-11-15	14038.5158
2009-11-16	14210.5509
2009-11-17	14223.9415
2009-11-18	14218.7208
2009-11-19	14227.5685
2009-11-20	14098.2513
2009-11-21	14098.2513
2009-11-22	14098.2513
2009-11-23	14123.7686
2009-11-24	14127.7619
2009-11-25	14180.5457
2009-11-26	14140.5663
2009-11-27	13917.3319
2009-11-28	13917.3319
2009-11-29	13917.3319
2009-11-30	14114.5637
2009-12-01	14162.7496
2009-12-02	14246.3538
2009-12-03	14218.4186
2009-12-04	14159.0127
2009-12-05	14159.0127
2009-12-06	14159.0127
2009-12-07	14107.3555
2009-12-08	14107.3097
2009-12-09	14072.441
2009-12-10	13979.5771
2009-12-11	14055.5975
2009-12-12	14055.5975
2009-12-13	14055.5975
2009-12-14	14110.2955
2009-12-15	14171.5881
2009-12-16	14170.9928
2009-12-17	14156.9428
2009-12-18	14131.4347
2009-12-19	14131.4347
2009-12-20	14131.4347
2009-12-21	14177.9629
2009-12-22	14293.5322
2009-12-23	14393.3479
2009-12-24	14469.7072
2009-12-25	14469.7072
2009-12-26	14469.7072
2009-12-27	14469.7072
2009-12-28	14469.7072
2009-12-29	14548.0449
2009-12-30	14493.9239
2009-12-31	14538.2172
2010-01-01	14538.2172
2010-01-02	14538.2172
2010-01-03	14538.2172
2010-01-04	14584.0859
2010-01-05	14651.8631
2010-01-06	14626.7581
2010-01-07	14603.6406
2010-01-08	14613.111
2010-01-09	14613.111
2010-01-10	14613.111
2010-01-11	14694.0682
2010-01-12	14571.6479
2010-01-13	14530.7251
2010-01-14	14586.8062
2010-01-15	14546.8176
2010-01-16	14546.8176
2010-01-17	14546.8176
2010-01-18	14544.6652
2010-01-19	14506.3069
2010-01-20	14518.4244
2010-01-21	14393.6777
2010-01-22	14235.1247
2010-01-23	14235.1247
2010-01-24	14235.1247
2010-01-25	14199.5325
2010-01-26	14179.3551
2010-01-27	14089.0281
2010-01-28	14071.5251
2010-01-29	13905.6358
2010-01-30	13905.6358
2010-01-31	13905.6358
2010-02-01	13897.649
2010-02-02	14115.1224
2010-02-03	14160.8629
2010-02-04	14001.4215
2010-02-05	13819.3663
2010-02-06	13819.3663
2010-02-07	13819.3663
2010-02-08	13777.033
2010-02-09	13809.4654
2010-02-10	13834.2224
2010-02-11	13888.7189
2010-02-12	13907.9255
2010-02-13	13907.9255
2010-02-14	13907.9255
2010-02-15	13870.2725
2010-02-16	13941.2371
2010-02-17	14137.1866
2010-02-18	14137.0126
2010-02-19	14096.4195
2010-02-20	14096.4195
2010-02-21	14096.4195
2010-02-22	14263.4721
2010-02-23	14247.2788
2010-02-24	14118.3739
2010-02-25	14031.2984
2010-02-26	14121.4055
2010-02-27	14121.4055
2010-02-28	14121.4055
2010-03-01	14220.9281
2010-03-02	14271.5138
2010-03-03	14336.1311
2010-03-04	14371.9798
2010-03-05	14441.4606
2010-03-06	14441.4606
2010-03-07	14441.4606
2010-03-08	14508.3403
2010-03-09	14508.1021
2010-03-10	14542.3663
2010-03-11	14541.9266
2010-03-12	14559.6128
2010-03-13	14559.6128
2010-03-14	14559.6128
2010-03-15	14518.1222
2010-03-16	14575.6046
2010-03-17	14648.1171
2010-03-18	14669.0547
2010-03-19	14676.0431
2010-03-20	14676.0431
2010-03-21	14676.0431
2010-03-22	14615.7214
2010-03-23	14717.0758
2010-03-24	14709.2448
2010-03-25	14721.7012
2010-03-26	14780.7498
2010-03-27	14780.7498
2010-03-28	14780.7498
2010-03-29	14757.5132
2010-03-30	14788.3427
2010-03-31	14761.6989
2010-04-01	14844.8359
2010-04-02	14856.1016
2010-04-03	14856.1016
2010-04-04	14856.1016
2010-04-05	14865.9568
2010-04-06	14939.1654
2010-04-07	14919.0612
2010-04-08	14893.0494
2010-04-09	14920.2244
2010-04-10	14920.2244
2010-04-11	14920.2244
2010-04-12	15012.2732
2010-04-13	14930.8764
2010-04-14	15038.0835
2010-04-15	15056.2826
2010-04-16	14978.6685
2010-04-17	14978.6685
2010-04-18	14978.6685
2010-04-19	14867.8161
2010-04-20	14893.2875
2010-04-21	14907.8413
2010-04-22	14817.4869
2010-04-23	14816.7725
2010-04-24	14816.7725
2010-04-25	14816.7725
2010-04-26	14814.1713
2010-04-27	14739.882
2010-04-28	14613.6148
2010-04-29	14592.265
2010-04-30	14567.6453
2010-05-01	14567.6453
2010-05-02	14567.6453
2010-05-03	14565.493
2010-05-04	14413.8002
2010-05-05	14291.9569
2010-05-06	14057.7773
2010-05-07	13831.2731
2010-05-08	13831.2731
2010-05-09	13831.2731
2010-05-10	14235.0698
2010-05-11	14086.2621
2010-05-12	14224.6101
2010-05-13	14311.6764
2010-05-14	14159.7546
2010-05-15	14159.7546
2010-05-16	14159.7546
2010-05-17	13972.5795
2010-05-18	13936.108
2010-05-19	13841.7603
2010-05-20	13692.1283
2010-05-21	13687.8602
2010-05-22	13687.8602
2010-05-23	13687.8602
2010-05-24	13751.9921
2010-05-25	13565.8428
2010-05-26	13616.8681
2010-05-27	13801.0848
2010-05-28	13913.0363
2010-05-29	13913.0363
2010-05-30	13913.0363
2010-05-31	13824.1382
2010-06-01	13762.7815
2010-06-02	13764.9522
2010-06-03	13983.6529
2010-06-04	13831.3556
2010-06-05	13831.3556
2010-06-06	13831.3556
2010-06-07	13575.7621
2010-06-08	13658.432
2010-06-09	13657.0032
2010-06-10	13792.5211
2010-06-11	13925.8041
2010-06-12	13925.8041
2010-06-13	13925.8041
2010-06-14	13913.2928
2010-06-15	13989.4414
2010-06-16	14053.9397
2010-06-17	14022.9911
2010-06-18	14051.5583
2010-06-19	14051.5583
2010-06-20	14051.5583
2010-06-21	14122.8252
2010-06-22	13972.2132
2010-06-23	13867.6072
2010-06-24	13804.2722
2010-06-25	13703.971
2010-06-26	13703.971
2010-06-27	13703.971
2010-06-28	13662.865
2010-06-29	13488.3387
2010-06-30	13470.2678
2010-07-01	13374.7019
2010-07-02	13351.392
2010-07-03	13351.392
2010-07-04	13351.392
2010-07-05	13319.2711
2010-07-06	13431.5798
2010-07-07	13470.8265
2010-07-08	13648.238
2010-07-09	13720.8329
2010-07-10	13720.8329
2010-07-11	13720.8329
2010-07-12	13766.2253
2010-07-13	13752.0837
2010-07-14	13917.222
2010-07-15	13890.1386
2010-07-16	13774.5235
2010-07-17	13774.5235
2010-07-18	13774.5235
2010-07-19	13674.9733
2010-07-20	13727.977
2010-07-21	13727.2626
2010-07-22	13708.9719
2010-07-23	13873.8171
2010-07-24	13873.8171
2010-07-25	13873.8171
2010-07-26	13936.108
2010-07-27	13957.0274
2010-07-28	14010.0585
2010-07-29	13981.1616
2010-07-30	13902.1187
2010-07-31	13902.1187
2010-08-01	13902.1187
2010-08-02	14064.1887
2010-08-03	14099.0848
2010-08-04	14038.5982
2010-08-05	14084.6501
2010-08-06	14077.5335
2010-08-07	14077.5335
2010-08-08	14077.5335
2010-08-09	14118.7311
2010-08-10	14029.1186
2010-08-11	13807.3771
2010-08-12	13720.3566
2010-08-13	13778.9381
2010-08-14	13778.9381
2010-08-15	13778.9381
2010-08-16	13768.9639
2010-08-17	13836.3748
2010-08-18	13842.6487
2010-08-19	13818.6794
2010-08-20	13697.4864
2010-08-21	13697.4864
2010-08-22	13697.4864
2010-08-23	13689.9942
2010-08-24	13592.2118
2010-08-25	13489.8224
2010-08-26	13533.264
2010-08-27	13576.5132
2010-08-28	13576.5132
2010-08-29	13576.5132
2010-08-30	13697.8619
2010-08-31	13617.2253
2010-09-01	13814.9791
2010-09-02	13914.7674
2010-09-03	13964.0616
2010-09-04	13964.0616
2010-09-05	13964.0616
2010-09-06	14046.1545
2010-09-07	14011.3866
2010-09-08	13951.1289
2010-09-09	14027.9554
2010-09-10	14003.2258
2010-09-11	14003.2258
2010-09-12	14003.2258
2010-09-13	14114.1332
2010-09-14	14121.8543
2010-09-15	14213.262
2010-09-16	14124.0891
2010-09-17	14143.3598
2010-09-18	14143.3598
2010-09-19	14143.3598
2010-09-20	14194.5591
2010-09-21	14155.3399
2010-09-22	14140.5022
2010-09-23	14110.9275
2010-09-24	14147.3532
2010-09-25	14147.3532
2010-09-26	14147.3532
2010-09-27	14223.3736
2010-09-28	14220.8732
2010-09-29	14185.9404
2010-09-30	14100.4129
2010-10-01	14079.2737
2010-10-02	14079.2737
2010-10-03	14079.2737
2010-10-04	14137.7728
2010-10-05	14182.002
2010-10-06	14301.9494
2010-10-07	14297.4248
2010-10-08	14270.891
2010-10-09	14270.891
2010-10-10	14270.891
2010-10-11	14305.6039
2010-10-12	14163.3999
2010-10-13	14184.1636
2010-10-14	14318.0419
2010-10-15	14301.6197
2010-10-16	14301.6197
2010-10-17	14301.6197
2010-10-18	14260.6786
2010-10-19	14252.6827
2010-10-20	14224.2346
2010-10-21	14254.8626
2010-10-22	14267.7219
2010-10-23	14267.7219
2010-10-24	14267.7219
2010-10-25	14374.7825
2010-10-26	14337.8164
2010-10-27	14285.2249
2010-10-28	14337.9172
2010-10-29	14301.3083
2010-10-30	14301.3083
2010-10-31	14301.3083
2010-11-01	14366.2096
2010-11-02	14368.0505
2010-11-03	14390.3163
2010-11-04	14481.5408
2010-11-05	14561.2615
2010-11-06	14561.2615
2010-11-07	14561.2615
2010-11-08	14579.9002
2010-11-09	14545.1415
2010-11-10	14441.1767
2010-11-11	14534.7367
2010-11-12	14478.4816
2010-11-13	14478.4816
2010-11-14	14478.4816
2010-11-15	14443.1367
2010-11-16	14464.7064
2010-11-17	14319.8829
2010-11-18	14393.3388
2010-11-19	14396.3979
2010-11-20	14396.3979
2010-11-21	14396.3979
2010-11-22	14406.3172
2010-11-23	14257.4271
2010-11-24	14256.5387
2010-11-25	14279.5463
2010-11-26	14304.2209
2010-11-27	14304.2209
2010-11-28	14304.2209
2010-11-29	14332.4767
2010-11-30	14257.2073
2010-12-01	14300.1817
2010-12-02	14512.9473
2010-12-03	14527.6843
2010-12-04	14527.6843
2010-12-05	14527.6843
2010-12-06	14493.1911
2010-12-07	14554.1174
2010-12-08	14534.8192
2010-12-09	14631.4109
2010-12-10	14643.0246
2010-12-11	14643.0246
2010-12-12	14643.0246
2010-12-13	14662.5243
2010-12-14	14670.7767
2010-12-15	14689.2505
2010-12-16	14681.3462
2010-12-17	14678.223
2010-12-18	14678.223
2010-12-19	14678.223
2010-12-20	14591.5689
2010-12-21	14673.8724
2010-12-22	14690.2489
2010-12-23	14707.9809
2010-12-24	14680.9066
2010-12-25	14680.9066
2010-12-26	14680.9066
2010-12-27	14672.81
2010-12-28	14650.9564
2010-12-29	14648.2728
2010-12-30	14683.8741
2010-12-31	14567.5263
2011-01-01	14567.5263
2011-01-02	14567.5263
2011-01-03	14603.0452
2011-01-04	14645.9372
2011-01-05	14605.106
2011-01-06	14657.4868
2011-01-07	14626.7856
2011-01-08	14626.7856
2011-01-09	14626.7856
2011-01-10	14590.9277
2011-01-11	14674.2113
2011-01-12	14732.0326
2011-01-13	14860.901
2011-01-14	14906.4216
2011-01-15	14906.4216
2011-01-16	14906.4216
2011-01-17	14815.4719
2011-01-18	14880.8128
2011-01-19	14893.8462
2011-01-20	14800.4876
2011-01-21	14798.3078
2011-01-22	14798.3078
2011-01-23	14798.3078
2011-01-24	14836.318
2011-01-25	14920.3892
2011-01-26	14938.5975
2011-01-27	14960.8907
2011-01-28	14822.7992
2011-01-29	14822.7992
2011-01-30	14822.7992
2011-01-31	14814.0156
2011-02-01	14832.7185
2011-02-02	14938.8814
2011-02-03	14937.3427
2011-02-04	15031.8278
2011-02-05	15031.8278
2011-02-06	15031.8278
2011-02-07	15049.8621
2011-02-08	15094.2836
2011-02-09	15123.785
2011-02-10	15136.9924
2011-02-11	15122.7043
2011-02-12	15122.7043
2011-02-13	15122.7043
2011-02-14	15197.937
2011-02-15	15217.9862
2011-02-16	15230.7357
2011-02-17	15230.5067
2011-02-18	15231.2486
2011-02-19	15231.2486
2011-02-20	15231.2486
2011-02-21	15190.9028
2011-02-22	15067.8139
2011-02-23	15019.2066
2011-02-24	14921.3326
2011-02-25	15007.5105
2011-02-26	15007.5105
2011-02-27	15007.5105
2011-02-28	15019.2616
2011-03-01	14980.9308
2011-03-02	14935.0987
2011-03-03	14987.0124
2011-03-04	15087.341
2011-03-05	15087.341
2011-03-06	15087.341
2011-03-07	14956.4028
2011-03-08	14967.3845
2011-03-09	14925.0878
2011-03-10	14750.4699
2011-03-11	14657.441
2011-03-12	14657.441
2011-03-13	14657.441
2011-03-14	14580.6421
2011-03-15	14391.7451
2011-03-16	14448.2109
2011-03-17	14490.6999
2011-03-18	14577.299
2011-03-19	14577.299
2011-03-20	14577.299
2011-03-21	14687.8126
2011-03-22	14669.128
2011-03-23	14675.8599
2011-03-24	14776.1519
2011-03-25	14836.2905
2011-03-26	14836.2905
2011-03-27	14836.2905
2011-03-28	14791.1454
2011-03-29	14847.144
2011-03-30	14983.4221
2011-03-31	15002.5829
2011-04-01	15060.2576
2011-04-02	15060.2576
2011-04-03	15060.2576
2011-04-04	15112.7575
2011-04-05	15122.5852
2011-04-06	15134.6935
2011-04-07	15112.4369
2011-04-08	15176.7154
2011-04-09	15176.7154
2011-04-10	15176.7154
2011-04-11	15201.9212
2011-04-12	15067.0903
2011-04-13	15101.0339
2011-04-14	15024.6563
2011-04-15	14986.1789
2011-04-16	14986.1789
2011-04-17	14986.1789
2011-04-18	14972.4403
2011-04-19	14873.339
2011-04-20	15004.4513
2011-04-21	15098.8265
2011-04-22	15102.2246
2011-04-23	15102.2246
2011-04-24	15102.2246
2011-04-25	15098.1213
2011-04-26	15105.2287
2011-04-27	15052.0236
2011-04-28	15091.6641
2011-04-29	14991.5645
2011-04-30	14991.5645
2011-05-01	14991.5645
2011-05-02	15008.4447
2011-05-03	14948.9289
2011-05-04	14892.2983
2011-05-05	14896.6214
2011-05-06	14885.0352
2011-05-07	14885.0352
2011-05-08	14885.0352
2011-05-09	14892.0144
2011-05-10	14902.7397
2011-05-11	14970.9657
2011-05-12	14842.6377
2011-05-13	14905.7438
2011-05-14	14905.7438
2011-05-15	14905.7438
2011-05-16	14757.6506
2011-05-17	14808.6484
2011-05-18	14873.7328
2011-05-19	14985.6569
2011-05-20	14895.3849
2011-05-21	14895.3849
2011-05-22	14895.3849
2011-05-23	14690.0565
2011-05-24	14722.269
2011-05-25	14626.465
2011-05-26	14761.7722
2011-05-27	14797.6483
2011-05-28	14797.6483
2011-05-29	14797.6483
2011-05-30	14760.0319
2011-05-31	14909.6914
2011-06-01	14812.1105
2011-06-02	14577.6013
2011-06-03	14538.9866
2011-06-04	14538.9866
2011-06-05	14538.9866
2011-06-06	14454.3291
2011-06-07	14457.4249
2011-06-08	14424.8369
2011-06-09	14460.8596
2011-06-10	14437.1375
2011-06-11	14437.1375
2011-06-12	14437.1375
2011-06-13	14429.4347
2011-06-14	14481.7148
2011-06-15	14395.8209
2011-06-16	14230.5818
2011-06-17	14253.0124
2011-06-18	14253.0124
2011-06-19	14253.0124
2011-06-20	14202.9855
2011-06-21	14358.69
2011-06-22	14389.0615
2011-06-23	14308.3241
2011-06-24	14270.1399
2011-06-25	14270.1399
2011-06-26	14270.1399
2011-06-27	14232.6976
2011-06-28	14284.3731
2011-06-29	14419.3689
2011-06-30	14632.5558
2011-07-01	14638.8847
2011-07-02	14638.8847
2011-07-03	14638.8847
2011-07-04	14693.2988
2011-07-05	14665.3453
2011-07-06	14674.3487
2011-07-07	14681.4104
2011-07-08	14753.4008
2011-07-09	14753.4008
2011-07-10	14753.4008
2011-07-11	14533.1522
2011-07-12	14347.177
2011-07-13	14367.9681
2011-07-14	14314.36
2011-07-15	14333.4384
2011-07-16	14333.4384
2011-07-17	14333.4384
2011-07-18	14272.7686
2011-07-19	14253.5894
2011-07-20	14463.2134
2011-07-21	14499.0896
2011-07-22	14596.24
2011-07-23	14596.24
2011-07-24	14596.24
2011-07-25	14426.7053
2011-07-26	14512.1046
2011-07-27	14331.5607
2011-07-28	14178.0361
2011-07-29	14106.3297
2011-07-30	14106.3297
2011-07-31	14106.3297
2011-08-01	14204.1212
2011-08-02	14044.6341
2011-08-03	13813.6419
2011-08-04	13604.082
2011-08-05	13192.3262
2011-08-06	13192.3262
2011-08-07	13192.3262
2011-08-08	12877.3543
2011-08-09	13073.7251
2011-08-10	13086.9509
2011-08-11	13189.8624
2011-08-12	13332.2495
2011-08-13	13332.2495
2011-08-14	13332.2495
2011-08-15	13588.017
2011-08-16	13515.1107
2011-08-17	13579.5631
2011-08-18	13331.1229
2011-08-19	12984.0394
2011-08-20	12984.0394
2011-08-21	12984.0394
2011-08-22	12965.135
2011-08-23	13214.1797
2011-08-24	13253.8019
2011-08-25	13291.9129
2011-08-26	13236.9767
2011-08-27	13236.9767
2011-08-28	13236.9767
2011-08-29	13485.3528
2011-08-30	13469.7915
2011-08-31	13599.8597
2011-09-01	13609.3668
2011-09-02	13430.2151
2011-09-03	13430.2151
2011-09-04	13430.2151
2011-09-05	13163.1728
2011-09-06	13002.9254
2011-09-07	13290.4932
2011-09-08	13316.963
2011-09-09	13213.392
2011-09-10	13213.392
2011-09-11	13213.392
2011-09-12	12897.8066
2011-09-13	13017.1769
2011-09-14	12967.3332
2011-09-15	13188.8182
2011-09-16	13338.551
2011-09-17	13338.551
2011-09-18	13338.551
2011-09-19	13152.649
2011-09-20	13086.1174
2011-09-21	13093.06
2011-09-22	12819.4872
2011-09-23	12737.9073
2011-09-24	12737.9073
2011-09-25	12737.9073
2011-09-26	12737.6325
2011-09-27	13124.8054
2011-09-28	13153.8214
2011-09-29	13155.3509
2011-09-30	13079.1748
2011-10-01	13079.1748
2011-10-02	13079.1748
2011-10-03	12808.6795
2011-10-04	12771.3379
2011-10-05	12929.4695
2011-10-06	13311.0187
2011-10-07	13499.9157
2011-10-08	13499.9157
2011-10-09	13499.9157
2011-10-10	13534.6287
2011-10-11	13661.8392
2011-10-12	13623.1421
2011-10-13	13681.5496
2011-10-14	13609.8156
2011-10-15	13609.8156
2011-10-16	13609.8156
2011-10-17	13730.917
2011-10-18	13543.3573
2011-10-19	13608.9272
2011-10-20	13443.8438
2011-10-21	13489.337
2011-10-22	13489.337
2011-10-23	13489.337
2011-10-24	13747.1744
2011-10-25	13644.2355
2011-10-26	13701.379
2011-10-27	14008.8495
2011-10-28	14037.6457
2011-10-29	14037.6457
2011-10-30	14037.6457
2011-10-31	13828.9284
2011-11-01	13621.2095
2011-11-02	13554.9985
2011-11-03	13587.5865
2011-11-04	13780.9531
2011-11-05	13780.9531
2011-11-06	13780.9531
2011-11-07	13745.4708
2011-11-08	13821.9767
2011-11-09	13835.697
2011-11-10	13673.8926
2011-11-11	13865.1984
2011-11-12	13865.1984
2011-11-13	13865.1984
2011-11-14	13837.8494
2011-11-15	13792.9515
2011-11-16	13715.255
2011-11-17	13710.1626
2011-11-18	13512.8026
2011-11-19	13512.8026
2011-11-20	13512.8026
2011-11-21	13453.5158
2011-11-22	13360.7343
2011-11-23	13154.9662
2011-11-24	13134.8437
2011-11-25	12994.4624
2011-11-26	12994.4624
2011-11-27	12994.4624
2011-11-28	13253.0875
2011-11-29	13354.4145
2011-11-30	13483.4477
2011-12-01	13725.0278
2011-12-02	13832.1891
2011-12-03	13832.1891
2011-12-04	13832.1891
2011-12-05	13920.3086
2011-12-06	13797.7692
2011-12-07	13863.6414
2011-12-08	13763.2303
2011-12-09	13675.2023
2011-12-10	13675.2023
2011-12-11	13675.2023
2011-12-12	13712.4157
2011-12-13	13557.3249
2011-12-14	13525.781
2011-12-15	13436.8829
2011-12-16	13471.5867
2011-12-17	13471.5867
2011-12-18	13471.5867
2011-12-19	13243.095
2011-12-20	13290.42
2011-12-21	13450.0537
2011-12-22	13372.6777
2011-12-23	13503.3046
2011-12-24	13503.3046
2011-12-25	13503.3046
2011-12-26	13495.9315
2011-12-27	13499.641
2011-12-28	13354.6526
2011-12-29	13359.3787
2011-12-30	13331.0405
2011-12-31	13329.2179
2012-01-01	13329.2179
2012-01-02	13360.7801
2012-01-03	13480.7549
2012-01-04	13646.6168
2012-01-05	13533.0075
2012-01-06	13459.8447
2012-01-07	13459.8447
2012-01-08	13459.8447
2012-01-09	13436.0128
2012-01-10	13562.3624
2012-01-11	13635.3145
2012-01-12	13649.4195
2012-01-13	13662.8192
2012-01-14	13662.8192
2012-01-15	13662.8192
2012-01-16	13583.6481
2012-01-17	13732.1993
2012-01-18	13760.8764
2012-01-19	13809.0624
2012-01-20	13869.4482
2012-01-21	13869.4482
2012-01-22	13869.4482
2012-01-23	13839.1958
2012-01-24	13841.165
2012-01-25	13928.2953
2012-01-26	13935.1372
2012-01-27	13943.82
2012-01-28	13943.82
2012-01-29	13943.82
2012-01-30	13886.2002
2012-01-31	13857.8345
2012-02-01	13825.97
2012-02-02	13923.7891
2012-02-03	13916.645
2012-02-04	13916.645
2012-02-05	13916.645
2012-02-06	14015.3983
2012-02-07	13970.3172
2012-02-08	14003.3815
2012-02-09	14008.4282
2012-02-10	13899.49
2012-02-11	13899.49
2012-02-12	13899.49
2012-02-13	14007.7596
2012-02-14	13912.6608
2012-02-15	13942.4736
2012-02-16	13805.9116
2012-02-17	13884.6248
2012-02-18	13884.6248
2012-02-19	13884.6248
2012-02-20	14063.0072
2012-02-21	14143.14
2012-02-22	14136.8661
2012-02-23	14110.094
2012-02-24	14193.9088
2012-02-25	14193.9088
2012-02-26	14193.9088
2012-02-27	14103.3621
2012-02-28	14119.7935
2012-02-29	14175.9754
2012-03-01	14115.2323
2012-03-02	14143.9094
2012-03-03	14143.9094
2012-03-04	14143.9094
2012-03-05	14141.6929
2012-03-06	13952.6494
2012-03-07	13862.2675
2012-03-08	13999.2325
2012-03-09	14079.695
2012-03-10	14079.695
2012-03-11	14079.695
2012-03-12	14083.6518
2012-03-13	14244.5403
2012-03-14	14351.0513
2012-03-15	14320.2768
2012-03-16	14341.9838
2012-03-17	14341.9838
2012-03-18	14341.9838
2012-03-19	14385.0315
2012-03-20	14359.9814
2012-03-21	14307.0602
2012-03-22	14344.2094
2012-03-23	14305.265
2012-03-24	14305.265
2012-03-25	14305.265
2012-03-26	14310.8795
2012-03-27	14395.8209
2012-03-28	14458.2217
2012-03-29	14407.3339
2012-03-30	14421.3381
2012-03-31	14423.7286
2012-04-01	14423.7286
2012-04-02	14444.9502
2012-04-03	14448.797
2012-04-04	14371.0272
2012-04-05	14306.2725
2012-04-06	14301.2625
2012-04-07	14301.2625
2012-04-08	14301.2625
2012-04-09	14280.6545
2012-04-10	14170.1319
2012-04-11	14077.8083
2012-04-12	14186.7098
2012-04-13	14223.566
2012-04-14	14223.566
2012-04-15	14223.566
2012-04-16	14161.4948
2012-04-17	14208.1237
2012-04-18	14327.7414
2012-04-19	14323.171
2012-04-20	14342.8539
2012-04-21	14342.8539
2012-04-22	14342.8539
2012-04-23	14263.2248
2012-04-24	14312.29
2012-04-25	14332.8339
2012-04-26	14364.2312
2012-04-27	14341.6999
2012-04-28	14341.6999
2012-04-29	14341.6999
2012-04-30	14470.6048
2012-05-01	14555.9858
2012-05-02	14548.0999
2012-05-03	14531.412
2012-05-04	14424.9651
2012-05-05	14424.9651
2012-05-06	14424.9651
2012-05-07	14238.3029
2012-05-08	14260.6877
2012-05-09	14161.2475
2012-05-10	14229.6476
2012-05-11	14220.9923
2012-05-12	14220.9923
2012-05-13	14220.9923
2012-05-14	14208.4993
2012-05-15	14095.8425
2012-05-16	13869.3475
2012-05-17	13824.7061
2012-05-18	13593.375
2012-05-19	13593.375
2012-05-20	13593.375
2012-05-21	13705.2166
2012-05-22	13835.9626
2012-05-23	13704.5755
2012-05-24	13682.7311
2012-05-25	13620.3852
2012-05-26	13620.3852
2012-05-27	13620.3852
2012-05-28	13684.7644
2012-05-29	13793.3729
2012-05-30	13718.4973
2012-05-31	13698.6038
2012-06-01	13609.2111
2012-06-02	13609.2111
2012-06-03	13609.2111
2012-06-04	13416.9619
2012-06-05	13554.0917
2012-06-06	13597.7073
2012-06-07	13737.7497
2012-06-08	13634.6276
2012-06-09	13634.6276
2012-06-10	13634.6276
2012-06-11	13613.0121
2012-06-12	13671.5845
2012-06-13	13635.2687
2012-06-14	13604.2286
2012-06-15	13661.3263
2012-06-16	13661.3263
2012-06-17	13661.3263
2012-06-18	13802.3121
2012-06-19	13813.4221
2012-06-20	13858.0726
2012-06-21	13728.3983
2012-06-22	13651.178
2012-06-23	13651.178
2012-06-24	13651.178
2012-06-25	13580.6622
2012-06-26	13524.3797
2012-06-27	13616.6117
2012-06-28	13618.9655
2012-06-29	13771.4094
2012-06-30	13774.3494
2012-07-01	13774.3494
2012-07-02	13867.7538
2012-07-03	13892.1811
2012-07-04	13978.5055
2012-07-05	13935.2929
2012-07-06	13884.7347
2012-07-07	13884.7347
2012-07-08	13884.7347
2012-07-09	13786.76
2012-07-10	13739.2976
2012-07-11	13729.5065
2012-07-12	13665.4754
2012-07-13	13724.872
2012-07-14	13724.872
2012-07-15	13724.872
2012-07-16	13760.7848
2012-07-17	13812.7443
2012-07-18	13780.0555
2012-07-19	13958.4929
2012-07-20	13886.6948
2012-07-21	13886.6948
2012-07-22	13886.6948
2012-07-23	13700.3623
2012-07-24	13679.8918
2012-07-25	13659.0823
2012-07-26	13785.6151
2012-07-27	13956.3038
2012-07-28	13956.3038
2012-07-29	13956.3038
2012-07-30	14029.3292
2012-07-31	14055.4967
2012-08-01	14045.092
2012-08-02	14015.2059
2012-08-03	14015.4807
2012-08-04	14015.4807
2012-08-05	14015.4807
2012-08-06	14150.8062
2012-08-07	14224.5551
2012-08-08	14258.3705
2012-08-09	14247.5994
2012-08-10	14201.8589
2012-08-11	14201.8589
2012-08-12	14201.8589
2012-08-13	14240.1531
2012-08-14	14284.2357
2012-08-15	14262.6569
2012-08-16	14402.681
2012-08-17	14486.4409
2012-08-18	14486.4409
2012-08-19	14486.4409
2012-08-20	14507.1954
2012-08-21	14576.5663
2012-08-22	14546.4421
2012-08-23	14545.1689
2012-08-24	14500.4177
2012-08-25	14500.4177
2012-08-26	14500.4177
2012-08-27	14500.0788
2012-08-28	14524.3687
2012-08-29	14522.9673
2012-08-30	14406.5828
2012-08-31	14443.9885
2012-09-01	14443.9885
2012-09-02	14443.9885
2012-09-03	14545.8284
2012-09-04	14451.9569
2012-09-05	14412.582
2012-09-06	14550.6369
2012-09-07	14593.3641
2012-09-08	14593.3641
2012-09-09	14593.3641
2012-09-10	14615.5382
2012-09-11	14592.4482
2012-09-12	14687.8034
2012-09-13	14659.5476
2012-09-14	14807.7691
2012-09-15	14807.7691
2012-09-16	14807.7691
2012-09-17	14839.3405
2012-09-18	14813.0722
2012-09-19	14878.0742
2012-09-20	14829.1189
2012-09-21	14855.204
2012-09-22	14855.204
2012-09-23	14855.204
2012-09-24	14795.6974
2012-09-25	14752.9611
2012-09-26	14684.3046
2012-09-27	14721.7378
2012-09-28	14705.05
2012-09-29	14705.05
2012-09-30	14703.0808
2012-10-01	14758.5665
2012-10-02	14900.9445
2012-10-03	14928.8522
2012-10-04	14969.4819
2012-10-05	15086.9564
2012-10-06	15086.9564
2012-10-07	15086.9564
2012-10-08	15037.7995
2012-10-09	15054.7164
2012-10-10	14978.8517
2012-10-11	14977.3496
2012-10-12	14989.7693
2012-10-13	14989.7693
2012-10-14	14989.7693
2012-10-15	14995.6311
2012-10-16	15078.6949
2012-10-17	15143.3855
2012-10-18	15207.6365
2012-10-19	15176.0102
2012-10-20	15176.0102
2012-10-21	15176.0102
2012-10-22	15111.805
2012-10-23	15048.0944
2012-10-24	14940.3469
2012-10-25	14964.7284
2012-10-26	14876.9752
2012-10-27	14876.9752
2012-10-28	14876.9752
2012-10-29	14877.6346
2012-10-30	14915.5624
2012-10-31	14949.0846
2012-11-01	14863.4838
2012-11-02	14869.4555
2012-11-03	14869.4555
2012-11-04	14869.4555
2012-11-05	14863.5205
2012-11-06	14892.7013
2012-11-07	14900.4499
2012-11-08	14837.9666
2012-11-09	14834.8892
2012-11-10	14834.8892
2012-11-11	14834.8892
2012-11-12	14774.7506
2012-11-13	14638.7565
2012-11-14	14647.421
2012-11-15	14572.3256
2012-11-16	14503.5043
2012-11-17	14503.5043
2012-11-18	14503.5043
2012-11-19	14616.9395
2012-11-20	14679.2396
2012-11-21	14664.9332
2012-11-22	14763.375
2012-11-23	14803.5101
2012-11-24	14803.5101
2012-11-25	14803.5101
2012-11-26	14806.1479
2012-11-27	14866.4514
2012-11-28	14864.0059
2012-11-29	14985.1714
2012-11-30	15067.9238
2012-12-01	15067.9238
2012-12-02	15067.9238
2012-12-03	15126.9907
2012-12-04	15051.1718
2012-12-05	15123.5561
2012-12-06	15109.909
2012-12-07	15222.062
2012-12-08	15222.062
2012-12-09	15222.062
2012-12-10	15241.1771
2012-12-11	15308.9451
2012-12-12	15325.6788
2012-12-13	15319.9635
2012-12-14	15315.1
2012-12-15	15315.1
2012-12-16	15315.1
2012-12-17	15304.5213
2012-12-18	15389.6092
2012-12-19	15462.6254
2012-12-20	15487.2817
2012-12-21	15463.1475
2012-12-22	15463.1475
2012-12-23	15463.1475
2012-12-24	15512.1578
2012-12-25	15530.7965
2012-12-26	15519.9705
2012-12-27	15547.466
2012-12-28	15553.0806
2012-12-29	15553.0806
2012-12-30	15553.0806
2012-12-31	15519.3568
2013-01-01	15519.311
2013-01-02	15684.7974
2013-01-03	15717.1198
2013-01-04	15715.8742
2013-01-05	15715.8742
2013-01-06	15715.8742
2013-01-07	15700.2304
2013-01-08	15645.2668
2013-01-09	15723.5586
2013-01-10	15767.4581
2013-01-11	15783.9903
2013-01-12	15783.9903
2013-01-13	15783.9903
2013-01-14	15785.8496
2013-01-15	15769.0427
2013-01-16	15800.266
2013-01-17	15893.5146
2013-01-18	15945.2635
2013-01-19	15945.2635
2013-01-20	15945.2635
2013-01-21	15963.8931
2013-01-22	15917.5572
2013-01-23	15947.5441
2013-01-24	16049.3015
2013-01-25	16130.0572
2013-01-26	16130.0572
2013-01-27	16130.0572
2013-01-28	16123.6916
2013-01-29	16231.5032
2013-01-30	16263.6333
2013-01-31	16204.3923
2013-02-01	16336.1183
2013-02-02	16336.1183
2013-02-03	16336.1183
2013-02-04	16204.4564
2013-02-05	16185.4697
2013-02-06	16318.2398
2013-02-07	16325.5029
2013-02-08	16438.3062
2013-02-09	16438.3062
2013-02-10	16438.3062
2013-02-11	16424.2379
2013-02-12	16427.8008
2013-02-13	16505.7812
2013-02-14	16549.2777
2013-02-15	16602.0798
2013-02-16	16602.0798
2013-02-17	16602.0798
2013-02-18	16688.221
2013-02-19	16815.8438
2013-02-20	16851.7382
2013-02-21	16526.5632
2013-02-22	16642.4714
2013-02-23	16642.4714
2013-02-24	16642.4714
2013-02-25	16737.3046
2013-02-26	16600.4037
2013-02-27	16706.7682
2013-02-28	16854.0738
2013-03-01	16831.7256
2013-03-02	16831.7256
2013-03-03	16831.7256
2013-03-04	16706.7132
2013-03-05	16855.4202
2013-03-06	16956.335
2013-03-07	16969.9271
2013-03-08	17030.029
2013-03-09	17030.029
2013-03-10	17030.029
2013-03-11	17074.2948
2013-03-12	16990.5716
2013-03-13	16920.0558
2013-03-14	16801.9494
2013-03-15	16973.1602
2013-03-16	16973.1602
2013-03-17	16973.1602
2013-03-18	16713.9489
2013-03-19	16633.2391
2013-03-20	16587.9291
2013-03-21	16522.7072
2013-03-22	16575.6192
2013-03-23	16575.6192
2013-03-24	16575.6192
2013-03-25	16585.2638
2013-03-26	16589.9074
2013-03-27	16687.9738
2013-03-28	16673.8046
2013-03-29	16681.6357
2013-03-30	16681.6357
2013-03-31	16691.2527
2013-04-01	16666.0286
2013-04-02	16743.606
2013-04-03	16621.7994
2013-04-04	16533.9179
2013-04-05	16462.0008
2013-04-06	16462.0008
2013-04-07	16462.0008
2013-04-08	16489.2307
2013-04-09	16637.4797
2013-04-10	16700.2927
2013-04-11	16793.3032
2013-04-12	16799.5039
2013-04-13	16799.5039
2013-04-14	16799.5039
2013-04-15	16665.131
2013-04-16	16643.6987
2013-04-17	16689.5858
2013-04-18	16493.0318
2013-04-19	16524.2643
2013-04-20	16524.2643
2013-04-21	16524.2643
2013-04-22	16627.2124
2013-04-23	16809.7255
2013-04-24	17034.81
2013-04-25	17045.517
2013-04-26	17049.4829
2013-04-27	17049.4829
2013-04-28	17049.4829
2013-04-29	17129.5974
2013-04-30	17275.8405
2013-05-01	17258.3009
2013-05-02	17201.2031
2013-05-03	17227.3065
2013-05-04	17227.3065
2013-05-05	17227.3065
2013-05-06	17287.8206
2013-05-07	17301.4035
2013-05-08	17452.6658
2013-05-09	17417.9621
2013-05-10	17562.8405
2013-05-11	17562.8405
2013-05-12	17562.8405
2013-05-13	17576.6432
2013-05-14	17614.6168
2013-05-15	17561.1003
2013-05-16	17514.7553
2013-05-17	17577.3393
2013-05-18	17577.3393
2013-05-19	17577.3393
2013-05-20	17630.7093
2013-05-21	17606.1446
2013-05-22	17603.461
2013-05-23	17305.4061
2013-05-24	17155.8565
2013-05-25	17155.8565
2013-05-26	17155.8565
2013-05-27	17138.8664
2013-05-28	17224.9343
2013-05-29	17208.9517
2013-05-30	17126.9687
2013-05-31	17112.7447
2013-06-01	17112.7447
2013-06-02	17112.7447
2013-06-03	16962.957
2013-06-04	17071.2723
2013-06-05	16890.7742
2013-06-06	16752.1881
2013-06-07	16725.4161
2013-06-08	16725.4161
2013-06-09	16725.4161
2013-06-10	16745.9324
2013-06-11	16762.1257
2013-06-12	16632.662
2013-06-13	16512.8337
2013-06-14	16720.5709
2013-06-15	16720.5709
2013-06-16	16720.5709
2013-06-17	16861.7674
2013-06-18	16912.5637
2013-06-19	16938.7037
2013-06-20	16693.4875
2013-06-21	16560.1404
2013-06-22	16560.1404
2013-06-23	16560.1404
2013-06-24	16342.5113
2013-06-25	16367.0943
2013-06-26	16573.5951
2013-06-27	16793.4681
2013-06-28	16804.8529
2013-06-29	16804.8529
2013-06-30	16804.8529
2013-07-01	16615.846
2013-07-02	16896.4437
2013-07-03	16702.1612
2013-07-04	16797.5347
2013-07-05	16939.8211
2013-07-06	16939.8211
2013-07-07	16939.8211
2013-07-08	16883.566
2013-07-09	17055.8576
2013-07-10	17104.5656
2013-07-11	17351.1465
2013-07-12	17439.0005
2013-07-13	17439.0005
2013-07-14	17439.0005
2013-07-15	17472.7975
2013-07-16	17405.4966
2013-07-17	17429.8597
2013-07-18	17566.1652
2013-07-19	17486.3438
2013-07-20	17486.3438
2013-07-21	17486.3438
2013-07-22	17519.344
2013-07-23	17556.7589
2013-07-24	17629.6377
2013-07-25	17621.1564
2013-07-26	17577.3485
2013-07-27	17577.3485
2013-07-28	17577.3485
2013-07-29	17616.0548
2013-07-30	17701.8479
2013-07-31	17759.7242
2013-08-01	17843.7588
2013-08-02	17997.3292
2013-08-03	17997.3292
2013-08-04	17997.3292
2013-08-05	17985.4682
2013-08-06	17928.4895
2013-08-07	17700.6481
2013-08-08	17777.4837
2013-08-09	17744.1629
2013-08-10	17744.1629
2013-08-11	17744.1629
2013-08-12	17866.1711
2013-08-13	18063.5036
2013-08-14	18030.366
2013-08-15	17975.7504
2013-08-16	17846.5249
2013-08-17	17846.5249
2013-08-18	17846.5249
2013-08-19	17878.3802
2013-08-20	17856.0686
2013-08-21	17885.9089
2013-08-22	17868.2044
2013-08-23	18007.6149
2013-08-24	18007.6149
2013-08-25	18007.6149
2013-08-26	18044.7092
2013-08-27	18019.6224
2013-08-28	17873.0496
2013-08-29	17917.3063
2013-08-30	17983.8012
2013-08-31	17983.8012
2013-09-01	17983.8012
2013-09-02	18131.5648
2013-09-03	18123.1293
2013-09-04	18070.6569
2013-09-05	18088.6361
2013-09-06	18073.5878
2013-09-07	18073.5878
2013-09-08	18073.5878
2013-09-09	18182.7915
2013-09-10	18248.0317
2013-09-11	18366.4404
2013-09-12	18401.5838
2013-09-13	18363.3629
2013-09-14	18363.3629
2013-09-15	18363.3629
2013-09-16	18416.7329
2013-09-17	18422.9245
2013-09-18	18440.5282
2013-09-19	18542.0017
2013-09-20	18526.3214
2013-09-21	18526.3214
2013-09-22	18526.3214
2013-09-23	18388.9168
2013-09-24	18380.5271
2013-09-25	18480.0222
2013-09-26	18518.7285
2013-09-27	18569.0302
2013-09-28	18569.0302
2013-09-29	18569.0302
2013-09-30	18343.277
2013-10-01	18332.4052
2013-10-02	18349.3587
2013-10-03	18344.5593
2013-10-04	18259.3981
2013-10-05	18259.3981
2013-10-06	18259.3981
2013-10-07	18144.6256
2013-10-08	18083.0216
2013-10-09	18062.3129
2013-10-10	18162.5774
2013-10-11	18369.3072
2013-10-12	18369.3072
2013-10-13	18369.3072
2013-10-14	18333.0555
2013-10-15	18402.4447
2013-10-16	18465.789
2013-10-17	18523.6836
2013-10-18	18611.4734
2013-10-19	18611.4734
2013-10-20	18611.4734
2013-10-21	18679.4979
2013-10-22	18752.2669
2013-10-23	18703.6962
2013-10-24	18777.4086
2013-10-25	18806.4062
2013-10-26	18806.4062
2013-10-27	18806.4062
2013-10-28	18922.8823
2013-10-29	18944.1131
2013-10-30	18979.7053
2013-10-31	18942.0065
2013-11-01	18928.8174
2013-11-02	18928.8174
2013-11-03	18928.8174
2013-11-04	18870.4374
2013-11-05	18933.516
2013-11-06	18968.8793
2013-11-07	18946.9432
2013-11-08	18952.3288
2013-11-09	18952.3288
2013-11-10	18952.3288
2013-11-11	18952.8325
2013-11-12	18974.9609
2013-11-13	18842.6945
2013-11-14	18931.73
2013-11-15	19032.7639
2013-11-16	19032.7639
2013-11-17	19032.7639
2013-11-18	19002.1084
2013-11-19	18926.0697
2013-11-20	18811.0865
2013-11-21	18885.4858
2013-11-22	19049.5616
2013-11-23	19049.5616
2013-11-24	19049.5616
2013-11-25	19084.0273
2013-11-26	19106.2747
2013-11-27	19084.9066
2013-11-28	19092.8475
2013-11-29	19042.3443
2013-11-30	19042.3443
2013-12-01	19042.3443
2013-12-02	18930.4203
2013-12-03	18831.6304
2013-12-04	18892.7031
2013-12-05	18692.0459
2013-12-06	18697.6054
2013-12-07	18697.6054
2013-12-08	18697.6054
2013-12-09	18658.7984
2013-12-10	18638.9415
2013-12-11	18558.0118
2013-12-12	18491.5443
2013-12-13	18527.8235
2013-12-14	18527.8235
2013-12-15	18527.8235
2013-12-16	18556.3632
2013-12-17	18601.1236
2013-12-18	18654.5303
2013-12-19	18944.1772
2013-12-20	19059.6916
2013-12-21	19059.6916
2013-12-22	19059.6916
2013-12-23	19162.4291
2013-12-24	19228.576
2013-12-25	19228.5302
2013-12-26	19270.3139
2013-12-27	19321.4858
2013-12-28	19321.4858
2013-12-29	19321.4858
2013-12-30	19386.9457
2013-12-31	19368.5635
2014-01-01	19368.5268
2014-01-02	19335.4625
2014-01-03	19281.0484
2014-01-04	19281.0484
2014-01-05	19281.0484
2014-01-06	19238.4495
2014-01-07	19263.2798
2014-01-08	19247.4071
2014-01-09	19260.5504
2014-01-10	19233.6501
2014-01-11	19233.6501
2014-01-12	19233.6501
2014-01-13	19129.6029
2014-01-14	19048.6549
2014-01-15	19208.6824
2014-01-16	19388.4753
2014-01-17	19409.5229
2014-01-18	19409.5229
2014-01-19	19409.5229
2014-01-20	19409.9076
2014-01-21	19484.5266
2014-01-22	19403.2672
2014-01-23	19270.7536
2014-01-24	19127.1849
2014-01-25	19127.1849
2014-01-26	19127.1849
2014-01-27	19061.56
2014-01-28	18952.0265
2014-01-29	19059.545
2014-01-30	18971.8193
2014-01-31	18984.4039
2014-02-01	18984.4039
2014-02-02	18984.4039
2014-02-03	18838.8111
2014-02-04	18588.7497
2014-02-05	18547.6346
2014-02-06	18769.3394
2014-02-07	18917.2953
2014-02-08	18917.2953
2014-02-09	18917.2953
2014-02-10	19035.475
2014-02-11	19113.8951
2014-02-12	19223.6484
2014-02-13	19262.0433
2014-02-14	19383.0165
2014-02-15	19383.0165
2014-02-16	19383.0165
2014-02-17	19470.2201
2014-02-18	19511.4086
2014-02-19	19524.5885
2014-02-20	19545.8559
2014-02-21	19643.6016
2014-02-22	19643.6016
2014-02-23	19643.6016
2014-02-24	19682.5461
2014-02-25	19675.3287
2014-02-26	19683.0407
2014-02-27	19630.4767
2014-02-28	19672.6543
2014-03-01	19672.6543
2014-03-02	19672.6543
2014-03-03	19534.3063
2014-03-04	19655.5359
2014-03-05	19751.9353
2014-03-06	19745.7071
2014-03-07	19726.1433
2014-03-08	19726.1433
2014-03-09	19726.1433
2014-03-10	19629.5882
2014-03-11	19620.1086
2014-03-12	19529.3146
2014-03-13	19511.6833
2014-03-14	19292.1675
2014-03-15	19292.1675
2014-03-16	19292.1675
2014-03-17	19314.7355
2014-03-18	19405.6028
2014-03-19	19430.8819
2014-03-20	19317.2634
2014-03-21	19380.8
2014-03-22	19380.8
2014-03-23	19380.8
2014-03-24	19347.6075
2014-03-25	19371.9706
2014-03-26	19446.837
2014-03-27	19383.4378
2014-03-28	19483.5191
2014-03-29	19483.5191
2014-03-30	19483.5191
2014-03-31	19550.298
2014-04-01	19590.3874
2014-04-02	19639.535
2014-04-03	19653.0813
2014-04-04	19646.7249
2014-04-05	19646.7249
2014-04-06	19646.7249
2014-04-07	19600.4166
2014-04-08	19582.0068
2014-04-09	19722.8369
2014-04-10	19688.8017
2014-04-11	19500.6558
2014-04-12	19500.6558
2014-04-13	19500.6558
2014-04-14	19372.2454
2014-04-15	19457.5715
2014-04-16	19571.1258
2014-04-17	19688.8933
2014-04-18	19697.8875
2014-04-19	19697.8875
2014-04-20	19697.8875
2014-04-21	19689.0857
2014-04-22	19767.0203
2014-04-23	20006.3198
2014-04-24	20030.4448
2014-04-25	19984.8051
2014-04-26	19984.8051
2014-04-27	19984.8051
2014-04-28	20029.6846
2014-04-29	19969.5186
2014-04-30	20006.2007
2014-05-01	19918.2368
2014-05-02	19945.4943
2014-05-03	19945.4943
2014-05-04	19945.4943
2014-05-05	19943.9647
2014-05-06	19956.8149
2014-05-07	19891.6297
2014-05-08	19998.1041
2014-05-09	19964.6368
2014-05-10	19964.6368
2014-05-11	19964.6368
2014-05-12	19982.1673
2014-05-13	20091.2886
2014-05-14	20138.3022
2014-05-15	20130.2788
2014-05-16	20072.5858
2014-05-17	20072.5858
2014-05-18	20072.5858
2014-05-19	19930.6291
2014-05-20	19975.7376
2014-05-21	20027.7703
2014-05-22	20161.2549
2014-05-23	20200.126
2014-05-24	20200.126
2014-05-25	20200.126
2014-05-26	20270.8433
2014-05-27	20268.6177
2014-05-28	20317.8294
2014-05-29	20278.0699
2014-05-30	20219.6624
2014-05-31	20219.6624
2014-06-01	20219.6624
2014-06-02	20302.5338
2014-06-03	20209.798
2014-06-04	20139.7402
2014-06-05	20133.457
2014-06-06	20238.8323
2014-06-07	20238.8323
2014-06-08	20238.8323
2014-06-09	20240.023
2014-06-10	20240.0505
2014-06-11	20171.6687
2014-06-12	20092.0671
2014-06-13	20058.1694
2014-06-14	20058.1694
2014-06-15	20058.1694
2014-06-16	20056.2185
2014-06-17	20067.0628
2014-06-18	20035.6655
2014-06-19	20224.3335
2014-06-20	20108.2879
2014-06-21	20108.2879
2014-06-22	20108.2879
2014-06-23	20151.2715
2014-06-24	20118.2988
2014-06-25	20032.8628
2014-06-26	20163.4988
2014-06-27	20126.0657
2014-06-28	20126.0657
2014-06-29	20126.0657
2014-06-30	20038.3491
2014-07-01	20002.189
2014-07-02	20226.4309
2014-07-03	20364.2294
2014-07-04	20418.497
2014-07-05	20418.497
2014-07-06	20418.497
2014-07-07	20355.6473
2014-07-08	20268.0132
2014-07-09	20156.1991
2014-07-10	20135.8842
2014-07-11	20177.7595
2014-07-12	20177.7595
2014-07-13	20177.7595
2014-07-14	20275.3771
2014-07-15	20267.6377
2014-07-16	20347.0011
2014-07-17	20310.667
2014-07-18	20333.3541
2014-07-19	20333.3541
2014-07-20	20333.3541
2014-07-21	20339.1426
2014-07-22	20374.4051
2014-07-23	20450.4622
2014-07-24	20490.1485
2014-07-25	20454.7486
2014-07-26	20454.7486
2014-07-27	20454.7486
2014-07-28	20428.114
2014-07-29	20454.7761
2014-07-30	20536.0905
2014-07-31	20472.1784
2014-08-01	20239.9772
2014-08-02	20239.9772
2014-08-03	20239.9772
2014-08-04	20200.007
2014-08-05	20130.9475
2014-08-06	20081.6899
2014-08-07	20069.9846
2014-08-08	19929.53
2014-08-09	19929.53
2014-08-10	19929.53
2014-08-11	20047.8654
2014-08-12	20195.3633
2014-08-13	20173.7753
2014-08-14	20277.4196
2014-08-15	20315.3748
2014-08-16	20315.3748
2014-08-17	20315.3748
2014-08-18	20399.2904
2014-08-19	20564.4287
2014-08-20	20614.8769
2014-08-21	20650.3226
2014-08-22	20648.564
2014-08-23	20648.564
2014-08-24	20648.564
2014-08-25	20665.3435
2014-08-26	20639.9362
2014-08-27	20735.8868
2014-08-28	20611.8269
2014-08-29	20680.6483
2014-08-30	20680.6483
2014-08-31	20680.6483
2014-09-01	20713.8958
2014-09-02	20823.008
2014-09-03	20846.0431
2014-09-04	20769.583
2014-09-05	20696.9515
2014-09-06	20696.9515
2014-09-07	20696.9515
2014-09-08	20653.3634
2014-09-09	20791.977
2014-09-10	20699.4428
2014-09-11	20679.595
2014-09-12	20723.7693
2014-09-13	20723.7693
2014-09-14	20723.7693
2014-09-15	20519.7873
2014-09-16	20532.2162
2014-09-17	20428.3613
2014-09-18	20553.6301
2014-09-19	20569.6951
2014-09-20	20569.6951
2014-09-21	20569.6951
2014-09-22	20497.8513
2014-09-23	20522.7365
2014-09-24	20486.1643
2014-09-25	20509.7764
2014-09-26	20400.3162
2014-09-27	20400.3162
2014-09-28	20400.3162
2014-09-29	20367.5999
2014-09-30	20377.3635
2014-10-01	20486.5948
2014-10-02	20238.411
2014-10-03	20389.3436
2014-10-04	20389.3436
2014-10-05	20389.3436
2014-10-06	20360.6756
2014-10-07	20283.8401
2014-10-08	20223.2985
2014-10-09	20304.0359
2014-10-10	19996.8676
2014-10-11	19996.8676
2014-10-12	19996.8676
2014-10-13	19909.5998
2014-10-14	19939.6508
2014-10-15	19894.8995
2014-10-16	19916.0387
2014-10-17	20036.7188
2014-10-18	20036.7188
2014-10-19	20036.7188
2014-10-20	20104.6975
2014-10-21	20235.3519
2014-10-22	20359.027
2014-10-23	20487.5473
2014-10-24	20538.9847
2014-10-25	20538.9847
2014-10-26	20538.9847
2014-10-27	20653.9404
2014-10-28	20723.8242
2014-10-29	20645.8987
2014-10-30	20807.3002
2014-10-31	21050.9044
2014-11-01	21050.9044
2014-11-02	21050.9044
2014-11-03	21086.7713
2014-11-04	21093.9979
2014-11-05	21251.0854
2014-11-06	21234.6906
2014-11-07	21288.2071
2014-11-08	21288.2071
2014-11-09	21288.2071
2014-11-10	21246.0662
2014-11-11	21293.0981
2014-11-12	21164.8984
2014-11-13	21164.7701
2014-11-14	21212.8278
2014-11-15	21212.8278
2014-11-16	21212.8278
2014-11-17	21112.2336
2014-11-18	21135.3878
2014-11-19	21227.9587
2014-11-20	21134.1238
2014-11-21	21094.5657
2014-11-22	21094.5657
2014-11-23	21094.5657
2014-11-24	21215.429
2014-11-25	21268.5884
2014-11-26	21463.6036
2014-11-27	21528.0561
2014-11-28	21446.7143
2014-11-29	21446.7143
2014-11-30	21446.7143
2014-12-01	21415.5551
2014-12-02	21599.9183
2014-12-03	21719.2154
2014-12-04	21796.5456
2014-12-05	21842.9913
2014-12-06	21842.9913
2014-12-07	21842.9913
2014-12-08	21910.7502
2014-12-09	21695.7498
2014-12-10	21597.5644
2014-12-11	21617.4854
2014-12-12	21526.6639
2014-12-13	21526.6639
2014-12-14	21526.6639
2014-12-15	21400.1953
2014-12-16	21393.0603
2014-12-17	21457.3571
2014-12-18	21602.2264
2014-12-19	21940.5081
2014-12-20	21940.5081
2014-12-21	21940.5081
2014-12-22	22161.6267
2014-12-23	22107.6431
2014-12-24	22116.5182
2014-12-25	22116.4633
2014-12-26	22116.4083
2014-12-27	22116.4083
2014-12-28	22116.4083
2014-12-29	22276.0512
2014-12-30	22017.5177
2014-12-31	21952.3782
2015-01-01	21952.3233
2015-01-02	22071.3823
2015-01-03	22071.3823
2015-01-04	22071.3823
2015-01-05	21990.48
2015-01-06	21803.1767
2015-01-07	21861.2545
2015-01-08	22037.9882
2015-01-09	22075.5863
2015-01-10	22075.5863
2015-01-11	22075.5863
2015-01-12	22052.1665
2015-01-13	22084.7728
2015-01-14	21977.4741
2015-01-15	21915.3755
2015-01-16	21851.8481
2015-01-17	21851.8481
2015-01-18	21851.8481
2015-01-19	21868.7466
2015-01-20	21959.1834
2015-01-21	22225.896
2015-01-22	22252.3566
2015-01-23	22600.1912
2015-01-24	22600.1912
2015-01-25	22600.1912
2015-01-26	22623.6477
2015-01-27	22714.5333
2015-01-28	22586.7182
2015-01-29	22799.2273
2015-01-30	22721.8422
2015-01-31	22721.8422
2015-02-01	22721.8422
2015-02-02	22817.7104
2015-02-03	23165.2244
2015-02-04	23131.3266
2015-02-05	23289.2934
2015-02-06	23212.6044
2015-02-07	23212.6044
2015-02-08	23212.6044
2015-02-09	23188.5709
2015-02-10	23218.1639
2015-02-11	23161.7531
2015-02-12	23208.6476
2015-02-13	23431.8179
2015-02-14	23431.8179
2015-02-15	23431.8179
2015-02-16	23441.4808
2015-02-17	23367.7135
2015-02-18	23518.3988
2015-02-19	23533.2823
2015-02-20	23481.7441
2015-02-21	23481.7441
2015-02-22	23481.7441
2015-02-23	23607.306
2015-02-24	23658.6702
2015-02-25	23622.6933
2015-02-26	23564.4415
2015-02-27	23719.5231
2015-02-28	23719.5231
2015-03-01	23719.5231
2015-03-02	23845.0484
2015-03-03	23731.3842
2015-03-04	23709.9702
2015-03-05	23763.1753
2015-03-06	23769.4127
2015-03-07	23769.4127
2015-03-08	23769.4127
2015-03-09	23565.5589
2015-03-10	23581.4866
2015-03-11	23606.8664
2015-03-12	23698.5122
2015-03-13	23669.4229
2015-03-14	23669.4229
2015-03-15	23669.4229
2015-03-16	23729.708
2015-03-17	23868.7704
2015-03-18	23930.3653
2015-03-19	24270.4788
2015-03-20	24311.768
2015-03-21	24311.768
2015-03-22	24311.768
2015-03-23	24191.6191
2015-03-24	24217.292
2015-03-25	24174.6198
2015-03-26	23821.9858
2015-03-27	24028.5232
2015-03-28	24028.5232
2015-03-29	24028.5232
2015-03-30	24046.6765
2015-03-31	24002.5114
2015-04-01	24032.2968
2015-04-02	24209.2137
2015-04-03	24131.508
2015-04-04	24131.508
2015-04-05	24131.508
2015-04-06	24209.058
2015-04-07	24282.3581
2015-04-08	24306.6572
2015-04-09	24266.4946
2015-04-10	24428.3631
2015-04-11	24428.3631
2015-04-12	24428.3631
2015-04-13	24524.0023
2015-04-14	24455.5015
2015-04-15	24371.3753
2015-04-16	24283.7137
2015-04-17	24070.0963
2015-04-18	24070.0963
2015-04-19	24070.0963
2015-04-20	24049.1037
2015-04-21	24091.0248
2015-04-22	24014.9678
2015-04-23	24037.5083
2015-04-24	24201.4468
2015-04-25	24201.4468
2015-04-26	24201.4468
2015-04-27	24265.2856
2015-04-28	24036.8305
2015-04-29	23649.044
2015-04-30	23632.1088
2015-05-01	23683.8668
2015-05-02	23683.8668
2015-05-03	23683.8668
2015-05-04	23663.5336
2015-05-05	23582.1918
2015-05-06	23162.0096
2015-05-07	23085.9434
2015-05-08	23289.2934
2015-05-09	23289.2934
2015-05-10	23289.2934
2015-05-11	23184.2936
2015-05-12	23204.7367
2015-05-13	23232.2964
2015-05-14	23253.2249
2015-05-15	23439.3925
2015-05-16	23439.3925
2015-05-17	23439.3925
2015-05-18	23295.9612
2015-05-19	23291.9587
2015-05-20	23546.4805
2015-05-21	23688.7669
2015-05-22	23671.4196
2015-05-23	23671.4196
2015-05-24	23671.4196
2015-05-25	23816.6919
2015-05-26	23894.6082
2015-05-27	23872.9836
2015-05-28	23925.0622
2015-05-29	23957.5769
2015-05-30	23957.5769
2015-05-31	23957.5769
2015-06-01	23914.9139
2015-06-02	23610.1453
2015-06-03	23447.0678
2015-06-04	23326.2045
2015-06-05	23241.3089
2015-06-06	23241.3089
2015-06-07	23241.3089
2015-06-08	23212.586
2015-06-09	23125.5381
2015-06-10	23137.6189
2015-06-11	23356.576
2015-06-12	23304.873
2015-06-13	23304.873
2015-06-14	23304.873
2015-06-15	23208.5377
2015-06-16	23275.5273
2015-06-17	23478.3919
2015-06-18	23213.5661
2015-06-19	23463.6458
2015-06-20	23463.6458
2015-06-21	23463.6458
2015-06-22	23659.696
2015-06-23	23869.3108
2015-06-24	23904.2711
2015-06-25	23672.2806
2015-06-26	23608.0479
2015-06-27	23608.0479
2015-06-28	23608.0479
2015-06-29	23101.7245
2015-06-30	23120.0701
2015-07-01	23377.9442
2015-07-02	23581.4224
2015-07-03	23512.0698
2015-07-04	23512.0698
2015-07-05	23512.0698
2015-07-06	23274.4832
2015-07-07	23573.7929
2015-07-08	23325.9023
2015-07-09	23370.4704
2015-07-10	23544.9968
2015-07-11	23544.9968
2015-07-12	23544.9968
2015-07-13	23598.2843
2015-07-14	23846.3032
2015-07-15	24068.7499
2015-07-16	24206.9331
2015-07-17	24209.5251
2015-07-18	24209.5251
2015-07-19	24209.5251
2015-07-20	24310.678
2015-07-21	24281.1491
2015-07-22	24049.296
2015-07-23	24010.8004
2015-07-24	23955.3421
2015-07-25	23955.3421
2015-07-26	23955.3421
2015-07-27	23933.69
2015-07-28	23975.3639
2015-07-29	24116.7985
2015-07-30	24154.653
2015-07-31	24273.428
2015-08-01	24273.428
2015-08-02	24273.428
2015-08-03	24313.7463
2015-08-04	24253.159
2015-08-05	24293.2849
2015-08-06	24064.3444
2015-08-07	23623.3802
2015-08-08	23623.3802
2015-08-09	23623.3802
2015-08-10	23820.1174
2015-08-11	23664.706
2015-08-12	23361.9066
2015-08-13	23365.5336
2015-08-14	23338.0747
2015-08-15	23338.0747
2015-08-16	23338.0747
2015-08-17	23381.8551
2015-08-18	23310.4417
2015-08-19	23431.6348
2015-08-20	23116.1409
2015-08-21	22660.4489
2015-08-22	22660.4489
2015-08-23	22660.4489
2015-08-24	22021.1538
2015-08-25	22449.6708
2015-08-26	22577.7423
2015-08-27	22846.4241
2015-08-28	22841.7988
2015-08-29	22841.7988
2015-08-30	22841.7988
2015-08-31	22766.0531
2015-09-01	22373.6779
2015-09-02	22462.75
2015-09-03	22319.2546
2015-09-04	22336.0524
2015-09-05	22336.0524
2015-09-06	22336.0524
2015-09-07	22353.4821
2015-09-08	22585.9672
2015-09-09	22920.4204
2015-09-10	22566.495
2015-09-11	22468.1355
2015-09-12	22468.1355
2015-09-13	22468.1355
2015-09-14	22444.0746
2015-09-15	22365.224
2015-09-16	22560.8804
2015-09-17	22695.4915
2015-09-18	22614.1314
2015-09-19	22614.1314
2015-09-20	22614.1314
2015-09-21	22423.0545
2015-09-22	22454.5251
2015-09-23	22227.2516
2015-09-24	22411.5599
2015-09-25	22349.6261
2015-09-26	22349.6261
2015-09-27	22349.6261
2015-09-28	22448.4893
2015-09-29	21932.9518
2015-09-30	22319.1447
2015-10-01	22541.1976
2015-10-02	22447.61
2015-10-03	22447.61
2015-10-04	22447.61
2015-10-05	22780.6069
2015-10-06	22772.3821
2015-10-07	22720.4134
2015-10-08	22757.8374
2015-10-09	22802.488
2015-10-10	22802.488
2015-10-11	22802.488
2015-10-12	22644.9883
2015-10-13	22658.5987
2015-10-14	22655.9884
2015-10-15	22743.824
2015-10-16	22973.9461
2015-10-17	22973.9461
2015-10-18	22973.9461
2015-10-19	22967.6446
2015-10-20	22957.9909
2015-10-21	22982.7022
2015-10-22	23057.2571
2015-10-23	23364.6269
2015-10-24	23364.6269
2015-10-25	23364.6269
2015-10-26	23353.1872
2015-10-27	23404.6063
2015-10-28	23639.3903
2015-10-29	23541.095
2015-10-30	23468.4726
2015-10-31	23468.4726
2015-11-01	23468.4726
2015-11-02	23274.3458
2015-11-03	23419.8745
2015-11-04	23414.0493
2015-11-05	23310.2494
2015-11-06	23531.4047
2015-11-07	23531.4047
2015-11-08	23531.4047
2015-11-09	23258.4364
2015-11-10	23164.7665
2015-11-11	23277.2767
2015-11-12	23193.526
2015-11-13	22987.8129
2015-11-14	22987.8129
2015-11-15	22987.8129
2015-11-16	22849.8679
2015-11-17	23244.8444
2015-11-18	23420.5889
2015-11-19	23601.3435
2015-11-20	23622.5559
2015-11-21	23622.5559
2015-11-22	23622.5559
2015-11-23	23711.8478
2015-11-24	23538.0816
2015-11-25	23459.3318
2015-11-26	23610.585
2015-11-27	23620.8065
2015-11-28	23620.8065
2015-11-29	23620.8065
2015-11-30	23472.7957
2015-12-01	23701.0951
2015-12-02	23631.8249
2015-12-03	23558.6896
2015-12-04	23291.5007
2015-12-05	23291.5007
2015-12-06	23291.5007
2015-12-07	23438.6689
2015-12-08	23394.8061
2015-12-09	23298.5899
2015-12-10	23072.3788
2015-12-11	23066.7368
2015-12-12	23066.7368
2015-12-13	23066.7368
2015-12-14	22706.5557
2015-12-15	22889.2428
2015-12-16	23204.2513
2015-12-17	23497.8366
2015-12-18	23359.1223
2015-12-19	23359.1223
2015-12-20	23359.1223
2015-12-21	23331.7732
2015-12-22	23350.7967
2015-12-23	23504.3213
2015-12-24	23602.0762
2015-12-25	23602.3052
2015-12-26	23602.3052
2015-12-27	23602.3052
2015-12-28	23591.5616
2015-12-29	23832.8943
2015-12-30	23972.8818
2015-12-31	23850.0493
2016-01-01	23850.0493
2016-01-02	23850.0493
2016-01-03	23850.0493
2016-01-04	23716.5373
2016-01-05	23493.7242
2016-01-06	23336.0597
2016-01-07	22986.952
2016-01-08	22861.9121
2016-01-09	22861.9121
2016-01-10	22861.9121
2016-01-11	22631.3047
2016-01-12	22788.6944
2016-01-13	22942.5029
2016-01-14	22734.2803
2016-01-15	22607.1888
2016-01-16	22607.1888
2016-01-17	22607.1888
2016-01-18	22421.699
2016-01-19	22602.9664
2016-01-20	22399.0394
2016-01-21	22398.8562
2016-01-22	22558.2884
2016-01-23	22558.2884
2016-01-24	22558.2884
2016-01-25	22821.4931
2016-01-26	22851.9012
2016-01-27	22687.3674
2016-01-28	22678.8312
2016-01-29	22814.3124
2016-01-30	22814.3124
2016-01-31	22814.3124
2016-02-01	23000.0403
2016-02-02	22780.0482
2016-02-03	22447.3169
2016-02-04	22502.0974
2016-02-05	22484.8967
2016-02-06	22484.8967
2016-02-07	22484.8967
2016-02-08	22277.2236
2016-02-09	21833.8322
2016-02-10	21687.9738
2016-02-11	21789.1542
2016-02-12	21713.5093
2016-02-13	21713.5093
2016-02-14	21713.5093
2016-02-15	21947.5697
2016-02-16	22249.9478
2016-02-17	22243.8295
2016-02-18	22490.0716
2016-02-19	22429.4934
2016-02-20	22429.4934
2016-02-21	22429.4934
2016-02-22	22524.5006
2016-02-23	22400.5323
2016-02-24	22166.4902
2016-02-25	22318.4944
2016-02-26	22375.0334
2016-02-27	22375.0334
2016-02-28	22375.0334
2016-02-29	22402.5748
2016-03-01	22632.2114
2016-03-02	22830.7712
2016-03-03	22895.5077
2016-03-04	22883.7932
2016-03-05	22883.7932
2016-03-06	22883.7932
2016-03-07	22891.2762
2016-03-08	22823.1326
2016-03-09	22965.1167
2016-03-10	23005.5083
2016-03-11	23117.3499
2016-03-12	23117.3499
2016-03-13	23117.3499
2016-03-14	23221.8917
2016-03-15	23081.3547
2016-03-16	23114.4464
2016-03-17	23138.1593
2016-03-18	23111.5705
2016-03-19	23111.5705
2016-03-20	23111.5705
2016-03-21	23081.9958
2016-03-22	23040.9356
2016-03-23	23062.0198
2016-03-24	22880.0471
2016-03-25	22887.3377
2016-03-26	22887.3377
2016-03-27	22887.3377
2016-03-28	22874.6524
2016-03-29	22645.5928
2016-03-30	22719.3876
2016-03-31	22887.0355
2016-04-01	22588.202
2016-04-02	22588.202
2016-04-03	22588.202
2016-04-04	22681.8537
2016-04-05	22493.1856
2016-04-06	22551.932
2016-04-07	22618.1431
2016-04-08	22531.5347
2016-04-09	22531.5347
2016-04-10	22531.5347
2016-04-11	22472.9441
2016-04-12	22621.8067
2016-04-13	22902.899
2016-04-14	22971.812
2016-04-15	23067.4329
2016-04-16	23067.4329
2016-04-17	23067.4329
2016-04-18	23109.354
2016-04-19	23220.5545
2016-04-20	23305.0104
2016-04-21	23368.7759
2016-04-22	23305.6332
2016-04-23	23305.6332
2016-04-24	23305.6332
2016-04-25	23282.6439
2016-04-26	23320.5442
2016-04-27	23386.7919
2016-04-28	23348.974
2016-04-29	23313.6474
2016-04-30	23313.6474
2016-05-01	23313.6474
2016-05-02	23255.2582
2016-05-03	23646.6535
2016-05-04	23517.7118
2016-05-05	23526.184
2016-05-06	23716.7388
2016-05-07	23716.7388
2016-05-08	23716.7388
2016-05-09	23810.6835
2016-05-10	24013.3008
2016-05-11	24003.4914
2016-05-12	23947.85
2016-05-13	23940.541
2016-05-14	23940.541
2016-05-15	23940.541
2016-05-16	24026.435
2016-05-17	24061.8073
2016-05-18	24010.9744
2016-05-19	23965.1332
2016-05-20	24075.7108
2016-05-21	24075.7108
2016-05-22	24075.7108
2016-05-23	23993.4897
2016-05-24	24101.0998
2016-05-25	24389.7026
2016-05-26	24412.5729
2016-05-27	24484.545
2016-05-28	24484.545
2016-05-29	24484.545
2016-05-30	24531.3754
2016-05-31	24383.4286
2016-06-01	24391.7817
2016-06-02	24293.8986
2016-06-03	24359.093
2016-06-04	24359.093
2016-06-05	24359.093
2016-06-06	24391.1772
2016-06-07	24390.243
2016-06-08	24355.5484
2016-06-09	24232.9174
2016-06-10	24021.1044
2016-06-11	24021.1044
2016-06-12	24021.1044
2016-06-13	23896.7423
2016-06-14	23576.5864
2016-06-15	23449.266
2016-06-16	23486.7541
2016-06-17	23563.4248
2016-06-18	23563.4248
2016-06-19	23563.4248
2016-06-20	23859.8495
2016-06-21	23959.0241
2016-06-22	23951.7792
2016-06-23	24030.1535
2016-06-24	23195.2113
2016-06-25	23195.2113
2016-06-26	23195.2113
2016-06-27	23168.8606
2016-06-28	23282.9828
2016-06-29	23526.2389
2016-06-30	23872.1135
2016-07-01	23877.9662
2016-07-02	23877.9662
2016-07-03	23877.9662
2016-07-04	23874.5865
2016-07-05	23712.3791
2016-07-06	23585.8371
2016-07-07	23700.8478
2016-07-08	23730.6972
2016-07-09	23730.6972
2016-07-10	23730.6972
2016-07-11	24106.1282
2016-07-12	24133.5871
2016-07-13	24168.5657
2016-07-14	24305.7962
2016-07-15	24372.5019
2016-07-16	24372.5019
2016-07-17	24372.5019
2016-07-18	24468.7181
2016-07-19	24536.1106
2016-07-20	24763.5582
2016-07-21	24830.9233
2016-07-22	24836.5927
2016-07-23	24836.5927
2016-07-24	24836.5927
2016-07-25	24917.5133
2016-07-26	24918.5482
2016-07-27	24914.8205
2016-07-28	24915.6906
2016-07-29	24952.4552
2016-07-30	24952.4552
2016-07-31	24952.4552
2016-08-01	24985.6843
2016-08-02	24784.0929
2016-08-03	24567.8377
2016-08-04	24584.0676
2016-08-05	24642.0629
2016-08-06	24642.0629
2016-08-07	24642.0629
2016-08-08	24696.1748
2016-08-09	24746.8978
2016-08-10	24703.2823
2016-08-11	24682.885
2016-08-12	24747.2275
2016-08-13	24747.2275
2016-08-14	24747.2275
2016-08-15	24873.8885
2016-08-16	24788.4892
2016-08-17	24796.6683
2016-08-18	24679.6518
2016-08-19	24731.1167
2016-08-20	24731.1167
2016-08-21	24731.1167
2016-08-22	24705.8468
2016-08-23	24870.6829
2016-08-24	24914.0511
2016-08-25	24891.2175
2016-08-26	24799.1596
2016-08-27	24799.1596
2016-08-28	24799.1596
2016-08-29	24741.5123
2016-08-30	24843.3613
2016-08-31	24754.6647
2016-09-01	24725.145
2016-09-02	24631.8963
2016-09-03	24631.8963
2016-09-04	24631.8963
2016-09-05	24742.3824
2016-09-06	24617.1868
2016-09-07	24620.2002
2016-09-08	24558.587
2016-09-09	24291.6912
2016-09-10	24291.6912
2016-09-11	24291.6912
2016-09-12	23991.0626
2016-09-13	23941.5852
2016-09-14	24033.0845
2016-09-15	24064.4635
2016-09-16	24215.1671
2016-09-17	24215.1671
2016-09-18	24215.1671
2016-09-19	24184.5025
2016-09-20	24202.9397
2016-09-21	24355.8781
2016-09-22	24434.8386
2016-09-23	24575.9343
2016-09-24	24575.9343
2016-09-25	24575.9343
2016-09-26	24475.7706
2016-09-27	24444.0343
2016-09-28	24517.8199
2016-09-29	24568.6986
2016-09-30	24495.316
2016-10-01	24495.316
2016-10-02	24495.316
2016-10-03	24539.1423
2016-10-04	24545.3979
2016-10-05	24482.6124
2016-10-06	24543.6485
2016-10-07	24408.2315
2016-10-08	24408.2315
2016-10-09	24408.2315
2016-10-10	24431.1017
2016-10-11	24365.1196
2016-10-12	24299.8062
2016-10-13	24193.6524
2016-10-14	24228.0814
2016-10-15	24228.0814
2016-10-16	24228.0814
2016-10-17	24059.4809
2016-10-18	24173.2368
2016-10-19	24231.5618
2016-10-20	24229.1164
2016-10-21	24164.7005
2016-10-22	24164.7005
2016-10-23	24164.7005
2016-10-24	24131.2057
2016-10-25	24212.3827
2016-10-26	23985.6312
2016-10-27	23864.3924
2016-10-28	23779.451
2016-10-29	23779.451
2016-10-30	23779.451
2016-10-31	23852.6047
2016-11-01	23727.7938
2016-11-02	23491.1597
2016-11-03	23402.5547
2016-11-04	23317.8331
2016-11-05	23317.8331
2016-11-06	23317.8331
2016-11-07	23610.9513
2016-11-08	23610.5667
2016-11-09	23456.1994
2016-11-10	23840.0933
2016-11-11	23861.5714
2016-11-12	23861.5714
2016-11-13	23861.5714
2016-11-14	23919.5759
2016-11-15	23869.5123
2016-11-16	23884.6157
2016-11-17	23998.3166
2016-11-18	24151.6671
2016-11-19	24151.6671
2016-11-20	24151.6671
2016-11-21	24150.7054
2016-11-22	24245.3646
2016-11-23	24385.9657
2016-11-24	24428.5829
2016-11-25	24450.9036
2016-11-26	24450.9036
2016-11-27	24450.9036
2016-11-28	24277.0917
2016-11-29	24356.6566
2016-11-30	24467.9853
2016-12-01	24400.9225
2016-12-02	24192.6174
2016-12-03	24192.6174
2016-12-04	24192.6174
2016-12-05	24118.4838
2016-12-06	24279.4547
2016-12-07	24473.032
2016-12-08	24699.0599
2016-12-09	24763.3201
2016-12-10	24763.3201
2016-12-11	24763.3201
2016-12-12	24683.8284
2016-12-13	24772.1219
2016-12-14	24852.383
2016-12-15	24856.3764
2016-12-16	24953.6459
2016-12-17	24953.6459
2016-12-18	24953.6459
2016-12-19	25044.7238
2016-12-20	25180.4706
2016-12-21	25200.7488
2016-12-22	25309.1008
2016-12-23	25342.6231
2016-12-24	25342.6231
2016-12-25	25342.6231
2016-12-26	25342.4765
2016-12-27	25332.3374
2016-12-28	25424.139
2016-12-29	25448.9967
2016-12-30	25371.0071
2016-12-31	25371.0071
2017-01-01	25371.0071
2017-01-02	25370.8148
2017-01-03	25561.2505
2017-01-04	25556.4694
2017-01-05	25582.1607
2017-01-06	25627.1409
2017-01-07	25627.1409
2017-01-08	25627.1409
2017-01-09	25745.5313
2017-01-10	25643.1235
2017-01-11	25569.2647
2017-01-12	25449.9218
2017-01-13	25362.9837
2017-01-14	25362.9837
2017-01-15	25362.9837
2017-01-16	25363.2036
2017-01-17	25178.7396
2017-01-18	25073.6299
2017-01-19	25199.6223
2017-01-20	25095.2087
2017-01-21	25095.2087
2017-01-22	25095.2087
2017-01-23	24930.2719
2017-01-24	25051.4374
2017-01-25	25143.2481
2017-01-26	25158.3056
2017-01-27	25264.551
2017-01-28	25264.551
2017-01-29	25264.551
2017-01-30	25052.1152
2017-01-31	24982.5336
2017-02-01	25082.8348
2017-02-02	24940.8323
2017-02-03	25039.3383
2017-02-04	25039.3383
2017-02-05	25039.3383
2017-02-06	25018.6754
2017-02-07	25073.8406
2017-02-08	25177.3474
2017-02-09	25311.6562
2017-02-10	25396.3961
2017-02-11	25396.3961
2017-02-12	25396.3961
2017-02-13	25572.0857
2017-02-14	25573.1939
2017-02-15	25709.6735
2017-02-16	25731.6553
2017-02-17	25717.3213
2017-02-18	25717.3213
2017-02-19	25717.3213
2017-02-20	25690.476
2017-02-21	25719.0982
2017-02-22	25790.8871
2017-02-23	25762.9244
2017-02-24	25674.5484
2017-02-25	25674.5484
2017-02-26	25674.5484
2017-02-27	25683.0022
2017-02-28	25665.4442
2017-03-01	25798.2968
2017-03-02	25959.2769
2017-03-03	25905.5405
2017-03-04	25905.5405
2017-03-05	25905.5405
2017-03-06	25891.2707
2017-03-07	25916.6413
2017-03-08	25946.3168
2017-03-09	26017.0524
2017-03-10	26093.1003
2017-03-11	26093.1003
2017-03-12	26093.1003
2017-03-13	26012.427
2017-03-14	25941.4258
2017-03-15	26015.5045
2017-03-16	26013.7276
2017-03-17	26049.384
2017-03-18	26049.384
2017-03-19	26049.384
2017-03-20	25958.4526
2017-03-21	25895.3373
2017-03-22	25701.6501
2017-03-23	25838.0838
2017-03-24	25985.9115
2017-03-25	25985.9115
2017-03-26	25985.9115
2017-03-27	26006.7759
2017-03-28	26228.1785
2017-03-29	26338.3531
2017-03-30	26424.0272
2017-03-31	26342.9052
2017-04-01	26342.9052
2017-04-02	26342.9052
2017-04-03	26378.9554
2017-04-04	26386.6765
2017-04-05	26360.7837
2017-04-06	26361.3424
2017-04-07	26420.7116
2017-04-08	26420.7116
2017-04-09	26420.7116
2017-04-10	26501.5955
2017-04-11	26566.3869
2017-04-12	26558.8764
2017-04-13	26422.8823
2017-04-14	26422.8091
2017-04-15	26422.8091
2017-04-16	26422.8091
2017-04-17	26448.3721
2017-04-18	26376.9953
2017-04-19	26322.627
2017-04-20	26460.7735
2017-04-21	26499.9469
2017-04-22	26499.9469
2017-04-23	26499.9469
2017-04-24	26736.5352
2017-04-25	26812.4091
2017-04-26	26917.2989
2017-04-27	26997.6058
2017-04-28	27021.3187
2017-04-29	27021.3187
2017-04-30	27021.3187
2017-05-01	27072.8569
2017-05-02	27114.9612
2017-05-03	27042.9708
2017-05-04	27074.7803
2017-05-05	27099.8487
2017-05-06	27099.8487
2017-05-07	27099.8487
2017-05-08	27168.3587
2017-05-09	27070.5763
2017-05-10	27109.9603
2017-05-11	27088.986
2017-05-12	26971.6764
2017-05-13	26971.6764
2017-05-14	26971.6764
2017-05-15	27000.2619
2017-05-16	27108.1102
2017-05-17	26802.0227
2017-05-18	26625.2065
2017-05-19	26682.9088
2017-05-20	26682.9088
2017-05-21	26682.9088
2017-05-22	26764.617
2017-05-23	26763.8018
2017-05-24	26839.4192
2017-05-25	26902.2048
2017-05-26	26870.9723
2017-05-27	26870.9723
2017-05-28	26870.9723
2017-05-29	26807.5823
2017-05-30	26805.8878
2017-05-31	26857.023
2017-06-01	27047.6602
2017-06-02	27222.9834
2017-06-03	27222.9834
2017-06-04	27222.9834
2017-06-05	27165.9681
2017-06-06	26822.4658
2017-06-07	26743.5236
2017-06-08	26803.4607
2017-06-09	26799.9069
2017-06-10	26799.9069
2017-06-11	26799.9069
2017-06-12	26740.9407
2017-06-13	27036.1289
2017-06-14	27198.1806
2017-06-15	27068.03
2017-06-16	27103.8146
2017-06-17	27103.8146
2017-06-18	27103.8146
2017-06-19	27287.3993
2017-06-20	27118.579
2017-06-21	26944.2541
2017-06-22	27057.9001
2017-06-23	27062.5529
2017-06-24	27062.5529
2017-06-25	27062.5529
2017-06-26	27274.0087
2017-06-27	27198.4371
2017-06-28	27287.8664
2017-06-29	27313.8782
2017-06-30	26982.6307
2017-07-01	26982.6307
2017-07-02	26982.6307
2017-07-03	26929.3706
2017-07-04	27185.477
2017-07-05	27121.5191
2017-07-06	27074.8169
2017-07-07	26870.7983
2017-07-08	26870.7983
2017-07-09	26870.7983
2017-07-10	26972.4824
2017-07-11	26936.7712
2017-07-12	26789.0351
2017-07-13	26946.837
2017-07-14	26998.0912
2017-07-15	26998.0912
2017-07-16	26998.0912
2017-07-17	26948.275
2017-07-18	26699.1662
2017-07-19	26854.376
2017-07-20	26957.4432
2017-07-21	26880.5802
2017-07-22	26880.5802
2017-07-23	26880.5802
2017-07-24	26772.5762
2017-07-25	26929.8927
2017-07-26	26970.44
2017-07-27	26921.3106
2017-07-28	26652.5739
2017-07-29	26652.5739
2017-07-30	26652.5739
2017-07-31	26678.1552
2017-08-01	26823.8122
2017-08-02	26761.622
2017-08-03	26786.3423
2017-08-04	26807.3441
2017-08-05	26807.3441
2017-08-06	26807.3441
2017-08-07	26945.0601
2017-08-08	26845.8031
2017-08-09	26863.7733
2017-08-10	26792.2499
2017-08-11	26610.1948
2017-08-12	26610.1948
2017-08-13	26610.1948
2017-08-14	26793.001
2017-08-15	26940.9569
2017-08-16	27042.7967
2017-08-17	26943.9336
2017-08-18	26826.8896
2017-08-19	26826.8896
2017-08-20	26826.8896
2017-08-21	26709.7999
2017-08-22	26896.3979
2017-08-23	26843.8339
2017-08-24	26819.1227
2017-08-25	26760.4588
2017-08-26	26760.4588
2017-08-27	26760.4588
2017-08-28	26677.624
2017-08-29	26499.0768
2017-08-30	26580.1438
2017-08-31	26765.9451
2017-09-01	26794.6405
2017-09-02	26794.6405
2017-09-03	26794.6405
2017-09-04	26724.3811
2017-09-05	26687.6715
2017-09-06	26647.0143
2017-09-07	26696.6474
2017-09-08	26590.5669
2017-09-09	26590.5669
2017-09-10	26590.5669
2017-09-11	26861.7216
2017-09-12	27010.3644
2017-09-13	26971.0445
2017-09-14	26931.5139
2017-09-15	26816.201
2017-09-16	26816.201
2017-09-17	26816.201
2017-09-18	26957.4066
2017-09-19	26927.3465
2017-09-20	26895.9491
2017-09-21	26815.2484
2017-09-22	26840.4542
2017-09-23	26840.4542
2017-09-24	26840.4542
2017-09-25	26828.7397
2017-09-26	26815.2209
2017-09-27	26812.7388
2017-09-28	26977.0253
2017-09-29	27034.0773
2017-09-30	27034.0773
2017-10-01	27034.0773
2017-10-02	27149.0147
2017-10-03	27129.8997
2017-10-04	26954.1002
2017-10-05	26980.4508
2017-10-06	27196.9442
2017-10-07	27196.9442
2017-10-08	27196.9442
2017-10-09	27284.8164
2017-10-10	27255.6631
2017-10-11	27399.5431
2017-10-12	27408.3817
2017-10-13	27441.0704
2017-10-14	27441.0704
2017-10-15	27441.0704
2017-10-16	27503.5262
2017-10-17	27628.4562
2017-10-18	27657.518
2017-10-19	27628.0165
2017-10-20	27702.0128
2017-10-21	27702.0128
2017-10-22	27702.0128
2017-10-23	27673.6929
2017-10-24	27705.8688
2017-10-25	27762.1788
2017-10-26	27863.8447
2017-10-27	27909.6401
2017-10-28	27909.6401
2017-10-29	27909.6401
2017-10-30	27955.115
2017-10-31	27933.7743
2017-11-01	28008.1095
2017-11-02	27956.4339
2017-11-03	28116.3424
2017-11-04	28116.3424
2017-11-05	28116.3424
2017-11-06	28117.8536
2017-11-07	28245.2382
2017-11-08	28224.8409
2017-11-09	28365.9916
2017-11-10	28317.6957
2017-11-11	28317.6957
2017-11-12	28317.6957
2017-11-13	28321.0663
2017-11-14	28219.5744
2017-11-15	28147.4008
2017-11-16	28226.9475
2017-11-17	28355.1747
2017-11-18	28355.1747
2017-11-19	28355.1747
2017-11-20	28351.5843
2017-11-21	28445.7123
2017-11-22	28485.7924
2017-11-23	28461.6308
2017-11-24	28455.0912
2017-11-25	28455.0912
2017-11-26	28455.0912
2017-11-27	28455.3934
2017-11-28	28549.9335
2017-11-29	28600.2077
2017-11-30	28490.1796
2017-12-01	28514.6985
2017-12-02	28514.6985
2017-12-03	28514.6985
2017-12-04	28498.2213
2017-12-05	28382.368
2017-12-06	28355.7975
2017-12-07	28494.2188
2017-12-08	28646.5435
2017-12-09	28646.5435
2017-12-10	28646.5435
2017-12-11	28643.3653
2017-12-12	28655.2813
2017-12-13	28652.9549
2017-12-14	28525.2864
2017-12-15	28572.1992
2017-12-16	28572.1992
2017-12-17	28572.1992
2017-12-18	28788.2712
2017-12-19	28800.5902
2017-12-20	28740.4059
2017-12-21	28614.7066
2017-12-22	28600.4642
2017-12-23	28600.4642
2017-12-24	28600.4642
2017-12-25	28600.2169
2017-12-26	28591.8455
2017-12-27	28560.5122
2017-12-28	28641.0756
2017-12-29	28502.9382
2017-12-30	28502.9382
2017-12-31	28502.9382
2018-01-01	28502.7001
2018-01-02	28465.2761
2018-01-03	28526.3122
2018-01-04	28654.8508
2018-01-05	28857.7429
2018-01-06	28857.7429
2018-01-07	28857.7429
2018-01-08	28893.5641
2018-01-09	28968.0275
2018-01-10	28791.4036
2018-01-11	28707.5247
2018-01-12	28737.4017
2018-01-13	28737.4017
2018-01-14	28737.4017
2018-01-15	28668.0766
2018-01-16	28624.3602
2018-01-17	28667.8476
2018-01-18	28667.6094
2018-01-19	28735.4142
2018-01-20	28735.4142
2018-01-21	28735.4142
2018-01-22	28755.2527
2018-01-23	28934.4503
2018-01-24	28893.326
2018-01-25	28810.2714
2018-01-26	28885.9254
2018-01-27	28885.9254
2018-01-28	28885.9254
2018-01-29	28887.6748
2018-01-30	28677.1166
2018-01-31	28736.9071
2018-02-01	28876.6106
2018-02-02	28809.9691
2018-02-03	28809.9691
2018-02-04	28809.9691
2018-02-05	28285.7305
2018-02-06	27905.0239
2018-02-07	27966.8752
2018-02-08	27814.8161
2018-02-09	27740.2886
2018-02-10	27740.2886
2018-02-11	27740.2886
2018-02-12	27747.4602
2018-02-13	27831.6413
2018-02-14	27984.0852
2018-02-15	28187.2062
2018-02-16	28253.7012
2018-02-17	28253.7012
2018-02-18	28253.7012
2018-02-19	28397.9385
2018-02-20	28391.2523
2018-02-21	28419.7646
2018-02-22	28360.6335
2018-02-23	28592.5416
2018-02-24	28592.5416
2018-02-25	28592.5416
2018-02-26	28880.5216
2018-02-27	28847.1458
2018-02-28	28644.5011
2018-03-01	28500.1813
2018-03-02	28379.8401
2018-03-03	28379.8401
2018-03-04	28379.8401
2018-03-05	28432.4591
2018-03-06	28544.9235
2018-03-07	28440.4916
2018-03-08	28706.966
2018-03-09	28911.1221
2018-03-10	28911.1221
2018-03-11	28911.1221
2018-03-12	28977.5712
2018-03-13	28864.2184
2018-03-14	28702.6704
2018-03-15	28742.201
2018-03-16	28862.6888
2018-03-17	28862.6888
2018-03-18	28862.6888
2018-03-19	28805.2522
2018-03-20	28760.794
2018-03-21	28714.3025
2018-03-22	28384.1998
2018-03-23	27895.6176
2018-03-24	27895.6176
2018-03-25	27895.6176
2018-03-26	28023.0388
2018-03-27	28072.7451
2018-03-28	28010.0054
2018-03-29	28072.5803
2018-03-30	28071.5178
2018-03-31	28071.5178
2018-04-01	28071.5178
2018-04-02	27922.5178
2018-04-03	27883.9306
2018-04-04	27959.9876
2018-04-05	28165.0138
2018-04-06	27999.2343
2018-04-07	27999.2343
2018-04-08	27999.2343
2018-04-09	28095.3131
2018-04-10	28278.4307
2018-04-11	28119.3466
2018-04-12	28108.7037
2018-04-13	28114.3549
2018-04-14	28114.3549
2018-04-15	28114.3549
2018-04-16	28219.1806
2018-04-17	28354.5885
2018-04-18	28396.0334
2018-04-19	28387.0483
2018-04-20	28314.6732
2018-04-21	28314.6732
2018-04-22	28314.6732
2018-04-23	28355.3304
2018-04-24	28402.518
2018-04-25	28400.155
2018-04-26	28535.2332
2018-04-27	28692.8977
2018-04-28	28692.8977
2018-04-29	28692.8977
2018-04-30	28772.197
2018-05-01	28922.9098
2018-05-02	28948.6194
2018-05-03	29045.8156
2018-05-04	29011.7804
2018-05-05	29011.7804
2018-05-06	29011.7804
2018-05-07	29106.1831
2018-05-08	29228.0814
2018-05-09	29330.5075
2018-05-10	29316.7963
2018-05-11	29257.5736
2018-05-12	29257.5736
2018-05-13	29257.5736
2018-05-14	29311.5298
2018-05-15	29256.5753
2018-05-16	29201.5567
2018-05-17	29125.5088
2018-05-18	29135.8952
2018-05-19	29135.8952
2018-05-20	29135.8952
2018-05-21	29181.3701
2018-05-22	29063.0072
2018-05-23	29089.2296
2018-05-24	29078.5593
2018-05-25	29100.532
2018-05-26	29100.532
2018-05-27	29100.532
2018-05-28	29275.6262
2018-05-29	29339.1811
2018-05-30	29415.7602
2018-05-31	29410.0816
2018-06-01	29463.305
2018-06-02	29463.305
2018-06-03	29463.305
2018-06-04	29550.2248
2018-06-05	29523.8466
2018-06-06	29573.9468
2018-06-07	29586.742
2018-06-08	29608.5681
2018-06-09	29608.5681
2018-06-10	29608.5681
2018-06-11	29621.7939
2018-06-12	29760.0594
2018-06-13	29689.8733
2018-06-14	29691.1923
2018-06-15	29915.5166
2018-06-16	29915.5166
2018-06-17	29915.5166
2018-06-18	29978.3662
2018-06-19	29994.761
2018-06-20	30174.6363
2018-06-21	30283.1623
2018-06-22	30229.1329
2018-06-23	30229.1329
2018-06-24	30229.1329
2018-06-25	30010.2307
2018-06-26	29986.5453
2018-06-27	29920.8838
2018-06-28	30021.2582
2018-06-29	29944.6425
2018-06-30	29944.6425
2018-07-01	29944.6425
2018-07-02	29968.969
2018-07-03	30043.3408
2018-07-04	29926.3884
2018-07-05	30073.1994
2018-07-06	30205.5757
2018-07-07	30205.5757
2018-07-08	30205.5757
2018-07-09	30234.0513
2018-07-10	30173.8669
2018-07-11	30069.032
2018-07-12	30399.2812
2018-07-13	30513.3393
2018-07-14	30513.3393
2018-07-15	30513.3393
2018-07-16	30418.9549
2018-07-17	30450.8285
2018-07-18	30611.772
2018-07-19	30640.8704
2018-07-20	30706.4403
2018-07-21	30706.4403
2018-07-22	30706.4403
2018-07-23	30561.8733
2018-07-24	30640.385
2018-07-25	30668.6591
2018-07-26	30683.2037
2018-07-27	30737.572
2018-07-28	30737.572
2018-07-29	30737.572
2018-07-30	30584.5329
2018-07-31	30574.9799
2018-08-01	30560.994
2018-08-02	30601.6054
2018-08-03	30695.715
2018-08-04	30695.715
2018-08-05	30695.715
2018-08-06	30765.0859
2018-08-07	30723.8242
2018-08-08	30739.3489
2018-08-09	30822.3577
2018-08-10	30709.188
2018-08-11	30709.188
2018-08-12	30709.188
2018-08-13	30628.8628
2018-08-14	30874.1981
2018-08-15	30994.347
2018-08-16	31030.7177
2018-08-17	31148.7234
2018-08-18	31148.7234
2018-08-19	31148.7234
2018-08-20	31142.9715
2018-08-21	31019.6352
2018-08-22	31067.4274
2018-08-23	31068.3341
2018-08-24	31083.9687
2018-08-25	31083.9687
2018-08-26	31083.9687
2018-08-27	31138.0897
2018-08-28	31248.8963
2018-08-29	31349.4448
2018-08-30	31327.2889
2018-08-31	31342.5388
2018-09-01	31342.5388
2018-09-02	31342.5388
2018-09-03	31293.7392
2018-09-04	31212.7821
2018-09-05	31043.2932
2018-09-06	30800.8888
2018-09-07	30716.5336
2018-09-08	30716.5336
2018-09-09	30716.5336
2018-09-10	30744.3589
2018-09-11	30920.1218
2018-09-12	30853.7734
2018-09-13	30769.4182
2018-09-14	30927.046
2018-09-15	30927.046
2018-09-16	30927.046
2018-09-17	30888.7244
2018-09-18	30840.4469
2018-09-19	30840.6575
2018-09-20	30837.864
2018-09-21	30897.5446
2018-09-22	30897.5446
2018-09-23	30897.5446
2018-09-24	30833.3211
2018-09-25	30874.0058
2018-09-26	30874.2714
2018-09-27	30892.04
2018-09-28	30894.4672
2018-09-29	30894.4672
2018-09-30	30894.4672
2018-10-01	30860.487
2018-10-02	30663.2461
2018-10-03	30702.337
2018-10-04	30628.9178
2018-10-05	30569.9333
2018-10-06	30569.9333
2018-10-07	30569.9333
2018-10-08	30315.558
2018-10-09	30118.7933
2018-10-10	29808.2179
2018-10-11	29203.2511
2018-10-12	29296.9119
2018-10-13	29296.9119
2018-10-14	29296.9119
2018-10-15	29035.4292
2018-10-16	29300.1909
2018-10-17	29657.0655
2018-10-18	29502.0113
2018-10-19	29407.4896
2018-10-20	29407.4896
2018-10-21	29407.4896
2018-10-22	29325.5341
2018-10-23	29136.747
2018-10-24	28880.604
2018-10-25	28641.9274
2018-10-26	28568.1967
2018-10-27	28568.1967
2018-10-28	28568.1967
2018-10-29	28657.9374
2018-10-30	28930.6859
2018-10-31	29240.9133
2018-11-01	29235.7842
2018-11-02	29247.6452
2018-11-03	29247.6452
2018-11-04	29247.6452
2018-11-05	29132.2316
2018-11-06	29306.9411
2018-11-07	29501.1504
2018-11-08	29580.5047
2018-11-09	29491.0113
2018-11-10	29491.0113
2018-11-11	29491.0113
2018-11-12	29440.6913
2018-11-13	29176.7905
2018-11-14	28909.8856
2018-11-15	28962.8801
2018-11-16	28863.7055
2018-11-17	28863.7055
2018-11-18	28863.7055
2018-11-19	28617.8756
2018-11-20	28397.5172
2018-11-21	28372.6686
2018-11-22	28574.8004
2018-11-23	28647.7983
2018-11-24	28647.7983
2018-11-25	28647.7983
2018-11-26	28722.7197
2018-11-27	28915.8665
2018-11-28	29107.6944
2018-11-29	29188.45
2018-11-30	29055.6341
2018-12-01	29055.6341
2018-12-02	29055.6341
2018-12-03	29360.6775
2018-12-04	28978.7894
2018-12-05	28811.3888
2018-12-06	28753.7323
2018-12-07	28702.2399
2018-12-08	28702.2399
2018-12-09	28702.2399
2018-12-10	28291.0245
2018-12-11	28403.1683
2018-12-12	28677.5196
2018-12-13	28677.5654
2018-12-14	28391.4355
2018-12-15	28391.4355
2018-12-16	28391.4355
2018-12-17	28347.5543
2018-12-18	28132.673
2018-12-19	27984.1676
2018-12-20	27693.3666
2018-12-21	27462.0722
2018-12-22	27462.0722
2018-12-23	27462.0722
2018-12-24	27365.1141
2018-12-25	27318.6043
2018-12-26	27621.0373
2018-12-27	27989.4616
2018-12-28	28209.875
2018-12-29	28209.875
2018-12-30	28209.875
2018-12-31	28183.5792
2019-01-01	28183.4968
2019-01-02	28004.2901
2019-01-03	27946.8169
2019-01-04	27983.1326
2019-01-05	27983.1326
2019-01-06	27983.1326
2019-01-07	28193.2695
2019-01-08	28389.0542
2019-01-09	28575.1485
2019-01-10	28634.5818
2019-01-11	28581.4591
2019-01-12	28581.4591
2019-01-13	28581.4591
2019-01-14	28555.777
2019-01-15	28706.3982
2019-01-16	28794.9207
2019-01-17	28888.7006
2019-01-18	29115.4338
2019-01-19	29115.4338
2019-01-20	29115.4338
2019-01-21	29229.2538
2019-01-22	29076.0955
2019-01-23	29070.7924
2019-01-24	29159.2783
2019-01-25	29399.457
2019-01-26	29399.457
2019-01-27	29399.457
2019-01-28	29337.0654
2019-01-29	29268.0058
2019-01-30	29340.9213
2019-01-31	29312.4549
2019-02-01	29356.2536
2019-02-02	29356.2536
2019-02-03	29356.2536
2019-02-04	29473.5724
2019-02-05	29776.9946
2019-02-06	29934.4759
2019-02-07	30062.639
2019-02-08	30031.5714
2019-02-09	30031.5714
2019-02-10	30031.5714
2019-02-11	30063.5183
2019-02-12	30188.7046
2019-02-13	30160.6046
2019-02-14	30116.5585
2019-02-15	30275.2672
2019-02-16	30275.2672
2019-02-17	30275.2672
2019-02-18	30361.5549
2019-02-19	30431.796
2019-02-20	30389.9756
2019-02-21	30547.6034
2019-02-22	30697.7666
2019-02-23	30697.7666
2019-02-24	30697.7666
2019-02-25	30725.079
2019-02-26	30594.672
2019-02-27	30552.0914
2019-02-28	30626.0968
2019-03-01	30847.1422
2019-03-02	30847.1422
2019-03-03	30847.1422
2019-03-04	30912.0893
2019-03-05	30881.7269
2019-03-06	30970.3136
2019-03-07	30961.5208
2019-03-08	30830.6558
2019-03-09	30830.6558
2019-03-10	30830.6558
2019-03-11	30900.6404
2019-03-12	30950.7681
2019-03-13	30945.5291
2019-03-14	31047.3781
2019-03-15	31150.656
2019-03-16	31150.656
2019-03-17	31150.656
2019-03-18	31199.4464
2019-03-19	31161.4729
2019-03-20	31104.3843
2019-03-21	31130.2312
2019-03-22	31017.4004
2019-03-23	31017.4004
2019-03-24	31017.4004
2019-03-25	30817.6866
2019-03-26	30950.3834
2019-03-27	30985.1147
2019-03-28	31085.7181
2019-03-29	31173.0774
2019-03-30	31173.0774
2019-03-31	31173.0774
2019-04-01	31254.6849
2019-04-02	31401.5691
2019-04-03	31540.3568
2019-04-04	31413.1096
2019-04-05	31329.1024
2019-04-06	31329.1024
2019-04-07	31329.1024
2019-04-08	31411.4793
2019-04-09	31345.6621
2019-04-10	31390.908
2019-04-11	31368.2759
2019-04-12	31532.3975
2019-04-13	31532.3975
2019-04-14	31532.3975
2019-04-15	31504.8745
2019-04-16	31650.1376
2019-04-17	31542.5091
2019-04-18	31603.4995
2019-04-19	31616.1299
2019-04-20	31616.1299
2019-04-21	31616.1299
2019-04-22	31644.12
2019-04-23	31896.2972
2019-04-24	32213.1008
2019-04-25	32209.9867
2019-04-26	32293.7007
2019-04-27	32293.7007
2019-04-28	32293.7007
2019-04-29	32206.0849
2019-04-30	32140.112
2019-05-01	32171.3995
2019-05-02	32147.7965
2019-05-03	32168.78
2019-05-04	32168.78
2019-05-05	32168.78
2019-05-06	32020.6409
2019-05-07	31825.6531
2019-05-08	31755.4671
2019-05-09	31782.1292
2019-05-10	31888.0906
2019-05-11	31888.0906
2019-05-12	31888.0906
2019-05-13	31676.0853
2019-05-14	31548.4168
2019-05-15	31720.1771
2019-05-16	31976.2102
2019-05-17	32116.0511
2019-05-18	32116.0511
2019-05-19	32116.0511
2019-05-20	32069.8893
2019-05-21	32278.8539
2019-05-22	32352.5112
2019-05-23	32246.5498
2019-05-24	32201.423
2019-05-25	32201.423
2019-05-26	32201.423
2019-05-27	32234.0659
2019-05-28	32193.766
2019-05-29	31966.5107
2019-05-30	31868.9848
2019-05-31	31725.8924
2019-06-01	31725.8924
2019-06-02	31725.8924
2019-06-03	31518.3475
2019-06-04	31675.0045
2019-06-05	31877.0539
2019-06-06	31996.4151
2019-06-07	32272.4883
2019-06-08	32272.4883
2019-06-09	32272.4883
2019-06-10	32388.1859
2019-06-11	32746.3519
2019-06-12	32659.8718
2019-06-13	32769.1947
2019-06-14	32761.5285
2019-06-15	32761.5285
2019-06-16	32761.5285
2019-06-17	32755.3645
2019-06-18	32950.6728
2019-06-19	33232.5529
2019-06-20	33411.4298
2019-06-21	33267.7512
2019-06-22	33267.7512
2019-06-23	33267.7512
2019-06-24	33262.1184
2019-06-25	33164.9771
2019-06-26	33246.5388
2019-06-27	33285.8862
2019-06-28	33266.7346
2019-06-29	33266.7346
2019-06-30	33266.7346
2019-07-01	33584.3717
2019-07-02	33600.5191
2019-07-03	33774.9997
2019-07-04	33925.7949
2019-07-05	34086.6376
2019-07-06	34086.6376
2019-07-07	34086.6376
2019-07-08	33746.1944
2019-07-09	33681.4397
2019-07-10	33831.6029
2019-07-11	33919.869
2019-07-12	33849.2891
2019-07-13	33849.2891
2019-07-14	33849.2891
2019-07-15	33643.3653
2019-07-16	33577.1543
2019-07-17	33667.7926
2019-07-18	33618.0771
2019-07-19	33705.0884
2019-07-20	33705.0884
2019-07-21	33705.0884
2019-07-22	33611.51
2019-07-23	33847.6496
2019-07-24	34097.482
2019-07-25	34247.691
2019-07-26	34340.9854
2019-07-27	34340.9854
2019-07-28	34340.9854
2019-07-29	34465.8055
2019-07-30	34473.7281
2019-07-31	34280.5904
2019-08-01	34305.1643
2019-08-02	34246.5827
2019-08-03	34246.5827
2019-08-04	34246.5827
2019-08-05	33551.7745
2019-08-06	33161.6066
2019-08-07	33384.4197
2019-08-08	33657.2872
2019-08-09	33729.8821
2019-08-10	33729.8821
2019-08-11	33729.8821
2019-08-12	33805.4628
2019-08-13	33801.3321
2019-08-14	33699.0709
2019-08-15	33234.1007
2019-08-16	33389.448
2019-08-17	33389.448
2019-08-18	33389.448
2019-08-19	33762.0763
2019-08-20	33910.7191
2019-08-21	33959.2439
2019-08-22	33993.6912
2019-08-23	33838.7195
2019-08-24	33838.7195
2019-08-25	33838.7195
2019-08-26	33744.5824
2019-08-27	33859.0252
2019-08-28	33981.528
2019-08-29	34087.8191
2019-08-30	34332.211
2019-08-31	34332.211
2019-09-01	34332.211
2019-09-02	34316.8513
2019-09-03	34190.1536
2019-09-04	34206.8232
2019-09-05	34456.4174
2019-09-06	34482.8047
2019-09-07	34482.8047
2019-09-08	34482.8047
2019-09-09	34461.748
2019-09-10	34261.5121
2019-09-11	34344.5483
2019-09-12	34477.8313
2019-09-13	34519.7616
2019-09-14	34519.7616
2019-09-15	34519.7616
2019-09-16	34348.2028
2019-09-17	34503.7974
2019-09-18	34550.353
2019-09-19	34818.0548
2019-09-20	34752.7688
2019-09-21	34752.7688
2019-09-22	34752.7688
2019-09-23	34792.0613
2019-09-24	34695.2223
2019-09-25	34739.1767
2019-09-26	34702.5129
2019-09-27	34674.8341
2019-09-28	34674.8341
2019-09-29	34674.8341
2019-09-30	34712.8077
2019-10-01	34870.7561
2019-10-02	34346.6916
2019-10-03	33998.4448
2019-10-04	34235.6743
2019-10-05	34235.6743
2019-10-06	34235.6743
2019-10-07	34364.3228
2019-10-08	34313.902
2019-10-09	34362.7566
2019-10-10	34380.2138
2019-10-11	34628.48
2019-10-12	34628.48
2019-10-13	34628.48
2019-10-14	34717.7261
2019-10-15	34966.1663
2019-10-16	35189.3641
2019-10-17	35020.2324
2019-10-18	34867.294
2019-10-19	34867.294
2019-10-20	34867.294
2019-10-21	34924.3917
2019-10-22	34899.5248
2019-10-23	34985.1348
2019-10-24	35160.0092
2019-10-25	35333.4365
2019-10-26	35333.4365
2019-10-27	35333.4365
2019-10-28	35407.5152
2019-10-29	35378.2611
2019-10-30	35268.5719
2019-10-31	35169.7545
2019-11-01	35287.2015
2019-11-02	35287.2015
2019-11-03	35287.2015
2019-11-04	35382.2728
2019-11-05	35357.1402
2019-11-06	35206.0062
2019-11-07	35439.5812
2019-11-08	35455.7561
2019-11-09	35455.7561
2019-11-10	35455.7561
2019-11-11	35666.8639
2019-11-12	35662.1195
2019-11-13	35595.02
2019-11-14	35804.0212
2019-11-15	36019.8367
2019-11-16	36019.8367
2019-11-17	36019.8367
2019-11-18	35955.1003
2019-11-19	36089.9496
2019-11-20	35770.27
2019-11-21	35554.4636
2019-11-22	35685.4935
2019-11-23	35685.4935
2019-11-24	35685.4935
2019-11-25	35896.647
2019-11-26	36114.9355
2019-11-27	36288.5918
2019-11-28	36346.6513
2019-11-29	36292.7684
2019-11-30	36292.7684
2019-12-01	36292.7684
2019-12-02	36139.4178
2019-12-03	35712.5677
2019-12-04	35520.4651
2019-12-05	35745.8518
2019-12-06	36005.8783
2019-12-07	36005.8783
2019-12-08	36005.8783
2019-12-09	35978.2087
2019-12-10	35916.4581
2019-12-11	35998.78
2019-12-12	35912.3274
2019-12-13	36027.8876
2019-12-14	36027.8876
2019-12-15	36027.8876
2019-12-16	36426.6559
2019-12-17	36492.7478
2019-12-18	36459.711
2019-12-19	36487.3806
2019-12-20	36523.5407
2019-12-21	36523.5407
2019-12-22	36523.5407
2019-12-23	36431.0889
2019-12-24	36456.2397
2019-12-25	36455.6902
2019-12-26	36490.5313
2019-12-27	36515.8654
2019-12-28	36515.8654
2019-12-29	36515.8654
2019-12-30	36394.4617
2019-12-31	36023.7568
2020-01-01	36023.6195
2020-01-02	36205.0884
2020-01-03	36311.6819
2020-01-04	36311.6819
2020-01-05	36311.6819
2020-01-06	36300.3612
2020-01-07	36655.9902
2020-01-08	36707.4551
2020-01-09	37008.7982
2020-01-10	37117.9562
2020-01-11	37117.9562
2020-01-12	37117.9562
2020-01-13	37177.0781
2020-01-14	37330.8408
2020-01-15	37477.4503
2020-01-16	37709.7064
2020-01-17	37897.0739
2020-01-18	37897.0739
2020-01-19	37897.0739
2020-01-20	37946.4505
2020-01-21	37937.7127
2020-01-22	38172.2678
2020-01-23	38066.4803
2020-01-24	38062.377
2020-01-25	38062.377
2020-01-26	38062.377
2020-01-27	37889.3161
2020-01-28	37856.4625
2020-01-29	38061.4062
2020-01-30	38020.172
2020-01-31	37775.6885
2020-02-01	37775.6885
2020-02-02	37775.6885
2020-02-03	37729.2153
2020-02-04	38020.9047
2020-02-05	38171.8006
2020-02-06	38441.3709
2020-02-07	38418.7754
2020-02-08	38418.7754
2020-02-09	38418.7754
2020-02-10	38512.1156
2020-02-11	38644.5285
2020-02-12	38738.7755
2020-02-13	38737.6398
2020-02-14	38884.3501
2020-02-15	38884.3501
2020-02-16	38884.3501
2020-02-17	38857.6422
2020-02-18	38793.0065
2020-02-19	39191.3168
2020-02-20	39203.5808
2020-02-21	39047.913
2020-02-22	39047.913
2020-02-23	39047.913
2020-02-24	38075.676
2020-02-25	37506.0542
2020-02-26	37209.1807
2020-02-27	36515.6364
2020-02-28	35947.3426
2020-02-29	35947.3426
2020-03-01	35947.3426
2020-03-02	36263.8806
2020-03-03	36218.8637
2020-03-04	36459.7385
2020-03-05	36497.6937
2020-03-06	35701.8333
2020-03-07	35701.8333
2020-03-08	35701.8333
2020-03-09	33733.6922
2020-03-10	34676.1714
2020-03-11	33532.3847
2020-03-12	31384.405
2020-03-13	32649.4763
2020-03-14	32649.4763
2020-03-15	32649.4763
2020-03-16	29993.1215
2020-03-17	31154.9241
2020-03-18	29764.7031
2020-03-19	29209.635
2020-03-20	29233.9066
2020-03-21	29233.9066
2020-03-22	29233.9066
2020-03-23	28145.1294
2020-03-24	29588.1342
2020-03-25	30673.724
2020-03-26	31738.1197
2020-03-27	30548.0705
2020-03-28	30548.0705
2020-03-29	30548.0705
2020-03-30	31753.1407
2020-03-31	31440.2663
2020-04-01	31349.1608
2020-04-02	31196.3323
2020-04-03	30831.4527
2020-04-04	30831.4527
2020-04-05	30831.4527
2020-04-06	32070.1916
2020-04-07	31887.8616
2020-04-08	32157.1296
2020-04-09	32816.364
2020-04-10	32817.9943
2020-04-11	32817.9943
2020-04-12	32817.9943
2020-04-13	32566.0736
2020-04-14	33175.0796
2020-04-15	32940.7169
2020-04-16	32886.1562
2020-04-17	33503.8267
2020-04-18	33503.8267
2020-04-19	33503.8267
2020-04-20	32909.3287
2020-04-21	32170.566
2020-04-22	32450.7791
2020-04-23	32220.4372
2020-04-24	32343.3613
2020-04-25	32343.3613
2020-04-26	32343.3613
2020-04-27	32781.6419
2020-04-28	32743.3294
2020-04-29	33226.8559
2020-04-30	33385.0608
2020-05-01	32662.4089
2020-05-02	32662.4089
2020-05-03	32662.4089
2020-05-04	32930.1565
2020-05-05	33234.403
2020-05-06	33192.6101
2020-05-07	33293.0395
2020-05-08	33507.7376
2020-05-09	33507.7376
2020-05-10	33507.7376
2020-05-11	33839.9102
2020-05-12	33443.2851
2020-05-13	33342.7916
2020-05-14	33127.8462
2020-05-15	33342.1413
2020-05-16	33342.1413
2020-05-17	33342.1413
2020-05-18	33806.9741
2020-05-19	33917.3502
2020-05-20	34153.2517
2020-05-21	34018.668
2020-05-22	34030.1169
2020-05-23	34030.1169
2020-05-24	34030.1169
2020-05-25	34494.391
2020-05-26	34903.8296
2020-05-27	34992.114
2020-05-28	35151.9767
2020-05-29	34961.6051
2020-05-30	34961.6051
2020-05-31	34961.6051
2020-06-01	34960.1671
2020-06-02	34986.4171
2020-06-03	35495.131
2020-06-04	35468.8994
2020-06-05	35682.0497
2020-06-06	35682.0497
2020-06-07	35682.0497
2020-06-08	35677.058
2020-06-09	35930.5723
2020-06-10	35928.5756
2020-06-11	34935.978
2020-06-12	34762.4957
2020-06-13	34762.4957
2020-06-14	34762.4957
2020-06-15	34580.7703
2020-06-16	35527.1787
2020-06-17	35600.5063
2020-06-18	35540.5876
2020-06-19	35637.4541
2020-06-20	35637.4541
2020-06-21	35637.4541
2020-06-22	35635.6864
2020-06-23	35775.8753
2020-06-24	35450.7369
2020-06-25	35261.0248
2020-06-26	35251.252
2020-06-27	35251.252
2020-06-28	35251.252
2020-06-29	35150.0625
2020-06-30	35538.5085
2020-07-01	35706.422
2020-07-02	36109.2111
2020-07-03	36180.3223
2020-07-04	36180.3223
2020-07-05	36180.3223
2020-07-06	36211.0601
2020-07-07	36098.0279
2020-07-08	35889.2099
2020-07-09	35938.6964
2020-07-10	35915.1942
2020-07-11	35915.1942
2020-07-12	35915.1942
2020-07-13	35921.3033
2020-07-14	35913.5089
2020-07-15	36332.702
2020-07-16	36185.6986
2020-07-17	36370.7488
2020-07-18	36370.7488
2020-07-19	36370.7488
2020-07-20	36458.9874
2020-07-21	36785.0509
2020-07-22	36563.3369
2020-07-23	36491.8411
2020-07-24	36142.5777
2020-07-25	36142.5777
2020-07-26	36142.5777
2020-07-27	36337.3365
2020-07-28	36117.4726
2020-07-29	36221.9228
2020-07-30	36295.4336
2020-07-31	35986.5068
2020-08-01	35986.5068
2020-08-02	35986.5068
2020-08-03	36297.8516
2020-08-04	36567.1196
2020-08-05	36437.198
2020-08-06	36469.2181
2020-08-07	36460.8651
2020-08-08	36460.8651
2020-08-09	36460.8651
2020-08-10	36637.1591
2020-08-11	36728.1638
2020-08-12	36897.671
2020-08-13	36852.2878
2020-08-14	36851.2528
2020-08-15	36851.2528
2020-08-16	36851.2528
2020-08-17	36800.7771
2020-08-18	37026.3745
2020-08-19	37124.1661
2020-08-20	37095.608
2020-08-21	37184.8725
2020-08-22	37184.8725
2020-08-23	37184.8725
2020-08-24	37481.8284
2020-08-25	37574.1886
2020-08-26	37695.7388
2020-08-27	37741.1404
2020-08-28	37505.5504
2020-08-29	37505.5504
2020-08-30	37505.5504
2020-08-31	37428.3302
2020-09-01	37376.0409
2020-09-02	38063.4029
2020-09-03	37703.5607
2020-09-04	36973.1602
2020-09-05	36973.1602
2020-09-06	36973.1602
2020-09-07	36929.0226
2020-09-08	36771.1657
2020-09-09	36784.2724
2020-09-10	36733.6959
2020-09-11	36658.4082
2020-09-12	36658.4082
2020-09-13	36658.4082
2020-09-14	36917.0791
2020-09-15	37012.9748
2020-09-16	37184.9732
2020-09-17	36896.1323
2020-09-18	36629.3464
2020-09-19	36629.3464
2020-09-20	36629.3464
2020-09-21	36505.2591
2020-09-22	36621.4238
2020-09-23	36929.0867
2020-09-24	36934.8111
2020-09-25	37286.7215
2020-09-26	37286.7215
2020-09-27	37286.7215
2020-09-28	37477.7251
2020-09-29	37466.4503
2020-09-30	37120.8871
2020-10-01	37414.3259
2020-10-02	37127.2435
2020-10-03	37127.2435
2020-10-04	37127.2435
2020-10-05	37659.5421
2020-10-06	37572.6132
2020-10-07	37992.1818
2020-10-08	38283.1476
2020-10-09	38359.9283
2020-10-10	38359.9283
2020-10-11	38359.9283
2020-10-12	38714.3757
2020-10-13	38892.1719
2020-10-14	38791.6235
2020-10-15	38851.3224
2020-10-16	38772.7557
2020-10-17	38772.7557
2020-10-18	38772.7557
2020-10-19	38771.0613
2020-10-20	38767.59
2020-10-21	38547.6437
2020-10-22	38543.4489
2020-10-23	38533.0075
2020-10-24	38533.0075
2020-10-25	38533.0075
2020-10-26	38168.0363
2020-10-27	37813.6804
2020-10-28	37434.8697
2020-10-29	37405.5698
2020-10-30	37010.7857
2020-10-31	37010.7857
2020-11-01	37010.7857
2020-11-02	37184.7534
2020-11-03	37604.8899
2020-11-04	38279.9603
2020-11-05	38821.8118
2020-11-06	38975.7028
2020-11-07	38975.7028
2020-11-08	38975.7028
2020-11-09	39388.4295
2020-11-10	38995.6055
2020-11-11	39664.3836
2020-11-12	39565.438
2020-11-13	39724.6229
2020-11-14	39724.6229
2020-11-15	39724.6229
2020-11-16	39883.7162
2020-11-17	39723.8352
2020-11-18	39700.2231
2020-11-19	39797.1537
2020-11-20	39681.6576
2020-11-21	39681.6576
2020-11-22	39681.6576
2020-11-23	39721.7012
2020-11-24	39852.3097
2020-11-25	39805.1862
2020-11-26	39656.4976
2020-11-27	39706.8818
2020-11-28	39706.8818
2020-11-29	39706.8818
2020-11-30	39610.3358
2020-12-01	39876.8195
2020-12-02	39719.1458
2020-12-03	39624.8805
2020-12-04	39801.6692
2020-12-05	39801.6692
2020-12-06	39801.6692
2020-12-07	39973.173
2020-12-08	40138.696
2020-12-09	39960.7991
2020-12-10	39732.6005
2020-12-11	39511.894
2020-12-12	39511.894
2020-12-13	39511.894
2020-12-14	39576.2457
2020-12-15	39718.9626
2020-12-16	39927.8081
2020-12-17	40193.9162
2020-12-18	40057.8396
2020-12-19	40057.8396
2020-12-20	40057.8396
2020-12-21	39925.6557
2020-12-22	39988.1023
2020-12-23	40074.9763
2020-12-24	40131.2405
2020-12-25	40126.2763
2020-12-26	40126.2763
2020-12-27	40126.2763
2020-12-28	40343.3283
2020-12-29	40370.6865
2020-12-30	40240.2245
2020-12-31	39926.1228
2021-01-01	39926.0679
2021-01-02	39926.0679
2021-01-03	39926.0679
2021-01-04	40123.1164
2021-01-05	40071.6424
2021-01-06	39701.7435
2021-01-07	40153.9826
2021-01-08	40508.201
2021-01-09	40508.201
2021-01-10	40508.201
2021-01-11	40295.6095
2021-01-12	40196.0502
2021-01-13	40146.2523
2021-01-14	40144.3289
2021-01-15	39950.7058
2021-01-16	39950.7058
2021-01-17	39950.7058
2021-01-18	39998.1041
2021-01-19	40389.0505
2021-01-20	40681.8115
2021-01-21	40797.8755
2021-01-22	40765.3973
2021-01-23	40765.3973
2021-01-24	40765.3973
2021-01-25	40822.2936
2021-01-26	40731.6003
2021-01-27	40377.6016
2021-01-28	40131.3413
2021-01-29	39740.3124
2021-01-30	39740.3124
2021-01-31	39740.3124
2021-02-01	40272.2813
2021-02-02	40886.3705
2021-02-03	41118.7457
2021-02-04	41010.1739
2021-02-05	41292.9424
2021-02-06	41292.9424
2021-02-07	41292.9424
2021-02-08	41395.8722
2021-02-09	41226.8962
2021-02-10	41309.676
2021-02-11	41340.2491
2021-02-12	41415.3536
2021-02-13	41415.3536
2021-02-14	41415.3536
2021-02-15	41495.9077
2021-02-16	41672.5865
2021-02-17	41356.6072
2021-02-18	41198.6587
2021-02-19	40869.0507
2021-02-20	40869.0507
2021-02-21	40869.0507
2021-02-22	40295.6278
2021-02-23	40296.2506
2021-02-24	40162.473
2021-02-25	39906.6598
2021-02-26	39651.7074
2021-02-27	39651.7074
2021-02-28	39651.7074
2021-03-01	40303.0833
2021-03-02	40107.2621
2021-03-03	39807.3386
2021-03-04	39272.2373
2021-03-05	39345.3177
2021-03-06	39345.3177
2021-03-07	39345.3177
2021-03-08	39154.2408
2021-03-09	39677.0689
2021-03-10	39675.0723
2021-03-11	39897.3175
2021-03-12	40059.5799
2021-03-13	40059.5799
2021-03-14	40059.5799
2021-03-15	40213.2144
2021-03-16	40471.0152
2021-03-17	40431.4571
2021-03-18	39849.1407
2021-03-19	39745.8628
2021-03-20	39745.8628
2021-03-21	39745.8628
2021-03-22	40056.6673
2021-03-23	40075.5258
2021-03-24	40127.522
2021-03-25	40197.5706
2021-03-26	40463.2666
2021-03-27	40463.2666
2021-03-28	40463.2666
2021-03-29	40370.4118
2021-03-30	40292.7885
2021-03-31	40631.693
2021-04-01	40971.9897
2021-04-02	40992.7442
2021-04-03	40992.7442
2021-04-04	40992.7442
2021-04-05	41114.6516
2021-04-06	41422.4061
2021-04-07	41439.442
2021-04-08	41763.0416
2021-04-09	41972.2809
2021-04-10	41972.2809
2021-04-11	41972.2809
2021-04-12	41902.6902
2021-04-13	42019.3403
2021-04-14	41899.2739
2021-04-15	42069.2573
2021-04-16	42236.9419
2021-04-17	42236.9419
2021-04-18	42236.9419
2021-04-19	42100.6639
2021-04-20	41861.6575
2021-04-21	42043.5112
2021-04-22	42249.0044
2021-04-23	42517.3565
2021-04-24	42517.3565
2021-04-25	42517.3565
2021-04-26	42378.3215
2021-04-27	42297.3369
2021-04-28	42403.6556
2021-04-29	42442.6916
2021-04-30	42236.0809
2021-05-01	42236.0809
2021-05-02	42236.0809
2021-05-03	42173.9915
2021-05-04	42008.5509
2021-05-05	42010.6484
2021-05-06	41902.7543
2021-05-07	41964.4224
2021-05-08	41964.4224
2021-05-09	41964.4224
2021-05-10	41853.2311
2021-05-11	41491.4381
2021-05-12	41117.0696
2021-05-13	41121.814
2021-05-14	41476.4355
2021-05-15	41476.4355
2021-05-16	41476.4355
2021-05-17	41415.7016
2021-05-18	41334.0758
2021-05-19	41087.8704
2021-05-20	41611.0374
2021-05-21	41792.7262
2021-05-22	41792.7262
2021-05-23	41792.7262
2021-05-24	42054.0258
2021-05-25	42265.1519
2021-05-26	42331.6285
2021-05-27	42224.9618
2021-05-28	42566.1378
2021-05-29	42566.1378
2021-05-30	42566.1378
2021-05-31	42447.0605
2021-06-01	42375.4181
2021-06-02	42502.0425
2021-06-03	42584.1354
2021-06-04	42820.4123
2021-06-05	42820.4123
2021-06-06	42820.4123
2021-06-07	42773.9025
2021-06-08	42918.6801
2021-06-09	42875.0279
2021-06-10	43152.4017
2021-06-11	43321.0754
2021-06-12	43321.0754
2021-06-13	43321.0754
2021-06-14	43405.4581
2021-06-15	43580.7355
2021-06-16	43548.6146
2021-06-17	43754.7856
2021-06-18	43921.252
2021-06-19	43921.252
2021-06-20	43921.252
2021-06-21	43707.7262
2021-06-22	44127.5787
2021-06-23	43830.4763
2021-06-24	43822.9384
2021-06-25	43941.3562
2021-06-26	43941.3562
2021-06-27	43941.3562
2021-06-28	44107.0258
2021-06-29	44282.8619
2021-06-30	44346.8289
2021-07-01	44250.5578
2021-07-02	44506.6092
2021-07-03	44506.6092
2021-07-04	44506.6092
2021-07-05	44638.3626
2021-07-06	44502.4052
2021-07-07	44801.6508
2021-07-08	44724.2749
2021-07-09	44540.3238
2021-07-10	44540.3238
2021-07-11	44540.3238
2021-07-12	44756.295
2021-07-13	44795.1754
2021-07-14	44855.1765
2021-07-15	44643.1162
2021-07-16	44627.619
2021-07-17	44627.619
2021-07-18	44627.619
2021-07-19	44657.0197
2021-07-20	44628.6998
2021-07-21	44901.146
2021-07-22	45071.3035
2021-07-23	45367.7281
2021-07-24	45367.7281
2021-07-25	45367.7281
2021-07-26	45325.3307
2021-07-27	45148.1757
2021-07-28	45106.5476
2021-07-29	45265.0823
2021-07-30	45264.5327
2021-07-31	45264.5327
2021-08-01	45264.5327
2021-08-02	45519.5125
2021-08-03	45578.1307
2021-08-04	45603.0983
2021-08-05	45777.3957
2021-08-06	45916.2017
2021-08-07	45916.2017
2021-08-08	45916.2017
2021-08-09	45912.8678
2021-08-10	45867.1181
2021-08-11	45739.1291
2021-08-12	45841.3445
2021-08-13	46004.8891
2021-08-14	46004.8891
2021-08-15	46004.8891
2021-08-16	46062.6463
2021-08-17	45982.7333
2021-08-18	46066.6122
2021-08-19	46413.6958
2021-08-20	46669.2343
2021-08-21	46669.2343
2021-08-22	46669.2343
2021-08-23	46837.3127
2021-08-24	46737.964
2021-08-25	46831.6249
2021-08-26	46697.7465
2021-08-27	46809.9453
2021-08-28	46809.9453
2021-08-29	46809.9453
2021-08-30	46915.9709
2021-08-31	46997.2486
2021-09-01	46971.3925
2021-09-02	47057.2864
2021-09-03	47133.8106
2021-09-04	47133.8106
2021-09-05	47133.8106
2021-09-06	47312.6509
2021-09-07	47377.0118
2021-09-08	47394.3316
2021-09-09	46824.2335
2021-09-10	46757.2348
2021-09-11	46757.2348
2021-09-12	46757.2348
2021-09-13	46709.0671
2021-09-14	46816.0269
2021-09-15	46900.8218
2021-09-16	47105.4266
2021-09-17	46937.1833
2021-09-18	46937.1833
2021-09-19	46937.1833
2021-09-20	46351.3315
2021-09-21	46556.2936
2021-09-22	46718.5285
2021-09-23	46976.2468
2021-09-24	46942.3033
2021-09-25	46942.3033
2021-09-26	46942.3033
2021-09-27	46735.4087
2021-09-28	45864.1414
2021-09-29	45617.3041
2021-09-30	45744.7528
2021-10-01	45428.0132
2021-10-02	45428.0132
2021-10-03	45428.0132
2021-10-04	45255.4835
2021-10-05	45261.153
2021-10-06	45247.8449
2021-10-07	45493.2717
2021-10-08	45514.8139
2021-10-09	45514.8139
2021-10-10	45514.8139
2021-10-11	45221.7232
2021-10-12	45150.9967
2021-10-13	45360.291
2021-10-14	45765.0859
2021-10-15	46027.2464
2021-10-16	46027.2464
2021-10-17	46027.2464
2021-10-18	46168.4063
2021-10-19	46229.8271
2021-10-20	46357.6513
2021-10-21	46507.2192
2021-10-22	46714.0405
2021-10-23	46714.0405
2021-10-24	46714.0405
2021-10-25	46805.7138
2021-10-26	46868.8565
2021-10-27	46908.3047
2021-10-28	47071.5013
2021-10-29	46967.7197
2021-10-30	46967.7197
2021-10-31	46967.7197
2021-11-01	47246.1376
2021-11-02	47486.7651
2021-11-03	47715.1469
2021-11-04	48120.3357
2021-11-05	48207.9973
2021-11-06	48207.9973
2021-11-07	48207.9973
2021-11-08	48207.0448
2021-11-09	48132.9478
2021-11-10	47972.3982
2021-11-11	47925.6136
2021-11-12	48245.7328
2021-11-13	48245.7328
2021-11-14	48245.7328
2021-11-15	48290.3101
2021-11-16	48430.9478
2021-11-17	48513.0499
2021-11-18	48594.6665
2021-11-19	48730.9079
2021-11-20	48730.9079
2021-11-21	48730.9079
2021-11-22	48394.4305
2021-11-23	48210.6535
2021-11-24	48171.0038
2021-11-25	48289.3758
2021-11-26	47681.7987
2021-11-27	47681.7987
2021-11-28	47681.7987
2021-11-29	47919.596
2021-11-30	47662.0609
2021-12-01	47287.5916
2021-12-02	47476.1589
2021-12-03	47314.3362
2021-12-04	47314.3362
2021-12-05	47314.3362
2021-12-06	47374.3007
2021-12-07	47977.7013
2021-12-08	48311.2569
2021-12-09	48058.4295
2021-12-10	48018.8256
2021-12-11	48018.8256
2021-12-12	48018.8256
2021-12-13	47921.1439
2021-12-14	47623.6202
2021-12-15	47811.7844
2021-12-16	47348.5179
2021-12-17	47208.1732
2021-12-18	47208.1732
2021-12-19	47208.1732
2021-12-20	46992.6874
2021-12-21	47529.1442
2021-12-22	47698.9995
2021-12-23	47958.6321
2021-12-24	48025.3469
2021-12-25	48025.3469
2021-12-26	48025.3469
2021-12-27	48312.072
2021-12-28	48304.2685
2021-12-29	48464.1403
2021-12-30	48487.9265
2021-12-31	48215.0132
2022-01-01	48215.0132
2022-01-02	48215.0132
2022-01-03	48459.286
2022-01-04	48407.6288
2022-01-05	47650.9143
2022-01-06	47013.6892
2022-01-07	46924.0309
2022-01-08	46924.0309
2022-01-09	46924.0309
2022-01-10	46599.845
2022-01-11	46576.4344
2022-01-12	46712.6025
2022-01-13	46297.7509
2022-01-14	46094.9687
2022-01-15	46094.9687
2022-01-16	46094.9687
2022-01-17	46234.6265
2022-01-18	45816.0746
2022-01-19	45244.456
2022-01-20	45007.1349
2022-01-21	44471.3376
2022-01-22	44471.3376
2022-01-23	44471.3376
2022-01-24	44481.0096
2022-01-25	43584.6648
2022-01-26	43624.0214
2022-01-27	43110.5996
2022-01-28	44015.1235
2022-01-29	44015.1235
2022-01-30	44015.1235
2022-01-31	44492.9438
2022-02-01	44721.9118
2022-02-02	45039.4665
2022-02-03	44301.1984
2022-02-04	44511.8207
2022-02-05	44511.8207
2022-02-06	44511.8207
2022-02-07	44267.667
2022-02-08	44431.4955
2022-02-09	44993.3963
2022-02-10	44583.5913
2022-02-11	43976.3348
2022-02-12	43976.3348
2022-02-13	43976.3348
2022-02-14	43842.8228
2022-02-15	44164.1968
2022-02-16	44492.1836
2022-02-17	43981.6195
2022-02-18	43512.8026
2022-02-19	43512.8026
2022-02-20	43512.8026
2022-02-21	43332.277
2022-02-22	42946.2765
2022-02-23	42668.6371
2022-02-24	42870.1736
2022-02-25	43212.7875
2022-02-26	43212.7875
2022-02-27	43212.7875
2022-02-28	43303.893
2022-03-01	43147.3184
2022-03-02	43371.9267
2022-03-03	42955.9668
2022-03-04	42304.0414
2022-03-05	42304.0414
2022-03-06	42304.0414
2022-03-07	41468.3755
2022-03-08	41474.4938
2022-03-09	42226.3815
2022-03-10	42358.3822
2022-03-11	41949.3741
2022-03-12	41949.3741
2022-03-13	41949.3741
2022-03-14	42186.4845
2022-03-15	42614.4977
2022-03-16	43337.5068
2022-03-17	43670.0
2022-03-18	44015.5265
2022-03-19	44015.5265
2022-03-20	44015.5265
2022-03-21	43916.0588
2022-03-22	44027.1036
2022-03-23	43813.4404
2022-03-24	43899.2702
2022-03-25	43900.0029
2022-03-26	43900.0029
2022-03-27	43900.0029
2022-03-28	43978.0658
2022-03-29	44543.3005
2022-03-30	44617.599
2022-03-31	44250.4479
2022-04-01	44209.3419
2022-04-02	44209.3419
2022-04-03	44209.3419
2022-04-04	44447.0935
2022-04-05	44125.1516
2022-04-06	43823.0941
2022-04-07	43864.4474
2022-04-08	43849.921
2022-04-09	43849.921
2022-04-10	43849.921
2022-04-11	43442.4242
2022-04-12	43127.3882
2022-04-13	43435.8113
2022-04-14	43283.4499
2022-04-15	43268.8595
2022-04-16	43268.8595
2022-04-17	43268.8595
2022-04-18	43340.2729
2022-04-19	43613.003
2022-04-20	43542.4139
2022-04-21	43420.6438
2022-04-22	43004.0337
2022-04-23	43004.0337
2022-04-24	43004.0337
2022-04-25	43213.7126
2022-04-26	42488.9633
2022-04-27	42389.3674
2022-04-28	42971.757
2022-04-29	42695.1801
2022-04-30	42695.1801
2022-05-01	42695.1801
2022-05-02	42498.8368
2022-05-03	42452.5651
2022-05-04	42719.7448
2022-05-05	42158.7599
2022-05-06	41425.685
2022-05-07	41425.685
2022-05-08	41425.685
2022-05-09	40596.2565
2022-05-10	40572.5619
2022-05-11	40361.6282
2022-05-12	40186.6805
2022-05-13	41043.4031
2022-05-14	41043.4031
2022-05-15	41043.4031
2022-05-16	41000.0256
2022-05-17	41151.7367
2022-05-18	40770.618
2022-05-19	40347.221
2022-05-20	40685.0447
2022-05-21	40685.0447
2022-05-22	40685.0447
2022-05-23	40903.8186
2022-05-24	40609.7295
2022-05-25	40726.4254
2022-05-26	41017.8767
2022-05-27	41515.2151
2022-05-28	41515.2151
2022-05-29	41515.2151
2022-05-30	41866.118
2022-05-31	41475.9043
2022-06-01	41369.3292
2022-06-02	41400.4242
2022-06-03	41286.1189
2022-06-04	41286.1189
2022-06-05	41286.1189
2022-06-06	41256.7273
2022-06-07	41023.9675
2022-06-08	40892.7911
2022-06-09	40475.4482
2022-06-10	39878.9535
2022-06-11	39878.9535
2022-06-12	39878.9535
2022-06-13	39354.1287
2022-06-14	38834.4697
2022-06-15	38711.9303
2022-06-16	38272.6971
2022-06-17	38260.4881
2022-06-18	38260.4881
2022-06-19	38260.4881
2022-06-20	38431.2043
2022-06-21	38835.6604
2022-06-22	38882.4724
2022-06-23	39300.6305
2022-06-24	40108.6268
2022-06-25	40108.6268
2022-06-26	40108.6268
2022-06-27	40438.1982
2022-06-28	40075.2602
2022-06-29	39734.4506
2022-06-30	39516.3361
2022-07-01	39872.6612
2022-07-02	39872.6612
2022-07-03	39872.6612
2022-07-04	39996.7302
2022-07-05	40142.204
2022-07-06	40511.7548
2022-07-07	40834.7866
2022-07-08	40803.7098
2022-07-09	40803.7098
2022-07-10	40803.7098
2022-07-11	40625.5656
2022-07-12	40392.3111
2022-07-13	40419.0373
2022-07-14	40511.1686
2022-07-15	40620.5372
2022-07-16	40620.5372
2022-07-17	40620.5372
2022-07-18	40650.4783
2022-07-19	40784.6864
2022-07-20	41238.8305
2022-07-21	41601.0907
2022-07-22	41409.6658
2022-07-23	41409.6658
2022-07-24	41409.6658
2022-07-25	41278.4435
2022-07-26	41003.7626
2022-07-27	41645.5947
2022-07-28	42121.5191
2022-07-29	42538.8986
2022-07-30	42538.8986
2022-07-31	42538.8986
2022-08-01	42428.6049
2022-08-02	42514.279
2022-08-03	42729.6366
2022-08-04	42886.5317
2022-08-05	42948.4105
2022-08-06	42948.4105
2022-08-07	42948.4105
2022-08-08	42675.1034
2022-08-09	42651.2806
2022-08-10	42713.6265
2022-08-11	42779.7643
2022-08-12	42872.9488
2022-08-13	42872.9488
2022-08-14	42872.9488
2022-08-15	43257.951
2022-08-16	43337.1496
2022-08-17	43481.4419
2022-08-18	43375.8742
2022-08-19	43087.6561
2022-08-20	43087.6561
2022-08-21	43087.6561
2022-08-22	42562.465
2022-08-23	42147.018
2022-08-24	42389.6422
2022-08-25	42552.106
2022-08-26	42051.0582
2022-08-27	42051.0582
2022-08-28	42051.0582
2022-08-29	41612.5029
2022-08-30	41640.777
2022-08-31	41580.0522
2022-09-01	41472.9459
2022-09-02	41232.9504
2022-09-03	41232.9504
2022-09-04	41232.9504
2022-09-05	41221.8587
2022-09-06	41212.4706
2022-09-07	41445.2671
2022-09-08	41919.259
2022-09-09	42018.8549
2022-09-10	42018.8549
2022-09-11	42018.8549
2022-09-12	42296.1279
2022-09-13	41936.1575
2022-09-14	41475.9867
2022-09-15	41337.0159
2022-09-16	41035.1416
2022-09-17	41035.1416
2022-09-18	41035.1416
2022-09-19	41063.031
2022-09-20	40925.0677
2022-09-21	40524.6508
2022-09-22	40337.2742
2022-09-23	39901.1002
2022-09-24	39901.1002
2022-09-25	39901.1002
2022-09-26	39766.2968
2022-09-27	39724.2566
2022-09-28	39889.3674
2022-09-29	39755.0952
2022-09-30	39381.9632
2022-10-01	39381.9632
2022-10-02	39381.9632
2022-10-03	39588.3357
2022-10-04	40655.296
2022-10-05	40995.208
2022-10-06	40743.4064
2022-10-07	40138.0274
2022-10-08	40138.0274
2022-10-09	40138.0274
2022-10-10	39953.3161
2022-10-11	39732.3166
2022-10-12	39726.3082
2022-10-13	40145.6569
2022-10-14	40035.3358
2022-10-15	40035.3358
2022-10-16	40035.3358
2022-10-17	40212.9671
2022-10-18	40724.8226
2022-10-19	40633.8729
2022-10-20	40057.1893
2022-10-21	40261.1713
2022-10-22	40261.1713
2022-10-23	40261.1713
2022-10-24	40743.4705
2022-10-25	40977.192
2022-10-26	40902.0967
2022-10-27	40901.8677
2022-10-28	41330.403
2022-10-29	41330.403
2022-10-30	41330.403
2022-10-31	41492.8486
2022-11-01	41669.8296
2022-11-02	41205.2075
2022-11-03	40923.529
2022-11-04	40895.6579
2022-11-05	40895.6579
2022-11-06	40895.6579
2022-11-07	41006.4187
2022-11-08	41149.4928
2022-11-09	41025.5978
2022-11-10	41659.718
2022-11-11	42176.1256
2022-11-12	42176.1256
2022-11-13	42176.1256
2022-11-14	41684.8963
2022-11-15	41788.971
2022-11-16	41585.3187
2022-11-17	41878.5194
2022-11-18	41993.3652
2022-11-19	41993.3652
2022-11-20	41993.3652
2022-11-21	42193.8118
2022-11-22	42298.9123
2022-11-23	42358.1166
2022-11-24	42373.0551
2022-11-25	42458.2987
2022-11-26	42458.2987
2022-11-27	42458.2987
2022-11-28	42210.1332
2022-11-29	42221.2249
2022-11-30	42805.6112
2022-12-01	42815.7686
2022-12-02	42750.098
2022-12-03	42750.098
2022-12-04	42750.098
2022-12-05	42529.6205
2022-12-06	42238.215
2022-12-07	41965.2834
2022-12-08	41961.0611
2022-12-09	41887.6144
2022-12-10	41887.6144
2022-12-11	41887.6144
2022-12-12	42116.1427
2022-12-13	42161.0314
2022-12-14	42258.0627
2022-12-15	41877.4294
2022-12-16	41604.8184
2022-12-17	41604.8184
2022-12-18	41604.8184
2022-12-19	41341.8153
2022-12-20	41088.1452
2022-12-21	41308.6136
2022-12-22	41261.2153
2022-12-23	41178.3622
2022-12-24	41178.3622
2022-12-25	41178.3622
2022-12-26	41187.9151
2022-12-27	41024.5995
2022-12-28	40698.8199
2022-12-29	40927.9894
2022-12-30	40892.4888
2022-12-31	40892.4888
2023-01-01	40892.4888
2023-01-02	40909.0576
2023-01-03	40751.3748
2023-01-04	40976.3311
2023-01-05	40958.4434
2023-01-06	41089.2809
2023-01-07	41089.2809
2023-01-08	41089.2809
2023-01-09	41045.2349
2023-01-10	41252.4501
2023-01-11	41582.0031
2023-01-12	41798.0568
2023-01-13	41975.9812
2023-01-14	41975.9812
2023-01-15	41975.9812
2023-01-16	42169.0181
2023-01-17	42182.0698
2023-01-18	41969.5332
2023-01-19	42064.8793
2023-01-20	42228.0026
2023-01-21	42228.0026
2023-01-22	42228.0026
2023-01-23	42292.9955
2023-01-24	42230.0359
2023-01-25	42159.6209
2023-01-26	42311.8266
2023-01-27	42504.7994
2023-01-28	42504.7994
2023-01-29	42504.7994
2023-01-30	42296.3111
2023-01-31	42607.8666
2023-02-01	42797.8993
2023-02-02	43184.2204
2023-02-03	43478.0713
2023-02-04	43478.0713
2023-02-05	43478.0713
2023-02-06	43415.9819
2023-02-07	43396.0151
2023-02-08	43205.5977
2023-02-09	42972.5081
2023-02-10	42912.2871
2023-02-11	42912.2871
2023-02-12	42912.2871
2023-02-13	42923.1131
2023-02-14	43029.8806
2023-02-15	43180.9048
2023-02-16	43156.3218
2023-02-17	42909.4478
2023-02-18	42909.4478
2023-02-19	42909.4478
2023-02-20	42833.0427
2023-02-21	42465.2413
2023-02-22	42466.9907
2023-02-23	42600.2462
2023-02-24	42608.352
2023-02-25	42608.352
2023-02-26	42608.352
2023-02-27	42560.0103
2023-02-28	42543.9178
2023-03-01	42280.7773
2023-03-02	42348.2523
2023-03-03	42669.9102
2023-03-04	42669.9102
2023-03-05	42669.9102
2023-03-06	42930.0832
2023-03-07	42962.8453
2023-03-08	42892.3752
2023-03-09	42622.1639
2023-03-10	42071.4647
2023-03-11	42071.4647
2023-03-12	42071.4647
2023-03-13	41768.9126
2023-03-14	41948.3666
2023-03-15	42045.288
2023-03-16	42193.7568
2023-03-17	41947.7438
2023-03-18	41947.7438
2023-03-19	41947.7438
2023-03-20	41910.3655
2023-03-21	42376.6454
2023-03-22	42107.3683
2023-03-23	42069.5688
2023-03-24	42233.1958
2023-03-25	42233.1958
2023-03-26	42233.1958
2023-03-27	42356.1199
2023-03-28	42230.0726
2023-03-29	42519.0601
2023-03-30	42745.7658
2023-03-31	43129.9894
2023-04-01	43129.9894
2023-04-02	43129.9894
2023-04-03	43042.7674
2023-04-04	43108.8869
2023-04-05	43170.9672
2023-04-06	43354.9732
2023-04-07	43354.1672
2023-04-08	43354.1672
2023-04-09	43354.1672
2023-04-10	43444.9979
2023-04-11	43589.226
2023-04-12	43545.0792
2023-04-13	43625.0563
2023-04-14	43787.3828
2023-04-15	43787.3828
2023-04-16	43787.3828
2023-04-17	43957.7968
2023-04-18	43872.6173
2023-04-19	43811.0041
2023-04-20	43647.3404
2023-04-21	43858.6955
2023-04-22	43858.6955
2023-04-23	43858.6955
2023-04-24	43950.5336
2023-04-25	43800.8192
2023-04-26	43776.9506
2023-04-27	43983.03
2023-04-28	44155.4132
2023-04-29	44155.4132
2023-04-30	44155.4132
2023-05-01	44134.558
2023-05-02	43837.6296
2023-05-03	43656.9116
2023-05-04	43591.7905
2023-05-05	43876.2443
2023-05-06	43876.2443
2023-05-07	43876.2443
2023-05-08	43830.5587
2023-05-09	43806.223
2023-05-10	43876.3267
2023-05-11	43988.3057
2023-05-12	44170.7821
2023-05-13	44170.7821
2023-05-14	44170.7821
2023-05-15	44184.3651
2023-05-16	44046.9055
2023-05-17	44199.1936
2023-05-18	44392.3496
2023-05-19	44367.2262
2023-05-20	44367.2262
2023-05-21	44367.2262
2023-05-22	44435.0584
2023-05-23	44272.1183
2023-05-24	44137.9926
2023-05-25	44252.3072
2023-05-26	44464.7064
2023-05-27	44464.7064
2023-05-28	44464.7064
2023-05-29	44573.3057
2023-05-30	44615.6115
2023-05-31	44342.0387
2023-06-01	44470.6415
2023-06-02	44681.7034
2023-06-03	44681.7034
2023-06-04	44681.7034
2023-06-05	44721.5546
2023-06-06	44460.4749
2023-06-07	44353.0571
2023-06-08	44169.7563
2023-06-09	44161.8612
2023-06-10	44161.8612
2023-06-11	44161.8612
2023-06-12	44328.9229
2023-06-13	44520.5127
2023-06-14	44408.4513
2023-06-15	44569.9076
2023-06-16	44672.4802
2023-06-17	44672.4802
2023-06-18	44672.4802
2023-06-19	44804.0322
2023-06-20	44934.54
2023-06-21	44659.7216
2023-06-22	44438.374
2023-06-23	44334.8855
2023-06-24	44334.8855
2023-06-25	44334.8855
2023-06-26	44229.9682
2023-06-27	44413.9009
2023-06-28	44766.7089
2023-06-29	44803.4735
2023-06-30	44996.9409
2023-07-01	44996.9409
2023-07-02	44996.9409
2023-07-03	45028.8145
2023-07-04	44968.9324
2023-07-05	44916.2676
2023-07-06	44671.3995
2023-07-07	44177.1569
2023-07-08	44177.1569
2023-07-09	44177.1569
2023-07-10	44202.61
2023-07-11	44583.3074
2023-07-12	44485.6624
2023-07-13	44754.7014
2023-07-14	44911.4591
2023-07-15	44911.4591
2023-07-16	44911.4591
2023-07-17	45134.6294
2023-07-18	45181.2308
2023-07-19	45455.1699
2023-07-20	45211.3551
2023-07-21	45283.5836
2023-07-22	45283.5836
2023-07-23	45283.5836
2023-07-24	45348.1185
2023-07-25	45308.7528
2023-07-26	45414.5677
2023-07-27	45589.0483
2023-07-28	45816.6058
2023-07-29	45816.6058
2023-07-30	45816.6058
2023-07-31	45745.1283
2023-08-01	45971.2203
2023-08-02	45561.5252
2023-08-03	45420.8966
2023-08-04	45192.2767
2023-08-05	45192.2767
2023-08-06	45192.2767
2023-08-07	45311.2532
2023-08-08	45362.6998
2023-08-09	45294.7394
2023-08-10	45309.9801
2023-08-11	45306.5638
2023-08-12	45306.5638
2023-08-13	45306.5638
2023-08-14	45352.5973
2023-08-15	45222.4834
2023-08-16	44992.3888
2023-08-17	44788.3885
2023-08-18	44753.4099
2023-08-19	44753.4099
2023-08-20	44753.4099
2023-08-21	44792.3727
2023-08-22	44715.3906
2023-08-23	44946.1904
2023-08-24	44860.6995
2023-08-25	44934.4576
2023-08-26	44934.4576
2023-08-27	44934.4576
2023-08-28	45131.5886
2023-08-29	45510.9121
2023-08-30	45666.2136
2023-08-31	45724.2456
2023-09-01	45664.5558
2023-09-02	45664.5558
2023-09-03	45664.5558
2023-09-04	45698.7284
2023-09-05	45804.6807
2023-09-06	45451.2041
2023-09-07	45331.5131
2023-09-08	45281.2755
2023-09-09	45281.2755
2023-09-10	45281.2755
2023-09-11	45334.096
2023-09-12	45279.2331
2023-09-13	45109.8999
2023-09-14	45287.3114
2023-09-15	45221.2377
2023-09-16	45221.2377
2023-09-17	45221.2377
2023-09-18	45030.7654
2023-09-19	44854.1416
2023-09-20	44660.2712
2023-09-21	44239.0815
2023-09-22	44029.4575
2023-09-23	44029.4575
2023-09-24	44029.4575
2023-09-25	44260.8526
2023-09-26	43873.3775
2023-09-27	43949.5811
2023-09-28	43929.1197
2023-09-29	43882.4724
2023-09-30	43882.4724
2023-10-01	43882.4724
2023-10-02	43934.0289
2023-10-03	43645.7925
2023-10-04	43605.5017
2023-10-05	43703.0917
2023-10-06	43969.2639
2023-10-07	43969.2639
2023-10-08	43969.2639
2023-10-09	43993.4164
2023-10-10	44284.3731
2023-10-11	44489.3168
2023-10-12	44513.277
2023-10-13	44287.6979
2023-10-14	44287.6979
2023-10-15	44287.6979
2023-10-16	44267.6303
2023-10-17	44280.4439
2023-10-18	44015.9478
2023-10-19	43627.3827
2023-10-20	43171.1229
2023-10-21	43171.1229
2023-10-22	43171.1229
2023-10-23	43148.9487
2023-10-24	43197.9865
2023-10-25	42981.6489
2023-10-26	42574.6923
2023-10-27	42464.6185
2023-10-28	42464.6185
2023-10-29	42464.6185
2023-10-30	42479.9141
2023-10-31	42741.7174
2023-11-01	43060.7925
2023-11-02	43579.0044
2023-11-03	43828.5529
2023-11-04	43828.5529
2023-11-05	43828.5529
2023-11-06	43956.2031
2023-11-07	44138.7437
2023-11-08	44293.3948
2023-11-09	44345.6383
2023-11-10	44562.9101
2023-11-11	44562.9101
2023-11-12	44562.9101
2023-11-13	44449.5023
2023-11-14	44786.7673
2023-11-15	45060.9171
2023-11-16	45053.9195
2023-11-17	45050.0727
2023-11-18	45050.0727
2023-11-19	45050.0727
2023-11-20	45114.9191
2023-11-21	45052.5274
2023-11-22	45145.5837
2023-11-23	45078.5392
2023-11-24	45037.653
2023-11-25	45037.653
2023-11-26	45037.653
2023-11-27	44854.5171
2023-11-28	44861.9817
2023-11-29	45033.3208
2023-11-30	45169.3423
2023-12-01	45282.338
2023-12-02	45282.338
2023-12-03	45282.338
2023-12-04	45388.2262
2023-12-05	45451.3506
2023-12-06	45696.4844
2023-12-07	45763.4831
2023-12-08	45840.685
2023-12-09	45840.685
2023-12-10	45840.685
2023-12-11	45949.4675
2023-12-12	46148.1189
2023-12-13	46451.1931
2023-12-14	46679.3184
2023-12-15	46620.5354
2023-12-16	46620.5354
2023-12-17	46620.5354
2023-12-18	46683.5316
2023-12-19	46821.3575
2023-12-20	46659.141
2023-12-21	46704.8906
2023-12-22	46686.3618
2023-12-23	46686.3618
2023-12-24	46686.3618
2023-12-25	46689.3568
2023-12-26	46758.6361
2023-12-27	46887.825
2023-12-28	47052.4687
2023-12-29	47065.0258
2023-12-30	47065.0258
2023-12-31	47065.0258
2024-01-01	47065.1083
2024-01-02	47056.746
2024-01-03	46687.8822
2024-01-04	46547.4825
2024-01-05	46564.2437
2024-01-06	46564.2437
2024-01-07	46564.2437
2024-01-08	46797.2233
2024-01-09	46976.8513
2024-01-10	47084.4431
2024-01-11	47246.5864
2024-01-12	47208.5854
2024-01-13	47208.5854
2024-01-14	47208.5854
2024-01-15	47271.9846
2024-01-16	47105.28
2024-01-17	47110.3084
2024-01-18	47077.1158
2024-01-19	47445.8606
2024-01-20	47445.8606
2024-01-21	47445.8606
2024-01-22	47651.5188
2024-01-23	47811.7936
2024-01-24	47753.9815
2024-01-25	47971.006
2024-01-26	47922.4903
2024-01-27	47922.4903
2024-01-28	47922.4903
2024-01-29	48158.3368
2024-01-30	48263.6846
2024-01-31	48146.3475
2024-02-01	48247.6653
2024-02-02	48795.2138
2024-02-03	48795.2138
2024-02-04	48795.2138
2024-02-05	48757.3135
2024-02-06	48672.9309
2024-02-07	48853.3832
2024-02-08	49048.7648
2024-02-09	49170.6448
2024-02-10	49170.6448
2024-02-11	49170.6448
2024-02-12	49097.9857
2024-02-13	48888.4167
2024-02-14	48905.0404
2024-02-15	49264.214
2024-02-16	49292.2042
2024-02-17	49292.2042
2024-02-18	49292.2042
2024-02-19	49233.5585
2024-02-20	49050.0929
2024-02-21	49030.8038
2024-02-22	49583.6463
2024-02-23	49599.3175
2024-02-24	49599.3175
2024-02-25	49599.3175
2024-02-26	49694.3338
2024-02-27	49754.5365
2024-02-28	49920.0778
2024-02-29	50114.9465
2024-03-01	50258.2954
2024-03-02	50258.2954
2024-03-03	50258.2954
2024-03-04	50318.8003
2024-03-05	50090.0705
2024-03-06	50132.8892
2024-03-07	50450.6637
2024-03-08	50442.7227
2024-03-09	50442.7227
2024-03-10	50442.7227
2024-03-11	50136.8001
2024-03-12	50427.1065
2024-03-13	50434.3147
2024-03-14	50365.4842
2024-03-15	50104.9173
2024-03-16	50104.9173
2024-03-17	50104.9173
2024-03-18	50249.8415
2024-03-19	50468.8719
2024-03-20	50609.4364
2024-03-21	50894.11
2024-03-22	51093.0453
2024-03-23	51093.0453
2024-03-24	51093.0453
2024-03-25	51075.0386
2024-03-26	50910.0101
2024-03-27	51170.9891
2024-03-28	51357.6513
2024-03-29	51366.5265
2024-03-30	51366.5265
2024-03-31	51366.5265
2024-04-01	51369.9245
2024-04-02	50978.0072
2024-04-03	50629.2658
2024-04-04	50337.4207
2024-04-05	50427.3996
2024-04-06	50427.3996
2024-04-07	50427.3996
2024-04-08	50479.5606
2024-04-09	50469.0734
2024-04-10	50602.5305
2024-04-11	50615.4997
2024-04-12	50405.8574
2024-04-13	50405.8574
2024-04-14	50405.8574
2024-04-15	50045.9878
2024-04-16	49728.8178
2024-04-17	49554.6852
2024-04-18	49525.8341
2024-04-19	49114.9758
2024-04-20	49114.9758
2024-04-21	49114.9758
2024-04-22	49465.2193
2024-04-23	49908.2443
2024-04-24	49850.9176
2024-04-25	49717.8452
2024-04-26	49724.0001
2024-04-27	49724.0001
2024-04-28	49724.0001
2024-04-29	49950.5867
2024-04-30	49885.2733
2024-05-01	49619.6048
2024-05-02	49781.739
2024-05-03	50054.2035
2024-05-04	50054.2035
2024-05-05	50054.2035
2024-05-06	50424.4687
2024-05-07	50749.6346
2024-05-08	50851.5569
2024-05-09	50670.8298
2024-05-10	50805.624
2024-05-11	50805.624
2024-05-12	50805.624
2024-05-13	50813.4642
2024-05-14	50847.591
2024-05-15	51067.2533
2024-05-16	51391.5033
2024-05-17	51112.6824
2024-05-18	51112.6824
2024-05-19	51112.6824
2024-05-20	51255.2436
2024-05-21	51236.0095
2024-05-22	51251.47
2024-05-23	51195.911
2024-05-24	51095.2527
2024-05-25	51095.2527
2024-05-26	51095.2527
2024-05-27	51192.3665
2024-05-28	51129.6267
2024-05-29	50790.5665
2024-05-30	50534.451
2024-05-31	50785.3641
2024-06-01	50785.3641
2024-06-02	50785.3641
2024-06-03	50912.1259
2024-06-04	51014.671
2024-06-05	51535.0353
2024-06-06	51671.6156
2024-06-07	51836.0395
2024-06-08	51836.0395
2024-06-09	51836.0395
2024-06-10	51862.1063
2024-06-11	51651.0535
2024-06-12	51593.6718
2024-06-13	51854.8889
2024-06-14	51828.1444
2024-06-15	51828.1444
2024-06-16	51828.1444
2024-06-17	51958.8079
2024-06-18	52119.4949
2024-06-19	51965.9245
2024-06-20	51869.9923
2024-06-21	51960.2734
2024-06-22	51960.2734
2024-06-23	51960.2734
2024-06-24	51698.1953
2024-06-25	52097.9253
2024-06-26	51901.1515
2024-06-27	51966.1077
2024-06-28	51856.6475
2024-06-29	51856.6475
2024-06-30	51856.6475
2024-07-01	51907.1232
2024-07-02	51883.9782
2024-07-03	51943.0543
2024-07-04	52168.5785
2024-07-05	52221.3989
2024-07-06	52221.3989
2024-07-07	52221.3989
2024-07-08	52132.0062
2024-07-09	52316.7816
2024-07-10	52546.7938
2024-07-11	52530.9943
2024-07-12	52828.6738
2024-07-13	52828.6738
2024-07-14	52828.6738
2024-07-15	53017.6257
2024-07-16	53241.7577
2024-07-17	52989.37
2024-07-18	52602.9115
2024-07-19	52404.9378
2024-07-20	52404.9378
2024-07-21	52404.9378
2024-07-22	52709.5599
2024-07-23	52841.3042
2024-07-24	52269.1544
2024-07-25	51947.5606
2024-07-26	52245.0019
2024-07-27	52245.0019
2024-07-28	52245.0019
2024-07-29	52536.1418
2024-07-30	52317.7342
2024-07-31	53118.8703
2024-08-01	52761.0797
2024-08-02	51875.3503
2024-08-03	51875.3503
2024-08-04	51875.3503
2024-08-05	50442.2648
2024-08-06	50677.6258
2024-08-07	50578.5428
2024-08-08	50953.6257
2024-08-09	51295.974
2024-08-10	51295.974
2024-08-11	51295.974
2024-08-12	51380.4849
2024-08-13	51880.1039
2024-08-14	52117.4891
2024-08-15	52538.3949
2024-08-16	52867.261
2024-08-17	52867.261
2024-08-18	52867.261
2024-08-19	52921.1989
2024-08-20	52801.627
2024-08-21	52971.8395
2024-08-22	52878.8748
2024-08-23	53084.7618
2024-08-24	53084.7618
2024-08-25	53084.7618
2024-08-26	53161.1669
2024-08-27	53130.1909
2024-08-28	53012.9363
2024-08-29	52981.5115
2024-08-30	53324.4826
2024-08-31	53324.4826
2024-09-01	53324.4826
2024-09-02	53331.6633
2024-09-03	53114.0892
2024-09-04	52660.3206
2024-09-05	52795.8568
2024-09-06	52579.739
2024-09-07	52579.739
2024-09-08	52579.739
2024-09-09	52852.8263
2024-09-10	53051.3312
2024-09-11	53215.8284
2024-09-12	53512.4545
2024-09-13	53582.0361
2024-09-14	53582.0361
2024-09-15	53582.0361
2024-09-16	53637.8974
2024-09-17	53586.4874
2024-09-18	53518.3621
2024-09-19	53937.0972
2024-09-20	53917.277
2024-09-21	53917.277
2024-09-22	53917.277
2024-09-23	53697.0559
2024-09-24	53634.8474
2024-09-25	53468.207
2024-09-26	53801.213
2024-09-27	53606.3901
2024-09-28	53606.3901
2024-09-29	53606.3901
2024-09-30	53610.3652
2024-10-01	53421.8071
2024-10-02	53391.8294
2024-10-03	53478.6575
2024-10-04	53612.6916
2024-10-05	53612.6916
2024-10-06	53612.6916
2024-10-07	53689.5271
2024-10-08	53972.3597
2024-10-09	54213.1887
2024-10-10	54178.5582
2024-10-11	54251.4096
2024-10-12	54251.4096
2024-10-13	54251.4096
2024-10-14	54535.9274
2024-10-15	54519.2029
2024-10-16	54604.0985
2024-10-17	54724.513
2024-10-18	54724.6504
2024-10-19	54724.6504
2024-10-20	54724.6504
2024-10-21	54979.7126
2024-10-22	54510.108
2024-10-23	54335.435
2024-10-24	54436.8078
2024-10-25	54406.592
2024-10-26	54406.592
2024-10-27	54406.592
2024-10-28	54633.8014
2024-10-29	54867.8985
2024-10-30	54550.2339
2024-10-31	54156.7779
2024-11-01	53957.696
2024-11-02	53957.696
2024-11-03	53957.696
2024-11-04	54066.7899
2024-11-05	54143.0393
2024-11-06	54943.7907
2024-11-07	54832.407
2024-11-08	55240.8565
2024-11-09	55240.8565
2024-11-10	55240.8565
2024-11-11	55509.813
2024-11-12	55548.4827
2024-11-13	55510.9488
2024-11-14	55625.7396
2024-11-15	55518.0654
2024-11-16	55518.0654
2024-11-17	55518.0654
2024-11-18	55406.755
2024-11-19	55635.5307
2024-11-20	55512.7073
2024-11-21	55580.8876
2024-11-22	55869.3255
2024-11-23	55869.3255
2024-11-24	55869.3255
2024-11-25	56083.41
2024-11-26	56229.5432
2024-11-27	56196.5613
2024-11-28	56274.3128
2024-11-29	56287.4836
2024-11-30	56287.4836
2024-12-01	56287.4836
2024-12-02	56605.7343
2024-12-03	56790.528
2024-12-04	56845.3085
2024-12-05	56873.4636
2024-12-06	56993.988
2024-12-07	56993.988
2024-12-08	56993.988
2024-12-09	56627.0658
2024-12-10	56627.9634
2024-12-11	56789.5572
2024-12-12	56613.199
2024-12-13	56543.2602
2024-12-14	56543.2602
2024-12-15	56543.2602
2024-12-16	56579.3653
2024-12-17	56778.7128
2024-12-18	56297.87
2024-12-19	55849.954
2024-12-20	55788.8629
2024-12-21	55788.8629
2024-12-22	55788.8629
2024-12-23	56381.4649
2024-12-24	56702.9672
2024-12-25	56708.8473
2024-12-26	56757.6286
2024-12-27	56676.4608
2024-12-28	56676.4608
2024-12-29	56676.4608
2024-12-30	56313.5686
2024-12-31	56041.7819
2025-01-01	56041.8002
2025-01-02	56044.8044
2025-01-03	56485.7503
2025-01-04	56485.7503
2025-01-05	56485.7503
2025-01-06	56529.0545
2025-01-07	56415.7749
2025-01-08	56670.3883
2025-01-09	56671.2859
2025-01-10	56246.5058
2025-01-11	56246.5058
2025-01-12	56246.5058
2025-01-13	55876.0849
2025-01-14	55808.2161
2025-01-15	56147.2488
2025-01-16	56495.6879
2025-01-17	56696.7482
2025-01-18	56696.7482
2025-01-19	56696.7482
2025-01-20	56732.7434
2025-01-21	57064.3481
2025-01-22	57347.6936
2025-01-23	57425.9305
2025-01-24	57283.3693
2025-01-25	57283.3693
2025-01-26	57283.3693
2025-01-27	56955.3092
2025-01-28	57201.0474
2025-01-29	57363.2182
2025-01-30	57644.5121
2025-01-31	57563.5732
2025-02-01	57563.5732
2025-02-02	57563.5732
2025-02-03	57045.6177
2025-02-04	56986.4592
2025-02-05	57096.7896
2025-02-06	57520.8919
2025-02-07	57318.3021
2025-02-08	57318.3021
2025-02-09	57318.3021
2025-02-10	57404.3425
2025-02-11	57339.3222
2025-02-12	57419.3268
2025-02-13	57613.3437
2025-02-14	57417.0828
2025-02-15	57417.0828
2025-02-16	57417.0828
2025-02-17	57403.3075
2025-02-18	57464.2704
2025-02-19	57358.6295
2025-02-20	56803.8362
2025-02-21	56397.2277
2025-02-22	56397.2277
2025-02-23	56397.2277
2025-02-24	56354.8395
2025-02-25	56072.5656
2025-02-26	56254.117
2025-02-27	56046.4073
2025-02-28	56288.4086
2025-03-01	56288.4086
2025-03-02	56288.4086
2025-03-03	55981.4602
2025-03-04	55709.6735
2025-03-05	55650.0844
2025-03-06	55145.1807
2025-03-07	54890.5581
2025-03-08	54890.5581
2025-03-09	54890.5581
2025-03-10	54219.8565
2025-03-11	53889.2593
2025-03-12	53845.5522
2025-03-13	53493.2388
2025-03-14	53941.0723
2025-03-15	53941.0723
2025-03-16	53941.0723
2025-03-17	54030.5016
2025-03-18	53934.093
2025-03-19	54258.0499
2025-03-20	54565.5571
2025-03-21	54636.8972
2025-03-22	54636.8972
2025-03-23	54636.8972
2025-03-24	54902.4924
2025-03-25	54960.5427
2025-03-26	54761.7264
2025-03-27	54504.6858
2025-03-28	54049.3144
2025-03-29	54049.3144
2025-03-30	54049.3144
2025-03-31	53924.8515
2025-04-01	54087.4528
2025-04-02	54268.9126
2025-04-03	52942.4846
2025-04-04	51924.7086
2025-04-05	51924.7086
2025-04-06	51924.7086
2025-04-07	50934.126
2025-04-08	51021.8975
2025-04-09	52562.8954
2025-04-10	52060.0158
2025-04-11	52301.6142
2025-04-12	52301.6142
2025-04-13	52301.6142
2025-04-14	52519.8935
2025-04-15	52563.0969
2025-04-16	52116.335
2025-04-17	52362.1649
2025-04-18	52387.0502
2025-04-19	52387.0502
2025-04-20	52387.0502
2025-04-21	51793.9169
2025-04-22	52373.394
2025-04-23	53036.0355
2025-04-24	53631.8341
2025-04-25	53834.6437
2025-04-26	53834.6437
2025-04-27	53834.6437
2025-04-28	53890.3218
2025-04-29	54279.3082
2025-04-30	54557.4879
2025-05-01	54819.9324
2025-05-02	55193.0277
2025-05-03	55193.0277
2025-05-04	55193.0277
2025-05-05	54887.4074
2025-05-06	54782.4442
2025-05-07	54898.8104
2025-05-08	55133.4112
2025-05-09	55235.6083
2025-05-10	55235.6083
2025-05-11	55235.6083
2025-05-12	56008.6993
2025-05-13	55985.9207
2025-05-14	56071.0727
2025-05-15	56378.0944
2025-05-16	56631.8744
2025-05-17	56631.8744
2025-05-18	56631.8744
2025-05-19	56474.3014
2025-05-20	56750.6585
2025-05-21	56377.6181
2025-05-22	56414.8956
2025-05-23	56165.6036
2025-05-24	56165.6036
2025-05-25	56165.6036
2025-05-26	56140.178
2025-05-27	56864.6892
2025-05-28	56729.2812
2025-05-29	56772.2831
2025-05-30	56881.8991
2025-05-31	56881.8991
2025-06-01	56881.8991
2025-06-02	56720.0122
2025-06-03	57042.6685
2025-06-04	57150.5442
2025-06-05	57047.6144
2025-06-06	57341.5295
2025-06-07	57341.5295
2025-06-08	57341.5295
2025-06-09	57226.2532
2025-06-10	57482.5703
2025-06-11	57428.898
2025-06-12	57459.984
2025-06-13	57095.0035
2025-06-14	57095.0035
2025-06-15	57095.0035
2025-06-16	57263.0819
2025-06-17	57123.9646
2025-06-18	57068.662
2025-06-19	57194.3247
2025-06-20	57050.3072
2025-06-21	57050.3072
2025-06-22	57050.3072
2025-06-23	57445.5676
2025-06-24	57755.7034
2025-06-25	57931.4571
2025-06-26	57957.3681
2025-06-27	58094.8552
2025-06-28	58094.8552
2025-06-29	58094.8552
2025-06-30	58300.7423
2025-07-01	58141.0811
2025-07-02	58349.8258
2025-07-03	58402.8661
2025-07-04	58482.431
2025-07-05	58482.431
2025-07-06	58482.431
2025-07-07	58433.5673
2025-07-08	58353.462
2025-07-09	58352.0057
2025-07-10	58347.9024
2025-07-11	58009.8314
2025-07-12	58009.8314
2025-07-13	58009.8314
2025-07-14	58050.3786
2025-07-15	58216.2039
2025-07-16	58151.7514
2025-07-17	58620.9897
2025-07-18	58736.4766
2025-07-19	58736.4766
2025-07-20	58736.4766
2025-07-21	58535.9567
2025-07-22	58386.8193
2025-07-23	58655.5469
2025-07-24	58725.6048
2025-07-25	58831.5388
2025-07-26	58831.5388
2025-07-27	58831.5388
2025-07-28	58993.0409
2025-07-29	58938.5444
2025-07-30	59187.6623
2025-07-31	59135.9043
2025-08-01	58415.3041
2025-08-02	58415.3041
2025-08-03	58415.3041
2025-08-04	58714.678
2025-08-05	58909.6841
2025-08-06	59151.4931
2025-08-07	59157.9411
2025-08-08	59158.3624
2025-08-09	59158.3624
2025-08-10	59158.3624
2025-08-11	59209.2228
2025-08-12	59523.4161
2025-08-13	59428.5371
2025-08-14	59762.2668
2025-08-15	59835.4021
2025-08-16	59835.4021
2025-08-17	59835.4021
2025-08-18	60030.454
2025-08-19	59799.5442
2025-08-20	59986.2339
2025-08-21	60010.9543
2025-08-22	60025.5355
2025-08-23	60025.5355
2025-08-24	60025.5355
2025-08-25	59765.1519
2025-08-26	59726.1433
2025-08-27	59739.6713
2025-08-28	59823.6601
2025-08-29	59554.4929
2025-08-30	59554.4929
2025-08-31	59554.4929
2025-09-01	59365.3395
2025-09-02	59203.4709
2025-09-03	58847.961
2025-09-04	59469.9912
2025-09-05	59442.807
2025-09-06	59442.807
2025-09-07	59442.807
2025-09-08	59501.7915
2025-09-09	59459.6414
2025-09-10	59702.8884
2025-09-11	59726.4089
2025-09-12	59854.2881
2025-09-13	59854.2881
2025-09-14	59854.2881
2025-09-15	59918.594
2025-09-16	59836.5744
2025-09-17	59680.1739
2025-09-18	59888.4149
2025-09-19	60105.9798
2025-09-20	60105.9798
2025-09-21	60105.9798
2025-09-22	60212.9762
2025-09-23	60054.6339
2025-09-24	59770.629
2025-09-25	59682.6102
2025-09-26	59827.974
2025-09-27	59827.974
2025-09-28	59827.974
2025-09-29	59993.7443
2025-09-30	59891.8953
2025-10-01	60042.9195
2025-10-02	60404.9598
2025-10-03	60554.72
2025-10-04	60554.72
2025-10-05	60554.72
2025-10-06	60632.6913
2025-10-07	60550.4702
2025-10-08	60665.8289
2025-10-09	60625.7213
2025-10-10	60072.3293
2025-10-11	60072.3293
2025-10-12	60072.3293
2025-10-13	60406.5627
2025-10-14	60276.6136
2025-10-15	60476.5656
2025-10-16	60705.1031
2025-10-17	60617.2033
2025-10-18	60617.2033
2025-10-19	60617.2033
2025-10-20	61057.3432
2025-10-21	61182.7494
2025-10-22	60940.1802
2025-10-23	60971.6142
2025-10-24	61201.3698
2025-10-25	61201.3698
2025-10-26	61201.3698
2025-10-27	61478.8993
2025-10-28	61420.6658
2025-10-29	61015.2755
2025-10-30	60825.2062
2025-10-31	60857.6385
2025-11-01	60857.6385
2025-11-02	60857.6385
2025-11-03	60980.874
2025-11-04	60624.7871
2025-11-05	60666.7723
2025-11-06	60498.4558
2025-11-07	60363.1303
2025-11-08	60363.1303
2025-11-09	60363.1303
2025-11-10	60575.5936
2025-11-11	60734.4488
2025-11-12	60719.3363
2025-11-13	60085.152
2025-11-14	59812.6875
2025-11-15	59812.6875
2025-11-16	59812.6875
2025-11-17	59646.8714
2025-11-18	59054.5076
2025-11-19	59148.8553
2025-11-20	58893.2802
2025-11-21	59012.3391
2025-11-22	59012.3391
2025-11-23	59012.3391
2025-11-24	59628.8189
2025-11-25	59928.6232
2025-11-26	60133.2189
2025-11-27	60077.6782
2025-11-28	60124.7742
2025-11-29	60124.7742
2025-11-30	60124.7742
2025-12-01	59836.2081
2025-12-02	59874.0809
2025-12-03	59869.135
2025-12-04	59897.3724
2025-12-05	59881.8295
2025-12-06	59881.8295
2025-12-07	59881.8295
2025-12-08	60005.239
2025-12-09	59778.6432
2025-12-10	59865.3798
2025-12-11	59845.0099
2025-12-12	59860.6537
2025-12-13	59860.6537
2025-12-14	59860.6537
2025-12-15	59756.9087
2025-12-16	59595.5348
2025-12-17	59235.9216
2025-12-18	59450.1617
2025-12-19	59839.0107
2025-12-20	59839.0107
2025-12-21	59839.0107
2025-12-22	60036.4715
2025-12-23	60343.5115
2025-12-24	60247.68
2025-12-25	60254.705
2025-12-26	60250.6842
2025-12-27	60250.6842
2025-12-28	60250.6842
2025-12-29	60196.6181
2025-12-30	60199.6956
2025-12-31	60119.5535
2026-01-01	60120.7534
2026-01-02	60175.9277
2026-01-03	60175.9277
2026-01-04	60175.9277
2026-01-05	60307.8277
2026-01-06	60274.7268
2026-01-07	60185.4165
2026-01-08	60260.1272
2026-01-09	60385.9089
2026-01-10	60385.9089
2026-01-11	60385.9089
2026-01-12	60412.4153
2026-01-13	60543.3261
2026-01-14	60359.2926
2026-01-15	60423.0582
2026-01-16	60700.4136
2026-01-17	60700.4136
2026-01-18	60700.4136
2026-01-19	60429.3413
2026-01-20	59732.628
2026-01-21	59586.0826
2026-01-22	59886.1984
2026-01-23	59791.5942
2026-01-24	59791.5942
2026-01-25	59791.5942
2026-01-26	59786.3368
2026-01-27	60094.1737
2026-01-28	59889.7796
2026-01-29	59844.5795
2026-01-30	59635.9904
2026-01-31	59635.9904
2026-02-01	59635.9904
2026-02-02	59856.6786
2026-02-03	59585.0934
2026-02-04	59392.7068
2026-02-05	59282.175
2026-02-06	59189.9338
2026-02-07	59189.9338
2026-02-08	59189.9338
2026-02-09	59553.3938
2026-02-10	59538.492
2026-02-11	59836.7118
2026-02-12	59492.147
2026-02-13	59294.787
2026-02-14	59294.787
2026-02-15	59294.787
2026-02-16	59311.0627
2026-02-17	59408.3963
2026-02-18	59703.209
2026-02-19	59872.5238
2026-02-20	60004.1124
2026-02-21	60004.1124
2026-02-22	60004.1124
2026-02-23	59640.973
2026-02-24	59811.7441
2026-02-25	60084.575
2026-02-26	60286.8992
2026-02-27	60208.9004
2026-02-28	60208.9004
2026-03-01	60208.9004
2026-03-02	60052.6739
2026-03-03	59535.1489
2026-03-04	58860.802
2026-03-05	59152.4273
2026-03-06	58796.5236
2026-03-07	58796.5236
2026-03-08	58796.5236
2026-03-09	58175.8306
2026-03-10	58182.4435
2026-03-11	58177.6716
2026-03-12	57698.514
2026-03-13	57710.4758
2026-03-14	57710.4758
2026-03-15	57710.4758
2026-03-16	57776.925
2026-03-17	57788.6944
2026-03-18	57722.8039
2026-03-19	57217.8086
2026-03-20	56625.9576
2026-03-21	56625.9576
2026-03-22	56625.9576
2026-03-23	56749.4679
2026-03-24	56775.1499
2026-03-25	57444.9997
2026-03-26	57020.8699
2026-03-27	56566.6891
2026-03-28	56566.6891
2026-03-29	56566.6891
2026-03-30	56281.5851
2026-03-31	56905.5845
2026-04-01	57551.2268
2026-04-02	57417.7697
2026-04-03	57447.1887
2026-04-04	57447.1887
2026-04-05	57447.1887
2026-04-06	57516.7611
2026-04-07	57815.906
2026-04-08	59052.804
2026-04-09	59265.2764
2026-04-10	59242.9832
2026-04-11	59242.9832
2026-04-12	59242.9832
2026-04-13	59396.4712
2026-04-14	59685.5869
2026-04-15	59919.5924
2026-04-16	59967.531
2026-04-17	60172.7678
2026-04-18	60172.7678
2026-04-19	60172.7678
2026-04-20	60296.2415
2026-04-21	60006.3381
2026-04-22	59918.0628
2026-04-23	59667.8
2026-04-24	59889.9536
2026-04-25	59889.9536
2026-04-26	59889.9536
2026-04-27	59794.7907
2026-04-28	59525.944
2026-04-29	59425.7619
2026-04-30	59542.9067
2026-05-01	59649.2253
2026-05-02	59649.2253
2026-05-03	59649.2253
2026-05-04	59663.2387
2026-05-05	59817.8441
2026-05-06	60493.7846
2026-05-07	60648.445
2026-05-08	60534.6433
2026-05-09	60534.6433
2026-05-10	60534.6433
2026-05-11	60523.5059
2026-05-12	60386.0738
2026-05-13	60352.4325
2026-05-14	60715.4803
2026-05-15	60511.6723
2026-05-16	60511.6723
2026-05-17	60511.6723
2026-05-18	60122.173
2026-05-19	60365.2186
2026-05-20	60126.8717
2026-05-21	60694.1671
2026-05-22	60950.0262
2026-05-23	60950.0262
2026-05-24	60950.0262
2026-05-25	60980.9931
2026-05-26	61090.3983
2026-05-27	61399.8472
2026-05-28	61100.4917
2026-05-29	61425.9048
2026-05-30	61425.9048
2026-05-31	61425.9048
2026-06-01	61648.6538
2026-06-02	61656.1642
2026-06-03	61667.7413
2026-06-04	61499.8278
2026-06-05	60807.923
2026-06-06	60807.923
2026-06-07	60807.923
2026-06-08	60758.3174
2026-06-09	60811.5958
2026-06-10	60520.6024
2026-06-11	60995.8583
2026-06-12	61433.3054
2026-06-13	61433.3054
2026-06-14	61433.3054
2026-06-15	62186.283
2026-06-16	62194.746
2026-06-17	62190.7526
2026-06-18	62457.1904
2026-06-19	62386.3907
2026-06-20	62386.3907
2026-06-21	62386.3907
2026-06-22	62373.2291
2026-06-23	62058.6328
2026-06-24	62189.4337
2026-06-25	62330.1814
2026-06-26	62213.687
2026-06-27	62213.687
2026-06-28	62213.687
2026-06-29	62729.0687
2026-06-30	62745.8115
2026-07-01	62725.1578
2026-07-02	62623.3179
2026-07-03	62912.2321
2026-07-04	62912.2321
2026-07-05	62912.2321
2026-07-06	63021.2619
2026-07-07	62755.7308
2026-07-08	62489.7968
2026-07-09	62593.3586
2026-07-10	62824.9461
2026-07-11	62824.9461
2026-07-12	62824.9461
2026-07-13	62594.3935
2026-07-14	62523.4473
2026-07-15	62657.2249
2026-07-16	62498.388
2026-07-17	62009.5126
2026-07-18	62009.5126
2026-07-19	62009.5126
2026-07-20	61758.5995
2026-07-21	62145.0854
2026-07-22	62103.265
2026-07-23	61917.7569
2026-07-24	61634.5671
2026-07-25	61634.5671
2026-07-26	61634.5671
2026-07-27	61984.5908
2026-07-28	62029.2596
2026-07-29	61896.0132
2026-07-30	61955.4282
2026-07-31	62317.4594
2026-08-01	62317.4594
2026-08-02	62317.4594
2026-08-03	62875.1104
2026-08-04	63404.533
2026-08-05	63754.6849
2026-08-06	63874.4674
2026-08-07	63964.4921
2026-08-08	63964.4921
2026-08-09	63964.4921
2026-08-10	63970.6103
2026-08-11	63967.9359
2026-08-12	63992.6471
2026-08-13	64138.0109
2026-08-14	63858.8512
2026-08-15	63858.8512
2026-08-16	63858.8512
2026-08-17	63609.3577
2026-08-18	63370.3513
2026-08-19	63252.4006
2026-08-20	63176.6275
2026-08-21	63125.1443
2026-08-22	63125.1443
2026-08-23	63125.1443
2026-08-24	63188.2412
2026-08-25	63487.0289
2026-08-26	63445.9321
2026-08-27	63350.6776
2026-08-28	63376.323
2026-08-29	63376.323
2026-08-30	63376.323
2026-08-31	63281.8654
2026-09-01	63030.3569
2026-09-02	62831.394
2026-09-03	63195.5776
2026-09-04	63169.694
2026-09-05	63169.694
2026-09-06	63169.694
2026-09-07	63219.3729
2026-09-08	62763.7267
2026-09-09	62442.7649
2026-09-10	62176.0889
2026-09-11	62173.0298
2026-09-12	62173.0298
2026-09-13	62173.0298
2026-09-14	62044.1889
2026-09-15	61653.0593
2026-09-16	61657.3641
