date	value
2007-12-31	10000.0
2008-01-01	9999.47
2008-01-02	9987.16
2008-01-03	9932.87
2008-01-04	9923.44
2008-01-05	9923.44
2008-01-06	9923.44
2008-01-07	9822.84
2008-01-08	9763.81
2008-01-09	9749.0
2008-01-10	9716.21
2008-01-11	9619.63
2008-01-12	9619.63
2008-01-13	9619.63
2008-01-14	9625.7
2008-01-15	9585.43
2008-01-16	9511.75
2008-01-17	9459.18
2008-01-18	9444.84
2008-01-19	9444.84
2008-01-20	9444.84
2008-01-21	9323.77
2008-01-22	9046.08
2008-01-23	9268.28
2008-01-24	9394.64
2008-01-25	9542.55
2008-01-26	9542.55
2008-01-27	9542.55
2008-01-28	9539.21
2008-01-29	9417.26
2008-01-30	9341.68
2008-01-31	9372.6
2008-02-01	9526.74
2008-02-02	9526.74
2008-02-03	9526.74
2008-02-04	9509.97
2008-02-05	9414.91
2008-02-06	9284.79
2008-02-07	9288.69
2008-02-08	9329.5
2008-02-09	9329.5
2008-02-10	9329.5
2008-02-11	9234.28
2008-02-12	9340.24
2008-02-13	9301.01
2008-02-14	9390.35
2008-02-15	9302.87
2008-02-16	9302.87
2008-02-17	9302.87
2008-02-18	9287.97
2008-02-19	9312.29
2008-02-20	9220.12
2008-02-21	9293.91
2008-02-22	9254.54
2008-02-23	9254.54
2008-02-24	9254.54
2008-02-25	9333.58
2008-02-26	9377.6
2008-02-27	9430.4
2008-02-28	9303.54
2008-02-29	9270.61
2008-03-01	9270.61
2008-03-02	9270.61
2008-03-03	9109.44
2008-03-04	9152.62
2008-03-05	9174.58
2008-03-06	9203.78
2008-03-07	9036.94
2008-03-08	9036.94
2008-03-09	9036.94
2008-03-10	9022.86
2008-03-11	9001.19
2008-03-12	9092.43
2008-03-13	8978.18
2008-03-14	9035.68
2008-03-15	9035.68
2008-03-16	9035.68
2008-03-17	8940.7
2008-03-18	9015.32
2008-03-19	9147.4
2008-03-20	9063.26
2008-03-21	9062.05
2008-03-22	9062.05
2008-03-23	9062.05
2008-03-24	9060.19
2008-03-25	9233.82
2008-03-26	9249.05
2008-03-27	9227.49
2008-03-28	9209.69
2008-03-29	9209.69
2008-03-30	9209.69
2008-03-31	9242.23
2008-04-01	9287.95
2008-04-02	9388.26
2008-04-03	9454.73
2008-04-04	9450.7
2008-04-05	9450.7
2008-04-06	9450.7
2008-04-07	9444.46
2008-04-08	9393.86
2008-04-09	9334.86
2008-04-10	9283.05
2008-04-11	9271.73
2008-04-12	9271.73
2008-04-13	9271.73
2008-04-14	9216.02
2008-04-15	9285.75
2008-04-16	9334.45
2008-04-17	9358.77
2008-04-18	9327.96
2008-04-19	9327.96
2008-04-20	9327.96
2008-04-21	9445.59
2008-04-22	9382.32
2008-04-23	9436.74
2008-04-24	9391.12
2008-04-25	9392.93
2008-04-26	9392.93
2008-04-27	9392.93
2008-04-28	9446.71
2008-04-29	9454.57
2008-04-30	9437.32
2008-05-01	9454.58
2008-05-02	9528.99
2008-05-03	9528.99
2008-05-04	9528.99
2008-05-05	9514.28
2008-05-06	9491.32
2008-05-07	9454.81
2008-05-08	9517.48
2008-05-09	9530.11
2008-05-10	9530.11
2008-05-11	9530.11
2008-05-12	9574.34
2008-05-13	9562.28
2008-05-14	9619.85
2008-05-15	9639.09
2008-05-16	9640.07
2008-05-17	9640.07
2008-05-18	9640.07
2008-05-19	9637.42
2008-05-20	9589.03
2008-05-21	9506.92
2008-05-22	9528.93
2008-05-23	9450.27
2008-05-24	9450.27
2008-05-25	9450.27
2008-05-26	9410.07
2008-05-27	9418.76
2008-05-28	9365.93
2008-05-29	9432.79
2008-05-30	9388.02
2008-05-31	9388.02
2008-06-01	9388.02
2008-06-02	9399.74
2008-06-03	9356.02
2008-06-04	9359.45
2008-06-05	9367.91
2008-06-06	9365.75
2008-06-07	9365.75
2008-06-08	9365.75
2008-06-09	9367.17
2008-06-10	9230.31
2008-06-11	9244.63
2008-06-12	9170.26
2008-06-13	9202.42
2008-06-14	9202.42
2008-06-15	9202.42
2008-06-16	9216.27
2008-06-17	9386.87
2008-06-18	9250.65
2008-06-19	9185.16
2008-06-20	9103.72
2008-06-21	9103.72
2008-06-22	9103.72
2008-06-23	9103.77
2008-06-24	9116.7
2008-06-25	9064.32
2008-06-26	9094.08
2008-06-27	9013.18
2008-06-28	9013.18
2008-06-29	9013.18
2008-06-30	9053.3
2008-07-01	8904.35
2008-07-02	8837.73
2008-07-03	8795.43
2008-07-04	8854.31
2008-07-05	8854.31
2008-07-06	8854.31
2008-07-07	8809.09
2008-07-08	8720.58
2008-07-09	8756.75
2008-07-10	8665.54
2008-07-11	8647.31
2008-07-12	8647.31
2008-07-13	8647.31
2008-07-14	8564.76
2008-07-15	8442.15
2008-07-16	8504.15
2008-07-17	8606.16
2008-07-18	8864.93
2008-07-19	8864.93
2008-07-20	8864.93
2008-07-21	8974.29
2008-07-22	8988.29
2008-07-23	9109.57
2008-07-24	9109.01
2008-07-25	8993.69
2008-07-26	8993.69
2008-07-27	8993.69
2008-07-28	9005.73
2008-07-29	8981.07
2008-07-30	9101.93
2008-07-31	9110.4
2008-08-01	9082.28
2008-08-02	9082.28
2008-08-03	9082.28
2008-08-04	8961.25
2008-08-05	9000.64
2008-08-06	9107.84
2008-08-07	9102.28
2008-08-08	9156.37
2008-08-09	9156.37
2008-08-10	9156.37
2008-08-11	9136.03
2008-08-12	9161.98
2008-08-13	9068.73
2008-08-14	9077.26
2008-08-15	9102.55
2008-08-16	9102.55
2008-08-17	9102.55
2008-08-18	9119.73
2008-08-19	8999.18
2008-08-20	9064.07
2008-08-21	9024.23
2008-08-22	9105.23
2008-08-23	9105.23
2008-08-24	9105.23
2008-08-25	9110.16
2008-08-26	9122.44
2008-08-27	9130.24
2008-08-28	9192.26
2008-08-29	9238.21
2008-08-30	9238.21
2008-08-31	9238.21
2008-09-01	9291.41
2008-09-02	9330.74
2008-09-03	9287.96
2008-09-04	9177.33
2008-09-05	9163.08
2008-09-06	9163.08
2008-09-07	9163.08
2008-09-08	9356.37
2008-09-09	9265.37
2008-09-10	9226.72
2008-09-11	9198.33
2008-09-12	9211.52
2008-09-13	9211.52
2008-09-14	9211.52
2008-09-15	9079.81
2008-09-16	9083.53
2008-09-17	9027.02
2008-09-18	8965.47
2008-09-19	9160.51
2008-09-20	9160.51
2008-09-21	9160.51
2008-09-22	8998.18
2008-09-23	8913.72
2008-09-24	8947.27
2008-09-25	8942.47
2008-09-26	8915.85
2008-09-27	8915.85
2008-09-28	8915.85
2008-09-29	8984.26
2008-09-30	8885.16
2008-10-01	9024.32
2008-10-02	9012.52
2008-10-03	8952.48
2008-10-04	8952.48
2008-10-05	8952.48
2008-10-06	8940.86
2008-10-07	9035.48
2008-10-08	8850.14
2008-10-09	8564.9
2008-10-10	8415.92
2008-10-11	8415.92
2008-10-12	8415.92
2008-10-13	8695.76
2008-10-14	8718.35
2008-10-15	8625.25
2008-10-16	8442.8
2008-10-17	8411.39
2008-10-18	8411.39
2008-10-19	8411.39
2008-10-20	8511.52
2008-10-21	8587.5
2008-10-22	8195.48
2008-10-23	8109.4
2008-10-24	8052.64
2008-10-25	8052.64
2008-10-26	8052.64
2008-10-27	7997.06
2008-10-28	8101.04
2008-10-29	8268.62
2008-10-30	8443.54
2008-10-31	8476.3
2008-11-01	8476.3
2008-11-02	8476.3
2008-11-03	8371.95
2008-11-04	8405.38
2008-11-05	8448.56
2008-11-06	8274.51
2008-11-07	8247.32
2008-11-08	8247.32
2008-11-09	8247.32
2008-11-10	8306.03
2008-11-11	8255.5
2008-11-12	8220.35
2008-11-13	8103.21
2008-11-14	8085.5
2008-11-15	8085.5
2008-11-16	8085.5
2008-11-17	7990.61
2008-11-18	7894.58
2008-11-19	7812.8
2008-11-20	7706.83
2008-11-21	7778.45
2008-11-22	7778.45
2008-11-23	7778.45
2008-11-24	7660.85
2008-11-25	7845.42
2008-11-26	7782.72
2008-11-27	7811.25
2008-11-28	7979.81
2008-11-29	7979.81
2008-11-30	7979.81
2008-12-01	7856.03
2008-12-02	7793.53
2008-12-03	7791.65
2008-12-04	7761.43
2008-12-05	7770.04
2008-12-06	7770.04
2008-12-07	7770.04
2008-12-08	7929.82
2008-12-09	7853.86
2008-12-10	7922.75
2008-12-11	7833.84
2008-12-12	7790.85
2008-12-13	7790.85
2008-12-14	7790.85
2008-12-15	7917.35
2008-12-16	7894.01
2008-12-17	7879.32
2008-12-18	7893.4
2008-12-19	7961.85
2008-12-20	7961.85
2008-12-21	7961.85
2008-12-22	7819.22
2008-12-23	7845.66
2008-12-24	7865.15
2008-12-25	7865.15
2008-12-26	7865.15
2008-12-27	7865.15
2008-12-28	7865.15
2008-12-29	7914.52
2008-12-30	7956.33
2008-12-31	7988.46
2009-01-01	7997.33
2009-01-02	8006.37
2009-01-03	8006.37
2009-01-04	8006.37
2009-01-05	8010.02
2009-01-06	8042.27
2009-01-07	8091.39
2009-01-08	8069.47
2009-01-09	8055.43
2009-01-10	8055.43
2009-01-11	8055.43
2009-01-12	8020.62
2009-01-13	8023.86
2009-01-14	7997.15
2009-01-15	7876.62
2009-01-16	7900.28
2009-01-17	7900.28
2009-01-18	7900.28
2009-01-19	7820.25
2009-01-20	7691.87
2009-01-21	7712.48
2009-01-22	7730.45
2009-01-23	7542.07
2009-01-24	7542.07
2009-01-25	7542.07
2009-01-26	7576.96
2009-01-27	7715.76
2009-01-28	7778.31
2009-01-29	7768.9
2009-01-30	7805.94
2009-01-31	7805.94
2009-02-01	7805.94
2009-02-02	7767.82
2009-02-03	7741.64
2009-02-04	7660.86
2009-02-05	7671.98
2009-02-06	7714.36
2009-02-07	7714.36
2009-02-08	7714.36
2009-02-09	7779.61
2009-02-10	7721.74
2009-02-11	7768.65
2009-02-12	7784.86
2009-02-13	7764.42
2009-02-14	7764.42
2009-02-15	7764.42
2009-02-16	7754.11
2009-02-17	7686.96
2009-02-18	7648.02
2009-02-19	7644.9
2009-02-20	7598.9
2009-02-21	7598.9
2009-02-22	7598.9
2009-02-23	7513.71
2009-02-24	7531.24
2009-02-25	7513.11
2009-02-26	7525.52
2009-02-27	7516.05
2009-02-28	7516.05
2009-03-01	7516.05
2009-03-02	7406.5
2009-03-03	7370.51
2009-03-04	7333.62
2009-03-05	7299.41
2009-03-06	7282.79
2009-03-07	7282.79
2009-03-08	7282.79
2009-03-09	7282.79
2009-03-10	7350.63
2009-03-11	7412.8
2009-03-12	7425.64
2009-03-13	7508.91
2009-03-14	7508.91
2009-03-15	7508.91
2009-03-16	7513.53
2009-03-17	7663.37
2009-03-18	7629.88
2009-03-19	7596.18
2009-03-20	7524.58
2009-03-21	7524.58
2009-03-22	7524.58
2009-03-23	7688.68
2009-03-24	7556.75
2009-03-25	7731.03
2009-03-26	7764.25
2009-03-27	7777.86
2009-03-28	7777.86
2009-03-29	7777.86
2009-03-30	7705.27
2009-03-31	7709.0
2009-04-01	7740.07
2009-04-02	7843.26
2009-04-03	7913.15
2009-04-04	7913.15
2009-04-05	7913.15
2009-04-06	7891.74
2009-04-07	7797.29
2009-04-08	7745.58
2009-04-09	7838.08
2009-04-10	7838.08
2009-04-11	7838.08
2009-04-12	7838.08
2009-04-13	7838.08
2009-04-14	7870.12
2009-04-15	7765.0
2009-04-16	7938.11
2009-04-17	7943.0
2009-04-18	7943.0
2009-04-19	7943.0
2009-04-20	7813.91
2009-04-21	7749.81
2009-04-22	7719.24
2009-04-23	7771.03
2009-04-24	7760.92
2009-04-25	7760.92
2009-04-26	7760.92
2009-04-27	7947.8
2009-04-28	7928.14
2009-04-29	7912.51
2009-04-30	7986.73
2009-05-01	7975.1
2009-05-02	7975.1
2009-05-03	7975.1
2009-05-04	8145.7
2009-05-05	8142.56
2009-05-06	8128.56
2009-05-07	8124.12
2009-05-08	8154.64
2009-05-09	8154.64
2009-05-10	8154.64
2009-05-11	8128.18
2009-05-12	8083.64
2009-05-13	8036.44
2009-05-14	7948.21
2009-05-15	7981.95
2009-05-16	7981.95
2009-05-17	7981.95
2009-05-18	7985.59
2009-05-19	8022.92
2009-05-20	8034.59
2009-05-21	8008.21
2009-05-22	7943.76
2009-05-23	7943.76
2009-05-24	7943.76
2009-05-25	7956.9
2009-05-26	8042.08
2009-05-27	8017.23
2009-05-28	8014.5
2009-05-29	8057.77
2009-05-30	8057.77
2009-05-31	8057.77
2009-06-01	8151.28
2009-06-02	8171.64
2009-06-03	8239.78
2009-06-04	8206.51
2009-06-05	8207.48
2009-06-06	8207.48
2009-06-07	8207.48
2009-06-08	8207.48
2009-06-09	8160.07
2009-06-10	8226.16
2009-06-11	8218.57
2009-06-12	8244.63
2009-06-13	8244.63
2009-06-14	8244.63
2009-06-15	8236.24
2009-06-16	8159.96
2009-06-17	8123.91
2009-06-18	8101.72
2009-06-19	8098.31
2009-06-20	8098.31
2009-06-21	8098.31
2009-06-22	8114.32
2009-06-23	8004.0
2009-06-24	8024.17
2009-06-25	8095.42
2009-06-26	8116.65
2009-06-27	8116.65
2009-06-28	8116.65
2009-06-29	8180.95
2009-06-30	8244.0
2009-07-01	8148.34
2009-07-02	8164.23
2009-07-03	8117.29
2009-07-04	8117.29
2009-07-05	8117.29
2009-07-06	8120.08
2009-07-07	8075.29
2009-07-08	8121.49
2009-07-09	8099.19
2009-07-10	7958.61
2009-07-11	7958.61
2009-07-12	7958.61
2009-07-13	8102.54
2009-07-14	8187.17
2009-07-15	8236.82
2009-07-16	8294.73
2009-07-17	8316.3
2009-07-18	8316.3
2009-07-19	8316.3
2009-07-20	8341.61
2009-07-21	8357.5
2009-07-22	8373.19
2009-07-23	8387.15
2009-07-24	8421.23
2009-07-25	8421.23
2009-07-26	8421.23
2009-07-27	8435.47
2009-07-28	8436.58
2009-07-29	8448.43
2009-07-30	8481.87
2009-07-31	8526.47
2009-08-01	8526.47
2009-08-02	8526.47
2009-08-03	8533.45
2009-08-04	8636.34
2009-08-05	8583.43
2009-08-06	8624.13
2009-08-07	8613.79
2009-08-08	8613.79
2009-08-09	8613.79
2009-08-10	8624.69
2009-08-11	8690.96
2009-08-12	8646.66
2009-08-13	8726.03
2009-08-14	8764.65
2009-08-15	8764.65
2009-08-16	8764.65
2009-08-17	8693.66
2009-08-18	8683.4
2009-08-19	8701.24
2009-08-20	8709.6
2009-08-21	8671.92
2009-08-22	8671.92
2009-08-23	8671.92
2009-08-24	8779.81
2009-08-25	8782.67
2009-08-26	8854.3
2009-08-27	8832.74
2009-08-28	8849.09
2009-08-29	8849.09
2009-08-30	8849.09
2009-08-31	8852.55
2009-09-01	8852.93
2009-09-02	8777.47
2009-09-03	8766.72
2009-09-04	8780.23
2009-09-05	8780.23
2009-09-06	8780.23
2009-09-07	8806.25
2009-09-08	9004.47
2009-09-09	8891.72
2009-09-10	8957.27
2009-09-11	8981.36
2009-09-12	8981.36
2009-09-13	8981.36
2009-09-14	8955.52
2009-09-15	8967.67
2009-09-16	9054.31
2009-09-17	9105.66
2009-09-18	9112.96
2009-09-19	9112.96
2009-09-20	9112.96
2009-09-21	9099.17
2009-09-22	9071.0
2009-09-23	9114.15
2009-09-24	9080.96
2009-09-25	9066.64
2009-09-26	9066.64
2009-09-27	9066.64
2009-09-28	9070.7
2009-09-29	9118.47
2009-09-30	9108.0
2009-10-01	9078.71
2009-10-02	8993.47
2009-10-03	8993.47
2009-10-04	8993.47
2009-10-05	8946.03
2009-10-06	8981.49
2009-10-07	9089.09
2009-10-08	9095.49
2009-10-09	9150.27
2009-10-10	9150.27
2009-10-11	9150.27
2009-10-12	9108.4
2009-10-13	9146.34
2009-10-14	9191.56
2009-10-15	9201.76
2009-10-16	9181.77
2009-10-17	9181.77
2009-10-18	9181.77
2009-10-19	9148.36
2009-10-20	9201.63
2009-10-21	9153.8
2009-10-22	9152.02
2009-10-23	9149.81
2009-10-24	9149.81
2009-10-25	9149.81
2009-10-26	9125.66
2009-10-27	9051.46
2009-10-28	9004.47
2009-10-29	8889.24
2009-10-30	8961.22
2009-10-31	8961.22
2009-11-01	8961.22
2009-11-02	8878.1
2009-11-03	8878.1
2009-11-04	8881.84
2009-11-05	8884.82
2009-11-06	8933.65
2009-11-07	8933.65
2009-11-08	8933.65
2009-11-09	9015.36
2009-11-10	9055.49
2009-11-11	9092.83
2009-11-12	9073.63
2009-11-13	9048.43
2009-11-14	9048.43
2009-11-15	9048.43
2009-11-16	9106.53
2009-11-17	9110.38
2009-11-18	9114.12
2009-11-19	9125.8
2009-11-20	9057.03
2009-11-21	9057.03
2009-11-22	9057.03
2009-11-23	9082.1
2009-11-24	9062.0
2009-11-25	9091.9
2009-11-26	9065.72
2009-11-27	8957.42
2009-11-28	8957.42
2009-11-29	8957.42
2009-11-30	9069.96
2009-12-01	9098.73
2009-12-02	9111.94
2009-12-03	9118.31
2009-12-04	9087.72
2009-12-05	9087.72
2009-12-06	9087.72
2009-12-07	9067.3
2009-12-08	9056.24
2009-12-09	9045.98
2009-12-10	9015.51
2009-12-11	9051.43
2009-12-12	9051.43
2009-12-13	9051.43
2009-12-14	9082.3
2009-12-15	9092.28
2009-12-16	9110.56
2009-12-17	9127.87
2009-12-18	9113.7
2009-12-19	9113.7
2009-12-20	9113.7
2009-12-21	9111.22
2009-12-22	9181.92
2009-12-23	9224.9
2009-12-24	9273.28
2009-12-25	9273.28
2009-12-26	9273.28
2009-12-27	9273.28
2009-12-28	9273.28
2009-12-29	9300.47
2009-12-30	9282.7
2009-12-31	9302.0
2010-01-01	9302.0
2010-01-02	9302.0
2010-01-03	9302.0
2010-01-04	9291.66
2010-01-05	9366.38
2010-01-06	9352.99
2010-01-07	9341.22
2010-01-08	9346.3
2010-01-09	9346.3
2010-01-10	9346.3
2010-01-11	9234.44
2010-01-12	9303.33
2010-01-13	9313.66
2010-01-14	9346.12
2010-01-15	9324.03
2010-01-16	9324.03
2010-01-17	9324.03
2010-01-18	9335.68
2010-01-19	9321.02
2010-01-20	9308.96
2010-01-21	9254.18
2010-01-22	9177.3
2010-01-23	9177.3
2010-01-24	9177.3
2010-01-25	9163.88
2010-01-26	9149.23
2010-01-27	9105.37
2010-01-28	9103.39
2010-01-29	9044.88
2010-01-30	9044.88
2010-01-31	9044.88
2010-02-01	9040.02
2010-02-02	9141.59
2010-02-03	9154.68
2010-02-04	9100.4
2010-02-05	9032.49
2010-02-06	9032.49
2010-02-07	9032.49
2010-02-08	8991.16
2010-02-09	9001.32
2010-02-10	9012.0
2010-02-11	9026.87
2010-02-12	9039.23
2010-02-13	9039.23
2010-02-14	9039.23
2010-02-15	9016.77
2010-02-16	9052.49
2010-02-17	9126.9
2010-02-18	9121.19
2010-02-19	9116.13
2010-02-20	9116.13
2010-02-21	9116.13
2010-02-22	9178.9
2010-02-23	9171.16
2010-02-24	9153.73
2010-02-25	9115.81
2010-02-26	9150.55
2010-02-27	9150.55
2010-02-28	9150.55
2010-03-01	9204.06
2010-03-02	9227.14
2010-03-03	9261.3
2010-03-04	9288.03
2010-03-05	9306.97
2010-03-06	9306.97
2010-03-07	9306.97
2010-03-08	9349.87
2010-03-09	9349.27
2010-03-10	9339.54
2010-03-11	9343.34
2010-03-12	9348.16
2010-03-13	9348.16
2010-03-14	9348.16
2010-03-15	9330.67
2010-03-16	9357.97
2010-03-17	9395.75
2010-03-18	9403.96
2010-03-19	9405.21
2010-03-20	9405.21
2010-03-21	9405.21
2010-03-22	9395.21
2010-03-23	9435.45
2010-03-24	9419.42
2010-03-25	9419.98
2010-03-26	9451.39
2010-03-27	9451.39
2010-03-28	9451.39
2010-03-29	9451.87
2010-03-30	9468.96
2010-03-31	9436.0
2010-04-01	9475.7
2010-04-02	9481.4
2010-04-03	9481.4
2010-04-04	9481.4
2010-04-05	9491.86
2010-04-06	9525.31
2010-04-07	9490.25
2010-04-08	9481.17
2010-04-09	9500.56
2010-04-10	9500.56
2010-04-11	9500.56
2010-04-12	9541.77
2010-04-13	9519.4
2010-04-14	9556.14
2010-04-15	9572.47
2010-04-16	9554.89
2010-04-17	9554.89
2010-04-18	9554.89
2010-04-19	9500.48
2010-04-20	9514.58
2010-04-21	9524.96
2010-04-22	9504.13
2010-04-23	9520.47
2010-04-24	9520.47
2010-04-25	9520.47
2010-04-26	9520.31
2010-04-27	9482.52
2010-04-28	9408.89
2010-04-29	9416.91
2010-04-30	9416.8
2010-05-01	9416.8
2010-05-02	9416.8
2010-05-03	9425.46
2010-05-04	9378.87
2010-05-05	9299.97
2010-05-06	9197.66
2010-05-07	9082.01
2010-05-08	9082.01
2010-05-09	9082.01
2010-05-10	9246.84
2010-05-11	9186.02
2010-05-12	9244.66
2010-05-13	9288.77
2010-05-14	9217.87
2010-05-15	9217.87
2010-05-16	9217.87
2010-05-17	9128.07
2010-05-18	9128.0
2010-05-19	9082.74
2010-05-20	8983.14
2010-05-21	8972.61
2010-05-22	8972.61
2010-05-23	8972.61
2010-05-24	9002.15
2010-05-25	8919.85
2010-05-26	8911.0
2010-05-27	9022.33
2010-05-28	9076.98
2010-05-29	9076.98
2010-05-30	9076.98
2010-05-31	9080.18
2010-06-01	9042.95
2010-06-02	9041.3
2010-06-03	9143.37
2010-06-04	9062.98
2010-06-05	9062.98
2010-06-06	9062.98
2010-06-07	8973.44
2010-06-08	9008.06
2010-06-09	9001.42
2010-06-10	9070.8
2010-06-11	9122.18
2010-06-12	9122.18
2010-06-13	9122.18
2010-06-14	9125.57
2010-06-15	9163.05
2010-06-16	9193.51
2010-06-17	9191.68
2010-06-18	9196.89
2010-06-19	9196.89
2010-06-20	9196.89
2010-06-21	9230.36
2010-06-22	9186.75
2010-06-23	9139.44
2010-06-24	9103.29
2010-06-25	9066.46
2010-06-26	9066.46
2010-06-27	9066.46
2010-06-28	9031.48
2010-06-29	8979.54
2010-06-30	8945.0
2010-07-01	8905.98
2010-07-02	8887.13
2010-07-03	8887.13
2010-07-04	8887.13
2010-07-05	8879.17
2010-07-06	8918.48
2010-07-07	8957.19
2010-07-08	9021.54
2010-07-09	9067.04
2010-07-10	9067.04
2010-07-11	9067.04
2010-07-12	9079.64
2010-07-13	9077.69
2010-07-14	9148.0
2010-07-15	9138.89
2010-07-16	9082.2
2010-07-17	9082.2
2010-07-18	9082.2
2010-07-19	8955.94
2010-07-20	9087.99
2010-07-21	9080.06
2010-07-22	9093.3
2010-07-23	9153.28
2010-07-24	9153.28
2010-07-25	9153.28
2010-07-26	9194.72
2010-07-27	9197.87
2010-07-28	9236.32
2010-07-29	9204.44
2010-07-30	9177.45
2010-07-31	9177.45
2010-08-01	9177.45
2010-08-02	9261.8
2010-08-03	9284.35
2010-08-04	9267.41
2010-08-05	9283.58
2010-08-06	9271.62
2010-08-07	9271.62
2010-08-08	9271.62
2010-08-09	9298.82
2010-08-10	9246.13
2010-08-11	9139.4
2010-08-12	9106.69
2010-08-13	9130.52
2010-08-14	9130.52
2010-08-15	9130.52
2010-08-16	9139.23
2010-08-17	9173.36
2010-08-18	9188.02
2010-08-19	9162.74
2010-08-20	9130.43
2010-08-21	9130.43
2010-08-22	9130.43
2010-08-23	9117.84
2010-08-24	9079.18
2010-08-25	9040.98
2010-08-26	9055.18
2010-08-27	9083.68
2010-08-28	9083.68
2010-08-29	9083.68
2010-08-30	9127.46
2010-08-31	9113.76
2010-09-01	9207.69
2010-09-02	9249.31
2010-09-03	9264.94
2010-09-04	9264.94
2010-09-05	9264.94
2010-09-06	9303.84
2010-09-07	9283.28
2010-09-08	9257.99
2010-09-09	9282.54
2010-09-10	9267.43
2010-09-11	9267.43
2010-09-12	9267.43
2010-09-13	9323.39
2010-09-14	9336.86
2010-09-15	9363.73
2010-09-16	9314.18
2010-09-17	9334.78
2010-09-18	9334.78
2010-09-19	9334.78
2010-09-20	9352.97
2010-09-21	9343.48
2010-09-22	9334.96
2010-09-23	9333.0
2010-09-24	9344.44
2010-09-25	9344.44
2010-09-26	9344.44
2010-09-27	9368.25
2010-09-28	9387.72
2010-09-29	9362.1
2010-09-30	9318.0
2010-10-01	9314.26
2010-10-02	9314.26
2010-10-03	9314.26
2010-10-04	9347.25
2010-10-05	9382.21
2010-10-06	9428.48
2010-10-07	9422.05
2010-10-08	9415.33
2010-10-09	9415.33
2010-10-10	9415.33
2010-10-11	9422.28
2010-10-12	9362.5
2010-10-13	9377.08
2010-10-14	9433.25
2010-10-15	9433.03
2010-10-16	9433.03
2010-10-17	9433.03
2010-10-18	9415.63
2010-10-19	9413.82
2010-10-20	9388.74
2010-10-21	9392.43
2010-10-22	9424.74
2010-10-23	9424.74
2010-10-24	9424.74
2010-10-25	9454.38
2010-10-26	9435.8
2010-10-27	9415.47
2010-10-28	9442.12
2010-10-29	9426.75
2010-10-30	9426.75
2010-10-31	9426.75
2010-11-01	9444.46
2010-11-02	9450.06
2010-11-03	9457.36
2010-11-04	9504.52
2010-11-05	9543.56
2010-11-06	9543.56
2010-11-07	9543.56
2010-11-08	9523.81
2010-11-09	9487.91
2010-11-10	9476.88
2010-11-11	9492.09
2010-11-12	9463.42
2010-11-13	9463.42
2010-11-14	9463.42
2010-11-15	9445.77
2010-11-16	9432.6
2010-11-17	9380.67
2010-11-18	9415.22
2010-11-19	9416.06
2010-11-20	9416.06
2010-11-21	9416.06
2010-11-22	9418.32
2010-11-23	9369.89
2010-11-24	9368.67
2010-11-25	9385.73
2010-11-26	9401.91
2010-11-27	9401.91
2010-11-28	9401.91
2010-11-29	9406.61
2010-11-30	9368.09
2010-12-01	9401.26
2010-12-02	9490.23
2010-12-03	9488.66
2010-12-04	9488.66
2010-12-05	9488.66
2010-12-06	9486.71
2010-12-07	9514.65
2010-12-08	9506.24
2010-12-09	9528.73
2010-12-10	9542.85
2010-12-11	9542.85
2010-12-12	9542.85
2010-12-13	9532.97
2010-12-14	9545.78
2010-12-15	9548.53
2010-12-16	9572.59
2010-12-17	9559.92
2010-12-18	9559.92
2010-12-19	9559.92
2010-12-20	9527.99
2010-12-21	9560.12
2010-12-22	9574.4
2010-12-23	9590.22
2010-12-24	9576.55
2010-12-25	9576.55
2010-12-26	9576.55
2010-12-27	9575.83
2010-12-28	9567.84
2010-12-29	9570.43
2010-12-30	9579.26
2010-12-31	9533.0
2011-01-01	9533.0
2011-01-02	9533.0
2011-01-03	9561.04
2011-01-04	9581.43
2011-01-05	9567.76
2011-01-06	9579.25
2011-01-07	9563.75
2011-01-08	9563.75
2011-01-09	9563.75
2011-01-10	9554.16
2011-01-11	9598.49
2011-01-12	9615.76
2011-01-13	9664.78
2011-01-14	9699.45
2011-01-15	9699.45
2011-01-16	9699.45
2011-01-17	9657.63
2011-01-18	9690.47
2011-01-19	9678.13
2011-01-20	9654.81
2011-01-21	9622.14
2011-01-22	9622.14
2011-01-23	9622.14
2011-01-24	9654.96
2011-01-25	9687.06
2011-01-26	9695.55
2011-01-27	9702.16
2011-01-28	9653.22
2011-01-29	9653.22
2011-01-30	9653.22
2011-01-31	9642.22
2011-02-01	9649.17
2011-02-02	9688.92
2011-02-03	9699.17
2011-02-04	9720.32
2011-02-05	9720.32
2011-02-06	9720.32
2011-02-07	9733.55
2011-02-08	9761.39
2011-02-09	9772.65
2011-02-10	9784.76
2011-02-11	9768.99
2011-02-12	9768.99
2011-02-13	9768.99
2011-02-14	9827.44
2011-02-15	9838.3
2011-02-16	9845.99
2011-02-17	9853.75
2011-02-18	9853.56
2011-02-19	9853.56
2011-02-20	9853.56
2011-02-21	9822.23
2011-02-22	9769.05
2011-02-23	9752.15
2011-02-24	9698.48
2011-02-25	9750.47
2011-02-26	9750.47
2011-02-27	9750.47
2011-02-28	9761.06
2011-03-01	9735.76
2011-03-02	9731.57
2011-03-03	9752.57
2011-03-04	9798.17
2011-03-05	9798.17
2011-03-06	9798.17
2011-03-07	9742.08
2011-03-08	9770.92
2011-03-09	9739.68
2011-03-10	9680.21
2011-03-11	9622.98
2011-03-12	9622.98
2011-03-13	9622.98
2011-03-14	9579.3
2011-03-15	9495.38
2011-03-16	9514.75
2011-03-17	9540.71
2011-03-18	9577.84
2011-03-19	9577.84
2011-03-20	9577.84
2011-03-21	9612.79
2011-03-22	9615.31
2011-03-23	9629.74
2011-03-24	9662.81
2011-03-25	9694.26
2011-03-26	9694.26
2011-03-27	9694.26
2011-03-28	9668.93
2011-03-29	9697.34
2011-03-30	9757.45
2011-03-31	9778.0
2011-04-01	9797.84
2011-04-02	9797.84
2011-04-03	9797.84
2011-04-04	9849.98
2011-04-05	9853.25
2011-04-06	9852.75
2011-04-07	9828.58
2011-04-08	9853.91
2011-04-09	9853.91
2011-04-10	9853.91
2011-04-11	9870.09
2011-04-12	9804.05
2011-04-13	9821.46
2011-04-14	9785.19
2011-04-15	9776.55
2011-04-16	9776.55
2011-04-17	9776.55
2011-04-18	9763.28
2011-04-19	9753.19
2011-04-20	9781.4
2011-04-21	9820.98
2011-04-22	9819.47
2011-04-23	9819.47
2011-04-24	9819.47
2011-04-25	9820.05
2011-04-26	9824.71
2011-04-27	9809.59
2011-04-28	9813.39
2011-04-29	9788.33
2011-04-30	9788.33
2011-05-01	9788.33
2011-05-02	9786.46
2011-05-03	9763.64
2011-05-04	9721.45
2011-05-05	9722.27
2011-05-06	9714.66
2011-05-07	9714.66
2011-05-08	9714.66
2011-05-09	9728.53
2011-05-10	9731.05
2011-05-11	9770.86
2011-05-12	9705.68
2011-05-13	9727.78
2011-05-14	9727.78
2011-05-15	9727.78
2011-05-16	9623.08
2011-05-17	9684.75
2011-05-18	9684.02
2011-05-19	9743.76
2011-05-20	9694.94
2011-05-21	9694.94
2011-05-22	9694.94
2011-05-23	9590.52
2011-05-24	9548.4
2011-05-25	9590.14
2011-05-26	9685.21
2011-05-27	9713.44
2011-05-28	9713.44
2011-05-29	9713.44
2011-05-30	9704.17
2011-05-31	9751.23
2011-06-01	9706.09
2011-06-02	9569.77
2011-06-03	9551.87
2011-06-04	9551.87
2011-06-05	9551.87
2011-06-06	9626.14
2011-06-07	9620.2
2011-06-08	9601.46
2011-06-09	9614.95
2011-06-10	9616.76
2011-06-11	9616.76
2011-06-12	9616.76
2011-06-13	9611.66
2011-06-14	9636.29
2011-06-15	9597.96
2011-06-16	9533.53
2011-06-17	9537.76
2011-06-18	9537.76
2011-06-19	9537.76
2011-06-20	9518.89
2011-06-21	9590.33
2011-06-22	9603.41
2011-06-23	9569.15
2011-06-24	9550.55
2011-06-25	9550.55
2011-06-26	9550.55
2011-06-27	9543.95
2011-06-28	9560.12
2011-06-29	9613.86
2011-06-30	9719.0
2011-07-01	9720.41
2011-07-02	9720.41
2011-07-03	9720.41
2011-07-04	9752.79
2011-07-05	9741.8
2011-07-06	9745.55
2011-07-07	9750.85
2011-07-08	9781.21
2011-07-09	9781.21
2011-07-10	9781.21
2011-07-11	9691.44
2011-07-12	9615.18
2011-07-13	9617.99
2011-07-14	9596.33
2011-07-15	9608.83
2011-07-16	9608.83
2011-07-17	9608.83
2011-07-18	9583.14
2011-07-19	9568.42
2011-07-20	9659.59
2011-07-21	9681.28
2011-07-22	9725.34
2011-07-23	9725.34
2011-07-24	9725.34
2011-07-25	9653.92
2011-07-26	9687.5
2011-07-27	9597.15
2011-07-28	9529.77
2011-07-29	9503.45
2011-07-30	9503.45
2011-07-31	9503.45
2011-08-01	9547.1
2011-08-02	9482.53
2011-08-03	9383.07
2011-08-04	9270.64
2011-08-05	9105.91
2011-08-06	9105.91
2011-08-07	9105.91
2011-08-08	8936.19
2011-08-09	9030.55
2011-08-10	9031.45
2011-08-11	9095.42
2011-08-12	9164.03
2011-08-13	9164.03
2011-08-14	9164.03
2011-08-15	9279.08
2011-08-16	9251.54
2011-08-17	9281.32
2011-08-18	9173.16
2011-08-19	9010.59
2011-08-20	9010.59
2011-08-21	9010.59
2011-08-22	8996.22
2011-08-23	9106.76
2011-08-24	9131.27
2011-08-25	9141.86
2011-08-26	9118.05
2011-08-27	9118.05
2011-08-28	9118.05
2011-08-29	9236.56
2011-08-30	9232.45
2011-08-31	9299.08
2011-09-01	9299.72
2011-09-02	9218.37
2011-09-03	9218.37
2011-09-04	9218.37
2011-09-05	9100.96
2011-09-06	9025.06
2011-09-07	9151.12
2011-09-08	9175.14
2011-09-09	9122.66
2011-09-10	9122.66
2011-09-11	9122.66
2011-09-12	8986.45
2011-09-13	9039.0
2011-09-14	9023.17
2011-09-15	9123.9
2011-09-16	9187.46
2011-09-17	9187.46
2011-09-18	9187.46
2011-09-19	9107.07
2011-09-20	9075.7
2011-09-21	9072.84
2011-09-22	8949.81
2011-09-23	8916.23
2011-09-24	8916.23
2011-09-25	8916.23
2011-09-26	8918.99
2011-09-27	9091.74
2011-09-28	9099.41
2011-09-29	9101.98
2011-09-30	9068.0
2011-10-01	9068.0
2011-10-02	9068.0
2011-10-03	8938.59
2011-10-04	8947.71
2011-10-05	9011.63
2011-10-06	9187.92
2011-10-07	9274.35
2011-10-08	9274.35
2011-10-09	9274.35
2011-10-10	9288.26
2011-10-11	9347.0
2011-10-12	9331.66
2011-10-13	9344.97
2011-10-14	9316.58
2011-10-15	9316.58
2011-10-16	9316.58
2011-10-17	9361.82
2011-10-18	9284.27
2011-10-19	9312.58
2011-10-20	9236.93
2011-10-21	9253.28
2011-10-22	9253.28
2011-10-23	9253.28
2011-10-24	9375.04
2011-10-25	9328.19
2011-10-26	9369.14
2011-10-27	9504.68
2011-10-28	9519.54
2011-10-29	9519.54
2011-10-30	9519.54
2011-10-31	9426.3
2011-11-01	9336.64
2011-11-02	9313.86
2011-11-03	9330.34
2011-11-04	9413.52
2011-11-05	9413.52
2011-11-06	9413.52
2011-11-07	9405.58
2011-11-08	9446.7
2011-11-09	9452.29
2011-11-10	9389.76
2011-11-11	9475.8
2011-11-12	9475.8
2011-11-13	9475.8
2011-11-14	9457.3
2011-11-15	9446.46
2011-11-16	9416.39
2011-11-17	9408.17
2011-11-18	9314.99
2011-11-19	9314.99
2011-11-20	9314.99
2011-11-21	9282.05
2011-11-22	9240.17
2011-11-23	9144.94
2011-11-24	9135.09
2011-11-25	9070.33
2011-11-26	9070.33
2011-11-27	9070.33
2011-11-28	9193.62
2011-11-29	9236.16
2011-11-30	9302.44
2011-12-01	9412.05
2011-12-02	9467.4
2011-12-03	9467.4
2011-12-04	9467.4
2011-12-05	9516.77
2011-12-06	9464.3
2011-12-07	9488.03
2011-12-08	9442.62
2011-12-09	9411.7
2011-12-10	9411.7
2011-12-11	9411.7
2011-12-12	9412.48
2011-12-13	9348.39
2011-12-14	9329.97
2011-12-15	9295.75
2011-12-16	9308.5
2011-12-17	9308.5
2011-12-18	9308.5
2011-12-19	9201.11
2011-12-20	9221.08
2011-12-21	9290.07
2011-12-22	9259.98
2011-12-23	9320.69
2011-12-24	9320.69
2011-12-25	9320.69
2011-12-26	9319.1
2011-12-27	9321.18
2011-12-28	9246.09
2011-12-29	9252.38
2011-12-30	9242.74
2011-12-31	9241.0
2012-01-01	9241.0
2012-01-02	9257.47
2012-01-03	9300.47
2012-01-04	9385.08
2012-01-05	9336.09
2012-01-06	9299.05
2012-01-07	9299.05
2012-01-08	9299.05
2012-01-09	9291.05
2012-01-10	9348.87
2012-01-11	9386.74
2012-01-12	9396.64
2012-01-13	9395.03
2012-01-14	9395.03
2012-01-15	9395.03
2012-01-16	9372.46
2012-01-17	9430.4
2012-01-18	9451.44
2012-01-19	9477.58
2012-01-20	9499.03
2012-01-21	9499.03
2012-01-22	9499.03
2012-01-23	9483.81
2012-01-24	9480.61
2012-01-25	9511.79
2012-01-26	9515.45
2012-01-27	9534.86
2012-01-28	9534.86
2012-01-29	9534.86
2012-01-30	9514.79
2012-01-31	9503.51
2012-02-01	9490.67
2012-02-02	9533.36
2012-02-03	9535.25
2012-02-04	9535.25
2012-02-05	9535.25
2012-02-06	9570.98
2012-02-07	9544.96
2012-02-08	9559.24
2012-02-09	9561.13
2012-02-10	9516.54
2012-02-11	9516.54
2012-02-12	9516.54
2012-02-13	9563.99
2012-02-14	9525.05
2012-02-15	9534.41
2012-02-16	9477.5
2012-02-17	9501.59
2012-02-18	9501.59
2012-02-19	9501.59
2012-02-20	9584.0
2012-02-21	9629.29
2012-02-22	9629.62
2012-02-23	9620.57
2012-02-24	9655.88
2012-02-25	9655.88
2012-02-26	9655.88
2012-02-27	9618.67
2012-02-28	9631.75
2012-02-29	9656.53
2012-03-01	9623.95
2012-03-02	9631.52
2012-03-03	9631.52
2012-03-04	9631.52
2012-03-05	9638.3
2012-03-06	9551.05
2012-03-07	9509.88
2012-03-08	9572.15
2012-03-09	9608.78
2012-03-10	9608.78
2012-03-11	9608.78
2012-03-12	9619.37
2012-03-13	9698.15
2012-03-14	9740.57
2012-03-15	9714.04
2012-03-16	9729.52
2012-03-17	9729.52
2012-03-18	9729.52
2012-03-19	9748.12
2012-03-20	9739.74
2012-03-21	9713.0
2012-03-22	9735.57
2012-03-23	9719.96
2012-03-24	9719.96
2012-03-25	9719.96
2012-03-26	9723.36
2012-03-27	9764.04
2012-03-28	9802.1
2012-03-29	9787.88
2012-03-30	9795.32
2012-03-31	9797.0
2012-04-01	9797.0
2012-04-02	9804.36
2012-04-03	9811.3
2012-04-04	9771.93
2012-04-05	9741.09
2012-04-06	9738.95
2012-04-07	9738.95
2012-04-08	9738.95
2012-04-09	9729.82
2012-04-10	9687.56
2012-04-11	9640.32
2012-04-12	9688.43
2012-04-13	9714.63
2012-04-14	9714.63
2012-04-15	9714.63
2012-04-16	9689.19
2012-04-17	9712.64
2012-04-18	9764.22
2012-04-19	9766.9
2012-04-20	9776.96
2012-04-21	9776.96
2012-04-22	9776.96
2012-04-23	9745.78
2012-04-24	9776.4
2012-04-25	9786.71
2012-04-26	9796.17
2012-04-27	9794.09
2012-04-28	9794.09
2012-04-29	9794.09
2012-04-30	9858.26
2012-05-01	9917.65
2012-05-02	9903.87
2012-05-03	9905.89
2012-05-04	9855.13
2012-05-05	9855.13
2012-05-06	9855.13
2012-05-07	9779.24
2012-05-08	9780.91
2012-05-09	9739.54
2012-05-10	9767.95
2012-05-11	9770.66
2012-05-12	9770.66
2012-05-13	9770.66
2012-05-14	9764.91
2012-05-15	9711.35
2012-05-16	9603.67
2012-05-17	9575.81
2012-05-18	9477.72
2012-05-19	9477.72
2012-05-20	9477.72
2012-05-21	9522.24
2012-05-22	9582.87
2012-05-23	9526.47
2012-05-24	9516.87
2012-05-25	9483.58
2012-05-26	9483.58
2012-05-27	9483.58
2012-05-28	9512.69
2012-05-29	9571.8
2012-05-30	9543.9
2012-05-31	9544.02
2012-06-01	9503.28
2012-06-02	9503.28
2012-06-03	9503.28
2012-06-04	9415.34
2012-06-05	9461.64
2012-06-06	9482.89
2012-06-07	9545.05
2012-06-08	9503.28
2012-06-09	9503.28
2012-06-10	9503.28
2012-06-11	9493.22
2012-06-12	9523.65
2012-06-13	9498.31
2012-06-14	9496.77
2012-06-15	9519.08
2012-06-16	9519.08
2012-06-17	9519.08
2012-06-18	9582.73
2012-06-19	9600.3
2012-06-20	9608.27
2012-06-21	9546.6
2012-06-22	9515.91
2012-06-23	9515.91
2012-06-24	9515.91
2012-06-25	9480.86
2012-06-26	9457.48
2012-06-27	9498.82
2012-06-28	9502.96
2012-06-29	9573.39
2012-06-30	9574.0
2012-07-01	9574.0
2012-07-02	9618.56
2012-07-03	9633.71
2012-07-04	9671.65
2012-07-05	9663.21
2012-07-06	9635.08
2012-07-07	9635.08
2012-07-08	9635.08
2012-07-09	9595.66
2012-07-10	9570.41
2012-07-11	9566.11
2012-07-12	9545.89
2012-07-13	9573.69
2012-07-14	9573.69
2012-07-15	9573.69
2012-07-16	9590.75
2012-07-17	9613.32
2012-07-18	9599.69
2012-07-19	9684.82
2012-07-20	9653.81
2012-07-21	9653.81
2012-07-22	9653.81
2012-07-23	9574.56
2012-07-24	9555.27
2012-07-25	9548.6
2012-07-26	9606.63
2012-07-27	9675.22
2012-07-28	9675.22
2012-07-29	9675.22
2012-07-30	9708.1
2012-07-31	9724.95
2012-08-01	9719.28
2012-08-02	9702.12
2012-08-03	9708.86
2012-08-04	9708.86
2012-08-05	9708.86
2012-08-06	9755.19
2012-08-07	9801.03
2012-08-08	9813.11
2012-08-09	9809.0
2012-08-10	9796.82
2012-08-11	9796.82
2012-08-12	9796.82
2012-08-13	9810.9
2012-08-14	9830.95
2012-08-15	9817.05
2012-08-16	9877.87
2012-08-17	9922.98
2012-08-18	9922.98
2012-08-19	9922.98
2012-08-20	9936.85
2012-08-21	9970.73
2012-08-22	9964.8
2012-08-23	9969.44
2012-08-24	9949.36
2012-08-25	9949.36
2012-08-26	9949.36
2012-08-27	9951.72
2012-08-28	9963.2
2012-08-29	9964.46
2012-08-30	9917.22
2012-08-31	9936.66
2012-09-01	9936.66
2012-09-02	9936.66
2012-09-03	9989.02
2012-09-04	9943.0
2012-09-05	9929.01
2012-09-06	9988.74
2012-09-07	10004.6
2012-09-08	10004.6
2012-09-09	10004.6
2012-09-10	10025.71
2012-09-11	10013.1
2012-09-12	10053.55
2012-09-13	10041.69
2012-09-14	10109.02
2012-09-15	10109.02
2012-09-16	10109.02
2012-09-17	10115.87
2012-09-18	10115.46
2012-09-19	10143.99
2012-09-20	10134.24
2012-09-21	10138.37
2012-09-22	10138.37
2012-09-23	10138.37
2012-09-24	10117.0
2012-09-25	10100.64
2012-09-26	10071.6
2012-09-27	10093.61
2012-09-28	10090.4
2012-09-29	10090.4
2012-09-30	10090.0
2012-10-01	10118.09
2012-10-02	10191.71
2012-10-03	10212.22
2012-10-04	10227.54
2012-10-05	10281.09
2012-10-06	10281.09
2012-10-07	10281.09
2012-10-08	10258.76
2012-10-09	10269.63
2012-10-10	10231.24
2012-10-11	10231.19
2012-10-12	10237.35
2012-10-13	10237.35
2012-10-14	10237.35
2012-10-15	10243.22
2012-10-16	10280.89
2012-10-17	10307.3
2012-10-18	10328.22
2012-10-19	10318.53
2012-10-20	10318.53
2012-10-21	10318.53
2012-10-22	10289.74
2012-10-23	10257.76
2012-10-24	10199.83
2012-10-25	10206.93
2012-10-26	10165.42
2012-10-27	10165.42
2012-10-28	10165.42
2012-10-29	10171.93
2012-10-30	10195.03
2012-10-31	10213.4
2012-11-01	10168.91
2012-11-02	10169.2
2012-11-03	10169.2
2012-11-04	10169.2
2012-11-05	10168.93
2012-11-06	10178.3
2012-11-07	10184.17
2012-11-08	10154.53
2012-11-09	10156.18
2012-11-10	10156.18
2012-11-11	10156.18
2012-11-12	10131.42
2012-11-13	10066.88
2012-11-14	10073.38
2012-11-15	10039.65
2012-11-16	10007.58
2012-11-17	10007.58
2012-11-18	10007.58
2012-11-19	10056.17
2012-11-20	10081.76
2012-11-21	10068.84
2012-11-22	10112.86
2012-11-23	10125.27
2012-11-24	10125.27
2012-11-25	10125.27
2012-11-26	10131.37
2012-11-27	10158.97
2012-11-28	10163.93
2012-11-29	10221.29
2012-11-30	10271.77
2012-12-01	10271.77
2012-12-02	10271.77
2012-12-03	10303.88
2012-12-04	10263.96
2012-12-05	10298.97
2012-12-06	10298.03
2012-12-07	10354.14
2012-12-08	10354.14
2012-12-09	10354.14
2012-12-10	10361.43
2012-12-11	10396.03
2012-12-12	10397.57
2012-12-13	10389.03
2012-12-14	10380.78
2012-12-15	10380.78
2012-12-16	10380.78
2012-12-17	10377.79
2012-12-18	10416.78
2012-12-19	10452.34
2012-12-20	10468.41
2012-12-21	10461.42
2012-12-22	10461.42
2012-12-23	10461.42
2012-12-24	10482.97
2012-12-25	10491.46
2012-12-26	10486.89
2012-12-27	10500.3
2012-12-28	10507.46
2012-12-29	10507.46
2012-12-30	10507.46
2012-12-31	10495.38
2013-01-01	10495.6
2013-01-02	10560.76
2013-01-03	10585.13
2013-01-04	10576.95
2013-01-05	10576.95
2013-01-06	10576.95
2013-01-07	10572.24
2013-01-08	10547.21
2013-01-09	10586.23
2013-01-10	10602.24
2013-01-11	10608.42
2013-01-12	10608.42
2013-01-13	10608.42
2013-01-14	10611.25
2013-01-15	10606.31
2013-01-16	10628.28
2013-01-17	10680.33
2013-01-18	10694.16
2013-01-19	10694.16
2013-01-20	10694.16
2013-01-21	10710.01
2013-01-22	10686.59
2013-01-23	10707.32
2013-01-24	10757.76
2013-01-25	10794.96
2013-01-26	10794.96
2013-01-27	10794.96
2013-01-28	10792.82
2013-01-29	10828.44
2013-01-30	10848.94
2013-01-31	10828.34
2013-02-01	10880.13
2013-02-02	10880.13
2013-02-03	10880.13
2013-02-04	10817.9
2013-02-05	10815.6
2013-02-06	10876.61
2013-02-07	10888.76
2013-02-08	10939.35
2013-02-09	10939.35
2013-02-10	10939.35
2013-02-11	10941.4
2013-02-12	10940.27
2013-02-13	10971.82
2013-02-14	10988.68
2013-02-15	11023.28
2013-02-16	11023.28
2013-02-17	11023.28
2013-02-18	11059.22
2013-02-19	11122.23
2013-02-20	11141.18
2013-02-21	10996.86
2013-02-22	11038.59
2013-02-23	11038.59
2013-02-24	11038.59
2013-02-25	11090.64
2013-02-26	11039.34
2013-02-27	11085.11
2013-02-28	11155.78
2013-03-01	11149.78
2013-03-02	11149.78
2013-03-03	11149.78
2013-03-04	11091.5
2013-03-05	11161.76
2013-03-06	11206.23
2013-03-07	11209.65
2013-03-08	11233.64
2013-03-09	11233.64
2013-03-10	11233.64
2013-03-11	11253.81
2013-03-12	11208.86
2013-03-13	11176.18
2013-03-14	11108.18
2013-03-15	11197.92
2013-03-16	11197.92
2013-03-17	11197.92
2013-03-18	11079.88
2013-03-19	11037.5
2013-03-20	11018.03
2013-03-21	10981.33
2013-03-22	11010.09
2013-03-23	11010.09
2013-03-24	11010.09
2013-03-25	11010.15
2013-03-26	11015.59
2013-03-27	11069.79
2013-03-28	11069.13
2013-03-29	11073.24
2013-03-30	11073.24
2013-03-31	11079.47
2013-04-01	11066.13
2013-04-02	11105.75
2013-04-03	11042.32
2013-04-04	11001.09
2013-04-05	10971.5
2013-04-06	10971.5
2013-04-07	10971.5
2013-04-08	10992.84
2013-04-09	11066.53
2013-04-10	11094.12
2013-04-11	11141.23
2013-04-12	11143.76
2013-04-13	11143.76
2013-04-14	11143.76
2013-04-15	11082.26
2013-04-16	11072.53
2013-04-17	11094.29
2013-04-18	11000.12
2013-04-19	11017.35
2013-04-20	11017.35
2013-04-21	11017.35
2013-04-22	11067.74
2013-04-23	11163.85
2013-04-24	11276.45
2013-04-25	11281.77
2013-04-26	11281.82
2013-04-27	11281.82
2013-04-28	11281.82
2013-04-29	11325.43
2013-04-30	11399.51
2013-05-01	11389.16
2013-05-02	11366.54
2013-05-03	11380.66
2013-05-04	11380.66
2013-05-05	11380.66
2013-05-06	11406.96
2013-05-07	11418.87
2013-05-08	11492.01
2013-05-09	11471.16
2013-05-10	11538.41
2013-05-11	11538.41
2013-05-12	11538.41
2013-05-13	11546.81
2013-05-14	11565.42
2013-05-15	11537.07
2013-05-16	11516.92
2013-05-17	11552.96
2013-05-18	11552.96
2013-05-19	11552.96
2013-05-20	11576.49
2013-05-21	11560.94
2013-05-22	11559.26
2013-05-23	11411.07
2013-05-24	11339.05
2013-05-25	11339.05
2013-05-26	11339.05
2013-05-27	11334.72
2013-05-28	11374.46
2013-05-29	11358.7
2013-05-30	11321.53
2013-05-31	11318.18
2013-06-01	11318.18
2013-06-02	11318.18
2013-06-03	11241.58
2013-06-04	11292.97
2013-06-05	11208.9
2013-06-06	11145.17
2013-06-07	11138.47
2013-06-08	11138.47
2013-06-09	11138.47
2013-06-10	11149.39
2013-06-11	11147.81
2013-06-12	11078.84
2013-06-13	11024.05
2013-06-14	11127.72
2013-06-15	11127.72
2013-06-16	11127.72
2013-06-17	11195.48
2013-06-18	11222.16
2013-06-19	11233.32
2013-06-20	11102.53
2013-06-21	11025.76
2013-06-22	11025.76
2013-06-23	11025.76
2013-06-24	10900.52
2013-06-25	10924.42
2013-06-26	11024.55
2013-06-27	11135.53
2013-06-28	11146.69
2013-06-29	11146.69
2013-06-30	11146.69
2013-07-01	11050.25
2013-07-02	11191.07
2013-07-03	11099.42
2013-07-04	11141.21
2013-07-05	11207.87
2013-07-06	11207.87
2013-07-07	11207.87
2013-07-08	11176.61
2013-07-09	11263.66
2013-07-10	11291.33
2013-07-11	11418.83
2013-07-12	11463.55
2013-07-13	11463.55
2013-07-14	11463.55
2013-07-15	11482.51
2013-07-16	11446.72
2013-07-17	11458.82
2013-07-18	11531.1
2013-07-19	11493.2
2013-07-20	11493.2
2013-07-21	11493.2
2013-07-22	11513.24
2013-07-23	11531.27
2013-07-24	11564.96
2013-07-25	11555.59
2013-07-26	11534.82
2013-07-27	11534.82
2013-07-28	11534.82
2013-07-29	11557.47
2013-07-30	11604.22
2013-07-31	11630.32
2013-08-01	11673.78
2013-08-02	11740.29
2013-08-03	11740.29
2013-08-04	11740.29
2013-08-05	11748.22
2013-08-06	11711.79
2013-08-07	11605.09
2013-08-08	11644.93
2013-08-09	11624.99
2013-08-10	11624.99
2013-08-11	11624.99
2013-08-12	11685.86
2013-08-13	11776.13
2013-08-14	11752.33
2013-08-15	11723.81
2013-08-16	11657.28
2013-08-17	11657.28
2013-08-18	11657.28
2013-08-19	11671.81
2013-08-20	11663.59
2013-08-21	11679.25
2013-08-22	11664.66
2013-08-23	11734.72
2013-08-24	11734.72
2013-08-25	11734.72
2013-08-26	11753.75
2013-08-27	11747.04
2013-08-28	11679.39
2013-08-29	11701.57
2013-08-30	11734.78
2013-08-31	11734.78
2013-09-01	11734.78
2013-09-02	11802.15
2013-09-03	11791.53
2013-09-04	11762.45
2013-09-05	11769.1
2013-09-06	11757.04
2013-09-07	11757.04
2013-09-08	11757.04
2013-09-09	11815.1
2013-09-10	11841.57
2013-09-11	11896.91
2013-09-12	11922.7
2013-09-13	11901.1
2013-09-14	11901.1
2013-09-15	11901.1
2013-09-16	11933.32
2013-09-17	11933.37
2013-09-18	11940.99
2013-09-19	12001.29
2013-09-20	11991.22
2013-09-21	11991.22
2013-09-22	11991.22
2013-09-23	11923.93
2013-09-24	11925.56
2013-09-25	11976.03
2013-09-26	11994.96
2013-09-27	12020.43
2013-09-28	12020.43
2013-09-29	12020.43
2013-09-30	11916.37
2013-10-01	11907.66
2013-10-02	11915.25
2013-10-03	11913.66
2013-10-04	11867.62
2013-10-05	11867.62
2013-10-06	11867.62
2013-10-07	11808.23
2013-10-08	11779.06
2013-10-09	11768.69
2013-10-10	11812.63
2013-10-11	11911.73
2013-10-12	11911.73
2013-10-13	11911.73
2013-10-14	11895.95
2013-10-15	11923.58
2013-10-16	11952.61
2013-10-17	11987.83
2013-10-18	12032.07
2013-10-19	12032.07
2013-10-20	12032.07
2013-10-21	12068.17
2013-10-22	12102.27
2013-10-23	12086.66
2013-10-24	12123.65
2013-10-25	12138.36
2013-10-26	12138.36
2013-10-27	12138.36
2013-10-28	12192.55
2013-10-29	12205.2
2013-10-30	12224.66
2013-10-31	12202.71
2013-11-01	12193.56
2013-11-02	12193.56
2013-11-03	12193.56
2013-11-04	12161.08
2013-11-05	12192.05
2013-11-06	12205.03
2013-11-07	12197.82
2013-11-08	12203.26
2013-11-09	12203.26
2013-11-10	12203.26
2013-11-11	12197.99
2013-11-12	12204.04
2013-11-13	12142.88
2013-11-14	12191.31
2013-11-15	12240.6
2013-11-16	12240.6
2013-11-17	12240.6
2013-11-18	12226.53
2013-11-19	12187.64
2013-11-20	12131.04
2013-11-21	12163.72
2013-11-22	12242.1
2013-11-23	12242.1
2013-11-24	12242.1
2013-11-25	12260.47
2013-11-26	12274.81
2013-11-27	12268.0
2013-11-28	12269.89
2013-11-29	12247.69
2013-11-30	12247.69
2013-12-01	12247.69
2013-12-02	12191.49
2013-12-03	12141.53
2013-12-04	12174.0
2013-12-05	12073.44
2013-12-06	12074.79
2013-12-07	12074.79
2013-12-08	12074.79
2013-12-09	12060.92
2013-12-10	12052.52
2013-12-11	12017.7
2013-12-12	11990.43
2013-12-13	12009.95
2013-12-14	12009.95
2013-12-15	12009.95
2013-12-16	12030.7
2013-12-17	12053.9
2013-12-18	12080.92
2013-12-19	12214.96
2013-12-20	12267.74
2013-12-21	12267.74
2013-12-22	12267.74
2013-12-23	12317.6
2013-12-24	12351.43
2013-12-25	12351.65
2013-12-26	12372.04
2013-12-27	12393.83
2013-12-28	12393.83
2013-12-29	12393.83
2013-12-30	12425.65
2013-12-31	12420.01
2014-01-01	12420.24
2014-01-02	12399.41
2014-01-03	12372.18
2014-01-04	12372.18
2014-01-05	12372.18
2014-01-06	12350.83
2014-01-07	12366.56
2014-01-08	12360.85
2014-01-09	12365.55
2014-01-10	12355.61
2014-01-11	12355.61
2014-01-12	12355.61
2014-01-13	12309.11
2014-01-14	12273.48
2014-01-15	12350.38
2014-01-16	12440.18
2014-01-17	12454.42
2014-01-18	12454.42
2014-01-19	12454.42
2014-01-20	12456.7
2014-01-21	12492.07
2014-01-22	12445.51
2014-01-23	12383.54
2014-01-24	12323.9
2014-01-25	12323.9
2014-01-26	12323.9
2014-01-27	12292.52
2014-01-28	12243.95
2014-01-29	12294.78
2014-01-30	12255.53
2014-01-31	12264.74
2014-02-01	12264.74
2014-02-02	12264.74
2014-02-03	12194.1
2014-02-04	12071.7
2014-02-05	12055.07
2014-02-06	12161.3
2014-02-07	12225.89
2014-02-08	12225.89
2014-02-09	12225.89
2014-02-10	12282.4
2014-02-11	12315.58
2014-02-12	12365.23
2014-02-13	12384.14
2014-02-14	12447.29
2014-02-15	12447.29
2014-02-16	12447.29
2014-02-17	12485.24
2014-02-18	12501.36
2014-02-19	12509.42
2014-02-20	12520.52
2014-02-21	12563.22
2014-02-22	12563.22
2014-02-23	12563.22
2014-02-24	12584.08
2014-02-25	12581.39
2014-02-26	12587.95
2014-02-27	12568.43
2014-02-28	12592.47
2014-03-01	12592.47
2014-03-02	12592.47
2014-03-03	12529.95
2014-03-04	12587.5
2014-03-05	12627.18
2014-03-06	12620.68
2014-03-07	12607.82
2014-03-08	12607.82
2014-03-09	12607.82
2014-03-10	12561.73
2014-03-11	12557.84
2014-03-12	12518.35
2014-03-13	12506.72
2014-03-14	12411.57
2014-03-15	12411.57
2014-03-16	12411.57
2014-03-17	12424.25
2014-03-18	12464.76
2014-03-19	12477.87
2014-03-20	12422.12
2014-03-21	12450.74
2014-03-22	12450.74
2014-03-23	12450.74
2014-03-24	12432.93
2014-03-25	12448.58
2014-03-26	12483.94
2014-03-27	12455.62
2014-03-28	12505.86
2014-03-29	12505.86
2014-03-30	12505.86
2014-03-31	12537.04
2014-04-01	12553.11
2014-04-02	12574.28
2014-04-03	12579.98
2014-04-04	12578.23
2014-04-05	12578.23
2014-04-06	12578.23
2014-04-07	12562.83
2014-04-08	12555.49
2014-04-09	12622.45
2014-04-10	12604.56
2014-04-11	12521.32
2014-04-12	12521.32
2014-04-13	12521.32
2014-04-14	12468.26
2014-04-15	12506.98
2014-04-16	12561.34
2014-04-17	12615.96
2014-04-18	12620.59
2014-04-19	12620.59
2014-04-20	12620.59
2014-04-21	12617.04
2014-04-22	12646.58
2014-04-23	12758.87
2014-04-24	12771.57
2014-04-25	12749.68
2014-04-26	12749.68
2014-04-27	12749.68
2014-04-28	12774.1
2014-04-29	12747.13
2014-04-30	12764.17
2014-05-01	12724.9
2014-05-02	12740.18
2014-05-03	12740.18
2014-05-04	12740.18
2014-05-05	12741.69
2014-05-06	12748.79
2014-05-07	12725.0
2014-05-08	12771.55
2014-05-09	12756.62
2014-05-10	12756.62
2014-05-11	12756.62
2014-05-12	12767.06
2014-05-13	12815.98
2014-05-14	12841.0
2014-05-15	12837.97
2014-05-16	12813.6
2014-05-17	12813.6
2014-05-18	12813.6
2014-05-19	12748.99
2014-05-20	12768.46
2014-05-21	12797.9
2014-05-22	12855.48
2014-05-23	12871.88
2014-05-24	12871.88
2014-05-25	12871.88
2014-05-26	12909.02
2014-05-27	12906.52
2014-05-28	12932.16
2014-05-29	12917.8
2014-05-30	12889.95
2014-05-31	12889.95
2014-06-01	12889.95
2014-06-02	12930.31
2014-06-03	12883.31
2014-06-04	12846.66
2014-06-05	12843.77
2014-06-06	12893.65
2014-06-07	12893.65
2014-06-08	12893.65
2014-06-09	12894.93
2014-06-10	12894.4
2014-06-11	12858.34
2014-06-12	12823.95
2014-06-13	12811.24
2014-06-14	12811.24
2014-06-15	12811.24
2014-06-16	12813.92
2014-06-17	12822.89
2014-06-18	12806.16
2014-06-19	12901.57
2014-06-20	12843.71
2014-06-21	12843.71
2014-06-22	12843.71
2014-06-23	12864.66
2014-06-24	12852.1
2014-06-25	12816.26
2014-06-26	12879.82
2014-06-27	12863.19
2014-06-28	12863.19
2014-06-29	12863.19
2014-06-30	12822.59
2014-07-01	12804.38
2014-07-02	12911.72
2014-07-03	12976.8
2014-07-04	12999.26
2014-07-05	12999.26
2014-07-06	12999.26
2014-07-07	12971.05
2014-07-08	12932.68
2014-07-09	12884.22
2014-07-10	12879.68
2014-07-11	12903.26
2014-07-12	12903.26
2014-07-13	12903.26
2014-07-14	12946.46
2014-07-15	12943.47
2014-07-16	12982.62
2014-07-17	12965.09
2014-07-18	12978.09
2014-07-19	12978.09
2014-07-20	12978.09
2014-07-21	12978.4
2014-07-22	12994.77
2014-07-23	13026.95
2014-07-24	13043.12
2014-07-25	13025.84
2014-07-26	13025.84
2014-07-27	13025.84
2014-07-28	13015.56
2014-07-29	13025.46
2014-07-30	13066.41
2014-07-31	13032.52
2014-08-01	12923.45
2014-08-02	12923.45
2014-08-03	12923.45
2014-08-04	12906.37
2014-08-05	12878.47
2014-08-06	12851.39
2014-08-07	12854.32
2014-08-08	12799.51
2014-08-09	12799.51
2014-08-10	12799.51
2014-08-11	12846.82
2014-08-12	12914.64
2014-08-13	12900.12
2014-08-14	12954.2
2014-08-15	12972.71
2014-08-16	12972.71
2014-08-17	12972.71
2014-08-18	13014.79
2014-08-19	13086.53
2014-08-20	13108.39
2014-08-21	13119.92
2014-08-22	13119.05
2014-08-23	13119.05
2014-08-24	13119.05
2014-08-25	13131.71
2014-08-26	13123.69
2014-08-27	13169.09
2014-08-28	13111.27
2014-08-29	13146.74
2014-08-30	13146.74
2014-08-31	13146.74
2014-09-01	13161.59
2014-09-02	13208.45
2014-09-03	13213.61
2014-09-04	13178.11
2014-09-05	13142.74
2014-09-06	13142.74
2014-09-07	13142.74
2014-09-08	13126.07
2014-09-09	13184.02
2014-09-10	13138.47
2014-09-11	13131.08
2014-09-12	13153.28
2014-09-13	13153.28
2014-09-14	13153.28
2014-09-15	13057.83
2014-09-16	13073.96
2014-09-17	13021.33
2014-09-18	13075.81
2014-09-19	13076.95
2014-09-20	13076.95
2014-09-21	13076.95
2014-09-22	13053.81
2014-09-23	13066.26
2014-09-24	13052.0
2014-09-25	13064.6
2014-09-26	13021.9
2014-09-27	13021.9
2014-09-28	13021.9
2014-09-29	13004.47
2014-09-30	13006.92
2014-10-01	13060.53
2014-10-02	12946.38
2014-10-03	13019.6
2014-10-04	13019.6
2014-10-05	13019.6
2014-10-06	13008.63
2014-10-07	12973.0
2014-10-08	12949.81
2014-10-09	12986.86
2014-10-10	12845.34
2014-10-11	12845.34
2014-10-12	12845.34
2014-10-13	12806.11
2014-10-14	12820.99
2014-10-15	12800.48
2014-10-16	12815.22
2014-10-17	12869.38
2014-10-18	12869.38
2014-10-19	12869.38
2014-10-20	12903.1
2014-10-21	12969.9
2014-10-22	13026.53
2014-10-23	13086.59
2014-10-24	13113.03
2014-10-25	13113.03
2014-10-26	13113.03
2014-10-27	13164.01
2014-10-28	13203.37
2014-10-29	13161.59
2014-10-30	13235.96
2014-10-31	13355.42
2014-11-01	13355.42
2014-11-02	13355.42
2014-11-03	13373.96
2014-11-04	13374.29
2014-11-05	13449.53
2014-11-06	13447.93
2014-11-07	13467.96
2014-11-08	13467.96
2014-11-09	13467.96
2014-11-10	13449.26
2014-11-11	13468.15
2014-11-12	13407.89
2014-11-13	13409.03
2014-11-14	13434.11
2014-11-15	13434.11
2014-11-16	13434.11
2014-11-17	13391.35
2014-11-18	13400.01
2014-11-19	13447.61
2014-11-20	13403.96
2014-11-21	13387.17
2014-11-22	13387.17
2014-11-23	13387.17
2014-11-24	13444.59
2014-11-25	13474.69
2014-11-26	13575.52
2014-11-27	13607.84
2014-11-28	13569.38
2014-11-29	13569.38
2014-11-30	13569.38
2014-12-01	13558.37
2014-12-02	13639.09
2014-12-03	13694.86
2014-12-04	13739.79
2014-12-05	13768.35
2014-12-06	13768.35
2014-12-07	13768.35
2014-12-08	13799.06
2014-12-09	13701.14
2014-12-10	13657.99
2014-12-11	13675.29
2014-12-12	13622.67
2014-12-13	13622.67
2014-12-14	13622.67
2014-12-15	13569.71
2014-12-16	13563.21
2014-12-17	13602.41
2014-12-18	13670.98
2014-12-19	13823.29
2014-12-20	13823.29
2014-12-21	13823.29
2014-12-22	13933.94
2014-12-23	13908.96
2014-12-24	13906.32
2014-12-25	13906.49
2014-12-26	13906.67
2014-12-27	13906.67
2014-12-28	13906.67
2014-12-29	13985.24
2014-12-30	13869.38
2014-12-31	13847.89
2015-01-01	13848.06
2015-01-02	13905.42
2015-01-03	13905.42
2015-01-04	13905.42
2015-01-05	13872.08
2015-01-06	13789.79
2015-01-07	13814.61
2015-01-08	13892.39
2015-01-09	13911.05
2015-01-10	13911.05
2015-01-11	13911.05
2015-01-12	13905.42
2015-01-13	13928.46
2015-01-14	13879.06
2015-01-15	13846.87
2015-01-16	13822.08
2015-01-17	13822.08
2015-01-18	13822.08
2015-01-19	13823.66
2015-01-20	13865.94
2015-01-21	13999.21
2015-01-22	14012.59
2015-01-23	14164.0
2015-01-24	14164.0
2015-01-25	14164.0
2015-01-26	14175.22
2015-01-27	14224.51
2015-01-28	14165.42
2015-01-29	14281.95
2015-01-30	14251.48
2015-01-31	14251.48
2015-02-01	14251.48
2015-02-02	14298.07
2015-02-03	14463.52
2015-02-04	14434.37
2015-02-05	14511.17
2015-02-06	14475.47
2015-02-07	14475.47
2015-02-08	14475.47
2015-02-09	14460.39
2015-02-10	14472.08
2015-02-11	14429.19
2015-02-12	14455.73
2015-02-13	14570.07
2015-02-14	14570.07
2015-02-15	14570.07
2015-02-16	14576.24
2015-02-17	14543.85
2015-02-18	14610.25
2015-02-19	14623.01
2015-02-20	14596.45
2015-02-21	14596.45
2015-02-22	14596.45
2015-02-23	14651.29
2015-02-24	14680.31
2015-02-25	14663.78
2015-02-26	14641.15
2015-02-27	14721.56
2015-02-28	14721.56
2015-03-01	14721.56
2015-03-02	14770.53
2015-03-03	14711.23
2015-03-04	14696.52
2015-03-05	14722.04
2015-03-06	14724.31
2015-03-07	14724.31
2015-03-08	14724.31
2015-03-09	14627.55
2015-03-10	14642.1
2015-03-11	14656.94
2015-03-12	14709.71
2015-03-13	14690.29
2015-03-14	14690.29
2015-03-15	14690.29
2015-03-16	14725.0
2015-03-17	14800.29
2015-03-18	14834.24
2015-03-19	14996.71
2015-03-20	15007.89
2015-03-21	15007.89
2015-03-22	15007.89
2015-03-23	14951.32
2015-03-24	14966.61
2015-03-25	14956.18
2015-03-26	14796.53
2015-03-27	14894.68
2015-03-28	14894.68
2015-03-29	14894.68
2015-03-30	14903.23
2015-03-31	14890.62
2015-04-01	14903.73
2015-04-02	14987.12
2015-04-03	14951.8
2015-04-04	14951.8
2015-04-05	14951.8
2015-04-06	14987.8
2015-04-07	15016.06
2015-04-08	15025.82
2015-04-09	15006.65
2015-04-10	15079.99
2015-04-11	15079.99
2015-04-12	15079.99
2015-04-13	15129.65
2015-04-14	15102.7
2015-04-15	15066.04
2015-04-16	15022.46
2015-04-17	14918.87
2015-04-18	14918.87
2015-04-19	14918.87
2015-04-20	14905.38
2015-04-21	14929.48
2015-04-22	14886.84
2015-04-23	14888.83
2015-04-24	14962.92
2015-04-25	14962.92
2015-04-26	14962.92
2015-04-27	14991.83
2015-04-28	14876.99
2015-04-29	14689.13
2015-04-30	14684.83
2015-05-01	14712.91
2015-05-02	14712.91
2015-05-03	14712.91
2015-05-04	14697.98
2015-05-05	14648.25
2015-05-06	14442.66
2015-05-07	14406.2
2015-05-08	14509.08
2015-05-09	14509.08
2015-05-10	14509.08
2015-05-11	14460.26
2015-05-12	14453.75
2015-05-13	14472.47
2015-05-14	14478.68
2015-05-15	14572.2
2015-05-16	14572.2
2015-05-17	14572.2
2015-05-18	14509.78
2015-05-19	14507.21
2015-05-20	14613.89
2015-05-21	14683.73
2015-05-22	14673.73
2015-05-23	14673.73
2015-05-24	14673.73
2015-05-25	14744.3
2015-05-26	14775.25
2015-05-27	14770.46
2015-05-28	14802.79
2015-05-29	14825.14
2015-05-30	14825.14
2015-05-31	14825.14
2015-06-01	14807.58
2015-06-02	14666.63
2015-06-03	14581.99
2015-06-04	14515.51
2015-06-05	14473.62
2015-06-06	14473.62
2015-06-07	14473.62
2015-06-08	14461.2
2015-06-09	14430.38
2015-06-10	14429.46
2015-06-11	14519.35
2015-06-12	14500.02
2015-06-13	14500.02
2015-06-14	14500.02
2015-06-15	14463.21
2015-06-16	14501.21
2015-06-17	14593.97
2015-06-18	14487.3
2015-06-19	14602.87
2015-06-20	14602.87
2015-06-21	14602.87
2015-06-22	14674.69
2015-06-23	14752.4
2015-06-24	14766.78
2015-06-25	14663.01
2015-06-26	14635.95
2015-06-27	14635.95
2015-06-28	14635.95
2015-06-29	14416.8
2015-06-30	14433.75
2015-07-01	14549.41
2015-07-02	14630.92
2015-07-03	14599.69
2015-07-04	14599.69
2015-07-05	14599.69
2015-07-06	14509.88
2015-07-07	14654.04
2015-07-08	14549.18
2015-07-09	14571.21
2015-07-10	14638.5
2015-07-11	14638.5
2015-07-12	14638.5
2015-07-13	14657.13
2015-07-14	14759.63
2015-07-15	14857.16
2015-07-16	14923.44
2015-07-17	14929.25
2015-07-18	14929.25
2015-07-19	14929.25
2015-07-20	14978.86
2015-07-21	14962.18
2015-07-22	14865.75
2015-07-23	14856.83
2015-07-24	14840.04
2015-07-25	14840.04
2015-07-26	14840.04
2015-07-27	14828.98
2015-07-28	14848.09
2015-07-29	14909.19
2015-07-30	14923.19
2015-07-31	14982.86
2015-08-01	14982.86
2015-08-02	14982.86
2015-08-03	15006.98
2015-08-04	14980.35
2015-08-05	14986.09
2015-08-06	14886.62
2015-08-07	14683.12
2015-08-08	14683.12
2015-08-09	14683.12
2015-08-10	14779.0
2015-08-11	14713.74
2015-08-12	14586.92
2015-08-13	14575.93
2015-08-14	14557.62
2015-08-15	14557.62
2015-08-16	14557.62
2015-08-17	14577.7
2015-08-18	14552.23
2015-08-19	14606.01
2015-08-20	14469.03
2015-08-21	14268.86
2015-08-22	14268.86
2015-08-23	14268.86
2015-08-24	13984.91
2015-08-25	14166.15
2015-08-26	14221.14
2015-08-27	14339.04
2015-08-28	14338.36
2015-08-29	14338.36
2015-08-30	14338.36
2015-08-31	14312.05
2015-09-01	14138.19
2015-09-02	14171.57
2015-09-03	14109.88
2015-09-04	14126.49
2015-09-05	14126.49
2015-09-06	14126.49
2015-09-07	14125.48
2015-09-08	14228.13
2015-09-09	14374.61
2015-09-10	14215.46
2015-09-11	14169.68
2015-09-12	14169.68
2015-09-13	14169.68
2015-09-14	14156.52
2015-09-15	14129.86
2015-09-16	14212.38
2015-09-17	14265.3
2015-09-18	14228.07
2015-09-19	14228.07
2015-09-20	14228.07
2015-09-21	14151.77
2015-09-22	14157.93
2015-09-23	14065.3
2015-09-24	14145.6
2015-09-25	14113.64
2015-09-26	14113.64
2015-09-27	14113.64
2015-09-28	14153.56
2015-09-29	13927.74
2015-09-30	14113.19
2015-10-01	14205.08
2015-10-02	14167.69
2015-10-03	14167.69
2015-10-04	14167.69
2015-10-05	14328.72
2015-10-06	14316.05
2015-10-07	14289.18
2015-10-08	14313.24
2015-10-09	14322.97
2015-10-10	14322.97
2015-10-11	14322.97
2015-10-12	14255.18
2015-10-13	14267.85
2015-10-14	14277.57
2015-10-15	14318.85
2015-10-16	14418.97
2015-10-17	14418.97
2015-10-18	14418.97
2015-10-19	14417.9
2015-10-20	14410.75
2015-10-21	14421.73
2015-10-22	14455.38
2015-10-23	14599.18
2015-10-24	14599.18
2015-10-25	14599.18
2015-10-26	14586.5
2015-10-27	14612.84
2015-10-28	14734.99
2015-10-29	14687.12
2015-10-30	14649.96
2015-10-31	14649.96
2015-11-01	14649.96
2015-11-02	14563.89
2015-11-03	14621.71
2015-11-04	14611.05
2015-11-05	14561.43
2015-11-06	14663.81
2015-11-07	14663.81
2015-11-08	14663.81
2015-11-09	14531.61
2015-11-10	14497.49
2015-11-11	14550.61
2015-11-12	14497.02
2015-11-13	14399.81
2015-11-14	14399.81
2015-11-15	14399.81
2015-11-16	14349.68
2015-11-17	14529.48
2015-11-18	14610.5
2015-11-19	14685.94
2015-11-20	14693.93
2015-11-21	14693.93
2015-11-22	14693.93
2015-11-23	14730.57
2015-11-24	14649.7
2015-11-25	14624.48
2015-11-26	14706.43
2015-11-27	14708.4
2015-11-28	14708.4
2015-11-29	14708.4
2015-11-30	14638.05
2015-12-01	14738.89
2015-12-02	14709.46
2015-12-03	14670.12
2015-12-04	14537.64
2015-12-05	14537.64
2015-12-06	14537.64
2015-12-07	14609.22
2015-12-08	14594.01
2015-12-09	14552.88
2015-12-10	14445.05
2015-12-11	14440.33
2015-12-12	14440.33
2015-12-13	14440.33
2015-12-14	14273.98
2015-12-15	14364.56
2015-12-16	14494.66
2015-12-17	14640.3
2015-12-18	14583.41
2015-12-19	14583.41
2015-12-20	14583.41
2015-12-21	14575.26
2015-12-22	14584.69
2015-12-23	14655.16
2015-12-24	14698.64
2015-12-25	14701.01
2015-12-26	14701.01
2015-12-27	14701.01
2015-12-28	14695.74
2015-12-29	14813.26
2015-12-30	14876.92
2015-12-31	14819.23
2016-01-01	14819.23
2016-01-02	14819.23
2016-01-03	14819.23
2016-01-04	14762.81
2016-01-05	14663.14
2016-01-06	14589.03
2016-01-07	14428.04
2016-01-08	14362.63
2016-01-09	14362.63
2016-01-10	14362.63
2016-01-11	14257.63
2016-01-12	14329.14
2016-01-13	14402.56
2016-01-14	14308.69
2016-01-15	14250.3
2016-01-16	14250.3
2016-01-17	14250.3
2016-01-18	14161.22
2016-01-19	14246.28
2016-01-20	14143.87
2016-01-21	14146.58
2016-01-22	14221.27
2016-01-23	14221.27
2016-01-24	14221.27
2016-01-25	14349.34
2016-01-26	14364.31
2016-01-27	14282.84
2016-01-28	14275.45
2016-01-29	14349.93
2016-01-30	14349.93
2016-01-31	14349.93
2016-02-01	14438.69
2016-02-02	14329.35
2016-02-03	14177.0
2016-02-04	14198.32
2016-02-05	14190.89
2016-02-06	14190.89
2016-02-07	14190.89
2016-02-08	14084.14
2016-02-09	13890.63
2016-02-10	13826.22
2016-02-11	13872.16
2016-02-12	13828.21
2016-02-13	13828.21
2016-02-14	13828.21
2016-02-15	13933.93
2016-02-16	14074.8
2016-02-17	14076.62
2016-02-18	14192.49
2016-02-19	14172.3
2016-02-20	14172.3
2016-02-21	14172.3
2016-02-22	14213.87
2016-02-23	14157.19
2016-02-24	14045.49
2016-02-25	14122.43
2016-02-26	14149.55
2016-02-27	14149.55
2016-02-28	14149.55
2016-02-29	14164.27
2016-03-01	14279.89
2016-03-02	14364.18
2016-03-03	14383.29
2016-03-04	14389.23
2016-03-05	14389.23
2016-03-06	14389.23
2016-03-07	14392.85
2016-03-08	14354.5
2016-03-09	14425.79
2016-03-10	14436.48
2016-03-11	14484.17
2016-03-12	14484.17
2016-03-13	14484.17
2016-03-14	14539.29
2016-03-15	14468.51
2016-03-16	14488.82
2016-03-17	14505.23
2016-03-18	14492.23
2016-03-19	14492.23
2016-03-20	14492.23
2016-03-21	14479.24
2016-03-22	14455.66
2016-03-23	14459.79
2016-03-24	14376.68
2016-03-25	14380.19
2016-03-26	14380.19
2016-03-27	14380.19
2016-03-28	14374.05
2016-03-29	14263.54
2016-03-30	14311.99
2016-03-31	14395.55
2016-04-01	14244.22
2016-04-02	14244.22
2016-04-03	14244.22
2016-04-04	14305.01
2016-04-05	14212.75
2016-04-06	14243.56
2016-04-07	14271.55
2016-04-08	14230.62
2016-04-09	14230.62
2016-04-10	14230.62
2016-04-11	14203.13
2016-04-12	14268.0
2016-04-13	14397.72
2016-04-14	14429.13
2016-04-15	14471.18
2016-04-16	14471.18
2016-04-17	14471.18
2016-04-18	14495.8
2016-04-19	14540.94
2016-04-20	14580.14
2016-04-21	14611.7
2016-04-22	14575.25
2016-04-23	14575.25
2016-04-24	14575.25
2016-04-25	14564.25
2016-04-26	14584.49
2016-04-27	14621.01
2016-04-28	14630.53
2016-04-29	14602.03
2016-04-30	14602.03
2016-05-01	14602.03
2016-05-02	14567.46
2016-05-03	14765.4
2016-05-04	14685.23
2016-05-05	14691.7
2016-05-06	14797.19
2016-05-07	14797.19
2016-05-08	14797.19
2016-05-09	14843.26
2016-05-10	14931.83
2016-05-11	14921.9
2016-05-12	14903.71
2016-05-13	14901.27
2016-05-14	14901.27
2016-05-15	14901.27
2016-05-16	14944.78
2016-05-17	14942.48
2016-05-18	14933.39
2016-05-19	14904.21
2016-05-20	14967.16
2016-05-21	14967.16
2016-05-22	14967.16
2016-05-23	14932.71
2016-05-24	14998.1
2016-05-25	15121.25
2016-05-26	15131.7
2016-05-27	15169.74
2016-05-28	15169.74
2016-05-29	15169.74
2016-05-30	15187.73
2016-05-31	15114.56
2016-06-01	15130.54
2016-06-02	15096.06
2016-06-03	15118.82
2016-06-04	15118.82
2016-06-05	15118.82
2016-06-06	15140.98
2016-06-07	15134.08
2016-06-08	15123.75
2016-06-09	15069.24
2016-06-10	14963.68
2016-06-11	14963.68
2016-06-12	14963.68
2016-06-13	14893.87
2016-06-14	14763.11
2016-06-15	14713.09
2016-06-16	14736.06
2016-06-17	14759.91
2016-06-18	14759.91
2016-06-19	14759.91
2016-06-20	14893.74
2016-06-21	14933.85
2016-06-22	14918.15
2016-06-23	14956.85
2016-06-24	14578.51
2016-06-25	14578.51
2016-06-26	14578.51
2016-06-27	14548.5
2016-06-28	14622.03
2016-06-29	14731.36
2016-06-30	14890.57
2016-07-01	14897.84
2016-07-02	14897.84
2016-07-03	14897.84
2016-07-04	14881.79
2016-07-05	14815.0
2016-07-06	14760.85
2016-07-07	14813.71
2016-07-08	14833.8
2016-07-09	14833.8
2016-07-10	14833.8
2016-07-11	15002.6
2016-07-12	15008.34
2016-07-13	15024.35
2016-07-14	15087.98
2016-07-15	15123.04
2016-07-16	15123.04
2016-07-17	15123.04
2016-07-18	15164.66
2016-07-19	15207.69
2016-07-20	15310.77
2016-07-21	15336.84
2016-07-22	15347.44
2016-07-23	15347.44
2016-07-24	15347.44
2016-07-25	15382.94
2016-07-26	15378.74
2016-07-27	15376.59
2016-07-28	15385.53
2016-07-29	15401.62
2016-07-30	15401.62
2016-07-31	15401.62
2016-08-01	15417.95
2016-08-02	15322.2
2016-08-03	15219.53
2016-08-04	15229.47
2016-08-05	15269.23
2016-08-06	15269.23
2016-08-07	15269.23
2016-08-08	15282.09
2016-08-09	15313.27
2016-08-10	15296.26
2016-08-11	15293.1
2016-08-12	15317.61
2016-08-13	15317.61
2016-08-14	15317.61
2016-08-15	15379.08
2016-08-16	15333.41
2016-08-17	15336.66
2016-08-18	15292.25
2016-08-19	15317.89
2016-08-20	15317.89
2016-08-21	15317.89
2016-08-22	15303.16
2016-08-23	15387.07
2016-08-24	15405.38
2016-08-25	15388.9
2016-08-26	15347.43
2016-08-27	15347.43
2016-08-28	15347.43
2016-08-29	15327.2
2016-08-30	15376.06
2016-08-31	15335.36
2016-09-01	15320.61
2016-09-02	15287.53
2016-09-03	15287.53
2016-09-04	15287.53
2016-09-05	15329.87
2016-09-06	15270.1
2016-09-07	15288.25
2016-09-08	15250.32
2016-09-09	15116.02
2016-09-10	15116.02
2016-09-11	15116.02
2016-09-12	14989.34
2016-09-13	14967.8
2016-09-14	15006.84
2016-09-15	15016.83
2016-09-16	15082.67
2016-09-17	15082.67
2016-09-18	15082.67
2016-09-19	15065.88
2016-09-20	15073.09
2016-09-21	15145.24
2016-09-22	15195.8
2016-09-23	15252.79
2016-09-24	15252.79
2016-09-25	15252.79
2016-09-26	15198.64
2016-09-27	15185.3
2016-09-28	15228.64
2016-09-29	15247.29
2016-09-30	15227.55
2016-10-01	15227.55
2016-10-02	15227.55
2016-10-03	15235.84
2016-10-04	15232.56
2016-10-05	15206.16
2016-10-06	15231.96
2016-10-07	15166.24
2016-10-08	15166.24
2016-10-09	15166.24
2016-10-10	15175.09
2016-10-11	15136.47
2016-10-12	15101.88
2016-10-13	15060.76
2016-10-14	15074.24
2016-10-15	15074.24
2016-10-16	15074.24
2016-10-17	14999.02
2016-10-18	15048.75
2016-10-19	15076.93
2016-10-20	15083.53
2016-10-21	15059.36
2016-10-22	15059.36
2016-10-23	15059.36
2016-10-24	15056.11
2016-10-25	15081.17
2016-10-26	14980.73
2016-10-27	14922.06
2016-10-28	14887.79
2016-10-29	14887.79
2016-10-30	14887.79
2016-10-31	14925.02
2016-11-01	14858.32
2016-11-02	14751.79
2016-11-03	14718.16
2016-11-04	14675.81
2016-11-05	14675.81
2016-11-06	14675.81
2016-11-07	14808.93
2016-11-08	14805.17
2016-11-09	14761.25
2016-11-10	14906.48
2016-11-11	14890.57
2016-11-12	14890.57
2016-11-13	14890.57
2016-11-14	14914.68
2016-11-15	14894.04
2016-11-16	14904.68
2016-11-17	14972.79
2016-11-18	15017.42
2016-11-19	15017.42
2016-11-20	15017.42
2016-11-21	15024.29
2016-11-22	15070.64
2016-11-23	15130.75
2016-11-24	15140.44
2016-11-25	15153.19
2016-11-26	15153.19
2016-11-27	15153.19
2016-11-28	15081.93
2016-11-29	15114.52
2016-11-30	15165.25
2016-12-01	15116.36
2016-12-02	15009.83
2016-12-03	15009.83
2016-12-04	15009.83
2016-12-05	14992.27
2016-12-06	15067.31
2016-12-07	15156.77
2016-12-08	15259.0
2016-12-09	15270.77
2016-12-10	15270.77
2016-12-11	15270.77
2016-12-12	15233.94
2016-12-13	15283.16
2016-12-14	15312.31
2016-12-15	15313.08
2016-12-16	15362.73
2016-12-17	15362.73
2016-12-18	15362.73
2016-12-19	15405.59
2016-12-20	15461.58
2016-12-21	15465.1
2016-12-22	15511.81
2016-12-23	15524.84
2016-12-24	15524.84
2016-12-25	15524.84
2016-12-26	15524.74
2016-12-27	15521.41
2016-12-28	15559.98
2016-12-29	15576.39
2016-12-30	15540.43
2016-12-31	15540.43
2017-01-01	15540.43
2017-01-02	15540.31
2017-01-03	15629.41
2017-01-04	15624.12
2017-01-05	15638.28
2017-01-06	15669.37
2017-01-07	15669.37
2017-01-08	15669.37
2017-01-09	15703.91
2017-01-10	15668.23
2017-01-11	15643.72
2017-01-12	15598.3
2017-01-13	15564.34
2017-01-14	15564.34
2017-01-15	15564.34
2017-01-16	15560.05
2017-01-17	15480.02
2017-01-18	15440.95
2017-01-19	15487.81
2017-01-20	15445.51
2017-01-21	15445.51
2017-01-22	15445.51
2017-01-23	15378.41
2017-01-24	15443.45
2017-01-25	15484.73
2017-01-26	15490.5
2017-01-27	15527.25
2017-01-28	15527.25
2017-01-29	15527.25
2017-01-30	15441.43
2017-01-31	15415.6
2017-02-01	15462.8
2017-02-02	15392.79
2017-02-03	15438.81
2017-02-04	15438.81
2017-02-05	15438.81
2017-02-06	15431.56
2017-02-07	15487.13
2017-02-08	15518.78
2017-02-09	15584.61
2017-02-10	15612.46
2017-02-11	15612.46
2017-02-12	15612.46
2017-02-13	15690.37
2017-02-14	15684.19
2017-02-15	15730.44
2017-02-16	15733.41
2017-02-17	15728.73
2017-02-18	15728.73
2017-02-19	15728.73
2017-02-20	15720.67
2017-02-21	15740.76
2017-02-22	15766.98
2017-02-23	15754.93
2017-02-24	15727.96
2017-02-25	15727.96
2017-02-26	15727.96
2017-02-27	15735.23
2017-02-28	15721.93
2017-03-01	15784.12
2017-03-02	15847.49
2017-03-03	15821.78
2017-03-04	15821.78
2017-03-05	15821.78
2017-03-06	15811.85
2017-03-07	15821.89
2017-03-08	15832.37
2017-03-09	15857.92
2017-03-10	15882.37
2017-03-11	15882.37
2017-03-12	15882.37
2017-03-13	15856.49
2017-03-14	15821.33
2017-03-15	15860.73
2017-03-16	15867.78
2017-03-17	15879.53
2017-03-18	15879.53
2017-03-19	15879.53
2017-03-20	15845.29
2017-03-21	15823.76
2017-03-22	15753.59
2017-03-23	15824.46
2017-03-24	15882.66
2017-03-25	15882.66
2017-03-26	15882.66
2017-03-27	15894.44
2017-03-28	15989.31
2017-03-29	16027.99
2017-03-30	16065.72
2017-03-31	16036.61
2017-04-01	16036.61
2017-04-02	16036.61
2017-04-03	16055.9
2017-04-04	16073.4
2017-04-05	16062.21
2017-04-06	16069.87
2017-04-07	16101.91
2017-04-08	16101.91
2017-04-09	16101.91
2017-04-10	16136.62
2017-04-11	16166.46
2017-04-12	16161.18
2017-04-13	16096.66
2017-04-14	16096.61
2017-04-15	16096.61
2017-04-16	16096.61
2017-04-17	16109.95
2017-04-18	16091.95
2017-04-19	16075.74
2017-04-20	16131.76
2017-04-21	16145.0
2017-04-22	16145.0
2017-04-23	16145.0
2017-04-24	16253.6
2017-04-25	16292.47
2017-04-26	16325.29
2017-04-27	16355.13
2017-04-28	16373.71
2017-04-29	16373.71
2017-04-30	16373.71
2017-05-01	16393.0
2017-05-02	16409.59
2017-05-03	16386.33
2017-05-04	16400.97
2017-05-05	16418.44
2017-05-06	16418.44
2017-05-07	16418.44
2017-05-08	16441.02
2017-05-09	16408.03
2017-05-10	16420.73
2017-05-11	16408.61
2017-05-12	16362.31
2017-05-13	16362.31
2017-05-14	16362.31
2017-05-15	16381.63
2017-05-16	16428.14
2017-05-17	16298.78
2017-05-18	16234.04
2017-05-19	16265.01
2017-05-20	16265.01
2017-05-21	16265.01
2017-05-22	16299.61
2017-05-23	16305.38
2017-05-24	16338.34
2017-05-25	16375.15
2017-05-26	16368.67
2017-05-27	16368.67
2017-05-28	16368.67
2017-05-29	16346.78
2017-05-30	16348.81
2017-05-31	16373.68
2017-06-01	16459.1
2017-06-02	16528.2
2017-06-03	16528.2
2017-06-04	16528.2
2017-06-05	16504.72
2017-06-06	16369.45
2017-06-07	16330.86
2017-06-08	16359.0
2017-06-09	16355.79
2017-06-10	16355.79
2017-06-11	16355.79
2017-06-12	16327.17
2017-06-13	16451.9
2017-06-14	16514.87
2017-06-15	16465.75
2017-06-16	16475.15
2017-06-17	16475.15
2017-06-18	16475.15
2017-06-19	16559.31
2017-06-20	16480.38
2017-06-21	16415.44
2017-06-22	16471.18
2017-06-23	16471.21
2017-06-24	16471.21
2017-06-25	16471.21
2017-06-26	16563.36
2017-06-27	16526.69
2017-06-28	16551.99
2017-06-29	16542.59
2017-06-30	16397.85
2017-07-01	16397.85
2017-07-02	16397.85
2017-07-03	16377.17
2017-07-04	16485.99
2017-07-05	16455.98
2017-07-06	16429.28
2017-07-07	16332.43
2017-07-08	16332.43
2017-07-09	16332.43
2017-07-10	16377.17
2017-07-11	16360.07
2017-07-12	16307.2
2017-07-13	16377.07
2017-07-14	16397.12
2017-07-15	16397.12
2017-07-16	16397.12
2017-07-17	16371.17
2017-07-18	16257.71
2017-07-19	16324.77
2017-07-20	16371.55
2017-07-21	16343.75
2017-07-22	16343.75
2017-07-23	16343.75
2017-07-24	16304.75
2017-07-25	16374.46
2017-07-26	16384.18
2017-07-27	16365.2
2017-07-28	16251.66
2017-07-29	16251.66
2017-07-30	16251.66
2017-07-31	16268.52
2017-08-01	16325.89
2017-08-02	16304.06
2017-08-03	16323.18
2017-08-04	16345.88
2017-08-05	16345.88
2017-08-06	16345.88
2017-08-07	16403.92
2017-08-08	16358.22
2017-08-09	16359.06
2017-08-10	16320.11
2017-08-11	16256.71
2017-08-12	16256.71
2017-08-13	16256.71
2017-08-14	16341.15
2017-08-15	16395.72
2017-08-16	16434.35
2017-08-17	16392.35
2017-08-18	16345.79
2017-08-19	16345.79
2017-08-20	16345.79
2017-08-21	16295.62
2017-08-22	16378.68
2017-08-23	16349.68
2017-08-24	16346.41
2017-08-25	16322.16
2017-08-26	16322.16
2017-08-27	16322.16
2017-08-28	16285.45
2017-08-29	16214.63
2017-08-30	16252.86
2017-08-31	16329.66
2017-09-01	16342.78
2017-09-02	16342.78
2017-09-03	16342.78
2017-09-04	16321.01
2017-09-05	16294.02
2017-09-06	16289.05
2017-09-07	16308.78
2017-09-08	16269.28
2017-09-09	16269.28
2017-09-10	16269.28
2017-09-11	16392.42
2017-09-12	16442.75
2017-09-13	16419.54
2017-09-14	16394.75
2017-09-15	16337.33
2017-09-16	16337.33
2017-09-17	16337.33
2017-09-18	16395.58
2017-09-19	16381.79
2017-09-20	16367.81
2017-09-21	16335.78
2017-09-22	16348.34
2017-09-23	16348.34
2017-09-24	16348.34
2017-09-25	16344.77
2017-09-26	16343.57
2017-09-27	16344.46
2017-09-28	16408.64
2017-09-29	16437.51
2017-09-30	16437.51
2017-10-01	16437.51
2017-10-02	16479.9
2017-10-03	16474.0
2017-10-04	16405.61
2017-10-05	16425.05
2017-10-06	16515.6
2017-10-07	16515.6
2017-10-08	16515.6
2017-10-09	16547.95
2017-10-10	16534.51
2017-10-11	16601.73
2017-10-12	16608.64
2017-10-13	16625.97
2017-10-14	16625.97
2017-10-15	16625.97
2017-10-16	16659.53
2017-10-17	16707.52
2017-10-18	16724.08
2017-10-19	16703.4
2017-10-20	16736.61
2017-10-21	16736.61
2017-10-22	16736.61
2017-10-23	16721.75
2017-10-24	16732.34
2017-10-25	16760.81
2017-10-26	16802.89
2017-10-27	16820.9
2017-10-28	16820.9
2017-10-29	16820.9
2017-10-30	16848.82
2017-10-31	16854.32
2017-11-01	16876.9
2017-11-02	16865.08
2017-11-03	16948.0
2017-11-04	16948.0
2017-11-05	16948.0
2017-11-06	16951.75
2017-11-07	17002.16
2017-11-08	16996.22
2017-11-09	17045.98
2017-11-10	17023.53
2017-11-11	17023.53
2017-11-12	17023.53
2017-11-13	17019.74
2017-11-14	16972.36
2017-11-15	16947.51
2017-11-16	16985.65
2017-11-17	17040.63
2017-11-18	17040.63
2017-11-19	17040.63
2017-11-20	17042.85
2017-11-21	17082.5
2017-11-22	17100.96
2017-11-23	17095.34
2017-11-24	17094.24
2017-11-25	17094.24
2017-11-26	17094.24
2017-11-27	17090.96
2017-11-28	17130.45
2017-11-29	17147.58
2017-11-30	17101.43
2017-12-01	17104.57
2017-12-02	17104.57
2017-12-03	17104.57
2017-12-04	17090.97
2017-12-05	17035.52
2017-12-06	17033.14
2017-12-07	17097.45
2017-12-08	17157.21
2017-12-09	17157.21
2017-12-10	17157.21
2017-12-11	17150.89
2017-12-12	17152.99
2017-12-13	17145.59
2017-12-14	17090.39
2017-12-15	17136.72
2017-12-16	17136.72
2017-12-17	17136.72
2017-12-18	17232.26
2017-12-19	17229.92
2017-12-20	17195.9
2017-12-21	17133.15
2017-12-22	17123.97
2017-12-23	17123.97
2017-12-24	17123.97
2017-12-25	17123.84
2017-12-26	17119.93
2017-12-27	17113.65
2017-12-28	17150.77
2017-12-29	17098.18
2017-12-30	17098.18
2017-12-31	17098.18
2018-01-01	17098.04
2018-01-02	17082.5
2018-01-03	17106.51
2018-01-04	17159.15
2018-01-05	17254.7
2018-01-06	17254.7
2018-01-07	17254.7
2018-01-08	17266.12
2018-01-09	17296.01
2018-01-10	17211.15
2018-01-11	17174.71
2018-01-12	17187.44
2018-01-13	17187.44
2018-01-14	17187.44
2018-01-15	17153.87
2018-01-16	17136.7
2018-01-17	17156.47
2018-01-18	17157.34
2018-01-19	17182.88
2018-01-20	17182.88
2018-01-21	17182.88
2018-01-22	17192.94
2018-01-23	17271.47
2018-01-24	17250.34
2018-01-25	17211.97
2018-01-26	17245.54
2018-01-27	17245.54
2018-01-28	17245.54
2018-01-29	17244.64
2018-01-30	17152.07
2018-01-31	17185.47
2018-02-01	17250.5
2018-02-02	17214.93
2018-02-03	17214.93
2018-02-04	17214.93
2018-02-05	16972.75
2018-02-06	16823.85
2018-02-07	16860.17
2018-02-08	16787.06
2018-02-09	16762.56
2018-02-10	16762.56
2018-02-11	16762.56
2018-02-12	16761.12
2018-02-13	16791.69
2018-02-14	16873.9
2018-02-15	16944.13
2018-02-16	16974.02
2018-02-17	16974.02
2018-02-18	16974.02
2018-02-19	17041.75
2018-02-20	17041.6
2018-02-21	17050.4
2018-02-22	17021.7
2018-02-23	17115.28
2018-02-24	17115.28
2018-02-25	17115.28
2018-02-26	17240.29
2018-02-27	17223.1
2018-02-28	17146.47
2018-03-01	17090.78
2018-03-02	17047.85
2018-03-03	17047.85
2018-03-04	17047.85
2018-03-05	17068.22
2018-03-06	17108.13
2018-03-07	17069.8
2018-03-08	17179.38
2018-03-09	17269.32
2018-03-10	17269.32
2018-03-11	17269.32
2018-03-12	17295.96
2018-03-13	17245.25
2018-03-14	17187.67
2018-03-15	17206.2
2018-03-16	17254.94
2018-03-17	17254.94
2018-03-18	17254.94
2018-03-19	17226.31
2018-03-20	17203.55
2018-03-21	17181.25
2018-03-22	17028.76
2018-03-23	16827.12
2018-03-24	16827.12
2018-03-25	16827.12
2018-03-26	16890.73
2018-03-27	16917.45
2018-03-28	16901.75
2018-03-29	16927.76
2018-03-30	16928.4
2018-03-31	16928.4
2018-04-01	16928.4
2018-04-02	16863.57
2018-04-03	16844.25
2018-04-04	16870.56
2018-04-05	16951.92
2018-04-06	16878.6
2018-04-07	16878.6
2018-04-08	16878.6
2018-04-09	16925.57
2018-04-10	17004.35
2018-04-11	16937.6
2018-04-12	16932.76
2018-04-13	16926.56
2018-04-14	16926.56
2018-04-15	16926.56
2018-04-16	16971.63
2018-04-17	17028.96
2018-04-18	17046.8
2018-04-19	17036.43
2018-04-20	17008.02
2018-04-21	17008.02
2018-04-22	17008.02
2018-04-23	17015.13
2018-04-24	17042.02
2018-04-25	17040.56
2018-04-26	17098.3
2018-04-27	17171.17
2018-04-28	17171.17
2018-04-29	17171.17
2018-04-30	17202.77
2018-05-01	17275.03
2018-05-02	17282.71
2018-05-03	17328.82
2018-05-04	17313.98
2018-05-05	17313.98
2018-05-06	17313.98
2018-05-07	17359.36
2018-05-08	17417.02
2018-05-09	17453.24
2018-05-10	17447.95
2018-05-11	17419.97
2018-05-12	17419.97
2018-05-13	17419.97
2018-05-14	17446.56
2018-05-15	17410.61
2018-05-16	17373.85
2018-05-17	17330.56
2018-05-18	17337.47
2018-05-19	17337.47
2018-05-20	17337.47
2018-05-21	17362.6
2018-05-22	17314.49
2018-05-23	17329.09
2018-05-24	17336.58
2018-05-25	17352.03
2018-05-26	17352.03
2018-05-27	17352.03
2018-05-28	17428.59
2018-05-29	17457.82
2018-05-30	17496.01
2018-05-31	17492.46
2018-06-01	17508.94
2018-06-02	17508.94
2018-06-03	17508.94
2018-06-04	17540.28
2018-06-05	17526.83
2018-06-06	17549.5
2018-06-07	17542.07
2018-06-08	17554.94
2018-06-09	17554.94
2018-06-10	17554.94
2018-06-11	17560.64
2018-06-12	17624.29
2018-06-13	17603.62
2018-06-14	17611.14
2018-06-15	17716.1
2018-06-16	17716.1
2018-06-17	17716.1
2018-06-18	17747.85
2018-06-19	17756.82
2018-06-20	17828.36
2018-06-21	17864.01
2018-06-22	17845.02
2018-06-23	17845.02
2018-06-24	17845.02
2018-06-25	17756.21
2018-06-26	17749.64
2018-06-27	17724.32
2018-06-28	17770.41
2018-06-29	17740.89
2018-06-30	17740.89
2018-07-01	17740.89
2018-07-02	17761.5
2018-07-03	17793.17
2018-07-04	17740.39
2018-07-05	17802.35
2018-07-06	17851.65
2018-07-07	17851.65
2018-07-08	17851.65
2018-07-09	17863.12
2018-07-10	17830.65
2018-07-11	17794.07
2018-07-12	17936.29
2018-07-13	17978.14
2018-07-14	17978.14
2018-07-15	17978.14
2018-07-16	17934.68
2018-07-17	17948.8
2018-07-18	18017.54
2018-07-19	18024.42
2018-07-20	18055.16
2018-07-21	18055.16
2018-07-22	18055.16
2018-07-23	17989.53
2018-07-24	18012.41
2018-07-25	18024.07
2018-07-26	18033.11
2018-07-27	18062.67
2018-07-28	18062.67
2018-07-29	18062.67
2018-07-30	17996.74
2018-07-31	17993.13
2018-08-01	17981.09
2018-08-02	17993.59
2018-08-03	18035.53
2018-08-04	18035.53
2018-08-05	18035.53
2018-08-06	18072.4
2018-08-07	18066.83
2018-08-08	18068.17
2018-08-09	18107.33
2018-08-10	18066.61
2018-08-11	18066.61
2018-08-12	18066.61
2018-08-13	18035.67
2018-08-14	18135.67
2018-08-15	18183.91
2018-08-16	18199.88
2018-08-17	18246.67
2018-08-18	18246.67
2018-08-19	18246.67
2018-08-20	18247.71
2018-08-21	18198.26
2018-08-22	18214.14
2018-08-23	18216.23
2018-08-24	18222.47
2018-08-25	18222.47
2018-08-26	18222.47
2018-08-27	18248.47
2018-08-28	18294.73
2018-08-29	18338.15
2018-08-30	18334.42
2018-08-31	18349.69
2018-09-01	18349.69
2018-09-02	18349.69
2018-09-03	18331.59
2018-09-04	18296.52
2018-09-05	18213.86
2018-09-06	18103.68
2018-09-07	18075.52
2018-09-08	18075.52
2018-09-09	18075.52
2018-09-10	18084.69
2018-09-11	18153.16
2018-09-12	18120.93
2018-09-13	18075.84
2018-09-14	18148.64
2018-09-15	18148.64
2018-09-16	18148.64
2018-09-17	18131.31
2018-09-18	18115.42
2018-09-19	18103.91
2018-09-20	18092.78
2018-09-21	18123.09
2018-09-22	18123.09
2018-09-23	18123.09
2018-09-24	18099.83
2018-09-25	18110.0
2018-09-26	18108.49
2018-09-27	18119.46
2018-09-28	18128.99
2018-09-29	18128.99
2018-09-30	18128.99
2018-10-01	18121.74
2018-10-02	18039.95
2018-10-03	18066.11
2018-10-04	18017.66
2018-10-05	17997.41
2018-10-06	17997.41
2018-10-07	17997.41
2018-10-08	17884.05
2018-10-09	17801.24
2018-10-10	17668.78
2018-10-11	17426.71
2018-10-12	17466.88
2018-10-13	17466.88
2018-10-14	17466.88
2018-10-15	17367.47
2018-10-16	17487.95
2018-10-17	17632.68
2018-10-18	17559.36
2018-10-19	17532.15
2018-10-20	17532.15
2018-10-21	17532.15
2018-10-22	17501.18
2018-10-23	17432.3
2018-10-24	17332.28
2018-10-25	17250.07
2018-10-26	17228.07
2018-10-27	17228.07
2018-10-28	17228.07
2018-10-29	17268.49
2018-10-30	17377.27
2018-10-31	17502.17
2018-11-01	17489.35
2018-11-02	17487.32
2018-11-03	17487.32
2018-11-04	17487.32
2018-11-05	17429.09
2018-11-06	17506.88
2018-11-07	17588.38
2018-11-08	17615.62
2018-11-09	17582.92
2018-11-10	17582.92
2018-11-11	17582.92
2018-11-12	17566.95
2018-11-13	17465.76
2018-11-14	17363.96
2018-11-15	17387.4
2018-11-16	17347.76
2018-11-17	17347.76
2018-11-18	17347.76
2018-11-19	17244.61
2018-11-20	17150.04
2018-11-21	17141.78
2018-11-22	17223.64
2018-11-23	17254.46
2018-11-24	17254.46
2018-11-25	17254.46
2018-11-26	17296.31
2018-11-27	17378.05
2018-11-28	17457.94
2018-11-29	17487.29
2018-11-30	17437.7
2018-12-01	17437.7
2018-12-02	17437.7
2018-12-03	17559.62
2018-12-04	17414.29
2018-12-05	17361.57
2018-12-06	17350.28
2018-12-07	17325.26
2018-12-08	17325.26
2018-12-09	17325.26
2018-12-10	17159.24
2018-12-11	17210.35
2018-12-12	17326.3
2018-12-13	17321.4
2018-12-14	17203.22
2018-12-15	17203.22
2018-12-16	17203.22
2018-12-17	17185.27
2018-12-18	17100.52
2018-12-19	17046.42
2018-12-20	16922.52
2018-12-21	16820.95
2018-12-22	16820.95
2018-12-23	16820.95
2018-12-24	16780.0
2018-12-25	16759.15
2018-12-26	16893.84
2018-12-27	17056.21
2018-12-28	17155.53
2018-12-29	17155.53
2018-12-30	17155.53
2018-12-31	17151.44
2019-01-01	17151.38
2019-01-02	17081.68
2019-01-03	17069.49
2019-01-04	17079.39
2019-01-05	17079.39
2019-01-06	17079.39
2019-01-07	17164.57
2019-01-08	17239.65
2019-01-09	17314.08
2019-01-10	17346.7
2019-01-11	17321.61
2019-01-12	17321.61
2019-01-13	17321.61
2019-01-14	17316.51
2019-01-15	17375.31
2019-01-16	17420.44
2019-01-17	17457.31
2019-01-18	17548.85
2019-01-19	17548.85
2019-01-20	17548.85
2019-01-21	17598.2
2019-01-22	17533.27
2019-01-23	17539.26
2019-01-24	17581.25
2019-01-25	17692.47
2019-01-26	17692.47
2019-01-27	17692.47
2019-01-28	17664.98
2019-01-29	17630.34
2019-01-30	17661.94
2019-01-31	17660.04
2019-02-01	17691.07
2019-02-02	17691.07
2019-02-03	17691.07
2019-02-04	17733.93
2019-02-05	17848.31
2019-02-06	17935.87
2019-02-07	17991.68
2019-02-08	17988.63
2019-02-09	17988.63
2019-02-10	17988.63
2019-02-11	18012.23
2019-02-12	18041.41
2019-02-13	18020.3
2019-02-14	18007.42
2019-02-15	18079.35
2019-02-16	18079.35
2019-02-17	18079.35
2019-02-18	18104.35
2019-02-19	18138.48
2019-02-20	18131.48
2019-02-21	18213.22
2019-02-22	18268.84
2019-02-23	18268.84
2019-02-24	18268.84
2019-02-25	18279.55
2019-02-26	18224.64
2019-02-27	18209.33
2019-02-28	18236.54
2019-03-01	18317.19
2019-03-02	18317.19
2019-03-03	18317.19
2019-03-04	18338.16
2019-03-05	18327.49
2019-03-06	18376.94
2019-03-07	18369.74
2019-03-08	18327.07
2019-03-09	18327.07
2019-03-10	18327.07
2019-03-11	18358.51
2019-03-12	18377.29
2019-03-13	18389.42
2019-03-14	18434.78
2019-03-15	18478.3
2019-03-16	18478.3
2019-03-17	18478.3
2019-03-18	18500.21
2019-03-19	18497.29
2019-03-20	18477.03
2019-03-21	18501.7
2019-03-22	18466.9
2019-03-23	18466.9
2019-03-24	18466.9
2019-03-25	18397.85
2019-03-26	18453.66
2019-03-27	18480.57
2019-03-28	18533.54
2019-03-29	18561.2
2019-03-30	18561.2
2019-03-31	18561.2
2019-04-01	18587.12
2019-04-02	18652.35
2019-04-03	18708.1
2019-04-04	18640.21
2019-04-05	18604.75
2019-04-06	18604.75
2019-04-07	18604.75
2019-04-08	18649.12
2019-04-09	18619.95
2019-04-10	18648.85
2019-04-11	18644.54
2019-04-12	18708.89
2019-04-13	18708.89
2019-04-14	18708.89
2019-04-15	18683.42
2019-04-16	18743.66
2019-04-17	18685.95
2019-04-18	18716.41
2019-04-19	18721.67
2019-04-20	18721.67
2019-04-21	18721.67
2019-04-22	18733.28
2019-04-23	18855.68
2019-04-24	19015.87
2019-04-25	19014.58
2019-04-26	19048.11
2019-04-27	19048.11
2019-04-28	19048.11
2019-04-29	19009.57
2019-04-30	18978.08
2019-05-01	18992.36
2019-05-02	18989.52
2019-05-03	19000.53
2019-05-04	19000.53
2019-05-05	19000.53
2019-05-06	18952.34
2019-05-07	18857.23
2019-05-08	18836.51
2019-05-09	18852.4
2019-05-10	18898.82
2019-05-11	18898.82
2019-05-12	18898.82
2019-05-13	18821.78
2019-05-14	18775.07
2019-05-15	18845.36
2019-05-16	18963.39
2019-05-17	19019.43
2019-05-18	19019.43
2019-05-19	19019.43
2019-05-20	18984.43
2019-05-21	19082.75
2019-05-22	19112.61
2019-05-23	19081.47
2019-05-24	19076.26
2019-05-25	19076.26
2019-05-26	19076.26
2019-05-27	19084.48
2019-05-28	19076.33
2019-05-29	18988.22
2019-05-30	18946.96
2019-05-31	18911.16
2019-06-01	18911.16
2019-06-02	18911.16
2019-06-03	18829.11
2019-06-04	18908.27
2019-06-05	18994.32
2019-06-06	19036.0
2019-06-07	19142.4
2019-06-08	19142.4
2019-06-09	19142.4
2019-06-10	19190.08
2019-06-11	19354.59
2019-06-12	19316.37
2019-06-13	19371.69
2019-06-14	19367.11
2019-06-15	19367.11
2019-06-16	19367.11
2019-06-17	19364.94
2019-06-18	19454.86
2019-06-19	19583.59
2019-06-20	19683.15
2019-06-21	19627.96
2019-06-22	19627.96
2019-06-23	19627.96
2019-06-24	19621.11
2019-06-25	19580.96
2019-06-26	19628.34
2019-06-27	19632.75
2019-06-28	19623.43
2019-06-29	19623.43
2019-06-30	19623.43
2019-07-01	19737.18
2019-07-02	19743.96
2019-07-03	19840.94
2019-07-04	19898.9
2019-07-05	19974.94
2019-07-06	19974.94
2019-07-07	19974.94
2019-07-08	19829.44
2019-07-09	19808.65
2019-07-10	19873.79
2019-07-11	19915.8
2019-07-12	19861.82
2019-07-13	19861.82
2019-07-14	19861.82
2019-07-15	19761.88
2019-07-16	19739.57
2019-07-17	19787.97
2019-07-18	19774.56
2019-07-19	19814.29
2019-07-20	19814.29
2019-07-21	19814.29
2019-07-22	19780.27
2019-07-23	19877.29
2019-07-24	19990.62
2019-07-25	20074.51
2019-07-26	20104.92
2019-07-27	20104.92
2019-07-28	20104.92
2019-07-29	20169.3
2019-07-30	20174.84
2019-07-31	20100.07
2019-08-01	20114.74
2019-08-02	20126.52
2019-08-03	20126.52
2019-08-04	20126.52
2019-08-05	19846.0
2019-08-06	19670.52
2019-08-07	19773.24
2019-08-08	19868.82
2019-08-09	19898.42
2019-08-10	19898.42
2019-08-11	19898.42
2019-08-12	19933.56
2019-08-13	19934.28
2019-08-14	19899.24
2019-08-15	19708.42
2019-08-16	19762.62
2019-08-17	19762.62
2019-08-18	19762.62
2019-08-19	19906.57
2019-08-20	19969.25
2019-08-21	19988.07
2019-08-22	20005.35
2019-08-23	19938.87
2019-08-24	19938.87
2019-08-25	19938.87
2019-08-26	19914.55
2019-08-27	19951.46
2019-08-28	20008.27
2019-08-29	20042.35
2019-08-30	20142.66
2019-08-31	20142.66
2019-09-01	20142.66
2019-09-02	20127.67
2019-09-03	20076.76
2019-09-04	20081.02
2019-09-05	20178.96
2019-09-06	20166.67
2019-09-07	20166.67
2019-09-08	20166.67
2019-09-09	20169.29
2019-09-10	20063.52
2019-09-11	20068.03
2019-09-12	20120.16
2019-09-13	20154.13
2019-09-14	20154.13
2019-09-15	20154.13
2019-09-16	20061.71
2019-09-17	20145.82
2019-09-18	20167.48
2019-09-19	20301.93
2019-09-20	20282.51
2019-09-21	20282.51
2019-09-22	20282.51
2019-09-23	20300.41
2019-09-24	20268.22
2019-09-25	20283.93
2019-09-26	20264.18
2019-09-27	20264.89
2019-09-28	20264.89
2019-09-29	20264.89
2019-09-30	20263.39
2019-10-01	20357.03
2019-10-02	20140.19
2019-10-03	19992.73
2019-10-04	20096.63
2019-10-05	20096.63
2019-10-06	20096.63
2019-10-07	20161.8
2019-10-08	20151.58
2019-10-09	20169.89
2019-10-10	20172.59
2019-10-11	20230.67
2019-10-12	20230.67
2019-10-13	20230.67
2019-10-14	20255.18
2019-10-15	20364.32
2019-10-16	20457.37
2019-10-17	20371.06
2019-10-18	20300.14
2019-10-19	20300.14
2019-10-20	20300.14
2019-10-21	20312.18
2019-10-22	20300.67
2019-10-23	20352.37
2019-10-24	20430.18
2019-10-25	20500.56
2019-10-26	20500.56
2019-10-27	20500.56
2019-10-28	20530.23
2019-10-29	20493.3
2019-10-30	20454.41
2019-10-31	20423.68
2019-11-01	20490.78
2019-11-02	20490.78
2019-11-03	20490.78
2019-11-04	20512.7
2019-11-05	20495.57
2019-11-06	20404.48
2019-11-07	20521.25
2019-11-08	20505.99
2019-11-09	20505.99
2019-11-10	20505.99
2019-11-11	20602.38
2019-11-12	20604.16
2019-11-13	20577.64
2019-11-14	20682.23
2019-11-15	20773.06
2019-11-16	20773.06
2019-11-17	20773.06
2019-11-18	20745.83
2019-11-19	20817.47
2019-11-20	20681.88
2019-11-21	20592.47
2019-11-22	20656.48
2019-11-23	20656.48
2019-11-24	20656.48
2019-11-25	20732.72
2019-11-26	20829.93
2019-11-27	20916.7
2019-11-28	20943.25
2019-11-29	20916.94
2019-11-30	20916.94
2019-12-01	20916.94
2019-12-02	20848.98
2019-12-03	20637.97
2019-12-04	20574.83
2019-12-05	20680.33
2019-12-06	20774.61
2019-12-07	20774.61
2019-12-08	20774.61
2019-12-09	20764.62
2019-12-10	20740.53
2019-12-11	20784.83
2019-12-12	20746.16
2019-12-13	20763.28
2019-12-14	20763.28
2019-12-15	20763.28
2019-12-16	20953.29
2019-12-17	20966.13
2019-12-18	20950.09
2019-12-19	20953.38
2019-12-20	20964.22
2019-12-21	20964.22
2019-12-22	20964.22
2019-12-23	20921.22
2019-12-24	20931.63
2019-12-25	20931.59
2019-12-26	20944.07
2019-12-27	20956.69
2019-12-28	20956.69
2019-12-29	20956.69
2019-12-30	20908.48
2019-12-31	20734.23
2020-01-01	20734.16
2020-01-02	20810.39
2020-01-03	20872.17
2020-01-04	20872.17
2020-01-05	20872.17
2020-01-06	20873.52
2020-01-07	21020.91
2020-01-08	21044.73
2020-01-09	21160.88
2020-01-10	21206.94
2020-01-11	21206.94
2020-01-12	21206.94
2020-01-13	21235.36
2020-01-14	21291.26
2020-01-15	21362.7
2020-01-16	21452.2
2020-01-17	21529.39
2020-01-18	21529.39
2020-01-19	21529.39
2020-01-20	21548.28
2020-01-21	21550.19
2020-01-22	21654.63
2020-01-23	21608.92
2020-01-24	21613.03
2020-01-25	21613.03
2020-01-26	21613.03
2020-01-27	21549.96
2020-01-28	21566.95
2020-01-29	21629.5
2020-01-30	21616.06
2020-01-31	21520.05
2020-02-01	21520.05
2020-02-02	21520.05
2020-02-03	21512.43
2020-02-04	21618.99
2020-02-05	21655.54
2020-02-06	21751.48
2020-02-07	21758.09
2020-02-08	21758.09
2020-02-09	21758.09
2020-02-10	21801.29
2020-02-11	21854.55
2020-02-12	21869.59
2020-02-13	21875.68
2020-02-14	21941.68
2020-02-15	21941.68
2020-02-16	21941.68
2020-02-17	21921.52
2020-02-18	21902.05
2020-02-19	22051.24
2020-02-20	22052.13
2020-02-21	22010.03
2020-02-22	22010.03
2020-02-23	22010.03
2020-02-24	21639.42
2020-02-25	21416.31
2020-02-26	21284.7
2020-02-27	21039.58
2020-02-28	20816.84
2020-02-29	20816.84
2020-03-01	20816.84
2020-03-02	20939.23
2020-03-03	20930.66
2020-03-04	21040.57
2020-03-05	21049.13
2020-03-06	20750.89
2020-03-07	20750.89
2020-03-08	20750.89
2020-03-09	19976.47
2020-03-10	20291.34
2020-03-11	19815.06
2020-03-12	18866.17
2020-03-13	19366.76
2020-03-14	19366.76
2020-03-15	19366.76
2020-03-16	18158.78
2020-03-17	18632.68
2020-03-18	18001.4
2020-03-19	17742.57
2020-03-20	17835.82
2020-03-21	17835.82
2020-03-22	17835.82
2020-03-23	17414.05
2020-03-24	18058.73
2020-03-25	18552.12
2020-03-26	19009.76
2020-03-27	18491.74
2020-03-28	18491.74
2020-03-29	18491.74
2020-03-30	19015.21
2020-03-31	18881.65
2020-04-01	18868.53
2020-04-02	18758.05
2020-04-03	18556.55
2020-04-04	18556.55
2020-04-05	18556.55
2020-04-06	19075.78
2020-04-07	18981.6
2020-04-08	19089.83
2020-04-09	19432.74
2020-04-10	19433.51
2020-04-11	19433.51
2020-04-12	19433.51
2020-04-13	19328.25
2020-04-14	19618.45
2020-04-15	19522.7
2020-04-16	19483.85
2020-04-17	19785.68
2020-04-18	19785.68
2020-04-19	19785.68
2020-04-20	19528.88
2020-04-21	19193.62
2020-04-22	19328.77
2020-04-23	19228.98
2020-04-24	19272.3
2020-04-25	19272.3
2020-04-26	19272.3
2020-04-27	19488.17
2020-04-28	19473.33
2020-04-29	19696.77
2020-04-30	19793.4
2020-05-01	19468.54
2020-05-02	19468.54
2020-05-03	19468.54
2020-05-04	19611.44
2020-05-05	19735.52
2020-05-06	19713.8
2020-05-07	19743.58
2020-05-08	19856.25
2020-05-09	19856.25
2020-05-10	19856.25
2020-05-11	19998.38
2020-05-12	19814.4
2020-05-13	19784.31
2020-05-14	19698.15
2020-05-15	19781.16
2020-05-16	19781.16
2020-05-17	19781.16
2020-05-18	19983.23
2020-05-19	20008.32
2020-05-20	20113.04
2020-05-21	20067.68
2020-05-22	20080.47
2020-05-23	20080.47
2020-05-24	20080.47
2020-05-25	20294.2
2020-05-26	20452.27
2020-05-27	20456.93
2020-05-28	20532.68
2020-05-29	20461.83
2020-05-30	20461.83
2020-05-31	20461.83
2020-06-01	20466.17
2020-06-02	20474.22
2020-06-03	20679.4
2020-06-04	20637.23
2020-06-05	20712.48
2020-06-06	20712.48
2020-06-07	20712.48
2020-06-08	20717.84
2020-06-09	20826.79
2020-06-10	20823.36
2020-06-11	20416.06
2020-06-12	20341.83
2020-06-13	20341.83
2020-06-14	20341.83
2020-06-15	20291.79
2020-06-16	20683.71
2020-06-17	20708.83
2020-06-18	20703.0
2020-06-19	20763.9
2020-06-20	20763.9
2020-06-21	20763.9
2020-06-22	20736.2
2020-06-23	20794.94
2020-06-24	20623.83
2020-06-25	20572.29
2020-06-26	20567.41
2020-06-27	20567.41
2020-06-28	20567.41
2020-06-29	20511.54
2020-06-30	20689.17
2020-07-01	20749.2
2020-07-02	20926.38
2020-07-03	20953.18
2020-07-04	20953.18
2020-07-05	20953.18
2020-07-06	20966.87
2020-07-07	20925.26
2020-07-08	20837.58
2020-07-09	20862.7
2020-07-10	20861.29
2020-07-11	20861.29
2020-07-12	20861.29
2020-07-13	20849.45
2020-07-14	20845.85
2020-07-15	21027.84
2020-07-16	20967.61
2020-07-17	21056.23
2020-07-18	21056.23
2020-07-19	21056.23
2020-07-20	21103.42
2020-07-21	21225.47
2020-07-22	21132.42
2020-07-23	21099.31
2020-07-24	20953.41
2020-07-25	20953.41
2020-07-26	20953.41
2020-07-27	21045.54
2020-07-28	20946.78
2020-07-29	21012.62
2020-07-30	21034.5
2020-07-31	20917.95
2020-08-01	20917.95
2020-08-02	20917.95
2020-08-03	21064.47
2020-08-04	21168.08
2020-08-05	21116.7
2020-08-06	21115.43
2020-08-07	21126.82
2020-08-08	21126.82
2020-08-09	21126.82
2020-08-10	21187.47
2020-08-11	21202.09
2020-08-12	21268.72
2020-08-13	21249.8
2020-08-14	21249.81
2020-08-15	21249.81
2020-08-16	21249.81
2020-08-17	21228.68
2020-08-18	21329.3
2020-08-19	21365.3
2020-08-20	21358.9
2020-08-21	21414.51
2020-08-22	21414.51
2020-08-23	21414.51
2020-08-24	21535.01
2020-08-25	21569.05
2020-08-26	21611.29
2020-08-27	21632.98
2020-08-28	21518.27
2020-08-29	21518.27
2020-08-30	21518.27
2020-08-31	21491.2
2020-09-01	21490.93
2020-09-02	21797.29
2020-09-03	21625.99
2020-09-04	21339.01
2020-09-05	21339.01
2020-09-06	21339.01
2020-09-07	21295.55
2020-09-08	21201.91
2020-09-09	21244.17
2020-09-10	21203.97
2020-09-11	21176.4
2020-09-12	21176.4
2020-09-13	21176.4
2020-09-14	21314.19
2020-09-15	21368.66
2020-09-16	21430.74
2020-09-17	21314.24
2020-09-18	21183.11
2020-09-19	21183.11
2020-09-20	21183.11
2020-09-21	21149.98
2020-09-22	21217.83
2020-09-23	21331.69
2020-09-24	21354.8
2020-09-25	21517.65
2020-09-26	21517.65
2020-09-27	21517.65
2020-09-28	21608.21
2020-09-29	21586.65
2020-09-30	21448.55
2020-10-01	21561.97
2020-10-02	21445.48
2020-10-03	21445.48
2020-10-04	21445.48
2020-10-05	21664.85
2020-10-06	21619.92
2020-10-07	21800.34
2020-10-08	21917.04
2020-10-09	21951.27
2020-10-10	21951.27
2020-10-11	21951.27
2020-10-12	22113.78
2020-10-13	22178.91
2020-10-14	22136.13
2020-10-15	22171.87
2020-10-16	22143.48
2020-10-17	22143.48
2020-10-18	22143.48
2020-10-19	22127.78
2020-10-20	22137.97
2020-10-21	22028.66
2020-10-22	22020.94
2020-10-23	22015.43
2020-10-24	22015.43
2020-10-25	22015.43
2020-10-26	21855.61
2020-10-27	21726.1
2020-10-28	21555.3
2020-10-29	21565.91
2020-10-30	21382.16
2020-10-31	21382.16
2020-11-01	21382.16
2020-11-02	21453.35
2020-11-03	21634.51
2020-11-04	21935.12
2020-11-05	22177.14
2020-11-06	22237.02
2020-11-07	22237.02
2020-11-08	22237.02
2020-11-09	22390.32
2020-11-10	22186.74
2020-11-11	22469.34
2020-11-12	22418.78
2020-11-13	22503.36
2020-11-14	22503.36
2020-11-15	22503.36
2020-11-16	22554.82
2020-11-17	22466.91
2020-11-18	22460.96
2020-11-19	22501.14
2020-11-20	22457.17
2020-11-21	22457.17
2020-11-22	22457.17
2020-11-23	22483.29
2020-11-24	22525.21
2020-11-25	22487.58
2020-11-26	22434.75
2020-11-27	22461.21
2020-11-28	22461.21
2020-11-29	22461.21
2020-11-30	22434.53
2020-12-01	22544.36
2020-12-02	22465.88
2020-12-03	22411.47
2020-12-04	22495.3
2020-12-05	22495.3
2020-12-06	22495.3
2020-12-07	22551.36
2020-12-08	22630.87
2020-12-09	22544.31
2020-12-10	22450.49
2020-12-11	22365.79
2020-12-12	22365.79
2020-12-13	22365.79
2020-12-14	22403.35
2020-12-15	22465.81
2020-12-16	22556.0
2020-12-17	22658.49
2020-12-18	22608.96
2020-12-19	22608.96
2020-12-20	22608.96
2020-12-21	22564.44
2020-12-22	22604.04
2020-12-23	22632.99
2020-12-24	22649.17
2020-12-25	22647.07
2020-12-26	22647.07
2020-12-27	22647.07
2020-12-28	22746.2
2020-12-29	22753.98
2020-12-30	22689.79
2020-12-31	22547.91
2021-01-01	22547.82
2021-01-02	22547.82
2021-01-03	22547.82
2021-01-04	22616.76
2021-01-05	22596.2
2021-01-06	22429.59
2021-01-07	22620.55
2021-01-08	22753.66
2021-01-09	22753.66
2021-01-10	22753.66
2021-01-11	22665.16
2021-01-12	22620.22
2021-01-13	22602.14
2021-01-14	22596.99
2021-01-15	22528.59
2021-01-16	22528.59
2021-01-17	22528.59
2021-01-18	22558.33
2021-01-19	22715.31
2021-01-20	22859.75
2021-01-21	22917.74
2021-01-22	22884.22
2021-01-23	22884.22
2021-01-24	22884.22
2021-01-25	22905.32
2021-01-26	22862.53
2021-01-27	22714.33
2021-01-28	22629.55
2021-01-29	22451.06
2021-01-30	22451.06
2021-01-31	22451.06
2021-02-01	22695.26
2021-02-02	22951.93
2021-02-03	23020.13
2021-02-04	22976.36
2021-02-05	23097.35
2021-02-06	23097.35
2021-02-07	23097.35
2021-02-08	23123.49
2021-02-09	23060.79
2021-02-10	23094.79
2021-02-11	23122.76
2021-02-12	23152.72
2021-02-13	23152.72
2021-02-14	23152.72
2021-02-15	23156.52
2021-02-16	23229.36
2021-02-17	23078.41
2021-02-18	23009.76
2021-02-19	22872.18
2021-02-20	22872.18
2021-02-21	22872.18
2021-02-22	22599.98
2021-02-23	22589.8
2021-02-24	22537.46
2021-02-25	22381.47
2021-02-26	22275.9
2021-02-27	22275.9
2021-02-28	22275.9
2021-03-01	22575.49
2021-03-02	22490.21
2021-03-03	22357.38
2021-03-04	22110.9
2021-03-05	22143.68
2021-03-06	22143.68
2021-03-07	22143.68
2021-03-08	22058.14
2021-03-09	22286.76
2021-03-10	22291.71
2021-03-11	22406.98
2021-03-12	22460.91
2021-03-13	22460.91
2021-03-14	22460.91
2021-03-15	22504.74
2021-03-16	22620.74
2021-03-17	22608.41
2021-03-18	22353.92
2021-03-19	22293.55
2021-03-20	22293.55
2021-03-21	22293.55
2021-03-22	22438.82
2021-03-23	22458.1
2021-03-24	22491.04
2021-03-25	22511.86
2021-03-26	22624.24
2021-03-27	22624.24
2021-03-28	22624.24
2021-03-29	22594.14
2021-03-30	22536.56
2021-03-31	22682.57
2021-04-01	22833.45
2021-04-02	22842.3
2021-04-03	22842.3
2021-04-04	22842.3
2021-04-05	22905.89
2021-04-06	23031.33
2021-04-07	23047.16
2021-04-08	23171.92
2021-04-09	23256.06
2021-04-10	23256.06
2021-04-11	23256.06
2021-04-12	23221.66
2021-04-13	23260.45
2021-04-14	23219.49
2021-04-15	23292.7
2021-04-16	23366.68
2021-04-17	23366.68
2021-04-18	23366.68
2021-04-19	23316.27
2021-04-20	23211.38
2021-04-21	23303.28
2021-04-22	23389.17
2021-04-23	23490.14
2021-04-24	23490.14
2021-04-25	23490.14
2021-04-26	23425.38
2021-04-27	23390.99
2021-04-28	23430.82
2021-04-29	23454.34
2021-04-30	23370.38
2021-05-01	23370.38
2021-05-02	23370.38
2021-05-03	23341.77
2021-05-04	23266.87
2021-05-05	23271.92
2021-05-06	23244.1
2021-05-07	23273.37
2021-05-08	23273.37
2021-05-09	23273.37
2021-05-10	23220.58
2021-05-11	23075.12
2021-05-12	22919.29
2021-05-13	22919.94
2021-05-14	23063.58
2021-05-15	23063.58
2021-05-16	23063.58
2021-05-17	23048.96
2021-05-18	23002.37
2021-05-19	22907.19
2021-05-20	23120.33
2021-05-21	23194.83
2021-05-22	23194.83
2021-05-23	23194.83
2021-05-24	23307.58
2021-05-25	23389.62
2021-05-26	23410.4
2021-05-27	23368.92
2021-05-28	23501.17
2021-05-29	23501.17
2021-05-30	23501.17
2021-05-31	23445.43
2021-06-01	23417.9
2021-06-02	23469.57
2021-06-03	23506.03
2021-06-04	23598.54
2021-06-05	23598.54
2021-06-06	23598.54
2021-06-07	23591.49
2021-06-08	23652.59
2021-06-09	23648.27
2021-06-10	23774.06
2021-06-11	23843.26
2021-06-12	23843.26
2021-06-13	23843.26
2021-06-14	23878.06
2021-06-15	23948.72
2021-06-16	23919.31
2021-06-17	23994.28
2021-06-18	24058.55
2021-06-19	24058.55
2021-06-20	24058.55
2021-06-21	24003.64
2021-06-22	24153.02
2021-06-23	24031.35
2021-06-24	24037.24
2021-06-25	24077.84
2021-06-26	24077.84
2021-06-27	24077.84
2021-06-28	24141.46
2021-06-29	24220.63
2021-06-30	24249.13
2021-07-01	24216.43
2021-07-02	24330.04
2021-07-03	24330.04
2021-07-04	24330.04
2021-07-05	24386.85
2021-07-06	24330.7
2021-07-07	24465.51
2021-07-08	24446.71
2021-07-09	24376.25
2021-07-10	24376.25
2021-07-11	24376.25
2021-07-12	24468.56
2021-07-13	24490.78
2021-07-14	24516.85
2021-07-15	24442.43
2021-07-16	24430.92
2021-07-17	24430.92
2021-07-18	24430.92
2021-07-19	24458.11
2021-07-20	24453.4
2021-07-21	24553.11
2021-07-22	24616.12
2021-07-23	24740.72
2021-07-24	24740.72
2021-07-25	24740.72
2021-07-26	24723.16
2021-07-27	24646.49
2021-07-28	24643.73
2021-07-29	24703.24
2021-07-30	24704.47
2021-07-31	24704.47
2021-08-01	24704.47
2021-08-02	24799.53
2021-08-03	24821.92
2021-08-04	24834.93
2021-08-05	24899.37
2021-08-06	24946.16
2021-08-07	24946.16
2021-08-08	24946.16
2021-08-09	24934.88
2021-08-10	24901.66
2021-08-11	24845.08
2021-08-12	24897.42
2021-08-13	24951.24
2021-08-14	24951.24
2021-08-15	24951.24
2021-08-16	24998.17
2021-08-17	24973.72
2021-08-18	25006.55
2021-08-19	25158.06
2021-08-20	25265.85
2021-08-21	25265.85
2021-08-22	25265.85
2021-08-23	25324.1
2021-08-24	25270.54
2021-08-25	25306.81
2021-08-26	25248.08
2021-08-27	25291.4
2021-08-28	25291.4
2021-08-29	25291.4
2021-08-30	25346.12
2021-08-31	25374.23
2021-09-01	25347.2
2021-09-02	25388.4
2021-09-03	25411.91
2021-09-04	25411.91
2021-09-05	25411.91
2021-09-06	25473.86
2021-09-07	25494.2
2021-09-08	25499.13
2021-09-09	25282.91
2021-09-10	25268.21
2021-09-11	25268.21
2021-09-12	25268.21
2021-09-13	25232.14
2021-09-14	25279.78
2021-09-15	25324.72
2021-09-16	25398.26
2021-09-17	25313.49
2021-09-18	25313.49
2021-09-19	25313.49
2021-09-20	25092.27
2021-09-21	25185.28
2021-09-22	25254.07
2021-09-23	25349.6
2021-09-24	25318.83
2021-09-25	25318.83
2021-09-26	25318.83
2021-09-27	25221.46
2021-09-28	24853.52
2021-09-29	24763.62
2021-09-30	24798.49
2021-10-01	24686.84
2021-10-02	24686.84
2021-10-03	24686.84
2021-10-04	24601.66
2021-10-05	24620.34
2021-10-06	24603.94
2021-10-07	24698.82
2021-10-08	24682.69
2021-10-09	24682.69
2021-10-10	24682.69
2021-10-11	24551.47
2021-10-12	24516.4
2021-10-13	24614.62
2021-10-14	24791.94
2021-10-15	24892.18
2021-10-16	24892.18
2021-10-17	24892.18
2021-10-18	24925.24
2021-10-19	24947.74
2021-10-20	24978.79
2021-10-21	25036.44
2021-10-22	25120.56
2021-10-23	25120.56
2021-10-24	25120.56
2021-10-25	25159.85
2021-10-26	25182.89
2021-10-27	25182.93
2021-10-28	25230.35
2021-10-29	25157.5
2021-10-30	25157.5
2021-10-31	25157.5
2021-11-01	25297.5
2021-11-02	25416.14
2021-11-03	25501.51
2021-11-04	25665.49
2021-11-05	25698.84
2021-11-06	25698.84
2021-11-07	25698.84
2021-11-08	25717.74
2021-11-09	25680.07
2021-11-10	25616.21
2021-11-11	25583.47
2021-11-12	25705.01
2021-11-13	25705.01
2021-11-14	25705.01
2021-11-15	25724.71
2021-11-16	25781.07
2021-11-17	25813.45
2021-11-18	25865.83
2021-11-19	25910.03
2021-11-20	25910.03
2021-11-21	25910.03
2021-11-22	25776.63
2021-11-23	25689.96
2021-11-24	25683.68
2021-11-25	25729.79
2021-11-26	25520.6
2021-11-27	25520.6
2021-11-28	25520.6
2021-11-29	25627.67
2021-11-30	25519.28
2021-12-01	25369.16
2021-12-02	25463.61
2021-12-03	25408.71
2021-12-04	25408.71
2021-12-05	25408.71
2021-12-06	25447.73
2021-12-07	25681.29
2021-12-08	25812.37
2021-12-09	25693.08
2021-12-10	25700.34
2021-12-11	25700.34
2021-12-12	25700.34
2021-12-13	25666.29
2021-12-14	25552.5
2021-12-15	25638.71
2021-12-16	25449.21
2021-12-17	25390.66
2021-12-18	25390.66
2021-12-19	25390.66
2021-12-20	25319.83
2021-12-21	25529.9
2021-12-22	25595.3
2021-12-23	25696.15
2021-12-24	25726.27
2021-12-25	25726.27
2021-12-26	25726.27
2021-12-27	25850.55
2021-12-28	25847.79
2021-12-29	25918.45
2021-12-30	25904.45
2021-12-31	25793.52
2022-01-01	25793.52
2022-01-02	25793.52
2022-01-03	25886.77
2022-01-04	25840.32
2022-01-05	25527.68
2022-01-06	25273.93
2022-01-07	25226.39
2022-01-08	25226.39
2022-01-09	25226.39
2022-01-10	25078.77
2022-01-11	25088.02
2022-01-12	25140.75
2022-01-13	24961.65
2022-01-14	24888.09
2022-01-15	24888.09
2022-01-16	24888.09
2022-01-17	24930.27
2022-01-18	24747.75
2022-01-19	24510.49
2022-01-20	24415.88
2022-01-21	24228.97
2022-01-22	24228.97
2022-01-23	24228.97
2022-01-24	24224.76
2022-01-25	23855.76
2022-01-26	23873.97
2022-01-27	23661.14
2022-01-28	24047.69
2022-01-29	24047.69
2022-01-30	24047.69
2022-01-31	24256.46
2022-02-01	24337.05
2022-02-02	24472.52
2022-02-03	24172.0
2022-02-04	24245.83
2022-02-05	24245.83
2022-02-06	24245.83
2022-02-07	24127.36
2022-02-08	24166.95
2022-02-09	24403.95
2022-02-10	24231.02
2022-02-11	23952.56
2022-02-12	23952.56
2022-02-13	23952.56
2022-02-14	23908.81
2022-02-15	24030.16
2022-02-16	24138.76
2022-02-17	23935.82
2022-02-18	23744.34
2022-02-19	23744.34
2022-02-20	23744.34
2022-02-21	23671.41
2022-02-22	23525.28
2022-02-23	23390.25
2022-02-24	23512.86
2022-02-25	23647.63
2022-02-26	23647.63
2022-02-27	23647.63
2022-02-28	23705.72
2022-03-01	23610.91
2022-03-02	23735.68
2022-03-03	23545.41
2022-03-04	23274.66
2022-03-05	23274.66
2022-03-06	23274.66
2022-03-07	22931.83
2022-03-08	22910.01
2022-03-09	23216.0
2022-03-10	23245.0
2022-03-11	23076.7
2022-03-12	23076.7
2022-03-13	23076.7
2022-03-14	23159.11
2022-03-15	23340.01
2022-03-16	23643.89
2022-03-17	23778.86
2022-03-18	23923.9
2022-03-19	23923.9
2022-03-20	23923.9
2022-03-21	23873.0
2022-03-22	23878.86
2022-03-23	23769.76
2022-03-24	23818.03
2022-03-25	23817.41
2022-03-26	23817.41
2022-03-27	23817.41
2022-03-28	23824.42
2022-03-29	24055.92
2022-03-30	24104.82
2022-03-31	23950.65
2022-04-01	23937.95
2022-04-02	23937.95
2022-04-03	23937.95
2022-04-04	24034.42
2022-04-05	23881.78
2022-04-06	23741.93
2022-04-07	23782.72
2022-04-08	23775.13
2022-04-09	23775.13
2022-04-10	23775.13
2022-04-11	23603.76
2022-04-12	23455.72
2022-04-13	23593.08
2022-04-14	23539.04
2022-04-15	23532.82
2022-04-16	23532.82
2022-04-17	23532.82
2022-04-18	23563.11
2022-04-19	23649.05
2022-04-20	23620.44
2022-04-21	23578.57
2022-04-22	23393.17
2022-04-23	23393.17
2022-04-24	23393.17
2022-04-25	23484.8
2022-04-26	23195.53
2022-04-27	23170.95
2022-04-28	23415.05
2022-04-29	23271.88
2022-04-30	23271.88
2022-05-01	23271.88
2022-05-02	23187.87
2022-05-03	23142.59
2022-05-04	23242.76
2022-05-05	23042.88
2022-05-06	22729.79
2022-05-07	22729.79
2022-05-08	22729.79
2022-05-09	22372.76
2022-05-10	22376.99
2022-05-11	22292.13
2022-05-12	22247.02
2022-05-13	22597.41
2022-05-14	22597.41
2022-05-15	22597.41
2022-05-16	22576.19
2022-05-17	22641.27
2022-05-18	22453.63
2022-05-19	22305.85
2022-05-20	22451.24
2022-05-21	22451.24
2022-05-22	22451.24
2022-05-23	22541.58
2022-05-24	22427.0
2022-05-25	22501.17
2022-05-26	22628.67
2022-05-27	22819.29
2022-05-28	22819.29
2022-05-29	22819.29
2022-05-30	22953.65
2022-05-31	22768.87
2022-06-01	22715.93
2022-06-02	22730.01
2022-06-03	22684.94
2022-06-04	22684.94
2022-06-05	22684.94
2022-06-06	22668.22
2022-06-07	22547.84
2022-06-08	22511.35
2022-06-09	22334.89
2022-06-10	22080.04
2022-06-11	22080.04
2022-06-12	22080.04
2022-06-13	21853.21
2022-06-14	21605.78
2022-06-15	21535.29
2022-06-16	21371.91
2022-06-17	21358.28
2022-06-18	21358.28
2022-06-19	21358.28
2022-06-20	21439.33
2022-06-21	21617.07
2022-06-22	21645.38
2022-06-23	21844.17
2022-06-24	22199.58
2022-06-25	22199.58
2022-06-26	22199.58
2022-06-27	22287.39
2022-06-28	22145.65
2022-06-29	22043.98
2022-06-30	22070.83
2022-07-01	22240.45
2022-07-02	22240.45
2022-07-03	22240.45
2022-07-04	22265.77
2022-07-05	22331.18
2022-07-06	22494.13
2022-07-07	22599.8
2022-07-08	22583.71
2022-07-09	22583.71
2022-07-10	22583.71
2022-07-11	22517.74
2022-07-12	22436.69
2022-07-13	22447.78
2022-07-14	22469.26
2022-07-15	22529.07
2022-07-16	22529.07
2022-07-17	22529.07
2022-07-18	22521.88
2022-07-19	22581.53
2022-07-20	22744.79
2022-07-21	22874.17
2022-07-22	22818.63
2022-07-23	22818.63
2022-07-24	22818.63
2022-07-25	22788.61
2022-07-26	22668.85
2022-07-27	22968.58
2022-07-28	23162.36
2022-07-29	23367.55
2022-07-30	23367.55
2022-07-31	23367.55
2022-08-01	23304.51
2022-08-02	23364.25
2022-08-03	23435.99
2022-08-04	23487.91
2022-08-05	23520.94
2022-08-06	23520.94
2022-08-07	23520.94
2022-08-08	23379.81
2022-08-09	23372.55
2022-08-10	23395.99
2022-08-11	23400.22
2022-08-12	23414.11
2022-08-13	23414.11
2022-08-14	23414.11
2022-08-15	23589.18
2022-08-16	23649.36
2022-08-17	23692.32
2022-08-18	23627.43
2022-08-19	23499.54
2022-08-20	23499.54
2022-08-21	23499.54
2022-08-22	23271.43
2022-08-23	23105.84
2022-08-24	23215.53
2022-08-25	23245.89
2022-08-26	23047.82
2022-08-27	23047.82
2022-08-28	23047.82
2022-08-29	22869.78
2022-08-30	22910.48
2022-08-31	22877.96
2022-09-01	22830.58
2022-09-02	22744.78
2022-09-03	22744.78
2022-09-04	22744.78
2022-09-05	22749.46
2022-09-06	22741.15
2022-09-07	22829.46
2022-09-08	23040.16
2022-09-09	23074.66
2022-09-10	23074.66
2022-09-11	23074.66
2022-09-12	23167.2
2022-09-13	23025.52
2022-09-14	22829.79
2022-09-15	22758.71
2022-09-16	22630.77
2022-09-17	22630.77
2022-09-18	22630.77
2022-09-19	22668.99
2022-09-20	22617.95
2022-09-21	22457.99
2022-09-22	22386.82
2022-09-23	22171.1
2022-09-24	22171.1
2022-09-25	22171.1
2022-09-26	22119.46
2022-09-27	22097.98
2022-09-28	22162.94
2022-09-29	22119.63
2022-09-30	21969.37
2022-10-01	21969.37
2022-10-02	21969.37
2022-10-03	22038.82
2022-10-04	22510.04
2022-10-05	22658.11
2022-10-06	22529.93
2022-10-07	22269.9
2022-10-08	22269.9
2022-10-09	22269.9
2022-10-10	22210.98
2022-10-11	22093.54
2022-10-12	22119.19
2022-10-13	22267.77
2022-10-14	22207.38
2022-10-15	22207.38
2022-10-16	22207.38
2022-10-17	22285.69
2022-10-18	22499.71
2022-10-19	22456.64
2022-10-20	22210.31
2022-10-21	22243.24
2022-10-22	22243.24
2022-10-23	22243.24
2022-10-24	22455.49
2022-10-25	22567.38
2022-10-26	22566.68
2022-10-27	22581.19
2022-10-28	22791.22
2022-10-29	22791.22
2022-10-30	22791.22
2022-10-31	22828.35
2022-11-01	22888.22
2022-11-02	22691.51
2022-11-03	22572.78
2022-11-04	22593.3
2022-11-05	22593.3
2022-11-06	22593.3
2022-11-07	22627.97
2022-11-08	22652.94
2022-11-09	22649.85
2022-11-10	22930.77
2022-11-11	23134.71
2022-11-12	23134.71
2022-11-13	23134.71
2022-11-14	22895.27
2022-11-15	22947.5
2022-11-16	22886.48
2022-11-17	23029.17
2022-11-18	23078.71
2022-11-19	23078.71
2022-11-20	23078.71
2022-11-21	23184.38
2022-11-22	23215.75
2022-11-23	23243.91
2022-11-24	23258.53
2022-11-25	23283.81
2022-11-26	23283.81
2022-11-27	23283.81
2022-11-28	23205.12
2022-11-29	23183.16
2022-11-30	23454.45
2022-12-01	23468.83
2022-12-02	23456.81
2022-12-03	23456.81
2022-12-04	23456.81
2022-12-05	23369.64
2022-12-06	23250.65
2022-12-07	23146.57
2022-12-08	23149.74
2022-12-09	23136.95
2022-12-10	23136.95
2022-12-11	23136.95
2022-12-12	23205.21
2022-12-13	23222.84
2022-12-14	23278.56
2022-12-15	23096.24
2022-12-16	23000.12
2022-12-17	23000.12
2022-12-18	23000.12
2022-12-19	22870.34
2022-12-20	22751.49
2022-12-21	22849.49
2022-12-22	22806.13
2022-12-23	22775.43
2022-12-24	22775.43
2022-12-25	22775.43
2022-12-26	22778.83
2022-12-27	22711.05
2022-12-28	22526.97
2022-12-29	22624.95
2022-12-30	22611.93
2022-12-31	22611.93
2023-01-01	22611.93
2023-01-02	22619.22
2023-01-03	22575.38
2023-01-04	22673.71
2023-01-05	22681.76
2023-01-06	22735.92
2023-01-07	22735.92
2023-01-08	22735.92
2023-01-09	22742.22
2023-01-10	22820.04
2023-01-11	22944.02
2023-01-12	23053.22
2023-01-13	23118.9
2023-01-14	23118.9
2023-01-15	23118.9
2023-01-16	23199.98
2023-01-17	23202.34
2023-01-18	23129.43
2023-01-19	23222.44
2023-01-20	23260.81
2023-01-21	23260.81
2023-01-22	23260.81
2023-01-23	23291.7
2023-01-24	23267.52
2023-01-25	23221.45
2023-01-26	23278.56
2023-01-27	23339.74
2023-01-28	23339.74
2023-01-29	23339.74
2023-01-30	23270.83
2023-01-31	23394.33
2023-02-01	23466.89
2023-02-02	23634.71
2023-02-03	23780.33
2023-02-04	23780.33
2023-02-05	23780.33
2023-02-06	23721.85
2023-02-07	23688.34
2023-02-08	23622.21
2023-02-09	23521.21
2023-02-10	23490.13
2023-02-11	23490.13
2023-02-12	23490.13
2023-02-13	23492.99
2023-02-14	23541.33
2023-02-15	23598.1
2023-02-16	23597.1
2023-02-17	23489.31
2023-02-18	23489.31
2023-02-19	23489.31
2023-02-20	23468.09
2023-02-21	23325.12
2023-02-22	23318.65
2023-02-23	23375.5
2023-02-24	23388.12
2023-02-25	23388.12
2023-02-26	23388.12
2023-02-27	23355.83
2023-02-28	23357.68
2023-03-01	23261.0
2023-03-02	23279.79
2023-03-03	23399.36
2023-03-04	23399.36
2023-03-05	23399.36
2023-03-06	23528.4
2023-03-07	23560.05
2023-03-08	23513.95
2023-03-09	23432.06
2023-03-10	23250.81
2023-03-11	23250.81
2023-03-12	23250.81
2023-03-13	23165.57
2023-03-14	23248.83
2023-03-15	23290.81
2023-03-16	23383.53
2023-03-17	23251.69
2023-03-18	23251.69
2023-03-19	23251.69
2023-03-20	23281.53
2023-03-21	23451.45
2023-03-22	23306.0
2023-03-23	23326.77
2023-03-24	23404.25
2023-03-25	23404.25
2023-03-26	23404.25
2023-03-27	23449.88
2023-03-28	23369.4
2023-03-29	23498.46
2023-03-30	23574.25
2023-03-31	23742.5
2023-04-01	23742.5
2023-04-02	23742.5
2023-04-03	23703.85
2023-04-04	23758.24
2023-04-05	23782.74
2023-04-06	23879.45
2023-04-07	23878.94
2023-04-08	23878.94
2023-04-09	23878.94
2023-04-10	23911.3
2023-04-11	23935.71
2023-04-12	23919.31
2023-04-13	23947.1
2023-04-14	23997.33
2023-04-15	23997.33
2023-04-16	23997.33
2023-04-17	24057.19
2023-04-18	23998.45
2023-04-19	23976.47
2023-04-20	23921.22
2023-04-21	24028.35
2023-04-22	24028.35
2023-04-23	24028.35
2023-04-24	24048.82
2023-04-25	23993.38
2023-04-26	24036.57
2023-04-27	24096.74
2023-04-28	24175.28
2023-04-29	24175.28
2023-04-30	24175.28
2023-05-01	24150.02
2023-05-02	24014.69
2023-05-03	23966.83
2023-05-04	23964.65
2023-05-05	24062.35
2023-05-06	24062.35
2023-05-07	24062.35
2023-05-08	24023.04
2023-05-09	24019.38
2023-05-10	24044.88
2023-05-11	24105.74
2023-05-12	24187.87
2023-05-13	24187.87
2023-05-14	24187.87
2023-05-15	24163.34
2023-05-16	24117.04
2023-05-17	24154.62
2023-05-18	24218.33
2023-05-19	24191.03
2023-05-20	24191.03
2023-05-21	24191.03
2023-05-22	24228.15
2023-05-23	24138.26
2023-05-24	24102.48
2023-05-25	24133.39
2023-05-26	24221.66
2023-05-27	24221.66
2023-05-28	24221.66
2023-05-29	24281.94
2023-05-30	24304.87
2023-05-31	24229.93
2023-06-01	24254.08
2023-06-02	24326.64
2023-06-03	24326.64
2023-06-04	24326.64
2023-06-05	24318.18
2023-06-06	24208.75
2023-06-07	24160.75
2023-06-08	24059.34
2023-06-09	24089.65
2023-06-10	24089.65
2023-06-11	24089.65
2023-06-12	24153.72
2023-06-13	24223.89
2023-06-14	24168.22
2023-06-15	24236.24
2023-06-16	24275.06
2023-06-17	24275.06
2023-06-18	24275.06
2023-06-19	24346.05
2023-06-20	24384.99
2023-06-21	24281.04
2023-06-22	24193.34
2023-06-23	24194.95
2023-06-24	24194.95
2023-06-25	24194.95
2023-06-26	24169.24
2023-06-27	24249.89
2023-06-28	24410.57
2023-06-29	24403.36
2023-06-30	24488.31
2023-07-01	24488.31
2023-07-02	24488.31
2023-07-03	24524.37
2023-07-04	24500.4
2023-07-05	24484.13
2023-07-06	24360.54
2023-07-07	24142.77
2023-07-08	24142.77
2023-07-09	24142.77
2023-07-10	24156.51
2023-07-11	24324.23
2023-07-12	24298.99
2023-07-13	24429.52
2023-07-14	24500.49
2023-07-15	24500.49
2023-07-16	24500.49
2023-07-17	24568.61
2023-07-18	24581.69
2023-07-19	24712.83
2023-07-20	24582.82
2023-07-21	24602.44
2023-07-22	24602.44
2023-07-23	24602.44
2023-07-24	24637.73
2023-07-25	24626.71
2023-07-26	24680.58
2023-07-27	24767.02
2023-07-28	24822.16
2023-07-29	24822.16
2023-07-30	24822.16
2023-07-31	24797.21
2023-08-01	24919.61
2023-08-02	24731.78
2023-08-03	24671.95
2023-08-04	24578.31
2023-08-05	24578.31
2023-08-06	24578.31
2023-08-07	24664.73
2023-08-08	24680.35
2023-08-09	24645.76
2023-08-10	24649.22
2023-08-11	24639.08
2023-08-12	24639.08
2023-08-13	24639.08
2023-08-14	24636.33
2023-08-15	24583.34
2023-08-16	24507.64
2023-08-17	24381.4
2023-08-18	24396.58
2023-08-19	24396.58
2023-08-20	24396.58
2023-08-21	24404.23
2023-08-22	24367.86
2023-08-23	24479.23
2023-08-24	24454.42
2023-08-25	24458.87
2023-08-26	24458.87
2023-08-27	24458.87
2023-08-28	24543.46
2023-08-29	24698.07
2023-08-30	24767.79
2023-08-31	24786.47
2023-09-01	24764.27
2023-09-02	24764.27
2023-09-03	24764.27
2023-09-04	24755.49
2023-09-05	24799.19
2023-09-06	24659.03
2023-09-07	24611.94
2023-09-08	24615.31
2023-09-09	24615.31
2023-09-10	24615.31
2023-09-11	24614.32
2023-09-12	24603.08
2023-09-13	24532.94
2023-09-14	24609.34
2023-09-15	24598.72
2023-09-16	24598.72
2023-09-17	24598.72
2023-09-18	24497.11
2023-09-19	24450.86
2023-09-20	24369.22
2023-09-21	24183.72
2023-09-22	24112.6
2023-09-23	24112.6
2023-09-24	24112.6
2023-09-25	24218.97
2023-09-26	24046.79
2023-09-27	24085.62
2023-09-28	24056.23
2023-09-29	24038.2
2023-09-30	24038.2
2023-10-01	24038.2
2023-10-02	24072.91
2023-10-03	23955.52
2023-10-04	23914.83
2023-10-05	23989.82
2023-10-06	24081.42
2023-10-07	24081.42
2023-10-08	24081.42
2023-10-09	24088.31
2023-10-10	24210.38
2023-10-11	24295.81
2023-10-12	24320.39
2023-10-13	24214.24
2023-10-14	24214.24
2023-10-15	24214.24
2023-10-16	24212.47
2023-10-17	24193.67
2023-10-18	24076.78
2023-10-19	23914.94
2023-10-20	23759.44
2023-10-21	23759.44
2023-10-22	23759.44
2023-10-23	23731.25
2023-10-24	23775.92
2023-10-25	23672.03
2023-10-26	23486.94
2023-10-27	23466.33
2023-10-28	23466.33
2023-10-29	23466.33
2023-10-30	23468.3
2023-10-31	23563.02
2023-11-01	23692.09
2023-11-02	23927.52
2023-11-03	24037.26
2023-11-04	24037.26
2023-11-05	24037.26
2023-11-06	24083.14
2023-11-07	24170.05
2023-11-08	24263.5
2023-11-09	24269.2
2023-11-10	24340.58
2023-11-11	24340.58
2023-11-12	24340.58
2023-11-13	24293.24
2023-11-14	24427.95
2023-11-15	24564.57
2023-11-16	24558.66
2023-11-17	24571.87
2023-11-18	24571.87
2023-11-19	24571.87
2023-11-20	24583.49
2023-11-21	24579.82
2023-11-22	24610.43
2023-11-23	24575.27
2023-11-24	24548.9
2023-11-25	24548.9
2023-11-26	24548.9
2023-11-27	24479.54
2023-11-28	24498.94
2023-11-29	24595.06
2023-11-30	24623.3
2023-12-01	24648.64
2023-12-02	24648.64
2023-12-03	24648.64
2023-12-04	24706.95
2023-12-05	24736.26
2023-12-06	24850.79
2023-12-07	24867.51
2023-12-08	24910.01
2023-12-09	24910.01
2023-12-10	24910.01
2023-12-11	24946.0
2023-12-12	25031.42
2023-12-13	25148.81
2023-12-14	25259.83
2023-12-15	25229.89
2023-12-16	25229.89
2023-12-17	25229.89
2023-12-18	25277.34
2023-12-19	25309.33
2023-12-20	25262.64
2023-12-21	25305.79
2023-12-22	25291.21
2023-12-23	25291.21
2023-12-24	25291.21
2023-12-25	25292.44
2023-12-26	25318.25
2023-12-27	25375.2
2023-12-28	25454.84
2023-12-29	25442.04
2023-12-30	25442.04
2023-12-31	25442.04
2024-01-01	25441.95
2024-01-02	25437.98
2024-01-03	25293.66
2024-01-04	25240.57
2024-01-05	25231.45
2024-01-06	25231.45
2024-01-07	25231.45
2024-01-08	25324.74
2024-01-09	25398.72
2024-01-10	25427.9
2024-01-11	25486.92
2024-01-12	25475.28
2024-01-13	25475.28
2024-01-14	25475.28
2024-01-15	25499.16
2024-01-16	25414.53
2024-01-17	25414.06
2024-01-18	25386.54
2024-01-19	25529.38
2024-01-20	25529.38
2024-01-21	25529.38
2024-01-22	25623.18
2024-01-23	25689.16
2024-01-24	25658.4
2024-01-25	25747.07
2024-01-26	25736.08
2024-01-27	25736.08
2024-01-28	25736.08
2024-01-29	25837.19
2024-01-30	25890.55
2024-01-31	25867.21
2024-02-01	25906.99
2024-02-02	26115.65
2024-02-03	26115.65
2024-02-04	26115.65
2024-02-05	26070.27
2024-02-06	26041.99
2024-02-07	26126.54
2024-02-08	26184.52
2024-02-09	26215.1
2024-02-10	26215.1
2024-02-11	26215.1
2024-02-12	26186.23
2024-02-13	26102.47
2024-02-14	26090.32
2024-02-15	26261.59
2024-02-16	26247.53
2024-02-17	26247.53
2024-02-18	26247.53
2024-02-19	26235.17
2024-02-20	26161.22
2024-02-21	26164.48
2024-02-22	26379.06
2024-02-23	26379.2
2024-02-24	26379.2
2024-02-25	26379.2
2024-02-26	26433.12
2024-02-27	26435.86
2024-02-28	26492.51
2024-02-29	26575.74
2024-03-01	26633.48
2024-03-02	26633.48
2024-03-03	26633.48
2024-03-04	26660.31
2024-03-05	26560.78
2024-03-06	26602.71
2024-03-07	26724.49
2024-03-08	26723.88
2024-03-09	26723.88
2024-03-10	26723.88
2024-03-11	26616.08
2024-03-12	26730.63
2024-03-13	26717.02
2024-03-14	26691.88
2024-03-15	26576.11
2024-03-16	26576.11
2024-03-17	26576.11
2024-03-18	26638.76
2024-03-19	26727.26
2024-03-20	26784.45
2024-03-21	26880.94
2024-03-22	26979.66
2024-03-23	26979.66
2024-03-24	26979.66
2024-03-25	26977.3
2024-03-26	26912.61
2024-03-27	27011.03
2024-03-28	27145.64
2024-03-29	27146.38
2024-03-30	27146.38
2024-03-31	27146.38
2024-04-01	27150.56
2024-04-02	26980.06
2024-04-03	26846.77
2024-04-04	26728.65
2024-04-05	26800.22
2024-04-06	26800.22
2024-04-07	26800.22
2024-04-08	26782.34
2024-04-09	26792.08
2024-04-10	26859.65
2024-04-11	26823.41
2024-04-12	26747.41
2024-04-13	26747.41
2024-04-14	26747.41
2024-04-15	26622.49
2024-04-16	26498.19
2024-04-17	26414.21
2024-04-18	26433.69
2024-04-19	26281.41
2024-04-20	26281.41
2024-04-21	26281.41
2024-04-22	26401.54
2024-04-23	26598.1
2024-04-24	26522.96
2024-04-25	26479.16
2024-04-26	26477.24
2024-04-27	26477.24
2024-04-28	26477.24
2024-04-29	26572.71
2024-04-30	26563.8
2024-05-01	26437.48
2024-05-02	26514.22
2024-05-03	26626.01
2024-05-04	26626.01
2024-05-05	26626.01
2024-05-06	26778.78
2024-05-07	26917.38
2024-05-08	26950.21
2024-05-09	26867.99
2024-05-10	26936.49
2024-05-11	26936.49
2024-05-12	26936.49
2024-05-13	26934.47
2024-05-14	26948.78
2024-05-15	27042.0
2024-05-16	27192.83
2024-05-17	27063.05
2024-05-18	27063.05
2024-05-19	27063.05
2024-05-20	27119.71
2024-05-21	27109.03
2024-05-22	27109.18
2024-05-23	27094.17
2024-05-24	27045.51
2024-05-25	27045.51
2024-05-26	27045.51
2024-05-27	27093.76
2024-05-28	27073.72
2024-05-29	26913.98
2024-05-30	26815.64
2024-05-31	26923.85
2024-06-01	26923.85
2024-06-02	26923.85
2024-06-03	26976.86
2024-06-04	27033.7
2024-06-05	27236.34
2024-06-06	27289.98
2024-06-07	27357.87
2024-06-08	27357.87
2024-06-09	27357.87
2024-06-10	27367.72
2024-06-11	27261.69
2024-06-12	27258.65
2024-06-13	27376.25
2024-06-14	27373.18
2024-06-15	27373.18
2024-06-16	27373.18
2024-06-17	27426.33
2024-06-18	27474.23
2024-06-19	27423.77
2024-06-20	27387.12
2024-06-21	27475.23
2024-06-22	27475.23
2024-06-23	27475.23
2024-06-24	27374.66
2024-06-25	27534.36
2024-06-26	27430.8
2024-06-27	27500.71
2024-06-28	27485.75
2024-06-29	27485.75
2024-06-30	27485.75
2024-07-01	27484.64
2024-07-02	27472.43
2024-07-03	27491.67
2024-07-04	27588.74
2024-07-05	27604.92
2024-07-06	27604.92
2024-07-07	27604.92
2024-07-08	27582.83
2024-07-09	27654.08
2024-07-10	27742.19
2024-07-11	27735.43
2024-07-12	27863.71
2024-07-13	27863.71
2024-07-14	27863.71
2024-07-15	27930.49
2024-07-16	28031.7
2024-07-17	27927.49
2024-07-18	27794.08
2024-07-19	27714.37
2024-07-20	27714.37
2024-07-21	27714.37
2024-07-22	27826.16
2024-07-23	27872.03
2024-07-24	27667.59
2024-07-25	27548.81
2024-07-26	27653.81
2024-07-27	27653.81
2024-07-28	27653.81
2024-07-29	27777.56
2024-07-30	27691.51
2024-07-31	28035.55
2024-08-01	27891.44
2024-08-02	27563.79
2024-08-03	27563.79
2024-08-04	27563.79
2024-08-05	27060.99
2024-08-06	27076.93
2024-08-07	27063.31
2024-08-08	27215.68
2024-08-09	27345.02
2024-08-10	27345.02
2024-08-11	27345.02
2024-08-12	27378.21
2024-08-13	27625.0
2024-08-14	27726.79
2024-08-15	27892.23
2024-08-16	28008.93
2024-08-17	28008.93
2024-08-18	28008.93
2024-08-19	28034.51
2024-08-20	27982.13
2024-08-21	28063.27
2024-08-22	28027.91
2024-08-23	28098.46
2024-08-24	28098.46
2024-08-25	28098.46
2024-08-26	28144.46
2024-08-27	28117.13
2024-08-28	28074.33
2024-08-29	28062.79
2024-08-30	28193.71
2024-08-31	28193.71
2024-09-01	28193.71
2024-09-02	28191.56
2024-09-03	28115.71
2024-09-04	27949.32
2024-09-05	28006.53
2024-09-06	27932.7
2024-09-07	27932.7
2024-09-08	27932.7
2024-09-09	28025.54
2024-09-10	28116.7
2024-09-11	28189.69
2024-09-12	28300.48
2024-09-13	28335.26
2024-09-14	28335.26
2024-09-15	28335.26
2024-09-16	28356.06
2024-09-17	28333.68
2024-09-18	28303.26
2024-09-19	28457.02
2024-09-20	28452.97
2024-09-21	28452.97
2024-09-22	28452.97
2024-09-23	28337.89
2024-09-24	28333.16
2024-09-25	28296.3
2024-09-26	28420.55
2024-09-27	28341.14
2024-09-28	28341.14
2024-09-29	28341.14
2024-09-30	28343.72
2024-10-01	28270.82
2024-10-02	28271.43
2024-10-03	28291.73
2024-10-04	28333.63
2024-10-05	28333.63
2024-10-06	28333.63
2024-10-07	28366.78
2024-10-08	28439.73
2024-10-09	28554.29
2024-10-10	28538.92
2024-10-11	28569.82
2024-10-12	28569.82
2024-10-13	28569.82
2024-10-14	28672.93
2024-10-15	28672.8
2024-10-16	28715.11
2024-10-17	28753.36
2024-10-18	28745.34
2024-10-19	28745.34
2024-10-20	28745.34
2024-10-21	28855.4
2024-10-22	28646.54
2024-10-23	28583.56
2024-10-24	28627.34
2024-10-25	28622.04
2024-10-26	28622.04
2024-10-27	28622.04
2024-10-28	28698.05
2024-10-29	28796.96
2024-10-30	28671.19
2024-10-31	28512.98
2024-11-01	28434.96
2024-11-02	28434.96
2024-11-03	28434.96
2024-11-04	28479.47
2024-11-05	28506.63
2024-11-06	28808.79
2024-11-07	28760.87
2024-11-08	28935.6
2024-11-09	28935.6
2024-11-10	28935.6
2024-11-11	29036.49
2024-11-12	29069.26
2024-11-13	29036.66
2024-11-14	29089.04
2024-11-15	29058.25
2024-11-16	29058.25
2024-11-17	29058.25
2024-11-18	29019.54
2024-11-19	29110.54
2024-11-20	29062.36
2024-11-21	29083.78
2024-11-22	29200.39
2024-11-23	29200.39
2024-11-24	29200.39
2024-11-25	29290.47
2024-11-26	29350.74
2024-11-27	29343.11
2024-11-28	29382.22
2024-11-29	29389.49
2024-11-30	29389.49
2024-12-01	29389.49
2024-12-02	29508.59
2024-12-03	29585.74
2024-12-04	29620.77
2024-12-05	29632.19
2024-12-06	29678.06
2024-12-07	29678.06
2024-12-08	29678.06
2024-12-09	29540.82
2024-12-10	29562.83
2024-12-11	29602.41
2024-12-12	29522.69
2024-12-13	29499.8
2024-12-14	29499.8
2024-12-15	29499.8
2024-12-16	29508.37
2024-12-17	29594.92
2024-12-18	29414.21
2024-12-19	29214.71
2024-12-20	29182.98
2024-12-21	29182.98
2024-12-22	29182.98
2024-12-23	29460.4
2024-12-24	29572.08
2024-12-25	29574.24
2024-12-26	29592.51
2024-12-27	29574.92
2024-12-28	29574.92
2024-12-29	29574.92
2024-12-30	29427.59
2024-12-31	29346.08
2025-01-01	29346.04
2025-01-02	29330.38
2025-01-03	29508.84
2025-01-04	29508.84
2025-01-05	29508.84
2025-01-06	29508.45
2025-01-07	29472.31
2025-01-08	29565.47
2025-01-09	29564.87
2025-01-10	29394.65
2025-01-11	29394.65
2025-01-12	29394.65
2025-01-13	29236.33
2025-01-14	29222.2
2025-01-15	29351.12
2025-01-16	29508.34
2025-01-17	29577.25
2025-01-18	29577.25
2025-01-19	29577.25
2025-01-20	29597.36
2025-01-21	29745.05
2025-01-22	29841.62
2025-01-23	29874.0
2025-01-24	29818.37
2025-01-25	29818.37
2025-01-26	29818.37
2025-01-27	29695.02
2025-01-28	29803.93
2025-01-29	29868.58
2025-01-30	29970.84
2025-01-31	29936.08
2025-02-01	29936.08
2025-02-02	29936.08
2025-02-03	29753.62
2025-02-04	29721.66
2025-02-05	29778.76
2025-02-06	29948.12
2025-02-07	29863.0
2025-02-08	29863.0
2025-02-09	29863.0
2025-02-10	29889.72
2025-02-11	29872.15
2025-02-12	29890.27
2025-02-13	29958.56
2025-02-14	29898.53
2025-02-15	29898.53
2025-02-16	29898.53
2025-02-17	29894.42
2025-02-18	29911.88
2025-02-19	29872.83
2025-02-20	29665.21
2025-02-21	29519.11
2025-02-22	29519.11
2025-02-23	29519.11
2025-02-24	29515.81
2025-02-25	29412.2
2025-02-26	29483.03
2025-02-27	29405.75
2025-02-28	29500.52
2025-03-01	29500.52
2025-03-02	29500.52
2025-03-03	29373.92
2025-03-04	29287.37
2025-03-05	29246.86
2025-03-06	29047.23
2025-03-07	28974.87
2025-03-08	28974.87
2025-03-09	28974.87
2025-03-10	28716.11
2025-03-11	28597.89
2025-03-12	28570.56
2025-03-13	28442.84
2025-03-14	28607.44
2025-03-15	28607.44
2025-03-16	28607.44
2025-03-17	28646.46
2025-03-18	28615.23
2025-03-19	28732.46
2025-03-20	28858.43
2025-03-21	28878.42
2025-03-22	28878.42
2025-03-23	28878.42
2025-03-24	28978.51
2025-03-25	29000.79
2025-03-26	28921.67
2025-03-27	28822.94
2025-03-28	28696.12
2025-03-29	28696.12
2025-03-30	28696.12
2025-03-31	28660.24
2025-04-01	28719.93
2025-04-02	28791.71
2025-04-03	28318.94
2025-04-04	27931.36
2025-04-05	27931.36
2025-04-06	27931.36
2025-04-07	27537.36
2025-04-08	27524.0
2025-04-09	28105.45
2025-04-10	27908.56
2025-04-11	28018.29
2025-04-12	28018.29
2025-04-13	28018.29
2025-04-14	28098.2
2025-04-15	28139.57
2025-04-16	27978.44
2025-04-17	28089.19
2025-04-18	28098.51
2025-04-19	28098.51
2025-04-20	28098.51
2025-04-21	27877.38
2025-04-22	28106.61
2025-04-23	28349.57
2025-04-24	28576.33
2025-04-25	28650.39
2025-04-26	28650.39
2025-04-27	28650.39
2025-04-28	28688.65
2025-04-29	28836.22
2025-04-30	28941.14
2025-05-01	29040.11
2025-05-02	29171.65
2025-05-03	29171.65
2025-05-04	29171.65
2025-05-05	29053.25
2025-05-06	29011.46
2025-05-07	29068.75
2025-05-08	29159.43
2025-05-09	29184.88
2025-05-10	29184.88
2025-05-11	29184.88
2025-05-12	29466.99
2025-05-13	29449.24
2025-05-14	29478.08
2025-05-15	29585.02
2025-05-16	29694.45
2025-05-17	29694.45
2025-05-18	29694.45
2025-05-19	29624.71
2025-05-20	29756.52
2025-05-21	29607.97
2025-05-22	29621.39
2025-05-23	29531.82
2025-05-24	29531.82
2025-05-25	29531.82
2025-05-26	29531.69
2025-05-27	29814.24
2025-05-28	29758.61
2025-05-29	29768.27
2025-05-30	29834.39
2025-05-31	29834.39
2025-06-01	29834.39
2025-06-02	29769.65
2025-06-03	29893.53
2025-06-04	29934.61
2025-06-05	29897.93
2025-06-06	30004.86
2025-06-07	30004.86
2025-06-08	30004.86
2025-06-09	29961.49
2025-06-10	30060.37
2025-06-11	30038.84
2025-06-12	30062.42
2025-06-13	29938.4
2025-06-14	29938.4
2025-06-15	29938.4
2025-06-16	29986.94
2025-06-17	29933.08
2025-06-18	29917.59
2025-06-19	29969.4
2025-06-20	29921.37
2025-06-21	29921.37
2025-06-22	29921.37
2025-06-23	30200.62
2025-06-24	30332.62
2025-06-25	30457.78
2025-06-26	30469.03
2025-06-27	30520.61
2025-06-28	30520.61
2025-06-29	30520.61
2025-06-30	30593.99
2025-07-01	30544.2
2025-07-02	30617.4
2025-07-03	30632.46
2025-07-04	30661.91
2025-07-05	30661.91
2025-07-06	30661.91
2025-07-07	30647.58
2025-07-08	30600.14
2025-07-09	30593.73
2025-07-10	30604.65
2025-07-11	30469.38
2025-07-12	30469.38
2025-07-13	30469.38
2025-07-14	30481.11
2025-07-15	30542.5
2025-07-16	30516.12
2025-07-17	30707.52
2025-07-18	30749.63
2025-07-19	30749.63
2025-07-20	30749.63
2025-07-21	30680.25
2025-07-22	30628.46
2025-07-23	30732.8
2025-07-24	30749.14
2025-07-25	30794.93
2025-07-26	30794.93
2025-07-27	30794.93
2025-07-28	30857.38
2025-07-29	30837.94
2025-07-30	30945.77
2025-07-31	30898.65
2025-08-01	30618.92
2025-08-02	30618.92
2025-08-03	30618.92
2025-08-04	30756.38
2025-08-05	30826.88
2025-08-06	30914.99
2025-08-07	30923.23
2025-08-08	30923.52
2025-08-09	30923.52
2025-08-10	30923.52
2025-08-11	30947.04
2025-08-12	31081.02
2025-08-13	31049.44
2025-08-14	31179.46
2025-08-15	31201.22
2025-08-16	31201.22
2025-08-17	31201.22
2025-08-18	31269.77
2025-08-19	31173.89
2025-08-20	31251.59
2025-08-21	31259.4
2025-08-22	31257.49
2025-08-23	31257.49
2025-08-24	31257.49
2025-08-25	31172.52
2025-08-26	31153.73
2025-08-27	31157.93
2025-08-28	31197.53
2025-08-29	31099.68
2025-08-30	31099.68
2025-08-31	31099.68
2025-09-01	31021.34
2025-09-02	30962.68
2025-09-03	30813.23
2025-09-04	31062.39
2025-09-05	31050.76
2025-09-06	31050.76
2025-09-07	31050.76
2025-09-08	31087.69
2025-09-09	31074.25
2025-09-10	31164.93
2025-09-11	31183.33
2025-09-12	31232.34
2025-09-13	31232.34
2025-09-14	31232.34
2025-09-15	31248.32
2025-09-16	31229.9
2025-09-17	31174.77
2025-09-18	31259.64
2025-09-19	31326.95
2025-09-20	31326.95
2025-09-21	31326.95
2025-09-22	31362.96
2025-09-23	31305.39
2025-09-24	31196.95
2025-09-25	31193.78
2025-09-26	31241.9
2025-09-27	31241.9
2025-09-28	31241.9
2025-09-29	31311.33
2025-09-30	31279.95
2025-10-01	31330.84
2025-10-02	31475.41
2025-10-03	31530.47
2025-10-04	31530.47
2025-10-05	31530.47
2025-10-06	31551.3
2025-10-07	31534.69
2025-10-08	31571.89
2025-10-09	31559.0
2025-10-10	31349.75
2025-10-11	31349.75
2025-10-12	31349.75
2025-10-13	31488.5
2025-10-14	31447.93
2025-10-15	31521.26
2025-10-16	31630.0
2025-10-17	31598.48
2025-10-18	31598.48
2025-10-19	31598.48
2025-10-20	31747.3
2025-10-21	31806.03
2025-10-22	31713.89
2025-10-23	31724.03
2025-10-24	31808.78
2025-10-25	31808.78
2025-10-26	31808.78
2025-10-27	31906.8
2025-10-28	31887.86
2025-10-29	31725.29
2025-10-30	31647.52
2025-10-31	31658.98
2025-11-01	31658.98
2025-11-02	31658.98
2025-11-03	31699.46
2025-11-04	31561.97
2025-11-05	31585.98
2025-11-06	31510.95
2025-11-07	31467.31
2025-11-08	31467.31
2025-11-09	31467.31
2025-11-10	31537.8
2025-11-11	31602.39
2025-11-12	31599.02
2025-11-13	31350.25
2025-11-14	31251.03
2025-11-15	31251.03
2025-11-16	31251.03
2025-11-17	31183.33
2025-11-18	30964.63
2025-11-19	31000.17
2025-11-20	30896.26
2025-11-21	30939.05
2025-11-22	30939.05
2025-11-23	30939.05
2025-11-24	31174.84
2025-11-25	31289.4
2025-11-26	31341.98
2025-11-27	31337.78
2025-11-28	31351.83
2025-11-29	31351.83
2025-11-30	31351.83
2025-12-01	31236.14
2025-12-02	31245.93
2025-12-03	31237.84
2025-12-04	31243.26
2025-12-05	31247.49
2025-12-06	31247.49
2025-12-07	31247.49
2025-12-08	31288.33
2025-12-09	31189.43
2025-12-10	31217.35
2025-12-11	31231.18
2025-12-12	31239.87
2025-12-13	31239.87
2025-12-14	31239.87
2025-12-15	31202.77
2025-12-16	31140.1
2025-12-17	31004.82
2025-12-18	31088.12
2025-12-19	31230.32
2025-12-20	31230.32
2025-12-21	31230.32
2025-12-22	31310.02
2025-12-23	31438.8
2025-12-24	31407.48
2025-12-25	31409.99
2025-12-26	31408.47
2025-12-27	31408.47
2025-12-28	31408.47
2025-12-29	31387.18
2025-12-30	31391.96
2025-12-31	31379.93
2026-01-01	31380.28
2026-01-02	31387.19
2026-01-03	31387.19
2026-01-04	31387.19
2026-01-05	31447.25
2026-01-06	31432.53
2026-01-07	31403.82
2026-01-08	31452.34
2026-01-09	31491.05
2026-01-10	31491.05
2026-01-11	31491.05
2026-01-12	31501.18
2026-01-13	31553.75
2026-01-14	31484.37
2026-01-15	31517.98
2026-01-16	31617.86
2026-01-17	31617.86
2026-01-18	31617.86
2026-01-19	31511.85
2026-01-20	31251.37
2026-01-21	31198.92
2026-01-22	31309.65
2026-01-23	31273.08
2026-01-24	31273.08
2026-01-25	31273.08
2026-01-26	31270.77
2026-01-27	31384.07
2026-01-28	31324.54
2026-01-29	31305.19
2026-01-30	31235.37
2026-01-31	31235.37
2026-02-01	31235.37
2026-02-02	31317.38
2026-02-03	31207.88
2026-02-04	31135.18
2026-02-05	31095.75
2026-02-06	31071.18
2026-02-07	31071.18
2026-02-08	31071.18
2026-02-09	31199.37
2026-02-10	31196.25
2026-02-11	31320.24
2026-02-12	31180.26
2026-02-13	31122.97
2026-02-14	31122.97
2026-02-15	31122.97
2026-02-16	31135.82
2026-02-17	31177.27
2026-02-18	31279.94
2026-02-19	31331.5
2026-02-20	31391.76
2026-02-21	31391.76
2026-02-22	31391.76
2026-02-23	31257.62
2026-02-24	31325.82
2026-02-25	31421.86
2026-02-26	31501.55
2026-02-27	31483.6
2026-02-28	31483.6
2026-03-01	31483.6
2026-03-02	31426.2
2026-03-03	31203.78
2026-03-04	30964.74
2026-03-05	31066.15
2026-03-06	30924.4
2026-03-07	30924.4
2026-03-08	30924.4
2026-03-09	30670.6
2026-03-10	30694.49
2026-03-11	30696.27
2026-03-12	30495.49
2026-03-13	30496.53
2026-03-14	30496.53
2026-03-15	30496.53
2026-03-16	30508.97
2026-03-17	30529.4
2026-03-18	30513.23
2026-03-19	30307.97
2026-03-20	30076.36
2026-03-21	30076.36
2026-03-22	30076.36
2026-03-23	30113.54
2026-03-24	30136.08
2026-03-25	30402.51
2026-03-26	30233.05
2026-03-27	30050.29
2026-03-28	30050.29
2026-03-29	30050.29
2026-03-30	29992.83
2026-03-31	30238.76
2026-04-01	30497.47
2026-04-02	30430.11
2026-04-03	30440.65
2026-04-04	30440.65
2026-04-05	30440.65
2026-04-06	30465.61
2026-04-07	30600.51
2026-04-08	31089.42
2026-04-09	31163.89
2026-04-10	31145.46
2026-04-11	31145.46
2026-04-12	31145.46
2026-04-13	31191.91
2026-04-14	31313.38
2026-04-15	31405.66
2026-04-16	31418.2
2026-04-17	31486.18
2026-04-18	31486.18
2026-04-19	31486.18
2026-04-20	31551.59
2026-04-21	31441.14
2026-04-22	31387.8
2026-04-23	31286.63
2026-04-24	31370.78
2026-04-25	31370.78
2026-04-26	31370.78
2026-04-27	31333.24
2026-04-28	31230.83
2026-04-29	31193.88
2026-04-30	31218.25
2026-05-01	31282.59
2026-05-02	31282.59
2026-05-03	31282.59
2026-05-04	31297.82
2026-05-05	31351.28
2026-05-06	31607.08
2026-05-07	31689.97
2026-05-08	31630.28
2026-05-09	31630.28
2026-05-10	31630.28
2026-05-11	31620.7
2026-05-12	31560.94
2026-05-13	31536.51
2026-05-14	31682.16
2026-05-15	31594.09
2026-05-16	31594.09
2026-05-17	31594.09
2026-05-18	31431.92
2026-05-19	31542.73
2026-05-20	31435.8
2026-05-21	31681.29
2026-05-22	31778.39
2026-05-23	31778.39
2026-05-24	31778.39
2026-05-25	31798.79
2026-05-26	31836.97
2026-05-27	31964.06
2026-05-28	31834.19
2026-05-29	31981.01
2026-05-30	31981.01
2026-05-31	31981.01
2026-06-01	32052.75
2026-06-02	32053.12
2026-06-03	32061.43
2026-06-04	31988.18
2026-06-05	31737.73
2026-06-06	31737.73
2026-06-07	31737.73
2026-06-08	31719.82
2026-06-09	31734.15
2026-06-10	31640.09
2026-06-11	31806.47
2026-06-12	31989.73
2026-06-13	31989.73
2026-06-14	31989.73
2026-06-15	32276.83
2026-06-16	32285.16
2026-06-17	32300.68
2026-06-18	32387.29
2026-06-19	32345.92
2026-06-20	32345.92
2026-06-21	32345.92
2026-06-22	32339.78
2026-06-23	32306.63
2026-06-24	32351.1
2026-06-25	32444.1
2026-06-26	32406.99
2026-06-27	32406.99
2026-06-28	32406.99
2026-06-29	32591.32
2026-06-30	32596.43
2026-07-01	32580.69
2026-07-02	32535.67
2026-07-03	32656.65
2026-07-04	32656.65
2026-07-05	32656.65
2026-07-06	32700.54
2026-07-07	32600.67
2026-07-08	32493.16
2026-07-09	32528.46
2026-07-10	32622.18
2026-07-11	32622.18
2026-07-12	32622.18
2026-07-13	32534.92
2026-07-14	32501.27
2026-07-15	32551.92
2026-07-16	32498.21
2026-07-17	32324.68
2026-07-18	32324.68
2026-07-19	32324.68
2026-07-20	32218.44
2026-07-21	32359.21
2026-07-22	32339.6
2026-07-23	32270.88
2026-07-24	32151.9
2026-07-25	32151.9
2026-07-26	32151.9
2026-07-27	32297.42
2026-07-28	32332.28
2026-07-29	32299.13
2026-07-30	32310.1
2026-07-31	32438.45
2026-08-01	32438.45
2026-08-02	32438.45
2026-08-03	32647.34
2026-08-04	32848.59
2026-08-05	32984.36
2026-08-06	33031.4
2026-08-07	33057.11
2026-08-08	33057.11
2026-08-09	33057.11
2026-08-10	33056.16
2026-08-11	33056.62
2026-08-12	33060.32
2026-08-13	33124.38
2026-08-14	33018.01
2026-08-15	33018.01
2026-08-16	33018.01
2026-08-17	32923.67
2026-08-18	32831.99
2026-08-19	32793.87
2026-08-20	32772.96
2026-08-21	32750.57
2026-08-22	32750.57
2026-08-23	32750.57
2026-08-24	32779.22
2026-08-25	32894.69
2026-08-26	32873.86
2026-08-27	32825.37
2026-08-28	32833.91
2026-08-29	32833.91
2026-08-30	32833.91
2026-08-31	32804.24
2026-09-01	32697.76
2026-09-02	32609.97
2026-09-03	32750.66
2026-09-04	32743.59
2026-09-05	32743.59
2026-09-06	32743.59
2026-09-07	32762.06
2026-09-08	32591.21
2026-09-09	32468.42
2026-09-10	32358.6
2026-09-11	32331.09
2026-09-12	32331.09
2026-09-13	32331.09
2026-09-14	32288.6
2026-09-15	32134.43
2026-09-16	32144.26
