PriceDate,Balanced-Superannuation,Growth-Superannuation,Alternative Growth-Superannuation,Sustainable Balanced-Superannuation,Conservative Balanced-Superannuation,Capital Stable-Superannuation,Overseas Shares-Superannuation,Australian Shares-Superannuation,Property-Superannuation,Fixed Interest-Superannuation,Cash-Superannuation,Balanced-Pension,Growth-Pension,Alternative Growth-Pension,Sustainable Balanced-Pension,Conservative Balanced-Pension,Capital Stable-Pension,Long-term-Pension,Overseas Shares-Pension,Australian Shares-Pension,Property-Pension,Fixed Interest-Pension,Cash-Pension
2026-09-17,3.149517,3.617965,3.093065,3.122557,2.447613,2.109494,5.099273,3.638086,2.439336,1.462682,1.414050,3.429938,3.997415,3.339247,3.464380,2.675597,2.273034,1.610093,5.990684,4.224308,2.648950,1.552799,1.497854
2026-09-16,3.138121,3.601535,3.083621,3.110896,2.440567,2.105007,5.055162,3.623444,2.437843,1.458758,1.413884,3.416859,3.978700,3.328833,3.450726,2.667164,2.267917,1.605930,5.934850,4.205163,2.647124,1.547924,1.497650
2026-09-15,3.137598,3.601143,3.083386,3.109957,2.439803,2.104010,5.061082,3.616683,2.438559,1.456078,1.413716,3.416012,3.977942,3.328334,3.449454,2.666049,2.266664,1.605497,5.941878,4.195555,2.647996,1.544455,1.497451
2026-09-14,3.147426,3.616279,3.091611,3.117913,2.445717,2.107506,5.093110,3.638802,2.439457,1.458893,1.413549,3.427752,3.995497,3.337733,3.458917,2.673323,2.270665,1.609258,5.982449,4.224635,2.649063,1.547946,1.497249
2026-09-11,3.147490,3.616608,3.091578,3.119209,2.445471,2.107189,5.093104,3.639468,2.443480,1.458785,1.413047,3.427348,3.995325,3.337147,3.459978,2.672838,2.270124,1.608475,5.982568,4.225496,2.653983,1.547766,1.496635
2026-09-10,3.151628,3.622974,3.094598,3.122719,2.448310,2.109393,5.076384,3.674567,2.441402,1.462998,1.412881,3.433332,4.003644,3.341697,3.465067,2.676963,2.272978,1.609890,5.961403,4.271446,2.651372,1.552987,1.496431
2026-09-09,3.157662,3.631765,3.098671,3.132018,2.451873,2.112032,5.071368,3.706849,2.445925,1.468324,1.412715,3.440451,4.013696,3.346529,3.476065,2.681539,2.276024,1.611288,5.955178,4.313706,2.656910,1.559608,1.496223
2026-09-08,3.163688,3.640239,3.103660,3.139329,2.455620,2.114433,5.102675,3.707466,2.451491,1.471018,1.412548,3.447223,4.023051,3.351763,3.484247,2.685861,2.278701,1.613524,5.994818,4.314536,2.663721,1.562954,1.496015
2026-09-07,3.173338,3.656474,3.111892,3.150055,2.460954,2.116963,5.131941,3.737914,2.450516,1.470696,1.412380,3.458734,4.041918,3.361278,3.497124,2.692524,2.281521,1.616788,6.031894,4.354390,2.662530,1.562555,1.495809
2026-09-04,3.171974,3.654065,3.110244,3.149669,2.459972,2.116434,5.125239,3.737675,2.450359,1.471758,1.411880,3.457227,4.039396,3.359798,3.496869,2.691477,2.280980,1.616307,6.023340,4.354134,2.662339,1.563881,1.495191
2026-09-03,3.172978,3.656003,3.110976,3.150084,2.460351,2.116398,5.131869,3.739516,2.451689,1.471039,1.411712,3.458434,4.041675,3.360773,3.497568,2.691946,2.280915,1.616705,6.030961,4.356895,2.663911,1.562994,1.494984
2026-09-02,3.161899,3.639389,3.101503,3.139367,2.453451,2.112047,5.097361,3.717604,2.448113,1.467911,1.411545,3.445459,4.022642,3.350307,3.485020,2.683586,2.275952,1.612548,5.987253,4.328257,2.659536,1.559108,1.494780
2026-09-01,3.169429,3.651421,3.107846,3.148084,2.457835,2.114610,5.099642,3.754335,2.451269,1.469689,1.411381,3.455053,4.037303,3.358289,3.495883,2.689451,2.279080,1.615373,5.990042,4.376412,2.663395,1.561299,1.494592
2026-08-31,3.172222,3.655032,3.109577,3.152332,2.459648,2.115999,5.117314,3.752618,2.451764,1.473269,1.411213,3.457936,4.041025,3.359860,3.500554,2.691435,2.280599,1.616129,6.012479,4.374161,2.663946,1.565440,1.494355
2026-08-28,3.176503,3.662104,3.113196,3.155114,2.461738,2.116907,5.132695,3.761761,2.454810,1.473675,1.410713,3.462858,4.048850,3.363691,3.503599,2.693877,2.281491,1.617442,6.032054,4.386268,2.667714,1.565905,1.493740
2026-08-27,3.174284,3.657618,3.110506,3.153358,2.460306,2.116325,5.135249,3.742134,2.458907,1.475203,1.410547,3.459821,4.043189,3.360143,3.501281,2.691820,2.280733,1.616377,6.035098,4.360666,2.672725,1.567806,1.493535
2026-08-26,3.179445,3.665517,3.114784,3.161595,2.463407,2.118293,5.132158,3.771677,2.464147,1.477248,1.410384,3.466836,4.053336,3.366343,3.512118,2.696218,2.283272,1.618954,6.031132,4.399341,2.679136,1.570346,1.493333
2026-08-25,3.183284,3.671266,3.118208,3.163204,2.465835,2.119796,5.134971,3.787946,2.465619,1.478383,1.410218,3.471886,4.060642,3.370992,3.514278,2.699486,2.285192,1.621139,6.034862,4.420662,2.680929,1.571748,1.493127
2026-08-24,3.174386,3.657633,3.110651,3.154150,2.460423,2.116490,5.115128,3.761890,2.463508,1.476182,1.410054,3.461177,4.044631,3.362144,3.503247,2.692705,2.281327,1.617662,6.009722,4.386620,2.678352,1.569019,1.492920
2026-08-21,3.172230,3.654362,3.109209,3.148957,2.458590,2.114974,5.127401,3.739409,2.461529,1.474037,1.409553,3.457958,4.040024,3.359459,3.496546,2.689995,2.279313,1.616429,6.025243,4.357260,2.675931,1.566354,1.492300
2026-08-20,3.171378,3.652487,3.107948,3.148380,2.458116,2.114923,5.114461,3.748510,2.462189,1.475852,1.409387,3.457485,4.038808,3.359278,3.496456,2.689848,2.279534,1.616671,6.008945,4.369187,2.676738,1.568608,1.492093
2026-08-19,3.171518,3.652704,3.108030,3.147434,2.457978,2.114595,5.129938,3.737066,2.460343,1.475085,1.409220,3.457183,4.038611,3.358853,3.495184,2.689390,2.278999,1.616646,6.028625,4.354232,2.674479,1.567656,1.491888
2026-08-18,3.174386,3.658709,3.110546,3.151357,2.458920,2.114318,5.148690,3.742005,2.458345,1.472388,1.409051,3.460432,4.045006,3.360873,3.499541,2.690370,2.278402,1.617010,6.052449,4.360667,2.671988,1.564279,1.491684
2026-08-17,3.181354,3.669175,3.116153,3.162350,2.462976,2.116683,5.176296,3.751734,2.460609,1.474357,1.408881,3.468121,4.056621,3.366585,3.512306,2.695092,2.280972,1.618828,6.087258,4.373293,2.674782,1.566724,1.491489
2026-08-14,3.188943,3.680573,3.122737,3.170531,2.467228,2.119071,5.202002,3.767002,2.464958,1.476139,1.408380,3.477213,4.069974,3.374241,3.522131,2.700347,2.283727,1.622038,6.119784,4.393471,2.680105,1.568938,1.490879
2026-08-13,3.194561,3.689093,3.127196,3.175631,2.470541,2.121053,5.219145,3.780978,2.464189,1.478190,1.408212,3.484087,4.080153,3.379591,3.528627,2.704530,2.286078,1.624430,6.141454,4.411784,2.679116,1.571488,1.490676
2026-08-12,3.189951,3.683155,3.123279,3.172063,2.467412,2.118881,5.188161,3.789022,2.459539,1.475446,1.408046,3.479129,4.073833,3.375795,3.524758,2.701083,2.283670,1.622591,6.102216,4.422327,2.673429,1.568079,1.490471
2026-08-11,3.190796,3.685365,3.123940,3.170880,2.467732,2.118836,5.179744,3.804825,2.453941,1.474920,1.407879,3.480684,4.076872,3.377063,3.523943,2.701806,2.283708,1.623085,6.091633,4.443126,2.666577,1.567424,1.490266
2026-08-10,3.192997,3.688697,3.125806,3.171687,2.468814,2.119317,5.195470,3.802776,2.459397,1.475325,1.407717,3.483153,4.080507,3.378907,3.524792,2.702996,2.284165,1.623591,6.111731,4.440700,2.673252,1.567921,1.490059
2026-08-07,3.192039,3.687244,3.124416,3.170976,2.468175,2.118952,5.188216,3.807240,2.463478,1.476625,1.407216,3.482168,4.079081,3.377654,3.524201,2.702396,2.283812,1.623308,6.102545,4.446596,2.678247,1.569539,1.489440
2026-08-06,3.187127,3.680086,3.119244,3.167306,2.465127,2.117143,5.167296,3.806696,2.461652,1.477332,1.407049,3.476758,4.071193,3.372330,3.520309,2.698905,2.281842,1.621077,6.076006,4.445796,2.676010,1.570419,1.489234
2026-08-05,3.186835,3.679174,3.118954,3.168242,2.465203,2.117349,5.181257,3.791212,2.466528,1.478761,1.406883,3.475925,4.069469,3.371209,3.520985,2.698568,2.281929,1.620711,6.093576,4.425568,2.681946,1.572189,1.489027
2026-08-04,3.177439,3.664143,3.110951,3.156790,2.459616,2.113984,5.175118,3.748346,2.465709,1.476245,1.406716,3.464325,4.052329,3.361419,3.507277,2.691428,2.278007,1.617729,6.086536,4.369405,2.680970,1.569124,1.488822
2026-08-03,3.162052,3.640006,3.098045,3.138782,2.450946,2.109264,5.143283,3.700678,2.464675,1.475030,1.406547,3.446426,4.024619,3.346868,3.485982,2.680651,2.272682,1.612426,6.046219,4.307051,2.679706,1.567615,1.488619
2026-07-31,3.148057,3.619362,3.086108,3.127745,2.442539,2.104362,5.089290,3.681021,2.464564,1.472953,1.406050,3.430116,4.000594,3.333365,3.472689,2.670512,2.267058,1.606642,5.977958,4.281394,2.679563,1.565036,1.488005
2026-07-30,3.139078,3.605278,3.078309,3.117871,2.437238,2.101578,5.044615,3.674883,2.467544,1.472174,1.405884,3.420046,3.985085,3.325604,3.461580,2.664534,2.264129,1.604041,5.921342,4.273377,2.683212,1.564067,1.487801
2026-07-29,3.139184,3.605620,3.078352,3.117752,2.437491,2.101982,5.018744,3.699068,2.472620,1.473416,1.405716,3.421893,3.986976,3.327750,3.462726,2.665630,2.265039,1.605384,5.888544,4.305151,2.689492,1.565622,1.487593
2026-07-28,3.139286,3.604279,3.078738,3.116427,2.437248,2.101897,5.049460,3.664290,2.475545,1.473978,1.405550,3.420334,3.983682,3.326001,3.459956,2.664396,2.264487,1.604861,5.927602,4.259639,2.693072,1.566306,1.487388
2026-07-27,3.134916,3.597806,3.075031,3.111977,2.434295,2.099865,5.043677,3.645793,2.475170,1.471545,1.405385,3.414556,3.975540,3.320928,3.454170,2.660473,2.261959,1.602628,5.920422,4.235398,2.692612,1.563284,1.487184
2026-07-24,3.122486,3.578670,3.064796,3.098222,2.426580,2.094943,5.028539,3.596456,2.476531,1.466890,1.404889,3.399142,3.952731,3.308113,3.437028,2.650522,2.256087,1.597465,5.901230,4.170886,2.694269,1.557502,1.486571
2026-07-23,3.131090,3.591735,3.072620,3.108422,2.431620,2.097941,5.041353,3.625664,2.466177,1.468400,1.404726,3.409827,3.968388,3.317701,3.449848,2.656992,2.259672,1.601212,5.917442,4.209141,2.681597,1.559337,1.486370
2026-07-22,3.136036,3.599139,3.076261,3.114868,2.434634,2.099750,5.074572,3.623361,2.460375,1.471156,1.404562,3.414777,3.976038,3.320690,3.456823,2.660278,2.261497,1.602292,5.959544,4.206144,2.674494,1.562760,1.486166
2026-07-21,3.135198,3.597540,3.075228,3.113945,2.434207,2.099650,5.079180,3.615900,2.462942,1.472903,1.404394,3.413555,3.973876,3.319078,3.455484,2.659594,2.261299,1.601568,5.965362,4.196396,2.677639,1.564928,1.485962
2026-07-20,3.125439,3.582757,3.066578,3.107695,2.428508,2.096586,5.029937,3.612615,2.461542,1.472719,1.404229,3.402721,3.957497,3.310237,3.448703,2.653055,2.258027,1.598396,5.902946,4.192108,2.675925,1.564700,1.485762
2026-07-17,3.128731,3.586941,3.069330,3.112731,2.430734,2.098186,5.041508,3.617330,2.462834,1.475178,1.403733,3.406635,3.962555,3.313616,3.454712,2.655892,2.259973,1.600161,5.917602,4.198325,2.677507,1.567754,1.485149
2026-07-16,3.140005,3.604964,3.078906,3.122567,2.436991,2.101250,5.086640,3.635967,2.461932,1.475493,1.403568,3.419413,3.982681,3.323639,3.466066,2.663215,2.263205,1.603685,5.974420,4.222736,2.676404,1.568146,1.484945
2026-07-15,3.145560,3.613565,3.083700,3.127090,2.440343,2.102987,5.119161,3.635511,2.452258,1.475765,1.403402,3.425544,3.992256,3.328259,3.471238,2.667034,2.265054,1.605531,6.015712,4.222211,2.664562,1.568484,1.484742
2026-07-14,3.138377,3.602204,3.077495,3.120499,2.436089,2.100647,5.097881,3.618095,2.452280,1.474990,1.403236,3.417041,3.979186,3.321344,3.463193,2.661868,2.262411,1.603131,5.988837,4.199442,2.664589,1.567521,1.484538
2026-07-13,3.137361,3.600246,3.076593,3.121041,2.435415,2.100247,5.100681,3.613123,2.452344,1.475249,1.403068,3.416142,3.977424,3.320742,3.464283,2.661230,2.262078,1.603317,5.992467,4.192950,2.664670,1.567842,1.484334
2026-07-10,3.144684,3.610811,3.082330,3.127097,2.439706,2.102736,5.135626,3.617010,2.450394,1.478048,1.402574,3.424024,3.989038,3.326364,3.471258,2.666158,2.264779,1.605850,6.036893,4.198116,2.662258,1.571320,1.483722
2026-07-09,3.139585,3.603137,3.078395,3.120109,2.436765,2.100911,5.124034,3.602816,2.449187,1.476341,1.402410,3.418143,3.980286,3.321939,3.462943,2.662511,2.262712,1.604380,6.022330,4.179546,2.660780,1.569200,1.483520
2026-07-08,3.136017,3.598094,3.075363,3.117948,2.434461,2.099491,5.095000,3.612564,2.447328,1.474988,1.402244,3.414702,3.975402,3.319713,3.461111,2.660208,2.261309,1.603625,5.985613,4.192323,2.658505,1.567520,1.483315
2026-07-07,3.142502,3.607058,3.080502,3.125668,2.438690,2.102486,5.115453,3.621751,2.457402,1.479432,1.402079,3.422041,3.985362,3.325430,3.470120,2.665216,2.264715,1.605771,6.011755,4.204462,2.670840,1.573039,1.483115
2026-07-06,3.152851,3.621435,3.087685,3.133442,2.444156,2.105614,5.146291,3.631475,2.451232,1.482299,1.401913,3.433991,4.002288,3.332725,3.479343,2.671756,2.268267,1.609884,6.050831,4.217246,2.663268,1.576599,1.482912
2026-07-03,3.150223,3.617286,3.085209,3.132772,2.441759,2.104034,5.123703,3.637709,2.471823,1.480999,1.401418,3.431247,3.997715,3.330968,3.478738,2.669125,2.266461,1.608618,6.022144,4.225250,2.688487,1.574985,1.482302
2026-07-02,3.137302,3.597839,3.073677,3.121020,2.434551,2.100126,5.100152,3.598304,2.470934,1.480308,1.401253,3.415412,3.974376,3.317009,3.464149,2.659958,2.261781,1.601705,5.992480,4.173628,2.687410,1.574091,1.482098
2026-07-01,3.136016,3.598019,3.071117,3.120456,2.434341,2.099552,5.114715,3.597561,2.451148,1.481049,1.401091,3.413692,3.974410,3.313308,3.463114,2.659596,2.261024,1.599808,6.010786,4.172673,2.663183,1.575011,1.481898
2026-06-30,3.138036,3.602136,3.071359,3.123256,2.435774,2.100434,5.106054,3.623347,2.450958,1.483576,1.400921,3.416171,3.979466,3.314058,3.466623,2.661719,2.262118,1.599278,5.999694,4.206443,2.662952,1.578150,1.481689
2026-06-29,3.135760,3.599290,3.068309,3.118895,2.434151,2.099331,5.090816,3.635128,2.453594,1.484317,1.400757,3.414310,3.976871,3.311880,3.462321,2.660220,2.261027,1.599330,5.981311,4.221934,2.666182,1.579068,1.481487
2026-06-26,3.119253,3.573627,3.053674,3.105038,2.424497,2.094125,5.031769,3.602133,2.453511,1.484384,1.400009,3.394858,3.947026,3.295266,3.445710,2.648473,2.255120,1.593159,5.906538,4.178745,2.666044,1.579123,1.480579
2026-06-25,3.120846,3.576164,3.054822,3.109175,2.425091,2.094150,5.043850,3.599919,2.448505,1.483720,1.399844,3.396169,3.949577,3.296015,3.450188,2.648969,2.255010,1.593071,5.921897,4.175864,2.659908,1.578297,1.480376
2026-06-24,3.121426,3.578067,3.055401,3.106535,2.425022,2.093663,5.038008,3.613185,2.445384,1.482010,1.399680,3.397357,3.952230,3.297206,3.447711,2.649210,2.254497,1.593746,5.914550,4.193242,2.656089,1.576168,1.480172
2026-06-23,3.116525,3.571142,3.051296,3.101265,2.421983,2.091724,5.025747,3.598172,2.438357,1.479676,1.399515,3.390996,3.943506,3.291780,3.440942,2.645107,2.252058,1.591307,5.898925,4.173609,2.647486,1.573273,1.479968
2026-06-22,3.127526,3.589474,3.060643,3.112717,2.427594,2.094063,5.068956,3.615169,2.433964,1.477641,1.399350,3.402807,3.963337,3.300530,3.453481,2.651283,2.254233,1.593510,5.953356,4.195874,2.642102,1.570746,1.479765
2026-06-19,3.128531,3.591451,3.061590,3.113821,2.428152,2.094222,5.068324,3.622154,2.427310,1.477436,1.398856,3.404201,3.965771,3.301872,3.455081,2.652072,2.254427,1.593978,5.952560,4.205062,2.633955,1.570492,1.479154
2026-06-18,3.134770,3.601427,3.066431,3.122547,2.431724,2.096278,5.064422,3.657428,2.427958,1.479491,1.398691,3.412030,3.977723,3.308379,3.466139,2.656827,2.256898,1.596104,5.947715,4.250886,2.634750,1.573037,1.478949
2026-06-17,3.131853,3.598043,3.064079,3.119082,2.430148,2.095355,5.025170,3.679614,2.427029,1.479034,1.398525,3.409743,3.974662,3.307170,3.462791,2.655524,2.256126,1.595365,5.898922,4.280940,2.633608,1.572469,1.478748
2026-06-16,3.132015,3.597873,3.064350,3.119920,2.429977,2.095101,5.048591,3.659088,2.436300,1.478272,1.398359,3.409047,3.973773,3.306226,3.463052,2.654765,2.255538,1.594816,5.927569,4.253411,2.644978,1.571593,1.478542
2026-06-15,3.133541,3.600280,3.065613,3.120989,2.430772,2.095430,5.056491,3.659479,2.435803,1.477912,1.398194,3.410568,3.976384,3.307427,3.464263,2.655617,2.255838,1.595164,5.937641,4.254093,2.644372,1.571089,1.478332
2026-06-12,3.114258,3.570080,3.048859,3.100984,2.419205,2.088889,4.997421,3.614809,2.437440,1.475600,1.397701,3.388233,3.941958,3.289011,3.440749,2.641711,2.248534,1.588418,5.863175,4.195994,2.646347,1.568222,1.477723
2026-06-11,3.096579,3.544499,3.034689,3.087663,2.410834,2.084431,4.969495,3.558104,2.431908,1.471622,1.397534,3.366608,3.909094,3.270870,3.418257,2.628132,2.241108,1.582075,5.829845,4.113308,2.638522,1.563291,1.477519
2026-06-10,3.085072,3.528180,3.024773,3.078279,2.403812,2.080223,4.896436,3.566359,2.431950,1.468910,1.397368,3.354109,3.891125,3.261010,3.407864,2.620232,2.236534,1.577787,5.737822,4.124047,2.638574,1.559930,1.477318
2026-06-09,3.092546,3.539768,3.031640,3.086239,2.408207,2.082469,4.958210,3.548426,2.429928,1.468538,1.397201,3.361636,3.902871,3.266320,3.416054,2.624587,2.238602,1.579817,5.815221,4.100685,2.636095,1.559469,1.477114
2026-06-05,3.092503,3.540801,3.031380,3.087161,2.408008,2.082021,4.952155,3.555278,2.425301,1.468004,1.396538,3.361590,3.903613,3.265801,3.416794,2.624233,2.237947,1.579174,5.807590,4.109624,2.630424,1.558806,1.476300
2026-06-04,3.110583,3.568549,3.046946,3.102587,2.418620,2.087911,5.026770,3.576194,2.421580,1.469809,1.396372,3.381486,3.934179,3.281587,3.433989,2.636369,2.244247,1.584732,5.901579,4.136802,2.625862,1.561045,1.476098
2026-06-03,3.114029,3.575306,3.049468,3.108082,2.420220,2.088381,5.012629,3.611292,2.414557,1.469099,1.396206,3.386190,3.942550,3.285410,3.441224,2.638865,2.244874,1.585680,5.883422,4.182504,2.617278,1.560161,1.475892
2026-06-02,3.112908,3.572738,3.048271,3.107107,2.419870,2.088598,5.025075,3.590995,2.415542,1.471446,1.396040,3.384045,3.938714,3.282586,3.439259,2.637858,2.244923,1.584492,5.899305,4.156168,2.618489,1.563073,1.475694
2026-06-01,3.114372,3.574741,3.049329,3.101833,2.420330,2.088565,5.031598,3.589862,2.412706,1.470283,1.395873,3.386250,3.941555,3.284260,3.434014,2.638613,2.244991,1.585944,5.907547,4.154716,2.615011,1.561632,1.475488
2026-05-29,3.108022,3.564797,3.043035,3.093893,2.416921,2.087066,5.000382,3.584654,2.421573,1.472862,1.395378,3.378609,3.929796,3.277072,3.424296,2.634447,2.243286,1.582831,5.868212,4.147995,2.625884,1.564822,1.474880
2026-05-28,3.097894,3.548521,3.034694,3.082153,2.410738,2.083347,5.000209,3.534507,2.424940,1.469901,1.395214,3.366057,3.910525,3.266354,3.410047,2.626469,2.238893,1.579099,5.868028,4.082872,2.630013,1.561151,1.474679
2026-05-27,3.105433,3.560957,3.041272,3.090211,2.414973,2.085393,5.002699,3.572531,2.427309,1.469403,1.395049,3.375923,3.925823,3.275469,3.420538,2.632214,2.241436,1.582590,5.871166,4.132305,2.632919,1.560534,1.474477
2026-05-26,3.096141,3.546987,3.033179,3.081902,2.409169,2.081956,4.977604,3.548234,2.428299,1.467375,1.394881,3.364420,3.909118,3.265596,3.410380,2.624910,2.237346,1.578473,5.839684,4.100749,2.634135,1.558019,1.474275
2026-05-25,3.094214,3.544598,3.031396,3.080281,2.407932,2.081187,4.955313,3.559800,2.426096,1.467006,1.394716,3.362665,3.906792,3.264408,3.408739,2.623795,2.236595,1.577956,5.811557,4.115808,2.631484,1.557574,1.474074
2026-05-22,3.090689,3.539567,3.028750,3.076334,2.405384,2.079109,4.956667,3.544253,2.425385,1.463685,1.394221,3.358660,3.901275,3.261456,3.404129,2.620679,2.234211,1.577172,5.813526,4.095712,2.630613,1.553456,1.473467
2026-05-21,3.083929,3.529273,3.022974,3.069836,2.401204,2.076598,4.932014,3.531474,2.424836,1.461906,1.394055,3.350692,3.889517,3.254970,3.396538,2.615642,2.231372,1.574784,5.782464,4.079137,2.629949,1.551250,1.473263
2026-05-20,3.068546,3.505765,3.009786,3.053050,2.391756,2.070932,4.901343,3.483063,2.423472,1.458166,1.393890,3.331821,3.861720,3.238828,3.375884,2.603714,2.224693,1.568440,5.743815,4.016279,2.628276,1.546613,1.473060
2026-05-19,3.072207,3.512946,3.013357,3.055603,2.393416,2.071042,4.888923,3.520135,2.417423,1.454645,1.393725,3.337558,3.871639,3.245171,3.380193,2.606629,2.225148,1.571044,5.728070,4.064450,2.620857,1.542248,1.472857
2026-05-18,3.064104,3.500969,3.005904,3.047283,2.388305,2.068043,4.885947,3.484027,2.417638,1.454304,1.393559,3.326794,3.856060,3.234469,3.368855,2.599588,2.221221,1.565992,5.724551,4.017577,2.621127,1.541838,1.472654
2026-05-15,3.073120,3.515907,3.013305,3.057468,2.393237,2.070486,4.889439,3.529875,2.414891,1.454957,1.393062,3.338142,3.873940,3.244288,3.381908,2.606164,2.224113,1.569374,5.728951,4.077189,2.617759,1.542649,1.472048
2026-05-14,3.082014,3.528321,3.020590,3.064785,2.399208,2.074827,4.926328,3.533820,2.423149,1.461076,1.392897,3.347716,3.886953,3.251117,3.389794,2.612874,2.228843,1.571791,5.775445,4.082335,2.627887,1.550236,1.471845
2026-05-13,3.074526,3.517429,3.014081,3.056722,2.394428,2.071902,4.883243,3.535324,2.423881,1.459134,1.392731,3.339239,3.874756,3.244411,3.380219,2.607392,2.225588,1.568903,5.721211,4.084304,2.628785,1.547829,1.471641
2026-05-12,3.070793,3.512085,3.010595,3.053855,2.392166,2.070460,4.870148,3.534110,2.424302,1.459273,1.392566,3.335410,3.869098,3.241009,3.377101,2.604891,2.224067,1.567384,5.704692,4.082710,2.629302,1.548000,1.471443
2026-05-11,3.075700,3.519194,3.014416,3.059610,2.395309,2.072616,4.882783,3.546111,2.425095,1.462641,1.392398,3.341112,3.877098,3.245245,3.383810,2.608744,2.226545,1.568823,5.720679,4.098307,2.630276,1.552175,1.471239
2026-05-08,3.076492,3.520364,3.014684,3.062352,2.395857,2.073027,4.882671,3.551692,2.424510,1.464415,1.391902,3.342199,3.878532,3.245823,3.387179,2.609498,2.227042,1.568959,5.720486,4.105749,2.629610,1.554377,1.470630
2026-05-07,3.082619,3.531264,3.019667,3.067432,2.399576,2.074976,4.875849,3.593314,2.422904,1.465481,1.391737,3.350488,3.891796,3.252771,3.393918,2.614638,2.229440,1.571248,5.711859,4.159846,2.627640,1.555698,1.470428
2026-05-06,3.079227,3.525143,3.017123,3.060848,2.397685,2.074000,4.893448,3.556770,2.426799,1.464530,1.391573,3.345635,3.883960,3.248469,3.385542,2.611786,2.228168,1.570186,5.733982,4.112331,2.632779,1.554468,1.470224
2026-05-05,3.058545,3.493896,2.999293,3.040953,2.385141,2.066413,4.830290,3.516243,2.417640,1.460176,1.391410,3.321609,3.848602,3.228494,3.362398,2.596743,2.219731,1.562606,5.654401,4.059726,2.621542,1.549071,1.470025
2026-05-04,3.055354,3.489635,2.996642,3.037573,2.383183,2.065143,4.809739,3.520415,2.417616,1.459295,1.391253,3.318450,3.844116,3.226044,3.358919,2.594632,2.218379,1.561576,5.628552,4.065143,2.621513,1.547959,1.469833
2026-05-01,3.055144,3.489818,2.995937,3.036593,2.382853,2.064742,4.800701,3.528839,2.418770,1.459388,1.390784,3.318223,3.844167,3.225713,3.357767,2.594488,2.217842,1.561493,5.617177,4.076584,2.622931,1.548074,1.469257
2026-04-30,3.050389,3.482672,2.992055,3.030142,2.379838,2.062656,4.802486,3.505555,2.417621,1.456959,1.390622,3.312314,3.835673,3.220703,3.349788,2.590559,2.215389,1.559694,5.619425,4.046365,2.621522,1.545062,1.469059
2026-04-29,3.049365,3.481406,2.991277,3.030632,2.379447,2.062433,4.788667,3.514623,2.411407,1.457718,1.390464,3.312061,3.834983,3.220577,3.350887,2.590467,2.215427,1.559876,5.602215,4.058065,2.613899,1.546011,1.468865
2026-04-28,3.049449,3.481279,2.990953,3.032367,2.379457,2.062644,4.780129,3.521381,2.415260,1.459150,1.390307,3.312031,3.834780,3.220403,3.352808,2.590531,2.215635,1.559508,5.591312,4.066741,2.618615,1.547784,1.468680
2026-04-27,3.056561,3.492507,2.996814,3.039512,2.383844,2.065357,4.798019,3.541970,2.411355,1.461784,1.390151,3.320399,3.847419,3.226831,3.361079,2.595872,2.218618,1.561707,5.613847,4.093439,2.613825,1.551056,1.468488
2026-04-24,3.059593,3.496789,2.999370,3.040843,2.385598,2.066249,4.810131,3.546169,2.412716,1.462272,1.389681,3.324165,3.852679,3.230078,3.362951,2.598117,2.219780,1.563257,5.628994,4.098939,2.615497,1.551660,1.467911
2026-04-23,3.054503,3.489863,2.995202,3.037196,2.382614,2.064505,4.781099,3.551124,2.413537,1.461528,1.389524,3.318562,3.844942,3.225675,3.358955,2.594771,2.217790,1.561088,5.592490,4.105422,2.616477,1.550728,1.467721
2026-04-22,3.062295,3.501712,3.001669,3.044849,2.387397,2.067361,4.800962,3.572456,2.408899,1.463974,1.389368,3.327881,3.858766,3.233319,3.368277,2.600724,2.221122,1.564074,5.617488,4.133149,2.610797,1.553760,1.467528
2026-04-21,3.064478,3.505610,3.003442,3.049155,2.388770,2.068218,4.783781,3.599235,2.412169,1.465273,1.389212,3.331421,3.864002,3.236481,3.374081,2.602933,2.222309,1.565051,5.595847,4.167940,2.614810,1.555372,1.467336
2026-04-20,3.069891,3.513292,3.008162,3.051192,2.391944,2.070073,4.809300,3.601032,2.418272,1.466032,1.389055,3.337411,3.872631,3.241556,3.376518,2.606629,2.224366,1.567196,5.627882,4.170291,2.622296,1.556314,1.467145
2026-04-17,3.068610,3.511907,3.006905,3.047632,2.390748,2.069139,4.804492,3.599341,2.418356,1.464996,1.388582,3.335535,3.870524,3.239680,3.371971,2.605058,2.223065,1.566122,5.621846,4.168144,2.622409,1.555030,1.466566
2026-04-16,3.062818,3.504377,3.001864,3.039848,2.387012,2.066521,4.780082,3.602125,2.411662,1.462680,1.388425,3.329568,3.862420,3.234806,3.363230,2.600919,2.220233,1.564129,5.591202,4.171804,2.614201,1.552158,1.466375
2026-04-15,3.060908,3.501247,3.000027,3.036749,2.386050,2.066143,4.770927,3.601190,2.408045,1.463688,1.388268,3.327481,3.859040,3.232999,3.359691,2.599884,2.219909,1.563565,5.579659,4.170612,2.609766,1.553407,1.466181
2026-04-14,3.057440,3.495960,2.997019,3.032043,2.384075,2.065087,4.756021,3.598059,2.407133,1.463440,1.388110,3.323642,3.853269,3.229929,3.354385,2.597648,2.218804,1.562507,5.560814,4.166560,2.608648,1.553097,1.465992
2026-04-13,3.046756,3.480609,2.987875,3.019575,2.377109,2.060315,4.729197,3.578174,2.401163,1.458603,1.387953,3.311514,3.836295,3.220250,3.340257,2.589433,2.213545,1.558967,5.527203,4.140747,2.601392,1.547091,1.465801
2026-04-10,3.044117,3.477000,2.985348,3.020431,2.375661,2.059617,4.698544,3.595763,2.399783,1.460023,1.387483,3.309048,3.832715,3.218315,3.341803,2.588235,2.212955,1.558090,5.488482,4.163629,2.599700,1.548853,1.465227
2026-04-09,3.046034,3.478865,2.987078,3.022400,2.376948,2.060745,4.698620,3.600051,2.397974,1.462126,1.387325,3.311525,3.835260,3.220757,3.344507,2.589956,2.214397,1.559472,5.488705,4.169215,2.597481,1.551508,1.465034
2026-04-08,3.045335,3.477464,2.986352,3.022624,2.377102,2.061291,4.694133,3.598830,2.392422,1.464269,1.387169,3.310908,3.833769,3.220096,3.345149,2.590255,2.215169,1.559760,5.483567,4.167969,2.590727,1.554178,1.464843
2026-04-07,3.010500,3.425150,2.956663,2.983322,2.355787,2.048315,4.607108,3.514480,2.379352,1.454674,1.387011,3.270179,3.774358,3.187057,3.298652,2.564382,2.200495,1.547816,5.374003,4.058477,2.574693,1.542232,1.464652
2026-04-02,2.995080,3.402454,2.942247,2.967454,2.346710,2.042821,4.597240,3.461064,2.378531,1.453718,1.386232,3.251108,3.747147,3.169398,3.278949,2.552730,2.193902,1.540414,5.361605,3.989222,2.573686,1.541047,1.463693
2026-04-01,3.003083,3.414606,2.948769,2.976843,2.351829,2.046230,4.595822,3.499069,2.375347,1.457479,1.386054,3.261127,3.761769,3.177752,3.290672,2.559476,2.197996,1.543677,5.359894,4.038611,2.569744,1.545712,1.463474
2026-03-31,2.981623,3.381862,2.930823,2.952874,2.339398,2.038889,4.559901,3.430723,2.363902,1.453277,1.385918,3.235862,3.724216,3.156854,3.262404,2.544092,2.189737,1.536614,5.314527,3.949923,2.555705,1.540569,1.463310
2026-03-30,2.962943,3.355046,2.914180,2.936101,2.327494,2.031486,4.472586,3.422714,2.357172,1.448711,1.385762,3.214725,3.694161,3.139213,3.243041,2.530290,2.181484,1.529277,5.204339,3.939600,2.547429,1.534915,1.463119
2026-03-27,2.966718,3.362771,2.917706,2.942695,2.328824,2.031142,4.477576,3.443563,2.355026,1.444782,1.385296,3.219322,3.703046,3.143330,3.250678,2.532012,2.180924,1.530124,5.210542,3.966715,2.544797,1.530026,1.462547
2026-03-26,2.976845,3.377495,2.926255,2.952256,2.335027,2.034940,4.529330,3.447487,2.359960,1.448599,1.385141,3.230496,3.719071,3.152065,3.261287,2.539020,2.184998,1.533034,5.275620,3.971840,2.550849,1.534754,1.462358
2026-03-25,2.987518,3.393632,2.934745,2.962216,2.342454,2.039693,4.580087,3.456643,2.361654,1.453966,1.384985,3.242512,3.736824,3.160799,3.272589,2.547556,2.190259,1.536311,5.339546,3.983746,2.552930,1.541420,1.462170
2026-03-24,2.967357,3.363540,2.917579,2.941860,2.329815,2.031817,4.536301,3.400230,2.359292,1.447984,1.384831,3.218106,3.701448,3.140150,3.247720,2.531750,2.181036,1.528043,5.284454,3.910545,2.550033,1.534002,1.461980
2026-03-23,2.963423,3.357768,2.914142,2.936231,2.327330,2.030335,4.520978,3.393243,2.359644,1.447246,1.384671,3.213355,3.694523,3.135976,3.241177,2.528639,2.179269,1.526329,5.265200,3.901543,2.550467,1.533072,1.461784
2026-03-20,2.961900,3.355889,2.912370,2.936048,2.326006,2.029505,4.488698,3.413016,2.360483,1.447570,1.384212,3.211942,3.692835,3.134541,3.241176,2.527445,2.178412,1.525347,5.224724,3.927262,2.551473,1.533474,1.461223
2026-03-19,2.978245,3.379212,2.926128,2.953051,2.336354,2.036230,4.544884,3.437191,2.373756,1.454383,1.384058,3.231024,3.719491,3.150168,3.261562,2.539854,2.186094,1.531607,5.295393,3.958665,2.567746,1.541922,1.461034
2026-03-18,2.993948,3.403096,2.939376,2.970197,2.345793,2.041933,4.571384,3.487263,2.380446,1.458685,1.383896,3.249794,3.747301,3.166609,3.282147,2.551613,2.192649,1.537325,5.328578,4.023697,2.575950,1.547265,1.460835
2026-03-17,2.995362,3.404633,2.940570,2.968807,2.346630,2.042492,4.592337,3.472988,2.383423,1.459039,1.383754,3.250592,3.748191,3.166219,3.279690,2.552126,2.193068,1.537389,5.354744,4.005179,2.579601,1.547704,1.460662
2026-03-16,2.992086,3.400160,2.938198,2.964590,2.344428,2.040735,4.586643,3.464345,2.380519,1.455589,1.383606,3.246950,3.743362,3.163816,3.274861,2.549535,2.191109,1.536650,5.347704,3.993994,2.576040,1.543362,1.460483
2026-03-13,2.991196,3.399398,2.937274,2.964817,2.343975,2.040242,4.568769,3.478433,2.374803,1.454854,1.383163,3.246903,3.743674,3.163932,3.276136,2.549574,2.190880,1.537369,5.325147,4.012329,2.569030,1.542451,1.459942
2026-03-12,2.992216,3.400907,2.937813,2.968035,2.344522,2.040816,4.567348,3.482834,2.376883,1.456829,1.383011,3.247529,3.744578,3.163768,3.279195,2.549969,2.191253,1.536450,5.323311,4.017968,2.571584,1.544894,1.459757
2026-03-11,3.008643,3.425650,2.951255,2.986235,2.354281,2.046880,4.606653,3.525382,2.381352,1.462837,1.382868,3.266641,3.772666,3.178776,3.300810,2.561807,2.197937,1.541639,5.372961,4.073193,2.577064,1.552340,1.459582
2026-03-10,3.008220,3.423418,2.950883,2.986875,2.354759,2.047852,4.616478,3.509302,2.385359,1.466150,1.382728,3.265701,3.769533,3.178007,3.301250,2.561980,2.199081,1.541716,5.385262,4.051966,2.581977,1.556456,1.459410
2026-03-09,3.001920,3.413985,2.946469,2.978190,2.351077,2.045061,4.625598,3.475153,2.381168,1.461353,1.382579,3.258452,3.759074,3.173091,3.291001,2.557354,2.196102,1.540463,5.396434,4.007640,2.576840,1.550508,1.459223
2026-03-06,3.024742,3.450103,2.965627,3.004612,2.364769,2.052588,4.647961,3.570810,2.384137,1.464892,1.382139,3.287257,3.802481,3.197026,3.323994,2.575332,2.205274,1.549728,5.424581,4.131861,2.580478,1.554898,1.458685
2026-03-05,3.039151,3.471240,2.977419,3.018789,2.373209,2.057654,4.688436,3.602112,2.387992,1.468650,1.382006,3.303754,3.827021,3.210367,3.340889,2.585743,2.211041,1.554845,5.476223,4.173422,2.585246,1.559655,1.458524
2026-03-04,3.032150,3.458666,2.970651,3.012026,2.369319,2.056313,4.676737,3.570670,2.395031,1.472257,1.381857,3.294347,3.811075,3.201680,3.331945,2.580426,2.209246,1.551218,5.461275,4.132480,2.593868,1.564076,1.458343
2026-03-03,3.046152,3.481713,2.983658,3.026210,2.377714,2.060540,4.694256,3.628130,2.394676,1.470504,1.381709,3.312850,3.839667,3.218588,3.350428,2.591674,2.214504,1.558537,5.483046,4.207202,2.593423,1.561863,1.458168
2026-03-02,3.069212,3.515080,3.002656,3.047444,2.391612,2.069271,4.752283,3.677772,2.401118,1.477763,1.381557,3.339056,3.877612,3.239269,3.375261,2.608482,2.224401,1.566409,5.556040,4.271760,2.601341,1.570871,1.457983
2026-02-27,3.070509,3.517078,3.003041,3.052326,2.392184,2.069648,4.753305,3.682931,2.402638,1.479960,1.381116,3.340083,3.879248,3.238854,3.380664,2.608982,2.224639,1.565556,5.557292,4.278824,2.603205,1.573609,1.457442
2026-02-26,3.071473,3.519155,3.004440,3.052378,2.392666,2.069483,4.777697,3.668860,2.400510,1.477922,1.380970,3.341070,3.881312,3.239719,3.380671,2.609251,2.224286,1.566075,5.587973,4.260588,2.600604,1.571083,1.457262
2026-02-25,3.068967,3.514743,3.001177,3.046700,2.390446,2.067868,4.782432,3.648121,2.399414,1.476508,1.380822,3.337101,3.875605,3.235155,3.373050,2.606159,2.222232,1.564399,5.593985,4.233653,2.599262,1.569331,1.457081
2026-02-24,3.058154,3.496925,2.991822,3.033395,2.384555,2.064989,4.766809,3.607705,2.397698,1.477369,1.380674,3.324354,3.855224,3.224533,3.357154,2.598879,2.219069,1.560944,5.574328,4.181125,2.597160,1.570394,1.456901
2026-02-23,3.053080,3.489735,2.987729,3.030348,2.381688,2.063333,4.738618,3.609673,2.398243,1.476591,1.380527,3.319166,3.847518,3.220682,3.353787,2.595712,2.217340,1.559516,5.538927,4.183842,2.597833,1.569432,1.456722
2026-02-20,3.060133,3.501278,2.993510,3.037957,2.384945,2.064409,4.762940,3.626532,2.396977,1.475129,1.380083,3.326866,3.860421,3.226959,3.362764,2.599536,2.218355,1.561278,5.569665,4.205801,2.596283,1.567619,1.456176
2026-02-19,3.057714,3.498711,2.991721,3.036385,2.383481,2.063250,4.746701,3.634946,2.393076,1.473380,1.379936,3.324999,3.858277,3.226262,3.361560,2.598203,2.217202,1.560990,5.549123,4.216723,2.591505,1.565451,1.455996
2026-02-18,3.052759,3.490166,2.987197,3.028624,2.380767,2.062092,4.751353,3.604625,2.393424,1.475128,1.379788,3.318360,3.847558,3.219952,3.351635,2.594415,2.215701,1.558425,5.554990,4.177340,2.591931,1.567616,1.455813
2026-02-17,3.043976,3.475224,2.979372,3.017825,2.375832,2.059751,4.725334,3.580097,2.399549,1.476277,1.379639,3.307992,3.830670,3.211273,3.339024,2.588434,2.213207,1.555492,5.522273,4.145484,2.599437,1.569041,1.455633
2026-02-16,3.038851,3.467677,2.974925,3.011128,2.372743,2.057957,4.711709,3.567325,2.393531,1.475407,1.379493,3.301708,3.821623,3.205816,3.330642,2.584589,2.211081,1.553429,5.505093,4.128973,2.592064,1.567988,1.455454
2026-02-13,3.037517,3.465784,2.973772,3.008709,2.371650,2.057019,4.712769,3.560733,2.393322,1.473978,1.379050,3.299937,3.819369,3.204412,3.327656,2.583183,2.209949,1.552944,5.506443,4.120459,2.591851,1.566246,1.454911
2026-02-12,3.042124,3.475559,2.977856,3.015936,2.373716,2.057389,4.688698,3.611492,2.389233,1.471469,1.378901,3.306388,3.831096,3.210227,3.336779,2.586325,2.210366,1.554114,5.475682,4.186838,2.586812,1.563132,1.454730
2026-02-11,3.054583,3.494147,2.988845,3.026678,2.380872,2.061190,4.751567,3.616481,2.387484,1.471251,1.378754,3.320123,3.851943,3.222034,3.348856,2.594595,2.214500,1.559087,5.554783,4.193300,2.584698,1.562873,1.454549
2026-02-10,3.045840,3.480608,2.981819,3.018630,2.375821,2.058204,4.762192,3.566212,2.384754,1.469392,1.378607,3.309181,3.835524,3.212563,3.338517,2.587789,2.210870,1.555710,5.568138,4.128007,2.581355,1.560569,1.454368
2026-02-09,3.043674,3.478223,2.979968,3.015943,2.374013,2.056574,4.760794,3.561163,2.379447,1.466723,1.378459,3.306394,3.832554,3.210162,3.335133,2.585473,2.208872,1.554474,5.566360,4.121347,2.574854,1.557260,1.454188
2026-02-06,3.030282,3.456123,2.967662,3.003051,2.366152,2.052292,4.754131,3.501791,2.375854,1.466907,1.378016,3.289645,3.806865,3.195371,3.319390,2.575511,2.203981,1.549297,5.557903,4.044141,2.570542,1.557492,1.453645
2026-02-05,3.035866,3.467220,2.972791,3.010149,2.369498,2.053737,4.716219,3.571697,2.368314,1.465587,1.377869,3.299121,3.822347,3.204748,3.329714,2.581222,2.206271,1.553233,5.510117,4.134958,2.561277,1.555860,1.453465
2026-02-04,3.044456,3.481557,2.980531,3.018743,2.374142,2.055832,4.748754,3.586989,2.368458,1.464248,1.377715,3.308814,3.838024,3.212647,3.339439,2.586497,2.208336,1.555748,5.551070,4.154858,2.561458,1.554198,1.453276
2026-02-03,3.044780,3.481673,2.980386,3.022063,2.374241,2.055923,4.765528,3.574635,2.361812,1.465499,1.377578,3.308432,3.837477,3.211526,3.342645,2.586219,2.208249,1.555020,5.572034,4.138887,2.553320,1.555749,1.453112
2026-02-02,3.047477,3.484643,2.982588,3.024429,2.375840,2.056784,4.817523,3.545849,2.358866,1.466417,1.377439,3.310679,3.840338,3.213356,3.344873,2.587594,2.209083,1.556069,5.637389,4.101496,2.549718,1.556888,1.452942
2026-01-30,3.046880,3.485154,2.982314,3.023489,2.375522,2.056534,4.780631,3.577801,2.362107,1.466260,1.377020,3.310945,3.841410,3.214107,3.344167,2.587701,2.208926,1.556012,5.591015,4.143072,2.553688,1.556697,1.452435
2026-01-29,3.060705,3.506330,2.995314,3.033091,2.384215,2.061517,4.824386,3.601728,2.360505,1.465708,1.376881,3.327498,3.866198,3.229025,3.355838,2.598358,2.214695,1.563220,5.646108,4.174168,2.551727,1.556015,1.452265
2026-01-28,3.061354,3.507571,2.995654,3.036148,2.384374,2.061465,4.824429,3.605755,2.355573,1.465818,1.376743,3.328084,3.867461,3.229264,3.359086,2.598513,2.214573,1.563047,5.646043,4.179483,2.545682,1.556154,1.452092
2026-01-27,3.064952,3.513520,2.998851,3.038494,2.386094,2.061928,4.843446,3.612569,2.357246,1.464491,1.376604,3.332433,3.874661,3.233338,3.362187,2.600668,2.215097,1.564343,5.669939,4.188367,2.547730,1.554509,1.451926
2026-01-23,3.057042,3.500981,2.992077,3.029589,2.381606,2.059364,4.831277,3.588597,2.355885,1.464339,1.376043,3.323517,3.860695,3.226255,3.351836,2.595329,2.212357,1.561942,5.654495,4.157283,2.546064,1.554318,1.451239
2026-01-22,3.058129,3.502055,2.992998,3.030491,2.382284,2.059750,4.847098,3.581898,2.355369,1.464671,1.375907,3.324743,3.862108,3.227447,3.353183,2.596131,2.212851,1.562611,5.674212,4.148720,2.545441,1.554730,1.451073
2026-01-21,3.051475,3.490678,2.987056,3.021835,2.378413,2.057727,4.837917,3.556600,2.356989,1.464641,1.375767,3.316892,3.849309,3.221094,3.343069,2.591418,2.210670,1.560676,5.662601,4.115868,2.547425,1.554693,1.450900
2026-01-20,3.050435,3.489968,2.986462,3.023964,2.377710,2.057014,4.825554,3.566984,2.357945,1.463148,1.375627,3.316645,3.849293,3.221487,3.346105,2.590996,2.210032,1.560900,5.646996,4.129375,2.548472,1.552809,1.450731
2026-01-19,3.067674,3.515655,3.000921,3.038459,2.387730,2.062628,4.903346,3.584316,2.365065,1.466068,1.375488,3.336109,3.878247,3.236970,3.363042,2.602776,2.216232,1.566632,5.744877,4.151888,2.557191,1.556427,1.450562
2026-01-16,3.074756,3.526779,3.007031,3.046108,2.391914,2.064854,4.926506,3.600854,2.365268,1.467027,1.375070,3.344825,3.891399,3.244231,3.372654,2.608028,2.218839,1.569610,5.774021,4.173427,2.557440,1.557616,1.450050
2026-01-15,3.071203,3.520724,3.003596,3.041805,2.389911,2.063994,4.923618,3.584234,2.360697,1.468422,1.374930,3.340079,3.883839,3.239558,3.367004,2.605314,2.217748,1.567868,5.770430,4.151859,2.551842,1.559345,1.449878
2026-01-14,3.067626,3.515321,3.000795,3.037375,2.387928,2.062818,4.921464,3.570900,2.358035,1.467680,1.374790,3.335961,3.877667,3.236360,3.361728,2.602855,2.216416,1.566814,5.767700,4.134548,2.548582,1.558425,1.449710
2026-01-13,3.068255,3.516572,3.001383,3.039147,2.388083,2.062658,4.933768,3.565414,2.355904,1.466937,1.374649,3.336378,3.878688,3.236520,3.363608,2.602830,2.216092,1.566696,5.783189,4.127437,2.545976,1.557504,1.449537
2026-01-12,3.063017,3.508473,2.996629,3.033647,2.384794,2.060762,4.924320,3.549039,2.353581,1.466777,1.374509,3.329606,3.868727,3.230387,3.356420,2.598552,2.213758,1.563887,5.771282,4.106210,2.543109,1.557305,1.449366
2026-01-09,3.060826,3.505215,2.994974,3.033870,2.383566,2.059949,4.933583,3.535540,2.356437,1.466855,1.374090,3.327164,3.864885,3.228438,3.356685,2.596944,2.212803,1.562890,5.782931,4.088722,2.546607,1.557403,1.448851
2026-01-08,3.055926,3.498563,2.990658,3.031963,2.380808,2.058329,4.908898,3.535871,2.355776,1.466283,1.373950,3.321833,3.857362,3.223806,3.354545,2.593764,2.210985,1.560940,5.751845,4.089169,2.545799,1.556693,1.448680
2026-01-07,3.053128,3.496169,2.988198,3.027411,2.378864,2.056564,4.910443,3.529057,2.341183,1.463787,1.373811,3.318237,3.854022,3.220016,3.348685,2.591152,2.208713,1.559219,5.754483,4.080424,2.527928,1.553598,1.448510
2026-01-06,3.052856,3.496072,2.988121,3.025603,2.378452,2.055933,4.921189,3.520234,2.337596,1.462059,1.373671,3.317577,3.853696,3.219287,3.346390,2.590433,2.207885,1.559012,5.767802,4.069115,2.523521,1.551459,1.448339
2026-01-05,3.045618,3.485934,2.980474,3.019820,2.374106,2.053187,4.891644,3.520301,2.332704,1.461688,1.373532,3.309443,3.842667,3.211551,3.340435,2.585576,2.204897,1.555635,5.730632,4.069222,2.517534,1.550998,1.448167
2026-01-02,3.038351,3.475470,2.974126,3.011772,2.369262,2.049926,4.858786,3.518471,2.332970,1.459115,1.373008,3.301507,3.831452,3.205480,3.331576,2.580135,2.201325,1.553078,5.689255,4.066896,2.517861,1.547809,1.447525
2025-12-31,3.033490,3.468486,2.969061,3.006868,2.367129,2.049067,4.845650,3.512903,2.324710,1.461951,1.372833,3.296274,3.823593,3.199995,3.326005,2.577700,2.200471,1.551165,5.672675,4.059694,2.507746,1.551326,1.447313
2025-12-30,3.032948,3.468740,2.968421,3.007151,2.366982,2.048774,4.854703,3.512916,2.328750,1.461954,1.372694,3.294928,3.823203,3.198534,3.325867,2.577282,2.199929,1.549540,5.684064,4.059728,2.512694,1.551330,1.447144
2025-12-29,3.033115,3.469320,2.968445,3.005473,2.366858,2.048509,4.859318,3.512630,2.328508,1.461579,1.372556,3.295105,3.823745,3.198505,3.323835,2.577095,2.199558,1.549336,5.689827,4.059353,2.512379,1.550839,1.446968
2025-12-24,3.034911,3.472737,2.970022,3.006968,2.367636,2.048657,4.857094,3.524318,2.326791,1.460882,1.371862,3.297242,3.827652,3.200482,3.325682,2.578157,2.199676,1.550052,5.687030,4.074673,2.510288,1.549996,1.446117
2025-12-23,3.036497,3.475798,2.971512,3.010210,2.368387,2.048766,4.857562,3.535161,2.324559,1.459701,1.371723,3.299516,3.831582,3.202689,3.329778,2.579304,2.199864,1.550922,5.687609,4.088697,2.507557,1.548519,1.445946
2025-12-22,3.029797,3.465546,2.966077,3.002961,2.364357,2.046243,4.858000,3.505139,2.324694,1.457744,1.371584,3.291599,3.819611,3.196313,3.320995,2.574149,2.196923,1.548589,5.688297,4.049755,2.507723,1.546083,1.445777
2025-12-19,3.022757,3.453915,2.959633,2.996699,2.360421,2.044317,4.853497,3.476465,2.322823,1.459314,1.371166,3.283197,3.805963,3.188714,3.313481,2.569191,2.194712,1.545679,5.682607,4.012548,2.505432,1.548030,1.445264
2025-12-18,3.013054,3.438667,2.951050,2.986340,2.354927,2.041572,4.813594,3.463178,2.323615,1.460175,1.371027,3.272081,3.788664,3.179500,3.301382,2.562713,2.191723,1.542095,5.632390,3.995300,2.506403,1.549097,1.445093
2025-12-17,3.007356,3.430522,2.946226,2.982192,2.351460,2.039441,4.784516,3.462557,2.322674,1.458831,1.370888,3.265940,3.779742,3.174770,3.296669,2.558768,2.189409,1.540259,5.595727,3.994470,2.505244,1.547423,1.444923
2025-12-16,3.012447,3.438194,2.950330,2.985415,2.354110,2.040787,4.803810,3.470027,2.321158,1.459175,1.370750,3.271301,3.788163,3.178928,3.300115,2.561842,2.190800,1.541578,5.620039,4.004207,2.503387,1.547865,1.444756
2025-12-15,3.017732,3.446913,2.955062,2.990736,2.356998,2.042143,4.821010,3.481667,2.325037,1.458765,1.370609,3.277558,3.798020,3.183950,3.306186,2.565308,2.192224,1.543238,5.641672,4.019373,2.508138,1.547350,1.444586
2025-12-12,3.022615,3.455455,2.959260,2.995502,2.359478,2.043025,4.830526,3.501065,2.322244,1.457583,1.370192,3.283603,3.808054,3.189003,3.312135,2.568510,2.193195,1.544997,5.653642,4.044632,2.504719,1.545885,1.444075
2025-12-11,3.018137,3.447904,2.955163,2.990928,2.356778,2.041617,4.845554,3.466751,2.320464,1.458192,1.370055,3.277010,3.798038,3.182701,3.305572,2.564514,2.191254,1.542219,5.672596,4.000065,2.502539,1.546640,1.443907
2025-12-10,3.015573,3.444486,2.953131,2.986369,2.354697,2.039776,4.844541,3.458238,2.319691,1.454807,1.369916,3.273882,3.794221,3.180426,3.300188,2.561915,2.189103,1.541295,5.671311,3.989018,2.501590,1.542442,1.443737
2025-12-09,3.012153,3.439298,2.950084,2.985488,2.352782,2.038858,4.820917,3.460857,2.320172,1.455386,1.369778,3.270260,3.788473,3.177423,3.299457,2.559815,2.188166,1.540112,5.641564,3.992437,2.502179,1.543162,1.443569
2025-12-08,3.018011,3.447745,2.955005,2.990963,2.356545,2.041220,4.835430,3.475799,2.322424,1.457553,1.369639,3.277510,3.798714,3.183611,3.306354,2.564572,2.191025,1.542803,5.659928,4.011871,2.504938,1.545849,1.443399
2025-12-05,3.018897,3.449226,2.955563,2.991902,2.357209,2.041754,4.836883,3.480798,2.326734,1.459304,1.369333,3.278464,3.800128,3.184039,3.307301,2.565383,2.191575,1.542634,5.661686,4.018418,2.510217,1.548020,1.443012
2025-12-04,3.018450,3.448673,2.955208,2.990529,2.356986,2.041638,4.844286,3.474530,2.330717,1.459427,1.369195,3.277886,3.799105,3.183314,3.305702,2.564942,2.191314,1.542014,5.671064,4.010338,2.515092,1.548170,1.442846
2025-12-03,3.016469,3.444734,2.953200,2.986005,2.356259,2.041659,4.842199,3.464981,2.330950,1.461682,1.369057,3.275550,3.794682,3.181109,3.300413,2.564025,2.191438,1.541446,5.668430,3.998105,2.515377,1.550965,1.442682
2025-12-02,3.016257,3.444136,2.953028,2.986324,2.356212,2.041633,4.845956,3.460020,2.331674,1.461756,1.368925,3.275376,3.794121,3.180982,3.300769,2.563920,2.191450,1.541689,5.673137,3.991673,2.516264,1.551057,1.442519
2025-12-01,3.014882,3.441571,2.951598,2.985198,2.355473,2.041378,4.842126,3.456790,2.331460,1.462942,1.368789,3.273807,3.791309,3.179594,3.299472,2.563068,2.191228,1.541191,5.668539,3.987599,2.516002,1.552527,1.442351
2025-11-28,3.020161,3.449367,2.955801,2.990248,2.358536,2.043213,4.855177,3.470377,2.337020,1.465153,1.368383,3.280061,3.800291,3.184432,3.305777,2.566860,2.193329,1.542909,5.684935,4.005310,2.522812,1.555268,1.441854
2025-11-27,3.015875,3.444059,2.950462,2.987462,2.356387,2.041772,4.848402,3.466912,2.335744,1.465986,1.368246,3.275155,3.794332,3.178491,3.302643,2.564312,2.191704,1.540138,5.676415,4.000825,2.521250,1.556302,1.441686
2025-11-26,3.016509,3.445116,2.951149,2.987474,2.356715,2.041740,4.857910,3.463306,2.333945,1.465102,1.368118,3.275923,3.795670,3.179247,3.302734,2.564633,2.191666,1.540574,5.688414,3.996156,2.519050,1.555205,1.441535
2025-11-25,3.009514,3.432820,2.944996,2.980640,2.353435,2.040527,4.849740,3.433740,2.329873,1.467540,1.367984,3.267844,3.782026,3.172511,3.294959,2.560664,2.190527,1.538772,5.678528,3.957754,2.514089,1.558230,1.441372
2025-11-24,2.998423,3.416276,2.934956,2.969879,2.346389,2.036326,4.800584,3.423258,2.326416,1.465786,1.367851,3.254931,3.763219,3.161612,3.282609,2.552327,2.185801,1.534291,5.616614,3.944149,2.509846,1.556063,1.441211
2025-11-21,2.983561,3.393345,2.922239,2.954140,2.337752,2.031514,4.760513,3.384451,2.324854,1.464474,1.367446,3.237547,3.736789,3.147046,3.263948,2.541773,2.180378,1.529130,5.566268,3.893744,2.507933,1.554436,1.440715
2025-11-20,2.986364,3.399480,2.924334,2.961880,2.338886,2.031735,4.725307,3.431980,2.320379,1.463669,1.367326,3.241960,3.744802,3.150856,3.273344,2.543969,2.180772,1.529886,5.521989,3.955532,2.502452,1.553437,1.440566
2025-11-19,2.988159,3.400159,2.925640,2.958812,2.339730,2.032340,4.773050,3.394874,2.322368,1.464060,1.367184,3.242064,3.744253,3.150416,3.268826,2.544104,2.181132,1.530041,5.582042,3.907312,2.504888,1.553923,1.440391
2025-11-18,2.987839,3.400063,2.925508,2.959482,2.339543,2.032207,4.760419,3.404260,2.324398,1.463980,1.367044,3.241952,3.744201,3.150554,3.269720,2.544053,2.181011,1.529853,5.566158,3.919528,2.507374,1.553824,1.440220
2025-11-17,3.005169,3.429041,2.940610,2.978387,2.349327,2.036974,4.799000,3.463433,2.323925,1.463294,1.366910,3.263093,3.777724,3.168150,3.292466,2.556262,2.186328,1.535876,5.614799,3.996442,2.506795,1.552974,1.440055
2025-11-14,3.008621,3.434071,2.943205,2.981684,2.350931,2.037716,4.818089,3.460050,2.325286,1.463551,1.366519,3.266320,3.782743,3.170058,3.295818,2.557797,2.186921,1.536594,5.638839,3.992058,2.508458,1.553293,1.439578
2025-11-13,3.021033,3.454062,2.953938,2.995268,2.358533,2.041973,4.838508,3.505604,2.326503,1.465034,1.366394,3.281782,3.806409,3.183211,3.312319,2.567487,2.191918,1.541749,5.664551,4.051297,2.509948,1.555129,1.439425
2025-11-12,3.033952,3.472740,2.964724,3.008767,2.366196,2.046438,4.893511,3.517711,2.330589,1.467884,1.366268,3.296254,3.827517,3.194604,3.328172,2.576459,2.196960,1.546269,5.733852,4.067060,2.514953,1.558663,1.439270
2025-11-11,3.034335,3.473374,2.964783,3.007038,2.366232,2.046296,4.888911,3.526039,2.332136,1.468036,1.366141,3.297037,3.828766,3.195742,3.326528,2.576736,2.196952,1.546415,5.728177,4.077906,2.516848,1.558851,1.439116
2025-11-10,3.029163,3.466038,2.960018,3.001483,2.362824,2.044005,4.868738,3.521428,2.327308,1.466088,1.366011,3.290952,3.820483,3.190580,3.320347,2.572710,2.194336,1.544235,5.702738,4.071817,2.510986,1.556431,1.438955
2025-11-07,3.016921,3.446791,2.949429,2.993273,2.356164,2.040602,4.828817,3.497737,2.326974,1.466905,1.365614,3.277428,3.799177,3.180190,3.311171,2.564869,2.190796,1.540353,5.652499,4.041148,2.510579,1.557445,1.438468
2025-11-06,3.021041,3.453537,2.952683,2.999686,2.358369,2.041629,4.826168,3.522376,2.320759,1.467020,1.365478,3.282574,3.807386,3.185307,3.318906,2.567807,2.192051,1.541886,5.649231,4.072950,2.502965,1.557585,1.438295
2025-11-05,3.023271,3.456915,2.954193,3.003192,2.359081,2.041773,4.844812,3.515749,2.320050,1.466720,1.365350,3.284100,3.810251,3.184813,3.322278,2.568313,2.191879,1.541661,5.672702,4.064399,2.502098,1.557213,1.438138
2025-11-04,3.023190,3.457296,2.954292,3.003203,2.359267,2.041906,4.837281,3.524490,2.319566,1.467090,1.365223,3.284434,3.810889,3.185706,3.322417,2.568644,2.192095,1.541727,5.663265,4.075696,2.501505,1.557672,1.437992
2025-11-03,3.035678,3.477223,2.964902,3.015668,2.366177,2.045394,4.873893,3.556277,2.317660,1.467358,1.365092,3.298836,3.833571,3.197419,3.336931,2.577006,2.195889,1.545910,5.709302,4.117023,2.499193,1.558008,1.437835
2025-10-31,3.032641,3.472282,2.961938,3.013116,2.364371,2.044539,4.857567,3.554280,2.318680,1.468666,1.364695,3.295185,3.827721,3.193995,3.333863,2.574814,2.194889,1.544388,5.688801,4.114319,2.500420,1.559630,1.437357
2025-10-30,3.031061,3.469938,2.960457,3.013966,2.363289,2.043857,4.844377,3.558349,2.318888,1.468338,1.364553,3.293408,3.825216,3.193036,3.334895,2.573590,2.194141,1.543804,5.672207,4.119625,2.500675,1.559224,1.437185
2025-10-29,3.034805,3.475389,2.963257,3.019541,2.365475,2.045372,4.846442,3.572913,2.316426,1.470735,1.364538,3.297420,3.831116,3.196034,3.341276,2.576150,2.195702,1.544461,5.674870,4.138571,2.497654,1.562195,1.437164
2025-10-28,3.042975,3.487161,2.970397,3.028194,2.370876,2.048898,4.862394,3.596789,2.325677,1.474075,1.364413,3.307649,3.845401,3.205695,3.352317,2.583044,2.200012,1.548186,5.694840,4.169624,2.508981,1.566338,1.437013
2025-10-27,3.048291,3.495808,2.975394,3.028213,2.374006,2.050460,4.875604,3.612629,2.333190,1.473464,1.364344,3.314641,3.856015,3.212466,3.352937,2.587049,2.201920,1.550732,5.711953,4.190230,2.518194,1.565579,1.436933
2025-10-24,3.041534,3.484872,2.969664,3.022185,2.370364,2.048663,4.851556,3.598278,2.332225,1.473441,1.363949,3.307223,3.844148,3.207168,3.346375,2.583005,2.200140,1.549165,5.681423,4.171623,2.517015,1.565550,1.436455
2025-10-23,3.036131,3.476809,2.964854,3.016563,2.367190,2.046983,4.818251,3.599929,2.330473,1.473571,1.363839,3.301238,3.835184,3.202733,3.340116,2.579404,2.198326,1.547001,5.639612,4.173782,2.514881,1.565705,1.436318
2025-10-22,3.033810,3.472891,2.962736,3.017649,2.366095,2.046551,4.808365,3.596894,2.330771,1.474701,1.363717,3.298902,3.831138,3.201128,3.341842,2.578279,2.198013,1.546368,5.627110,4.169851,2.515247,1.567105,1.436168
2025-10-21,3.041479,3.485483,2.969890,3.023215,2.370737,2.048886,4.834973,3.617012,2.326956,1.474200,1.363596,3.307958,3.845617,3.209433,3.348409,2.583872,2.200623,1.549352,5.660587,4.196022,2.510575,1.566485,1.436022
2025-10-20,3.035638,3.476455,2.964993,3.015183,2.367075,2.046786,4.822798,3.596693,2.327154,1.472455,1.363467,3.300648,3.834821,3.202931,3.338731,2.579297,2.198122,1.547408,5.645267,4.169625,2.510810,1.564323,1.435863
2025-10-17,3.025817,3.461157,2.956388,3.004093,2.361375,2.043661,4.779594,3.585158,2.322999,1.472439,1.363080,3.289787,3.818111,3.194785,3.326022,2.572830,2.194860,1.544142,5.591037,4.154682,2.505723,1.564305,1.435387
2025-10-16,3.030420,3.469316,2.960263,3.012250,2.363909,2.044725,4.771135,3.616351,2.321158,1.471660,1.362843,3.295855,3.828053,3.201062,3.336169,2.576206,2.196161,1.545868,5.580307,4.195246,2.503469,1.563340,1.435095
2025-10-15,3.025292,3.462538,2.955880,3.004833,2.360087,2.041823,4.780109,3.590332,2.320769,1.468008,1.362728,3.289039,3.819229,3.193639,3.326510,2.571106,2.192462,1.542968,5.591659,4.161456,2.502993,1.558813,1.434955
2025-10-14,3.016803,3.449520,2.948591,2.995928,2.355073,2.038947,4.771399,3.558982,2.316233,1.466976,1.362592,3.278949,3.804035,3.184322,3.315671,2.564928,2.189152,1.539855,5.580453,4.120716,2.497445,1.557535,1.434790
2025-10-13,3.013802,3.445940,2.946019,2.994419,2.352765,2.037114,4.769026,3.550237,2.311061,1.464376,1.362448,3.274923,3.799247,3.180111,3.313594,2.561859,2.186788,1.537986,5.577804,4.109312,2.491111,1.554312,1.434608
2025-10-10,3.010629,3.443240,2.943213,2.994434,2.350263,2.034957,4.717485,3.584952,2.304498,1.461798,1.362040,3.272580,3.797248,3.180511,3.314306,2.559511,2.184513,1.536274,5.513037,4.154479,2.483077,1.551115,1.434108
2025-10-09,3.025712,3.466738,2.956233,3.005208,2.358391,2.038826,4.805134,3.589127,2.309674,1.460544,1.361920,3.288687,3.822673,3.191575,3.325689,2.568471,2.188322,1.541059,5.623277,4.159923,2.489414,1.549561,1.433965
2025-10-08,3.023016,3.462655,2.954413,3.001760,2.357196,2.038369,4.807456,3.578428,2.309427,1.461061,1.361786,3.285027,3.817528,3.188527,3.321412,2.566853,2.187718,1.539900,5.626198,4.146033,2.489113,1.550201,1.433801
2025-10-07,3.019401,3.457701,2.951337,2.996983,2.354853,2.036825,4.786105,3.582253,2.311987,1.460124,1.361650,3.281178,3.812156,3.186094,3.316106,2.564239,2.186021,1.538289,5.599352,4.151021,2.492247,1.549039,1.433633
2025-10-06,3.019870,3.459704,2.950800,2.997728,2.355030,2.036553,4.790113,3.590232,2.310402,1.460233,1.361528,3.281531,3.814190,3.185170,3.316755,2.564368,2.185572,1.537274,5.604391,4.161408,2.490307,1.549174,1.433487
2025-10-03,3.019660,3.459571,2.950353,2.997683,2.354838,2.036314,4.788046,3.593991,2.311021,1.461280,1.361138,3.281714,3.814377,3.185391,3.317066,2.564291,2.185380,1.537041,5.601818,4.166347,2.491074,1.550475,1.433008
2025-10-02,3.016765,3.454895,2.947540,2.992491,2.352936,2.035208,4.788985,3.578576,2.309225,1.461237,1.360982,3.278465,3.808536,3.181521,3.310772,2.561899,2.184083,1.535783,5.602971,4.146285,2.488874,1.550427,1.432818
2025-10-01,3.005749,3.438203,2.938092,2.983710,2.346433,2.031562,4.765251,3.547171,2.307010,1.460169,1.360846,3.264868,3.788966,3.169336,3.299807,2.553820,2.179797,1.531341,5.573111,4.105480,2.486150,1.549110,1.432652
2025-09-30,3.002590,3.434285,2.935251,2.979926,2.344362,2.030259,4.747198,3.549635,2.306094,1.459852,1.360759,3.261438,3.784260,3.166585,3.295382,2.551423,2.178311,1.529803,5.550377,4.108715,2.485094,1.548709,1.432545
2025-09-29,3.005679,3.438676,2.937579,2.980565,2.346363,2.031260,4.759800,3.554733,2.323483,1.459337,1.360606,3.266291,3.790773,3.170315,3.297926,2.554112,2.179925,1.531990,5.566663,4.115378,2.506405,1.548071,1.432359
2025-09-26,2.997923,3.427973,2.931711,2.973731,2.341737,2.027926,4.755095,3.530526,2.322292,1.456380,1.360210,3.256730,3.777672,3.162857,3.289188,2.548359,2.175872,1.527558,5.560732,4.083963,2.504945,1.544404,1.431881
2025-09-25,2.992652,3.420303,2.926894,2.967649,2.338814,2.026271,4.733334,3.526045,2.317007,1.457193,1.360079,3.250922,3.769286,3.157706,3.282164,2.544973,2.173920,1.525077,5.533444,4.078147,2.498475,1.545405,1.431720
2025-09-24,2.992955,3.420245,2.926929,2.969870,2.338956,2.026815,4.738684,3.521955,2.318798,1.459577,1.360027,3.250098,3.767452,3.156674,3.283904,2.544985,2.174353,1.525929,5.540188,4.072846,2.500665,1.548355,1.431659
2025-09-23,2.999408,3.430182,2.932455,2.977768,2.342923,2.029408,4.750383,3.546783,2.321879,1.461299,1.359885,3.258254,3.779792,3.163819,3.293854,2.549845,2.177546,1.529757,5.554871,4.105134,2.504439,1.550490,1.431485
2025-09-22,2.999533,3.430870,2.932548,2.977857,2.342481,2.028753,4.770689,3.535016,2.318238,1.460160,1.359769,3.257232,3.778784,3.162677,3.293101,2.548850,2.176501,1.529974,5.580337,4.089880,2.499981,1.549079,1.431341
2025-09-19,2.995275,3.424306,2.928385,2.974543,2.339756,2.027129,4.758886,3.525199,2.318172,1.461011,1.359372,3.251973,3.770814,3.157632,3.289396,2.545592,2.174521,1.528341,5.565567,4.077170,2.499900,1.550136,1.430854
2025-09-18,2.991460,3.418468,2.924544,2.970350,2.337425,2.025907,4.747091,3.517570,2.319889,1.462484,1.359233,3.247344,3.763571,3.152997,3.284012,2.542780,2.172994,1.527097,5.550836,4.067271,2.502003,1.551962,1.430682
2025-09-17,2.989959,3.416421,2.922859,2.966989,2.336734,2.025657,4.710150,3.540251,2.318198,1.462759,1.359093,3.247355,3.763821,3.153285,3.281408,2.542663,2.173007,1.525754,5.504486,4.096764,2.499932,1.552305,1.430509
2025-09-16,2.992707,3.420563,2.925070,2.971279,2.338308,2.026548,4.702404,3.559319,2.319629,1.462784,1.358960,3.251660,3.770448,3.157240,3.287843,2.544905,2.174308,1.526904,5.494766,4.121565,2.501685,1.552336,1.430350
2025-09-15,2.992526,3.420551,2.924872,2.971351,2.337620,2.025755,4.715466,3.549661,2.324627,1.461110,1.358808,3.250501,3.769110,3.156016,3.287029,2.543799,2.173202,1.526683,5.511191,4.109031,2.507814,1.550260,1.430165
2025-09-12,2.990268,3.417252,2.922670,2.972089,2.336204,2.024687,4.700433,3.552272,2.324845,1.460613,1.358412,3.248699,3.766780,3.154430,3.288599,2.542352,2.172127,1.525433,5.492351,4.112510,2.508062,1.549643,1.429679
2025-09-11,2.986587,3.411628,2.919083,2.967600,2.333716,2.023212,4.701769,3.534892,2.325323,1.461240,1.358278,3.243324,3.758555,3.149112,3.281768,2.539064,2.170160,1.524191,5.494038,4.089910,2.508657,1.550425,1.429515
2025-09-10,2.984707,3.409306,2.917528,2.968049,2.332717,2.022257,4.681579,3.544493,2.320688,1.459589,1.358135,3.242745,3.758523,3.149065,3.284212,2.538281,2.169330,1.522505,5.468686,4.102414,2.502983,1.548377,1.429340
2025-09-09,2.985057,3.410049,2.918352,2.963912,2.333098,2.022316,4.693951,3.539633,2.319132,1.458972,1.358012,3.243100,3.759429,3.149822,3.279639,2.538581,2.169417,1.522774,5.484285,4.096108,2.501078,1.547616,1.429189
2025-09-08,2.986030,3.411387,2.918902,2.966507,2.333819,2.022758,4.683062,3.553766,2.319139,1.459650,1.357886,3.245452,3.763041,3.151904,3.283675,2.539785,2.170204,1.523369,5.470604,4.114494,2.501084,1.548459,1.429036
2025-09-05,2.985123,3.411073,2.918264,2.965695,2.333080,2.021616,4.676900,3.559476,2.318547,1.456728,1.357476,3.245483,3.764431,3.152210,3.283892,2.539081,2.169044,1.522065,5.462927,4.121969,2.500364,1.544837,1.428533
2025-09-04,2.982485,3.408255,2.916638,2.961738,2.331247,2.019836,4.690447,3.544671,2.312218,1.453539,1.357347,3.241685,3.760268,3.149415,3.278595,2.536472,2.166752,1.520207,5.479940,4.102686,2.492601,1.540896,1.428378
2025-09-03,2.968290,3.387535,2.903983,2.948073,2.322458,2.014259,4.647463,3.512844,2.309017,1.450397,1.357229,3.224275,3.735029,3.134024,3.260773,2.526010,2.159938,1.511838,5.425743,4.061269,2.488678,1.536999,1.428237
2025-09-02,2.977395,3.401655,2.911475,2.957395,2.327885,2.017159,4.639784,3.565562,2.307746,1.450158,1.357115,3.238159,3.756846,3.146536,3.275387,2.533284,2.164017,1.515892,5.416126,4.129823,2.487121,1.536703,1.428102
2025-09-01,2.980938,3.407267,2.913933,2.960536,2.329647,2.018479,4.658320,3.571681,2.316412,1.452653,1.357000,3.241395,3.761345,3.148191,3.277967,2.535031,2.165349,1.519253,5.439217,4.137730,2.497732,1.539796,1.427961
2025-08-29,2.983228,3.411870,2.914608,2.964732,2.331268,2.019182,4.662203,3.588816,2.315547,1.453492,1.356587,3.245065,3.767879,3.149868,3.284495,2.537100,2.166345,1.520688,5.444185,4.160056,2.496674,1.540837,1.427454
2025-08-28,2.986418,3.416875,2.917239,2.970318,2.332745,2.019845,4.686954,3.586446,2.314761,1.453599,1.356476,3.248071,3.772532,3.152022,3.290334,2.538538,2.166970,1.522802,5.475403,4.156991,2.495718,1.540969,1.427318
2025-08-27,2.985679,3.416127,2.916884,2.968658,2.332159,2.019074,4.690475,3.581302,2.315717,1.451659,1.356360,3.247457,3.772136,3.151699,3.287874,2.537787,2.166110,1.522013,5.479888,4.150344,2.496889,1.538561,1.427175
2025-08-26,2.982025,3.410669,2.913611,2.964951,2.329881,2.017678,4.684899,3.569590,2.312167,1.451720,1.356220,3.242686,3.765032,3.147374,3.282735,2.534966,2.164342,1.520328,5.472907,4.135169,2.492544,1.538640,1.427002
2025-08-25,2.986216,3.417157,2.917053,2.969111,2.332144,2.018911,4.690271,3.586299,2.314287,1.451799,1.356087,3.248123,3.773442,3.152045,3.287908,2.537799,2.165902,1.522475,5.479623,4.156927,2.495138,1.538739,1.426839
2025-08-22,2.984934,3.415416,2.916025,2.969956,2.331038,2.018046,4.702094,3.572310,2.316682,1.451268,1.355678,3.245662,3.769868,3.149677,3.288795,2.536141,2.164696,1.522143,5.494619,4.138801,2.498072,1.538082,1.426338
2025-08-21,2.983456,3.413612,2.914633,2.969999,2.330476,2.017215,4.673455,3.590173,2.310618,1.449510,1.355553,3.246933,3.772746,3.151303,3.291726,2.536218,2.164324,1.520520,5.458495,4.162036,2.490647,1.535903,1.426197
2025-08-20,2.978428,3.405488,2.910413,2.966740,2.327522,2.015714,4.684159,3.555642,2.311841,1.450790,1.355401,3.239057,3.760053,3.144016,3.285950,2.532156,2.162171,1.518807,5.471961,4.117192,2.492136,1.537489,1.426012
2025-08-19,2.975960,3.402413,2.908153,2.963920,2.325561,2.014299,4.676637,3.552885,2.309595,1.449431,1.355247,3.235660,3.755556,3.140922,3.281591,2.529768,2.160318,1.517167,5.462381,4.113624,2.489387,1.535799,1.425822
2025-08-18,2.979703,3.408430,2.911031,2.966798,2.327692,2.015608,4.677308,3.572204,2.304236,1.450385,1.355093,3.240702,3.763263,3.144982,3.285745,2.532497,2.161936,1.519223,5.463227,4.138780,2.482824,1.536981,1.425633
2025-08-15,2.975924,3.402363,2.907196,2.961274,2.325185,2.014301,4.662606,3.565305,2.306981,1.451640,1.354675,3.235899,3.755678,3.140294,3.278484,2.529637,2.160325,1.517783,5.444741,4.129870,2.486179,1.538539,1.425121
2025-08-14,2.972137,3.396137,2.903600,2.960120,2.322951,2.013164,4.668041,3.541128,2.305879,1.453172,1.354537,3.230292,3.746608,3.134668,3.275741,2.526602,2.158764,1.516691,5.451578,4.098632,2.484822,1.540438,1.424953
2025-08-13,2.966489,3.387217,2.898266,2.954122,2.319235,2.011210,4.653460,3.524103,2.308625,1.454101,1.354358,3.222408,3.734277,3.127310,3.267311,2.522060,2.156180,1.514202,5.433231,4.076524,2.488184,1.541590,1.424734
2025-08-12,2.963961,3.384253,2.896019,2.951146,2.317588,2.009574,4.634096,3.531799,2.306321,1.451123,1.354201,3.221090,3.733539,3.126489,3.265276,2.520507,2.154551,1.511909,5.408929,4.086505,2.485377,1.537897,1.424540
2025-08-11,2.955929,3.371815,2.888780,2.942958,2.313108,2.006946,4.596172,3.521743,2.306165,1.451092,1.354029,3.212756,3.720863,3.119309,3.255992,2.515577,2.151687,1.507522,5.361330,4.073451,2.485186,1.537859,1.424331
2025-08-08,2.954376,3.369557,2.887517,2.942776,2.311948,2.006195,4.600716,3.510587,2.308233,1.450412,1.353617,3.210001,3.716749,3.116876,3.255193,2.514061,2.150615,1.506503,5.367185,4.058985,2.487718,1.537016,1.423824
2025-08-07,2.954991,3.370268,2.887591,2.944030,2.312494,2.006495,4.600594,3.514025,2.309034,1.451457,1.353479,3.211331,3.718808,3.117629,3.258638,2.514831,2.151134,1.507143,5.366942,4.063404,2.488700,1.538313,1.423656
2025-08-06,2.953456,3.368079,2.886028,2.942430,2.311444,2.005694,4.590843,3.516576,2.307014,1.450957,1.353394,3.209940,3.717099,3.116406,3.257633,2.513748,2.150278,1.506230,5.354683,4.066743,2.486226,1.537692,1.423550
2025-08-05,2.947625,3.358993,2.880969,2.939508,2.308223,2.003787,4.585459,3.492364,2.304183,1.451430,1.353285,3.202532,3.705851,3.109663,3.253394,2.509688,2.147923,1.503590,5.348112,4.035341,2.482750,1.538284,1.423418
2025-08-04,2.941459,3.349834,2.875557,2.932774,2.304017,2.001165,4.596380,3.455505,2.301039,1.450805,1.353082,3.192643,3.691097,3.100452,3.242799,2.503928,2.144269,1.500831,5.361855,3.987447,2.478903,1.537513,1.423170
2025-08-01,2.933101,3.338081,2.868183,2.925438,2.298992,1.997574,4.547262,3.457991,2.295659,1.447638,1.352688,3.184899,3.680843,3.094307,3.235802,2.498598,2.140387,1.495124,5.300098,3.990684,2.472317,1.533585,1.422685
2025-07-31,2.948591,3.362707,2.882123,2.941141,2.307229,2.001840,4.615847,3.482420,2.298622,1.445327,1.352578,3.201930,3.707420,3.109035,3.253902,2.507795,2.145150,1.502837,5.386325,4.022451,2.475944,1.530720,1.422551
2025-07-30,2.953465,3.370168,2.886386,2.940678,2.309699,2.003241,4.636931,3.489321,2.304347,1.445229,1.352427,3.206885,3.714865,3.113213,3.252838,2.510520,2.146666,1.505423,5.412827,4.031438,2.482956,1.530599,1.422367
2025-07-29,2.948493,3.362969,2.882069,2.935135,2.306397,2.001301,4.622373,3.476741,2.308089,1.444189,1.352282,3.200345,3.705111,3.107563,3.245128,2.506634,2.144169,1.502512,5.394554,4.015107,2.487529,1.529308,1.422187
2025-07-28,2.949225,3.364812,2.882748,2.933704,2.306286,2.000887,4.633534,3.475703,2.300787,1.442497,1.352148,3.200352,3.706002,3.107586,3.242910,2.506271,2.143464,1.502475,5.408668,4.013781,2.478588,1.527199,1.422023
2025-07-25,2.947352,3.362207,2.881277,2.928617,2.304850,2.000021,4.631877,3.466837,2.305325,1.441874,1.351747,3.197515,3.701675,3.105116,3.236014,2.504491,2.142264,1.501323,5.406570,4.002313,2.484139,1.526422,1.421530
2025-07-24,2.946105,3.360768,2.879956,2.927483,2.303886,1.999433,4.609806,3.479864,2.306883,1.441226,1.351653,3.196863,3.701137,3.104763,3.235447,2.503835,2.141677,1.500091,5.378817,4.019259,2.486047,1.525580,1.421414
2025-07-23,2.948449,3.363712,2.881887,2.928760,2.305721,2.000833,4.610697,3.488672,2.309366,1.443420,1.351533,3.200485,3.705858,3.107748,3.238063,2.506189,2.143501,1.501885,5.379885,4.030818,2.489088,1.528300,1.421268
2025-07-22,2.940108,3.350227,2.874550,2.920440,2.301391,1.998471,4.583275,3.468400,2.309341,1.444639,1.351403,3.191342,3.691532,3.099847,3.229161,2.501161,2.140845,1.497866,5.345326,4.004556,2.489063,1.529813,1.421106
2025-07-21,2.938695,3.348497,2.873496,2.921694,2.300357,1.997527,4.588654,3.460843,2.305063,1.443350,1.351271,3.189236,3.689039,3.098113,3.230317,2.499716,2.139602,1.496937,5.352098,3.994991,2.483825,1.528214,1.420946
2025-07-18,2.942118,3.354526,2.876294,2.926928,2.301750,1.997727,4.585720,3.483708,2.302056,1.440795,1.350874,3.194219,3.698082,3.102737,3.238214,2.501703,2.140019,1.497796,5.348450,4.024752,2.480143,1.525047,1.420457
2025-07-17,2.936339,3.345656,2.871839,2.921321,2.298263,1.995441,4.603019,3.441847,2.300647,1.439756,1.350680,3.185309,3.684605,3.094846,3.229561,2.496673,2.136850,1.495052,5.370959,3.970412,2.478418,1.523763,1.420220
2025-07-16,2.923450,3.326502,2.860580,2.907842,2.290523,1.990747,4.559315,3.414669,2.299200,1.438092,1.350510,3.170048,3.661958,3.081629,3.213400,2.487698,2.131264,1.487789,5.316123,3.935134,2.476646,1.521708,1.420010
2025-07-15,2.926939,3.332195,2.863417,2.910545,2.292401,1.991629,4.552261,3.438937,2.297859,1.437242,1.350389,3.175432,3.670677,3.086578,3.217895,2.490367,2.132561,1.489065,5.307294,3.966696,2.475005,1.520639,1.419862
2025-07-14,2.922724,3.325497,2.859575,2.905132,2.289718,1.990308,4.551080,3.418092,2.301821,1.438374,1.350250,3.169111,3.660573,3.080653,3.210120,2.486982,2.130766,1.487476,5.305821,3.939634,2.479857,1.521990,1.419692
2025-07-11,2.920857,3.322465,2.857745,2.905404,2.288707,1.989814,4.535076,3.420813,2.298579,1.439532,1.349835,3.167551,3.657985,3.079296,3.210565,2.486129,2.130322,1.486634,5.285753,3.943224,2.475888,1.523428,1.419182
2025-07-10,2.926450,3.330211,2.862559,2.912671,2.292126,1.992130,4.566906,3.421100,2.298289,1.442086,1.349679,3.173095,3.665565,3.083741,3.218623,2.489773,2.132898,1.490587,5.325742,3.943614,2.475534,1.526595,1.418989
2025-07-09,2.925502,3.328707,2.862088,2.909841,2.291488,1.991524,4.579824,3.406434,2.298160,1.441133,1.349486,3.171129,3.662756,3.082157,3.214888,2.488596,2.132001,1.489968,5.342090,3.924585,2.475376,1.525421,1.418752
2025-07-08,2.926512,3.330196,2.862871,2.911227,2.292272,1.991940,4.567914,3.420625,2.297167,1.440861,1.349571,3.173577,3.666703,3.084553,3.218103,2.489854,2.132742,1.490088,5.327140,3.943050,2.474159,1.525072,1.418856
2025-07-07,2.928916,3.332650,2.864438,2.913371,2.293998,1.993471,4.571962,3.422918,2.299417,1.444317,1.349429,3.176590,3.669854,3.086514,3.221002,2.491958,2.134631,1.492366,5.332262,3.946055,2.476914,1.529358,1.418681
2025-07-04,2.929983,3.334136,2.864998,2.913908,2.294098,1.993756,4.577055,3.424054,2.300528,1.445346,1.349029,3.177131,3.670539,3.086601,3.220621,2.492095,2.134863,1.493409,5.338510,3.947595,2.478279,1.530629,1.418190
2025-07-03,2.928263,3.332189,2.862941,2.911830,2.292645,1.992876,4.575194,3.420541,2.303567,1.445103,1.348906,3.174655,3.667163,3.083571,3.217487,2.490200,2.133693,1.492915,5.336106,3.943261,2.482001,1.530327,1.418038
2025-07-02,2.921111,3.321594,2.855841,2.906750,2.288409,1.990435,4.545211,3.415029,2.298631,1.445648,1.348761,3.166348,3.655513,3.075743,3.212397,2.485145,2.130813,1.489387,5.298442,3.936127,2.475955,1.531002,1.417858
2025-07-01,2.915096,3.311598,2.850175,2.903169,2.284975,1.988744,4.532500,3.393542,2.300881,1.447858,1.348601,3.158506,3.642889,3.068435,3.207611,2.480981,2.128725,1.487058,5.282375,3.908223,2.478708,1.533727,1.417669
2025-06-30,2.912137,3.309637,2.845703,2.900287,2.283390,1.986993,4.541487,3.393151,2.301029,1.446219,1.348466,3.154754,3.639858,3.062834,3.204096,2.478845,2.126534,1.485303,5.293778,3.907732,2.478896,1.531694,1.417504
2025-06-27,2.908851,3.304933,2.842921,2.895704,2.281413,1.985441,4.539321,3.381394,2.296019,1.445177,1.348058,3.150563,3.634192,3.059271,3.198454,2.476266,2.124592,1.483274,5.291227,3.892480,2.472770,1.530403,1.417002
2025-06-26,2.901451,3.293374,2.836903,2.885163,2.277636,1.982413,4.488960,3.395781,2.288489,1.446519,1.347906,3.146421,3.627860,3.055229,3.195992,2.473975,2.123349,1.480589,5.243912,3.907088,2.470872,1.532066,1.416817
2025-06-25,2.899971,3.291406,2.836177,2.885339,2.277060,1.981576,4.480704,3.397172,2.289322,1.444625,1.347736,3.145801,3.627500,3.055308,3.197112,2.473339,2.122542,1.479081,5.233364,3.908911,2.471874,1.529720,1.416608
2025-06-24,2.900868,3.292816,2.836836,2.882109,2.277076,1.981425,4.484627,3.398600,2.296355,1.443630,1.347577,3.146480,3.628744,3.055921,3.193439,2.473374,2.122339,1.479436,5.238337,3.910789,2.480389,1.528487,1.416412
2025-06-23,2.889809,3.276405,2.827919,2.872894,2.270947,1.977022,4.450343,3.372199,2.295992,1.440148,1.347430,3.134660,3.611503,3.046141,3.182515,2.466039,2.117256,1.472389,5.195004,3.876613,2.479950,1.524168,1.416232
2025-06-20,2.886058,3.271165,2.824015,2.868903,2.268339,1.975245,4.416648,3.382819,2.293442,1.439373,1.346985,3.131244,3.607170,3.043299,3.178910,2.463567,2.115388,1.469767,5.152886,3.890427,2.476871,1.523205,1.415687
2025-06-19,2.887715,3.274122,2.825730,2.870578,2.269242,1.975580,4.423359,3.387670,2.293480,1.438085,1.346837,3.133237,3.610705,3.045275,3.180801,2.464531,2.115773,1.470259,5.161269,3.896727,2.476916,1.521609,1.415506
2025-06-18,2.887991,3.274950,2.825369,2.869468,2.268772,1.975401,4.416287,3.395586,2.294248,1.437918,1.346709,3.133175,3.611002,3.044998,3.179210,2.464256,2.115533,1.470313,5.152466,3.907002,2.477845,1.521403,1.415350
2025-06-17,2.890355,3.278805,2.827688,2.871450,2.270126,1.976054,4.427813,3.398823,2.292604,1.437086,1.346557,3.135819,3.615287,3.047528,3.181429,2.465722,2.116260,1.471288,5.166955,3.911239,2.475863,1.520368,1.415166
2025-06-16,2.892337,3.282395,2.829315,2.873503,2.270734,1.976346,4.445035,3.398389,2.292307,1.436638,1.346411,3.137120,3.617702,3.048366,3.183443,2.466210,2.116389,1.472638,5.188596,3.910713,2.475504,1.519813,1.414988
2025-06-13,2.889876,3.277566,2.827044,2.870576,2.269835,1.975891,4.428250,3.394009,2.292020,1.437958,1.345997,3.135144,3.613930,3.046674,3.180936,2.465295,2.116076,1.471268,5.167518,3.905082,2.475157,1.521448,1.414485
2025-06-12,2.897051,3.288854,2.833214,2.881239,2.273558,1.978313,4.465291,3.402134,2.294964,1.439014,1.345841,3.142306,3.624638,3.052428,3.192953,2.469377,2.118676,1.476012,5.214032,3.915633,2.478704,1.522757,1.414295
2025-06-11,2.898914,3.292270,2.834723,2.880934,2.274051,1.978048,4.465466,3.413059,2.293515,1.436288,1.345720,3.144710,3.629327,3.054742,3.193459,2.470070,2.118412,1.476009,5.214232,3.929810,2.476920,1.519380,1.414148
2025-06-10,2.897950,3.291153,2.833743,2.881974,2.273238,1.977494,4.464710,3.410581,2.295422,1.435899,1.345612,3.143386,3.627528,3.053308,3.194695,2.469057,2.117685,1.475609,5.213320,3.926636,2.479206,1.518903,1.414019
2025-06-06,2.892317,3.283162,2.829100,2.876324,2.269601,1.974684,4.467075,3.385950,2.291798,1.432974,1.345096,3.135588,3.617140,3.046698,3.187217,2.464223,2.114123,1.471983,5.216342,3.894814,2.474834,1.515276,1.413388
2025-06-05,2.888596,3.276754,2.825021,2.871200,2.267600,1.973816,4.430446,3.393978,2.288740,1.435115,1.344978,3.132336,3.611704,3.043753,3.182347,2.462505,2.113389,1.470071,5.170342,3.905079,2.471121,1.517925,1.413245
2025-06-04,2.889607,3.278317,2.826183,2.873547,2.268620,1.974524,4.438397,3.392695,2.289641,1.436239,1.344845,3.133885,3.613743,3.045016,3.185401,2.463605,2.114262,1.471163,5.180364,3.903453,2.472211,1.519320,1.413082
2025-06-03,2.882529,3.268265,2.820654,2.869018,2.264568,1.971717,4.431285,3.365996,2.289440,1.434161,1.344706,3.125261,3.601315,3.037717,3.179265,2.458498,2.110788,1.467126,5.171532,3.868872,2.471973,1.516746,1.412912
2025-06-02,2.875679,3.257997,2.813868,2.863230,2.260008,1.968897,4.408648,3.351073,2.290642,1.433615,1.344587,3.116773,3.588833,3.029925,3.172443,2.453209,2.107397,1.463435,5.143294,3.849546,2.473418,1.516078,1.412763
2025-05-30,2.879457,3.264222,2.816437,2.865764,2.262670,1.970116,4.423697,3.362416,2.290274,1.433900,1.344167,3.121939,3.597277,3.033392,3.175833,2.456174,2.108934,1.465418,5.162065,3.864296,2.472973,1.516430,1.412249
2025-05-29,2.878204,3.263082,2.815248,2.865168,2.261064,1.968528,4.423502,3.356926,2.289862,1.430406,1.344015,3.120015,3.595235,3.031536,3.174064,2.454162,2.106920,1.463823,5.162022,3.857199,2.472476,1.512102,1.412062
2025-05-28,2.877132,3.261462,2.814396,2.861725,2.260381,1.967909,4.422093,3.352729,2.286658,1.429351,1.343945,3.118643,3.593594,3.030523,3.170804,2.453292,2.106183,1.462779,5.160251,3.851787,2.468605,1.510795,1.411978
2025-05-27,2.878168,3.263097,2.815218,2.866256,2.260973,1.968450,4.428681,3.353707,2.286039,1.430529,1.343815,3.119588,3.594729,3.031080,3.175901,2.453940,2.106751,1.463894,5.168503,3.853085,2.467857,1.512256,1.411818
2025-05-26,2.863926,3.242318,2.802079,2.850026,2.251823,1.962446,4.361265,3.339480,2.279856,1.426746,1.343657,3.103278,3.572217,3.017276,3.157575,2.443812,2.099826,1.454402,5.083823,3.835024,2.460379,1.507580,1.411625
2025-05-23,2.864829,3.244179,2.803115,2.850676,2.252196,1.962195,4.365772,3.342285,2.278764,1.425077,1.343244,3.104782,3.575160,3.018756,3.158959,2.444186,2.099568,1.454479,5.089545,3.838711,2.459060,1.505513,1.411122
2025-05-22,2.869142,3.251202,2.807831,2.855537,2.254776,1.963288,4.400906,3.337428,2.278702,1.423060,1.343099,3.109284,3.582208,3.023002,3.163675,2.446609,2.100656,1.456553,5.133667,3.832433,2.458985,1.502992,1.410942
2025-05-21,2.871172,3.254762,2.808994,2.857056,2.255292,1.963508,4.399046,3.351766,2.280367,1.422518,1.342969,3.111576,3.586136,3.024630,3.165546,2.447405,2.100918,1.457517,5.131134,3.851064,2.460905,1.502321,1.410784
2025-05-20,2.878129,3.264517,2.815716,2.864015,2.259858,1.966663,4.452788,3.341015,2.288908,1.425825,1.342726,3.118341,3.594652,3.030073,3.171374,2.451962,2.104330,1.463043,5.198368,3.837126,2.471213,1.506419,1.410488
2025-05-19,2.870374,3.254073,2.808875,2.853877,2.254466,1.963169,4.432810,3.324024,2.290424,1.423447,1.342583,3.108698,3.580758,3.021277,3.158442,2.445692,2.100001,1.458747,5.173479,3.815113,2.473045,1.503474,1.410314
2025-05-16,2.875522,3.262062,2.812985,2.858675,2.257963,1.965084,4.445530,3.341340,2.290294,1.424382,1.342225,3.115738,3.591592,3.026937,3.164757,2.449734,2.102446,1.461688,5.189435,3.837618,2.472887,1.504634,1.409874
2025-05-15,2.868075,3.251540,2.806785,2.850475,2.253497,1.962034,4.422172,3.327595,2.285578,1.422025,1.342083,3.107036,3.579691,3.019914,3.154936,2.444537,2.098874,1.456924,5.160102,3.819804,2.467230,1.501711,1.409700
2025-05-14,2.862017,3.243043,2.801026,2.841950,2.249421,1.959516,4.389357,3.326277,2.279971,1.421005,1.341941,3.100154,3.570108,3.013744,3.145470,2.440167,2.095953,1.453185,5.118899,3.818147,2.460590,1.500490,1.409526
2025-05-13,2.860749,3.240529,2.799524,2.840731,2.248880,1.959596,4.381721,3.323821,2.283024,1.423590,1.341791,3.098877,3.567259,3.012141,3.143687,2.439675,2.096109,1.453390,5.109333,3.814981,2.464277,1.503692,1.409342
2025-05-12,2.858220,3.235164,2.797512,2.839215,2.248239,1.959325,4.387206,3.297722,2.287727,1.424688,1.341671,3.095555,3.561150,3.009293,3.141489,2.438492,2.095806,1.452207,5.117005,3.781169,2.469984,1.505038,1.409198
2025-05-09,2.841133,3.208190,2.780902,2.821272,2.238859,1.954338,4.287075,3.289976,2.285049,1.428572,1.341250,3.077967,3.534602,2.993584,3.123495,2.428631,2.090572,1.443375,4.991556,3.771191,2.466748,1.509850,1.408675
2025-05-08,2.837871,3.202906,2.778235,2.817423,2.237296,1.953611,4.284408,3.274646,2.282430,1.429562,1.341106,3.073657,3.527757,2.989849,3.118314,2.426604,2.089629,1.441943,4.988135,3.751325,2.463594,1.511080,1.408500
2025-05-07,2.828488,3.189341,2.768949,2.807832,2.231879,1.950598,4.247867,3.263052,2.282879,1.431105,1.340956,3.062939,3.511915,2.979425,3.107403,2.420562,2.086112,1.437490,4.942235,3.736308,2.464126,1.513000,1.408317
2025-05-06,2.823295,3.181946,2.764355,2.802927,2.228232,1.947981,4.235840,3.249002,2.281959,1.428380,1.340798,3.056120,3.502633,2.973615,3.101320,2.416170,2.082902,1.433918,4.927172,3.718172,2.463017,1.509606,1.408124
2025-05-05,2.826305,3.186365,2.767021,2.805543,2.229731,1.948926,4.252907,3.249482,2.285120,1.428688,1.340652,3.058999,3.506527,2.975954,3.104237,2.417741,2.083903,1.435870,4.948555,3.718833,2.466822,1.509950,1.407947
2025-05-02,2.832881,3.196385,2.772800,2.812845,2.233922,1.951485,4.264005,3.273363,2.285640,1.430059,1.340232,3.067977,3.519807,2.983785,3.114090,2.422866,2.087132,1.439756,4.962529,3.749856,2.467455,1.511647,1.407432
2025-05-01,2.824860,3.183010,2.765776,2.801835,2.230671,1.949927,4.235059,3.250504,2.280915,1.433494,1.340081,3.059825,3.506506,2.976553,3.102134,2.419070,2.085590,1.436063,4.926270,3.720238,2.461758,1.515904,1.407247
2025-04-30,2.821541,3.177715,2.762512,2.796943,2.228852,1.949058,4.223216,3.243932,2.279431,1.435018,1.339937,3.055877,3.500419,2.972778,3.096210,2.416917,2.084577,1.434763,4.911422,3.711737,2.459969,1.517792,1.407075
2025-04-29,2.815853,3.169751,2.758076,2.789630,2.225823,1.947004,4.213644,3.226315,2.275550,1.434007,1.339786,3.049244,3.490992,2.967335,3.087164,2.413165,2.082113,1.431678,4.899313,3.689175,2.455271,1.516535,1.406885
2025-04-28,2.803435,3.151277,2.746468,2.778459,2.217775,1.942033,4.176043,3.199477,2.272715,1.433233,1.339639,3.033902,3.468604,2.953329,3.073493,2.403878,2.076098,1.424913,4.852188,3.654383,2.451844,1.515595,1.406709
2025-04-24,2.796986,3.142404,2.740737,2.768838,2.213304,1.938549,4.156979,3.187222,2.273223,1.429618,1.339031,3.026482,3.458636,2.946904,3.062717,2.398469,2.071989,1.420815,4.828297,3.638558,2.452461,1.511111,1.405964
2025-04-23,2.784030,3.123382,2.729655,2.755850,2.205492,1.933265,4.102625,3.169316,2.272171,1.425805,1.338871,3.012061,3.438235,2.935251,3.048580,2.389705,2.065929,1.412100,4.760183,3.615366,2.451195,1.506385,1.405768
2025-04-22,2.767190,3.096790,2.715050,2.736988,2.195936,1.927413,4.057609,3.121987,2.270713,1.425729,1.338723,2.991896,3.407718,2.918229,3.026069,2.378407,2.059045,1.402884,4.703686,3.554025,2.449438,1.506291,1.405588
2025-04-17,2.766752,3.097205,2.714566,2.737817,2.195698,1.926876,4.046333,3.133417,2.268569,1.425258,1.337974,2.993048,3.410034,2.918965,3.027740,2.378385,2.058601,1.402717,4.689180,3.568833,2.446847,1.505708,1.404666
2025-04-16,2.760454,3.088077,2.709088,2.734374,2.191527,1.924158,4.039560,3.110368,2.263082,1.423889,1.337824,2.984625,3.397914,2.911736,3.023051,2.373336,2.055217,1.398982,4.680910,3.538981,2.440236,1.504015,1.404482
2025-04-15,2.768781,3.102222,2.717180,2.742944,2.195988,1.926428,4.086930,3.117397,2.261670,1.421680,1.337678,2.993328,3.411833,2.919205,3.031493,2.377935,2.057516,1.403432,4.740260,3.548187,2.438537,1.501278,1.404304
2025-04-14,2.766674,3.099793,2.716317,2.741648,2.195114,1.925259,4.082017,3.114760,2.258747,1.419055,1.337490,2.991830,3.410472,2.918676,3.030022,2.376818,2.056188,1.401622,4.734408,3.544828,2.435012,1.498026,1.404084
2025-04-11,2.757660,3.086843,2.709844,2.732544,2.190219,1.921448,4.072810,3.081095,2.251124,1.414909,1.337024,2.980861,3.395635,2.910263,3.018834,2.370343,2.051466,1.395560,4.723009,3.501236,2.425812,1.492873,1.403513
2025-04-10,2.757587,3.085262,2.708714,2.732180,2.190589,1.922102,4.030598,3.108263,2.246394,1.418029,1.336865,2.983331,3.398315,2.912543,3.021566,2.371967,2.052913,1.395657,4.670076,3.537706,2.420110,1.496724,1.403319
2025-04-09,2.750283,3.074240,2.706190,2.727857,2.187992,1.920724,4.139227,2.983836,2.250184,1.417915,1.336794,2.967460,3.373831,2.898285,3.007936,2.364566,2.049239,1.394097,4.805145,3.376381,2.424667,1.496583,1.403233
2025-04-08,2.733283,3.044824,2.687561,2.708399,2.178852,1.916279,3.952480,3.038764,2.232991,1.422609,1.336646,2.955066,3.355011,2.888573,2.994843,2.357580,2.046171,1.382060,4.571823,3.447107,2.404168,1.502417,1.403052
2025-04-07,2.722787,3.028745,2.679702,2.696544,2.174392,1.914887,3.975783,2.978159,2.239620,1.428296,1.336570,2.939280,3.330159,2.874921,2.977763,2.351085,2.043811,1.378735,4.601058,3.368791,2.412102,1.509466,1.402967
2025-04-04,2.759045,3.080855,2.710593,2.732934,2.195430,1.927840,4.040813,3.088587,2.251809,1.431281,1.336006,2.983572,3.395331,2.914354,3.023497,2.377097,2.059897,1.397138,4.682661,3.511943,2.426722,1.513196,1.402277
2025-04-03,2.784224,3.124541,2.732470,2.754277,2.207403,1.935247,4.125143,3.166873,2.267935,1.430073,1.335845,3.012217,3.439389,2.938120,3.045952,2.392188,2.068367,1.411948,4.787821,3.613464,2.446142,1.511490,1.402081
2025-04-02,2.812942,3.170832,2.759111,2.782888,2.222671,1.942569,4.277383,3.196405,2.281647,1.423075,1.335699,3.042405,3.487044,2.964522,3.076607,2.408582,2.076103,1.426292,4.978733,3.651748,2.462668,1.502823,1.401872
2025-04-01,2.811972,3.168803,2.758187,2.780247,2.222334,1.942342,4.268697,3.197435,2.280953,1.423225,1.335553,3.041775,3.486025,2.964166,3.073667,2.408269,2.075939,1.425734,4.967802,3.653102,2.461835,1.503010,1.401691
2025-03-31,2.805174,3.158279,2.752347,2.773757,2.218243,1.939494,4.262632,3.171560,2.279995,1.421413,1.335390,3.032713,3.473169,2.956348,3.064763,2.402943,2.072381,1.421773,4.960225,3.619478,2.460686,1.500778,1.401493
2025-03-28,2.811465,3.172016,2.756388,2.780174,2.221574,1.940570,4.256319,3.225862,2.276704,1.418692,1.334960,3.043000,3.491538,2.963818,3.074587,2.407830,2.073915,1.424086,4.952273,3.689949,2.456719,1.497408,1.400969
2025-03-27,2.820409,3.186795,2.764636,2.787974,2.225717,1.942227,4.311555,3.225996,2.275996,1.415144,1.334827,3.051059,3.504949,2.971041,3.081553,2.412053,2.075099,1.427834,5.021564,3.690139,2.455867,1.492998,1.400806
2025-03-26,2.824904,3.193466,2.768537,2.792897,2.228426,1.943860,4.323963,3.236576,2.277999,1.415636,1.334665,3.056449,3.512886,2.975728,3.087607,2.415270,2.077090,1.430267,5.037111,3.703881,2.458279,1.493606,1.400611
2025-03-25,2.827619,3.197298,2.771033,2.794211,2.230078,1.945081,4.357034,3.220984,2.275316,1.417180,1.334526,3.057676,3.514086,2.976240,3.087010,2.416590,2.077857,1.432313,5.078564,3.683673,2.455048,1.495516,1.400437
2025-03-24,2.827111,3.196168,2.770870,2.791788,2.230039,1.945060,4.357331,3.217852,2.279128,1.417323,1.334385,3.057166,3.513138,2.976076,3.084126,2.416423,2.077891,1.432165,5.078912,3.679657,2.459645,1.495692,1.400277
2025-03-21,2.821182,3.186867,2.765352,2.784149,2.227023,1.943414,4.320299,3.221857,2.272850,1.418597,1.333944,3.052015,3.505410,2.971575,3.076583,2.413317,2.076551,1.429440,5.032506,3.685531,2.452079,1.497281,1.399739
2025-03-20,2.820372,3.185484,2.764409,2.783945,2.226411,1.943321,4.314285,3.220950,2.278157,1.419496,1.333795,3.051008,3.503401,2.970523,3.076190,2.412827,2.076428,1.429188,5.025030,3.684381,2.458476,1.498398,1.399557
2025-03-19,2.813282,3.175419,2.758411,2.775061,2.221588,1.940278,4.310355,3.190614,2.278523,1.417786,1.333652,3.041058,3.488768,2.961697,3.064221,2.406838,2.072208,1.425147,5.020061,3.645110,2.458916,1.496281,1.399383
2025-03-18,2.808624,3.168731,2.753934,2.770359,2.218635,1.938373,4.271786,3.202276,2.278398,1.417077,1.333516,3.037446,3.483847,2.958993,3.059860,2.404056,2.070570,1.422389,4.971407,3.659983,2.458762,1.495403,1.399217
2025-03-17,2.809504,3.170125,2.754557,2.770046,2.218707,1.938324,4.280726,3.198624,2.281186,1.416550,1.333373,3.037637,3.484237,2.958706,3.059330,2.404065,2.070284,1.422688,4.982601,3.655266,2.462113,1.494750,1.399045
2025-03-14,2.800794,3.156487,2.747168,2.765260,2.213818,1.935037,4.261466,3.173652,2.273862,1.415354,1.332943,3.027232,3.469053,2.949952,3.053779,2.397815,2.066387,1.417799,4.958183,3.622992,2.453289,1.493269,1.398523
2025-03-13,2.786976,3.135070,2.734623,2.753951,2.206026,1.930464,4.208808,3.153444,2.267263,1.415886,1.332811,3.012287,3.446417,2.936735,3.041483,2.388879,2.061400,1.411024,4.892032,3.596839,2.445335,1.493929,1.398361
2025-03-12,2.795287,3.148483,2.741682,2.762020,2.210471,1.932702,4.246133,3.165168,2.275355,1.414623,1.332671,3.021027,3.460232,2.943989,3.050602,2.393897,2.063730,1.414945,4.938799,3.611939,2.455037,1.492347,1.398190
2025-03-11,2.800399,3.155680,2.745900,2.767402,2.214069,1.934967,4.235404,3.199737,2.275346,1.416185,1.332536,3.029397,3.472623,2.951569,3.059399,2.398723,2.067259,1.417955,4.925318,3.656723,2.455019,1.494287,1.398025
2025-03-10,2.809408,3.170221,2.753409,2.777924,2.218880,1.937707,4.254038,3.230086,2.279332,1.416151,1.332394,3.040445,3.489588,2.960726,3.071686,2.404539,2.070654,1.422802,4.948401,3.695981,2.459814,1.494246,1.397852
2025-03-07,2.822611,3.190634,2.765709,2.790289,2.225987,1.941622,4.335974,3.222347,2.283086,1.415436,1.331975,3.052421,3.507595,2.970921,3.082980,2.411802,2.074091,1.429455,5.051218,3.685994,2.464331,1.493359,1.397341
2025-03-06,2.827997,3.200354,2.769933,2.795098,2.228594,1.942597,4.323288,3.266690,2.279326,1.413455,1.331825,3.061011,3.521971,2.978797,3.091071,2.415705,2.076034,1.431477,5.034421,3.743522,2.459034,1.490983,1.397156
2025-03-05,2.840201,3.217234,2.780626,2.807278,2.236189,1.947677,4.381662,3.269977,2.291550,1.417345,1.331691,3.073631,3.539254,2.989107,3.104310,2.424040,2.081507,1.439078,5.107671,3.747783,2.473739,1.495796,1.396993
2025-03-04,2.840511,3.215489,2.780101,2.808390,2.238260,1.949932,4.362076,3.288230,2.289109,1.423506,1.331544,3.076413,3.541996,2.991112,3.107414,2.426944,2.084951,1.441299,5.083028,3.771383,2.470802,1.503424,1.396813
2025-03-03,2.849008,3.229694,2.787684,2.816103,2.242677,1.952222,4.390506,3.310016,2.293748,1.422452,1.331402,3.086019,3.557277,2.999674,3.115355,2.432164,2.087571,1.445303,5.118688,3.799587,2.476382,1.502119,1.396643
2025-02-28,2.850605,3.231782,2.789332,2.817760,2.243499,1.952779,4.428488,3.282619,2.292319,1.423081,1.330959,3.085237,3.555579,2.998456,3.114532,2.432248,2.087293,1.446455,5.166362,3.764192,2.474662,1.502899,1.396099
2025-02-27,2.850249,3.232813,2.788804,2.815859,2.242854,1.951816,4.393134,3.316730,2.289455,1.420372,1.330815,3.087574,3.560650,3.001130,3.114861,2.432396,2.087041,1.445232,5.122074,3.808380,2.471219,1.499545,1.395921
2025-02-26,2.852490,3.237061,2.790845,2.818495,2.243454,1.952065,4.419064,3.304614,2.287569,1.419826,1.330674,3.088195,3.561738,3.001254,3.116043,2.432655,2.086695,1.446134,5.154935,3.792674,2.468950,1.498942,1.395759
2025-02-25,2.848500,3.231434,2.787357,2.816185,2.240861,1.950324,4.396428,3.304867,2.288888,1.418351,1.330514,3.084220,3.556201,2.998136,3.113914,2.429903,2.084899,1.443525,5.126477,3.792973,2.470538,1.497116,1.395563
2025-02-24,2.854217,3.241852,2.792490,2.821415,2.243369,1.950968,4.408493,3.327562,2.285351,1.414788,1.330359,3.091379,3.568703,3.004772,3.120481,2.432995,2.085767,1.445295,5.141637,3.822382,2.466284,1.492705,1.395375
2025-02-21,2.857008,3.247492,2.795199,2.823509,2.244479,1.951034,4.417214,3.337390,2.283177,1.412327,1.329905,3.094711,3.574896,3.007891,3.121833,2.434254,2.085811,1.445950,5.152303,3.835165,2.463669,1.489659,1.394822
2025-02-20,2.865149,3.261063,2.802782,2.828688,2.248534,1.952841,4.452639,3.347958,2.286091,1.409627,1.329751,3.103250,3.588773,3.015651,3.126437,2.438742,2.087618,1.449116,5.196770,3.848868,2.467176,1.486316,1.394638
2025-02-19,2.876898,3.278935,2.813292,2.840487,2.255522,1.956680,4.490386,3.374492,2.284205,1.409332,1.329606,3.117140,3.610287,3.027993,3.141515,2.446807,2.092152,1.454975,5.244034,3.883242,2.464906,1.485950,1.394461
2025-02-18,2.879943,3.283872,2.815685,2.842178,2.257125,1.957527,4.496961,3.386265,2.285050,1.409586,1.329444,3.120951,3.616325,3.031143,3.143995,2.448688,2.093233,1.456778,5.252288,3.898514,2.465924,1.486266,1.394268
2025-02-17,2.880688,3.284502,2.815721,2.841450,2.257909,1.958411,4.482462,3.401446,2.283784,1.412117,1.329297,3.123060,3.618893,3.032597,3.144221,2.450067,2.094731,1.457839,5.234417,3.918256,2.464401,1.489396,1.394096
2025-02-14,2.879490,3.282433,2.814435,2.842471,2.257210,1.958116,4.479232,3.398269,2.283956,1.412964,1.328843,3.121597,3.616403,3.031015,3.145961,2.449201,2.094370,1.457649,5.230406,3.914162,2.464609,1.490445,1.393545
2025-02-13,2.879651,3.282539,2.815287,2.844718,2.257369,1.957771,4.494914,3.387364,2.286006,1.410944,1.328660,3.121051,3.616197,3.031222,3.148339,2.448931,2.093660,1.457360,5.250043,3.900053,2.467075,1.487945,1.393322
2025-02-12,2.873374,3.273771,2.809766,2.838682,2.253396,1.954785,4.464115,3.388383,2.281002,1.408080,1.328525,3.114942,3.608304,3.026520,3.142489,2.444514,2.090483,1.453424,5.211405,3.901402,2.461037,1.484381,1.393160
2025-02-11,2.872116,3.270610,2.808085,2.838021,2.253103,1.955444,4.460323,3.380241,2.284025,1.412224,1.328395,3.113220,3.603957,3.024250,3.140748,2.444243,2.091240,1.454042,5.206706,3.890834,2.464657,1.489519,1.393001
2025-02-10,2.872387,3.270914,2.808044,2.838145,2.253209,1.955516,4.463951,3.379236,2.282696,1.412998,1.328246,3.113409,3.604136,3.024026,3.140999,2.444293,2.091266,1.454571,5.211265,3.889549,2.463060,1.490478,1.392821
2025-02-07,2.870995,3.268766,2.806081,2.838075,2.252568,1.955038,4.450389,3.386951,2.282618,1.413653,1.327798,3.112762,3.603400,3.022902,3.141782,2.443740,2.091039,1.454140,5.194312,3.899592,2.462966,1.491289,1.392275
2025-02-06,2.874269,3.273533,2.808642,2.841967,2.254641,1.956530,4.466789,3.388657,2.282260,1.415754,1.327669,3.115967,3.607793,3.024938,3.145609,2.445984,2.092616,1.456434,5.214741,3.901800,2.462531,1.493878,1.392116
2025-02-05,2.866093,3.261122,2.801866,2.833397,2.249712,1.953620,4.452744,3.359831,2.281216,1.414703,1.327502,3.105378,3.591765,3.015920,3.134343,2.439970,2.088872,1.451971,5.197004,3.864469,2.461278,1.492580,1.391914
2025-02-04,2.862159,3.255875,2.799024,2.829172,2.247235,1.951443,4.450973,3.346123,2.274628,1.411126,1.327346,3.100357,3.585536,3.012193,3.129526,2.436665,2.086065,1.448946,5.194887,3.846724,2.453356,1.488151,1.391751
2025-02-03,2.860739,3.253017,2.797696,2.830917,2.246870,1.951181,4.443880,3.345937,2.273542,1.411643,1.327168,3.099238,3.583833,3.011367,3.131783,2.436153,2.085914,1.448544,5.186207,3.846494,2.452064,1.488790,1.391535
2025-01-31,2.875089,3.276818,2.810391,2.845207,2.254466,1.954877,4.466710,3.401702,2.275567,1.408965,1.326735,3.117783,3.613525,3.028021,3.150262,2.445680,2.090840,1.454804,5.214979,3.918790,2.454501,1.485482,1.391007
2025-01-30,2.874288,3.275376,2.810253,2.845426,2.254187,1.954779,4.477543,3.385812,2.276155,1.408725,1.326557,3.115718,3.610180,3.026429,3.149375,2.444930,2.090352,1.454330,5.228508,3.898209,2.455739,1.485120,1.390789
2025-01-29,2.865022,3.261632,2.801834,2.837109,2.248537,1.951244,4.448781,3.369038,2.269418,1.407676,1.326366,3.104887,3.594466,3.016771,3.139365,2.438229,2.086178,1.449552,5.192474,3.876496,2.447636,1.483824,1.390554
2025-01-28,2.860587,3.255304,2.798096,2.833284,2.245300,1.949116,4.442780,3.352631,2.276879,1.406101,1.326220,3.099023,3.585680,3.011626,3.133971,2.434342,2.083439,1.447092,5.184938,3.855260,2.456612,1.481874,1.390380
2025-01-24,2.857504,3.252492,2.795672,2.832582,2.242170,1.946628,4.424680,3.355303,2.275893,1.402218,1.325586,3.095667,3.581975,3.009130,3.132526,2.431148,2.080603,1.444109,5.161976,3.858796,2.455428,1.477069,1.389603
2025-01-23,2.857785,3.252708,2.796152,2.834902,2.242532,1.946655,4.438270,3.345922,2.272871,1.402042,1.325433,3.095436,3.581778,3.008753,3.134241,2.431092,2.080328,1.444442,5.179216,3.846658,2.451800,1.476848,1.389425
2025-01-22,2.859265,3.254770,2.797018,2.835658,2.243674,1.947467,4.426078,3.365014,2.269481,1.403444,1.325279,3.098611,3.586584,3.011418,3.136372,2.432857,2.081778,1.445551,5.163972,3.871433,2.447716,1.478583,1.389237
2025-01-21,2.854918,3.247254,2.793082,2.828446,2.241502,1.946515,4.408645,3.356078,2.274896,1.404756,1.325125,3.093790,3.578613,3.007252,3.128400,2.430396,2.080794,1.443690,5.142309,3.860087,2.454294,1.480237,1.389049
2025-01-20,2.845704,3.234269,2.785344,2.818661,2.235809,1.942612,4.379023,3.341126,2.267023,1.401560,1.324980,3.083387,3.564182,2.998655,3.117018,2.423782,2.076242,1.438092,5.105536,3.840865,2.444984,1.476293,1.388871
2025-01-17,2.842660,3.229545,2.782752,2.814958,2.233881,1.941219,4.380898,3.325187,2.267224,1.400936,1.324533,3.079224,3.558006,2.994841,3.111830,2.421176,2.074325,1.436658,5.108059,3.820261,2.445226,1.475522,1.388323
2025-01-16,2.838083,3.222242,2.778548,2.810247,2.231378,1.939831,4.354079,3.325680,2.266943,1.401166,1.324389,3.074856,3.551434,2.991227,3.107857,2.418604,2.073071,1.434210,5.074445,3.821158,2.444899,1.475807,1.388149
2025-01-15,2.826488,3.205933,2.769077,2.798304,2.223974,1.934806,4.336739,3.287937,2.260121,1.396933,1.324212,3.059996,3.530354,2.978671,3.092673,2.409515,2.066622,1.427141,5.052387,3.772272,2.436696,1.470543,1.387936
2025-01-14,2.817479,3.193478,2.761370,2.792599,2.218311,1.930468,4.290696,3.291553,2.256265,1.392003,1.324066,3.051385,3.519626,2.972037,3.087766,2.403234,2.062077,1.421084,4.994709,3.776982,2.432032,1.464440,1.387757
2025-01-13,2.814651,3.189130,2.758881,2.790765,2.216830,1.929393,4.294208,3.277127,2.252588,1.391717,1.323923,3.047565,3.514170,2.968395,3.085438,2.401045,2.060557,1.419848,4.999192,3.758304,2.427616,1.464073,1.387584
2025-01-10,2.823419,3.202213,2.765718,2.800507,2.222478,1.933018,4.304087,3.314007,2.249255,1.394895,1.323485,3.059236,3.531604,2.978016,3.098759,2.408095,2.065377,1.425105,5.011531,3.806130,2.423621,1.468009,1.387055
2025-01-09,2.833856,3.217192,2.774657,2.811010,2.228768,1.937505,4.344398,3.323980,2.258465,1.398856,1.323317,3.070221,3.546483,2.987064,3.109902,2.415369,2.070366,1.431456,5.062022,3.819077,2.434675,1.472913,1.386854
2025-01-08,2.833974,3.217707,2.774431,2.810424,2.228568,1.937287,4.336563,3.331844,2.258523,1.398757,1.323137,3.070990,3.547768,2.987496,3.109548,2.415401,2.070305,1.431509,5.052136,3.829286,2.434745,1.472789,1.386635
2025-01-07,2.829002,3.210184,2.769462,2.805638,2.225436,1.935668,4.326447,3.315818,2.262697,1.399673,1.322987,3.064542,3.537584,2.981071,3.103319,2.411762,2.068247,1.429289,5.039462,3.808584,2.439765,1.473954,1.386453
2025-01-06,2.828715,3.209734,2.770818,2.804581,2.226190,1.936739,4.350096,3.301319,2.270532,1.401670,1.322825,3.062703,3.534403,2.980876,3.100735,2.412252,2.069078,1.429811,5.069041,3.789806,2.449196,1.476420,1.386254
2025-01-03,2.825185,3.204488,2.765906,2.799504,2.224785,1.935955,4.340230,3.300973,2.276307,1.404094,1.322319,3.059255,3.529400,2.975667,3.095469,2.410604,2.068347,1.428978,5.056700,3.789427,2.456159,1.479433,1.385641
2025-01-02,2.816358,3.190948,2.757856,2.791503,2.219581,1.932922,4.308596,3.285944,2.270810,1.404140,1.322156,3.049257,3.514370,2.966841,3.086176,2.404699,2.064900,1.424432,5.017050,3.769978,2.449554,1.479490,1.385444
2024-12-31,2.814410,3.187751,2.756191,2.790388,2.218681,1.932395,4.316084,3.272586,2.270449,1.404934,1.321831,3.046174,3.509805,2.963968,3.083914,2.403250,2.064039,1.423913,5.026382,3.752700,2.449120,1.480469,1.385042
2024-12-30,2.818867,3.195886,2.760210,2.795652,2.220916,1.933256,4.317183,3.297198,2.266618,1.403078,1.321670,3.052612,3.520597,2.969767,3.091307,2.406234,2.065337,1.425521,5.027816,3.784609,2.444514,1.478169,1.384848
2024-12-27,2.825970,3.206833,2.766641,2.802353,2.224716,1.935195,4.350969,3.302858,2.268717,1.402417,1.321200,3.059856,3.531865,2.976130,3.098333,2.410341,2.067313,1.429002,5.070084,3.791980,2.447037,1.477351,1.384285
2024-12-24,2.823773,3.205189,2.763769,2.799683,2.223229,1.933955,4.365258,3.290105,2.270150,1.401861,1.320729,3.055961,3.527247,2.971221,3.093794,2.408231,2.065343,1.427769,5.088031,3.775506,2.448762,1.476663,1.383710
2024-12-23,2.814978,3.192288,2.756019,2.791084,2.218306,1.931169,4.334459,3.281273,2.266362,1.402305,1.320552,3.046180,3.513078,2.962915,3.083990,2.402602,2.062237,1.423554,5.049429,3.764046,2.444202,1.477211,1.383494
2024-12-20,2.801941,3.172295,2.744822,2.778282,2.210451,1.926641,4.310041,3.238211,2.264976,1.401885,1.320092,3.029536,3.487811,2.948589,3.067653,2.393150,2.056449,1.416751,5.018799,3.708456,2.442536,1.476690,1.382932
2024-12-19,2.803288,3.174775,2.745603,2.780036,2.211268,1.926954,4.286048,3.269164,2.257772,1.401725,1.319917,3.033332,3.494322,2.952236,3.072134,2.394752,2.057579,1.417167,4.988734,3.749029,2.434016,1.476472,1.382720
2024-12-18,2.814531,3.191074,2.754338,2.793348,2.218339,1.931951,4.290289,3.316924,2.264633,1.406847,1.319739,3.048448,3.515789,2.964738,3.089043,2.403925,2.064191,1.424143,4.994233,3.810842,2.442045,1.482814,1.382506
2024-12-17,2.828410,3.212062,2.766846,2.802554,2.226100,1.936890,4.359495,3.318456,2.280235,1.408796,1.319591,3.062175,3.535148,2.976226,3.097899,2.412482,2.069130,1.431916,5.080973,3.812822,2.460811,1.485225,1.382327
2024-12-16,2.825161,3.207307,2.763776,2.798563,2.223585,1.935469,4.364413,3.296888,2.281852,1.408665,1.319425,3.056591,3.526519,2.970815,3.091333,2.409147,2.066881,1.430360,5.087226,3.784878,2.462755,1.485064,1.382123
2024-12-13,2.828642,3.212601,2.766628,2.802522,2.225646,1.936533,4.364329,3.315258,2.284089,1.409002,1.318975,3.061697,3.534348,2.975289,3.096671,2.411771,2.068491,1.432345,5.087082,3.808724,2.465442,1.485469,1.381583
2024-12-12,2.833153,3.218819,2.769984,2.806554,2.228470,1.938677,4.370421,3.329514,2.285349,1.411822,1.318862,3.067292,3.541901,2.979696,3.101515,2.415352,2.071178,1.435349,5.094673,3.827211,2.466956,1.488959,1.381446
2024-12-11,2.839071,3.226739,2.774827,2.812884,2.232655,1.941812,4.390875,3.338300,2.285595,1.415838,1.318719,3.074054,3.550853,2.984998,3.108971,2.420094,2.074864,1.439595,5.120273,3.838625,2.467258,1.493927,1.381281
2024-12-10,2.837211,3.223548,2.772572,2.812088,2.231779,1.941492,4.361400,3.356214,2.286946,1.417433,1.318517,3.073893,3.550334,2.984739,3.109734,2.419733,2.075185,1.439177,5.083516,3.861819,2.468883,1.495914,1.381034
2024-12-09,2.837060,3.224610,2.772275,2.814181,2.230722,1.940801,4.348944,3.365194,2.291908,1.416115,1.318383,3.073969,3.550837,2.984712,3.112753,2.419091,2.074393,1.438410,5.068297,3.873468,2.474851,1.494280,1.380874
2024-12-06,2.843920,3.234370,2.778335,2.819908,2.234997,1.942960,4.387442,3.368359,2.291628,1.416346,1.317946,3.081120,3.561932,2.990744,3.118716,2.423361,2.076720,1.442331,5.116067,3.877632,2.474515,1.494562,1.380340
2024-12-05,2.842139,3.233088,2.776930,2.818141,2.233793,1.942074,4.361408,3.387171,2.291580,1.414995,1.317800,3.080657,3.562198,2.990945,3.117728,2.422660,2.076178,1.440740,5.083540,3.902008,2.474662,1.492964,1.380160
2024-12-04,2.842139,3.233112,2.776736,2.817929,2.233528,1.941830,4.364513,3.384157,2.293749,1.415022,1.317606,3.080491,3.561825,2.990523,3.117497,2.422333,2.075804,1.440882,5.087447,3.898129,2.477265,1.493003,1.379924
2024-12-03,2.834962,3.224222,2.769539,2.811680,2.228234,1.938289,4.324700,3.392832,2.294718,1.412658,1.317465,3.073134,3.552335,2.983342,3.111464,2.416388,2.071923,1.436965,5.037608,3.909546,2.478428,1.490076,1.379748
2024-12-02,2.830567,3.216653,2.765795,2.807260,2.226085,1.936836,4.319301,3.373327,2.297305,1.412530,1.317322,3.067994,3.544022,2.978966,3.105935,2.413995,2.070251,1.434423,5.030805,3.884297,2.481538,1.489919,1.379576
2024-11-29,2.823154,3.206138,2.759054,2.801193,2.221138,1.933758,4.281511,3.370921,2.302640,1.411405,1.316667,3.060132,3.532552,2.972264,3.099222,2.408806,2.066905,1.430168,4.983757,3.881245,2.487957,1.488527,1.378769
2024-11-28,2.820859,3.203711,2.757200,2.799603,2.219513,1.932171,4.273377,3.373280,2.305102,1.408896,1.316518,3.057953,3.530607,2.970659,3.098196,2.406933,2.065168,1.428325,4.973526,3.884338,2.490917,1.485448,1.378588
2024-11-27,2.818051,3.200387,2.754738,2.796076,2.217420,1.930517,4.276506,3.361290,2.304942,1.407183,1.316373,3.053932,3.525434,2.966818,3.093304,2.404083,2.062900,1.426668,4.977423,3.868806,2.490725,1.483324,1.378409
2024-11-26,2.817553,3.200108,2.754571,2.794733,2.216713,1.929644,4.291726,3.346471,2.301513,1.405447,1.316226,3.052101,3.523293,2.965116,3.090668,2.402742,2.061414,1.426013,4.996618,3.849658,2.486652,1.481176,1.378233
2024-11-25,2.816614,3.199199,2.753672,2.792688,2.216072,1.929312,4.275126,3.356422,2.300181,1.405202,1.316080,3.051927,3.523152,2.965147,3.089213,2.402512,2.061300,1.425265,4.975732,3.862604,2.485050,1.480899,1.378053
2024-11-22,2.810693,3.191785,2.748703,2.786372,2.211633,1.925598,4.257639,3.349482,2.295085,1.400570,1.315639,3.045253,3.515116,2.959760,3.081789,2.397297,2.056939,1.420960,4.953884,3.853668,2.478921,1.475159,1.377515
2024-11-21,2.801452,3.178244,2.740823,2.776011,2.205878,1.921969,4.232899,3.327982,2.291161,1.398801,1.315495,3.034158,3.499045,2.950822,3.069319,2.390558,2.052546,1.415674,4.922825,3.825812,2.474203,1.472974,1.377338
2024-11-20,2.800094,3.176129,2.739547,2.772610,2.205344,1.921577,4.224991,3.330821,2.289071,1.398969,1.315351,3.033289,3.497915,2.950042,3.065993,2.389969,2.052295,1.415198,4.913046,3.829546,2.471698,1.473189,1.377161
2024-11-19,2.801922,3.179072,2.740778,2.775082,2.206372,1.922286,4.214894,3.349551,2.290930,1.399564,1.315210,3.036567,3.502867,2.952864,3.070057,2.391676,2.053529,1.416227,4.900291,3.853908,2.473937,1.473923,1.376990
2024-11-18,2.795908,3.170287,2.735744,2.769856,2.202728,1.919784,4.214212,3.323815,2.287931,1.397962,1.315073,3.028424,3.491264,2.945631,3.061925,2.386808,2.050182,1.412947,4.899567,3.820566,2.470331,1.471932,1.376815
2024-11-15,2.793541,3.166846,2.733690,2.769485,2.201201,1.918568,4.212749,3.315382,2.286526,1.396916,1.314667,3.025423,3.487227,2.943027,3.061895,2.384763,2.048663,1.411589,4.897865,3.809692,2.468642,1.470637,1.376332
2024-11-14,2.795810,3.171217,2.735506,2.773837,2.201699,1.918627,4.246972,3.298551,2.285665,1.395937,1.314562,3.025311,3.487728,2.942096,3.063764,2.384496,2.047769,1.412619,4.940487,3.787786,2.467593,1.469431,1.376207
2024-11-13,2.795967,3.171638,2.735738,2.771891,2.201480,1.918449,4.256192,3.290057,2.288513,1.395624,1.314441,3.024611,3.486597,2.941430,3.060474,2.384065,2.047264,1.412627,4.952039,3.776784,2.471016,1.469045,1.376056
2024-11-12,2.798222,3.174983,2.737062,2.774996,2.202896,1.919723,4.247254,3.307649,2.288064,1.397868,1.314303,3.028189,3.491372,2.944068,3.065485,2.386254,2.049074,1.414364,4.940869,3.799612,2.470476,1.471823,1.375887
2024-11-11,2.800360,3.177916,2.738779,2.777736,2.204266,1.920950,4.260374,3.304004,2.291170,1.399872,1.314171,3.029924,3.493155,2.945126,3.068027,2.387722,2.050249,1.416174,4.957302,3.794902,2.474212,1.474304,1.375726
2024-11-08,2.797336,3.173863,2.735765,2.774408,2.202328,1.919682,4.238400,3.311818,2.291377,1.399770,1.313759,3.027567,3.489993,2.942986,3.064603,2.385904,2.049095,1.414673,4.929804,3.805083,2.474460,1.474178,1.375222
2024-11-07,2.788780,3.162458,2.728127,2.763622,2.196226,1.915763,4.214256,3.294541,2.287259,1.397244,1.313606,3.016835,3.475035,2.933499,3.050898,2.378956,2.044178,1.409587,4.899598,3.782698,2.469509,1.471050,1.375036
2024-11-06,2.786377,3.158924,2.727057,2.764152,2.195255,1.914381,4.223669,3.277021,2.284029,1.394963,1.313394,3.014049,3.471290,2.931558,3.051079,2.377100,2.042398,1.407699,4.911363,3.759998,2.465625,1.468226,1.374776
2024-11-05,2.767792,3.129952,2.709749,2.745904,2.184774,1.908745,4.148251,3.249453,2.286137,1.397420,1.313266,2.993718,3.439362,2.913249,3.029932,2.365489,2.036174,1.398980,4.816950,3.724269,2.468161,1.471268,1.374619
2024-11-04,2.765237,3.125654,2.707421,2.744349,2.183741,1.907999,4.124742,3.259120,2.283034,1.397787,1.313134,2.992564,3.437465,2.912361,3.029694,2.364624,2.035889,1.397672,4.787510,3.736820,2.464430,1.471723,1.374458
2024-11-01,2.762756,3.122600,2.705396,2.740938,2.181999,1.906568,4.131508,3.243826,2.276742,1.396101,1.312734,2.988608,3.432480,2.908942,3.024454,2.362153,2.033804,1.395862,4.795985,3.717039,2.456864,1.469635,1.373969
2024-10-31,2.764420,3.124250,2.706850,2.745540,2.183520,1.907550,4.123820,3.257660,2.279300,1.398000,1.312580,2.992110,3.437000,2.912060,3.031040,2.364250,2.035440,1.397120,4.786540,3.734960,2.459950,1.471940,1.373780
2024-10-30,2.772970,3.137290,2.713770,2.754220,2.188290,1.910840,4.163510,3.264070,2.274740,1.399510,1.312470,3.000880,3.449520,2.918590,3.039590,2.369370,2.038880,1.401950,4.836030,3.743630,2.455720,1.473820,1.373640
2024-10-29,2.780970,3.149200,2.720540,2.761370,2.193190,1.913740,4.185710,3.285290,2.274170,1.400650,1.312320,3.010250,3.463620,2.926660,3.048120,2.375040,2.042290,1.406789,4.863620,3.771340,2.455030,1.475230,1.373470
2024-10-28,2.776970,3.146500,2.715160,2.748420,2.188000,1.908770,4.225400,3.271900,2.268160,1.400090,1.312180,3.006270,3.457660,2.923170,3.044590,2.372320,2.040520,1.403804,4.851410,3.759860,2.456790,1.474540,1.373290
2024-10-25,2.769800,3.136160,2.708510,2.742130,2.183910,1.906760,4.195000,3.262040,2.266900,1.402220,1.311760,2.998890,3.445870,2.916140,3.037470,2.368060,2.038330,1.400972,4.813790,3.747150,2.455270,1.477160,1.372780
2024-10-24,2.770640,3.138300,2.709350,2.741280,2.184470,1.906900,4.198050,3.266960,2.268880,1.401750,1.311620,3.000380,3.448590,2.917320,3.036600,2.368680,2.038530,1.398164,4.817560,3.753340,2.457650,1.476580,1.372600
2024-10-23,2.771600,3.140290,2.710470,2.740840,2.184930,1.906950,4.196770,3.275430,2.269780,1.400390,1.311530,3.002210,3.451410,2.919020,3.036090,2.369360,2.038660,1.397891,4.815960,3.764350,2.458760,1.474900,1.372500
2024-10-22,2.774050,3.143710,2.712410,2.743330,2.186400,1.908460,4.207370,3.273720,2.267870,1.402710,1.311510,3.004340,3.453740,2.920500,3.038280,2.370970,2.040200,1.398821,4.829240,3.762180,2.456360,1.477770,1.372480
2024-10-21,2.786690,3.161670,2.723220,2.756780,2.195060,1.914330,4.225770,3.318730,2.268060,1.407090,1.311490,3.020620,3.476720,2.934440,3.055630,2.381510,2.047430,1.405885,4.852000,3.820550,2.456600,1.483160,1.372450
2024-10-18,2.783550,3.156540,2.720240,2.753100,2.192830,1.913530,4.227150,3.296770,2.272160,1.409250,1.311160,3.015840,3.468520,2.929790,3.049870,2.378660,2.046210,1.405953,4.853820,3.792170,2.461540,1.485830,1.372050
2024-10-17,2.786300,3.160080,2.721450,2.754240,2.194440,1.914270,4.206700,3.331110,2.271430,1.409760,1.311160,3.021030,3.476340,2.933960,3.052850,2.381500,2.047700,1.406389,4.828520,3.836710,2.460640,1.486460,1.372050
2024-10-16,2.784200,3.156100,2.720140,2.751700,2.193660,1.914260,4.223430,3.301950,2.272470,1.412190,1.310990,3.017390,3.469730,2.930590,3.048890,2.379860,2.047350,1.406326,4.849160,3.798940,2.461850,1.489450,1.371850
2024-10-15,2.782120,3.154400,2.717800,2.751950,2.191880,1.912710,4.202350,3.316900,2.270010,1.409930,1.310830,3.015880,3.468810,2.929210,3.049980,2.378370,2.045750,1.405210,4.823120,3.818330,2.458870,1.486670,1.371650
2024-10-14,2.783310,3.156600,2.719050,2.752160,2.191550,1.912130,4.227320,3.299470,2.268550,1.407500,1.310680,3.015000,3.468340,2.928620,3.048250,2.377220,2.044490,1.404446,4.854060,3.795750,2.457110,1.483670,1.371470
2024-10-11,2.776620,3.146250,2.712390,2.744060,2.187420,1.909710,4.199770,3.291280,2.267800,1.408520,1.310240,3.007700,3.457210,2.921690,3.039280,2.372780,2.041860,1.401511,4.819960,3.785170,2.456230,1.484920,1.370930
2024-10-10,2.775010,3.143610,2.711440,2.742970,2.187210,1.909610,4.188370,3.293510,2.266240,1.408280,1.310090,3.006460,3.455420,2.921150,3.038580,2.372680,2.042010,1.400348,4.805840,3.788090,2.454390,1.484640,1.370750
2024-10-09,2.773640,3.141170,2.710190,2.742870,2.186400,1.909220,4.191800,3.282320,2.265310,1.408870,1.309950,3.004190,3.451860,2.919110,3.037950,2.371480,2.041420,1.399623,4.810100,3.773580,2.453290,1.485350,1.370570
2024-10-08,2.768830,3.133920,2.705600,2.734730,2.183750,1.907750,4.170410,3.278570,2.263090,1.409850,1.309800,2.999290,3.444330,2.914490,3.029230,2.368760,2.039900,1.397159,4.783640,3.768750,2.450640,1.486560,1.370400
2024-10-07,2.767420,3.132170,2.703750,2.731330,2.182360,1.906520,4.150520,3.291120,2.266300,1.407770,1.309670,2.998370,3.443780,2.913670,3.026350,2.367760,2.038820,1.396237,4.759050,3.785040,2.454490,1.483990,1.370240
2024-10-04,2.766770,3.130110,2.702620,2.730400,2.182170,1.907490,4.159160,3.270360,2.268200,1.413250,1.309250,2.996690,3.438940,2.911040,3.024260,2.367250,2.039700,1.396661,4.769780,3.758160,2.456760,1.490750,1.369730
2024-10-03,2.762840,3.123110,2.697950,2.728730,2.180710,1.907420,4.119190,3.286880,2.268740,1.418630,1.309110,2.994200,3.433930,2.903180,3.024150,2.366770,2.040390,1.396531,4.720320,3.779610,2.457420,1.497380,1.369550
2024-10-02,2.764190,3.124690,2.698880,2.729500,2.181670,1.908580,4.122930,3.288190,2.270340,1.421480,1.308940,2.995560,3.435060,2.904080,3.024450,2.368020,2.041740,1.397295,4.724960,3.781310,2.459320,1.500900,1.369350
2024-10-01,2.763260,3.123460,2.697610,2.731040,2.181220,1.908220,4.117210,3.290910,2.280930,1.421490,1.308790,2.995040,3.434430,2.903170,3.026920,2.367790,2.041570,1.396391,4.717880,3.784870,2.472060,1.500910,1.369160
2024-09-30,2.766920,3.129550,2.700690,2.736000,2.182930,1.909000,4.116760,3.311730,2.281910,1.420100,1.308660,2.999810,3.442190,2.907780,3.032860,2.370240,2.042650,1.397165,4.717370,3.811870,2.473240,1.499200,1.369000
2024-09-27,2.766370,3.128270,2.700090,2.735970,2.182330,1.908780,4.130050,3.293880,2.281310,1.421120,1.308230,2.997920,3.438900,2.905710,3.031750,2.369020,2.042070,1.396788,4.733790,3.788800,2.472530,1.500440,1.368480
2024-09-26,2.765040,3.126440,2.699050,2.736760,2.181400,1.907900,4.136210,3.283790,2.280620,1.420200,1.308100,2.995980,3.436410,2.903930,3.032670,2.367550,2.040850,1.395160,4.741380,3.775710,2.471730,1.499320,1.368320
2024-09-25,2.754910,3.110780,2.690320,2.727050,2.175880,1.904800,4.109150,3.255890,2.281580,1.421370,1.307970,2.984750,3.418860,2.894020,3.021400,2.361280,2.037450,1.390482,4.707850,3.739570,2.472850,1.500760,1.368160
2024-09-24,2.756730,3.113050,2.691540,2.728840,2.177080,1.905800,4.112230,3.261150,2.282090,1.423240,1.307800,2.986770,3.421420,2.895430,3.023840,2.362590,2.038550,1.392110,4.711680,3.746410,2.473590,1.503060,1.367950
2024-09-23,2.750070,3.104220,2.686360,2.726730,2.173140,1.902910,4.092810,3.250030,2.282440,1.420440,1.307640,2.979910,3.412010,2.889920,3.021740,2.358110,2.035270,1.389961,4.687640,3.732010,2.474020,1.499600,1.367760
2024-09-20,2.754900,3.111360,2.690920,2.731500,2.176730,1.904940,4.103730,3.267480,2.280350,1.421050,1.307240,2.986400,3.421830,2.895920,3.028380,2.362150,2.037720,1.392766,4.701090,3.754680,2.471520,1.500360,1.367270
2024-09-19,2.754470,3.110780,2.690450,2.730470,2.176180,1.904660,4.109870,3.260020,2.281310,1.421390,1.307120,2.985420,3.420200,2.894810,3.026650,2.361470,2.037320,1.392536,4.708720,3.745040,2.472680,1.500770,1.367120
2024-09-18,2.743020,3.093180,2.680090,2.721200,2.170190,1.901330,4.067780,3.242560,2.280940,1.422870,1.306980,2.973250,3.401780,2.884750,3.017010,2.354480,2.033570,1.387578,4.656640,3.722420,2.472030,1.502600,1.366960
2024-09-17,2.746550,3.097900,2.683040,2.725260,2.172420,1.903010,4.083130,3.244080,2.281340,1.425100,1.306850,2.976900,3.406460,2.887600,3.021250,2.356940,2.035490,1.389563,4.675650,3.724400,2.472550,1.505340,1.366800
2024-09-16,2.746230,3.097030,2.682790,2.724400,2.172450,1.903080,4.090860,3.235380,2.282700,1.425860,1.306710,2.976070,3.405040,2.886890,3.019750,2.356620,2.035440,1.389341,4.685250,3.713140,2.474200,1.506280,1.366630
2024-09-13,2.743940,3.094160,2.680790,2.720230,2.170660,1.901520,4.088690,3.229030,2.282390,1.423900,1.306270,2.973220,3.401630,2.884370,3.014720,2.354330,2.033510,1.387952,4.682580,3.704970,2.473810,1.503860,1.366090
2024-09-12,2.739790,3.088330,2.676990,2.717100,2.167770,1.899230,4.075890,3.222560,2.280480,1.421530,1.306110,2.968630,3.395550,2.880320,3.011680,2.350980,2.030860,1.385010,4.666660,3.696280,2.471410,1.500920,1.365900
2024-09-11,2.730470,3.073370,2.669160,2.708570,2.162800,1.896430,4.060390,3.187300,2.279210,1.422340,1.305970,2.957340,3.378090,2.870610,3.001660,2.344710,2.027430,1.381060,4.647450,3.650580,2.469640,1.501920,1.365730
2024-09-10,2.725480,3.066700,2.664830,2.704650,2.159630,1.894100,4.034650,3.188850,2.279670,1.420140,1.305830,2.952530,3.371680,2.866670,2.997890,2.341290,2.024810,1.379059,4.615580,3.652600,2.470180,1.499220,1.365560
2024-09-09,2.722350,3.062570,2.662220,2.700980,2.157400,1.892350,4.027990,3.181550,2.276650,1.417930,1.305710,2.948710,3.366770,2.863580,2.993610,2.338610,2.022690,1.376651,4.607330,3.643160,2.466560,1.496490,1.365410
2024-09-06,2.714910,3.051900,2.654640,2.693380,2.153050,1.889810,3.982090,3.189400,2.275400,1.418820,1.305290,2.941740,3.356580,2.856850,2.986200,2.334340,2.020050,1.373778,4.550490,3.653390,2.465060,1.497580,1.364890
2024-09-05,2.720220,3.061040,2.659270,2.695550,2.154810,1.890300,4.024410,3.180600,2.272560,1.416200,1.305170,2.945490,3.363370,2.859630,2.986690,2.335690,2.020090,1.375432,4.602900,3.641990,2.461650,1.494360,1.364760
2024-09-04,2.717840,3.057980,2.657290,2.694540,2.152840,1.888900,4.026050,3.168060,2.272690,1.414870,1.305010,2.941950,3.358500,2.856470,2.984280,2.333130,2.018230,1.374232,4.604710,3.624770,2.461690,1.492810,1.364550
2024-09-03,2.729230,3.076670,2.667240,2.706790,2.159050,1.891690,4.049800,3.212200,2.272300,1.411320,1.304860,2.956040,3.381490,2.868870,2.999320,2.340560,2.021710,1.379766,4.634110,3.681990,2.461220,1.488440,1.364370
2024-09-02,2.734270,3.085410,2.671260,2.710220,2.160420,1.892240,4.075140,3.215000,2.273140,1.409450,1.304730,2.960200,3.388480,2.871960,3.001660,2.342120,2.022110,1.380866,4.665530,3.685640,2.462260,1.486130,1.364210
2024-08-30,2.733770,3.084440,2.670710,2.709280,2.160210,1.892270,4.081700,3.206180,2.271460,1.410890,1.304310,2.959190,3.386580,2.870670,3.000280,2.341630,2.022010,1.381285,4.673650,3.674250,2.460230,1.487900,1.363710
2024-08-29,2.722570,3.067630,2.660890,2.701390,2.153770,1.888600,4.054040,3.177710,2.269390,1.411610,1.304180,2.946190,3.366980,2.859290,2.991570,2.334150,2.017680,1.377579,4.639420,3.637400,2.457700,1.488800,1.363540
2024-08-28,2.723940,3.068900,2.661720,2.701440,2.154730,1.889330,4.048500,3.185860,2.270450,1.412830,1.304080,2.948380,3.369590,2.861010,2.992090,2.335490,2.018710,1.378374,4.632550,3.647960,2.458990,1.490300,1.363420
2024-08-27,2.728410,3.074730,2.666760,2.703580,2.157180,1.891030,4.068480,3.182790,2.270930,1.413280,1.303950,2.952930,3.375240,2.866000,2.994000,2.338070,2.020590,1.380009,4.657280,3.644000,2.459220,1.490850,1.363270
2024-08-26,2.728530,3.075030,2.666270,2.703320,2.157310,1.891330,4.065860,3.188180,2.270550,1.414910,1.303830,2.953170,3.375600,2.865380,2.993980,2.338120,2.020930,1.380562,4.654040,3.650920,2.458790,1.492860,1.363110
2024-08-23,2.726490,3.072440,2.664810,2.701280,2.155400,1.889880,4.078920,3.166860,2.269970,1.413330,1.303380,2.949380,3.370420,2.862060,2.990510,2.335350,2.018890,1.379126,4.670210,3.623360,2.458110,1.490920,1.362570
2024-08-22,2.723450,3.067990,2.662370,2.697270,2.154010,1.888760,4.065520,3.167970,2.266930,1.412230,1.303240,2.946890,3.367120,2.860180,2.986300,2.333880,2.017630,1.377262,4.653580,3.624810,2.454440,1.489560,1.362400
2024-08-21,2.723970,3.068840,2.662600,2.697640,2.154040,1.888990,4.075830,3.160020,2.265920,1.413640,1.303070,2.946630,3.366360,2.859350,2.986050,2.333610,2.017700,1.378083,4.666390,3.614530,2.453230,1.491300,1.362190
2024-08-20,2.719650,3.063060,2.658990,2.693800,2.151080,1.886760,4.062460,3.152590,2.265140,1.411130,1.302920,2.941770,3.359900,2.855410,2.981810,2.330210,2.015100,1.375388,4.649870,3.604930,2.452290,1.488210,1.362000
2024-08-19,2.721730,3.066150,2.661090,2.693770,2.152240,1.887380,4.079030,3.147950,2.265070,1.410760,1.302800,2.943540,3.362580,2.857070,2.981590,2.331310,2.015690,1.375978,4.670320,3.598930,2.452170,1.487750,1.361860
2024-08-16,2.718430,3.061630,2.656970,2.689120,2.150860,1.885940,4.070610,3.150670,2.263380,1.410010,1.302360,2.940210,3.359230,2.853260,2.976400,2.329720,2.014020,1.374585,4.659690,3.602500,2.450120,1.486830,1.361330
2024-08-15,2.707930,3.045610,2.648020,2.678810,2.144720,1.882500,4.051600,3.114970,2.263660,1.410660,1.302270,2.927450,3.339690,2.842170,2.963770,2.322310,2.009820,1.369231,4.636160,3.556260,2.450490,1.487630,1.361240
2024-08-14,2.699710,3.033090,2.640860,2.670520,2.140590,1.880150,4.014280,3.108670,2.263600,1.411460,1.302100,2.919590,3.327520,2.835420,2.955190,2.317820,2.007300,1.365416,4.589990,3.548120,2.450420,1.488620,1.361040
2024-08-13,2.695300,3.027010,2.637130,2.664410,2.137550,1.877830,4.003040,3.098860,2.262480,1.408730,1.301910,2.914330,3.320590,2.831090,2.948280,2.314200,2.004530,1.361914,4.576260,3.535420,2.449100,1.485280,1.360810
2024-08-12,2.686170,3.013970,2.629110,2.657310,2.132100,1.873960,3.959730,3.096220,2.260650,1.405720,1.301710,2.905270,3.308060,2.823660,2.941770,2.308260,2.000240,1.357404,4.522660,3.532010,2.446890,1.481570,1.360560
2024-08-09,2.684040,3.011380,2.627540,2.653960,2.130810,1.872890,3.966810,3.085170,2.262260,1.404670,1.301290,2.902160,3.304280,2.821080,2.936970,2.306440,1.998820,1.356295,4.531480,3.517750,2.448840,1.480270,1.360050
2024-08-08,2.673610,2.996150,2.618680,2.642200,2.124270,1.868690,3.948100,3.050980,2.260790,1.402810,1.301100,2.889520,3.285770,2.810180,2.922630,2.298550,1.993690,1.350410,4.508300,3.473450,2.447080,1.477980,1.359820
2024-08-07,2.667190,2.986210,2.612400,2.635850,2.121090,1.866610,3.904280,3.061760,2.258440,1.402690,1.300940,2.884070,3.278020,2.805530,2.917070,2.295540,1.991720,1.347045,4.454040,3.487440,2.444280,1.477840,1.359620
2024-08-06,2.668490,2.987610,2.614000,2.637900,2.123020,1.868200,3.918730,3.054930,2.256820,1.405300,1.300880,2.885820,3.279650,2.807030,2.919420,2.297650,1.993640,1.348945,4.471820,3.478600,2.442350,1.481060,1.359550
2024-08-05,2.661850,2.975230,2.607540,2.633690,2.120720,1.867970,3.885170,3.045370,2.252840,1.411540,1.300630,2.879460,3.267740,2.801090,2.915210,2.295460,1.993870,1.348604,4.430280,3.466240,2.437580,1.488750,1.359240
2024-08-02,2.694880,3.027800,2.637130,2.665160,2.138940,1.877670,3.971120,3.143470,2.258530,1.407120,1.300110,2.918350,3.328110,2.835680,2.952570,2.317250,2.005480,1.364930,4.536620,3.593400,2.444450,1.483290,1.358610
2024-08-01,2.718050,3.065170,2.658160,2.688960,2.151570,1.884210,4.048550,3.198120,2.259110,1.403170,1.299900,2.944550,3.369390,2.858870,2.979760,2.331810,2.013020,1.375926,4.632400,3.664220,2.445160,1.478420,1.358360
2024-07-31,2.723920,3.075170,2.663830,2.693910,2.153930,1.885000,4.092300,3.191510,2.257490,1.400260,1.299580,2.949310,3.377690,2.863110,2.983660,2.333850,2.013480,1.377093,4.686560,3.655680,2.443210,1.474830,1.357960
2024-07-30,2.702700,3.045120,2.645790,2.674440,2.140230,1.875720,4.035650,3.140340,2.258210,1.393610,1.299350,2.924680,3.342700,2.842270,2.960770,2.317780,2.002430,1.366673,4.616420,3.589410,2.444100,1.466630,1.357680
2024-07-29,2.706670,3.051800,2.649680,2.676430,2.142550,1.876910,4.053520,3.147990,2.257270,1.392860,1.299230,2.929210,3.350040,2.846400,2.962810,2.320400,2.003760,1.367924,4.638430,3.599440,2.442930,1.465710,1.357540
2024-07-26,2.700380,3.042900,2.644120,2.669190,2.137920,1.873740,4.045740,3.124500,2.256130,1.390860,1.298790,2.920890,3.338280,2.838860,2.953460,2.314700,1.999750,1.363829,4.628870,3.568730,2.441580,1.463240,1.357000
2024-07-25,2.689570,3.027250,2.634980,2.658680,2.131720,1.869820,4.012600,3.103310,2.253450,1.389380,1.298630,2.909010,3.320950,2.828870,2.941210,2.307610,1.995250,1.358266,4.587970,3.540950,2.438400,1.461420,1.356810
2024-07-24,2.696900,3.039380,2.641390,2.666490,2.135590,1.871840,4.020870,3.136030,2.255270,1.388010,1.298490,2.918240,3.335590,2.837270,2.951060,2.312750,1.997880,1.361963,4.598190,3.583880,2.440580,1.459730,1.356630
2024-07-23,2.707770,3.056330,2.651370,2.674440,2.141340,1.875300,4.079170,3.138010,2.258260,1.388150,1.298320,2.928840,3.351450,2.846270,2.958610,2.318890,2.001560,1.366996,4.670220,3.586500,2.444080,1.459910,1.356430
2024-07-22,2.703630,3.050270,2.647640,2.668730,2.138510,1.873720,4.073020,3.122120,2.258650,1.388330,1.298190,2.923370,3.343150,2.841250,2.951210,2.315460,1.999560,1.364702,4.662600,3.565700,2.444580,1.460120,1.356270
2024-07-19,2.696530,3.040010,2.640820,2.660880,2.134560,1.871420,4.021470,3.135860,2.256790,1.388970,1.297770,2.917330,3.334250,2.836070,2.943830,2.311930,1.997410,1.362168,4.598890,3.583870,2.442290,1.460910,1.355760
2024-07-18,2.703280,3.049980,2.646300,2.668310,2.138530,1.874150,4.034380,3.156300,2.257460,1.391030,1.297710,2.925340,3.345650,2.842670,2.952270,2.316930,2.000760,1.366400,4.614790,3.610680,2.443110,1.463450,1.355690
2024-07-17,2.709560,3.059230,2.651900,2.675610,2.142010,1.876210,4.060540,3.163310,2.258730,1.391110,1.297580,2.931920,3.355440,2.848480,2.960170,2.320880,2.003150,1.370205,4.647070,3.619890,2.444640,1.463550,1.355510
2024-07-16,2.713620,3.065720,2.655800,2.679670,2.143700,1.877260,4.107510,3.141030,2.257750,1.391140,1.297410,2.933940,3.358450,2.849790,2.962710,2.321940,2.003810,1.370870,4.705040,3.590700,2.443220,1.463580,1.355300
2024-07-15,2.709370,3.060840,2.651970,2.674140,2.140500,1.874680,4.080370,3.148400,2.256270,1.387730,1.297220,2.930020,3.353950,2.846590,2.957120,2.318710,2.000950,1.367043,4.671560,3.600390,2.441470,1.459380,1.355060
2024-07-12,2.706110,3.056150,2.649140,2.669490,2.138090,1.873240,4.083120,3.129550,2.255260,1.387610,1.296740,2.925230,3.346790,2.842200,2.950710,2.315630,1.999030,1.364761,4.674970,3.575740,2.440240,1.459230,1.354490
2024-07-11,2.697690,3.044110,2.641940,2.662070,2.132690,1.869680,4.069100,3.101920,2.254410,1.385710,1.296510,2.914940,3.331950,2.833170,2.942070,2.309010,1.994650,1.359507,4.657610,3.539530,2.439230,1.456890,1.354270
2024-07-10,2.694400,3.039450,2.639300,2.658020,2.130240,1.867820,4.080970,3.076720,2.250280,1.383910,1.296390,2.909480,3.324500,2.828320,2.936020,2.305330,1.992010,1.358816,4.672310,3.506500,2.434290,1.454680,1.354060
2024-07-09,2.692080,3.036080,2.637280,2.654040,2.129030,1.866840,4.060730,3.084670,2.250110,1.382840,1.296240,2.908050,3.322650,2.827400,2.932430,2.304280,1.991110,1.356677,4.647280,3.516950,2.434110,1.453350,1.353870
2024-07-08,2.688050,3.029970,2.633680,2.650370,2.126330,1.865310,4.058200,3.065420,2.250040,1.383030,1.296090,2.902530,3.314210,2.822340,2.927230,2.300890,1.989110,1.353896,4.644160,3.491730,2.434040,1.453580,1.353690
2024-07-05,2.694750,3.038760,2.640660,2.655710,2.129520,1.867030,4.060390,3.085030,2.280180,1.381020,1.295640,2.911730,3.326350,2.831910,2.935570,2.305280,1.991660,1.354632,4.646870,3.517520,2.470310,1.451110,1.353140
2024-07-04,2.695660,3.039150,2.642330,2.659010,2.129470,1.866810,4.052560,3.087610,2.301010,1.378890,1.295500,2.913600,3.328110,2.834780,2.940010,2.305590,1.991700,1.358571,4.637220,3.520930,2.494940,1.448490,1.352970
2024-07-03,2.686280,3.026360,2.632900,2.650230,2.123410,1.863080,4.043590,3.058620,2.295720,1.378900,1.295370,2.901040,3.310940,2.821920,2.928000,2.297580,1.986800,1.354119,4.626150,3.482950,2.488650,1.448490,1.352800
2024-07-02,2.682760,3.021120,2.630100,2.647590,2.121570,1.861570,4.036650,3.050330,2.295480,1.377170,1.295220,2.897170,3.305840,2.818890,2.925210,2.295200,1.985010,1.353108,4.617610,3.472100,2.487130,1.446360,1.352630
2024-07-01,2.682140,3.021160,2.630460,2.648140,2.121960,1.861660,4.031950,3.063720,2.293590,1.376800,1.295090,2.897180,3.307030,2.820100,2.926360,2.295760,1.985210,1.351075,4.611810,3.489670,2.484900,1.445920,1.352460
2024-06-28,2.679540,3.016540,2.626020,2.655920,2.119920,1.861050,4.018150,3.068130,2.319080,1.380400,1.294670,2.898420,3.307000,2.820230,2.929970,2.296720,1.986560,1.354351,4.594760,3.498450,2.515560,1.450350,1.351960
2024-06-27,2.679050,3.024390,2.623150,2.655740,2.117560,1.855710,4.034780,3.060520,2.308490,1.378990,1.294420,2.899530,3.309710,2.820870,2.929280,2.297200,1.986400,1.351138,4.615290,3.496050,2.512560,1.448610,1.351660
2024-06-26,2.679760,3.025140,2.623600,2.657510,2.118370,1.856530,4.035950,3.062600,2.307150,1.380980,1.294500,2.900620,3.310700,2.821440,2.931280,2.298150,1.987370,1.352959,4.616740,3.498760,2.510950,1.451060,1.351750
2024-06-25,2.685760,3.032760,2.628280,2.663180,2.122900,1.860040,4.044450,3.082350,2.307700,1.386000,1.294430,2.908310,3.320630,2.827560,2.938460,2.303670,1.991710,1.355283,4.627200,3.524430,2.511630,1.457270,1.351660
2024-06-24,2.676490,3.018460,2.620190,2.654310,2.116970,1.856550,4.026680,3.047800,2.309840,1.385520,1.294310,2.896550,3.302760,2.817390,2.926860,2.296570,1.987410,1.352994,4.605280,3.479580,2.514190,1.456670,1.351520
2024-06-21,2.682660,3.027760,2.625480,2.660410,2.120690,1.858560,4.038360,3.070470,2.308090,1.385520,1.293860,2.904410,3.314710,2.824260,2.934870,2.301140,1.989970,1.352186,4.619620,3.509080,2.512110,1.456670,1.350970
2024-06-20,2.679970,3.024960,2.622240,2.656710,2.118260,1.856970,4.037450,3.063400,2.308220,1.385180,1.293700,2.900380,3.309810,2.819690,2.929600,2.297850,1.987890,1.351973,4.618590,3.501190,2.512270,1.456260,1.350770
2024-06-19,2.679720,3.023910,2.621500,2.658220,2.118050,1.857000,4.031660,3.065400,2.308510,1.386200,1.293580,2.900030,3.308970,2.819150,2.931720,2.297740,1.987970,1.351679,4.611440,3.503800,2.512560,1.457510,1.350630
2024-06-18,2.681680,3.026420,2.623370,2.661480,2.119570,1.857940,4.038570,3.069070,2.308730,1.386690,1.293490,2.902490,3.312450,2.821450,2.935860,2.299450,1.989150,1.353414,4.619990,3.508580,2.512840,1.458130,1.350520
2024-06-17,2.675930,3.018100,2.618830,2.654410,2.116440,1.855970,4.039910,3.042050,2.307600,1.386280,1.293400,2.895270,3.301780,2.815060,2.926960,2.295160,1.986530,1.351378,4.621680,3.473490,2.511500,1.457610,1.350410
2024-06-14,2.674680,3.015940,2.617430,2.651610,2.115860,1.855710,4.021450,3.052730,2.308230,1.387050,1.292980,2.894770,3.300940,2.814820,2.924720,2.295050,1.986570,1.347496,4.598950,3.487440,2.512260,1.458560,1.349900
2024-06-13,2.675210,3.017700,2.618420,2.654050,2.115700,1.855050,4.018120,3.060070,2.308510,1.383710,1.292790,2.895710,3.303410,2.816470,2.927510,2.295140,1.985910,1.346085,4.594800,3.496990,2.512620,1.454440,1.349670
2024-06-12,2.671820,3.014090,2.615740,2.649270,2.112710,1.852730,4.013700,3.050040,2.308270,1.380410,1.292560,2.891270,3.297950,2.812720,2.921020,2.291590,1.983000,1.347705,4.589310,3.483990,2.512320,1.450360,1.349390
2024-06-11,2.672930,3.016260,2.617470,2.649710,2.113830,1.852590,4.013780,3.061260,2.308080,1.376970,1.292390,2.893740,3.302870,2.815900,2.922860,2.292860,1.983090,1.349234,4.589370,3.498590,2.512000,1.446120,1.349180
2024-06-10,2.681490,3.028940,2.624580,2.657070,2.118990,1.855620,4.023370,3.096320,2.308090,1.377950,1.292000,2.904640,3.319150,2.825340,2.932600,2.299280,1.986900,,4.601200,3.544160,2.512010,1.447320,1.348720
2024-06-07,2.680140,3.027630,2.623300,2.656840,2.119010,1.855830,4.021950,3.096110,2.308090,1.379350,1.291850,2.903860,3.318040,2.824070,2.932460,2.299420,1.987290,1.349958,4.599470,3.543950,2.512030,1.449060,1.348530
2024-06-06,2.677880,3.023700,2.620430,2.652480,2.117280,1.855250,4.016480,3.086170,2.305110,1.381550,1.291680,2.900330,3.312140,2.820260,2.926760,2.297460,1.986500,1.350869,4.592690,3.531050,2.508400,1.451770,1.348320
2024-06-05,2.673960,3.017410,2.616940,2.648280,2.114910,1.853760,4.009000,3.072180,2.305070,1.381150,1.291550,2.895510,3.304910,2.816090,2.921790,2.294610,1.984750,1.346749,4.583550,3.512890,2.508350,1.451280,1.348160
2024-06-04,2.663830,3.002350,2.607820,2.638300,2.108810,1.849760,3.961060,3.065640,2.305130,1.379140,1.291390,2.885060,3.289870,2.807400,2.910790,2.288030,1.980340,1.340194,4.524390,3.504410,2.508290,1.448790,1.347980
2024-06-03,2.666640,3.007670,2.610330,2.639610,2.109700,1.849760,3.967430,3.076310,2.305240,1.376480,1.291230,2.888320,3.295750,2.810460,2.912550,2.289260,1.980370,1.341926,4.532230,3.518310,2.508420,1.445510,1.347780
2024-05-31,2.660460,2.999100,2.605040,2.633960,2.105460,1.846500,3.957920,3.058990,2.303720,1.373270,1.290800,2.880700,3.285660,2.804000,2.905190,2.284040,1.976400,1.336764,4.520480,3.495860,2.506620,1.441540,1.347260
2024-05-30,2.653650,2.989550,2.599090,2.627070,2.101220,1.843640,3.949110,3.036170,2.303710,1.371530,1.290650,2.872210,3.273740,2.796340,2.896640,2.278750,1.972840,1.335576,4.509630,3.466220,2.506610,1.439390,1.347070
2024-05-29,2.659670,2.999360,2.604840,2.631050,2.104730,1.845520,3.976690,3.045360,2.303660,1.371010,1.290540,2.879010,3.284300,2.802310,2.900920,2.282640,1.974960,1.335711,4.543630,3.478190,2.506550,1.438750,1.346940
2024-05-28,2.670850,3.015020,2.613640,2.642470,2.111830,1.850660,3.996670,3.077730,2.303830,1.376670,1.290440,2.892440,3.302600,2.813030,2.914580,2.291350,1.981240,1.343838,4.568270,3.520270,2.506740,1.445740,1.346820
2024-05-27,2.673000,3.018660,2.616420,2.645300,2.113820,1.852050,4.005820,3.087230,2.303830,1.377500,1.290270,2.894900,3.306750,2.816230,2.917760,2.293630,1.982880,1.345503,4.579560,3.532630,2.506750,1.446760,1.346610
2024-05-24,2.668430,3.012690,2.612210,2.640220,2.110400,1.849690,4.010510,3.066570,2.303740,1.376020,1.289860,2.888300,3.298070,2.809670,2.910460,2.288830,1.979720,1.344530,4.585390,3.505860,2.506670,1.444930,1.346090
2024-05-23,2.672710,3.019190,2.615730,2.644340,2.113290,1.851540,4.002650,3.095850,2.303730,1.377080,1.289710,2.894970,3.308000,2.815520,2.916800,2.292790,1.982260,1.346454,4.575820,3.543920,2.506670,1.446250,1.345910
2024-05-22,2.676420,3.024480,2.618650,2.645740,2.115300,1.852860,4.010790,3.105050,2.303810,1.378070,1.289570,2.899080,3.313800,2.818820,2.918130,2.295190,1.983810,1.346667,4.585940,3.555890,2.506780,1.447470,1.345740
2024-05-21,2.676940,3.024710,2.618630,2.644790,2.115650,1.853480,4.007940,3.106960,2.303900,1.380220,1.289420,2.899560,3.313760,2.818860,2.917260,2.295730,1.984580,1.348885,4.582500,3.558390,2.506880,1.450120,1.345560
2024-05-20,2.677630,3.026320,2.619440,2.644650,2.115900,1.853460,4.014420,3.106230,2.303930,1.379570,1.289270,2.900240,3.315000,2.819420,2.917040,2.295920,1.984480,1.347129,4.590500,3.557470,2.506910,1.449320,1.345380
2024-05-17,2.671740,3.017490,2.613680,2.639500,2.112180,1.851250,4.003680,3.087770,2.303970,1.380180,1.288840,2.892830,3.303960,2.812270,2.910860,2.291420,1.981770,1.347372,4.577300,3.533530,2.506880,1.450070,1.344850
2024-05-16,2.676230,3.024090,2.617310,2.645610,2.115280,1.853360,4.002930,3.111430,2.303930,1.381940,1.288670,2.899110,3.313220,2.817580,2.919100,2.295320,1.984480,1.349108,4.576410,3.564300,2.506840,1.452260,1.344650
2024-05-15,2.668420,3.012840,2.611080,2.638390,2.110150,1.849820,4.005240,3.071540,2.303930,1.379050,1.288510,2.888390,3.297750,2.808490,2.908910,2.288630,1.979870,1.343951,4.579250,3.512490,2.506830,1.448680,1.344440
2024-05-14,2.661690,3.003800,2.605840,2.630970,2.106090,1.846720,3.985430,3.060870,2.303810,1.375380,1.288370,2.881420,3.288640,2.803120,2.900650,2.283910,1.976260,1.340255,4.554720,3.498660,2.506610,1.444140,1.344280
2024-05-13,2.661060,3.002980,2.605060,2.630400,2.105680,1.846360,3.973580,3.069250,2.303800,1.374940,1.288220,2.881390,3.289010,2.803170,2.900960,2.283680,1.976010,1.341115,4.540120,3.509550,2.506620,1.443590,1.344100
2024-05-10,2.661340,3.003710,2.604930,2.630380,2.105580,1.846040,3.975410,3.070380,2.303760,1.374420,1.287790,2.881760,3.289950,2.802970,2.900450,2.283460,1.975600,1.339349,4.542360,3.511080,2.506560,1.442950,1.343580
2024-05-09,2.657300,2.997550,2.601350,2.626070,2.103230,1.844660,3.961830,3.062000,2.303560,1.374350,1.287630,2.877120,3.283040,2.798990,2.895670,2.280720,1.973990,1.338938,4.525650,3.500230,2.506340,1.442860,1.343390
2024-05-08,2.661390,3.003350,2.604820,2.631970,2.106160,1.846510,3.958700,3.083110,2.303480,1.375340,1.287510,2.883150,3.291990,2.804430,2.904010,2.284530,1.976470,1.340345,4.521850,3.527660,2.506250,1.444090,1.343230
2024-05-07,2.658620,2.999600,2.601970,2.628770,2.104430,1.845570,3.950750,3.078790,2.302820,1.375940,1.287290,2.879720,3.287060,2.800980,2.900350,2.282560,1.975330,1.339359,4.512260,3.522080,2.505470,1.444830,1.342970
2024-05-06,2.647710,2.984180,2.592690,2.616660,2.097250,1.840600,3.937380,3.042590,2.300510,1.372250,1.287160,2.865850,3.267480,2.788970,2.885070,2.273680,1.969130,1.334642,4.495690,3.475080,2.502720,1.440270,1.342810
2024-05-03,2.640850,2.974270,2.586730,2.608500,2.093030,1.837690,3.913780,3.031740,2.300480,1.370390,1.286750,2.858380,3.257060,2.782680,2.875820,2.268780,1.965760,1.332212,4.466720,3.461030,2.502670,1.437980,1.342310
2024-05-02,2.635100,2.966010,2.582290,2.601820,2.089650,1.835030,3.903490,3.016050,2.300230,1.367300,1.286330,2.851840,3.248340,2.777650,2.868590,2.264600,1.962560,1.326228,4.454520,3.440660,2.502340,1.434150,1.341810
2024-05-01,2.631580,2.961510,2.579900,2.599160,2.087480,1.833050,3.892620,3.013050,2.300100,1.363750,1.286200,2.848180,3.244310,2.775480,2.865180,2.262050,1.960270,1.325763,4.440980,3.436800,2.502190,1.429750,1.341650
2024-04-30,2.638640,2.972570,2.586190,2.605710,2.092230,1.836030,3.898770,3.046100,2.297170,1.365180,1.286060,2.857600,3.258830,2.784060,2.873710,2.268030,1.964060,1.328163,4.448600,3.479730,2.498720,1.431520,1.341480
2024-04-29,2.640600,2.975970,2.587760,2.605980,2.092700,1.836350,3.915400,3.041590,2.297390,1.365230,1.285920,2.858570,3.260130,2.784430,2.872830,2.268340,1.964190,1.328655,4.469310,3.473890,2.499000,1.431590,1.341310
2024-04-26,2.635250,2.968430,2.583490,2.600700,2.089130,1.833680,3.915600,3.018810,2.297290,1.362660,1.285520,2.851480,3.250300,2.778490,2.865900,2.263710,1.960780,1.327553,4.469520,3.444360,2.498880,1.428410,1.340820
2024-04-24,2.640290,2.974870,2.587750,2.608690,2.093140,1.836550,3.907590,3.046440,2.297150,1.365730,1.285350,2.859240,3.261100,2.785520,2.877420,2.268990,1.964620,1.330878,4.459640,3.480280,2.498760,1.432200,1.340610
2024-04-23,2.641830,2.975450,2.588620,2.609610,2.095050,1.838710,3.911110,3.046130,2.297140,1.371390,1.285240,2.861120,3.261930,2.786490,2.879160,2.271230,1.967250,1.332922,4.463980,3.479910,2.498760,1.439190,1.340480
2024-04-22,2.633840,2.963620,2.582050,2.601540,2.090650,1.835760,3.878770,3.036890,2.297000,1.369560,1.285110,2.852960,3.250480,2.780210,2.870070,2.266330,1.963970,1.327552,4.424120,3.467930,2.498610,1.436940,1.340320
2024-04-19,2.622600,2.946710,2.572640,2.590810,2.084400,1.832100,3.856780,3.006460,2.296980,1.369880,1.284720,2.839460,3.230500,2.768910,2.856510,2.258780,1.959530,1.324254,4.397050,3.428470,2.498590,1.437330,1.339850
2024-04-18,2.632590,2.962870,2.581820,2.598010,2.090240,1.835380,3.885630,3.034970,2.297030,1.369230,1.284590,2.851110,3.248860,2.779500,2.865290,2.265670,1.963430,1.327946,4.432580,3.465520,2.498660,1.436530,1.339690
2024-04-17,2.630320,2.959940,2.580010,2.596860,2.088590,1.834080,3.891690,3.021890,2.297120,1.367650,1.284460,2.847640,3.244220,2.776430,2.863260,2.263330,1.961670,1.327529,4.439950,3.448540,2.498750,1.434580,1.339530
2024-04-16,2.633510,2.964820,2.582950,2.601670,2.090420,1.835070,3.913170,3.020600,2.297050,1.367610,1.284360,2.850640,3.248730,2.778870,2.868260,2.265140,1.962640,1.329624,4.466380,3.446880,2.498700,1.434530,1.339410
2024-04-15,2.645240,2.981920,2.592180,2.612160,2.097460,1.839950,3.917860,3.067460,2.299210,1.371730,1.284250,2.865710,3.270260,2.791360,2.881770,2.274220,1.968870,1.335199,4.472150,3.507760,2.501280,1.439620,1.339280
2024-04-12,2.653860,2.994570,2.599480,2.620350,2.102460,1.843190,3.947800,3.081950,2.299240,1.373860,1.283870,2.875110,3.283710,2.799030,2.890800,2.279950,1.972600,1.334879,4.509020,3.526650,2.501350,1.442260,1.338810
2024-04-11,2.660780,3.005840,2.605630,2.625550,2.105750,1.844910,3.978700,3.090160,2.299410,1.372650,1.283750,2.881890,3.294350,2.804780,2.896040,2.283520,1.974370,1.344017,4.547010,3.537350,2.501540,1.440760,1.338660
2024-04-10,2.661450,3.005570,2.605490,2.627750,2.106810,1.846320,3.965980,3.099920,2.299440,1.377320,1.283520,2.883680,3.295550,2.805740,2.899590,2.285200,1.976330,1.339514,4.531340,3.550030,2.501630,1.446530,1.338390
2024-04-09,2.658410,3.001030,2.601450,2.625440,2.104300,1.845390,3.956400,3.092200,2.299720,1.379940,1.283390,2.878940,3.288150,2.800210,2.895340,2.282110,1.975040,1.341126,4.519430,3.540030,2.502000,1.449770,1.338230
2024-04-08,2.656980,2.999630,2.600420,2.623410,2.103030,1.844040,3.961220,3.085500,2.300110,1.377270,1.283260,2.877000,3.286140,2.798560,2.892630,2.280390,1.973310,1.341470,4.525340,3.531350,2.502470,1.446470,1.338070
2024-04-05,2.656560,2.997780,2.599820,2.623080,2.103100,1.844520,3.966460,3.075200,2.311610,1.380170,1.282860,2.876330,3.283660,2.797440,2.892240,2.280380,1.973900,1.341547,4.531730,3.518050,2.516260,1.450050,1.337590
2024-04-04,2.653340,2.993560,2.596170,2.621830,2.100890,1.843160,3.932810,3.089660,2.311750,1.379680,1.282730,2.873910,3.280950,2.795090,2.891940,2.278360,1.972620,1.339719,4.490210,3.536830,2.516410,1.449450,1.337430
2024-04-03,2.657310,3.000030,2.599690,2.626780,2.103520,1.844370,3.978260,3.077450,2.311530,1.379270,1.282590,2.876740,3.285830,2.796730,2.896320,2.280500,1.973570,1.343793,4.546320,3.521010,2.516160,1.448940,1.337260
2024-04-02,2.665310,3.011890,2.606360,2.635420,2.108580,1.847370,3.982680,3.111910,2.311360,1.380330,1.282460,2.887640,3.302140,2.806180,2.907890,2.286880,1.977480,1.350198,4.551760,3.565790,2.515880,1.450250,1.337110
2024-03-28,2.672450,3.020540,2.612400,2.645780,2.112730,1.850680,4.001330,3.118890,2.326840,1.385200,1.281790,2.895650,3.311470,2.812800,2.919410,2.291830,1.981490,1.351219,4.574760,3.574960,2.534440,1.456290,1.336290
2024-03-27,2.666100,3.011010,2.607010,2.640100,2.108750,1.848200,3.997720,3.092740,2.326820,1.384400,1.281640,2.887280,3.298940,2.805460,2.911990,2.286800,1.978330,1.348645,4.570310,3.541010,2.534460,1.455300,1.336110
2024-03-26,2.660100,3.002620,2.601940,2.633020,2.104870,1.845540,3.981740,3.079740,2.326910,1.382210,1.281490,2.880250,3.289110,2.799610,2.903610,2.282270,1.975140,1.344312,4.550630,3.524140,2.534580,1.452590,1.335930
2024-03-25,2.661790,3.005290,2.603220,2.636450,2.105750,1.846010,3.982630,3.087560,2.326910,1.382180,1.281330,2.882400,3.292530,2.801350,2.908090,2.283340,1.975740,1.347194,4.551750,3.534330,2.534600,1.452550,1.335740
2024-03-22,2.661920,3.005470,2.603430,2.638200,2.105600,1.845800,3.997820,3.076440,2.326880,1.382080,1.280910,2.881520,3.291250,2.800350,2.908770,2.282710,1.975240,1.346113,4.570480,3.519950,2.534570,1.452430,1.335220
2024-03-21,2.660750,3.004920,2.602350,2.634600,2.103980,1.844240,3.990070,3.079950,2.327050,1.378790,1.280780,2.880170,3.290340,2.799340,2.904220,2.281000,1.973430,1.343453,4.560750,3.524520,2.534720,1.448360,1.335070
2024-03-20,2.651590,2.990700,2.594780,2.626160,2.099020,1.841350,3.978090,3.048900,2.326950,1.378950,1.280650,2.868770,3.273330,2.789900,2.893840,2.274830,1.969860,1.339893,4.545860,3.484200,2.534390,1.448560,1.334910
2024-03-19,2.647800,2.985400,2.591520,2.622990,2.096680,1.839610,3.956950,3.049870,2.327020,1.377260,1.280520,2.865380,3.268900,2.787320,2.891070,2.272470,1.968090,1.337651,4.519810,3.485470,2.534430,1.446480,1.334740
2024-03-18,2.641900,2.977200,2.586300,2.617000,2.092700,1.836900,3.936800,3.040300,2.327100,1.375200,1.280400,2.858700,3.259600,2.781600,2.884700,2.267900,1.964900,1.334929,4.495100,3.473000,2.534600,1.443900,1.334600
2024-03-15,2.638280,2.971680,2.583350,2.614860,2.090510,1.835540,3.917910,3.037060,2.327160,1.374740,1.279950,2.855100,3.254080,2.778900,2.882820,2.265620,1.963450,1.334730,4.471760,3.468910,2.534600,1.443360,1.334060
2024-03-14,,,,,,,,,,,,,,,,,,1.336635,,,,,
2024-03-13,2.645280,2.981190,2.588400,2.622740,2.094750,1.838960,3.936770,3.050940,2.327380,1.380580,1.279670,2.862850,3.263910,2.784270,2.891910,2.270710,1.967490,1.339161,4.494730,3.486990,2.534870,1.450580,1.333720
2024-03-12,2.645630,2.980920,2.588680,2.621530,2.095300,1.839630,3.946360,3.042840,2.327320,1.382850,1.279560,2.862790,3.262870,2.783890,2.889860,2.271080,1.968160,1.338590,4.506560,3.476470,2.534810,1.453380,1.333580
2024-03-11,2.637020,2.967530,2.580750,2.615470,2.090480,1.836940,3.903900,3.035210,2.327360,1.383690,1.279410,2.854030,3.249540,2.776310,2.883810,2.265930,1.965290,1.334481,4.454280,3.466580,2.534860,1.454420,1.333400
2024-03-08,2.644630,2.980150,2.586290,2.623810,2.094760,1.839150,3.903830,3.076430,2.327460,1.383310,1.278970,2.864240,3.266300,2.784460,2.895120,2.271660,1.968290,1.338912,4.454190,3.520200,2.535000,1.453950,1.332870
2024-03-07,2.641500,2.976060,2.583860,2.619280,2.092430,1.837300,3.925300,3.048410,2.327410,1.381240,1.278830,2.858700,3.258550,2.779290,2.888460,2.268100,1.965600,1.335781,4.480650,3.483820,2.534940,1.451400,1.332700
2024-03-06,2.633210,2.963320,2.576840,2.612740,2.087820,1.834350,3.907920,3.024580,2.324880,1.380400,1.278700,2.849030,3.244240,2.771050,2.880810,2.262400,1.962020,1.335128,4.459280,3.452890,2.531920,1.450360,1.332540
2024-03-05,2.631490,2.961040,2.575830,2.611950,2.086830,1.833170,3.900530,3.024470,2.324780,1.377630,1.278550,2.847670,3.243060,2.770510,2.880170,2.261180,1.960700,1.331895,4.450180,3.452770,2.531790,1.446930,1.332360
2024-03-04,2.635900,2.968610,2.579920,2.615180,2.088830,1.833840,3.928790,3.026150,2.324790,1.375290,1.278410,2.851740,3.250050,2.773990,2.882820,2.263110,1.961220,1.333247,4.484990,3.454980,2.531800,1.444040,1.332190
2024-03-01,2.635230,2.968110,2.579030,2.613820,2.088050,1.833140,3.920160,3.031730,2.324840,1.374550,1.278000,2.851320,3.249960,2.773440,2.881600,2.262360,1.960480,1.335159,4.474340,3.462270,2.531870,1.443120,1.331690
2024-02-29,2.627230,2.956030,2.572130,2.607540,2.083560,1.830310,3.894430,3.015930,2.322280,1.373540,1.277880,2.842560,3.237120,2.766090,2.874690,2.257170,1.957210,1.330593,4.442610,3.441770,2.528810,1.441880,1.331540
2024-02-28,2.623350,2.950260,2.569230,2.603520,2.081170,1.828570,3.886620,3.003990,2.322300,1.371680,1.277750,2.838090,3.230630,2.762550,2.869780,2.254340,1.955130,1.325034,4.432970,3.426270,2.528840,1.439570,1.331390
2024-02-27,2.620440,2.946280,2.566360,2.598660,2.078960,1.827260,3.880540,2.995740,2.322440,1.371680,1.277620,2.834220,3.224850,2.758760,2.864310,2.251770,1.953500,1.326505,4.425460,3.415570,2.528980,1.439570,1.331230
2024-02-26,2.619990,2.945260,2.565790,2.598420,2.078810,1.827300,3.878970,2.994040,2.322430,1.372700,1.277480,2.833740,3.223800,2.758140,2.863980,2.251600,1.953570,1.324444,4.423550,3.413380,2.528840,1.440830,1.331070
2024-02-23,2.618320,2.943670,2.563910,2.597360,2.077210,1.825960,3.877340,2.991460,2.322470,1.371230,1.277050,2.831450,3.221270,2.755650,2.862180,2.249640,1.951900,1.323640,4.421500,3.410090,2.528930,1.439020,1.330540
2024-02-22,2.617590,2.941810,2.562280,2.597360,2.075900,1.824970,3.883650,2.974060,2.322410,1.370720,1.276920,2.829780,3.217900,2.752700,2.862220,2.247750,1.950490,1.322682,4.429140,3.387520,2.528900,1.438390,1.330380
2024-02-21,2.607300,2.925960,2.552930,2.589680,2.070250,1.821660,3.823470,2.973250,2.322440,1.370400,1.276800,2.820190,3.203650,2.744810,2.855690,2.241990,1.947150,1.315223,4.355070,3.386480,2.528940,1.438000,1.330240
2024-02-20,2.609250,2.929060,2.554280,2.591940,2.071390,1.822360,3.812630,2.991400,2.322520,1.370740,1.276650,2.823520,3.208780,2.747680,2.859090,2.243810,1.948250,1.318206,4.341820,3.410070,2.529040,1.438410,1.330050
2024-02-19,2.613450,2.935640,2.558290,2.593050,2.073700,1.823460,3.838210,2.991990,2.322430,1.369890,1.276510,2.827640,3.215220,2.751270,2.859560,2.246110,1.949340,1.320012,4.373220,3.410860,2.528880,1.437360,1.329880
2024-02-16,2.613440,2.935870,2.558380,2.593730,2.073420,1.823000,3.842980,2.989420,2.322420,1.368940,1.276090,2.827400,3.215190,2.751070,2.860190,2.245650,1.948720,1.319012,4.379050,3.407570,2.528870,1.436190,1.329370
2024-02-15,2.612000,2.932830,2.556900,2.591990,2.072870,1.823180,3.849150,2.975200,2.322370,1.371870,1.275940,2.824960,3.210450,2.748400,2.857690,2.244720,1.948750,1.317548,4.386670,3.389140,2.528860,1.439800,1.329180
2024-02-14,2.603990,2.921690,2.550340,2.583410,2.067790,1.819410,3.832840,2.954840,2.322310,1.367660,1.275760,2.815600,3.197760,2.740720,2.847550,2.238570,1.944210,1.314853,4.366420,3.362690,2.528790,1.434600,1.328970
2024-02-13,2.603710,2.920980,2.550000,2.583320,2.068060,1.819570,3.814220,2.968390,2.322230,1.367760,1.275640,2.816820,3.199700,2.742120,2.848770,2.239350,1.944750,1.312484,4.343390,3.380310,2.528720,1.434740,1.328830
2024-02-12,2.607940,2.926870,2.553080,2.589390,2.070280,1.821520,3.832780,2.970050,2.322650,1.371440,1.275490,2.820560,3.204120,2.744430,2.855310,2.241850,1.946860,1.316180,4.366510,3.382480,2.529220,1.439280,1.328640
2024-02-09,2.610000,2.930400,2.554370,2.591160,2.071310,1.822030,3.838790,2.978120,2.322630,1.371740,1.275100,2.822910,3.208130,2.745880,2.857440,2.242850,1.947420,1.319794,4.373870,3.393040,2.529220,1.439650,1.328170
2024-02-08,2.608530,2.927710,2.553050,2.588290,2.070820,1.821800,3.833840,2.974730,2.322540,1.372640,1.274980,2.821640,3.205810,2.744720,2.854180,2.242240,1.947220,1.316200,4.367640,3.388660,2.529130,1.440770,1.328030
2024-02-07,2.603640,2.920330,2.548020,2.583320,2.067910,1.820430,3.815500,2.967500,2.322700,1.374580,1.274840,2.815960,3.197140,2.739030,2.848160,2.239100,1.945650,1.315600,4.345250,3.379280,2.529270,1.443160,1.327860
2024-02-06,2.597900,2.911930,2.543120,2.578230,2.064750,1.818460,3.801550,2.953800,2.319180,1.374140,1.274690,2.809440,3.187640,2.733420,2.842050,2.235310,1.943290,1.313784,4.328030,3.361500,2.525060,1.442620,1.327680
2024-02-05,2.599180,2.913890,2.544360,2.580270,2.065730,1.818750,3.799080,2.962810,2.319060,1.373070,1.274580,2.811710,3.191390,2.735790,2.845870,2.236520,1.943840,1.315794,4.324760,3.373220,2.524920,1.441300,1.327540
2024-02-02,2.604060,2.919950,2.547560,2.584930,2.069010,1.821630,3.792130,2.986710,2.319220,1.378700,1.274260,2.818380,3.199870,2.740740,2.852060,2.241030,1.947530,1.316932,4.316480,3.404340,2.525140,1.448250,1.327150
2024-02-01,2.592290,2.901020,2.536460,2.575330,2.062160,1.818180,3.759090,2.951470,2.319280,1.381720,1.274140,2.804430,3.177560,2.727600,2.839630,2.233030,1.943400,1.310860,4.275840,3.358580,2.525230,1.451990,1.327000
2024-01-31,2.588190,2.895920,2.532010,2.572710,2.059300,1.816100,3.707770,2.977080,2.317730,1.379970,1.273940,2.802350,3.175530,2.725760,2.839040,2.230950,1.941570,1.310719,4.212870,3.391880,2.523370,1.449830,1.326760
2024-01-30,2.588610,2.898350,2.533530,2.572640,2.058230,1.814200,3.748280,2.952520,2.317640,1.373460,1.273740,2.800310,3.174340,2.724410,2.836350,2.228590,1.938620,1.309025,4.262660,3.359980,2.523270,1.441770,1.326520
2024-01-29,2.586230,2.895520,2.531610,2.569390,2.056490,1.812860,3.745450,2.946930,2.317660,1.371960,1.273590,2.797360,3.170550,2.721930,2.832590,2.226520,1.936960,1.308167,4.259170,3.352760,2.523300,1.439920,1.326330
2024-01-25,2.579780,2.886570,2.526340,2.565500,2.052330,1.809740,3.723680,2.937350,2.317630,1.368670,1.273020,2.790400,3.161240,2.716490,2.828570,2.221740,1.933360,1.304647,4.232310,3.340380,2.523310,1.435860,1.325640
2024-01-24,2.572440,2.875980,2.520050,2.558410,2.047770,1.806810,3.704780,2.920710,2.317700,1.367300,1.272880,2.781740,3.148800,2.709180,2.820240,2.216410,1.929870,1.304132,4.209150,3.318790,2.523400,1.434160,1.325480
2024-01-23,2.572160,2.875100,2.519790,2.558150,2.047920,1.807030,3.701740,2.920780,2.317580,1.368200,1.272740,2.781790,3.148550,2.709240,2.820640,2.216580,1.930200,1.301002,4.205250,3.318910,2.523330,1.435270,1.325300
2024-01-22,2.567380,2.867780,2.515390,2.554430,2.044850,1.805240,3.689380,2.907530,2.317680,1.368330,1.272570,2.775910,3.139620,2.703940,2.816030,2.212980,1.928040,1.299065,4.190070,3.301730,2.523450,1.435440,1.325090
2024-01-19,2.562030,2.860460,2.511040,2.547600,2.041160,1.802510,3.682400,2.890560,2.317770,1.365610,1.272130,2.769280,3.130500,2.698390,2.807400,2.208470,1.924670,1.296541,4.181490,3.279740,2.523560,1.432080,1.324560
2024-01-18,2.553600,2.847660,2.503310,2.537740,2.036600,1.799830,3.661090,2.869920,2.317690,1.366250,1.271940,2.759640,3.116150,2.689590,2.795510,2.203030,1.921520,1.293149,4.155160,3.252950,2.523470,1.432860,1.324340
2024-01-17,2.555020,2.849040,2.504340,2.539150,2.038050,1.800960,3.647690,2.885280,2.317670,1.367860,1.271810,2.762730,3.120210,2.692490,2.798460,2.205160,1.923200,1.291418,4.138590,3.272920,2.523400,1.434860,1.324170
2024-01-16,2.558880,2.854210,2.506770,2.541270,2.040060,1.802880,3.657030,2.892940,2.317870,1.372080,1.271690,2.766610,3.124870,2.694710,2.799970,2.207730,1.925430,1.296046,4.150250,3.282840,2.523660,1.440070,1.324020
2024-01-15,2.564510,2.862180,2.510850,2.545650,2.043520,1.805660,3.657700,2.916880,2.318060,1.376270,1.271520,2.773850,3.134800,2.700230,2.805940,2.212350,1.928960,1.298400,4.151210,3.313950,2.523880,1.445250,1.323820
2024-01-12,2.562440,2.859250,2.508660,2.543410,2.041950,1.804710,3.646150,2.916980,2.318160,1.376380,1.271130,2.771610,3.131630,2.698030,2.803440,2.210760,1.927910,1.299748,4.137070,3.314140,2.524010,1.445380,1.323350
2024-01-11,2.562460,2.860050,2.509120,2.543700,2.041820,1.804040,3.646840,2.919670,2.318060,1.373450,1.270990,2.771970,3.133230,2.698840,2.804080,2.210470,1.927120,1.295580,4.137950,3.317650,2.523900,1.441760,1.323170
2024-01-10,2.558580,2.854110,2.506070,2.539280,2.038710,1.802030,3.633480,2.907890,2.331180,1.371460,1.270850,2.767440,3.126030,2.695340,2.798730,2.207040,1.924810,1.296974,4.121420,3.302390,2.539650,1.439310,1.323000
2024-01-09,2.561080,2.857650,2.508090,2.541030,2.040500,1.803170,3.625140,2.925820,2.331160,1.372100,1.270710,2.771600,3.132190,2.699100,2.802010,2.209550,1.926440,1.295838,4.111140,3.325680,2.539670,1.440100,1.322840
2024-01-08,2.555610,2.849600,2.503780,2.534970,2.036750,1.800850,3.622890,2.900770,2.331190,1.371170,1.270550,2.764190,3.120880,2.692790,2.793960,2.204830,1.923430,1.293936,4.108400,3.293180,2.539730,1.438940,1.322640
2024-01-05,2.555050,2.846470,2.503840,2.535020,2.035720,1.800640,3.584850,2.910550,2.374520,1.370730,1.270140,2.766000,3.120850,2.695770,2.796650,2.204910,1.924040,1.295699,4.061650,3.305950,2.591750,1.438400,1.322150
2024-01-04,2.557050,2.848590,2.505350,2.537010,2.037380,1.802060,3.589760,2.913310,2.374510,1.373500,1.270020,2.768460,3.123550,2.697590,2.799060,2.206840,1.925770,1.295115,4.067650,3.309530,2.591740,1.441820,1.321990
2024-01-03,2.558150,2.849990,2.505550,2.538390,2.038640,1.803210,3.586920,2.921820,2.374570,1.376540,1.269870,2.770390,3.125970,2.698420,2.800950,2.208630,1.927300,1.296352,4.064150,3.320590,2.591800,1.445580,1.321820
2024-01-02,2.569890,2.866450,2.515780,2.550430,2.044930,1.807350,3.601860,2.955290,2.394580,1.377740,1.269750,2.784750,3.145860,2.711240,2.815860,2.216690,1.932570,1.301609,4.082620,3.364060,2.615840,1.447060,1.321670
2023-12-29,2.568870,2.865100,2.513730,2.549970,2.043780,1.807060,3.609960,2.946720,2.394650,1.380660,1.269200,2.782190,3.141830,2.707350,2.813670,2.214950,1.931920,1.301585,4.092640,3.353010,2.615920,1.450670,1.321000
2023-12-28,2.569060,2.865270,2.513170,2.549650,2.043860,1.807530,3.604520,2.952580,2.394680,1.382920,1.269060,2.782430,3.141930,2.706860,2.813320,2.215180,1.932510,1.304282,4.085980,3.360630,2.615960,1.453460,1.320830
2023-12-27,2.564270,2.858250,2.509210,2.543940,2.040900,1.805630,3.602190,2.932610,2.394720,1.382150,1.268900,2.776160,3.132660,2.701400,2.806010,2.211390,1.930070,1.299703,4.083120,3.334740,2.616010,1.452510,1.320640
2023-12-22,2.557520,2.849140,2.503810,2.537960,2.036250,1.801830,3.591410,2.913600,2.394720,1.377290,1.268210,2.768090,3.122100,2.694910,2.798700,2.205620,1.925450,1.296551,4.069830,3.310160,2.616020,1.446510,1.319790
2023-12-21,2.557610,2.849250,2.504250,2.538030,2.036610,1.802100,3.590320,2.915040,2.394710,1.377600,1.268060,2.768610,3.122710,2.695700,2.799100,2.206080,1.925820,1.298519,4.068460,3.312050,2.616010,1.446890,1.319620
2023-12-20,2.557000,2.848360,2.503620,2.538140,2.036340,1.801740,3.570120,2.928360,2.394750,1.376510,1.267910,2.769270,3.124130,2.696700,2.800260,2.206250,1.925770,1.293511,4.043560,3.329360,2.616040,1.445550,1.319430
2023-12-19,2.557940,2.850880,2.505370,2.538920,2.036250,1.801000,3.600770,2.911300,2.394750,1.373100,1.267780,2.768620,3.124010,2.696430,2.799740,2.205360,1.924390,1.297564,4.081240,3.307210,2.615990,1.441330,1.319280
2023-12-18,2.553940,2.844470,2.502260,2.534070,2.034290,1.799700,3.602030,2.891270,2.394740,1.372980,1.267650,2.763550,3.116200,2.692080,2.793470,2.202550,1.922640,1.292500,4.082770,3.281240,2.615970,1.441180,1.319120
2023-12-15,2.552370,2.842600,2.500920,2.534450,2.032950,1.798530,3.587110,2.896810,2.394730,1.371100,1.267270,2.762410,3.115150,2.691520,2.794280,2.201390,1.921470,1.294860,4.064430,3.288490,2.616010,1.438860,1.318660
2023-12-14,2.549780,2.838720,2.499260,2.532550,2.031410,1.797400,3.597630,2.876210,2.394710,1.370130,1.267100,2.758340,3.109080,2.688210,2.791180,2.199040,1.919830,1.289295,4.077350,3.261770,2.616010,1.437660,1.318460
2023-12-13,2.540970,2.827110,2.492790,2.526490,2.025420,1.792290,3.601720,2.836050,2.394650,1.362210,1.266900,2.746690,3.093660,2.678860,2.783090,2.190960,1.913190,1.285670,4.082200,3.209640,2.615950,1.427880,1.318210
2023-12-12,2.534510,2.818730,2.487700,2.519110,2.021230,1.788810,3.577500,2.829760,2.394640,1.356810,1.266760,2.739950,3.085450,2.673930,2.774980,2.186150,1.909170,1.278488,4.052370,3.201510,2.615950,1.421210,1.318040
2023-12-11,2.529810,2.812230,2.483540,2.512440,2.018070,1.786650,3.565880,2.819240,2.394650,1.355260,1.266610,2.734400,3.077750,2.669020,2.767060,2.182410,1.906560,1.277701,4.038100,3.187870,2.615950,1.419300,1.317860
2023-12-08,2.525950,2.806260,2.479520,2.507940,2.015820,1.785490,3.546740,2.816850,2.394660,1.356640,1.266250,2.730400,3.071670,2.665070,2.762550,2.180050,1.905370,1.274102,4.014500,3.184830,2.615970,1.421000,1.317420
2023-12-07,2.521840,2.799720,2.475850,2.505700,2.013610,1.784370,3.532430,2.807750,2.394010,1.357750,1.266110,2.725950,3.064510,2.661110,2.760010,2.177600,1.904120,1.276978,3.996840,3.173050,2.615210,1.422380,1.317250
2023-12-06,2.521560,2.798990,2.475480,2.505680,2.013770,1.784670,3.524550,2.812920,2.392190,1.358750,1.265930,2.726010,3.064540,2.661310,2.760550,2.177970,1.904580,1.272856,3.987140,3.179740,2.612980,1.423610,1.317040
2023-12-05,2.514140,2.789280,2.469860,2.496080,2.008410,1.780420,3.534510,2.774920,2.392240,1.353300,1.265730,2.715420,3.050260,2.652430,2.747190,2.170770,1.898970,1.268025,3.999400,3.130430,2.612940,1.416870,1.316790
2023-12-04,2.515550,2.793050,2.470900,2.497020,2.008110,1.779460,3.525500,2.794060,2.392260,1.349490,1.265610,2.717870,3.055630,2.654720,2.748860,2.170940,1.898050,1.266105,3.988250,3.155420,2.612980,1.412150,1.316640
2023-12-01,2.512990,2.789870,2.468410,2.494390,2.005810,1.777760,3.532290,2.779310,2.390270,1.348610,1.265180,2.713840,3.050030,2.650570,2.744570,2.167920,1.895760,1.265951,3.996600,3.136330,2.610590,1.411070,1.316120
2023-11-30,2.511460,2.787740,2.467450,2.492840,2.004880,1.776990,3.518030,2.783630,2.390260,1.347350,1.265060,2.713000,3.049010,2.650450,2.743210,2.167060,1.895020,1.264600,3.979040,3.141950,2.610600,1.409510,1.315970
2023-11-29,2.504450,2.777600,2.461090,2.485310,2.001110,1.775130,3.512100,2.763990,2.390290,1.349340,1.264890,2.703730,3.035770,2.641930,2.733330,2.162020,1.892540,1.258430,3.971730,3.116480,2.610610,1.411970,1.315760
2023-11-28,2.501010,2.774390,2.458760,2.481080,1.998020,1.772200,3.503600,2.760220,2.390250,1.343440,1.264750,2.699790,3.031950,2.639320,2.728340,2.158420,1.889030,1.256810,3.961320,3.111610,2.610560,1.404690,1.315600
2023-11-27,2.500090,2.773680,2.458500,2.480890,1.997070,1.770880,3.511610,2.752050,2.390240,1.339900,1.264600,2.698200,3.030610,2.638480,2.727620,2.156940,1.887260,1.254967,3.971100,3.101020,2.610560,1.400310,1.315420
2023-11-24,2.504440,2.780970,2.462620,2.484620,1.999270,1.771580,3.521090,2.767490,2.390240,1.337450,1.264200,2.703700,3.039700,2.643660,2.732260,2.159560,1.888120,1.259722,3.982730,3.121130,2.610570,1.397280,1.314930
2023-11-23,2.505360,2.781420,2.463150,2.485150,2.000310,1.772650,3.524720,2.766250,2.390220,1.340130,1.264050,2.704760,3.040220,2.644230,2.733020,2.160710,1.889390,1.260036,3.987200,3.119530,2.610560,1.400590,1.314750
2023-11-22,2.508450,2.785510,2.465710,2.487860,2.002620,1.774270,3.527830,2.776890,2.390230,1.341870,1.263940,2.708970,3.045870,2.647770,2.736730,2.163510,1.891420,1.261092,3.990980,3.133370,2.610580,1.402750,1.314620
2023-11-21,2.506220,2.782110,2.463550,2.485140,2.001300,1.773580,3.512840,2.778370,2.390250,1.342280,1.263790,2.706930,3.042810,2.645950,2.734200,2.162250,1.890790,1.260655,3.972570,3.135310,2.610570,1.403260,1.314430
2023-11-20,2.505680,2.781950,2.463480,2.484030,2.000650,1.772730,3.520020,2.772270,2.390220,1.340150,1.263650,2.705890,3.041910,2.645290,2.732740,2.161230,1.889610,1.260154,3.981400,3.127390,2.610560,1.400620,1.314260
2023-11-17,2.504330,2.779560,2.462240,2.483580,2.000110,1.772350,3.515630,2.769360,2.390220,1.340520,1.263250,2.704670,3.039870,2.644200,2.732480,2.160530,1.889170,1.259496,3.975960,3.123670,2.610520,1.401070,1.313770
2023-11-16,2.504440,2.780410,2.462520,2.483650,2.000010,1.771740,3.513090,2.774860,2.390200,1.337960,1.263100,2.705220,3.041700,2.645100,2.732930,2.160450,1.888490,1.256127,3.972850,3.130840,2.610530,1.397920,1.313590
2023-11-15,2.504160,2.781280,2.462000,2.482880,1.999140,1.770810,3.501160,2.787550,2.390250,1.335690,1.262960,2.705530,3.043430,2.645380,2.732340,2.159830,1.887580,1.256451,3.958180,3.147320,2.610600,1.395110,1.313420
2023-11-14,2.496940,2.770610,2.456160,2.476650,1.994850,1.767890,3.497930,2.757470,2.390240,1.333950,1.262800,2.696210,3.029920,2.637450,2.724340,2.154180,1.883790,1.253845,3.954190,3.108290,2.610600,1.392960,1.313230
2023-11-13,2.487500,2.757240,2.448790,2.466170,1.989190,1.763380,3.477020,2.734010,2.390200,1.328550,1.262660,2.685550,3.015630,2.629250,2.712880,2.147190,1.878360,1.247385,3.928390,3.077850,2.610560,1.386290,1.313060
2023-11-10,2.489640,2.760130,2.450720,2.466830,1.990780,1.764350,3.478600,2.742130,2.390210,1.329290,1.262260,2.688630,3.019890,2.631990,2.713810,2.149100,1.879580,1.247415,3.930330,3.088480,2.610580,1.387200,1.312570
2023-11-09,2.486230,2.754710,2.446620,2.462150,1.988740,1.763700,3.441280,2.755150,2.390250,1.331610,1.262130,2.686150,3.015840,2.629360,2.709820,2.147690,1.879350,1.247495,3.884470,3.105390,2.610630,1.390060,1.312410
2023-11-08,2.486080,2.754270,2.446350,2.461700,1.988800,1.763900,3.452430,2.745300,2.390290,1.332810,1.261980,2.685160,3.014000,2.628020,2.708710,2.147420,1.879380,1.244936,3.898180,3.092620,2.610690,1.391510,1.312230
2023-11-07,2.482600,2.750580,2.443660,2.457170,1.986030,1.761430,3.449710,2.736660,2.387230,1.328780,1.261900,2.680670,3.009050,2.624450,2.703150,2.143950,1.876300,1.241186,3.894770,3.081430,2.607030,1.386530,1.312140
2023-11-06,2.478670,2.746000,2.439830,2.453730,1.982640,1.758940,3.426830,2.741270,2.386430,1.326120,1.261780,2.676660,3.004320,2.620880,2.699690,2.140510,1.873570,1.241447,3.866730,3.087440,2.606080,1.383250,1.311990
2023-11-03,2.472320,2.740640,2.435570,2.449940,1.980310,1.757570,3.417610,2.734950,2.386420,1.327710,1.261380,2.672550,2.998130,2.615970,2.695580,2.137840,1.871950,1.241083,3.855410,3.079270,2.606070,1.385210,1.311500
2023-11-02,2.466680,2.729170,2.429120,2.440840,1.975150,1.753490,3.401440,2.712490,2.386410,1.322640,1.261240,2.662810,2.985390,2.608460,2.684660,2.131400,1.866970,1.231726,3.835430,3.050140,2.605980,1.378940,1.311330
2023-11-01,2.454500,2.712800,2.419160,2.429500,1.967500,1.747570,3.367610,2.690840,2.383090,1.315900,1.261080,2.649220,2.967950,2.597740,2.671210,2.122290,1.859920,1.227001,3.793790,3.022070,2.601920,1.370600,1.311140
2023-10-31,2.447040,2.702170,2.413090,2.422140,1.962880,1.744220,3.350730,2.671310,2.382980,1.312840,1.260970,2.640500,2.955960,2.590720,2.662430,2.116670,1.855870,1.220550,3.773000,2.996740,2.601880,1.366820,1.311000
2023-10-30,2.441820,2.694250,2.408030,2.416740,1.959720,1.742550,3.328280,2.664460,2.382990,1.313800,1.260860,2.634840,2.947260,2.585420,2.656680,2.113260,1.854060,1.220499,3.745450,2.987870,2.601910,1.368010,1.310870
2023-10-27,2.443760,2.696570,2.409390,2.417610,1.961410,1.743750,3.313990,2.684150,2.382990,1.315310,1.260490,2.638690,2.952610,2.588860,2.658980,2.115770,1.855870,1.219204,3.727860,3.013480,2.601920,1.369880,1.310430
2023-10-26,2.446210,2.700640,2.412050,2.420500,1.962560,1.743950,3.332550,2.681760,2.382930,1.313260,1.260340,2.640840,2.956340,2.590920,2.662270,2.116730,1.855870,1.222547,3.750630,3.010400,2.601780,1.367340,1.310240
2023-10-25,2.453790,2.712120,2.418740,2.426980,1.967040,1.746740,3.357320,2.697240,2.383050,1.314220,1.260320,2.649440,2.968880,2.598240,2.669480,2.121910,1.859120,1.224364,3.781170,3.030510,2.601720,1.368520,1.310220
2023-10-24,2.458440,2.718200,2.422400,2.430060,1.969760,1.749050,3.378700,2.698110,2.386350,1.317840,1.260180,2.654030,2.974200,2.601270,2.672390,2.125080,1.861780,1.227361,3.807550,3.031670,2.605710,1.373010,1.310040
2023-10-23,2.456980,2.716580,2.421490,2.428670,1.968330,1.747440,3.376980,2.694450,2.386160,1.313930,1.260070,2.652280,2.972850,2.600350,2.670790,2.123440,1.859900,1.226131,3.805370,3.026910,2.605540,1.368160,1.309920
2023-10-20,2.462250,2.724400,2.426590,2.433670,1.971500,1.749120,3.382910,2.712960,2.386160,1.313290,1.259670,2.659300,2.983260,2.607170,2.677390,2.127570,1.862110,1.227914,3.812680,3.051010,2.605550,1.367380,1.309430
2023-10-19,2.472960,2.741060,2.437020,2.445740,1.977710,1.752280,3.417310,2.736570,2.386170,1.311490,1.259550,2.671560,3.002000,2.618830,2.691400,2.134730,1.865760,1.236155,3.854960,3.081670,2.605560,1.365140,1.309280
2023-10-18,2.483320,2.755800,2.445600,2.456970,1.984340,1.756860,3.435200,2.767930,2.386320,1.315600,1.259430,2.684150,3.019550,2.629340,2.705170,2.143110,1.871510,1.240868,3.877060,3.122410,2.605660,1.370220,1.309130
2023-10-17,2.487760,2.761330,2.449050,2.463080,1.987550,1.759590,3.465630,2.759970,2.386430,1.320310,1.259360,2.687690,3.023030,2.631310,2.710600,2.145830,1.874150,1.246362,3.914690,3.112100,2.605750,1.376050,1.309030
2023-10-16,2.487190,2.758770,2.447780,2.462910,1.988140,1.760860,3.470650,2.748340,2.386300,1.325370,1.259220,2.686620,3.019470,2.629200,2.709820,2.146120,1.875500,1.248787,3.921110,3.097030,2.605570,1.382300,1.308870
2023-10-13,2.489170,2.760980,2.449220,2.465610,1.989660,1.761960,3.467130,2.758510,2.386110,1.326800,1.258830,2.689630,3.023580,2.631790,2.713940,2.148420,1.877110,1.249031,3.917010,3.110330,2.605380,1.384080,1.308400
2023-10-12,2.495640,2.770500,2.455040,2.472010,1.993100,1.764090,3.481940,2.773620,2.395470,1.327260,1.258720,2.697050,3.034100,2.638450,2.721190,2.152610,1.879710,1.248308,3.935190,3.129970,2.616610,1.384640,1.308260
2023-10-11,2.493430,2.767560,2.452210,2.470020,1.991350,1.763400,3.471410,2.773940,2.395810,1.328770,1.258570,2.694350,3.030030,2.635160,2.718490,2.150690,1.878930,1.248890,3.926790,3.130410,2.617120,1.386520,1.308080
2023-10-10,2.486590,2.758410,2.446120,2.462110,1.986710,1.760000,3.458360,2.757480,2.395760,1.325670,1.258450,2.686160,3.019120,2.627870,2.708770,2.144990,1.874760,1.243911,3.910720,3.109050,2.617090,1.382690,1.307930
2023-10-09,2.477400,2.744880,2.438090,2.453130,1.980990,1.756250,3.434470,2.735150,2.395530,1.323400,1.258320,2.675650,3.004010,2.618800,2.698170,2.138190,1.870300,1.241130,3.881170,3.080080,2.616890,1.379890,1.307780
2023-10-06,2.475950,2.743770,2.437490,2.453290,1.979540,1.754500,3.436420,2.730740,2.395410,1.319370,1.257950,2.673820,3.002660,2.617900,2.698430,2.136260,1.868100,1.240117,3.883480,3.074410,2.616750,1.374910,1.307330
2023-10-05,2.470610,2.734490,2.432250,2.448100,1.975770,1.752520,3.407400,2.721430,2.414540,1.319960,1.257810,2.668670,2.993560,2.613080,2.693280,2.132600,1.866250,1.235671,3.847700,3.062320,2.639760,1.375640,1.307140
2023-10-04,2.469610,2.733540,2.432060,2.445450,1.974910,1.751350,3.416800,2.711030,2.414370,1.317020,1.257680,2.666920,2.991740,2.612080,2.689650,2.131000,1.864570,1.234883,3.859220,3.048840,2.639570,1.372010,1.306970
2023-10-03,2.472150,2.737510,2.433370,2.446330,1.976960,1.752760,3.412520,2.730190,2.414330,1.319040,1.257520,2.670990,2.998030,2.614790,2.691820,2.134200,1.866680,1.239768,3.853960,3.073750,2.639550,1.374500,1.306780
2023-10-02,2.482960,2.753170,2.442140,2.454700,1.983600,1.757450,3.433200,2.761610,2.414620,1.323320,1.257410,2.683700,3.015810,2.625170,2.701610,2.142470,1.872430,1.241491,3.879470,3.114550,2.639970,1.379780,1.306640
2023-09-29,2.483650,2.753350,2.442910,2.455160,1.983930,1.758300,3.422600,2.769590,2.429510,1.326180,1.257000,2.684970,3.016220,2.626790,2.702620,2.143560,1.873830,1.240868,3.866490,3.124890,2.657880,1.383320,1.306150
2023-09-28,2.482940,2.752520,2.442740,2.454460,1.983580,1.757750,3.428210,2.763170,2.429310,1.325030,1.256860,2.684070,3.015160,2.626240,2.701380,2.142830,1.873040,1.244207,3.873350,3.116560,2.657620,1.381900,1.305980
2023-09-27,2.483300,2.752120,2.442980,2.454810,1.984420,1.758650,3.428270,2.762450,2.429160,1.327080,1.256740,2.684690,3.015200,2.626700,2.702580,2.143900,1.874180,1.243332,3.873400,3.115630,2.657480,1.384430,1.305830
2023-09-26,2.482230,2.750130,2.441650,2.455110,1.983580,1.758440,3.419320,2.762550,2.429340,1.328060,1.256610,2.683540,3.013030,2.625470,2.703140,2.143260,1.874010,1.242929,3.862400,3.115760,2.657740,1.385640,1.305670
2023-09-25,2.491480,2.764270,2.450490,2.464160,1.989910,1.762450,3.458000,2.775390,2.429290,1.330240,1.256480,2.694100,3.027910,2.634530,2.712940,2.150110,1.878470,1.247549,3.910010,3.132430,2.657680,1.388330,1.305520
2023-09-22,2.489080,2.760430,2.447730,2.461470,1.988290,1.761880,3.446350,2.772090,2.429570,1.331920,1.256060,2.691260,3.023170,2.631420,2.709550,2.148400,1.877790,1.247791,3.895690,3.128120,2.658020,1.390400,1.305010
2023-09-21,2.490370,2.762170,2.449210,2.464870,1.989150,1.762120,3.460930,2.767370,2.429360,1.331330,1.255940,2.692190,3.024640,2.632460,2.712950,2.148920,1.877890,1.248616,3.913650,3.121990,2.657600,1.389680,1.304870
2023-09-20,2.501640,2.778820,2.459120,2.476470,1.996570,1.767320,3.486610,2.797890,2.429760,1.335540,1.255810,2.705270,3.042940,2.643770,2.726460,2.157890,1.884040,1.255498,3.945180,3.161150,2.658080,1.394880,1.304710
2023-09-19,2.507250,2.787100,2.464310,2.481170,2.000270,1.769530,3.507930,2.806610,2.429640,1.336210,1.255690,2.711520,3.052040,2.649270,2.731690,2.161920,1.886560,1.260751,3.971480,3.172330,2.657870,1.395710,1.304550
2023-09-18,2.512170,2.794860,2.468810,2.486590,2.003280,1.771030,3.526340,2.817060,2.429430,1.335630,1.255560,2.717050,3.060770,2.654170,2.737780,2.165180,1.888250,1.264137,3.994200,3.185770,2.657610,1.394990,1.304390
2023-09-15,2.518040,2.803110,2.473440,2.493100,2.006960,1.773550,3.534510,2.836380,2.429500,1.337980,1.255170,2.724230,3.070830,2.659990,2.745700,2.169900,1.891460,1.264724,4.004250,3.210550,2.657690,1.397900,1.303920
2023-09-14,2.514970,2.798280,2.470560,2.489620,2.005150,1.772670,3.547400,2.810080,2.429550,1.339050,1.255040,2.718980,3.062380,2.654600,2.739910,2.166540,1.889730,1.264866,4.020100,3.176810,2.657760,1.399220,1.303760
2023-09-13,2.510140,2.791080,2.466590,2.485240,2.002240,1.770670,3.531750,2.801300,2.429460,1.337520,1.254910,2.713890,3.055190,2.650620,2.735170,2.163320,1.887530,1.262181,4.000900,3.165550,2.657660,1.397330,1.303600
2023-09-12,2.514050,2.797340,2.470350,2.489640,2.004490,1.771740,3.535260,2.818010,2.429450,1.336380,1.254760,2.718990,3.063360,2.655670,2.741000,2.166390,1.889020,1.263205,4.005240,3.186980,2.657650,1.395920,1.303420
2023-09-11,2.514310,2.797950,2.470490,2.488930,2.004480,1.771680,3.541880,2.814360,2.429530,1.336340,1.254820,2.718700,3.063040,2.655180,2.739520,2.166020,1.888730,1.266440,4.013340,3.182290,2.657730,1.395870,1.303500
2023-09-08,2.510710,2.791730,2.466510,2.487030,2.002390,1.770600,3.535850,2.801920,2.429340,1.338180,1.254440,2.714520,3.056030,2.650430,2.737050,2.163420,1.887480,1.262170,4.005980,3.166330,2.657420,1.398150,1.303040
2023-09-07,2.510950,2.793180,2.467450,2.488050,2.002680,1.770200,3.541510,2.805430,2.428090,1.336010,1.254310,2.714690,3.057730,2.651480,2.738030,2.163670,1.886980,1.261880,4.013000,3.170830,2.655890,1.395450,1.302880
2023-09-06,2.516850,2.802460,2.472740,2.493670,2.006180,1.772050,3.554010,2.824920,2.425840,1.335740,1.254170,2.721840,3.068860,2.657910,2.744930,2.168030,1.889300,1.264996,4.028400,3.195830,2.653160,1.395130,1.302710
2023-09-05,2.523730,2.812720,2.478970,2.500990,2.010560,1.774720,3.566570,2.846450,2.425840,1.336430,1.254030,2.730320,3.081390,2.665620,2.754000,2.173540,1.892660,1.269236,4.043800,3.223450,2.653160,1.395980,1.302540
2023-09-04,2.523260,2.811660,2.477630,2.500410,2.010070,1.775050,3.559330,2.847620,2.426230,1.339120,1.253910,2.729530,3.079380,2.663950,2.752550,2.173120,1.892990,1.269683,4.034900,3.224960,2.653640,1.399310,1.302390
2023-09-01,2.520430,2.807000,2.474360,2.497080,2.008590,1.774530,3.555970,2.836720,2.426220,1.341310,1.253510,2.725970,3.073370,2.659770,2.748260,2.171140,1.892260,1.267966,4.030780,3.210970,2.653660,1.402010,1.301910
2023-08-31,2.518800,2.804550,2.472240,2.496130,2.007500,1.773980,3.541580,2.842450,2.424880,1.342080,1.253350,2.724800,3.071700,2.658220,2.747890,2.170450,1.891900,1.265434,4.013060,3.218330,2.652040,1.402960,1.301720
2023-08-30,2.516590,2.802230,2.470530,2.493320,2.005500,1.772230,3.543960,2.833060,2.425020,1.339760,1.253210,2.721640,3.067840,2.655540,2.743950,2.167700,1.889550,1.266155,4.015990,3.206270,2.652100,1.400090,1.301550
2023-08-29,2.508530,2.791460,2.465070,2.483360,2.001750,1.769770,3.549270,2.802940,2.424770,1.338980,1.253080,2.710810,3.052910,2.647470,2.730560,2.162050,1.886070,1.262231,4.022530,3.167620,2.651820,1.399120,1.301380
2023-08-28,2.498230,2.776800,2.456050,2.474020,1.995090,1.765320,3.512680,2.788130,2.424700,1.336040,1.252940,2.699840,3.037640,2.638250,2.720380,2.154790,1.881140,1.257484,3.977540,3.148610,2.651730,1.395490,1.301210
2023-08-25,2.491700,2.767260,2.450280,2.467850,1.991030,1.762640,3.497440,2.771650,2.424550,1.334840,1.252560,2.692410,3.026910,2.631690,2.713660,2.149930,1.877980,1.253090,3.958800,3.127450,2.651560,1.394010,1.300760
2023-08-24,2.492440,2.768220,2.450000,2.469830,1.991280,1.763040,3.479850,2.790610,2.424800,1.336170,1.252420,2.694380,3.029920,2.632900,2.716890,2.151260,1.878950,1.252159,3.937160,3.151800,2.651860,1.395650,1.300590
2023-08-23,2.491520,2.767780,2.449240,2.469330,1.990360,1.762190,3.490450,2.780000,2.424940,1.335010,1.252260,2.692220,3.027320,2.630720,2.715460,2.149430,1.877470,1.252963,3.950290,3.138180,2.651850,1.394230,1.300390
2023-08-22,2.484970,2.759520,2.444360,2.461770,1.985670,1.758190,3.471720,2.770880,2.424720,1.329180,1.252120,2.685160,3.018980,2.625780,2.707110,2.144090,1.872890,1.248256,3.927270,3.126470,2.651370,1.387020,1.300220
2023-08-21,2.484810,2.759620,2.444390,2.462060,1.985590,1.757810,3.475590,2.769510,2.424560,1.328110,1.251980,2.684980,3.019230,2.625730,2.707440,2.143870,1.872420,1.250288,3.931980,3.124710,2.651230,1.385690,1.300050
2023-08-18,2.483720,2.757350,2.442520,2.464310,1.985110,1.757970,3.460150,2.776470,2.424610,1.330390,1.251590,2.684540,3.018030,2.624620,2.711480,2.143980,1.872970,1.249450,3.912970,3.133650,2.651290,1.388510,1.299570
2023-08-17,2.484780,2.760240,2.444330,2.465350,1.985180,1.757330,3.467210,2.778890,2.424670,1.327420,1.251430,2.685820,3.020990,2.626440,2.711990,2.143900,1.872080,1.251631,3.921690,3.136740,2.651320,1.384850,1.299370
2023-08-16,2.491170,2.768670,2.449260,2.469250,1.989300,1.760450,3.481570,2.792880,2.424840,1.330860,1.251280,2.692730,3.030080,2.631880,2.716010,2.148780,1.875750,1.253777,3.939380,3.154690,2.651520,1.389100,1.299200
2023-08-15,2.499000,2.780680,2.456310,2.478480,1.993730,1.762890,3.490670,2.823420,2.424980,1.330330,1.251080,2.702540,3.045220,2.640960,2.727610,2.154680,1.878950,1.257748,3.950430,3.193880,2.651740,1.388440,1.299010
2023-08-14,2.502650,2.785580,2.459400,2.481070,1.996250,1.764790,3.523070,2.810980,2.424940,1.332900,1.250950,2.705000,3.047720,2.642270,2.728920,2.156390,1.880540,1.261329,3.990450,3.177920,2.651710,1.391610,1.298860
2023-08-11,2.504850,2.788130,2.460620,2.483840,1.997680,1.766130,3.512340,2.828100,2.425160,1.335340,1.250570,2.708510,3.052230,2.644920,2.733020,2.158890,1.882500,1.262837,3.977290,3.199890,2.651980,1.394610,1.298400
2023-08-10,2.506630,2.790080,2.461260,2.485760,1.998860,1.767450,3.516160,2.830820,2.425350,1.338660,1.250440,2.710200,3.053650,2.645340,2.734880,2.160210,1.883930,1.266194,3.982130,3.203380,2.652230,1.398710,1.298230
2023-08-09,2.506000,2.788550,2.460220,2.484740,1.998970,1.767830,3.518770,2.825130,2.425240,1.340630,1.250260,2.709330,3.051730,2.643860,2.734090,2.160160,1.884370,1.264553,3.985300,3.196080,2.652140,1.401140,1.298020
2023-08-08,2.506960,2.790280,2.461260,2.486010,1.999440,1.767830,3.533800,2.818590,2.424100,1.339900,1.250120,2.709610,3.052450,2.644040,2.734530,2.160080,1.884060,1.263317,4.003820,3.187680,2.650790,1.400250,1.297850
2023-08-07,2.505360,2.789260,2.460220,2.484610,1.997950,1.766510,3.533120,2.815700,2.422690,1.337650,1.249970,2.707190,3.050000,2.642250,2.731830,2.158020,1.882170,1.263210,4.002960,3.183970,2.648910,1.397460,1.297670
2023-08-04,2.502310,2.785460,2.457460,2.481700,1.995550,1.764650,3.512960,2.820830,2.422650,1.335500,1.249600,2.704610,3.047130,2.640190,2.729370,2.155860,1.880280,1.261455,3.978130,3.190550,2.648890,1.394800,1.297210
2023-08-03,2.503530,2.787420,2.458830,2.483330,1.996190,1.764670,3.526800,2.816350,2.422450,1.334510,1.249480,2.705630,3.048860,2.641240,2.730730,2.156200,1.880180,1.264951,3.995070,3.184800,2.648660,1.393580,1.297080
2023-08-02,2.509260,2.794870,2.463410,2.489370,2.000140,1.767660,3.538570,2.830210,2.422520,1.338180,1.249330,2.712360,3.057620,2.646600,2.737620,2.161020,1.883810,1.265667,4.009600,3.202590,2.648760,1.398120,1.296890
2023-08-01,2.518990,2.809740,2.471970,2.499330,2.005920,1.771280,3.559400,2.859970,2.422730,1.339760,1.249080,2.723480,3.074220,2.656300,2.749040,2.168010,1.887990,1.267750,4.035470,3.240780,2.649090,1.400080,1.296590
2023-07-31,2.511250,2.799260,2.464080,2.491890,2.000390,1.768100,3.534860,2.846090,2.421130,1.339840,1.248950,2.713950,3.060460,2.646640,2.739520,2.161410,1.883850,1.268959,4.005440,3.222980,2.647180,1.400160,1.296420
2023-07-28,2.513310,2.802230,2.466590,2.493970,2.001890,1.768590,3.552130,2.843020,2.420850,1.338950,1.248500,2.716120,3.063860,2.649140,2.741840,2.162740,1.884400,1.270180,4.026610,3.219030,2.646870,1.399070,1.295880
2023-07-27,2.508870,2.795040,2.461360,2.491110,1.998930,1.767360,3.508540,2.856800,2.421080,1.340790,1.248350,2.712630,3.058380,2.645440,2.740030,2.160840,1.883630,1.263871,3.972840,3.236700,2.647140,1.401330,1.295690
2023-07-26,2.503550,2.787180,2.456940,2.487770,1.995770,1.765610,3.504240,2.833730,2.421290,1.340500,1.248060,2.705350,3.047420,2.639140,2.734720,2.156330,1.881100,1.262402,3.967460,3.207070,2.647420,1.400970,1.295340
2023-07-25,2.497070,2.778330,2.450680,2.482440,1.991040,1.762450,3.494670,2.815520,2.421360,1.339400,1.247930,2.697030,3.035590,2.631130,2.727490,2.150430,1.877050,1.261815,3.955690,3.183710,2.647520,1.399620,1.295190
2023-07-24,2.495110,2.774800,2.448870,2.480690,1.990170,1.762130,3.489630,2.808840,2.421210,1.340520,1.247790,2.695100,3.032080,2.629300,2.725550,2.149460,1.876820,1.261396,3.949390,3.175140,2.647360,1.401000,1.295020
2023-07-21,2.495540,2.775560,2.449330,2.481520,1.990160,1.761800,3.492000,2.810100,2.421110,1.339470,1.247400,2.695620,3.033230,2.629930,2.726830,2.149460,1.876480,1.258683,3.952290,3.176760,2.647240,1.399690,1.294550
2023-07-20,2.493260,2.771900,2.446760,2.480510,1.988510,1.761130,3.474130,2.811470,2.424630,1.340410,1.247360,2.693290,3.029390,2.627530,2.725740,2.147980,1.875810,1.260258,3.930400,3.178510,2.651090,1.400860,1.294500
2023-07-19,2.498580,2.778490,2.451110,2.484490,1.992310,1.764000,3.502270,2.809330,2.424450,1.344320,1.247290,2.698360,3.035490,2.631090,2.729510,2.151700,1.878910,1.259906,3.965120,3.175690,2.650890,1.405730,1.294350
2023-07-18,2.488240,2.765370,2.440880,2.476830,1.985420,1.759180,3.475010,2.794640,2.424680,1.341100,1.247150,2.686190,3.019760,2.619280,2.720300,2.143560,1.873000,1.258156,3.931550,3.156840,2.651020,1.401760,1.294180
2023-07-17,2.485730,2.762330,2.439450,2.473830,1.983980,1.757910,3.463560,2.797600,2.424660,1.339150,1.247020,2.683880,3.017340,2.618380,2.717750,2.142300,1.871740,1.256832,3.917470,3.160630,2.650990,1.399350,1.294020
2023-07-14,2.483430,2.759260,2.437210,2.469970,1.982140,1.756680,3.451730,2.797280,2.424790,1.338410,1.246680,2.681350,3.013920,2.616120,2.713500,2.140340,1.870300,1.252438,3.902830,3.160220,2.651150,1.398430,1.293600
2023-07-13,2.476550,2.749470,2.430590,2.463260,1.977580,1.753990,3.439890,2.776090,2.424900,1.338400,1.246520,2.672680,3.001030,2.607690,2.705090,2.134510,1.866750,1.251357,3.888210,3.133110,2.651300,1.398420,1.293420
2023-07-12,2.467450,2.736860,2.423370,2.456730,1.971610,1.749440,3.435460,2.741150,2.424590,1.333740,1.246340,2.661380,2.985430,2.598290,2.696610,2.126610,1.861090,1.248286,3.882830,3.088250,2.650860,1.392670,1.293200
2023-07-11,2.465980,2.735570,2.423630,2.455280,1.970600,1.747610,3.444670,2.732070,2.424090,1.328410,1.246220,2.659780,2.984650,2.598480,2.695410,2.125140,1.859070,1.243416,3.894040,3.076570,2.650250,1.386080,1.293050
2023-07-10,2.453360,2.717990,2.412350,2.444220,1.962220,1.742110,3.418960,2.698550,2.424100,1.325240,1.246060,2.644520,2.963040,2.584770,2.681710,2.114750,1.852240,1.234659,3.862370,3.033560,2.650270,1.382160,1.292850
2023-07-07,2.452250,2.716770,2.411130,2.442880,1.961210,1.741390,3.401390,2.709240,2.424200,1.324690,1.245710,2.644270,2.963100,2.584530,2.681300,2.114380,1.851780,1.240833,3.840810,3.047280,2.650400,1.381480,1.292430
2023-07-06,2.464620,2.733630,2.421930,2.456390,1.969400,1.746630,3.421560,2.747810,2.423900,1.327550,1.245600,2.659870,2.985410,2.598460,2.698230,2.124830,1.858530,1.247166,3.865510,3.096790,2.649830,1.385010,1.292300
2023-07-05,2.479340,2.752690,2.434500,2.469380,1.978160,1.753490,3.448050,2.775190,2.473370,1.333880,1.245510,2.677270,3.006960,2.613050,2.713940,2.135600,1.867050,1.252020,3.898230,3.131940,2.709440,1.392840,1.292190
2023-07-04,2.481800,2.756270,2.436480,2.471610,1.979650,1.754560,3.452030,2.783200,2.473380,1.335120,1.245280,2.680030,3.010900,2.615370,2.716240,2.137490,1.868350,1.254337,3.903190,3.142210,2.709530,1.394370,1.291910
2023-07-03,2.479820,2.753320,2.435310,2.469740,1.979000,1.754210,3.458120,2.771900,2.473300,1.335820,1.245110,2.677080,3.006490,2.613200,2.713580,2.136200,1.867720,1.251660,3.910640,3.127700,2.709410,1.395240,1.291710
2023-06-30,2.476480,2.748060,2.432360,2.469740,1.976650,1.752720,3.452960,2.757230,2.493780,1.334720,1.244720,2.673190,3.000200,2.609750,2.713360,2.133300,1.865930,1.249963,3.904240,3.108870,2.734140,1.393880,1.291230
2023-06-29,2.471030,2.739890,2.427160,2.463350,1.973990,1.751440,3.433430,2.751700,2.493670,1.336160,1.244700,2.667520,2.991830,2.604550,2.706630,2.130590,1.864660,1.248572,3.880180,3.101700,2.734020,1.395660,1.291200
2023-06-28,2.472290,2.737890,2.428500,2.458330,1.975900,1.754520,3.432730,2.746720,2.493630,1.339580,1.244530,2.668670,2.992150,2.605640,2.706420,2.132210,1.866320,1.246023,3.887750,3.095910,2.733880,1.399890,1.291000
2023-06-27,2.458700,2.718670,2.415680,2.445670,1.966620,1.748680,3.393270,2.718300,2.493960,1.337310,1.244420,2.652800,2.969290,2.590970,2.691460,2.121420,1.859440,1.242054,3.839160,3.059430,2.734300,1.397080,1.290860
2023-06-26,2.450360,2.706220,2.407760,2.439410,1.961410,1.745590,3.371330,2.698650,2.493850,1.337460,1.244260,2.643330,2.955420,2.581940,2.684170,2.115370,1.855740,1.238189,3.812160,3.034780,2.734200,1.397260,1.290670
2023-06-23,2.453570,2.711670,2.411000,2.442020,1.962930,1.745970,3.382310,2.706940,2.493840,1.335150,1.243870,2.646880,2.961540,2.585470,2.687190,2.117050,1.856120,1.236568,3.825720,3.045420,2.734200,1.394400,1.290190
2023-06-22,2.455610,2.717430,2.415320,2.451900,1.961120,1.746340,3.380800,2.744250,2.481200,1.334270,1.243820,2.655290,2.974460,2.593090,2.693450,2.121870,1.858620,1.243387,3.830380,3.083530,2.734520,1.393320,1.290140
2023-06-21,2.463440,2.728650,2.422060,2.459800,1.966080,1.749560,3.377270,2.782150,2.481340,1.335800,1.243700,2.665770,2.989690,2.602570,2.704440,2.128750,1.862910,1.245574,3.826030,3.132160,2.734700,1.395210,1.289990
2023-06-20,2.468900,2.737040,2.427200,2.463580,1.969310,1.751250,3.390950,2.797200,2.481290,1.335010,1.243490,2.672160,2.999500,2.608480,2.708940,2.132570,1.864900,1.246802,3.842900,3.151460,2.734660,1.394230,1.289740
2023-06-19,2.462630,2.728220,2.421030,2.458410,1.964690,1.748290,3.382960,2.775580,2.481520,1.334440,1.243360,2.663920,2.987480,2.600420,2.701790,2.126740,1.861200,1.245155,3.833040,3.123720,2.734910,1.393520,1.289580
2023-06-16,2.460540,2.725410,2.419060,2.456000,1.962960,1.746980,3.387300,2.763560,2.481580,1.333690,1.243020,2.660770,2.983060,2.597320,2.698020,2.124270,1.859460,1.242714,3.838380,3.108340,2.735000,1.392590,1.289160
2023-06-15,2.456590,2.719390,2.415330,2.454850,1.960550,1.745560,3.391070,2.742620,2.480450,1.334230,1.243010,2.655410,2.974870,2.592030,2.695740,2.120840,1.857510,1.241535,3.842950,3.082000,2.733630,1.393270,1.289150
2023-06-14,2.452420,2.713190,2.411210,2.451420,1.958120,1.744160,3.374220,2.738210,2.480400,1.334290,1.242900,2.651110,2.968680,2.587970,2.692420,2.118290,1.856000,1.241463,3.822480,3.076440,2.733020,1.393340,1.289020
2023-06-13,2.450660,2.710280,2.409550,2.450070,1.957210,1.743710,3.374520,2.729600,2.480290,1.335000,1.242770,2.648980,2.965220,2.585850,2.691010,2.117040,1.855400,1.239760,3.822940,3.065630,2.732860,1.394220,1.288860
2023-06-12,2.446140,2.703450,2.405320,2.445060,1.954870,1.742540,3.360120,2.721800,2.480190,1.336090,1.242400,2.644230,2.958050,2.581420,2.685450,2.114440,1.854090,,3.805340,3.055810,2.732750,1.395590,1.288410
2023-06-09,2.442540,2.698160,2.401820,2.441150,1.952560,1.741170,3.340790,2.721740,2.480190,1.335670,1.242280,2.640690,2.953060,2.578280,2.681670,2.112170,1.852670,1.236573,3.781870,3.055730,2.732730,1.395050,1.288260
2023-06-08,2.441900,2.697430,2.401700,2.441330,1.952110,1.740610,3.345270,2.716330,2.480080,1.334120,1.242160,2.639860,2.952180,2.577930,2.681490,2.111440,1.851910,1.239649,3.787260,3.048920,2.732600,1.393130,1.288120
2023-06-07,2.444470,2.700600,2.403730,2.444060,1.954140,1.742230,3.346180,2.725880,2.479940,1.336400,1.242060,2.643350,2.956690,2.580760,2.685020,2.114080,1.853950,1.237738,3.788280,3.060940,2.732500,1.395970,1.288000
2023-06-06,2.448090,2.705480,2.406720,2.447850,1.956710,1.744060,3.360780,2.729430,2.478920,1.338710,1.242120,2.647170,2.961740,2.583680,2.688950,2.116850,1.856020,1.238059,3.806010,3.065390,2.731300,1.398850,1.288070
2023-06-05,2.454340,2.714870,2.412530,2.453280,1.960700,1.746400,3.364080,2.756710,2.479190,1.338540,1.241970,2.655490,2.974280,2.591490,2.696420,2.122100,1.859050,1.242558,3.810040,3.099710,2.731640,1.398640,1.287890
2023-06-02,2.449730,2.707210,2.407840,2.450110,1.958150,1.745330,3.363360,2.733940,2.479180,1.341480,1.241700,2.649450,2.964350,2.585210,2.691790,2.118590,1.857570,1.240308,3.809180,3.071070,2.731640,1.402290,1.287560
2023-06-01,2.443450,2.697220,2.401890,2.445730,1.954970,1.743880,3.337470,2.725570,2.476090,1.343220,1.241590,2.643130,2.954540,2.579480,2.687640,2.115300,1.856070,1.239062,3.777920,3.060540,2.727930,1.404450,1.287430
2023-05-31,2.441360,2.694020,2.400040,2.443000,1.953680,1.742920,3.333150,2.719170,2.475840,1.341870,1.241490,2.641190,2.951830,2.577750,2.684830,2.113850,1.854950,1.232941,3.773000,3.052490,2.727650,1.402770,1.287310
2023-05-30,2.449220,2.707430,2.408780,2.450650,1.958720,1.745300,3.347430,2.753850,2.476040,1.338990,1.241390,2.650550,2.967570,2.588230,2.694190,2.120110,1.857910,1.237493,3.790240,3.096070,2.727860,1.399190,1.287190
2023-05-29,2.449430,2.708610,2.409310,2.449740,1.958210,1.744410,3.350160,2.754560,2.476210,1.335900,1.241270,2.650470,2.968450,2.588590,2.692930,2.119380,1.856780,1.238099,3.793590,3.096990,2.728070,1.395350,1.287040
2023-05-26,2.446850,2.704930,2.407320,2.446730,1.956440,1.742980,3.359420,2.735920,2.476130,1.334420,1.240940,2.646700,2.963070,2.585290,2.688860,2.116620,1.854840,1.237745,3.804770,3.073540,2.727970,1.393510,1.286640
2023-05-25,2.441200,2.696140,2.401810,2.441760,1.953000,1.741180,3.330290,2.732090,2.476170,1.334990,1.240850,2.640950,2.954350,2.580120,2.683890,2.113210,1.852990,1.234270,3.769280,3.068750,2.727910,1.394220,1.286530
2023-05-24,2.443820,2.699350,2.403540,2.442320,1.954870,1.742880,3.314590,2.754230,2.476220,1.337990,1.240700,2.645150,2.959800,2.583620,2.685820,2.116380,1.855400,1.234135,3.750250,3.096580,2.727990,1.397950,1.286350
2023-05-23,2.447590,2.705290,2.406540,2.447940,1.956590,1.743900,3.319740,2.767810,2.476450,1.338500,1.240580,2.649240,2.965960,2.586970,2.691990,2.118670,1.856530,1.235881,3.756660,3.113670,2.728240,1.398580,1.286200
2023-05-22,2.452270,2.712020,2.410620,2.452200,1.959480,1.745790,3.340110,2.771830,2.476510,1.340500,1.240460,2.654100,2.972530,2.590810,2.696000,2.121740,1.858580,1.239758,3.781440,3.118740,2.728030,1.401070,1.286050
2023-05-19,2.451770,2.711440,2.410000,2.452050,1.958970,1.745440,3.329720,2.778090,2.476590,1.340290,1.240100,2.654030,2.972580,2.590750,2.696130,2.121550,1.858320,1.240710,3.768840,3.126660,2.728150,1.400810,1.285620
2023-05-18,2.450790,2.709060,2.408860,2.450110,1.958890,1.745770,3.338170,2.764300,2.476530,1.343070,1.240000,2.652470,2.969220,2.588750,2.693450,2.120940,1.858600,1.239027,3.779050,3.109330,2.728060,1.404260,1.285500
2023-05-17,2.444290,2.698380,2.402300,2.442100,1.955290,1.744370,3.309700,2.753950,2.476610,1.346610,1.239890,2.645500,2.957770,2.582000,2.684820,2.117240,1.857150,1.236196,3.744460,3.096320,2.728070,1.408670,1.285360
2023-05-16,2.443940,2.697550,2.401550,2.441660,1.955090,1.744500,3.293680,2.764300,2.476670,1.347630,1.239780,2.645840,2.958100,2.582190,2.685120,2.117620,1.857570,1.234503,3.724990,3.109340,2.728160,1.409940,1.285230
2023-05-15,2.446790,2.701770,2.403990,2.445590,1.956680,1.745490,3.298810,2.772960,2.476740,1.348210,1.239690,2.649090,2.962810,2.584920,2.689790,2.119540,1.858740,1.238343,3.731250,3.120260,2.728250,1.410670,1.285120
2023-05-12,2.444070,2.696810,2.401340,2.444530,1.955630,1.745320,3.292030,2.764000,2.476540,1.351040,1.239360,2.646090,2.957450,2.582030,2.688610,2.118320,1.858630,1.237359,3.723020,3.109030,2.728010,1.414170,1.284720
2023-05-11,2.442560,2.694760,2.399790,2.442200,1.954550,1.744770,3.281650,2.765700,2.476700,1.351310,1.239260,2.644510,2.955200,2.580430,2.685870,2.117230,1.858010,1.231717,3.710300,3.111190,2.728230,1.414520,1.284590
2023-05-10,2.439520,2.691100,2.397030,2.439120,1.951840,1.742700,3.269660,2.763930,2.476890,1.348560,1.239130,2.640950,2.950910,2.577340,2.682350,2.114210,1.855530,1.232477,3.695740,3.108970,2.728470,1.411090,1.284440
2023-05-09,2.437810,2.689110,2.395780,2.436920,1.950540,1.741580,3.261310,2.764530,2.476870,1.346380,1.239020,2.639330,2.949160,2.576350,2.680120,2.112910,1.854290,1.231289,3.685600,3.109750,2.728470,1.408390,1.284300
2023-05-08,2.439050,2.690750,2.396990,2.438310,1.951690,1.742580,3.264590,2.768700,2.476940,1.348690,1.238900,2.640620,2.950700,2.577560,2.681610,2.114280,1.855460,1.233967,3.689620,3.115010,2.728610,1.411260,1.284160
2023-05-05,2.435980,2.685530,2.393970,2.436010,1.950420,1.742110,3.268080,2.751450,2.476840,1.351140,1.238580,2.636700,2.944300,2.573510,2.678600,2.112380,1.854830,1.235620,3.693830,3.093360,2.728500,1.414310,1.283780
2023-05-04,2.433130,2.680460,2.391350,2.432150,1.949190,1.741450,3.259170,2.745970,2.474070,1.352140,1.238450,2.634110,2.940200,2.571250,2.675070,2.111280,1.854390,1.229749,3.682990,3.086480,2.725130,1.415550,1.283620
2023-05-03,2.433930,2.682710,2.392610,2.435940,1.949400,1.740970,3.268050,2.747450,2.471640,1.349330,1.238320,2.634640,2.942200,2.572290,2.678800,2.111290,1.853680,1.233622,3.693800,3.088360,2.722190,1.412050,1.283460
2023-05-02,2.440650,2.693420,2.399130,2.441010,1.953380,1.743010,3.281950,2.768730,2.471430,1.347410,1.238440,2.642820,2.954960,2.580140,2.685410,2.116230,1.856220,1.232739,3.710720,3.115140,2.721960,1.409660,1.283610
2023-05-01,2.450770,2.708520,2.408620,2.451090,1.959850,1.746920,3.312480,2.789260,2.471480,1.348340,1.238350,2.654430,2.971770,2.590680,2.696840,2.123640,1.860780,1.241180,3.747800,3.140970,2.722060,1.410820,1.283500
2023-04-28,2.450600,2.707710,2.408440,2.451740,1.960140,1.747260,3.321520,2.780230,2.471390,1.350010,1.237970,2.653830,2.970380,2.589790,2.697460,2.123450,1.861030,1.240152,3.758670,3.129660,2.721960,1.412890,1.283040
2023-04-27,2.444810,2.699640,2.403290,2.445500,1.956090,1.744430,3.301290,2.772310,2.471420,1.347230,1.237890,2.647460,2.961840,2.584420,2.690910,2.118970,1.857810,1.238976,3.734130,3.119720,2.721920,1.409440,1.282940
2023-04-26,2.442740,2.695410,2.400790,2.443730,1.955170,1.744390,3.277640,2.779100,2.471360,1.349760,1.237640,2.646330,2.959400,2.583250,2.690460,2.118880,1.858350,1.234370,3.705410,3.128280,2.721640,1.412590,1.282640
2023-04-24,2.445380,2.701330,2.403580,2.447050,1.955410,1.743590,3.294350,2.782530,2.471630,1.344930,1.237430,2.648100,2.963690,2.585100,2.692110,2.118530,1.856840,1.236852,3.725940,3.132620,2.721950,1.406580,1.282380
2023-04-21,2.445330,2.701590,2.403560,2.445690,1.955140,1.743190,3.293950,2.784010,2.471610,1.343970,1.237120,2.648140,2.964130,2.585180,2.690720,2.118260,1.856390,1.233560,3.725460,3.134520,2.721860,1.405380,1.282000
2023-04-20,2.443150,2.698770,2.401110,2.443230,1.953230,1.742020,3.272460,2.792560,2.471850,1.343350,1.237000,2.646220,2.961750,2.583370,2.688480,2.116770,1.855260,1.235345,3.699550,3.145300,2.722170,1.404610,1.281860
2023-04-19,2.446620,2.704460,2.404760,2.447110,1.955330,1.742850,3.293930,2.792830,2.471730,1.341700,1.236920,2.649710,2.967370,2.586740,2.692610,2.118660,1.856010,1.237634,3.725530,3.145650,2.722010,1.402550,1.281760
2023-04-18,2.446290,2.704050,2.403990,2.446270,1.955390,1.743320,3.296060,2.790380,2.471660,1.343430,1.236840,2.648650,2.965930,2.585170,2.690860,2.118270,1.856320,1.238526,3.728150,3.142580,2.722070,1.404710,1.281660
2023-04-17,2.450950,2.709340,2.408200,2.450190,1.958160,1.745390,3.302810,2.797310,2.489390,1.345820,1.236730,2.654820,2.972930,2.590580,2.696410,2.121920,1.859150,1.240683,3.736410,3.151310,2.743430,1.407680,1.281530
2023-04-14,2.448920,2.705680,2.405800,2.447370,1.957020,1.745060,3.295230,2.792300,2.489410,1.348180,1.236430,2.652410,2.968680,2.587870,2.692870,2.120610,1.858780,1.235918,3.727190,3.144940,2.743500,1.410630,1.281170
2023-04-13,2.444760,2.699030,2.401350,2.443440,1.954360,1.743860,3.284380,2.780580,2.489450,1.350430,1.236340,2.647170,2.960320,2.582410,2.687990,2.117360,1.857210,1.238514,3.713900,3.130210,2.743550,1.413420,1.281050
2023-04-12,2.444940,2.698870,2.401350,2.444140,1.954780,1.744170,3.279440,2.785510,2.489440,1.350960,1.236230,2.648170,2.961720,2.583230,2.689890,2.118230,1.857940,1.237226,3.708010,3.136420,2.743460,1.414080,1.280920
2023-04-11,2.443350,2.696460,2.400120,2.442170,1.954310,1.744000,3.283740,2.774900,2.489740,1.351460,1.236110,2.645990,2.958430,2.581260,2.687120,2.117260,1.857550,1.236394,3.713280,3.123090,2.743830,1.414700,1.280780
2023-04-06,2.433200,2.680510,2.389820,2.433490,1.948050,1.740650,3.263260,2.743320,2.490080,1.354310,1.235610,2.633550,2.939350,2.568790,2.676600,2.109510,1.853350,1.231872,3.688380,3.083440,2.744260,1.418240,1.280170
2023-04-05,2.431830,2.679240,2.388560,2.431690,1.946740,1.739560,3.246440,2.753120,2.490230,1.352290,1.235510,2.632830,2.939060,2.568410,2.674520,2.108670,1.852360,1.230017,3.668060,3.095770,2.744440,1.415740,1.280040
2023-04-04,2.429520,2.677420,2.385540,2.430190,1.944980,1.737980,3.245560,2.752320,2.490220,1.351020,1.235320,2.629840,2.936200,2.564560,2.672180,2.106480,1.850360,1.224879,3.667070,3.094770,2.744440,1.414150,1.279810
2023-04-03,2.428130,2.675770,2.384610,2.429280,1.943410,1.736840,3.243720,2.745330,2.500890,1.349090,1.235200,2.627870,2.933260,2.563030,2.670720,2.104460,1.848840,1.231491,3.664890,3.086010,2.757310,1.411760,1.279670
2023-03-31,2.427720,2.674410,2.384380,2.430600,1.943180,1.736470,3.256490,2.731700,2.500900,1.348610,1.234830,2.626730,2.931450,2.561900,2.671310,2.103540,1.848210,1.227527,3.680220,3.068910,2.757270,1.411160,1.279230
2023-03-30,2.418570,2.661390,2.376070,2.419100,1.937010,1.732360,3.228870,2.715120,2.500880,1.345640,1.234730,2.616350,2.917160,2.552810,2.658010,2.096500,1.843440,1.222774,3.646710,3.048060,2.757290,1.407460,1.279100
2023-03-29,2.410260,2.648420,2.368010,2.409330,1.931870,1.729430,3.210310,2.691160,2.500870,1.346580,1.234630,2.606360,2.902140,2.543370,2.646450,2.090230,1.839890,1.217379,3.624140,3.017940,2.757260,1.408630,1.278980
2023-03-28,2.402450,2.636830,2.360520,2.401730,1.926860,1.726460,3.171600,2.688300,2.500900,1.345830,1.234530,2.598620,2.891130,2.536540,2.639040,2.085420,1.836920,1.214556,3.577150,3.014340,2.757300,1.407710,1.278860
2023-03-27,2.399620,2.631560,2.357910,2.401980,1.925740,1.726130,3.181740,2.663850,2.500900,1.348450,1.234430,2.594240,2.883680,2.532110,2.638510,2.083030,1.836100,1.214199,3.589380,2.983600,2.757300,1.410980,1.278730
2023-03-24,2.397390,2.628070,2.355450,2.397260,1.924460,1.725550,3.174810,2.659510,2.500930,1.349880,1.234100,2.591720,2.879770,2.529380,2.633220,2.081580,1.835440,1.211913,3.580960,2.978190,2.757340,1.412750,1.278330
2023-03-23,2.395520,2.626180,2.353450,2.395070,1.922460,1.724020,3.162790,2.663400,2.500960,1.347780,1.233990,2.589590,2.877470,2.527460,2.630910,2.079710,1.833700,1.212251,3.566490,2.983090,2.757370,1.410130,1.278200
2023-03-22,2.397220,2.629380,2.355270,2.398430,1.923140,1.723840,3.158200,2.678170,2.500940,1.344840,1.233870,2.592630,2.882830,2.530640,2.635470,2.081110,1.833870,1.211246,3.560840,3.001690,2.757370,1.406480,1.278050
2023-03-21,2.396630,2.628010,2.354880,2.399770,1.923120,1.723990,3.178200,2.656470,2.500910,1.346380,1.233790,2.590370,2.878850,2.528240,2.635110,2.079750,1.833410,1.210096,3.585200,2.974400,2.757360,1.408400,1.277960
2023-03-20,2.381870,2.606480,2.340240,2.385670,1.913240,1.718220,3.124490,2.635910,2.500930,1.345900,1.233650,2.573600,2.855080,2.512400,2.619270,2.068870,1.826810,1.206268,3.519910,2.948560,2.757410,1.407800,1.277780
2023-03-17,2.388790,2.617660,2.347140,2.389920,1.917120,1.719840,3.123030,2.672420,2.500930,1.342230,1.233340,2.583680,2.870890,2.522460,2.626600,2.074660,1.829460,1.204233,3.518150,2.994520,2.757230,1.403240,1.277410
2023-03-16,2.390740,2.620760,2.349630,2.394320,1.918430,1.720370,3.148540,2.659740,2.500950,1.341090,1.233510,2.584590,2.872290,2.523600,2.630260,2.075060,1.829530,1.209897,3.549070,2.978590,2.757270,1.401820,1.277620
2023-03-15,2.393850,2.625700,2.352420,2.395300,1.920290,1.721100,3.124090,2.697880,2.500940,1.339460,1.233130,2.591280,2.882880,2.530270,2.634370,2.079220,1.831580,1.203775,3.519310,3.026580,2.757260,1.399790,1.277160
2023-03-14,2.394090,2.626470,2.353620,2.395180,1.920160,1.720780,3.147280,2.677680,2.500930,1.337290,1.233050,2.589310,2.880270,2.529310,2.631940,2.077760,1.830330,1.208265,3.547530,3.001200,2.757300,1.397080,1.277050
2023-03-13,2.397430,2.631570,2.355440,2.395440,1.921830,1.721770,3.125700,2.714430,2.500950,1.338700,1.232910,2.595670,2.889700,2.534150,2.635450,2.081520,1.832490,1.209426,3.521340,3.047450,2.757330,1.398840,1.276890
2023-03-10,2.406530,2.645870,2.365350,2.405580,1.927290,1.724150,3.158980,2.729740,2.501020,1.334110,1.232590,2.606060,2.905940,2.545190,2.646910,2.087700,1.835190,1.210243,3.561790,3.066750,2.757420,1.393130,1.276500
2023-03-09,2.425450,2.675830,2.383820,2.424460,1.938150,1.729360,3.203520,2.784640,2.501050,1.327810,1.232470,2.628410,2.940810,2.566960,2.669270,2.100890,1.841540,1.217066,3.616000,3.135830,2.757470,1.385280,1.276360
2023-03-08,2.429120,2.681710,2.387810,2.427710,1.940200,1.730200,3.236420,2.773680,2.501050,1.326310,1.232370,2.630770,2.944570,2.569300,2.671420,2.101940,1.841780,1.223100,3.655980,3.122070,2.757470,1.383420,1.276230
2023-03-07,2.430870,2.684440,2.388930,2.429040,1.941730,1.731300,3.234890,2.785540,2.501020,1.327640,1.232250,2.633430,2.948680,2.571290,2.673360,2.104190,1.843350,1.218708,3.654100,3.136990,2.757460,1.385070,1.276090
2023-03-06,2.426610,2.679450,2.384310,2.425420,1.938100,1.728670,3.230200,2.773230,2.495850,1.325980,1.232150,2.626800,2.940010,2.564620,2.667440,2.099210,1.839650,1.219999,3.648380,3.121520,2.751090,1.383010,1.275970
2023-03-03,2.420430,2.671270,2.378630,2.417450,1.933600,1.725440,3.220610,2.756260,2.495830,1.322960,1.231850,2.618810,2.929500,2.557360,2.657430,2.093400,1.835520,1.217454,3.636700,3.100210,2.751070,1.379260,1.275600
2023-03-02,2.412070,2.658790,2.370810,2.409660,1.928240,1.722080,3.186450,2.748140,2.495820,1.321530,1.231750,2.610250,2.917390,2.549870,2.649460,2.087910,1.832000,1.212715,3.595200,3.090010,2.750960,1.377470,1.275490
2023-03-01,2.406600,2.650850,2.366140,2.404840,1.925770,1.721000,3.165940,2.746580,2.492830,1.323960,1.231660,2.604420,2.908990,2.545250,2.644530,2.085510,1.830950,1.210313,3.570380,3.088070,2.747380,1.380500,1.275370
2023-02-28,2.405990,2.649860,2.365670,2.407290,1.925520,1.720780,3.164980,2.745350,2.492800,1.323910,1.231590,2.603670,2.908100,2.544760,2.647420,2.085190,1.830730,1.210935,3.567250,3.086540,2.747380,1.380430,1.275290
2023-02-27,2.404500,2.647470,2.364340,2.407740,1.924400,1.719940,3.173580,2.730140,2.492800,1.323710,1.231520,2.600970,2.903980,2.542140,2.647230,2.083180,1.829380,1.213747,3.577600,3.067490,2.747290,1.380180,1.275200
2023-02-24,2.407870,2.652290,2.367180,2.410950,1.926640,1.721450,3.162150,2.755670,2.492840,1.324490,1.231250,2.606530,2.912080,2.547370,2.652500,2.086990,1.831840,1.209862,3.563760,3.099640,2.747350,1.381160,1.274870
2023-02-23,2.407580,2.652450,2.366890,2.410300,1.926230,1.721420,3.171210,2.746100,2.492870,1.325510,1.231160,2.605170,2.909680,2.545420,2.650590,2.085850,1.831250,1.212154,3.574860,3.087620,2.747380,1.382430,1.274770
2023-02-22,2.407670,2.652920,2.366920,2.409220,1.926100,1.721200,3.161730,2.756340,2.492840,1.324840,1.231020,2.606130,2.911440,2.546410,2.650200,2.086310,1.831290,1.211579,3.563380,3.100510,2.747380,1.381590,1.274600
2023-02-21,2.407380,2.652840,2.366310,2.408590,1.925470,1.720910,3.158920,2.757610,2.492940,1.325260,1.230950,2.605540,2.910510,2.545390,2.649300,2.085600,1.830820,1.212077,3.560000,3.102140,2.747200,1.382120,1.274520
2023-02-20,2.414840,2.663290,2.372960,2.417860,1.930270,1.724260,3.188470,2.762580,2.492920,1.328320,1.230900,2.612980,2.920370,2.551620,2.658720,2.090530,1.834360,1.219149,3.595800,3.108400,2.747260,1.385930,1.274450
2023-02-17,2.416800,2.666220,2.375000,2.418030,1.931660,1.724840,3.203290,2.759310,2.492860,1.327940,1.230590,2.615000,2.923360,2.553460,2.658410,2.091680,1.834920,1.220539,3.613760,3.104330,2.747150,1.385450,1.274070
2023-02-16,2.421570,2.673330,2.379250,2.422380,1.934620,1.726740,3.212580,2.772920,2.492880,1.329090,1.230460,2.620700,2.931490,2.558430,2.663540,2.095340,1.837230,1.221202,3.625000,3.121450,2.747190,1.386890,1.273910
2023-02-15,2.419490,2.669710,2.377110,2.419700,1.933110,1.725910,3.222160,2.752830,2.492890,1.329980,1.230310,2.616870,2.925200,2.554320,2.658580,2.092650,1.835740,1.217556,3.636460,3.096200,2.747210,1.387990,1.273740
2023-02-14,2.418030,2.668390,2.375220,2.417550,1.931680,1.724990,3.192260,2.774910,2.492930,1.329100,1.230210,2.616780,2.926040,2.554420,2.657820,2.092460,1.835290,1.219635,3.600360,3.123990,2.747250,1.386900,1.273610
2023-02-13,2.416310,2.666540,2.373970,2.415690,1.930000,1.723300,3.189210,2.772200,2.492920,1.325660,1.230080,2.614800,2.924050,2.553040,2.655710,2.090470,1.833290,1.221756,3.596660,3.120600,2.747240,1.382620,1.273450
2023-02-10,2.415820,2.663880,2.372470,2.415390,1.930600,1.724750,3.174170,2.778170,2.493400,1.332360,1.229810,2.615560,2.923150,2.552650,2.656780,2.091980,1.835560,1.221357,3.578450,3.128160,2.747840,1.390960,1.273120
2023-02-09,2.418820,2.668440,2.375130,2.418000,1.933020,1.726680,3.174270,2.793870,2.493440,1.335100,1.229770,2.619490,2.928750,2.556300,2.660120,2.095300,1.838020,1.224402,3.578480,3.147920,2.747750,1.394370,1.273070
2023-02-08,2.424150,2.676020,2.379860,2.424100,1.936540,1.728940,3.189350,2.804720,2.492220,1.336700,1.229650,2.625660,2.937420,2.561590,2.666950,2.099350,1.840720,1.226689,3.596720,3.161570,2.746300,1.396370,1.272930
2023-02-07,2.425210,2.677460,2.380840,2.426550,1.937250,1.729310,3.205390,2.795360,2.492200,1.336800,1.229690,2.625850,2.937580,2.561590,2.668800,2.099430,1.840780,1.231047,3.615960,3.149810,2.745740,1.396490,1.272980
2023-02-06,2.426490,2.678440,2.381470,2.428280,1.938620,1.730550,3.201690,2.803820,2.490560,1.340290,1.229610,2.628380,2.940490,2.563270,2.672180,2.101520,1.842650,1.230130,3.611250,3.160460,2.743790,1.400820,1.272880
2023-02-03,2.426990,2.679060,2.380850,2.427900,1.938980,1.731590,3.199280,2.806580,2.490630,1.344870,1.229360,2.628510,2.939690,2.562100,2.671670,2.102010,1.843700,1.230115,3.608620,3.163970,2.743870,1.406530,1.272580
2023-02-02,2.422100,2.672670,2.375740,2.421980,1.935150,1.729270,3.190710,2.792740,2.490660,1.344290,1.229220,2.621580,2.929890,2.555120,2.663650,2.097060,1.840470,1.227023,3.598360,3.146600,2.743920,1.405810,1.272420
2023-02-01,2.420010,2.668880,2.375200,2.418220,1.933200,1.727820,3.168660,2.793490,2.514830,1.339920,1.229100,2.620640,2.928010,2.556360,2.661620,2.095720,1.839390,1.223723,3.571580,3.147560,2.772700,1.400370,1.272270
2023-01-31,2.414320,2.660520,2.370020,2.413690,1.929550,1.725430,3.150320,2.784660,2.514630,1.338670,1.228940,2.614520,2.919400,2.551050,2.656570,2.091660,1.836740,1.221458,3.549320,3.136480,2.772480,1.398820,1.272070
2023-01-30,2.410310,2.654950,2.365960,2.408030,1.926700,1.723600,3.125870,2.789910,2.514510,1.337990,1.228810,2.610910,2.914580,2.547700,2.651050,2.089160,1.834970,1.218292,3.519750,3.143100,2.772350,1.397960,1.271910
2023-01-27,2.414710,2.661410,2.369650,2.411700,1.929140,1.725010,3.139710,2.797690,2.514500,1.338580,1.228520,2.615500,2.921270,2.551510,2.654920,2.091850,1.836530,1.222292,3.536550,3.152930,2.772320,1.398700,1.271560
2023-01-25,2.408880,2.652010,2.364000,2.404700,1.925950,1.723540,3.118070,2.788080,2.514560,1.340510,1.228560,2.609390,2.911680,2.545780,2.647270,2.088470,1.835030,1.217263,3.510280,3.140870,2.772330,1.401110,1.271610
2023-01-24,2.411940,2.656340,2.366950,2.408310,1.927990,1.724780,3.127390,2.793290,2.514720,1.341070,1.228390,2.613010,2.916750,2.549150,2.651330,2.090820,1.836540,1.218186,3.521600,3.147450,2.772540,1.401810,1.271400
2023-01-23,2.410730,2.654800,2.365950,2.406430,1.926950,1.723850,3.133140,2.783210,2.514780,1.339740,1.228310,2.611040,2.914080,2.547260,2.648700,2.089100,1.835190,1.219817,3.528570,3.134790,2.772620,1.400150,1.271300
2023-01-20,2.410220,2.652940,2.365460,2.406040,1.926780,1.723830,3.129260,2.781220,2.515090,1.341360,1.228010,2.611350,2.913470,2.547460,2.649440,2.089160,1.835510,1.221316,3.523840,3.132340,2.773010,1.402160,1.270940
2023-01-19,2.406460,2.646030,2.361630,2.403890,1.925210,1.723460,3.109090,2.778650,2.515270,1.344650,1.227830,2.608320,2.907910,2.544480,2.648010,2.087980,1.835600,1.217045,3.499390,3.129120,2.773160,1.406260,1.270730
2023-01-18,2.401870,2.640890,2.357590,2.397830,1.921300,1.720560,3.101300,2.767930,2.514840,1.340630,1.227640,2.601870,2.899890,2.538810,2.639370,2.083010,1.831680,1.211055,3.489980,3.115640,2.772390,1.401260,1.270490
2023-01-17,2.404780,2.645850,2.361260,2.399680,1.922840,1.720950,3.120260,2.765290,2.514860,1.336830,1.227520,2.604170,2.904250,2.541970,2.640320,2.084090,1.831730,1.214749,3.512940,3.112350,2.772450,1.396520,1.270350
2023-01-16,2.406160,2.647960,2.362690,2.400470,1.923720,1.721330,3.128050,2.765570,2.514980,1.336250,1.227410,2.605600,2.906550,2.543380,2.640860,2.084890,1.832120,1.214658,3.522350,3.112700,2.772610,1.395800,1.270220
2023-01-13,2.400950,2.640300,2.358310,2.395390,1.920630,1.719370,3.125060,2.746590,2.515000,1.335980,1.227130,2.598750,2.896680,2.537520,2.634350,2.080720,1.829500,1.213378,3.518750,3.088890,2.772630,1.395460,1.269870
2023-01-12,2.394950,2.631010,2.352780,2.390510,1.916960,1.717210,3.112350,2.729330,2.515080,1.336060,1.226990,2.591570,2.886000,2.531000,2.628480,2.076230,1.826870,1.209845,3.503340,3.067210,2.772720,1.395570,1.269700
2023-01-11,2.385800,2.618930,2.344470,2.381240,1.910350,1.712300,3.101850,2.703090,2.515220,1.330600,1.226830,2.579810,2.870760,2.520330,2.616360,2.067530,1.820590,1.203861,3.490620,3.034220,2.772880,1.388770,1.269510
2023-01-10,2.376700,2.605820,2.336450,2.371570,1.904480,1.708340,3.080100,2.682650,2.515300,1.327870,1.226760,2.569360,2.856180,2.511320,2.605540,2.060620,1.815940,1.198741,3.464310,3.008540,2.773010,1.385370,1.269430
2023-01-09,2.373360,2.601120,2.332780,2.368900,1.902090,1.707090,3.055160,2.689620,2.515270,1.328630,1.226660,2.566540,2.852160,2.508460,2.603760,2.058700,1.814880,1.195624,3.434020,3.017290,2.772900,1.386320,1.269300
2023-01-06,2.369600,2.595710,2.329740,2.367030,1.899770,1.704990,3.057840,2.673540,2.511710,1.325560,1.226350,2.561630,2.845840,2.504390,2.601210,2.055380,1.812190,1.196091,3.437410,2.997120,2.768530,1.382500,1.268930
2023-01-05,2.362080,2.584940,2.323340,2.361120,1.895250,1.701610,3.039400,2.659670,2.511970,1.322000,1.226300,2.553670,2.835150,2.497730,2.595270,2.050240,1.808410,1.182854,3.415040,2.979680,2.768860,1.378070,1.268870
2023-01-04,2.358670,2.581220,2.319250,2.359020,1.892630,1.699990,3.030340,2.656730,2.511540,1.321620,1.226230,2.549070,2.829760,2.492660,2.592160,2.047160,1.806290,1.186010,3.404130,2.975990,2.767940,1.377590,1.268780
2023-01-03,2.351040,2.569930,2.313250,2.353390,1.888010,1.696450,3.031350,2.622580,2.511960,1.317650,1.226100,2.539360,2.816070,2.484570,2.584060,2.040660,1.801690,1.176118,3.405310,2.933050,2.768410,1.372660,1.268620
2022-12-30,2.354760,2.576750,2.317310,2.357630,1.889160,1.696220,3.020820,2.650610,2.520020,1.311910,1.225710,2.545450,2.826330,2.491270,2.590930,2.043310,1.802080,1.179180,3.392580,2.968370,2.778150,1.365510,1.268150
2022-12-29,2.356610,2.578620,2.318740,2.359300,1.890760,1.697710,3.036060,2.642590,2.520060,1.314950,1.225620,2.546510,2.826930,2.491690,2.591990,2.044430,1.803460,1.179792,3.411020,2.958290,2.778190,1.369290,1.268050
2022-12-28,2.355490,2.577510,2.317530,2.356960,1.889850,1.696880,3.012770,2.661830,2.520110,1.313820,1.225550,2.547260,2.828660,2.492560,2.590850,2.044730,1.803250,1.180484,3.382840,2.982520,2.778280,1.367880,1.267960
2022-12-23,2.363920,2.588540,2.324790,2.366640,1.895900,1.701150,3.048290,2.665730,2.520420,1.319620,1.225090,2.556250,2.839860,2.499560,2.601260,2.051020,1.807990,1.189421,3.425880,2.987490,2.778690,1.375110,1.267400
2022-12-22,2.367640,2.593480,2.327530,2.369890,1.898340,1.702870,3.050620,2.678890,2.520500,1.321750,1.225030,2.561370,2.846640,2.503400,2.605860,2.054310,1.810310,1.184305,3.428730,3.004040,2.778690,1.377760,1.267330
2022-12-21,2.367580,2.592860,2.327060,2.370400,1.898230,1.703160,3.060620,2.666970,2.520350,1.323850,1.224940,2.559940,2.843920,2.501520,2.604620,2.053480,1.810210,1.190166,3.440820,2.989060,2.778430,1.380370,1.267220
2022-12-20,2.357840,2.578330,2.318090,2.361440,1.892100,1.699110,3.041090,2.641000,2.520520,1.322560,1.224830,2.548740,2.827670,2.491230,2.594550,2.046120,1.805430,1.187129,3.417220,2.956430,2.778700,1.378760,1.267080
2022-12-19,2.363220,2.585500,2.321840,2.367030,1.895810,1.702340,3.029590,2.673100,2.520390,1.328390,1.224750,2.556600,2.837920,2.497490,2.602510,2.051900,1.809970,1.188982,3.403260,2.996780,2.778510,1.386010,1.266980
2022-12-16,2.369190,2.593430,2.327380,2.373520,1.899740,1.705070,3.051150,2.677800,2.520500,1.331130,1.224470,2.563090,2.846220,2.503090,2.609490,2.056120,1.813080,1.193268,3.429360,3.002740,2.778480,1.389430,1.266650
2022-12-15,2.374720,2.601720,2.331940,2.382290,1.902920,1.707120,3.063000,2.692000,2.520340,1.332630,1.224450,2.569270,2.855020,2.508120,2.619060,2.059770,1.815370,1.192291,3.443730,3.020620,2.778340,1.391290,1.266630
2022-12-14,2.382830,2.613940,2.338450,2.390730,1.907460,1.710260,3.086620,2.704850,2.519820,1.335420,1.224400,2.577200,2.866000,2.514250,2.627390,2.064290,1.818490,1.198319,3.472750,3.036790,2.777700,1.394770,1.266560
2022-12-13,2.380280,2.610340,2.336210,2.388760,1.905590,1.708980,3.086990,2.692300,2.519780,1.334280,1.224320,2.573500,2.860720,2.510910,2.624230,2.061670,1.816750,1.202672,3.473210,3.021020,2.777590,1.393350,1.266460
2022-12-12,2.378660,2.607450,2.335470,2.386400,1.904990,1.708330,3.094030,2.680240,2.520300,1.332880,1.224220,2.571580,2.858080,2.509740,2.621860,2.060750,1.815990,1.197555,3.481650,3.005850,2.778230,1.391600,1.266340
2022-12-09,2.376410,2.604190,2.332700,2.382750,1.903580,1.707810,3.069790,2.691000,2.520140,1.334800,1.223960,2.570200,2.855960,2.508060,2.618790,2.059950,1.815780,1.196038,3.452320,3.019410,2.778030,1.393990,1.266020
2022-12-08,2.376610,2.604230,2.333130,2.382330,1.903800,1.707860,3.082860,2.679950,2.520260,1.334470,1.223860,2.569530,2.854860,2.507570,2.617570,2.059570,1.815520,1.197377,3.468140,3.005530,2.778170,1.393580,1.265910
2022-12-07,2.379740,2.608490,2.335780,2.385500,1.906050,1.709320,3.074400,2.702390,2.520400,1.335470,1.223780,2.574750,2.862520,2.512300,2.622590,2.063270,1.817850,1.198571,3.457880,3.033760,2.778250,1.394840,1.265810
2022-12-06,2.386870,2.619970,2.342870,2.391110,1.910440,1.711460,3.096910,2.719440,2.517200,1.333400,1.223770,2.583110,2.875540,2.520300,2.629420,2.068410,1.820410,1.200346,3.485100,3.055230,2.774440,1.392250,1.265800
2022-12-05,2.392080,2.628290,2.347670,2.395680,1.913390,1.713160,3.112830,2.729940,2.517020,1.333320,1.223680,2.588710,2.883840,2.525180,2.633810,2.071610,1.822220,1.204606,3.504340,3.068450,2.774240,1.392160,1.265690
2022-12-02,2.394890,2.632340,2.350310,2.399600,1.914910,1.714100,3.131460,2.724330,2.517220,1.333710,1.223400,2.590560,2.886290,2.526800,2.636880,2.072570,1.822860,1.203515,3.526920,3.061440,2.774490,1.392640,1.265350
2022-12-01,2.397510,2.637220,2.352960,2.402650,1.916130,1.714470,3.128490,2.740970,2.517070,1.331610,1.223290,2.594380,2.892560,2.530610,2.640990,2.074600,1.823630,1.205215,3.523340,3.082370,2.774140,1.390030,1.265220
2022-11-30,2.389290,2.627300,2.346280,2.394080,1.912060,1.710890,3.132440,2.720590,2.515340,1.327550,1.223110,2.584140,2.880390,2.521970,2.630740,2.069110,1.819210,1.201505,3.528320,3.056740,2.772070,1.384970,1.265000
2022-11-29,2.375160,2.606750,2.333400,2.381990,1.903210,1.705230,3.072490,2.710560,2.515250,1.324810,1.223020,2.570160,2.860800,2.510000,2.618820,2.060490,1.813490,1.195483,3.455700,3.044150,2.771970,1.381570,1.264880
2022-11-28,2.373450,2.603650,2.331500,2.383240,1.902390,1.704950,3.070830,2.703530,2.515320,1.326540,1.222880,2.568040,2.857200,2.507620,2.619430,2.059260,1.813030,1.192149,3.453640,3.035330,2.771980,1.383720,1.264720
2022-11-25,2.377700,2.610910,2.335280,2.387760,1.904180,1.705630,3.084550,2.712850,2.515080,1.324810,1.222630,2.572260,2.864140,2.511210,2.623550,2.061170,1.813640,1.195621,3.470330,3.047100,2.771690,1.381570,1.264420
2022-11-24,2.375900,2.608080,2.333200,2.386230,1.903080,1.705170,3.081220,2.707180,2.515010,1.326050,1.222540,2.569850,2.860470,2.508570,2.621610,2.059720,1.812960,1.194257,3.466300,3.039950,2.771480,1.383120,1.264310
2022-11-23,2.375100,2.606890,2.332990,2.385040,1.902750,1.704730,3.081050,2.704530,2.515230,1.324630,1.222500,2.569130,2.859590,2.508500,2.620350,2.059380,1.812560,1.196904,3.466110,3.036620,2.771740,1.381340,1.264260
2022-11-22,2.371350,2.601110,2.330160,2.381820,1.900590,1.703060,3.083720,2.685150,2.516730,1.322880,1.222410,2.564460,2.852560,2.504610,2.616390,2.056270,1.810430,1.194982,3.469330,3.012140,2.773460,1.379170,1.264140
2022-11-21,2.365530,2.592380,2.325110,2.375140,1.897040,1.700700,3.072040,2.669250,2.517160,1.321550,1.222320,2.557830,2.842930,2.498870,2.609160,2.052020,1.807690,1.187344,3.455200,2.992070,2.773980,1.377510,1.264040
2022-11-18,2.364490,2.591760,2.323940,2.373630,1.895890,1.700020,3.061850,2.674440,2.516800,1.320840,1.222080,2.556680,2.842020,2.497780,2.607540,2.051080,1.806970,1.190853,3.442910,2.998680,2.773510,1.376630,1.263750
2022-11-17,2.363170,2.589520,2.322810,2.370970,1.895240,1.699580,3.059750,2.670070,2.516940,1.320750,1.221990,2.555260,2.839840,2.496610,2.604710,2.050280,1.806490,1.184921,3.440350,2.993170,2.773650,1.376520,1.263640
2022-11-16,2.359360,2.585790,2.319720,2.366120,1.891960,1.697130,3.053500,2.661690,2.516580,1.316540,1.221900,2.550190,2.833930,2.492300,2.598170,2.046320,1.803440,1.182825,3.432830,2.982600,2.773020,1.371280,1.263530
2022-11-15,2.363110,2.592470,2.323370,2.368820,1.893660,1.697630,3.069530,2.668450,2.516480,1.313990,1.221800,2.553960,2.840350,2.495730,2.600860,2.048030,1.803860,1.187528,3.452200,2.991150,2.772920,1.368100,1.263410
2022-11-14,2.359440,2.587100,2.320130,2.367120,1.891210,1.695660,3.055010,2.666130,2.516730,1.311610,1.221730,2.550570,2.835850,2.492950,2.599100,2.045600,1.801920,1.186082,3.434640,2.988240,2.773130,1.365140,1.263320
2022-11-11,2.361540,2.590610,2.320350,2.371870,1.892030,1.696270,3.067500,2.670560,2.516810,1.313630,1.221480,2.551760,2.838350,2.492070,2.603790,2.045600,1.802200,1.187365,3.449740,2.993880,2.773250,1.367660,1.263020
2022-11-10,2.344910,2.564820,2.305170,2.356660,1.881780,1.689950,3.039540,2.615800,2.517250,1.312510,1.221350,2.531440,2.808270,2.473800,2.585140,2.032700,1.794400,1.179065,3.415980,2.924700,2.773770,1.366260,1.262860
2022-11-09,2.334690,2.551390,2.297140,2.341900,1.875270,1.684540,2.982680,2.627410,2.517900,1.303420,1.221240,2.523930,2.799830,2.469180,2.572840,2.027640,1.789780,1.164623,3.347440,2.939400,2.774570,1.354950,1.262720
2022-11-08,2.333770,2.551900,2.296440,2.341100,1.873470,1.682670,2.994600,2.617950,2.516400,1.298870,1.221140,2.521170,2.797370,2.466720,2.570520,2.024840,1.787070,1.170474,3.361740,2.927450,2.772810,1.349290,1.262610
2022-11-07,2.332500,2.549400,2.295590,2.336500,1.873480,1.682960,2.992440,2.612870,2.516630,1.299980,1.221070,2.519930,2.795250,2.465910,2.565520,2.024780,1.787440,1.168347,3.359230,2.921060,2.773090,1.350660,1.262520
2022-11-04,2.325720,2.538890,2.288840,2.328840,1.869340,1.680600,2.973450,2.598080,2.514130,1.301160,1.220820,2.512150,2.783810,2.458420,2.556630,2.019920,1.784660,1.170496,3.336320,2.902420,2.770040,1.352140,1.262220
2022-11-03,2.322230,2.533560,2.285540,2.326550,1.866760,1.678060,2.969120,2.588410,2.514680,1.298650,1.220720,2.508850,2.779310,2.454920,2.555100,2.016910,1.782020,1.162037,3.330940,2.890200,2.770720,1.349020,1.262090
2022-11-02,2.331840,2.548160,2.293690,2.334120,1.872650,1.682220,2.976220,2.625520,2.515510,1.302090,1.220660,2.520840,2.796490,2.465370,2.564830,2.024610,1.787150,1.170861,3.339550,2.937100,2.771710,1.353290,1.262020
2022-11-01,2.339770,2.559240,2.301490,2.343860,1.878420,1.686180,3.019660,2.621320,2.512840,1.303730,1.220570,2.527950,2.806260,2.472010,2.574100,2.029890,1.790950,1.173011,3.392050,2.931800,2.768430,1.355330,1.261910
2022-10-31,2.330910,2.545590,2.293880,2.335540,1.872990,1.682910,3.009700,2.585450,2.512770,1.303270,1.220470,2.516680,2.789300,2.462160,2.563520,2.022880,1.786690,1.169336,3.380000,2.886520,2.768360,1.354760,1.261800
2022-10-28,2.325450,2.536950,2.288270,2.330620,1.869390,1.680910,3.008670,2.559870,2.512740,1.305050,1.220220,2.508980,2.777560,2.454320,2.556220,2.017720,1.783790,1.166877,3.378760,2.854270,2.768330,1.356980,1.261480
2022-10-27,2.321140,2.531620,2.284200,2.322080,1.866480,1.679220,2.965990,2.579560,2.512290,1.303570,1.220120,2.506370,2.774690,2.452440,2.548960,2.016220,1.782720,1.160207,3.327080,2.879150,2.767900,1.355130,1.261370
2022-10-26,2.320120,2.530720,2.284340,2.321810,1.865830,1.678530,2.974200,2.568140,2.512280,1.299660,1.220050,2.504310,2.772480,2.451670,2.547680,2.015010,1.781610,1.160737,3.336990,2.864730,2.767600,1.350270,1.261280
2022-10-25,2.323670,2.536550,2.288690,2.324930,1.867890,1.678850,2.998140,2.566080,2.512630,1.295020,1.219940,2.508060,2.778780,2.455970,2.551410,2.016920,1.781920,1.162906,3.365960,2.862150,2.768060,1.344500,1.261150
2022-10-24,2.318840,2.529760,2.285010,2.317980,1.864840,1.676190,2.982170,2.560540,2.513050,1.290590,1.219850,2.503690,2.773410,2.453070,2.544330,2.013930,1.779360,1.154108,3.346660,2.855180,2.768600,1.338980,1.261040
2022-10-21,2.309140,2.515950,2.276200,2.303560,1.858280,1.672050,2.965760,2.530860,2.513000,1.288780,1.219600,2.491520,2.756020,2.441900,2.527540,2.005710,1.774060,1.147939,3.326890,2.817740,2.768550,1.336730,1.260730
2022-10-20,2.305720,2.510750,2.271840,2.301410,1.856120,1.671150,2.927650,2.547480,2.512890,1.292080,1.219560,2.489790,2.753110,2.439530,2.527580,2.004730,1.773800,1.154346,3.280980,2.838750,2.768380,1.340830,1.260680
2022-10-19,2.314320,2.522320,2.279320,2.311450,1.861900,1.674980,2.950140,2.565750,2.513170,1.295710,1.219550,2.500040,2.766970,2.448200,2.539330,2.011390,1.778370,1.158063,3.308070,2.861820,2.768670,1.345360,1.260680
2022-10-18,2.317100,2.525870,2.281660,2.315660,1.864070,1.676700,2.974350,2.558840,2.513120,1.298180,1.219510,2.501990,2.769140,2.449460,2.542750,2.012990,1.779840,1.156969,3.337690,2.853120,2.768610,1.348430,1.260620
2022-10-17,2.304770,2.508080,2.270350,2.300310,1.855870,1.671310,2.948790,2.523230,2.513170,1.295860,1.219380,2.487050,2.747860,2.435690,2.524730,2.002860,1.773260,1.152048,3.306570,2.808150,2.768690,1.345540,1.260460
2022-10-14,2.303900,2.507100,2.269250,2.300380,1.855780,1.671280,2.817220,2.555970,2.508400,1.296010,1.219170,2.489520,2.752240,2.438370,2.528220,2.005030,1.774540,1.152320,3.144430,2.849530,2.762850,1.345720,1.260210
2022-10-13,2.301630,2.503400,2.267250,2.297260,1.854090,1.670130,2.846750,2.515320,2.508500,1.296220,1.219160,2.483480,2.742900,2.432260,2.521600,2.000890,1.771890,1.148548,3.180090,2.798230,2.762930,1.345990,1.260200
2022-10-12,2.292990,2.490770,2.258900,2.286740,1.849110,1.667650,2.811680,2.514000,2.504870,1.297560,1.219080,2.474960,2.730670,2.424600,2.511310,1.996120,1.769440,1.145645,3.137690,2.796580,2.758580,1.347650,1.260100
2022-10-11,2.293860,2.492430,2.259990,2.288300,1.849370,1.667600,2.817640,2.515100,2.504800,1.296190,1.218980,2.475860,2.732210,2.425640,2.512950,1.996360,1.769350,1.148444,3.144900,2.797990,2.758520,1.345960,1.259980
2022-10-10,2.301450,2.502750,2.266670,2.295440,1.854730,1.671440,2.846640,2.521390,2.504790,1.300750,1.218920,2.483840,2.742550,2.432100,2.520350,2.001880,1.773410,1.151406,3.179930,2.805960,2.758510,1.351620,1.259900
2022-10-07,2.306620,2.511300,2.270340,2.299950,1.857610,1.673570,2.864020,2.549310,2.504450,1.302860,1.218710,2.490280,2.752310,2.436930,2.525870,2.005740,1.776040,1.158919,3.200990,2.841240,2.758060,1.354240,1.259650
2022-10-06,2.318830,2.529260,2.281180,2.314390,1.865790,1.679010,2.917780,2.563440,2.496890,1.306280,1.218660,2.502470,2.769900,2.447220,2.540660,2.014000,1.781630,1.163614,3.265950,2.859110,2.748960,1.358510,1.259600
2022-10-05,2.319180,2.528530,2.280330,2.318420,1.866090,1.679910,2.919850,2.561520,2.496790,1.311030,1.218640,2.502290,2.768460,2.445780,2.544200,2.013980,1.782450,1.165101,3.268680,2.856690,2.748550,1.364420,1.259570
2022-10-04,2.308750,2.513430,2.270090,2.308370,1.859130,1.675630,2.915030,2.524590,2.497960,1.310830,1.218360,2.488440,2.748420,2.432120,2.530920,2.004640,1.776710,1.158100,3.262090,2.810100,2.749840,1.364180,1.259230
2022-10-03,2.276030,2.466670,2.240680,2.274540,1.837670,1.661490,2.836130,2.448990,2.497720,1.302590,1.218140,2.450340,2.694760,2.398230,2.492180,1.979490,1.760060,1.142102,3.166690,2.714660,2.749660,1.353910,1.258960
2022-09-30,2.269250,2.457730,2.236060,2.267240,1.834890,1.659400,2.798030,2.454560,2.490940,1.300970,1.217910,2.444400,2.687740,2.395010,2.485620,1.977350,1.758340,1.136545,3.120510,2.721740,2.741510,1.351890,1.258680
2022-09-29,2.275030,2.466400,2.242570,2.274390,1.839440,1.662780,2.803020,2.480470,2.490780,1.299280,1.217860,2.452030,2.699420,2.404120,2.494810,1.983800,1.762710,1.141761,3.126490,2.754460,2.741290,1.349800,1.258630
2022-09-28,2.275060,2.466350,2.243660,2.275150,1.839370,1.662610,2.837020,2.449900,2.490650,1.297280,1.217790,2.449140,2.695010,2.402130,2.493290,1.981870,1.761420,1.141319,3.167480,2.715860,2.741290,1.347300,1.258530
2022-09-27,2.272230,2.463060,2.240730,2.270690,1.836950,1.660490,2.813490,2.460780,2.490640,1.295660,1.217690,2.447790,2.693490,2.400400,2.489970,1.980080,1.759610,1.140360,3.139050,2.729620,2.740880,1.345280,1.258420
2022-09-26,2.271220,2.460470,2.239440,2.271310,1.836740,1.661090,2.816730,2.451510,2.490540,1.299770,1.217640,2.446180,2.689840,2.398520,2.490490,1.979500,1.760020,1.141619,3.143020,2.717930,2.740750,1.350410,1.258360
2022-09-23,2.285840,2.480930,2.252260,2.281530,1.846640,1.668060,2.845340,2.493760,2.490430,1.306140,1.217510,2.464050,2.714350,2.414330,2.502430,1.991730,1.768420,1.150553,3.177490,2.771340,2.740620,1.358340,1.258200
2022-09-21,2.305110,2.507610,2.268540,2.302800,1.859540,1.677540,2.908130,2.533150,2.490130,1.317130,1.217470,2.485650,2.742890,2.432220,2.525710,2.006470,1.779020,1.160054,3.253190,2.821110,2.740210,1.372010,1.258150
2022-09-20,2.318130,2.526580,2.279020,2.314890,1.866580,1.681750,2.937900,2.564460,2.490020,1.317670,1.217400,2.501100,2.764710,2.444420,2.540080,2.014990,1.784070,1.168630,3.289160,2.860670,2.739850,1.372680,1.258060
2022-09-19,2.314730,2.521480,2.275550,2.314220,1.864080,1.680200,2.953170,2.536350,2.490020,1.317830,1.217350,2.494760,2.755430,2.437870,2.536780,2.010440,1.781370,1.167765,3.307590,2.825170,2.739820,1.372880,1.258000
2022-09-16,2.315600,2.523150,2.276600,2.315770,1.864630,1.680380,2.950020,2.544070,2.490040,1.316770,1.217160,2.496400,2.758190,2.439720,2.539380,2.011520,1.781820,1.168639,3.303780,2.834980,2.739840,1.371570,1.257770
2022-09-15,2.326770,2.539690,2.286690,2.325820,1.871620,1.684650,2.978800,2.572340,2.490010,1.318600,1.217150,2.509560,2.777010,2.451360,2.551350,2.019830,1.786900,1.174249,3.338480,2.870700,2.739810,1.373830,1.257760
2022-09-14,2.328570,2.541970,2.287890,2.328370,1.872470,1.685310,2.999650,2.564610,2.489870,1.320640,1.217090,2.510320,2.777460,2.451250,2.553370,2.019960,1.787150,1.176623,3.363670,2.860940,2.739690,1.376380,1.257690
2022-09-13,2.340710,2.560120,2.298560,2.341710,1.880290,1.690340,3.008210,2.617200,2.489810,1.323140,1.217140,2.526610,2.801080,2.465940,2.570850,2.030700,1.793890,1.180998,3.374030,2.927390,2.739630,1.379500,1.257740
2022-09-12,2.347610,2.570990,2.304800,2.349910,1.883730,1.692270,3.074630,2.603260,2.489480,1.323220,1.217100,2.530930,2.807300,2.469060,2.576400,2.032620,1.794840,1.187859,3.454330,2.909790,2.739260,1.379590,1.257700
2022-09-09,2.338790,2.557170,2.296750,2.340210,1.878820,1.689720,3.048430,2.578510,2.489620,1.324370,1.216960,2.520680,2.791840,2.459860,2.565520,2.026640,1.791720,1.183074,3.422680,2.878590,2.739430,1.381030,1.257520
2022-09-08,2.331480,2.545640,2.290080,2.333230,1.874460,1.686910,3.010800,2.565550,2.489870,1.323580,1.216920,2.513110,2.780690,2.453330,2.558880,2.021930,1.788800,1.178306,3.377250,2.862230,2.739750,1.380040,1.257480
2022-09-07,2.319770,2.529090,2.279540,2.320390,1.866690,1.681640,2.994680,2.527830,2.489890,1.319950,1.216850,2.498390,2.760310,2.439960,2.543190,2.012070,1.782210,1.169136,3.357780,2.814550,2.739780,1.375520,1.257400
2022-09-06,2.319340,2.529150,2.278350,2.318780,1.866170,1.681180,2.967250,2.556980,2.485600,1.320050,1.216830,2.500440,2.764010,2.441490,2.543710,2.013290,1.782660,1.168997,3.324620,2.851360,2.734650,1.375640,1.257370
2022-09-05,2.320410,2.530500,2.278750,2.319200,1.866730,1.681830,2.970910,2.562780,2.485370,1.322060,1.216770,2.501710,2.765480,2.442120,2.544350,2.014120,1.783430,1.170338,3.329040,2.858680,2.734350,1.378150,1.257300
2022-09-02,2.318310,2.527020,2.277470,2.318220,1.865550,1.681270,2.972220,2.552510,2.485270,1.322170,1.216620,2.499250,2.761260,2.440630,2.543310,2.012920,1.782720,1.172818,3.330590,2.845760,2.734230,1.378290,1.257120
2022-09-01,2.323740,2.535480,2.282590,2.321840,1.868230,1.681960,2.986650,2.561170,2.485430,1.319570,1.216570,2.504840,2.770660,2.446110,2.547290,2.015750,1.783580,1.170930,3.348050,2.856290,2.734440,1.375070,1.257060
2022-08-31,2.332050,2.547320,2.287450,2.329030,1.872330,1.684740,2.996650,2.591850,2.482010,1.323960,1.216540,2.516050,2.785260,2.452740,2.556520,2.021260,1.787170,1.176501,3.360120,2.895030,2.730340,1.380510,1.257020
2022-08-30,2.334130,2.550520,2.289380,2.331840,1.873790,1.685650,3.006450,2.593440,2.481950,1.324090,1.216460,2.517990,2.788410,2.454550,2.559380,2.022740,1.788090,1.176781,3.371960,2.897040,2.729940,1.380670,1.256920
2022-08-29,2.333280,2.549530,2.288700,2.332650,1.872670,1.684530,3.020300,2.578360,2.481880,1.322470,1.216420,2.515640,2.785150,2.452200,2.559360,2.020530,1.786310,1.178928,3.388690,2.878010,2.729850,1.378650,1.256870
2022-08-26,2.344690,2.566320,2.297370,2.345370,1.879510,1.688910,3.035530,2.620300,2.481760,1.326270,1.216270,2.529780,2.805800,2.462870,2.574740,2.029170,1.791860,1.186885,3.407090,2.931000,2.729700,1.383390,1.256690
2022-08-25,2.342540,2.562970,2.296690,2.339820,1.878270,1.687880,3.085110,2.569960,2.481680,1.323910,1.216200,2.524030,2.797330,2.460150,2.565070,2.025600,1.789430,1.188936,3.467020,2.872000,2.729500,1.380440,1.256610
2022-08-24,2.335370,2.552550,2.290040,2.333150,1.873530,1.684870,3.069480,2.552290,2.481800,1.323920,1.216150,2.515570,2.785070,2.452320,2.557370,2.019810,1.785760,1.183481,3.448120,2.849690,2.729650,1.380450,1.256540
2022-08-23,2.329640,2.543580,2.284690,2.329670,1.870190,1.683130,3.056530,2.535300,2.481700,1.325130,1.216090,2.508680,2.774510,2.446070,2.553370,2.015730,1.783600,1.184540,3.432490,2.828260,2.729490,1.381970,1.256480
2022-08-22,2.339700,2.558110,2.293500,2.341950,1.876410,1.687040,3.082300,2.558160,2.481910,1.327520,1.216080,2.520300,2.791160,2.456030,2.567580,2.022970,1.788200,1.191925,3.463630,2.857140,2.729750,1.384940,1.256460
2022-08-19,2.352950,2.577450,2.304090,2.357600,1.884310,1.692080,3.131000,2.579200,2.481970,1.332420,1.215930,2.534090,2.811180,2.466520,2.583520,2.031060,1.793560,1.198550,3.522470,2.883760,2.729830,1.391040,1.256280
2022-08-18,2.355510,2.580150,2.305840,2.360980,1.886310,1.693950,3.147140,2.573390,2.481790,1.336880,1.215880,2.536040,2.812940,2.467630,2.586740,2.032700,1.795350,1.203963,3.541980,2.876410,2.729610,1.396600,1.256210
2022-08-17,2.357090,2.582070,2.307010,2.361610,1.887510,1.694990,3.154170,2.573560,2.481880,1.339120,1.215830,2.537550,2.814680,2.468590,2.586740,2.033860,1.796440,1.201736,3.550480,2.876650,2.729660,1.399400,1.256160
2022-08-16,2.354240,2.577320,2.303640,2.358610,1.885600,1.694030,3.148850,2.564020,2.481600,1.341830,1.215770,2.534010,2.808940,2.464470,2.582880,2.031340,1.795160,1.201613,3.544050,2.864610,2.729280,1.402780,1.256080
2022-08-15,2.349750,2.571400,2.300140,2.353100,1.882730,1.691960,3.140060,2.553110,2.481540,1.338380,1.215680,2.528710,2.801880,2.460400,2.576150,2.027940,1.792680,1.194801,3.533430,2.850850,2.728910,1.398490,1.255970
2022-08-12,2.342610,2.561370,2.293890,2.344010,1.878160,1.688930,3.115700,2.542940,2.481490,1.335790,1.215520,2.521070,2.791150,2.453850,2.566450,2.023000,1.789330,1.191224,3.504000,2.838060,2.728330,1.395270,1.255790
2022-08-11,2.337110,2.552710,2.287720,2.340400,1.875520,1.688100,3.079390,2.548710,2.481450,1.339390,1.215490,2.516390,2.783760,2.448530,2.563970,2.021150,1.789010,1.190305,3.460130,2.845350,2.728280,1.399740,1.255740
2022-08-10,2.331760,2.544100,2.282740,2.334900,1.872670,1.686910,3.080830,2.521600,2.481530,1.341740,1.215430,2.508720,2.771820,2.441560,2.556160,2.016780,1.787020,1.191337,3.461910,2.811090,2.728360,1.402670,1.255670
2022-08-09,2.331700,2.543970,2.282360,2.335260,1.872730,1.687090,3.070920,2.530690,2.481870,1.342740,1.215380,2.509400,2.772760,2.441830,2.557520,2.017370,1.787530,1.187726,3.449940,2.822590,2.728780,1.403900,1.255610
2022-08-08,2.333250,2.546290,2.284130,2.336400,1.874060,1.688040,3.082170,2.527470,2.481750,1.342550,1.215320,2.510660,2.774550,2.443350,2.558270,2.018580,1.788430,1.191375,3.463520,2.818550,2.728600,1.403670,1.255540
2022-08-05,2.334800,2.548560,2.284830,2.340900,1.874860,1.688510,3.097450,2.524150,2.481980,1.344870,1.215230,2.511450,2.775840,2.443170,2.562740,2.018790,1.788600,1.191409,3.481990,2.814400,2.728780,1.406550,1.255430
2022-08-04,2.329430,2.540520,2.279240,2.336520,1.871310,1.686390,3.086520,2.510890,2.479170,1.345800,1.215170,2.504730,2.766170,2.436450,2.557150,2.014340,1.785940,1.188668,3.468790,2.797680,2.725440,1.407710,1.255360
2022-08-03,2.326950,2.537340,2.277330,2.332980,1.869800,1.685170,3.084010,2.509740,2.478690,1.346730,1.215130,2.501610,2.762390,2.434100,2.552980,2.012390,1.784440,1.186392,3.465760,2.796240,2.724850,1.408870,1.255310
2022-08-02,2.321450,2.528230,2.271540,2.327810,1.867010,1.684300,3.047750,2.512450,2.478570,1.349970,1.215070,2.496800,2.754320,2.429150,2.548620,2.010280,1.784040,1.185410,3.421930,2.799670,2.724750,1.412900,1.255240
2022-08-01,2.321570,2.528640,2.271730,2.326990,1.866950,1.684150,3.044490,2.514820,2.478290,1.348410,1.215170,2.497300,2.755170,2.429640,2.547880,2.010450,1.783990,1.189003,3.418010,2.802670,2.724480,1.410960,1.255350
2022-07-29,2.322620,2.529680,2.273260,2.326940,1.868360,1.685470,3.062250,2.500500,2.476510,1.347500,1.214990,2.496860,2.754260,2.430220,2.546300,2.011280,1.785010,1.185240,3.439470,2.784640,2.722390,1.409830,1.255140
2022-07-28,2.313280,2.517490,2.265850,2.317260,1.861830,1.680460,3.035840,2.485390,2.476540,1.341560,1.214870,2.486940,2.741100,2.422300,2.535950,2.004050,1.779330,1.177203,3.407520,2.765590,2.722370,1.402440,1.255000
2022-07-27,2.302710,2.502770,2.257030,2.304980,1.855300,1.676100,3.016440,2.457400,2.476630,1.337210,1.214650,2.474100,2.723380,2.411860,2.522040,1.996100,1.774010,1.171525,3.384390,2.730270,2.722490,1.397020,1.254720
2022-07-26,2.292090,2.488450,2.247490,2.293900,1.848320,1.671370,2.970380,2.453620,2.476420,1.334120,1.214600,2.463990,2.709440,2.402610,2.511070,1.989110,1.769120,1.166697,3.328720,2.725500,2.722260,1.393170,1.254660
2022-07-25,2.294550,2.492220,2.250080,2.297050,1.849840,1.672160,2.993530,2.445780,2.476390,1.333240,1.214430,2.465320,2.711740,2.404250,2.513680,1.989940,1.769510,1.169957,3.356710,2.715620,2.722330,1.392070,1.254460
2022-07-22,2.292980,2.490670,2.248820,2.296560,1.848510,1.670880,2.991200,2.443420,2.476350,1.330830,1.214250,2.463550,2.709910,2.402770,2.513180,1.988380,1.768010,1.169856,3.353890,2.712690,2.722290,1.389080,1.254240
2022-07-21,2.298190,2.500500,2.254790,2.301270,1.851000,1.671100,3.020750,2.449040,2.476440,1.324500,1.214170,2.468860,2.719670,2.408510,2.517800,1.990610,1.767920,1.167633,3.389600,2.719780,2.722460,1.381200,1.254150
2022-07-20,2.291940,2.491650,2.248970,2.291460,1.846900,1.668450,2.998540,2.442130,2.476430,1.323200,1.214110,2.462090,2.710250,2.402370,2.507280,1.986180,1.765010,1.163533,3.362760,2.711080,2.722450,1.379570,1.254070
2022-07-19,2.281190,2.474980,2.239040,2.280860,1.840350,1.664850,2.981770,2.406140,2.476400,1.323880,1.214100,2.448130,2.689520,2.390080,2.493960,1.977680,1.760290,1.160384,3.342500,2.665660,2.722410,1.380420,1.254060
2022-07-18,2.275830,2.466480,2.233410,2.277670,1.837630,1.663930,2.941140,2.415390,2.476570,1.326620,1.214090,2.444050,2.682830,2.385730,2.492620,1.976030,1.760040,1.158975,3.293370,2.677350,2.722600,1.383830,1.254050
2022-07-15,2.270600,2.457740,2.228740,2.274290,1.834810,1.662730,2.945420,2.385110,2.476700,1.327830,1.213950,2.435860,2.670320,2.378870,2.486710,1.971520,1.757930,1.157649,3.298550,2.639180,2.722770,1.385340,1.253880
2022-07-14,2.271770,2.459650,2.230520,2.272580,1.836230,1.663780,2.928750,2.403490,2.476930,1.326250,1.214000,2.439050,2.675000,2.382690,2.486650,1.974590,1.759910,1.154690,3.278400,2.662380,2.723100,1.383370,1.253930
2022-07-13,2.270900,2.458210,2.229500,2.270170,1.835740,1.663640,2.937860,2.391480,2.476700,1.328700,1.214060,2.437420,2.672060,2.380580,2.483350,1.973250,1.759330,1.155331,3.289430,2.647250,2.722840,1.386420,1.254010
2022-07-12,2.272250,2.460290,2.230980,2.271500,1.836460,1.663920,2.951000,2.386680,2.476640,1.327870,1.214050,2.438090,2.673290,2.381490,2.483820,1.973550,1.759350,1.158825,3.305290,2.641180,2.722480,1.385380,1.253940
2022-07-11,2.278620,2.470930,2.237500,2.277700,1.839670,1.664970,2.979410,2.394010,2.476670,1.323910,1.213980,2.444900,2.684320,2.388070,2.489860,1.976780,1.760300,1.155952,3.339630,2.650470,2.722560,1.380460,1.253850
2022-07-08,2.285800,2.481960,2.243740,2.281200,1.844090,1.667580,2.988220,2.419330,2.476360,1.324180,1.213860,2.454320,2.698200,2.395950,2.495380,1.982570,1.763730,1.161402,3.350260,2.682460,2.722190,1.380790,1.253700
2022-07-07,2.283300,2.477510,2.241190,2.279200,1.842660,1.667050,2.989740,2.404980,2.476430,1.325690,1.213840,2.450390,2.691940,2.392280,2.492890,1.980290,1.762770,1.160204,3.352100,2.664350,2.722280,1.382710,1.253680
2022-07-06,2.271240,2.461270,2.228690,2.267870,1.835990,1.662990,2.963050,2.389600,2.443770,1.327870,1.213820,2.436210,2.673110,2.377830,2.479630,1.972280,1.757750,1.151024,3.319850,2.644960,2.683070,1.385490,1.253660
2022-07-05,2.275150,2.468060,2.232690,2.266350,1.838140,1.663730,2.962770,2.409930,2.443540,1.325430,1.213800,2.442040,2.682450,2.383410,2.478840,1.975630,1.759090,1.147951,3.319520,2.670640,2.682800,1.382380,1.253630
2022-07-04,2.273350,2.465300,2.231430,2.265140,1.836920,1.662870,2.953310,2.407990,2.443530,1.324450,1.213800,2.440420,2.679950,2.382440,2.477680,1.974550,1.758270,1.151063,3.308090,2.668200,2.682810,1.381150,1.253630
2022-07-01,2.270000,2.460900,2.230100,2.261400,1.835600,1.662000,2.967400,2.386900,2.443500,1.323900,1.213700,2.434900,2.672500,2.379300,2.471800,1.971800,1.756600,1.143720,3.325200,2.641600,2.682800,1.380400,1.253500
2022-06-30,2.262230,2.452840,2.222040,2.252900,1.830750,1.657900,2.934130,2.397600,2.430730,1.319680,1.213580,2.427850,2.665770,2.371760,2.463640,1.967450,1.752410,1.142353,3.284920,2.655160,2.667470,1.375070,1.253360
2022-06-29,2.276300,2.475220,2.235380,2.265660,1.840040,1.663170,2.967410,2.437100,2.430730,1.317910,1.213520,2.445200,2.692340,2.387550,2.479150,1.978970,1.758930,1.147215,3.325140,2.705020,2.667460,1.372820,1.253290
2022-06-28,2.280020,2.481570,2.239080,2.269300,1.841910,1.663730,2.971190,2.452370,2.430730,1.315770,1.213460,2.450360,2.700570,2.392340,2.484160,1.981650,1.759880,1.149284,3.329710,2.724290,2.667430,1.370080,1.253220
2022-06-27,2.279980,2.481260,2.239080,2.271620,1.841620,1.663440,2.990520,2.435320,2.430710,1.315920,1.213460,2.448480,2.697840,2.390720,2.484720,1.980100,1.758860,1.148366,3.353060,2.702800,2.667420,1.370270,1.253220
2022-06-24,2.269740,2.464350,2.228840,2.260520,1.835090,1.660040,2.979220,2.390500,2.430620,1.318180,1.213360,2.434770,2.676350,2.377680,2.470730,1.971330,1.754180,1.140964,3.339430,2.646270,2.667350,1.373160,1.253100
2022-06-23,2.255320,2.444130,2.216130,2.244640,1.826530,1.654790,2.922170,2.378240,2.430600,1.316130,1.213270,2.420380,2.655920,2.365150,2.454200,1.962740,1.748790,1.133905,3.270490,2.630820,2.667310,1.370550,1.252990
2022-06-22,2.252090,2.440980,2.214280,2.238130,1.824290,1.652620,2.908760,2.379330,2.430620,1.311520,1.213140,2.417780,2.653450,2.363850,2.447060,1.960790,1.746580,1.129590,3.254290,2.632210,2.667150,1.364680,1.252830
2022-06-21,2.252070,2.442180,2.214850,2.237590,1.823650,1.651370,2.908210,2.383300,2.430540,1.307510,1.212960,2.418080,2.655190,2.364730,2.446760,1.960290,1.745250,1.130163,3.253630,2.637250,2.667120,1.359570,1.252610
2022-06-20,2.237790,2.421580,2.201970,2.222260,1.815050,1.646280,2.876970,2.348470,2.430480,1.307500,1.212860,2.401420,2.630990,2.349730,2.429120,1.949900,1.739060,1.124782,3.215890,2.593290,2.667060,1.359570,1.252490
2022-06-17,2.242670,2.428810,2.206690,2.224950,1.818320,1.648280,2.882510,2.365210,2.430430,1.306650,1.212740,2.407580,2.640130,2.355750,2.432470,1.954160,1.741700,1.124754,3.222560,2.614460,2.667000,1.358480,1.252340
2022-06-16,2.250970,2.440740,2.213280,2.231950,1.823230,1.651400,2.877430,2.406100,2.430460,1.309250,1.212760,2.419600,2.657090,2.365300,2.442820,1.961440,1.746250,1.130094,3.216440,2.666070,2.667010,1.361790,1.252370
2022-06-15,2.266560,2.463680,2.229840,2.248010,1.833220,1.656970,2.946610,2.412150,2.430430,1.305770,1.212720,2.435380,2.680210,2.382160,2.459250,1.971770,1.752010,1.140281,3.300000,2.673730,2.666900,1.357350,1.252320
2022-06-14,2.270000,2.468400,2.231510,2.248950,1.834770,1.657960,2.935460,2.438350,2.430400,1.309040,1.212810,2.440980,2.688070,2.385440,2.461880,1.974570,1.753760,1.140142,3.286560,2.706810,2.666930,1.361530,1.252430
2022-06-13,2.288860,2.494160,2.247010,2.269510,1.847290,1.667050,2.933510,2.517490,2.430380,1.316850,1.212810,2.466680,2.723300,2.406800,2.488660,1.991960,1.765970,,3.284190,2.806730,2.666910,1.371500,1.252430
2022-06-10,2.304460,2.515740,2.261500,2.286330,1.857030,1.673410,3.006700,2.517670,2.430400,1.321330,1.212710,2.481920,2.743910,2.420400,2.505000,2.001260,1.772280,1.161427,3.372660,2.807000,2.666680,1.377210,1.252310
2022-06-09,2.322080,2.541080,2.277340,2.304280,1.868120,1.680480,3.059180,2.548980,2.430410,1.324370,1.212690,2.501690,2.772020,2.437700,2.524770,2.013770,1.780350,1.169066,3.436080,2.846530,2.666410,1.381090,1.252280
2022-06-08,2.336050,2.561200,2.289680,2.317420,1.876600,1.685770,3.091190,2.581920,2.430430,1.326040,1.212660,2.517990,2.795340,2.451880,2.540130,2.023820,1.786680,1.176242,3.474770,2.888130,2.666410,1.383210,1.252250
2022-06-07,2.335760,2.560370,2.289730,2.318600,1.876600,1.685970,3.099480,2.571420,2.429110,1.326250,1.212750,2.516730,2.793160,2.451180,2.540510,2.023260,1.786580,1.176359,3.484790,2.874870,2.664850,1.383490,1.252350
2022-06-06,2.340210,2.567320,2.292880,2.324150,1.879700,1.688090,3.095090,2.598470,2.426390,1.328760,1.212700,2.523570,2.803190,2.456010,2.548790,2.027810,1.789590,1.182519,3.479470,2.909040,2.661550,1.386680,1.252300
2022-06-03,2.339070,2.565120,2.291150,2.324150,1.879040,1.688000,3.075820,2.608150,2.426350,1.330180,1.212600,2.523400,2.802510,2.455230,2.549820,2.027900,1.789960,1.179150,3.456180,2.921310,2.661370,1.388500,1.252180
2022-06-02,2.339030,2.564740,2.291090,2.324070,1.878670,1.687650,3.099440,2.587090,2.426360,1.330480,1.212580,2.521110,2.799150,2.453230,2.548140,2.026000,1.788750,1.182472,3.484730,2.894730,2.661380,1.388880,1.252150
2022-06-01,2.337560,2.562350,2.289180,2.325100,1.878320,1.687980,3.075900,2.600730,2.426350,1.332570,1.212570,2.521090,2.798650,2.452550,2.551020,2.026670,1.789720,1.186594,3.456230,2.911970,2.661390,1.391550,1.252140
2022-05-31,2.342160,2.569150,2.292590,2.327780,1.881110,1.689830,3.103640,2.600140,2.422820,1.334570,1.212550,2.524860,2.804290,2.454920,2.551810,2.028850,1.791310,1.185936,3.489780,2.911230,2.657170,1.394100,1.252120
2022-05-30,2.346880,2.576600,2.294950,2.334520,1.884210,1.691890,3.110740,2.621530,2.422830,1.338180,1.212520,2.530850,2.813670,2.457940,2.560110,2.032760,1.793900,1.190609,3.498340,2.938240,2.657190,1.398710,1.252080
2022-05-27,2.339580,2.564930,2.287940,2.325850,1.879560,1.689310,3.100600,2.592670,2.422830,1.338420,1.212460,2.521150,2.798970,2.449150,2.549140,2.026680,1.790480,1.185411,3.486100,2.901870,2.657190,1.399010,1.252010
2022-05-26,2.326170,2.544770,2.275400,2.311830,1.871420,1.684640,3.059820,2.566950,2.422820,1.338800,1.212450,2.505980,2.776590,2.435430,2.533540,2.017500,1.785160,1.177810,3.436800,2.869420,2.657200,1.399500,1.251990
2022-05-25,2.320460,2.536600,2.270050,2.306580,1.867930,1.682600,3.020100,2.576690,2.422830,1.338050,1.212440,2.501590,2.770260,2.431370,2.529550,2.014930,1.783590,1.176300,3.388830,2.881730,2.657220,1.398540,1.251980
2022-05-24,2.315860,2.530420,2.266380,2.302680,1.865050,1.680570,3.005210,2.570250,2.422800,1.335750,1.212430,2.496760,2.763700,2.427600,2.525060,2.011860,1.781370,1.173090,3.370840,2.873600,2.657230,1.395610,1.251970
2022-05-23,2.320120,2.537580,2.270610,2.305630,1.867490,1.681580,3.026000,2.574470,2.422790,1.334000,1.212420,2.501190,2.770970,2.431760,2.528350,2.014300,1.782340,1.175189,3.395960,2.878970,2.657240,1.393380,1.251950
2022-05-20,2.316850,2.532530,2.267080,2.301620,1.865390,1.680450,3.007330,2.574290,2.422890,1.334520,1.212340,2.498250,2.766390,2.428540,2.524800,2.012400,1.781310,1.171517,3.373410,2.878780,2.657330,1.394050,1.251860
2022-05-19,2.308970,2.521050,2.260160,2.293620,1.860480,1.677340,2.989550,2.554150,2.422870,1.332800,1.212270,2.488810,2.752940,2.420520,2.515050,2.006550,1.777580,1.167906,3.351900,2.853370,2.657340,1.391850,1.251770
2022-05-18,2.321970,2.541170,2.272680,2.308590,1.868210,1.681420,3.018710,2.590180,2.422850,1.330440,1.212180,2.504670,2.776840,2.435280,2.532990,2.016090,1.782670,1.173915,3.387140,2.898870,2.657280,1.388850,1.251670
2022-05-17,2.329020,2.550870,2.279370,2.318530,1.872290,1.683770,3.076580,2.569930,2.422830,1.331020,1.212200,2.508960,2.783030,2.439670,2.540840,2.018470,1.784110,1.177027,3.456820,2.873310,2.657280,1.389580,1.251700
2022-05-16,2.320690,2.537930,2.271220,2.311450,1.867510,1.681400,3.041980,2.560410,2.422800,1.332990,1.212200,2.500250,2.769650,2.431390,2.533760,2.013540,1.781660,1.174320,3.415000,2.861320,2.657300,1.392100,1.251690
2022-05-13,2.319740,2.537120,2.269650,2.310480,1.866560,1.680740,3.048770,2.555330,2.422830,1.332470,1.212160,2.497940,2.767100,2.428540,2.531880,2.011650,1.780480,1.173340,3.423220,2.854940,2.657330,1.391440,1.251640
2022-05-12,2.301020,2.509120,2.252580,2.292180,1.855350,1.674290,2.996540,2.514650,2.422820,1.332620,1.212130,2.476540,2.735460,2.409470,2.510470,1.998750,1.772950,1.161516,3.360100,2.803600,2.657270,1.391630,1.251600
2022-05-11,2.306500,2.517920,2.257980,2.296560,1.858380,1.675570,2.982820,2.551380,2.422830,1.330020,1.212130,2.485710,2.749290,2.418010,2.518240,2.004130,1.775470,1.166323,3.343500,2.849980,2.657290,1.388310,1.251600
2022-05-10,2.309180,2.522160,2.261040,2.299820,1.859950,1.676140,3.003970,2.546320,2.422730,1.327610,1.212080,2.487400,2.752580,2.420520,2.520200,2.005320,1.775770,1.167806,3.369070,2.843610,2.657280,1.385250,1.251550
2022-05-09,2.311050,2.524960,2.263060,2.303640,1.861080,1.676740,2.988910,2.566040,2.422730,1.326660,1.212050,2.491420,2.758270,2.424460,2.525250,2.007860,1.777140,1.170249,3.350880,2.868520,2.657250,1.384030,1.251510
2022-05-06,2.326750,2.548360,2.278340,2.317470,1.871180,1.682700,3.044780,2.592880,2.421460,1.327810,1.212010,2.508360,2.783450,2.440710,2.540290,2.018880,1.783710,1.181779,3.418340,2.902390,2.655750,1.385510,1.251460
2022-05-05,2.343700,2.573790,2.293370,2.332420,1.882420,1.689920,3.076770,2.643520,2.418480,1.330570,1.212010,2.529380,2.814180,2.458840,2.559340,2.032880,1.792670,1.184388,3.457010,2.966330,2.652170,1.389020,1.251460
2022-05-04,2.350970,2.584750,2.300780,2.340300,1.886110,1.691400,3.138130,2.623710,2.418510,1.328310,1.212000,2.534070,2.821740,2.464000,2.565170,2.034810,1.793120,1.192191,3.531150,2.941330,2.652100,1.386140,1.251450
2022-05-03,2.347470,2.579400,2.297410,2.335110,1.884880,1.691270,3.115390,2.628080,2.418520,1.331050,1.212130,2.531540,2.817430,2.461350,2.560590,2.034230,1.793430,1.188866,3.503660,2.946870,2.652130,1.389630,1.251610
2022-05-02,2.350660,2.583520,2.299900,2.338490,1.887380,1.693340,3.120060,2.636960,2.418550,1.334150,1.212090,2.535540,2.822530,2.464440,2.564940,2.037310,1.795950,1.194734,3.509320,2.958090,2.652180,1.393590,1.251560
2022-04-29,2.355620,2.589900,2.303290,2.344680,1.890740,1.696030,3.110630,2.664770,2.414810,1.338480,1.212020,2.542940,2.832340,2.469800,2.573970,2.042350,1.799690,1.195548,3.497910,2.993260,2.647720,1.399110,1.251470
2022-04-28,2.358610,2.592940,2.306170,2.350480,1.892450,1.697340,3.147560,2.640840,2.414730,1.340380,1.212020,2.543200,2.831830,2.470460,2.577020,2.042330,1.800090,1.197677,3.542530,2.963070,2.647410,1.401520,1.251470
2022-04-27,2.342400,2.568480,2.290670,2.333510,1.882480,1.691630,3.095640,2.610960,2.414700,1.341560,1.212170,2.525320,2.805000,2.453600,2.558570,2.031160,1.793640,1.188624,3.479780,2.925350,2.647390,1.403030,1.251650
2022-04-26,2.344470,2.571530,2.292860,2.336460,1.884430,1.693180,3.088050,2.625150,2.414750,1.341880,1.212140,2.528940,2.809950,2.457120,2.562940,2.034230,1.795850,1.190684,3.470610,2.943280,2.647460,1.403430,1.251620
2022-04-22,2.363900,2.600830,2.310620,2.355690,1.895860,1.699640,3.126970,2.679470,2.414770,1.340470,1.212150,2.552370,2.844820,2.478100,2.585420,2.048270,1.803840,1.200418,3.517650,3.011910,2.647500,1.401630,1.251640
2022-04-21,2.379410,2.623200,2.324220,2.370700,1.905450,1.705840,3.158830,2.717800,2.414830,1.343310,1.212200,2.570850,2.871060,2.493880,2.602920,2.059740,1.811270,1.205844,3.556160,3.060310,2.647550,1.405260,1.251690
2022-04-20,2.380720,2.624640,2.325660,2.371560,1.906670,1.706980,3.174960,2.706650,2.414830,1.344470,1.212220,2.571110,2.870880,2.494360,2.602870,2.060300,1.812090,1.208123,3.575650,3.046250,2.647550,1.406730,1.251720
2022-04-19,2.381800,2.626180,2.326330,2.369180,1.907000,1.706960,3.182630,2.705770,2.414820,1.344720,1.212160,2.571870,2.872240,2.494810,2.600590,2.060450,1.811950,1.208715,3.584910,3.045140,2.647360,1.407050,1.251650
2022-04-14,2.376050,2.616890,2.320640,2.363380,1.904090,1.705970,3.169510,2.688930,2.414840,1.348610,1.212130,2.565330,2.861340,2.488210,2.593840,2.056840,1.810670,1.204306,3.569050,3.023960,2.647340,1.412010,1.251610
2022-04-13,2.373930,2.614050,2.318510,2.363330,1.902390,1.704690,3.179940,2.672950,2.415190,1.347150,1.212140,2.560990,2.855790,2.484260,2.592190,2.053680,1.808480,1.200818,3.581660,3.003810,2.647770,1.410150,1.251610
2022-04-12,2.365010,2.601190,2.310370,2.356050,1.896820,1.701240,3.145230,2.663690,2.414680,1.346580,1.212120,2.552260,2.842890,2.476240,2.585250,2.048080,1.804990,1.201335,3.539770,2.992160,2.647150,1.409420,1.251590
2022-04-11,2.367350,2.607000,2.311340,2.360480,1.898750,1.701840,3.169800,2.671760,2.378530,1.347410,1.212110,2.553480,2.847620,2.475790,2.588470,2.049260,1.804950,1.203404,3.569470,3.002370,2.603790,1.410480,1.251580
2022-04-08,2.371960,2.613270,2.314950,2.365950,1.900970,1.703100,3.194680,2.669810,2.378480,1.349150,1.212050,2.557320,2.852930,2.478490,2.592840,2.050810,1.805850,1.206999,3.599550,2.999950,2.603760,1.412700,1.251510
2022-04-07,2.368180,2.607240,2.311030,2.361120,1.898900,1.702180,3.186730,2.658980,2.378380,1.351160,1.212050,2.552810,2.845850,2.473940,2.587230,2.048320,1.804760,1.206982,3.589930,2.986300,2.603600,1.415250,1.251510
2022-04-06,2.368430,2.608970,2.310160,2.359710,1.899090,1.701930,3.176340,2.677910,2.368440,1.350820,1.212050,2.554260,2.849610,2.473980,2.587030,2.049380,1.804920,1.205226,3.577360,3.010200,2.591690,1.414820,1.251510
2022-04-05,2.374490,2.617820,2.315200,2.366150,1.903200,1.704840,3.195320,2.688640,2.368110,1.353710,1.212110,2.561080,2.859120,2.479240,2.594080,2.053900,1.808160,1.208910,3.600320,3.023740,2.591290,1.418500,1.251580
2022-04-04,2.381520,2.627950,2.320980,2.371700,1.907970,1.708020,3.240870,2.682560,2.368270,1.356480,1.212050,2.566390,2.867090,2.483310,2.598230,2.057700,1.810840,1.209495,3.655350,3.016090,2.591500,1.422040,1.251510
2022-04-01,2.377440,2.621940,2.317450,2.370530,1.905400,1.706410,3.226960,2.676250,2.368400,1.355930,1.212040,2.562090,2.860740,2.479700,2.596750,2.054950,1.809120,1.206361,3.638530,3.008170,2.591640,1.421330,1.251500
2022-03-31,2.373640,2.617270,2.313830,2.369420,1.903820,1.705560,3.217420,2.674140,2.353080,1.356260,1.212020,2.557980,2.855590,2.475700,2.595500,2.053230,1.808130,1.208301,3.627000,3.005520,2.573290,1.421750,1.251480
2022-03-30,2.381030,2.628070,2.320800,2.376990,1.908550,1.708520,3.248960,2.679880,2.353030,1.356480,1.212000,2.565080,2.866070,2.482370,2.602930,2.057850,1.811040,1.209991,3.665120,3.012780,2.573240,1.422040,1.251450
2022-03-29,2.379670,2.626750,2.319930,2.374210,1.907180,1.706990,3.259160,2.667800,2.353070,1.353210,1.212000,2.562250,2.863060,2.480360,2.598150,2.055430,1.808760,1.208356,3.677440,2.997540,2.573300,1.417870,1.251450
2022-03-28,2.368150,2.609390,2.308880,2.360260,1.899860,1.702620,3.216210,2.652070,2.353130,1.353020,1.212010,2.550110,2.845090,2.469130,2.583700,2.047840,1.804230,1.201929,3.625550,2.977700,2.573340,1.417630,1.251460
2022-03-25,2.362470,2.601300,2.302330,2.356500,1.896390,1.700640,3.198930,2.645750,2.353090,1.355970,1.211970,2.544190,2.836550,2.462040,2.579760,2.044100,1.802150,1.199019,3.604650,2.969770,2.572910,1.421390,1.251410
2022-03-24,2.360520,2.598380,2.300190,2.353830,1.895330,1.700150,3.199210,2.637850,2.353070,1.357280,1.211980,2.541580,2.832640,2.459200,2.576680,2.042580,1.801420,1.200090,3.604990,2.959790,2.572910,1.423050,1.251420
2022-03-23,2.357540,2.594810,2.297180,2.350620,1.893740,1.699140,3.188910,2.637470,2.353080,1.357530,1.211960,2.538930,2.829220,2.456180,2.573930,2.041060,1.800440,1.198394,3.592540,2.959330,2.572850,1.423370,1.251400
2022-03-22,2.360960,2.600360,2.299910,2.351310,1.895500,1.699820,3.225900,2.625420,2.353150,1.357620,1.211970,2.540310,2.832130,2.456850,2.573200,2.041290,1.800180,1.200870,3.637240,2.944130,2.572960,1.423490,1.251420
2022-03-21,2.350680,2.584760,2.289490,2.342880,1.889700,1.696950,3.201910,2.601580,2.353180,1.361860,1.211990,2.528600,2.814250,2.444980,2.563280,2.034550,1.796890,1.196028,3.608250,2.914050,2.572980,1.428880,1.251440
2022-03-18,2.353730,2.589260,2.291980,2.345470,1.892010,1.698630,3.215680,2.604340,2.353210,1.363320,1.211970,2.531540,2.818570,2.447270,2.566230,2.036870,1.798640,1.196126,3.624890,2.917580,2.573010,1.430740,1.251420
2022-03-17,2.347230,2.579860,2.286530,2.339020,1.888690,1.697050,3.194520,2.593200,2.353240,1.364110,1.211970,2.525080,2.808490,2.441660,2.559080,2.033440,1.797050,1.193850,3.599310,2.903530,2.573000,1.431740,1.251420
2022-03-16,2.338530,2.566280,2.278450,2.333540,1.883090,1.693610,3.173960,2.569990,2.353550,1.363380,1.211970,2.514370,2.792840,2.432470,2.551930,2.026850,1.793030,1.190193,3.574460,2.874220,2.573390,1.430830,1.251410
2022-03-15,2.320630,2.539890,2.262130,2.317950,1.872070,1.687040,3.102990,2.550020,2.353660,1.361790,1.211970,2.496280,2.766160,2.416470,2.535820,2.015820,1.786470,1.183586,3.488720,2.849040,2.573560,1.428790,1.251410
2022-03-14,2.320400,2.539550,2.261540,2.313600,1.872300,1.687520,3.080630,2.567460,2.353590,1.363450,1.211970,2.498360,2.768640,2.417710,2.533150,2.017590,1.787910,1.181666,3.461710,2.871070,2.573470,1.430910,1.251410
2022-03-11,2.314530,2.530030,2.255940,2.302420,1.868840,1.685850,3.076650,2.541750,2.353400,1.366090,1.211910,2.490610,2.756350,2.410440,2.520180,2.012840,1.785590,1.177030,3.456890,2.838650,2.573030,1.434270,1.251350
2022-03-10,2.321680,2.540480,2.262230,2.310640,1.873200,1.688520,3.095110,2.557630,2.353270,1.366990,1.211920,2.498700,2.768110,2.417370,2.530020,2.017810,1.788630,1.181908,3.479190,2.858710,2.572730,1.435420,1.251350
2022-03-09,2.317880,2.534360,2.258730,2.306240,1.871090,1.687460,3.110470,2.527390,2.352030,1.368640,1.211910,2.491880,2.757950,2.411300,2.522170,2.013760,1.786460,1.180775,3.497760,2.820550,2.571050,1.437520,1.251340
2022-03-08,2.299510,2.506330,2.241530,2.287860,1.859910,1.681260,3.038880,2.502650,2.352120,1.370620,1.211920,2.473180,2.729240,2.394130,2.503570,2.002480,1.780330,1.176200,3.411250,2.789320,2.570790,1.440040,1.251350
2022-03-07,2.308410,2.518200,2.249310,2.293250,1.866060,1.685850,3.050350,2.526560,2.352000,1.374640,1.211960,2.484220,2.743840,2.403680,2.510270,2.010270,1.786040,1.176688,3.425110,2.819530,2.570620,1.445160,1.251400
2022-03-04,2.326830,2.546050,2.265680,2.314080,1.877780,1.692830,3.127840,2.549610,2.349540,1.376090,1.211900,2.502850,2.771980,2.419610,2.532240,2.022070,1.793050,1.186689,3.518760,2.848660,2.567670,1.447000,1.251320
2022-03-03,2.340780,2.567420,2.278430,2.328830,1.886460,1.697790,3.190860,2.564340,2.349500,1.376280,1.211930,2.516720,2.793110,2.431740,2.546680,2.030510,1.797820,1.192334,3.594850,2.867240,2.567620,1.447230,1.251360
2022-03-02,2.343830,2.571480,2.281090,2.333230,1.888740,1.699560,3.225800,2.548200,2.349620,1.378340,1.211920,2.517800,2.794280,2.432450,2.549730,2.031470,1.798870,1.192128,3.637050,2.846860,2.567820,1.449860,1.251350
2022-03-01,2.338990,2.564490,2.276210,2.327140,1.885840,1.697910,3.204610,2.545490,2.349560,1.379460,1.211920,2.513230,2.787520,2.427710,2.544060,2.028700,1.797340,1.186347,3.611440,2.843460,2.567790,1.451290,1.251350
2022-02-28,2.343120,2.571350,2.280560,2.326640,1.888500,1.699330,3.255570,2.528110,2.347470,1.379330,1.211920,2.514600,2.790260,2.429240,2.540880,2.029230,1.797470,1.189559,3.673040,2.821530,2.565230,1.451120,1.251350
2022-02-25,2.341660,2.569890,2.280030,2.326430,1.887480,1.698250,3.270470,2.512130,2.347470,1.376510,1.211890,2.511440,2.786480,2.427270,2.539110,2.026970,1.795540,1.187652,3.691000,2.801360,2.565170,1.447530,1.251310
2022-02-24,2.334200,2.559730,2.273160,2.318980,1.883020,1.695430,3.239930,2.508090,2.347730,1.376010,1.211880,2.504380,2.776620,2.420620,2.532000,2.022650,1.792780,1.179716,3.654100,2.796280,2.565310,1.446890,1.251310
2022-02-23,2.347620,2.579990,2.284850,2.331190,1.891310,1.700420,3.237310,2.568200,2.347390,1.375930,1.211870,2.523090,2.804220,2.436760,2.549670,2.034580,1.799900,1.188981,3.650930,2.872200,2.564770,1.446790,1.251290
2022-02-22,2.349830,2.582670,2.287140,2.334110,1.893080,1.701900,3.270870,2.549570,2.347380,1.378340,1.211870,2.523220,2.803710,2.437020,2.550720,2.034890,1.800610,1.192045,3.691500,2.848680,2.564730,1.449860,1.251290
2022-02-21,2.361390,2.599930,2.297510,2.344570,1.900000,1.705970,3.299660,2.576780,2.347510,1.378350,1.211870,2.536510,2.823340,2.448670,2.562660,2.042910,1.805320,1.198291,3.726310,2.883060,2.564910,1.449880,1.251290
2022-02-18,2.366000,2.607020,2.301930,2.348900,1.902720,1.707420,3.326800,2.576720,2.347600,1.377940,1.211850,2.540520,2.829610,2.452430,2.566090,2.045140,1.806440,1.197498,3.759120,2.883020,2.565030,1.449350,1.251260
2022-02-17,2.375720,2.621430,2.310670,2.361150,1.908750,1.711110,3.349780,2.600600,2.347550,1.378440,1.211840,2.551770,2.846140,2.462360,2.580580,2.052240,1.810770,1.204885,3.786900,2.913190,2.564940,1.449990,1.251250
2022-02-16,2.382830,2.632340,2.317680,2.369280,1.913050,1.713450,3.395070,2.597500,2.347610,1.377650,1.211840,2.557740,2.855410,2.468160,2.587190,2.055660,1.812540,1.206184,3.841650,2.909300,2.565020,1.448980,1.251260
2022-02-15,2.376270,2.622560,2.311950,2.361480,1.909140,1.711120,3.395380,2.569220,2.347660,1.377850,1.211830,2.548870,2.842280,2.460400,2.577320,2.050100,1.809250,1.204071,3.842010,2.873590,2.565100,1.449240,1.251250
2022-02-14,2.374020,2.618760,2.309640,2.357540,1.908180,1.710980,3.365300,2.580740,2.347710,1.378950,1.211830,2.548260,2.840760,2.459720,2.574480,2.050470,1.809960,1.202839,3.805650,2.888170,2.565040,1.450640,1.251240
2022-02-11,2.376850,2.623010,2.312360,2.361170,1.909700,1.711750,3.386400,2.576600,2.347590,1.378750,1.211830,2.550330,2.843920,2.461640,2.577360,2.051360,1.810350,1.204284,3.831150,2.882980,2.564900,1.450380,1.251240
2022-02-10,2.387930,2.638890,2.322090,2.371110,1.917060,1.716770,3.417370,2.598750,2.347440,1.381760,1.211830,2.562780,2.861460,2.472280,2.588190,2.059740,1.816090,1.210753,3.868590,2.910970,2.564680,1.454220,1.251250
2022-02-09,2.392370,2.644780,2.326540,2.377510,1.919920,1.718750,3.447540,2.592050,2.347550,1.383300,1.211800,2.566180,2.865760,2.475720,2.593370,2.061870,1.817690,1.210465,3.905040,2.902530,2.564820,1.456170,1.251210
2022-02-08,2.378650,2.625150,2.315250,2.364960,1.912190,1.713960,3.410090,2.568300,2.347650,1.382230,1.211800,2.550930,2.844160,2.463540,2.579150,2.053270,1.812350,1.205972,3.859790,2.872550,2.564980,1.454810,1.251200
2022-02-07,2.372540,2.615210,2.309330,2.357790,1.908940,1.712670,3.401980,2.545660,2.347660,1.385820,1.211810,2.543270,2.831810,2.456200,2.570150,2.048990,1.810600,1.204049,3.849990,2.843960,2.565030,1.459380,1.251220
2022-02-04,2.374340,2.618050,2.310940,2.361270,1.910440,1.713730,3.420110,2.541390,2.344260,1.386930,1.211750,2.544320,2.833500,2.456980,2.573200,2.049990,1.811380,1.203305,3.871920,2.838630,2.560950,1.460800,1.251150
2022-02-03,2.366220,2.604680,2.302800,2.357910,1.905640,1.711570,3.389030,2.525700,2.343480,1.391020,1.211780,2.535600,2.819250,2.448410,2.569170,2.044910,1.809210,1.203554,3.834330,2.818830,2.560040,1.466010,1.251180
2022-02-02,2.378260,2.622550,2.314270,2.369900,1.913000,1.715860,3.450910,2.530250,2.343530,1.390900,1.211730,2.546830,2.835880,2.458890,2.580090,2.051600,1.813070,1.203243,3.909150,2.824580,2.560110,1.465850,1.251130
2022-02-01,2.368070,2.607740,2.305160,2.357860,1.906900,1.712170,3.435200,2.500010,2.343520,1.390550,1.211740,2.534380,2.817910,2.447690,2.566380,2.043940,1.808450,1.199249,3.890170,2.786420,2.560130,1.465410,1.251140
2022-01-31,2.361770,2.598490,2.299670,2.352060,1.903140,1.709910,3.422480,2.483410,2.340450,1.390320,1.211740,2.526900,2.807010,2.441280,2.559760,2.039390,1.805700,1.197147,3.874800,2.765460,2.556390,1.465120,1.251140
2022-01-28,2.354760,2.588600,2.293220,2.346790,1.898710,1.707060,3.382090,2.485850,2.340570,1.388620,1.211690,2.520850,2.798600,2.435940,2.555570,2.035790,1.803230,1.194122,3.825990,2.768590,2.556540,1.462950,1.251080
2022-01-27,2.336280,2.561730,2.276870,2.325250,1.887530,1.700260,3.334430,2.443270,2.340400,1.387410,1.211720,2.500100,2.768330,2.417720,2.530830,2.022910,1.795400,1.183717,3.768360,2.714820,2.556130,1.461410,1.251110
2022-01-25,2.343610,2.572260,2.283020,2.332710,1.892220,1.703370,3.332710,2.475260,2.340150,1.389510,1.211690,2.510310,2.782640,2.426220,2.541260,2.029590,1.799830,1.192084,3.766240,2.755250,2.555900,1.464090,1.251070
2022-01-24,2.363770,2.602090,2.300930,2.351320,1.904630,1.710850,3.374180,2.531570,2.340170,1.390330,1.211680,2.534160,2.817750,2.447130,2.563140,2.044610,1.808860,1.199653,3.816360,2.826390,2.555780,1.465130,1.251060
2022-01-21,2.369010,2.609200,2.305220,2.354860,1.907820,1.713020,3.380450,2.547230,2.339960,1.391910,1.211650,2.540530,2.826560,2.452440,2.567400,2.048680,1.811600,1.202449,3.823940,2.846220,2.555500,1.467140,1.251030
2022-01-20,2.386270,2.635820,2.320760,2.371750,1.917970,1.718620,3.410600,2.601910,2.339770,1.390020,1.211650,2.561610,2.858560,2.471020,2.588210,2.061330,1.818580,1.211572,3.860420,2.915310,2.555300,1.464740,1.251020
2022-01-19,2.389040,2.639940,2.323660,2.376800,1.919920,1.719840,3.430330,2.598830,2.339890,1.389590,1.211680,2.563660,2.861740,2.473350,2.592720,2.062890,1.819560,1.213871,3.884320,2.911420,2.555430,1.464190,1.251060
2022-01-18,2.396140,2.652070,2.329270,2.386100,1.924570,1.722290,3.459160,2.619180,2.317700,1.390350,1.211670,2.571060,2.874590,2.478850,2.602620,2.067740,1.822010,1.217533,3.919160,2.937150,2.528870,1.465150,1.251050
2022-01-17,2.405010,2.664750,2.337470,2.395290,1.930130,1.725880,3.504280,2.621290,2.317650,1.392250,1.211670,2.579330,2.886230,2.486240,2.611210,2.072830,1.825380,1.222299,3.973730,2.939830,2.528810,1.467570,1.251040
2022-01-14,2.399980,2.657850,2.332140,2.390230,1.927330,1.724200,3.494940,2.612870,2.301900,1.393820,1.211650,2.573310,2.878120,2.479940,2.605140,2.069390,1.823300,1.218306,3.962440,2.929230,2.509950,1.469580,1.251020
2022-01-13,2.403900,2.663350,2.335300,2.395620,1.929790,1.725890,3.491730,2.631260,2.301880,1.394950,1.211640,2.578740,2.885830,2.484450,2.611970,2.073000,1.825700,1.220614,3.958570,2.952480,2.509940,1.471020,1.251020
2022-01-12,2.407220,2.668580,2.338950,2.399500,1.932170,1.727330,3.529280,2.618060,2.301860,1.394800,1.211640,2.580380,2.888420,2.486390,2.614480,2.074120,1.826400,1.225447,4.003970,2.935820,2.509940,1.470850,1.251010
2022-01-11,2.403260,2.663020,2.335760,2.395800,1.929690,1.725610,3.526970,2.603860,2.301860,1.393330,1.211630,2.575270,2.881320,2.482300,2.609530,2.070850,1.824150,1.221338,4.001170,2.917890,2.509960,1.468970,1.251000
2022-01-10,2.403400,2.663180,2.335740,2.397650,1.929510,1.725380,3.504150,2.621150,2.301840,1.392300,1.211630,2.577160,2.884170,2.484050,2.613180,2.071960,1.824650,1.219149,3.973580,2.939760,2.509960,1.467660,1.251000
2022-01-07,2.398970,2.659890,2.328910,2.397290,1.927700,1.723800,3.509580,2.621300,2.281350,1.393990,1.211610,2.571240,2.879520,2.475390,2.611480,2.069340,1.822440,1.220346,3.980150,2.939980,2.485480,1.469790,1.250980
2022-01-06,2.392650,2.651040,2.324680,2.391500,1.924780,1.722010,3.515580,2.596310,2.281350,1.393880,1.211630,2.562430,2.867270,2.469260,2.602870,2.064900,1.819740,1.215202,3.987400,2.908430,2.485480,1.469650,1.251000
2022-01-05,2.403160,2.666730,2.332540,2.404160,1.931390,1.726290,3.501830,2.653700,2.281350,1.396300,1.211570,2.577710,2.889880,2.481170,2.620120,2.074990,1.826140,1.224331,3.970770,2.980940,2.485480,1.472730,1.250930
2022-01-04,2.409130,2.675990,2.337970,2.413060,1.935280,1.728640,3.535810,2.656760,2.274390,1.397430,1.211570,2.583200,2.898270,2.485820,2.628400,2.078420,1.828220,1.228707,4.011860,2.984840,2.477170,1.474160,1.250930
2021-12-31,2.395280,2.655110,2.324850,2.397800,1.927330,1.724260,3.522220,2.610470,2.257450,1.400320,1.211570,2.565310,2.871890,2.469250,2.609250,2.067850,1.822320,1.221783,3.995430,2.926400,2.456910,1.477840,1.250930
2021-12-30,2.400420,2.662940,2.329290,2.404280,1.930520,1.726180,3.527190,2.629770,2.257520,1.400750,1.211570,2.571970,2.881820,2.474890,2.617630,2.072070,1.824850,1.223815,4.001450,2.950800,2.457000,1.478390,1.250920
2021-12-29,2.399030,2.660380,2.327710,2.404030,1.929800,1.726040,3.522640,2.626110,2.257460,1.402590,1.211530,2.570360,2.878940,2.473130,2.616680,2.071250,1.824720,1.222003,3.995950,2.946200,2.456950,1.480730,1.250880
2021-12-24,2.388010,2.644550,2.317870,2.390440,1.923100,1.721810,3.504500,2.595100,2.257570,1.401250,1.211530,2.557080,2.859970,2.461410,2.601170,2.062980,1.819510,1.215684,3.974020,2.907090,2.457110,1.479020,1.250880
2021-12-23,2.384630,2.639410,2.314780,2.387560,1.920880,1.720420,3.501800,2.582280,2.257530,1.401090,1.211500,2.552600,2.853410,2.457460,2.597790,2.060040,1.817680,1.214582,3.970760,2.890900,2.457080,1.478820,1.250840
2021-12-22,2.381490,2.634480,2.312010,2.384640,1.919180,1.719580,3.492710,2.575140,2.257710,1.401580,1.211490,2.548990,2.847910,2.454440,2.594400,2.058150,1.816750,1.213762,3.959780,2.881900,2.457330,1.479450,1.250830
2021-12-21,2.378050,2.629480,2.308710,2.381370,1.916700,1.717850,3.484130,2.566850,2.257990,1.400660,1.211480,2.544980,2.842220,2.450710,2.591030,2.055230,1.814740,1.214149,3.949410,2.871440,2.457670,1.478270,1.250820
2021-12-20,2.368740,2.615010,2.299900,2.373070,1.911080,1.714770,3.446930,2.553120,2.258150,1.401960,1.211490,2.535160,2.827230,2.441770,2.582070,2.049430,1.811600,1.208399,3.904420,2.854100,2.457860,1.479920,1.250830
2021-12-17,2.375300,2.625070,2.306210,2.377900,1.915070,1.717000,3.478310,2.559130,2.257950,1.401490,1.211470,2.541610,2.837060,2.447790,2.586860,2.053260,1.813700,1.210118,3.942370,2.861730,2.457580,1.479330,1.250810
2021-12-16,2.377160,2.627690,2.308080,2.382510,1.916060,1.717550,3.490700,2.556860,2.257760,1.401450,1.211470,2.543090,2.839080,2.449260,2.590780,2.053910,1.814060,1.210429,3.957360,2.858890,2.457360,1.479270,1.250810
2021-12-15,2.381600,2.634520,2.312120,2.388060,1.918830,1.719160,3.510530,2.562300,2.258100,1.401610,1.211470,2.547560,2.845920,2.453190,2.597010,2.056680,1.815660,1.213156,3.981330,2.865780,2.457770,1.479480,1.250800
2021-12-14,2.381770,2.634900,2.311440,2.386010,1.918760,1.719090,3.492240,2.578120,2.258110,1.402520,1.211460,2.549270,2.848600,2.453830,2.596800,2.057670,1.816230,1.214406,3.959230,2.885780,2.457790,1.480630,1.250790
2021-12-13,2.385730,2.641040,2.315320,2.389070,1.921000,1.720190,3.516200,2.578010,2.258120,1.401540,1.211450,2.552700,2.854040,2.457160,2.598650,2.059480,1.817030,1.211716,3.988190,2.885650,2.457760,1.479390,1.250780
2021-12-10,2.384340,2.639430,2.314340,2.388780,1.920050,1.719370,3.523630,2.568050,2.257860,1.400190,1.211440,2.550320,2.851000,2.455270,2.597990,2.057780,1.815730,1.212770,3.997180,2.873110,2.457450,1.477670,1.250770
2021-12-09,2.385870,2.641950,2.315690,2.390640,1.920880,1.719690,3.527030,2.573140,2.257990,1.399260,1.211460,2.552080,2.854060,2.456870,2.600160,2.058810,1.816120,1.212666,4.001300,2.879540,2.457610,1.476500,1.250790
2021-12-08,2.389830,2.647640,2.319220,2.394140,1.923410,1.721360,3.539800,2.579990,2.257890,1.400360,1.211430,2.556400,2.860130,2.460650,2.604010,2.061580,1.817960,1.214269,4.016750,2.888230,2.457500,1.477900,1.250750
2021-12-07,2.382870,2.637430,2.313200,2.386620,1.919330,1.718940,3.540930,2.550270,2.258130,1.400420,1.211420,2.547010,2.846000,2.452480,2.594210,2.055770,1.814530,1.210587,4.018120,2.850690,2.457790,1.477970,1.250750
2021-12-06,2.369740,2.617680,2.300860,2.374720,1.911740,1.714790,3.496820,2.527890,2.254630,1.401940,1.211420,2.532760,2.824830,2.439380,2.581520,2.047580,1.810070,1.206285,3.964780,2.822430,2.453600,1.479900,1.250740
2021-12-03,2.368250,2.615940,2.299080,2.373400,1.910780,1.714010,3.486620,2.531870,2.253890,1.400990,1.211380,2.531530,2.823870,2.437930,2.580340,2.046900,1.809420,1.200113,3.952450,2.827500,2.452720,1.478690,1.250700
2021-12-02,2.364950,2.612560,2.295600,2.368440,1.908960,1.712490,3.488820,2.523170,2.253450,1.398990,1.211380,2.527250,2.819110,2.433430,2.574450,2.044380,1.807380,1.200303,3.955120,2.816520,2.452190,1.476150,1.250690
2021-12-01,2.358650,2.603610,2.289310,2.363690,1.904880,1.709820,3.450580,2.526810,2.253210,1.397880,1.211380,2.521880,2.812020,2.428100,2.570150,2.040970,1.805050,1.199439,3.908890,2.821150,2.451900,1.474740,1.250690
2021-11-30,2.363720,2.611290,2.294110,2.367740,1.908220,1.711860,3.472800,2.533590,2.251160,1.398380,1.211370,2.526950,2.819630,2.432820,2.574190,2.044360,1.807120,1.198948,3.935760,2.829720,2.449480,1.475380,1.250680
2021-11-29,2.366200,2.616160,2.299660,2.368300,1.910530,1.712640,3.519230,2.519470,2.251020,1.395840,1.211360,2.526960,2.820510,2.436470,2.572130,2.044990,1.806810,1.201239,3.991900,2.811900,2.449320,1.472150,1.250680
2021-11-26,2.365260,2.615460,2.297690,2.365100,1.909520,1.711940,3.505410,2.530900,2.250950,1.395590,1.211350,2.526520,2.820910,2.434830,2.569810,2.044270,1.806310,1.202268,3.975190,2.826390,2.449250,1.471830,1.250660
2021-11-25,2.384120,2.644370,2.315650,2.382110,1.920620,1.717970,3.554770,2.575650,2.250640,1.392090,1.211340,2.548220,2.853890,2.455050,2.589190,2.057160,1.813270,1.210301,4.034860,2.882960,2.448870,1.467380,1.250650
2021-11-24,2.382110,2.641420,2.313610,2.380600,1.919210,1.717050,3.546860,2.573650,2.250590,1.392410,1.211340,2.546190,2.850940,2.452950,2.588070,2.055660,1.812300,1.209060,4.025300,2.880440,2.448800,1.467790,1.250640
2021-11-23,2.382230,2.641870,2.313500,2.382590,1.919230,1.716930,3.539710,2.580670,2.250440,1.391640,1.211330,2.546910,2.852540,2.453440,2.590540,2.056140,1.812430,1.210451,4.016660,2.889330,2.448640,1.466810,1.250630
2021-11-22,2.380460,2.638620,2.311280,2.381160,1.918490,1.716960,3.544640,2.568340,2.250290,1.394910,1.211320,2.544060,2.847480,2.450140,2.588090,2.054720,1.812160,1.207337,4.022610,2.873760,2.448460,1.470960,1.250630
2021-11-19,2.386920,2.648230,2.316970,2.385760,1.922540,1.719460,3.564860,2.581080,2.250260,1.395360,1.211310,2.551100,2.857960,2.456250,2.593040,2.059230,1.814940,1.209977,4.047070,2.889900,2.448410,1.471540,1.250610
2021-11-18,2.386820,2.648100,2.317170,2.382780,1.922790,1.719740,3.574020,2.574130,2.250220,1.395720,1.211310,2.550280,2.856590,2.455810,2.589040,2.059030,1.814970,1.209001,4.058140,2.881140,2.448380,1.472000,1.250610
2021-11-17,2.386330,2.647640,2.316990,2.380240,1.922420,1.719340,3.574080,2.572570,2.250120,1.394530,1.211300,2.549670,2.855940,2.455560,2.586260,2.058550,1.814460,1.206974,4.058200,2.879170,2.448260,1.470480,1.250600
2021-11-16,2.389310,2.651990,2.319650,2.381670,1.924430,1.720700,3.575030,2.583910,2.249900,1.394710,1.211290,2.553610,2.861740,2.459050,2.588700,2.061290,1.816250,1.209138,4.059370,2.893520,2.448020,1.470720,1.250590
2021-11-15,2.390460,2.653010,2.320110,2.383210,1.925270,1.721610,3.556890,2.599900,2.249690,1.396790,1.211290,2.556490,2.865450,2.461050,2.592040,2.063400,1.818010,1.210231,4.037430,2.913740,2.447780,1.473350,1.250580
2021-11-12,2.389160,2.651340,2.319020,2.380930,1.924400,1.720960,3.564070,2.590290,2.249890,1.396650,1.211270,2.554270,2.862320,2.459040,2.588390,2.061810,1.816920,1.210243,4.046110,2.901650,2.447970,1.473180,1.250570
2021-11-11,2.381250,2.639500,2.311710,2.373070,1.919480,1.718090,3.546270,2.570240,2.249940,1.397290,1.211270,2.545040,2.848370,2.450540,2.579200,2.055890,1.813500,1.205826,4.024440,2.876320,2.448050,1.474000,1.250560
2021-11-10,2.381010,2.638380,2.310760,2.374650,1.919490,1.718580,3.529480,2.579790,2.248950,1.399690,1.211260,2.545780,2.848960,2.450530,2.581840,2.056720,1.814570,1.208232,4.004030,2.888410,2.446880,1.477050,1.250550
2021-11-09,2.385110,2.644250,2.314620,2.377450,1.922280,1.720470,3.542750,2.586040,2.249620,1.400230,1.211250,2.550190,2.855200,2.454650,2.584580,2.059810,1.816670,1.206975,4.020170,2.896320,2.447690,1.477740,1.250540
2021-11-08,2.384480,2.643360,2.313920,2.376830,1.921890,1.720250,3.535590,2.588800,2.249560,1.400120,1.211250,2.549950,2.854930,2.454290,2.584410,2.059700,1.816600,1.208457,4.011470,2.899820,2.447630,1.477610,1.250540
2021-11-05,2.381940,2.639940,2.311760,2.376380,1.920110,1.718900,3.526970,2.585540,2.249610,1.398460,1.211260,2.547220,2.851390,2.452090,2.583720,2.057770,1.815120,1.207491,4.000980,2.895740,2.447710,1.475500,1.250550
2021-11-04,2.380940,2.639250,2.311200,2.373730,1.919320,1.717880,3.532570,2.580320,2.244480,1.396210,1.211220,2.545600,2.849930,2.451030,2.580210,2.056520,1.813680,1.204078,4.007790,2.889180,2.441580,1.472640,1.250510
2021-11-03,2.375870,2.631860,2.306880,2.366490,1.916250,1.715980,3.516050,2.570970,2.244340,1.394950,1.211190,2.540110,2.842010,2.446510,2.572100,2.053200,1.811590,1.202598,3.987680,2.877350,2.441400,1.471040,1.250470
2021-11-02,2.369330,2.622280,2.301640,2.359420,1.912400,1.713590,3.504630,2.553180,2.244350,1.394290,1.211150,2.532240,2.830470,2.440310,2.563480,2.048470,1.808660,1.194713,3.973780,2.854890,2.441410,1.470220,1.250420
2021-11-01,2.366760,2.618650,2.299060,2.354830,1.910690,1.712460,3.470220,2.568380,2.243850,1.393180,1.211140,2.531590,2.830120,2.439570,2.560690,2.048120,1.808300,1.194856,3.931940,2.874100,2.440820,1.468800,1.250410
2021-10-29,2.361070,2.611360,2.294460,2.347910,1.907190,1.709900,3.459210,2.556850,2.239570,1.389500,1.211120,2.524880,2.821490,2.434260,2.552150,2.043920,1.805190,1.191774,3.918540,2.859590,2.435690,1.464140,1.250380
2021-10-28,2.367330,2.619270,2.299060,2.353500,1.911560,1.713480,3.453790,2.583420,2.239390,1.394910,1.211130,2.533560,2.833030,2.440820,2.560500,2.050140,1.810080,1.199887,3.911970,2.893130,2.435480,1.470990,1.250400
2021-10-27,2.368980,2.621450,2.300040,2.353340,1.912770,1.714480,3.451560,2.592250,2.239580,1.396900,1.211140,2.535970,2.836400,2.442370,2.560750,2.051940,1.811490,1.198748,3.909250,2.904300,2.435720,1.473520,1.250410
2021-10-26,2.372870,2.627020,2.303670,2.356910,1.915180,1.716000,3.474600,2.590850,2.239550,1.397730,1.211140,2.539320,2.840930,2.445390,2.563840,2.053930,1.812790,1.198986,3.937260,2.902540,2.435690,1.474550,1.250410
2021-10-25,2.372400,2.626370,2.303270,2.355130,1.915020,1.715950,3.476080,2.588020,2.239640,1.397880,1.211130,2.538610,2.839850,2.444780,2.561870,2.053620,1.812650,1.199222,3.939060,2.898970,2.435810,1.474730,1.250390
2021-10-22,2.369120,2.621500,2.300430,2.353310,1.912890,1.714600,3.467150,2.580350,2.239660,1.397400,1.211110,2.534880,2.834360,2.441630,2.559570,2.051170,1.811100,1.197696,3.928200,2.889330,2.435810,1.474130,1.250370
2021-10-21,2.368220,2.620370,2.299370,2.350860,1.912440,1.714360,3.458410,2.584000,2.239590,1.397380,1.211140,2.534450,2.834000,2.440980,2.557280,2.051080,1.811070,1.197451,3.917540,2.893930,2.435740,1.474120,1.250410
2021-10-20,2.367770,2.619690,2.299060,2.348020,1.912400,1.714440,3.456460,2.583850,2.239530,1.397730,1.211220,2.534050,2.833370,2.440720,2.554310,2.051110,1.811210,1.196543,3.915170,2.893770,2.435680,1.474540,1.250500
2021-10-19,2.364150,2.614340,2.295250,2.344320,1.910280,1.713290,3.452670,2.572540,2.239670,1.399480,1.211240,2.529550,2.826610,2.435990,2.549660,2.048330,1.809710,1.195973,3.910550,2.879480,2.435830,1.476710,1.250530
2021-10-18,2.364390,2.614830,2.295340,2.343490,1.910470,1.713380,3.448930,2.577120,2.239950,1.399190,1.211240,2.530140,2.827820,2.436460,2.548950,2.048840,1.809980,1.196178,3.906000,2.885290,2.436140,1.476350,1.250530
2021-10-15,2.361650,2.609850,2.292470,2.342360,1.909060,1.713090,3.442650,2.567130,2.239770,1.402410,1.211200,2.526810,2.821820,2.433050,2.547680,2.047100,1.809610,1.194017,3.898360,2.872710,2.435930,1.480310,1.250480
2021-10-14,2.353790,2.597870,2.285140,2.333880,1.904300,1.710430,3.417450,2.551240,2.239760,1.403280,1.211200,2.518150,2.808780,2.425170,2.538220,2.041870,1.806710,1.189802,3.867700,2.852650,2.435940,1.481400,1.250480
2021-10-13,2.346360,2.587470,2.278720,2.326800,1.899740,1.707450,3.392290,2.540100,2.239970,1.401390,1.211200,2.510390,2.797920,2.418320,2.531350,2.037010,1.803520,1.186485,3.837100,2.838600,2.436230,1.479060,1.250470
2021-10-12,2.344620,2.585140,2.277280,2.323810,1.898580,1.706570,3.382820,2.540560,2.240030,1.399950,1.211220,2.508790,2.795980,2.417060,2.528510,2.036010,1.802680,1.184312,3.825580,2.839210,2.436310,1.477280,1.250500
2021-10-11,2.346190,2.588330,2.278170,2.325030,1.899570,1.706910,3.390080,2.547360,2.229990,1.399830,1.211210,2.510420,2.799430,2.417890,2.529550,2.036990,1.802930,1.187922,3.834410,2.847800,2.424310,1.477130,1.250490
2021-10-08,2.351040,2.595100,2.282420,2.332640,1.902610,1.708940,3.410330,2.551760,2.230120,1.401410,1.211170,2.515280,2.806010,2.422180,2.537350,2.040020,1.805000,1.189358,3.859080,2.853410,2.424530,1.479090,1.250450
2021-10-07,2.347130,2.589060,2.278450,2.327080,1.900390,1.707880,3.413970,2.532540,2.229360,1.403430,1.211170,2.509610,2.797200,2.416610,2.529620,2.036620,1.803280,1.183902,3.863490,2.829140,2.423630,1.481570,1.250440
2021-10-06,2.337360,2.575270,2.269520,2.318200,1.894420,1.704100,3.388400,2.514890,2.215480,1.403200,1.211170,2.498440,2.781720,2.406420,2.518930,2.029720,1.798860,1.180121,3.832390,2.806860,2.407050,1.481300,1.250440
2021-10-05,2.341100,2.580300,2.272750,2.320120,1.896870,1.705850,3.393570,2.525520,2.215380,1.404950,1.211160,2.502980,2.787960,2.410360,2.521810,2.032790,1.801030,1.181842,3.838660,2.820310,2.406920,1.483450,1.250430
2021-10-04,2.339690,2.578900,2.270050,2.319120,1.896190,1.705400,3.377160,2.536690,2.215380,1.405540,1.211130,2.502550,2.788450,2.408280,2.521700,2.032930,1.801050,1.183637,3.818720,2.834430,2.406920,1.484180,1.250400
2021-10-01,2.336780,2.575700,2.269190,2.320010,1.895790,1.705100,3.409390,2.511080,2.215460,1.406060,1.211120,2.496540,2.780180,2.404950,2.519980,2.030500,1.799530,1.181794,3.857870,2.802110,2.407040,1.484820,1.250380
2021-09-30,2.344160,2.588340,2.275860,2.327600,1.901160,1.708030,3.412650,2.553330,2.197840,1.405720,1.211140,2.506370,2.797320,2.413870,2.530380,2.037850,1.803530,1.189790,3.861840,2.855500,2.385970,1.484410,1.250400
2021-09-29,2.339680,2.581380,2.272290,2.323670,1.898420,1.706420,3.441210,2.512380,2.197940,1.406440,1.211110,2.497930,2.783930,2.406990,2.522390,2.032300,1.800260,1.183890,3.896600,2.803780,2.386120,1.485290,1.250370
2021-09-28,2.343820,2.587760,2.275550,2.328840,1.900950,1.707920,3.434250,2.536180,2.197690,1.406340,1.211100,2.504100,2.793600,2.411910,2.529530,2.036280,1.802630,1.185308,3.888100,2.833850,2.385760,1.485170,1.250360
2021-09-27,2.357180,2.606770,2.287120,2.345620,1.909440,1.713480,3.474320,2.561520,2.197500,1.409060,1.211100,2.518590,2.814280,2.424660,2.547870,2.045730,1.808860,1.196418,3.936820,2.865870,2.385570,1.488510,1.250350
2021-09-24,2.356170,2.605190,2.286280,2.347120,1.908610,1.712900,3.487920,2.546670,2.197630,1.409360,1.211080,2.516090,2.810290,2.422570,2.547390,2.043780,1.807590,1.194052,3.953370,2.847150,2.385730,1.488890,1.250330
2021-09-23,2.354720,2.602850,2.286260,2.345120,1.909360,1.714030,3.477580,2.553860,2.197410,1.413020,1.211080,2.515080,2.808850,2.423240,2.545800,2.045290,1.809300,1.197099,3.940720,2.856250,2.384860,1.493400,1.250330
2021-09-22,2.345980,2.589510,2.278710,2.337720,1.904120,1.711070,3.459200,2.528820,2.197570,1.414000,1.211070,2.504680,2.793030,2.414290,2.537190,2.038960,1.805740,1.193457,3.918220,2.824620,2.384500,1.494600,1.250320
2021-09-21,2.341780,2.583470,2.275260,2.334260,1.901520,1.709430,3.447970,2.519180,2.197680,1.413230,1.211070,2.500000,2.786240,2.410340,2.533710,2.035990,1.803860,1.189009,3.904560,2.812460,2.384390,1.493650,1.250320
2021-09-20,2.338770,2.579240,2.272580,2.331750,1.899530,1.708130,3.438420,2.513560,2.197560,1.412460,1.211070,2.496710,2.781670,2.407400,2.530930,2.033780,1.802400,1.189986,3.892940,2.805390,2.384260,1.492710,1.250320
2021-09-17,2.358060,2.608130,2.289650,2.350120,1.911470,1.715250,3.481970,2.565590,2.197490,1.412680,1.211060,2.519480,2.815510,2.427390,2.552180,2.048020,1.810880,1.199042,3.945920,2.871130,2.384150,1.492970,1.250310
2021-09-16,2.365360,2.618420,2.296150,2.357630,1.916130,1.718340,3.498180,2.582490,2.197460,1.413970,1.211050,2.527760,2.827370,2.434920,2.560670,2.053540,1.814560,1.202577,3.965630,2.892490,2.384140,1.494570,1.250300
2021-09-15,2.360840,2.611370,2.292170,2.353870,1.913570,1.717080,3.490770,2.567800,2.197280,1.415500,1.211050,2.522340,2.818690,2.430040,2.556100,2.050310,1.812960,1.200811,3.956620,2.873950,2.383940,1.496450,1.250300
2021-09-14,2.361930,2.613470,2.293020,2.353590,1.913950,1.717030,3.486980,2.576830,2.197250,1.414350,1.211040,2.524240,2.822080,2.431520,2.556700,2.051130,1.813100,1.199518,3.952010,2.885390,2.383920,1.495040,1.250290
2021-09-13,2.359460,2.609730,2.290800,2.351110,1.912130,1.715780,3.482220,2.569710,2.197110,1.413480,1.211040,2.521110,2.817570,2.428850,2.553890,2.048890,1.811550,1.198971,3.946230,2.876390,2.383750,1.493960,1.250280
2021-09-10,2.359110,2.609270,2.290460,2.349840,1.912070,1.715860,3.488410,2.563750,2.197100,1.414300,1.211020,2.520270,2.816100,2.427960,2.552440,2.048420,1.811420,1.195504,3.953750,2.868920,2.383740,1.494970,1.250260
2021-09-09,2.355630,2.603780,2.287680,2.348170,1.909600,1.714150,3.492910,2.544680,2.197080,1.413080,1.211020,2.514930,2.807970,2.423830,2.549830,2.044710,1.808930,1.197717,3.959240,2.844830,2.383640,1.493470,1.250260
2021-09-08,2.369340,2.624350,2.300010,2.360830,1.917820,1.718960,3.511380,2.588990,2.197150,1.412120,1.211010,2.531830,2.833600,2.439060,2.565430,2.055200,1.815070,1.202838,3.981650,2.900820,2.383720,1.492290,1.250250
2021-09-07,2.369580,2.625400,2.298840,2.360100,1.918160,1.719060,3.516780,2.591830,2.195340,1.412950,1.211010,2.531830,2.834520,2.437500,2.564590,2.055460,1.815100,1.203264,3.988180,2.904420,2.381570,1.493310,1.250240
2021-09-06,2.367920,2.622740,2.297390,2.359330,1.917170,1.718580,3.508210,2.590630,2.193510,1.413400,1.211000,2.530210,2.831980,2.436100,2.563740,2.054540,1.814670,1.202659,3.977760,2.902920,2.379400,1.493860,1.250240
2021-09-03,2.364820,2.617970,2.294490,2.355530,1.915350,1.717650,3.496470,2.586090,2.193510,1.414190,1.210970,2.526970,2.827260,2.432990,2.559960,2.052610,1.813730,1.202193,3.963480,2.897210,2.379400,1.494910,1.250200
2021-09-02,2.363370,2.615680,2.293310,2.353960,1.914590,1.717300,3.505490,2.572620,2.193630,1.414850,1.210960,2.524300,2.822940,2.430750,2.557270,2.051000,1.812900,1.198849,3.974450,2.880200,2.379530,1.495730,1.250190
2021-09-01,2.362780,2.615600,2.291980,2.352660,1.914210,1.716760,3.507030,2.573470,2.193730,1.413720,1.210960,2.523480,2.822780,2.429150,2.555900,2.050510,1.812220,1.203583,3.976320,2.881300,2.379680,1.494330,1.250180
2021-08-31,2.358810,2.610560,2.290830,2.350730,1.913980,1.716890,3.505380,2.571610,2.190880,1.415600,1.210970,2.518610,2.816790,2.427780,2.553060,2.050230,1.812370,1.202371,3.974330,2.878970,2.376270,1.496640,1.250190
2021-08-30,2.355450,2.605520,2.287900,2.349560,1.911840,1.715580,3.500130,2.561060,2.190910,1.415390,1.210960,2.514450,2.810580,2.424210,2.550900,2.047540,1.810710,1.198351,3.967950,2.865670,2.376260,1.496390,1.250190
2021-08-27,2.352060,2.600680,2.284980,2.347350,1.909540,1.713970,3.490740,2.554210,2.190920,1.414000,1.210930,2.510600,2.805210,2.420950,2.548750,2.044910,1.808860,1.199788,3.956460,2.857050,2.376280,1.494680,1.250140
2021-08-26,2.351660,2.600410,2.284650,2.346350,1.909290,1.713790,3.485510,2.557480,2.191100,1.413630,1.210920,2.510570,2.805430,2.420830,2.547690,2.044840,1.808800,1.197123,3.950090,2.861190,2.376490,1.494230,1.250140
2021-08-25,2.355200,2.605400,2.287500,2.348100,1.911500,1.715200,3.495200,2.565000,2.191000,1.414300,1.210900,2.514300,2.810900,2.424000,2.549500,2.047300,1.810400,1.199236,3.961900,2.870700,2.376400,1.495100,1.250100
2021-08-24,2.349490,2.596510,2.282370,2.345660,1.907920,1.713170,3.483730,2.547960,2.191010,1.414780,1.210910,2.507380,2.800330,2.417890,2.546420,2.042980,1.807920,1.199161,3.947920,2.849200,2.376400,1.495650,1.250120
2021-08-23,2.346940,2.592070,2.279940,2.347180,1.906380,1.712460,3.477710,2.539470,2.191240,1.415980,1.210900,2.504120,2.795060,2.415020,2.547840,2.041120,1.807070,1.199182,3.940620,2.838490,2.376700,1.497130,1.250120
2021-08-20,2.340580,2.582930,2.273800,2.343410,1.902170,1.710000,3.463250,2.525230,2.191520,1.416250,1.210890,2.496470,2.784000,2.407600,2.543250,2.035920,1.804060,1.198648,3.923020,2.820550,2.377030,1.497460,1.250100
2021-08-19,2.339750,2.582180,2.273230,2.341060,1.901760,1.709770,3.449920,2.532430,2.191400,1.416060,1.210880,2.496810,2.784710,2.407750,2.541580,2.036120,1.804190,1.194935,3.906810,2.829650,2.376900,1.497220,1.250090
2021-08-18,2.343740,2.588540,2.276600,2.339330,1.904100,1.710950,3.456640,2.547810,2.191110,1.415060,1.210880,2.501710,2.792480,2.411840,2.540600,2.039030,1.805680,1.197132,3.914980,2.849080,2.376520,1.495990,1.250080
2021-08-17,2.346850,2.593350,2.279340,2.344180,1.905950,1.711990,3.464760,2.555310,2.191030,1.414690,1.210890,2.505260,2.797960,2.414960,2.546290,2.041170,1.806870,1.195863,3.924860,2.858560,2.376440,1.495530,1.250100
2021-08-16,2.350960,2.599490,2.283160,2.345960,1.908550,1.713490,3.462410,2.573690,2.190750,1.414210,1.210860,2.511160,2.806880,2.420330,2.549570,2.045050,1.809100,1.198915,3.921970,2.881810,2.376070,1.494940,1.250070
2021-08-13,2.354760,2.605560,2.286700,2.347840,1.910940,1.714830,3.459880,2.592840,2.190640,1.413100,1.210870,2.516670,2.815500,2.425250,2.552900,2.048580,1.811100,1.201696,3.918880,2.906040,2.375960,1.493580,1.250070
2021-08-12,2.352600,2.602350,2.284920,2.344100,1.909770,1.714200,3.464390,2.580320,2.190750,1.413570,1.210840,2.513490,2.810500,2.422530,2.548250,2.046650,1.810050,1.197120,3.924370,2.890210,2.376110,1.494150,1.250040
2021-08-11,2.348000,2.595340,2.280780,2.340740,1.906720,1.712230,3.451530,2.569820,2.190630,1.412460,1.210840,2.508080,2.802620,2.417860,2.544050,2.043150,1.807780,1.197603,3.908740,2.876960,2.375970,1.492780,1.250040
2021-08-10,2.346580,2.593110,2.279580,2.338480,1.905870,1.711750,3.457010,2.559340,2.190730,1.412740,1.210850,2.505690,2.798840,2.415860,2.541060,2.041630,1.806910,1.197549,3.915410,2.863760,2.376100,1.493130,1.250050
2021-08-09,2.344120,2.589380,2.277510,2.334120,1.904370,1.710860,3.456230,2.549160,2.190770,1.412730,1.210830,2.502410,2.793820,2.413100,2.536060,2.039580,1.805700,1.196312,3.914430,2.850910,2.376150,1.493120,1.250020
2021-08-06,2.341900,2.585900,2.275700,2.331900,1.903200,1.710300,3.445600,2.548300,2.190700,1.413400,1.210800,2.500200,2.790600,2.411400,2.533600,2.038600,1.805300,1.194480,3.901500,2.849900,2.376100,1.493900,1.250000
2021-08-05,2.336890,2.578990,2.269890,2.326490,1.900450,1.708710,3.437630,2.537580,2.186850,1.414880,1.210820,2.494210,2.782280,2.404470,2.527670,2.035170,1.803290,1.194901,3.891830,2.836350,2.371480,1.495770,1.250020
2021-08-04,2.336920,2.579180,2.270010,2.324080,1.900540,1.708810,3.436680,2.538960,2.186940,1.415100,1.210800,2.494480,2.782640,2.404680,2.525090,2.035350,1.803450,1.193802,3.890680,2.838090,2.371420,1.496030,1.249990
2021-08-03,2.333500,2.574400,2.267500,2.320500,1.898700,1.707700,3.432500,2.529900,2.186900,1.414800,1.210800,2.490400,2.776800,2.401700,2.520800,2.033000,1.802000,1.191950,3.885500,2.826700,2.371400,1.495700,1.250000
2021-08-02,2.330720,2.571280,2.267450,2.316640,1.898620,1.707570,3.424270,2.535650,2.186930,1.414430,1.210780,2.487720,2.774130,2.402120,2.517410,2.033410,1.802180,1.193050,3.875590,2.833940,2.371450,1.495210,1.249970
2021-07-30,2.323600,2.560980,2.261420,2.311430,1.894350,1.704970,3.419360,2.510280,2.184510,1.414400,1.210780,2.478730,2.760700,2.394330,2.510200,2.027710,1.798710,1.186340,3.869620,2.801950,2.368560,1.495180,1.249970
2021-07-29,2.325190,2.562970,2.262720,2.311370,1.895270,1.705620,3.422260,2.513300,2.184340,1.414760,1.210780,2.480410,2.762990,2.395830,2.510500,2.028800,1.799480,1.189058,3.873140,2.805760,2.368360,1.495620,1.249960
2021-07-28,2.320280,2.555810,2.258600,2.305890,1.892280,1.703780,3.411850,2.500760,2.184550,1.414470,1.210750,2.474750,2.754610,2.391090,2.503880,2.025230,1.797280,1.185167,3.860480,2.789940,2.368590,1.495270,1.249930
2021-07-27,2.319460,2.554740,2.257880,2.307640,1.891590,1.703180,3.388120,2.515570,2.184370,1.413000,1.210740,2.475490,2.756320,2.391950,2.506960,2.025710,1.797330,1.186491,3.831590,2.808640,2.368410,1.493450,1.249920
2021-07-26,2.320160,2.555660,2.258420,2.306440,1.891910,1.703290,3.412500,2.500390,2.184340,1.413210,1.210740,2.474290,2.754360,2.390820,2.504320,2.024730,1.796660,1.186673,3.861230,2.789480,2.368380,1.493710,1.249920
2021-07-23,2.322760,2.559440,2.260760,2.304850,1.893480,1.704170,3.433000,2.496180,2.184440,1.413110,1.210720,2.476000,2.756850,2.392390,2.502230,2.025750,1.797200,1.185363,3.886280,2.784220,2.368510,1.493580,1.249900
2021-07-22,2.318610,2.553410,2.257200,2.297830,1.891080,1.702870,3.410280,2.495060,2.184360,1.413340,1.210720,2.472420,2.751530,2.389330,2.495520,2.023690,1.796140,1.184324,3.858930,2.782800,2.368420,1.493870,1.249890
2021-07-21,2.311880,2.543370,2.251630,2.291390,1.887090,1.700540,3.408550,2.467850,2.184500,1.413610,1.210710,2.463470,2.737980,2.381920,2.486980,2.018170,1.792910,1.182331,3.856810,2.748000,2.368590,1.494200,1.249880
2021-07-20,2.303420,2.530790,2.244220,2.281830,1.881840,1.697400,3.387660,2.447240,2.184580,1.413630,1.210680,2.453680,2.723470,2.373550,2.476150,2.012010,1.789240,1.177305,3.831600,2.721640,2.368610,1.494230,1.249850
2021-07-19,2.302560,2.529690,2.243410,2.278350,1.881070,1.696750,3.363280,2.461440,2.184510,1.412160,1.210700,2.454440,2.725160,2.374340,2.474170,2.012410,1.789250,1.176702,3.802230,2.739820,2.368510,1.492420,1.249870
2021-07-16,2.313460,2.546170,2.253120,2.287140,1.887780,1.700640,3.394270,2.485590,2.184260,1.411200,1.210660,2.466790,2.743700,2.385050,2.484280,2.020080,1.793670,1.180235,3.839540,2.770750,2.368220,1.491230,1.249820
2021-07-15,2.313400,2.546700,2.253600,2.286600,1.888100,1.700800,3.400700,2.483500,2.184200,1.411100,1.210700,2.466600,2.743600,2.385200,2.482900,2.020200,1.793700,1.178611,3.847300,2.768100,2.368100,1.491100,1.249800
2021-07-14,2.313850,2.547650,2.253780,2.288050,1.888090,1.700490,3.400000,2.487550,2.180990,1.409730,1.210660,2.467150,2.745030,2.385540,2.484590,2.020240,1.793350,1.180599,3.846450,2.773300,2.364280,1.489430,1.249820
2021-07-13,2.313650,2.547180,2.253660,2.286290,1.887990,1.700450,3.407090,2.481000,2.180990,1.409710,1.210660,2.466150,2.743440,2.384830,2.482120,2.019680,1.793050,1.179089,3.855010,2.764950,2.364320,1.489410,1.249820
2021-07-12,2.311830,2.544310,2.251890,2.284870,1.886890,1.699930,3.399490,2.478280,2.180920,1.410510,1.210630,2.464290,2.740500,2.383030,2.480880,2.018560,1.792540,1.178758,3.845840,2.761470,2.364240,1.490390,1.249790
2021-07-09,2.305440,2.535200,2.246560,2.277760,1.882840,1.697270,3.389440,2.459710,2.180950,1.409050,1.210600,2.456570,2.729310,2.376630,2.472340,2.013490,1.789240,1.175677,3.833740,2.737780,2.364230,1.488600,1.249750
2021-07-08,2.307100,2.537190,2.247800,2.280730,1.883690,1.697970,3.370670,2.478460,2.181110,1.410160,1.210600,2.460100,2.734130,2.379570,2.477270,2.015780,1.790830,1.178543,3.811140,2.761770,2.364430,1.489970,1.249750
2021-07-07,2.309000,2.540500,2.249700,2.282200,1.884800,1.698400,3.388100,2.475500,2.181000,1.408700,1.210600,2.461500,2.736600,2.380900,2.477800,2.016400,1.790900,1.177318,3.832100,2.758000,2.364300,1.488100,1.249800
2021-07-06,2.302470,2.532340,2.243430,2.271440,1.880560,1.695300,3.387410,2.459880,2.166140,1.406030,1.210590,2.452560,2.725310,2.372500,2.464620,2.010390,1.786640,1.171132,3.831300,2.738020,2.346320,1.484880,1.249740
2021-07-05,2.307000,2.538200,2.247800,2.276200,1.883100,1.697100,3.393600,2.471500,2.166300,1.407000,1.210600,2.457800,2.732100,2.377600,2.470800,2.013400,1.788800,1.173037,3.838800,2.752900,2.346500,1.486100,1.249700
2021-07-02,2.307870,2.539750,2.248720,2.278860,1.883600,1.697250,3.399050,2.472550,2.166420,1.406080,1.210550,2.458610,2.733490,2.378450,2.473550,2.013790,1.788870,1.171756,3.845320,2.754280,2.346640,1.484930,1.249690
2021-07-01,2.302390,2.532300,2.244460,2.272740,1.880750,1.695270,3.395960,2.458890,2.148940,1.404780,1.210570,2.451690,2.724260,2.373070,2.466410,2.010060,1.786230,1.168308,3.841600,2.736830,2.325570,1.483340,1.249710
2021-06-30,2.300160,2.531710,2.241600,2.269010,1.880510,1.694800,3.388300,2.474650,2.131590,1.404940,1.210570,2.449790,2.724720,2.370330,2.463210,2.010330,1.785950,1.168739,3.832390,2.757010,2.304320,1.483530,1.249720
2021-06-29,2.298370,2.528900,2.239860,2.266860,1.879290,1.693990,3.392560,2.464130,2.131590,1.404510,1.210560,2.446790,2.720450,2.367690,2.459860,2.008350,1.784680,1.167500,3.837630,2.743540,2.304330,1.483000,1.249710
2021-06-28,2.295120,2.527160,2.236670,2.264870,1.876570,1.690310,3.390650,2.458210,2.133880,1.403540,1.210540,2.445830,2.719190,2.366830,2.456520,2.007570,1.784020,1.166176,3.818070,2.749490,2.304440,1.481810,1.249670
2021-06-25,2.295060,2.526800,2.236310,2.263000,1.876570,1.690540,3.385140,2.460910,2.133870,1.404980,1.210520,2.446170,2.719320,2.366740,2.454810,2.007860,1.784470,1.165749,3.811500,2.752990,2.304460,1.483580,1.249650
2021-06-24,2.290570,2.520070,2.232180,2.259530,1.873790,1.688920,3.377580,2.447680,2.133870,1.405160,1.210550,2.440600,2.711160,2.361720,2.450550,2.004380,1.782460,1.162802,3.802510,2.736100,2.304470,1.483810,1.249690
2021-06-23,2.288510,2.517010,2.230250,2.258780,1.872280,1.687990,3.356490,2.453560,2.133850,1.404860,1.210520,2.439400,2.709450,2.360580,2.450990,2.003510,1.781910,1.163302,3.777400,2.743620,2.304470,1.483430,1.249660
2021-06-22,2.292710,2.523730,2.235320,2.263670,1.875620,1.689820,3.374670,2.464220,2.133850,1.403920,1.210490,2.443690,2.716590,2.366110,2.456130,2.007170,1.783880,1.166790,3.799060,2.757270,2.304490,1.482270,1.249620
2021-06-21,2.282600,2.508370,2.226300,2.252970,1.869700,1.686600,3.359150,2.431830,2.133830,1.405530,1.210520,2.431250,2.697890,2.355040,2.443220,1.999690,1.779810,1.162828,3.780580,2.715880,2.304460,1.484260,1.249650
2021-06-18,2.290870,2.520860,2.233880,2.259180,1.874610,1.689390,3.352740,2.472190,2.133840,1.404650,1.210510,2.442850,2.715290,2.365660,2.452930,2.007020,1.783990,1.165176,3.772970,2.767530,2.304480,1.483170,1.249640
2021-06-17,2.291770,2.522480,2.234780,2.260270,1.875130,1.689530,3.364430,2.468410,2.133810,1.403740,1.210480,2.443280,2.716100,2.366070,2.453550,2.007110,1.783840,1.165033,3.786880,2.762710,2.304420,1.482060,1.249610
2021-06-16,2.290510,2.519930,2.232980,2.258070,1.874230,1.689420,3.339170,2.478030,2.133780,1.406250,1.210500,2.443380,2.715530,2.365410,2.452590,2.007260,1.784440,1.168183,3.756820,2.775030,2.304380,1.485150,1.249630
2021-06-15,2.293410,2.524210,2.235590,2.260600,1.876320,1.690840,3.353840,2.480100,2.133760,1.407480,1.210500,2.446360,2.719610,2.367900,2.454330,2.009290,1.785860,1.168576,3.774270,2.777680,2.304390,1.486660,1.249620
2021-06-14,2.289770,2.518630,2.232330,2.253700,1.874190,1.689700,3.349240,2.467430,2.133750,1.408120,1.210460,2.441770,2.712680,2.363850,2.445820,2.006530,1.784370,,3.768790,2.761450,2.304380,1.487460,1.249580
2021-06-11,2.288750,2.517540,2.231560,2.252310,1.873750,1.689510,3.345340,2.467220,2.133760,1.408640,1.210450,2.441150,2.711670,2.363110,2.444580,2.006150,1.784230,1.163293,3.764150,2.761240,2.304400,1.488100,1.249570
2021-06-10,2.285980,2.513410,2.229310,2.249790,1.872040,1.688530,3.331190,2.464940,2.133750,1.408490,1.210440,2.438500,2.707750,2.361000,2.442310,2.004550,1.783330,1.163021,3.747320,2.758330,2.304390,1.487910,1.249560
2021-06-09,2.283320,2.509860,2.227500,2.245400,1.870360,1.687290,3.326430,2.458020,2.133760,1.406640,1.210430,2.435350,2.703560,2.358840,2.437050,2.002510,1.781830,1.159736,3.741640,2.749510,2.304400,1.485630,1.249550
2021-06-08,2.284480,2.511860,2.228190,2.246080,1.870640,1.687110,3.326700,2.463830,2.133730,1.405050,1.210460,2.436840,2.706220,2.359850,2.437940,2.002980,1.781690,1.159408,3.741960,2.756940,2.304320,1.483670,1.249580
2021-06-07,2.283400,2.510700,2.227900,2.244000,1.870100,1.686700,3.326600,2.460100,2.133700,1.403700,1.210500,2.435600,2.704600,2.359400,2.436000,2.002200,1.781100,1.157824,3.741800,2.752200,2.304300,1.482000,1.249600
2021-06-04,2.285270,2.514400,2.229740,2.245750,1.871410,1.687140,3.334310,2.467770,2.129440,1.402250,1.210430,2.437700,2.708750,2.361420,2.437860,2.003690,1.781580,1.162362,3.751030,2.762050,2.299170,1.480210,1.249550
2021-06-03,2.282160,2.509920,2.226840,2.242170,1.869540,1.685950,3.332480,2.457120,2.129450,1.402070,1.210370,2.433610,2.703040,2.357710,2.433330,2.001190,1.780000,1.156542,3.748840,2.748470,2.299180,1.480000,1.249470
2021-06-02,2.277890,2.503600,2.223180,2.238490,1.866930,1.684380,3.325950,2.443780,2.129420,1.401910,1.210380,2.428450,2.695340,2.353250,2.429440,1.997920,1.778040,1.153893,3.741060,2.731430,2.299160,1.479810,1.249490
2021-06-01,2.264890,2.487860,2.213700,2.225870,1.862020,1.681090,3.323890,2.419700,2.129410,1.401480,1.210350,2.411850,2.675440,2.341260,2.413580,1.991300,1.773660,1.149741,3.738610,2.700650,2.299160,1.479270,1.249450
2021-05-31,2.264720,2.487740,2.213500,2.227480,1.861780,1.680830,3.318350,2.424180,2.126280,1.400810,1.210390,2.411950,2.675920,2.341380,2.415540,1.991330,1.773520,1.151215,3.732010,2.706410,2.295360,1.478440,1.249490
2021-05-28,2.266680,2.491010,2.215590,2.229160,1.863270,1.681770,3.320380,2.432650,2.126280,1.401160,1.210340,2.414780,2.680100,2.344040,2.417170,1.993290,1.774760,1.150715,3.734430,2.717280,2.295380,1.478880,1.249430
2021-05-27,2.256330,2.475870,2.206290,2.219300,1.856780,1.677870,3.298230,2.405620,2.126250,1.400880,1.210380,2.402550,2.662320,2.333100,2.405720,1.985470,1.770070,1.147081,3.708030,2.682730,2.295370,1.478530,1.249480
2021-05-26,2.255280,2.474490,2.205480,2.218180,1.856060,1.677310,3.295970,2.403370,2.126250,1.400120,1.210380,2.401300,2.660750,2.332160,2.404330,1.984620,1.769410,1.144253,3.705260,2.679870,2.295360,1.477600,1.249480
2021-05-25,2.254820,2.473860,2.204970,2.218660,1.855550,1.676920,3.285380,2.408940,2.126240,1.399560,1.210380,2.401410,2.661070,2.332210,2.405270,1.984550,1.769280,1.145202,3.692660,2.687020,2.295360,1.476910,1.249480
2021-05-24,2.248620,2.465050,2.199730,2.212380,1.851710,1.674460,3.280350,2.387740,2.126240,1.398450,1.210370,2.393540,2.649870,2.325510,2.397160,1.979480,1.766040,1.141897,3.686690,2.659910,2.295360,1.475530,1.249470
2021-05-21,2.245470,2.460610,2.196980,2.209370,1.849510,1.672970,3.265650,2.385460,2.126250,1.397310,1.210370,2.390420,2.645610,2.322840,2.394450,1.977310,1.764540,1.139320,3.669220,2.657050,2.295380,1.474120,1.249470
2021-05-20,2.241860,2.455780,2.194040,2.204990,1.847140,1.671350,3.251950,2.381240,2.126230,1.395980,1.210340,2.386830,2.640690,2.319850,2.390040,1.974850,1.762830,1.139402,3.652920,2.651690,2.295370,1.472480,1.249440
2021-05-19,2.234010,2.444500,2.187370,2.196770,1.842240,1.668340,3.232520,2.362090,2.129650,1.395260,1.210360,2.377980,2.627850,2.312220,2.380510,1.969140,1.759340,1.132477,3.629810,2.627220,2.299490,1.471600,1.249460
2021-05-18,2.243770,2.458810,2.195590,2.206200,1.847960,1.671780,3.235600,2.400380,2.129640,1.395490,1.210360,2.390740,2.646500,2.323050,2.393150,1.977010,1.764070,1.139442,3.633480,2.676190,2.299480,1.471880,1.249460
2021-05-17,2.240290,2.453510,2.192530,2.204350,1.846050,1.670820,3.236180,2.385110,2.129500,1.396490,1.210340,2.386030,2.639370,2.318890,2.389970,1.974250,1.762630,1.136047,3.634170,2.656680,2.299320,1.473120,1.249430
2021-05-14,2.237520,2.450180,2.189180,2.203060,1.843870,1.669420,3.236190,2.378720,2.129500,1.395890,1.210330,2.381880,2.634160,2.314180,2.388010,1.970960,1.760620,1.136657,3.634200,2.648560,2.299330,1.472380,1.249420
2021-05-13,2.230090,2.439530,2.182670,2.195750,1.839030,1.666360,3.206170,2.369650,2.129510,1.394720,1.210330,2.374330,2.623390,2.307540,2.380600,1.966010,1.757470,1.133043,3.598510,2.636980,2.299320,1.470940,1.249420
2021-05-12,2.231970,2.441990,2.183880,2.195900,1.840000,1.667080,3.197210,2.383000,2.129500,1.395620,1.210330,2.377330,2.627610,2.309780,2.381880,1.967870,1.758760,1.134772,3.587850,2.654060,2.299320,1.472040,1.249420
2021-05-11,2.240220,2.454200,2.191030,2.203940,1.845320,1.670470,3.219110,2.402120,2.129480,1.397140,1.210320,2.386940,2.641350,2.317870,2.390750,1.974000,1.762670,1.139593,3.613880,2.678500,2.299270,1.473920,1.249410
2021-05-10,2.249700,2.467750,2.199050,2.215080,1.851200,1.674110,3.244960,2.422820,2.127750,1.398230,1.210320,2.397380,2.656490,2.326860,2.402950,1.980700,1.766810,1.143030,3.644630,2.705000,2.297180,1.475260,1.249410
2021-05-07,2.246670,2.463310,2.196720,2.214740,1.849870,1.673430,3.264510,2.397290,2.127740,1.398960,1.210330,2.391930,2.648390,2.322360,2.399570,1.977600,1.765110,1.141813,3.667890,2.672420,2.297180,1.476170,1.249430
2021-05-06,2.243360,2.459180,2.193560,2.211370,1.847820,1.671960,3.259120,2.390550,2.125500,1.397980,1.210310,2.388150,2.643570,2.318650,2.395850,1.975130,1.763340,1.138862,3.661480,2.663810,2.294480,1.474950,1.249400
2021-05-05,2.242640,2.458550,2.193670,2.209220,1.847540,1.671580,3.247040,2.399840,2.125290,1.396600,1.210310,2.388070,2.644220,2.319630,2.394300,1.975520,1.763310,1.141282,3.647110,2.675700,2.294210,1.473270,1.249400
2021-05-04,2.239640,2.454950,2.192870,2.205010,1.846920,1.671120,3.251530,2.392570,2.125280,1.396110,1.210310,2.384060,2.639250,2.318240,2.388810,1.974400,1.762540,1.137099,3.652460,2.666430,2.294220,1.472650,1.249400
2021-05-03,2.238520,2.453330,2.192290,2.202690,1.846630,1.670970,3.264300,2.380830,2.125250,1.396220,1.210310,2.381560,2.635740,2.316590,2.385220,1.973220,1.761860,1.139710,3.667650,2.651450,2.294180,1.472790,1.249400
2021-04-30,2.233490,2.448080,2.192680,2.197820,1.847040,1.671170,3.269530,2.381290,2.121270,1.396310,1.210310,2.375290,2.629110,2.316790,2.379260,1.973490,1.761960,1.137091,3.673870,2.652090,2.289380,1.472910,1.249400
2021-04-29,2.239950,2.457420,2.198200,2.203730,1.850990,1.673550,3.286210,2.396330,2.121260,1.396700,1.210280,2.382520,2.639660,2.323040,2.385880,1.978050,1.764690,1.139790,3.693700,2.671320,2.289370,1.473390,1.249370
2021-04-28,2.237280,2.453150,2.196050,2.202280,1.849390,1.672610,3.276030,2.390230,2.121390,1.396740,1.210300,2.379790,2.635370,2.320950,2.384520,1.976490,1.763770,1.140403,3.681590,2.663530,2.289520,1.473430,1.249390
2021-04-27,2.231970,2.450240,2.186120,2.210470,1.853240,1.668800,3.271770,2.367270,2.093330,1.396420,1.210280,2.375910,2.629040,2.318260,2.380520,1.973850,1.762310,1.136251,3.671310,2.650640,2.289520,1.473070,1.249360
2021-04-26,2.231120,2.448910,2.185190,2.208800,1.852710,1.668490,3.264890,2.367950,2.093320,1.396780,1.210280,2.375260,2.627970,2.317460,2.379000,1.973380,1.762130,1.139417,3.663130,2.651520,2.289510,1.473520,1.249360
2021-04-23,2.232910,2.451740,2.187250,2.210610,1.854220,1.669420,3.273530,2.371390,2.093340,1.397020,1.210270,2.377170,2.630890,2.319650,2.380980,1.975000,1.763120,1.139423,3.673400,2.655960,2.289540,1.473820,1.249350
2021-04-22,2.228330,2.444810,2.182940,2.206660,1.851190,1.667690,3.250650,2.367420,2.093330,1.397400,1.210250,2.372700,2.624220,2.315490,2.377120,1.972100,1.761500,1.136696,3.646220,2.650910,2.289540,1.474290,1.249320
2021-04-21,2.223090,2.437790,2.178600,2.200340,1.847980,1.665610,3.241520,2.354860,2.093320,1.396360,1.210270,2.366680,2.615830,2.310260,2.369630,1.968160,1.758960,1.136675,3.635350,2.634860,2.289540,1.473010,1.249340
2021-04-20,2.223290,2.437980,2.178610,2.199280,1.847880,1.665520,3.232760,2.361210,2.093310,1.396150,1.210240,2.367490,2.617040,2.310890,2.369140,1.968570,1.759170,1.134982,3.624930,2.643000,2.289540,1.472750,1.249320
2021-04-19,2.229770,2.447290,2.184560,2.206360,1.852250,1.668300,3.254720,2.372720,2.093300,1.397020,1.210240,2.374390,2.626980,2.317320,2.376520,1.973330,1.762200,1.139132,3.651030,2.657720,2.289510,1.473820,1.249310
2021-04-16,2.231510,2.450010,2.186270,2.207520,1.853460,1.668940,3.269610,2.370390,2.093310,1.396670,1.210250,2.375660,2.628970,2.318610,2.377200,1.974160,1.762600,1.139400,3.668740,2.654800,2.289530,1.473380,1.249330
2021-04-15,2.228610,2.445770,2.183670,2.205250,1.851560,1.667850,3.250400,2.371430,2.093310,1.396740,1.210230,2.373310,2.625470,2.316460,2.375150,1.972630,1.761740,1.137548,3.645910,2.656150,2.289530,1.473480,1.249300
2021-04-14,2.222720,2.437510,2.178670,2.198440,1.847730,1.665270,3.238270,2.357140,2.093300,1.395040,1.210240,2.366420,2.615870,2.310600,2.367470,1.968070,1.758670,1.134510,3.631500,2.637910,2.289540,1.471370,1.249310
2021-04-13,2.222620,2.437660,2.178990,2.199350,1.847890,1.665200,3.256630,2.345480,2.093310,1.394190,1.210230,2.365030,2.614080,2.309780,2.367010,1.967240,1.757970,1.134640,3.653320,2.623020,2.289570,1.470330,1.249300
2021-04-12,2.221200,2.435460,2.177620,2.197550,1.847040,1.664810,3.248740,2.344660,2.093300,1.394880,1.210210,2.363760,2.612050,2.308500,2.365350,1.966490,1.757670,1.134081,3.643960,2.621970,2.289570,1.471180,1.249270
2021-04-09,2.223990,2.439620,2.180020,2.198520,1.848620,1.665750,3.253820,2.352840,2.092310,1.394570,1.210200,2.367080,2.616990,2.311390,2.366860,1.968500,1.758790,1.134749,3.650000,2.632470,2.288360,1.470790,1.249270
2021-04-08,2.221580,2.437040,2.176960,2.194370,1.847320,1.664890,3.245920,2.355040,2.084530,1.395120,1.210200,2.364640,2.614510,2.308080,2.362600,1.967220,1.757900,1.132088,3.640600,2.635310,2.278860,1.471470,1.249260
2021-04-07,2.214450,2.426560,2.171100,2.187330,1.842770,1.662080,3.229940,2.336430,2.084530,1.394140,1.210220,2.356380,2.602330,2.301250,2.354240,1.961780,1.754550,1.127765,3.621600,2.611520,2.278870,1.470270,1.249280
2021-04-06,2.210230,2.421310,2.166650,2.183460,1.840240,1.660320,3.231590,2.321670,2.084530,1.393320,1.210220,2.350730,2.595180,2.295400,2.349790,1.958220,1.752130,1.126073,3.623560,2.592680,2.278870,1.469250,1.249280
2021-04-01,2.202830,2.410930,2.160100,2.175730,1.835420,1.657190,3.211100,2.307360,2.084410,1.392050,1.210180,2.342550,2.583680,2.288110,2.340470,1.952760,1.748610,1.118600,3.599220,2.574470,2.278720,1.467690,1.249250
2021-03-31,2.192700,2.396800,2.151600,2.163700,1.829300,1.653300,3.176400,2.294100,2.079100,1.391000,1.210200,2.332000,2.568900,2.279200,2.328300,1.946200,1.744500,1.113586,3.558000,2.557500,2.272400,1.466400,1.249200
2021-03-30,2.188680,2.391150,2.147310,2.160860,1.826450,1.651660,3.177030,2.279560,2.079870,1.391080,1.210160,2.326210,2.560820,2.273260,2.323470,1.942150,1.742090,1.113586,3.558750,2.538970,2.273130,1.466490,1.249220
2021-03-29,2.191620,2.394880,2.150040,2.164810,1.828470,1.653130,3.161290,2.299350,2.079850,1.392710,1.210180,2.331690,2.568000,2.278180,2.329450,1.946050,1.744700,1.117040,3.540030,2.564270,2.273110,1.468510,1.249240
2021-03-26,2.193310,2.397130,2.151460,2.167080,1.829580,1.653940,3.163540,2.303770,2.079860,1.393440,1.210180,2.333720,2.570730,2.279910,2.332070,1.947430,1.745700,1.118676,3.542720,2.569970,2.273070,1.469410,1.249240
2021-03-25,2.186010,2.386370,2.144960,2.159000,1.824930,1.651140,3.140080,2.289680,2.079860,1.393230,1.210150,2.325710,2.559070,2.272850,2.323370,1.942330,1.742640,1.111476,3.514840,2.551970,2.273080,1.469150,1.249210
2021-03-24,2.182320,2.380820,2.141550,2.156130,1.822420,1.649640,3.123790,2.284950,2.079850,1.392970,1.210150,2.321870,2.553490,2.269410,2.320400,1.939800,1.741130,1.112072,3.495480,2.545950,2.273080,1.468830,1.249210
2021-03-23,2.182990,2.382220,2.142410,2.154250,1.822880,1.649750,3.132750,2.282680,2.079830,1.391950,1.210170,2.322250,2.554300,2.269860,2.318020,1.939920,1.741010,1.109723,3.506100,2.543040,2.272920,1.467570,1.249230
2021-03-22,2.185880,2.386630,2.145160,2.154230,1.824570,1.650620,3.141650,2.288820,2.079820,1.391110,1.210170,2.325470,2.559120,2.272880,2.318020,1.941780,1.741950,1.111725,3.516690,2.550910,2.272920,1.466530,1.249220
2021-03-19,2.182120,2.381370,2.141850,2.151530,1.822150,1.649080,3.134110,2.279370,2.079820,1.390540,1.210140,2.321140,2.552970,2.268990,2.315010,1.938880,1.740090,1.108645,3.507730,2.538880,2.272920,1.465830,1.249190
2021-03-18,2.185090,2.385340,2.144200,2.153340,1.823900,1.650240,3.133550,2.290780,2.079820,1.391280,1.210110,2.324940,2.558300,2.272180,2.317740,1.941340,1.741720,1.109732,3.507080,2.553490,2.272920,1.466740,1.249160
2021-03-17,2.193520,2.397450,2.151710,2.163120,1.829410,1.653630,3.167600,2.301470,2.079830,1.392170,1.210100,2.333540,2.570640,2.279870,2.327790,1.946980,1.745190,1.115268,3.547530,2.567150,2.272900,1.467840,1.249140
2021-03-16,2.195550,2.400190,2.153200,2.164510,1.830430,1.654300,3.157740,2.315670,2.079810,1.392460,1.210100,2.336890,2.575400,2.282590,2.330130,1.949030,1.746490,1.116692,3.535810,2.585320,2.272830,1.468200,1.249140
2021-03-15,2.192360,2.395800,2.150530,2.160260,1.828470,1.652990,3.157760,2.303470,2.079810,1.391730,1.210090,2.332740,2.569560,2.279030,2.324810,1.946300,1.744690,1.113085,3.535840,2.569740,2.272830,1.467300,1.249130
2021-03-12,2.188580,2.389910,2.146820,2.156160,1.826140,1.651830,3.145700,2.295200,2.079800,1.393080,1.210110,2.328510,2.563050,2.274920,2.320570,1.943710,1.743440,1.110266,3.521500,2.559220,2.272800,1.468960,1.249150
2021-03-11,2.181590,2.380570,2.142830,2.147820,1.823700,1.650580,3.143260,2.279520,2.077570,1.394450,1.210080,2.319850,2.551310,2.269670,2.310250,1.940370,1.741690,1.108384,3.518610,2.539180,2.269960,1.470650,1.249120
2021-03-10,2.176200,2.373630,2.138580,2.143240,1.820230,1.648170,3.119180,2.277290,2.074100,1.392210,1.210080,2.314970,2.544860,2.265710,2.306190,1.937100,1.739300,1.105054,3.489990,2.536340,2.265770,1.467920,1.249120
2021-03-09,2.177880,2.377090,2.139820,2.146360,1.821050,1.648430,3.109340,2.295220,2.071430,1.390850,1.210070,2.318200,2.550430,2.268020,2.311070,1.938880,1.740100,1.107504,3.478300,2.559240,2.262590,1.466250,1.249110
2021-03-08,2.170420,2.366420,2.133240,2.140270,1.816160,1.645380,3.082170,2.283610,2.071430,1.389840,1.210070,2.310380,2.539290,2.261150,2.304110,1.933750,1.736870,1.101337,3.446030,2.544420,2.262600,1.465000,1.249110
2021-03-05,2.169330,2.365340,2.132760,2.137930,1.815830,1.645130,3.092830,2.273210,2.071440,1.389580,1.210070,2.308520,2.536630,2.259720,2.300720,1.932620,1.736140,1.102022,3.458680,2.531150,2.262610,1.464680,1.249100
2021-03-04,2.166150,2.359280,2.128890,2.136580,1.813520,1.644450,3.048440,2.285870,2.071430,1.393130,1.210070,2.307100,2.533550,2.257640,2.301920,1.931980,1.736610,1.101159,3.405940,2.547350,2.262600,1.469080,1.249100
2021-03-03,2.174770,2.371340,2.136310,2.146670,1.819340,1.648260,3.086710,2.293910,2.071430,1.395540,1.210070,2.315570,2.545310,2.264920,2.311580,1.937710,1.740420,1.103393,3.451410,2.557640,2.262590,1.472050,1.249100
2021-03-02,2.171310,2.366390,2.133320,2.146950,1.817410,1.647110,3.096040,2.273580,2.071410,1.395750,1.210080,2.310310,2.537640,2.260250,2.309610,1.934410,1.738450,1.104666,3.462490,2.531660,2.262600,1.472300,1.249120
2021-03-01,2.176090,2.373730,2.137950,2.150050,1.820350,1.648570,3.116450,2.280300,2.071490,1.394010,1.210030,2.315140,2.545080,2.264980,2.312680,1.937300,1.739830,1.111404,3.486740,2.540280,2.262700,1.470160,1.249060
2021-02-26,2.160750,2.352510,2.124630,2.134290,1.810150,1.641810,3.068270,2.253850,2.071340,1.389870,1.210010,2.298580,2.522160,2.250520,2.295230,1.926100,1.732360,1.097018,3.429510,2.506530,2.262540,1.465060,1.249030
2021-02-25,2.170840,2.365960,2.132220,2.143140,1.816210,1.646210,3.061070,2.296910,2.071330,1.394350,1.210010,2.312090,2.540740,2.261210,2.308030,1.934880,1.738550,1.105605,3.420960,2.561560,2.262530,1.470580,1.249040
2021-02-24,2.173450,2.369380,2.134530,2.144700,1.818940,1.648530,3.105170,2.276700,2.070990,1.398790,1.210020,2.312530,2.540330,2.261220,2.307100,1.935830,1.739930,1.106656,3.473290,2.535750,2.262130,1.476060,1.249040
2021-02-23,2.176420,2.373030,2.136860,2.149960,1.820750,1.649900,3.101650,2.288860,2.070970,1.400210,1.210040,2.316420,2.545550,2.264540,2.314270,1.938500,1.741880,1.109205,3.469120,2.551290,2.262050,1.477800,1.249070
2021-02-22,2.170980,2.365100,2.132140,2.150130,1.817370,1.647740,3.102770,2.266200,2.070970,1.399390,1.210040,2.308870,2.534860,2.258130,2.312770,1.933700,1.738840,1.105473,3.470440,2.522350,2.262050,1.476790,1.249060
2021-02-19,2.177170,2.372970,2.137270,2.154200,1.822070,1.651410,3.142770,2.260300,2.070970,1.404540,1.210010,2.313900,2.540800,2.262150,2.316270,1.937610,1.742200,1.113146,3.517950,2.514830,2.262030,1.483140,1.249030
2021-02-18,2.188310,2.388750,2.146820,2.165640,1.829180,1.655940,3.168690,2.286850,2.070970,1.406660,1.210000,2.326730,2.558930,2.273260,2.329410,1.945980,1.747530,1.117721,3.548750,2.548770,2.262020,1.485750,1.249020
2021-02-17,2.191900,2.394420,2.149870,2.168910,1.831380,1.657100,3.192060,2.288220,2.070960,1.406020,1.210020,2.329630,2.563620,2.275660,2.332040,1.947600,1.748330,1.119479,3.576490,2.550530,2.261990,1.484960,1.249040
2021-02-16,2.193590,2.396200,2.150850,2.171300,1.832420,1.658020,3.194470,2.291290,2.070940,1.407880,1.209990,2.331370,2.565610,2.276810,2.334420,1.948830,1.749430,1.120030,3.579330,2.554450,2.261990,1.487250,1.249010
2021-02-15,2.189000,2.389190,2.146600,2.166890,1.829670,1.656540,3.192870,2.272750,2.070920,1.408840,1.209990,2.325230,2.556440,2.271180,2.328580,1.945010,1.747350,1.118629,3.577420,2.530770,2.261990,1.488440,1.249010
2021-02-12,2.183220,2.380490,2.141370,2.161340,1.826430,1.654930,3.187180,2.252680,2.070920,1.410830,1.210000,2.318030,2.545520,2.264550,2.321460,1.940720,1.745180,1.115760,3.570650,2.505160,2.262000,1.490890,1.249010
2021-02-11,2.183870,2.381380,2.141620,2.160280,1.826680,1.655220,3.171850,2.265610,2.070900,1.411740,1.209970,2.320170,2.548430,2.266020,2.321720,1.942040,1.746110,1.117436,3.552450,2.521680,2.262010,1.492010,1.248980
2021-02-10,2.184000,2.381620,2.141820,2.160370,1.826620,1.655100,3.168300,2.268150,2.070900,1.410930,1.209970,2.320540,2.549110,2.266480,2.321850,1.942170,1.746090,1.116483,3.548240,2.524930,2.262010,1.491010,1.248980
2021-02-09,2.180550,2.377070,2.138940,2.158220,1.824490,1.653690,3.161810,2.260290,2.070900,1.410200,1.209970,2.316690,2.543740,2.263090,2.318790,1.939590,1.744400,1.113924,3.540530,2.514880,2.261780,1.490110,1.248980
2021-02-08,2.183360,2.381420,2.141370,2.161260,1.825960,1.654400,3.157220,2.275260,2.070900,1.409270,1.209960,2.320860,2.550050,2.266680,2.322820,1.941980,1.745630,1.115986,3.535060,2.533930,2.261790,1.488960,1.248970
2021-02-05,2.178390,2.374310,2.136970,2.155860,1.823420,1.653060,3.151630,2.261640,2.069280,1.410560,1.209960,2.314700,2.541320,2.261240,2.316390,1.938730,1.743890,1.115200,3.528390,2.516560,2.259840,1.490550,1.248970
2021-02-04,2.173130,2.367020,2.132470,2.149970,1.820180,1.650870,3.153500,2.241120,2.066700,1.409360,1.209950,2.307510,2.531390,2.255070,2.308900,1.934070,1.740810,1.109420,3.530610,2.490350,2.256730,1.489070,1.248950
2021-02-03,2.173070,2.366620,2.131590,2.151490,1.819780,1.650940,3.130130,2.256090,2.066700,1.410960,1.209950,2.309010,2.533280,2.255470,2.311390,1.934860,1.741660,1.109117,3.502840,2.509490,2.256720,1.491040,1.248950
2021-02-02,2.168460,2.359870,2.127480,2.145700,1.817110,1.649310,3.135930,2.233840,2.066680,1.411180,1.209980,2.302360,2.523650,2.249520,2.303650,1.930670,1.739200,1.106167,3.509640,2.481160,2.256680,1.491320,1.248990
2021-02-01,2.151700,2.336010,2.112650,2.131580,1.806470,1.642890,3.079580,2.205850,2.063620,1.410660,1.209980,2.284690,2.498210,2.233620,2.287640,1.919190,1.732290,1.099552,3.442720,2.445410,2.252980,1.490670,1.248990
2021-01-29,2.137340,2.315160,2.099750,2.119930,1.797280,1.637560,3.015920,2.190700,2.063620,1.411200,1.209970,2.270560,2.477600,2.220840,2.275920,1.910170,1.727130,1.093673,3.367110,2.426060,2.252990,1.491330,1.248980
2021-01-28,2.148290,2.331400,2.109370,2.128990,1.804430,1.641910,3.063420,2.204900,2.063620,1.412100,1.209950,2.281650,2.493740,2.230390,2.285050,1.917250,1.731440,1.100285,3.423510,2.444210,2.253000,1.492440,1.248950
2021-01-27,2.153560,2.339230,2.114450,2.136040,1.807820,1.643910,3.048490,2.239530,2.063610,1.412080,1.209950,2.289800,2.506000,2.238330,2.295100,1.922980,1.734850,1.101901,3.405790,2.488480,2.253000,1.492410,1.248950
2021-01-25,2.169470,2.362530,2.128860,2.146010,1.818070,1.649830,3.118630,2.258980,2.063610,1.411480,1.209940,2.305430,2.529180,2.252760,2.305290,1.933160,1.740640,1.109102,3.489070,2.513350,2.253000,1.491680,1.248940
2021-01-22,2.166850,2.358890,2.126540,2.142660,1.816340,1.648700,3.110520,2.254530,2.063610,1.410960,1.209950,2.302590,2.525210,2.250230,2.301190,1.931230,1.739380,1.107339,3.479440,2.507690,2.252910,1.491030,1.248940
2021-01-21,2.168900,2.361280,2.127940,2.144940,1.817830,1.650050,3.113160,2.259020,2.063600,1.413490,1.209950,2.305000,2.528040,2.251880,2.303980,1.933040,1.741010,1.108916,3.482570,2.513400,2.252910,1.494140,1.248940
2021-01-20,2.165270,2.356240,2.124560,2.141490,1.815530,1.648580,3.115720,2.244020,2.063580,1.413160,1.209960,2.299870,2.520880,2.247130,2.299600,1.929620,1.738870,1.107312,3.485610,2.494350,2.252920,1.493740,1.248960
2021-01-19,2.160090,2.348590,2.119850,2.137460,1.812030,1.646410,3.096750,2.235320,2.063570,1.412570,1.209920,2.294200,2.512820,2.242140,2.295250,1.925880,1.736540,1.103475,3.463080,2.483300,2.252890,1.493010,1.248910
2021-01-18,2.150590,2.334900,2.111440,2.128450,1.806100,1.642840,3.076370,2.210660,2.063560,1.412350,1.209930,2.283100,2.496830,2.232260,2.284440,1.918780,1.732280,1.096997,3.438880,2.451770,2.252890,1.492740,1.248930
2021-01-15,2.154400,2.340620,2.114780,2.130610,1.808240,1.644010,3.073120,2.229060,2.064380,1.411810,1.209900,2.288520,2.504840,2.237020,2.287830,1.922050,1.734110,1.098080,3.435010,2.475180,2.253830,1.492070,1.248880
2021-01-14,2.155150,2.341900,2.115520,2.130240,1.808730,1.644230,3.080610,2.227370,2.064330,1.411390,1.209900,2.289030,2.505680,2.237470,2.287470,1.922280,1.734160,1.099770,3.443910,2.473040,2.253730,1.491550,1.248880
2021-01-13,2.154320,2.340710,2.114770,2.130790,1.808260,1.643930,3.085590,2.220780,2.064330,1.411360,1.209930,2.287490,2.503500,2.236100,2.287370,1.921300,1.733550,1.098573,3.449830,2.464680,2.253730,1.491510,1.248920
2021-01-12,2.152680,2.338460,2.113570,2.129180,1.807070,1.643000,3.085150,2.214180,2.064300,1.409710,1.209920,2.285190,2.500520,2.234460,2.285790,1.919700,1.732310,1.098782,3.449280,2.456310,2.253730,1.489470,1.248910
2021-01-11,2.156030,2.342900,2.116180,2.131890,1.809130,1.644370,3.094200,2.220860,2.064300,1.410710,1.209900,2.288700,2.505400,2.237330,2.288550,1.922000,1.733860,1.097434,3.459980,2.464780,2.253720,1.490710,1.248880
2021-01-08,2.157240,2.346750,2.114610,2.130650,1.810320,1.644920,3.094230,2.238440,2.054570,1.412460,1.209880,2.290730,2.510730,2.235960,2.288300,1.923840,1.734750,1.100194,3.460010,2.487130,2.241950,1.492870,1.248860
2021-01-07,2.151150,2.337940,2.108930,2.123510,1.806540,1.642700,3.077370,2.227310,2.048740,1.413040,1.209890,2.283790,2.500880,2.229550,2.280400,1.919550,1.732220,1.096197,3.439990,2.473010,2.234960,1.493580,1.248870
2021-01-06,2.135080,2.314550,2.094700,2.108990,1.796660,1.636950,3.038600,2.188290,2.048710,1.413870,1.209890,2.265290,2.474020,2.213160,2.264190,1.907960,1.725500,1.089693,3.393970,2.423430,2.234930,1.494600,1.248870
2021-01-05,2.136690,2.317250,2.095080,2.112920,1.797680,1.637730,3.028820,2.203630,2.048700,1.415540,1.209880,2.268400,2.478750,2.214580,2.269950,1.910020,1.726950,1.092821,3.382370,2.442930,2.234890,1.496660,1.248860
2021-01-04,2.135700,2.315710,2.093930,2.112270,1.797000,1.637310,3.023970,2.204220,2.043850,1.415740,1.209870,2.267220,2.477250,2.213410,2.269110,1.909360,1.726530,1.089319,3.376620,2.443700,2.229050,1.496900,1.248840
2020-12-31,2.128810,2.306270,2.088490,2.105860,1.793220,1.635070,3.021420,2.180140,2.044320,1.415780,1.209830,2.258640,2.464960,2.206250,2.260480,1.904150,1.723440,1.086101,3.373590,2.413140,2.229640,1.496950,1.248790
2020-12-30,2.135400,2.315850,2.094170,2.112780,1.797030,1.637200,3.025820,2.204400,2.044310,1.415020,1.209820,2.266980,2.477240,2.213580,2.269500,1.909300,1.726350,1.090462,3.378820,2.443980,2.229640,1.496020,1.248790
2020-12-29,2.135770,2.316480,2.094620,2.115030,1.797380,1.637470,3.027080,2.205120,2.044310,1.415190,1.209840,2.267500,2.477920,2.214070,2.271600,1.909690,1.726650,1.091506,3.380310,2.444880,2.229640,1.496230,1.248800
2020-12-24,2.130710,2.308970,2.089990,2.108240,1.793890,1.635240,3.011050,2.195120,2.044320,1.414310,1.209790,2.261620,2.469710,2.208990,2.264360,1.905810,1.724160,1.084770,3.361270,2.432220,2.229660,1.495130,1.248740
2020-12-23,2.128310,2.305230,2.087750,2.106120,1.792450,1.634520,3.009930,2.184620,2.046090,1.415050,1.209790,2.258420,2.464780,2.206030,2.261720,1.903800,1.723140,1.084230,3.359940,2.418890,2.231810,1.496040,1.248740
2020-12-22,2.125950,2.301980,2.085300,2.104500,1.790830,1.633480,3.015490,2.172930,2.046050,1.414780,1.209800,2.254560,2.459560,2.202290,2.258670,1.901100,1.721450,1.081672,3.366500,2.404050,2.231820,1.495710,1.248750
2020-12-21,2.129300,2.307360,2.088700,2.107690,1.792970,1.634650,3.006540,2.195500,2.046030,1.414040,1.209790,2.260010,2.467790,2.207490,2.263680,1.904710,1.723500,1.083395,3.355870,2.432720,2.231800,1.494800,1.248740
2020-12-18,2.131400,2.310680,2.091130,2.108350,1.794730,1.635700,3.021470,2.196110,2.046010,1.414000,1.209750,2.261780,2.470580,2.209660,2.264350,1.906250,1.724400,1.085009,3.373580,2.433530,2.231800,1.494740,1.248690
2020-12-17,2.134360,2.316130,2.096340,2.108800,1.798370,1.637900,3.023560,2.219440,2.046000,1.414070,1.209760,2.266140,2.478120,2.216540,2.265940,1.911270,1.727420,1.089115,3.376040,2.463170,2.231770,1.494830,1.248710
2020-12-16,2.127080,2.306020,2.090070,2.101550,1.793960,1.635210,3.012110,2.199180,2.046000,1.414010,1.209730,2.257620,2.465930,2.208940,2.256570,1.905780,1.724090,1.085190,3.362470,2.437430,2.231760,1.494750,1.248670
2020-12-15,2.122210,2.299400,2.085920,2.096750,1.790950,1.633320,3.002370,2.187510,2.046000,1.413500,1.209750,2.252090,2.458180,2.204070,2.250360,1.902170,1.721820,1.083505,3.350910,2.422680,2.231760,1.494120,1.248690
2020-12-14,2.122320,2.299260,2.085760,2.093990,1.790740,1.633210,2.986290,2.198440,2.046000,1.413530,1.209730,2.253230,2.459850,2.205030,2.248510,1.902890,1.722280,1.080725,3.331810,2.436730,2.231750,1.494160,1.248670
2020-12-11,2.122020,2.299110,2.085630,2.093050,1.790560,1.632990,2.990030,2.195630,2.045990,1.412970,1.209710,2.252670,2.459200,2.204430,2.247570,1.902430,1.721870,1.079950,3.336240,2.433200,2.231760,1.493470,1.248650
2020-12-10,2.125940,2.304830,2.089280,2.096980,1.793150,1.634580,3.001900,2.203790,2.045950,1.413040,1.209710,2.257070,2.465470,2.208460,2.252500,1.905310,1.723630,1.084608,3.350310,2.443560,2.231600,1.493550,1.248640
2020-12-09,2.131080,2.312220,2.094020,2.104220,1.796230,1.636240,3.013430,2.217120,2.045950,1.411770,1.209700,2.262910,2.474080,2.214030,2.260240,1.908970,1.725600,1.086865,3.363990,2.460500,2.231410,1.491980,1.248630
2020-12-08,2.132180,2.314560,2.095110,2.104110,1.797200,1.636780,3.038410,2.206200,2.045940,1.411760,1.209690,2.262470,2.473900,2.213390,2.258600,1.908760,1.725420,1.086507,3.393640,2.446650,2.231400,1.491960,1.248620
2020-12-07,2.130170,2.311920,2.093050,2.099790,1.795750,1.635730,3.026700,2.208420,2.041690,1.411040,1.209700,2.260790,2.471850,2.211650,2.254260,1.907490,1.724450,1.085632,3.379740,2.449470,2.226270,1.491070,1.248630
2020-12-04,2.127540,2.308300,2.090800,2.098790,1.794320,1.635030,3.031980,2.193320,2.041630,1.411870,1.209690,2.256870,2.466090,2.207960,2.252400,1.905070,1.723180,1.084473,3.386010,2.430330,2.226240,1.492100,1.248610
2020-12-03,2.120350,2.298140,2.084180,2.092530,1.789470,1.631980,3.002140,2.184800,2.041610,1.410940,1.209670,2.249720,2.456040,2.201360,2.246240,1.900160,1.720080,1.081614,3.350610,2.419500,2.226260,1.490960,1.248600
2020-12-02,2.119130,2.297050,2.082490,2.093610,1.788680,1.631430,3.011520,2.176190,2.041610,1.411040,1.209660,2.247240,2.453140,2.198310,2.245900,1.898450,1.718980,1.080458,3.361740,2.408570,2.226260,1.491070,1.248580
2020-12-01,2.117760,2.295010,2.081010,2.095630,1.787930,1.631120,3.013100,2.170160,2.038420,1.412150,1.209640,2.245210,2.450130,2.196160,2.247430,1.897270,1.718430,1.079659,3.363660,2.400930,2.222420,1.492440,1.248550
2020-11-30,2.108940,2.281920,2.072630,2.085710,1.782110,1.627780,2.983590,2.152370,2.038420,1.412670,1.209670,2.235410,2.435940,2.187000,2.236860,1.890880,1.714790,1.074590,3.328650,2.378350,2.222420,1.493080,1.248590
2020-11-27,2.113840,2.290280,2.080180,2.084340,1.787470,1.630860,3.002730,2.175970,2.038380,1.412440,1.209640,2.241130,2.445740,2.195990,2.236190,1.897280,1.718460,1.080464,3.351350,2.408350,2.222430,1.492790,1.248560
2020-11-26,2.115120,2.292170,2.081420,2.085610,1.788270,1.631280,2.996930,2.186240,2.038360,1.412100,1.209650,2.243500,2.449160,2.198280,2.238270,1.898790,1.719300,1.081528,3.344470,2.421410,2.222430,1.492380,1.248560
2020-11-25,2.118240,2.296890,2.084230,2.087630,1.790150,1.632220,2.994290,2.203100,2.038340,1.411340,1.209640,2.248180,2.456090,2.202530,2.241560,1.901670,1.720810,1.083588,3.341370,2.442820,2.222430,1.491430,1.248550
2020-11-24,2.116290,2.294170,2.082590,2.085490,1.789110,1.631730,3.002580,2.189130,2.038360,1.412000,1.209630,2.244770,2.451180,2.199440,2.238490,1.899630,1.719740,1.081849,3.351200,2.425100,2.222470,1.492250,1.248540
2020-11-23,2.106700,2.280190,2.073820,2.076960,1.783000,1.628270,2.982430,2.161430,2.038360,1.412720,1.209620,2.233250,2.434480,2.188860,2.227790,1.892210,1.715540,1.076822,3.327300,2.389930,2.222480,1.493130,1.248530
2020-11-20,2.100650,2.271600,2.068270,2.074130,1.778990,1.625820,2.960630,2.151710,2.038350,1.412300,1.209610,2.226890,2.425460,2.183010,2.224600,1.887930,1.712940,1.075435,3.301430,2.377620,2.222480,1.492610,1.248510
2020-11-19,2.102750,2.275170,2.070530,2.076090,1.780330,1.626410,2.971260,2.154570,2.038330,1.411020,1.209600,2.229080,2.428960,2.185210,2.226580,1.889200,1.713430,1.076027,3.313980,2.381250,2.222490,1.491030,1.248500
2020-11-18,2.098540,2.269100,2.066550,2.071700,1.777460,1.624640,2.954230,2.148910,2.038320,1.410690,1.209590,2.224730,2.422790,2.181160,2.222090,1.886220,1.711610,1.075383,3.293780,2.374060,2.222450,1.490620,1.248490
2020-11-17,2.099020,2.270790,2.067640,2.073580,1.777830,1.624530,2.970070,2.142260,2.038320,1.408630,1.209590,2.224440,2.422980,2.181240,2.222800,1.885800,1.710950,1.073855,3.312540,2.365620,2.222230,1.488070,1.248490
2020-11-16,2.096760,2.267320,2.065540,2.073270,1.776590,1.624070,2.970160,2.131350,2.038310,1.410020,1.209590,2.221300,2.418130,2.178230,2.222360,1.883970,1.710180,1.072361,3.312640,2.351780,2.222230,1.489800,1.248480
2020-11-13,2.088620,2.255990,2.058400,2.067220,1.771400,1.620950,2.957090,2.106690,2.038310,1.409400,1.209570,2.211350,2.404080,2.169300,2.214460,1.877420,1.706260,1.067128,3.297240,2.320500,2.222240,1.489030,1.248460
2020-11-12,2.085030,2.250410,2.054740,2.064510,1.768690,1.619240,2.927730,2.111560,2.038300,1.408880,1.209550,2.208710,2.400340,2.166850,2.212870,1.875520,1.705030,1.065140,3.262410,2.326660,2.222120,1.488380,1.248440
2020-11-11,2.087350,2.254840,2.057600,2.065490,1.770250,1.619760,2.938320,2.117150,2.038270,1.406510,1.209550,2.211550,2.405000,2.169910,2.214020,1.877140,1.705510,1.067800,3.274940,2.333630,2.222120,1.485440,1.248440
2020-11-10,2.077500,2.240570,2.047880,2.059380,1.763870,1.616160,2.925100,2.084100,2.038190,1.407710,1.209530,2.198860,2.386910,2.157510,2.205090,1.868900,1.700840,1.061859,3.259220,2.291800,2.222130,1.486930,1.248420
2020-11-09,2.073940,2.234760,2.043820,2.055430,1.761750,1.615480,2.928750,2.064220,2.038170,1.411190,1.209530,2.193280,2.378220,2.151460,2.199910,1.865500,1.699510,1.057074,3.263510,2.266620,2.222130,1.491230,1.248420
2020-11-06,2.058430,2.213220,2.029870,2.041350,1.751860,1.609540,2.886730,2.032550,2.034630,1.410630,1.209510,2.175990,2.353930,2.135600,2.183360,1.854140,1.692710,1.050335,3.213530,2.226550,2.217860,1.490530,1.248390
2020-11-05,2.052900,2.205540,2.024840,2.037550,1.748280,1.607430,2.877680,2.015730,2.035590,1.410660,1.209500,2.169290,2.344500,2.129320,2.178740,1.849620,1.690060,1.049929,3.202710,2.205270,2.219070,1.490580,1.248380
2020-11-04,2.043050,2.192460,2.016190,2.026620,1.741580,1.602930,2.848560,1.998520,2.035600,1.407620,1.209490,2.158670,2.330330,2.119870,2.166340,1.842200,1.685030,1.043000,3.168090,2.183480,2.219070,1.486820,1.248360
2020-11-03,2.034250,2.179410,2.007460,2.014870,1.735160,1.598790,2.800340,1.997420,2.032960,1.406080,1.209450,2.150210,2.318880,2.112110,2.154760,1.836350,1.681220,1.040210,3.110750,2.182090,2.215890,1.484910,1.248310
2020-11-02,2.023610,2.164920,1.998440,2.007280,1.728280,1.594470,2.786250,1.963580,2.032950,1.404100,1.209440,2.136940,2.300590,2.100570,2.144770,1.827560,1.675700,1.035426,3.093990,2.139190,2.215880,1.482460,1.248310
2020-10-30,2.017860,2.156640,1.993290,2.000540,1.724570,1.592260,2.760270,1.958930,2.032950,1.403940,1.209420,2.131340,2.292740,2.095720,2.138210,1.824030,1.673610,1.031194,3.063080,2.133320,2.215830,1.482270,1.248280
2020-10-29,2.026610,2.169210,2.001910,2.007220,1.730770,1.596020,2.797450,1.971080,2.032940,1.404480,1.209410,2.139930,2.305240,2.104420,2.145380,1.830370,1.677450,1.033922,3.107280,2.148710,2.215830,1.482930,1.248270
2020-10-28,2.029460,2.171920,2.003440,2.010380,1.732150,1.596980,2.774390,1.996990,2.032930,1.405760,1.209400,2.145140,2.312250,2.108820,2.151040,1.833830,1.679700,1.034200,3.079830,2.181550,2.215830,1.484510,1.248260
2020-10-27,2.037290,2.184010,2.010930,2.019960,1.737590,1.600300,2.824090,1.996330,2.032920,1.406300,1.209390,2.151920,2.322030,2.114750,2.159330,1.838230,1.682400,1.040009,3.138910,2.180730,2.215780,1.485180,1.248250
2020-10-26,2.046000,2.196290,2.018550,2.027900,1.742880,1.603250,2.833960,2.025630,2.032910,1.405620,1.209390,2.162870,2.337750,2.124670,2.169580,1.845160,1.686290,1.045718,3.150650,2.217850,2.215780,1.484330,1.248240
2020-10-23,2.053710,2.208010,2.026150,2.036720,1.747900,1.605960,2.877390,2.028010,2.032920,1.404010,1.209360,2.169740,2.348060,2.131350,2.177430,1.849520,1.688520,1.049785,3.202300,2.220890,2.215790,1.482340,1.248200
2020-10-22,2.052210,2.205710,2.024580,2.036500,1.746890,1.605400,2.866060,2.029960,2.032910,1.404410,1.209350,2.168680,2.346450,2.130220,2.177550,1.848820,1.688160,1.049761,3.188830,2.223350,2.215790,1.482840,1.248190
2020-10-21,2.052090,2.205360,2.024330,2.036970,1.746770,1.605350,2.859470,2.034240,2.032900,1.404660,1.209340,2.169030,2.346900,2.130510,2.178110,1.849090,1.688360,1.050407,3.180990,2.228790,2.215790,1.483140,1.248180
2020-10-20,2.055640,2.210290,2.027550,2.041470,1.749230,1.606970,2.883960,2.030540,2.032900,1.405550,1.209330,2.171570,2.350370,2.132770,2.181900,1.850930,1.689620,1.050726,3.210100,2.224110,2.215800,1.484250,1.248160
2020-10-19,2.055380,2.209550,2.026820,2.041720,1.748820,1.606710,2.863170,2.044520,2.032850,1.405890,1.209310,2.172990,2.352290,2.133760,2.183660,1.851750,1.690100,1.048494,3.185370,2.241830,2.215710,1.484670,1.248140
2020-10-16,2.055240,2.209580,2.026690,2.042160,1.748930,1.606900,2.880890,2.031250,2.032850,1.406800,1.209280,2.171390,2.349840,2.131970,2.182570,1.850730,1.689630,1.048265,3.206410,2.225030,2.215670,1.485780,1.248110
2020-10-15,2.055130,2.209860,2.026770,2.042110,1.748680,1.606450,2.872140,2.038960,2.032830,1.405180,1.209270,2.172230,2.351460,2.132910,2.183190,1.851040,1.689450,1.048070,3.196010,2.234810,2.215670,1.483780,1.248100
2020-10-14,2.052180,2.205770,2.023990,2.039250,1.746490,1.604960,2.868310,2.029510,2.032830,1.404050,1.209270,2.168360,2.346250,2.129350,2.179700,1.848230,1.687560,1.046960,3.191450,2.222840,2.215680,1.482380,1.248090
2020-10-13,2.055500,2.210940,2.027250,2.040370,1.748740,1.606210,2.879410,2.036840,2.032820,1.403700,1.209250,2.172250,2.351910,2.132950,2.180860,1.850720,1.688930,1.048479,3.204640,2.232860,2.215180,1.481950,1.248070
2020-10-12,2.048840,2.204910,2.018180,2.037850,1.747370,1.603130,2.875610,2.017000,2.025000,1.405560,1.209880,2.164250,2.342410,2.123820,2.172250,1.845540,1.685420,1.045866,3.201710,2.211260,2.215180,1.481140,1.248060
2020-10-09,2.046290,2.199140,2.016550,2.035290,1.741260,1.601490,2.840630,2.032630,2.042680,1.403640,1.209860,2.157820,2.333250,2.117730,2.165740,1.841140,1.682800,1.043451,3.161630,2.205310,2.215180,1.480610,1.248030
2020-10-08,2.044850,2.197280,2.015480,2.034490,1.740280,1.600710,2.838030,2.029280,2.040850,1.402490,1.209850,2.156100,2.331120,2.116490,2.165260,1.839990,1.681860,1.042100,3.158540,2.201080,2.213000,1.479190,1.248020
2020-10-07,2.038560,2.188470,2.009670,2.026540,1.736110,1.598250,2.823840,2.013520,2.041130,1.402420,1.209840,2.148700,2.320700,2.109540,2.155700,1.834980,1.678910,1.036162,3.141680,2.181120,2.213370,1.479100,1.248000
2020-10-06,2.027370,2.173020,1.999380,2.015470,1.728610,1.593540,2.790540,1.993990,2.036780,1.401110,1.209830,2.136310,2.303760,2.098140,2.143080,1.826580,1.673610,1.030118,3.102100,2.156370,2.208080,1.477480,1.247990
2020-10-05,2.025920,2.171200,1.998270,2.014950,1.727780,1.593070,2.793290,1.986270,2.036780,1.401080,1.209820,2.134230,2.300800,2.096270,2.142240,1.825190,1.672800,1.029871,3.105380,2.146620,2.208060,1.477440,1.247980
2020-10-02,2.009180,2.148060,1.982550,2.000120,1.717190,1.586890,2.760430,1.941790,2.036790,1.401780,1.209790,2.114340,2.273130,2.077230,2.124240,1.812310,1.665280,1.020818,3.066260,2.090170,2.208050,1.478310,1.247950
2020-10-01,2.017100,2.159240,1.989580,2.006760,1.721970,1.589490,2.769830,1.968280,2.040130,1.400740,1.209790,2.124350,2.287460,2.086400,2.132760,1.818600,1.668740,1.023941,3.077410,2.123830,2.212090,1.477030,1.247940
2020-09-30,2.011420,2.151320,1.984590,2.002040,1.718500,1.587580,2.759940,1.951190,2.040120,1.401340,1.209780,2.117640,2.277760,2.080200,2.126900,1.814270,1.666340,1.022530,3.065640,2.102180,2.212090,1.477770,1.247930
2020-09-29,2.020230,2.163380,1.992050,2.009370,1.723890,1.590650,2.761650,1.988120,2.040120,1.401340,1.209760,2.129400,2.294480,2.090790,2.137290,1.821930,1.670750,1.026826,3.067680,2.148990,2.212090,1.477770,1.247910
2020-09-28,2.022830,2.167520,1.995020,2.010650,1.725950,1.591870,2.781340,1.986120,2.040120,1.401110,1.209760,2.131430,2.297530,2.093100,2.137720,1.823530,1.671660,1.029745,3.091090,2.146460,2.212090,1.477480,1.247900
2020-09-25,2.016200,2.158400,1.989950,2.002580,1.722180,1.589510,2.750590,1.986860,2.040120,1.400390,1.209730,2.125160,2.289360,2.088830,2.130370,1.820250,1.669600,1.027231,3.054520,2.147420,2.212100,1.476580,1.247860
2020-09-24,2.007660,2.146290,1.982370,1.994800,1.716650,1.586250,2.728460,1.965890,2.040120,1.400140,1.209720,2.115480,2.275570,2.080120,2.121580,1.813870,1.665850,1.021664,3.028220,2.120860,2.212100,1.476280,1.247860
2020-09-23,2.010060,2.149510,1.985470,1.994850,1.719030,1.587740,2.726440,1.982990,2.040120,1.400920,1.209710,2.118840,2.280770,2.084780,2.122350,1.817390,1.668040,1.022148,3.025820,2.142540,2.212110,1.477240,1.247850
2020-09-22,2.002730,2.140000,1.979790,1.987610,1.714980,1.585570,2.735430,1.946330,2.040080,1.401310,1.209700,2.108500,2.266090,2.075670,2.111730,1.810890,1.664420,1.018329,3.036490,2.096070,2.212050,1.477720,1.247830
2020-09-21,2.002510,2.139690,1.979480,1.986440,1.714590,1.585150,2.717810,1.959430,2.040070,1.400490,1.209690,2.109830,2.268170,2.076950,2.111850,1.811600,1.664650,1.016278,3.015530,2.112680,2.212060,1.476700,1.247820
2020-09-18,2.008160,2.147870,1.985300,1.992150,1.718810,1.587630,2.740240,1.970910,2.040070,1.400640,1.209670,2.115520,2.276680,2.083140,2.117620,1.816110,1.667280,1.020748,3.042190,2.127250,2.212070,1.476880,1.247790
2020-09-17,2.011070,2.152160,1.988040,1.995200,1.721010,1.589120,2.755410,1.972240,2.040070,1.401770,1.209660,2.118410,2.280510,2.085590,2.120450,1.818160,1.668700,1.023059,3.060210,2.128930,2.212040,1.478290,1.247780
2020-09-16,2.017100,2.160550,1.993280,2.002110,1.724650,1.591100,2.765110,1.990900,2.040070,1.401130,1.209650,2.125610,2.290920,2.092180,2.129020,1.822770,1.671210,1.026545,3.071740,2.152600,2.211970,1.477490,1.247770
2020-09-15,2.014210,2.157180,1.991110,1.996210,1.722980,1.590050,2.771790,1.975220,2.040070,1.400550,1.209640,2.121450,2.285200,2.088420,2.121210,1.819920,1.669440,1.024333,3.079670,2.132730,2.211970,1.476770,1.247750
2020-09-14,2.012550,2.154660,1.989420,1.994500,1.721710,1.589220,2.758990,1.977600,2.040070,1.400200,1.209620,2.120200,2.283500,2.087260,2.120310,1.819000,1.668820,1.023203,3.064470,2.135750,2.211970,1.476340,1.247730
2020-09-11,2.004870,2.143860,1.982430,1.989000,1.716400,1.585830,2.734070,1.963750,2.040060,1.398700,1.209590,2.111770,2.271910,2.079690,2.114910,1.813190,1.665090,1.019349,3.034840,2.118220,2.211980,1.474480,1.247700
2020-09-10,2.006800,2.146620,1.984080,1.990690,1.717460,1.586280,2.726890,1.978650,2.040060,1.397980,1.209580,2.115080,2.276850,2.082780,2.117660,1.815260,1.666110,1.020627,3.026300,2.137120,2.211980,1.473590,1.247680
2020-09-09,2.007230,2.148020,1.985050,1.991030,1.718250,1.586890,2.745580,1.968130,2.040050,1.398600,1.209570,2.114610,2.276090,2.082330,2.116580,1.815060,1.666150,1.023235,3.048520,2.123780,2.211980,1.474350,1.247670
2020-09-08,2.011520,2.153600,1.988330,1.994500,1.720320,1.587700,2.723370,2.003850,2.040050,1.396870,1.209560,2.122080,2.287140,2.089250,2.123280,1.819660,1.668410,1.023631,3.022120,2.169070,2.211980,1.472220,1.247650
2020-09-07,2.013070,2.156580,1.990200,1.996070,1.721750,1.588590,2.756460,1.987840,2.037030,1.397020,1.209540,2.121490,2.286560,2.088740,2.122710,1.819410,1.668270,1.022027,3.061440,2.148780,2.208340,1.472410,1.247640
2020-09-04,2.011640,2.154300,1.988690,1.995630,1.721060,1.588520,2.757040,1.980520,2.036940,1.398940,1.209510,2.119480,2.283260,2.086530,2.121480,1.818300,1.668000,1.020749,3.062120,2.139520,2.208240,1.474770,1.247590
2020-09-03,2.025790,2.174000,2.000100,2.011900,1.730000,1.593770,2.773290,2.030650,2.036920,1.400150,1.209490,2.137120,2.308590,2.101610,2.141270,1.829980,1.674920,1.028418,3.081430,2.203060,2.208060,1.476270,1.247570
2020-09-02,2.031060,2.182580,2.005570,2.017160,1.733710,1.595870,2.823690,2.017410,2.036920,1.399400,1.209480,2.140230,2.313380,2.104540,2.144360,1.831890,1.675890,1.031244,3.141240,2.186300,2.208060,1.475340,1.247560
2020-09-01,2.014280,2.160170,1.993230,1.999890,1.724590,1.590220,2.786700,1.988480,2.034650,1.397760,1.209470,2.121020,2.287880,2.090460,2.124300,1.821420,1.669380,1.024326,3.097280,2.149640,2.205330,1.473320,1.247540
2020-08-31,2.016810,2.163700,1.994680,2.001680,1.725540,1.590420,2.766800,2.017600,2.034650,1.396450,1.209460,2.125940,2.295480,2.094570,2.128280,1.824160,1.670610,1.030096,3.073620,2.186550,2.205330,1.471700,1.247530
2020-08-28,2.019680,2.168460,1.997870,2.004950,1.727610,1.591530,2.786360,2.017080,2.034650,1.395620,1.209420,2.128450,2.299340,2.097190,2.131240,1.825800,1.671440,1.032438,3.096860,2.185910,2.205340,1.470670,1.247480
2020-08-27,2.025400,2.176300,2.002740,2.011250,1.731490,1.594060,2.803560,2.028400,2.035220,1.397350,1.209410,2.134650,2.307850,2.102510,2.138460,1.830090,1.674270,1.034165,3.117300,2.200270,2.206030,1.472800,1.247470
2020-08-26,2.025510,2.176650,2.003020,2.010490,1.731690,1.594200,2.808680,2.025290,2.035200,1.397420,1.209400,2.134490,2.307610,2.102380,2.137340,1.830020,1.674240,1.034905,3.123390,2.196340,2.205660,1.472880,1.247450
2020-08-25,2.025100,2.175770,2.002270,2.011120,1.731560,1.594370,2.795820,2.033400,2.035200,1.399200,1.209380,2.135200,2.308190,2.102590,2.138630,1.830640,1.674930,1.035110,3.108110,2.206620,2.205300,1.475080,1.247430
2020-08-24,2.020990,2.169570,1.998270,2.008690,1.728930,1.593010,2.785890,2.021850,2.035190,1.400330,1.209370,2.130300,2.300910,2.097840,2.135400,1.827510,1.673320,1.028915,3.096310,2.191990,2.205300,1.476490,1.247410
2020-08-21,2.013930,2.159610,1.991960,2.002000,1.724250,1.590150,2.758460,2.012690,2.035200,1.399580,1.209330,2.123160,2.290890,2.091480,2.128170,1.822730,1.670390,1.026306,3.063710,2.180410,2.205310,1.475560,1.247370
2020-08-20,2.013060,2.158140,1.990910,2.001250,1.723510,1.589720,2.753240,2.011660,2.035200,1.399690,1.209310,2.122310,2.289540,2.090490,2.127960,1.822030,1.669990,1.026580,3.057510,2.179110,2.205320,1.475690,1.247350
2020-08-19,2.015320,2.160980,1.992460,2.001430,1.724540,1.590190,2.749210,2.023570,2.035190,1.399160,1.209310,2.125420,2.294050,2.093130,2.129070,1.823810,1.670890,1.028517,3.052690,2.194190,2.205290,1.475040,1.247340
2020-08-18,2.013220,2.158460,1.990990,1.997500,1.723380,1.589500,2.753310,2.012260,2.035150,1.398790,1.209300,2.122430,2.289890,2.090570,2.123540,1.821860,1.669720,1.027352,3.057540,2.179880,2.205250,1.474570,1.247330
2020-08-17,2.011220,2.156180,1.989570,1.992580,1.722220,1.588730,2.753870,2.004800,2.035130,1.398150,1.209280,2.119970,2.286600,2.088460,2.117260,1.820190,1.668620,1.030192,3.058210,2.170430,2.205250,1.473780,1.247310
2020-08-14,2.012420,2.157980,1.990470,1.994260,1.722750,1.588860,2.747180,2.016500,2.035130,1.397370,1.209240,2.122170,2.290010,2.090430,2.119450,1.821430,1.669150,1.031652,3.050230,2.185270,2.205250,1.472810,1.247260
2020-08-13,2.012050,2.157410,1.990150,1.992640,1.722690,1.589010,2.757900,2.006100,2.035130,1.398320,1.209230,2.120650,2.287650,2.088900,2.116930,1.820540,1.668850,1.031201,3.062970,2.172100,2.205260,1.473990,1.247250
2020-08-12,2.013310,2.159160,1.991380,1.994910,1.723590,1.589580,2.756850,2.012150,2.035120,1.398500,1.209220,2.122600,2.290300,2.090770,2.120350,1.821910,1.669690,1.034177,3.061730,2.179780,2.205260,1.474210,1.247230
2020-08-11,2.008970,2.152460,1.986670,1.991900,1.720570,1.587980,2.730530,2.013200,2.035120,1.399940,1.209200,2.118730,2.284570,2.086640,2.118090,1.819340,1.668430,1.030017,3.030390,2.181100,2.204960,1.475990,1.247210
2020-08-10,2.005490,2.147810,1.983450,1.989180,1.718560,1.586950,2.725720,2.002770,2.035110,1.400980,1.209130,2.114660,2.278710,2.082570,2.114350,1.816750,1.667100,1.027952,3.024670,2.167870,2.204960,1.477270,1.247130
2020-08-07,1.999240,2.138880,1.977810,1.982120,1.714590,1.584730,2.723810,1.976450,2.033510,1.401430,1.209090,2.106060,2.266450,2.074670,2.105210,1.811160,1.663920,1.022721,3.022400,2.134560,2.203040,1.477820,1.247080
2020-08-06,2.001140,2.141760,1.979460,1.983630,1.715570,1.585030,2.724890,1.985340,2.031930,1.400130,1.209080,2.108530,2.270350,2.076960,2.107480,1.812570,1.664430,1.025102,3.023660,2.145810,2.201150,1.476220,1.247060
2020-08-05,1.997500,2.136480,1.975950,1.980580,1.713070,1.583550,2.724790,1.969030,2.031930,1.400150,1.209060,2.103270,2.262940,2.071980,2.103400,1.809000,1.662310,1.023487,3.023540,2.125150,2.201140,1.476240,1.247040
2020-08-04,1.996800,2.135900,1.975750,1.981650,1.712960,1.583410,2.716520,1.976370,2.031870,1.399950,1.209050,2.103350,2.263450,2.072530,2.105300,1.809440,1.662490,1.024049,3.013700,2.134460,2.201040,1.475990,1.247020
2020-08-03,1.988690,2.125350,1.969800,1.975120,1.708530,1.580660,2.719350,1.945880,2.029530,1.398950,1.209030,2.092150,2.248520,2.063750,2.095950,1.802920,1.658450,1.017230,3.017180,2.095830,2.198230,1.474750,1.247000
2020-07-31,1.981820,2.115100,1.963050,1.968960,1.703810,1.577930,2.680710,1.944700,2.029600,1.399570,1.208990,2.086090,2.239710,2.057920,2.090680,1.798860,1.656170,1.015783,2.971280,2.094360,2.198320,1.475520,1.246950
2020-07-30,1.992380,2.130160,1.972700,1.977370,1.710730,1.581820,2.698070,1.981160,2.029600,1.399100,1.208970,2.098920,2.258420,2.070080,2.101240,1.807580,1.661100,1.020559,2.991880,2.140560,2.198320,1.474940,1.246920
2020-07-29,1.991220,2.128890,1.972020,1.975730,1.710040,1.581320,2.708100,1.968790,2.029590,1.398270,1.208950,2.096510,2.255190,2.068100,2.098230,1.805920,1.659990,1.020490,3.003800,2.124900,2.198320,1.473910,1.246910
2020-07-28,1.989550,2.126390,1.970320,1.975560,1.708610,1.580230,2.688850,1.976890,2.029580,1.397070,1.208940,2.095800,2.254490,2.067610,2.098350,1.805300,1.659340,1.019078,2.980960,2.135180,2.198320,1.472420,1.246890
2020-07-27,1.992870,2.131350,1.973380,1.977200,1.710900,1.581600,2.701110,1.982990,2.029580,1.397380,1.208930,2.099480,2.259680,2.070820,2.100180,1.807720,1.660780,1.018356,2.995520,2.142920,2.198320,1.472810,1.246870
2020-07-24,1.989080,2.125930,1.969990,1.974420,1.708440,1.580150,2.686430,1.977770,2.029590,1.397360,1.208880,2.095630,2.254220,2.067370,2.097400,1.805220,1.659320,1.016203,2.978080,2.136330,2.198320,1.472780,1.246820
2020-07-23,1.995780,2.135030,1.975640,1.981770,1.712570,1.582590,2.702840,1.993220,2.029580,1.397670,1.208860,2.103020,2.264640,2.073890,2.105900,1.810010,1.662130,1.018694,2.997560,2.155910,2.198320,1.473160,1.246790
2020-07-22,1.995110,2.134780,1.975350,1.980700,1.712150,1.582130,2.710580,1.986330,2.029580,1.396510,1.208880,2.101720,2.263150,2.072730,2.104150,1.808940,1.661240,1.020132,3.006730,2.147180,2.198330,1.471720,1.246810
2020-07-21,2.000790,2.142730,1.980120,1.987030,1.715530,1.583980,2.720780,2.003280,2.029580,1.396010,1.208860,2.108410,2.272810,2.078610,2.112240,1.813100,1.663520,1.024970,3.018860,2.168650,2.198330,1.471100,1.246800
2020-07-20,1.992710,2.132490,1.973700,1.978160,1.710550,1.580850,2.729000,1.964810,2.029580,1.394350,1.208850,2.097000,2.257170,2.068550,2.099440,1.805440,1.658740,1.020188,3.028630,2.119930,2.198330,1.469060,1.246780
2020-07-17,1.992210,2.131680,1.973040,1.976290,1.709970,1.580330,2.713860,1.974830,2.029580,1.393670,1.208800,2.097630,2.258230,2.069130,2.098630,1.805710,1.658720,1.019692,3.010640,2.132640,2.198310,1.468210,1.246720
2020-07-16,1.989230,2.127160,1.970070,1.973680,1.707880,1.579140,2.702490,1.969730,2.029570,1.393870,1.208790,2.094370,2.253510,2.066010,2.095830,1.803510,1.657470,1.017866,2.997130,2.126190,2.198310,1.468460,1.246700
2020-07-15,1.993590,2.133590,1.974200,1.977070,1.710710,1.580690,2.717040,1.977920,2.029550,1.393220,1.208780,2.099150,2.260430,2.070460,2.099870,1.806570,1.659120,1.020736,3.014420,2.136670,2.198210,1.467650,1.246690
2020-07-14,1.981630,2.117280,1.963840,1.966120,1.703090,1.576110,2.692750,1.946540,2.029420,1.392410,1.208760,2.085340,2.241020,2.058020,2.086540,1.797400,1.653610,1.015809,2.985560,2.096930,2.198060,1.466650,1.246670
2020-07-13,1.981780,2.117170,1.963570,1.964750,1.702990,1.576040,2.679230,1.957520,2.029420,1.392710,1.208740,2.086640,2.242820,2.059000,2.086480,1.798190,1.654080,1.014715,2.969490,2.110900,2.198060,1.467020,1.246650
2020-07-10,1.980350,2.115450,1.962460,1.962670,1.702210,1.575650,2.691210,1.942040,2.029420,1.392850,1.208700,2.083690,2.238600,2.056210,2.083390,1.796200,1.652980,1.013644,2.983720,2.091310,2.198060,1.467190,1.246600
2020-07-09,1.981100,2.116180,1.962930,1.961600,1.702490,1.575760,2.680120,1.953340,2.029400,1.392630,1.208690,2.085600,2.241290,2.057990,2.083430,1.797420,1.653640,1.012461,2.970510,2.105620,2.197970,1.466910,1.246580
2020-07-08,1.978610,2.113180,1.961050,1.960430,1.701030,1.574830,2.680330,1.943520,2.029380,1.392130,1.208710,2.082510,2.237040,2.055270,2.081200,1.795330,1.652320,1.012882,2.970770,2.093190,2.197970,1.466300,1.246600
2020-07-07,1.980680,2.115620,1.962260,1.966100,1.701980,1.575300,2.662400,1.967000,2.028400,1.392120,1.208690,2.086700,2.243090,2.058850,2.089690,1.797980,1.653800,1.014520,2.949430,2.122920,2.196810,1.466290,1.246580
2020-07-06,1.980060,2.116450,1.961650,1.963940,1.702010,1.574870,2.677110,1.967800,2.004640,1.391240,1.208680,2.085030,2.242310,2.056900,2.086340,1.797070,1.652640,1.016188,2.966910,2.123940,2.167850,1.465200,1.246560
2020-07-03,1.975580,2.109840,1.956920,1.960650,1.698650,1.572700,2.643670,1.976380,2.002100,1.390790,1.208630,2.081630,2.237880,2.053550,2.084370,1.794650,1.651030,1.014393,2.927170,2.134820,2.164790,1.464640,1.246510
2020-07-02,1.975430,2.109810,1.957170,1.959290,1.698690,1.572750,2.648330,1.972320,2.002090,1.390760,1.208620,2.081210,2.237140,2.053360,2.082220,1.794360,1.650890,1.013253,2.932720,2.129700,2.164790,1.464610,1.246490
2020-07-01,1.962580,2.092340,1.946060,1.947080,1.690520,1.567580,2.617950,1.946510,1.995750,1.389100,1.208600,2.066420,2.217210,2.040600,2.067800,1.784900,1.644880,1.008502,2.896590,2.096910,2.157160,1.462550,1.246470
2020-06-30,1.958580,2.087650,1.941740,1.944220,1.688040,1.566000,2.615840,1.936760,1.995720,1.389160,1.208590,2.061150,2.210810,2.034940,2.063790,1.781520,1.642740,1.007295,2.894080,2.084570,2.157150,1.462620,1.246450
2020-06-29,1.949190,2.075360,1.932270,1.935170,1.681510,1.561940,2.600750,1.911380,1.996180,1.388580,1.208590,2.049760,2.195410,2.023100,2.052820,1.773250,1.637640,1.003265,2.876140,2.052440,2.157720,1.461900,1.246460
2020-06-26,1.953080,2.080170,1.935410,1.939710,1.683840,1.563290,2.588340,1.937160,1.996180,1.388890,1.208540,2.056000,2.204120,2.028890,2.059810,1.777510,1.640140,1.004753,2.861390,2.085110,2.157730,1.462290,1.246400
2020-06-25,1.951310,2.078890,1.933790,1.936260,1.682630,1.562420,2.614500,1.914250,1.996180,1.388200,1.208530,2.051240,2.198100,2.023980,2.053500,1.773860,1.637780,1.005156,2.892490,2.056110,2.157720,1.461430,1.246380
2020-06-24,1.959340,2.089490,1.939630,1.943650,1.686700,1.564560,2.596480,1.958720,1.996150,1.387300,1.208500,2.063680,2.215440,2.034210,2.064880,1.781040,1.641760,1.007119,2.871070,2.112410,2.157730,1.460320,1.246340
2020-06-23,1.966680,2.100020,1.946500,1.950170,1.691710,1.567650,2.635080,1.959550,1.996130,1.387750,1.208480,2.070210,2.224580,2.040150,2.070530,1.785430,1.644460,1.012619,2.916940,2.113470,2.157730,1.460880,1.246320
2020-06-22,1.963380,2.095440,1.943530,1.949080,1.689780,1.566660,2.623220,1.955270,1.996130,1.388740,1.208470,2.067060,2.219890,2.037110,2.069400,1.783480,1.643500,1.007887,2.902840,2.108060,2.157730,1.462090,1.246300
2020-06-19,1.964580,2.096690,1.944300,1.949090,1.690300,1.566940,2.629160,1.954430,1.996130,1.388580,1.208420,2.067650,2.220770,2.037640,2.069720,1.783820,1.643660,1.006770,2.909900,2.107010,2.157740,1.461900,1.246250
2020-06-18,1.963880,2.096140,1.943920,1.946970,1.690030,1.566780,2.628960,1.952970,1.996100,1.388610,1.208410,2.067120,2.220020,2.037110,2.066950,1.783450,1.643440,1.007461,2.909670,2.105180,2.157740,1.461940,1.246230
2020-06-17,1.964560,2.097140,1.944330,1.948300,1.690230,1.566670,2.618950,1.964690,1.996100,1.387850,1.208390,2.068990,2.222930,2.038790,2.069860,1.784520,1.643820,1.009110,2.897760,2.120030,2.157700,1.460990,1.246210
2020-06-16,1.963770,2.096340,1.943720,1.947370,1.689770,1.566390,2.630070,1.953050,1.996090,1.387740,1.208380,2.067050,2.220170,2.036780,2.067470,1.783110,1.642940,1.006135,2.910860,2.105260,2.157610,1.460860,1.246190
2020-06-15,1.939000,2.061790,1.921040,1.923070,1.673340,1.556540,2.579370,1.887210,1.996080,1.387090,1.208370,2.037920,2.179060,2.009510,2.039210,1.763270,1.631070,0.996705,2.850620,2.021840,2.157610,1.460060,1.246180
2020-06-12,1.947990,2.074110,1.929280,1.931530,1.679140,1.559830,2.583840,1.922070,1.996080,1.386500,1.208320,2.049630,2.195810,2.020820,2.050360,1.771280,1.635660,0.999473,2.855920,2.066030,2.157610,1.459330,1.246120
2020-06-11,1.952610,2.080010,1.932950,1.935150,1.681870,1.561400,2.564130,1.956970,1.996050,1.386610,1.208310,2.057480,2.206980,2.028020,2.057200,1.776580,1.638770,1.001200,2.832510,2.110260,2.157620,1.459460,1.246100
2020-06-10,1.982070,2.122510,1.960190,1.960060,1.701010,1.572430,2.654610,2.013640,1.996030,1.384670,1.208300,2.089810,2.253330,2.057920,2.084680,1.797700,1.650800,1.018425,2.940010,2.182060,2.157500,1.457070,1.246090
2020-06-09,1.983720,2.125290,1.961610,1.960390,1.702030,1.572960,2.663200,2.015910,1.996020,1.384470,1.208280,2.091400,2.255850,2.059060,2.084150,1.798560,1.651220,1.018901,2.950220,2.184950,2.157500,1.456820,1.246060
2020-06-08,1.975230,2.114200,1.953830,1.953170,1.696230,1.569250,2.674390,1.972290,1.996030,1.383110,1.208260,2.078880,2.238570,2.046960,2.073580,1.789560,1.645540,,2.963510,2.129700,2.157500,1.455140,1.246040
2020-06-05,1.971570,2.109030,1.950160,1.952900,1.693620,1.567630,2.656150,1.972180,1.996030,1.383030,1.208210,2.075350,2.233880,2.043570,2.073100,1.787110,1.644040,1.009539,2.941820,2.129570,2.157510,1.455030,1.245990
2020-06-04,1.962000,2.095110,1.941040,1.945270,1.687190,1.563830,2.610270,1.967270,1.996020,1.383470,1.208200,2.066270,2.221090,2.035100,2.066790,1.781170,1.640570,1.006400,2.887310,2.123370,2.157030,1.455580,1.245970
2020-06-03,1.960870,2.094070,1.939870,1.943510,1.686410,1.563310,2.619630,1.957250,1.996270,1.383410,1.208180,2.064000,2.218110,2.032550,2.063500,1.779370,1.639440,1.008371,2.898420,2.110680,2.157330,1.455510,1.245950
2020-06-02,1.947430,2.075470,1.927230,1.932060,1.677370,1.557900,2.586820,1.927920,1.996270,1.383230,1.208170,2.048410,2.196540,2.017770,2.049950,1.768690,1.633080,1.004091,2.859440,2.073510,2.157330,1.455280,1.245940
2020-06-01,1.944330,2.071680,1.924340,1.928680,1.675310,1.556500,2.582580,1.921860,1.993390,1.382720,1.208150,2.044710,2.191820,2.014170,2.046070,1.766080,1.631330,0.998909,2.854410,2.065840,2.153850,1.454650,1.245910
2020-05-29,1.941240,2.068340,1.920990,1.927200,1.673020,1.555030,2.592470,1.906070,1.993380,1.382520,1.208100,2.039500,2.185250,2.008450,2.042250,1.762020,1.628790,0.996091,2.866150,2.045850,2.153820,1.454400,1.245850
2020-05-28,1.943790,2.072470,1.923840,1.930540,1.675030,1.556050,2.582300,1.929110,1.993380,1.382040,1.208080,2.044360,2.192650,2.013570,2.047450,1.765640,1.630780,1.000749,2.854070,2.075060,2.153820,1.453810,1.245830
2020-05-27,1.941030,2.068670,1.921410,1.925080,1.672980,1.554830,2.594190,1.908570,1.993370,1.381770,1.208070,2.039250,2.185370,2.008790,2.039690,1.761820,1.628480,0.996123,2.868190,2.049030,2.153820,1.453470,1.245810
2020-05-26,1.932820,2.057000,1.913400,1.919760,1.667010,1.550990,2.557290,1.903790,1.993360,1.380590,1.208050,2.030900,2.174280,2.001080,2.034960,1.755960,1.624700,0.995800,2.824350,2.033430,2.153820,1.452010,1.245790
2020-05-25,1.920470,2.040220,1.902280,1.907680,1.658940,1.546200,2.548790,1.860380,1.993360,1.380360,1.208040,2.014830,2.151840,1.986060,2.018880,1.745020,1.618170,0.985985,2.814260,1.978430,2.153830,1.451740,1.245770
2020-05-22,1.908150,2.023600,1.890420,1.890710,1.651750,1.542340,2.540760,1.825800,1.987160,1.379240,1.207460,2.004600,2.138040,1.974830,2.007180,1.738000,1.613860,0.981138,2.805670,1.947990,2.153770,1.451440,1.245690
2020-05-21,1.912640,2.029950,1.894280,1.891870,1.654260,1.543490,2.546080,1.841080,1.987160,1.377700,1.207450,2.010060,2.146190,1.979900,2.009330,1.741330,1.615430,0.983837,2.811990,1.967340,2.153750,1.449540,1.245690
2020-05-20,1.913970,2.032390,1.895570,1.893990,1.654770,1.543350,2.554940,1.841570,1.987140,1.375440,1.207440,2.011100,2.148280,1.980910,2.011680,1.741530,1.615020,0.986600,2.822500,1.967960,2.153750,1.446740,1.245670
2020-05-19,1.908490,2.024970,1.890740,1.888100,1.650860,1.540650,2.530750,1.838870,1.987090,1.373390,1.207420,2.005760,2.141390,1.976430,2.005470,1.737780,1.612340,0.983098,2.793770,1.964580,2.153720,1.444210,1.245640
2020-05-18,1.903290,2.018410,1.886300,1.884050,1.647610,1.538740,2.544350,1.808520,1.987090,1.373150,1.207400,1.997610,2.130050,1.968640,1.998030,1.732110,1.608970,0.982038,2.809920,1.926220,2.153720,1.443910,1.245620
2020-05-15,1.890430,2.000020,1.874490,1.871260,1.638960,1.533460,2.496350,1.791560,1.986920,1.372560,1.207350,1.984190,2.111340,1.956630,1.984800,1.723240,1.603550,0.974383,2.752880,1.904740,2.153710,1.443180,1.245560
2020-05-14,1.882260,1.988920,1.867270,1.865170,1.633730,1.530380,2.481880,1.769400,1.986920,1.372610,1.207340,1.974680,2.097870,1.947720,1.977350,1.716810,1.599750,0.972071,2.735690,1.876670,2.153670,1.443250,1.245540
2020-05-13,1.886850,1.994870,1.870980,1.869780,1.636420,1.531850,2.473610,1.794330,1.986910,1.372530,1.207330,1.981490,2.107520,1.953960,1.984380,1.721310,1.602300,0.974306,2.725860,1.908280,2.153680,1.443150,1.245530
2020-05-12,1.889810,1.999310,1.873670,1.873510,1.638290,1.532910,2.493250,1.792030,1.986880,1.372160,1.207300,1.983750,2.110790,1.955820,1.987100,1.722570,1.602970,0.976169,2.749200,1.905360,2.153640,1.442680,1.245500
2020-05-11,1.899440,2.013360,1.882390,1.882720,1.644640,1.536620,2.523790,1.811270,1.986860,1.372110,1.207290,1.994260,2.125900,1.965230,1.997260,1.729440,1.606990,0.980386,2.785480,1.929750,2.153640,1.442620,1.245480
2020-05-08,1.892840,2.004170,1.876300,1.876380,1.640270,1.534090,2.514020,1.791300,1.986860,1.372340,1.207240,1.986110,2.114370,1.957490,1.989450,1.723870,1.603740,0.978268,2.773870,1.904460,2.153650,1.442910,1.245420
2020-05-07,1.887690,1.997450,1.871330,1.870960,1.636350,1.531330,2.494590,1.786210,1.986860,1.370310,1.207210,1.980840,2.107640,1.952410,1.982900,1.719750,1.600810,0.976610,2.750760,1.897970,2.153610,1.440400,1.245390
2020-05-06,1.885910,1.994550,1.869500,1.868380,1.635270,1.530820,2.479400,1.791080,1.986820,1.371330,1.207190,1.979510,2.105790,1.951340,1.980900,1.719230,1.600690,0.975689,2.732720,1.904140,2.153570,1.441650,1.245360
2020-05-05,1.886730,1.996010,1.870590,1.868380,1.636130,1.531350,2.479200,1.797180,1.988220,1.371640,1.207180,1.980970,2.107970,1.952960,1.981200,1.720500,1.601470,0.977717,2.732490,1.911880,2.155320,1.442040,1.245350
2020-05-04,1.877410,1.983450,1.861820,1.858660,1.629770,1.527480,2.464020,1.772420,1.988210,1.371400,1.207160,1.969510,2.092320,1.941960,1.969320,1.712460,1.596600,0.973562,2.714450,1.880520,2.155320,1.441740,1.245330
2020-05-01,1.877860,1.983950,1.861750,1.856710,1.629930,1.527700,2.481440,1.760180,1.985690,1.372280,1.207110,1.968310,2.090410,1.940160,1.966020,1.711400,1.596080,0.970566,2.735140,1.865040,2.152360,1.442830,1.245260
2020-04-30,1.898490,2.012520,1.880510,1.877370,1.643440,1.535510,2.500680,1.831970,1.985670,1.371880,1.207090,1.994960,2.127940,1.965180,1.992100,1.729500,1.606600,0.981725,2.758000,1.956030,2.152360,1.442330,1.245240
2020-04-29,1.894140,2.006080,1.879210,1.874850,1.641410,1.534410,2.520970,1.788840,1.985650,1.369570,1.207070,1.987990,2.116510,1.960830,1.987240,1.725230,1.604050,0.979500,2.782120,1.901370,2.152330,1.439470,1.245210
2020-04-28,1.879280,1.985460,1.865660,1.862900,1.631260,1.528040,2.477160,1.761890,1.985630,1.367700,1.207050,1.971440,2.093930,1.945870,1.973600,1.713910,1.596950,0.970260,2.730060,1.867170,2.152330,1.437160,1.245190
2020-04-27,1.880490,1.986810,1.865600,1.862930,1.631120,1.527800,2.477560,1.762130,1.985630,1.367060,1.207030,1.972800,2.095540,1.945800,1.973760,1.713740,1.596660,0.970544,2.730530,1.867480,2.151820,1.436380,1.245160
2020-04-24,1.871210,1.973940,1.856970,1.853310,1.625150,1.524360,2.455390,1.741310,1.985610,1.368080,1.206970,1.962440,2.080780,1.935790,1.962380,1.706790,1.592670,0.970248,2.704190,1.841120,2.151830,1.437640,1.245090
2020-04-23,1.868440,1.969730,1.854190,1.848650,1.622990,1.522940,2.448180,1.734020,1.985590,1.367310,1.206970,1.958910,2.075940,1.932570,1.957120,1.704260,1.591000,0.968668,2.695630,1.831880,2.151820,1.436690,1.245090
2020-04-22,1.869300,1.971370,1.855280,1.850830,1.623620,1.523170,2.456640,1.732830,1.985540,1.366490,1.206960,1.959450,2.077010,1.933280,1.959390,1.704590,1.591010,0.968667,2.705680,1.830390,2.151820,1.435670,1.245080
2020-04-21,1.864920,1.964860,1.851090,1.847300,1.620810,1.521610,2.427400,1.737400,1.985530,1.367480,1.206940,1.956210,2.072290,1.930310,1.956520,1.702690,1.590040,0.965117,2.670900,1.836180,2.151810,1.436890,1.245050
2020-04-20,1.892830,2.000020,1.867260,1.871760,1.632680,1.528870,2.472160,1.774970,1.985510,1.368540,1.206920,1.988470,2.112900,1.948910,1.985840,1.716450,1.598430,0.974704,2.724090,1.883660,2.151820,1.438210,1.245030
2020-04-17,1.904980,2.017610,1.878580,1.885490,1.640920,1.533740,2.492190,1.812650,1.985500,1.368760,1.206860,2.003940,2.134710,1.963130,2.002630,1.726830,1.604560,0.981108,2.747860,1.931380,2.151790,1.438470,1.244950
2020-04-16,1.891830,1.999060,1.866520,1.868950,1.632180,1.528520,2.448800,1.792460,1.985480,1.368730,1.206830,1.989800,2.115000,1.950250,1.984680,1.717420,1.599000,0.975416,2.696290,1.905670,2.151700,1.438440,1.244910
2020-04-15,1.892340,2.000020,1.866960,1.869070,1.632360,1.528410,2.436720,1.805890,1.985480,1.367860,1.206800,1.991720,2.118130,1.952160,1.986570,1.718590,1.599470,0.974827,2.681890,1.922500,2.151500,1.437360,1.244880
2020-04-14,1.897060,2.007270,1.871160,1.876420,1.635360,1.530080,2.456900,1.811540,1.985440,1.367580,1.206760,1.996730,2.125260,1.956200,1.994130,1.721490,1.601020,0.979099,2.705850,1.929690,2.151480,1.437010,1.244830
2020-04-09,1.886180,1.992900,1.860380,1.868650,1.627120,1.524430,2.449000,1.777620,1.985430,1.364570,1.206640,1.981860,2.105890,1.941770,1.983700,1.710380,1.593540,0.977900,2.696490,1.886770,2.151490,1.433290,1.244680
2020-04-08,1.872320,1.975060,1.847640,1.852740,1.617440,1.518090,2.442870,1.730780,1.985410,1.361780,1.206590,1.963390,2.081300,1.924240,1.962190,1.696990,1.584880,0.967072,2.689200,1.827420,2.151310,1.429840,1.244620
2020-04-07,1.869150,1.970520,1.844140,1.845580,1.614780,1.516140,2.416520,1.740480,1.985350,1.360650,1.206570,1.961120,2.078830,1.922060,1.956440,1.695210,1.583420,0.964612,2.657910,1.839680,2.151260,1.428440,1.244600
2020-04-06,1.869800,1.970930,1.844450,1.849140,1.615380,1.516880,2.412450,1.746150,1.985300,1.363030,1.206520,1.962340,2.079970,1.922900,1.960870,1.696260,1.584530,0.967000,2.653070,1.846860,2.151150,1.431380,1.244540
2020-04-03,1.838700,1.927340,1.815800,1.816650,1.594820,1.504730,2.317760,1.692540,1.984590,1.363720,1.206450,1.928590,2.032760,1.891730,1.925100,1.673800,1.571330,0.952447,2.540590,1.779010,2.150580,1.432240,1.244450
2020-04-02,1.848420,1.940370,1.824780,1.826120,1.601010,1.508470,2.338990,1.713840,1.984440,1.363980,1.206370,1.939780,2.047870,1.902250,1.936560,1.681070,1.575720,0.957648,2.565800,1.805990,2.150360,1.432560,1.244350
2020-04-01,1.846810,1.937240,1.822820,1.825390,1.599650,1.507550,2.298060,1.737770,1.984830,1.364210,1.206310,1.941220,2.049840,1.903710,1.939260,1.682260,1.576370,0.957900,2.517190,1.836240,2.150900,1.432840,1.244280
2020-03-31,1.849140,1.941980,1.825550,1.828910,1.601130,1.508220,2.373360,1.689320,1.984740,1.361970,1.206280,1.937640,2.044910,1.899680,1.936430,1.678790,1.573900,0.959330,2.606630,1.774920,2.150540,1.430070,1.244250
2020-03-30,1.857500,1.950520,1.835890,1.836240,1.606280,1.511560,2.370900,1.711620,1.982140,1.361020,1.206230,1.948980,2.057570,1.913650,1.946440,1.686280,1.578650,0.965500,2.603710,1.803160,2.146840,1.428890,1.244180
2020-03-27,1.844080,1.930890,1.824990,1.819000,1.596140,1.506910,2.351630,1.634410,2.082210,1.358650,1.206150,1.931520,2.030000,1.897780,1.923880,1.672220,1.572270,0.952100,2.580810,1.705280,2.268050,1.425960,1.244080
2020-03-26,1.878240,1.974050,1.859420,1.849140,1.616590,1.518950,2.428660,1.693170,2.082170,1.354800,1.206090,1.968400,2.078400,1.936840,1.960010,1.695360,1.585840,0.966600,2.672300,1.779590,2.267840,1.421210,1.244020
2020-03-25,1.854380,1.943220,1.837690,1.823440,1.600250,1.508160,2.362010,1.662600,2.082080,1.349940,1.206060,1.942510,2.044900,1.913080,1.931080,1.677210,1.573840,0.953500,2.593150,1.741620,2.267700,1.415210,1.243970
2020-03-24,1.826050,1.905790,1.811210,1.795360,1.581020,1.496120,2.310070,1.598650,2.081760,1.347290,1.206020,1.909030,1.999690,1.880920,1.896780,1.653690,1.559130,0.938700,2.531490,1.662170,2.267120,1.411920,1.243930
2020-03-23,1.791780,1.856150,1.783200,1.763150,1.560130,1.483930,2.180000,1.552680,2.081740,1.345310,1.205990,1.875800,1.951390,1.854690,1.864540,1.634080,1.547790,0.924500,2.376950,1.605160,2.267100,1.409480,1.243880
2020-03-20,1.830780,1.905230,1.826340,1.802670,1.586390,1.499640,2.241090,1.629450,2.081690,1.339270,1.205840,1.923520,2.012540,1.908060,1.913910,1.667220,1.567510,0.940000,2.449540,1.700490,2.267110,1.402010,1.243710
2020-03-19,1.830460,1.904670,1.828300,1.804070,1.586980,1.500160,2.249210,1.616680,2.081640,1.337130,1.205690,1.921950,2.010440,1.909430,1.913890,1.667260,1.567680,0.938500,2.459150,1.684740,2.266460,1.399370,1.243530
2020-03-18,1.842030,1.919030,1.838970,1.815380,1.596840,1.507680,2.243290,1.662360,2.081550,1.345530,1.205700,1.939200,2.032330,1.925490,1.931210,1.681560,1.578140,0.946800,2.452120,1.741690,2.266210,1.409750,1.243530
2020-03-17,1.883510,1.971940,1.877090,1.858180,1.625790,1.527050,2.316160,1.753240,2.081470,1.355930,1.205710,1.988700,2.096730,1.972110,1.984020,1.717240,1.601760,0.971700,2.538700,1.854900,2.266040,1.422600,1.243540
2020-03-16,1.852300,1.926370,1.849700,1.828900,1.607290,1.517870,2.229290,1.682350,2.081410,1.362590,1.205660,1.954530,2.046130,1.941470,1.951100,1.696810,1.591820,0.954300,2.435440,1.766490,2.265970,1.430850,1.243480
2020-03-13,1.923230,2.025720,1.918180,1.895020,1.656340,1.548120,2.411740,1.821660,2.081380,1.366020,1.205560,2.036350,2.158240,2.019780,2.027210,1.752980,1.626220,0.993800,2.652290,1.939790,2.265760,1.435090,1.243360
2020-03-12,1.884350,1.974440,1.886350,1.860730,1.635150,1.537540,2.285730,1.762290,2.081310,1.374420,1.205590,2.000520,2.105040,1.986640,1.990740,1.731320,1.615860,0.978800,2.502510,1.865970,2.265720,1.445470,1.243390
2020-03-11,1.940740,2.051360,1.938500,1.916940,1.673880,1.562250,2.438780,1.872000,2.081240,1.383150,1.205520,2.063740,2.190780,2.045390,2.053820,1.775230,1.643780,1.013237,2.684430,2.002510,2.265690,1.456270,1.243310
2020-03-10,1.967880,2.089580,1.964140,1.944400,1.692070,1.573040,2.519870,1.923200,2.081110,1.383030,1.205530,2.093650,2.232590,2.073640,2.084070,1.795390,1.655640,1.026700,2.780850,2.066240,2.265470,1.456120,1.243320
2020-03-09,1.940100,2.047960,1.939520,1.914520,1.676680,1.566060,2.431370,1.873120,2.081110,1.393300,1.205530,2.063090,2.187820,2.047400,2.052160,1.779220,1.648710,1.012500,2.675630,2.003940,2.265470,1.468820,1.243320
2020-03-06,2.001730,2.134170,1.996730,1.970940,1.717520,1.590380,2.594450,2.011340,2.079600,1.395660,1.205420,2.132170,2.285120,2.112550,2.116070,1.825900,1.676360,1.046338,2.869510,2.175950,2.263650,1.471740,1.243190
2020-03-05,2.025010,2.167520,2.018640,1.993020,1.732530,1.598720,2.659340,2.064320,2.076990,1.393450,1.205390,2.158000,2.322480,2.137300,2.141360,1.842870,1.685690,1.055578,2.946660,2.241890,2.260600,1.469010,1.243150
2020-03-04,2.026180,2.169320,2.019490,1.996520,1.733390,1.599450,2.688310,2.042630,2.076980,1.394550,1.205360,2.157140,2.320610,2.135640,2.142010,1.842000,1.685380,1.058500,2.981100,2.214840,2.260610,1.470360,1.243120
2020-03-03,2.024510,2.166160,2.017770,1.992500,1.731480,1.597630,2.643900,2.074030,2.076900,1.391500,1.205290,2.158220,2.323100,2.137750,2.141650,1.842710,1.685030,1.060307,2.928250,2.253930,2.260360,1.466590,1.243030
2020-03-02,2.028520,2.173200,2.022660,1.995730,1.734350,1.598990,2.681910,2.062840,2.073910,1.388720,1.205250,2.160470,2.327130,2.140590,2.142800,1.844080,1.685380,1.059928,2.973340,2.240220,2.256600,1.463160,1.242990
2020-02-28,2.023760,2.165790,2.018270,1.988870,1.731430,1.597410,2.646290,2.071870,2.073900,1.390130,1.204970,2.157220,2.322270,2.137990,2.137410,1.842470,1.684650,1.054568,2.930970,2.251490,2.256600,1.464900,1.242640
2020-02-27,2.039390,2.187780,2.032620,2.004150,1.741660,1.603480,2.667200,2.126010,2.073840,1.391300,1.204900,2.177040,2.350220,2.156480,2.157120,1.855690,1.692460,1.066946,2.955700,2.319040,2.256120,1.466350,1.242550
2020-02-26,2.056410,2.212520,2.048740,2.021520,1.752980,1.610270,2.737680,2.144230,2.073780,1.391700,1.204850,2.194070,2.374490,2.172420,2.174260,1.866930,1.699170,1.075125,3.039510,2.341760,2.256110,1.466850,1.242490
2020-02-25,2.066300,2.226590,2.058130,2.031000,1.759490,1.614050,2.744260,2.185230,2.073770,1.391690,1.204790,2.207070,2.393270,2.185100,2.186800,1.875760,1.704310,1.080900,3.047340,2.392870,2.256110,1.466830,1.242430
2020-02-24,2.085750,2.254670,2.075990,2.048280,1.772110,1.621560,2.816290,2.213970,2.073750,1.392330,1.204750,2.227090,2.421910,2.203420,2.204510,1.888760,1.712010,1.090352,3.133020,2.428700,2.256100,1.467620,1.242370
2020-02-21,2.102080,2.279730,2.090690,2.067220,1.782910,1.627630,2.866920,2.253230,2.071600,1.392000,1.204550,2.245610,2.449500,2.221130,2.226520,1.900870,1.718770,1.099577,3.197290,2.482540,2.255940,1.467160,1.242230
2020-02-20,2.107170,2.287520,2.095730,2.070660,1.786110,1.629280,2.888350,2.259750,2.071590,1.390550,1.204500,2.250710,2.457230,2.226170,2.230110,1.904010,1.720320,1.100881,3.222780,2.490680,2.255680,1.465370,1.242170
2020-02-19,2.103470,2.282840,2.092670,2.068150,1.783670,1.627620,2.885620,2.246300,2.071590,1.389290,1.204450,2.246220,2.451040,2.222080,2.227140,1.900780,1.718150,1.100834,3.219520,2.473920,2.255620,1.463810,1.242110
2020-02-18,2.096850,2.273300,2.086550,2.061410,1.779420,1.625180,2.865520,2.232330,2.071580,1.389510,1.204420,2.239070,2.440650,2.215350,2.219910,1.896100,1.715480,1.099321,3.195620,2.456530,2.255630,1.464090,1.242080
2020-02-17,2.098820,2.276360,2.088490,2.063970,1.780600,1.625720,2.872490,2.236130,2.071580,1.388720,1.204380,2.241210,2.443910,2.217430,2.222760,1.897350,1.716020,1.099335,3.203900,2.461260,2.255630,1.463100,1.242030
2020-02-14,2.098400,2.275920,2.088040,2.064070,1.780180,1.625400,2.871790,2.235520,2.071580,1.388400,1.204270,2.240630,2.443300,2.216830,2.222920,1.896790,1.715610,1.099865,3.203100,2.460530,2.255630,1.462710,1.241890
2020-02-13,2.096250,2.272650,2.086000,2.062280,1.778600,1.624400,2.864620,2.230970,2.071580,1.388100,1.204230,2.238190,2.439780,2.214620,2.220910,1.895060,1.714520,1.098554,3.194570,2.454870,2.255630,1.462340,1.241840
2020-02-12,2.094910,2.271070,2.084840,2.058530,1.777640,1.623670,2.864770,2.225710,2.071580,1.387350,1.204190,2.236520,2.437560,2.212990,2.215680,1.893730,1.713540,1.098486,3.194750,2.448330,2.255630,1.461410,1.241790
2020-02-11,2.090470,2.265180,2.080370,2.052690,1.774920,1.622050,2.854650,2.215750,2.071580,1.387390,1.204150,2.231490,2.430830,2.207820,2.208670,1.890590,1.711660,1.096366,3.182720,2.435920,2.255640,1.461460,1.241750
2020-02-10,2.087540,2.261060,2.077700,2.049740,1.773070,1.621010,2.851980,2.204450,2.071570,1.387570,1.204120,2.227720,2.425390,2.204250,2.204990,1.888110,1.710270,1.092457,3.179420,2.421840,2.255130,1.461690,1.241710
2020-02-07,2.087840,2.261390,2.077890,2.048380,1.773090,1.620850,2.846120,2.211700,2.070080,1.386990,1.204010,2.228530,2.426810,2.205150,2.204350,1.888610,1.710350,1.091712,3.172450,2.430900,2.253320,1.460960,1.241570
2020-02-06,2.089750,2.264320,2.079620,2.049930,1.774090,1.621140,2.846670,2.222160,2.067800,1.385720,1.203940,2.231060,2.430900,2.207650,2.206390,1.890110,1.710860,1.093239,3.173100,2.443930,2.250580,1.459380,1.241490
2020-02-05,2.082170,2.253560,2.072650,2.044800,1.768990,1.618000,2.829420,2.201830,2.068010,1.384840,1.203930,2.222240,2.418400,2.199460,2.199810,1.884100,1.707160,1.089625,3.152580,2.418620,2.250840,1.458300,1.241480
2020-02-04,2.077680,2.246920,2.068230,2.037470,1.766230,1.616620,2.818210,2.190170,2.067950,1.386360,1.203930,2.217230,2.410800,2.194340,2.191950,1.880900,1.705580,1.088190,3.139090,2.404070,2.250320,1.460180,1.241470
2020-02-03,2.069590,2.235010,2.060770,2.029460,1.761070,1.613630,2.781570,2.184970,2.066110,1.386730,1.203920,2.209490,2.399680,2.187400,2.184210,1.876100,1.702840,1.082002,3.095550,2.397590,2.248110,1.460640,1.241460
2020-01-31,2.074500,2.241700,2.065120,2.033980,1.764080,1.615290,2.771470,2.217600,2.066110,1.386530,1.203820,2.216870,2.410580,2.194620,2.191250,1.881110,1.705670,1.084173,3.083530,2.438300,2.248110,1.460400,1.241340
2020-01-30,2.077770,2.247070,2.068650,2.037320,1.766520,1.616700,2.798200,2.213390,2.066080,1.386400,1.203760,2.219050,2.414090,2.196940,2.193560,1.882680,1.706570,1.086209,3.115310,2.433050,2.248110,1.460230,1.241270
2020-01-29,2.080920,2.251580,2.071530,2.039000,1.768350,1.617590,2.805280,2.221940,2.066080,1.385470,1.203710,2.222580,2.419360,2.200350,2.196060,1.884840,1.707610,1.086799,3.123720,2.443730,2.248110,1.459080,1.241210
2020-01-28,2.077980,2.247690,2.069100,2.034370,1.766480,1.616380,2.801630,2.212470,2.066070,1.384840,1.203650,2.219010,2.414440,2.197240,2.190320,1.882450,1.706080,1.083748,3.119390,2.431930,2.247980,1.458310,1.241140
2020-01-24,2.086380,2.259730,2.076940,2.041390,1.771630,1.619080,2.812630,2.242560,2.066060,1.383200,1.203530,2.229360,2.429710,2.207300,2.199230,1.889100,1.709600,1.087032,3.132450,2.469470,2.247990,1.456270,1.240990
2020-01-23,2.087700,2.261900,2.078310,2.041260,1.772490,1.619520,2.821350,2.241640,2.066040,1.382740,1.203500,2.230510,2.431440,2.208380,2.199090,1.889740,1.709880,1.087664,3.142820,2.468330,2.247990,1.455700,1.240950
2020-01-22,2.093460,2.270210,2.083410,2.044860,1.775980,1.621380,2.834630,2.257470,2.066040,1.381910,1.203500,2.237130,2.441110,2.214370,2.203350,1.893840,1.712070,1.090102,3.158600,2.488070,2.247990,1.454680,1.240950
2020-01-21,2.089070,2.264080,2.079450,2.038630,1.773000,1.619480,2.828910,2.242110,2.066030,1.381050,1.203460,2.231660,2.433400,2.209280,2.196020,1.890050,1.709650,1.086945,3.151810,2.468940,2.247930,1.453620,1.240900
2020-01-20,2.092160,2.268720,2.082360,2.041160,1.774830,1.620340,2.839040,2.248180,2.066030,1.379840,1.203400,2.234940,2.438350,2.212410,2.198860,1.891990,1.710540,1.085533,3.163860,2.476520,2.247930,1.452110,1.240830
2020-01-17,2.090700,2.266710,2.080900,2.038970,1.773710,1.619570,2.836240,2.244340,2.065990,1.379460,1.203290,2.233180,2.435950,2.210660,2.196220,1.890640,1.709610,1.084534,3.160510,2.471750,2.247900,1.451650,1.240690
2020-01-16,2.085970,2.260000,2.076550,2.034950,1.770610,1.617640,2.817730,2.239520,2.065980,1.379130,1.203220,2.228440,2.429360,2.206370,2.192090,1.887560,1.707680,1.082478,3.138520,2.465750,2.247900,1.451240,1.240610
2020-01-15,2.081600,2.253640,2.072480,2.030560,1.767640,1.615830,2.804700,2.230540,2.065930,1.378810,1.203190,2.223480,2.422390,2.201860,2.187140,1.884260,1.705680,1.079487,3.123030,2.454570,2.247850,1.450840,1.240570
2020-01-14,2.079870,2.251520,2.071090,2.028390,1.766450,1.614970,2.806610,2.221610,2.065920,1.377770,1.203130,2.221050,2.419100,2.199690,2.184300,1.882470,1.704420,1.078307,3.125310,2.443450,2.247840,1.449550,1.240490
2020-01-13,2.075250,2.245010,2.066240,2.024720,1.763350,1.613170,2.801700,2.205270,2.065920,1.378470,1.203100,2.215150,2.410700,2.193450,2.179600,1.878430,1.702080,1.074396,3.119350,2.423090,2.247460,1.450410,1.240460
2020-01-10,2.073950,2.243290,2.064930,2.024000,1.762290,1.612350,2.789080,2.212180,2.065920,1.377860,1.202990,2.214520,2.410150,2.192890,2.179300,1.877850,1.701520,1.074903,3.104340,2.431720,2.247470,1.449670,1.240330
2020-01-09,2.073260,2.242440,2.064340,2.023650,1.761840,1.612110,2.799840,2.199360,2.065910,1.377800,1.202940,2.212520,2.407290,2.190940,2.177560,1.876430,1.700710,1.072895,3.117130,2.415760,2.247230,1.449590,1.240260
2020-01-08,2.062460,2.229950,2.050950,2.013220,1.755170,1.607590,2.779570,2.183200,2.061970,1.377500,1.202930,2.200160,2.393140,2.175420,2.165230,1.868710,1.695450,1.069812,3.093020,2.395620,2.242470,1.449220,1.240260
2020-01-07,2.058310,2.224720,2.046930,2.010380,1.752730,1.605870,2.765400,2.187110,2.043130,1.377290,1.202890,2.195890,2.388180,2.171420,2.162200,1.866290,1.693630,1.068229,3.076200,2.400500,2.219690,1.448950,1.240200
2020-01-06,2.050470,2.213530,2.040040,2.001370,1.747840,1.603100,2.750480,2.163800,2.044780,1.377770,1.202840,2.186580,2.374750,2.163060,2.151650,1.860340,1.690280,1.059962,3.058470,2.371460,2.221620,1.449550,1.240150
2020-01-03,2.045980,2.210760,2.031000,1.998190,1.745400,1.600990,2.745260,2.165570,2.044790,1.377650,1.202740,2.181410,2.372010,2.152720,2.147800,1.857660,1.687900,1.059312,3.052260,2.373700,2.221620,1.449400,1.240030
2020-01-02,2.043650,2.207970,2.029340,1.996300,1.743930,1.599840,2.748960,2.154490,2.044760,1.376060,1.202690,2.178000,2.367610,2.150010,2.144550,1.855370,1.686220,1.058502,3.056660,2.359900,2.221620,1.447430,1.239960
2019-12-31,2.037030,2.198650,2.022870,1.990530,1.739490,1.596980,2.722880,2.151600,2.037310,1.375850,1.202610,2.171340,2.358620,2.143660,2.138600,1.850970,1.683330,1.056215,3.025670,2.356310,2.212610,1.447170,1.239860
2019-12-30,2.045210,2.210360,2.030380,1.997010,1.745030,1.600320,2.733390,2.182060,2.037300,1.376760,1.202570,2.181790,2.373540,2.153330,2.147320,1.858120,1.687630,1.059762,3.038160,2.394280,2.212620,1.448290,1.239810
2019-12-27,2.047340,2.213600,2.032520,1.999730,1.746350,1.600980,2.743230,2.183540,2.037310,1.375850,1.202480,2.183770,2.376570,2.155340,2.149800,1.859320,1.688190,1.061694,3.049840,2.396150,2.212620,1.447160,1.239700
2019-12-24,2.045270,2.211000,2.030690,1.997910,1.744810,1.599860,2.743870,2.174880,2.037310,1.374700,1.202370,2.180870,2.372750,2.152540,2.147240,1.857130,1.686640,1.060637,3.050570,2.385380,2.212630,1.445740,1.239570
2019-12-23,2.045100,2.210860,2.030590,1.997070,1.744770,1.599870,2.745410,2.172940,2.037270,1.374910,1.202320,2.180590,2.372310,2.152250,2.146120,1.856950,1.686570,1.060695,3.052410,2.382970,2.212620,1.446000,1.239510
2019-12-20,2.046910,2.213440,2.032200,1.999340,1.745880,1.600460,2.745070,2.182330,2.037260,1.374770,1.202230,2.183090,2.376000,2.154590,2.149060,1.858570,1.687450,1.062305,3.052000,2.394700,2.212620,1.445820,1.239390
2019-12-19,2.047290,2.213940,2.032510,1.999620,1.746200,1.600700,2.741270,2.188520,2.037260,1.375320,1.202180,2.183930,2.377270,2.155440,2.149910,1.859280,1.687940,1.062490,3.047470,2.402430,2.212620,1.446500,1.239340
2019-12-18,2.048030,2.214930,2.033050,2.001120,1.746770,1.601140,2.740760,2.193600,2.037260,1.376250,1.202180,2.184970,2.378760,2.156290,2.151790,1.860100,1.688550,1.063664,3.046870,2.408760,2.212590,1.447650,1.239340
2019-12-17,2.047890,2.214370,2.032510,2.002240,1.746670,1.601280,2.738370,2.194560,2.037230,1.377740,1.202150,2.184830,2.378320,2.155740,2.152890,1.860090,1.688790,1.062971,3.044020,2.409950,2.212480,1.449500,1.239310
2019-12-16,2.045640,2.211190,2.030280,1.999490,1.744990,1.600120,2.725510,2.196470,2.037230,1.377180,1.202100,2.182940,2.375830,2.153810,2.150170,1.858670,1.687760,1.062751,3.028730,2.412340,2.212400,1.448800,1.239240
2019-12-13,2.036960,2.199140,2.022830,1.989630,1.739430,1.596800,2.712170,2.167850,2.037230,1.376350,1.202000,2.172340,2.360840,2.144410,2.137750,1.851670,1.683590,1.056407,3.012870,2.376670,2.212410,1.447780,1.239110
2019-12-12,2.029830,2.189290,2.016390,1.981470,1.734690,1.593840,2.692540,2.153170,2.037220,1.375490,1.201970,2.164620,2.349980,2.137250,2.128600,1.846360,1.680270,1.054639,2.989550,2.358380,2.212410,1.446720,1.239080
2019-12-11,2.030690,2.190560,2.017180,1.982710,1.735280,1.594190,2.686110,2.164240,2.037220,1.375700,1.201940,2.166390,2.352690,2.139020,2.130900,1.847640,1.681050,1.056010,2.981900,2.372190,2.212380,1.446980,1.239040
2019-12-10,2.027990,2.186880,2.014640,1.981850,1.733570,1.593240,2.685080,2.153210,2.037190,1.376050,1.201900,2.162780,2.347610,2.135510,2.129020,1.845250,1.679710,1.053661,2.980670,2.358440,2.212380,1.447400,1.238990
2019-12-09,2.028720,2.188020,2.015730,1.983060,1.734100,1.593430,2.682910,2.159120,2.037180,1.375010,1.201870,2.163920,2.349530,2.137190,2.130760,1.846150,1.680110,1.054869,2.978090,2.365820,2.212380,1.446110,1.238960
2019-12-06,2.026550,2.185740,2.013200,1.980690,1.732690,1.592360,2.686220,2.150130,2.034810,1.374350,1.201760,2.160830,2.345900,2.133550,2.127450,1.843990,1.678540,1.053843,2.982020,2.354640,2.209520,1.445300,1.238830
2019-12-05,2.020770,2.178240,2.007080,1.974620,1.728870,1.589820,2.666680,2.145720,2.033020,1.373660,1.201720,2.154880,2.338430,2.127200,2.120760,1.840080,1.675890,1.051406,2.958800,2.349150,2.207380,1.444440,1.238780
2019-12-04,2.014340,2.169160,2.001080,1.968140,1.724600,1.587290,2.654470,2.126720,2.033240,1.373780,1.201680,2.147270,2.327520,2.119910,2.112840,1.834900,1.672820,1.048284,2.944290,2.325460,2.207630,1.444600,1.238720
2019-12-03,2.019400,2.176150,2.005660,1.972700,1.727740,1.588980,2.649760,2.155270,2.033220,1.373040,1.201650,2.154460,2.338080,2.126910,2.119810,1.839730,1.675500,1.050501,2.938700,2.361070,2.207630,1.443670,1.238690
2019-12-02,2.032030,2.194510,2.017130,1.983210,1.735940,1.593660,2.678500,2.191770,2.030560,1.372680,1.201620,2.169280,2.359520,2.140440,2.132850,1.849400,1.680990,1.056924,2.972850,2.406590,2.204470,1.443230,1.238650
2019-11-29,2.033430,2.196930,2.019700,1.985810,1.737970,1.595110,2.697040,2.187610,2.030570,1.374010,1.201520,2.169680,2.360390,2.142180,2.134200,1.850890,1.682160,1.057349,2.994870,2.401440,2.204420,1.444880,1.238530
2019-11-28,2.036120,2.200780,2.022020,1.987600,1.739680,1.596190,2.707740,2.189890,2.030560,1.374420,1.201460,2.172390,2.364110,2.144390,2.135710,1.852540,1.683210,1.059786,3.007580,2.404290,2.204420,1.445390,1.238460
2019-11-27,2.034360,2.198320,2.020640,1.985830,1.738560,1.595460,2.703600,2.185000,2.030550,1.373820,1.201430,2.170450,2.361350,2.142830,2.133670,1.851280,1.682370,1.059152,3.002660,2.398200,2.204420,1.444640,1.238420
2019-11-26,2.029380,2.191240,2.016010,1.980070,1.735220,1.593440,2.694040,2.170300,2.030550,1.373610,1.201400,2.164480,2.352900,2.137210,2.126940,1.847220,1.679920,1.055988,2.991230,2.379870,2.204170,1.444380,1.238380
2019-11-25,2.026380,2.187090,2.013220,1.975920,1.733140,1.592120,2.691490,2.158920,2.030550,1.373120,1.201370,2.160570,2.347430,2.133510,2.121910,1.844460,1.678190,1.051708,2.988190,2.365690,2.204160,1.443770,1.238340
2019-11-22,2.020860,2.179370,2.008020,1.969810,1.729320,1.589730,2.669050,2.155050,2.030540,1.372710,1.201250,2.155040,2.339890,2.128400,2.115460,1.840640,1.675800,1.049388,2.961520,2.360880,2.204150,1.443260,1.238200
2019-11-21,2.016680,2.173290,2.004090,1.965920,1.726580,1.588210,2.658840,2.144140,2.030520,1.373240,1.201210,2.150180,2.332870,2.123820,2.110790,1.837440,1.674030,1.047458,2.949400,2.347280,2.204050,1.443920,1.238150
2019-11-20,2.020240,2.178220,2.007170,1.969730,1.728860,1.589560,2.663070,2.157140,2.030500,1.373580,1.201180,2.154610,2.339170,2.127820,2.115770,1.840390,1.675780,1.049302,2.954420,2.363510,2.204060,1.444340,1.238110
2019-11-19,2.025780,2.186340,2.012240,1.975350,1.732360,1.591430,2.670320,2.178030,2.030490,1.372780,1.201140,2.161670,2.349460,2.134340,2.123240,1.844900,1.678210,1.054271,2.962950,2.389550,2.204020,1.443360,1.238060
2019-11-18,2.023700,2.183490,2.010210,1.973180,1.730820,1.590380,2.671000,2.168110,2.030480,1.372230,1.201080,2.158720,2.345370,2.131440,2.120120,1.842710,1.676750,1.050341,2.963750,2.377180,2.204020,1.442660,1.238000
2019-11-15,2.024020,2.184120,2.010800,1.973270,1.730950,1.590260,2.666170,2.174640,2.030460,1.370910,1.200990,2.159610,2.346970,2.132720,2.120430,1.843270,1.676850,1.051085,2.958040,2.385360,2.204030,1.441030,1.237880
2019-11-14,2.018510,2.176490,2.005630,1.967860,1.727210,1.587980,2.655140,2.160190,2.030460,1.370730,1.200930,2.153050,2.337820,2.126470,2.113820,1.838730,1.674100,1.047034,2.944970,2.367310,2.204030,1.440800,1.237800
2019-11-13,2.014920,2.171490,2.002410,1.963190,1.724680,1.586290,2.646860,2.150950,2.030440,1.369580,1.200860,2.148830,2.332040,2.122720,2.108500,1.835760,1.672110,1.044829,2.935170,2.355800,2.204030,1.439390,1.237720
2019-11-12,2.017930,2.175760,2.005140,1.964910,1.726670,1.587490,2.648960,2.163750,2.030430,1.369850,1.200820,2.152790,2.337730,2.126400,2.110780,1.838440,1.673720,1.047713,2.937690,2.371810,2.204030,1.439710,1.237680
2019-11-11,2.016840,2.174570,2.003870,1.963540,1.726010,1.586990,2.642590,2.166340,2.030430,1.369610,1.200790,2.152030,2.337060,2.125400,2.109690,1.838000,1.673360,1.049679,2.930160,2.375040,2.204030,1.439420,1.237640
2019-11-08,2.014360,2.171010,2.001750,1.960940,1.724500,1.586220,2.645260,2.151620,2.030420,1.370020,1.200660,2.148290,2.331630,2.122040,2.105830,1.835600,1.672060,1.048112,2.933300,2.356710,2.204010,1.439930,1.237480
2019-11-07,2.012280,2.167990,1.999770,1.958860,1.723510,1.585950,2.641050,2.146770,2.026610,1.372050,1.200620,2.145940,2.328060,2.119660,2.103710,1.834410,1.671730,1.048122,2.928280,2.350660,2.199300,1.442440,1.237430
2019-11-06,2.007730,2.161470,1.995380,1.954710,1.720390,1.584070,2.634090,2.131730,2.026170,1.372060,1.200570,2.140260,2.319960,2.114160,2.098400,1.830490,1.669370,1.044881,2.920060,2.331920,2.198770,1.442460,1.237370
2019-11-05,2.008880,2.163030,1.996300,1.956610,1.721150,1.584560,2.632690,2.138590,2.026170,1.372580,1.200540,2.142030,2.322390,2.115660,2.101090,1.831690,1.670130,1.045427,2.918400,2.340480,2.198760,1.443100,1.237330
2019-11-04,2.007390,2.160700,1.994890,1.955320,1.720340,1.584280,2.626960,2.135950,2.026160,1.373700,1.200520,2.140520,2.320000,2.114210,2.099290,1.830880,1.669910,1.042940,2.911630,2.337200,2.198760,1.444490,1.237310
2019-11-01,2.001880,2.152920,1.989690,1.950790,1.716830,1.582300,2.609230,2.126540,2.026130,1.374490,1.200420,2.134790,2.311770,2.108670,2.094830,1.827140,1.667830,1.041775,2.890670,2.325490,2.198760,1.445460,1.237190
2019-10-31,1.999340,2.149430,1.987150,1.947960,1.715040,1.581050,2.598550,2.126880,2.022990,1.373990,1.200380,2.132340,2.308590,2.106280,2.092130,1.825430,1.666580,1.039257,2.878060,2.325950,2.194970,1.444840,1.237140
2019-10-30,2.002120,2.153570,1.989700,1.951200,1.716760,1.581920,2.608320,2.131840,2.022990,1.373340,1.200360,2.135310,2.312960,2.108970,2.095550,1.827250,1.667460,1.041756,2.889600,2.332150,2.194990,1.444030,1.237120
2019-10-29,2.005230,2.157990,1.992290,1.954430,1.718420,1.582730,2.608120,2.145480,2.022980,1.372360,1.200340,2.139520,2.319060,2.112660,2.099570,1.829650,1.668690,1.043714,2.889360,2.349160,2.194990,1.442830,1.237090
2019-10-28,2.005030,2.157610,1.992030,1.953300,1.718430,1.582940,2.610020,2.142420,2.022980,1.373490,1.200330,2.139120,2.318250,2.112100,2.098200,1.829490,1.668830,1.045687,2.891600,2.345360,2.194990,1.444230,1.237070
2019-10-25,2.003080,2.154560,1.990040,1.950780,1.717210,1.582360,2.599030,2.142810,2.022970,1.374630,1.200220,2.137480,2.315690,2.110420,2.095550,1.828540,1.668440,1.044363,2.878610,2.345870,2.194980,1.445640,1.236940
2019-10-24,2.000190,2.150410,1.987280,1.946790,1.715180,1.581090,2.591700,2.135560,2.022960,1.374340,1.200170,2.134150,2.310960,2.107260,2.090800,1.826200,1.666990,1.041831,2.869980,2.336820,2.194970,1.445270,1.236880
2019-10-23,1.996890,2.145730,1.984300,1.942870,1.712910,1.579610,2.579650,2.131140,2.022960,1.373570,1.200130,2.130780,2.306270,2.104270,2.086750,1.823890,1.665460,1.039878,2.855750,2.331310,2.194970,1.444320,1.236830
2019-10-22,1.996150,2.144700,1.983640,1.942130,1.712310,1.579130,2.574540,2.132540,2.022940,1.372870,1.200090,2.130210,2.305620,2.103870,2.086410,1.823440,1.665050,1.038793,2.849700,2.333070,2.194960,1.443450,1.236780
2019-10-21,1.995150,2.143410,1.982860,1.941580,1.711690,1.578760,2.579870,2.122740,2.022940,1.372670,1.200040,2.128390,2.302990,2.102190,2.085430,1.822180,1.664280,1.038462,2.856000,2.320860,2.194780,1.443210,1.236730
2019-10-18,1.993350,2.140770,1.981120,1.939510,1.710550,1.578160,2.572500,2.121160,2.022910,1.373320,1.199970,2.126650,2.300430,2.100490,2.083430,1.821090,1.663740,1.037135,2.847320,2.318950,2.194780,1.444020,1.236640
2019-10-17,1.998700,2.148630,1.986030,1.942940,1.714010,1.580110,2.590470,2.130900,2.022910,1.372990,1.199920,2.132410,2.308720,2.105700,2.086950,1.824750,1.665760,1.039879,2.868540,2.331090,2.194740,1.443600,1.236570
2019-10-16,2.002410,2.153710,1.989250,1.947600,1.716570,1.581790,2.597060,2.142160,2.022900,1.374250,1.199920,2.136930,2.314910,2.109660,2.092350,1.827900,1.667820,1.042236,2.876320,2.345150,2.194740,1.445170,1.236580
2019-10-15,1.996230,2.144940,1.983430,1.942160,1.712420,1.579320,2.588410,2.120780,2.022860,1.374270,1.199890,2.129260,2.303910,2.102290,2.084850,1.822630,1.664690,1.038414,2.866100,2.318490,2.194750,1.445190,1.236540
2019-10-14,1.993360,2.140700,1.980730,1.936410,1.710470,1.578100,2.570320,2.123940,2.022860,1.374110,1.199850,2.127000,2.300770,2.100310,2.079540,1.821180,1.663780,1.038823,2.844730,2.322440,2.194730,1.444990,1.236500
2019-10-11,1.988230,2.133800,1.975600,1.931940,1.707080,1.576020,2.562030,2.109170,2.022810,1.374140,1.199750,2.120890,2.292370,2.094020,2.073880,1.817010,1.661220,1.037427,2.834930,2.304030,2.194680,1.445030,1.236360
2019-10-10,1.980520,2.122850,1.968670,1.922640,1.702280,1.573380,2.541360,2.091880,2.022810,1.375150,1.199720,2.112480,2.280160,2.086240,2.063700,1.811640,1.658280,1.032907,2.810510,2.282470,2.194540,1.446280,1.236330
2019-10-09,1.979660,2.121280,1.967830,1.921550,1.701810,1.573240,2.534630,2.092790,2.022810,1.375940,1.199680,2.111810,2.279030,2.085710,2.062780,1.811420,1.658330,1.031505,2.802560,2.283600,2.194550,1.447260,1.236280
2019-10-08,1.981750,2.124010,1.969930,1.922540,1.703340,1.574230,2.529290,2.106390,2.022810,1.376270,1.199630,2.115200,2.283730,2.089210,2.065140,1.813960,1.659940,1.031802,2.796250,2.300570,2.194370,1.447660,1.236220
2019-10-07,1.981870,2.124900,1.969790,1.925590,1.703310,1.573880,2.543300,2.098090,2.018650,1.374830,1.199580,2.114140,2.282920,2.087780,2.066950,1.813020,1.658950,1.026859,2.812790,2.290230,2.189350,1.445890,1.236160
2019-10-04,1.979560,2.121650,1.967530,1.923600,1.701750,1.572930,2.543870,2.087560,2.016080,1.374880,1.199490,2.110840,2.278290,2.084550,2.063870,1.810750,1.657560,1.025470,2.813460,2.277120,2.186300,1.445950,1.236050
2019-10-03,1.974490,2.115190,1.961910,1.918490,1.698540,1.570800,2.528180,2.083240,2.013240,1.374560,1.199430,2.105530,2.271810,2.078620,2.058410,1.807470,1.655340,1.023138,2.794920,2.271730,2.182720,1.445550,1.235980
2019-10-02,1.984700,2.129720,1.971170,1.927200,1.705070,1.574380,2.540150,2.121750,2.013230,1.373570,1.199390,2.118440,2.290520,2.090700,2.070400,1.815960,1.660030,1.027320,2.809060,2.319740,2.182660,1.444320,1.235930
2019-10-01,1.995860,2.145650,1.981270,1.940730,1.712220,1.578450,2.568740,2.148680,2.013220,1.373080,1.199280,2.131030,2.308590,2.102240,2.085330,1.824130,1.664640,1.034642,2.842830,2.353320,2.182640,1.443720,1.235800
2019-09-30,1.993680,2.143060,1.979380,1.938740,1.710880,1.577510,2.576310,2.135270,2.007470,1.372570,1.199190,2.127430,2.303840,2.098850,2.081870,1.821710,1.663000,1.024135,2.851780,2.336620,2.175690,1.443080,1.235690
2019-09-27,1.993070,2.142070,1.978660,1.938560,1.710450,1.577320,2.569270,2.139080,2.007470,1.373230,1.199050,2.127170,2.303480,2.098530,2.082590,1.821560,1.663010,1.024374,2.843450,2.341380,2.175700,1.443900,1.235520
2019-09-26,1.993210,2.142650,1.979140,1.937590,1.710730,1.577500,2.583450,2.128280,2.007470,1.373080,1.199030,2.126150,2.302130,2.097740,2.080520,1.820930,1.662630,1.024145,2.860210,2.327940,2.175700,1.443710,1.235500
2019-09-25,1.993510,2.143380,1.979950,1.937210,1.711010,1.577500,2.581350,2.132080,2.007470,1.371670,1.199000,2.126880,2.303450,2.099010,2.080340,1.821480,1.662770,1.025053,2.857720,2.332680,2.175700,1.441970,1.235450
2019-09-24,1.995410,2.145990,1.981320,1.939290,1.712050,1.578020,2.578410,2.144460,2.007460,1.371730,1.198980,2.129770,2.307630,2.101400,2.083570,1.823240,1.663700,1.022798,2.854250,2.348120,2.175700,1.442040,1.235420
2019-09-23,1.999120,2.151480,1.984890,1.941450,1.714390,1.579240,2.595790,2.146530,2.007390,1.370650,1.198940,2.133170,2.312680,2.104690,2.085340,1.825340,1.664730,1.023831,2.874780,2.350710,2.175710,1.440700,1.235380
2019-09-20,1.997930,2.150480,1.984940,1.939430,1.714280,1.579000,2.601720,2.142510,2.007380,1.369910,1.198850,2.131260,2.310660,2.104210,2.082460,1.824820,1.664210,1.023640,2.881780,2.345730,2.175710,1.439780,1.235270
2019-09-19,1.996510,2.148600,1.983540,1.938830,1.713130,1.578120,2.599290,2.138790,2.007380,1.369100,1.198770,2.129560,2.308410,2.102510,2.081660,1.823420,1.663150,1.023516,2.878910,2.341110,2.175710,1.438780,1.235170
2019-09-18,1.992380,2.143210,1.980410,1.933680,1.710470,1.576240,2.590710,2.129450,2.007360,1.367130,1.198640,2.124820,2.302180,2.098830,2.075870,1.820310,1.660940,1.020711,2.868760,2.329460,2.175710,1.436340,1.235010
2019-09-17,1.992330,2.143090,1.980070,1.933500,1.710220,1.575970,2.587090,2.133160,2.007350,1.366910,1.198600,2.125090,2.302630,2.098830,2.076100,1.820290,1.660770,1.021122,2.864490,2.334090,2.175680,1.436070,1.234970
2019-09-16,1.992830,2.143730,1.979490,1.931410,1.709620,1.575290,2.587200,2.132780,2.007340,1.365660,1.198530,2.125640,2.303340,2.098110,2.073830,1.819530,1.659940,1.022820,2.864610,2.333630,2.175680,1.434510,1.234890
2019-09-13,1.993200,2.144230,1.979840,1.932990,1.709890,1.575530,2.590420,2.131210,2.007350,1.366030,1.198420,2.125780,2.303500,2.098240,2.074990,1.819650,1.660100,1.023583,2.868400,2.331700,2.175680,1.434970,1.234750
2019-09-12,1.992240,2.142720,1.978980,1.930840,1.709370,1.575360,2.588150,2.128090,2.007350,1.366750,1.198400,2.124610,2.301700,2.097200,2.072560,1.819020,1.659910,1.021609,2.865720,2.327820,2.175690,1.435860,1.234720
2019-09-11,1.989440,2.138740,1.976750,1.929330,1.707700,1.574450,2.578570,2.123270,2.007350,1.366710,1.198380,2.121680,2.297540,2.094910,2.071120,1.817300,1.658990,1.020059,2.854410,2.321820,2.175690,1.435810,1.234690
2019-09-10,1.983420,2.129970,1.971140,1.924100,1.704000,1.572550,2.559210,2.112200,2.007330,1.368480,1.198360,2.115370,2.288190,2.088890,2.065770,1.813370,1.657030,1.018279,2.831540,2.308020,2.175630,1.438010,1.234680
2019-09-09,1.984200,2.130900,1.972000,1.926220,1.704880,1.573460,2.561520,2.112530,2.007330,1.370320,1.198310,2.116260,2.289080,2.089770,2.068650,1.814330,1.658060,1.020047,2.834230,2.308440,2.175640,1.440290,1.234610
2019-09-06,1.982740,2.129990,1.969520,1.925620,1.703870,1.572470,2.564120,2.109530,2.005890,1.369330,1.198210,2.114220,2.287530,2.086500,2.067350,1.812880,1.656710,1.020834,2.837290,2.304730,2.173910,1.439060,1.234490
2019-09-05,1.980100,2.126330,1.967020,1.923960,1.702340,1.571800,2.565330,2.096920,2.004490,1.370660,1.198180,2.110500,2.282140,2.082780,2.064840,1.810540,1.655590,1.019140,2.838690,2.289030,2.172220,1.440720,1.234450
2019-09-04,1.970700,2.113180,1.958450,1.914330,1.696350,1.568320,2.542330,2.074820,2.004480,1.371180,1.198140,2.100020,2.267200,2.072950,2.054000,1.803660,1.651630,1.015275,2.811530,2.261480,2.172210,1.441360,1.234410
2019-09-03,1.968420,2.109980,1.956460,1.912380,1.694800,1.567230,2.525970,2.079850,2.004470,1.370370,1.198110,2.098510,2.265250,2.071830,2.052860,1.802700,1.650870,1.014783,2.792190,2.267760,2.172150,1.440360,1.234370
2019-09-02,1.972140,2.115350,1.959680,1.916680,1.697100,1.568530,2.545530,2.079580,2.004460,1.370210,1.198080,2.101710,2.269810,2.074460,2.056860,1.804600,1.651890,1.014287,2.815310,2.267440,2.172150,1.440160,1.234330
2019-08-30,1.971610,2.114690,1.959300,1.916990,1.696840,1.568380,2.541750,2.081460,2.002230,1.370270,1.197950,2.101390,2.269470,2.074310,2.057360,1.804490,1.651830,1.015664,2.810830,2.269800,2.169470,1.440240,1.234170
2019-08-29,1.960960,2.100450,1.951360,1.907910,1.691240,1.565150,2.528820,2.053170,2.002460,1.370650,1.197930,2.088470,2.251840,2.064310,2.046010,1.797430,1.647770,1.010849,2.795610,2.234530,2.169740,1.440710,1.234150
2019-08-28,1.955760,2.092970,1.946340,1.903190,1.687680,1.562960,2.505110,2.051270,2.002460,1.370700,1.197900,2.083670,2.245050,2.059720,2.041820,1.794170,1.645760,1.008013,2.767590,2.232180,2.169740,1.440760,1.234120
2019-08-27,1.950910,2.086350,1.942020,1.899090,1.684370,1.560810,2.494110,2.039690,2.002450,1.369660,1.197860,2.078170,2.237440,2.054700,2.037190,1.790310,1.643270,1.006459,2.754580,2.217740,2.169740,1.439470,1.234070
2019-08-26,1.947560,2.081590,1.938890,1.896060,1.682190,1.559590,2.488680,2.028890,2.002440,1.370050,1.197830,2.074110,2.231550,2.050800,2.033440,1.787570,1.641730,1.006443,2.748160,2.204280,2.169740,1.439960,1.234030
2019-08-23,1.951490,2.087230,1.942190,1.901120,1.684330,1.560430,2.484780,2.052560,2.002410,1.368610,1.197700,2.079880,2.240170,2.056000,2.040720,1.791070,1.643310,1.008018,2.743560,2.233810,2.169690,1.438180,1.233870
2019-08-22,1.957200,2.095200,1.947330,1.907540,1.688110,1.562860,2.518320,2.046920,2.002410,1.369440,1.197640,2.084310,2.246150,2.059800,2.046010,1.793940,1.645190,1.010466,2.783190,2.226780,2.169690,1.439210,1.233800
2019-08-21,1.956610,2.094520,1.947000,1.906410,1.687750,1.562660,2.521460,2.041810,2.002390,1.369010,1.197470,2.083210,2.244700,2.058960,2.044450,1.793190,1.644690,1.009989,2.786900,2.220340,2.169690,1.438670,1.233770
2019-08-20,1.958110,2.096420,1.948400,1.907140,1.688850,1.563410,2.510270,2.058800,2.002380,1.369660,1.197430,2.086340,2.249120,2.062070,2.046880,1.795550,1.646220,1.010396,2.773660,2.241550,2.169660,1.439480,1.233710
2019-08-19,1.955100,2.092230,1.945690,1.904590,1.686920,1.562350,2.516590,2.038410,2.002370,1.369850,1.197410,2.081570,2.242210,2.057500,2.042090,1.792310,1.644390,1.006136,2.781120,2.216120,2.169630,1.439710,1.233690
2019-08-16,1.946810,2.080420,1.938060,1.894980,1.681570,1.559290,2.493620,2.020560,2.002360,1.370580,1.197290,2.072490,2.229120,2.049010,2.031080,1.786350,1.641000,1.001730,2.753930,2.193890,2.169580,1.440620,1.233540
2019-08-15,1.942790,2.074880,1.935060,1.890610,1.679160,1.557770,2.470820,2.022950,2.002360,1.369440,1.197240,2.069330,2.224850,2.046990,2.027330,1.784580,1.639850,0.999371,2.726980,2.196870,2.169580,1.439200,1.233480
2019-08-14,1.955490,2.092800,1.946590,1.903650,1.687130,1.562140,2.481510,2.073900,2.002290,1.367800,1.197230,2.085410,2.248420,2.062370,2.044210,1.795220,1.645750,1.005966,2.739610,2.260420,2.169580,1.437170,1.233470
2019-08-13,1.958750,2.097790,1.949820,1.906340,1.689140,1.563180,2.512430,2.060430,2.002270,1.366530,1.197190,2.086890,2.250600,2.063690,2.044700,1.795840,1.645900,1.009662,2.776170,2.243600,2.169590,1.435590,1.233420
2019-08-12,1.958930,2.098300,1.949940,1.907280,1.689230,1.563120,2.509960,2.065110,2.002270,1.366280,1.197130,2.087610,2.251760,2.064210,2.046200,1.796210,1.645980,1.001878,2.773240,2.249450,2.169590,1.435290,1.233350
2019-08-09,1.960030,2.100010,1.950830,1.907690,1.689660,1.563160,2.517880,2.063490,2.002270,1.365330,1.197040,2.088320,2.252920,2.064710,2.046080,1.796310,1.645770,1.002844,2.782550,2.247410,2.169210,1.434110,1.233230
2019-08-08,1.959780,2.099820,1.950610,1.910410,1.689400,1.562920,2.527230,2.053900,2.002250,1.364900,1.196950,2.087050,2.251190,2.063420,2.047890,1.795280,1.645040,1.004546,2.793600,2.235470,2.169210,1.433570,1.233130
2019-08-07,1.951340,2.088520,1.942980,1.901510,1.684330,1.559860,2.504940,2.040070,1.998170,1.364910,1.196930,2.077940,2.238890,2.055040,2.037970,1.789710,1.641680,1.001221,2.767260,2.218220,2.164330,1.433590,1.233110
2019-08-06,1.947410,2.083100,1.939400,1.898270,1.681410,1.557770,2.496080,2.030280,1.997950,1.362960,1.196890,2.073310,2.232650,2.050900,2.034360,1.786310,1.639230,0.997700,2.756780,2.206020,2.164090,1.431170,1.233060
2019-08-05,1.956730,2.096320,1.948050,1.904040,1.687670,1.561450,2.499810,2.071780,1.997940,1.363260,1.196790,2.086020,2.250780,2.062890,2.043620,1.794970,1.644340,1.001458,2.761180,2.257810,2.164070,1.431540,1.232930
2019-08-02,1.971840,2.117890,1.962090,1.921090,1.697310,1.566830,2.540270,2.106240,1.997940,1.361360,1.196690,2.102630,2.274950,2.078710,2.062730,1.805830,1.650370,1.010620,2.809010,2.300810,2.164060,1.429180,1.232810
2019-08-01,1.977420,2.125690,1.967060,1.927020,1.700720,1.568730,2.555550,2.118000,1.997920,1.360770,1.196630,2.108620,2.283580,2.084220,2.069320,1.809610,1.652450,1.012441,2.827070,2.315480,2.164050,1.428450,1.232730
2019-07-31,1.979650,2.128960,1.968960,1.928070,1.702040,1.569370,2.561020,2.124760,1.995940,1.360310,1.196600,2.111130,2.287370,2.086410,2.070680,1.811120,1.653180,1.014171,2.833540,2.323930,2.161670,1.427880,1.232710
2019-07-30,1.985150,2.136900,1.974200,1.933690,1.705740,1.571530,2.579520,2.134720,1.995930,1.360070,1.196580,2.116840,2.295700,2.091970,2.076610,1.815040,1.655460,1.016309,2.855410,2.336360,2.161670,1.427590,1.232670
2019-07-29,1.986060,2.138140,1.974870,1.933910,1.706230,1.571810,2.586540,2.132310,1.995900,1.360210,1.196490,2.117340,2.296350,2.092230,2.076650,1.815230,1.655550,1.012879,2.863700,2.333350,2.161610,1.427760,1.232570
2019-07-26,1.983950,2.135220,1.972810,1.931390,1.704740,1.570910,2.584970,2.124190,1.995890,1.360350,1.196390,2.114620,2.292470,2.089460,2.073420,1.813260,1.654360,1.011190,2.861880,2.323240,2.161610,1.427940,1.232440
2019-07-25,1.981770,2.131930,1.970700,1.929320,1.703270,1.570040,2.568050,2.129360,1.995880,1.360680,1.196310,2.113270,2.290460,2.088220,2.072080,1.812400,1.653870,1.010984,2.841880,2.329700,2.161610,1.428350,1.232350
2019-07-24,1.979660,2.129190,1.968950,1.928600,1.701770,1.568980,2.570400,2.117650,1.995880,1.359560,1.196250,2.110170,2.286230,2.085460,2.070630,1.810120,1.652310,1.009899,2.844650,2.315100,2.161610,1.426960,1.232280
2019-07-23,1.973440,2.120430,1.963640,1.922400,1.697830,1.566640,2.554580,2.103310,1.995860,1.359200,1.196170,2.103180,2.276350,2.079480,2.063590,1.805660,1.649670,1.006765,2.825910,2.297220,2.161560,1.426510,1.232170
2019-07-22,1.967730,2.112360,1.958450,1.915450,1.694090,1.564410,2.535590,2.094060,1.995850,1.359200,1.196110,2.097300,2.267930,2.074070,2.056420,1.801730,1.647340,1.002330,2.803460,2.285700,2.161560,1.426510,1.232110
2019-07-19,1.966470,2.110730,1.957270,1.916620,1.693130,1.563690,2.531840,2.092490,1.995840,1.358680,1.195980,2.096000,2.266230,2.072810,2.057640,1.800690,1.646550,1.002425,2.799010,2.283780,2.161560,1.425870,1.231950
2019-07-18,1.964470,2.108100,1.955800,1.915050,1.691870,1.562940,2.537500,2.077310,1.995840,1.357990,1.195910,2.092640,2.261540,2.070020,2.055250,1.798450,1.645200,1.001384,2.805720,2.264840,2.161500,1.425010,1.231860
2019-07-17,1.967500,2.112590,1.958640,1.917570,1.693810,1.563970,2.547460,2.083090,1.995830,1.357340,1.195890,2.095920,2.266350,2.073060,2.057970,1.800520,1.646260,1.002852,2.817520,2.272060,2.161460,1.424210,1.231840
2019-07-16,1.966470,2.111160,1.957650,1.916720,1.693030,1.563460,2.550170,2.075480,1.995830,1.357100,1.195860,2.094220,2.263910,2.071380,2.056530,1.799230,1.645440,1.002360,2.820720,2.262570,2.161110,1.423910,1.231800
2019-07-15,1.967570,2.112910,1.958770,1.918720,1.693610,1.563610,2.552960,2.078660,1.995820,1.355950,1.195810,2.095440,2.265920,2.072680,2.058660,1.799900,1.645600,0.996974,2.824020,2.266550,2.161100,1.422490,1.231740
2019-07-12,1.969120,2.114880,1.959920,1.921400,1.694520,1.564110,2.549770,2.088880,1.995780,1.356280,1.195680,2.097790,2.269260,2.074710,2.062020,1.801450,1.646490,0.998691,2.820230,2.279290,2.161020,1.422900,1.231590
2019-07-11,1.970000,2.120000,1.960000,1.920000,1.700000,1.560000,2.550000,2.090000,2.000000,1.360000,1.200000,2.100000,2.270000,2.080000,2.060000,1.800000,1.650000,0.999530,2.820000,2.290000,2.160000,1.420000,1.230000
2019-07-10,1.969290,2.115230,1.960060,1.921840,1.694710,1.564300,2.554670,2.085870,1.995750,1.356870,1.195580,2.097630,2.268990,2.074440,2.061950,1.801370,1.646520,0.998993,2.826030,2.275550,2.160950,1.423630,1.231460
2019-07-09,1.965950,2.110380,1.956870,1.920450,1.692470,1.563000,2.544920,2.079100,1.995730,1.357120,1.195550,2.093890,2.263660,2.070930,2.060020,1.798910,1.645100,0.996747,2.814480,2.267120,2.160780,1.423940,1.231420
2019-07-08,1.965800,2.110050,1.956710,1.919680,1.692340,1.562920,2.538290,2.083990,1.995680,1.357200,1.195510,2.094350,2.264240,2.071330,2.059400,1.799210,1.645290,1.000000,2.806620,2.273230,2.160780,1.424040,1.231370
2019-07-05,1.971490,2.118140,1.961840,1.925810,1.696070,1.565120,2.549310,2.101530,1.994220,1.357440,1.195370,2.101100,2.273940,2.077500,2.066550,1.803710,1.647920,1.000000,2.819680,2.295160,2.159020,1.424320,1.231200
2019-07-04,1.967890,2.114640,1.957030,1.922120,1.693920,1.563450,2.548480,2.095200,1.987480,1.356840,1.195310,2.096540,2.269340,2.071480,2.061850,1.800900,1.645760,1.000000,2.818700,2.287260,2.150870,1.423600,1.231130
2019-07-03,1.963150,2.109320,1.951280,1.917380,1.691010,1.561430,2.543220,2.088010,1.978630,1.356770,1.195260,2.090720,2.262810,2.064500,2.056090,1.797300,1.643250,1.000000,2.812460,2.278300,2.140170,1.423520,1.231070
2019-07-02,1.962010,2.107920,1.950110,1.916560,1.689990,1.560630,2.543070,2.082710,1.978610,1.355750,1.195160,2.089170,2.260780,2.062860,2.055080,1.795900,1.642190,1.000000,2.812270,2.271680,2.140170,1.422280,1.230940
2019-07-01,1.955110,2.099720,1.943620,1.918590,1.685760,1.557680,2.550220,2.054630,1.975220,1.354030,1.195100,2.081410,2.249940,2.054670,2.053040,1.790450,1.638750,1.000000,2.814700,2.237550,2.139840,1.421580,1.230870
2019-06-28,1.948130,2.090300,1.937800,1.908000,1.681650,1.555100,2.530390,2.047030,1.973360,1.354200,1.194960,2.074120,2.240040,2.048600,2.041770,1.786160,1.636060,,2.791200,2.228100,2.137590,1.421790,1.230710
2019-06-27,1.947660,2.089730,1.937240,1.907720,1.681070,1.554460,2.518650,2.056860,1.973170,1.353040,1.194810,2.074660,2.241130,2.049120,2.042710,1.786330,1.635830,,2.777300,2.240410,2.137390,1.420390,1.230540
2019-06-26,1.944250,2.084910,1.934220,1.905170,1.678920,1.553270,2.511770,2.046980,1.973160,1.353280,1.194790,2.070650,2.235380,2.045510,2.039410,1.783770,1.634400,,2.769150,2.228090,2.137390,1.420680,1.230510
2019-06-25,1.947170,2.089130,1.937040,1.908320,1.680980,1.554550,2.522510,2.050660,1.973140,1.353490,1.194740,2.073680,2.239660,2.048380,2.042740,1.785860,1.635710,,2.781880,2.232690,2.137400,1.420930,1.230460
2019-06-24,1.951790,2.095710,1.941010,1.912530,1.683830,1.556140,2.542570,2.053990,1.973130,1.353260,1.194710,2.078010,2.245850,2.052040,2.046840,1.788480,1.637130,,2.805650,2.236850,2.137390,1.420650,1.230420
2019-06-21,1.953140,2.097650,1.942280,1.913840,1.684750,1.556750,2.551130,2.052470,1.973130,1.353590,1.194550,2.079000,2.247250,2.052920,2.047700,1.789150,1.637570,,2.815780,2.234980,2.137390,1.421050,1.230230
2019-06-20,1.954970,2.100500,1.944030,1.915870,1.685750,1.557040,2.554230,2.059450,1.973120,1.352170,1.194440,2.081280,2.250810,2.055140,2.050080,1.790410,1.637970,,2.819450,2.243700,2.137390,1.419320,1.230100
2019-06-19,1.950180,2.094130,1.939780,1.911010,1.682470,1.554810,2.541230,2.051620,1.973080,1.350810,1.194370,2.076090,2.243870,2.050500,2.044470,1.786820,1.635500,,2.804040,2.233940,2.137350,1.417670,1.230000
2019-06-18,1.942210,2.083500,1.933600,1.904170,1.677600,1.551740,2.527160,2.030340,1.973080,1.349060,1.194300,2.066770,2.231120,2.043040,2.036220,1.780960,1.631820,,2.787370,2.207390,2.137350,1.415550,1.229930
2019-06-17,1.936530,2.075500,1.928410,1.898270,1.673740,1.549320,2.507070,2.022940,1.973070,1.348380,1.194240,2.060880,2.222960,2.037780,2.030090,1.777010,1.629340,,2.763550,2.198170,2.137350,1.414730,1.229850
2019-06-14,1.936160,2.074930,1.928470,1.897900,1.673720,1.549320,2.500410,2.027930,1.973020,1.348400,1.194080,2.061040,2.223260,2.038520,2.029870,1.777460,1.629630,,2.755660,2.204430,2.137350,1.414740,1.229650
2019-06-13,1.935080,2.073560,1.927590,1.896710,1.672970,1.548790,2.500120,2.023330,1.973020,1.347840,1.194010,2.059650,2.221370,2.037210,2.028350,1.776450,1.628920,,2.755310,2.198690,2.137310,1.414070,1.229570
2019-06-12,1.933710,2.071650,1.926370,1.895060,1.671960,1.548020,2.489750,2.027400,1.973000,1.347120,1.193920,2.058800,2.220320,2.036620,2.027100,1.775850,1.628370,,2.743030,2.203790,2.137220,1.413200,1.229460
2019-06-11,1.933500,2.071610,1.926620,1.894520,1.671820,1.547760,2.491170,2.025340,1.973000,1.345680,1.193860,2.058420,2.220040,2.036740,2.026160,1.775560,1.627990,,2.744700,2.201220,2.137220,1.411450,1.229390
2019-06-10,1.923500,2.057820,1.917740,1.885760,1.665140,1.543610,2.469960,1.999160,1.973000,1.344480,1.193790,2.046900,2.203890,2.026330,2.015180,1.767730,1.623140,,2.719560,2.168570,2.137220,1.409990,1.229300
2019-06-07,1.919450,2.051980,1.913820,1.880790,1.662240,1.541810,2.449690,1.998950,1.972990,1.344360,1.193660,2.043240,2.198790,2.022910,2.010710,1.765150,1.621550,,2.695520,2.168320,2.137230,1.409840,1.229140
2019-06-06,1.913100,2.043990,1.908010,1.874260,1.657900,1.538730,2.438340,1.984160,1.971330,1.341670,1.193600,2.035860,2.189330,2.016020,2.003140,1.760000,1.617890,,2.682060,2.149880,2.135230,1.406590,1.229070
2019-06-05,1.911410,2.041610,1.906560,1.870930,1.656870,1.538110,2.432550,1.982160,1.968840,1.341680,1.193530,2.034150,2.186890,2.014590,1.999610,1.758990,1.617280,,2.675210,2.147390,2.132220,1.406590,1.228990
2019-06-04,1.906420,2.034740,1.902080,1.864180,1.653570,1.536090,2.418960,1.972200,1.968830,1.341420,1.193470,2.028760,2.179390,2.009660,1.992260,1.755340,1.615060,,2.659070,2.134980,2.132210,1.406280,1.228910
2019-06-03,1.899790,2.026200,1.897780,1.856910,1.650440,1.534140,2.401110,1.968710,1.966790,1.341170,1.193410,2.021850,2.170600,2.005480,1.984780,1.752270,1.613150,,2.637930,2.130630,2.129750,1.405970,1.228830
2019-05-31,1.905730,2.034330,1.903020,1.863320,1.654300,1.536400,2.404440,1.993350,1.966780,1.341410,1.193230,2.029570,2.181600,2.012640,1.993320,1.757510,1.616220,,2.641860,2.161400,2.129740,1.406270,1.228620
2019-05-30,1.909650,2.040430,1.906580,1.869140,1.656420,1.537240,2.424850,1.995110,1.966760,1.339090,1.193170,2.032730,2.186830,2.015540,1.998960,1.759050,1.616630,,2.666040,2.163610,2.129740,1.403450,1.228550
2019-05-29,1.910760,2.041740,1.907390,1.871300,1.657060,1.537590,2.416650,2.007610,1.966760,1.339240,1.193110,2.034980,2.189880,2.017600,2.002290,1.760590,1.617530,,2.656320,2.179220,2.129740,1.403640,1.228480
2019-05-28,1.914710,2.048690,1.909590,1.874350,1.659720,1.538750,2.430320,2.019670,1.966750,1.338120,1.193040,2.039320,2.197700,2.019940,2.005310,1.763550,1.618760,,2.672510,2.194280,2.129740,1.402270,1.228390
2019-05-27,1.914120,2.048190,1.909080,1.873780,1.659230,1.538310,2.440190,2.008800,1.966730,1.337450,1.192980,2.037620,2.195440,2.018220,2.003480,1.762160,1.617750,,2.684210,2.180730,2.129740,1.401460,1.228320
2019-05-24,1.913900,2.047810,1.908850,1.872880,1.659140,1.538350,2.439510,2.008150,1.966740,1.338110,1.192830,2.037390,2.195010,2.017950,2.002490,1.762060,1.617800,,2.683390,2.179940,2.129740,1.402250,1.228130
2019-05-23,1.916570,2.051890,1.911550,1.874380,1.660820,1.539070,2.442690,2.019080,1.966730,1.336550,1.192710,2.040780,2.200320,2.021470,2.004880,1.764260,1.618780,,2.687180,2.193650,2.129740,1.400370,1.227980
2019-05-22,1.923120,2.061500,1.917710,1.881140,1.664950,1.541270,2.470700,2.024380,1.966710,1.335010,1.192650,2.047010,2.209490,2.027270,2.011400,1.768100,1.620710,,2.720360,2.200270,2.129740,1.398500,1.227910
2019-05-21,1.921660,2.059540,1.916330,1.880250,1.663840,1.540480,2.470140,2.018510,1.966710,1.334480,1.192570,2.045060,2.206820,2.025370,2.010000,1.766630,1.619680,,2.719690,2.192960,2.129740,1.397870,1.227810
2019-05-20,1.917850,2.054230,1.912990,1.877200,1.661260,1.538820,2.455760,2.014330,1.966690,1.333790,1.192430,2.041300,2.201590,2.022100,2.007040,1.764070,1.618020,,2.702660,2.187760,2.129740,1.397030,1.227640
2019-05-17,1.916740,2.052900,1.911970,1.875880,1.660620,1.538620,2.479960,1.987150,1.966690,1.334660,1.192260,2.037430,2.195880,2.018120,2.003250,1.761320,1.616580,,2.731310,2.153860,2.129680,1.398080,1.227440
2019-05-16,1.915280,2.051090,1.910890,1.873350,1.659740,1.538120,2.484410,1.976910,1.966690,1.334570,1.192160,2.035110,2.192600,2.016060,1.999670,1.759710,1.615650,,2.736580,2.141090,2.129680,1.397980,1.227310
2019-05-15,1.907760,2.040840,1.903890,1.864930,1.654470,1.534710,2.465530,1.961610,1.966690,1.333430,1.192050,2.026700,2.181010,2.008120,1.990580,1.753700,1.611790,,2.714180,2.122000,2.129680,1.396600,1.227170
2019-05-14,1.901960,2.032710,1.898730,1.859350,1.650600,1.532340,2.450580,1.948520,1.966680,1.332860,1.192000,2.020190,2.171870,2.002310,1.984200,1.749340,1.609120,,2.696470,2.105670,2.129680,1.395900,1.227110
2019-05-13,1.902400,2.033340,1.898850,1.859660,1.650770,1.532300,2.438240,1.962860,1.966660,1.332750,1.191910,2.022070,2.174740,2.003890,1.986000,1.750570,1.609690,,2.681890,2.123580,2.129680,1.395760,1.227010
2019-05-10,1.908690,2.042340,1.904690,1.865120,1.654750,1.534540,2.467220,1.964900,1.966660,1.331940,1.191760,2.027830,2.182910,2.009160,1.990630,1.754110,1.611610,,2.716210,2.126160,2.129690,1.394780,1.226820
2019-05-09,1.907960,2.041270,1.903930,1.863890,1.654320,1.534360,2.467130,1.961710,1.966650,1.332560,1.191690,2.026840,2.181400,2.008080,1.989240,1.753490,1.611330,,2.716100,2.122180,2.129660,1.395530,1.226730
2019-05-08,1.909040,2.042850,1.905180,1.864470,1.655090,1.534860,2.477820,1.956150,1.966640,1.332330,1.191640,2.027270,2.181940,2.008650,1.989080,1.753770,1.611530,,2.728750,2.115250,2.129660,1.395260,1.226660
2019-05-07,1.912390,2.047590,1.908140,1.866890,1.657260,1.536110,2.485350,1.965000,1.966600,1.332390,1.191610,2.031170,2.187480,2.012110,1.991940,1.756310,1.612990,,2.737680,2.126310,2.129650,1.395320,1.226620
2019-05-06,1.916440,2.053850,1.911260,1.870670,1.660090,1.537880,2.514990,1.960460,1.961790,1.333340,1.191650,2.033900,2.191730,2.013700,1.994390,1.758130,1.614120,,2.772780,2.120650,2.123590,1.396480,1.226680
2019-05-03,1.921380,2.061160,1.915880,1.875050,1.663040,1.539260,2.523640,1.976760,1.961790,1.331480,1.191490,2.039860,2.200650,2.019380,1.999800,1.761760,1.615830,,2.783020,2.141020,2.123590,1.394220,1.226480
2019-05-02,1.920100,2.059280,1.915130,1.872760,1.662520,1.539110,2.515260,1.978220,1.961790,1.331980,1.191410,2.038940,2.199300,2.019070,1.997500,1.761580,1.615910,,2.773090,2.142850,2.123590,1.394810,1.226370
2019-05-01,1.921800,2.061570,1.916520,1.874230,1.663620,1.539770,2.512110,1.988690,1.961780,1.332200,1.191350,2.041490,2.203000,2.021400,1.999700,1.763360,1.616990,,2.769360,2.155930,2.123590,1.395080,1.226310
2019-04-30,1.919760,2.058970,1.914490,1.872320,1.662170,1.538810,2.519240,1.974620,1.959350,1.331930,1.191330,2.038070,2.198260,2.017850,1.996170,1.760820,1.615350,,2.777800,2.138380,2.120660,1.394750,1.226280
2019-04-29,1.920530,2.060000,1.915250,1.871940,1.662650,1.539060,2.513750,1.983080,1.959340,1.331800,1.191240,2.039610,2.200530,2.019480,1.996510,1.761890,1.615950,,2.771300,2.148960,2.120590,1.394600,1.226170
2019-04-26,1.921270,2.061020,1.915950,1.873090,1.663140,1.539300,2.511200,1.989370,1.959340,1.331780,1.191090,2.040850,2.202390,2.020750,1.998180,1.762780,1.616430,,2.768270,2.156830,2.120590,1.394570,1.225990
2019-04-24,1.920460,2.059880,1.914930,1.872260,1.662410,1.538770,2.505580,1.991580,1.959340,1.331800,1.190960,2.040260,2.201670,2.019970,1.997500,1.762210,1.615980,,2.761620,2.159600,2.120590,1.394590,1.225830
2019-04-23,1.915820,2.053580,1.910760,1.865410,1.659100,1.536550,2.496890,1.979050,1.959320,1.330580,1.190740,2.034790,2.194120,2.014960,1.989710,1.758230,1.613320,,2.751340,2.143970,2.120590,1.393110,1.225570
2019-04-18,1.907570,2.042120,1.903020,1.856490,1.653320,1.532850,2.475550,1.961970,1.959320,1.329810,1.190500,2.025620,2.181290,2.006260,1.979790,1.751700,1.609160,,2.726050,2.122720,2.120600,1.392160,1.225270
2019-04-17,1.906370,2.040420,1.901890,1.855750,1.652430,1.532270,2.471480,1.959930,1.959310,1.329570,1.190410,2.024350,2.179510,2.005080,1.979220,1.750750,1.608540,,2.721220,2.120180,2.120600,1.391870,1.225160
2019-04-16,1.908040,2.042680,1.903420,1.858850,1.653630,1.533130,2.475430,1.963590,1.959310,1.330320,1.190360,2.026190,2.182030,2.006790,1.982660,1.752100,1.609520,,2.725900,2.124760,2.120600,1.392770,1.225090
2019-04-15,1.905200,2.038650,1.900630,1.857900,1.651620,1.531880,2.469140,1.956680,1.959310,1.330300,1.190290,2.022860,2.177340,2.003530,1.981490,1.749740,1.608060,,2.718440,2.116140,2.120570,1.392760,1.225010
2019-04-12,1.905130,2.038570,1.900530,1.856440,1.651670,1.531990,2.471100,1.955190,1.959320,1.331110,1.190120,2.022630,2.176930,2.003190,1.980000,1.749640,1.608100,,2.720760,2.114310,2.120570,1.393730,1.224810
2019-04-11,1.900930,2.033100,1.896390,1.852610,1.649070,1.530480,2.468410,1.940620,1.959320,1.331540,1.190040,2.017250,2.169650,1.997740,1.974690,1.746150,1.606070,,2.717560,2.096140,2.120570,1.394250,1.224710
2019-04-10,1.903080,2.036300,1.898400,1.853320,1.650380,1.531110,2.472160,1.947770,1.959320,1.330830,1.189970,2.019870,2.173550,2.000200,1.976010,1.747770,1.606850,,2.722000,2.105070,2.120570,1.393390,1.224620
2019-04-09,1.902860,2.036090,1.898100,1.852160,1.650080,1.530800,2.469520,1.950010,1.959320,1.330350,1.189900,2.019830,2.173660,2.000100,1.974730,1.747590,1.606580,,2.718870,2.107880,2.120570,1.392800,1.224540
2019-04-08,1.904100,2.037860,1.899150,1.854390,1.650810,1.531190,2.476460,1.949310,1.959480,1.330220,1.189840,2.020830,2.175090,2.000890,1.976510,1.748140,1.606850,,2.727100,2.107010,2.120770,1.392640,1.224470
2019-04-05,1.900880,2.033880,1.895740,1.851120,1.648540,1.529610,2.476070,1.937460,1.959240,1.329550,1.189660,2.016540,2.169540,1.996290,1.972290,1.745020,1.604720,,2.726620,2.092250,2.120480,1.391820,1.224250
2019-04-04,1.900500,2.033640,1.895540,1.851820,1.648070,1.528940,2.463740,1.949150,1.957690,1.327560,1.189580,2.017260,2.171150,1.997330,1.974050,1.745360,1.604480,,2.712000,2.106850,2.118610,1.389410,1.224150
2019-04-03,1.900950,2.035530,1.894110,1.852760,1.648490,1.528940,2.463390,1.959180,1.951780,1.327880,1.189460,2.018120,2.173980,1.996050,1.975760,1.746130,1.604620,,2.711590,2.119370,2.111460,1.389800,1.224010
2019-04-02,1.897640,2.031050,1.891060,1.849740,1.646300,1.527610,2.459370,1.948780,1.951780,1.327800,1.189450,2.014020,2.168280,1.992170,1.971830,1.743330,1.602920,,2.706830,2.106410,2.111470,1.389700,1.223990
2019-04-01,1.892450,2.023630,1.886250,1.845100,1.642780,1.525490,2.441430,1.941300,1.951780,1.327830,1.189340,2.008620,2.160590,1.987210,1.966750,1.739670,1.600750,,2.685570,2.097080,2.111460,1.389730,1.223860
2019-03-27,1.885400,2.014400,1.879900,1.835900,1.638000,1.522200,2.417800,1.936500,1.947100,1.326500,1.188700,2.001500,2.151400,1.980800,1.956800,1.734700,1.597300,,2.657700,2.091300,2.105200,1.387700,1.223100
2019-03-20,1.884700,2.014300,1.878800,1.837900,1.636400,1.520100,2.425500,1.931000,1.947100,1.321800,1.188300,1.999900,2.150400,1.978800,1.958100,1.732300,1.594500,,2.666000,2.084600,2.105000,1.381800,1.222500
2019-03-14,1.875400,2.001800,1.870400,1.827100,1.629900,1.515600,2.376700,1.937600,1.946900,1.318800,1.187900,1.992200,2.140500,1.972200,1.948600,1.726900,1.590600,,2.608000,2.092700,2.104900,1.378200,1.222000
2019-03-06,1.878800,2.007600,1.873700,1.830600,1.632000,1.516200,2.407800,1.929900,1.943000,1.316200,1.187500,1.994000,2.143900,1.973500,1.950100,1.727700,1.590400,,2.645700,2.084200,2.100100,1.375100,1.221500
2019-02-27,1.871000,1.997400,1.866200,1.818300,1.626400,1.512700,2.387900,1.919400,1.940600,1.315900,1.187000,1.985300,2.132000,1.964900,1.935900,1.721200,1.586300,,2.621800,2.070900,2.097300,1.374800,1.220900
2019-02-20,1.861200,1.984100,1.857200,1.806300,1.619500,1.508000,2.368700,1.895200,1.940500,1.314100,1.186400,1.973900,2.116400,1.954500,1.921300,1.713000,1.580800,,2.599100,2.041200,2.097300,1.372500,1.220200
2019-02-13,1.851000,1.970100,1.847600,1.792100,1.612900,1.504200,2.335800,1.881700,1.940500,1.315600,1.185900,1.963500,2.102000,1.944000,1.906000,1.706200,1.576900,,2.559800,2.024200,2.097200,1.374300,1.219600
2019-02-06,1.834000,1.946900,1.832600,1.771700,1.601600,1.497100,2.313500,1.827000,1.936500,1.313200,1.185400,1.942800,2.073000,1.925100,1.881600,1.692100,1.568000,,2.533300,1.956100,2.092400,1.371400,1.219000
2019-01-31,1.833400,1.946700,1.832200,1.771200,1.600900,1.495900,2.304700,1.838200,1.933800,1.310400,1.184900,1.942900,2.074200,1.925600,1.881200,1.691900,1.567000,,2.523000,1.969900,2.090900,1.368000,1.218300
2019-01-23,1.826800,1.937800,1.826500,1.766100,1.595800,1.492400,2.282900,1.828700,1.933800,1.307200,1.184500,1.935900,2.064900,1.919400,1.874400,1.687100,1.563200,,2.497800,1.957900,2.090800,1.364000,1.217800
2019-01-16,1.812000,1.918300,1.812000,1.751000,1.585700,1.486100,2.249300,1.797200,1.933800,1.306500,1.184000,1.919400,2.042900,1.903000,1.858000,1.675600,1.556100,,2.458200,1.920000,2.091100,1.363100,1.217300
2019-01-09,1.788400,1.887100,1.792300,1.729200,1.570100,1.475900,2.207300,1.752100,1.897200,1.304800,1.183600,1.892000,2.006500,1.877700,1.834400,1.657500,1.544600,,2.407200,1.860800,2.052500,1.361100,1.216600
2019-01-03,1.783700,1.883000,1.786200,1.721100,1.566200,1.472200,2.188300,1.765700,1.892600,1.299900,1.183100,1.887700,2.004400,1.872500,1.824400,1.654200,1.540800,,2.385200,1.877700,2.047100,1.355100,1.216100
2018-12-27,1.763700,1.855300,1.768300,1.707300,1.552900,1.464400,2.146400,1.713200,1.892600,1.299500,1.182700,1.864800,1.971200,1.852500,1.810500,1.638800,1.531700,,2.336000,1.812900,2.047000,1.354800,1.215600
2018-12-19,1.790400,1.892600,1.793200,1.731500,1.570200,1.473900,2.220300,1.766600,1.892500,1.296000,1.182400,1.894000,2.012000,1.881300,1.836300,1.658200,1.542200,,2.424600,1.879900,2.047000,1.350400,1.215200
2018-12-12,1.796900,1.901600,1.800900,1.735100,1.575400,1.477100,2.235800,1.782200,1.892500,1.295500,1.181900,1.901500,2.022600,1.890400,1.839700,1.664400,1.545900,,2.442800,1.898800,2.046900,1.349900,1.214600
2018-12-05,1.804800,1.913500,1.808300,1.748000,1.580600,1.479500,2.276700,1.786800,1.885800,1.292800,1.181500,1.908400,2.032900,1.896900,1.852800,1.668800,1.547700,,2.491500,1.904500,2.038800,1.346500,1.214200
2018-11-28,1.798500,1.904300,1.802900,1.736300,1.576400,1.476700,2.231400,1.798100,1.885800,1.291400,1.181100,1.904200,2.027100,1.894200,1.840500,1.666400,1.546000,,2.439500,1.918700,2.038700,1.344800,1.213600
2018-11-21,1.809800,1.920000,1.813400,1.744500,1.583600,1.480800,2.267900,1.816000,1.885700,1.290400,1.180700,1.916000,2.042900,1.905400,1.848900,1.674100,1.550200,,2.480800,1.941100,2.038300,1.343600,1.213100
2018-11-14,1.827400,1.944600,1.829800,1.760600,1.595400,1.487800,2.303800,1.864900,1.885700,1.290600,1.180200,1.936500,2.072300,1.925000,1.867300,1.688100,1.558500,,2.523500,2.001800,2.038300,1.343900,1.212600
2018-11-07,1.823300,1.939500,1.826100,1.752300,1.592800,1.486000,2.307000,1.846400,1.881400,1.289500,1.179800,1.930700,2.063500,1.919500,1.857000,1.684100,1.555900,,2.527400,1.978900,2.033100,1.342500,1.212000
2018-10-31,1.804500,1.913400,1.808000,1.736800,1.580900,1.479100,2.270600,1.796700,1.878900,1.291900,1.179400,1.908600,2.031300,1.899200,1.838000,1.669300,1.547600,,2.484200,1.918900,2.030000,1.345500,1.211500
2018-10-24,1.833400,1.953900,1.834500,1.761200,1.600000,1.490300,2.331700,1.876100,1.878800,1.291900,1.178900,1.942000,2.078900,1.930500,1.867200,1.692000,1.560800,,2.552900,2.015900,2.030200,1.345500,1.211000
2018-10-17,1.833100,1.953700,1.834700,1.761000,1.599700,1.489800,2.335300,1.871600,1.878700,1.290200,1.178400,1.941000,2.078800,1.933300,1.866700,1.690800,1.560100,,2.556500,2.009400,2.030600,1.343400,1.210400
2018-10-10,1.869400,2.005500,1.868300,1.797200,1.624000,1.504200,2.433400,1.951900,1.879700,1.290400,1.178000,1.981100,2.136200,1.970800,1.907000,1.717800,1.576000,,2.673300,2.109600,2.031700,1.343600,1.209800
2018-10-03,1.869700,2.007100,1.867000,1.794700,1.624600,1.504500,2.449700,1.952800,1.858300,1.292800,1.177500,1.980100,2.136300,1.968100,1.903700,1.717500,1.575600,,2.692100,2.110800,2.005800,1.346500,1.209200
2018-09-26,1.865100,2.001600,1.863400,1.790500,1.621500,1.502000,2.443300,1.944200,1.858300,1.290100,1.177100,1.974900,2.129700,1.963800,1.898700,1.713800,1.572700,,2.684200,2.100100,2.005800,1.343300,1.208700
2018-09-19,1.859800,1.994200,1.858700,1.786400,1.618100,1.500100,2.428000,1.934600,1.857400,1.290700,1.176700,1.969300,2.121700,1.958700,1.894000,1.710300,1.570700,,2.666200,2.088900,2.004600,1.344000,1.208200
2018-09-12,1.850000,1.981400,1.849300,1.781700,1.611600,1.495700,2.404400,1.916300,1.855900,1.288600,1.176200,1.958400,2.107100,1.948700,1.890200,1.703000,1.565800,,2.638100,2.065900,2.002900,1.341400,1.207600
2018-09-05,1.864800,2.002700,1.863000,1.794000,1.621600,1.501500,2.439000,1.959300,1.850600,1.289200,1.175700,1.975300,2.131700,1.964800,1.905300,1.714600,1.572500,,2.678600,2.119300,1.996500,1.342000,1.207000
2018-08-29,1.854700,1.988200,1.854200,1.782100,1.615300,1.498000,2.408200,1.942800,1.850500,1.290700,1.175300,1.964300,2.116000,1.955300,1.890900,1.707800,1.568800,,2.641700,2.099100,1.996300,1.343900,1.206500
2018-08-22,1.850800,1.982900,1.850400,1.779300,1.612300,1.495800,2.378000,1.955000,1.850200,1.289400,1.174900,1.962100,2.113400,1.953200,1.889000,1.706100,1.567300,,2.605800,2.114700,1.996200,1.342400,1.206000
2018-08-15,1.853600,1.987100,1.852900,1.773100,1.614300,1.497100,2.404400,1.945100,1.850100,1.291100,1.174300,1.963500,2.115300,1.954000,1.881200,1.706800,1.567900,,2.637200,2.102400,1.996300,1.344400,1.205400
2018-08-08,1.851200,1.984600,1.850500,1.767200,1.612500,1.495700,2.403100,1.941200,1.845800,1.289300,1.173900,1.960400,2.112000,1.951000,1.873700,1.704500,1.566000,,2.635400,2.097700,1.991300,1.342200,1.204900
2018-08-01,1.856600,1.992200,1.854800,1.767700,1.615800,1.497500,2.416600,1.956200,1.843000,1.290200,1.173500,1.966500,2.120500,1.956300,1.873900,1.708300,1.568100,,2.651600,2.116600,1.987900,1.343300,1.204400
2018-07-25,1.850000,1.983200,1.848500,1.764400,1.610900,1.494100,2.397100,1.945800,1.843000,1.288500,1.173000,1.959400,2.110900,1.949600,1.871000,1.703000,1.564400,,2.628700,2.103600,1.987800,1.341200,1.203800
2018-07-18,1.846900,1.979100,1.846000,1.759500,1.609100,1.493000,2.393500,1.938300,1.842800,1.288900,1.172500,1.955900,2.106000,1.946500,1.867200,1.700800,1.563000,,2.623300,2.094500,1.987800,1.341800,1.203200
2018-07-11,1.837000,1.968500,1.834100,1.750300,1.602700,1.488000,2.367800,1.938800,1.825200,1.285900,1.172000,1.945500,2.095400,1.933800,1.857000,1.694300,1.557600,,2.592600,2.095200,1.966500,1.338100,1.202700
2018-07-04,1.823500,1.953300,1.820700,1.738700,1.595200,1.482400,2.351700,1.922400,1.801300,1.283700,1.171500,1.929600,2.077400,1.918600,1.843000,1.685200,1.550800,,2.573700,2.074800,1.937700,1.335400,1.201900
2018-06-27,1.827800,1.959900,1.824600,1.742600,1.597700,1.483500,2.371000,1.922300,1.801300,1.282200,1.171000,1.933300,2.083600,1.921800,1.846500,1.687200,1.551600,,2.601600,2.074300,1.937900,1.333600,1.201400
2018-06-20,1.824500,1.955500,1.822200,1.729400,1.595500,1.482200,2.382800,1.895900,1.801200,1.280500,1.169900,1.927100,2.074300,1.917000,1.828400,1.683400,1.549200,,2.615500,2.041300,1.937400,1.332500,1.200900
2018-06-14,1.817300,1.945400,1.816300,1.726500,1.590400,1.478900,2.356600,1.886400,1.801200,1.278700,1.168800,1.919900,2.064600,1.910900,1.827100,1.678300,1.545900,,2.584100,2.029500,1.937400,1.330300,1.200400
2018-06-06,1.805300,1.930000,1.805300,1.714400,1.583500,1.474300,2.332900,1.866000,1.792600,1.280400,1.169100,1.907600,2.047800,1.899100,1.815100,1.670600,1.541300,,2.558200,2.004200,1.932400,1.332500,1.199900
2018-05-30,1.809600,1.936300,1.809500,1.721000,1.586300,1.476000,2.345500,1.875200,1.790000,1.279800,1.168700,1.912300,2.054700,1.903900,1.821500,1.673700,1.543000,,2.573500,2.015700,1.929400,1.331700,1.199400
2018-05-23,1.817100,1.947300,1.816900,1.726900,1.591200,1.478500,2.363200,1.894000,1.790000,1.277800,1.168300,1.920800,2.067300,1.912400,1.828200,1.679200,1.545900,,2.594400,2.039100,1.929300,1.329300,1.198900
2018-05-16,1.818000,1.948300,1.816900,1.726900,1.591900,1.479500,2.374000,1.888200,1.789900,1.281300,1.167900,1.920900,2.066800,1.912100,1.827800,1.679400,1.546500,,2.607100,2.032400,1.929100,1.333600,1.198400
2018-05-09,1.804900,1.930100,1.805100,1.714600,1.582900,1.473700,2.327300,1.874100,1.786500,1.280400,1.167400,1.908100,2.048800,1.900200,1.816700,1.670500,1.540800,,2.551700,2.014800,1.925000,1.332500,1.197700
2018-05-02,1.798900,1.922500,1.800700,1.705400,1.579700,1.471700,2.335900,1.846400,1.783900,1.280300,1.166900,1.898900,2.036600,1.893000,1.802200,1.665300,1.537500,,2.561700,1.980300,1.921800,1.332500,1.197100
2018-04-25,1.791300,1.911500,1.793700,1.697900,1.574900,1.469300,2.313800,1.830600,1.783800,1.282700,1.166400,1.890700,2.024500,1.885400,1.795200,1.660100,1.534900,,2.535100,1.960500,1.921800,1.335500,1.196600
2018-04-18,1.782500,1.898900,1.785400,1.690100,1.569000,1.465800,2.288500,1.814200,1.783800,1.284200,1.165900,1.881300,2.011000,1.876500,1.786700,1.653600,1.531200,,2.505200,1.940400,1.922100,1.337300,1.196000
2018-04-11,1.777300,1.892400,1.780400,1.688500,1.565600,1.463600,2.286100,1.797900,1.779700,1.283800,1.165500,1.874500,2.002400,1.869900,1.784100,1.649100,1.528300,,2.502400,1.920300,1.917100,1.336800,1.195500
2018-04-05,1.772400,1.890100,1.773700,1.681900,1.564000,1.460900,2.308400,1.788300,1.749100,1.284100,1.165900,1.865000,1.993700,1.857000,1.775700,1.643600,1.523800,,2.508400,1.911100,1.880600,1.336200,1.195000
2018-03-28,1.772000,1.889700,1.773400,1.689000,1.563100,1.459800,2.292000,1.801700,1.749100,1.281300,1.165500,1.866300,1.996100,1.858500,1.786300,1.644000,1.523300,,2.487900,1.928200,1.880600,1.332700,1.194500
2018-03-21,1.791600,1.917400,1.792000,1.691700,1.576300,1.467700,2.358300,1.830500,1.749100,1.280500,1.165100,1.886200,2.024300,1.877700,1.788200,1.657600,1.531400,,2.565100,1.963900,1.880600,1.331800,1.194100
2018-03-15,1.790700,1.916400,1.791400,1.692700,1.575400,1.466900,2.358800,1.826700,1.748900,1.278600,1.164700,1.884900,2.023400,1.876800,1.789300,1.656400,1.530400,,2.565800,1.959400,1.880600,1.329500,1.193600
2018-03-07,1.779800,1.901700,1.781000,1.686900,1.568300,1.462500,2.321100,1.816400,1.745100,1.278500,1.164500,1.874200,2.009500,1.866500,1.784900,1.649400,1.525900,,2.521800,1.946700,1.875900,1.329400,1.193300
2018-02-28,1.784700,1.909300,1.786200,1.682900,1.571800,1.464100,2.337800,1.830000,1.742500,1.276900,1.164100,1.879200,2.018000,1.872100,1.779800,1.652900,1.527700,,2.540800,1.963200,1.872700,1.327400,1.192800
2018-02-21,1.774900,1.896200,1.777600,1.680800,1.565300,1.459900,2.323900,1.798000,1.742500,1.275300,1.163700,1.867100,2.001400,1.861200,1.775500,1.644700,1.522500,,2.521300,1.923800,1.871700,1.325500,1.192300
2018-02-14,1.755500,1.868800,1.760000,1.668200,1.552300,1.452100,2.252800,1.774500,1.742400,1.274700,1.163300,1.848100,1.974900,1.844000,1.763600,1.631700,1.514900,,2.437600,1.895400,1.871700,1.324900,1.191900
2018-02-07,1.791200,1.918900,1.791800,1.698900,1.576300,1.466700,2.350600,1.852500,1.738500,1.278100,1.162800,1.887100,2.029900,1.879000,1.795200,1.658200,1.531000,,2.551800,1.992300,1.867000,1.328900,1.191400
2018-01-31,1.790900,1.918900,1.791400,1.697300,1.575600,1.466100,2.375200,1.832200,1.735700,1.277300,1.162400,1.883800,2.025600,1.876200,1.792100,1.655600,1.529100,,2.579900,1.967400,1.863800,1.327900,1.190800
2018-01-24,1.781700,1.906400,1.782800,1.695400,1.569000,1.461600,2.346100,1.819500,1.735700,1.275300,1.161900,1.874300,2.012700,1.867300,1.789000,1.648700,1.524300,,2.546100,1.951900,1.863500,1.325600,1.190300
2018-01-17,1.785100,1.911500,1.786000,1.698000,1.571400,1.462700,2.346100,1.838700,1.735600,1.274400,1.161500,1.879300,2.020300,1.872000,1.792400,1.652000,1.526000,,2.546100,1.975700,1.863200,1.324400,1.189800
2018-01-10,1.779700,1.906000,1.778600,1.690200,1.568000,1.460100,2.325300,1.848800,1.724400,1.274600,1.161100,1.874800,2.016500,1.864900,1.784000,1.649200,1.523600,,2.521900,1.988100,1.850400,1.324700,1.189200
2018-01-04,1.762400,1.883700,1.761100,1.683900,1.556700,1.452200,2.283200,1.829700,1.695700,1.273300,1.160600,1.856200,1.992800,1.845700,1.777500,1.636700,1.514800,,2.472700,1.964900,1.815800,1.323100,1.188700
2017-12-28,1.763300,1.885600,1.762200,1.684200,1.557200,1.452100,2.293800,1.827400,1.695700,1.271700,1.160200,1.856300,1.994000,1.846200,1.776200,1.636700,1.514300,,2.485400,1.962700,1.815900,1.321200,1.188200
2017-12-20,1.753100,1.871000,1.752300,1.677000,1.550300,1.448200,2.274500,1.799300,1.695500,1.273800,1.159900,1.844200,1.976500,1.834500,1.769200,1.628500,1.509600,,2.462700,1.928200,1.815700,1.323700,1.187800
2017-12-13,1.752900,1.870900,1.753200,1.677600,1.552100,1.448000,2.294700,1.789700,1.694300,1.274000,1.159500,1.843600,1.976400,1.833000,1.768800,1.628600,1.509500,,2.483700,1.918300,1.814900,1.324100,1.187300
2017-12-06,1.749500,1.866700,1.750900,1.676100,1.550200,1.446600,2.283900,1.788300,1.690400,1.272300,1.159100,1.840200,1.972700,1.830900,1.766700,1.626600,1.508100,,2.471100,1.916600,1.809600,1.322000,1.186900
2017-11-29,1.748100,1.865300,1.750100,1.665700,1.549700,1.446100,2.286900,1.786000,1.687800,1.272400,1.158800,1.838200,1.970300,1.829500,1.757700,1.625600,1.507300,,2.474400,1.913800,1.806700,1.322100,1.186400
2017-11-22,1.741800,1.857200,1.744500,1.660600,1.545000,1.442500,2.268100,1.778200,1.687800,1.269100,1.158400,1.831700,1.962000,1.823800,1.751700,1.620700,1.503500,,2.452700,1.904400,1.806900,1.318100,1.186000
2017-11-15,1.739900,1.854200,1.743000,1.664500,1.543800,1.441900,2.245300,1.788800,1.687700,1.269700,1.158000,1.831600,1.961600,1.823900,1.756700,1.620600,1.503600,,2.428300,1.917600,1.806600,1.318700,1.185500
2017-11-09,1.733900,1.846500,1.737400,1.653900,1.539500,1.439000,2.239700,1.770300,1.683800,1.267600,1.157600,1.824100,1.952000,1.816800,1.743300,1.615500,1.499900,,2.422000,1.895200,1.802000,1.316200,1.185100
2017-11-01,1.726500,1.837000,1.731000,1.652500,1.534200,1.435000,2.230400,1.750900,1.681300,1.264300,1.157200,1.815100,1.940100,1.808900,1.741300,1.608900,1.495100,,2.410400,1.871300,1.799100,1.312300,1.184600
2017-10-25,1.719300,1.826700,1.723900,1.645100,1.529100,1.432000,2.199600,1.747200,1.681300,1.265600,1.156700,1.808500,1.930800,1.802200,1.734700,1.604100,1.492200,,2.374600,1.866800,1.799100,1.313700,1.184000
2017-10-18,1.714100,1.819900,1.719200,1.640600,1.525400,1.429500,2.198500,1.725100,1.681300,1.264500,1.156300,1.801600,1.921100,1.795700,1.727500,1.599000,1.489000,,2.373100,1.840000,1.799100,1.312500,1.183400
2017-10-11,1.707600,1.811100,1.713200,1.633800,1.521300,1.427200,2.195300,1.700300,1.679300,1.265700,1.155900,1.793000,1.909200,1.787800,1.717700,1.593500,1.485800,,2.369400,1.810700,1.796800,1.313900,1.183000
2017-10-04,1.693700,1.793800,1.698600,1.625000,1.512100,1.420800,2.161500,1.690500,1.650000,1.264800,1.155400,1.778100,1.891200,1.772000,1.708800,1.583600,1.478700,,2.329900,1.799000,1.762100,1.312800,1.182400
2017-09-27,1.688700,1.786800,1.694400,1.617600,1.509000,1.419100,2.143300,1.687500,1.649900,1.265900,1.155000,1.773400,1.884500,1.768200,1.701500,1.580700,1.477100,,2.308300,1.795300,1.762100,1.314200,1.181900
2017-09-20,1.686000,1.783400,1.691300,1.617100,1.506700,1.417300,2.132900,1.688400,1.649000,1.265800,1.154000,1.771100,1.881900,1.765300,1.702700,1.578700,1.475400,,2.295800,1.796700,1.761000,1.314100,1.180800
2017-09-13,1.676700,1.770100,1.682200,1.605700,1.500200,1.413400,2.095400,1.681400,1.649000,1.267300,1.153600,1.762500,1.869700,1.756700,1.691000,1.572600,1.471800,,2.252500,1.788300,1.761000,1.316000,1.180400
2017-09-06,1.680300,1.776000,1.685100,1.609100,1.502400,1.414200,2.114800,1.686400,1.644800,1.265200,1.153200,1.765500,1.875000,1.759100,1.693700,1.574400,1.472200,,2.274900,1.794400,1.756200,1.313500,1.179900
2017-08-30,1.677000,1.771500,1.682100,1.608000,1.500400,1.412800,2.100300,1.686300,1.640200,1.265200,1.152900,1.763500,1.872400,1.757600,1.694000,1.572400,1.470900,,2.257600,1.794300,1.753800,1.312500,1.179500
2017-08-23,1.671300,1.764000,1.677600,1.606800,1.497000,1.410500,2.089900,1.675800,1.640000,1.264500,1.152500,1.757000,1.863900,1.752500,1.693100,1.568400,1.468300,,2.245400,1.781800,1.753400,1.311700,1.179100
2017-08-16,1.667100,1.758700,1.673800,1.607400,1.494000,1.408400,2.088000,1.660000,1.639900,1.263200,1.152100,1.751400,1.856500,1.747500,1.692700,1.564400,1.465600,,2.237400,1.766500,1.754800,1.310100,1.178600
2017-08-09,1.672400,1.766600,1.678700,1.609100,1.497700,1.410500,2.110800,1.667000,1.638400,1.263000,1.151700,1.756300,1.863900,1.752200,1.693000,1.568000,1.467500,,2.263500,1.775200,1.752900,1.309800,1.178100
2017-08-02,1.668400,1.761300,1.675200,1.611300,1.494900,1.408500,2.097300,1.663900,1.633500,1.262100,1.151200,1.752300,1.858700,1.748700,1.696400,1.565000,1.465400,,2.248100,1.771400,1.747000,1.308800,1.177600
2017-07-26,1.669600,1.763200,1.676100,1.612100,1.495400,1.408600,2.103600,1.666400,1.633500,1.261300,1.150800,1.753300,1.860600,1.749400,1.696200,1.565400,1.465300,,2.254500,1.774600,1.746800,1.307800,1.177100
2017-07-19,1.674300,1.770400,1.680900,1.615200,1.498600,1.410200,2.117900,1.677600,1.633400,1.260200,1.150400,1.758600,1.869100,1.753500,1.698200,1.568800,1.467100,,2.271600,1.789200,1.747600,1.306500,1.176600
2017-07-12,1.666200,1.760200,1.673400,1.611300,1.493000,1.406400,2.102700,1.659600,1.632500,1.258400,1.149900,1.749000,1.856100,1.744300,1.692400,1.562300,1.462600,,2.261500,1.762100,1.743400,1.304700,1.176000
2017-07-05,1.663200,1.757600,1.668600,1.610600,1.492900,1.406400,2.102700,1.657900,1.616500,1.261100,1.149500,1.745700,1.853700,1.739200,1.693600,1.562500,1.462600,,2.262900,1.760100,1.724200,1.308000,1.175500
2017-06-28,1.665000,1.760500,1.670100,1.607500,1.494500,1.407500,2.133800,1.646000,1.606900,1.263300,1.149000,1.744900,1.852800,1.738200,1.685800,1.562500,1.462700,,2.296700,1.745700,1.712500,1.310800,1.174900
2017-06-21,1.662500,1.757100,1.667800,1.608200,1.492500,1.406000,2.107500,1.661100,1.606800,1.262400,1.148600,1.744700,1.853300,1.738000,1.688300,1.562000,1.462100,,2.266300,1.764500,1.713100,1.309700,1.174400
2017-06-15,1.661900,1.757400,1.667900,1.606100,1.492400,1.405700,2.129500,1.643300,1.606700,1.261100,1.148200,1.741600,1.850100,1.735600,1.684100,1.560300,1.460700,,2.291400,1.742700,1.712100,1.308200,1.173900
2017-06-07,1.671100,1.771600,1.676700,1.615000,1.498700,1.408900,2.155400,1.668900,1.600900,1.258400,1.147800,1.751900,1.865600,1.745100,1.692300,1.567300,1.464100,,2.320900,1.773800,1.704600,1.304900,1.173400
2017-05-31,1.663600,1.761900,1.670800,1.611100,1.494200,1.405900,2.134100,1.662400,1.600700,1.257800,1.147300,1.744200,1.855800,1.739200,1.690600,1.562700,1.461000,,2.296200,1.766000,1.704600,1.304100,1.172800
2017-05-24,1.655500,1.751200,1.663400,1.602800,1.488100,1.401500,2.107600,1.653200,1.600700,1.254600,1.146900,1.736100,1.845300,1.731900,1.681200,1.556500,1.456400,,2.265100,1.754900,1.704600,1.300200,1.172300
2017-05-17,1.662900,1.762000,1.670800,1.613800,1.493100,1.404200,2.127100,1.670900,1.600600,1.252600,1.146500,1.744200,1.857300,1.740100,1.693300,1.562100,1.459400,,2.287500,1.776600,1.704600,1.297700,1.171800
2017-05-10,1.654600,1.750900,1.663000,1.607900,1.487300,1.400300,2.102500,1.660300,1.599300,1.251600,1.146100,1.735600,1.845900,1.731600,1.686800,1.556000,1.455200,,2.259300,1.763800,1.703200,1.296600,1.171300
2017-05-03,1.652700,1.748600,1.661500,1.606000,1.486100,1.399000,2.075400,1.684400,1.594500,1.250200,1.145600,1.736400,1.847800,1.732500,1.686200,1.556500,1.454900,,2.226100,1.792900,1.698300,1.294800,1.170800
2017-04-27,1.636900,1.726800,1.647700,1.591400,1.475400,1.391700,2.018600,1.668800,1.593700,1.253800,1.145400,1.720800,1.825600,1.717300,1.670300,1.545600,1.448300,,2.158400,1.773700,1.698100,1.296300,1.170300
2017-04-20,1.634500,1.723500,1.645700,1.589500,1.473400,1.390400,2.002500,1.673700,1.593400,1.252600,1.144900,1.719400,1.824000,1.716200,1.670500,1.544500,1.447300,,2.139800,1.779900,1.698300,1.294900,1.169800
2017-04-12,1.634200,1.724600,1.644900,1.589800,1.473200,1.389600,2.012200,1.669800,1.590000,1.249800,1.144500,1.718200,1.824000,1.714200,1.669400,1.543700,1.446000,,2.151100,1.774600,1.694300,1.291500,1.169200
2017-04-05,1.626900,1.716500,1.636100,1.584200,1.468400,1.385800,1.999200,1.671900,1.559000,1.249500,1.144000,1.710100,1.815300,1.704300,1.663600,1.538400,1.441700,,2.136100,1.777300,1.657000,1.291100,1.168700
2017-03-29,1.618700,1.705600,1.628700,1.574100,1.462700,1.382000,1.989600,1.645600,1.558700,1.247800,1.143600,1.699900,1.801600,1.695100,1.650700,1.531100,1.436900,,2.125100,1.745300,1.656800,1.289000,1.168200
2017-03-22,1.620800,1.708700,1.630900,1.582200,1.463400,1.381700,1.989600,1.657300,1.558500,1.244600,1.143100,1.702800,1.806100,1.698300,1.659800,1.532300,1.436800,,2.125400,1.759900,1.656500,1.285100,1.167600
2017-03-15,1.616100,1.703000,1.626900,1.579900,1.459700,1.378600,1.980300,1.648000,1.558300,1.240700,1.142700,1.697500,1.799700,1.693900,1.656500,1.528100,1.433300,,2.114700,1.748600,1.656400,1.280400,1.167100
2017-03-08,1.613200,1.698900,1.623800,1.579900,1.458000,1.377900,1.979400,1.638300,1.554600,1.243200,1.142300,1.693500,1.794100,1.689900,1.657300,1.525700,1.432200,,2.113600,1.736800,1.652100,1.283300,1.166600
2017-03-01,1.604600,1.687300,1.615900,1.572600,1.452200,1.374300,1.951000,1.633300,1.550900,1.243900,1.141800,1.685200,1.783100,1.682100,1.650800,1.520000,1.428500,,2.080800,1.730900,1.647600,1.284200,1.166000
2017-02-22,1.608200,1.693100,1.621100,1.574700,1.455900,1.375500,1.958900,1.637500,1.555700,1.241500,1.141400,1.687600,1.787400,1.684500,1.654600,1.521700,1.429000,,2.079800,1.743200,1.647600,1.281300,1.165500
2017-02-15,1.599300,1.680800,1.612100,1.561600,1.449400,1.371400,1.940600,1.616500,1.555600,1.242600,1.141000,1.677500,1.773500,1.674200,1.638000,1.514100,1.424400,,2.059000,1.718000,1.647600,1.282500,1.165000
2017-02-08,1.589600,1.668300,1.603100,1.557100,1.442300,1.366300,1.920700,1.596000,1.552200,1.238500,1.140500,1.666600,1.759500,1.664300,1.634100,1.506100,1.418700,,2.036900,1.693100,1.643600,1.277600,1.164500
2017-02-01,1.599700,1.683200,1.612600,1.562600,1.449500,1.370300,1.948500,1.622400,1.549900,1.237300,1.140100,1.677500,1.775800,1.674600,1.638700,1.513800,1.422900,,2.068700,1.725200,1.641000,1.276000,1.164000
2017-01-25,1.588700,1.668300,1.602200,1.557500,1.441200,1.364600,1.918600,1.604100,1.549900,1.235200,1.139700,1.666100,1.760200,1.664000,1.635000,1.505200,1.417000,,2.035000,1.703500,1.640600,1.273500,1.163400
2017-01-18,1.595100,1.676800,1.607500,1.564000,1.445500,1.367300,1.932600,1.619500,1.549800,1.236700,1.139200,1.673300,1.769800,1.669900,1.642400,1.509900,1.420000,,2.051000,1.722300,1.640600,1.275400,1.162900
2017-01-11,1.595200,1.678900,1.605000,1.564400,1.445500,1.366700,1.946200,1.625300,1.533700,1.236400,1.138700,1.672100,1.770800,1.666100,1.640000,1.509400,1.418700,,2.066600,1.729500,1.620800,1.275000,1.162300
2017-01-05,1.584000,1.665700,1.593500,1.557000,1.438200,1.361300,1.933000,1.605700,1.513500,1.234600,1.138300,1.659000,1.755300,1.652700,1.631300,1.500600,1.412300,,2.051500,1.705400,1.596700,1.272800,1.161700
2016-12-29,1.581100,1.662100,1.591200,1.552900,1.436200,1.359700,1.933300,1.593900,1.513400,1.232900,1.137900,1.655400,1.750900,1.650000,1.626300,1.498100,1.410400,,2.052700,1.691100,1.596600,1.270800,1.161300
2016-12-21,1.571900,1.649700,1.582800,1.541400,1.429600,1.355600,1.913900,1.573200,1.513400,1.232600,1.137400,1.644700,1.736300,1.640200,1.612800,1.490700,1.405500,,2.030600,1.666000,1.596600,1.270500,1.160800
2016-12-14,1.571600,1.648800,1.582300,1.540000,1.429500,1.355700,1.900900,1.583000,1.513400,1.234600,1.137000,1.644400,1.735200,1.639500,1.611000,1.490300,1.405700,,2.013500,1.678400,1.596500,1.272900,1.160200
2016-12-07,1.555200,1.627300,1.566600,1.527700,1.418200,1.348200,1.862400,1.555200,1.502800,1.232800,1.136600,1.625400,1.710100,1.621300,1.596600,1.476900,1.396800,,1.969200,1.644600,1.583900,1.270700,1.159700
2016-11-30,1.559200,1.633300,1.570600,1.525900,1.421100,1.349600,1.871200,1.571500,1.502700,1.232400,1.136200,1.630100,1.716900,1.626000,1.594500,1.480300,1.398400,,1.979100,1.664300,1.583700,1.270200,1.159300
2016-11-23,1.547500,1.616800,1.559300,1.512600,1.412700,1.344800,1.857300,1.532000,1.502200,1.234600,1.135500,1.616200,1.697600,1.612800,1.579300,1.470900,1.393100,,1.963300,1.616400,1.583200,1.273100,1.158500
2016-11-16,1.543200,1.610800,1.555200,1.505200,1.409200,1.342900,1.836100,1.532900,1.502200,1.235300,1.135100,1.611300,1.690500,1.607900,1.571200,1.467200,1.390800,,1.939300,1.619100,1.583200,1.274100,1.158000
2016-11-09,1.522400,1.581200,1.534200,1.486900,1.394800,1.335400,1.796200,1.476700,1.496800,1.243100,1.134800,1.586600,1.655500,1.582100,1.549900,1.450700,1.382200,,1.895300,1.551200,1.576700,1.283300,1.157600
2016-11-03,1.536800,1.601400,1.547600,1.503500,1.404800,1.341600,1.840900,1.501600,1.496200,1.243500,1.134400,1.603600,1.679300,1.597500,1.569200,1.462700,1.389300,,1.946100,1.581100,1.576200,1.283800,1.157100
2016-10-26,1.543800,1.611200,1.554000,1.506900,1.409800,1.344500,1.846700,1.532700,1.495600,1.244700,1.133500,1.611900,1.690300,1.604900,1.573400,1.468400,1.392700,,1.952800,1.619000,1.575400,1.285500,1.156200
2016-10-19,1.540800,1.607400,1.550800,1.506900,1.407200,1.342400,1.836000,1.531200,1.495600,1.242900,1.133100,1.608500,1.686100,1.601600,1.573500,1.465500,1.390300,,1.940800,1.617300,1.575100,1.283500,1.155700
2016-10-12,1.551300,1.621800,1.560000,1.514500,1.414700,1.347600,1.875000,1.542200,1.495600,1.246300,1.132700,1.620600,1.702900,1.611800,1.582300,1.474400,1.396200,,1.984900,1.630600,1.575500,1.287500,1.155200
2016-10-05,1.537900,1.605800,1.545600,1.503400,1.406100,1.341300,1.852000,1.529000,1.468400,1.246400,1.132400,1.604800,1.684100,1.595300,1.569400,1.464200,1.389000,,1.957700,1.614500,1.543100,1.287500,1.154800
2016-09-28,1.540300,1.609700,1.547600,1.502200,1.407100,1.341600,1.870200,1.525900,1.468300,1.244500,1.131900,1.607700,1.688700,1.597600,1.567900,1.465500,1.389200,,1.977800,1.610700,1.542900,1.285300,1.154300
2016-09-21,1.530100,1.596500,1.538500,1.492600,1.399800,1.336700,1.859100,1.493600,1.468300,1.242000,1.131500,1.595600,1.673100,1.587400,1.556700,1.457100,1.383600,,1.965200,1.571600,1.542800,1.282200,1.153800
2016-09-14,1.534000,1.600900,1.541300,1.500800,1.403200,1.339700,1.863700,1.504400,1.468300,1.248500,1.131100,1.600300,1.678300,1.590600,1.566400,1.461000,1.387200,,1.970400,1.584400,1.542800,1.290100,1.153400
2016-09-07,1.532800,1.599800,1.539600,1.502100,1.401800,1.338300,1.862500,1.504800,1.463700,1.246200,1.130600,1.598900,1.677000,1.588600,1.567900,1.459400,1.385500,,1.969300,1.585100,1.537400,1.287400,1.152900
2016-08-31,1.533700,1.601500,1.540800,1.503600,1.402700,1.338600,1.849900,1.530200,1.461500,1.246500,1.130300,1.599900,1.678900,1.590000,1.569700,1.460500,1.385800,,1.954700,1.615900,1.534800,1.287700,1.152400
2016-08-24,1.535300,1.603500,1.542200,1.501400,1.403900,1.339500,1.853000,1.534600,1.461500,1.247600,1.129800,1.601900,1.681400,1.592100,1.567300,1.462000,1.386900,,1.959000,1.621700,1.534900,1.289000,1.152000
2016-08-17,1.530900,1.597500,1.538800,1.500200,1.401100,1.337800,1.838000,1.528200,1.461400,1.247600,1.129400,1.596900,1.674300,1.587900,1.566000,1.458700,1.385000,,1.941900,1.613900,1.534700,1.289000,1.151500
2016-08-10,1.520400,1.584800,1.529000,1.493600,1.393200,1.331800,1.815000,1.514300,1.459500,1.242700,1.129100,1.586200,1.661300,1.578900,1.559400,1.451100,1.379100,,1.917600,1.599500,1.533300,1.283700,1.151000
2016-08-03,1.525400,1.591900,1.533800,1.502000,1.396900,1.333900,1.828600,1.525600,1.455200,1.242100,1.128600,1.592000,1.669600,1.584400,1.569400,1.455200,1.381700,,1.932900,1.612900,1.528100,1.283000,1.150400
2016-07-27,1.520100,1.584800,1.528100,1.496900,1.392500,1.330800,1.822700,1.510000,1.454500,1.241900,1.127600,1.586000,1.661400,1.577900,1.563400,1.450500,1.378200,,1.926500,1.594100,1.527300,1.282800,1.149300
2016-07-20,1.510300,1.571500,1.518800,1.488200,1.385100,1.325800,1.792700,1.495800,1.454500,1.240600,1.127100,1.574700,1.645800,1.568200,1.553400,1.442000,1.372400,,1.892500,1.575200,1.527400,1.281300,1.148700
2016-07-13,1.491300,1.547400,1.499700,1.468200,1.371200,1.316000,1.768600,1.447400,1.446200,1.237100,1.126600,1.551700,1.617400,1.546200,1.530400,1.425900,1.360800,,1.865100,1.516400,1.517700,1.277000,1.148200
2016-07-06,1.491300,1.548300,1.500600,1.471100,1.371000,1.314900,1.774500,1.449500,1.437600,1.233000,1.126200,1.551800,1.618400,1.546700,1.533300,1.425400,1.359400,,1.872000,1.518000,1.507500,1.272000,1.147700
2016-06-29,1.469200,1.519400,1.476400,1.451300,1.354800,1.304200,1.719900,1.418200,1.428800,1.232700,1.125800,1.526400,1.585400,1.519200,1.510300,1.407200,1.346900,,1.812000,1.479200,1.497000,1.271500,1.147200
2016-06-22,1.474500,1.531800,1.476500,1.450200,1.362800,1.305000,1.759500,1.434800,1.427300,1.228500,1.123400,1.534600,1.600600,1.523000,1.519300,1.413500,1.349800,,1.854900,1.493600,1.496600,1.268300,1.146700
2016-06-16,1.491500,1.555700,1.492100,1.469200,1.375100,1.313000,1.806600,1.468800,1.426100,1.230000,1.122900,1.554000,1.628300,1.540800,1.541800,1.427800,1.359300,,1.907600,1.535400,1.494900,1.270200,1.146100
2016-06-08,1.493000,1.559800,1.493000,1.468700,1.375400,1.312000,1.824800,1.468500,1.421800,1.223400,1.122500,1.555400,1.633100,1.541900,1.541100,1.428300,1.358000,,1.927800,1.535300,1.489600,1.262300,1.145600
2016-06-01,1.496100,1.564600,1.495600,1.470600,1.377300,1.312900,1.828600,1.485700,1.421800,1.223000,1.122100,1.558900,1.638600,1.544800,1.543900,1.430400,1.359100,,1.931800,1.556500,1.489600,1.261800,1.145100
2016-05-25,1.483100,1.547100,1.484100,1.458100,1.368000,1.306700,1.784600,1.469700,1.421800,1.220900,1.121600,1.544600,1.618500,1.531700,1.528800,1.419800,1.351800,,1.883000,1.536800,1.489200,1.259400,1.144500
2016-05-18,1.478600,1.540900,1.479800,1.456300,1.365200,1.305200,1.774100,1.460500,1.421700,1.223800,1.121100,1.539700,1.611600,1.526600,1.526900,1.416500,1.350200,,1.871400,1.525600,1.489300,1.262900,1.144000
2016-05-11,1.468900,1.527800,1.470900,1.444100,1.358000,1.300200,1.744000,1.448000,1.420700,1.221600,1.120700,1.528400,1.596500,1.516500,1.512600,1.408400,1.344300,,1.838100,1.510400,1.488200,1.260200,1.143500
2016-05-04,1.468700,1.529500,1.469400,1.443000,1.357200,1.298700,1.761300,1.445100,1.416300,1.220600,1.120100,1.528600,1.598200,1.514600,1.511300,1.407000,1.342600,,1.856900,1.506700,1.482800,1.259000,1.142800
2016-04-28,1.463300,1.522400,1.464900,1.440500,1.353000,1.295500,1.743800,1.440800,1.415700,1.217500,1.119000,1.522200,1.590400,1.509500,1.508500,1.402200,1.338900,,1.837200,1.500900,1.481800,1.255300,1.141500
2016-04-20,1.457300,1.514500,1.459000,1.430700,1.348700,1.292700,1.738600,1.421700,1.415700,1.218200,1.118500,1.516100,1.581300,1.502700,1.496900,1.397200,1.335600,,1.831400,1.480800,1.481900,1.256200,1.141000
2016-04-13,1.439900,1.491900,1.442700,1.419700,1.335700,1.284500,1.716600,1.372900,1.414700,1.216100,1.118100,1.496800,1.555000,1.484300,1.483500,1.383100,1.325900,,1.806900,1.420900,1.480700,1.253700,1.140500
2016-04-06,1.439500,1.492500,1.440600,1.420400,1.335900,1.284300,1.713100,1.386300,1.399200,1.217600,1.117700,1.495700,1.555500,1.481600,1.484500,1.383100,1.325600,,1.803600,1.435800,1.462200,1.255600,1.140000
2016-03-31,1.443400,1.498800,1.444800,1.425700,1.338600,1.284900,1.715900,1.403000,1.399200,1.212700,1.117200,1.500200,1.562500,1.486300,1.490400,1.385900,1.326400,,1.805200,1.457100,1.462200,1.249600,1.139400
2016-03-23,1.446100,1.501900,1.446200,1.425300,1.340000,1.285500,1.705800,1.423600,1.399200,1.213000,1.116700,1.502800,1.565900,1.487600,1.489800,1.387300,1.327100,,1.793800,1.482300,1.462300,1.250100,1.138800
2016-03-16,1.441900,1.496700,1.442700,1.421800,1.336600,1.283000,1.695200,1.418000,1.399100,1.210300,1.116300,1.497900,1.560100,1.483600,1.485700,1.383700,1.324200,,1.782100,1.474800,1.462000,1.246900,1.138300
2016-03-09,1.439800,1.494600,1.441300,1.419800,1.335300,1.282200,1.704400,1.400300,1.399300,1.208600,1.115800,1.495900,1.557700,1.482100,1.483500,1.382700,1.323200,,1.794200,1.453000,1.462200,1.244800,1.137800
2016-03-02,1.420300,1.469200,1.423200,1.403800,1.321600,1.273700,1.681600,1.348300,1.392400,1.209400,1.115400,1.473400,1.528200,1.461800,1.465100,1.366800,1.313300,,1.768800,1.388200,1.453600,1.245800,1.137300
2016-02-24,1.422800,1.473100,1.425700,1.407800,1.323000,1.274000,1.677600,1.363600,1.392300,1.206600,1.115000,1.476300,1.531900,1.464500,1.469700,1.368400,1.313600,,1.765100,1.406800,1.453200,1.242300,1.136800
2016-02-17,1.397600,1.438800,1.402400,1.385800,1.304500,1.262600,1.610300,1.318400,1.392200,1.205500,1.114600,1.446900,1.492300,1.438000,1.444400,1.347700,1.300400,,1.690300,1.351500,1.453200,1.241100,1.136300
2016-02-10,1.419400,1.468600,1.423200,1.405600,1.320400,1.272800,1.654800,1.366100,1.392100,1.206400,1.114200,1.472200,1.526300,1.461800,1.466300,1.366100,1.312400,,1.739800,1.410400,1.453800,1.242000,1.135800
2016-02-03,1.419300,1.473800,1.418700,1.402800,1.321000,1.271300,1.670800,1.373500,1.387700,1.201400,1.113400,1.471000,1.531900,1.457000,1.463000,1.366400,1.310600,,1.757300,1.420000,1.448700,1.236000,1.134900
2016-01-28,1.411100,1.463100,1.412000,1.396800,1.315200,1.267300,1.659800,1.352000,1.387000,1.198300,1.112600,1.461400,1.519400,1.449500,1.455700,1.359900,1.305900,,1.745000,1.393700,1.448000,1.232300,1.133900
2016-01-20,1.416900,1.471700,1.417500,1.407300,1.320200,1.270500,1.695600,1.345500,1.387100,1.199600,1.112100,1.467900,1.529600,1.456300,1.468000,1.365500,1.309700,,1.785200,1.385900,1.448100,1.233800,1.133400
2016-01-13,1.427600,1.487900,1.426700,1.412800,1.327900,1.274300,1.736600,1.369200,1.371200,1.197700,1.111700,1.480600,1.548100,1.466800,1.474300,1.374900,1.314000,,1.831000,1.417300,1.429500,1.231600,1.132900
2016-01-06,1.448900,1.517900,1.443600,1.438000,1.341900,1.281900,1.782200,1.434900,1.339500,1.197700,1.111300,1.506700,1.582000,1.485900,1.503000,1.392300,1.322900,,1.881900,1.497900,1.391500,1.231600,1.132400
2015-12-31,1.445700,1.514000,1.441100,1.428600,1.339900,1.280800,1.792800,1.413700,1.339500,1.197700,1.110900,1.502400,1.577300,1.482900,1.492900,1.390000,1.321600,,1.893600,1.472000,1.391500,1.231700,1.131900
2015-12-23,1.438600,1.504900,1.432200,1.425000,1.334700,1.277200,1.794800,1.387100,1.339500,1.196600,1.110500,1.493800,1.567200,1.473000,1.489200,1.383600,1.317400,,1.895900,1.439500,1.391500,1.230400,1.131500
2015-12-16,1.429700,1.492700,1.424200,1.413000,1.328600,1.273300,1.772900,1.368400,1.338500,1.196000,1.110200,1.484100,1.553300,1.464000,1.475300,1.375900,1.312800,,1.870800,1.416100,1.390500,1.229700,1.131000
2015-12-09,1.440200,1.508300,1.433500,1.431600,1.337100,1.279000,1.799100,1.394700,1.334000,1.200000,1.109800,1.497000,1.570800,1.474400,1.496400,1.386200,1.319600,,1.900200,1.448800,1.385200,1.234600,1.130600
2015-12-02,1.447400,1.519600,1.441000,1.434200,1.342800,1.282400,1.832000,1.404900,1.333900,1.200000,1.109200,1.506300,1.583700,1.482900,1.499200,1.393100,1.323500,,1.936900,1.461300,1.385000,1.234500,1.129900
2015-11-25,1.450700,1.524200,1.443800,1.429800,1.344500,1.282800,1.837200,1.413700,1.333900,1.197700,1.108800,1.509800,1.588500,1.486000,1.493800,1.395200,1.324000,,1.941800,1.472600,1.385000,1.231800,1.129500
2015-11-18,1.436900,1.505000,1.431600,1.424800,1.334700,1.276700,1.823200,1.367600,1.333800,1.195400,1.108400,1.492800,1.567100,1.472300,1.489200,1.383100,1.316900,,1.924800,1.417700,1.384700,1.229000,1.128900
2015-11-11,1.450700,1.525200,1.443900,1.433600,1.344900,1.282800,1.859700,1.402400,1.330500,1.197800,1.108000,1.510100,1.590200,1.486400,1.498500,1.395600,1.324200,,1.965500,1.461000,1.380900,1.232000,1.128400
2015-11-04,1.450200,1.523900,1.443000,1.440000,1.344500,1.282900,1.853600,1.403500,1.328600,1.199800,1.107700,1.509400,1.588600,1.485200,1.506200,1.395000,1.324100,,1.960200,1.462500,1.378700,1.234400,1.128100
2015-10-28,1.443800,1.515500,1.436900,1.426800,1.340600,1.279900,1.795000,1.434400,1.323400,1.199200,1.106700,1.500600,1.576600,1.476700,1.487100,1.388600,1.319400,,1.895000,1.490400,1.374900,1.232700,1.126600
2015-10-21,1.432600,1.500400,1.426400,1.417600,1.332500,1.274900,1.762700,1.416000,1.323400,1.199400,1.106300,1.487800,1.559000,1.464700,1.476800,1.378800,1.313500,,1.858900,1.467900,1.375000,1.233000,1.126200
2015-10-14,1.435400,1.504200,1.428500,1.421300,1.334000,1.275400,1.771500,1.420600,1.322700,1.197900,1.105800,1.490400,1.563400,1.466700,1.481100,1.380500,1.314000,,1.868400,1.473200,1.374200,1.231200,1.125600
2015-10-07,1.412100,1.476900,1.406600,1.396800,1.318800,1.265300,1.743300,1.365200,1.309200,1.193700,1.105500,1.463400,1.530100,1.441300,1.452300,1.361800,1.302000,,1.837900,1.405300,1.358500,1.227000,1.125100
2015-09-30,1.411200,1.476700,1.406700,1.396200,1.318500,1.264700,1.748300,1.363900,1.300300,1.191400,1.105100,1.462300,1.529400,1.441600,1.451200,1.361500,1.301200,,1.843500,1.404300,1.347700,1.224200,1.124600
2015-09-23,1.424800,1.494400,1.418600,1.411200,1.327400,1.269800,1.779500,1.392600,1.300300,1.190500,1.104700,1.477400,1.550100,1.455200,1.469100,1.372100,1.307100,,1.877800,1.439500,1.347600,1.223100,1.124200
2015-09-16,1.420200,1.488800,1.414800,1.406600,1.324700,1.268400,1.785700,1.369600,1.300400,1.191800,1.104200,1.472200,1.543400,1.451000,1.463700,1.368800,1.305600,,1.884800,1.411600,1.348000,1.224700,1.123600
2015-09-09,1.416000,1.484100,1.410600,1.401700,1.322800,1.267400,1.787400,1.356000,1.292100,1.192900,1.103900,1.467400,1.537700,1.446400,1.458000,1.366600,1.304300,,1.886600,1.396200,1.338200,1.225900,1.123200
2015-09-02,1.425300,1.496100,1.417300,1.410700,1.328000,1.269600,1.783800,1.403700,1.290300,1.191900,1.103200,1.477800,1.551400,1.454100,1.468300,1.372300,1.306900,,1.882600,1.454700,1.335600,1.224600,1.122300
2015-08-26,1.420300,1.489600,1.414500,1.414100,1.326000,1.269200,1.779300,1.387200,1.290300,1.194800,1.102700,1.471900,1.544300,1.451000,1.472300,1.369900,1.306400,,1.878300,1.434200,1.335400,1.228200,1.121800
2015-08-19,1.434900,1.509900,1.428400,1.426400,1.336400,1.275700,1.824000,1.411400,1.289300,1.194600,1.102200,1.489100,1.567400,1.468400,1.486600,1.382200,1.314200,,1.928100,1.463600,1.334200,1.228000,1.121200
2015-08-12,1.444100,1.522800,1.436000,1.437700,1.342300,1.279000,1.844200,1.435600,1.289300,1.193100,1.101600,1.500000,1.582100,1.476900,1.499700,1.389000,1.318200,,1.950800,1.493100,1.334300,1.226200,1.120700
2015-08-05,1.459300,1.544200,1.450500,1.443500,1.354000,1.285800,1.865700,1.492100,1.284000,1.193700,1.101200,1.517200,1.604800,1.492100,1.504400,1.401500,1.325500,,1.972900,1.553300,1.329300,1.225200,1.120200
2015-07-29,1.451500,1.533900,1.444300,1.437100,1.348700,1.282800,1.858600,1.464500,1.284000,1.193800,1.100900,1.507800,1.593400,1.484900,1.497200,1.395400,1.321900,,1.965100,1.519900,1.329300,1.225400,1.119800
2015-07-22,1.455800,1.540400,1.447700,1.430200,1.351600,1.284200,1.863000,1.484600,1.284000,1.192300,1.100400,1.513200,1.600900,1.489300,1.488700,1.398600,1.323300,,1.970500,1.545700,1.329300,1.223600,1.119300
2015-07-15,1.429600,1.504900,1.424400,1.416900,1.332800,1.272100,1.783500,1.446600,1.276700,1.190200,1.100000,1.482400,1.560400,1.462500,1.473300,1.377000,1.309400,,1.882800,1.499100,1.321100,1.221100,1.118800
2015-07-08,1.430600,1.506800,1.424200,1.412300,1.333200,1.271800,1.783300,1.458800,1.268000,1.189300,1.099400,1.483700,1.562500,1.462300,1.468800,1.377500,1.309000,,1.882700,1.514300,1.311500,1.220200,1.118100
2015-07-01,1.434700,1.513500,1.426100,1.421400,1.336400,1.273700,1.812900,1.460500,1.260700,1.189600,1.099000,1.488300,1.570300,1.464500,1.481900,1.381200,1.310800,,1.915500,1.516600,1.302800,1.220600,1.117600
2015-06-24,1.432900,1.511100,1.424100,1.409100,1.335600,1.273200,1.795000,1.469900,1.260700,1.190600,1.098600,1.486400,1.567500,1.462300,1.467300,1.380300,1.310300,,1.896100,1.527900,1.302800,1.222000,1.117100
2015-06-17,1.433200,1.512400,1.425300,1.410500,1.335200,1.272700,1.809900,1.459900,1.260700,1.187100,1.098000,1.486200,1.569300,1.463800,1.468200,1.379800,1.309500,,1.912700,1.516100,1.302800,1.217900,1.116500
2015-06-11,1.431900,1.510600,1.424600,1.416100,1.334900,1.273000,1.814200,1.449400,1.259600,1.189200,1.097600,1.484600,1.567500,1.463000,1.475400,1.379200,1.309900,,1.918000,1.505700,1.301500,1.220100,1.115900
2015-06-03,1.447600,1.531500,1.437400,1.428700,1.346800,1.280700,1.836300,1.501100,1.252300,1.194300,1.097300,1.504600,1.591800,1.478400,1.487100,1.393600,1.319400,,1.937700,1.579300,1.293300,1.226900,1.115300
2015-05-27,1.434900,1.515100,1.424800,1.418700,1.337400,1.274000,1.813800,1.476000,1.252000,1.191700,1.096600,1.490100,1.573000,1.464300,1.475200,1.382700,1.311600,,1.912800,1.548200,1.292900,1.223800,1.114500
2015-05-20,1.428200,1.506500,1.420200,1.410800,1.332900,1.270700,1.767300,1.490300,1.251900,1.188900,1.096100,1.482500,1.563300,1.459100,1.465900,1.377500,1.308000,,1.861100,1.565000,1.293000,1.220500,1.113900
2015-05-13,1.422800,1.499300,1.415000,1.407600,1.329000,1.268300,1.769300,1.464600,1.250800,1.189100,1.095600,1.475600,1.555000,1.453500,1.462400,1.372900,1.305200,,1.863400,1.533800,1.291600,1.220900,1.113300
2015-05-06,1.429800,1.507800,1.420900,1.418400,1.335500,1.273300,1.768700,1.496100,1.246400,1.195800,1.095100,1.484400,1.564900,1.460300,1.474600,1.380800,1.311100,,1.861600,1.571700,1.286400,1.229000,1.112700
2015-04-29,1.441900,1.523900,1.431400,1.430400,1.344400,1.279200,1.805600,1.518200,1.246300,1.198600,1.094700,1.498100,1.583300,1.472200,1.488900,1.390900,1.317900,,1.902000,1.597900,1.286300,1.232400,1.112200
2015-04-22,1.439600,1.520300,1.430000,1.433800,1.343900,1.279500,1.801900,1.506400,1.246300,1.201700,1.094200,1.495500,1.579100,1.470700,1.493100,1.390000,1.318000,,1.897900,1.583500,1.286400,1.236100,1.111600
2015-04-15,1.442300,1.524000,1.431400,1.432300,1.345200,1.280000,1.803500,1.523000,1.245700,1.202300,1.093100,1.498900,1.583400,1.472000,1.491600,1.392000,1.318800,,1.899500,1.604100,1.285900,1.236900,1.110400
2015-04-09,1.429200,1.508700,1.416900,1.421300,1.336200,1.273200,1.780900,1.507600,1.228000,1.200200,1.092700,1.483700,1.565900,1.455800,1.479300,1.381900,1.311000,,1.875000,1.585200,1.264800,1.234500,1.109900
2015-04-01,1.421500,1.498500,1.410200,1.412000,1.330500,1.269300,1.742700,1.510900,1.228000,1.197300,1.092200,1.474700,1.554600,1.448100,1.468600,1.375100,1.306400,,1.833000,1.588900,1.264900,1.230900,1.109400
2015-03-25,1.432700,1.513600,1.421000,1.426100,1.338900,1.274600,1.784700,1.518100,1.228000,1.197600,1.091700,1.487000,1.572000,1.460500,1.484800,1.384400,1.312700,,1.879300,1.597800,1.264900,1.231300,1.108800
2015-03-18,1.417700,1.495300,1.409600,1.411800,1.329100,1.268400,1.751300,1.485500,1.228000,1.195400,1.091100,1.470800,1.551000,1.447400,1.468500,1.373200,1.305000,,1.842400,1.558000,1.264500,1.228700,1.108000
2015-03-12,1.422300,1.502000,1.413000,1.414100,1.331600,1.269000,1.764100,1.499700,1.226900,1.192300,1.090600,1.475600,1.558600,1.451300,1.471000,1.375800,1.305800,,1.856600,1.575600,1.263300,1.225100,1.107500
2015-03-04,1.419500,1.497900,1.409300,1.411900,1.329000,1.267200,1.751500,1.502900,1.222800,1.192900,1.090200,1.472300,1.554000,1.447100,1.468200,1.373400,1.304200,,1.842600,1.579400,1.258500,1.225800,1.107000
2015-02-25,1.414200,1.492100,1.405200,1.408300,1.324800,1.263900,1.749300,1.485800,1.222800,1.188800,1.089800,1.466600,1.547200,1.442500,1.464000,1.368500,1.300200,,1.840200,1.558700,1.258100,1.220900,1.106400
2015-02-18,1.410500,1.487400,1.401500,1.400100,1.322200,1.261900,1.742000,1.479100,1.221800,1.188900,1.089100,1.462800,1.542100,1.438300,1.454800,1.365800,1.298000,,1.832000,1.551000,1.256700,1.221000,1.105600
2015-02-11,1.403200,1.477400,1.394500,1.396300,1.317000,1.259400,1.724100,1.464300,1.220300,1.190800,1.088600,1.454200,1.530400,1.430300,1.450700,1.360300,1.294700,,1.813800,1.534300,1.254500,1.223300,1.105100
2015-02-04,1.385300,1.454400,1.378900,1.376700,1.304900,1.252100,1.697500,1.415900,1.216200,1.191100,1.087800,1.433500,1.503800,1.412400,1.428400,1.346200,1.285600,,1.784400,1.474700,1.249700,1.223600,1.104100
2015-01-29,1.370300,1.435200,1.365100,1.358300,1.292700,1.243800,1.657200,1.397700,1.216200,1.186400,1.087500,1.416500,1.482200,1.396500,1.407600,1.333400,1.276000,,1.739600,1.452100,1.249700,1.218000,1.103700
2015-01-21,1.347600,1.404700,1.344700,1.342500,1.275400,1.232500,1.599200,1.355100,1.216200,1.182300,1.086800,1.389600,1.446900,1.373200,1.391200,1.313600,1.262600,,1.675700,1.399600,1.249800,1.213200,1.102900
2015-01-14,1.358200,1.420700,1.353800,1.350400,1.281800,1.234000,1.625700,1.386600,1.216800,1.175200,1.083900,1.401300,1.465600,1.384100,1.398700,1.320500,1.264800,,1.705400,1.439000,1.251100,1.205000,1.099800
2015-01-07,1.356300,1.419100,1.351900,1.348600,1.279700,1.232100,1.629800,1.381200,1.212000,1.172700,1.083300,1.399500,1.464100,1.382300,1.396900,1.318700,1.262800,,1.709100,1.432200,1.245400,1.202100,1.099200
2014-12-31,1.357900,1.422400,1.353600,1.351500,1.280600,1.232100,1.658100,1.370400,1.208200,1.170900,1.082800,1.401400,1.467600,1.384600,1.400000,1.320400,1.263000,,1.740000,1.419200,1.240800,1.199900,1.098600
2014-12-24,1.348100,1.410800,1.344100,1.337100,1.273000,1.226500,1.632900,1.359000,1.208100,1.167000,1.082400,1.390300,1.454400,1.373800,1.383500,1.312000,1.256700,,1.711800,1.405100,1.240900,1.195200,1.098100
2014-12-17,1.336200,1.396400,1.335900,1.332900,1.266300,1.222600,1.612000,1.330200,1.207000,1.166600,1.081900,1.377800,1.438800,1.364600,1.379500,1.303600,1.251900,,1.688800,1.369600,1.240100,1.194700,1.097500
2014-12-10,1.344000,1.407300,1.343000,1.339500,1.271600,1.225500,1.621600,1.355300,1.207000,1.165200,1.081400,1.386800,1.451100,1.372800,1.386900,1.310200,1.255400,,1.699200,1.400700,1.240200,1.193100,1.096900
2014-12-03,1.338600,1.401200,1.337800,1.335700,1.267900,1.222400,1.610500,1.350700,1.203200,1.162900,1.080700,1.380700,1.444000,1.367000,1.382000,1.305800,1.251900,,1.688000,1.394500,1.235900,1.190500,1.096100
2014-11-26,1.329600,1.389900,1.329200,1.325000,1.260600,1.216900,1.575300,1.350700,1.203200,1.158700,1.080200,1.370400,1.430900,1.357300,1.369200,1.297400,1.245400,,1.649200,1.393700,1.235500,1.185400,1.095500
2014-11-19,1.331100,1.392000,1.330400,1.322900,1.261300,1.217000,1.555300,1.379900,1.203200,1.156600,1.079700,1.372300,1.433500,1.358600,1.366500,1.298200,1.245500,,1.627100,1.429400,1.235600,1.183100,1.094900
2014-11-12,1.336900,1.400200,1.335400,1.328300,1.265400,1.219300,1.568300,1.396200,1.202000,1.156000,1.079200,1.378900,1.444200,1.362200,1.373000,1.302800,1.248200,,1.644900,1.449700,1.234400,1.182400,1.094400
2014-11-06,1.323700,1.382400,1.323200,1.314200,1.255400,1.212200,1.524400,1.386500,1.198100,1.153600,1.078700,1.364000,1.424200,1.348200,1.356300,1.291800,1.240300,,1.596000,1.437700,1.229800,1.179500,1.093700
2014-10-29,1.314000,1.369900,1.315300,1.305000,1.248200,1.208200,1.504200,1.365700,1.192700,1.152300,1.078300,1.352400,1.410000,1.339400,1.346000,1.284200,1.235600,,1.573600,1.412900,1.224300,1.177900,1.093200
2014-10-22,1.298100,1.348300,1.300400,1.285500,1.236000,1.200500,1.463400,1.335700,1.192500,1.151300,1.077800,1.333300,1.385100,1.322500,1.323800,1.270500,1.226700,,1.528600,1.376100,1.224600,1.176700,1.092600
2014-10-15,1.301900,1.353900,1.304400,1.296800,1.238600,1.202000,1.499000,1.319600,1.191400,1.150900,1.077300,1.337500,1.391400,1.326400,1.336500,1.273400,1.228100,,1.568400,1.356000,1.223300,1.176500,1.092000
2014-10-08,1.313100,1.368800,1.316300,1.301600,1.246300,1.206600,1.523800,1.346600,1.186600,1.149300,1.076800,1.350400,1.408500,1.340000,1.341700,1.282500,1.233500,,1.596000,1.390000,1.217700,1.174500,1.091400
2014-10-01,1.314700,1.371600,1.318200,1.309200,1.247500,1.207000,1.536400,1.346500,1.182800,1.147600,1.076100,1.352000,1.412000,1.342000,1.350300,1.283900,1.233800,,1.610100,1.388300,1.213300,1.172300,1.090700
2014-09-24,1.320400,1.380800,1.322900,1.312100,1.251400,1.209200,1.543100,1.371000,1.182800,1.145200,1.075700,1.358900,1.422200,1.347200,1.353300,1.288600,1.236100,,1.616400,1.418900,1.213300,1.169500,1.090100
2014-09-17,1.319400,1.379400,1.322100,1.311500,1.250900,1.208800,1.526200,1.386900,1.181700,1.145600,1.075200,1.358400,1.420600,1.346200,1.352500,1.288000,1.235700,,1.598200,1.438800,1.211900,1.169900,1.089600
2014-09-10,1.315600,1.373300,1.317400,1.308000,1.248300,1.207400,1.502100,1.396700,1.174700,1.147900,1.074700,1.354300,1.413700,1.341300,1.348700,1.284900,1.233900,,1.572000,1.450700,1.204000,1.172700,1.089000
2014-09-03,1.312700,1.369700,1.314100,1.303800,1.245800,1.205200,1.494300,1.397300,1.170700,1.146400,1.074100,1.350800,1.409600,1.337500,1.343700,1.282200,1.231500,,1.563300,1.451500,1.199200,1.170800,1.088300
2014-08-27,1.311500,1.369400,1.313300,1.303900,1.244500,1.203500,1.496900,1.394200,1.170700,1.142700,1.073600,1.349700,1.409600,1.336800,1.344000,1.280700,1.229700,,1.566100,1.447700,1.199300,1.166400,1.087700
2014-08-20,1.303100,1.358200,1.305600,1.293600,1.238000,1.199000,1.480800,1.372700,1.170700,1.141300,1.073100,1.339900,1.396700,1.328100,1.332600,1.273300,1.224400,,1.548300,1.421300,1.199300,1.164700,1.087200
2014-08-13,1.293100,1.344800,1.296600,1.287300,1.230300,1.193700,1.460400,1.348300,1.170700,1.139400,1.072600,1.328000,1.381500,1.318100,1.325800,1.264200,1.218100,,1.525500,1.391400,1.199100,1.162500,1.086600
2014-08-06,1.300100,1.356400,1.305500,1.294900,1.235900,1.196600,1.477300,1.375100,1.165400,1.136700,1.072000,1.336900,1.394300,1.326900,1.335000,1.270800,1.221800,,1.541300,1.422500,1.193300,1.160500,1.085900
2014-07-30,1.302600,1.360600,1.308800,1.295700,1.238800,1.198300,1.489400,1.380900,1.165400,1.136900,1.071500,1.340300,1.399200,1.332000,1.335800,1.274200,1.223800,,1.554700,1.430100,1.193200,1.160600,1.085300
2014-07-23,1.297600,1.354300,1.304100,1.290100,1.235200,1.195600,1.482000,1.369200,1.165500,1.135800,1.071000,1.335000,1.392200,1.327000,1.329400,1.269900,1.220800,,1.546600,1.415600,1.193300,1.159400,1.084700
2014-07-16,1.294100,1.350600,1.301700,1.286500,1.232700,1.193800,1.479600,1.359800,1.164200,1.133900,1.070300,1.331200,1.387900,1.324400,1.325500,1.267100,1.218600,,1.543900,1.404200,1.191700,1.157200,1.083900
2014-07-09,1.295600,1.353300,1.302600,1.290000,1.233800,1.193900,1.482500,1.367600,1.160400,1.133400,1.069700,1.333300,1.390900,1.325500,1.328900,1.268300,1.218800,,1.547400,1.413800,1.186500,1.156500,1.083100
2014-07-02,1.286700,1.342700,1.292900,1.284100,1.227600,1.189600,1.473000,1.350100,1.151900,1.132100,1.069200,1.322500,1.378800,1.314500,1.322900,1.261100,1.213700,,1.537100,1.392700,1.176800,1.155000,1.082600
2014-06-30,1.289300,1.344000,1.296700,1.284600,1.229000,1.191200,1.477700,1.340900,1.164200,1.133400,1.069600,1.325300,1.380300,1.318700,1.323500,1.262600,1.215500,,1.542200,1.381300,1.191300,1.156500,1.083000
2014-06-25,1.285100,1.342000,1.291600,1.284800,1.226500,1.188300,1.478800,1.342600,1.151900,1.129700,1.068700,1.320800,1.377900,1.312700,1.323900,1.259800,1.212200,,1.543500,1.383400,1.176700,1.152100,1.082000
2014-06-18,1.281500,1.337100,1.288200,1.278800,1.223400,1.186100,1.466100,1.340200,1.151900,1.128100,1.068200,1.316400,1.372300,1.309000,1.317000,1.256100,1.209600,,1.529300,1.380000,1.176600,1.150100,1.081400
2014-06-12,1.285100,1.342400,1.292100,1.281400,1.225800,1.187100,1.473100,1.351500,1.150900,1.126500,1.067700,1.320700,1.378500,1.313400,1.320200,1.258900,1.210900,,1.537500,1.393700,1.175200,1.148200,1.080800
2014-06-04,1.283300,1.339900,1.289800,1.281800,1.224500,1.186200,1.463000,1.358600,1.147300,1.126800,1.067200,1.318500,1.375700,1.310800,1.320600,1.257400,1.209800,,1.526200,1.402300,1.171100,1.148500,1.080200
2014-05-28,1.281000,1.337600,1.288100,1.276400,1.222400,1.184300,1.458200,1.358100,1.147300,1.123500,1.066600,1.315600,1.373000,1.309000,1.314300,1.255000,1.207500,,1.519200,1.401800,1.171000,1.144500,1.079500
2014-05-21,1.274800,1.328300,1.281600,1.272100,1.217400,1.180900,1.433000,1.355900,1.147300,1.122800,1.066200,1.308300,1.362400,1.301500,1.309600,1.249200,1.203500,,1.491200,1.399400,1.171600,1.143700,1.078900
2014-05-14,1.270600,1.322900,1.277500,1.269000,1.214100,1.178300,1.424900,1.347800,1.147300,1.120900,1.065600,1.303400,1.356200,1.297000,1.305900,1.245300,1.200500,,1.482100,1.389700,1.171400,1.141500,1.078300
2014-05-07,1.271800,1.326100,1.279600,1.270700,1.214500,1.177300,1.438800,1.346500,1.144000,1.115400,1.065300,1.304100,1.359000,1.298300,1.307000,1.245300,1.199300,,1.496400,1.388800,1.167800,1.135600,1.077800
2014-04-30,1.273300,1.328300,1.281800,1.270300,1.215300,1.177600,1.433300,1.361800,1.142300,1.114000,1.064800,1.305800,1.361600,1.300800,1.306500,1.246500,1.199700,,1.490700,1.407200,1.165800,1.133900,1.077100
2014-04-24,1.265600,1.317800,1.274100,1.261200,1.209600,1.173800,1.417100,1.346400,1.142400,1.113000,1.064300,1.296800,1.349500,1.292000,1.296000,1.239900,1.195100,,1.472500,1.388500,1.165900,1.132700,1.076500
2014-04-16,1.263600,1.314700,1.272100,1.259700,1.207200,1.172300,1.413900,1.340600,1.142400,1.111000,1.063800,1.293800,1.346200,1.289700,1.294700,1.237200,1.193100,,1.469300,1.381800,1.165400,1.130400,1.076000
2014-04-09,1.268400,1.324100,1.277500,1.265000,1.211800,1.174400,1.448000,1.340100,1.133100,1.109800,1.063300,1.300300,1.356700,1.296600,1.299900,1.242600,1.195700,,1.507100,1.381100,1.154900,1.128900,1.075400
2014-04-02,1.259200,1.311700,1.267000,1.253600,1.205200,1.169600,1.426000,1.327400,1.129600,1.109300,1.062600,1.289800,1.342400,1.284700,1.287100,1.234500,1.190100,,1.483200,1.365900,1.150200,1.128200,1.074500
2014-03-26,1.261600,1.316600,1.270000,1.255700,1.206600,1.169900,1.447700,1.321000,1.129400,1.105400,1.062100,1.292300,1.348000,1.288100,1.289400,1.236100,1.190200,,1.507500,1.358100,1.150300,1.123600,1.073900
2014-03-19,1.258800,1.313300,1.266900,1.256700,1.203800,1.167500,1.445100,1.316000,1.128100,1.103000,1.060400,1.289100,1.344200,1.284800,1.290600,1.233300,1.187500,,1.504700,1.352700,1.149100,1.120900,1.072100
2014-03-13,1.268300,1.326400,1.277700,1.260200,1.211700,1.171800,1.476700,1.342300,1.124800,1.104300,1.060100,1.303000,1.364200,1.298500,1.297100,1.244000,1.194400,,1.537300,1.385000,1.147700,1.122100,1.071600
2014-03-05,1.261300,1.317500,1.270800,1.256400,1.207100,1.168400,1.469100,1.326100,1.121300,1.103300,1.059500,1.295400,1.354100,1.290700,1.292800,1.238300,1.190400,,1.528900,1.365700,1.143600,1.120800,1.070800
2014-02-26,1.258300,1.313900,1.268400,1.251300,1.204400,1.166000,1.457300,1.327700,1.121300,1.100000,1.059000,1.291800,1.350100,1.288100,1.286900,1.235600,1.187800,,1.516800,1.367700,1.143600,1.116900,1.070200
2014-02-19,1.250200,1.302600,1.260200,1.242800,1.198200,1.161900,1.441700,1.308000,1.121300,1.098900,1.058500,1.282300,1.337400,1.278600,1.276800,1.228600,1.182800,,1.499400,1.346600,1.144400,1.115600,1.069600
2014-02-12,1.234800,1.281000,1.245200,1.223500,1.187300,1.154900,1.411800,1.269300,1.120000,1.098800,1.058000,1.264400,1.312600,1.261800,1.254400,1.215300,1.174400,,1.466900,1.300100,1.143100,1.115500,1.069000
2014-02-05,1.244300,1.295000,1.254500,1.236000,1.193900,1.159100,1.454200,1.273500,1.116400,1.097800,1.057400,1.274500,1.328500,1.272400,1.268900,1.223200,1.179200,,1.514300,1.305300,1.139000,1.114200,1.068300
2014-01-30,1.252500,1.307100,1.263100,1.244700,1.199700,1.162500,1.483300,1.283900,1.116400,1.095900,1.056900,1.283500,1.342300,1.282300,1.279000,1.230100,1.183100,,1.546700,1.318100,1.139000,1.112000,1.067700
2014-01-22,1.254500,1.311000,1.265100,1.247600,1.201300,1.163200,1.486100,1.295700,1.116400,1.095400,1.056400,1.286900,1.346400,1.294500,1.282100,1.232000,1.184100,,1.553400,1.332200,1.139300,1.111400,1.067200
2014-01-15,1.248400,1.302700,1.259400,1.245400,1.196500,1.159700,1.461800,1.294100,1.115300,1.094000,1.055900,1.280100,1.336700,1.287600,1.279300,1.226300,1.180000,,1.526100,1.330300,1.138000,1.109700,1.066500
2014-01-08,1.247100,1.303000,1.253700,1.238800,1.195400,1.158100,1.462400,1.303200,1.111100,1.092700,1.055400,1.278200,1.337200,1.281200,1.271700,1.225000,1.178200,,1.526600,1.341200,1.132900,1.108200,1.065900
2014-01-01,1.241000,1.296700,1.248100,1.233700,1.191800,1.155400,1.451300,1.296800,1.108300,1.092200,1.054900,1.272600,1.329800,1.274600,1.266200,1.220800,1.175100,,1.514100,1.333000,1.129600,1.107600,1.065300
2013-12-25,1.235500,1.290200,1.241600,1.227300,1.187500,1.152300,1.441000,1.283100,1.108300,1.092000,1.054400,1.265100,1.319800,1.266900,1.258500,1.215400,1.171500,,1.502300,1.316200,1.129400,1.107300,1.064700
2013-12-18,1.220400,1.269800,1.227700,1.211600,1.176900,1.144800,1.415100,1.247500,1.108300,1.088800,1.053800,1.248700,1.297500,1.251100,1.240500,1.202800,1.162500,,1.473100,1.274100,1.129500,1.103500,1.064100
2013-12-11,1.223200,1.273000,1.231000,1.216900,1.178200,1.145100,1.409500,1.266900,1.107300,1.086100,1.053300,1.251500,1.302000,1.255000,1.246700,1.204400,1.162900,,1.466700,1.297300,1.128400,1.100200,1.063500
2013-12-02,1.229400,1.279800,1.236400,1.226600,1.183100,1.148300,1.414400,1.293100,1.103700,1.088500,1.052700,1.258900,1.311600,1.261400,1.257500,1.210000,1.166800,,1.472300,1.329300,1.124100,1.103100,1.062700
2013-11-27,1.222500,1.270000,1.229800,1.217000,1.177600,1.144200,1.384800,1.293700,1.103700,1.086400,1.052200,1.250900,1.300300,1.253900,1.246300,1.203700,1.162200,,1.439600,1.329800,1.124000,1.100700,1.062100
2013-11-20,1.221900,1.268400,1.228600,1.215800,1.176800,1.143600,1.370500,1.305400,1.103700,1.086800,1.051700,1.250100,1.298600,1.252500,1.244600,1.202700,1.161500,,1.423700,1.344000,1.124000,1.101100,1.061500
2013-11-13,1.214200,1.255300,1.220700,1.209600,1.171400,1.139900,1.345800,1.302300,1.098200,1.087300,1.051200,1.241700,1.286500,1.243400,1.237400,1.196400,1.157300,,1.396100,1.340400,1.117600,1.101700,1.060900
2013-11-07,1.214300,1.255600,1.220800,1.209800,1.171800,1.140200,1.352600,1.297500,1.094300,1.088500,1.050700,1.241900,1.286600,1.243500,1.237600,1.196800,1.157600,,1.403400,1.334500,1.113100,1.103000,1.060300
2013-10-30,1.209100,1.248700,1.216100,1.204200,1.168300,1.137700,1.344100,1.287100,1.095200,1.089800,1.050300,1.235400,1.278700,1.238900,1.230800,1.192800,1.154800,,1.390400,1.326700,1.112300,1.102600,1.059600
2013-10-23,1.201200,1.238700,1.208900,1.197000,1.162400,1.133600,1.327600,1.272500,1.095200,1.087400,1.049800,1.226100,1.267000,1.230700,1.222400,1.186000,1.149900,,1.372300,1.309500,1.112400,1.099800,1.059000
2013-10-16,1.194100,1.230000,1.202300,1.187700,1.157200,1.130100,1.317000,1.253900,1.095200,1.086400,1.049200,1.218000,1.256300,1.223200,1.211400,1.180100,1.145900,,1.361400,1.287300,1.111700,1.098600,1.058400
2013-10-09,1.193900,1.231400,1.202400,1.189400,1.157600,1.130400,1.327200,1.249400,1.089700,1.086500,1.048700,1.217600,1.257600,1.222600,1.213300,1.180600,1.146200,,1.372600,1.282100,1.105300,1.098700,1.057700
2013-10-02,1.196900,1.236500,1.203700,1.193500,1.159900,1.131700,1.328100,1.269200,1.088400,1.086700,1.048100,1.220900,1.263500,1.224100,1.218000,1.183400,1.147800,,1.373500,1.305900,1.103700,1.099000,1.057100
2013-09-25,1.194700,1.233900,1.200900,1.193100,1.158100,1.130200,1.328100,1.262400,1.088100,1.085500,1.047400,1.218800,1.260600,1.221300,1.217900,1.181400,1.146300,,1.373600,1.298200,1.103700,1.098200,1.056500
2013-09-18,1.188800,1.227000,1.196300,1.186600,1.153500,1.126000,1.319600,1.250200,1.088100,1.080600,1.046800,1.212200,1.253200,1.216100,1.210500,1.176000,1.141400,,1.364200,1.283800,1.103800,1.092400,1.055800
2013-09-11,1.182000,1.217000,1.189700,1.178700,1.148300,1.122200,1.306600,1.232500,1.087000,1.079900,1.046300,1.204100,1.241700,1.208500,1.201400,1.169800,1.137000,,1.349700,1.262400,1.102200,1.091500,1.055200
2013-09-04,1.181100,1.216400,1.188300,1.177100,1.148200,1.122400,1.316700,1.222600,1.081500,1.081600,1.045700,1.203500,1.241100,1.206900,1.199500,1.169700,1.137200,,1.361100,1.250600,1.095900,1.093500,1.054600
2013-08-28,1.180300,1.215700,1.188200,1.177000,1.147000,1.121200,1.318700,1.219700,1.081000,1.078800,1.045200,1.202700,1.240200,1.206700,1.199500,1.168300,1.135700,,1.363300,1.247200,1.095300,1.090300,1.054000
2013-08-21,1.179700,1.214500,1.187900,1.180200,1.147100,1.121900,1.320400,1.212600,1.080200,1.082100,1.044700,1.201800,1.238700,1.206500,1.203200,1.168500,1.136600,,1.364900,1.238900,1.094400,1.094200,1.053400
2013-08-14,1.178800,1.212400,1.186300,1.181400,1.147000,1.122600,1.326400,1.199300,1.079200,1.086800,1.044100,1.200900,1.236600,1.204000,1.204500,1.168400,1.137500,,1.371200,1.223200,1.093200,1.099900,1.052700
2013-08-07,1.180300,1.218500,1.187900,1.181000,1.149000,1.123500,1.339700,1.214500,1.077200,1.085000,1.042900,1.205700,1.244200,1.207300,1.207300,1.171500,1.139400,,1.383200,1.236900,1.092100,1.098500,1.052100
2013-07-31,1.167300,1.200300,1.175300,1.169100,1.138800,1.116400,1.303600,1.196900,1.076200,1.083200,1.042300,1.190300,1.223100,1.197500,1.193500,1.160100,1.131400,,1.342800,1.216600,1.092100,1.096300,1.051400
2013-07-24,1.161900,1.193200,1.170300,1.167000,1.134400,1.113500,1.296200,1.183100,1.074900,1.082100,1.041800,1.184400,1.215200,1.191600,1.191000,1.155700,1.128100,,1.335500,1.200100,1.090800,1.095100,1.050900
2013-07-17,1.154600,1.183100,1.162700,1.163500,1.128600,1.109100,1.266400,1.184300,1.074000,1.080900,1.041300,1.177100,1.203200,1.186400,1.187000,1.148900,1.123000,,1.302100,1.201600,1.089700,1.093700,1.050300
2013-07-10,1.145200,1.169100,1.154900,1.145900,1.121600,1.104300,1.249600,1.156400,1.073000,1.080400,1.040800,1.165700,1.186100,1.174600,1.166200,1.140800,1.117400,,1.285600,1.167800,1.088100,1.093000,1.049700
2013-07-03,1.136400,1.158800,1.144800,1.138900,1.115300,1.098900,1.235600,1.147300,1.065200,1.077100,1.040300,1.155700,1.174200,1.163100,1.158900,1.133500,1.111400,,1.270800,1.156900,1.078800,1.089100,1.049100
2013-06-30,1.142600,1.165700,1.150700,1.144000,1.119300,1.102800,1.249500,1.147300,1.072000,1.080200,1.040200,1.162200,1.182100,1.169900,1.164800,1.138300,1.115600,,1.286500,1.157000,1.086800,1.092700,1.049000
2013-06-26,1.135400,1.156000,1.143300,1.135000,1.114600,1.099200,1.238800,1.134700,1.064100,1.080200,1.039700,1.153700,1.171000,1.161400,1.154200,1.132800,1.111400,,1.272700,1.141800,1.077500,1.092800,1.048400
2013-06-19,1.133400,1.153900,1.140800,1.127800,1.112800,1.097700,1.223200,1.143500,1.061900,1.080400,1.037900,1.151600,1.168600,1.158400,1.145900,1.130800,1.109600,,1.256000,1.152600,1.074900,1.093200,1.046300
2013-06-13,1.132600,1.152700,1.139200,1.130000,1.112800,1.098300,1.231400,1.132900,1.060900,1.083900,1.037500,1.150600,1.167000,1.156500,1.149400,1.130800,1.110200,,1.265100,1.140000,1.073800,1.097200,1.045700
2013-06-05,1.142000,1.165500,1.146500,1.139700,1.118700,1.102000,1.232000,1.171400,1.059900,1.085100,1.036800,1.161000,1.181900,1.164900,1.160200,1.137400,1.114400,,1.265800,1.186200,1.072600,1.098500,1.044900
2013-05-29,1.143100,1.166500,1.146600,1.145100,1.120200,1.103600,1.229200,1.178600,1.058900,1.090400,1.036200,1.162500,1.183200,1.165000,1.166600,1.139000,1.116200,,1.262300,1.192900,1.071400,1.104800,1.044100
2013-05-22,1.147600,1.174700,1.151500,1.147800,1.123800,1.105600,1.219900,1.213900,1.057800,1.090200,1.035500,1.168700,1.192800,1.170600,1.169700,1.143600,1.118600,,1.252900,1.235700,1.070200,1.104700,1.043400
2013-05-15,1.140000,1.163700,1.144700,1.138100,1.117900,1.101500,1.181600,1.218100,1.056700,1.090000,1.034800,1.159500,1.179900,1.162800,1.158400,1.136800,1.114100,,1.209600,1.240500,1.069000,1.104400,1.042500
2013-05-08,1.125700,1.145400,1.130000,1.127100,1.107200,1.093900,1.149000,1.195900,1.055800,1.086600,1.034200,1.144100,1.158700,1.147000,1.145900,1.124000,1.105100,,1.173100,1.214000,1.067900,1.100500,1.041700
2013-05-01,1.119100,1.134800,1.124500,1.121200,1.101900,1.089800,1.131600,1.189200,1.056400,1.083500,1.033700,1.136200,1.148600,1.140700,1.139000,1.117800,1.100500,,1.151100,1.208400,1.067000,1.097400,1.041000
2013-04-24,1.104800,1.115700,1.111700,1.104900,1.091600,1.082700,1.110400,1.154900,1.055500,1.080800,1.033100,1.120200,1.131500,1.127300,1.119400,1.106100,1.092300,,1.127400,1.167800,1.065900,1.094300,1.040300
2013-04-17,1.110800,1.124100,1.116700,1.108800,1.095300,1.084700,1.117300,1.175100,1.054400,1.079900,1.032600,1.126700,1.141300,1.133100,1.124000,1.110400,1.094800,,1.135300,1.192100,1.064700,1.093200,1.039700
2013-04-10,1.101000,1.112900,1.107900,1.099000,1.087700,1.078500,1.108800,1.151500,1.051800,1.072800,1.031900,1.115600,1.128300,1.123100,1.112400,1.101400,1.087500,,1.125600,1.163900,1.061700,1.084800,1.038900
2013-04-03,1.104100,1.117500,1.108900,1.101500,1.089200,1.079100,1.109700,1.167100,1.049600,1.072100,1.031200,1.118700,1.133600,1.124200,1.115300,1.103300,1.088100,,1.126000,1.181800,1.059500,1.084100,1.038000
2013-03-27,1.102400,1.115900,1.108100,1.097600,1.088000,1.074300,1.114400,1.165400,1.046300,1.069400,1.030600,1.118700,1.134300,1.123800,1.111600,1.103000,1.087600,,1.131300,1.182500,1.058000,1.082500,1.037300
2013-03-20,1.110500,1.127500,1.115500,1.102700,1.093200,1.077300,1.123600,1.194700,1.045300,1.068100,1.029900,1.127500,1.147900,1.132300,1.117700,1.109200,1.091200,,1.141500,1.216400,1.056800,1.081100,1.036500
2013-03-14,1.111700,1.128800,1.116100,1.106200,1.094200,1.077800,1.127900,1.195700,1.044300,1.069300,1.029300,1.128700,1.149300,1.132200,1.121700,1.110100,1.091900,,1.146700,1.217800,1.055500,1.082400,1.035700
2013-03-06,1.106100,1.121500,1.108700,1.101400,1.089600,1.074200,1.118800,1.185900,1.043400,1.067800,1.028600,1.122600,1.141600,1.123900,1.116000,1.104800,1.087700,,1.136500,1.207000,1.054400,1.080700,1.034900
2013-02-27,1.100600,1.114300,1.103600,1.092300,1.085300,1.071200,1.112900,1.170900,1.042300,1.066100,1.028000,1.116600,1.133200,1.118100,1.105600,1.099900,1.084100,,1.129900,1.189300,1.053100,1.078600,1.034200
2013-02-20,1.099900,1.113600,1.102800,1.094000,1.084500,1.070400,1.112300,1.170300,1.041300,1.065000,1.027500,1.115800,1.132000,1.117200,1.107500,1.099300,1.083200,,1.129200,1.189000,1.051700,1.077400,1.033600
2013-02-13,1.093800,1.105300,1.097100,1.089100,1.080300,1.067500,1.101900,1.155500,1.041200,1.065200,1.027000,1.109000,1.123600,1.110400,1.101700,1.094300,1.079800,,1.117400,1.171300,1.051600,1.077500,1.033000
2013-02-06,1.090200,1.101700,1.091100,1.083600,1.077400,1.065300,1.103900,1.145500,1.040000,1.063900,1.026500,1.104900,1.119800,1.104200,1.095200,1.090900,1.077200,,1.119400,1.159200,1.050400,1.076000,1.032200
2013-01-31,1.083200,1.092200,1.085200,1.077000,1.073000,1.062600,1.093100,1.128300,1.039000,1.065700,1.025900,1.097300,1.108600,1.097400,1.087400,1.085200,1.074200,,1.107700,1.139000,1.048900,1.077900,1.031600
2013-01-23,1.076200,1.083300,1.078700,1.070700,1.068100,1.058900,1.079100,1.116300,1.038200,1.064300,1.025300,1.089900,1.099300,1.089800,1.080100,1.079200,1.069900,,1.091900,1.124600,1.048300,1.076300,1.030900
2013-01-16,1.068900,1.074200,1.072300,1.065000,1.062400,1.054600,1.067000,1.102900,1.034600,1.061000,1.024800,1.081900,1.089200,1.082600,1.073400,1.072900,1.064900,,1.078000,1.109200,1.043900,1.072500,1.030300
2013-01-09,1.065700,1.070700,1.065800,1.062600,1.059800,1.052500,1.059000,1.104900,1.031700,1.061500,1.024200,1.078200,1.085000,1.075200,1.070800,1.069800,1.062500,,1.068900,1.111700,1.040600,1.073000,1.029500
2013-01-03,1.059700,1.064300,1.060900,1.055400,1.055800,1.049500,1.053300,1.092900,1.030800,1.059000,1.023700,1.071900,1.077700,1.069400,1.062600,1.065300,1.059000,,1.062600,1.097600,1.039500,1.070100,1.029000
2012-12-28,1.056600,1.060200,1.057000,1.054500,1.053500,1.047800,1.052500,1.083000,1.029900,1.059000,1.023200,1.068000,1.072100,1.064900,1.061400,1.062600,1.057000,,1.060600,1.085700,1.038200,1.070100,1.028300
2012-12-19,1.048500,1.049500,1.049900,1.046700,1.047600,1.043800,1.030700,1.072000,1.029000,1.058400,1.022700,1.058900,1.059800,1.057000,1.052400,1.055800,1.052200,,1.036400,1.073000,1.037000,1.069300,1.027700
2012-12-12,1.045000,1.045900,1.045800,1.041000,1.045100,1.042100,1.027300,1.065500,1.027900,1.058100,1.022100,1.055400,1.053400,1.052300,1.045800,1.053000,1.050300,,1.034100,1.066500,1.036000,1.069100,1.027000
2012-12-05,1.041600,1.042100,1.042800,1.037600,1.041900,1.039400,1.026100,1.056900,1.026800,1.053900,1.021500,1.051500,1.048400,1.049500,1.041800,1.049500,1.047100,,1.032600,1.056900,1.034300,1.064200,1.026300
2012-11-28,1.033800,1.031800,1.035600,1.031700,1.035900,1.035400,1.013600,1.039100,1.025800,1.052700,1.021200,1.042500,1.036300,1.041400,1.034900,1.042800,1.042400,,1.018300,1.035700,1.033200,1.062800,1.025900
2012-11-21,1.024600,1.020500,1.027800,1.023400,1.030100,1.031700,0.996600,1.022600,1.024900,1.053900,1.020600,1.033000,1.023100,1.032700,1.025400,1.036000,1.038100,,0.999200,1.016100,1.032100,1.064300,1.025200
2012-11-14,1.030800,1.028200,1.032200,1.026500,1.033100,1.033300,0.996200,1.046600,1.024400,1.052300,1.019800,1.038600,1.031900,1.037700,1.028900,1.039600,1.040100,,0.998600,1.044800,1.031500,1.062500,1.024200
2012-11-08,1.034200,1.033000,1.036400,1.030000,1.035500,1.034400,1.018000,1.040800,1.023300,1.050000,1.019300,1.042500,1.037200,1.042500,1.032900,1.042300,1.041400,,1.022600,1.038300,1.030200,1.059700,1.023600
2012-11-02,1.033000,1.032100,1.034800,1.028700,1.034200,1.033100,1.014200,1.042900,1.022300,1.048000,1.018700,1.041000,1.036100,1.040600,1.031400,1.040800,1.039900,,1.018400,1.040700,1.029200,1.057400,1.023000
2012-10-24,1.041500,1.042200,1.039700,1.036800,1.038800,1.035000,1.033600,1.062200,1.020000,1.046600,1.016700,1.050100,1.047200,1.046200,1.040800,1.045800,1.042100,,1.039800,1.063400,1.026600,1.055800,1.020600
2012-10-17,1.033200,1.033100,1.033300,1.031100,1.034000,1.032100,1.025700,1.041000,1.020700,1.049200,1.015500,1.040300,1.034700,1.036100,1.033000,1.039300,1.038000,,1.028400,1.040600,1.025600,1.058100,1.019700
2012-10-10,1.036200,1.038300,1.034900,1.032700,1.035500,1.032700,1.039200,1.044100,1.019800,1.046700,1.014800,1.043300,1.040500,1.037900,1.034800,1.041000,1.038700,,1.043300,1.044100,1.024700,1.054900,1.018800
2012-10-03,1.025000,1.023600,1.025000,1.024500,1.026600,1.026100,1.014900,1.023800,1.019000,1.042200,1.014100,1.030400,1.023900,1.026700,1.025500,1.030600,1.031000,,1.016400,1.020800,1.024100,1.049800,1.018000
2012-09-26,1.026700,1.027100,1.026500,1.025300,1.027100,1.025700,1.024900,1.026900,1.018300,1.037700,1.013400,1.032500,1.027900,1.028200,1.026500,1.031200,1.030500,,1.027500,1.024300,1.023200,1.044700,1.017200
2012-09-19,1.022700,1.022500,1.023400,1.021300,1.023100,1.022100,1.015500,1.023400,1.017400,1.032900,1.012400,1.028000,1.022500,1.024800,1.021800,1.026700,1.026500,,1.016500,1.020100,1.022100,1.038500,1.016000
2012-09-12,1.015800,1.013200,1.016100,1.017000,1.018600,1.019500,1.008600,1.007300,1.016700,1.035000,1.011800,1.020900,1.013900,1.018000,1.018300,1.022200,1.023400,,1.009200,1.003500,1.022400,1.041400,1.015300
2012-09-05,1.009100,1.004600,1.011200,1.010100,1.012700,1.015100,0.985500,1.002100,1.017500,1.030900,1.010800,1.013100,1.004200,1.012500,1.010400,1.015600,1.018400,,0.983700,0.997800,1.023300,1.036600,1.014100
2012-08-29,1.008600,1.003700,1.009400,1.010100,1.011300,1.013400,0.982200,1.006400,1.016700,1.027900,1.010100,1.012400,1.003100,1.010400,1.010300,1.013800,1.016400,,0.980000,1.002800,1.022400,1.033000,1.013300
2012-08-22,1.006900,1.002200,1.008500,1.006200,1.009400,1.011500,0.979000,1.004700,1.015700,1.024000,1.009400,1.010700,1.002300,1.009400,1.005800,1.011500,1.014300,,0.976400,1.001100,1.021300,1.028400,1.012500
2012-08-15,0.999500,0.991600,1.001800,1.002700,1.004400,1.008500,0.968100,0.985000,1.015100,1.026100,1.008700,1.002400,0.990600,1.001800,1.002700,1.005700,1.010800,,0.964500,0.981500,1.020700,1.030600,1.011600
2012-08-08,0.990600,0.979600,0.992400,0.993800,0.997900,1.004200,0.948400,0.972500,1.014600,1.026900,1.008000,0.992200,0.976900,0.991100,0.992600,0.998200,1.005900,,0.942900,0.967300,1.019800,1.031600,1.010800
2012-08-01,0.990500,0.978500,0.991200,0.987600,0.998600,1.005400,0.946000,0.972000,1.015100,1.031100,1.008700,0.991700,0.975600,0.990300,0.985800,0.998500,1.006600,,0.942100,0.964500,1.018800,1.036200,1.010300
2012-07-25,0.990500,0.978600,0.990900,0.993400,0.998400,1.005000,0.950900,0.969200,1.014400,1.030400,1.007900,0.991500,0.975800,0.991600,0.992600,0.998200,1.006200,,0.947400,0.961000,1.017700,1.035500,1.009400
2012-07-18,0.983800,0.970000,0.984100,0.983600,0.993100,1.001100,0.951400,0.947500,1.013600,1.028000,1.007000,0.983600,0.966000,0.983800,0.981300,0.992300,1.001600,,0.948000,0.937500,1.016800,1.033000,1.008300
2012-07-11,0.986700,0.976900,0.985500,0.988800,0.993500,1.000100,0.957500,0.963100,1.010800,1.019200,1.006300,0.986700,0.973800,0.985400,0.987200,0.992700,1.000500,,0.954600,0.955600,1.013800,1.022500,1.007500
2012-07-04,0.978300,0.967100,0.977500,0.979600,0.987800,0.996100,0.944800,0.949800,1.002900,1.018400,1.006000,0.977200,0.962900,0.976100,0.976600,0.986100,0.995700,,0.940600,0.939900,1.004600,1.021600,1.007100
2012-06-30,0.983700,0.971300,0.984100,0.985600,0.991200,0.998400,0.955800,0.949900,1.012400,1.018700,1.006100,0.983300,0.967500,0.983600,0.983500,0.990100,0.998400,,0.952700,0.939900,1.015500,1.021900,1.007200
2012-06-27,0.974400,0.963400,0.973000,0.977800,0.985300,0.994200,0.946800,0.939400,1.002900,1.017700,1.005200,0.972500,0.958400,0.969400,0.975100,0.983400,0.993500,,0.942700,0.927700,1.004500,1.020700,1.006100
2012-06-20,0.974100,0.963600,0.972800,0.974600,0.984400,0.992900,0.946300,0.941100,1.001800,1.014500,1.004300,0.972100,0.958800,0.969200,0.971400,0.982300,0.992000,,0.943000,0.929900,1.003300,1.016700,1.005100
2012-06-14,0.976700,0.965600,0.978300,0.978900,0.986200,0.993800,0.950300,0.942600,0.999800,1.013700,1.003600,0.974800,0.960900,0.975400,0.976400,0.984500,0.993100,,0.946400,0.931700,1.001100,1.016000,1.004300
2012-06-06,0.979000,0.970100,0.980300,0.976800,0.987200,0.993400,0.964900,0.944300,0.996700,1.008400,1.002800,0.977000,0.966000,0.977800,0.973800,0.985500,0.992600,,0.961800,0.933800,0.997600,1.009900,1.003400
2012-05-30,0.977900,0.969300,0.979600,0.976700,0.985900,0.992200,0.970400,0.937000,0.995900,1.005400,1.002300,0.975700,0.965200,0.977100,0.973800,0.984100,0.991100,,0.967400,0.925500,0.996500,1.006400,1.002800
2012-05-23,0.976500,0.967500,0.978700,0.979100,0.984500,0.991000,0.962700,0.939200,0.994900,1.004300,1.001500,0.974200,0.963400,0.976100,0.976800,0.982200,0.989600,,0.959000,0.928200,0.995500,1.005000,1.001800
2012-05-16,0.991900,0.988600,0.992300,0.991000,0.995000,0.997600,0.983900,0.980600,0.994000,1.004000,1.000800,0.991400,0.987200,0.991500,0.989900,0.994400,0.997300,,0.982500,0.977300,0.994400,1.004700,1.000900
2012-05-09,1.000000,1.000000,1.000000,1.000000,1.000000,1.000000,1.000000,1.000000,1.000000,1.000000,1.000000,1.000000,1.000000,1.000000,1.000000,1.000000,1.000000,,1.000000,1.000000,1.000000,1.000000,1.000000
2012-05-04,,,,,,,,,,,,1.000000,1.000000,1.000000,1.000000,1.000000,1.000000,,1.000000,1.000000,1.000000,1.000000,1.000000
