date	name	return
2026-08-31T00:00:00	Stable	0.6400
2026-08-31T00:00:00	Conservative	1.0100
2026-08-31T00:00:00	SRI - Balanced	0.5200
2026-08-31T00:00:00	Indexed Balanced	1.3000
2026-08-31T00:00:00	Balanced	1.2700
2026-08-31T00:00:00	Growth	1.5400
2026-08-31T00:00:00	Cash	0.4300
2026-08-31T00:00:00	Bonds	0.1100
2026-08-31T00:00:00	Australian Shares	3.6000
2026-08-31T00:00:00	International Shares	1.5800
2026-08-31T00:00:00	International Shares - Indexed	0.8600
2026-08-31T00:00:00	Bonds – Indexed	0.1900
2026-08-31T00:00:00	Australian Shares – Indexed	1.6700
2026-08-31T00:00:00	Defensive	0.4500
2026-08-31T00:00:00	Indexed Defensive	0.3800
2026-08-31T00:00:00	SRI - Defensive	0.4100
2026-08-31T00:00:00	High Growth	1.7000
2026-08-31T00:00:00	Indexed High Growth	1.4200
2026-08-31T00:00:00	SRI - High Growth	0.6300
2026-08-31T00:00:00	Indexed Growth 	1.3400
2026-08-31T00:00:00	Indexed Conservative	0.8300
2026-08-31T00:00:00	Indexed Stable	0.5800
2026-08-31T00:00:00	Stable	0.6400
2026-08-31T00:00:00	Conservative	1.0100
2026-08-31T00:00:00	SRI - Balanced	0.5200
2026-08-31T00:00:00	Indexed Balanced	1.3000
2026-08-31T00:00:00	Balanced	1.2700
2026-08-31T00:00:00	Growth	1.5400
2026-08-31T00:00:00	Cash	0.4300
2026-08-31T00:00:00	Bonds	0.1100
2026-08-31T00:00:00	Australian Shares	3.6000
2026-08-31T00:00:00	International Shares	1.5800
2026-08-31T00:00:00	International Shares - Indexed	0.8600
2026-08-31T00:00:00	Bonds – Indexed	0.1900
2026-08-31T00:00:00	Australian Shares – Indexed	1.6700
2026-08-31T00:00:00	Defensive	0.4500
2026-08-31T00:00:00	Indexed Defensive	0.3800
2026-08-31T00:00:00	SRI - Defensive	0.4100
2026-08-31T00:00:00	High Growth	1.7000
2026-08-31T00:00:00	Indexed High Growth	1.4200
2026-08-31T00:00:00	SRI - High Growth	0.6300
2026-08-31T00:00:00	Indexed Growth 	1.3400
2026-08-31T00:00:00	Indexed Conservative	0.8300
2026-08-31T00:00:00	Indexed Stable	0.5800
2026-07-31T00:00:00	Stable	-0.2300
2026-07-31T00:00:00	Conservative	-0.3200
2026-07-31T00:00:00	SRI - Balanced	-0.0700
2026-07-31T00:00:00	Indexed Balanced	0.1000
2026-07-31T00:00:00	Balanced	-0.3800
2026-07-31T00:00:00	Growth	-0.4700
2026-07-31T00:00:00	Cash	0.3700
2026-07-31T00:00:00	Bonds	-0.6600
2026-07-31T00:00:00	Australian Shares	1.0500
2026-07-31T00:00:00	International Shares	-1.8800
2026-07-31T00:00:00	International Shares - Indexed	-0.9400
2026-07-31T00:00:00	Bonds – Indexed	-0.7000
2026-07-31T00:00:00	Australian Shares – Indexed	2.1200
2026-07-31T00:00:00	Defensive	-0.0900
2026-07-31T00:00:00	Indexed Defensive	-0.0200
2026-07-31T00:00:00	SRI - Defensive	-0.0100
2026-07-31T00:00:00	High Growth	-0.6000
2026-07-31T00:00:00	Indexed High Growth	0.2000
2026-07-31T00:00:00	SRI - High Growth	-0.1100
2026-07-31T00:00:00	Indexed Growth 	0.1800
2026-07-31T00:00:00	Indexed Conservative	0.0100
2026-07-31T00:00:00	Indexed Stable	-0.0600
2026-07-31T00:00:00	Stable	-0.2300
2026-07-31T00:00:00	Conservative	-0.3200
2026-07-31T00:00:00	SRI - Balanced	-0.0700
2026-07-31T00:00:00	Indexed Balanced	0.1000
2026-07-31T00:00:00	Balanced	-0.3800
2026-07-31T00:00:00	Growth	-0.4700
2026-07-31T00:00:00	Cash	0.3700
2026-07-31T00:00:00	Bonds	-0.6600
2026-07-31T00:00:00	Australian Shares	1.0500
2026-07-31T00:00:00	International Shares	-1.8800
2026-07-31T00:00:00	International Shares - Indexed	-0.9400
2026-07-31T00:00:00	Bonds – Indexed	-0.7000
2026-07-31T00:00:00	Australian Shares – Indexed	2.1200
2026-07-31T00:00:00	Defensive	-0.0900
2026-07-31T00:00:00	Indexed Defensive	-0.0200
2026-07-31T00:00:00	SRI - Defensive	-0.0100
2026-07-31T00:00:00	High Growth	-0.6000
2026-07-31T00:00:00	Indexed High Growth	0.2000
2026-07-31T00:00:00	SRI - High Growth	-0.1100
2026-07-31T00:00:00	Indexed Growth 	0.1800
2026-07-31T00:00:00	Indexed Conservative	0.0100
2026-07-31T00:00:00	Indexed Stable	-0.0600
2026-06-30T00:00:00	Stable	1.4300
2026-06-30T00:00:00	Conservative	1.7800
2026-06-30T00:00:00	SRI - Balanced	1.0400
2026-06-30T00:00:00	Indexed Balanced	1.1600
2026-06-30T00:00:00	Balanced	2.0200
2026-06-30T00:00:00	Growth	2.2800
2026-06-30T00:00:00	Cash	0.3800
2026-06-30T00:00:00	Bonds	0.7400
2026-06-30T00:00:00	Australian Shares	0.3500
2026-06-30T00:00:00	International Shares	3.7500
2026-06-30T00:00:00	International Shares - Indexed	2.9300
2026-06-30T00:00:00	Bonds – Indexed	0.5900
2026-06-30T00:00:00	Australian Shares – Indexed	0.6900
2026-06-30T00:00:00	Defensive	0.8900
2026-06-30T00:00:00	Indexed Defensive	0.6800
2026-06-30T00:00:00	SRI - Defensive	0.6200
2026-06-30T00:00:00	High Growth	2.3100
2026-06-30T00:00:00	Indexed High Growth	1.4200
2026-06-30T00:00:00	SRI - High Growth	1.4000
2026-06-30T00:00:00	Indexed Growth 	1.2500
2026-06-30T00:00:00	Indexed Conservative	0.9800
2026-06-30T00:00:00	Indexed Stable	0.8300
2026-06-30T00:00:00	Stable	1.4300
2026-06-30T00:00:00	Conservative	1.7800
2026-06-30T00:00:00	SRI - Balanced	1.0400
2026-06-30T00:00:00	Indexed Balanced	1.1600
2026-06-30T00:00:00	Balanced	2.0200
2026-06-30T00:00:00	Growth	2.2800
2026-06-30T00:00:00	Cash	0.3800
2026-06-30T00:00:00	Bonds	0.7400
2026-06-30T00:00:00	Australian Shares	0.3500
2026-06-30T00:00:00	International Shares	3.7500
2026-06-30T00:00:00	International Shares - Indexed	2.9300
2026-06-30T00:00:00	Bonds – Indexed	0.5900
2026-06-30T00:00:00	Australian Shares – Indexed	0.6900
2026-06-30T00:00:00	Defensive	0.8900
2026-06-30T00:00:00	Indexed Defensive	0.6800
2026-06-30T00:00:00	SRI - Defensive	0.6200
2026-06-30T00:00:00	High Growth	2.3100
2026-06-30T00:00:00	Indexed High Growth	1.4200
2026-06-30T00:00:00	SRI - High Growth	1.4000
2026-06-30T00:00:00	Indexed Growth 	1.2500
2026-06-30T00:00:00	Indexed Conservative	0.9800
2026-06-30T00:00:00	Indexed Stable	0.8300
2026-05-31T00:00:00	Stable	1.2900
2026-05-31T00:00:00	Conservative	1.9100
2026-05-31T00:00:00	SRI - Balanced	1.6700
2026-05-31T00:00:00	Indexed Balanced	2.5800
2026-05-31T00:00:00	Balanced	2.3600
2026-05-31T00:00:00	Growth	2.9700
2026-05-31T00:00:00	Cash	0.3400
2026-05-31T00:00:00	Bonds	0.9200
2026-05-31T00:00:00	Australian Shares	1.3900
2026-05-31T00:00:00	International Shares	5.7700
2026-05-31T00:00:00	International Shares - Indexed	4.1900
2026-05-31T00:00:00	Bonds – Indexed	0.9000
2026-05-31T00:00:00	Australian Shares – Indexed	1.1100
2026-05-31T00:00:00	Defensive	0.9000
2026-05-31T00:00:00	Indexed Defensive	0.8800
2026-05-31T00:00:00	SRI - Defensive	0.7700
2026-05-31T00:00:00	High Growth	3.4700
2026-05-31T00:00:00	Indexed High Growth	3.1500
2026-05-31T00:00:00	SRI - High Growth	2.4100
2026-05-31T00:00:00	Indexed Growth 	3.0000
2026-05-31T00:00:00	Indexed Conservative	1.9700
2026-05-31T00:00:00	Indexed Stable	1.5000
2026-05-31T00:00:00	Stable	1.2900
2026-05-31T00:00:00	Conservative	1.9100
2026-05-31T00:00:00	SRI - Balanced	1.6700
2026-05-31T00:00:00	Indexed Balanced	2.5800
2026-05-31T00:00:00	Balanced	2.3600
2026-05-31T00:00:00	Growth	2.9700
2026-05-31T00:00:00	Cash	0.3400
2026-05-31T00:00:00	Bonds	0.9200
2026-05-31T00:00:00	Australian Shares	1.3900
2026-05-31T00:00:00	International Shares	5.7700
2026-05-31T00:00:00	International Shares - Indexed	4.1900
2026-05-31T00:00:00	Bonds – Indexed	0.9000
2026-05-31T00:00:00	Australian Shares – Indexed	1.1100
2026-05-31T00:00:00	Defensive	0.9000
2026-05-31T00:00:00	Indexed Defensive	0.8800
2026-05-31T00:00:00	SRI - Defensive	0.7700
2026-05-31T00:00:00	High Growth	3.4700
2026-05-31T00:00:00	Indexed High Growth	3.1500
2026-05-31T00:00:00	SRI - High Growth	2.4100
2026-05-31T00:00:00	Indexed Growth 	3.0000
2026-05-31T00:00:00	Indexed Conservative	1.9700
2026-05-31T00:00:00	Indexed Stable	1.5000
2026-04-30T00:00:00	Stable	1.0300
2026-04-30T00:00:00	Conservative	1.6200
2026-04-30T00:00:00	SRI - Balanced	2.7500
2026-04-30T00:00:00	Indexed Balanced	3.3400
2026-04-30T00:00:00	Balanced	2.0100
2026-04-30T00:00:00	Growth	2.6000
2026-04-30T00:00:00	Cash	0.3400
2026-04-30T00:00:00	Bonds	0.2800
2026-04-30T00:00:00	Australian Shares	2.1300
2026-04-30T00:00:00	International Shares	4.1600
2026-04-30T00:00:00	International Shares - Indexed	4.2800
2026-04-30T00:00:00	Bonds – Indexed	0.2000
2026-04-30T00:00:00	Australian Shares – Indexed	2.0400
2026-04-30T00:00:00	Defensive	0.6800
2026-04-30T00:00:00	Indexed Defensive	0.8700
2026-04-30T00:00:00	SRI - Defensive	0.8700
2026-04-30T00:00:00	High Growth	2.8900
2026-04-30T00:00:00	Indexed High Growth	4.2100
2026-04-30T00:00:00	SRI - High Growth	3.8900
2026-04-30T00:00:00	Indexed Growth 	3.9800
2026-04-30T00:00:00	Indexed Conservative	2.4200
2026-04-30T00:00:00	Indexed Stable	1.6500
2026-04-30T00:00:00	Stable	1.0300
2026-04-30T00:00:00	Conservative	1.6200
2026-04-30T00:00:00	SRI - Balanced	2.7500
2026-04-30T00:00:00	Indexed Balanced	3.3400
2026-04-30T00:00:00	Balanced	2.0100
2026-04-30T00:00:00	Growth	2.6000
2026-04-30T00:00:00	Cash	0.3400
2026-04-30T00:00:00	Bonds	0.2800
2026-04-30T00:00:00	Australian Shares	2.1300
2026-04-30T00:00:00	International Shares	4.1600
2026-04-30T00:00:00	International Shares - Indexed	4.2800
2026-04-30T00:00:00	Bonds – Indexed	0.2000
2026-04-30T00:00:00	Australian Shares – Indexed	2.0400
2026-04-30T00:00:00	Defensive	0.6800
2026-04-30T00:00:00	Indexed Defensive	0.8700
2026-04-30T00:00:00	SRI - Defensive	0.8700
2026-04-30T00:00:00	High Growth	2.8900
2026-04-30T00:00:00	Indexed High Growth	4.2100
2026-04-30T00:00:00	SRI - High Growth	3.8900
2026-04-30T00:00:00	Indexed Growth 	3.9800
2026-04-30T00:00:00	Indexed Conservative	2.4200
2026-04-30T00:00:00	Indexed Stable	1.6500
2026-03-31T00:00:00	Stable	-1.5500
2026-03-31T00:00:00	Conservative	-2.5500
2026-03-31T00:00:00	SRI - Balanced	-3.1700
2026-03-31T00:00:00	Indexed Balanced	-3.9200
2026-03-31T00:00:00	Balanced	-3.0900
2026-03-31T00:00:00	Growth	-4.3400
2026-03-31T00:00:00	Cash	0.3500
2026-03-31T00:00:00	Bonds	-1.6400
2026-03-31T00:00:00	Australian Shares	-7.2800
2026-03-31T00:00:00	International Shares	-5.1400
2026-03-31T00:00:00	International Shares - Indexed	-2.2300
2026-03-31T00:00:00	Bonds – Indexed	-1.4200
2026-03-31T00:00:00	Australian Shares – Indexed	-6.3600
2026-03-31T00:00:00	Defensive	-1.0400
2026-03-31T00:00:00	Indexed Defensive	-1.1000
2026-03-31T00:00:00	SRI - Defensive	-1.1700
2026-03-31T00:00:00	High Growth	-5.2300
2026-03-31T00:00:00	Indexed High Growth	-4.8400
2026-03-31T00:00:00	SRI - High Growth	-4.7300
2026-03-31T00:00:00	Indexed Growth 	-4.5500
2026-03-31T00:00:00	Indexed Conservative	-2.9900
2026-03-31T00:00:00	Indexed Stable	-2.1600
2026-03-31T00:00:00	Stable	-1.5500
2026-03-31T00:00:00	Conservative	-2.5500
2026-03-31T00:00:00	SRI - Balanced	-3.1700
2026-03-31T00:00:00	Indexed Balanced	-3.9200
2026-03-31T00:00:00	Balanced	-3.0900
2026-03-31T00:00:00	Growth	-4.3400
2026-03-31T00:00:00	Cash	0.3500
2026-03-31T00:00:00	Bonds	-1.6400
2026-03-31T00:00:00	Australian Shares	-7.2800
2026-03-31T00:00:00	International Shares	-5.1400
2026-03-31T00:00:00	International Shares - Indexed	-2.2300
2026-03-31T00:00:00	Bonds – Indexed	-1.4200
2026-03-31T00:00:00	Australian Shares – Indexed	-6.3600
2026-03-31T00:00:00	Defensive	-1.0400
2026-03-31T00:00:00	Indexed Defensive	-1.1000
2026-03-31T00:00:00	SRI - Defensive	-1.1700
2026-03-31T00:00:00	High Growth	-5.2300
2026-03-31T00:00:00	Indexed High Growth	-4.8400
2026-03-31T00:00:00	SRI - High Growth	-4.7300
2026-03-31T00:00:00	Indexed Growth 	-4.5500
2026-03-31T00:00:00	Indexed Conservative	-2.9900
2026-03-31T00:00:00	Indexed Stable	-2.1600
2026-02-28T00:00:00	Stable	0.7100
2026-02-28T00:00:00	Conservative	0.8700
2026-02-28T00:00:00	SRI - Balanced	1.2300
2026-02-28T00:00:00	Indexed Balanced	1.5400
2026-02-28T00:00:00	Balanced	1.0500
2026-02-28T00:00:00	Growth	1.1700
2026-02-28T00:00:00	Cash	0.2800
2026-02-28T00:00:00	Bonds	0.9100
2026-02-28T00:00:00	Australian Shares	1.2700
2026-02-28T00:00:00	International Shares	1.3500
2026-02-28T00:00:00	International Shares - Indexed	-1.0400
2026-02-28T00:00:00	Bonds – Indexed	1.0000
2026-02-28T00:00:00	Australian Shares – Indexed	3.7400
2026-02-28T00:00:00	Defensive	0.5700
2026-02-28T00:00:00	Indexed Defensive	0.7100
2026-02-28T00:00:00	SRI - Defensive	0.6200
2026-02-28T00:00:00	High Growth	1.3400
2026-02-28T00:00:00	Indexed High Growth	1.6600
2026-02-28T00:00:00	SRI - High Growth	1.3700
2026-02-28T00:00:00	Indexed Growth 	1.6200
2026-02-28T00:00:00	Indexed Conservative	1.2300
2026-02-28T00:00:00	Indexed Stable	1.0200
2026-02-28T00:00:00	Stable	0.7100
2026-02-28T00:00:00	Conservative	0.8700
2026-02-28T00:00:00	SRI - Balanced	1.2300
2026-02-28T00:00:00	Indexed Balanced	1.5400
2026-02-28T00:00:00	Balanced	1.0500
2026-02-28T00:00:00	Growth	1.1700
2026-02-28T00:00:00	Cash	0.2800
2026-02-28T00:00:00	Bonds	0.9100
2026-02-28T00:00:00	Australian Shares	1.2700
2026-02-28T00:00:00	International Shares	1.3500
2026-02-28T00:00:00	International Shares - Indexed	-1.0400
2026-02-28T00:00:00	Bonds – Indexed	1.0000
2026-02-28T00:00:00	Australian Shares – Indexed	3.7400
2026-02-28T00:00:00	Defensive	0.5700
2026-02-28T00:00:00	Indexed Defensive	0.7100
2026-02-28T00:00:00	SRI - Defensive	0.6200
2026-02-28T00:00:00	High Growth	1.3400
2026-02-28T00:00:00	Indexed High Growth	1.6600
2026-02-28T00:00:00	SRI - High Growth	1.3700
2026-02-28T00:00:00	Indexed Growth 	1.6200
2026-02-28T00:00:00	Indexed Conservative	1.2300
2026-02-28T00:00:00	Indexed Stable	1.0200
2026-01-31T00:00:00	Stable	0.6200
2026-01-31T00:00:00	Conservative	0.7800
2026-01-31T00:00:00	SRI - Balanced	0.4300
2026-01-31T00:00:00	Indexed Balanced	0.6400
2026-01-31T00:00:00	Balanced	0.9500
2026-01-31T00:00:00	Growth	0.9100
2026-01-31T00:00:00	Cash	0.3000
2026-01-31T00:00:00	Bonds	0.2800
2026-01-31T00:00:00	Australian Shares	2.0500
2026-01-31T00:00:00	International Shares	0.0200
2026-01-31T00:00:00	International Shares - Indexed	-2.7400
2026-01-31T00:00:00	Bonds – Indexed	0.2600
2026-01-31T00:00:00	Australian Shares – Indexed	1.6700
2026-01-31T00:00:00	Defensive	0.3700
2026-01-31T00:00:00	Indexed Defensive	0.2800
2026-01-31T00:00:00	SRI - Defensive	0.2800
2026-01-31T00:00:00	High Growth	0.8400
2026-01-31T00:00:00	Indexed High Growth	0.4500
2026-01-31T00:00:00	SRI - High Growth	-0.0700
2026-01-31T00:00:00	Indexed Growth 	0.7000
2026-01-31T00:00:00	Indexed Conservative	0.5200
2026-01-31T00:00:00	Indexed Stable	0.3900
2026-01-31T00:00:00	Stable	0.6200
2026-01-31T00:00:00	Conservative	0.7800
2026-01-31T00:00:00	SRI - Balanced	0.4300
2026-01-31T00:00:00	Indexed Balanced	0.6400
2026-01-31T00:00:00	Balanced	0.9500
2026-01-31T00:00:00	Growth	0.9100
2026-01-31T00:00:00	Cash	0.3000
2026-01-31T00:00:00	Bonds	0.2800
2026-01-31T00:00:00	Australian Shares	2.0500
2026-01-31T00:00:00	International Shares	0.0200
2026-01-31T00:00:00	International Shares - Indexed	-2.7400
2026-01-31T00:00:00	Bonds – Indexed	0.2600
2026-01-31T00:00:00	Australian Shares – Indexed	1.6700
2026-01-31T00:00:00	Defensive	0.3700
2026-01-31T00:00:00	Indexed Defensive	0.2800
2026-01-31T00:00:00	SRI - Defensive	0.2800
2026-01-31T00:00:00	High Growth	0.8400
2026-01-31T00:00:00	Indexed High Growth	0.4500
2026-01-31T00:00:00	SRI - High Growth	-0.0700
2026-01-31T00:00:00	Indexed Growth 	0.7000
2026-01-31T00:00:00	Indexed Conservative	0.5200
2026-01-31T00:00:00	Indexed Stable	0.3900
2025-12-31T00:00:00	Stable	0.3500
2025-12-31T00:00:00	Conservative	0.4800
2025-12-31T00:00:00	SRI - Balanced	0.1400
2025-12-31T00:00:00	Indexed Balanced	0.3700
2025-12-31T00:00:00	Balanced	0.5500
2025-12-31T00:00:00	Growth	0.6000
2025-12-31T00:00:00	Cash	0.3300
2025-12-31T00:00:00	Bonds	-0.2600
2025-12-31T00:00:00	Australian Shares	0.8500
2025-12-31T00:00:00	International Shares	0.3900
2025-12-31T00:00:00	International Shares - Indexed	-0.8700
2025-12-31T00:00:00	Bonds – Indexed	-0.4000
2025-12-31T00:00:00	Australian Shares – Indexed	1.2700
2025-12-31T00:00:00	Defensive	0.1800
2025-12-31T00:00:00	Indexed Defensive	0.1300
2025-12-31T00:00:00	SRI - Defensive	0.0300
2025-12-31T00:00:00	High Growth	0.4900
2025-12-31T00:00:00	Indexed High Growth	0.4300
2025-12-31T00:00:00	SRI - High Growth	0.0900
2025-12-31T00:00:00	Indexed Growth 	0.4400
2025-12-31T00:00:00	Indexed Conservative	0.2300
2025-12-31T00:00:00	Indexed Stable	0.1200
2025-12-31T00:00:00	Stable	0.3500
2025-12-31T00:00:00	Conservative	0.4800
2025-12-31T00:00:00	SRI - Balanced	0.1400
2025-12-31T00:00:00	Indexed Balanced	0.3700
2025-12-31T00:00:00	Balanced	0.5500
2025-12-31T00:00:00	Growth	0.6000
2025-12-31T00:00:00	Cash	0.3300
2025-12-31T00:00:00	Bonds	-0.2600
2025-12-31T00:00:00	Australian Shares	0.8500
2025-12-31T00:00:00	International Shares	0.3900
2025-12-31T00:00:00	International Shares - Indexed	-0.8700
2025-12-31T00:00:00	Bonds – Indexed	-0.4000
2025-12-31T00:00:00	Australian Shares – Indexed	1.2700
2025-12-31T00:00:00	Defensive	0.1800
2025-12-31T00:00:00	Indexed Defensive	0.1300
2025-12-31T00:00:00	SRI - Defensive	0.0300
2025-12-31T00:00:00	High Growth	0.4900
2025-12-31T00:00:00	Indexed High Growth	0.4300
2025-12-31T00:00:00	SRI - High Growth	0.0900
2025-12-31T00:00:00	Indexed Growth 	0.4400
2025-12-31T00:00:00	Indexed Conservative	0.2300
2025-12-31T00:00:00	Indexed Stable	0.1200
2025-11-30T00:00:00	Stable	0.0900
2025-11-30T00:00:00	Conservative	0.0000
2025-11-30T00:00:00	SRI - Balanced	-0.3700
2025-11-30T00:00:00	Indexed Balanced	-0.7200
2025-11-30T00:00:00	Balanced	-0.0200
2025-11-30T00:00:00	Growth	-0.2100
2025-11-30T00:00:00	Cash	0.2800
2025-11-30T00:00:00	Bonds	-0.2200
2025-11-30T00:00:00	Australian Shares	-1.2300
2025-11-30T00:00:00	International Shares	-0.0500
2025-11-30T00:00:00	International Shares - Indexed	0.2600
2025-11-30T00:00:00	Bonds – Indexed	-0.2500
2025-11-30T00:00:00	Australian Shares – Indexed	-2.2500
2025-11-30T00:00:00	Defensive	0.0400
2025-11-30T00:00:00	Indexed Defensive	-0.1400
2025-11-30T00:00:00	SRI - Defensive	-0.0800
2025-11-30T00:00:00	High Growth	-0.3700
2025-11-30T00:00:00	Indexed High Growth	-0.9500
2025-11-30T00:00:00	SRI - High Growth	-0.6000
2025-11-30T00:00:00	Indexed Growth 	-0.7900
2025-11-30T00:00:00	Indexed Conservative	-0.5200
2025-11-30T00:00:00	Indexed Stable	-0.3600
2025-11-30T00:00:00	Stable	0.0900
2025-11-30T00:00:00	Conservative	0.0000
2025-11-30T00:00:00	SRI - Balanced	-0.3700
2025-11-30T00:00:00	Indexed Balanced	-0.7200
2025-11-30T00:00:00	Balanced	-0.0200
2025-11-30T00:00:00	Growth	-0.2100
2025-11-30T00:00:00	Cash	0.2800
2025-11-30T00:00:00	Bonds	-0.2200
2025-11-30T00:00:00	Australian Shares	-1.2300
2025-11-30T00:00:00	International Shares	-0.0500
2025-11-30T00:00:00	International Shares - Indexed	0.2600
2025-11-30T00:00:00	Bonds – Indexed	-0.2500
2025-11-30T00:00:00	Australian Shares – Indexed	-2.2500
2025-11-30T00:00:00	Defensive	0.0400
2025-11-30T00:00:00	Indexed Defensive	-0.1400
2025-11-30T00:00:00	SRI - Defensive	-0.0800
2025-11-30T00:00:00	High Growth	-0.3700
2025-11-30T00:00:00	Indexed High Growth	-0.9500
2025-11-30T00:00:00	SRI - High Growth	-0.6000
2025-11-30T00:00:00	Indexed Growth 	-0.7900
2025-11-30T00:00:00	Indexed Conservative	-0.5200
2025-11-30T00:00:00	Indexed Stable	-0.3600
2025-10-31T00:00:00	Stable	0.7800
2025-10-31T00:00:00	Conservative	1.1000
2025-10-31T00:00:00	SRI - Balanced	1.5200
2025-10-31T00:00:00	Indexed Balanced	1.5600
2025-10-31T00:00:00	Balanced	1.3000
2025-10-31T00:00:00	Growth	1.6000
2025-10-31T00:00:00	Cash	0.3000
2025-10-31T00:00:00	Bonds	0.5100
2025-10-31T00:00:00	Australian Shares	0.7000
2025-10-31T00:00:00	International Shares	2.8900
2025-10-31T00:00:00	International Shares - Indexed	3.1200
2025-10-31T00:00:00	Bonds – Indexed	0.5200
2025-10-31T00:00:00	Australian Shares – Indexed	0.4400
2025-10-31T00:00:00	Defensive	0.5400
2025-10-31T00:00:00	Indexed Defensive	0.5200
2025-10-31T00:00:00	SRI - Defensive	0.6000
2025-10-31T00:00:00	High Growth	1.7500
2025-10-31T00:00:00	Indexed High Growth	1.9600
2025-10-31T00:00:00	SRI - High Growth	1.9100
2025-10-31T00:00:00	Indexed Growth 	1.8000
2025-10-31T00:00:00	Indexed Conservative	1.1900
2025-10-31T00:00:00	Indexed Stable	0.9000
2025-10-31T00:00:00	Stable	0.7800
2025-10-31T00:00:00	Conservative	1.1000
2025-10-31T00:00:00	SRI - Balanced	1.5200
2025-10-31T00:00:00	Indexed Balanced	1.5600
2025-10-31T00:00:00	Balanced	1.3000
2025-10-31T00:00:00	Growth	1.6000
2025-10-31T00:00:00	Cash	0.3000
2025-10-31T00:00:00	Bonds	0.5100
2025-10-31T00:00:00	Australian Shares	0.7000
2025-10-31T00:00:00	International Shares	2.8900
2025-10-31T00:00:00	International Shares - Indexed	3.1200
2025-10-31T00:00:00	Bonds – Indexed	0.5200
2025-10-31T00:00:00	Australian Shares – Indexed	0.4400
2025-10-31T00:00:00	Defensive	0.5400
2025-10-31T00:00:00	Indexed Defensive	0.5200
2025-10-31T00:00:00	SRI - Defensive	0.6000
2025-10-31T00:00:00	High Growth	1.7500
2025-10-31T00:00:00	Indexed High Growth	1.9600
2025-10-31T00:00:00	SRI - High Growth	1.9100
2025-10-31T00:00:00	Indexed Growth 	1.8000
2025-10-31T00:00:00	Indexed Conservative	1.1900
2025-10-31T00:00:00	Indexed Stable	0.9000
2025-09-30T00:00:00	Stable	0.6200
2025-09-30T00:00:00	Conservative	0.8600
2025-09-30T00:00:00	SRI - Balanced	1.1400
2025-09-30T00:00:00	Indexed Balanced	0.8200
2025-09-30T00:00:00	Balanced	1.0300
2025-09-30T00:00:00	Growth	1.1500
2025-09-30T00:00:00	Cash	0.3200
2025-09-30T00:00:00	Bonds	0.3500
2025-09-30T00:00:00	Australian Shares	-0.0600
2025-09-30T00:00:00	International Shares	2.5200
2025-09-30T00:00:00	International Shares - Indexed	1.8000
2025-09-30T00:00:00	Bonds – Indexed	0.4100
2025-09-30T00:00:00	Australian Shares – Indexed	-0.5900
2025-09-30T00:00:00	Defensive	0.4400
2025-09-30T00:00:00	Indexed Defensive	0.4000
2025-09-30T00:00:00	SRI - Defensive	0.4200
2025-09-30T00:00:00	High Growth	1.2900
2025-09-30T00:00:00	Indexed High Growth	0.8000
2025-09-30T00:00:00	SRI - High Growth	1.3400
2025-09-30T00:00:00	Indexed Growth 	0.9200
2025-09-30T00:00:00	Indexed Conservative	0.6800
2025-09-30T00:00:00	Indexed Stable	0.5900
2025-09-30T00:00:00	Stable	0.6200
2025-09-30T00:00:00	Conservative	0.8600
2025-09-30T00:00:00	SRI - Balanced	1.1400
2025-09-30T00:00:00	Indexed Balanced	0.8200
2025-09-30T00:00:00	Balanced	1.0300
2025-09-30T00:00:00	Growth	1.1500
2025-09-30T00:00:00	Cash	0.3200
2025-09-30T00:00:00	Bonds	0.3500
2025-09-30T00:00:00	Australian Shares	-0.0600
2025-09-30T00:00:00	International Shares	2.5200
2025-09-30T00:00:00	International Shares - Indexed	1.8000
2025-09-30T00:00:00	Bonds – Indexed	0.4100
2025-09-30T00:00:00	Australian Shares – Indexed	-0.5900
2025-09-30T00:00:00	Defensive	0.4400
2025-09-30T00:00:00	Indexed Defensive	0.4000
2025-09-30T00:00:00	SRI - Defensive	0.4200
2025-09-30T00:00:00	High Growth	1.2900
2025-09-30T00:00:00	Indexed High Growth	0.8000
2025-09-30T00:00:00	SRI - High Growth	1.3400
2025-09-30T00:00:00	Indexed Growth 	0.9200
2025-09-30T00:00:00	Indexed Conservative	0.6800
2025-09-30T00:00:00	Indexed Stable	0.5900
2025-08-31T00:00:00	Stable	0.7000
2025-08-31T00:00:00	Conservative	1.0000
2025-08-31T00:00:00	SRI - Balanced	1.3200
2025-08-31T00:00:00	Indexed Balanced	1.6400
2025-08-31T00:00:00	Balanced	1.2000
2025-08-31T00:00:00	Growth	1.5000
2025-08-31T00:00:00	Cash	0.2700
2025-08-31T00:00:00	Bonds	0.5600
2025-08-31T00:00:00	Australian Shares	3.2700
2025-08-31T00:00:00	International Shares	0.9300
2025-08-31T00:00:00	International Shares - Indexed	0.8900
2025-08-31T00:00:00	Bonds – Indexed	0.3600
2025-08-31T00:00:00	Australian Shares – Indexed	2.7900
2025-08-31T00:00:00	Defensive	0.5900
2025-08-31T00:00:00	Indexed Defensive	0.6500
2025-08-31T00:00:00	SRI - Defensive	0.5800
2025-08-31T00:00:00	High Growth	1.7300
2025-08-31T00:00:00	Indexed High Growth	1.9500
2025-08-31T00:00:00	SRI - High Growth	1.7200
2025-08-31T00:00:00	Indexed Growth 	1.8200
2025-08-31T00:00:00	Indexed Conservative	1.2500
2025-08-31T00:00:00	Indexed Stable	0.9200
2025-08-31T00:00:00	Stable	0.7000
2025-08-31T00:00:00	Conservative	1.0000
2025-08-31T00:00:00	SRI - Balanced	1.3200
2025-08-31T00:00:00	Indexed Balanced	1.6400
2025-08-31T00:00:00	Balanced	1.2000
2025-08-31T00:00:00	Growth	1.5000
2025-08-31T00:00:00	Cash	0.2700
2025-08-31T00:00:00	Bonds	0.5600
2025-08-31T00:00:00	Australian Shares	3.2700
2025-08-31T00:00:00	International Shares	0.9300
2025-08-31T00:00:00	International Shares - Indexed	0.8900
2025-08-31T00:00:00	Bonds – Indexed	0.3600
2025-08-31T00:00:00	Australian Shares – Indexed	2.7900
2025-08-31T00:00:00	Defensive	0.5900
2025-08-31T00:00:00	Indexed Defensive	0.6500
2025-08-31T00:00:00	SRI - Defensive	0.5800
2025-08-31T00:00:00	High Growth	1.7300
2025-08-31T00:00:00	Indexed High Growth	1.9500
2025-08-31T00:00:00	SRI - High Growth	1.7200
2025-08-31T00:00:00	Indexed Growth 	1.8200
2025-08-31T00:00:00	Indexed Conservative	1.2500
2025-08-31T00:00:00	Indexed Stable	0.9200
2025-07-31T00:00:00	Stable	0.4800
2025-07-31T00:00:00	Conservative	0.8800
2025-07-31T00:00:00	SRI - Balanced	0.8200
2025-07-31T00:00:00	Indexed Balanced	1.7200
2025-07-31T00:00:00	Balanced	1.0600
2025-07-31T00:00:00	Growth	1.4700
2025-07-31T00:00:00	Cash	0.3200
2025-07-31T00:00:00	Bonds	-0.0600
2025-07-31T00:00:00	Australian Shares	2.5100
2025-07-31T00:00:00	International Shares	1.8100
2025-07-31T00:00:00	International Shares - Indexed	2.8300
2025-07-31T00:00:00	Bonds – Indexed	-0.0600
2025-07-31T00:00:00	Australian Shares – Indexed	2.1500
2025-07-31T00:00:00	Defensive	0.3900
2025-07-31T00:00:00	Indexed Defensive	0.5300
2025-07-31T00:00:00	SRI - Defensive	0.4100
2025-07-31T00:00:00	High Growth	1.7000
2025-07-31T00:00:00	Indexed High Growth	2.3000
2025-07-31T00:00:00	SRI - High Growth	1.3500
2025-07-31T00:00:00	Indexed Growth 	1.9800
2025-07-31T00:00:00	Indexed Conservative	1.2500
2025-07-31T00:00:00	Indexed Stable	0.8700
2025-07-31T00:00:00	Stable	0.4800
2025-07-31T00:00:00	Conservative	0.8800
2025-07-31T00:00:00	SRI - Balanced	0.8200
2025-07-31T00:00:00	Indexed Balanced	1.7200
2025-07-31T00:00:00	Balanced	1.0600
2025-07-31T00:00:00	Growth	1.4700
2025-07-31T00:00:00	Cash	0.3200
2025-07-31T00:00:00	Bonds	-0.0600
2025-07-31T00:00:00	Australian Shares	2.5100
2025-07-31T00:00:00	International Shares	1.8100
2025-07-31T00:00:00	International Shares - Indexed	2.8300
2025-07-31T00:00:00	Bonds – Indexed	-0.0600
2025-07-31T00:00:00	Australian Shares – Indexed	2.1500
2025-07-31T00:00:00	Defensive	0.3900
2025-07-31T00:00:00	Indexed Defensive	0.5300
2025-07-31T00:00:00	SRI - Defensive	0.4100
2025-07-31T00:00:00	High Growth	1.7000
2025-07-31T00:00:00	Indexed High Growth	2.3000
2025-07-31T00:00:00	SRI - High Growth	1.3500
2025-07-31T00:00:00	Indexed Growth 	1.9800
2025-07-31T00:00:00	Indexed Conservative	1.2500
2025-07-31T00:00:00	Indexed Stable	0.8700
2025-06-30T00:00:00	Stable	1.2200
2025-06-30T00:00:00	Conservative	1.5800
2025-06-30T00:00:00	SRI - Balanced	2.1400
2025-06-30T00:00:00	Indexed Balanced	1.7500
2025-06-30T00:00:00	Balanced	1.9600
2025-06-30T00:00:00	Growth	2.0700
2025-06-30T00:00:00	Cash	0.3500
2025-06-30T00:00:00	Bonds	0.9000
2025-06-30T00:00:00	Australian Shares	0.5000
2025-06-30T00:00:00	International Shares	3.4300
2025-06-30T00:00:00	International Shares - Indexed	2.2300
2025-06-30T00:00:00	Bonds – Indexed	0.6800
2025-06-30T00:00:00	Australian Shares – Indexed	1.3000
2025-06-30T00:00:00	Defensive	0.8500
2025-06-30T00:00:00	Indexed Defensive	0.8100
2025-06-30T00:00:00	SRI - Defensive	0.7700
2025-06-30T00:00:00	High Growth	2.2500
2025-06-30T00:00:00	Indexed High Growth	1.9400
2025-06-30T00:00:00	SRI - High Growth	2.4300
2025-06-30T00:00:00	Indexed Growth 	1.9400
2025-06-30T00:00:00	Indexed Conservative	1.4200
2025-06-30T00:00:00	Indexed Stable	1.1700
2025-06-30T00:00:00	Stable	1.2200
2025-06-30T00:00:00	Conservative	1.5800
2025-06-30T00:00:00	SRI - Balanced	2.1400
2025-06-30T00:00:00	Indexed Balanced	1.7500
2025-06-30T00:00:00	Balanced	1.9600
2025-06-30T00:00:00	Growth	2.0700
2025-06-30T00:00:00	Cash	0.3500
2025-06-30T00:00:00	Bonds	0.9000
2025-06-30T00:00:00	Australian Shares	0.5000
2025-06-30T00:00:00	International Shares	3.4300
2025-06-30T00:00:00	International Shares - Indexed	2.2300
2025-06-30T00:00:00	Bonds – Indexed	0.6800
2025-06-30T00:00:00	Australian Shares – Indexed	1.3000
2025-06-30T00:00:00	Defensive	0.8500
2025-06-30T00:00:00	Indexed Defensive	0.8100
2025-06-30T00:00:00	SRI - Defensive	0.7700
2025-06-30T00:00:00	High Growth	2.2500
2025-06-30T00:00:00	Indexed High Growth	1.9400
2025-06-30T00:00:00	SRI - High Growth	2.4300
2025-06-30T00:00:00	Indexed Growth 	1.9400
2025-06-30T00:00:00	Indexed Conservative	1.4200
2025-06-30T00:00:00	Indexed Stable	1.1700
2025-05-31T00:00:00	Stable	1.2600
2025-05-31T00:00:00	Conservative	2.1100
2025-05-31T00:00:00	SRI - Balanced	2.2900
2025-05-31T00:00:00	Indexed Balanced	3.4000
2025-05-31T00:00:00	Balanced	2.5000
2025-05-31T00:00:00	Growth	3.3600
2025-05-31T00:00:00	Cash	0.3500
2025-05-31T00:00:00	Bonds	-0.0500
2025-05-31T00:00:00	Australian Shares	3.8200
2025-05-31T00:00:00	International Shares	4.8400
2025-05-31T00:00:00	International Shares - Indexed	4.8000
2025-05-31T00:00:00	Bonds – Indexed	-0.1800
2025-05-31T00:00:00	Australian Shares – Indexed	3.7600
2025-05-31T00:00:00	Defensive	0.8700
2025-05-31T00:00:00	Indexed Defensive	0.9500
2025-05-31T00:00:00	SRI - Defensive	0.7200
2025-05-31T00:00:00	High Growth	3.8100
2025-05-31T00:00:00	Indexed High Growth	4.3300
2025-05-31T00:00:00	SRI - High Growth	3.3500
2025-05-31T00:00:00	Indexed Growth 	3.9400
2025-05-31T00:00:00	Indexed Conservative	2.4800
2025-05-31T00:00:00	Indexed Stable	1.7300
2025-05-31T00:00:00	Stable	1.2600
2025-05-31T00:00:00	Conservative	2.1100
2025-05-31T00:00:00	SRI - Balanced	2.2900
2025-05-31T00:00:00	Indexed Balanced	3.4000
2025-05-31T00:00:00	Balanced	2.5000
2025-05-31T00:00:00	Growth	3.3600
2025-05-31T00:00:00	Cash	0.3500
2025-05-31T00:00:00	Bonds	-0.0500
2025-05-31T00:00:00	Australian Shares	3.8200
2025-05-31T00:00:00	International Shares	4.8400
2025-05-31T00:00:00	International Shares - Indexed	4.8000
2025-05-31T00:00:00	Bonds – Indexed	-0.1800
2025-05-31T00:00:00	Australian Shares – Indexed	3.7600
2025-05-31T00:00:00	Defensive	0.8700
2025-05-31T00:00:00	Indexed Defensive	0.9500
2025-05-31T00:00:00	SRI - Defensive	0.7200
2025-05-31T00:00:00	High Growth	3.8100
2025-05-31T00:00:00	Indexed High Growth	4.3300
2025-05-31T00:00:00	SRI - High Growth	3.3500
2025-05-31T00:00:00	Indexed Growth 	3.9400
2025-05-31T00:00:00	Indexed Conservative	2.4800
2025-05-31T00:00:00	Indexed Stable	1.7300
2025-04-30T00:00:00	Stable	0.4600
2025-04-30T00:00:00	Stable	0.4600
2025-04-30T00:00:00	Conservative	0.3400
2025-04-30T00:00:00	Conservative	0.3400
2025-04-30T00:00:00	SRI - Balanced	0.9200
2025-04-30T00:00:00	SRI - Balanced	0.9200
2025-04-30T00:00:00	Indexed Balanced	0.9600
2025-04-30T00:00:00	Indexed Balanced	0.9600
2025-04-30T00:00:00	Balanced	0.1500
2025-04-30T00:00:00	Balanced	0.1500
2025-04-30T00:00:00	Growth	0.0500
2025-04-30T00:00:00	Growth	0.0500
2025-04-30T00:00:00	Cash	0.3300
2025-04-30T00:00:00	Cash	0.3300
2025-04-30T00:00:00	Bonds	1.0100
2025-04-30T00:00:00	Bonds	1.0100
2025-04-30T00:00:00	Australian Shares	1.5800
2025-04-30T00:00:00	Australian Shares	1.5800
2025-04-30T00:00:00	International Shares	-0.9700
2025-04-30T00:00:00	International Shares	-0.9700
2025-04-30T00:00:00	International Shares - Indexed	-1.7300
2025-04-30T00:00:00	International Shares - Indexed	-1.7300
2025-04-30T00:00:00	Bonds – Indexed	1.1300
2025-04-30T00:00:00	Bonds – Indexed	1.1300
2025-04-30T00:00:00	Australian Shares – Indexed	3.2600
2025-04-30T00:00:00	Australian Shares – Indexed	3.2600
2025-04-30T00:00:00	Defensive	0.6200
2025-04-30T00:00:00	Defensive	0.1500
2025-04-30T00:00:00	Indexed Defensive	0.9100
2025-04-30T00:00:00	Indexed Defensive	0.9100
2025-04-30T00:00:00	SRI - Defensive	0.9400
2025-04-30T00:00:00	SRI - Defensive	0.9400
2025-04-30T00:00:00	High Growth	0.0600
2025-04-30T00:00:00	High Growth	0.0600
2025-04-30T00:00:00	Indexed High Growth	0.9800
2025-04-30T00:00:00	Indexed High Growth	0.9800
2025-04-30T00:00:00	SRI - High Growth	1.0800
2025-04-30T00:00:00	SRI - High Growth	1.0800
2025-04-30T00:00:00	Indexed Growth 	0.9200
2025-04-30T00:00:00	Indexed Growth 	0.9200
2025-04-30T00:00:00	Indexed Conservative	1.0500
2025-04-30T00:00:00	Indexed Conservative	1.0500
2025-04-30T00:00:00	Indexed Stable	0.9600
2025-04-30T00:00:00	Indexed Stable	0.9600
2025-04-30T00:00:00	Stable	0.4600
2025-04-30T00:00:00	Stable	0.4600
2025-04-30T00:00:00	Conservative	0.3400
2025-04-30T00:00:00	Conservative	0.3400
2025-04-30T00:00:00	SRI - Balanced	0.9200
2025-04-30T00:00:00	SRI - Balanced	0.9200
2025-04-30T00:00:00	Indexed Balanced	0.9600
2025-04-30T00:00:00	Indexed Balanced	0.9600
2025-04-30T00:00:00	Balanced	0.1500
2025-04-30T00:00:00	Balanced	0.1500
2025-04-30T00:00:00	Growth	0.0500
2025-04-30T00:00:00	Growth	0.0500
2025-04-30T00:00:00	Cash	0.3300
2025-04-30T00:00:00	Cash	0.3300
2025-04-30T00:00:00	Bonds	1.0100
2025-04-30T00:00:00	Bonds	1.0100
2025-04-30T00:00:00	Australian Shares	1.5800
2025-04-30T00:00:00	Australian Shares	1.5800
2025-04-30T00:00:00	International Shares	-0.9700
2025-04-30T00:00:00	International Shares	-0.9700
2025-04-30T00:00:00	International Shares - Indexed	-1.7300
2025-04-30T00:00:00	International Shares - Indexed	-1.7300
2025-04-30T00:00:00	Bonds – Indexed	1.1300
2025-04-30T00:00:00	Bonds – Indexed	1.1300
2025-04-30T00:00:00	Australian Shares – Indexed	3.2600
2025-04-30T00:00:00	Australian Shares – Indexed	3.2600
2025-04-30T00:00:00	Defensive	0.6200
2025-04-30T00:00:00	Defensive	0.1500
2025-04-30T00:00:00	Indexed Defensive	0.9100
2025-04-30T00:00:00	Indexed Defensive	0.9100
2025-04-30T00:00:00	SRI - Defensive	0.9400
2025-04-30T00:00:00	SRI - Defensive	0.9400
2025-04-30T00:00:00	High Growth	0.0600
2025-04-30T00:00:00	High Growth	0.0600
2025-04-30T00:00:00	Indexed High Growth	0.9800
2025-04-30T00:00:00	Indexed High Growth	0.9800
2025-04-30T00:00:00	SRI - High Growth	1.0800
2025-04-30T00:00:00	SRI - High Growth	1.0800
2025-04-30T00:00:00	Indexed Growth 	0.9200
2025-04-30T00:00:00	Indexed Growth 	0.9200
2025-04-30T00:00:00	Indexed Conservative	1.0500
2025-04-30T00:00:00	Indexed Conservative	1.0500
2025-04-30T00:00:00	Indexed Stable	0.9600
2025-04-30T00:00:00	Indexed Stable	0.9600
2025-03-31T00:00:00	Stable	-0.4200
2025-03-31T00:00:00	Conservative	-1.0100
2025-03-31T00:00:00	SRI - Balanced	-1.9700
2025-03-31T00:00:00	Indexed Balanced	-2.8900
2025-03-31T00:00:00	Balanced	-1.3700
2025-03-31T00:00:00	Growth	-2.0400
2025-03-31T00:00:00	Cash	0.3500
2025-03-31T00:00:00	Bonds	-0.0600
2025-03-31T00:00:00	Australian Shares	-2.8900
2025-03-31T00:00:00	International Shares	-2.5500
2025-03-31T00:00:00	International Shares - Indexed	-4.4000
2025-03-31T00:00:00	Bonds – Indexed	-0.3500
2025-03-31T00:00:00	Australian Shares – Indexed	-2.8500
2025-03-31T00:00:00	Defensive	-0.2100
2025-03-31T00:00:00	Indexed Defensive	-0.2400
2025-03-31T00:00:00	SRI - Defensive	-0.4800
2025-03-31T00:00:00	High Growth	-2.4800
2025-03-31T00:00:00	Indexed High Growth	-3.6900
2025-03-31T00:00:00	SRI - High Growth	-3.0500
2025-03-31T00:00:00	Indexed Growth 	-3.4400
2025-03-31T00:00:00	Indexed Conservative	-1.9800
2025-03-31T00:00:00	Indexed Stable	-1.2700
2025-03-31T00:00:00	Stable	-0.4200
2025-03-31T00:00:00	Conservative	-1.0100
2025-03-31T00:00:00	SRI - Balanced	-1.9700
2025-03-31T00:00:00	Indexed Balanced	-2.8900
2025-03-31T00:00:00	Balanced	-1.3700
2025-03-31T00:00:00	Growth	-2.0400
2025-03-31T00:00:00	Cash	0.3500
2025-03-31T00:00:00	Bonds	-0.0600
2025-03-31T00:00:00	Australian Shares	-2.8900
2025-03-31T00:00:00	International Shares	-2.5500
2025-03-31T00:00:00	International Shares - Indexed	-4.4000
2025-03-31T00:00:00	Bonds – Indexed	-0.3500
2025-03-31T00:00:00	Australian Shares – Indexed	-2.8500
2025-03-31T00:00:00	Defensive	-0.2100
2025-03-31T00:00:00	Indexed Defensive	-0.2400
2025-03-31T00:00:00	SRI - Defensive	-0.4800
2025-03-31T00:00:00	High Growth	-2.4800
2025-03-31T00:00:00	Indexed High Growth	-3.6900
2025-03-31T00:00:00	SRI - High Growth	-3.0500
2025-03-31T00:00:00	Indexed Growth 	-3.4400
2025-03-31T00:00:00	Indexed Conservative	-1.9800
2025-03-31T00:00:00	Indexed Stable	-1.2700
2025-02-28T00:00:00	Stable	0.1000
2025-02-28T00:00:00	Conservative	-0.3600
2025-02-28T00:00:00	SRI - Balanced	-0.3700
2025-02-28T00:00:00	Indexed Balanced	-1.2300
2025-02-28T00:00:00	Balanced	-0.5600
2025-02-28T00:00:00	Growth	-1.0800
2025-02-28T00:00:00	Cash	0.3300
2025-02-28T00:00:00	Bonds	0.9500
2025-02-28T00:00:00	Australian Shares	-3.0900
2025-02-28T00:00:00	International Shares	-0.7800
2025-02-28T00:00:00	International Shares - Indexed	-0.3500
2025-02-28T00:00:00	Bonds – Indexed	0.9800
2025-02-28T00:00:00	Australian Shares – Indexed	-3.2000
2025-02-28T00:00:00	Defensive	0.1800
2025-02-28T00:00:00	Indexed Defensive	0.1200
2025-02-28T00:00:00	SRI - Defensive	0.1700
2025-02-28T00:00:00	High Growth	-1.3600
2025-02-28T00:00:00	Indexed High Growth	-1.8100
2025-02-28T00:00:00	SRI - High Growth	-0.9900
2025-02-28T00:00:00	Indexed Growth 	-1.5200
2025-02-28T00:00:00	Indexed Conservative	-0.6900
2025-02-28T00:00:00	Indexed Stable	-0.2000
2025-02-28T00:00:00	Stable	0.1000
2025-02-28T00:00:00	Conservative	-0.3600
2025-02-28T00:00:00	SRI - Balanced	-0.3700
2025-02-28T00:00:00	Indexed Balanced	-1.2300
2025-02-28T00:00:00	Balanced	-0.5600
2025-02-28T00:00:00	Growth	-1.0800
2025-02-28T00:00:00	Cash	0.3300
2025-02-28T00:00:00	Bonds	0.9500
2025-02-28T00:00:00	Australian Shares	-3.0900
2025-02-28T00:00:00	International Shares	-0.7800
2025-02-28T00:00:00	International Shares - Indexed	-0.3500
2025-02-28T00:00:00	Bonds – Indexed	0.9800
2025-02-28T00:00:00	Australian Shares – Indexed	-3.2000
2025-02-28T00:00:00	Defensive	0.1800
2025-02-28T00:00:00	Indexed Defensive	0.1200
2025-02-28T00:00:00	SRI - Defensive	0.1700
2025-02-28T00:00:00	High Growth	-1.3600
2025-02-28T00:00:00	Indexed High Growth	-1.8100
2025-02-28T00:00:00	SRI - High Growth	-0.9900
2025-02-28T00:00:00	Indexed Growth 	-1.5200
2025-02-28T00:00:00	Indexed Conservative	-0.6900
2025-02-28T00:00:00	Indexed Stable	-0.2000
2025-01-31T00:00:00	Stable	1.2400
2025-01-31T00:00:00	Conservative	1.8900
2025-01-31T00:00:00	SRI - Balanced	2.1800
2025-01-31T00:00:00	Indexed Balanced	2.7500
2025-01-31T00:00:00	Balanced	2.3200
2025-01-31T00:00:00	Growth	2.9400
2025-01-31T00:00:00	Cash	0.3700
2025-01-31T00:00:00	Bonds	0.3600
2025-01-31T00:00:00	Australian Shares	4.3400
2025-01-31T00:00:00	International Shares	3.0500
2025-01-31T00:00:00	International Shares - Indexed	2.5100
2025-01-31T00:00:00	Bonds – Indexed	0.3100
2025-01-31T00:00:00	Australian Shares – Indexed	4.0800
2025-01-31T00:00:00	Defensive	0.9200
2025-01-31T00:00:00	Indexed Defensive	0.9000
2025-01-31T00:00:00	SRI - Defensive	0.8600
2025-01-31T00:00:00	High Growth	3.3100
2025-01-31T00:00:00	Indexed High Growth	3.3700
2025-01-31T00:00:00	SRI - High Growth	2.7800
2025-01-31T00:00:00	Indexed Growth 	3.0900
2025-01-31T00:00:00	Indexed Conservative	2.0500
2025-01-31T00:00:00	Indexed Stable	1.4700
2025-01-31T00:00:00	Stable	1.2400
2025-01-31T00:00:00	Conservative	1.8900
2025-01-31T00:00:00	SRI - Balanced	2.1800
2025-01-31T00:00:00	Indexed Balanced	2.7500
2025-01-31T00:00:00	Balanced	2.3200
2025-01-31T00:00:00	Growth	2.9400
2025-01-31T00:00:00	Cash	0.3700
2025-01-31T00:00:00	Bonds	0.3600
2025-01-31T00:00:00	Australian Shares	4.3400
2025-01-31T00:00:00	International Shares	3.0500
2025-01-31T00:00:00	International Shares - Indexed	2.5100
2025-01-31T00:00:00	Bonds – Indexed	0.3100
2025-01-31T00:00:00	Australian Shares – Indexed	4.0800
2025-01-31T00:00:00	Defensive	0.9200
2025-01-31T00:00:00	Indexed Defensive	0.9000
2025-01-31T00:00:00	SRI - Defensive	0.8600
2025-01-31T00:00:00	High Growth	3.3100
2025-01-31T00:00:00	Indexed High Growth	3.3700
2025-01-31T00:00:00	SRI - High Growth	2.7800
2025-01-31T00:00:00	Indexed Growth 	3.0900
2025-01-31T00:00:00	Indexed Conservative	2.0500
2025-01-31T00:00:00	Indexed Stable	1.4700
2024-12-31T00:00:00	Stable	0.2100
2024-12-31T00:00:00	Conservative	0.1300
2024-12-31T00:00:00	SRI - Balanced	-0.7800
2024-12-31T00:00:00	Indexed Balanced	-0.8700
2024-12-31T00:00:00	Balanced	0.0800
2024-12-31T00:00:00	Growth	-0.0500
2024-12-31T00:00:00	Cash	0.3800
2024-12-31T00:00:00	Bonds	0.0400
2024-12-31T00:00:00	Australian Shares	-3.1200
2024-12-31T00:00:00	International Shares	2.1600
2024-12-31T00:00:00	International Shares - Indexed	2.4200
2024-12-31T00:00:00	Bonds – Indexed	-0.4300
2024-12-31T00:00:00	Australian Shares – Indexed	-2.6600
2024-12-31T00:00:00	Defensive	0.1900
2024-12-31T00:00:00	Indexed Defensive	0.1000
2024-12-31T00:00:00	SRI - Defensive	-0.1500
2024-12-31T00:00:00	High Growth	-0.1900
2024-12-31T00:00:00	Indexed High Growth	-0.7600
2024-12-31T00:00:00	SRI - High Growth	-1.1600
2024-12-31T00:00:00	Indexed Growth 	-0.9400
2024-12-31T00:00:00	Indexed Conservative	-0.5500
2024-12-31T00:00:00	Indexed Stable	-0.2600
2024-12-31T00:00:00	Stable	0.2100
2024-12-31T00:00:00	Conservative	0.1300
2024-12-31T00:00:00	SRI - Balanced	-0.7800
2024-12-31T00:00:00	Indexed Balanced	-0.8700
2024-12-31T00:00:00	Balanced	0.0800
2024-12-31T00:00:00	Growth	-0.0500
2024-12-31T00:00:00	Cash	0.3800
2024-12-31T00:00:00	Bonds	0.0400
2024-12-31T00:00:00	Australian Shares	-3.1200
2024-12-31T00:00:00	International Shares	2.1600
2024-12-31T00:00:00	International Shares - Indexed	2.4200
2024-12-31T00:00:00	Bonds – Indexed	-0.4300
2024-12-31T00:00:00	Australian Shares – Indexed	-2.6600
2024-12-31T00:00:00	Defensive	0.1900
2024-12-31T00:00:00	Indexed Defensive	0.1000
2024-12-31T00:00:00	SRI - Defensive	-0.1500
2024-12-31T00:00:00	High Growth	-0.1900
2024-12-31T00:00:00	Indexed High Growth	-0.7600
2024-12-31T00:00:00	SRI - High Growth	-1.1600
2024-12-31T00:00:00	Indexed Growth 	-0.9400
2024-12-31T00:00:00	Indexed Conservative	-0.5500
2024-12-31T00:00:00	Indexed Stable	-0.2600
2024-11-30T00:00:00	Stable	1.0500
2024-11-30T00:00:00	Conservative	1.4900
2024-11-30T00:00:00	SRI - Balanced	2.1500
2024-11-30T00:00:00	Indexed Balanced	3.2800
2024-11-30T00:00:00	Balanced	1.6800
2024-11-30T00:00:00	Growth	2.2600
2024-11-30T00:00:00	Cash	0.3500
2024-11-30T00:00:00	Bonds	0.9200
2024-11-30T00:00:00	Australian Shares	3.3000
2024-11-30T00:00:00	International Shares	2.4100
2024-11-30T00:00:00	International Shares - Indexed	4.7500
2024-11-30T00:00:00	Bonds – Indexed	0.9800
2024-11-30T00:00:00	Australian Shares – Indexed	3.3600
2024-11-30T00:00:00	Defensive	0.8900
2024-11-30T00:00:00	Indexed Defensive	1.1800
2024-11-30T00:00:00	SRI - Defensive	0.9600
2024-11-30T00:00:00	High Growth	2.6100
2024-11-30T00:00:00	Indexed High Growth	4.0200
2024-11-30T00:00:00	SRI - High Growth	3.2400
2024-11-30T00:00:00	Indexed Growth 	3.7200
2024-11-30T00:00:00	Indexed Conservative	2.5000
2024-11-30T00:00:00	Indexed Stable	1.9100
2024-11-30T00:00:00	Stable	1.0500
2024-11-30T00:00:00	Conservative	1.4900
2024-11-30T00:00:00	SRI - Balanced	2.1500
2024-11-30T00:00:00	Indexed Balanced	3.2800
2024-11-30T00:00:00	Balanced	1.6800
2024-11-30T00:00:00	Growth	2.2600
2024-11-30T00:00:00	Cash	0.3500
2024-11-30T00:00:00	Bonds	0.9200
2024-11-30T00:00:00	Australian Shares	3.3000
2024-11-30T00:00:00	International Shares	2.4100
2024-11-30T00:00:00	International Shares - Indexed	4.7500
2024-11-30T00:00:00	Bonds – Indexed	0.9800
2024-11-30T00:00:00	Australian Shares – Indexed	3.3600
2024-11-30T00:00:00	Defensive	0.8900
2024-11-30T00:00:00	Indexed Defensive	1.1800
2024-11-30T00:00:00	SRI - Defensive	0.9600
2024-11-30T00:00:00	High Growth	2.6100
2024-11-30T00:00:00	Indexed High Growth	4.0200
2024-11-30T00:00:00	SRI - High Growth	3.2400
2024-11-30T00:00:00	Indexed Growth 	3.7200
2024-11-30T00:00:00	Indexed Conservative	2.5000
2024-11-30T00:00:00	Indexed Stable	1.9100
2024-10-31T00:00:00	Stable	0.1400
2024-10-31T00:00:00	Conservative	0.3800
2024-10-31T00:00:00	SRI - Balanced	0.1300
2024-10-31T00:00:00	Indexed Balanced	-0.0900
2024-10-31T00:00:00	Balanced	0.7100
2024-10-31T00:00:00	Growth	0.8500
2024-10-31T00:00:00	Cash	0.3600
2024-10-31T00:00:00	Bonds	-1.4900
2024-10-31T00:00:00	Australian Shares	-0.7700
2024-10-31T00:00:00	International Shares	2.0400
2024-10-31T00:00:00	International Shares - Indexed	3.5800
2024-10-31T00:00:00	Bonds – Indexed	-1.3300
2024-10-31T00:00:00	Australian Shares – Indexed	-1.0600
2024-10-31T00:00:00	Defensive	-0.0800
2024-10-31T00:00:00	Indexed Defensive	-0.1800
2024-10-31T00:00:00	SRI - Defensive	-0.2400
2024-10-31T00:00:00	High Growth	0.8000
2024-10-31T00:00:00	Indexed High Growth	0.5600
2024-10-31T00:00:00	SRI - High Growth	0.3200
2024-10-31T00:00:00	Indexed Growth 	-0.0500
2024-10-31T00:00:00	Indexed Conservative	-0.3300
2024-10-31T00:00:00	Indexed Stable	-0.4200
2024-10-31T00:00:00	Stable	0.1400
2024-10-31T00:00:00	Conservative	0.3800
2024-10-31T00:00:00	SRI - Balanced	0.1300
2024-10-31T00:00:00	Indexed Balanced	-0.0900
2024-10-31T00:00:00	Balanced	0.7100
2024-10-31T00:00:00	Growth	0.8500
2024-10-31T00:00:00	Cash	0.3600
2024-10-31T00:00:00	Bonds	-1.4900
2024-10-31T00:00:00	Australian Shares	-0.7700
2024-10-31T00:00:00	International Shares	2.0400
2024-10-31T00:00:00	International Shares - Indexed	3.5800
2024-10-31T00:00:00	Bonds – Indexed	-1.3300
2024-10-31T00:00:00	Australian Shares – Indexed	-1.0600
2024-10-31T00:00:00	Defensive	-0.0800
2024-10-31T00:00:00	Indexed Defensive	-0.1800
2024-10-31T00:00:00	SRI - Defensive	-0.2400
2024-10-31T00:00:00	High Growth	0.8000
2024-10-31T00:00:00	Indexed High Growth	0.5600
2024-10-31T00:00:00	SRI - High Growth	0.3200
2024-10-31T00:00:00	Indexed Growth 	-0.0500
2024-10-31T00:00:00	Indexed Conservative	-0.3300
2024-10-31T00:00:00	Indexed Stable	-0.4200
2024-09-30T00:00:00	Stable	0.8700
2024-09-30T00:00:00	Conservative	1.1800
2024-09-30T00:00:00	SRI - Balanced	0.7800
2024-09-30T00:00:00	Indexed Balanced	1.4700
2024-09-30T00:00:00	Balanced	1.2900
2024-09-30T00:00:00	Growth	1.6500
2024-09-30T00:00:00	Cash	0.3600
2024-09-30T00:00:00	Bonds	0.7300
2024-09-30T00:00:00	Australian Shares	3.3300
2024-09-30T00:00:00	International Shares	1.5300
2024-09-30T00:00:00	International Shares - Indexed	-0.3600
2024-09-30T00:00:00	Bonds – Indexed	0.7000
2024-09-30T00:00:00	Australian Shares – Indexed	2.6900
2024-09-30T00:00:00	Defensive	0.8700
2024-09-30T00:00:00	Indexed Defensive	1.8900
2024-09-30T00:00:00	SRI - Defensive	0.5500
2024-09-30T00:00:00	High Growth	1.9000
2024-09-30T00:00:00	Indexed High Growth	1.3900
2024-09-30T00:00:00	SRI - High Growth	0.9000
2024-09-30T00:00:00	Indexed Growth 	
2024-09-30T00:00:00	Indexed Conservative	
2024-09-30T00:00:00	Indexed Stable	
2024-09-30T00:00:00	Stable	0.8700
2024-09-30T00:00:00	Conservative	1.1800
2024-09-30T00:00:00	SRI - Balanced	0.7800
2024-09-30T00:00:00	Indexed Balanced	1.4700
2024-09-30T00:00:00	Balanced	1.2900
2024-09-30T00:00:00	Growth	1.6500
2024-09-30T00:00:00	Cash	0.3600
2024-09-30T00:00:00	Bonds	0.7300
2024-09-30T00:00:00	Australian Shares	3.3300
2024-09-30T00:00:00	International Shares	1.5300
2024-09-30T00:00:00	International Shares - Indexed	-0.3600
2024-09-30T00:00:00	Bonds – Indexed	0.7000
2024-09-30T00:00:00	Australian Shares – Indexed	2.6900
2024-09-30T00:00:00	Defensive	0.8700
2024-09-30T00:00:00	Indexed Defensive	1.8900
2024-09-30T00:00:00	SRI - Defensive	0.5500
2024-09-30T00:00:00	High Growth	1.9000
2024-09-30T00:00:00	Indexed High Growth	1.3900
2024-09-30T00:00:00	SRI - High Growth	0.9000
2024-09-30T00:00:00	Indexed Growth 	0.0000
2024-09-30T00:00:00	Indexed Conservative	0.0000
2024-09-30T00:00:00	Indexed Stable	0.0000
2024-08-31T00:00:00	Stable	0.4100
2024-08-31T00:00:00	Stable	0.4100
2024-08-31T00:00:00	Conservative	0.2300
2024-08-31T00:00:00	Conservative	0.2300
2024-08-31T00:00:00	SRI - Balanced	0.7500
2024-08-31T00:00:00	SRI - Balanced	0.7500
2024-08-31T00:00:00	Indexed Balanced	0.5500
2024-08-31T00:00:00	Indexed Balanced	0.5500
2024-08-31T00:00:00	Balanced	-0.0600
2024-08-31T00:00:00	Balanced	-0.0600
2024-08-31T00:00:00	Growth	-0.2000
2024-08-31T00:00:00	Growth	-0.2000
2024-08-31T00:00:00	Cash	0.3400
2024-08-31T00:00:00	Cash	0.3400
2024-08-31T00:00:00	Bonds	0.8800
2024-08-31T00:00:00	Bonds	0.8800
2024-08-31T00:00:00	Australian Shares	0.7000
2024-08-31T00:00:00	Australian Shares	0.7000
2024-08-31T00:00:00	International Shares	-1.3600
2024-08-31T00:00:00	International Shares	-1.3600
2024-08-31T00:00:00	International Shares - Indexed	-1.1400
2024-08-31T00:00:00	International Shares - Indexed	-1.1400
2024-08-31T00:00:00	Bonds – Indexed	0.8200
2024-08-31T00:00:00	Bonds – Indexed	0.8200
2024-08-31T00:00:00	Australian Shares – Indexed	0.5000
2024-08-31T00:00:00	Australian Shares – Indexed	0.5000
2024-08-31T00:00:00	Defensive	0.4400
2024-08-31T00:00:00	Defensive	0.4400
2024-08-31T00:00:00	Indexed Defensive	0.5100
2024-08-31T00:00:00	Indexed Defensive	0.5100
2024-08-31T00:00:00	SRI - Defensive	0.6300
2024-08-31T00:00:00	SRI - Defensive	0.6300
2024-08-31T00:00:00	High Growth	-0.3600
2024-08-31T00:00:00	High Growth	-0.3600
2024-08-31T00:00:00	Indexed High Growth	0.1300
2024-08-31T00:00:00	Indexed High Growth	0.1300
2024-08-31T00:00:00	SRI - High Growth	0.5200
2024-08-31T00:00:00	SRI - High Growth	0.5200
2024-08-31T00:00:00	Indexed Growth 	
2024-08-31T00:00:00	Indexed Conservative	
2024-08-31T00:00:00	Indexed Stable	
2024-08-31T00:00:00	Stable	0.4100
2024-08-31T00:00:00	Stable	0.4100
2024-08-31T00:00:00	Conservative	0.2300
2024-08-31T00:00:00	Conservative	0.2300
2024-08-31T00:00:00	SRI - Balanced	0.7500
2024-08-31T00:00:00	SRI - Balanced	0.7500
2024-08-31T00:00:00	Indexed Balanced	0.5500
2024-08-31T00:00:00	Indexed Balanced	0.5500
2024-08-31T00:00:00	Balanced	-0.0600
2024-08-31T00:00:00	Balanced	-0.0600
2024-08-31T00:00:00	Growth	-0.2000
2024-08-31T00:00:00	Growth	-0.2000
2024-08-31T00:00:00	Cash	0.3400
2024-08-31T00:00:00	Cash	0.3400
2024-08-31T00:00:00	Bonds	0.8800
2024-08-31T00:00:00	Bonds	0.8800
2024-08-31T00:00:00	Australian Shares	0.7000
2024-08-31T00:00:00	Australian Shares	0.7000
2024-08-31T00:00:00	International Shares	-1.3600
2024-08-31T00:00:00	International Shares	-1.3600
2024-08-31T00:00:00	International Shares - Indexed	-1.1400
2024-08-31T00:00:00	International Shares - Indexed	-1.1400
2024-08-31T00:00:00	Bonds – Indexed	0.8200
2024-08-31T00:00:00	Bonds – Indexed	0.8200
2024-08-31T00:00:00	Australian Shares – Indexed	0.5000
2024-08-31T00:00:00	Australian Shares – Indexed	0.5000
2024-08-31T00:00:00	Defensive	0.4400
2024-08-31T00:00:00	Defensive	0.4400
2024-08-31T00:00:00	Indexed Defensive	0.5100
2024-08-31T00:00:00	Indexed Defensive	0.5100
2024-08-31T00:00:00	SRI - Defensive	0.6300
2024-08-31T00:00:00	SRI - Defensive	0.6300
2024-08-31T00:00:00	High Growth	-0.3600
2024-08-31T00:00:00	High Growth	-0.3600
2024-08-31T00:00:00	Indexed High Growth	0.1300
2024-08-31T00:00:00	Indexed High Growth	0.1300
2024-08-31T00:00:00	SRI - High Growth	0.5200
2024-08-31T00:00:00	SRI - High Growth	0.5200
2024-08-31T00:00:00	Indexed Growth 	0.0000
2024-08-31T00:00:00	Indexed Conservative	0.0000
2024-08-31T00:00:00	Indexed Stable	0.0000
2024-07-31T00:00:00	Stable	1.1600
2024-07-31T00:00:00	Conservative	1.5600
2024-07-31T00:00:00	SRI - Balanced	1.7400
2024-07-31T00:00:00	Indexed Balanced	2.5500
2024-07-31T00:00:00	Balanced	1.7000
2024-07-31T00:00:00	Growth	2.2900
2024-07-31T00:00:00	Cash	0.3700
2024-07-31T00:00:00	Bonds	1.4600
2024-07-31T00:00:00	Australian Shares	3.5100
2024-07-31T00:00:00	International Shares	2.7800
2024-07-31T00:00:00	International Shares - Indexed	3.6400
2024-07-31T00:00:00	Bonds – Indexed	1.5600
2024-07-31T00:00:00	Australian Shares – Indexed	3.7200
2024-07-31T00:00:00	Defensive	1.0400
2024-07-31T00:00:00	Indexed Defensive	1.2400
2024-07-31T00:00:00	SRI - Defensive	1.1000
2024-07-31T00:00:00	High Growth	2.6700
2024-07-31T00:00:00	Indexed High Growth	3.2100
2024-07-31T00:00:00	SRI - High Growth	2.9600
2024-07-31T00:00:00	Stable	1.1600
2024-07-31T00:00:00	Conservative	1.5600
2024-07-31T00:00:00	SRI - Balanced	1.7400
2024-07-31T00:00:00	Indexed Balanced	2.5500
2024-07-31T00:00:00	Balanced	1.7000
2024-07-31T00:00:00	Growth	2.2900
2024-07-31T00:00:00	Cash	0.3700
2024-07-31T00:00:00	Bonds	1.4600
2024-07-31T00:00:00	Australian Shares	3.5100
2024-07-31T00:00:00	International Shares	2.7800
2024-07-31T00:00:00	International Shares - Indexed	3.6400
2024-07-31T00:00:00	Bonds – Indexed	1.5600
2024-07-31T00:00:00	Australian Shares – Indexed	3.7200
2024-07-31T00:00:00	Defensive	1.0400
2024-07-31T00:00:00	Indexed Defensive	1.2400
2024-07-31T00:00:00	SRI - Defensive	1.1000
2024-07-31T00:00:00	High Growth	2.6700
2024-07-31T00:00:00	Indexed High Growth	3.2100
2024-07-31T00:00:00	SRI - High Growth	2.9600
2024-06-30T00:00:00	Stable	0.3000
2024-06-30T00:00:00	Conservative	0.4100
2024-06-30T00:00:00	SRI - Balanced	0.5200
2024-06-30T00:00:00	Indexed Balanced	1.3100
2024-06-30T00:00:00	Balanced	0.6300
2024-06-30T00:00:00	Growth	0.6000
2024-06-30T00:00:00	Cash	0.3500
2024-06-30T00:00:00	Bonds	0.5600
2024-06-30T00:00:00	Australian Shares	-0.0400
2024-06-30T00:00:00	International Shares	1.0600
2024-06-30T00:00:00	International Shares - Indexed	1.6900
2024-06-30T00:00:00	Bonds – Indexed	0.6800
2024-06-30T00:00:00	Australian Shares – Indexed	1.0200
2024-06-30T00:00:00	Defensive	0.3800
2024-06-30T00:00:00	Indexed Defensive	0.6000
2024-06-30T00:00:00	SRI - Defensive	0.4300
2024-06-30T00:00:00	High Growth	0.7600
2024-06-30T00:00:00	Indexed High Growth	1.3900
2024-06-30T00:00:00	SRI - High Growth	0.9900
2024-06-30T00:00:00	Stable	0.3000
2024-06-30T00:00:00	Conservative	0.4100
2024-06-30T00:00:00	SRI - Balanced	0.5200
2024-06-30T00:00:00	Indexed Balanced	1.3100
2024-06-30T00:00:00	Balanced	0.6300
2024-06-30T00:00:00	Growth	0.6000
2024-06-30T00:00:00	Cash	0.3500
2024-06-30T00:00:00	Bonds	0.5600
2024-06-30T00:00:00	Australian Shares	-0.0400
2024-06-30T00:00:00	International Shares	1.0600
2024-06-30T00:00:00	International Shares - Indexed	1.6900
2024-06-30T00:00:00	Bonds – Indexed	0.6800
2024-06-30T00:00:00	Australian Shares – Indexed	1.0200
2024-06-30T00:00:00	Defensive	0.3800
2024-06-30T00:00:00	Indexed Defensive	0.6000
2024-06-30T00:00:00	SRI - Defensive	0.4300
2024-06-30T00:00:00	High Growth	0.7600
2024-06-30T00:00:00	Indexed High Growth	1.3900
2024-06-30T00:00:00	SRI - High Growth	0.9900
2024-05-31T00:00:00	Stable	0.4400
2024-05-31T00:00:00	Conservative	0.4200
2024-05-31T00:00:00	SRI - Balanced	1.0100
2024-05-31T00:00:00	Indexed Balanced	1.5500
2024-05-31T00:00:00	Balanced	0.3700
2024-05-31T00:00:00	Growth	0.3800
2024-05-31T00:00:00	Cash	0.3600
2024-05-31T00:00:00	Bonds	0.4700
2024-05-31T00:00:00	Australian Shares	0.3100
2024-05-31T00:00:00	International Shares	0.1800
2024-05-31T00:00:00	International Shares - Indexed	1.8600
2024-05-31T00:00:00	Bonds – Indexed	0.4800
2024-05-31T00:00:00	Australian Shares – Indexed	0.9000
2024-05-31T00:00:00	Defensive	0.3800
2024-05-31T00:00:00	Indexed Defensive	0.6200
2024-05-31T00:00:00	SRI - Defensive	0.4700
2024-05-31T00:00:00	High Growth	0.3500
2024-05-31T00:00:00	Indexed High Growth	1.6800
2024-05-31T00:00:00	SRI - High Growth	1.3600
2024-05-31T00:00:00	Stable	0.4400
2024-05-31T00:00:00	Conservative	0.4200
2024-05-31T00:00:00	SRI - Balanced	1.0100
2024-05-31T00:00:00	Indexed Balanced	1.5500
2024-05-31T00:00:00	Balanced	0.3700
2024-05-31T00:00:00	Growth	0.3800
2024-05-31T00:00:00	Cash	0.3600
2024-05-31T00:00:00	Bonds	0.4700
2024-05-31T00:00:00	Australian Shares	0.3100
2024-05-31T00:00:00	International Shares	0.1800
2024-05-31T00:00:00	International Shares - Indexed	1.8600
2024-05-31T00:00:00	Bonds – Indexed	0.4800
2024-05-31T00:00:00	Australian Shares – Indexed	0.9000
2024-05-31T00:00:00	Defensive	0.3800
2024-05-31T00:00:00	Indexed Defensive	0.6200
2024-05-31T00:00:00	SRI - Defensive	0.4700
2024-05-31T00:00:00	High Growth	0.3500
2024-05-31T00:00:00	Indexed High Growth	1.6800
2024-05-31T00:00:00	SRI - High Growth	1.3600
2024-04-30T00:00:00	Stable	-0.4000
2024-04-30T00:00:00	Conservative	-0.6400
2024-04-30T00:00:00	SRI - Balanced	-1.4600
2024-04-30T00:00:00	Indexed Balanced	-2.2900
2024-04-30T00:00:00	Balanced	-0.6500
2024-04-30T00:00:00	Growth	-1.0700
2024-04-30T00:00:00	Cash	0.3900
2024-04-30T00:00:00	Bonds	-1.3400
2024-04-30T00:00:00	Australian Shares	-1.5900
2024-04-30T00:00:00	International Shares	-1.8000
2024-04-30T00:00:00	International Shares - Indexed	-2.9500
2024-04-30T00:00:00	Bonds – Indexed	-1.5300
2024-04-30T00:00:00	Australian Shares – Indexed	-2.4600
2024-04-30T00:00:00	Defensive	-0.3300
2024-04-30T00:00:00	Indexed Defensive	-0.6700
2024-04-30T00:00:00	SRI - Defensive	-0.5300
2024-04-30T00:00:00	High Growth	-1.4100
2024-04-30T00:00:00	Indexed High Growth	-2.6900
2024-04-30T00:00:00	SRI - High Growth	-2.1300
2024-04-30T00:00:00	Stable	-0.4000
2024-04-30T00:00:00	Conservative	-0.6400
2024-04-30T00:00:00	SRI - Balanced	-1.4600
2024-04-30T00:00:00	Indexed Balanced	-2.2900
2024-04-30T00:00:00	Balanced	-0.6500
2024-04-30T00:00:00	Growth	-1.0700
2024-04-30T00:00:00	Cash	0.3900
2024-04-30T00:00:00	Bonds	-1.3400
2024-04-30T00:00:00	Australian Shares	-1.5900
2024-04-30T00:00:00	International Shares	-1.8000
2024-04-30T00:00:00	International Shares - Indexed	-2.9500
2024-04-30T00:00:00	Bonds – Indexed	-1.5300
2024-04-30T00:00:00	Australian Shares – Indexed	-2.4600
2024-04-30T00:00:00	Defensive	-0.3300
2024-04-30T00:00:00	Indexed Defensive	-0.6700
2024-04-30T00:00:00	SRI - Defensive	-0.5300
2024-04-30T00:00:00	High Growth	-1.4100
2024-04-30T00:00:00	Indexed High Growth	-2.6900
2024-04-30T00:00:00	SRI - High Growth	-2.1300
2024-03-31T00:00:00	Stable	0.9600
2024-03-31T00:00:00	Conservative	1.5000
2024-03-31T00:00:00	SRI - Balanced	1.7400
2024-03-31T00:00:00	Indexed Balanced	2.3500
2024-03-31T00:00:00	Balanced	1.7600
2024-03-31T00:00:00	Growth	2.4300
2024-03-31T00:00:00	Cash	0.3200
2024-03-31T00:00:00	Bonds	0.9200
2024-03-31T00:00:00	Australian Shares	3.8000
2024-03-31T00:00:00	International Shares	3.0200
2024-03-31T00:00:00	International Shares - Indexed	2.7000
2024-03-31T00:00:00	Bonds – Indexed	0.8200
2024-03-31T00:00:00	Australian Shares – Indexed	2.9600
2024-03-31T00:00:00	Defensive	0.8300
2024-03-31T00:00:00	Indexed Defensive	0.8600
2024-03-31T00:00:00	SRI - Defensive	0.7800
2024-03-31T00:00:00	High Growth	2.9100
2024-03-31T00:00:00	Indexed High Growth	2.8900
2024-03-31T00:00:00	SRI - High Growth	2.6600
2024-03-31T00:00:00	Stable	0.9600
2024-03-31T00:00:00	Conservative	1.5000
2024-03-31T00:00:00	SRI - Balanced	1.7400
2024-03-31T00:00:00	Indexed Balanced	2.3500
2024-03-31T00:00:00	Balanced	1.7600
2024-03-31T00:00:00	Growth	2.4300
2024-03-31T00:00:00	Cash	0.3200
2024-03-31T00:00:00	Bonds	0.9200
2024-03-31T00:00:00	Australian Shares	3.8000
2024-03-31T00:00:00	International Shares	3.0200
2024-03-31T00:00:00	International Shares - Indexed	2.7000
2024-03-31T00:00:00	Bonds – Indexed	0.8200
2024-03-31T00:00:00	Australian Shares – Indexed	2.9600
2024-03-31T00:00:00	Defensive	0.8300
2024-03-31T00:00:00	Indexed Defensive	0.8600
2024-03-31T00:00:00	SRI - Defensive	0.7800
2024-03-31T00:00:00	High Growth	2.9100
2024-03-31T00:00:00	Indexed High Growth	2.8900
2024-03-31T00:00:00	SRI - High Growth	2.6600
2024-02-29T00:00:00	Stable	0.6600
2024-02-29T00:00:00	Conservative	1.2500
2024-02-29T00:00:00	SRI - Balanced	1.0300
2024-02-29T00:00:00	Indexed Balanced	2.1800
2024-02-29T00:00:00	Balanced	1.6000
2024-02-29T00:00:00	Growth	2.2400
2024-02-29T00:00:00	Cash	0.3400
2024-02-29T00:00:00	Bonds	-0.3400
2024-02-29T00:00:00	Australian Shares	0.9300
2024-02-29T00:00:00	International Shares	4.8000
2024-02-29T00:00:00	International Shares - Indexed	5.4300
2024-02-29T00:00:00	Bonds – Indexed	-0.5500
2024-02-29T00:00:00	Australian Shares – Indexed	0.8300
2024-02-29T00:00:00	Defensive	0.4800
2024-02-29T00:00:00	Indexed Defensive	0.5300
2024-02-29T00:00:00	SRI - Defensive	0.2900
2024-02-29T00:00:00	High Growth	2.6200
2024-02-29T00:00:00	Indexed High Growth	2.8800
2024-02-29T00:00:00	SRI - High Growth	1.8400
2024-02-29T00:00:00	Stable	0.6600
2024-02-29T00:00:00	Conservative	1.2500
2024-02-29T00:00:00	SRI - Balanced	1.0300
2024-02-29T00:00:00	Indexed Balanced	2.1800
2024-02-29T00:00:00	Balanced	1.6000
2024-02-29T00:00:00	Growth	2.2400
2024-02-29T00:00:00	Cash	0.3400
2024-02-29T00:00:00	Bonds	-0.3400
2024-02-29T00:00:00	Australian Shares	0.9300
2024-02-29T00:00:00	International Shares	4.8000
2024-02-29T00:00:00	International Shares - Indexed	5.4300
2024-02-29T00:00:00	Bonds – Indexed	-0.5500
2024-02-29T00:00:00	Australian Shares – Indexed	0.8300
2024-02-29T00:00:00	Defensive	0.4800
2024-02-29T00:00:00	Indexed Defensive	0.5300
2024-02-29T00:00:00	SRI - Defensive	0.2900
2024-02-29T00:00:00	High Growth	2.6200
2024-02-29T00:00:00	Indexed High Growth	2.8800
2024-02-29T00:00:00	SRI - High Growth	1.8400
2024-01-31T00:00:00	Stable	0.3400
2024-01-31T00:00:00	Conservative	0.6500
2024-01-31T00:00:00	SRI - Balanced	1.0200
2024-01-31T00:00:00	Indexed Balanced	1.5100
2024-01-31T00:00:00	Balanced	0.7800
2024-01-31T00:00:00	Growth	1.2100
2024-01-31T00:00:00	Cash	0.3600
2024-01-31T00:00:00	Bonds	-0.1200
2024-01-31T00:00:00	Australian Shares	0.9200
2024-01-31T00:00:00	International Shares	2.5500
2024-01-31T00:00:00	International Shares - Indexed	4.1400
2024-01-31T00:00:00	Bonds – Indexed	-0.1900
2024-01-31T00:00:00	Australian Shares – Indexed	1.1500
2024-01-31T00:00:00	Defensive	0.3800
2024-01-31T00:00:00	Indexed Defensive	0.1800
2024-01-31T00:00:00	SRI - Defensive	0.4900
2024-01-31T00:00:00	High Growth	1.4800
2024-01-31T00:00:00	Indexed High Growth	2.0300
2024-01-31T00:00:00	SRI - High Growth	2.1400
2024-01-31T00:00:00	Stable	0.3400
2024-01-31T00:00:00	Conservative	0.6500
2024-01-31T00:00:00	SRI - Balanced	1.0200
2024-01-31T00:00:00	Indexed Balanced	1.5100
2024-01-31T00:00:00	Balanced	0.7800
2024-01-31T00:00:00	Growth	1.2100
2024-01-31T00:00:00	Cash	0.3600
2024-01-31T00:00:00	Bonds	-0.1200
2024-01-31T00:00:00	Australian Shares	0.9200
2024-01-31T00:00:00	International Shares	2.5500
2024-01-31T00:00:00	International Shares - Indexed	4.1400
2024-01-31T00:00:00	Bonds – Indexed	-0.1900
2024-01-31T00:00:00	Australian Shares – Indexed	1.1500
2024-01-31T00:00:00	Defensive	0.3800
2024-01-31T00:00:00	Indexed Defensive	0.1800
2024-01-31T00:00:00	SRI - Defensive	0.4900
2024-01-31T00:00:00	High Growth	1.4800
2024-01-31T00:00:00	Indexed High Growth	2.0300
2024-01-31T00:00:00	SRI - High Growth	2.1400
2023-12-31T00:00:00	Stable	1.4600
2023-12-31T00:00:00	Conservative	1.9500
2023-12-31T00:00:00	SRI - Balanced	2.7300
2023-12-31T00:00:00	Indexed Balanced	3.6700
2023-12-31T00:00:00	Balanced	2.1600
2023-12-31T00:00:00	Growth	2.8900
2023-12-31T00:00:00	Cash	0.3700
2023-12-31T00:00:00	Bonds	2.4100
2023-12-31T00:00:00	Australian Shares	5.9700
2023-12-31T00:00:00	International Shares	2.4200
2023-12-31T00:00:00	International Shares - Indexed	1.6400
2023-12-31T00:00:00	Bonds – Indexed	2.5000
2023-12-31T00:00:00	Australian Shares – Indexed	6.3100
2023-12-31T00:00:00	Defensive	1.2800
2023-12-31T00:00:00	Indexed Defensive	1.5200
2023-12-31T00:00:00	SRI - Defensive	1.4900
2023-12-31T00:00:00	High Growth	3.4600
2023-12-31T00:00:00	Indexed High Growth	4.3200
2023-12-31T00:00:00	SRI - High Growth	3.7500
2023-12-31T00:00:00	Stable	1.4600
2023-12-31T00:00:00	Conservative	1.9500
2023-12-31T00:00:00	SRI - Balanced	2.7300
2023-12-31T00:00:00	Indexed Balanced	3.6700
2023-12-31T00:00:00	Balanced	2.1600
2023-12-31T00:00:00	Growth	2.8900
2023-12-31T00:00:00	Cash	0.3700
2023-12-31T00:00:00	Bonds	2.4100
2023-12-31T00:00:00	Australian Shares	5.9700
2023-12-31T00:00:00	International Shares	2.4200
2023-12-31T00:00:00	International Shares - Indexed	1.6400
2023-12-31T00:00:00	Bonds – Indexed	2.5000
2023-12-31T00:00:00	Australian Shares – Indexed	6.3100
2023-12-31T00:00:00	Defensive	1.2800
2023-12-31T00:00:00	Indexed Defensive	1.5200
2023-12-31T00:00:00	SRI - Defensive	1.4900
2023-12-31T00:00:00	High Growth	3.4600
2023-12-31T00:00:00	Indexed High Growth	4.3200
2023-12-31T00:00:00	SRI - High Growth	3.7500
2023-11-30T00:00:00	Stable	1.5300
2023-11-30T00:00:00	Conservative	1.9800
2023-11-30T00:00:00	SRI - Balanced	3.3000
2023-11-30T00:00:00	Indexed Balanced	4.2900
2023-11-30T00:00:00	Balanced	2.1000
2023-11-30T00:00:00	Growth	2.8500
2023-11-30T00:00:00	Cash	0.3400
2023-11-30T00:00:00	Bonds	2.6300
2023-11-30T00:00:00	Australian Shares	4.1700
2023-11-30T00:00:00	International Shares	3.8700
2023-11-30T00:00:00	International Shares - Indexed	4.0200
2023-11-30T00:00:00	Bonds – Indexed	2.6800
2023-11-30T00:00:00	Australian Shares – Indexed	4.4100
2023-11-30T00:00:00	Defensive	1.3700
2023-11-30T00:00:00	Indexed Defensive	1.7400
2023-11-30T00:00:00	SRI - Defensive	1.6400
2023-11-30T00:00:00	High Growth	3.4500
2023-11-30T00:00:00	Indexed High Growth	5.0700
2023-11-30T00:00:00	SRI - High Growth	4.5800
2023-11-30T00:00:00	Stable	1.5300
2023-11-30T00:00:00	Conservative	1.9800
2023-11-30T00:00:00	SRI - Balanced	3.3000
2023-11-30T00:00:00	Indexed Balanced	4.2900
2023-11-30T00:00:00	Balanced	2.1000
2023-11-30T00:00:00	Growth	2.8500
2023-11-30T00:00:00	Cash	0.3400
2023-11-30T00:00:00	Bonds	2.6300
2023-11-30T00:00:00	Australian Shares	4.1700
2023-11-30T00:00:00	International Shares	3.8700
2023-11-30T00:00:00	International Shares - Indexed	4.0200
2023-11-30T00:00:00	Bonds – Indexed	2.6800
2023-11-30T00:00:00	Australian Shares – Indexed	4.4100
2023-11-30T00:00:00	Defensive	1.3700
2023-11-30T00:00:00	Indexed Defensive	1.7400
2023-11-30T00:00:00	SRI - Defensive	1.6400
2023-11-30T00:00:00	High Growth	3.4500
2023-11-30T00:00:00	Indexed High Growth	5.0700
2023-11-30T00:00:00	SRI - High Growth	4.5800
2023-10-31T00:00:00	Stable	-0.6300
2023-10-31T00:00:00	Conservative	-1.1200
2023-10-31T00:00:00	SRI - Balanced	-1.8000
2023-10-31T00:00:00	Indexed Balanced	-1.9400
2023-10-31T00:00:00	Balanced	-1.3900
2023-10-31T00:00:00	Growth	-2.0200
2023-10-31T00:00:00	Cash	0.3400
2023-10-31T00:00:00	Bonds	-1.1200
2023-10-31T00:00:00	Australian Shares	-3.7100
2023-10-31T00:00:00	International Shares	-2.3200
2023-10-31T00:00:00	International Shares - Indexed	-0.9800
2023-10-31T00:00:00	Bonds – Indexed	-0.8900
2023-10-31T00:00:00	Australian Shares – Indexed	-3.1700
2023-10-31T00:00:00	Defensive	-0.4700
2023-10-31T00:00:00	Indexed Defensive	-0.4700
2023-10-31T00:00:00	SRI - Defensive	-0.5100
2023-10-31T00:00:00	High Growth	-2.5800
2023-10-31T00:00:00	Indexed High Growth	-2.4500
2023-10-31T00:00:00	SRI - High Growth	-2.5300
2023-10-31T00:00:00	Stable	-0.6300
2023-10-31T00:00:00	Conservative	-1.1200
2023-10-31T00:00:00	SRI - Balanced	-1.8000
2023-10-31T00:00:00	Indexed Balanced	-1.9400
2023-10-31T00:00:00	Balanced	-1.3900
2023-10-31T00:00:00	Growth	-2.0200
2023-10-31T00:00:00	Cash	0.3400
2023-10-31T00:00:00	Bonds	-1.1200
2023-10-31T00:00:00	Australian Shares	-3.7100
2023-10-31T00:00:00	International Shares	-2.3200
2023-10-31T00:00:00	International Shares - Indexed	-0.9800
2023-10-31T00:00:00	Bonds – Indexed	-0.8900
2023-10-31T00:00:00	Australian Shares – Indexed	-3.1700
2023-10-31T00:00:00	Defensive	-0.4700
2023-10-31T00:00:00	Indexed Defensive	-0.4700
2023-10-31T00:00:00	SRI - Defensive	-0.5100
2023-10-31T00:00:00	High Growth	-2.5800
2023-10-31T00:00:00	Indexed High Growth	-2.4500
2023-10-31T00:00:00	SRI - High Growth	-2.5300
2023-09-30T00:00:00	Stable	-0.7000
2023-09-30T00:00:00	Conservative	-1.1900
2023-09-30T00:00:00	SRI - Balanced	-2.0800
2023-09-30T00:00:00	Indexed Balanced	-2.5000
2023-09-30T00:00:00	Balanced	-1.4200
2023-09-30T00:00:00	Growth	-2.1100
2023-09-30T00:00:00	Cash	0.3300
2023-09-30T00:00:00	Bonds	-1.2200
2023-09-30T00:00:00	Australian Shares	-2.7100
2023-09-30T00:00:00	International Shares	-3.4000
2023-09-30T00:00:00	International Shares - Indexed	-3.5700
2023-09-30T00:00:00	Bonds – Indexed	-1.6400
2023-09-30T00:00:00	Australian Shares – Indexed	-2.3300
2023-09-30T00:00:00	Defensive	
2023-09-30T00:00:00	Indexed Defensive	
2023-09-30T00:00:00	SRI - Defensive	
2023-09-30T00:00:00	High Growth	
2023-09-30T00:00:00	Indexed High Growth	
2023-09-30T00:00:00	SRI - High Growth	
2023-09-30T00:00:00	Stable	-0.7000
2023-09-30T00:00:00	Conservative	-1.1900
2023-09-30T00:00:00	SRI - Balanced	-2.0800
2023-09-30T00:00:00	Indexed Balanced	-2.5000
2023-09-30T00:00:00	Balanced	-1.4200
2023-09-30T00:00:00	Growth	-2.1100
2023-09-30T00:00:00	Cash	0.3300
2023-09-30T00:00:00	Bonds	-1.2200
2023-09-30T00:00:00	Australian Shares	-2.7100
2023-09-30T00:00:00	International Shares	-3.4000
2023-09-30T00:00:00	International Shares - Indexed	-3.5700
2023-09-30T00:00:00	Bonds – Indexed	-1.6400
2023-09-30T00:00:00	Australian Shares – Indexed	-2.3300
2023-09-30T00:00:00	Defensive	0.0000
2023-09-30T00:00:00	Indexed Defensive	0.0000
2023-09-30T00:00:00	SRI - Defensive	0.0000
2023-09-30T00:00:00	High Growth	0.0000
2023-09-30T00:00:00	Indexed High Growth	0.0000
2023-09-30T00:00:00	SRI - High Growth	0.0000
2023-08-31T00:00:00	Stable	0.2200
2023-08-31T00:00:00	Conservative	0.0800
2023-08-31T00:00:00	SRI - Balanced	-0.5400
2023-08-31T00:00:00	Indexed Balanced	-0.1700
2023-08-31T00:00:00	Balanced	-0.0200
2023-08-31T00:00:00	Growth	-0.1300
2023-08-31T00:00:00	Cash	0.3400
2023-08-31T00:00:00	Bonds	0.1300
2023-08-31T00:00:00	Australian Shares	-1.1400
2023-08-31T00:00:00	International Shares	0.1700
2023-08-31T00:00:00	International Shares - Indexed	1.4300
2023-08-31T00:00:00	Bonds – Indexed	0.6200
2023-08-31T00:00:00	Australian Shares – Indexed	-0.5400
2023-08-31T00:00:00	Stable	0.2200
2023-08-31T00:00:00	Conservative	0.0800
2023-08-31T00:00:00	SRI - Balanced	-0.5400
2023-08-31T00:00:00	Indexed Balanced	-0.1700
2023-08-31T00:00:00	Balanced	-0.0200
2023-08-31T00:00:00	Growth	-0.1300
2023-08-31T00:00:00	Cash	0.3400
2023-08-31T00:00:00	Bonds	0.1300
2023-08-31T00:00:00	Australian Shares	-1.1400
2023-08-31T00:00:00	International Shares	0.1700
2023-08-31T00:00:00	International Shares - Indexed	1.4300
2023-08-31T00:00:00	Bonds – Indexed	0.6200
2023-08-31T00:00:00	Australian Shares – Indexed	-0.5400
2023-07-31T00:00:00	Stable	0.8100
2023-07-31T00:00:00	Conservative	1.2300
2023-07-31T00:00:00	SRI - Balanced	1.2900
2023-07-31T00:00:00	Indexed Balanced	1.8600
2023-07-31T00:00:00	Balanced	1.5200
2023-07-31T00:00:00	Growth	1.9900
2023-07-31T00:00:00	Cash	0.3500
2023-07-31T00:00:00	Bonds	0.2700
2023-07-31T00:00:00	Australian Shares	2.9800
2023-07-31T00:00:00	International Shares	2.4800
2023-07-31T00:00:00	International Shares - Indexed	1.9500
2023-07-31T00:00:00	Bonds – Indexed	0.4000
2023-07-31T00:00:00	Australian Shares – Indexed	2.6100
2023-07-31T00:00:00	Stable	0.8100
2023-07-31T00:00:00	Conservative	1.2300
2023-07-31T00:00:00	SRI - Balanced	1.2900
2023-07-31T00:00:00	Indexed Balanced	1.8600
2023-07-31T00:00:00	Balanced	1.5200
2023-07-31T00:00:00	Growth	1.9900
2023-07-31T00:00:00	Cash	0.3500
2023-07-31T00:00:00	Bonds	0.2700
2023-07-31T00:00:00	Australian Shares	2.9800
2023-07-31T00:00:00	International Shares	2.4800
2023-07-31T00:00:00	International Shares - Indexed	1.9500
2023-07-31T00:00:00	Bonds – Indexed	0.4000
2023-07-31T00:00:00	Australian Shares – Indexed	2.6100
2023-06-30T00:00:00	Stable	0.2200
2023-06-30T00:00:00	Conservative	0.6700
2023-06-30T00:00:00	SRI - Balanced	0.8500
2023-06-30T00:00:00	Indexed Balanced	1.9600
2023-06-30T00:00:00	Balanced	1.0600
2023-06-30T00:00:00	Growth	1.5000
2023-06-30T00:00:00	Cash	0.3200
2023-06-30T00:00:00	Bonds	-0.6000
2023-06-30T00:00:00	Australian Shares	1.4700
2023-06-30T00:00:00	International Shares	2.4300
2023-06-30T00:00:00	International Shares - Indexed	2.7900
2023-06-30T00:00:00	Bonds – Indexed	-0.8600
2023-06-30T00:00:00	Australian Shares – Indexed	1.6000
2023-06-30T00:00:00	Stable	0.2200
2023-06-30T00:00:00	Conservative	0.6700
2023-06-30T00:00:00	SRI - Balanced	0.8500
2023-06-30T00:00:00	Indexed Balanced	1.9600
2023-06-30T00:00:00	Balanced	1.0600
2023-06-30T00:00:00	Growth	1.5000
2023-06-30T00:00:00	Cash	0.3200
2023-06-30T00:00:00	Bonds	-0.6000
2023-06-30T00:00:00	Australian Shares	1.4700
2023-06-30T00:00:00	International Shares	2.4300
2023-06-30T00:00:00	International Shares - Indexed	2.7900
2023-06-30T00:00:00	Bonds – Indexed	-0.8600
2023-06-30T00:00:00	Australian Shares – Indexed	1.6000
2023-05-31T00:00:00	Stable	0.0100
2023-05-31T00:00:00	Conservative	0.0500
2023-05-31T00:00:00	SRI - Balanced	-0.4600
2023-05-31T00:00:00	Indexed Balanced	-0.6500
2023-05-31T00:00:00	Balanced	0.1000
2023-05-31T00:00:00	Growth	0.0900
2023-05-31T00:00:00	Cash	0.3300
2023-05-31T00:00:00	Bonds	-0.5800
2023-05-31T00:00:00	Australian Shares	-1.6300
2023-05-31T00:00:00	International Shares	1.2900
2023-05-31T00:00:00	International Shares - Indexed	1.2000
2023-05-31T00:00:00	Bonds – Indexed	-0.6600
2023-05-31T00:00:00	Australian Shares – Indexed	-2.1200
2023-05-31T00:00:00	Stable	0.0100
2023-05-31T00:00:00	Conservative	0.0500
2023-05-31T00:00:00	SRI - Balanced	-0.4600
2023-05-31T00:00:00	Indexed Balanced	-0.6500
2023-05-31T00:00:00	Balanced	0.1000
2023-05-31T00:00:00	Growth	0.0900
2023-05-31T00:00:00	Cash	0.3300
2023-05-31T00:00:00	Bonds	-0.5800
2023-05-31T00:00:00	Australian Shares	-1.6300
2023-05-31T00:00:00	International Shares	1.2900
2023-05-31T00:00:00	International Shares - Indexed	1.2000
2023-05-31T00:00:00	Bonds – Indexed	-0.6600
2023-05-31T00:00:00	Australian Shares – Indexed	-2.1200
2023-04-30T00:00:00	Stable	0.6400
2023-04-30T00:00:00	Conservative	0.8300
2023-04-30T00:00:00	SRI - Balanced	1.1800
2023-04-30T00:00:00	Indexed Balanced	1.5900
2023-04-30T00:00:00	Balanced	0.9200
2023-04-30T00:00:00	Growth	1.1800
2023-04-30T00:00:00	Cash	0.2900
2023-04-30T00:00:00	Bonds	0.4300
2023-04-30T00:00:00	Australian Shares	1.8600
2023-04-30T00:00:00	International Shares	1.1900
2023-04-30T00:00:00	International Shares - Indexed	2.9000
2023-04-30T00:00:00	Bonds – Indexed	0.5300
2023-04-30T00:00:00	Australian Shares – Indexed	1.7000
2023-04-30T00:00:00	Stable	0.6400
2023-04-30T00:00:00	Conservative	0.8300
2023-04-30T00:00:00	SRI - Balanced	1.1800
2023-04-30T00:00:00	Indexed Balanced	1.5900
2023-04-30T00:00:00	Balanced	0.9200
2023-04-30T00:00:00	Growth	1.1800
2023-04-30T00:00:00	Cash	0.2900
2023-04-30T00:00:00	Bonds	0.4300
2023-04-30T00:00:00	Australian Shares	1.8600
2023-04-30T00:00:00	International Shares	1.1900
2023-04-30T00:00:00	International Shares - Indexed	2.9000
2023-04-30T00:00:00	Bonds – Indexed	0.5300
2023-04-30T00:00:00	Australian Shares – Indexed	1.7000
2023-03-31T00:00:00	Stable	0.8300
2023-03-31T00:00:00	Conservative	0.8900
2023-03-31T00:00:00	SRI - Balanced	0.5500
2023-03-31T00:00:00	Indexed Balanced	1.5300
2023-03-31T00:00:00	Balanced	0.7500
2023-03-31T00:00:00	Growth	0.9800
2023-03-31T00:00:00	Cash	0.3000
2023-03-31T00:00:00	Bonds	1.6200
2023-03-31T00:00:00	Australian Shares	-0.2300
2023-03-31T00:00:00	International Shares	2.3000
2023-03-31T00:00:00	International Shares - Indexed	3.5800
2023-03-31T00:00:00	Bonds – Indexed	1.9600
2023-03-31T00:00:00	Australian Shares – Indexed	-0.0600
2023-03-31T00:00:00	Stable	0.8300
2023-03-31T00:00:00	Conservative	0.8900
2023-03-31T00:00:00	SRI - Balanced	0.5500
2023-03-31T00:00:00	Indexed Balanced	1.5300
2023-03-31T00:00:00	Balanced	0.7500
2023-03-31T00:00:00	Growth	0.9800
2023-03-31T00:00:00	Cash	0.3000
2023-03-31T00:00:00	Bonds	1.6200
2023-03-31T00:00:00	Australian Shares	-0.2300
2023-03-31T00:00:00	International Shares	2.3000
2023-03-31T00:00:00	International Shares - Indexed	3.5800
2023-03-31T00:00:00	Bonds – Indexed	1.9600
2023-03-31T00:00:00	Australian Shares – Indexed	-0.0600
2023-02-28T00:00:00	Stable	-0.1300
2023-02-28T00:00:00	Conservative	-0.0700
2023-02-28T00:00:00	SRI - Balanced	-0.5600
2023-02-28T00:00:00	Indexed Balanced	-0.8500
2023-02-28T00:00:00	Balanced	-0.0100
2023-02-28T00:00:00	Growth	0.0000
2023-02-28T00:00:00	Cash	0.2300
2023-02-28T00:00:00	Bonds	-1.0300
2023-02-28T00:00:00	Australian Shares	-1.6200
2023-02-28T00:00:00	International Shares	1.0400
2023-02-28T00:00:00	International Shares - Indexed	1.8500
2023-02-28T00:00:00	Bonds – Indexed	-1.3300
2023-02-28T00:00:00	Australian Shares – Indexed	-2.0500
2023-02-28T00:00:00	Stable	-0.1300
2023-02-28T00:00:00	Conservative	-0.0700
2023-02-28T00:00:00	SRI - Balanced	-0.5600
2023-02-28T00:00:00	Indexed Balanced	-0.8500
2023-02-28T00:00:00	Balanced	-0.0100
2023-02-28T00:00:00	Growth	0.0000
2023-02-28T00:00:00	Cash	0.2300
2023-02-28T00:00:00	Bonds	-1.0300
2023-02-28T00:00:00	Australian Shares	-1.6200
2023-02-28T00:00:00	International Shares	1.0400
2023-02-28T00:00:00	International Shares - Indexed	1.8500
2023-02-28T00:00:00	Bonds – Indexed	-1.3300
2023-02-28T00:00:00	Australian Shares – Indexed	-2.0500
2023-01-31T00:00:00	Stable	1.5900
2023-01-31T00:00:00	Conservative	2.2400
2023-01-31T00:00:00	SRI - Balanced	2.9500
2023-01-31T00:00:00	Indexed Balanced	3.9500
2023-01-31T00:00:00	Balanced	2.4600
2023-01-31T00:00:00	Growth	3.3800
2023-01-31T00:00:00	Cash	0.2700
2023-01-31T00:00:00	Bonds	1.7300
2023-01-31T00:00:00	Australian Shares	5.4300
2023-01-31T00:00:00	International Shares	3.9100
2023-01-31T00:00:00	International Shares - Indexed	2.7600
2023-01-31T00:00:00	Bonds – Indexed	1.8300
2023-01-31T00:00:00	Australian Shares – Indexed	5.4600
2023-01-31T00:00:00	Stable	1.5900
2023-01-31T00:00:00	Conservative	2.2400
2023-01-31T00:00:00	SRI - Balanced	2.9500
2023-01-31T00:00:00	Indexed Balanced	3.9500
2023-01-31T00:00:00	Balanced	2.4600
2023-01-31T00:00:00	Growth	3.3800
2023-01-31T00:00:00	Cash	0.2700
2023-01-31T00:00:00	Bonds	1.7300
2023-01-31T00:00:00	Australian Shares	5.4300
2023-01-31T00:00:00	International Shares	3.9100
2023-01-31T00:00:00	International Shares - Indexed	2.7600
2023-01-31T00:00:00	Bonds – Indexed	1.8300
2023-01-31T00:00:00	Australian Shares – Indexed	5.4600
2022-12-31T00:00:00	Stable	-0.6300
2022-12-31T00:00:00	Conservative	-1.1800
2022-12-31T00:00:00	SRI - Balanced	-1.9100
2022-12-31T00:00:00	Indexed Balanced	-3.1100
2022-12-31T00:00:00	Balanced	-1.5000
2022-12-31T00:00:00	Growth	-2.1800
2022-12-31T00:00:00	Cash	0.2400
2022-12-31T00:00:00	Bonds	-0.7400
2022-12-31T00:00:00	Australian Shares	-2.6100
2022-12-31T00:00:00	International Shares	-3.5200
2022-12-31T00:00:00	International Shares - Indexed	-5.0100
2022-12-31T00:00:00	Bonds – Indexed	-1.0300
2022-12-31T00:00:00	Australian Shares – Indexed	-2.7000
2022-12-31T00:00:00	Stable	-0.6300
2022-12-31T00:00:00	Conservative	-1.1800
2022-12-31T00:00:00	SRI - Balanced	-1.9100
2022-12-31T00:00:00	Indexed Balanced	-3.1100
2022-12-31T00:00:00	Balanced	-1.5000
2022-12-31T00:00:00	Growth	-2.1800
2022-12-31T00:00:00	Cash	0.2400
2022-12-31T00:00:00	Bonds	-0.7400
2022-12-31T00:00:00	Australian Shares	-2.6100
2022-12-31T00:00:00	International Shares	-3.5200
2022-12-31T00:00:00	International Shares - Indexed	-5.0100
2022-12-31T00:00:00	Bonds – Indexed	-1.0300
2022-12-31T00:00:00	Australian Shares – Indexed	-2.7000
2022-11-30T00:00:00	Stable	1.3800
2022-11-30T00:00:00	Conservative	2.0600
2022-11-30T00:00:00	SRI - Balanced	2.7300
2022-11-30T00:00:00	Indexed Balanced	3.6400
2022-11-30T00:00:00	Balanced	2.3400
2022-11-30T00:00:00	Growth	3.2200
2022-11-30T00:00:00	Cash	0.2300
2022-11-30T00:00:00	Bonds	1.1400
2022-11-30T00:00:00	Australian Shares	4.9000
2022-11-30T00:00:00	International Shares	3.7800
2022-11-30T00:00:00	International Shares - Indexed	1.8500
2022-11-30T00:00:00	Bonds – Indexed	1.2700
2022-11-30T00:00:00	Australian Shares – Indexed	5.7800
2022-11-30T00:00:00	Stable	1.3800
2022-11-30T00:00:00	Conservative	2.0600
2022-11-30T00:00:00	SRI - Balanced	2.7300
2022-11-30T00:00:00	Indexed Balanced	3.6400
2022-11-30T00:00:00	Balanced	2.3400
2022-11-30T00:00:00	Growth	3.2200
2022-11-30T00:00:00	Cash	0.2300
2022-11-30T00:00:00	Bonds	1.1400
2022-11-30T00:00:00	Australian Shares	4.9000
2022-11-30T00:00:00	International Shares	3.7800
2022-11-30T00:00:00	International Shares - Indexed	1.8500
2022-11-30T00:00:00	Bonds – Indexed	1.2700
2022-11-30T00:00:00	Australian Shares – Indexed	5.7800
2022-10-31T00:00:00	Stable	1.1100
2022-10-31T00:00:00	Conservative	1.8900
2022-10-31T00:00:00	SRI - Balanced	3.6100
2022-10-31T00:00:00	Indexed Balanced	4.5800
2022-10-31T00:00:00	Balanced	2.3900
2022-10-31T00:00:00	Growth	3.2600
2022-10-31T00:00:00	Cash	0.2200
2022-10-31T00:00:00	Bonds	0.2000
2022-10-31T00:00:00	Australian Shares	5.2600
2022-10-31T00:00:00	International Shares	3.6400
2022-10-31T00:00:00	International Shares - Indexed	6.7900
2022-10-31T00:00:00	Bonds – Indexed	0.4200
2022-10-31T00:00:00	Australian Shares – Indexed	5.2000
2022-10-31T00:00:00	Stable	1.1100
2022-10-31T00:00:00	Conservative	1.8900
2022-10-31T00:00:00	SRI - Balanced	3.6100
2022-10-31T00:00:00	Indexed Balanced	4.5800
2022-10-31T00:00:00	Balanced	2.3900
2022-10-31T00:00:00	Growth	3.2600
2022-10-31T00:00:00	Cash	0.2200
2022-10-31T00:00:00	Bonds	0.2000
2022-10-31T00:00:00	Australian Shares	5.2600
2022-10-31T00:00:00	International Shares	3.6400
2022-10-31T00:00:00	International Shares - Indexed	6.7900
2022-10-31T00:00:00	Bonds – Indexed	0.4200
2022-10-31T00:00:00	Australian Shares – Indexed	5.2000
2022-09-30T00:00:00	Stable	-1.1600
2022-09-30T00:00:00	Conservative	-1.8300
2022-09-30T00:00:00	SRI - Balanced	-3.3700
2022-09-30T00:00:00	Indexed Balanced	-4.1700
2022-09-30T00:00:00	Balanced	-2.1100
2022-09-30T00:00:00	Growth	-3.0600
2022-09-30T00:00:00	Cash	0.1900
2022-09-30T00:00:00	Bonds	-1.8600
2022-09-30T00:00:00	Australian Shares	-5.3700
2022-09-30T00:00:00	International Shares	-3.5500
2022-09-30T00:00:00	International Shares - Indexed	-2.8600
2022-09-30T00:00:00	Bonds – Indexed	-2.3300
2022-09-30T00:00:00	Australian Shares – Indexed	-4.7600
2022-09-30T00:00:00	Stable	-1.1600
2022-09-30T00:00:00	Conservative	-1.8300
2022-09-30T00:00:00	SRI - Balanced	-3.3700
2022-09-30T00:00:00	Indexed Balanced	-4.1700
2022-09-30T00:00:00	Balanced	-2.1100
2022-09-30T00:00:00	Growth	-3.0600
2022-09-30T00:00:00	Cash	0.1900
2022-09-30T00:00:00	Bonds	-1.8600
2022-09-30T00:00:00	Australian Shares	-5.3700
2022-09-30T00:00:00	International Shares	-3.5500
2022-09-30T00:00:00	International Shares - Indexed	-2.8600
2022-09-30T00:00:00	Bonds – Indexed	-2.3300
2022-09-30T00:00:00	Australian Shares – Indexed	-4.7600
2022-08-31T00:00:00	Stable	-0.0200
2022-08-31T00:00:00	Conservative	0.1700
2022-08-31T00:00:00	SRI - Balanced	-0.6700
2022-08-31T00:00:00	Indexed Balanced	-1.0500
2022-08-31T00:00:00	Balanced	0.4000
2022-08-31T00:00:00	Growth	0.4300
2022-08-31T00:00:00	Cash	0.1500
2022-08-31T00:00:00	Bonds	-1.0600
2022-08-31T00:00:00	Australian Shares	1.7900
2022-08-31T00:00:00	International Shares	-0.5700
2022-08-31T00:00:00	International Shares - Indexed	-2.2900
2022-08-31T00:00:00	Bonds – Indexed	-1.8900
2022-08-31T00:00:00	Australian Shares – Indexed	1.0700
2022-08-31T00:00:00	Stable	-0.0200
2022-08-31T00:00:00	Conservative	0.1700
2022-08-31T00:00:00	SRI - Balanced	-0.6700
2022-08-31T00:00:00	Indexed Balanced	-1.0500
2022-08-31T00:00:00	Balanced	0.4000
2022-08-31T00:00:00	Growth	0.4300
2022-08-31T00:00:00	Cash	0.1500
2022-08-31T00:00:00	Bonds	-1.0600
2022-08-31T00:00:00	Australian Shares	1.7900
2022-08-31T00:00:00	International Shares	-0.5700
2022-08-31T00:00:00	International Shares - Indexed	-2.2900
2022-08-31T00:00:00	Bonds – Indexed	-1.8900
2022-08-31T00:00:00	Australian Shares – Indexed	1.0700
2022-07-31T00:00:00	Stable	1.3100
2022-07-31T00:00:00	Conservative	1.6200
2022-07-31T00:00:00	SRI - Balanced	2.9300
2022-07-31T00:00:00	Indexed Balanced	4.7600
2022-07-31T00:00:00	Balanced	1.0100
2022-07-31T00:00:00	Growth	2.1200
2022-07-31T00:00:00	Cash	0.1200
2022-07-31T00:00:00	Bonds	1.3900
2022-07-31T00:00:00	Australian Shares	4.7400
2022-07-31T00:00:00	International Shares	2.6300
2022-07-31T00:00:00	International Shares - Indexed	5.7600
2022-07-31T00:00:00	Bonds – Indexed	2.0300
2022-07-31T00:00:00	Australian Shares – Indexed	5.0700
2022-07-31T00:00:00	Stable	1.3100
2022-07-31T00:00:00	Conservative	1.6200
2022-07-31T00:00:00	SRI - Balanced	2.9300
2022-07-31T00:00:00	Indexed Balanced	4.7600
2022-07-31T00:00:00	Balanced	1.0100
2022-07-31T00:00:00	Growth	2.1200
2022-07-31T00:00:00	Cash	0.1200
2022-07-31T00:00:00	Bonds	1.3900
2022-07-31T00:00:00	Australian Shares	4.7400
2022-07-31T00:00:00	International Shares	2.6300
2022-07-31T00:00:00	International Shares - Indexed	5.7600
2022-07-31T00:00:00	Bonds – Indexed	2.0300
2022-07-31T00:00:00	Australian Shares – Indexed	5.0700
2022-06-30T00:00:00	Stable	-1.2400
2022-06-30T00:00:00	Conservative	-2.1900
2022-06-30T00:00:00	SRI - Balanced	-4.0800
2022-06-30T00:00:00	Indexed Balanced	-5.2100
2022-06-30T00:00:00	Balanced	-2.7900
2022-06-30T00:00:00	Growth	-3.9100
2022-06-30T00:00:00	Cash	0.0800
2022-06-30T00:00:00	Bonds	-0.7000
2022-06-30T00:00:00	Australian Shares	-7.9700
2022-06-30T00:00:00	International Shares	-3.5900
2022-06-30T00:00:00	International Shares - Indexed	-4.2000
2022-06-30T00:00:00	Bonds – Indexed	-1.8200
2022-06-30T00:00:00	Australian Shares – Indexed	-7.6300
2022-06-30T00:00:00	Stable	-1.2400
2022-06-30T00:00:00	Conservative	-2.1900
2022-06-30T00:00:00	SRI - Balanced	-4.0800
2022-06-30T00:00:00	Indexed Balanced	-5.2100
2022-06-30T00:00:00	Balanced	-2.7900
2022-06-30T00:00:00	Growth	-3.9100
2022-06-30T00:00:00	Cash	0.0800
2022-06-30T00:00:00	Bonds	-0.7000
2022-06-30T00:00:00	Australian Shares	-7.9700
2022-06-30T00:00:00	International Shares	-3.5900
2022-06-30T00:00:00	International Shares - Indexed	-4.2000
2022-06-30T00:00:00	Bonds – Indexed	-1.8200
2022-06-30T00:00:00	Australian Shares – Indexed	-7.6300
2022-05-31T00:00:00	Stable	-0.3000
2022-05-31T00:00:00	Conservative	-0.6700
2022-05-31T00:00:00	SRI - Balanced	-1.1200
2022-05-31T00:00:00	Indexed Balanced	-0.9500
2022-05-31T00:00:00	Balanced	-0.8900
2022-05-31T00:00:00	Growth	-1.3600
2022-05-31T00:00:00	Cash	0.0500
2022-05-31T00:00:00	Bonds	-0.5000
2022-05-31T00:00:00	Australian Shares	-2.7800
2022-05-31T00:00:00	International Shares	-1.5400
2022-05-31T00:00:00	International Shares - Indexed	-0.6600
2022-05-31T00:00:00	Bonds – Indexed	-0.1300
2022-05-31T00:00:00	Australian Shares – Indexed	-2.2200
2022-05-31T00:00:00	Stable	-0.3000
2022-05-31T00:00:00	Conservative	-0.6700
2022-05-31T00:00:00	SRI - Balanced	-1.1200
2022-05-31T00:00:00	Indexed Balanced	-0.9500
2022-05-31T00:00:00	Balanced	-0.8900
2022-05-31T00:00:00	Growth	-1.3600
2022-05-31T00:00:00	Cash	0.0500
2022-05-31T00:00:00	Bonds	-0.5000
2022-05-31T00:00:00	Australian Shares	-2.7800
2022-05-31T00:00:00	International Shares	-1.5400
2022-05-31T00:00:00	International Shares - Indexed	-0.6600
2022-05-31T00:00:00	Bonds – Indexed	-0.1300
2022-05-31T00:00:00	Australian Shares – Indexed	-2.2200
2022-04-30T00:00:00	Stable	-0.2200
2022-04-30T00:00:00	Conservative	-0.4100
2022-04-30T00:00:00	SRI - Balanced	-1.0300
2022-04-30T00:00:00	Indexed Balanced	-1.9600
2022-04-30T00:00:00	Balanced	-0.2300
2022-04-30T00:00:00	Growth	-0.7500
2022-04-30T00:00:00	Cash	0.0400
2022-04-30T00:00:00	Bonds	-1.6000
2022-04-30T00:00:00	Australian Shares	-0.1200
2022-04-30T00:00:00	International Shares	-2.7800
2022-04-30T00:00:00	International Shares - Indexed	-2.7300
2022-04-30T00:00:00	Bonds – Indexed	-1.6900
2022-04-30T00:00:00	Australian Shares – Indexed	-0.6600
2022-04-30T00:00:00	Stable	-0.2200
2022-04-30T00:00:00	Conservative	-0.4100
2022-04-30T00:00:00	SRI - Balanced	-1.0300
2022-04-30T00:00:00	Indexed Balanced	-1.9600
2022-04-30T00:00:00	Balanced	-0.2300
2022-04-30T00:00:00	Growth	-0.7500
2022-04-30T00:00:00	Cash	0.0400
2022-04-30T00:00:00	Bonds	-1.6000
2022-04-30T00:00:00	Australian Shares	-0.1200
2022-04-30T00:00:00	International Shares	-2.7800
2022-04-30T00:00:00	International Shares - Indexed	-2.7300
2022-04-30T00:00:00	Bonds – Indexed	-1.6900
2022-04-30T00:00:00	Australian Shares – Indexed	-0.6600
2022-03-31T00:00:00	Stable	-0.3600
2022-03-31T00:00:00	Conservative	0.0400
2022-03-31T00:00:00	SRI - Balanced	1.3900
2022-03-31T00:00:00	Indexed Balanced	2.1500
2022-03-31T00:00:00	Balanced	0.7400
2022-03-31T00:00:00	Growth	0.7300
2022-03-31T00:00:00	Cash	0.0200
2022-03-31T00:00:00	Bonds	-2.0300
2022-03-31T00:00:00	Australian Shares	5.4100
2022-03-31T00:00:00	International Shares	-2.6100
2022-03-31T00:00:00	International Shares - Indexed	-0.7600
2022-03-31T00:00:00	Bonds – Indexed	
2022-03-31T00:00:00	Australian Shares – Indexed	
2022-03-31T00:00:00	Stable	-0.3600
2022-03-31T00:00:00	Conservative	0.0400
2022-03-31T00:00:00	SRI - Balanced	1.3900
2022-03-31T00:00:00	Indexed Balanced	2.1500
2022-03-31T00:00:00	Balanced	0.7400
2022-03-31T00:00:00	Growth	0.7300
2022-03-31T00:00:00	Cash	0.0200
2022-03-31T00:00:00	Bonds	-2.0300
2022-03-31T00:00:00	Australian Shares	5.4100
2022-03-31T00:00:00	International Shares	-2.6100
2022-03-31T00:00:00	International Shares - Indexed	-0.7600
2022-03-31T00:00:00	Bonds – Indexed	0.0000
2022-03-31T00:00:00	Australian Shares – Indexed	0.0000
2022-02-28T00:00:00	Stable	-0.5200
2022-02-28T00:00:00	Conservative	-0.8400
2022-02-28T00:00:00	SRI - Balanced	-0.1100
2022-02-28T00:00:00	Indexed Balanced	-1.1400
2022-02-28T00:00:00	Balanced	-0.8000
2022-02-28T00:00:00	Growth	-1.4200
2022-02-28T00:00:00	Cash	0.0100
2022-02-28T00:00:00	Bonds	-1.5200
2022-02-28T00:00:00	Australian Shares	1.9300
2022-02-28T00:00:00	International Shares	-5.3400
2022-02-28T00:00:00	International Shares - Indexed	-5.0700
2022-02-28T00:00:00	Stable	-0.5200
2022-02-28T00:00:00	Conservative	-0.8400
2022-02-28T00:00:00	SRI - Balanced	-0.1100
2022-02-28T00:00:00	Indexed Balanced	-1.1400
2022-02-28T00:00:00	Balanced	-0.8000
2022-02-28T00:00:00	Growth	-1.4200
2022-02-28T00:00:00	Cash	0.0100
2022-02-28T00:00:00	Bonds	-1.5200
2022-02-28T00:00:00	Australian Shares	1.9300
2022-02-28T00:00:00	International Shares	-5.3400
2022-02-28T00:00:00	International Shares - Indexed	-5.0700
2022-01-31T00:00:00	Stable	-0.3200
2022-01-31T00:00:00	Conservative	-0.8900
2022-01-31T00:00:00	SRI - Balanced	-2.4800
2022-01-31T00:00:00	Indexed Balanced	-3.3900
2022-01-31T00:00:00	Balanced	-0.9400
2022-01-31T00:00:00	Growth	-2.0200
2022-01-31T00:00:00	Cash	0.0200
2022-01-31T00:00:00	Bonds	-1.2100
2022-01-31T00:00:00	Australian Shares	-4.9400
2022-01-31T00:00:00	International Shares	-2.5200
2022-01-31T00:00:00	International Shares - Indexed	-1.9900
2022-01-31T00:00:00	Stable	-0.3200
2022-01-31T00:00:00	Conservative	-0.8900
2022-01-31T00:00:00	SRI - Balanced	-2.4800
2022-01-31T00:00:00	Indexed Balanced	-3.3900
2022-01-31T00:00:00	Balanced	-0.9400
2022-01-31T00:00:00	Growth	-2.0200
2022-01-31T00:00:00	Cash	0.0200
2022-01-31T00:00:00	Bonds	-1.2100
2022-01-31T00:00:00	Australian Shares	-4.9400
2022-01-31T00:00:00	International Shares	-2.5200
2022-01-31T00:00:00	International Shares - Indexed	-1.9900
2021-12-31T00:00:00	Stable	0.4300
2021-12-31T00:00:00	Conservative	0.6400
2021-12-31T00:00:00	SRI - Balanced	1.5600
2021-12-31T00:00:00	Indexed Balanced	1.8300
2021-12-31T00:00:00	Balanced	0.9400
2021-12-31T00:00:00	Growth	0.9900
2021-12-31T00:00:00	Cash	0.0100
2021-12-31T00:00:00	Bonds	0.0600
2021-12-31T00:00:00	Australian Shares	2.6700
2021-12-31T00:00:00	International Shares	-0.2400
2021-12-31T00:00:00	International Shares - Indexed	1.5600
2021-12-31T00:00:00	Stable	0.4300
2021-12-31T00:00:00	Conservative	0.6400
2021-12-31T00:00:00	SRI - Balanced	1.5600
2021-12-31T00:00:00	Indexed Balanced	1.8300
2021-12-31T00:00:00	Balanced	0.9400
2021-12-31T00:00:00	Growth	0.9900
2021-12-31T00:00:00	Cash	0.0100
2021-12-31T00:00:00	Bonds	0.0600
2021-12-31T00:00:00	Australian Shares	2.6700
2021-12-31T00:00:00	International Shares	-0.2400
2021-12-31T00:00:00	International Shares - Indexed	1.5600
2021-11-30T00:00:00	Stable	0.3100
2021-11-30T00:00:00	Conservative	0.3500
2021-11-30T00:00:00	SRI - Balanced	0.3700
2021-11-30T00:00:00	Indexed Balanced	0.4600
2021-11-30T00:00:00	Balanced	0.3300
2021-11-30T00:00:00	Growth	0.4400
2021-11-30T00:00:00	Cash	0.0200
2021-11-30T00:00:00	Bonds	0.3600
2021-11-30T00:00:00	Australian Shares	-0.6200
2021-11-30T00:00:00	International Shares	1.4400
2021-11-30T00:00:00	International Shares - Indexed	3.3500
2021-11-30T00:00:00	Stable	0.3100
2021-11-30T00:00:00	Conservative	0.3500
2021-11-30T00:00:00	SRI - Balanced	0.3700
2021-11-30T00:00:00	Indexed Balanced	0.4600
2021-11-30T00:00:00	Balanced	0.3300
2021-11-30T00:00:00	Growth	0.4400
2021-11-30T00:00:00	Cash	0.0200
2021-11-30T00:00:00	Bonds	0.3600
2021-11-30T00:00:00	Australian Shares	-0.6200
2021-11-30T00:00:00	International Shares	1.4400
2021-11-30T00:00:00	International Shares - Indexed	3.3500
2021-10-31T00:00:00	Stable	0.2200
2021-10-31T00:00:00	Conservative	0.3700
2021-10-31T00:00:00	SRI - Balanced	1.1500
2021-10-31T00:00:00	Indexed Balanced	1.1100
2021-10-31T00:00:00	Balanced	0.9200
2021-10-31T00:00:00	Growth	0.6000
2021-10-31T00:00:00	Cash	-0.0100
2021-10-31T00:00:00	Bonds	-0.9600
2021-10-31T00:00:00	Australian Shares	0.3100
2021-10-31T00:00:00	International Shares	-0.1700
2021-10-31T00:00:00	International Shares - Indexed	1.5300
2021-10-31T00:00:00	Stable	0.2200
2021-10-31T00:00:00	Conservative	0.3700
2021-10-31T00:00:00	SRI - Balanced	1.1500
2021-10-31T00:00:00	Indexed Balanced	1.1100
2021-10-31T00:00:00	Balanced	0.9200
2021-10-31T00:00:00	Growth	0.6000
2021-10-31T00:00:00	Cash	-0.0100
2021-10-31T00:00:00	Bonds	-0.9600
2021-10-31T00:00:00	Australian Shares	0.3100
2021-10-31T00:00:00	International Shares	-0.1700
2021-10-31T00:00:00	International Shares - Indexed	1.5300
2021-09-30T00:00:00	Stable	-0.2700
2021-09-30T00:00:00	Conservative	-0.2800
2021-09-30T00:00:00	SRI - Balanced	2.5600
2021-09-30T00:00:00	Indexed Balanced	-2.0100
2021-09-30T00:00:00	Balanced	1.6500
2021-09-30T00:00:00	Growth	-0.1500
2021-09-30T00:00:00	Cash	0.0000
2021-09-30T00:00:00	Bonds	-1.0800
2021-09-30T00:00:00	Australian Shares	-0.6200
2021-09-30T00:00:00	International Shares	-2.5500
2021-09-30T00:00:00	International Shares - Indexed	-2.7100
2021-09-30T00:00:00	Stable	-0.2700
2021-09-30T00:00:00	Conservative	-0.2800
2021-09-30T00:00:00	SRI - Balanced	2.5600
2021-09-30T00:00:00	Indexed Balanced	-2.0100
2021-09-30T00:00:00	Balanced	1.6500
2021-09-30T00:00:00	Growth	-0.1500
2021-09-30T00:00:00	Cash	0.0000
2021-09-30T00:00:00	Bonds	-1.0800
2021-09-30T00:00:00	Australian Shares	-0.6200
2021-09-30T00:00:00	International Shares	-2.5500
2021-09-30T00:00:00	International Shares - Indexed	-2.7100
2021-08-31T00:00:00	Stable	0.6900
2021-08-31T00:00:00	Conservative	1.1700
2021-08-31T00:00:00	SRI - Balanced	2.4700
2021-08-31T00:00:00	Indexed Balanced	1.9100
2021-08-31T00:00:00	Balanced	1.7900
2021-08-31T00:00:00	Growth	2.0100
2021-08-31T00:00:00	Cash	0.0000
2021-08-31T00:00:00	Bonds	0.0000
2021-08-31T00:00:00	Australian Shares	2.6000
2021-08-31T00:00:00	International Shares	2.4800
2021-08-31T00:00:00	International Shares - Indexed	2.8300
2021-08-31T00:00:00	Stable	0.6900
2021-08-31T00:00:00	Conservative	1.1700
2021-08-31T00:00:00	SRI - Balanced	2.4700
2021-08-31T00:00:00	Indexed Balanced	1.9100
2021-08-31T00:00:00	Balanced	1.7900
2021-08-31T00:00:00	Growth	2.0100
2021-08-31T00:00:00	Cash	0.0000
2021-08-31T00:00:00	Bonds	0.0000
2021-08-31T00:00:00	Australian Shares	2.6000
2021-08-31T00:00:00	International Shares	2.4800
2021-08-31T00:00:00	International Shares - Indexed	2.8300
2021-07-31T00:00:00	Stable	0.6300
2021-07-31T00:00:00	Conservative	0.6500
2021-07-31T00:00:00	SRI - Balanced	1.8900
2021-07-31T00:00:00	Indexed Balanced	1.7000
2021-07-31T00:00:00	Balanced	0.9300
2021-07-31T00:00:00	Growth	0.7500
2021-07-31T00:00:00	Cash	0.0100
2021-07-31T00:00:00	Bonds	1.2500
2021-07-31T00:00:00	Australian Shares	1.1400
2021-07-31T00:00:00	International Shares	0.2700
2021-07-31T00:00:00	International Shares - Indexed	3.6500
2021-07-31T00:00:00	Stable	0.6300
2021-07-31T00:00:00	Conservative	0.6500
2021-07-31T00:00:00	SRI - Balanced	1.8900
2021-07-31T00:00:00	Indexed Balanced	1.7000
2021-07-31T00:00:00	Balanced	0.9300
2021-07-31T00:00:00	Growth	0.7500
2021-07-31T00:00:00	Cash	0.0100
2021-07-31T00:00:00	Bonds	1.2500
2021-07-31T00:00:00	Australian Shares	1.1400
2021-07-31T00:00:00	International Shares	0.2700
2021-07-31T00:00:00	International Shares - Indexed	3.6500
2021-06-30T00:00:00	Stable	1.0500
2021-06-30T00:00:00	Conservative	1.5400
2021-06-30T00:00:00	SRI - Balanced	2.7100
2021-06-30T00:00:00	Indexed Balanced	2.1300
2021-06-30T00:00:00	Balanced	2.1900
2021-06-30T00:00:00	Growth	2.4100
2021-06-30T00:00:00	Cash	0.0100
2021-06-30T00:00:00	Bonds	0.4700
2021-06-30T00:00:00	Australian Shares	1.7600
2021-06-30T00:00:00	International Shares	3.2200
2021-06-30T00:00:00	International Shares - Indexed	4.2400
2021-06-30T00:00:00	Stable	1.0500
2021-06-30T00:00:00	Conservative	1.5400
2021-06-30T00:00:00	SRI - Balanced	2.7100
2021-06-30T00:00:00	Indexed Balanced	2.1300
2021-06-30T00:00:00	Balanced	2.1900
2021-06-30T00:00:00	Growth	2.4100
2021-06-30T00:00:00	Cash	0.0100
2021-06-30T00:00:00	Bonds	0.4700
2021-06-30T00:00:00	Australian Shares	1.7600
2021-06-30T00:00:00	International Shares	3.2200
2021-06-30T00:00:00	International Shares - Indexed	4.2400
2021-05-31T00:00:00	Stable	0.7400
2021-05-31T00:00:00	Conservative	1.1000
2021-05-31T00:00:00	SRI - Balanced	0.9300
2021-05-31T00:00:00	Indexed Balanced	1.1500
2021-05-31T00:00:00	Balanced	1.6800
2021-05-31T00:00:00	Growth	1.8200
2021-05-31T00:00:00	Cash	0.0100
2021-05-31T00:00:00	Bonds	0.1500
2021-05-31T00:00:00	Australian Shares	2.1500
2021-05-31T00:00:00	International Shares	1.3600
2021-05-31T00:00:00	International Shares - Indexed	1.1100
2021-05-31T00:00:00	Stable	0.7400
2021-05-31T00:00:00	Conservative	1.1000
2021-05-31T00:00:00	SRI - Balanced	0.9300
2021-05-31T00:00:00	Indexed Balanced	1.1500
2021-05-31T00:00:00	Balanced	1.6800
2021-05-31T00:00:00	Growth	1.8200
2021-05-31T00:00:00	Cash	0.0100
2021-05-31T00:00:00	Bonds	0.1500
2021-05-31T00:00:00	Australian Shares	2.1500
2021-05-31T00:00:00	International Shares	1.3600
2021-05-31T00:00:00	International Shares - Indexed	1.1100
2021-04-30T00:00:00	Stable	0.9200
2021-04-30T00:00:00	Conservative	1.3100
2021-04-30T00:00:00	SRI - Balanced	2.2400
2021-04-30T00:00:00	Indexed Balanced	2.2600
2021-04-30T00:00:00	Balanced	1.8300
2021-04-30T00:00:00	Growth	2.1100
2021-04-30T00:00:00	Cash	0.0100
2021-04-30T00:00:00	Bonds	0.3700
2021-04-30T00:00:00	Australian Shares	3.1800
2021-04-30T00:00:00	International Shares	1.9400
2021-04-30T00:00:00	International Shares - Indexed	2.9000
2021-04-30T00:00:00	Stable	0.9200
2021-04-30T00:00:00	Conservative	1.3100
2021-04-30T00:00:00	SRI - Balanced	2.2400
2021-04-30T00:00:00	Indexed Balanced	2.2600
2021-04-30T00:00:00	Balanced	1.8300
2021-04-30T00:00:00	Growth	2.1100
2021-04-30T00:00:00	Cash	0.0100
2021-04-30T00:00:00	Bonds	0.3700
2021-04-30T00:00:00	Australian Shares	3.1800
2021-04-30T00:00:00	International Shares	1.9400
2021-04-30T00:00:00	International Shares - Indexed	2.9000
2021-03-31T00:00:00	Stable	0.7500
2021-03-31T00:00:00	Conservative	1.2200
2021-03-31T00:00:00	SRI - Balanced	2.1100
2021-03-31T00:00:00	Indexed Balanced	2.3800
2021-03-31T00:00:00	Balanced	1.8700
2021-03-31T00:00:00	Growth	2.3200
2021-03-31T00:00:00	Cash	0.0000
2021-03-31T00:00:00	Bonds	-0.1300
2021-03-31T00:00:00	Australian Shares	2.6500
2021-03-31T00:00:00	International Shares	2.5200
2021-03-31T00:00:00	International Shares - Indexed	4.5800
2021-03-31T00:00:00	Stable	0.7500
2021-03-31T00:00:00	Conservative	1.2200
2021-03-31T00:00:00	SRI - Balanced	2.1100
2021-03-31T00:00:00	Indexed Balanced	2.3800
2021-03-31T00:00:00	Balanced	1.8700
2021-03-31T00:00:00	Growth	2.3200
2021-03-31T00:00:00	Cash	0.0000
2021-03-31T00:00:00	Bonds	-0.1300
2021-03-31T00:00:00	Australian Shares	2.6500
2021-03-31T00:00:00	International Shares	2.5200
2021-03-31T00:00:00	International Shares - Indexed	4.5800
2021-02-28T00:00:00	Stable	0.0300
2021-02-28T00:00:00	Conservative	0.5700
2021-02-28T00:00:00	SRI - Balanced	1.5100
2021-02-28T00:00:00	Indexed Balanced	0.9000
2021-02-28T00:00:00	Balanced	1.6700
2021-02-28T00:00:00	Growth	1.6200
2021-02-28T00:00:00	Cash	0.0000
2021-02-28T00:00:00	Bonds	-1.9800
2021-02-28T00:00:00	Australian Shares	2.6200
2021-02-28T00:00:00	International Shares	1.3400
2021-02-28T00:00:00	International Shares - Indexed	1.4700
2021-02-28T00:00:00	Stable	0.0300
2021-02-28T00:00:00	Conservative	0.5700
2021-02-28T00:00:00	SRI - Balanced	1.5100
2021-02-28T00:00:00	Indexed Balanced	0.9000
2021-02-28T00:00:00	Balanced	1.6700
2021-02-28T00:00:00	Growth	1.6200
2021-02-28T00:00:00	Cash	0.0000
2021-02-28T00:00:00	Bonds	-1.9800
2021-02-28T00:00:00	Australian Shares	2.6200
2021-02-28T00:00:00	International Shares	1.3400
2021-02-28T00:00:00	International Shares - Indexed	1.4700
2021-01-31T00:00:00	Stable	0.6400
2021-01-31T00:00:00	Conservative	0.8900
2021-01-31T00:00:00	SRI - Balanced	0.6900
2021-01-31T00:00:00	Indexed Balanced	-0.1300
2021-01-31T00:00:00	Balanced	1.7900
2021-01-31T00:00:00	Growth	1.4000
2021-01-31T00:00:00	Cash	0.0000
2021-01-31T00:00:00	Bonds	-0.2800
2021-01-31T00:00:00	Australian Shares	0.0000
2021-01-31T00:00:00	International Shares	1.5900
2021-01-31T00:00:00	International Shares - Indexed	-0.3700
2021-01-31T00:00:00	Stable	0.6400
2021-01-31T00:00:00	Conservative	0.8900
2021-01-31T00:00:00	SRI - Balanced	0.6900
2021-01-31T00:00:00	Indexed Balanced	-0.1300
2021-01-31T00:00:00	Balanced	1.7900
2021-01-31T00:00:00	Growth	1.4000
2021-01-31T00:00:00	Cash	0.0000
2021-01-31T00:00:00	Bonds	-0.2800
2021-01-31T00:00:00	Australian Shares	0.0000
2021-01-31T00:00:00	International Shares	1.5900
2021-01-31T00:00:00	International Shares - Indexed	-0.3700
2020-12-31T00:00:00	Stable	0.5400
2020-12-31T00:00:00	Conservative	0.7900
2020-12-31T00:00:00	SRI - Balanced	1.1500
2020-12-31T00:00:00	Indexed Balanced	0.7600
2020-12-31T00:00:00	Balanced	1.2400
2020-12-31T00:00:00	Growth	1.3600
2020-12-31T00:00:00	Cash	0.0100
2020-12-31T00:00:00	Bonds	-0.0100
2020-12-31T00:00:00	Australian Shares	1.0200
2020-12-31T00:00:00	International Shares	1.6700
2020-12-31T00:00:00	International Shares - Indexed	-0.4100
2020-12-31T00:00:00	Stable	0.5400
2020-12-31T00:00:00	Conservative	0.7900
2020-12-31T00:00:00	SRI - Balanced	1.1500
2020-12-31T00:00:00	Indexed Balanced	0.7600
2020-12-31T00:00:00	Balanced	1.2400
2020-12-31T00:00:00	Growth	1.3600
2020-12-31T00:00:00	Cash	0.0100
2020-12-31T00:00:00	Bonds	-0.0100
2020-12-31T00:00:00	Australian Shares	1.0200
2020-12-31T00:00:00	International Shares	1.6700
2020-12-31T00:00:00	International Shares - Indexed	-0.4100
2020-11-30T00:00:00	Stable	1.6400
2020-11-30T00:00:00	Conservative	3.1600
2020-11-30T00:00:00	SRI - Balanced	4.9000
2020-11-30T00:00:00	Indexed Balanced	6.4900
2020-11-30T00:00:00	Balanced	4.0700
2020-11-30T00:00:00	Growth	5.9300
2020-11-30T00:00:00	Cash	0.0000
2020-11-30T00:00:00	Bonds	0.1300
2020-11-30T00:00:00	Australian Shares	10.2100
2020-11-30T00:00:00	International Shares	6.5700
2020-11-30T00:00:00	International Shares - Indexed	6.6000
2020-11-30T00:00:00	Stable	1.6400
2020-11-30T00:00:00	Conservative	3.1600
2020-11-30T00:00:00	SRI - Balanced	4.9000
2020-11-30T00:00:00	Indexed Balanced	6.4900
2020-11-30T00:00:00	Balanced	4.0700
2020-11-30T00:00:00	Growth	5.9300
2020-11-30T00:00:00	Cash	0.0000
2020-11-30T00:00:00	Bonds	0.1300
2020-11-30T00:00:00	Australian Shares	10.2100
2020-11-30T00:00:00	International Shares	6.5700
2020-11-30T00:00:00	International Shares - Indexed	6.6000
2020-10-31T00:00:00	Stable	0.4400
2020-10-31T00:00:00	Conservative	0.6500
2020-10-31T00:00:00	SRI - Balanced	0.5300
2020-10-31T00:00:00	Indexed Balanced	-0.2300
2020-10-31T00:00:00	Balanced	0.8900
2020-10-31T00:00:00	Growth	0.9800
2020-10-31T00:00:00	Cash	0.0200
2020-10-31T00:00:00	Bonds	0.1000
2020-10-31T00:00:00	Australian Shares	1.2400
2020-10-31T00:00:00	International Shares	0.9300
2020-10-31T00:00:00	International Shares - Indexed	-0.9800
2020-10-31T00:00:00	Stable	0.4400
2020-10-31T00:00:00	Conservative	0.6500
2020-10-31T00:00:00	SRI - Balanced	0.5300
2020-10-31T00:00:00	Indexed Balanced	-0.2300
2020-10-31T00:00:00	Balanced	0.8900
2020-10-31T00:00:00	Growth	0.9800
2020-10-31T00:00:00	Cash	0.0200
2020-10-31T00:00:00	Bonds	0.1000
2020-10-31T00:00:00	Australian Shares	1.2400
2020-10-31T00:00:00	International Shares	0.9300
2020-10-31T00:00:00	International Shares - Indexed	-0.9800
2020-09-30T00:00:00	Stable	0.2100
2020-09-30T00:00:00	Conservative	-0.0200
2020-09-30T00:00:00	SRI - Balanced	-0.6800
2020-09-30T00:00:00	Indexed Balanced	-1.4700
2020-09-30T00:00:00	Balanced	-0.0400
2020-09-30T00:00:00	Growth	-0.3600
2020-09-30T00:00:00	Cash	0.0100
2020-09-30T00:00:00	Bonds	0.7400
2020-09-30T00:00:00	Australian Shares	-2.5800
2020-09-30T00:00:00	International Shares	0.7100
2020-09-30T00:00:00	International Shares - Indexed	-0.2700
2020-09-30T00:00:00	Stable	0.2100
2020-09-30T00:00:00	Conservative	-0.0200
2020-09-30T00:00:00	SRI - Balanced	-0.6800
2020-09-30T00:00:00	Indexed Balanced	-1.4700
2020-09-30T00:00:00	Balanced	-0.0400
2020-09-30T00:00:00	Growth	-0.3600
2020-09-30T00:00:00	Cash	0.0100
2020-09-30T00:00:00	Bonds	0.7400
2020-09-30T00:00:00	Australian Shares	-2.5800
2020-09-30T00:00:00	International Shares	0.7100
2020-09-30T00:00:00	International Shares - Indexed	-0.2700
2020-08-31T00:00:00	Stable	0.5700
2020-08-31T00:00:00	Conservative	1.1800
2020-08-31T00:00:00	SRI - Balanced	2.0300
2020-08-31T00:00:00	Indexed Balanced	2.3500
2020-08-31T00:00:00	Balanced	1.9700
2020-08-31T00:00:00	Growth	2.3900
2020-08-31T00:00:00	Cash	0.0100
2020-08-31T00:00:00	Bonds	-0.5900
2020-08-31T00:00:00	Australian Shares	3.3500
2020-08-31T00:00:00	International Shares	2.1100
2020-08-31T00:00:00	International Shares - Indexed	3.0800
2020-08-31T00:00:00	Stable	0.5700
2020-08-31T00:00:00	Conservative	1.1800
2020-08-31T00:00:00	SRI - Balanced	2.0300
2020-08-31T00:00:00	Indexed Balanced	2.3500
2020-08-31T00:00:00	Balanced	1.9700
2020-08-31T00:00:00	Growth	2.3900
2020-08-31T00:00:00	Cash	0.0100
2020-08-31T00:00:00	Bonds	-0.5900
2020-08-31T00:00:00	Australian Shares	3.3500
2020-08-31T00:00:00	International Shares	2.1100
2020-08-31T00:00:00	International Shares - Indexed	3.0800
2020-07-31T00:00:00	Stable	0.7500
2020-07-31T00:00:00	Conservative	0.9900
2020-07-31T00:00:00	SRI - Balanced	1.9000
2020-07-31T00:00:00	Indexed Balanced	1.0600
2020-07-31T00:00:00	Balanced	0.3700
2020-07-31T00:00:00	Growth	1.4600
2020-07-31T00:00:00	Cash	0.0100
2020-07-31T00:00:00	Bonds	0.6500
2020-07-31T00:00:00	Australian Shares	0.4100
2020-07-31T00:00:00	International Shares	2.8200
2020-07-31T00:00:00	International Shares - Indexed	0.5400
2020-07-31T00:00:00	Stable	0.7500
2020-07-31T00:00:00	Conservative	0.9900
2020-07-31T00:00:00	SRI - Balanced	1.9000
2020-07-31T00:00:00	Indexed Balanced	1.0600
2020-07-31T00:00:00	Balanced	0.3700
2020-07-31T00:00:00	Growth	1.4600
2020-07-31T00:00:00	Cash	0.0100
2020-07-31T00:00:00	Bonds	0.6500
2020-07-31T00:00:00	Australian Shares	0.4100
2020-07-31T00:00:00	International Shares	2.8200
2020-07-31T00:00:00	International Shares - Indexed	0.5400
2020-06-30T00:00:00	Stable	2.1800
2020-06-30T00:00:00	Conservative	2.5400
2020-06-30T00:00:00	SRI - Balanced	0.7900
2020-06-30T00:00:00	Indexed Balanced	0.9900
2020-06-30T00:00:00	Balanced	4.8200
2020-06-30T00:00:00	Growth	3.4300
2020-06-30T00:00:00	Cash	0.0000
2020-06-30T00:00:00	Bonds	0.4200
2020-06-30T00:00:00	Australian Shares	2.0500
2020-06-30T00:00:00	International Shares	1.8900
2020-06-30T00:00:00	International Shares - Indexed	-0.9800
2020-06-30T00:00:00	Stable	2.1800
2020-06-30T00:00:00	Conservative	2.5400
2020-06-30T00:00:00	SRI - Balanced	0.7900
2020-06-30T00:00:00	Indexed Balanced	0.9900
2020-06-30T00:00:00	Balanced	4.8200
2020-06-30T00:00:00	Growth	3.4300
2020-06-30T00:00:00	Cash	0.0000
2020-06-30T00:00:00	Bonds	0.4200
2020-06-30T00:00:00	Australian Shares	2.0500
2020-06-30T00:00:00	International Shares	1.8900
2020-06-30T00:00:00	International Shares - Indexed	-0.9800
2020-05-31T00:00:00	Stable	0.6200
2020-05-31T00:00:00	Conservative	1.4400
2020-05-31T00:00:00	SRI - Balanced	2.8300
2020-05-31T00:00:00	Indexed Balanced	2.9900
2020-05-31T00:00:00	Balanced	1.8200
2020-05-31T00:00:00	Growth	2.8400
2020-05-31T00:00:00	Cash	0.0200
2020-05-31T00:00:00	Bonds	0.2900
2020-05-31T00:00:00	Australian Shares	4.5700
2020-05-31T00:00:00	International Shares	3.6900
2020-05-31T00:00:00	International Shares - Indexed	3.0000
2020-05-31T00:00:00	Stable	0.6200
2020-05-31T00:00:00	Conservative	1.4400
2020-05-31T00:00:00	SRI - Balanced	2.8300
2020-05-31T00:00:00	Indexed Balanced	2.9900
2020-05-31T00:00:00	Balanced	1.8200
2020-05-31T00:00:00	Growth	2.8400
2020-05-31T00:00:00	Cash	0.0200
2020-05-31T00:00:00	Bonds	0.2900
2020-05-31T00:00:00	Australian Shares	4.5700
2020-05-31T00:00:00	International Shares	3.6900
2020-05-31T00:00:00	International Shares - Indexed	3.0000
2020-04-30T00:00:00	Stable	-0.8800
2020-04-30T00:00:00	Conservative	0.9300
2020-04-30T00:00:00	SRI - Balanced	4.0500
2020-04-30T00:00:00	Indexed Balanced	4.9400
2020-04-30T00:00:00	Balanced	0.7900
2020-04-30T00:00:00	Growth	3.5200
2020-04-30T00:00:00	Cash	0.0300
2020-04-30T00:00:00	Bonds	0.2000
2020-04-30T00:00:00	Australian Shares	9.8200
2020-04-30T00:00:00	International Shares	3.2900
2020-04-30T00:00:00	International Shares - Indexed	3.1800
2020-04-30T00:00:00	Stable	-0.8800
2020-04-30T00:00:00	Conservative	0.9300
2020-04-30T00:00:00	SRI - Balanced	4.0500
2020-04-30T00:00:00	Indexed Balanced	4.9400
2020-04-30T00:00:00	Balanced	0.7900
2020-04-30T00:00:00	Growth	3.5200
2020-04-30T00:00:00	Cash	0.0300
2020-04-30T00:00:00	Bonds	0.2000
2020-04-30T00:00:00	Australian Shares	9.8200
2020-04-30T00:00:00	International Shares	3.2900
2020-04-30T00:00:00	International Shares - Indexed	3.1800
2020-03-31T00:00:00	Stable	-6.2800
2020-03-31T00:00:00	Conservative	-8.6000
2020-03-31T00:00:00	SRI - Balanced	-11.5400
2020-03-31T00:00:00	Indexed Balanced	-10.5900
2020-03-31T00:00:00	Balanced	-12.5800
2020-03-31T00:00:00	Growth	-13.3700
2020-03-31T00:00:00	Cash	0.1200
2020-03-31T00:00:00	Bonds	-0.8400
2020-03-31T00:00:00	Australian Shares	-19.7700
2020-03-31T00:00:00	International Shares	-9.7100
2020-03-31T00:00:00	International Shares - Indexed	-7.3800
2020-03-31T00:00:00	Stable	-6.2800
2020-03-31T00:00:00	Conservative	-8.6000
2020-03-31T00:00:00	SRI - Balanced	-11.5400
2020-03-31T00:00:00	Indexed Balanced	-10.5900
2020-03-31T00:00:00	Balanced	-12.5800
2020-03-31T00:00:00	Growth	-13.3700
2020-03-31T00:00:00	Cash	0.1200
2020-03-31T00:00:00	Bonds	-0.8400
2020-03-31T00:00:00	Australian Shares	-19.7700
2020-03-31T00:00:00	International Shares	-9.7100
2020-03-31T00:00:00	International Shares - Indexed	-7.3800
2020-02-29T00:00:00	Stable	-0.5700
2020-02-29T00:00:00	Conservative	-1.5300
2020-02-29T00:00:00	SRI - Balanced	-2.5100
2020-02-29T00:00:00	Indexed Balanced	-4.4600
2020-02-29T00:00:00	Balanced	-2.3400
2020-02-29T00:00:00	Growth	-3.2700
2020-02-29T00:00:00	Cash	0.0800
2020-02-29T00:00:00	Bonds	0.5600
2020-02-29T00:00:00	Australian Shares	-6.8700
2020-02-29T00:00:00	International Shares	-3.1000
2020-02-29T00:00:00	International Shares - Indexed	-4.3500
2020-02-29T00:00:00	Stable	-0.5700
2020-02-29T00:00:00	Conservative	-1.5300
2020-02-29T00:00:00	SRI - Balanced	-2.5100
2020-02-29T00:00:00	Indexed Balanced	-4.4600
2020-02-29T00:00:00	Balanced	-2.3400
2020-02-29T00:00:00	Growth	-3.2700
2020-02-29T00:00:00	Cash	0.0800
2020-02-29T00:00:00	Bonds	0.5600
2020-02-29T00:00:00	Australian Shares	-6.8700
2020-02-29T00:00:00	International Shares	-3.1000
2020-02-29T00:00:00	International Shares - Indexed	-4.3500
2020-01-31T00:00:00	Stable	1.3500
2020-01-31T00:00:00	Conservative	1.8400
2020-01-31T00:00:00	SRI - Balanced	1.8200
2020-01-31T00:00:00	Indexed Balanced	2.4500
2020-01-31T00:00:00	Balanced	2.1500
2020-01-31T00:00:00	Growth	2.5400
2020-01-31T00:00:00	Cash	0.0900
2020-01-31T00:00:00	Bonds	1.1900
2020-01-31T00:00:00	Australian Shares	3.2300
2020-01-31T00:00:00	International Shares	2.7100
2020-01-31T00:00:00	International Shares - Indexed	3.9000
2020-01-31T00:00:00	Stable	1.3500
2020-01-31T00:00:00	Conservative	1.8400
2020-01-31T00:00:00	SRI - Balanced	1.8200
2020-01-31T00:00:00	Indexed Balanced	2.4500
2020-01-31T00:00:00	Balanced	2.1500
2020-01-31T00:00:00	Growth	2.5400
2020-01-31T00:00:00	Cash	0.0900
2020-01-31T00:00:00	Bonds	1.1900
2020-01-31T00:00:00	Australian Shares	3.2300
2020-01-31T00:00:00	International Shares	2.7100
2020-01-31T00:00:00	International Shares - Indexed	3.9000
2019-12-31T00:00:00	Stable	0.1300
2019-12-31T00:00:00	Conservative	0.2200
2019-12-31T00:00:00	SRI - Balanced	-0.1600
2019-12-31T00:00:00	Indexed Balanced	-0.4100
2019-12-31T00:00:00	Balanced	0.4500
2019-12-31T00:00:00	Growth	0.4000
2019-12-31T00:00:00	Cash	0.0800
2019-12-31T00:00:00	Bonds	-0.4900
2019-12-31T00:00:00	Australian Shares	-1.0900
2019-12-31T00:00:00	International Shares	1.4300
2019-12-31T00:00:00	International Shares - Indexed	-0.7500
2019-12-31T00:00:00	Stable	0.1300
2019-12-31T00:00:00	Conservative	0.2200
2019-12-31T00:00:00	SRI - Balanced	-0.1600
2019-12-31T00:00:00	Indexed Balanced	-0.4100
2019-12-31T00:00:00	Balanced	0.4500
2019-12-31T00:00:00	Growth	0.4000
2019-12-31T00:00:00	Cash	0.0800
2019-12-31T00:00:00	Bonds	-0.4900
2019-12-31T00:00:00	Australian Shares	-1.0900
2019-12-31T00:00:00	International Shares	1.4300
2019-12-31T00:00:00	International Shares - Indexed	-0.7500
2019-11-30T00:00:00	Stable	0.6700
2019-11-30T00:00:00	Conservative	1.3500
2019-11-30T00:00:00	SRI - Balanced	1.9100
2019-11-30T00:00:00	Indexed Balanced	2.5500
2019-11-30T00:00:00	Balanced	1.7800
2019-11-30T00:00:00	Growth	2.4800
2019-11-30T00:00:00	Cash	0.0800
2019-11-30T00:00:00	Bonds	0.4400
2019-11-30T00:00:00	Australian Shares	3.1000
2019-11-30T00:00:00	International Shares	3.7200
2019-11-30T00:00:00	International Shares - Indexed	4.2300
2019-11-30T00:00:00	Stable	0.6700
2019-11-30T00:00:00	Conservative	1.3500
2019-11-30T00:00:00	SRI - Balanced	1.9100
2019-11-30T00:00:00	Indexed Balanced	2.5500
2019-11-30T00:00:00	Balanced	1.7800
2019-11-30T00:00:00	Growth	2.4800
2019-11-30T00:00:00	Cash	0.0800
2019-11-30T00:00:00	Bonds	0.4400
2019-11-30T00:00:00	Australian Shares	3.1000
2019-11-30T00:00:00	International Shares	3.7200
2019-11-30T00:00:00	International Shares - Indexed	4.2300
2019-10-31T00:00:00	Stable	0.4200
2019-10-31T00:00:00	Conservative	0.6200
2019-10-31T00:00:00	SRI - Balanced	0.7300
2019-10-31T00:00:00	Indexed Balanced	0.3400
2019-10-31T00:00:00	Balanced	0.8800
2019-10-31T00:00:00	Growth	0.9100
2019-10-31T00:00:00	Cash	0.0900
2019-10-31T00:00:00	Bonds	-0.2800
2019-10-31T00:00:00	Australian Shares	0.1600
2019-10-31T00:00:00	International Shares	1.5800
2019-10-31T00:00:00	International Shares - Indexed	0.3900
2019-10-31T00:00:00	Stable	0.4200
2019-10-31T00:00:00	Conservative	0.6200
2019-10-31T00:00:00	SRI - Balanced	0.7300
2019-10-31T00:00:00	Indexed Balanced	0.3400
2019-10-31T00:00:00	Balanced	0.8800
2019-10-31T00:00:00	Growth	0.9100
2019-10-31T00:00:00	Cash	0.0900
2019-10-31T00:00:00	Bonds	-0.2800
2019-10-31T00:00:00	Australian Shares	0.1600
2019-10-31T00:00:00	International Shares	1.5800
2019-10-31T00:00:00	International Shares - Indexed	0.3900
2019-09-30T00:00:00	Stable	0.1600
2019-09-30T00:00:00	Conservative	0.6300
2019-09-30T00:00:00	SRI - Balanced	1.3900
2019-09-30T00:00:00	Indexed Balanced	1.4200
2019-09-30T00:00:00	Balanced	0.9200
2019-09-30T00:00:00	Growth	1.4100
2019-09-30T00:00:00	Cash	0.0800
2019-09-30T00:00:00	Bonds	-0.1300
2019-09-30T00:00:00	Australian Shares	2.6200
2019-09-30T00:00:00	International Shares	1.3000
2019-09-30T00:00:00	International Shares - Indexed	1.7100
2019-09-30T00:00:00	Stable	0.1600
2019-09-30T00:00:00	Conservative	0.6300
2019-09-30T00:00:00	SRI - Balanced	1.3900
2019-09-30T00:00:00	Indexed Balanced	1.4200
2019-09-30T00:00:00	Balanced	0.9200
2019-09-30T00:00:00	Growth	1.4100
2019-09-30T00:00:00	Cash	0.0800
2019-09-30T00:00:00	Bonds	-0.1300
2019-09-30T00:00:00	Australian Shares	2.6200
2019-09-30T00:00:00	International Shares	1.3000
2019-09-30T00:00:00	International Shares - Indexed	1.7100
2019-08-31T00:00:00	Stable	0.2000
2019-08-31T00:00:00	Conservative	-0.1700
2019-08-31T00:00:00	SRI - Balanced	-0.9600
2019-08-31T00:00:00	Indexed Balanced	-0.7000
2019-08-31T00:00:00	Balanced	-0.4100
2019-08-31T00:00:00	Growth	-0.8200
2019-08-31T00:00:00	Cash	0.0900
2019-08-31T00:00:00	Bonds	1.2600
2019-08-31T00:00:00	Australian Shares	-2.0700
2019-08-31T00:00:00	International Shares	-1.0600
2019-08-31T00:00:00	International Shares - Indexed	0.2700
2019-08-31T00:00:00	Stable	0.2000
2019-08-31T00:00:00	Conservative	-0.1700
2019-08-31T00:00:00	SRI - Balanced	-0.9600
2019-08-31T00:00:00	Indexed Balanced	-0.7000
2019-08-31T00:00:00	Balanced	-0.4100
2019-08-31T00:00:00	Growth	-0.8200
2019-08-31T00:00:00	Cash	0.0900
2019-08-31T00:00:00	Bonds	1.2600
2019-08-31T00:00:00	Australian Shares	-2.0700
2019-08-31T00:00:00	International Shares	-1.0600
2019-08-31T00:00:00	International Shares - Indexed	0.2700
2019-07-31T00:00:00	Stable	0.7700
2019-07-31T00:00:00	Conservative	1.1500
2019-07-31T00:00:00	SRI - Balanced	1.5400
2019-07-31T00:00:00	Indexed Balanced	1.6400
2019-07-31T00:00:00	Balanced	0.9400
2019-07-31T00:00:00	Growth	1.8900
2019-07-31T00:00:00	Cash	0.1300
2019-07-31T00:00:00	Bonds	0.5100
2019-07-31T00:00:00	Australian Shares	2.9600
2019-07-31T00:00:00	International Shares	1.5300
2019-07-31T00:00:00	International Shares - Indexed	1.9900
2019-07-31T00:00:00	Stable	0.7700
2019-07-31T00:00:00	Conservative	1.1500
2019-07-31T00:00:00	SRI - Balanced	1.5400
2019-07-31T00:00:00	Indexed Balanced	1.6400
2019-07-31T00:00:00	Balanced	0.9400
2019-07-31T00:00:00	Growth	1.8900
2019-07-31T00:00:00	Cash	0.1300
2019-07-31T00:00:00	Bonds	0.5100
2019-07-31T00:00:00	Australian Shares	2.9600
2019-07-31T00:00:00	International Shares	1.5300
2019-07-31T00:00:00	International Shares - Indexed	1.9900
2019-06-30T00:00:00	Stable	0.7200
2019-06-30T00:00:00	Conservative	1.6000
2019-06-30T00:00:00	SRI - Balanced	2.2900
2019-06-30T00:00:00	Indexed Balanced	3.0600
2019-06-30T00:00:00	Balanced	3.0400
2019-06-30T00:00:00	Growth	3.0000
2019-06-30T00:00:00	Cash	0.1200
2019-06-30T00:00:00	Bonds	0.9300
2019-06-30T00:00:00	Australian Shares	2.4600
2019-06-30T00:00:00	International Shares	4.6300
2019-06-30T00:00:00	International Shares - Indexed	4.5500
2019-06-30T00:00:00	Stable	0.7200
2019-06-30T00:00:00	Conservative	1.6000
2019-06-30T00:00:00	SRI - Balanced	2.2900
2019-06-30T00:00:00	Indexed Balanced	3.0600
2019-06-30T00:00:00	Balanced	3.0400
2019-06-30T00:00:00	Growth	3.0000
2019-06-30T00:00:00	Cash	0.1200
2019-06-30T00:00:00	Bonds	0.9300
2019-06-30T00:00:00	Australian Shares	2.4600
2019-06-30T00:00:00	International Shares	4.6300
2019-06-30T00:00:00	International Shares - Indexed	4.5500
2019-05-31T00:00:00	Stable	-0.1300
2019-05-31T00:00:00	Conservative	-0.6400
2019-05-31T00:00:00	SRI - Balanced	-0.4400
2019-05-31T00:00:00	Indexed Balanced	-1.2300
2019-05-31T00:00:00	Balanced	-1.0200
2019-05-31T00:00:00	Growth	-1.5600
2019-05-31T00:00:00	Cash	0.1600
2019-05-31T00:00:00	Bonds	0.7700
2019-05-31T00:00:00	Australian Shares	0.7900
2019-05-31T00:00:00	International Shares	-4.6300
2019-05-31T00:00:00	International Shares - Indexed	-3.8900
2019-05-31T00:00:00	Stable	-0.1300
2019-05-31T00:00:00	Conservative	-0.6400
2019-05-31T00:00:00	SRI - Balanced	-0.4400
2019-05-31T00:00:00	Indexed Balanced	-1.2300
2019-05-31T00:00:00	Balanced	-1.0200
2019-05-31T00:00:00	Growth	-1.5600
2019-05-31T00:00:00	Cash	0.1600
2019-05-31T00:00:00	Bonds	0.7700
2019-05-31T00:00:00	Australian Shares	0.7900
2019-05-31T00:00:00	International Shares	-4.6300
2019-05-31T00:00:00	International Shares - Indexed	-3.8900
2019-04-30T00:00:00	Stable	0.9900
2019-04-30T00:00:00	Stable	0.9900
2019-04-30T00:00:00	Stable	0.9900
2019-04-30T00:00:00	Conservative	1.4900
2019-04-30T00:00:00	Conservative	1.4900
2019-04-30T00:00:00	Conservative	1.4900
2019-04-30T00:00:00	SRI - Balanced	1.8000
2019-04-30T00:00:00	SRI - Balanced	1.8000
2019-04-30T00:00:00	SRI - Balanced	1.8000
2019-04-30T00:00:00	Indexed Balanced	2.3200
2019-04-30T00:00:00	Indexed Balanced	2.3200
2019-04-30T00:00:00	Indexed Balanced	2.3200
2019-04-30T00:00:00	Balanced	2.0600
2019-04-30T00:00:00	Balanced	2.0600
2019-04-30T00:00:00	Balanced	2.0600
2019-04-30T00:00:00	Growth	2.4000
2019-04-30T00:00:00	Growth	2.4000
2019-04-30T00:00:00	Growth	2.4000
2019-04-30T00:00:00	Cash	0.1800
2019-04-30T00:00:00	Cash	0.1800
2019-04-30T00:00:00	Cash	0.1800
2019-04-30T00:00:00	Bonds	0.1800
2019-04-30T00:00:00	Bonds	0.1800
2019-04-30T00:00:00	Bonds	0.1800
2019-04-30T00:00:00	Australian Shares	2.3400
2019-04-30T00:00:00	Australian Shares	2.3400
2019-04-30T00:00:00	Australian Shares	2.3400
2019-04-30T00:00:00	International Shares	3.4700
2019-04-30T00:00:00	International Shares	3.4700
2019-04-30T00:00:00	International Shares	3.4700
2019-04-30T00:00:00	International Shares - Indexed	4.0800
2019-04-30T00:00:00	International Shares - Indexed	4.0800
2019-04-30T00:00:00	International Shares - Indexed	4.0800
2019-04-30T00:00:00	Stable	0.9900
2019-04-30T00:00:00	Stable	0.9900
2019-04-30T00:00:00	Stable	0.9900
2019-04-30T00:00:00	Conservative	1.4900
2019-04-30T00:00:00	Conservative	1.4900
2019-04-30T00:00:00	Conservative	1.4900
2019-04-30T00:00:00	SRI - Balanced	1.8000
2019-04-30T00:00:00	SRI - Balanced	1.8000
2019-04-30T00:00:00	SRI - Balanced	1.8000
2019-04-30T00:00:00	Indexed Balanced	2.3200
2019-04-30T00:00:00	Indexed Balanced	2.3200
2019-04-30T00:00:00	Indexed Balanced	2.3200
2019-04-30T00:00:00	Balanced	2.0600
2019-04-30T00:00:00	Balanced	2.0600
2019-04-30T00:00:00	Balanced	2.0600
2019-04-30T00:00:00	Growth	2.4000
2019-04-30T00:00:00	Growth	2.4000
2019-04-30T00:00:00	Growth	2.4000
2019-04-30T00:00:00	Cash	0.1800
2019-04-30T00:00:00	Cash	0.1800
2019-04-30T00:00:00	Cash	0.1800
2019-04-30T00:00:00	Bonds	0.1800
2019-04-30T00:00:00	Bonds	0.1800
2019-04-30T00:00:00	Bonds	0.1800
2019-04-30T00:00:00	Australian Shares	2.3400
2019-04-30T00:00:00	Australian Shares	2.3400
2019-04-30T00:00:00	Australian Shares	2.3400
2019-04-30T00:00:00	International Shares	3.4700
2019-04-30T00:00:00	International Shares	3.4700
2019-04-30T00:00:00	International Shares	3.4700
2019-04-30T00:00:00	International Shares - Indexed	4.0800
2019-04-30T00:00:00	International Shares - Indexed	4.0800
2019-04-30T00:00:00	International Shares - Indexed	4.0800
2019-03-31T00:00:00	Stable	0.4400
2019-03-31T00:00:00	Conservative	0.5800
2019-03-31T00:00:00	SRI - Balanced	0.9000
2019-03-31T00:00:00	Indexed Balanced	1.1200
2019-03-31T00:00:00	Balanced	0.6500
2019-03-31T00:00:00	Growth	0.7600
2019-03-31T00:00:00	Cash	0.1400
2019-03-31T00:00:00	Bonds	0.9800
2019-03-31T00:00:00	Australian Shares	0.2100
2019-03-31T00:00:00	International Shares	1.3300
2019-03-31T00:00:00	International Shares - Indexed	1.3200
2019-03-31T00:00:00	Stable	0.4400
2019-03-31T00:00:00	Conservative	0.5800
2019-03-31T00:00:00	SRI - Balanced	0.9000
2019-03-31T00:00:00	Indexed Balanced	1.1200
2019-03-31T00:00:00	Balanced	0.6500
2019-03-31T00:00:00	Growth	0.7600
2019-03-31T00:00:00	Cash	0.1400
2019-03-31T00:00:00	Bonds	0.9800
2019-03-31T00:00:00	Australian Shares	0.2100
2019-03-31T00:00:00	International Shares	1.3300
2019-03-31T00:00:00	International Shares - Indexed	1.3200
2019-02-28T00:00:00	Stable	0.9700
2019-02-28T00:00:00	Conservative	1.8000
2019-02-28T00:00:00	SRI - Balanced	2.8200
2019-02-28T00:00:00	Indexed Balanced	3.5500
2019-02-28T00:00:00	Balanced	2.3700
2019-02-28T00:00:00	Growth	3.3500
2019-02-28T00:00:00	Cash	0.1800
2019-02-28T00:00:00	Bonds	0.5100
2019-02-28T00:00:00	Australian Shares	5.2000
2019-02-28T00:00:00	International Shares	4.0200
2019-02-28T00:00:00	International Shares - Indexed	4.9200
2019-02-28T00:00:00	Stable	0.9700
2019-02-28T00:00:00	Conservative	1.8000
2019-02-28T00:00:00	SRI - Balanced	2.8200
2019-02-28T00:00:00	Indexed Balanced	3.5500
2019-02-28T00:00:00	Balanced	2.3700
2019-02-28T00:00:00	Growth	3.3500
2019-02-28T00:00:00	Cash	0.1800
2019-02-28T00:00:00	Bonds	0.5100
2019-02-28T00:00:00	Australian Shares	5.2000
2019-02-28T00:00:00	International Shares	4.0200
2019-02-28T00:00:00	International Shares - Indexed	4.9200
2019-01-31T00:00:00	Stable	1.5200
2019-01-31T00:00:00	Conservative	2.2200
2019-01-31T00:00:00	SRI - Balanced	2.9400
2019-01-31T00:00:00	Indexed Balanced	3.4500
2019-01-31T00:00:00	Balanced	2.8700
2019-01-31T00:00:00	Growth	3.4200
2019-01-31T00:00:00	Cash	0.1900
2019-01-31T00:00:00	Bonds	0.4700
2019-01-31T00:00:00	Australian Shares	3.8300
2019-01-31T00:00:00	International Shares	4.6200
2019-01-31T00:00:00	International Shares - Indexed	3.5500
2019-01-31T00:00:00	Stable	1.5200
2019-01-31T00:00:00	Conservative	2.2200
2019-01-31T00:00:00	SRI - Balanced	2.9400
2019-01-31T00:00:00	Indexed Balanced	3.4500
2019-01-31T00:00:00	Balanced	2.8700
2019-01-31T00:00:00	Growth	3.4200
2019-01-31T00:00:00	Cash	0.1900
2019-01-31T00:00:00	Bonds	0.4700
2019-01-31T00:00:00	Australian Shares	3.8300
2019-01-31T00:00:00	International Shares	4.6200
2019-01-31T00:00:00	International Shares - Indexed	3.5500
2018-12-31T00:00:00	Stable	-0.3700
2018-12-31T00:00:00	Stable	-0.3700
2018-12-31T00:00:00	Conservative	-0.7400
2018-12-31T00:00:00	Conservative	-0.7400
2018-12-31T00:00:00	SRI - Balanced	-1.9200
2018-12-31T00:00:00	SRI - Balanced	-1.9200
2018-12-31T00:00:00	Indexed Balanced	-2.4000
2018-12-31T00:00:00	Indexed Balanced	-2.4000
2018-12-31T00:00:00	Balanced	-1.1600
2018-12-31T00:00:00	Balanced	-1.1600
2018-12-31T00:00:00	Growth	-1.5300
2018-12-31T00:00:00	Growth	-1.5300
2018-12-31T00:00:00	Cash	0.1200
2018-12-31T00:00:00	Cash	0.1200
2018-12-31T00:00:00	Bonds	0.6700
2018-12-31T00:00:00	Bonds	0.6700
2018-12-31T00:00:00	Australian Shares	-1.2600
2018-12-31T00:00:00	Australian Shares	-1.2600
2018-12-31T00:00:00	International Shares	-2.8900
2018-12-31T00:00:00	International Shares	-2.8900
2018-12-31T00:00:00	International Shares - Indexed	-3.7600
2018-12-31T00:00:00	International Shares - Indexed	-3.7600
2018-12-31T00:00:00	Stable	-0.3700
2018-12-31T00:00:00	Stable	-0.3700
2018-12-31T00:00:00	Conservative	-0.7400
2018-12-31T00:00:00	Conservative	-0.7400
2018-12-31T00:00:00	SRI - Balanced	-1.9200
2018-12-31T00:00:00	SRI - Balanced	-1.9200
2018-12-31T00:00:00	Indexed Balanced	-2.4000
2018-12-31T00:00:00	Indexed Balanced	-2.4000
2018-12-31T00:00:00	Balanced	-1.1600
2018-12-31T00:00:00	Balanced	-1.1600
2018-12-31T00:00:00	Growth	-1.5300
2018-12-31T00:00:00	Growth	-1.5300
2018-12-31T00:00:00	Cash	0.1200
2018-12-31T00:00:00	Cash	0.1200
2018-12-31T00:00:00	Bonds	0.6700
2018-12-31T00:00:00	Bonds	0.6700
2018-12-31T00:00:00	Australian Shares	-1.2600
2018-12-31T00:00:00	Australian Shares	-1.2600
2018-12-31T00:00:00	International Shares	-2.8900
2018-12-31T00:00:00	International Shares	-2.8900
2018-12-31T00:00:00	International Shares - Indexed	-3.7600
2018-12-31T00:00:00	International Shares - Indexed	-3.7600
2018-11-30T00:00:00	Stable	-0.0600
2018-11-30T00:00:00	Conservative	-0.3300
2018-11-30T00:00:00	SRI - Balanced	-0.0500
2018-11-30T00:00:00	Indexed Balanced	-0.5400
2018-11-30T00:00:00	Balanced	-0.5300
2018-11-30T00:00:00	Growth	-0.9000
2018-11-30T00:00:00	Cash	0.1400
2018-11-30T00:00:00	Bonds	0.2100
2018-11-30T00:00:00	Australian Shares	-3.0100
2018-11-30T00:00:00	International Shares	-0.1100
2018-11-30T00:00:00	International Shares - Indexed	-1.4700
2018-11-30T00:00:00	Stable	-0.0600
2018-11-30T00:00:00	Conservative	-0.3300
2018-11-30T00:00:00	SRI - Balanced	-0.0500
2018-11-30T00:00:00	Indexed Balanced	-0.5400
2018-11-30T00:00:00	Balanced	-0.5300
2018-11-30T00:00:00	Growth	-0.9000
2018-11-30T00:00:00	Cash	0.1400
2018-11-30T00:00:00	Bonds	0.2100
2018-11-30T00:00:00	Australian Shares	-3.0100
2018-11-30T00:00:00	International Shares	-0.1100
2018-11-30T00:00:00	International Shares - Indexed	-1.4700
2018-10-31T00:00:00	Stable	-0.8600
2018-10-31T00:00:00	Conservative	-2.0300
2018-10-31T00:00:00	SRI - Balanced	-3.6600
2018-10-31T00:00:00	Indexed Balanced	-3.8500
2018-10-31T00:00:00	Balanced	-2.9600
2018-10-31T00:00:00	Growth	-4.3400
2018-10-31T00:00:00	Cash	0.1800
2018-10-31T00:00:00	Bonds	0.3800
2018-10-31T00:00:00	Australian Shares	-6.1800
2018-10-31T00:00:00	International Shares	-6.4000
2018-10-31T00:00:00	International Shares - Indexed	-4.5800
2018-10-31T00:00:00	Stable	-0.8600
2018-10-31T00:00:00	Conservative	-2.0300
2018-10-31T00:00:00	SRI - Balanced	-3.6600
2018-10-31T00:00:00	Indexed Balanced	-3.8500
2018-10-31T00:00:00	Balanced	-2.9600
2018-10-31T00:00:00	Growth	-4.3400
2018-10-31T00:00:00	Cash	0.1800
2018-10-31T00:00:00	Bonds	0.3800
2018-10-31T00:00:00	Australian Shares	-6.1800
2018-10-31T00:00:00	International Shares	-6.4000
2018-10-31T00:00:00	International Shares - Indexed	-4.5800
2018-09-30T00:00:00	Stable	0.0100
2018-09-30T00:00:00	Conservative	-0.0700
2018-09-30T00:00:00	SRI - Balanced	-0.1900
2018-09-30T00:00:00	Indexed Balanced	-0.0800
2018-09-30T00:00:00	Balanced	-0.0100
2018-09-30T00:00:00	Growth	-0.2100
2018-09-30T00:00:00	Cash	0.1500
2018-09-30T00:00:00	Bonds	0.0400
2018-09-30T00:00:00	Australian Shares	-0.4800
2018-09-30T00:00:00	International Shares	-0.4200
2018-09-30T00:00:00	International Shares - Indexed	0.4900
2018-09-30T00:00:00	Stable	0.0100
2018-09-30T00:00:00	Conservative	-0.0700
2018-09-30T00:00:00	SRI - Balanced	-0.1900
2018-09-30T00:00:00	Indexed Balanced	-0.0800
2018-09-30T00:00:00	Balanced	-0.0100
2018-09-30T00:00:00	Growth	-0.2100
2018-09-30T00:00:00	Cash	0.1500
2018-09-30T00:00:00	Bonds	0.0400
2018-09-30T00:00:00	Australian Shares	-0.4800
2018-09-30T00:00:00	International Shares	-0.4200
2018-09-30T00:00:00	International Shares - Indexed	0.4900
2018-08-31T00:00:00	Stable	0.3600
2018-08-31T00:00:00	Conservative	0.6600
2018-08-31T00:00:00	SRI - Balanced	1.4400
2018-08-31T00:00:00	Indexed Balanced	1.6300
2018-08-31T00:00:00	Balanced	0.8400
2018-08-31T00:00:00	Growth	1.1200
2018-08-31T00:00:00	Cash	0.1600
2018-08-31T00:00:00	Bonds	0.3400
2018-08-31T00:00:00	Australian Shares	0.9400
2018-08-31T00:00:00	International Shares	1.6600
2018-08-31T00:00:00	International Shares - Indexed	3.6700
2018-08-31T00:00:00	Stable	0.3600
2018-08-31T00:00:00	Conservative	0.6600
2018-08-31T00:00:00	SRI - Balanced	1.4400
2018-08-31T00:00:00	Indexed Balanced	1.6300
2018-08-31T00:00:00	Balanced	0.8400
2018-08-31T00:00:00	Growth	1.1200
2018-08-31T00:00:00	Cash	0.1600
2018-08-31T00:00:00	Bonds	0.3400
2018-08-31T00:00:00	Australian Shares	0.9400
2018-08-31T00:00:00	International Shares	1.6600
2018-08-31T00:00:00	International Shares - Indexed	3.6700
2018-07-31T00:00:00	Stable	0.0100
2018-07-31T00:00:00	Conservative	0.3900
2018-07-31T00:00:00	SRI - Balanced	1.0800
2018-07-31T00:00:00	Indexed Balanced	1.4700
2018-07-31T00:00:00	Balanced	0.6300
2018-07-31T00:00:00	Growth	1.0700
2018-07-31T00:00:00	Cash	0.1900
2018-07-31T00:00:00	Bonds	0.2200
2018-07-31T00:00:00	Australian Shares	1.1900
2018-07-31T00:00:00	International Shares	1.2800
2018-07-31T00:00:00	International Shares - Indexed	2.2400
2018-07-31T00:00:00	Stable	0.0100
2018-07-31T00:00:00	Conservative	0.3900
2018-07-31T00:00:00	SRI - Balanced	1.0800
2018-07-31T00:00:00	Indexed Balanced	1.4700
2018-07-31T00:00:00	Balanced	0.6300
2018-07-31T00:00:00	Growth	1.0700
2018-07-31T00:00:00	Cash	0.1900
2018-07-31T00:00:00	Bonds	0.2200
2018-07-31T00:00:00	Australian Shares	1.1900
2018-07-31T00:00:00	International Shares	1.2800
2018-07-31T00:00:00	International Shares - Indexed	2.2400
2018-06-30T00:00:00	Stable	0.6500
2018-06-30T00:00:00	Conservative	0.9900
2018-06-30T00:00:00	SRI - Balanced	1.1200
2018-06-30T00:00:00	Indexed Balanced	1.6500
2018-06-30T00:00:00	Balanced	1.9800
2018-06-30T00:00:00	Growth	1.6300
2018-06-30T00:00:00	Cash	0.1700
2018-06-30T00:00:00	Bonds	0.3000
2018-06-30T00:00:00	Australian Shares	2.3000
2018-06-30T00:00:00	International Shares	1.1900
2018-06-30T00:00:00	International Shares - Indexed	2.0000
2018-06-30T00:00:00	Stable	0.6500
2018-06-30T00:00:00	Conservative	0.9900
2018-06-30T00:00:00	SRI - Balanced	1.1200
2018-06-30T00:00:00	Indexed Balanced	1.6500
2018-06-30T00:00:00	Balanced	1.9800
2018-06-30T00:00:00	Growth	1.6300
2018-06-30T00:00:00	Cash	0.1700
2018-06-30T00:00:00	Bonds	0.3000
2018-06-30T00:00:00	Australian Shares	2.3000
2018-06-30T00:00:00	International Shares	1.1900
2018-06-30T00:00:00	International Shares - Indexed	2.0000
2018-05-31T00:00:00	Stable	0.3500
2018-05-31T00:00:00	Conservative	0.4300
2018-05-31T00:00:00	SRI - Balanced	0.8500
2018-05-31T00:00:00	Indexed Balanced	0.8900
2018-05-31T00:00:00	Balanced	0.4900
2018-05-31T00:00:00	Growth	0.6400
2018-05-31T00:00:00	Cash	0.1400
2018-05-31T00:00:00	Bonds	0.4000
2018-05-31T00:00:00	Australian Shares	1.3800
2018-05-31T00:00:00	International Shares	0.1200
2018-05-31T00:00:00	International Shares - Indexed	0.4500
2018-05-31T00:00:00	Stable	0.3500
2018-05-31T00:00:00	Conservative	0.4300
2018-05-31T00:00:00	SRI - Balanced	0.8500
2018-05-31T00:00:00	Indexed Balanced	0.8900
2018-05-31T00:00:00	Balanced	0.4900
2018-05-31T00:00:00	Growth	0.6400
2018-05-31T00:00:00	Cash	0.1400
2018-05-31T00:00:00	Bonds	0.4000
2018-05-31T00:00:00	Australian Shares	1.3800
2018-05-31T00:00:00	International Shares	0.1200
2018-05-31T00:00:00	International Shares - Indexed	0.4500
2018-04-30T00:00:00	Stable	1.0300
2018-04-30T00:00:00	Conservative	1.4900
2018-04-30T00:00:00	SRI - Balanced	1.7700
2018-04-30T00:00:00	Indexed Balanced	2.1300
2018-04-30T00:00:00	Balanced	1.9700
2018-04-30T00:00:00	Growth	2.2800
2018-04-30T00:00:00	Cash	0.1400
2018-04-30T00:00:00	Bonds	0.0100
2018-04-30T00:00:00	Australian Shares	3.5600
2018-04-30T00:00:00	International Shares	1.8400
2018-04-30T00:00:00	International Shares - Indexed	2.5400
2018-04-30T00:00:00	Stable	1.0300
2018-04-30T00:00:00	Conservative	1.4900
2018-04-30T00:00:00	SRI - Balanced	1.7700
2018-04-30T00:00:00	Indexed Balanced	2.1300
2018-04-30T00:00:00	Balanced	1.9700
2018-04-30T00:00:00	Growth	2.2800
2018-04-30T00:00:00	Cash	0.1400
2018-04-30T00:00:00	Bonds	0.0100
2018-04-30T00:00:00	Australian Shares	3.5600
2018-04-30T00:00:00	International Shares	1.8400
2018-04-30T00:00:00	International Shares - Indexed	2.5400
2018-03-31T00:00:00	Stable	-0.1400
2018-03-31T00:00:00	Conservative	-0.5200
2018-03-31T00:00:00	SRI - Balanced	-1.2200
2018-03-31T00:00:00	Indexed Balanced	-1.8000
2018-03-31T00:00:00	Balanced	-0.8500
2018-03-31T00:00:00	Growth	-1.3000
2018-03-31T00:00:00	Cash	0.1100
2018-03-31T00:00:00	Bonds	0.4200
2018-03-31T00:00:00	Australian Shares	-2.8100
2018-03-31T00:00:00	International Shares	-1.3100
2018-03-31T00:00:00	International Shares - Indexed	-0.5000
2018-03-31T00:00:00	Stable	-0.1400
2018-03-31T00:00:00	Conservative	-0.5200
2018-03-31T00:00:00	SRI - Balanced	-1.2200
2018-03-31T00:00:00	Indexed Balanced	-1.8000
2018-03-31T00:00:00	Balanced	-0.8500
2018-03-31T00:00:00	Growth	-1.3000
2018-03-31T00:00:00	Cash	0.1100
2018-03-31T00:00:00	Bonds	0.4200
2018-03-31T00:00:00	Australian Shares	-2.8100
2018-03-31T00:00:00	International Shares	-1.3100
2018-03-31T00:00:00	International Shares - Indexed	-0.5000
2018-02-28T00:00:00	Stable	0.7700
2018-02-28T00:00:00	Conservative	0.5100
2018-02-28T00:00:00	SRI - Balanced	-0.0700
2018-02-28T00:00:00	Indexed Balanced	-0.0400
2018-02-28T00:00:00	Balanced	0.3900
2018-02-28T00:00:00	Growth	0.1600
2018-02-28T00:00:00	Cash	0.1000
2018-02-28T00:00:00	Bonds	0.3100
2018-02-28T00:00:00	Australian Shares	0.3900
2018-02-28T00:00:00	International Shares	-1.6300
2018-02-28T00:00:00	International Shares - Indexed	-0.3200
2018-02-28T00:00:00	Stable	0.7700
2018-02-28T00:00:00	Conservative	0.5100
2018-02-28T00:00:00	SRI - Balanced	-0.0700
2018-02-28T00:00:00	Indexed Balanced	-0.0400
2018-02-28T00:00:00	Balanced	0.3900
2018-02-28T00:00:00	Growth	0.1600
2018-02-28T00:00:00	Cash	0.1000
2018-02-28T00:00:00	Bonds	0.3100
2018-02-28T00:00:00	Australian Shares	0.3900
2018-02-28T00:00:00	International Shares	-1.6300
2018-02-28T00:00:00	International Shares - Indexed	-0.3200
2018-01-31T00:00:00	Stable	0.5100
2018-01-31T00:00:00	Conservative	0.9800
2018-01-31T00:00:00	SRI - Balanced	0.5300
2018-01-31T00:00:00	Indexed Balanced	0.5300
2018-01-31T00:00:00	Balanced	1.4600
2018-01-31T00:00:00	Growth	1.5800
2018-01-31T00:00:00	Cash	0.1100
2018-01-31T00:00:00	Bonds	0.0900
2018-01-31T00:00:00	Australian Shares	-0.0200
2018-01-31T00:00:00	International Shares	4.0600
2018-01-31T00:00:00	International Shares - Indexed	1.5500
2018-01-31T00:00:00	Stable	0.5100
2018-01-31T00:00:00	Conservative	0.9800
2018-01-31T00:00:00	SRI - Balanced	0.5300
2018-01-31T00:00:00	Indexed Balanced	0.5300
2018-01-31T00:00:00	Balanced	1.4600
2018-01-31T00:00:00	Growth	1.5800
2018-01-31T00:00:00	Cash	0.1100
2018-01-31T00:00:00	Bonds	0.0900
2018-01-31T00:00:00	Australian Shares	-0.0200
2018-01-31T00:00:00	International Shares	4.0600
2018-01-31T00:00:00	International Shares - Indexed	1.5500
2017-12-31T00:00:00	Stable	0.1200
2017-12-31T00:00:00	Conservative	0.4800
2017-12-31T00:00:00	SRI - Balanced	0.3200
2017-12-31T00:00:00	Indexed Balanced	0.3100
2017-12-31T00:00:00	Balanced	0.7000
2017-12-31T00:00:00	Growth	1.1200
2017-12-31T00:00:00	Cash	0.1000
2017-12-31T00:00:00	Bonds	0.0700
2017-12-31T00:00:00	Australian Shares	2.5600
2017-12-31T00:00:00	International Shares	1.2100
2017-12-31T00:00:00	International Shares - Indexed	-1.4900
2017-12-31T00:00:00	Stable	0.1200
2017-12-31T00:00:00	Conservative	0.4800
2017-12-31T00:00:00	SRI - Balanced	0.3200
2017-12-31T00:00:00	Indexed Balanced	0.3100
2017-12-31T00:00:00	Balanced	0.7000
2017-12-31T00:00:00	Growth	1.1200
2017-12-31T00:00:00	Cash	0.1000
2017-12-31T00:00:00	Bonds	0.0700
2017-12-31T00:00:00	Australian Shares	2.5600
2017-12-31T00:00:00	International Shares	1.2100
2017-12-31T00:00:00	International Shares - Indexed	-1.4900
2017-11-30T00:00:00	Stable	0.8500
2017-11-30T00:00:00	Conservative	1.1000
2017-11-30T00:00:00	SRI - Balanced	1.2600
2017-11-30T00:00:00	Indexed Balanced	1.6700
2017-11-30T00:00:00	Balanced	1.3200
2017-11-30T00:00:00	Growth	1.6700
2017-11-30T00:00:00	Cash	0.1000
2017-11-30T00:00:00	Bonds	0.4900
2017-11-30T00:00:00	Australian Shares	1.8300
2017-11-30T00:00:00	International Shares	1.7600
2017-11-30T00:00:00	International Shares - Indexed	2.8800
2017-11-30T00:00:00	Stable	0.8500
2017-11-30T00:00:00	Conservative	1.1000
2017-11-30T00:00:00	SRI - Balanced	1.2600
2017-11-30T00:00:00	Indexed Balanced	1.6700
2017-11-30T00:00:00	Balanced	1.3200
2017-11-30T00:00:00	Growth	1.6700
2017-11-30T00:00:00	Cash	0.1000
2017-11-30T00:00:00	Bonds	0.4900
2017-11-30T00:00:00	Australian Shares	1.8300
2017-11-30T00:00:00	International Shares	1.7600
2017-11-30T00:00:00	International Shares - Indexed	2.8800
2017-10-31T00:00:00	Stable	1.4400
2017-10-31T00:00:00	Conservative	1.9800
2017-10-31T00:00:00	SRI - Balanced	2.7000
2017-10-31T00:00:00	Indexed Balanced	2.6300
2017-10-31T00:00:00	Balanced	2.4900
2017-10-31T00:00:00	Growth	3.0100
2017-10-31T00:00:00	Cash	0.1100
2017-10-31T00:00:00	Bonds	0.4400
2017-10-31T00:00:00	Australian Shares	3.9900
2017-10-31T00:00:00	International Shares	2.8500
2017-10-31T00:00:00	International Shares - Indexed	3.7700
2017-10-31T00:00:00	Stable	1.4400
2017-10-31T00:00:00	Conservative	1.9800
2017-10-31T00:00:00	SRI - Balanced	2.7000
2017-10-31T00:00:00	Indexed Balanced	2.6300
2017-10-31T00:00:00	Balanced	2.4900
2017-10-31T00:00:00	Growth	3.0100
2017-10-31T00:00:00	Cash	0.1100
2017-10-31T00:00:00	Bonds	0.4400
2017-10-31T00:00:00	Australian Shares	3.9900
2017-10-31T00:00:00	International Shares	2.8500
2017-10-31T00:00:00	International Shares - Indexed	3.7700
2017-09-30T00:00:00	Stable	0.5900
2017-09-30T00:00:00	Conservative	0.7000
2017-09-30T00:00:00	SRI - Balanced	1.0200
2017-09-30T00:00:00	Indexed Balanced	1.0900
2017-09-30T00:00:00	Balanced	0.8900
2017-09-30T00:00:00	Growth	1.0100
2017-09-30T00:00:00	Cash	0.1000
2017-09-30T00:00:00	Bonds	0.0600
2017-09-30T00:00:00	Australian Shares	0.6800
2017-09-30T00:00:00	International Shares	1.4000
2017-09-30T00:00:00	International Shares - Indexed	1.1700
2017-08-31T00:00:00	Stable	0.8600
2017-08-31T00:00:00	Conservative	0.9400
2017-08-31T00:00:00	SRI - Balanced	0.3800
2017-08-31T00:00:00	Indexed Balanced	0.6600
2017-08-31T00:00:00	Balanced	0.4800
2017-08-31T00:00:00	Growth	1.1700
2017-08-31T00:00:00	Cash	0.1100
2017-08-31T00:00:00	Bonds	0.9900
2017-08-31T00:00:00	Australian Shares	1.1200
2017-08-31T00:00:00	International Shares	1.1000
2017-08-31T00:00:00	International Shares - Indexed	0.0000
2017-07-31T00:00:00	Stable	-0.1000
2017-07-31T00:00:00	Conservative	0.2500
2017-07-31T00:00:00	SRI - Balanced	-0.0400
2017-07-31T00:00:00	Indexed Balanced	-0.4300
2017-07-31T00:00:00	Balanced	0.5500
2017-07-31T00:00:00	Growth	0.6800
2017-07-31T00:00:00	Cash	0.1100
2017-07-31T00:00:00	Bonds	-0.0400
2017-07-31T00:00:00	Australian Shares	0.3900
2017-07-31T00:00:00	International Shares	1.9300
2017-07-31T00:00:00	International Shares - Indexed	0.0000
2017-06-30T00:00:00	Stable	-0.4500
2017-06-30T00:00:00	Conservative	-0.1200
2017-06-30T00:00:00	SRI - Balanced	-0.6400
2017-06-30T00:00:00	Indexed Balanced	-0.7400
2017-06-30T00:00:00	Balanced	0.7200
2017-06-30T00:00:00	Growth	0.2000
2017-06-30T00:00:00	Cash	0.2400
2017-06-30T00:00:00	Bonds	-0.2700
2017-06-30T00:00:00	Australian Shares	0.6500
2017-06-30T00:00:00	International Shares	0.2400
2017-06-30T00:00:00	International Shares - Indexed	0.0000
2017-05-31T00:00:00	Stable	0.2600
2017-05-31T00:00:00	Conservative	0.3300
2017-05-31T00:00:00	SRI - Balanced	0.5100
2017-05-31T00:00:00	Indexed Balanced	-0.1000
2017-05-31T00:00:00	Balanced	0.4900
2017-05-31T00:00:00	Growth	0.4500
2017-05-31T00:00:00	Cash	0.1100
2017-05-31T00:00:00	Bonds	0.4000
2017-05-31T00:00:00	Australian Shares	-1.8200
2017-05-31T00:00:00	International Shares	2.5600
2017-05-31T00:00:00	International Shares - Indexed	0.0000
2017-04-30T00:00:00	Stable	1.3000
2017-04-30T00:00:00	Conservative	1.5200
2017-04-30T00:00:00	SRI - Balanced	1.7100
2017-04-30T00:00:00	Indexed Balanced	2.1800
2017-04-30T00:00:00	Balanced	1.8300
2017-04-30T00:00:00	Growth	1.9800
2017-04-30T00:00:00	Cash	0.1100
2017-04-30T00:00:00	Bonds	0.5700
2017-04-30T00:00:00	Australian Shares	1.2600
2017-04-30T00:00:00	International Shares	2.6700
2017-04-30T00:00:00	International Shares - Indexed	0.0000
2017-03-31T00:00:00	Stable	0.5800
2017-03-31T00:00:00	Conservative	0.8800
2017-03-31T00:00:00	SRI - Balanced	0.6700
2017-03-31T00:00:00	Indexed Balanced	1.1900
2017-03-31T00:00:00	Balanced	1.2000
2017-03-31T00:00:00	Growth	1.4400
2017-03-31T00:00:00	Cash	0.1100
2017-03-31T00:00:00	Bonds	0.4000
2017-03-31T00:00:00	Australian Shares	2.0700
2017-03-31T00:00:00	International Shares	1.3100
2017-03-31T00:00:00	International Shares - Indexed	0.0000
2017-02-28T00:00:00	Stable	0.5800
2017-02-28T00:00:00	Conservative	0.9300
2017-02-28T00:00:00	SRI - Balanced	0.0000
2017-02-28T00:00:00	Indexed Balanced	1.0300
2017-02-28T00:00:00	Balanced	0.8900
2017-02-28T00:00:00	Growth	1.6800
2017-02-28T00:00:00	Cash	0.0900
2017-02-28T00:00:00	Bonds	0.5000
2017-02-28T00:00:00	Australian Shares	1.2200
2017-02-28T00:00:00	International Shares	3.2500
2017-02-28T00:00:00	International Shares - Indexed	0.0000
2017-01-31T00:00:00	Stable	0.3500
2017-01-31T00:00:00	Conservative	0.7200
2017-01-31T00:00:00	SRI - Balanced	0.0000
2017-01-31T00:00:00	Indexed Balanced	-0.5000
2017-01-31T00:00:00	Balanced	1.1000
2017-01-31T00:00:00	Growth	1.2800
2017-01-31T00:00:00	Cash	0.1100
2017-01-31T00:00:00	Bonds	0.2600
2017-01-31T00:00:00	Australian Shares	0.5600
2017-01-31T00:00:00	International Shares	3.1000
2017-01-31T00:00:00	International Shares - Indexed	0.0000
2016-12-31T00:00:00	Stable	1.1000
2016-12-31T00:00:00	Conservative	1.3500
2016-12-31T00:00:00	SRI - Balanced	0.0000
2016-12-31T00:00:00	Indexed Balanced	2.9900
2016-12-31T00:00:00	Balanced	1.7000
2016-12-31T00:00:00	Growth	2.0100
2016-12-31T00:00:00	Cash	0.1100
2016-12-31T00:00:00	Bonds	0.3400
2016-12-31T00:00:00	Australian Shares	2.5800
2016-12-31T00:00:00	International Shares	1.6500
2016-12-31T00:00:00	International Shares - Indexed	0.0000
2016-11-30T00:00:00	Stable	1.2100
2016-11-30T00:00:00	Conservative	1.3000
2016-11-30T00:00:00	SRI - Balanced	0.0000
2016-11-30T00:00:00	Indexed Balanced	2.7500
2016-11-30T00:00:00	Balanced	1.4000
2016-11-30T00:00:00	Growth	1.6100
2016-11-30T00:00:00	Cash	0.1000
2016-11-30T00:00:00	Bonds	0.4000
2016-11-30T00:00:00	Australian Shares	3.7200
2016-11-30T00:00:00	International Shares	-0.4000
2016-11-30T00:00:00	International Shares - Indexed	0.0000
2016-10-31T00:00:00	Stable	0.2300
2016-10-31T00:00:00	Conservative	-0.1700
2016-10-31T00:00:00	SRI - Balanced	0.0000
2016-10-31T00:00:00	Indexed Balanced	-1.4300
2016-10-31T00:00:00	Balanced	-0.3000
2016-10-31T00:00:00	Growth	-0.8700
2016-10-31T00:00:00	Cash	0.0800
2016-10-31T00:00:00	Bonds	0.3800
2016-10-31T00:00:00	Australian Shares	-2.2500
2016-10-31T00:00:00	International Shares	-1.3200
2016-10-31T00:00:00	International Shares - Indexed	0.0000
2016-09-30T00:00:00	Stable	0.3900
2016-09-30T00:00:00	Conservative	0.4100
2016-09-30T00:00:00	SRI - Balanced	0.0000
2016-09-30T00:00:00	Indexed Balanced	-0.1600
2016-09-30T00:00:00	Balanced	0.3600
2016-09-30T00:00:00	Growth	0.4700
2016-09-30T00:00:00	Cash	0.1300
2016-09-30T00:00:00	Bonds	0.4400
2016-09-30T00:00:00	Australian Shares	0.2300
2016-09-30T00:00:00	International Shares	0.7700
2016-09-30T00:00:00	International Shares - Indexed	0.0000
2016-08-31T00:00:00	Stable	0.6800
2016-08-31T00:00:00	Conservative	0.6000
2016-08-31T00:00:00	SRI - Balanced	0.0000
2016-08-31T00:00:00	Indexed Balanced	-0.2800
2016-08-31T00:00:00	Balanced	0.5700
2016-08-31T00:00:00	Growth	0.6000
2016-08-31T00:00:00	Cash	0.1400
2016-08-31T00:00:00	Bonds	0.5200
2016-08-31T00:00:00	Australian Shares	-0.4600
2016-08-31T00:00:00	International Shares	1.5700
2016-08-31T00:00:00	International Shares - Indexed	0.0000
2016-07-31T00:00:00	Stable	1.2000
2016-07-31T00:00:00	Conservative	2.0700
2016-07-31T00:00:00	SRI - Balanced	0.0000
2016-07-31T00:00:00	Indexed Balanced	3.0100
2016-07-31T00:00:00	Balanced	2.5300
2016-07-31T00:00:00	Growth	3.7100
2016-07-31T00:00:00	Cash	0.1300
2016-07-31T00:00:00	Bonds	0.5900
2016-07-31T00:00:00	Australian Shares	5.5600
2016-07-31T00:00:00	International Shares	3.9900
2016-07-31T00:00:00	International Shares - Indexed	0.0000
2016-06-30T00:00:00	Stable	-0.1700
2016-06-30T00:00:00	Conservative	-0.3800
2016-06-30T00:00:00	SRI - Balanced	0.0000
2016-06-30T00:00:00	Indexed Balanced	-1.8800
2016-06-30T00:00:00	Balanced	-0.1300
2016-06-30T00:00:00	Growth	-0.9100
2016-06-30T00:00:00	Cash	0.2600
2016-06-30T00:00:00	Bonds	0.3900
2016-06-30T00:00:00	Australian Shares	-1.8600
2016-06-30T00:00:00	International Shares	-0.5200
2016-06-30T00:00:00	International Shares - Indexed	0.0000
2016-05-31T00:00:00	Stable	1.6300
2016-05-31T00:00:00	Conservative	1.7900
2016-05-31T00:00:00	SRI - Balanced	0.0000
2016-05-31T00:00:00	Indexed Balanced	3.0200
2016-05-31T00:00:00	Balanced	2.3500
2016-05-31T00:00:00	Growth	2.2900
2016-05-31T00:00:00	Cash	0.1500
2016-05-31T00:00:00	Bonds	0.5200
2016-05-31T00:00:00	Australian Shares	3.2000
2016-05-31T00:00:00	International Shares	1.4500
2016-05-31T00:00:00	International Shares - Indexed	0.0000
2016-04-30T00:00:00	Stable	0.9800
2016-04-30T00:00:00	Conservative	1.3200
2016-04-30T00:00:00	SRI - Balanced	0.0000
2016-04-30T00:00:00	Indexed Balanced	2.2700
2016-04-30T00:00:00	Balanced	1.7600
2016-04-30T00:00:00	Growth	2.0800
2016-04-30T00:00:00	Cash	0.1500
2016-04-30T00:00:00	Bonds	0.4700
2016-04-30T00:00:00	Australian Shares	3.2900
2016-04-30T00:00:00	International Shares	1.7600
2016-04-30T00:00:00	International Shares - Indexed	0.0000
2016-03-31T00:00:00	Stable	0.2900
2016-03-31T00:00:00	Conservative	1.0500
2016-03-31T00:00:00	SRI - Balanced	0.0000
2016-03-31T00:00:00	Indexed Balanced	1.1300
2016-03-31T00:00:00	Balanced	1.2000
2016-03-31T00:00:00	Growth	2.3100
2016-03-31T00:00:00	Cash	0.1400
2016-03-31T00:00:00	Bonds	1.9900
2016-03-31T00:00:00	Australian Shares	3.2600
2016-03-31T00:00:00	International Shares	3.7000
2016-03-31T00:00:00	International Shares - Indexed	0.0000
2016-02-29T00:00:00	Stable	-0.2800
2016-02-29T00:00:00	Conservative	-0.2600
2016-02-29T00:00:00	SRI - Balanced	0.0000
2016-02-29T00:00:00	Indexed Balanced	-0.0900
2016-02-29T00:00:00	Balanced	-0.2000
2016-02-29T00:00:00	Growth	-0.4300
2016-02-29T00:00:00	Cash	0.1300
2016-02-29T00:00:00	Bonds	0.2600
2016-02-29T00:00:00	Australian Shares	-0.7900
2016-02-29T00:00:00	International Shares	-0.7600
2016-02-29T00:00:00	International Shares - Indexed	0.0000
2016-01-31T00:00:00	Stable	-0.1500
2016-01-31T00:00:00	Conservative	-0.9000
2016-01-31T00:00:00	SRI - Balanced	0.0000
2016-01-31T00:00:00	Indexed Balanced	-3.3300
2016-01-31T00:00:00	Balanced	-1.5500
2016-01-31T00:00:00	Growth	-2.5800
2016-01-31T00:00:00	Cash	0.1400
2016-01-31T00:00:00	Bonds	0.4400
2016-01-31T00:00:00	Australian Shares	-3.5000
2016-01-31T00:00:00	International Shares	-4.9000
2016-01-31T00:00:00	International Shares - Indexed	0.0000
2015-12-31T00:00:00	Stable	0.0000
2015-12-31T00:00:00	Conservative	0.0600
2015-12-31T00:00:00	SRI - Balanced	0.0000
2015-12-31T00:00:00	Indexed Balanced	-0.0800
2015-12-31T00:00:00	Balanced	0.0900
2015-12-31T00:00:00	Growth	0.1000
2015-12-31T00:00:00	Cash	0.1500
2015-12-31T00:00:00	Bonds	0.4100
2015-12-31T00:00:00	Australian Shares	1.5400
2015-12-31T00:00:00	International Shares	-1.5400
2015-12-31T00:00:00	International Shares - Indexed	0.0000
2015-11-30T00:00:00	Stable	-0.0200
2015-11-30T00:00:00	Conservative	0.1600
2015-11-30T00:00:00	SRI - Balanced	0.0000
2015-11-30T00:00:00	Indexed Balanced	-0.7500
2015-11-30T00:00:00	Balanced	0.1700
2015-11-30T00:00:00	Growth	0.4000
2015-11-30T00:00:00	Cash	0.1400
2015-11-30T00:00:00	Bonds	0.4200
2015-11-30T00:00:00	Australian Shares	0.2300
2015-11-30T00:00:00	International Shares	1.0000
2015-11-30T00:00:00	International Shares - Indexed	0.0000
2015-10-31T00:00:00	Stable	1.2200
2015-10-31T00:00:00	Conservative	2.2300
2015-10-31T00:00:00	SRI - Balanced	0.0000
2015-10-31T00:00:00	Indexed Balanced	3.6100
2015-10-31T00:00:00	Balanced	3.0000
2015-10-31T00:00:00	Growth	4.0000
2015-10-31T00:00:00	Cash	0.1500
2015-10-31T00:00:00	Bonds	0.4100
2015-10-31T00:00:00	Australian Shares	4.2200
2015-10-31T00:00:00	International Shares	6.5200
2015-10-31T00:00:00	International Shares - Indexed	0.0000
2015-09-30T00:00:00	Stable	-0.1300
2015-09-30T00:00:00	Conservative	-0.4100
2015-09-30T00:00:00	SRI - Balanced	0.0000
2015-09-30T00:00:00	Indexed Balanced	-1.4800
2015-09-30T00:00:00	Balanced	-0.6200
2015-09-30T00:00:00	Growth	-1.0200
2015-09-30T00:00:00	Cash	0.1400
2015-09-30T00:00:00	Bonds	0.3000
2015-09-30T00:00:00	Australian Shares	-1.4800
2015-09-30T00:00:00	International Shares	-1.9200
2015-09-30T00:00:00	International Shares - Indexed	0.0000
2015-08-31T00:00:00	Stable	-0.9700
2015-08-31T00:00:00	Conservative	-2.0800
2015-08-31T00:00:00	SRI - Balanced	0.0000
2015-08-31T00:00:00	Indexed Balanced	-3.4300
2015-08-31T00:00:00	Balanced	-2.9200
2015-08-31T00:00:00	Growth	-4.2100
2015-08-31T00:00:00	Cash	0.1300
2015-08-31T00:00:00	Bonds	0.4900
2015-08-31T00:00:00	Australian Shares	-5.5700
2015-08-31T00:00:00	International Shares	-6.8900
2015-08-31T00:00:00	International Shares - Indexed	0.0000
2015-07-31T00:00:00	Stable	0.8400
2015-07-31T00:00:00	Conservative	1.3300
2015-07-31T00:00:00	SRI - Balanced	0.0000
2015-07-31T00:00:00	Indexed Balanced	3.5300
2015-07-31T00:00:00	Balanced	1.9000
2015-07-31T00:00:00	Growth	2.0900
2015-07-31T00:00:00	Cash	0.1200
2015-07-31T00:00:00	Bonds	0.5300
2015-07-31T00:00:00	Australian Shares	3.3400
2015-07-31T00:00:00	International Shares	0.6300
2015-07-31T00:00:00	International Shares - Indexed	0.0000
2015-06-30T00:00:00	Stable	-0.5300
2015-06-30T00:00:00	Conservative	-1.1200
2015-06-30T00:00:00	SRI - Balanced	0.0000
2015-06-30T00:00:00	Indexed Balanced	-3.0100
2015-06-30T00:00:00	Balanced	-1.5200
2015-06-30T00:00:00	Growth	-2.2900
2015-06-30T00:00:00	Cash	0.1800
2015-06-30T00:00:00	Bonds	0.2200
2015-06-30T00:00:00	Australian Shares	-4.7400
2015-06-30T00:00:00	International Shares	-1.9100
2015-06-30T00:00:00	International Shares - Indexed	0.0000
2015-05-31T00:00:00	Stable	0.3100
2015-05-31T00:00:00	Conservative	0.3600
2015-05-31T00:00:00	SRI - Balanced	0.0000
2015-05-31T00:00:00	Indexed Balanced	0.3200
2015-05-31T00:00:00	Balanced	0.5200
2015-05-31T00:00:00	Growth	0.4000
2015-05-31T00:00:00	Cash	0.1600
2015-05-31T00:00:00	Bonds	0.3800
2015-05-31T00:00:00	Australian Shares	-0.2300
2015-05-31T00:00:00	International Shares	0.6100
2015-05-31T00:00:00	International Shares - Indexed	0.0000
2015-04-30T00:00:00	Stable	0.6300
2015-04-30T00:00:00	Conservative	0.8300
2015-04-30T00:00:00	SRI - Balanced	0.0000
2015-04-30T00:00:00	Indexed Balanced	0.0400
2015-04-30T00:00:00	Balanced	1.2000
2015-04-30T00:00:00	Growth	1.2100
2015-04-30T00:00:00	Cash	0.1300
2015-04-30T00:00:00	Bonds	0.3700
2015-04-30T00:00:00	Australian Shares	-0.3700
2015-04-30T00:00:00	International Shares	3.4200
2015-04-30T00:00:00	International Shares - Indexed	0.0000
2015-03-31T00:00:00	Stable	0.4700
2015-03-31T00:00:00	Conservative	0.4700
2015-03-31T00:00:00	SRI - Balanced	0.0000
2015-03-31T00:00:00	Indexed Balanced	0.3200
2015-03-31T00:00:00	Balanced	0.4700
2015-03-31T00:00:00	Growth	0.3400
2015-03-31T00:00:00	Cash	0.1700
2015-03-31T00:00:00	Bonds	0.6900
2015-03-31T00:00:00	Australian Shares	0.6800
2015-03-31T00:00:00	International Shares	-0.5400
2015-03-31T00:00:00	International Shares - Indexed	0.0000
2015-02-28T00:00:00	Stable	1.3400
2015-02-28T00:00:00	Conservative	2.2400
2015-02-28T00:00:00	SRI - Balanced	0.0000
2015-02-28T00:00:00	Indexed Balanced	4.0300
2015-02-28T00:00:00	Balanced	3.2100
2015-02-28T00:00:00	Growth	3.9700
2015-02-28T00:00:00	Cash	0.1700
2015-02-28T00:00:00	Bonds	0.4300
2015-02-28T00:00:00	Australian Shares	6.1700
2015-02-28T00:00:00	International Shares	4.3100
2015-02-28T00:00:00	International Shares - Indexed	0.0000
2015-01-31T00:00:00	Stable	0.7900
2015-01-31T00:00:00	Conservative	1.1000
2015-01-31T00:00:00	SRI - Balanced	0.0000
2015-01-31T00:00:00	Indexed Balanced	2.2600
2015-01-31T00:00:00	Balanced	1.4600
2015-01-31T00:00:00	Growth	1.5400
2015-01-31T00:00:00	Cash	0.1800
2015-01-31T00:00:00	Bonds	0.5400
2015-01-31T00:00:00	Australian Shares	2.6100
2015-01-31T00:00:00	International Shares	0.5700
2015-01-31T00:00:00	International Shares - Indexed	0.0000
2014-12-31T00:00:00	Stable	0.6400
2014-12-31T00:00:00	Conservative	0.7900
2014-12-31T00:00:00	SRI - Balanced	0.0000
2014-12-31T00:00:00	Indexed Balanced	1.9900
2014-12-31T00:00:00	Balanced	1.0900
2014-12-31T00:00:00	Growth	0.8800
2014-12-31T00:00:00	Cash	0.2100
2014-12-31T00:00:00	Bonds	0.7700
2014-12-31T00:00:00	Australian Shares	1.9200
2014-12-31T00:00:00	International Shares	-1.1200
2014-12-31T00:00:00	International Shares - Indexed	0.0000
2014-11-30T00:00:00	Stable	0.4900
2014-11-30T00:00:00	Conservative	0.6600
2014-11-30T00:00:00	SRI - Balanced	0.0000
2014-11-30T00:00:00	Indexed Balanced	1.0700
2014-11-30T00:00:00	Balanced	1.0100
2014-11-30T00:00:00	Growth	0.9900
2014-11-30T00:00:00	Cash	0.1700
2014-11-30T00:00:00	Bonds	0.3500
2014-11-30T00:00:00	Australian Shares	-1.5900
2014-11-30T00:00:00	International Shares	3.7400
2014-11-30T00:00:00	International Shares - Indexed	0.0000
2014-10-31T00:00:00	Stable	0.5900
2014-10-31T00:00:00	Conservative	0.8300
2014-10-31T00:00:00	SRI - Balanced	0.0000
2014-10-31T00:00:00	Indexed Balanced	1.6500
2014-10-31T00:00:00	Balanced	0.9600
2014-10-31T00:00:00	Growth	1.2400
2014-10-31T00:00:00	Cash	0.1900
2014-10-31T00:00:00	Bonds	0.5000
2014-10-31T00:00:00	Australian Shares	2.6400
2014-10-31T00:00:00	International Shares	0.1500
2014-10-31T00:00:00	International Shares - Indexed	0.0000
2014-09-30T00:00:00	Stable	0.0200
2014-09-30T00:00:00	Conservative	-0.2600
2014-09-30T00:00:00	SRI - Balanced	0.0000
2014-09-30T00:00:00	Indexed Balanced	-0.7600
2014-09-30T00:00:00	Balanced	-0.3500
2014-09-30T00:00:00	Growth	-0.8500
2014-09-30T00:00:00	Cash	0.1700
2014-09-30T00:00:00	Bonds	0.4100
2014-09-30T00:00:00	Australian Shares	-3.7100
2014-09-30T00:00:00	International Shares	0.2400
2014-09-30T00:00:00	International Shares - Indexed	0.0000
2014-08-31T00:00:00	Stable	0.7600
2014-08-31T00:00:00	Conservative	1.0700
2014-08-31T00:00:00	SRI - Balanced	0.0000
2014-08-31T00:00:00	Indexed Balanced	1.1700
2014-08-31T00:00:00	Balanced	1.2100
2014-08-31T00:00:00	Growth	1.5900
2014-08-31T00:00:00	Cash	0.1500
2014-08-31T00:00:00	Bonds	0.5800
2014-08-31T00:00:00	Australian Shares	1.8400
2014-08-31T00:00:00	International Shares	1.9900
2014-08-31T00:00:00	International Shares - Indexed	0.0000
2014-07-31T00:00:00	Stable	0.9000
2014-07-31T00:00:00	Conservative	1.1600
2014-07-31T00:00:00	SRI - Balanced	0.0000
2014-07-31T00:00:00	Indexed Balanced	1.4100
2014-07-31T00:00:00	Balanced	1.2900
2014-07-31T00:00:00	Growth	1.4600
2014-07-31T00:00:00	Cash	0.1200
2014-07-31T00:00:00	Bonds	0.5300
2014-07-31T00:00:00	Australian Shares	2.8900
2014-07-31T00:00:00	International Shares	0.2500
2014-07-31T00:00:00	International Shares - Indexed	0.0000
2014-06-30T00:00:00	Stable	0.2800
2014-06-30T00:00:00	Conservative	0.2500
2014-06-30T00:00:00	SRI - Balanced	0.0000
2014-06-30T00:00:00	Indexed Balanced	-0.2600
2014-06-30T00:00:00	Balanced	0.3000
2014-06-30T00:00:00	Growth	0.2400
2014-06-30T00:00:00	Cash	0.3100
2014-06-30T00:00:00	Bonds	0.7700
2014-06-30T00:00:00	Australian Shares	-1.0100
2014-06-30T00:00:00	International Shares	1.5500
2014-06-30T00:00:00	International Shares - Indexed	0.0000
2014-05-31T00:00:00	Stable	0.6400
2014-05-31T00:00:00	Conservative	0.8400
2014-05-31T00:00:00	SRI - Balanced	0.0000
2014-05-31T00:00:00	Indexed Balanced	1.0400
2014-05-31T00:00:00	Balanced	1.0200
2014-05-31T00:00:00	Growth	1.2200
2014-05-31T00:00:00	Cash	0.2000
2014-05-31T00:00:00	Bonds	0.7000
2014-05-31T00:00:00	Australian Shares	0.4500
2014-05-31T00:00:00	International Shares	2.4800
2014-05-31T00:00:00	International Shares - Indexed	0.0000
2014-04-30T00:00:00	Stable	0.6900
2014-04-30T00:00:00	Conservative	0.8700
2014-04-30T00:00:00	SRI - Balanced	0.0000
2014-04-30T00:00:00	Indexed Balanced	1.4600
2014-04-30T00:00:00	Balanced	1.0900
2014-04-30T00:00:00	Growth	1.1800
2014-04-30T00:00:00	Cash	0.1800
2014-04-30T00:00:00	Bonds	0.6900
2014-04-30T00:00:00	Australian Shares	2.1900
2014-04-30T00:00:00	International Shares	0.4100
2014-04-30T00:00:00	International Shares - Indexed	0.0000
2014-03-31T00:00:00	Stable	0.0900
2014-03-31T00:00:00	Conservative	-0.1600
2014-03-31T00:00:00	SRI - Balanced	0.0000
2014-03-31T00:00:00	Indexed Balanced	-1.0900
2014-03-31T00:00:00	Balanced	-0.5300
2014-03-31T00:00:00	Growth	-0.6300
2014-03-31T00:00:00	Cash	0.1700
2014-03-31T00:00:00	Bonds	0.5700
2014-03-31T00:00:00	Australian Shares	0.1800
2014-03-31T00:00:00	International Shares	-1.9400
2014-03-31T00:00:00	International Shares - Indexed	0.0000
2014-02-28T00:00:00	Stable	0.9100
2014-02-28T00:00:00	Conservative	1.4400
2014-02-28T00:00:00	SRI - Balanced	0.0000
2014-02-28T00:00:00	Indexed Balanced	2.3000
2014-02-28T00:00:00	Balanced	1.9200
2014-02-28T00:00:00	Growth	2.4700
2014-02-28T00:00:00	Cash	0.1600
2014-02-28T00:00:00	Bonds	0.6300
2014-02-28T00:00:00	Australian Shares	4.3500
2014-02-28T00:00:00	International Shares	2.3600
2014-02-28T00:00:00	International Shares - Indexed	0.0000
2014-01-31T00:00:00	Stable	0.3000
2014-01-31T00:00:00	Conservative	-0.0200
2014-01-31T00:00:00	SRI - Balanced	0.0000
2014-01-31T00:00:00	Indexed Balanced	-0.9200
2014-01-31T00:00:00	Balanced	-0.0500
2014-01-31T00:00:00	Growth	-0.7100
2014-01-31T00:00:00	Cash	0.1700
2014-01-31T00:00:00	Bonds	0.4500
2014-01-31T00:00:00	Australian Shares	-1.8800
2014-01-31T00:00:00	International Shares	-1.5300
2014-01-31T00:00:00	International Shares - Indexed	0.0000
2013-12-31T00:00:00	Stable	0.5700
2013-12-31T00:00:00	Conservative	0.8300
2013-12-31T00:00:00	SRI - Balanced	0.0000
2013-12-31T00:00:00	Indexed Balanced	1.6000
2013-12-31T00:00:00	Balanced	1.1700
2013-12-31T00:00:00	Growth	1.2700
2013-12-31T00:00:00	Cash	0.1700
2013-12-31T00:00:00	Bonds	0.3800
2013-12-31T00:00:00	Australian Shares	0.6300
2013-12-31T00:00:00	International Shares	2.1100
2013-12-31T00:00:00	International Shares - Indexed	0.0000
2013-11-30T00:00:00	Stable	0.6000
2013-11-30T00:00:00	Conservative	0.7600
2013-11-30T00:00:00	SRI - Balanced	0.0000
2013-11-30T00:00:00	Indexed Balanced	1.6200
2013-11-30T00:00:00	Balanced	0.9700
2013-11-30T00:00:00	Growth	1.0000
2013-11-30T00:00:00	Cash	0.1600
2013-11-30T00:00:00	Bonds	0.7200
2013-11-30T00:00:00	Australian Shares	-0.7500
2013-11-30T00:00:00	International Shares	2.5000
2013-11-30T00:00:00	International Shares - Indexed	0.0000
2013-10-31T00:00:00	Stable	0.7200
2013-10-31T00:00:00	Conservative	0.9500
2013-10-31T00:00:00	SRI - Balanced	0.0000
2013-10-31T00:00:00	Indexed Balanced	1.2500
2013-10-31T00:00:00	Balanced	1.2300
2013-10-31T00:00:00	Growth	1.4000
2013-10-31T00:00:00	Cash	0.1600
2013-10-31T00:00:00	Bonds	0.5900
2013-10-31T00:00:00	Australian Shares	1.6100
2013-10-31T00:00:00	International Shares	1.9800
2013-10-31T00:00:00	International Shares - Indexed	0.0000
2013-09-30T00:00:00	Stable	0.9800
2013-09-30T00:00:00	Conservative	1.5000
2013-09-30T00:00:00	SRI - Balanced	0.0000
2013-09-30T00:00:00	Indexed Balanced	1.8100
2013-09-30T00:00:00	Balanced	2.0000
2013-09-30T00:00:00	Growth	2.5300
2013-09-30T00:00:00	Cash	0.1900
2013-09-30T00:00:00	Bonds	0.5700
2013-09-30T00:00:00	Australian Shares	3.9300
2013-09-30T00:00:00	International Shares	3.3200
2013-09-30T00:00:00	International Shares - Indexed	0.0000
2013-08-31T00:00:00	Stable	0.7300
2013-08-31T00:00:00	Conservative	0.8300
2013-08-31T00:00:00	SRI - Balanced	0.0000
2013-08-31T00:00:00	Indexed Balanced	0.5200
2013-08-31T00:00:00	Balanced	0.9500
2013-08-31T00:00:00	Growth	0.8000
2013-08-31T00:00:00	Cash	0.2000
2013-08-31T00:00:00	Bonds	0.5900
2013-08-31T00:00:00	Australian Shares	2.0600
2013-08-31T00:00:00	International Shares	-0.8300
2013-08-31T00:00:00	International Shares - Indexed	0.0000
2013-07-31T00:00:00	Stable	1.1600
2013-07-31T00:00:00	Conservative	1.9000
2013-07-31T00:00:00	SRI - Balanced	0.0000
2013-07-31T00:00:00	Indexed Balanced	4.3100
2013-07-31T00:00:00	Balanced	2.8100
2013-07-31T00:00:00	Growth	3.1700
2013-07-31T00:00:00	Cash	0.2100
2013-07-31T00:00:00	Bonds	0.1100
2013-07-31T00:00:00	Australian Shares	4.7700
2013-07-31T00:00:00	International Shares	3.7800
2013-07-31T00:00:00	International Shares - Indexed	0.0000
2013-06-30T00:00:00	Stable	-0.0500
2013-06-30T00:00:00	Conservative	-0.3500
2013-06-30T00:00:00	SRI - Balanced	0.0000
2013-06-30T00:00:00	Indexed Balanced	-0.7500
2013-06-30T00:00:00	Balanced	-0.4100
2013-06-30T00:00:00	Growth	-0.9600
2013-06-30T00:00:00	Cash	0.3400
2013-06-30T00:00:00	Bonds	0.2300
2013-06-30T00:00:00	Australian Shares	-2.5900
2013-06-30T00:00:00	International Shares	-1.0500
2013-06-30T00:00:00	International Shares - Indexed	0.0000
2013-05-31T00:00:00	Stable	0.9400
2013-05-31T00:00:00	Conservative	1.2000
2013-05-31T00:00:00	SRI - Balanced	0.0000
2013-05-31T00:00:00	Indexed Balanced	1.4700
2013-05-31T00:00:00	Balanced	1.5000
2013-05-31T00:00:00	Growth	1.7300
2013-05-31T00:00:00	Cash	0.2200
2013-05-31T00:00:00	Bonds	0.8900
2013-05-31T00:00:00	Australian Shares	-1.8000
2013-05-31T00:00:00	International Shares	5.6300
2013-05-31T00:00:00	International Shares - Indexed	0.0000
2013-04-30T00:00:00	Stable	0.8700
2013-04-30T00:00:00	Conservative	1.1500
2013-04-30T00:00:00	SRI - Balanced	0.0000
2013-04-30T00:00:00	Indexed Balanced	2.4300
2013-04-30T00:00:00	Balanced	1.5900
2013-04-30T00:00:00	Growth	1.6800
2013-04-30T00:00:00	Cash	0.2200
2013-04-30T00:00:00	Bonds	0.5700
2013-04-30T00:00:00	Australian Shares	1.5500
2013-04-30T00:00:00	International Shares	2.3400
2013-04-30T00:00:00	International Shares - Indexed	0.0000
2013-03-31T00:00:00	Stable	0.1300
2013-03-31T00:00:00	Conservative	-0.0500
2013-03-31T00:00:00	SRI - Balanced	0.0000
2013-03-31T00:00:00	Indexed Balanced	-0.0100
2013-03-31T00:00:00	Balanced	-0.4100
2013-03-31T00:00:00	Growth	-0.3300
2013-03-31T00:00:00	Cash	0.2000
2013-03-31T00:00:00	Bonds	0.6600
2013-03-31T00:00:00	Australian Shares	-0.9600
2013-03-31T00:00:00	International Shares	0.3300
2013-03-31T00:00:00	International Shares - Indexed	0.0000
2013-02-28T00:00:00	Stable	0.7600
2013-02-28T00:00:00	Conservative	1.2000
2013-02-28T00:00:00	SRI - Balanced	0.0000
2013-02-28T00:00:00	Indexed Balanced	1.9500
2013-02-28T00:00:00	Balanced	1.8200
2013-02-28T00:00:00	Growth	2.0300
2013-02-28T00:00:00	Cash	0.2100
2013-02-28T00:00:00	Bonds	0.4300
2013-02-28T00:00:00	Australian Shares	3.9800
2013-02-28T00:00:00	International Shares	1.4000
2013-02-28T00:00:00	International Shares - Indexed	0.0000
2013-01-31T00:00:00	Stable	1.2700
2013-01-31T00:00:00	Conservative	1.9900
2013-01-31T00:00:00	SRI - Balanced	0.0000
2013-01-31T00:00:00	Indexed Balanced	3.3600
2013-01-31T00:00:00	Balanced	2.8000
2013-01-31T00:00:00	Growth	3.3000
2013-01-31T00:00:00	Cash	0.2100
2013-01-31T00:00:00	Bonds	0.5300
2013-01-31T00:00:00	Australian Shares	4.0100
2013-01-31T00:00:00	International Shares	4.6100
2013-01-31T00:00:00	International Shares - Indexed	0.0000
2012-12-31T00:00:00	Stable	0.9600
2012-12-31T00:00:00	Conservative	1.4500
2012-12-31T00:00:00	SRI - Balanced	0.0000
2012-12-31T00:00:00	Indexed Balanced	2.4200
2012-12-31T00:00:00	Balanced	2.0200
2012-12-31T00:00:00	Growth	2.3500
2012-12-31T00:00:00	Cash	0.2400
2012-12-31T00:00:00	Bonds	0.5300
2012-12-31T00:00:00	Australian Shares	4.0400
2012-12-31T00:00:00	International Shares	1.8800
2012-12-31T00:00:00	International Shares - Indexed	0.0000
2012-11-30T00:00:00	Stable	0.5000
2012-11-30T00:00:00	Conservative	0.5600
2012-11-30T00:00:00	SRI - Balanced	0.0000
2012-11-30T00:00:00	Indexed Balanced	0.5500
2012-11-30T00:00:00	Balanced	0.5500
2012-11-30T00:00:00	Growth	0.6200
2012-11-30T00:00:00	Cash	0.1900
2012-11-30T00:00:00	Bonds	0.6100
2012-11-30T00:00:00	Australian Shares	0.9100
2012-11-30T00:00:00	International Shares	0.5800
2012-11-30T00:00:00	International Shares - Indexed	0.0000
2012-10-31T00:00:00	Stable	1.0500
2012-10-31T00:00:00	Conservative	1.0900
2012-10-31T00:00:00	SRI - Balanced	0.0000
2012-10-31T00:00:00	Indexed Balanced	0.4500
2012-10-31T00:00:00	Balanced	1.1600
2012-10-31T00:00:00	Growth	1.1000
2012-10-31T00:00:00	Cash	0.2300
2012-10-31T00:00:00	Bonds	1.4500
2012-10-31T00:00:00	Australian Shares	1.5400
2012-10-31T00:00:00	International Shares	0.7000
2012-10-31T00:00:00	International Shares - Indexed	0.0000
2012-09-30T00:00:00	Stable	0.7200
2012-09-30T00:00:00	Conservative	1.0500
2012-09-30T00:00:00	SRI - Balanced	0.0000
2012-09-30T00:00:00	Indexed Balanced	1.7500
2012-09-30T00:00:00	Balanced	1.4000
2012-09-30T00:00:00	Growth	1.6800
2012-09-30T00:00:00	Cash	0.2500
2012-09-30T00:00:00	Bonds	0.4500
2012-09-30T00:00:00	Australian Shares	1.9000
2012-09-30T00:00:00	International Shares	2.5100
2012-09-30T00:00:00	International Shares - Indexed	0.0000
2012-08-31T00:00:00	Stable	1.0000
2012-08-31T00:00:00	Conservative	1.5300
2012-08-31T00:00:00	SRI - Balanced	0.0000
2012-08-31T00:00:00	Indexed Balanced	2.5800
2012-08-31T00:00:00	Balanced	2.2200
2012-08-31T00:00:00	Growth	2.4800
2012-08-31T00:00:00	Cash	0.2400
2012-08-31T00:00:00	Bonds	0.4000
2012-08-31T00:00:00	Australian Shares	3.5800
2012-08-31T00:00:00	International Shares	2.3100
2012-08-31T00:00:00	International Shares - Indexed	0.0000
2012-07-31T00:00:00	Stable	0.6300
2012-07-31T00:00:00	Conservative	0.7800
2012-07-31T00:00:00	SRI - Balanced	0.0000
2012-07-31T00:00:00	Indexed Balanced	1.1600
2012-07-31T00:00:00	Balanced	1.0100
2012-07-31T00:00:00	Growth	0.9700
2012-07-31T00:00:00	Cash	0.2300
2012-07-31T00:00:00	Bonds	0.3100
2012-07-31T00:00:00	Australian Shares	1.9200
2012-07-31T00:00:00	International Shares	0.6400
2012-07-31T00:00:00	International Shares - Indexed	0.0000
2012-06-30T00:00:00	Stable	0.7000
2012-06-30T00:00:00	Conservative	0.5300
2012-06-30T00:00:00	SRI - Balanced	0.0000
2012-06-30T00:00:00	Indexed Balanced	1.4600
2012-06-30T00:00:00	Balanced	0.3200
2012-06-30T00:00:00	Growth	0.2700
2012-06-30T00:00:00	Cash	0.2600
2012-06-30T00:00:00	Bonds	1.4500
2012-06-30T00:00:00	Australian Shares	0.8100
2012-06-30T00:00:00	International Shares	-0.1100
2012-06-30T00:00:00	International Shares - Indexed	0.0000
2012-05-31T00:00:00	Stable	-0.0300
2012-05-31T00:00:00	Conservative	-1.1400
2012-05-31T00:00:00	SRI - Balanced	0.0000
2012-05-31T00:00:00	Indexed Balanced	-2.8900
2012-05-31T00:00:00	Balanced	-2.3800
2012-05-31T00:00:00	Growth	-3.2400
2012-05-31T00:00:00	Cash	0.3400
2012-05-31T00:00:00	Bonds	1.9700
2012-05-31T00:00:00	Australian Shares	-5.8500
2012-05-31T00:00:00	International Shares	-4.0800
2012-05-31T00:00:00	International Shares - Indexed	0.0000
2012-04-30T00:00:00	Stable	0.5500
2012-04-30T00:00:00	Conservative	0.4600
2012-04-30T00:00:00	SRI - Balanced	0.0000
2012-04-30T00:00:00	Indexed Balanced	-0.0400
2012-04-30T00:00:00	Balanced	0.4000
2012-04-30T00:00:00	Growth	0.2600
2012-04-30T00:00:00	Cash	0.3200
2012-04-30T00:00:00	Bonds	0.8000
2012-04-30T00:00:00	Australian Shares	0.4800
2012-04-30T00:00:00	International Shares	-0.3200
2012-04-30T00:00:00	International Shares - Indexed	0.0000
2012-03-31T00:00:00	Stable	0.7000
2012-03-31T00:00:00	Conservative	1.1300
2012-03-31T00:00:00	SRI - Balanced	0.0000
2012-03-31T00:00:00	Indexed Balanced	1.9000
2012-03-31T00:00:00	Balanced	1.6300
2012-03-31T00:00:00	Growth	1.9000
2012-03-31T00:00:00	Cash	0.4200
2012-03-31T00:00:00	Bonds	0.1200
2012-03-31T00:00:00	Australian Shares	1.7200
2012-03-31T00:00:00	International Shares	2.8500
2012-03-31T00:00:00	International Shares - Indexed	0.0000
2012-02-29T00:00:00	Stable	0.7700
2012-02-29T00:00:00	Conservative	1.1900
2012-02-29T00:00:00	SRI - Balanced	0.0000
2012-02-29T00:00:00	Indexed Balanced	1.3400
2012-02-29T00:00:00	Balanced	1.5300
2012-02-29T00:00:00	Growth	2.0300
2012-02-29T00:00:00	Cash	0.2100
2012-02-29T00:00:00	Bonds	0.0500
2012-02-29T00:00:00	Australian Shares	1.7900
2012-02-29T00:00:00	International Shares	3.8000
2012-02-29T00:00:00	International Shares - Indexed	0.0000
2012-01-31T00:00:00	Stable	0.9800
2012-01-31T00:00:00	Conservative	1.5400
2012-01-31T00:00:00	SRI - Balanced	0.0000
2012-01-31T00:00:00	Indexed Balanced	2.4900
2012-01-31T00:00:00	Balanced	1.9500
2012-01-31T00:00:00	Growth	2.6700
2012-01-31T00:00:00	Cash	0.2700
2012-01-31T00:00:00	Bonds	0.3300
2012-01-31T00:00:00	Australian Shares	4.1100
2012-01-31T00:00:00	International Shares	3.8200
2012-01-31T00:00:00	International Shares - Indexed	0.0000
2011-12-31T00:00:00	Stable	0.5600
2011-12-31T00:00:00	Conservative	0.3300
2011-12-31T00:00:00	SRI - Balanced	0.0000
2011-12-31T00:00:00	Indexed Balanced	0.2700
2011-12-31T00:00:00	Balanced	-0.1100
2011-12-31T00:00:00	Growth	0.0000
2011-12-31T00:00:00	Cash	0.3100
2011-12-31T00:00:00	Bonds	0.7200
2011-12-31T00:00:00	Australian Shares	-0.8600
2011-12-31T00:00:00	International Shares	0.9900
2011-12-31T00:00:00	International Shares - Indexed	0.0000
2011-11-30T00:00:00	Stable	-0.1900
2011-11-30T00:00:00	Conservative	-0.7900
2011-11-30T00:00:00	SRI - Balanced	0.0000
2011-11-30T00:00:00	Indexed Balanced	-2.0700
2011-11-30T00:00:00	Balanced	-1.3000
2011-11-30T00:00:00	Growth	-2.0200
2011-11-30T00:00:00	Cash	0.3100
2011-11-30T00:00:00	Bonds	1.0100
2011-11-30T00:00:00	Australian Shares	-3.5900
2011-11-30T00:00:00	International Shares	-2.7800
2011-11-30T00:00:00	International Shares - Indexed	0.0000
2011-10-31T00:00:00	Stable	1.1600
2011-10-31T00:00:00	Conservative	2.1300
2011-10-31T00:00:00	SRI - Balanced	0.0000
2011-10-31T00:00:00	Indexed Balanced	3.9700
2011-10-31T00:00:00	Balanced	3.1700
2011-10-31T00:00:00	Growth	3.9800
2011-10-31T00:00:00	Cash	0.3300
2011-10-31T00:00:00	Bonds	-0.5200
2011-10-31T00:00:00	Australian Shares	7.5200
2011-10-31T00:00:00	International Shares	4.0700
2011-10-31T00:00:00	International Shares - Indexed	0.0000
2011-09-30T00:00:00	Stable	0.0800
2011-09-30T00:00:00	Conservative	-0.4500
2011-09-30T00:00:00	SRI - Balanced	0.0000
2011-09-30T00:00:00	Indexed Balanced	-0.3700
2011-09-30T00:00:00	Balanced	-0.6900
2011-09-30T00:00:00	Growth	-1.4800
2011-09-30T00:00:00	Cash	0.3300
2011-09-30T00:00:00	Bonds	0.9800
2011-09-30T00:00:00	Australian Shares	-3.6300
2011-09-30T00:00:00	International Shares	-1.8300
2011-09-30T00:00:00	International Shares - Indexed	0.0000
2011-08-31T00:00:00	Stable	-0.0200
2011-08-31T00:00:00	Conservative	-1.1600
2011-08-31T00:00:00	SRI - Balanced	0.0000
2011-08-31T00:00:00	Indexed Balanced	-2.7900
2011-08-31T00:00:00	Balanced	-2.1200
2011-08-31T00:00:00	Growth	-3.3300
2011-08-31T00:00:00	Cash	0.3700
2011-08-31T00:00:00	Bonds	2.3900
2011-08-31T00:00:00	Australian Shares	-3.2900
2011-08-31T00:00:00	International Shares	-6.8900
2011-08-31T00:00:00	International Shares - Indexed	0.0000
2011-07-31T00:00:00	Stable	-0.0100
2011-07-31T00:00:00	Conservative	-0.6700
2011-07-31T00:00:00	SRI - Balanced	0.0000
2011-07-31T00:00:00	Indexed Balanced	-2.5700
2011-07-31T00:00:00	Balanced	-1.2400
2011-07-31T00:00:00	Growth	-1.8200
2011-07-31T00:00:00	Cash	0.3300
2011-07-31T00:00:00	Bonds	1.0400
2011-07-31T00:00:00	Australian Shares	-3.0600
2011-07-31T00:00:00	International Shares	-2.0800
2011-07-31T00:00:00	International Shares - Indexed	0.0000
2011-06-30T00:00:00	Stable	0.1600
2011-06-30T00:00:00	Conservative	-0.1500
2011-06-30T00:00:00	SRI - Balanced	0.0000
2011-06-30T00:00:00	Indexed Balanced	-1.0400
2011-06-30T00:00:00	Balanced	0.4100
2011-06-30T00:00:00	Growth	-0.6900
2011-06-30T00:00:00	Cash	0.9700
2011-06-30T00:00:00	Bonds	0.6100
2011-06-30T00:00:00	Australian Shares	-0.4700
2011-06-30T00:00:00	International Shares	-1.2300
2011-06-30T00:00:00	International Shares - Indexed	0.0000
2011-05-31T00:00:00	Stable	0.5500
2011-05-31T00:00:00	Conservative	0.2900
2011-05-31T00:00:00	SRI - Balanced	0.0000
2011-05-31T00:00:00	Indexed Balanced	-0.0800
2011-05-31T00:00:00	Balanced	-0.4700
2011-05-31T00:00:00	Growth	-0.2600
2011-05-31T00:00:00	Cash	0.3600
2011-05-31T00:00:00	Bonds	1.2500
2011-05-31T00:00:00	Australian Shares	-1.5400
2011-05-31T00:00:00	International Shares	-0.2500
2011-05-31T00:00:00	International Shares - Indexed	0.0000
2011-04-30T00:00:00	Stable	0.3900
2011-04-30T00:00:00	Conservative	0.2800
2011-04-30T00:00:00	SRI - Balanced	0.0000
2011-04-30T00:00:00	Indexed Balanced	-0.3700
2011-04-30T00:00:00	Balanced	0.0400
2011-04-30T00:00:00	Growth	0.1400
2011-04-30T00:00:00	Cash	0.3700
2011-04-30T00:00:00	Bonds	0.7100
2011-04-30T00:00:00	Australian Shares	0.0400
2011-04-30T00:00:00	International Shares	0.6600
2011-04-30T00:00:00	International Shares - Indexed	0.0000
2011-03-31T00:00:00	Stable	0.5600
2011-03-31T00:00:00	Conservative	0.5800
2011-03-31T00:00:00	SRI - Balanced	0.0000
2011-03-31T00:00:00	Indexed Balanced	-0.3800
2011-03-31T00:00:00	Balanced	0.7100
2011-03-31T00:00:00	Growth	0.5800
2011-03-31T00:00:00	Cash	0.3800
2011-03-31T00:00:00	Bonds	0.4300
2011-03-31T00:00:00	Australian Shares	0.6500
2011-03-31T00:00:00	International Shares	0.4900
2011-03-31T00:00:00	International Shares - Indexed	0.0000
2011-02-28T00:00:00	Stable	0.7300
2011-02-28T00:00:00	Conservative	0.9700
2011-02-28T00:00:00	SRI - Balanced	0.0000
2011-02-28T00:00:00	Indexed Balanced	1.3700
2011-02-28T00:00:00	Balanced	1.1100
2011-02-28T00:00:00	Growth	1.3900
2011-02-28T00:00:00	Cash	0.3200
2011-02-28T00:00:00	Bonds	0.3600
2011-02-28T00:00:00	Australian Shares	2.1600
2011-02-28T00:00:00	International Shares	1.3700
2011-02-28T00:00:00	International Shares - Indexed	0.0000
2011-01-31T00:00:00	Stable	0.5600
2011-01-31T00:00:00	Conservative	0.7100
2011-01-31T00:00:00	SRI - Balanced	0.0000
2011-01-31T00:00:00	Indexed Balanced	1.5700
2011-01-31T00:00:00	Balanced	0.8300
2011-01-31T00:00:00	Growth	0.9800
2011-01-31T00:00:00	Cash	0.3800
2011-01-31T00:00:00	Bonds	0.3300
2011-01-31T00:00:00	Australian Shares	0.3300
2011-01-31T00:00:00	International Shares	1.6600
2011-01-31T00:00:00	International Shares - Indexed	0.0000
2010-12-31T00:00:00	Stable	1.0400
2010-12-31T00:00:00	Conservative	1.4400
2010-12-31T00:00:00	SRI - Balanced	0.0000
2010-12-31T00:00:00	Indexed Balanced	0.8900
2010-12-31T00:00:00	Balanced	1.6900
2010-12-31T00:00:00	Growth	2.1800
2010-12-31T00:00:00	Cash	0.4000
2010-12-31T00:00:00	Bonds	0.9500
2010-12-31T00:00:00	Australian Shares	3.2700
2010-12-31T00:00:00	International Shares	3.1400
2010-12-31T00:00:00	International Shares - Indexed	0.0000
2010-11-30T00:00:00	Stable	0.6500
2010-11-30T00:00:00	Conservative	0.4700
2010-11-30T00:00:00	SRI - Balanced	0.0000
2010-11-30T00:00:00	Indexed Balanced	0.0000
2010-11-30T00:00:00	Balanced	0.1300
2010-11-30T00:00:00	Growth	0.2300
2010-11-30T00:00:00	Cash	0.3200
2010-11-30T00:00:00	Bonds	0.9400
2010-11-30T00:00:00	Australian Shares	-0.7400
2010-11-30T00:00:00	International Shares	0.6300
2010-11-30T00:00:00	International Shares - Indexed	0.0000
2010-10-31T00:00:00	Stable	0.8000
2010-10-31T00:00:00	Conservative	1.1000
2010-10-31T00:00:00	SRI - Balanced	0.0000
2010-10-31T00:00:00	Indexed Balanced	0.0000
2010-10-31T00:00:00	Balanced	1.3200
2010-10-31T00:00:00	Growth	1.6600
2010-10-31T00:00:00	Cash	0.3600
2010-10-31T00:00:00	Bonds	0.4100
2010-10-31T00:00:00	Australian Shares	1.8400
2010-10-31T00:00:00	International Shares	2.3900
2010-10-31T00:00:00	International Shares - Indexed	0.0000
2010-09-30T00:00:00	Stable	1.2500
2010-09-30T00:00:00	Conservative	1.9200
2010-09-30T00:00:00	SRI - Balanced	0.0000
2010-09-30T00:00:00	Indexed Balanced	0.0000
2010-09-30T00:00:00	Balanced	2.5400
2010-09-30T00:00:00	Growth	3.2000
2010-09-30T00:00:00	Cash	0.3800
2010-09-30T00:00:00	Bonds	0.0300
2010-09-30T00:00:00	Australian Shares	4.5100
2010-09-30T00:00:00	International Shares	5.0400
2010-09-30T00:00:00	International Shares - Indexed	0.0000
2010-08-31T00:00:00	Stable	0.7000
2010-08-31T00:00:00	Conservative	0.2100
2010-08-31T00:00:00	SRI - Balanced	0.0000
2010-08-31T00:00:00	Indexed Balanced	0.0000
2010-08-31T00:00:00	Balanced	-0.4500
2010-08-31T00:00:00	Growth	-0.8100
2010-08-31T00:00:00	Cash	0.3600
2010-08-31T00:00:00	Bonds	2.2600
2010-08-31T00:00:00	Australian Shares	-1.1000
2010-08-31T00:00:00	International Shares	-2.2900
2010-08-31T00:00:00	International Shares - Indexed	0.0000
2010-07-31T00:00:00	Stable	1.1600
2010-07-31T00:00:00	Conservative	1.5900
2010-07-31T00:00:00	SRI - Balanced	0.0000
2010-07-31T00:00:00	Indexed Balanced	0.0000
2010-07-31T00:00:00	Balanced	1.8500
2010-07-31T00:00:00	Growth	2.5200
2010-07-31T00:00:00	Cash	0.3700
2010-07-31T00:00:00	Bonds	0.8400
2010-07-31T00:00:00	Australian Shares	4.0300
2010-07-31T00:00:00	International Shares	3.7700
2010-07-31T00:00:00	International Shares - Indexed	0.0000
2010-06-30T00:00:00	Stable	0.3500
2010-06-30T00:00:00	Conservative	-0.3500
2010-06-30T00:00:00	SRI - Balanced	0.0000
2010-06-30T00:00:00	Indexed Balanced	0.0000
2010-06-30T00:00:00	Balanced	-0.4000
2010-06-30T00:00:00	Growth	-1.7400
2010-06-30T00:00:00	Cash	0.8200
2010-06-30T00:00:00	Bonds	1.6500
2010-06-30T00:00:00	Australian Shares	-2.1900
2010-06-30T00:00:00	International Shares	-3.3200
2010-06-30T00:00:00	International Shares - Indexed	0.0000
2010-05-31T00:00:00	Stable	-0.3500
2010-05-31T00:00:00	Conservative	-1.2900
2010-05-31T00:00:00	SRI - Balanced	0.0000
2010-05-31T00:00:00	Indexed Balanced	0.0000
2010-05-31T00:00:00	Balanced	-2.1400
2010-05-31T00:00:00	Growth	-3.1200
2010-05-31T00:00:00	Cash	0.3300
2010-05-31T00:00:00	Bonds	1.5100
2010-05-31T00:00:00	Australian Shares	-6.5400
2010-05-31T00:00:00	International Shares	-3.8800
2010-05-31T00:00:00	International Shares - Indexed	0.0000
2010-04-30T00:00:00	Stable	0.4400
2010-04-30T00:00:00	Conservative	0.1800
2010-04-30T00:00:00	SRI - Balanced	0.0000
2010-04-30T00:00:00	Indexed Balanced	0.0000
2010-04-30T00:00:00	Balanced	-0.1600
2010-04-30T00:00:00	Growth	-0.2900
2010-04-30T00:00:00	Cash	0.2900
2010-04-30T00:00:00	Bonds	1.0800
2010-04-30T00:00:00	Australian Shares	-0.6600
2010-04-30T00:00:00	International Shares	-0.1000
2010-04-30T00:00:00	International Shares - Indexed	0.0000
2010-03-31T00:00:00	Stable	1.2600
2010-03-31T00:00:00	Conservative	2.0800
2010-03-31T00:00:00	SRI - Balanced	0.0000
2010-03-31T00:00:00	Indexed Balanced	0.0000
2010-03-31T00:00:00	Balanced	2.7900
2010-03-31T00:00:00	Growth	3.5900
2010-03-31T00:00:00	Cash	0.3000
2010-03-31T00:00:00	Bonds	-0.4000
2010-03-31T00:00:00	Australian Shares	5.0100
2010-03-31T00:00:00	International Shares	4.8200
2010-03-31T00:00:00	International Shares - Indexed	0.0000
2010-02-28T00:00:00	Stable	0.8200
2010-02-28T00:00:00	Conservative	0.9600
2010-02-28T00:00:00	SRI - Balanced	0.0000
2010-02-28T00:00:00	Indexed Balanced	0.0000
2010-02-28T00:00:00	Balanced	0.9900
2010-02-28T00:00:00	Growth	1.1400
2010-02-28T00:00:00	Cash	0.2600
2010-02-28T00:00:00	Bonds	0.4600
2010-02-28T00:00:00	Australian Shares	1.7100
2010-02-28T00:00:00	International Shares	1.0500
2010-02-28T00:00:00	International Shares - Indexed	0.0000
2010-01-31T00:00:00	Stable	-0.2400
2010-01-31T00:00:00	Conservative	-1.1300
2010-01-31T00:00:00	SRI - Balanced	0.0000
2010-01-31T00:00:00	Indexed Balanced	0.0000
2010-01-31T00:00:00	Balanced	-1.9500
2010-01-31T00:00:00	Growth	-2.7400
2010-01-31T00:00:00	Cash	0.2800
2010-01-31T00:00:00	Bonds	1.0700
2010-01-31T00:00:00	Australian Shares	-4.6800
2010-01-31T00:00:00	International Shares	-3.1400
2010-01-31T00:00:00	International Shares - Indexed	0.0000
2009-12-31T00:00:00	Stable	0.4300
2009-12-31T00:00:00	Conservative	1.0800
2009-12-31T00:00:00	SRI - Balanced	0.0000
2009-12-31T00:00:00	Indexed Balanced	0.0000
2009-12-31T00:00:00	Balanced	1.8900
2009-12-31T00:00:00	Growth	2.3900
2009-12-31T00:00:00	Cash	0.2800
2009-12-31T00:00:00	Bonds	-0.1300
2009-12-31T00:00:00	Australian Shares	3.2800
2009-12-31T00:00:00	International Shares	3.2800
2009-12-31T00:00:00	International Shares - Indexed	0.0000
2009-11-30T00:00:00	Stable	1.1600
2009-11-30T00:00:00	Conservative	1.2800
2009-11-30T00:00:00	SRI - Balanced	0.0000
2009-11-30T00:00:00	Indexed Balanced	0.0000
2009-11-30T00:00:00	Balanced	1.1400
2009-11-30T00:00:00	Growth	1.5400
2009-11-30T00:00:00	Cash	0.2500
2009-11-30T00:00:00	Bonds	1.0100
2009-11-30T00:00:00	Australian Shares	1.2400
2009-11-30T00:00:00	International Shares	2.6900
2009-11-30T00:00:00	International Shares - Indexed	0.0000
2009-10-31T00:00:00	Stable	-0.1400
2009-10-31T00:00:00	Conservative	-0.5200
2009-10-31T00:00:00	SRI - Balanced	0.0000
2009-10-31T00:00:00	Indexed Balanced	0.0000
2009-10-31T00:00:00	Balanced	-0.7400
2009-10-31T00:00:00	Growth	-1.2700
2009-10-31T00:00:00	Cash	0.2400
2009-10-31T00:00:00	Bonds	0.5800
2009-10-31T00:00:00	Australian Shares	-1.3700
2009-10-31T00:00:00	International Shares	-2.4000
2009-10-31T00:00:00	International Shares - Indexed	0.0000
2009-09-30T00:00:00	Stable	1.2100
2009-09-30T00:00:00	Conservative	1.7500
2009-09-30T00:00:00	SRI - Balanced	0.0000
2009-09-30T00:00:00	Indexed Balanced	0.0000
2009-09-30T00:00:00	Balanced	1.9700
2009-09-30T00:00:00	Growth	2.7800
2009-09-30T00:00:00	Cash	0.2100
2009-09-30T00:00:00	Bonds	0.6800
2009-09-30T00:00:00	Australian Shares	5.4900
2009-09-30T00:00:00	International Shares	2.2000
2009-09-30T00:00:00	International Shares - Indexed	0.0000
2009-08-31T00:00:00	Stable	1.1100
2009-08-31T00:00:00	Conservative	1.6500
2009-08-31T00:00:00	SRI - Balanced	0.0000
2009-08-31T00:00:00	Indexed Balanced	0.0000
2009-08-31T00:00:00	Balanced	1.8600
2009-08-31T00:00:00	Growth	2.6500
2009-08-31T00:00:00	Cash	0.2200
2009-08-31T00:00:00	Bonds	0.5200
2009-08-31T00:00:00	Australian Shares	5.5000
2009-08-31T00:00:00	International Shares	1.8800
2009-08-31T00:00:00	International Shares - Indexed	0.0000
2009-07-31T00:00:00	Stable	1.6200
2009-07-31T00:00:00	Conservative	2.5600
2009-07-31T00:00:00	SRI - Balanced	0.0000
2009-07-31T00:00:00	Indexed Balanced	0.0000
2009-07-31T00:00:00	Balanced	2.7200
2009-07-31T00:00:00	Growth	4.3900
2009-07-31T00:00:00	Cash	0.2200
2009-07-31T00:00:00	Bonds	0.6000
2009-07-31T00:00:00	Australian Shares	6.7400
2009-07-31T00:00:00	International Shares	5.7000
2009-07-31T00:00:00	International Shares - Indexed	0.0000
2009-06-30T00:00:00	Stable	-0.0800
2009-06-30T00:00:00	Conservative	1.5600
2009-06-30T00:00:00	SRI - Balanced	0.0000
2009-06-30T00:00:00	Indexed Balanced	0.0000
2009-06-30T00:00:00	Balanced	-2.0200
2009-06-30T00:00:00	Growth	0.6400
2009-06-30T00:00:00	Cash	0.7900
2009-06-30T00:00:00	Bonds	1.0500
2009-06-30T00:00:00	Australian Shares	6.5700
2009-06-30T00:00:00	International Shares	-0.7300
2009-06-30T00:00:00	International Shares - Indexed	0.0000
2009-05-31T00:00:00	Stable	0.2700
2009-05-31T00:00:00	Conservative	0.4400
2009-05-31T00:00:00	SRI - Balanced	0.0000
2009-05-31T00:00:00	Indexed Balanced	0.0000
2009-05-31T00:00:00	Balanced	0.3600
2009-05-31T00:00:00	Growth	0.8900
2009-05-31T00:00:00	Cash	0.2200
2009-05-31T00:00:00	Bonds	-0.3200
2009-05-31T00:00:00	Australian Shares	1.3300
2009-05-31T00:00:00	International Shares	3.0900
2009-05-31T00:00:00	International Shares - Indexed	0.0000
2009-04-30T00:00:00	Stable	1.2100
2009-04-30T00:00:00	Conservative	1.9900
2009-04-30T00:00:00	SRI - Balanced	0.0000
2009-04-30T00:00:00	Indexed Balanced	0.0000
2009-04-30T00:00:00	Balanced	1.9300
2009-04-30T00:00:00	Growth	3.6400
2009-04-30T00:00:00	Cash	0.2100
2009-04-30T00:00:00	Bonds	0.9700
2009-04-30T00:00:00	Australian Shares	5.2600
2009-04-30T00:00:00	International Shares	6.5000
2009-04-30T00:00:00	International Shares - Indexed	0.0000
2009-03-31T00:00:00	Stable	0.4900
2009-03-31T00:00:00	Conservative	1.2100
2009-03-31T00:00:00	SRI - Balanced	0.0000
2009-03-31T00:00:00	Indexed Balanced	0.0000
2009-03-31T00:00:00	Balanced	0.5400
2009-03-31T00:00:00	Growth	2.7700
2009-03-31T00:00:00	Cash	0.2400
2009-03-31T00:00:00	Bonds	0.2900
2009-03-31T00:00:00	Australian Shares	7.0900
2009-03-31T00:00:00	International Shares	2.6800
2009-03-31T00:00:00	International Shares - Indexed	0.0000
2009-02-28T00:00:00	Stable	-1.3200
2009-02-28T00:00:00	Conservative	-2.2000
2009-02-28T00:00:00	SRI - Balanced	0.0000
2009-02-28T00:00:00	Indexed Balanced	0.0000
2009-02-28T00:00:00	Balanced	-2.7000
2009-02-28T00:00:00	Growth	-3.7400
2009-02-28T00:00:00	Cash	0.2200
2009-02-28T00:00:00	Bonds	-0.1900
2009-02-28T00:00:00	Australian Shares	-3.9700
2009-02-28T00:00:00	International Shares	-5.8500
2009-02-28T00:00:00	International Shares - Indexed	0.0000
2009-01-31T00:00:00	Stable	0.1400
2009-01-31T00:00:00	Conservative	-0.5100
2009-01-31T00:00:00	SRI - Balanced	0.0000
2009-01-31T00:00:00	Indexed Balanced	0.0000
2009-01-31T00:00:00	Balanced	-0.7100
2009-01-31T00:00:00	Growth	-1.7200
2009-01-31T00:00:00	Cash	0.3300
2009-01-31T00:00:00	Bonds	1.1700
2009-01-31T00:00:00	Australian Shares	-4.1700
2009-01-31T00:00:00	International Shares	-1.4900
2009-01-31T00:00:00	International Shares - Indexed	0.0000
2008-12-31T00:00:00	Stable	-0.2200
2008-12-31T00:00:00	Conservative	-0.3900
2008-12-31T00:00:00	SRI - Balanced	0.0000
2008-12-31T00:00:00	Indexed Balanced	0.0000
2008-12-31T00:00:00	Balanced	-0.9800
2008-12-31T00:00:00	Growth	-0.5900
2008-12-31T00:00:00	Cash	0.3300
2008-12-31T00:00:00	Bonds	0.8600
2008-12-31T00:00:00	Australian Shares	0.3200
2008-12-31T00:00:00	International Shares	-0.1200
2008-12-31T00:00:00	International Shares - Indexed	0.0000
2008-11-30T00:00:00	Stable	-0.3700
2008-11-30T00:00:00	Conservative	-1.5000
2008-11-30T00:00:00	SRI - Balanced	0.0000
2008-11-30T00:00:00	Indexed Balanced	0.0000
2008-11-30T00:00:00	Balanced	-2.0400
2008-11-30T00:00:00	Growth	-3.6200
2008-11-30T00:00:00	Cash	0.4000
2008-11-30T00:00:00	Bonds	1.6600
2008-11-30T00:00:00	Australian Shares	-5.0000
2008-11-30T00:00:00	International Shares	-5.2800
2008-11-30T00:00:00	International Shares - Indexed	0.0000
2008-10-31T00:00:00	Stable	-2.8400
2008-10-31T00:00:00	Conservative	-4.4600
2008-10-31T00:00:00	SRI - Balanced	0.0000
2008-10-31T00:00:00	Indexed Balanced	0.0000
2008-10-31T00:00:00	Balanced	-4.8500
2008-10-31T00:00:00	Growth	-7.4800
2008-10-31T00:00:00	Cash	0.4800
2008-10-31T00:00:00	Bonds	-1.6400
2008-10-31T00:00:00	Australian Shares	-10.1800
2008-10-31T00:00:00	International Shares	-11.4000
2008-10-31T00:00:00	International Shares - Indexed	0.0000
2008-09-30T00:00:00	Stable	-1.9900
2008-09-30T00:00:00	Conservative	-3.3100
2008-09-30T00:00:00	SRI - Balanced	0.0000
2008-09-30T00:00:00	Indexed Balanced	0.0000
2008-09-30T00:00:00	Balanced	-3.8400
2008-09-30T00:00:00	Growth	-5.8200
2008-09-30T00:00:00	Cash	0.5400
2008-09-30T00:00:00	Bonds	-0.8700
2008-09-30T00:00:00	Australian Shares	-7.5900
2008-09-30T00:00:00	International Shares	-9.3300
2008-09-30T00:00:00	International Shares - Indexed	0.0000
2008-08-31T00:00:00	Stable	1.2500
2008-08-31T00:00:00	Conservative	1.6200
2008-08-31T00:00:00	SRI - Balanced	0.0000
2008-08-31T00:00:00	Indexed Balanced	0.0000
2008-08-31T00:00:00	Balanced	1.6700
2008-08-31T00:00:00	Growth	2.2400
2008-08-31T00:00:00	Cash	0.5800
2008-08-31T00:00:00	Bonds	1.2200
2008-08-31T00:00:00	Australian Shares	3.7900
2008-08-31T00:00:00	International Shares	1.5200
2008-08-31T00:00:00	International Shares - Indexed	0.0000
2008-07-31T00:00:00	Stable	-0.2900
2008-07-31T00:00:00	Conservative	-0.8700
2008-07-31T00:00:00	SRI - Balanced	0.0000
2008-07-31T00:00:00	Indexed Balanced	0.0000
2008-07-31T00:00:00	Balanced	-1.0900
2008-07-31T00:00:00	Growth	-2.0400
2008-07-31T00:00:00	Cash	0.5800
2008-07-31T00:00:00	Bonds	0.4100
2008-07-31T00:00:00	Australian Shares	-2.9400
2008-07-31T00:00:00	International Shares	-2.6400
2008-07-31T00:00:00	International Shares - Indexed	0.0000
2008-06-30T00:00:00	Stable	-0.0700
2008-06-30T00:00:00	Conservative	1.7600
2008-06-30T00:00:00	SRI - Balanced	0.0000
2008-06-30T00:00:00	Indexed Balanced	0.0000
2008-06-30T00:00:00	Balanced	-4.1000
2008-06-30T00:00:00	Growth	-4.0600
2008-06-30T00:00:00	Cash	1.5100
2008-06-30T00:00:00	Bonds	1.4000
2008-06-30T00:00:00	Australian Shares	-5.6300
2008-06-30T00:00:00	International Shares	-6.5700
2008-06-30T00:00:00	International Shares - Indexed	0.0000
2008-05-31T00:00:00	Stable	0.6700
2008-05-31T00:00:00	Conservative	0.8800
2008-05-31T00:00:00	SRI - Balanced	0.0000
2008-05-31T00:00:00	Indexed Balanced	0.0000
2008-05-31T00:00:00	Balanced	1.0500
2008-05-31T00:00:00	Growth	1.3000
2008-05-31T00:00:00	Cash	0.5800
2008-05-31T00:00:00	Bonds	0.3900
2008-05-31T00:00:00	Australian Shares	1.6600
2008-05-31T00:00:00	International Shares	1.3600
2008-05-31T00:00:00	International Shares - Indexed	0.0000
2008-04-30T00:00:00	Stable	0.7400
2008-04-30T00:00:00	Conservative	1.3100
2008-04-30T00:00:00	SRI - Balanced	0.0000
2008-04-30T00:00:00	Indexed Balanced	0.0000
2008-04-30T00:00:00	Balanced	1.7000
2008-04-30T00:00:00	Growth	2.4200
2008-04-30T00:00:00	Cash	0.5600
2008-04-30T00:00:00	Bonds	0.0000
2008-04-30T00:00:00	Australian Shares	3.3000
2008-04-30T00:00:00	International Shares	4.0100
2008-04-30T00:00:00	International Shares - Indexed	0.0000
2008-03-31T00:00:00	Stable	0.1200
2008-03-31T00:00:00	Conservative	-0.3000
2008-03-31T00:00:00	SRI - Balanced	0.0000
2008-03-31T00:00:00	Indexed Balanced	0.0000
2008-03-31T00:00:00	Balanced	-0.5900
2008-03-31T00:00:00	Growth	-1.1700
2008-03-31T00:00:00	Cash	0.5800
2008-03-31T00:00:00	Bonds	0.7000
2008-03-31T00:00:00	Australian Shares	-3.0600
2008-03-31T00:00:00	International Shares	-1.0900
2008-03-31T00:00:00	International Shares - Indexed	0.0000
2008-02-29T00:00:00	Stable	0.0000
2008-02-29T00:00:00	Conservative	-0.3400
2008-02-29T00:00:00	SRI - Balanced	0.0000
2008-02-29T00:00:00	Indexed Balanced	0.0000
2008-02-29T00:00:00	Balanced	-0.3400
2008-02-29T00:00:00	Growth	-0.6600
2008-02-29T00:00:00	Cash	0.4100
2008-02-29T00:00:00	Bonds	0.0600
2008-02-29T00:00:00	Australian Shares	-0.2300
2008-02-29T00:00:00	International Shares	-1.4800
2008-02-29T00:00:00	International Shares - Indexed	0.0000
2008-01-31T00:00:00	Stable	-1.4300
2008-01-31T00:00:00	Conservative	-3.1500
2008-01-31T00:00:00	SRI - Balanced	0.0000
2008-01-31T00:00:00	Indexed Balanced	0.0000
2008-01-31T00:00:00	Balanced	-4.7800
2008-01-31T00:00:00	Growth	-6.4000
2008-01-31T00:00:00	Cash	0.1900
2008-01-31T00:00:00	Bonds	0.6900
2008-01-31T00:00:00	Australian Shares	-9.0800
2008-01-31T00:00:00	International Shares	-8.8500
2008-01-31T00:00:00	International Shares - Indexed	0.0000
2007-12-31T00:00:00	Stable	0.6000
2007-12-31T00:00:00	Conservative	0.3800
2007-12-31T00:00:00	SRI - Balanced	0.0000
2007-12-31T00:00:00	Indexed Balanced	0.0000
2007-12-31T00:00:00	Balanced	0.3900
2007-12-31T00:00:00	Growth	-0.1300
2007-12-31T00:00:00	Cash	0.4400
2007-12-31T00:00:00	Bonds	0.2000
2007-12-31T00:00:00	Australian Shares	-1.7800
2007-12-31T00:00:00	International Shares	0.1100
2007-12-31T00:00:00	International Shares - Indexed	0.0000
2007-11-30T00:00:00	Stable	-0.2100
2007-11-30T00:00:00	Conservative	-0.5500
2007-11-30T00:00:00	SRI - Balanced	0.0000
2007-11-30T00:00:00	Indexed Balanced	0.0000
2007-11-30T00:00:00	Balanced	-0.9300
2007-11-30T00:00:00	Growth	-1.1500
2007-11-30T00:00:00	Cash	0.3700
2007-11-30T00:00:00	Bonds	0.0500
2007-11-30T00:00:00	Australian Shares	-2.0100
2007-11-30T00:00:00	International Shares	-1.9600
2007-11-30T00:00:00	International Shares - Indexed	0.0000
2007-10-31T00:00:00	Stable	0.7600
2007-10-31T00:00:00	Conservative	1.1000
2007-10-31T00:00:00	SRI - Balanced	0.0000
2007-10-31T00:00:00	Indexed Balanced	0.0000
2007-10-31T00:00:00	Balanced	1.3900
2007-10-31T00:00:00	Growth	1.5400
2007-10-31T00:00:00	Cash	0.4400
2007-10-31T00:00:00	Bonds	0.6000
2007-10-31T00:00:00	Australian Shares	2.4900
2007-10-31T00:00:00	International Shares	1.2600
2007-10-31T00:00:00	International Shares - Indexed	0.0000
2007-09-30T00:00:00	Stable	1.0700
2007-09-30T00:00:00	Conservative	0.0000
2007-09-30T00:00:00	SRI - Balanced	0.0000
2007-09-30T00:00:00	Indexed Balanced	0.0000
2007-09-30T00:00:00	Balanced	2.2000
2007-09-30T00:00:00	Growth	2.3700
2007-09-30T00:00:00	Cash	0.3400
2007-09-30T00:00:00	Bonds	0.6400
2007-09-30T00:00:00	Australian Shares	4.5000
2007-09-30T00:00:00	International Shares	0.8800
2007-09-30T00:00:00	International Shares - Indexed	0.0000
2007-08-31T00:00:00	Stable	0.7800
2007-08-31T00:00:00	Conservative	0.0000
2007-08-31T00:00:00	SRI - Balanced	0.0000
2007-08-31T00:00:00	Indexed Balanced	0.0000
2007-08-31T00:00:00	Balanced	1.2500
2007-08-31T00:00:00	Growth	1.6800
2007-08-31T00:00:00	Cash	0.6300
2007-08-31T00:00:00	Bonds	0.7500
2007-08-31T00:00:00	Australian Shares	1.4300
2007-08-31T00:00:00	International Shares	2.1500
2007-08-31T00:00:00	International Shares - Indexed	0.0000
2007-07-31T00:00:00	Stable	0.0100
2007-07-31T00:00:00	Conservative	0.0000
2007-07-31T00:00:00	SRI - Balanced	0.0000
2007-07-31T00:00:00	Indexed Balanced	0.0000
2007-07-31T00:00:00	Balanced	-0.5900
2007-07-31T00:00:00	Growth	-0.9200
2007-07-31T00:00:00	Cash	0.3400
2007-07-31T00:00:00	Bonds	0.1900
2007-07-31T00:00:00	Australian Shares	-1.4500
2007-07-31T00:00:00	International Shares	-1.3700
2007-07-31T00:00:00	International Shares - Indexed	0.0000
2007-06-30T00:00:00	Stable	1.6800
2007-06-30T00:00:00	Conservative	0.0000
2007-06-30T00:00:00	SRI - Balanced	0.0000
2007-06-30T00:00:00	Indexed Balanced	0.0000
2007-06-30T00:00:00	Balanced	1.4500
2007-06-30T00:00:00	Growth	2.0900
2007-06-30T00:00:00	Cash	0.9600
2007-06-30T00:00:00	Bonds	0.4100
2007-06-30T00:00:00	Australian Shares	1.3500
2007-06-30T00:00:00	International Shares	-0.2500
2007-06-30T00:00:00	International Shares - Indexed	0.0000
2007-05-31T00:00:00	Stable	0.6000
2007-05-31T00:00:00	Conservative	0.0000
2007-05-31T00:00:00	SRI - Balanced	0.0000
2007-05-31T00:00:00	Indexed Balanced	0.0000
2007-05-31T00:00:00	Balanced	1.7900
2007-05-31T00:00:00	Growth	2.2900
2007-05-31T00:00:00	Cash	0.5200
2007-05-31T00:00:00	Bonds	-0.0900
2007-05-31T00:00:00	Australian Shares	2.5300
2007-05-31T00:00:00	International Shares	3.4600
2007-05-31T00:00:00	International Shares - Indexed	0.0000
2007-04-30T00:00:00	Stable	0.7200
2007-04-30T00:00:00	Conservative	0.0000
2007-04-30T00:00:00	SRI - Balanced	0.0000
2007-04-30T00:00:00	Indexed Balanced	0.0000
2007-04-30T00:00:00	Balanced	1.5100
2007-04-30T00:00:00	Growth	1.6700
2007-04-30T00:00:00	Cash	0.5100
2007-04-30T00:00:00	Bonds	0.4800
2007-04-30T00:00:00	Australian Shares	2.6400
2007-04-30T00:00:00	International Shares	2.0700
2007-04-30T00:00:00	International Shares - Indexed	0.0000
2007-03-31T00:00:00	Stable	0.8700
2007-03-31T00:00:00	Conservative	0.0000
2007-03-31T00:00:00	SRI - Balanced	0.0000
2007-03-31T00:00:00	Indexed Balanced	0.0000
2007-03-31T00:00:00	Balanced	1.8000
2007-03-31T00:00:00	Growth	1.8100
2007-03-31T00:00:00	Cash	0.3800
2007-03-31T00:00:00	Bonds	0.0200
2007-03-31T00:00:00	Australian Shares	3.4200
2007-03-31T00:00:00	International Shares	0.6200
2007-03-31T00:00:00	International Shares - Indexed	0.0000
2007-02-28T00:00:00	Stable	0.5500
2007-02-28T00:00:00	Conservative	0.0000
2007-02-28T00:00:00	SRI - Balanced	0.0000
2007-02-28T00:00:00	Indexed Balanced	0.0000
2007-02-28T00:00:00	Balanced	0.2800
2007-02-28T00:00:00	Growth	0.0100
2007-02-28T00:00:00	Cash	0.4100
2007-02-28T00:00:00	Bonds	0.9100
2007-02-28T00:00:00	Australian Shares	1.4300
2007-02-28T00:00:00	International Shares	-1.8900
2007-02-28T00:00:00	International Shares - Indexed	0.0000
2007-01-31T00:00:00	Stable	0.5100
2007-01-31T00:00:00	Conservative	0.0000
2007-01-31T00:00:00	SRI - Balanced	0.0000
2007-01-31T00:00:00	Indexed Balanced	0.0000
2007-01-31T00:00:00	Balanced	1.1900
2007-01-31T00:00:00	Growth	1.4500
2007-01-31T00:00:00	Cash	0.3900
2007-01-31T00:00:00	Bonds	0.1500
2007-01-31T00:00:00	Australian Shares	1.8600
2007-01-31T00:00:00	International Shares	1.6700
2007-01-31T00:00:00	International Shares - Indexed	0.0000
2006-12-31T00:00:00	Stable	0.9700
2006-12-31T00:00:00	Conservative	0.0000
2006-12-31T00:00:00	SRI - Balanced	0.0000
2006-12-31T00:00:00	Indexed Balanced	0.0000
2006-12-31T00:00:00	Balanced	2.1200
2006-12-31T00:00:00	Growth	2.4200
2006-12-31T00:00:00	Cash	0.4500
2006-12-31T00:00:00	Bonds	-0.1700
2006-12-31T00:00:00	Australian Shares	2.6800
2006-12-31T00:00:00	International Shares	2.9900
2006-12-31T00:00:00	International Shares - Indexed	0.0000
2006-11-30T00:00:00	Stable	0.7000
2006-11-30T00:00:00	Conservative	0.0000
2006-11-30T00:00:00	SRI - Balanced	0.0000
2006-11-30T00:00:00	Indexed Balanced	0.0000
2006-11-30T00:00:00	Balanced	1.0800
2006-11-30T00:00:00	Growth	1.2700
2006-11-30T00:00:00	Cash	0.4600
2006-11-30T00:00:00	Bonds	0.6600
2006-11-30T00:00:00	Australian Shares	1.6700
2006-11-30T00:00:00	International Shares	1.5100
2006-11-30T00:00:00	International Shares - Indexed	0.0000
2006-10-31T00:00:00	Stable	0.8700
2006-10-31T00:00:00	Conservative	0.0000
2006-10-31T00:00:00	SRI - Balanced	0.0000
2006-10-31T00:00:00	Indexed Balanced	0.0000
2006-10-31T00:00:00	Balanced	1.9900
2006-10-31T00:00:00	Growth	2.3800
2006-10-31T00:00:00	Cash	0.4500
2006-10-31T00:00:00	Bonds	0.1800
2006-10-31T00:00:00	Australian Shares	4.8100
2006-10-31T00:00:00	International Shares	1.3900
2006-10-31T00:00:00	International Shares - Indexed	0.0000
2006-09-30T00:00:00	Stable	0.8100
2006-09-30T00:00:00	Conservative	0.0000
2006-09-30T00:00:00	SRI - Balanced	0.0000
2006-09-30T00:00:00	Indexed Balanced	0.0000
2006-09-30T00:00:00	Balanced	1.3300
2006-09-30T00:00:00	Growth	1.5300
2006-09-30T00:00:00	Cash	0.3900
2006-09-30T00:00:00	Bonds	0.4600
2006-09-30T00:00:00	Australian Shares	1.1200
2006-09-30T00:00:00	International Shares	2.2800
2006-09-30T00:00:00	International Shares - Indexed	0.0000
2006-08-31T00:00:00	Stable	1.0500
2006-08-31T00:00:00	Conservative	0.0000
2006-08-31T00:00:00	SRI - Balanced	0.0000
2006-08-31T00:00:00	Indexed Balanced	0.0000
2006-08-31T00:00:00	Balanced	1.7700
2006-08-31T00:00:00	Growth	1.9800
2006-08-31T00:00:00	Cash	0.3900
2006-08-31T00:00:00	Bonds	0.8600
2006-08-31T00:00:00	Australian Shares	3.0300
2006-08-31T00:00:00	International Shares	2.4900
2006-08-31T00:00:00	International Shares - Indexed	0.0000
2006-07-31T00:00:00	Stable	0.0300
2006-07-31T00:00:00	Conservative	0.0000
2006-07-31T00:00:00	SRI - Balanced	0.0000
2006-07-31T00:00:00	Indexed Balanced	0.0000
2006-07-31T00:00:00	Balanced	-0.6500
2006-07-31T00:00:00	Growth	-0.8500
2006-07-31T00:00:00	Cash	0.4100
2006-07-31T00:00:00	Bonds	0.4900
2006-07-31T00:00:00	Australian Shares	-1.6200
2006-07-31T00:00:00	International Shares	-1.2700
2006-07-31T00:00:00	International Shares - Indexed	0.0000
2006-06-30T00:00:00	Stable	1.3500
2006-06-30T00:00:00	Conservative	0.0000
2006-06-30T00:00:00	SRI - Balanced	0.0000
2006-06-30T00:00:00	Indexed Balanced	0.0000
2006-06-30T00:00:00	Balanced	1.8200
2006-06-30T00:00:00	Growth	1.6800
2006-06-30T00:00:00	Cash	0.8400
2006-06-30T00:00:00	Bonds	0.4600
2006-06-30T00:00:00	Australian Shares	1.7200
2006-06-30T00:00:00	International Shares	0.7800
2006-06-30T00:00:00	International Shares - Indexed	0.0000
2006-05-31T00:00:00	Stable	-0.3600
2006-05-31T00:00:00	Conservative	0.0000
2006-05-31T00:00:00	SRI - Balanced	0.0000
2006-05-31T00:00:00	Indexed Balanced	0.0000
2006-05-31T00:00:00	Balanced	-2.0700
2006-05-31T00:00:00	Growth	-2.6000
2006-05-31T00:00:00	Cash	0.4500
2006-05-31T00:00:00	Bonds	0.4600
2006-05-31T00:00:00	Australian Shares	-3.6800
2006-05-31T00:00:00	International Shares	-3.7900
2006-05-31T00:00:00	International Shares - Indexed	0.0000
2006-04-30T00:00:00	Stable	0.1900
2006-04-30T00:00:00	Conservative	0.0000
2006-04-30T00:00:00	SRI - Balanced	0.0000
2006-04-30T00:00:00	Indexed Balanced	0.0000
2006-04-30T00:00:00	Balanced	0.6900
2006-04-30T00:00:00	Growth	0.8500
2006-04-30T00:00:00	Cash	0.3200
2006-04-30T00:00:00	Bonds	-0.2600
2006-04-30T00:00:00	Australian Shares	2.3900
2006-04-30T00:00:00	International Shares	-0.7300
2006-04-30T00:00:00	International Shares - Indexed	0.0000
2006-03-31T00:00:00	Stable	1.0100
2006-03-31T00:00:00	Conservative	0.0000
2006-03-31T00:00:00	SRI - Balanced	0.0000
2006-03-31T00:00:00	Indexed Balanced	0.0000
2006-03-31T00:00:00	Balanced	2.8000
2006-03-31T00:00:00	Growth	3.5100
2006-03-31T00:00:00	Cash	0.4300
2006-03-31T00:00:00	Bonds	-0.2500
2006-03-31T00:00:00	Australian Shares	4.3000
2006-03-31T00:00:00	International Shares	4.6200
2006-03-31T00:00:00	International Shares - Indexed	0.0000
2006-02-28T00:00:00	Stable	0.5800
2006-02-28T00:00:00	Conservative	0.0000
2006-02-28T00:00:00	SRI - Balanced	0.0000
2006-02-28T00:00:00	Indexed Balanced	0.0000
2006-02-28T00:00:00	Balanced	0.7100
2006-02-28T00:00:00	Growth	0.8400
2006-02-28T00:00:00	Cash	0.4800
2006-02-28T00:00:00	Bonds	0.6500
2006-02-28T00:00:00	Australian Shares	0.9000
2006-02-28T00:00:00	International Shares	1.0500
2006-02-28T00:00:00	International Shares - Indexed	0.0000
2006-01-31T00:00:00	Stable	0.7500
2006-01-31T00:00:00	Conservative	0.0000
2006-01-31T00:00:00	SRI - Balanced	0.0000
2006-01-31T00:00:00	Indexed Balanced	0.0000
2006-01-31T00:00:00	Balanced	1.9200
2006-01-31T00:00:00	Growth	2.3900
2006-01-31T00:00:00	Cash	0.3500
2006-01-31T00:00:00	Bonds	0.0600
2006-01-31T00:00:00	Australian Shares	3.0700
2006-01-31T00:00:00	International Shares	3.6500
2006-01-31T00:00:00	International Shares - Indexed	0.0000
2005-12-31T00:00:00	Stable	1.2500
2005-12-31T00:00:00	Conservative	0.0000
2005-12-31T00:00:00	SRI - Balanced	0.0000
2005-12-31T00:00:00	Indexed Balanced	0.0000
2005-12-31T00:00:00	Balanced	2.1200
2005-12-31T00:00:00	Growth	2.5500
2005-12-31T00:00:00	Cash	0.4200
2005-12-31T00:00:00	Bonds	0.6500
2005-12-31T00:00:00	Australian Shares	2.5600
2005-12-31T00:00:00	International Shares	3.5600
2005-12-31T00:00:00	International Shares - Indexed	0.0000
2005-11-30T00:00:00	Stable	1.0500
2005-11-30T00:00:00	Conservative	0.0000
2005-11-30T00:00:00	SRI - Balanced	0.0000
2005-11-30T00:00:00	Indexed Balanced	0.0000
2005-11-30T00:00:00	Balanced	2.3200
2005-11-30T00:00:00	Growth	2.9200
2005-11-30T00:00:00	Cash	0.4100
2005-11-30T00:00:00	Bonds	0.5400
2005-11-30T00:00:00	Australian Shares	3.6000
2005-11-30T00:00:00	International Shares	4.2700
2005-11-30T00:00:00	International Shares - Indexed	0.0000
2005-10-31T00:00:00	Stable	-0.3400
2005-10-31T00:00:00	Conservative	0.0000
2005-10-31T00:00:00	SRI - Balanced	0.0000
2005-10-31T00:00:00	Indexed Balanced	0.0000
2005-10-31T00:00:00	Balanced	-1.3000
2005-10-31T00:00:00	Growth	-1.6300
2005-10-31T00:00:00	Cash	0.3800
2005-10-31T00:00:00	Bonds	0.0000
2005-10-31T00:00:00	Australian Shares	-3.1100
2005-10-31T00:00:00	International Shares	-1.8200
2005-10-31T00:00:00	International Shares - Indexed	0.0000
2005-09-30T00:00:00	Stable	0.9800
2005-09-30T00:00:00	Conservative	0.0000
2005-09-30T00:00:00	SRI - Balanced	0.0000
2005-09-30T00:00:00	Indexed Balanced	0.0000
2005-09-30T00:00:00	Balanced	2.6200
2005-09-30T00:00:00	Growth	3.1500
2005-09-30T00:00:00	Cash	0.4000
2005-09-30T00:00:00	Bonds	-0.2200
2005-09-30T00:00:00	Australian Shares	4.7200
2005-09-30T00:00:00	International Shares	3.0500
2005-09-30T00:00:00	International Shares - Indexed	0.0000
2005-08-31T00:00:00	Stable	0.7200
2005-08-31T00:00:00	Conservative	0.0000
2005-08-31T00:00:00	SRI - Balanced	0.0000
2005-08-31T00:00:00	Indexed Balanced	0.0000
2005-08-31T00:00:00	Balanced	1.2400
2005-08-31T00:00:00	Growth	1.5600
2005-08-31T00:00:00	Cash	0.4100
2005-08-31T00:00:00	Bonds	0.6300
2005-08-31T00:00:00	Australian Shares	1.7500
2005-08-31T00:00:00	International Shares	1.7000
2005-08-31T00:00:00	International Shares - Indexed	0.0000
2005-07-31T00:00:00	Stable	0.6500
2005-07-31T00:00:00	Conservative	0.0000
2005-07-31T00:00:00	SRI - Balanced	0.0000
2005-07-31T00:00:00	Indexed Balanced	0.0000
2005-07-31T00:00:00	Balanced	1.7400
2005-07-31T00:00:00	Growth	2.3300
2005-07-31T00:00:00	Cash	0.3900
2005-07-31T00:00:00	Bonds	-0.0400
2005-07-31T00:00:00	Australian Shares	2.5300
2005-07-31T00:00:00	International Shares	3.9300
2005-07-31T00:00:00	International Shares - Indexed	0.0000
2005-06-30T00:00:00	Stable	1.9800
2005-06-30T00:00:00	Conservative	0.0000
2005-06-30T00:00:00	SRI - Balanced	0.0000
2005-06-30T00:00:00	Indexed Balanced	0.0000
2005-06-30T00:00:00	Balanced	2.8200
2005-06-30T00:00:00	Growth	2.8900
2005-06-30T00:00:00	Cash	0.9100
2005-06-30T00:00:00	Bonds	1.5400
2005-06-30T00:00:00	Australian Shares	4.3500
2005-06-30T00:00:00	International Shares	1.7100
2005-06-30T00:00:00	International Shares - Indexed	0.0000
2005-05-31T00:00:00	Stable	1.1200
2005-05-31T00:00:00	Conservative	0.0000
2005-05-31T00:00:00	SRI - Balanced	0.0000
2005-05-31T00:00:00	Indexed Balanced	0.0000
2005-05-31T00:00:00	Balanced	2.1700
2005-05-31T00:00:00	Growth	2.7500
2005-05-31T00:00:00	Cash	0.4300
2005-05-31T00:00:00	Bonds	0.8100
2005-05-31T00:00:00	Australian Shares	3.1600
2005-05-31T00:00:00	International Shares	4.1500
2005-05-31T00:00:00	International Shares - Indexed	0.0000
2005-04-30T00:00:00	Stable	0.2300
2005-04-30T00:00:00	Conservative	0.0000
2005-04-30T00:00:00	SRI - Balanced	0.0000
2005-04-30T00:00:00	Indexed Balanced	0.0000
2005-04-30T00:00:00	Balanced	-1.1700
2005-04-30T00:00:00	Growth	-1.5600
2005-04-30T00:00:00	Cash	0.4100
2005-04-30T00:00:00	Bonds	1.2300
2005-04-30T00:00:00	Australian Shares	-2.7900
2005-04-30T00:00:00	International Shares	-2.8400
2005-04-30T00:00:00	International Shares - Indexed	0.0000
2005-03-31T00:00:00	Stable	0.2900
2005-03-31T00:00:00	Conservative	0.0000
2005-03-31T00:00:00	SRI - Balanced	0.0000
2005-03-31T00:00:00	Indexed Balanced	0.0000
2005-03-31T00:00:00	Balanced	-0.0800
2005-03-31T00:00:00	Growth	-0.2000
2005-03-31T00:00:00	Cash	0.3800
2005-03-31T00:00:00	Bonds	0.3300
2005-03-31T00:00:00	Australian Shares	-0.7100
2005-03-31T00:00:00	International Shares	-0.6600
2005-03-31T00:00:00	International Shares - Indexed	0.0000
2005-02-28T00:00:00	Stable	0.3600
2005-02-28T00:00:00	Conservative	0.0000
2005-02-28T00:00:00	SRI - Balanced	0.0000
2005-02-28T00:00:00	Indexed Balanced	0.0000
2005-02-28T00:00:00	Balanced	1.0300
2005-02-28T00:00:00	Growth	1.1800
2005-02-28T00:00:00	Cash	0.5000
2005-02-28T00:00:00	Bonds	-0.1800
2005-02-28T00:00:00	Australian Shares	1.8300
2005-02-28T00:00:00	International Shares	1.7400
2005-02-28T00:00:00	International Shares - Indexed	0.0000
2005-01-31T00:00:00	Stable	0.5800
2005-01-31T00:00:00	Conservative	0.0000
2005-01-31T00:00:00	SRI - Balanced	0.0000
2005-01-31T00:00:00	Indexed Balanced	0.0000
2005-01-31T00:00:00	Balanced	0.6000
2005-01-31T00:00:00	Growth	0.4700
2005-01-31T00:00:00	Cash	0.2700
2005-01-31T00:00:00	Bonds	0.6200
2005-01-31T00:00:00	Australian Shares	1.1900
2005-01-31T00:00:00	International Shares	-0.9100
2005-01-31T00:00:00	International Shares - Indexed	0.0000
2004-12-31T00:00:00	Stable	1.1700
2004-12-31T00:00:00	Conservative	0.0000
2004-12-31T00:00:00	SRI - Balanced	0.0000
2004-12-31T00:00:00	Indexed Balanced	0.0000
2004-12-31T00:00:00	Balanced	1.9800
2004-12-31T00:00:00	Growth	2.2500
2004-12-31T00:00:00	Cash	0.4100
2004-12-31T00:00:00	Bonds	0.2400
2004-12-31T00:00:00	Australian Shares	2.8300
2004-12-31T00:00:00	International Shares	2.3200
2004-12-31T00:00:00	International Shares - Indexed	0.0000
2004-11-30T00:00:00	Stable	1.3700
2004-11-30T00:00:00	Conservative	0.0000
2004-11-30T00:00:00	SRI - Balanced	0.0000
2004-11-30T00:00:00	Indexed Balanced	0.0000
2004-11-30T00:00:00	Balanced	2.6200
2004-11-30T00:00:00	Growth	2.9600
2004-11-30T00:00:00	Cash	0.4200
2004-11-30T00:00:00	Bonds	0.9800
2004-11-30T00:00:00	Australian Shares	4.7000
2004-11-30T00:00:00	International Shares	3.4100
2004-11-30T00:00:00	International Shares - Indexed	0.0000
2004-10-31T00:00:00	Stable	0.9800
2004-10-31T00:00:00	Conservative	0.0000
2004-10-31T00:00:00	SRI - Balanced	0.0000
2004-10-31T00:00:00	Indexed Balanced	0.0000
2004-10-31T00:00:00	Balanced	1.4600
2004-10-31T00:00:00	Growth	1.3600
2004-10-31T00:00:00	Cash	0.3100
2004-10-31T00:00:00	Bonds	0.9500
2004-10-31T00:00:00	Australian Shares	2.9400
2004-10-31T00:00:00	International Shares	0.3800
2004-10-31T00:00:00	International Shares - Indexed	0.0000
2004-09-30T00:00:00	Stable	0.9700
2004-09-30T00:00:00	Conservative	0.0000
2004-09-30T00:00:00	SRI - Balanced	0.0000
2004-09-30T00:00:00	Indexed Balanced	0.0000
2004-09-30T00:00:00	Balanced	1.7500
2004-09-30T00:00:00	Growth	1.9600
2004-09-30T00:00:00	Cash	0.3500
2004-09-30T00:00:00	Bonds	0.6300
2004-09-30T00:00:00	Australian Shares	3.4500
2004-09-30T00:00:00	International Shares	1.1500
2004-09-30T00:00:00	International Shares - Indexed	0.0000
2004-08-31T00:00:00	Stable	0.8500
2004-08-31T00:00:00	Conservative	0.0000
2004-08-31T00:00:00	SRI - Balanced	0.0000
2004-08-31T00:00:00	Indexed Balanced	0.0000
2004-08-31T00:00:00	Balanced	0.6400
2004-08-31T00:00:00	Growth	0.5600
2004-08-31T00:00:00	Cash	0.3800
2004-08-31T00:00:00	Bonds	1.4100
2004-08-31T00:00:00	Australian Shares	0.9000
2004-08-31T00:00:00	International Shares	-0.1400
2004-08-31T00:00:00	International Shares - Indexed	0.0000
2004-07-31T00:00:00	Stable	-0.0400
2004-07-31T00:00:00	Conservative	0.0000
2004-07-31T00:00:00	SRI - Balanced	0.0000
2004-07-31T00:00:00	Indexed Balanced	0.0000
2004-07-31T00:00:00	Balanced	-0.5600
2004-07-31T00:00:00	Growth	-0.7800
2004-07-31T00:00:00	Cash	0.3100
2004-07-31T00:00:00	Bonds	0.0900
2004-07-31T00:00:00	Australian Shares	0.3600
2004-07-31T00:00:00	International Shares	-3.8700
2004-07-31T00:00:00	International Shares - Indexed	0.0000
2004-06-30T00:00:00	Stable	1.7500
2004-06-30T00:00:00	Conservative	0.0000
2004-06-30T00:00:00	SRI - Balanced	0.0000
2004-06-30T00:00:00	Indexed Balanced	0.0000
2004-06-30T00:00:00	Balanced	2.9900
2004-06-30T00:00:00	Growth	3.2200
2004-06-30T00:00:00	Cash	0.7400
2004-06-30T00:00:00	Bonds	0.9700
2004-06-30T00:00:00	Australian Shares	3.1400
2004-06-30T00:00:00	International Shares	4.5100
2004-06-30T00:00:00	International Shares - Indexed	0.0000
2004-05-31T00:00:00	Stable	0.5200
2004-05-31T00:00:00	Conservative	0.0000
2004-05-31T00:00:00	SRI - Balanced	0.0000
2004-05-31T00:00:00	Indexed Balanced	0.0000
2004-05-31T00:00:00	Balanced	0.9800
2004-05-31T00:00:00	Growth	1.1400
2004-05-31T00:00:00	Cash	0.3400
2004-05-31T00:00:00	Bonds	0.3400
2004-05-31T00:00:00	Australian Shares	1.5000
2004-05-31T00:00:00	International Shares	1.2400
2004-05-31T00:00:00	International Shares - Indexed	0.0000
2004-04-30T00:00:00	Stable	-0.3500
2004-04-30T00:00:00	Conservative	0.0000
2004-04-30T00:00:00	SRI - Balanced	0.0000
2004-04-30T00:00:00	Indexed Balanced	0.0000
2004-04-30T00:00:00	Balanced	0.0900
2004-04-30T00:00:00	Growth	0.6500
2004-04-30T00:00:00	Cash	0.3500
2004-04-30T00:00:00	Bonds	-1.0400
2004-04-30T00:00:00	Australian Shares	-0.1600
2004-04-30T00:00:00	International Shares	0.4400
2004-04-30T00:00:00	International Shares - Indexed	0.0000
2004-03-31T00:00:00	Stable	0.9600
2004-03-31T00:00:00	Conservative	0.0000
2004-03-31T00:00:00	SRI - Balanced	0.0000
2004-03-31T00:00:00	Indexed Balanced	0.0000
2004-03-31T00:00:00	Balanced	1.3200
2004-03-31T00:00:00	Growth	1.4300
2004-03-31T00:00:00	Cash	0.3000
2004-03-31T00:00:00	Bonds	1.0200
2004-03-31T00:00:00	Australian Shares	1.8700
2004-03-31T00:00:00	International Shares	0.7900
2004-03-31T00:00:00	International Shares - Indexed	0.0000
2004-02-29T00:00:00	Stable	0.8700
2004-02-29T00:00:00	Conservative	0.0000
2004-02-29T00:00:00	SRI - Balanced	0.0000
2004-02-29T00:00:00	Indexed Balanced	0.0000
2004-02-29T00:00:00	Balanced	1.3000
2004-02-29T00:00:00	Growth	1.3600
2004-02-29T00:00:00	Cash	0.4300
2004-02-29T00:00:00	Bonds	0.9100
2004-02-29T00:00:00	Australian Shares	2.7000
2004-02-29T00:00:00	International Shares	0.3800
2004-02-29T00:00:00	International Shares - Indexed	0.0000
2004-01-31T00:00:00	Stable	0.3400
2004-01-31T00:00:00	Conservative	0.0000
2004-01-31T00:00:00	SRI - Balanced	0.0000
2004-01-31T00:00:00	Indexed Balanced	0.0000
2004-01-31T00:00:00	Balanced	0.2000
2004-01-31T00:00:00	Growth	0.0600
2004-01-31T00:00:00	Cash	0.3400
2004-01-31T00:00:00	Bonds	0.3600
2004-01-31T00:00:00	Australian Shares	-0.4000
2004-01-31T00:00:00	International Shares	0.8500
2004-01-31T00:00:00	International Shares - Indexed	0.0000
2003-12-31T00:00:00	Stable	1.5800
2003-12-31T00:00:00	Conservative	0.0000
2003-12-31T00:00:00	SRI - Balanced	0.0000
2003-12-31T00:00:00	Indexed Balanced	0.0000
2003-12-31T00:00:00	Balanced	2.2300
2003-12-31T00:00:00	Growth	2.4100
2003-12-31T00:00:00	Cash	0.3100
2003-12-31T00:00:00	Bonds	1.5400
2003-12-31T00:00:00	Australian Shares	3.7400
2003-12-31T00:00:00	International Shares	2.0400
2003-12-31T00:00:00	International Shares - Indexed	0.0000
2003-11-30T00:00:00	Stable	-0.1200
2003-11-30T00:00:00	Conservative	0.0000
2003-11-30T00:00:00	SRI - Balanced	0.0000
2003-11-30T00:00:00	Indexed Balanced	0.0000
2003-11-30T00:00:00	Balanced	-0.6600
2003-11-30T00:00:00	Growth	-0.9300
2003-11-30T00:00:00	Cash	0.2300
2003-11-30T00:00:00	Bonds	0.1500
2003-11-30T00:00:00	Australian Shares	-1.8300
2003-11-30T00:00:00	International Shares	-0.3000
2003-11-30T00:00:00	International Shares - Indexed	0.0000
2003-10-31T00:00:00	Stable	0.4200
2003-10-31T00:00:00	Conservative	0.0000
2003-10-31T00:00:00	SRI - Balanced	0.0000
2003-10-31T00:00:00	Indexed Balanced	0.0000
2003-10-31T00:00:00	Balanced	1.5800
2003-10-31T00:00:00	Growth	2.0500
2003-10-31T00:00:00	Cash	0.2900
2003-10-31T00:00:00	Bonds	-0.4300
2003-10-31T00:00:00	Australian Shares	3.1500
2003-10-31T00:00:00	International Shares	2.7900
2003-10-31T00:00:00	International Shares - Indexed	0.0000
2003-09-30T00:00:00	Stable	0.7600
2003-09-30T00:00:00	Conservative	0.0000
2003-09-30T00:00:00	SRI - Balanced	0.0000
2003-09-30T00:00:00	Indexed Balanced	0.0000
2003-09-30T00:00:00	Balanced	0.2900
2003-09-30T00:00:00	Growth	-0.1400
2003-09-30T00:00:00	Cash	0.2300
2003-09-30T00:00:00	Bonds	1.3100
2003-09-30T00:00:00	Australian Shares	0.2700
2003-09-30T00:00:00	International Shares	-1.5500
2003-09-30T00:00:00	International Shares - Indexed	0.0000
2003-08-31T00:00:00	Stable	0.7000
2003-08-31T00:00:00	Conservative	0.0000
2003-08-31T00:00:00	SRI - Balanced	0.0000
2003-08-31T00:00:00	Indexed Balanced	0.0000
2003-08-31T00:00:00	Balanced	1.4900
2003-08-31T00:00:00	Growth	1.8400
2003-08-31T00:00:00	Cash	0.4100
2003-08-31T00:00:00	Bonds	0.3100
2003-08-31T00:00:00	Australian Shares	2.4000
2003-08-31T00:00:00	International Shares	2.7200
2003-08-31T00:00:00	International Shares - Indexed	0.0000
2003-07-31T00:00:00	Stable	0.1300
2003-07-31T00:00:00	Conservative	0.0000
2003-07-31T00:00:00	SRI - Balanced	0.0000
2003-07-31T00:00:00	Indexed Balanced	0.0000
2003-07-31T00:00:00	Balanced	1.4300
2003-07-31T00:00:00	Growth	2.3900
2003-07-31T00:00:00	Cash	0.2400
2003-07-31T00:00:00	Bonds	-1.1700
2003-07-31T00:00:00	Australian Shares	3.0000
2003-07-31T00:00:00	International Shares	3.6000
2003-07-31T00:00:00	International Shares - Indexed	0.0000
2003-06-30T00:00:00	Stable	0.8400
2003-06-30T00:00:00	Conservative	0.0000
2003-06-30T00:00:00	SRI - Balanced	0.0000
2003-06-30T00:00:00	Indexed Balanced	0.0000
2003-06-30T00:00:00	Balanced	0.9200
2003-06-30T00:00:00	Growth	1.3500
2003-06-30T00:00:00	Cash	0.3300
2003-06-30T00:00:00	Bonds	0.4200
2003-06-30T00:00:00	Australian Shares	2.0200
2003-06-30T00:00:00	International Shares	0.7800
2003-06-30T00:00:00	International Shares - Indexed	0.0000
2003-05-31T00:00:00	Stable	1.3000
2003-05-31T00:00:00	Conservative	0.0000
2003-05-31T00:00:00	SRI - Balanced	0.0000
2003-05-31T00:00:00	Indexed Balanced	0.0000
2003-05-31T00:00:00	Balanced	1.4000
2003-05-31T00:00:00	Growth	1.4000
2003-05-31T00:00:00	Cash	0.3000
2003-05-31T00:00:00	Bonds	1.8000
2003-05-31T00:00:00	Australian Shares	0.6000
2003-05-31T00:00:00	International Shares	4.0000
2003-05-31T00:00:00	International Shares - Indexed	0.0000
2003-04-30T00:00:00	Stable	1.2000
2003-04-30T00:00:00	Conservative	0.0000
2003-04-30T00:00:00	SRI - Balanced	0.0000
2003-04-30T00:00:00	Indexed Balanced	0.0000
2003-04-30T00:00:00	Balanced	2.2000
2003-04-30T00:00:00	Growth	2.8000
2003-04-30T00:00:00	Cash	0.3000
2003-04-30T00:00:00	Bonds	0.7000
2003-04-30T00:00:00	Australian Shares	4.1000
2003-04-30T00:00:00	International Shares	3.7000
2003-04-30T00:00:00	International Shares - Indexed	0.0000
2003-03-31T00:00:00	Stable	0.6000
2003-03-31T00:00:00	Conservative	0.0000
2003-03-31T00:00:00	SRI - Balanced	0.0000
2003-03-31T00:00:00	Indexed Balanced	0.0000
2003-03-31T00:00:00	Balanced	1.3000
2003-03-31T00:00:00	Growth	1.6000
2003-03-31T00:00:00	Cash	0.3000
2003-03-31T00:00:00	Bonds	0.0000
2003-03-31T00:00:00	Australian Shares	3.4000
2003-03-31T00:00:00	International Shares	0.0000
2003-03-31T00:00:00	International Shares - Indexed	0.0000
2003-02-28T00:00:00	Stable	-0.1000
2003-02-28T00:00:00	Conservative	0.0000
2003-02-28T00:00:00	SRI - Balanced	0.0000
2003-02-28T00:00:00	Indexed Balanced	0.0000
2003-02-28T00:00:00	Balanced	-1.3000
2003-02-28T00:00:00	Growth	-2.4000
2003-02-28T00:00:00	Cash	0.3000
2003-02-28T00:00:00	Bonds	1.0000
2003-02-28T00:00:00	Australian Shares	-4.0000
2003-02-28T00:00:00	International Shares	-2.1000
2003-02-28T00:00:00	International Shares - Indexed	0.0000
2003-01-31T00:00:00	Stable	-0.2000
2003-01-31T00:00:00	Conservative	0.0000
2003-01-31T00:00:00	SRI - Balanced	0.0000
2003-01-31T00:00:00	Indexed Balanced	0.0000
2003-01-31T00:00:00	Balanced	-0.7000
2003-01-31T00:00:00	Growth	-1.6000
2003-01-31T00:00:00	Cash	0.4000
2003-01-31T00:00:00	Bonds	0.6000
2003-01-31T00:00:00	Australian Shares	-1.2000
2003-01-31T00:00:00	International Shares	-3.3000
2003-01-31T00:00:00	International Shares - Indexed	0.0000
2002-12-31T00:00:00	Stable	0.7000
2002-12-31T00:00:00	Conservative	0.0000
2002-12-31T00:00:00	SRI - Balanced	0.0000
2002-12-31T00:00:00	Indexed Balanced	0.0000
2002-12-31T00:00:00	Balanced	0.1000
2002-12-31T00:00:00	Growth	-1.0000
2002-12-31T00:00:00	Cash	0.3000
2002-12-31T00:00:00	Bonds	1.8000
2002-12-31T00:00:00	Australian Shares	-0.6000
2002-12-31T00:00:00	International Shares	-3.4000
2002-12-31T00:00:00	International Shares - Indexed	0.0000
2002-11-30T00:00:00	Stable	0.6000
2002-11-30T00:00:00	Conservative	0.0000
2002-11-30T00:00:00	SRI - Balanced	0.0000
2002-11-30T00:00:00	Indexed Balanced	0.0000
2002-11-30T00:00:00	Balanced	0.8000
2002-11-30T00:00:00	Growth	1.1000
2002-11-30T00:00:00	Cash	0.3000
2002-11-30T00:00:00	Bonds	0.4000
2002-11-30T00:00:00	Australian Shares	0.7000
2002-11-30T00:00:00	International Shares	2.9000
2002-11-30T00:00:00	International Shares - Indexed	0.0000
2002-10-31T00:00:00	Stable	0.6000
2002-10-31T00:00:00	Conservative	0.0000
2002-10-31T00:00:00	SRI - Balanced	0.0000
2002-10-31T00:00:00	Indexed Balanced	0.0000
2002-10-31T00:00:00	Balanced	1.3000
2002-10-31T00:00:00	Growth	2.0000
2002-10-31T00:00:00	Cash	0.3000
2002-10-31T00:00:00	Bonds	0.1000
2002-10-31T00:00:00	Australian Shares	2.4000
2002-10-31T00:00:00	International Shares	3.4000
2002-10-31T00:00:00	International Shares - Indexed	0.0000
2002-09-30T00:00:00	Stable	-0.1000
2002-09-30T00:00:00	Conservative	0.0000
2002-09-30T00:00:00	SRI - Balanced	0.0000
2002-09-30T00:00:00	Indexed Balanced	0.0000
2002-09-30T00:00:00	Balanced	-1.5000
2002-09-30T00:00:00	Growth	-3.5000
2002-09-30T00:00:00	Cash	0.3000
2002-09-30T00:00:00	Bonds	1.3000
2002-09-30T00:00:00	Australian Shares	-3.6000
2002-09-30T00:00:00	International Shares	-7.9000
2002-09-30T00:00:00	International Shares - Indexed	0.0000
2002-08-31T00:00:00	Stable	0.9000
2002-08-31T00:00:00	Conservative	0.0000
2002-08-31T00:00:00	SRI - Balanced	0.0000
2002-08-31T00:00:00	Indexed Balanced	0.0000
2002-08-31T00:00:00	Balanced	1.1000
2002-08-31T00:00:00	Growth	0.9000
2002-08-31T00:00:00	Cash	0.4000
2002-08-31T00:00:00	Bonds	1.2000
2002-08-31T00:00:00	Australian Shares	2.0000
2002-08-31T00:00:00	International Shares	-0.6000
2002-08-31T00:00:00	International Shares - Indexed	0.0000
2002-07-31T00:00:00	Stable	-0.2000
2002-07-31T00:00:00	Conservative	0.0000
2002-07-31T00:00:00	SRI - Balanced	0.0000
2002-07-31T00:00:00	Indexed Balanced	0.0000
2002-07-31T00:00:00	Balanced	-1.5000
2002-07-31T00:00:00	Growth	-3.0000
2002-07-31T00:00:00	Cash	0.3000
2002-07-31T00:00:00	Bonds	1.0000
2002-07-31T00:00:00	Australian Shares	-3.6000
2002-07-31T00:00:00	International Shares	-5.7000
2002-07-31T00:00:00	International Shares - Indexed	0.0000
2002-06-30T00:00:00	Stable	1.2000
2002-06-30T00:00:00	Conservative	0.0000
2002-06-30T00:00:00	SRI - Balanced	0.0000
2002-06-30T00:00:00	Indexed Balanced	0.0000
2002-06-30T00:00:00	Balanced	-0.0400
2002-06-30T00:00:00	Growth	-1.2000
2002-06-30T00:00:00	Cash	1.4000
2002-06-30T00:00:00	Bonds	0.8000
2002-06-30T00:00:00	Australian Shares	-2.6000
2002-06-30T00:00:00	International Shares	-1.1000
2002-06-30T00:00:00	International Shares - Indexed	0.0000
2002-05-31T00:00:00	Stable	-0.1000
2002-05-31T00:00:00	Conservative	0.0000
2002-05-31T00:00:00	SRI - Balanced	0.0000
2002-05-31T00:00:00	Indexed Balanced	0.0000
2002-05-31T00:00:00	Balanced	-0.0400
2002-05-31T00:00:00	Growth	-1.1000
2002-05-31T00:00:00	Cash	0.3000
2002-05-31T00:00:00	Bonds	-0.1000
2002-05-31T00:00:00	Australian Shares	1.2000
2002-05-31T00:00:00	International Shares	-4.4000
2002-05-31T00:00:00	International Shares - Indexed	0.0000
2002-04-30T00:00:00	Stable	0.1000
2002-04-30T00:00:00	Conservative	0.0000
2002-04-30T00:00:00	SRI - Balanced	0.0000
2002-04-30T00:00:00	Indexed Balanced	0.0000
2002-04-30T00:00:00	Balanced	-0.0400
2002-04-30T00:00:00	Growth	-1.3000
2002-04-30T00:00:00	Cash	0.3000
2002-04-30T00:00:00	Bonds	1.0000
2002-04-30T00:00:00	Australian Shares	-0.9000
2002-04-30T00:00:00	International Shares	-3.1000
2002-04-30T00:00:00	International Shares - Indexed	0.0000
2002-03-31T00:00:00	Stable	0.0000
2002-03-31T00:00:00	Conservative	0.0000
2002-03-31T00:00:00	SRI - Balanced	0.0000
2002-03-31T00:00:00	Indexed Balanced	0.0000
2002-03-31T00:00:00	Balanced	-0.0400
2002-03-31T00:00:00	Growth	0.3000
2002-03-31T00:00:00	Cash	0.3000
2002-03-31T00:00:00	Bonds	-0.4000
2002-03-31T00:00:00	Australian Shares	0.5000
2002-03-31T00:00:00	International Shares	1.1000
2002-03-31T00:00:00	International Shares - Indexed	0.0000
2002-02-28T00:00:00	Stable	0.0000
2002-02-28T00:00:00	Conservative	0.0000
2002-02-28T00:00:00	SRI - Balanced	0.0000
2002-02-28T00:00:00	Indexed Balanced	0.0000
2002-02-28T00:00:00	Balanced	-0.0400
2002-02-28T00:00:00	Growth	-1.0000
2002-02-28T00:00:00	Cash	0.3000
2002-02-28T00:00:00	Bonds	0.4000
2002-02-28T00:00:00	Australian Shares	-0.2000
2002-02-28T00:00:00	International Shares	-3.3000
2002-02-28T00:00:00	International Shares - Indexed	0.0000
2002-01-31T00:00:00	Stable	0.1700
2002-01-31T00:00:00	Conservative	0.0000
2002-01-31T00:00:00	SRI - Balanced	0.0000
2002-01-31T00:00:00	Indexed Balanced	0.0000
2002-01-31T00:00:00	Balanced	-0.0400
2002-01-31T00:00:00	Growth	0.2700
2002-01-31T00:00:00	Cash	0.3200
2002-01-31T00:00:00	Bonds	0.1200
2002-01-31T00:00:00	Australian Shares	1.9900
2002-01-31T00:00:00	International Shares	-2.2200
2002-01-31T00:00:00	International Shares - Indexed	0.0000
2001-12-31T00:00:00	Stable	0.2100
2001-12-31T00:00:00	Conservative	0.0000
2001-12-31T00:00:00	SRI - Balanced	0.0000
2001-12-31T00:00:00	Indexed Balanced	0.0000
2001-12-31T00:00:00	Balanced	-0.0400
2001-12-31T00:00:00	Growth	1.6500
2001-12-31T00:00:00	Cash	0.3300
2001-12-31T00:00:00	Bonds	-0.4800
2001-12-31T00:00:00	Australian Shares	2.6800
2001-12-31T00:00:00	International Shares	1.9500
2001-12-31T00:00:00	International Shares - Indexed	0.0000
2001-11-30T00:00:00	Stable	0.1600
2001-11-30T00:00:00	Conservative	0.0000
2001-11-30T00:00:00	SRI - Balanced	0.0000
2001-11-30T00:00:00	Indexed Balanced	0.0000
2001-11-30T00:00:00	Balanced	-0.0400
2001-11-30T00:00:00	Growth	1.7000
2001-11-30T00:00:00	Cash	0.3300
2001-11-30T00:00:00	Bonds	-0.6800
2001-11-30T00:00:00	Australian Shares	3.1100
2001-11-30T00:00:00	International Shares	1.3900
2001-11-30T00:00:00	International Shares - Indexed	0.0000
2001-10-31T00:00:00	Stable	1.5200
2001-10-31T00:00:00	Conservative	0.0000
2001-10-31T00:00:00	SRI - Balanced	0.0000
2001-10-31T00:00:00	Indexed Balanced	0.0000
2001-10-31T00:00:00	Balanced	-0.0400
2001-10-31T00:00:00	Growth	2.6200
2001-10-31T00:00:00	Cash	0.3700
2001-10-31T00:00:00	Bonds	1.2900
2001-10-31T00:00:00	Australian Shares	6.1400
2001-10-31T00:00:00	International Shares	-1.1800
2001-10-31T00:00:00	International Shares - Indexed	0.0000
2001-09-30T00:00:00	Stable	-0.3600
2001-09-30T00:00:00	Conservative	0.0000
2001-09-30T00:00:00	SRI - Balanced	0.0000
2001-09-30T00:00:00	Indexed Balanced	0.0000
2001-09-30T00:00:00	Balanced	-0.0400
2001-09-30T00:00:00	Growth	-2.8200
2001-09-30T00:00:00	Cash	0.3400
2001-09-30T00:00:00	Bonds	0.6500
2001-09-30T00:00:00	Australian Shares	-5.2300
2001-09-30T00:00:00	International Shares	-1.7800
2001-09-30T00:00:00	International Shares - Indexed	0.0000
2001-08-31T00:00:00	Stable	0.0000
2001-08-31T00:00:00	Conservative	0.0000
2001-08-31T00:00:00	SRI - Balanced	0.0000
2001-08-31T00:00:00	Indexed Balanced	0.0000
2001-08-31T00:00:00	Balanced	-0.0400
2001-08-31T00:00:00	Growth	-2.2900
2001-08-31T00:00:00	Cash	0.1700
2001-08-31T00:00:00	Bonds	1.4800
2001-08-31T00:00:00	Australian Shares	-0.6700
2001-08-31T00:00:00	International Shares	-6.7400
2001-08-31T00:00:00	International Shares - Indexed	0.0000
2001-07-31T00:00:00	Stable	-0.4400
2001-07-31T00:00:00	Conservative	0.0000
2001-07-31T00:00:00	SRI - Balanced	0.0000
2001-07-31T00:00:00	Indexed Balanced	0.0000
2001-07-31T00:00:00	Balanced	-0.0400
2001-07-31T00:00:00	Growth	-2.2800
2001-07-31T00:00:00	Cash	0.3000
2001-07-31T00:00:00	Bonds	0.6200
2001-07-31T00:00:00	Australian Shares	-3.9300
2001-07-31T00:00:00	International Shares	-1.4200
2001-07-31T00:00:00	International Shares - Indexed	0.0000
2001-06-30T00:00:00	Stable	0.8600
2001-06-30T00:00:00	Conservative	0.0000
2001-06-30T00:00:00	SRI - Balanced	0.0000
2001-06-30T00:00:00	Indexed Balanced	0.0000
2001-06-30T00:00:00	Balanced	0.5700
2001-06-30T00:00:00	Growth	1.3800
2001-06-30T00:00:00	Cash	0.0000
2001-06-30T00:00:00	Bonds	0.0000
2001-06-30T00:00:00	Australian Shares	0.0000
2001-06-30T00:00:00	International Shares	0.0000
2001-06-30T00:00:00	International Shares - Indexed	0.0000
2001-05-31T00:00:00	Stable	0.0700
2001-05-31T00:00:00	Conservative	0.0000
2001-05-31T00:00:00	SRI - Balanced	0.0000
2001-05-31T00:00:00	Indexed Balanced	0.0000
2001-05-31T00:00:00	Balanced	0.5700
2001-05-31T00:00:00	Growth	0.8400
2001-05-31T00:00:00	Cash	0.0000
2001-05-31T00:00:00	Bonds	0.0000
2001-05-31T00:00:00	Australian Shares	0.0000
2001-05-31T00:00:00	International Shares	0.0000
2001-05-31T00:00:00	International Shares - Indexed	0.0000
2001-04-30T00:00:00	Stable	0.6800
2001-04-30T00:00:00	Conservative	0.0000
2001-04-30T00:00:00	SRI - Balanced	0.0000
2001-04-30T00:00:00	Indexed Balanced	0.0000
2001-04-30T00:00:00	Balanced	0.5700
2001-04-30T00:00:00	Growth	2.9500
2001-04-30T00:00:00	Cash	0.0000
2001-04-30T00:00:00	Bonds	0.0000
2001-04-30T00:00:00	Australian Shares	0.0000
2001-04-30T00:00:00	International Shares	0.0000
2001-04-30T00:00:00	International Shares - Indexed	0.0000
2001-03-31T00:00:00	Stable	-0.1200
2001-03-31T00:00:00	Conservative	0.0000
2001-03-31T00:00:00	SRI - Balanced	0.0000
2001-03-31T00:00:00	Indexed Balanced	0.0000
2001-03-31T00:00:00	Balanced	0.5700
2001-03-31T00:00:00	Growth	-1.7200
2001-03-31T00:00:00	Cash	0.0000
2001-03-31T00:00:00	Bonds	0.0000
2001-03-31T00:00:00	Australian Shares	0.0000
2001-03-31T00:00:00	International Shares	0.0000
2001-03-31T00:00:00	International Shares - Indexed	0.0000
2001-02-28T00:00:00	Stable	0.1700
2001-02-28T00:00:00	Conservative	0.0000
2001-02-28T00:00:00	SRI - Balanced	0.0000
2001-02-28T00:00:00	Indexed Balanced	0.0000
2001-02-28T00:00:00	Balanced	0.5700
2001-02-28T00:00:00	Growth	-0.6400
2001-02-28T00:00:00	Cash	0.0000
2001-02-28T00:00:00	Bonds	0.0000
2001-02-28T00:00:00	Australian Shares	0.0000
2001-02-28T00:00:00	International Shares	0.0000
2001-02-28T00:00:00	International Shares - Indexed	0.0000
2001-01-31T00:00:00	Stable	1.0300
2001-01-31T00:00:00	Conservative	0.0000
2001-01-31T00:00:00	SRI - Balanced	0.0000
2001-01-31T00:00:00	Indexed Balanced	0.0000
2001-01-31T00:00:00	Balanced	0.5700
2001-01-31T00:00:00	Growth	1.6600
2001-01-31T00:00:00	Cash	0.0000
2001-01-31T00:00:00	Bonds	0.0000
2001-01-31T00:00:00	Australian Shares	0.0000
2001-01-31T00:00:00	International Shares	0.0000
2001-01-31T00:00:00	International Shares - Indexed	0.0000
2000-12-31T00:00:00	Stable	0.9600
2000-12-31T00:00:00	Conservative	0.0000
2000-12-31T00:00:00	SRI - Balanced	0.0000
2000-12-31T00:00:00	Indexed Balanced	0.0000
2000-12-31T00:00:00	Balanced	0.5700
2000-12-31T00:00:00	Growth	-0.2100
2000-12-31T00:00:00	Cash	0.0000
2000-12-31T00:00:00	Bonds	0.0000
2000-12-31T00:00:00	Australian Shares	0.0000
2000-12-31T00:00:00	International Shares	0.0000
2000-12-31T00:00:00	International Shares - Indexed	0.0000
2000-11-30T00:00:00	Stable	0.7400
2000-11-30T00:00:00	Conservative	0.0000
2000-11-30T00:00:00	SRI - Balanced	0.0000
2000-11-30T00:00:00	Indexed Balanced	0.0000
2000-11-30T00:00:00	Balanced	0.5700
2000-11-30T00:00:00	Growth	-0.0700
2000-11-30T00:00:00	Cash	0.0000
2000-11-30T00:00:00	Bonds	0.0000
2000-11-30T00:00:00	Australian Shares	0.0000
2000-11-30T00:00:00	International Shares	0.0000
2000-11-30T00:00:00	International Shares - Indexed	0.0000
2000-10-31T00:00:00	Stable	0.3700
2000-10-31T00:00:00	Conservative	0.0000
2000-10-31T00:00:00	SRI - Balanced	0.0000
2000-10-31T00:00:00	Indexed Balanced	0.0000
2000-10-31T00:00:00	Balanced	0.5700
2000-10-31T00:00:00	Growth	0.3200
2000-10-31T00:00:00	Cash	0.0000
2000-10-31T00:00:00	Bonds	0.0000
2000-10-31T00:00:00	Australian Shares	0.0000
2000-10-31T00:00:00	International Shares	0.0000
2000-10-31T00:00:00	International Shares - Indexed	0.0000
2000-09-30T00:00:00	Stable	0.5500
2000-09-30T00:00:00	Conservative	0.0000
2000-09-30T00:00:00	SRI - Balanced	0.0000
2000-09-30T00:00:00	Indexed Balanced	0.0000
2000-09-30T00:00:00	Balanced	0.5700
2000-09-30T00:00:00	Growth	0.4800
2000-09-30T00:00:00	Cash	0.0000
2000-09-30T00:00:00	Bonds	0.0000
2000-09-30T00:00:00	Australian Shares	0.0000
2000-09-30T00:00:00	International Shares	0.0000
2000-09-30T00:00:00	International Shares - Indexed	0.0000
2000-08-31T00:00:00	Stable	0.3900
2000-08-31T00:00:00	Conservative	0.0000
2000-08-31T00:00:00	SRI - Balanced	0.0000
2000-08-31T00:00:00	Indexed Balanced	0.0000
2000-08-31T00:00:00	Balanced	0.5700
2000-08-31T00:00:00	Growth	1.2600
2000-08-31T00:00:00	Cash	0.0000
2000-08-31T00:00:00	Bonds	0.0000
2000-08-31T00:00:00	Australian Shares	0.0000
2000-08-31T00:00:00	International Shares	0.0000
2000-08-31T00:00:00	International Shares - Indexed	0.0000
2000-07-31T00:00:00	Stable	0.5300
2000-07-31T00:00:00	Conservative	0.0000
2000-07-31T00:00:00	SRI - Balanced	0.0000
2000-07-31T00:00:00	Indexed Balanced	0.0000
2000-07-31T00:00:00	Balanced	0.5700
2000-07-31T00:00:00	Growth	-0.5100
2000-07-31T00:00:00	Cash	0.0000
2000-07-31T00:00:00	Bonds	0.0000
2000-07-31T00:00:00	Australian Shares	0.0000
2000-07-31T00:00:00	International Shares	0.0000
2000-07-31T00:00:00	International Shares - Indexed	0.0000
2000-06-30T00:00:00	Stable	2.0200
2000-06-30T00:00:00	Conservative	0.0000
2000-06-30T00:00:00	SRI - Balanced	0.0000
2000-06-30T00:00:00	Indexed Balanced	0.0000
2000-06-30T00:00:00	Balanced	1.2400
2000-06-30T00:00:00	Growth	3.8300
2000-06-30T00:00:00	Cash	0.0000
2000-06-30T00:00:00	Bonds	0.0000
2000-06-30T00:00:00	Australian Shares	0.0000
2000-06-30T00:00:00	International Shares	0.0000
2000-06-30T00:00:00	International Shares - Indexed	0.0000
2000-05-31T00:00:00	Stable	0.4200
2000-05-31T00:00:00	Conservative	0.0000
2000-05-31T00:00:00	SRI - Balanced	0.0000
2000-05-31T00:00:00	Indexed Balanced	0.0000
2000-05-31T00:00:00	Balanced	1.2400
2000-05-31T00:00:00	Growth	-0.5100
2000-05-31T00:00:00	Cash	0.0000
2000-05-31T00:00:00	Bonds	0.0000
2000-05-31T00:00:00	Australian Shares	0.0000
2000-05-31T00:00:00	International Shares	0.0000
2000-05-31T00:00:00	International Shares - Indexed	0.0000
2000-04-30T00:00:00	Stable	0.0500
2000-04-30T00:00:00	Conservative	0.0000
2000-04-30T00:00:00	SRI - Balanced	0.0000
2000-04-30T00:00:00	Indexed Balanced	0.0000
2000-04-30T00:00:00	Balanced	1.2400
2000-04-30T00:00:00	Growth	-1.1100
2000-04-30T00:00:00	Cash	0.0000
2000-04-30T00:00:00	Bonds	0.0000
2000-04-30T00:00:00	Australian Shares	0.0000
2000-04-30T00:00:00	International Shares	0.0000
2000-04-30T00:00:00	International Shares - Indexed	0.0000
2000-03-31T00:00:00	Stable	0.7500
2000-03-31T00:00:00	Conservative	0.0000
2000-03-31T00:00:00	SRI - Balanced	0.0000
2000-03-31T00:00:00	Indexed Balanced	0.0000
2000-03-31T00:00:00	Balanced	1.2400
2000-03-31T00:00:00	Growth	0.6900
2000-03-31T00:00:00	Cash	0.0000
2000-03-31T00:00:00	Bonds	0.0000
2000-03-31T00:00:00	Australian Shares	0.0000
2000-03-31T00:00:00	International Shares	0.0000
2000-03-31T00:00:00	International Shares - Indexed	0.0000
2000-02-29T00:00:00	Stable	1.5400
2000-02-29T00:00:00	Conservative	0.0000
2000-02-29T00:00:00	SRI - Balanced	0.0000
2000-02-29T00:00:00	Indexed Balanced	0.0000
2000-02-29T00:00:00	Balanced	1.2400
2000-02-29T00:00:00	Growth	3.6300
2000-02-29T00:00:00	Cash	0.0000
2000-02-29T00:00:00	Bonds	0.0000
2000-02-29T00:00:00	Australian Shares	0.0000
2000-02-29T00:00:00	International Shares	0.0000
2000-02-29T00:00:00	International Shares - Indexed	0.0000
2000-01-31T00:00:00	Stable	-0.2100
2000-01-31T00:00:00	Conservative	0.0000
2000-01-31T00:00:00	SRI - Balanced	0.0000
2000-01-31T00:00:00	Indexed Balanced	0.0000
2000-01-31T00:00:00	Balanced	1.2400
2000-01-31T00:00:00	Growth	-1.2500
2000-01-31T00:00:00	Cash	0.0000
2000-01-31T00:00:00	Bonds	0.0000
2000-01-31T00:00:00	Australian Shares	0.0000
2000-01-31T00:00:00	International Shares	0.0000
2000-01-31T00:00:00	International Shares - Indexed	0.0000
1999-12-31T00:00:00	Stable	1.3500
1999-12-31T00:00:00	Conservative	0.0000
1999-12-31T00:00:00	SRI - Balanced	0.0000
1999-12-31T00:00:00	Indexed Balanced	0.0000
1999-12-31T00:00:00	Balanced	1.2400
1999-12-31T00:00:00	Growth	4.8300
1999-12-31T00:00:00	Cash	0.0000
1999-12-31T00:00:00	Bonds	0.0000
1999-12-31T00:00:00	Australian Shares	0.0000
1999-12-31T00:00:00	International Shares	0.0000
1999-12-31T00:00:00	International Shares - Indexed	0.0000
1999-11-30T00:00:00	Stable	1.5900
1999-11-30T00:00:00	Conservative	0.0000
1999-11-30T00:00:00	SRI - Balanced	0.0000
1999-11-30T00:00:00	Indexed Balanced	0.0000
1999-11-30T00:00:00	Balanced	1.2400
1999-11-30T00:00:00	Growth	5.2600
1999-11-30T00:00:00	Cash	0.0000
1999-11-30T00:00:00	Bonds	0.0000
1999-11-30T00:00:00	Australian Shares	0.0000
1999-11-30T00:00:00	International Shares	0.0000
1999-11-30T00:00:00	International Shares - Indexed	0.0000
1999-10-31T00:00:00	Stable	0.4500
1999-10-31T00:00:00	Conservative	0.0000
1999-10-31T00:00:00	SRI - Balanced	0.0000
1999-10-31T00:00:00	Indexed Balanced	0.0000
1999-10-31T00:00:00	Balanced	1.2400
1999-10-31T00:00:00	Growth	2.0800
1999-10-31T00:00:00	Cash	0.0000
1999-10-31T00:00:00	Bonds	0.0000
1999-10-31T00:00:00	Australian Shares	0.0000
1999-10-31T00:00:00	International Shares	0.0000
1999-10-31T00:00:00	International Shares - Indexed	0.0000
1999-09-30T00:00:00	Stable	0.0000
1999-09-30T00:00:00	Conservative	0.0000
1999-09-30T00:00:00	SRI - Balanced	0.0000
1999-09-30T00:00:00	Indexed Balanced	0.0000
1999-09-30T00:00:00	Balanced	1.2400
1999-09-30T00:00:00	Growth	-1.1400
1999-09-30T00:00:00	Cash	0.0000
1999-09-30T00:00:00	Bonds	0.0000
1999-09-30T00:00:00	Australian Shares	0.0000
1999-09-30T00:00:00	International Shares	0.0000
1999-09-30T00:00:00	International Shares - Indexed	0.0000
1999-08-31T00:00:00	Stable	0.0800
1999-08-31T00:00:00	Conservative	0.0000
1999-08-31T00:00:00	SRI - Balanced	0.0000
1999-08-31T00:00:00	Indexed Balanced	0.0000
1999-08-31T00:00:00	Balanced	1.2400
1999-08-31T00:00:00	Growth	-0.2200
1999-08-31T00:00:00	Cash	0.0000
1999-08-31T00:00:00	Bonds	0.0000
1999-08-31T00:00:00	Australian Shares	0.0000
1999-08-31T00:00:00	International Shares	0.0000
1999-08-31T00:00:00	International Shares - Indexed	0.0000
1999-07-31T00:00:00	Stable	0.5500
1999-07-31T00:00:00	Conservative	0.0000
1999-07-31T00:00:00	SRI - Balanced	0.0000
1999-07-31T00:00:00	Indexed Balanced	0.0000
1999-07-31T00:00:00	Balanced	1.2400
1999-07-31T00:00:00	Growth	0.7200
1999-07-31T00:00:00	Cash	0.0000
1999-07-31T00:00:00	Bonds	0.0000
1999-07-31T00:00:00	Australian Shares	0.0000
1999-07-31T00:00:00	International Shares	0.0000
1999-07-31T00:00:00	International Shares - Indexed	0.0000
1999-06-30T00:00:00	Stable	1.3300
1999-06-30T00:00:00	Conservative	0.0000
1999-06-30T00:00:00	SRI - Balanced	0.0000
1999-06-30T00:00:00	Indexed Balanced	0.0000
1999-06-30T00:00:00	Balanced	0.7200
1999-06-30T00:00:00	Growth	3.0400
1999-06-30T00:00:00	Cash	0.0000
1999-06-30T00:00:00	Bonds	0.0000
1999-06-30T00:00:00	Australian Shares	0.0000
1999-06-30T00:00:00	International Shares	0.0000
1999-06-30T00:00:00	International Shares - Indexed	0.0000
1999-05-31T00:00:00	Stable	-0.9200
1999-05-31T00:00:00	Conservative	0.0000
1999-05-31T00:00:00	SRI - Balanced	0.0000
1999-05-31T00:00:00	Indexed Balanced	0.0000
1999-05-31T00:00:00	Balanced	0.7200
1999-05-31T00:00:00	Growth	-2.5600
1999-05-31T00:00:00	Cash	0.0000
1999-05-31T00:00:00	Bonds	0.0000
1999-05-31T00:00:00	Australian Shares	0.0000
1999-05-31T00:00:00	International Shares	0.0000
1999-05-31T00:00:00	International Shares - Indexed	0.0000
1999-04-30T00:00:00	Stable	0.5700
1999-04-30T00:00:00	Conservative	0.0000
1999-04-30T00:00:00	SRI - Balanced	0.0000
1999-04-30T00:00:00	Indexed Balanced	0.0000
1999-04-30T00:00:00	Balanced	0.7200
1999-04-30T00:00:00	Growth	1.2100
1999-04-30T00:00:00	Cash	0.0000
1999-04-30T00:00:00	Bonds	0.0000
1999-04-30T00:00:00	Australian Shares	0.0000
1999-04-30T00:00:00	International Shares	0.0000
1999-04-30T00:00:00	International Shares - Indexed	0.0000
1999-03-31T00:00:00	Stable	1.1200
1999-03-31T00:00:00	Conservative	0.0000
1999-03-31T00:00:00	SRI - Balanced	0.0000
1999-03-31T00:00:00	Indexed Balanced	0.0000
1999-03-31T00:00:00	Balanced	0.7200
1999-03-31T00:00:00	Growth	2.7300
1999-03-31T00:00:00	Cash	0.0000
1999-03-31T00:00:00	Bonds	0.0000
1999-03-31T00:00:00	Australian Shares	0.0000
1999-03-31T00:00:00	International Shares	0.0000
1999-03-31T00:00:00	International Shares - Indexed	0.0000
1999-02-28T00:00:00	Stable	-0.3900
1999-02-28T00:00:00	Conservative	0.0000
1999-02-28T00:00:00	SRI - Balanced	0.0000
1999-02-28T00:00:00	Indexed Balanced	0.0000
1999-02-28T00:00:00	Balanced	0.7200
1999-02-28T00:00:00	Growth	-0.6200
1999-02-28T00:00:00	Cash	0.0000
1999-02-28T00:00:00	Bonds	0.0000
1999-02-28T00:00:00	Australian Shares	0.0000
1999-02-28T00:00:00	International Shares	0.0000
1999-02-28T00:00:00	International Shares - Indexed	0.0000
1999-01-31T00:00:00	Stable	1.1000
1999-01-31T00:00:00	Conservative	0.0000
1999-01-31T00:00:00	SRI - Balanced	0.0000
1999-01-31T00:00:00	Indexed Balanced	0.0000
1999-01-31T00:00:00	Balanced	0.7200
1999-01-31T00:00:00	Growth	1.7600
1999-01-31T00:00:00	Cash	0.0000
1999-01-31T00:00:00	Bonds	0.0000
1999-01-31T00:00:00	Australian Shares	0.0000
1999-01-31T00:00:00	International Shares	0.0000
1999-01-31T00:00:00	International Shares - Indexed	0.0000
1998-12-31T00:00:00	Stable	0.9900
1998-12-31T00:00:00	Conservative	0.0000
1998-12-31T00:00:00	SRI - Balanced	0.0000
1998-12-31T00:00:00	Indexed Balanced	0.0000
1998-12-31T00:00:00	Balanced	0.7200
1998-12-31T00:00:00	Growth	3.4000
1998-12-31T00:00:00	Cash	0.0000
1998-12-31T00:00:00	Bonds	0.0000
1998-12-31T00:00:00	Australian Shares	0.0000
1998-12-31T00:00:00	International Shares	0.0000
1998-12-31T00:00:00	International Shares - Indexed	0.0000
1998-11-30T00:00:00	Stable	0.8800
1998-11-30T00:00:00	Conservative	0.0000
1998-11-30T00:00:00	SRI - Balanced	0.0000
1998-11-30T00:00:00	Indexed Balanced	0.0000
1998-11-30T00:00:00	Balanced	0.7200
1998-11-30T00:00:00	Growth	2.7800
1998-11-30T00:00:00	Cash	0.0000
1998-11-30T00:00:00	Bonds	0.0000
1998-11-30T00:00:00	Australian Shares	0.0000
1998-11-30T00:00:00	International Shares	0.0000
1998-11-30T00:00:00	International Shares - Indexed	0.0000
1998-10-31T00:00:00	Stable	0.9000
1998-10-31T00:00:00	Conservative	0.0000
1998-10-31T00:00:00	SRI - Balanced	0.0000
1998-10-31T00:00:00	Indexed Balanced	0.0000
1998-10-31T00:00:00	Balanced	0.7200
1998-10-31T00:00:00	Growth	1.5400
1998-10-31T00:00:00	Cash	0.0000
1998-10-31T00:00:00	Bonds	0.0000
1998-10-31T00:00:00	Australian Shares	0.0000
1998-10-31T00:00:00	International Shares	0.0000
1998-10-31T00:00:00	International Shares - Indexed	0.0000
1998-09-30T00:00:00	Stable	1.6200
1998-09-30T00:00:00	Conservative	0.0000
1998-09-30T00:00:00	SRI - Balanced	0.0000
1998-09-30T00:00:00	Indexed Balanced	0.0000
1998-09-30T00:00:00	Balanced	0.7200
1998-09-30T00:00:00	Growth	1.3800
1998-09-30T00:00:00	Cash	0.0000
1998-09-30T00:00:00	Bonds	0.0000
1998-09-30T00:00:00	Australian Shares	0.0000
1998-09-30T00:00:00	International Shares	0.0000
1998-09-30T00:00:00	International Shares - Indexed	0.0000
1998-08-31T00:00:00	Stable	-1.7300
1998-08-31T00:00:00	Conservative	0.0000
1998-08-31T00:00:00	SRI - Balanced	0.0000
1998-08-31T00:00:00	Indexed Balanced	0.0000
1998-08-31T00:00:00	Balanced	0.7200
1998-08-31T00:00:00	Growth	-5.1600
1998-08-31T00:00:00	Cash	0.0000
1998-08-31T00:00:00	Bonds	0.0000
1998-08-31T00:00:00	Australian Shares	0.0000
1998-08-31T00:00:00	International Shares	0.0000
1998-08-31T00:00:00	International Shares - Indexed	0.0000
1998-07-31T00:00:00	Stable	0.8100
1998-07-31T00:00:00	Conservative	0.0000
1998-07-31T00:00:00	SRI - Balanced	0.0000
1998-07-31T00:00:00	Indexed Balanced	0.0000
1998-07-31T00:00:00	Balanced	0.7200
1998-07-31T00:00:00	Growth	1.4300
1998-07-31T00:00:00	Cash	0.0000
1998-07-31T00:00:00	Bonds	0.0000
1998-07-31T00:00:00	Australian Shares	0.0000
1998-07-31T00:00:00	International Shares	0.0000
1998-07-31T00:00:00	International Shares - Indexed	0.0000
1998-06-30T00:00:00	Stable	0.0000
1998-06-30T00:00:00	Conservative	0.0000
1998-06-30T00:00:00	SRI - Balanced	0.0000
1998-06-30T00:00:00	Indexed Balanced	0.0000
1998-06-30T00:00:00	Balanced	0.7200
1998-06-30T00:00:00	Growth	0.0000
1998-06-30T00:00:00	Cash	0.0000
1998-06-30T00:00:00	Bonds	0.0000
1998-06-30T00:00:00	Australian Shares	0.0000
1998-06-30T00:00:00	International Shares	0.0000
1998-06-30T00:00:00	International Shares - Indexed	0.0000
1998-05-31T00:00:00	Stable	0.0000
1998-05-31T00:00:00	Conservative	0.0000
1998-05-31T00:00:00	SRI - Balanced	0.0000
1998-05-31T00:00:00	Indexed Balanced	0.0000
1998-05-31T00:00:00	Balanced	0.7200
1998-05-31T00:00:00	Growth	0.0000
1998-05-31T00:00:00	Cash	0.0000
1998-05-31T00:00:00	Bonds	0.0000
1998-05-31T00:00:00	Australian Shares	0.0000
1998-05-31T00:00:00	International Shares	0.0000
1998-05-31T00:00:00	International Shares - Indexed	0.0000
1998-04-30T00:00:00	Stable	0.0000
1998-04-30T00:00:00	Conservative	0.0000
1998-04-30T00:00:00	SRI - Balanced	0.0000
1998-04-30T00:00:00	Indexed Balanced	0.0000
1998-04-30T00:00:00	Balanced	0.7200
1998-04-30T00:00:00	Growth	0.0000
1998-04-30T00:00:00	Cash	0.0000
1998-04-30T00:00:00	Bonds	0.0000
1998-04-30T00:00:00	Australian Shares	0.0000
1998-04-30T00:00:00	International Shares	0.0000
1998-04-30T00:00:00	International Shares - Indexed	0.0000
1998-03-31T00:00:00	Stable	0.0000
1998-03-31T00:00:00	Conservative	0.0000
1998-03-31T00:00:00	SRI - Balanced	0.0000
1998-03-31T00:00:00	Indexed Balanced	0.0000
1998-03-31T00:00:00	Balanced	0.7200
1998-03-31T00:00:00	Growth	0.0000
1998-03-31T00:00:00	Cash	0.0000
1998-03-31T00:00:00	Bonds	0.0000
1998-03-31T00:00:00	Australian Shares	0.0000
1998-03-31T00:00:00	International Shares	0.0000
1998-03-31T00:00:00	International Shares - Indexed	0.0000
1998-02-28T00:00:00	Stable	0.0000
1998-02-28T00:00:00	Conservative	0.0000
1998-02-28T00:00:00	SRI - Balanced	0.0000
1998-02-28T00:00:00	Indexed Balanced	0.0000
1998-02-28T00:00:00	Balanced	0.7200
1998-02-28T00:00:00	Growth	0.0000
1998-02-28T00:00:00	Cash	0.0000
1998-02-28T00:00:00	Bonds	0.0000
1998-02-28T00:00:00	Australian Shares	0.0000
1998-02-28T00:00:00	International Shares	0.0000
1998-02-28T00:00:00	International Shares - Indexed	0.0000
1998-01-31T00:00:00	Stable	0.0000
1998-01-31T00:00:00	Conservative	0.0000
1998-01-31T00:00:00	SRI - Balanced	0.0000
1998-01-31T00:00:00	Indexed Balanced	0.0000
1998-01-31T00:00:00	Balanced	0.7200
1998-01-31T00:00:00	Growth	0.0000
1998-01-31T00:00:00	Cash	0.0000
1998-01-31T00:00:00	Bonds	0.0000
1998-01-31T00:00:00	Australian Shares	0.0000
1998-01-31T00:00:00	International Shares	0.0000
1998-01-31T00:00:00	International Shares - Indexed	0.0000
1997-12-31T00:00:00	Stable	0.0000
1997-12-31T00:00:00	Conservative	0.0000
1997-12-31T00:00:00	SRI - Balanced	0.0000
1997-12-31T00:00:00	Indexed Balanced	0.0000
1997-12-31T00:00:00	Balanced	0.7200
1997-12-31T00:00:00	Growth	0.0000
1997-12-31T00:00:00	Cash	0.0000
1997-12-31T00:00:00	Bonds	0.0000
1997-12-31T00:00:00	Australian Shares	0.0000
1997-12-31T00:00:00	International Shares	0.0000
1997-12-31T00:00:00	International Shares - Indexed	0.0000
1997-11-30T00:00:00	Stable	0.0000
1997-11-30T00:00:00	Conservative	0.0000
1997-11-30T00:00:00	SRI - Balanced	0.0000
1997-11-30T00:00:00	Indexed Balanced	0.0000
1997-11-30T00:00:00	Balanced	0.7200
1997-11-30T00:00:00	Growth	0.0000
1997-11-30T00:00:00	Cash	0.0000
1997-11-30T00:00:00	Bonds	0.0000
1997-11-30T00:00:00	Australian Shares	0.0000
1997-11-30T00:00:00	International Shares	0.0000
1997-11-30T00:00:00	International Shares - Indexed	0.0000
1997-10-31T00:00:00	Stable	0.0000
1997-10-31T00:00:00	Conservative	0.0000
1997-10-31T00:00:00	SRI - Balanced	0.0000
1997-10-31T00:00:00	Indexed Balanced	0.0000
1997-10-31T00:00:00	Balanced	0.7200
1997-10-31T00:00:00	Growth	0.0000
1997-10-31T00:00:00	Cash	0.0000
1997-10-31T00:00:00	Bonds	0.0000
1997-10-31T00:00:00	Australian Shares	0.0000
1997-10-31T00:00:00	International Shares	0.0000
1997-10-31T00:00:00	International Shares - Indexed	0.0000
1997-09-30T00:00:00	Stable	0.0000
1997-09-30T00:00:00	Conservative	0.0000
1997-09-30T00:00:00	SRI - Balanced	0.0000
1997-09-30T00:00:00	Indexed Balanced	0.0000
1997-09-30T00:00:00	Balanced	0.7200
1997-09-30T00:00:00	Growth	0.0000
1997-09-30T00:00:00	Cash	0.0000
1997-09-30T00:00:00	Bonds	0.0000
1997-09-30T00:00:00	Australian Shares	0.0000
1997-09-30T00:00:00	International Shares	0.0000
1997-09-30T00:00:00	International Shares - Indexed	0.0000
1997-08-31T00:00:00	Stable	0.0000
1997-08-31T00:00:00	Conservative	0.0000
1997-08-31T00:00:00	SRI - Balanced	0.0000
1997-08-31T00:00:00	Indexed Balanced	0.0000
1997-08-31T00:00:00	Balanced	0.7200
1997-08-31T00:00:00	Growth	0.0000
1997-08-31T00:00:00	Cash	0.0000
1997-08-31T00:00:00	Bonds	0.0000
1997-08-31T00:00:00	Australian Shares	0.0000
1997-08-31T00:00:00	International Shares	0.0000
1997-08-31T00:00:00	International Shares - Indexed	0.0000
1997-07-31T00:00:00	Stable	0.0000
1997-07-31T00:00:00	Conservative	0.0000
1997-07-31T00:00:00	SRI - Balanced	0.0000
1997-07-31T00:00:00	Indexed Balanced	0.0000
1997-07-31T00:00:00	Balanced	0.7200
1997-07-31T00:00:00	Growth	0.0000
1997-07-31T00:00:00	Cash	0.0000
1997-07-31T00:00:00	Bonds	0.0000
1997-07-31T00:00:00	Australian Shares	0.0000
1997-07-31T00:00:00	International Shares	0.0000
1997-07-31T00:00:00	International Shares - Indexed	0.0000
1997-06-30T00:00:00	Stable	0.0000
1997-06-30T00:00:00	Conservative	0.0000
1997-06-30T00:00:00	SRI - Balanced	0.0000
1997-06-30T00:00:00	Indexed Balanced	0.0000
1997-06-30T00:00:00	Balanced	1.3200
1997-06-30T00:00:00	Growth	0.0000
1997-06-30T00:00:00	Cash	0.0000
1997-06-30T00:00:00	Bonds	0.0000
1997-06-30T00:00:00	Australian Shares	0.0000
1997-06-30T00:00:00	International Shares	0.0000
1997-06-30T00:00:00	International Shares - Indexed	0.0000
1997-05-31T00:00:00	Stable	0.0000
1997-05-31T00:00:00	Conservative	0.0000
1997-05-31T00:00:00	SRI - Balanced	0.0000
1997-05-31T00:00:00	Indexed Balanced	0.0000
1997-05-31T00:00:00	Balanced	1.3200
1997-05-31T00:00:00	Growth	0.0000
1997-05-31T00:00:00	Cash	0.0000
1997-05-31T00:00:00	Bonds	0.0000
1997-05-31T00:00:00	Australian Shares	0.0000
1997-05-31T00:00:00	International Shares	0.0000
1997-05-31T00:00:00	International Shares - Indexed	0.0000
1997-04-30T00:00:00	Stable	0.0000
1997-04-30T00:00:00	Conservative	0.0000
1997-04-30T00:00:00	SRI - Balanced	0.0000
1997-04-30T00:00:00	Indexed Balanced	0.0000
1997-04-30T00:00:00	Balanced	1.3200
1997-04-30T00:00:00	Growth	0.0000
1997-04-30T00:00:00	Cash	0.0000
1997-04-30T00:00:00	Bonds	0.0000
1997-04-30T00:00:00	Australian Shares	0.0000
1997-04-30T00:00:00	International Shares	0.0000
1997-04-30T00:00:00	International Shares - Indexed	0.0000
1997-03-31T00:00:00	Stable	0.0000
1997-03-31T00:00:00	Conservative	0.0000
1997-03-31T00:00:00	SRI - Balanced	0.0000
1997-03-31T00:00:00	Indexed Balanced	0.0000
1997-03-31T00:00:00	Balanced	1.3200
1997-03-31T00:00:00	Growth	0.0000
1997-03-31T00:00:00	Cash	0.0000
1997-03-31T00:00:00	Bonds	0.0000
1997-03-31T00:00:00	Australian Shares	0.0000
1997-03-31T00:00:00	International Shares	0.0000
1997-03-31T00:00:00	International Shares - Indexed	0.0000
1997-02-28T00:00:00	Stable	0.0000
1997-02-28T00:00:00	Conservative	0.0000
1997-02-28T00:00:00	SRI - Balanced	0.0000
1997-02-28T00:00:00	Indexed Balanced	0.0000
1997-02-28T00:00:00	Balanced	1.3200
1997-02-28T00:00:00	Growth	0.0000
1997-02-28T00:00:00	Cash	0.0000
1997-02-28T00:00:00	Bonds	0.0000
1997-02-28T00:00:00	Australian Shares	0.0000
1997-02-28T00:00:00	International Shares	0.0000
1997-02-28T00:00:00	International Shares - Indexed	0.0000
1997-01-31T00:00:00	Stable	0.0000
1997-01-31T00:00:00	Conservative	0.0000
1997-01-31T00:00:00	SRI - Balanced	0.0000
1997-01-31T00:00:00	Indexed Balanced	0.0000
1997-01-31T00:00:00	Balanced	1.3200
1997-01-31T00:00:00	Growth	0.0000
1997-01-31T00:00:00	Cash	0.0000
1997-01-31T00:00:00	Bonds	0.0000
1997-01-31T00:00:00	Australian Shares	0.0000
1997-01-31T00:00:00	International Shares	0.0000
1997-01-31T00:00:00	International Shares - Indexed	0.0000
1996-12-31T00:00:00	Stable	0.0000
1996-12-31T00:00:00	Conservative	0.0000
1996-12-31T00:00:00	SRI - Balanced	0.0000
1996-12-31T00:00:00	Indexed Balanced	0.0000
1996-12-31T00:00:00	Balanced	1.3200
1996-12-31T00:00:00	Growth	0.0000
1996-12-31T00:00:00	Cash	0.0000
1996-12-31T00:00:00	Bonds	0.0000
1996-12-31T00:00:00	Australian Shares	0.0000
1996-12-31T00:00:00	International Shares	0.0000
1996-12-31T00:00:00	International Shares - Indexed	0.0000
1996-11-30T00:00:00	Stable	0.0000
1996-11-30T00:00:00	Conservative	0.0000
1996-11-30T00:00:00	SRI - Balanced	0.0000
1996-11-30T00:00:00	Indexed Balanced	0.0000
1996-11-30T00:00:00	Balanced	1.3200
1996-11-30T00:00:00	Growth	0.0000
1996-11-30T00:00:00	Cash	0.0000
1996-11-30T00:00:00	Bonds	0.0000
1996-11-30T00:00:00	Australian Shares	0.0000
1996-11-30T00:00:00	International Shares	0.0000
1996-11-30T00:00:00	International Shares - Indexed	0.0000
1996-10-31T00:00:00	Stable	0.0000
1996-10-31T00:00:00	Conservative	0.0000
1996-10-31T00:00:00	SRI - Balanced	0.0000
1996-10-31T00:00:00	Indexed Balanced	0.0000
1996-10-31T00:00:00	Balanced	1.3200
1996-10-31T00:00:00	Growth	0.0000
1996-10-31T00:00:00	Cash	0.0000
1996-10-31T00:00:00	Bonds	0.0000
1996-10-31T00:00:00	Australian Shares	0.0000
1996-10-31T00:00:00	International Shares	0.0000
1996-10-31T00:00:00	International Shares - Indexed	0.0000
1996-09-30T00:00:00	Stable	0.0000
1996-09-30T00:00:00	Conservative	0.0000
1996-09-30T00:00:00	SRI - Balanced	0.0000
1996-09-30T00:00:00	Indexed Balanced	0.0000
1996-09-30T00:00:00	Balanced	1.3200
1996-09-30T00:00:00	Growth	0.0000
1996-09-30T00:00:00	Cash	0.0000
1996-09-30T00:00:00	Bonds	0.0000
1996-09-30T00:00:00	Australian Shares	0.0000
1996-09-30T00:00:00	International Shares	0.0000
1996-09-30T00:00:00	International Shares - Indexed	0.0000
1996-08-31T00:00:00	Stable	0.0000
1996-08-31T00:00:00	Conservative	0.0000
1996-08-31T00:00:00	SRI - Balanced	0.0000
1996-08-31T00:00:00	Indexed Balanced	0.0000
1996-08-31T00:00:00	Balanced	1.3200
1996-08-31T00:00:00	Growth	0.0000
1996-08-31T00:00:00	Cash	0.0000
1996-08-31T00:00:00	Bonds	0.0000
1996-08-31T00:00:00	Australian Shares	0.0000
1996-08-31T00:00:00	International Shares	0.0000
1996-08-31T00:00:00	International Shares - Indexed	0.0000
1996-07-31T00:00:00	Stable	0.0000
1996-07-31T00:00:00	Conservative	0.0000
1996-07-31T00:00:00	SRI - Balanced	0.0000
1996-07-31T00:00:00	Indexed Balanced	0.0000
1996-07-31T00:00:00	Balanced	1.3200
1996-07-31T00:00:00	Growth	0.0000
1996-07-31T00:00:00	Cash	0.0000
1996-07-31T00:00:00	Bonds	0.0000
1996-07-31T00:00:00	Australian Shares	0.0000
1996-07-31T00:00:00	International Shares	0.0000
1996-07-31T00:00:00	International Shares - Indexed	0.0000
1996-06-30T00:00:00	Stable	0.0000
1996-06-30T00:00:00	Conservative	0.0000
1996-06-30T00:00:00	SRI - Balanced	0.0000
1996-06-30T00:00:00	Indexed Balanced	0.0000
1996-06-30T00:00:00	Balanced	0.6000
1996-06-30T00:00:00	Growth	0.0000
1996-06-30T00:00:00	Cash	0.0000
1996-06-30T00:00:00	Bonds	0.0000
1996-06-30T00:00:00	Australian Shares	0.0000
1996-06-30T00:00:00	International Shares	0.0000
1996-06-30T00:00:00	International Shares - Indexed	0.0000
1996-05-31T00:00:00	Stable	0.0000
1996-05-31T00:00:00	Conservative	0.0000
1996-05-31T00:00:00	SRI - Balanced	0.0000
1996-05-31T00:00:00	Indexed Balanced	0.0000
1996-05-31T00:00:00	Balanced	0.6000
1996-05-31T00:00:00	Growth	0.0000
1996-05-31T00:00:00	Cash	0.0000
1996-05-31T00:00:00	Bonds	0.0000
1996-05-31T00:00:00	Australian Shares	0.0000
1996-05-31T00:00:00	International Shares	0.0000
1996-05-31T00:00:00	International Shares - Indexed	0.0000
1996-04-30T00:00:00	Stable	0.0000
1996-04-30T00:00:00	Conservative	0.0000
1996-04-30T00:00:00	SRI - Balanced	0.0000
1996-04-30T00:00:00	Indexed Balanced	0.0000
1996-04-30T00:00:00	Balanced	0.6000
1996-04-30T00:00:00	Growth	0.0000
1996-04-30T00:00:00	Cash	0.0000
1996-04-30T00:00:00	Bonds	0.0000
1996-04-30T00:00:00	Australian Shares	0.0000
1996-04-30T00:00:00	International Shares	0.0000
1996-04-30T00:00:00	International Shares - Indexed	0.0000
1996-03-31T00:00:00	Stable	0.0000
1996-03-31T00:00:00	Conservative	0.0000
1996-03-31T00:00:00	SRI - Balanced	0.0000
1996-03-31T00:00:00	Indexed Balanced	0.0000
1996-03-31T00:00:00	Balanced	0.6000
1996-03-31T00:00:00	Growth	0.0000
1996-03-31T00:00:00	Cash	0.0000
1996-03-31T00:00:00	Bonds	0.0000
1996-03-31T00:00:00	Australian Shares	0.0000
1996-03-31T00:00:00	International Shares	0.0000
1996-03-31T00:00:00	International Shares - Indexed	0.0000
1996-02-29T00:00:00	Stable	0.0000
1996-02-29T00:00:00	Conservative	0.0000
1996-02-29T00:00:00	SRI - Balanced	0.0000
1996-02-29T00:00:00	Indexed Balanced	0.0000
1996-02-29T00:00:00	Balanced	0.6000
1996-02-29T00:00:00	Growth	0.0000
1996-02-29T00:00:00	Cash	0.0000
1996-02-29T00:00:00	Bonds	0.0000
1996-02-29T00:00:00	Australian Shares	0.0000
1996-02-29T00:00:00	International Shares	0.0000
1996-02-29T00:00:00	International Shares - Indexed	0.0000
1996-01-31T00:00:00	Stable	0.0000
1996-01-31T00:00:00	Conservative	0.0000
1996-01-31T00:00:00	SRI - Balanced	0.0000
1996-01-31T00:00:00	Indexed Balanced	0.0000
1996-01-31T00:00:00	Balanced	0.6000
1996-01-31T00:00:00	Growth	0.0000
1996-01-31T00:00:00	Cash	0.0000
1996-01-31T00:00:00	Bonds	0.0000
1996-01-31T00:00:00	Australian Shares	0.0000
1996-01-31T00:00:00	International Shares	0.0000
1996-01-31T00:00:00	International Shares - Indexed	0.0000
1995-12-31T00:00:00	Stable	0.0000
1995-12-31T00:00:00	Conservative	0.0000
1995-12-31T00:00:00	SRI - Balanced	0.0000
1995-12-31T00:00:00	Indexed Balanced	0.0000
1995-12-31T00:00:00	Balanced	0.6000
1995-12-31T00:00:00	Growth	0.0000
1995-12-31T00:00:00	Cash	0.0000
1995-12-31T00:00:00	Bonds	0.0000
1995-12-31T00:00:00	Australian Shares	0.0000
1995-12-31T00:00:00	International Shares	0.0000
1995-12-31T00:00:00	International Shares - Indexed	0.0000
1995-11-30T00:00:00	Stable	0.0000
1995-11-30T00:00:00	Conservative	0.0000
1995-11-30T00:00:00	SRI - Balanced	0.0000
1995-11-30T00:00:00	Indexed Balanced	0.0000
1995-11-30T00:00:00	Balanced	0.6000
1995-11-30T00:00:00	Growth	0.0000
1995-11-30T00:00:00	Cash	0.0000
1995-11-30T00:00:00	Bonds	0.0000
1995-11-30T00:00:00	Australian Shares	0.0000
1995-11-30T00:00:00	International Shares	0.0000
1995-11-30T00:00:00	International Shares - Indexed	0.0000
1995-10-31T00:00:00	Stable	0.0000
1995-10-31T00:00:00	Conservative	0.0000
1995-10-31T00:00:00	SRI - Balanced	0.0000
1995-10-31T00:00:00	Indexed Balanced	0.0000
1995-10-31T00:00:00	Balanced	0.6000
1995-10-31T00:00:00	Growth	0.0000
1995-10-31T00:00:00	Cash	0.0000
1995-10-31T00:00:00	Bonds	0.0000
1995-10-31T00:00:00	Australian Shares	0.0000
1995-10-31T00:00:00	International Shares	0.0000
1995-10-31T00:00:00	International Shares - Indexed	0.0000
1995-09-30T00:00:00	Stable	0.0000
1995-09-30T00:00:00	Conservative	0.0000
1995-09-30T00:00:00	SRI - Balanced	0.0000
1995-09-30T00:00:00	Indexed Balanced	0.0000
1995-09-30T00:00:00	Balanced	0.6000
1995-09-30T00:00:00	Growth	0.0000
1995-09-30T00:00:00	Cash	0.0000
1995-09-30T00:00:00	Bonds	0.0000
1995-09-30T00:00:00	Australian Shares	0.0000
1995-09-30T00:00:00	International Shares	0.0000
1995-09-30T00:00:00	International Shares - Indexed	0.0000
1995-08-31T00:00:00	Stable	0.0000
1995-08-31T00:00:00	Conservative	0.0000
1995-08-31T00:00:00	SRI - Balanced	0.0000
1995-08-31T00:00:00	Indexed Balanced	0.0000
1995-08-31T00:00:00	Balanced	0.6000
1995-08-31T00:00:00	Growth	0.0000
1995-08-31T00:00:00	Cash	0.0000
1995-08-31T00:00:00	Bonds	0.0000
1995-08-31T00:00:00	Australian Shares	0.0000
1995-08-31T00:00:00	International Shares	0.0000
1995-08-31T00:00:00	International Shares - Indexed	0.0000
1995-07-31T00:00:00	Stable	0.0000
1995-07-31T00:00:00	Conservative	0.0000
1995-07-31T00:00:00	SRI - Balanced	0.0000
1995-07-31T00:00:00	Indexed Balanced	0.0000
1995-07-31T00:00:00	Balanced	0.6000
1995-07-31T00:00:00	Growth	0.0000
1995-07-31T00:00:00	Cash	0.0000
1995-07-31T00:00:00	Bonds	0.0000
1995-07-31T00:00:00	Australian Shares	0.0000
1995-07-31T00:00:00	International Shares	0.0000
1995-07-31T00:00:00	International Shares - Indexed	0.0000
1995-06-30T00:00:00	Stable	0.0000
1995-06-30T00:00:00	Conservative	0.0000
1995-06-30T00:00:00	SRI - Balanced	0.0000
1995-06-30T00:00:00	Indexed Balanced	0.0000
1995-06-30T00:00:00	Balanced	0.4900
1995-06-30T00:00:00	Growth	0.0000
1995-06-30T00:00:00	Cash	0.0000
1995-06-30T00:00:00	Bonds	0.0000
1995-06-30T00:00:00	Australian Shares	0.0000
1995-06-30T00:00:00	International Shares	0.0000
1995-06-30T00:00:00	International Shares - Indexed	0.0000
1995-05-31T00:00:00	Stable	0.0000
1995-05-31T00:00:00	Conservative	0.0000
1995-05-31T00:00:00	SRI - Balanced	0.0000
1995-05-31T00:00:00	Indexed Balanced	0.0000
1995-05-31T00:00:00	Balanced	0.4900
1995-05-31T00:00:00	Growth	0.0000
1995-05-31T00:00:00	Cash	0.0000
1995-05-31T00:00:00	Bonds	0.0000
1995-05-31T00:00:00	Australian Shares	0.0000
1995-05-31T00:00:00	International Shares	0.0000
1995-05-31T00:00:00	International Shares - Indexed	0.0000
1995-04-30T00:00:00	Stable	0.0000
1995-04-30T00:00:00	Conservative	0.0000
1995-04-30T00:00:00	SRI - Balanced	0.0000
1995-04-30T00:00:00	Indexed Balanced	0.0000
1995-04-30T00:00:00	Balanced	0.4900
1995-04-30T00:00:00	Growth	0.0000
1995-04-30T00:00:00	Cash	0.0000
1995-04-30T00:00:00	Bonds	0.0000
1995-04-30T00:00:00	Australian Shares	0.0000
1995-04-30T00:00:00	International Shares	0.0000
1995-04-30T00:00:00	International Shares - Indexed	0.0000
1995-03-31T00:00:00	Stable	0.0000
1995-03-31T00:00:00	Conservative	0.0000
1995-03-31T00:00:00	SRI - Balanced	0.0000
1995-03-31T00:00:00	Indexed Balanced	0.0000
1995-03-31T00:00:00	Balanced	0.4900
1995-03-31T00:00:00	Growth	0.0000
1995-03-31T00:00:00	Cash	0.0000
1995-03-31T00:00:00	Bonds	0.0000
1995-03-31T00:00:00	Australian Shares	0.0000
1995-03-31T00:00:00	International Shares	0.0000
1995-03-31T00:00:00	International Shares - Indexed	0.0000
1995-02-28T00:00:00	Stable	0.0000
1995-02-28T00:00:00	Conservative	0.0000
1995-02-28T00:00:00	SRI - Balanced	0.0000
1995-02-28T00:00:00	Indexed Balanced	0.0000
1995-02-28T00:00:00	Balanced	0.4900
1995-02-28T00:00:00	Growth	0.0000
1995-02-28T00:00:00	Cash	0.0000
1995-02-28T00:00:00	Bonds	0.0000
1995-02-28T00:00:00	Australian Shares	0.0000
1995-02-28T00:00:00	International Shares	0.0000
1995-02-28T00:00:00	International Shares - Indexed	0.0000
1995-01-31T00:00:00	Stable	0.0000
1995-01-31T00:00:00	Conservative	0.0000
1995-01-31T00:00:00	SRI - Balanced	0.0000
1995-01-31T00:00:00	Indexed Balanced	0.0000
1995-01-31T00:00:00	Balanced	0.4900
1995-01-31T00:00:00	Growth	0.0000
1995-01-31T00:00:00	Cash	0.0000
1995-01-31T00:00:00	Bonds	0.0000
1995-01-31T00:00:00	Australian Shares	0.0000
1995-01-31T00:00:00	International Shares	0.0000
1995-01-31T00:00:00	International Shares - Indexed	0.0000
1994-12-31T00:00:00	Stable	0.0000
1994-12-31T00:00:00	Conservative	0.0000
1994-12-31T00:00:00	SRI - Balanced	0.0000
1994-12-31T00:00:00	Indexed Balanced	0.0000
1994-12-31T00:00:00	Balanced	0.4900
1994-12-31T00:00:00	Growth	0.0000
1994-12-31T00:00:00	Cash	0.0000
1994-12-31T00:00:00	Bonds	0.0000
1994-12-31T00:00:00	Australian Shares	0.0000
1994-12-31T00:00:00	International Shares	0.0000
1994-12-31T00:00:00	International Shares - Indexed	0.0000
1994-11-30T00:00:00	Stable	0.0000
1994-11-30T00:00:00	Conservative	0.0000
1994-11-30T00:00:00	SRI - Balanced	0.0000
1994-11-30T00:00:00	Indexed Balanced	0.0000
1994-11-30T00:00:00	Balanced	0.4900
1994-11-30T00:00:00	Growth	0.0000
1994-11-30T00:00:00	Cash	0.0000
1994-11-30T00:00:00	Bonds	0.0000
1994-11-30T00:00:00	Australian Shares	0.0000
1994-11-30T00:00:00	International Shares	0.0000
1994-11-30T00:00:00	International Shares - Indexed	0.0000
1994-10-31T00:00:00	Stable	0.0000
1994-10-31T00:00:00	Conservative	0.0000
1994-10-31T00:00:00	SRI - Balanced	0.0000
1994-10-31T00:00:00	Indexed Balanced	0.0000
1994-10-31T00:00:00	Balanced	0.4900
1994-10-31T00:00:00	Growth	0.0000
1994-10-31T00:00:00	Cash	0.0000
1994-10-31T00:00:00	Bonds	0.0000
1994-10-31T00:00:00	Australian Shares	0.0000
1994-10-31T00:00:00	International Shares	0.0000
1994-10-31T00:00:00	International Shares - Indexed	0.0000
1994-09-30T00:00:00	Stable	0.0000
1994-09-30T00:00:00	Conservative	0.0000
1994-09-30T00:00:00	SRI - Balanced	0.0000
1994-09-30T00:00:00	Indexed Balanced	0.0000
1994-09-30T00:00:00	Balanced	0.4900
1994-09-30T00:00:00	Growth	0.0000
1994-09-30T00:00:00	Cash	0.0000
1994-09-30T00:00:00	Bonds	0.0000
1994-09-30T00:00:00	Australian Shares	0.0000
1994-09-30T00:00:00	International Shares	0.0000
1994-09-30T00:00:00	International Shares - Indexed	0.0000
1994-08-31T00:00:00	Stable	0.0000
1994-08-31T00:00:00	Conservative	0.0000
1994-08-31T00:00:00	SRI - Balanced	0.0000
1994-08-31T00:00:00	Indexed Balanced	0.0000
1994-08-31T00:00:00	Balanced	0.4900
1994-08-31T00:00:00	Growth	0.0000
1994-08-31T00:00:00	Cash	0.0000
1994-08-31T00:00:00	Bonds	0.0000
1994-08-31T00:00:00	Australian Shares	0.0000
1994-08-31T00:00:00	International Shares	0.0000
1994-08-31T00:00:00	International Shares - Indexed	0.0000
1994-07-31T00:00:00	Stable	0.0000
1994-07-31T00:00:00	Conservative	0.0000
1994-07-31T00:00:00	SRI - Balanced	0.0000
1994-07-31T00:00:00	Indexed Balanced	0.0000
1994-07-31T00:00:00	Balanced	0.4900
1994-07-31T00:00:00	Growth	0.0000
1994-07-31T00:00:00	Cash	0.0000
1994-07-31T00:00:00	Bonds	0.0000
1994-07-31T00:00:00	Australian Shares	0.0000
1994-07-31T00:00:00	International Shares	0.0000
1994-07-31T00:00:00	International Shares - Indexed	0.0000
1994-06-30T00:00:00	Stable	0.0000
1994-06-30T00:00:00	Conservative	0.0000
1994-06-30T00:00:00	SRI - Balanced	0.0000
1994-06-30T00:00:00	Indexed Balanced	0.0000
1994-06-30T00:00:00	Balanced	0.7300
1994-06-30T00:00:00	Growth	0.0000
1994-06-30T00:00:00	Cash	0.0000
1994-06-30T00:00:00	Bonds	0.0000
1994-06-30T00:00:00	Australian Shares	0.0000
1994-06-30T00:00:00	International Shares	0.0000
1994-06-30T00:00:00	International Shares - Indexed	0.0000
1994-05-31T00:00:00	Stable	0.0000
1994-05-31T00:00:00	Conservative	0.0000
1994-05-31T00:00:00	SRI - Balanced	0.0000
1994-05-31T00:00:00	Indexed Balanced	0.0000
1994-05-31T00:00:00	Balanced	0.7300
1994-05-31T00:00:00	Growth	0.0000
1994-05-31T00:00:00	Cash	0.0000
1994-05-31T00:00:00	Bonds	0.0000
1994-05-31T00:00:00	Australian Shares	0.0000
1994-05-31T00:00:00	International Shares	0.0000
1994-05-31T00:00:00	International Shares - Indexed	0.0000
1994-04-30T00:00:00	Stable	0.0000
1994-04-30T00:00:00	Conservative	0.0000
1994-04-30T00:00:00	SRI - Balanced	0.0000
1994-04-30T00:00:00	Indexed Balanced	0.0000
1994-04-30T00:00:00	Balanced	0.7300
1994-04-30T00:00:00	Growth	0.0000
1994-04-30T00:00:00	Cash	0.0000
1994-04-30T00:00:00	Bonds	0.0000
1994-04-30T00:00:00	Australian Shares	0.0000
1994-04-30T00:00:00	International Shares	0.0000
1994-04-30T00:00:00	International Shares - Indexed	0.0000
1994-03-31T00:00:00	Stable	0.0000
1994-03-31T00:00:00	Conservative	0.0000
1994-03-31T00:00:00	SRI - Balanced	0.0000
1994-03-31T00:00:00	Indexed Balanced	0.0000
1994-03-31T00:00:00	Balanced	0.7300
1994-03-31T00:00:00	Growth	0.0000
1994-03-31T00:00:00	Cash	0.0000
1994-03-31T00:00:00	Bonds	0.0000
1994-03-31T00:00:00	Australian Shares	0.0000
1994-03-31T00:00:00	International Shares	0.0000
1994-03-31T00:00:00	International Shares - Indexed	0.0000
1994-02-28T00:00:00	Stable	0.0000
1994-02-28T00:00:00	Conservative	0.0000
1994-02-28T00:00:00	SRI - Balanced	0.0000
1994-02-28T00:00:00	Indexed Balanced	0.0000
1994-02-28T00:00:00	Balanced	0.7300
1994-02-28T00:00:00	Growth	0.0000
1994-02-28T00:00:00	Cash	0.0000
1994-02-28T00:00:00	Bonds	0.0000
1994-02-28T00:00:00	Australian Shares	0.0000
1994-02-28T00:00:00	International Shares	0.0000
1994-02-28T00:00:00	International Shares - Indexed	0.0000
1994-01-31T00:00:00	Stable	0.0000
1994-01-31T00:00:00	Conservative	0.0000
1994-01-31T00:00:00	SRI - Balanced	0.0000
1994-01-31T00:00:00	Indexed Balanced	0.0000
1994-01-31T00:00:00	Balanced	0.7300
1994-01-31T00:00:00	Growth	0.0000
1994-01-31T00:00:00	Cash	0.0000
1994-01-31T00:00:00	Bonds	0.0000
1994-01-31T00:00:00	Australian Shares	0.0000
1994-01-31T00:00:00	International Shares	0.0000
1994-01-31T00:00:00	International Shares - Indexed	0.0000
1993-12-31T00:00:00	Stable	0.0000
1993-12-31T00:00:00	Conservative	0.0000
1993-12-31T00:00:00	SRI - Balanced	0.0000
1993-12-31T00:00:00	Indexed Balanced	0.0000
1993-12-31T00:00:00	Balanced	0.7300
1993-12-31T00:00:00	Growth	0.0000
1993-12-31T00:00:00	Cash	0.0000
1993-12-31T00:00:00	Bonds	0.0000
1993-12-31T00:00:00	Australian Shares	0.0000
1993-12-31T00:00:00	International Shares	0.0000
1993-12-31T00:00:00	International Shares - Indexed	0.0000
1993-11-30T00:00:00	Stable	0.0000
1993-11-30T00:00:00	Conservative	0.0000
1993-11-30T00:00:00	SRI - Balanced	0.0000
1993-11-30T00:00:00	Indexed Balanced	0.0000
1993-11-30T00:00:00	Balanced	0.7300
1993-11-30T00:00:00	Growth	0.0000
1993-11-30T00:00:00	Cash	0.0000
1993-11-30T00:00:00	Bonds	0.0000
1993-11-30T00:00:00	Australian Shares	0.0000
1993-11-30T00:00:00	International Shares	0.0000
1993-11-30T00:00:00	International Shares - Indexed	0.0000
1993-10-31T00:00:00	Stable	0.0000
1993-10-31T00:00:00	Conservative	0.0000
1993-10-31T00:00:00	SRI - Balanced	0.0000
1993-10-31T00:00:00	Indexed Balanced	0.0000
1993-10-31T00:00:00	Balanced	0.7300
1993-10-31T00:00:00	Growth	0.0000
1993-10-31T00:00:00	Cash	0.0000
1993-10-31T00:00:00	Bonds	0.0000
1993-10-31T00:00:00	Australian Shares	0.0000
1993-10-31T00:00:00	International Shares	0.0000
1993-10-31T00:00:00	International Shares - Indexed	0.0000
1993-09-30T00:00:00	Stable	0.0000
1993-09-30T00:00:00	Conservative	0.0000
1993-09-30T00:00:00	SRI - Balanced	0.0000
1993-09-30T00:00:00	Indexed Balanced	0.0000
1993-09-30T00:00:00	Balanced	0.7300
1993-09-30T00:00:00	Growth	0.0000
1993-09-30T00:00:00	Cash	0.0000
1993-09-30T00:00:00	Bonds	0.0000
1993-09-30T00:00:00	Australian Shares	0.0000
1993-09-30T00:00:00	International Shares	0.0000
1993-09-30T00:00:00	International Shares - Indexed	0.0000
1993-08-31T00:00:00	Stable	0.0000
1993-08-31T00:00:00	Conservative	0.0000
1993-08-31T00:00:00	SRI - Balanced	0.0000
1993-08-31T00:00:00	Indexed Balanced	0.0000
1993-08-31T00:00:00	Balanced	0.7300
1993-08-31T00:00:00	Growth	0.0000
1993-08-31T00:00:00	Cash	0.0000
1993-08-31T00:00:00	Bonds	0.0000
1993-08-31T00:00:00	Australian Shares	0.0000
1993-08-31T00:00:00	International Shares	0.0000
1993-08-31T00:00:00	International Shares - Indexed	0.0000
1993-07-31T00:00:00	Stable	0.0000
1993-07-31T00:00:00	Conservative	0.0000
1993-07-31T00:00:00	SRI - Balanced	0.0000
1993-07-31T00:00:00	Indexed Balanced	0.0000
1993-07-31T00:00:00	Balanced	0.7300
1993-07-31T00:00:00	Growth	0.0000
1993-07-31T00:00:00	Cash	0.0000
1993-07-31T00:00:00	Bonds	0.0000
1993-07-31T00:00:00	Australian Shares	0.0000
1993-07-31T00:00:00	International Shares	0.0000
1993-07-31T00:00:00	International Shares - Indexed	0.0000
1993-06-30T00:00:00	Stable	0.0000
1993-06-30T00:00:00	Conservative	0.0000
1993-06-30T00:00:00	SRI - Balanced	0.0000
1993-06-30T00:00:00	Indexed Balanced	0.0000
1993-06-30T00:00:00	Balanced	0.6000
1993-06-30T00:00:00	Growth	0.0000
1993-06-30T00:00:00	Cash	0.0000
1993-06-30T00:00:00	Bonds	0.0000
1993-06-30T00:00:00	Australian Shares	0.0000
1993-06-30T00:00:00	International Shares	0.0000
1993-06-30T00:00:00	International Shares - Indexed	0.0000
1993-05-31T00:00:00	Stable	0.0000
1993-05-31T00:00:00	Conservative	0.0000
1993-05-31T00:00:00	SRI - Balanced	0.0000
1993-05-31T00:00:00	Indexed Balanced	0.0000
1993-05-31T00:00:00	Balanced	0.6000
1993-05-31T00:00:00	Growth	0.0000
1993-05-31T00:00:00	Cash	0.0000
1993-05-31T00:00:00	Bonds	0.0000
1993-05-31T00:00:00	Australian Shares	0.0000
1993-05-31T00:00:00	International Shares	0.0000
1993-05-31T00:00:00	International Shares - Indexed	0.0000
1993-04-30T00:00:00	Stable	0.0000
1993-04-30T00:00:00	Conservative	0.0000
1993-04-30T00:00:00	SRI - Balanced	0.0000
1993-04-30T00:00:00	Indexed Balanced	0.0000
1993-04-30T00:00:00	Balanced	0.6000
1993-04-30T00:00:00	Growth	0.0000
1993-04-30T00:00:00	Cash	0.0000
1993-04-30T00:00:00	Bonds	0.0000
1993-04-30T00:00:00	Australian Shares	0.0000
1993-04-30T00:00:00	International Shares	0.0000
1993-04-30T00:00:00	International Shares - Indexed	0.0000
1993-03-31T00:00:00	Stable	0.0000
1993-03-31T00:00:00	Conservative	0.0000
1993-03-31T00:00:00	SRI - Balanced	0.0000
1993-03-31T00:00:00	Indexed Balanced	0.0000
1993-03-31T00:00:00	Balanced	0.6000
1993-03-31T00:00:00	Growth	0.0000
1993-03-31T00:00:00	Cash	0.0000
1993-03-31T00:00:00	Bonds	0.0000
1993-03-31T00:00:00	Australian Shares	0.0000
1993-03-31T00:00:00	International Shares	0.0000
1993-03-31T00:00:00	International Shares - Indexed	0.0000
1993-02-28T00:00:00	Stable	0.0000
1993-02-28T00:00:00	Conservative	0.0000
1993-02-28T00:00:00	SRI - Balanced	0.0000
1993-02-28T00:00:00	Indexed Balanced	0.0000
1993-02-28T00:00:00	Balanced	0.6000
1993-02-28T00:00:00	Growth	0.0000
1993-02-28T00:00:00	Cash	0.0000
1993-02-28T00:00:00	Bonds	0.0000
1993-02-28T00:00:00	Australian Shares	0.0000
1993-02-28T00:00:00	International Shares	0.0000
1993-02-28T00:00:00	International Shares - Indexed	0.0000
1993-01-31T00:00:00	Stable	0.0000
1993-01-31T00:00:00	Conservative	0.0000
1993-01-31T00:00:00	SRI - Balanced	0.0000
1993-01-31T00:00:00	Indexed Balanced	0.0000
1993-01-31T00:00:00	Balanced	0.6000
1993-01-31T00:00:00	Growth	0.0000
1993-01-31T00:00:00	Cash	0.0000
1993-01-31T00:00:00	Bonds	0.0000
1993-01-31T00:00:00	Australian Shares	0.0000
1993-01-31T00:00:00	International Shares	0.0000
1993-01-31T00:00:00	International Shares - Indexed	0.0000
1992-12-31T00:00:00	Stable	0.0000
1992-12-31T00:00:00	Conservative	0.0000
1992-12-31T00:00:00	SRI - Balanced	0.0000
1992-12-31T00:00:00	Indexed Balanced	0.0000
1992-12-31T00:00:00	Balanced	0.6000
1992-12-31T00:00:00	Growth	0.0000
1992-12-31T00:00:00	Cash	0.0000
1992-12-31T00:00:00	Bonds	0.0000
1992-12-31T00:00:00	Australian Shares	0.0000
1992-12-31T00:00:00	International Shares	0.0000
1992-12-31T00:00:00	International Shares - Indexed	0.0000
1992-11-30T00:00:00	Stable	0.0000
1992-11-30T00:00:00	Conservative	0.0000
1992-11-30T00:00:00	SRI - Balanced	0.0000
1992-11-30T00:00:00	Indexed Balanced	0.0000
1992-11-30T00:00:00	Balanced	0.6000
1992-11-30T00:00:00	Growth	0.0000
1992-11-30T00:00:00	Cash	0.0000
1992-11-30T00:00:00	Bonds	0.0000
1992-11-30T00:00:00	Australian Shares	0.0000
1992-11-30T00:00:00	International Shares	0.0000
1992-11-30T00:00:00	International Shares - Indexed	0.0000
1992-10-31T00:00:00	Stable	0.0000
1992-10-31T00:00:00	Conservative	0.0000
1992-10-31T00:00:00	SRI - Balanced	0.0000
1992-10-31T00:00:00	Indexed Balanced	0.0000
1992-10-31T00:00:00	Balanced	0.6000
1992-10-31T00:00:00	Growth	0.0000
1992-10-31T00:00:00	Cash	0.0000
1992-10-31T00:00:00	Bonds	0.0000
1992-10-31T00:00:00	Australian Shares	0.0000
1992-10-31T00:00:00	International Shares	0.0000
1992-10-31T00:00:00	International Shares - Indexed	0.0000
1992-09-30T00:00:00	Stable	0.0000
1992-09-30T00:00:00	Conservative	0.0000
1992-09-30T00:00:00	SRI - Balanced	0.0000
1992-09-30T00:00:00	Indexed Balanced	0.0000
1992-09-30T00:00:00	Balanced	0.6000
1992-09-30T00:00:00	Growth	0.0000
1992-09-30T00:00:00	Cash	0.0000
1992-09-30T00:00:00	Bonds	0.0000
1992-09-30T00:00:00	Australian Shares	0.0000
1992-09-30T00:00:00	International Shares	0.0000
1992-09-30T00:00:00	International Shares - Indexed	0.0000
1992-08-31T00:00:00	Stable	0.0000
1992-08-31T00:00:00	Conservative	0.0000
1992-08-31T00:00:00	SRI - Balanced	0.0000
1992-08-31T00:00:00	Indexed Balanced	0.0000
1992-08-31T00:00:00	Balanced	0.6000
1992-08-31T00:00:00	Growth	0.0000
1992-08-31T00:00:00	Cash	0.0000
1992-08-31T00:00:00	Bonds	0.0000
1992-08-31T00:00:00	Australian Shares	0.0000
1992-08-31T00:00:00	International Shares	0.0000
1992-08-31T00:00:00	International Shares - Indexed	0.0000
1992-07-31T00:00:00	Stable	0.0000
1992-07-31T00:00:00	Conservative	0.0000
1992-07-31T00:00:00	SRI - Balanced	0.0000
1992-07-31T00:00:00	Indexed Balanced	0.0000
1992-07-31T00:00:00	Balanced	0.6000
1992-07-31T00:00:00	Growth	0.0000
1992-07-31T00:00:00	Cash	0.0000
1992-07-31T00:00:00	Bonds	0.0000
1992-07-31T00:00:00	Australian Shares	0.0000
1992-07-31T00:00:00	International Shares	0.0000
1992-07-31T00:00:00	International Shares - Indexed	0.0000
1992-06-30T00:00:00	Stable	0.0000
1992-06-30T00:00:00	Conservative	0.0000
1992-06-30T00:00:00	SRI - Balanced	0.0000
1992-06-30T00:00:00	Indexed Balanced	0.0000
1992-06-30T00:00:00	Balanced	0.7200
1992-06-30T00:00:00	Growth	0.0000
1992-06-30T00:00:00	Cash	0.0000
1992-06-30T00:00:00	Bonds	0.0000
1992-06-30T00:00:00	Australian Shares	0.0000
1992-06-30T00:00:00	International Shares	0.0000
1992-06-30T00:00:00	International Shares - Indexed	0.0000
1992-05-31T00:00:00	Stable	0.0000
1992-05-31T00:00:00	Conservative	0.0000
1992-05-31T00:00:00	SRI - Balanced	0.0000
1992-05-31T00:00:00	Indexed Balanced	0.0000
1992-05-31T00:00:00	Balanced	0.7200
1992-05-31T00:00:00	Growth	0.0000
1992-05-31T00:00:00	Cash	0.0000
1992-05-31T00:00:00	Bonds	0.0000
1992-05-31T00:00:00	Australian Shares	0.0000
1992-05-31T00:00:00	International Shares	0.0000
1992-05-31T00:00:00	International Shares - Indexed	0.0000
1992-04-30T00:00:00	Stable	0.0000
1992-04-30T00:00:00	Conservative	0.0000
1992-04-30T00:00:00	SRI - Balanced	0.0000
1992-04-30T00:00:00	Indexed Balanced	0.0000
1992-04-30T00:00:00	Balanced	0.7200
1992-04-30T00:00:00	Growth	0.0000
1992-04-30T00:00:00	Cash	0.0000
1992-04-30T00:00:00	Bonds	0.0000
1992-04-30T00:00:00	Australian Shares	0.0000
1992-04-30T00:00:00	International Shares	0.0000
1992-04-30T00:00:00	International Shares - Indexed	0.0000
1992-03-31T00:00:00	Stable	0.0000
1992-03-31T00:00:00	Conservative	0.0000
1992-03-31T00:00:00	SRI - Balanced	0.0000
1992-03-31T00:00:00	Indexed Balanced	0.0000
1992-03-31T00:00:00	Balanced	0.7200
1992-03-31T00:00:00	Growth	0.0000
1992-03-31T00:00:00	Cash	0.0000
1992-03-31T00:00:00	Bonds	0.0000
1992-03-31T00:00:00	Australian Shares	0.0000
1992-03-31T00:00:00	International Shares	0.0000
1992-03-31T00:00:00	International Shares - Indexed	0.0000
1992-02-29T00:00:00	Stable	0.0000
1992-02-29T00:00:00	Conservative	0.0000
1992-02-29T00:00:00	SRI - Balanced	0.0000
1992-02-29T00:00:00	Indexed Balanced	0.0000
1992-02-29T00:00:00	Balanced	0.7200
1992-02-29T00:00:00	Growth	0.0000
1992-02-29T00:00:00	Cash	0.0000
1992-02-29T00:00:00	Bonds	0.0000
1992-02-29T00:00:00	Australian Shares	0.0000
1992-02-29T00:00:00	International Shares	0.0000
1992-02-29T00:00:00	International Shares - Indexed	0.0000
1992-01-31T00:00:00	Stable	0.0000
1992-01-31T00:00:00	Conservative	0.0000
1992-01-31T00:00:00	SRI - Balanced	0.0000
1992-01-31T00:00:00	Indexed Balanced	0.0000
1992-01-31T00:00:00	Balanced	0.7200
1992-01-31T00:00:00	Growth	0.0000
1992-01-31T00:00:00	Cash	0.0000
1992-01-31T00:00:00	Bonds	0.0000
1992-01-31T00:00:00	Australian Shares	0.0000
1992-01-31T00:00:00	International Shares	0.0000
1992-01-31T00:00:00	International Shares - Indexed	0.0000
1991-12-31T00:00:00	Stable	0.0000
1991-12-31T00:00:00	Conservative	0.0000
1991-12-31T00:00:00	SRI - Balanced	0.0000
1991-12-31T00:00:00	Indexed Balanced	0.0000
1991-12-31T00:00:00	Balanced	0.7200
1991-12-31T00:00:00	Growth	0.0000
1991-12-31T00:00:00	Cash	0.0000
1991-12-31T00:00:00	Bonds	0.0000
1991-12-31T00:00:00	Australian Shares	0.0000
1991-12-31T00:00:00	International Shares	0.0000
1991-12-31T00:00:00	International Shares - Indexed	0.0000
1991-11-30T00:00:00	Stable	0.0000
1991-11-30T00:00:00	Conservative	0.0000
1991-11-30T00:00:00	SRI - Balanced	0.0000
1991-11-30T00:00:00	Indexed Balanced	0.0000
1991-11-30T00:00:00	Balanced	0.7200
1991-11-30T00:00:00	Growth	0.0000
1991-11-30T00:00:00	Cash	0.0000
1991-11-30T00:00:00	Bonds	0.0000
1991-11-30T00:00:00	Australian Shares	0.0000
1991-11-30T00:00:00	International Shares	0.0000
1991-11-30T00:00:00	International Shares - Indexed	0.0000
1991-10-31T00:00:00	Stable	0.0000
1991-10-31T00:00:00	Conservative	0.0000
1991-10-31T00:00:00	SRI - Balanced	0.0000
1991-10-31T00:00:00	Indexed Balanced	0.0000
1991-10-31T00:00:00	Balanced	0.7200
1991-10-31T00:00:00	Growth	0.0000
1991-10-31T00:00:00	Cash	0.0000
1991-10-31T00:00:00	Bonds	0.0000
1991-10-31T00:00:00	Australian Shares	0.0000
1991-10-31T00:00:00	International Shares	0.0000
1991-10-31T00:00:00	International Shares - Indexed	0.0000
1991-09-30T00:00:00	Stable	0.0000
1991-09-30T00:00:00	Conservative	0.0000
1991-09-30T00:00:00	SRI - Balanced	0.0000
1991-09-30T00:00:00	Indexed Balanced	0.0000
1991-09-30T00:00:00	Balanced	0.7200
1991-09-30T00:00:00	Growth	0.0000
1991-09-30T00:00:00	Cash	0.0000
1991-09-30T00:00:00	Bonds	0.0000
1991-09-30T00:00:00	Australian Shares	0.0000
1991-09-30T00:00:00	International Shares	0.0000
1991-09-30T00:00:00	International Shares - Indexed	0.0000
1991-08-31T00:00:00	Stable	0.0000
1991-08-31T00:00:00	Conservative	0.0000
1991-08-31T00:00:00	SRI - Balanced	0.0000
1991-08-31T00:00:00	Indexed Balanced	0.0000
1991-08-31T00:00:00	Balanced	0.7200
1991-08-31T00:00:00	Growth	0.0000
1991-08-31T00:00:00	Cash	0.0000
1991-08-31T00:00:00	Bonds	0.0000
1991-08-31T00:00:00	Australian Shares	0.0000
1991-08-31T00:00:00	International Shares	0.0000
1991-08-31T00:00:00	International Shares - Indexed	0.0000
1991-07-31T00:00:00	Stable	0.0000
1991-07-31T00:00:00	Conservative	0.0000
1991-07-31T00:00:00	SRI - Balanced	0.0000
1991-07-31T00:00:00	Indexed Balanced	0.0000
1991-07-31T00:00:00	Balanced	0.7200
1991-07-31T00:00:00	Growth	0.0000
1991-07-31T00:00:00	Cash	0.0000
1991-07-31T00:00:00	Bonds	0.0000
1991-07-31T00:00:00	Australian Shares	0.0000
1991-07-31T00:00:00	International Shares	0.0000
1991-07-31T00:00:00	International Shares - Indexed	0.0000
1991-06-30T00:00:00	Stable	0.0000
1991-06-30T00:00:00	Conservative	0.0000
1991-06-30T00:00:00	SRI - Balanced	0.0000
1991-06-30T00:00:00	Indexed Balanced	0.0000
1991-06-30T00:00:00	Balanced	0.9400
1991-06-30T00:00:00	Growth	0.0000
1991-06-30T00:00:00	Cash	0.0000
1991-06-30T00:00:00	Bonds	0.0000
1991-06-30T00:00:00	Australian Shares	0.0000
1991-06-30T00:00:00	International Shares	0.0000
1991-06-30T00:00:00	International Shares - Indexed	0.0000
1991-05-31T00:00:00	Stable	0.0000
1991-05-31T00:00:00	Conservative	0.0000
1991-05-31T00:00:00	SRI - Balanced	0.0000
1991-05-31T00:00:00	Indexed Balanced	0.0000
1991-05-31T00:00:00	Balanced	0.9400
1991-05-31T00:00:00	Growth	0.0000
1991-05-31T00:00:00	Cash	0.0000
1991-05-31T00:00:00	Bonds	0.0000
1991-05-31T00:00:00	Australian Shares	0.0000
1991-05-31T00:00:00	International Shares	0.0000
1991-05-31T00:00:00	International Shares - Indexed	0.0000
1991-04-30T00:00:00	Stable	0.0000
1991-04-30T00:00:00	Conservative	0.0000
1991-04-30T00:00:00	SRI - Balanced	0.0000
1991-04-30T00:00:00	Indexed Balanced	0.0000
1991-04-30T00:00:00	Balanced	0.9400
1991-04-30T00:00:00	Growth	0.0000
1991-04-30T00:00:00	Cash	0.0000
1991-04-30T00:00:00	Bonds	0.0000
1991-04-30T00:00:00	Australian Shares	0.0000
1991-04-30T00:00:00	International Shares	0.0000
1991-04-30T00:00:00	International Shares - Indexed	0.0000
1991-03-31T00:00:00	Stable	0.0000
1991-03-31T00:00:00	Conservative	0.0000
1991-03-31T00:00:00	SRI - Balanced	0.0000
1991-03-31T00:00:00	Indexed Balanced	0.0000
1991-03-31T00:00:00	Balanced	0.9400
1991-03-31T00:00:00	Growth	0.0000
1991-03-31T00:00:00	Cash	0.0000
1991-03-31T00:00:00	Bonds	0.0000
1991-03-31T00:00:00	Australian Shares	0.0000
1991-03-31T00:00:00	International Shares	0.0000
1991-03-31T00:00:00	International Shares - Indexed	0.0000
1991-02-28T00:00:00	Stable	0.0000
1991-02-28T00:00:00	Conservative	0.0000
1991-02-28T00:00:00	SRI - Balanced	0.0000
1991-02-28T00:00:00	Indexed Balanced	0.0000
1991-02-28T00:00:00	Balanced	0.9400
1991-02-28T00:00:00	Growth	0.0000
1991-02-28T00:00:00	Cash	0.0000
1991-02-28T00:00:00	Bonds	0.0000
1991-02-28T00:00:00	Australian Shares	0.0000
1991-02-28T00:00:00	International Shares	0.0000
1991-02-28T00:00:00	International Shares - Indexed	0.0000
1991-01-31T00:00:00	Stable	0.0000
1991-01-31T00:00:00	Conservative	0.0000
1991-01-31T00:00:00	SRI - Balanced	0.0000
1991-01-31T00:00:00	Indexed Balanced	0.0000
1991-01-31T00:00:00	Balanced	0.9400
1991-01-31T00:00:00	Growth	0.0000
1991-01-31T00:00:00	Cash	0.0000
1991-01-31T00:00:00	Bonds	0.0000
1991-01-31T00:00:00	Australian Shares	0.0000
1991-01-31T00:00:00	International Shares	0.0000
1991-01-31T00:00:00	International Shares - Indexed	0.0000
1990-12-31T00:00:00	Stable	0.0000
1990-12-31T00:00:00	Conservative	0.0000
1990-12-31T00:00:00	SRI - Balanced	0.0000
1990-12-31T00:00:00	Indexed Balanced	0.0000
1990-12-31T00:00:00	Balanced	0.9400
1990-12-31T00:00:00	Growth	0.0000
1990-12-31T00:00:00	Cash	0.0000
1990-12-31T00:00:00	Bonds	0.0000
1990-12-31T00:00:00	Australian Shares	0.0000
1990-12-31T00:00:00	International Shares	0.0000
1990-12-31T00:00:00	International Shares - Indexed	0.0000
1990-11-30T00:00:00	Stable	0.0000
1990-11-30T00:00:00	Conservative	0.0000
1990-11-30T00:00:00	SRI - Balanced	0.0000
1990-11-30T00:00:00	Indexed Balanced	0.0000
1990-11-30T00:00:00	Balanced	0.9400
1990-11-30T00:00:00	Growth	0.0000
1990-11-30T00:00:00	Cash	0.0000
1990-11-30T00:00:00	Bonds	0.0000
1990-11-30T00:00:00	Australian Shares	0.0000
1990-11-30T00:00:00	International Shares	0.0000
1990-11-30T00:00:00	International Shares - Indexed	0.0000
1990-10-31T00:00:00	Stable	0.0000
1990-10-31T00:00:00	Conservative	0.0000
1990-10-31T00:00:00	SRI - Balanced	0.0000
1990-10-31T00:00:00	Indexed Balanced	0.0000
1990-10-31T00:00:00	Balanced	0.9400
1990-10-31T00:00:00	Growth	0.0000
1990-10-31T00:00:00	Cash	0.0000
1990-10-31T00:00:00	Bonds	0.0000
1990-10-31T00:00:00	Australian Shares	0.0000
1990-10-31T00:00:00	International Shares	0.0000
1990-10-31T00:00:00	International Shares - Indexed	0.0000
1990-09-30T00:00:00	Stable	0.0000
1990-09-30T00:00:00	Conservative	0.0000
1990-09-30T00:00:00	SRI - Balanced	0.0000
1990-09-30T00:00:00	Indexed Balanced	0.0000
1990-09-30T00:00:00	Balanced	0.9400
1990-09-30T00:00:00	Growth	0.0000
1990-09-30T00:00:00	Cash	0.0000
1990-09-30T00:00:00	Bonds	0.0000
1990-09-30T00:00:00	Australian Shares	0.0000
1990-09-30T00:00:00	International Shares	0.0000
1990-09-30T00:00:00	International Shares - Indexed	0.0000
1990-08-31T00:00:00	Stable	0.0000
1990-08-31T00:00:00	Conservative	0.0000
1990-08-31T00:00:00	SRI - Balanced	0.0000
1990-08-31T00:00:00	Indexed Balanced	0.0000
1990-08-31T00:00:00	Balanced	0.9400
1990-08-31T00:00:00	Growth	0.0000
1990-08-31T00:00:00	Cash	0.0000
1990-08-31T00:00:00	Bonds	0.0000
1990-08-31T00:00:00	Australian Shares	0.0000
1990-08-31T00:00:00	International Shares	0.0000
1990-08-31T00:00:00	International Shares - Indexed	0.0000
1990-07-31T00:00:00	Stable	0.0000
1990-07-31T00:00:00	Conservative	0.0000
1990-07-31T00:00:00	SRI - Balanced	0.0000
1990-07-31T00:00:00	Indexed Balanced	0.0000
1990-07-31T00:00:00	Balanced	0.9400
1990-07-31T00:00:00	Growth	0.0000
1990-07-31T00:00:00	Cash	0.0000
1990-07-31T00:00:00	Bonds	0.0000
1990-07-31T00:00:00	Australian Shares	0.0000
1990-07-31T00:00:00	International Shares	0.0000
1990-07-31T00:00:00	International Shares - Indexed	0.0000
1990-06-30T00:00:00	Stable	0.0000
1990-06-30T00:00:00	Conservative	0.0000
1990-06-30T00:00:00	SRI - Balanced	0.0000
1990-06-30T00:00:00	Indexed Balanced	0.0000
1990-06-30T00:00:00	Balanced	1.1300
1990-06-30T00:00:00	Growth	0.0000
1990-06-30T00:00:00	Cash	0.0000
1990-06-30T00:00:00	Bonds	0.0000
1990-06-30T00:00:00	Australian Shares	0.0000
1990-06-30T00:00:00	International Shares	0.0000
1990-06-30T00:00:00	International Shares - Indexed	0.0000
1990-05-31T00:00:00	Stable	0.0000
1990-05-31T00:00:00	Conservative	0.0000
1990-05-31T00:00:00	SRI - Balanced	0.0000
1990-05-31T00:00:00	Indexed Balanced	0.0000
1990-05-31T00:00:00	Balanced	1.1300
1990-05-31T00:00:00	Growth	0.0000
1990-05-31T00:00:00	Cash	0.0000
1990-05-31T00:00:00	Bonds	0.0000
1990-05-31T00:00:00	Australian Shares	0.0000
1990-05-31T00:00:00	International Shares	0.0000
1990-05-31T00:00:00	International Shares - Indexed	0.0000
1990-04-30T00:00:00	Stable	0.0000
1990-04-30T00:00:00	Conservative	0.0000
1990-04-30T00:00:00	SRI - Balanced	0.0000
1990-04-30T00:00:00	Indexed Balanced	0.0000
1990-04-30T00:00:00	Balanced	1.1300
1990-04-30T00:00:00	Growth	0.0000
1990-04-30T00:00:00	Cash	0.0000
1990-04-30T00:00:00	Bonds	0.0000
1990-04-30T00:00:00	Australian Shares	0.0000
1990-04-30T00:00:00	International Shares	0.0000
1990-04-30T00:00:00	International Shares - Indexed	0.0000
1990-03-31T00:00:00	Stable	0.0000
1990-03-31T00:00:00	Conservative	0.0000
1990-03-31T00:00:00	SRI - Balanced	0.0000
1990-03-31T00:00:00	Indexed Balanced	0.0000
1990-03-31T00:00:00	Balanced	1.1300
1990-03-31T00:00:00	Growth	0.0000
1990-03-31T00:00:00	Cash	0.0000
1990-03-31T00:00:00	Bonds	0.0000
1990-03-31T00:00:00	Australian Shares	0.0000
1990-03-31T00:00:00	International Shares	0.0000
1990-03-31T00:00:00	International Shares - Indexed	0.0000
1990-02-28T00:00:00	Stable	0.0000
1990-02-28T00:00:00	Conservative	0.0000
1990-02-28T00:00:00	SRI - Balanced	0.0000
1990-02-28T00:00:00	Indexed Balanced	0.0000
1990-02-28T00:00:00	Balanced	1.1300
1990-02-28T00:00:00	Growth	0.0000
1990-02-28T00:00:00	Cash	0.0000
1990-02-28T00:00:00	Bonds	0.0000
1990-02-28T00:00:00	Australian Shares	0.0000
1990-02-28T00:00:00	International Shares	0.0000
1990-02-28T00:00:00	International Shares - Indexed	0.0000
1990-01-31T00:00:00	Stable	0.0000
1990-01-31T00:00:00	Conservative	0.0000
1990-01-31T00:00:00	SRI - Balanced	0.0000
1990-01-31T00:00:00	Indexed Balanced	0.0000
1990-01-31T00:00:00	Balanced	1.1300
1990-01-31T00:00:00	Growth	0.0000
1990-01-31T00:00:00	Cash	0.0000
1990-01-31T00:00:00	Bonds	0.0000
1990-01-31T00:00:00	Australian Shares	0.0000
1990-01-31T00:00:00	International Shares	0.0000
1990-01-31T00:00:00	International Shares - Indexed	0.0000
1989-12-31T00:00:00	Stable	0.0000
1989-12-31T00:00:00	Conservative	0.0000
1989-12-31T00:00:00	SRI - Balanced	0.0000
1989-12-31T00:00:00	Indexed Balanced	0.0000
1989-12-31T00:00:00	Balanced	1.1300
1989-12-31T00:00:00	Growth	0.0000
1989-12-31T00:00:00	Cash	0.0000
1989-12-31T00:00:00	Bonds	0.0000
1989-12-31T00:00:00	Australian Shares	0.0000
1989-12-31T00:00:00	International Shares	0.0000
1989-12-31T00:00:00	International Shares - Indexed	0.0000
1989-11-30T00:00:00	Stable	0.0000
1989-11-30T00:00:00	Conservative	0.0000
1989-11-30T00:00:00	SRI - Balanced	0.0000
1989-11-30T00:00:00	Indexed Balanced	0.0000
1989-11-30T00:00:00	Balanced	1.1300
1989-11-30T00:00:00	Growth	0.0000
1989-11-30T00:00:00	Cash	0.0000
1989-11-30T00:00:00	Bonds	0.0000
1989-11-30T00:00:00	Australian Shares	0.0000
1989-11-30T00:00:00	International Shares	0.0000
1989-11-30T00:00:00	International Shares - Indexed	0.0000
1989-10-31T00:00:00	Stable	0.0000
1989-10-31T00:00:00	Conservative	0.0000
1989-10-31T00:00:00	SRI - Balanced	0.0000
1989-10-31T00:00:00	Indexed Balanced	0.0000
1989-10-31T00:00:00	Balanced	1.1300
1989-10-31T00:00:00	Growth	0.0000
1989-10-31T00:00:00	Cash	0.0000
1989-10-31T00:00:00	Bonds	0.0000
1989-10-31T00:00:00	Australian Shares	0.0000
1989-10-31T00:00:00	International Shares	0.0000
1989-10-31T00:00:00	International Shares - Indexed	0.0000
1989-09-30T00:00:00	Stable	0.0000
1989-09-30T00:00:00	Conservative	0.0000
1989-09-30T00:00:00	SRI - Balanced	0.0000
1989-09-30T00:00:00	Indexed Balanced	0.0000
1989-09-30T00:00:00	Balanced	1.1300
1989-09-30T00:00:00	Growth	0.0000
1989-09-30T00:00:00	Cash	0.0000
1989-09-30T00:00:00	Bonds	0.0000
1989-09-30T00:00:00	Australian Shares	0.0000
1989-09-30T00:00:00	International Shares	0.0000
1989-09-30T00:00:00	International Shares - Indexed	0.0000
1989-08-31T00:00:00	Stable	0.0000
1989-08-31T00:00:00	Conservative	0.0000
1989-08-31T00:00:00	SRI - Balanced	0.0000
1989-08-31T00:00:00	Indexed Balanced	0.0000
1989-08-31T00:00:00	Balanced	1.1300
1989-08-31T00:00:00	Growth	0.0000
1989-08-31T00:00:00	Cash	0.0000
1989-08-31T00:00:00	Bonds	0.0000
1989-08-31T00:00:00	Australian Shares	0.0000
1989-08-31T00:00:00	International Shares	0.0000
1989-08-31T00:00:00	International Shares - Indexed	0.0000
1989-07-31T00:00:00	Stable	0.0000
1989-07-31T00:00:00	Conservative	0.0000
1989-07-31T00:00:00	SRI - Balanced	0.0000
1989-07-31T00:00:00	Indexed Balanced	0.0000
1989-07-31T00:00:00	Balanced	1.1300
1989-07-31T00:00:00	Growth	0.0000
1989-07-31T00:00:00	Cash	0.0000
1989-07-31T00:00:00	Bonds	0.0000
1989-07-31T00:00:00	Australian Shares	0.0000
1989-07-31T00:00:00	International Shares	0.0000
1989-07-31T00:00:00	International Shares - Indexed	0.0000
1989-06-30T00:00:00	Stable	0.0000
1989-06-30T00:00:00	Conservative	0.0000
1989-06-30T00:00:00	SRI - Balanced	0.0000
1989-06-30T00:00:00	Indexed Balanced	0.0000
1989-06-30T00:00:00	Balanced	1.1700
1989-06-30T00:00:00	Growth	0.0000
1989-06-30T00:00:00	Cash	0.0000
1989-06-30T00:00:00	Bonds	0.0000
1989-06-30T00:00:00	Australian Shares	0.0000
1989-06-30T00:00:00	International Shares	0.0000
1989-06-30T00:00:00	International Shares - Indexed	0.0000
1989-05-31T00:00:00	Stable	0.0000
1989-05-31T00:00:00	Conservative	0.0000
1989-05-31T00:00:00	SRI - Balanced	0.0000
1989-05-31T00:00:00	Indexed Balanced	0.0000
1989-05-31T00:00:00	Balanced	1.1700
1989-05-31T00:00:00	Growth	0.0000
1989-05-31T00:00:00	Cash	0.0000
1989-05-31T00:00:00	Bonds	0.0000
1989-05-31T00:00:00	Australian Shares	0.0000
1989-05-31T00:00:00	International Shares	0.0000
1989-05-31T00:00:00	International Shares - Indexed	0.0000
1989-04-30T00:00:00	Stable	0.0000
1989-04-30T00:00:00	Conservative	0.0000
1989-04-30T00:00:00	SRI - Balanced	0.0000
1989-04-30T00:00:00	Indexed Balanced	0.0000
1989-04-30T00:00:00	Balanced	1.1700
1989-04-30T00:00:00	Growth	0.0000
1989-04-30T00:00:00	Cash	0.0000
1989-04-30T00:00:00	Bonds	0.0000
1989-04-30T00:00:00	Australian Shares	0.0000
1989-04-30T00:00:00	International Shares	0.0000
1989-04-30T00:00:00	International Shares - Indexed	0.0000
1989-03-31T00:00:00	Stable	0.0000
1989-03-31T00:00:00	Conservative	0.0000
1989-03-31T00:00:00	SRI - Balanced	0.0000
1989-03-31T00:00:00	Indexed Balanced	0.0000
1989-03-31T00:00:00	Balanced	1.1700
1989-03-31T00:00:00	Growth	0.0000
1989-03-31T00:00:00	Cash	0.0000
1989-03-31T00:00:00	Bonds	0.0000
1989-03-31T00:00:00	Australian Shares	0.0000
1989-03-31T00:00:00	International Shares	0.0000
1989-03-31T00:00:00	International Shares - Indexed	0.0000
1989-02-28T00:00:00	Stable	0.0000
1989-02-28T00:00:00	Conservative	0.0000
1989-02-28T00:00:00	SRI - Balanced	0.0000
1989-02-28T00:00:00	Indexed Balanced	0.0000
1989-02-28T00:00:00	Balanced	1.1700
1989-02-28T00:00:00	Growth	0.0000
1989-02-28T00:00:00	Cash	0.0000
1989-02-28T00:00:00	Bonds	0.0000
1989-02-28T00:00:00	Australian Shares	0.0000
1989-02-28T00:00:00	International Shares	0.0000
1989-02-28T00:00:00	International Shares - Indexed	0.0000
1989-01-31T00:00:00	Stable	0.0000
1989-01-31T00:00:00	Conservative	0.0000
1989-01-31T00:00:00	SRI - Balanced	0.0000
1989-01-31T00:00:00	Indexed Balanced	0.0000
1989-01-31T00:00:00	Balanced	1.1700
1989-01-31T00:00:00	Growth	0.0000
1989-01-31T00:00:00	Cash	0.0000
1989-01-31T00:00:00	Bonds	0.0000
1989-01-31T00:00:00	Australian Shares	0.0000
1989-01-31T00:00:00	International Shares	0.0000
1989-01-31T00:00:00	International Shares - Indexed	0.0000
1988-12-31T00:00:00	Stable	0.0000
1988-12-31T00:00:00	Conservative	0.0000
1988-12-31T00:00:00	SRI - Balanced	0.0000
1988-12-31T00:00:00	Indexed Balanced	0.0000
1988-12-31T00:00:00	Balanced	1.1700
1988-12-31T00:00:00	Growth	0.0000
1988-12-31T00:00:00	Cash	0.0000
1988-12-31T00:00:00	Bonds	0.0000
1988-12-31T00:00:00	Australian Shares	0.0000
1988-12-31T00:00:00	International Shares	0.0000
1988-12-31T00:00:00	International Shares - Indexed	0.0000
1988-11-30T00:00:00	Stable	0.0000
1988-11-30T00:00:00	Conservative	0.0000
1988-11-30T00:00:00	SRI - Balanced	0.0000
1988-11-30T00:00:00	Indexed Balanced	0.0000
1988-11-30T00:00:00	Balanced	1.1700
1988-11-30T00:00:00	Growth	0.0000
1988-11-30T00:00:00	Cash	0.0000
1988-11-30T00:00:00	Bonds	0.0000
1988-11-30T00:00:00	Australian Shares	0.0000
1988-11-30T00:00:00	International Shares	0.0000
1988-11-30T00:00:00	International Shares - Indexed	0.0000
1988-10-31T00:00:00	Stable	0.0000
1988-10-31T00:00:00	Conservative	0.0000
1988-10-31T00:00:00	SRI - Balanced	0.0000
1988-10-31T00:00:00	Indexed Balanced	0.0000
1988-10-31T00:00:00	Balanced	1.1700
1988-10-31T00:00:00	Growth	0.0000
1988-10-31T00:00:00	Cash	0.0000
1988-10-31T00:00:00	Bonds	0.0000
1988-10-31T00:00:00	Australian Shares	0.0000
1988-10-31T00:00:00	International Shares	0.0000
1988-10-31T00:00:00	International Shares - Indexed	0.0000
1988-09-30T00:00:00	Stable	0.0000
1988-09-30T00:00:00	Conservative	0.0000
1988-09-30T00:00:00	SRI - Balanced	0.0000
1988-09-30T00:00:00	Indexed Balanced	0.0000
1988-09-30T00:00:00	Balanced	1.1700
1988-09-30T00:00:00	Growth	0.0000
1988-09-30T00:00:00	Cash	0.0000
1988-09-30T00:00:00	Bonds	0.0000
1988-09-30T00:00:00	Australian Shares	0.0000
1988-09-30T00:00:00	International Shares	0.0000
1988-09-30T00:00:00	International Shares - Indexed	0.0000
1988-08-31T00:00:00	Stable	0.0000
1988-08-31T00:00:00	Conservative	0.0000
1988-08-31T00:00:00	SRI - Balanced	0.0000
1988-08-31T00:00:00	Indexed Balanced	0.0000
1988-08-31T00:00:00	Balanced	1.1700
1988-08-31T00:00:00	Growth	0.0000
1988-08-31T00:00:00	Cash	0.0000
1988-08-31T00:00:00	Bonds	0.0000
1988-08-31T00:00:00	Australian Shares	0.0000
1988-08-31T00:00:00	International Shares	0.0000
1988-08-31T00:00:00	International Shares - Indexed	0.0000
1988-07-31T00:00:00	Stable	0.0000
1988-07-31T00:00:00	Conservative	0.0000
1988-07-31T00:00:00	SRI - Balanced	0.0000
1988-07-31T00:00:00	Indexed Balanced	0.0000
1988-07-31T00:00:00	Balanced	1.1700
1988-07-31T00:00:00	Growth	0.0000
1988-07-31T00:00:00	Cash	0.0000
1988-07-31T00:00:00	Bonds	0.0000
1988-07-31T00:00:00	Australian Shares	0.0000
1988-07-31T00:00:00	International Shares	0.0000
1988-07-31T00:00:00	International Shares - Indexed	0.0000
1988-06-30T00:00:00	Stable	0.0000
1988-06-30T00:00:00	Conservative	0.0000
1988-06-30T00:00:00	SRI - Balanced	0.0000
1988-06-30T00:00:00	Indexed Balanced	0.0000
1988-06-30T00:00:00	Balanced	1.2800
1988-06-30T00:00:00	Growth	0.0000
1988-06-30T00:00:00	Cash	0.0000
1988-06-30T00:00:00	Bonds	0.0000
1988-06-30T00:00:00	Australian Shares	0.0000
1988-06-30T00:00:00	International Shares	0.0000
1988-06-30T00:00:00	International Shares - Indexed	0.0000
1988-05-31T00:00:00	Stable	0.0000
1988-05-31T00:00:00	Conservative	0.0000
1988-05-31T00:00:00	SRI - Balanced	0.0000
1988-05-31T00:00:00	Indexed Balanced	0.0000
1988-05-31T00:00:00	Balanced	1.2800
1988-05-31T00:00:00	Growth	0.0000
1988-05-31T00:00:00	Cash	0.0000
1988-05-31T00:00:00	Bonds	0.0000
1988-05-31T00:00:00	Australian Shares	0.0000
1988-05-31T00:00:00	International Shares	0.0000
1988-05-31T00:00:00	International Shares - Indexed	0.0000
1988-04-30T00:00:00	Stable	0.0000
1988-04-30T00:00:00	Conservative	0.0000
1988-04-30T00:00:00	SRI - Balanced	0.0000
1988-04-30T00:00:00	Indexed Balanced	0.0000
1988-04-30T00:00:00	Balanced	1.2800
1988-04-30T00:00:00	Growth	0.0000
1988-04-30T00:00:00	Cash	0.0000
1988-04-30T00:00:00	Bonds	0.0000
1988-04-30T00:00:00	Australian Shares	0.0000
1988-04-30T00:00:00	International Shares	0.0000
1988-04-30T00:00:00	International Shares - Indexed	0.0000
1988-03-31T00:00:00	Stable	0.0000
1988-03-31T00:00:00	Conservative	0.0000
1988-03-31T00:00:00	SRI - Balanced	0.0000
1988-03-31T00:00:00	Indexed Balanced	0.0000
1988-03-31T00:00:00	Balanced	1.2800
1988-03-31T00:00:00	Growth	0.0000
1988-03-31T00:00:00	Cash	0.0000
1988-03-31T00:00:00	Bonds	0.0000
1988-03-31T00:00:00	Australian Shares	0.0000
1988-03-31T00:00:00	International Shares	0.0000
1988-03-31T00:00:00	International Shares - Indexed	0.0000
