date	name	value
2026-09-19	CapitalStable	4.524
2026-09-19	Balanced	6.0888
2026-09-19	Cash	2.6554
2026-09-19	SustainableGrowth	1.5307
2026-09-19	CoreStrategy	2.8724
2026-09-19	OverseasSharesIndexed	2.5304
2026-09-19	AustralianSharesIndexed	1.9924
2026-09-19	HighGrowth	10.871
2026-09-19	BalancedIndexed	1.91
2026-09-18	CapitalStable	4.5096
2026-09-18	Balanced	6.0623
2026-09-18	Cash	2.655
2026-09-18	SustainableGrowth	1.5208
2026-09-18	CoreStrategy	2.8574
2026-09-18	OverseasSharesIndexed	2.5026
2026-09-18	AustralianSharesIndexed	1.9844
2026-09-18	HighGrowth	10.8037
2026-09-18	BalancedIndexed	1.8978
2026-09-17	CapitalStable	4.5071
2026-09-17	Balanced	6.061
2026-09-17	Cash	2.6548
2026-09-17	SustainableGrowth	1.5217
2026-09-17	CoreStrategy	2.8577
2026-09-17	OverseasSharesIndexed	2.5081
2026-09-17	AustralianSharesIndexed	1.9795
2026-09-17	HighGrowth	10.8071
2026-09-17	BalancedIndexed	1.8972
2026-09-16	CapitalStable	4.5157
2026-09-16	Balanced	6.0775
2026-09-16	Cash	2.6544
2026-09-16	SustainableGrowth	1.5275
2026-09-16	CoreStrategy	2.8677
2026-09-16	OverseasSharesIndexed	2.5203
2026-09-16	AustralianSharesIndexed	1.9945
2026-09-16	HighGrowth	10.8519
2026-09-16	BalancedIndexed	1.9063
2026-09-15	CapitalStable	4.5139
2026-09-15	Balanced	6.0763
2026-09-15	Cash	2.6535
2026-09-15	SustainableGrowth	1.5272
2026-09-15	CoreStrategy	2.8678
2026-09-15	OverseasSharesIndexed	2.5179
2026-09-15	AustralianSharesIndexed	1.9929
2026-09-15	HighGrowth	10.851
2026-09-15	BalancedIndexed	1.9067
2026-09-12	CapitalStable	4.5196
2026-09-12	Balanced	6.0826
2026-09-12	Cash	2.6533
2026-09-12	SustainableGrowth	1.5253
2026-09-12	CoreStrategy	2.8699
2026-09-12	OverseasSharesIndexed	2.5046
2026-09-12	AustralianSharesIndexed	2.0088
2026-09-12	HighGrowth	10.8604
2026-09-12	BalancedIndexed	1.9075
2026-09-11	CapitalStable	4.5259
2026-09-11	Balanced	6.0944
2026-09-11	Cash	2.6528
2026-09-11	SustainableGrowth	1.529
2026-09-11	CoreStrategy	2.8772
2026-09-11	OverseasSharesIndexed	2.4993
2026-09-11	AustralianSharesIndexed	2.0271
2026-09-11	HighGrowth	10.8891
2026-09-11	BalancedIndexed	1.9149
2026-09-10	CapitalStable	4.5319
2026-09-10	Balanced	6.106
2026-09-10	Cash	2.6526
2026-09-10	SustainableGrowth	1.5357
2026-09-10	CoreStrategy	2.8843
2026-09-10	OverseasSharesIndexed	2.5149
2026-09-10	AustralianSharesIndexed	2.0275
2026-09-10	HighGrowth	10.9191
2026-09-10	BalancedIndexed	1.9208
2026-09-09	CapitalStable	4.5386
2026-09-09	Balanced	6.1239
2026-09-09	Cash	2.6524
2026-09-09	SustainableGrowth	1.5449
2026-09-09	CoreStrategy	2.8966
2026-09-09	OverseasSharesIndexed	2.5286
2026-09-09	AustralianSharesIndexed	2.0449
2026-09-09	HighGrowth	10.9786
2026-09-09	BalancedIndexed	1.9303
2026-09-08	CapitalStable	4.539
2026-09-08	Balanced	6.1235
2026-09-08	Cash	2.6515
2026-09-08	SustainableGrowth	1.5463
2026-09-08	CoreStrategy	2.896
2026-09-08	OverseasSharesIndexed	2.5302
2026-09-08	AustralianSharesIndexed	2.0438
2026-09-08	HighGrowth	10.9753
2026-09-08	BalancedIndexed	1.9304
2026-09-05	CapitalStable	4.5399
2026-09-05	Balanced	6.1269
2026-09-05	Cash	2.6511
2026-09-05	SustainableGrowth	1.5472
2026-09-05	CoreStrategy	2.8986
2026-09-05	OverseasSharesIndexed	2.5393
2026-09-05	AustralianSharesIndexed	2.0457
2026-09-05	HighGrowth	10.9886
2026-09-05	BalancedIndexed	1.9331
2026-09-04	CapitalStable	4.5292
2026-09-04	Balanced	6.1052
2026-09-04	Cash	2.6506
2026-09-04	SustainableGrowth	1.5383
2026-09-04	CoreStrategy	2.8851
2026-09-04	OverseasSharesIndexed	2.5202
2026-09-04	AustralianSharesIndexed	2.0314
2026-09-04	HighGrowth	10.9283
2026-09-04	BalancedIndexed	1.921
2026-09-03	CapitalStable	4.5357
2026-09-03	Balanced	6.1172
2026-09-03	Cash	2.6504
2026-09-03	SustainableGrowth	1.5409
2026-09-03	CoreStrategy	2.8921
2026-09-03	OverseasSharesIndexed	2.5195
2026-09-03	AustralianSharesIndexed	2.0483
2026-09-03	HighGrowth	10.9612
2026-09-03	BalancedIndexed	1.9257
2026-09-02	CapitalStable	4.5406
2026-09-02	Balanced	6.1243
2026-09-02	Cash	2.6502
2026-09-02	SustainableGrowth	1.546
2026-09-02	CoreStrategy	2.8958
2026-09-02	OverseasSharesIndexed	2.5319
2026-09-02	AustralianSharesIndexed	2.0479
2026-09-02	HighGrowth	10.9743
2026-09-02	BalancedIndexed	1.9313
2026-09-01	CapitalStable	4.5413
2026-09-01	Balanced	6.1279
2026-09-01	Cash	2.6493
2026-09-01	SustainableGrowth	1.5467
2026-09-01	CoreStrategy	2.8988
2026-09-01	OverseasSharesIndexed	2.5344
2026-09-01	AustralianSharesIndexed	2.0512
2026-09-01	HighGrowth	10.9876
2026-09-01	BalancedIndexed	1.9341
2026-08-29	CapitalStable	4.5412
2026-08-29	Balanced	6.1249
2026-08-29	Cash	2.6489
2026-08-29	SustainableGrowth	1.5462
2026-08-29	CoreStrategy	2.896
2026-08-29	OverseasSharesIndexed	2.5357
2026-08-29	AustralianSharesIndexed	2.0405
2026-08-29	HighGrowth	10.9719
2026-08-29	BalancedIndexed	1.932
2026-08-28	CapitalStable	4.5469
2026-08-28	Balanced	6.1351
2026-08-28	Cash	2.6486
2026-08-28	SustainableGrowth	1.5477
2026-08-28	CoreStrategy	2.902
2026-08-28	OverseasSharesIndexed	2.534
2026-08-28	AustralianSharesIndexed	2.0587
2026-08-28	HighGrowth	11.0021
2026-08-28	BalancedIndexed	1.9359
2026-08-27	CapitalStable	4.5495
2026-08-27	Balanced	6.1403
2026-08-27	Cash	2.6482
2026-08-27	SustainableGrowth	1.5479
2026-08-27	CoreStrategy	2.9052
2026-08-27	OverseasSharesIndexed	2.5383
2026-08-27	AustralianSharesIndexed	2.0649
2026-08-27	HighGrowth	11.0174
2026-08-27	BalancedIndexed	1.9389
2026-08-26	CapitalStable	4.5429
2026-08-26	Balanced	6.1265
2026-08-26	Cash	2.648
2026-08-26	SustainableGrowth	1.5426
2026-08-26	CoreStrategy	2.8964
2026-08-26	OverseasSharesIndexed	2.5312
2026-08-26	AustralianSharesIndexed	2.0522
2026-08-26	HighGrowth	10.9782
2026-08-26	BalancedIndexed	1.932
2026-08-25	CapitalStable	4.5395
2026-08-25	Balanced	6.1219
2026-08-25	Cash	2.6471
2026-08-25	SustainableGrowth	1.5422
2026-08-25	CoreStrategy	2.8941
2026-08-25	OverseasSharesIndexed	2.5334
2026-08-25	AustralianSharesIndexed	2.0422
2026-08-25	HighGrowth	10.9681
2026-08-25	BalancedIndexed	1.9298
2026-08-22	CapitalStable	4.5416
2026-08-22	Balanced	6.1228
2026-08-22	Cash	2.6467
2026-08-22	SustainableGrowth	1.5406
2026-08-22	CoreStrategy	2.8939
2026-08-22	OverseasSharesIndexed	2.5361
2026-08-22	AustralianSharesIndexed	2.0473
2026-08-22	HighGrowth	10.9669
2026-08-22	BalancedIndexed	1.9305
2026-08-21	CapitalStable	4.5408
2026-08-21	Balanced	6.1232
2026-08-21	Cash	2.6465
2026-08-21	SustainableGrowth	1.5449
2026-08-21	CoreStrategy	2.8948
2026-08-21	OverseasSharesIndexed	2.5504
2026-08-21	AustralianSharesIndexed	2.0404
2026-08-21	HighGrowth	10.9697
2026-08-21	BalancedIndexed	1.9331
2026-08-20	CapitalStable	4.5394
2026-08-20	Balanced	6.1238
2026-08-20	Cash	2.6462
2026-08-20	SustainableGrowth	1.547
2026-08-20	CoreStrategy	2.8962
2026-08-20	OverseasSharesIndexed	2.5554
2026-08-20	AustralianSharesIndexed	2.041
2026-08-20	HighGrowth	10.9789
2026-08-20	BalancedIndexed	1.9338
2026-08-19	CapitalStable	4.5441
2026-08-19	Balanced	6.1327
2026-08-19	Cash	2.6458
2026-08-19	SustainableGrowth	1.5534
2026-08-19	CoreStrategy	2.9015
2026-08-19	OverseasSharesIndexed	2.5684
2026-08-19	AustralianSharesIndexed	2.0414
2026-08-19	HighGrowth	11.001
2026-08-19	BalancedIndexed	1.9395
2026-08-18	CapitalStable	4.5503
2026-08-18	Balanced	6.1457
2026-08-18	Cash	2.6449
2026-08-18	SustainableGrowth	1.5599
2026-08-18	CoreStrategy	2.9095
2026-08-18	OverseasSharesIndexed	2.5851
2026-08-18	AustralianSharesIndexed	2.0488
2026-08-18	HighGrowth	11.0387
2026-08-18	BalancedIndexed	1.9468
2026-08-15	CapitalStable	4.5562
2026-08-15	Balanced	6.1573
2026-08-15	Cash	2.6445
2026-08-15	SustainableGrowth	1.5648
2026-08-15	CoreStrategy	2.9166
2026-08-15	OverseasSharesIndexed	2.596
2026-08-15	AustralianSharesIndexed	2.0633
2026-08-15	HighGrowth	11.0717
2026-08-15	BalancedIndexed	1.9541
2026-08-14	CapitalStable	4.5501
2026-08-14	Balanced	6.1466
2026-08-14	Cash	2.6445
2026-08-14	SustainableGrowth	1.5614
2026-08-14	CoreStrategy	2.9104
2026-08-14	OverseasSharesIndexed	2.5814
2026-08-14	AustralianSharesIndexed	2.0664
2026-08-14	HighGrowth	11.0459
2026-08-14	BalancedIndexed	1.9495
2026-08-13	CapitalStable	4.5499
2026-08-13	Balanced	6.1467
2026-08-13	Cash	2.644
2026-08-13	SustainableGrowth	1.5603
2026-08-13	CoreStrategy	2.9106
2026-08-13	OverseasSharesIndexed	2.5772
2026-08-13	AustralianSharesIndexed	2.0749
2026-08-13	HighGrowth	11.0481
2026-08-13	BalancedIndexed	1.9501
2026-08-12	CapitalStable	4.5511
2026-08-12	Balanced	6.1491
2026-08-12	Cash	2.6436
2026-08-12	SustainableGrowth	1.5619
2026-08-12	CoreStrategy	2.9119
2026-08-12	OverseasSharesIndexed	2.5826
2026-08-12	AustralianSharesIndexed	2.0712
2026-08-12	HighGrowth	11.0549
2026-08-12	BalancedIndexed	1.9509
2026-08-11	CapitalStable	4.5511
2026-08-11	Balanced	6.1486
2026-08-11	Cash	2.6427
2026-08-11	SustainableGrowth	1.5648
2026-08-11	CoreStrategy	2.9116
2026-08-11	OverseasSharesIndexed	2.5835
2026-08-11	AustralianSharesIndexed	2.0766
2026-08-11	HighGrowth	11.0534
2026-08-11	BalancedIndexed	1.9527
2026-08-08	CapitalStable	4.5498
2026-08-08	Balanced	6.1434
2026-08-08	Cash	2.6425
2026-08-08	SustainableGrowth	1.5616
2026-08-08	CoreStrategy	2.9075
2026-08-08	OverseasSharesIndexed	2.5739
2026-08-08	AustralianSharesIndexed	2.078
2026-08-08	HighGrowth	11.0356
2026-08-08	BalancedIndexed	1.9493
2026-08-07	CapitalStable	4.5501
2026-08-07	Balanced	6.1432
2026-08-07	Cash	2.6423
2026-08-07	SustainableGrowth	1.5593
2026-08-07	CoreStrategy	2.9071
2026-08-07	OverseasSharesIndexed	2.572
2026-08-07	AustralianSharesIndexed	2.0693
2026-08-07	HighGrowth	11.0311
2026-08-07	BalancedIndexed	1.947
2026-08-06	CapitalStable	4.5432
2026-08-06	Balanced	6.1303
2026-08-06	Cash	2.6419
2026-08-06	SustainableGrowth	1.556
2026-08-06	CoreStrategy	2.8996
2026-08-06	OverseasSharesIndexed	2.5756
2026-08-06	AustralianSharesIndexed	2.052
2026-08-06	HighGrowth	10.9965
2026-08-06	BalancedIndexed	1.9419
2026-08-05	CapitalStable	4.5331
2026-08-05	Balanced	6.1043
2026-08-05	Cash	2.6415
2026-08-05	SustainableGrowth	1.541
2026-08-05	CoreStrategy	2.8818
2026-08-05	OverseasSharesIndexed	2.5548
2026-08-05	AustralianSharesIndexed	2.026
2026-08-05	HighGrowth	10.9143
2026-08-05	BalancedIndexed	1.9248
2026-08-04	CapitalStable	4.5219
2026-08-04	Balanced	6.0808
2026-08-04	Cash	2.6406
2026-08-04	SustainableGrowth	1.5311
2026-08-04	CoreStrategy	2.8672
2026-08-04	OverseasSharesIndexed	2.5188
2026-08-04	AustralianSharesIndexed	2.0171
2026-08-04	HighGrowth	10.8465
2026-08-04	BalancedIndexed	1.9112
2026-08-01	CapitalStable	4.5162
2026-08-01	Balanced	6.0682
2026-08-01	Cash	2.6406
2026-08-01	SustainableGrowth	1.5313
2026-08-01	CoreStrategy	2.8592
2026-08-01	OverseasSharesIndexed	2.5114
2026-08-01	AustralianSharesIndexed	2.0147
2026-08-01	HighGrowth	10.811
2026-08-01	BalancedIndexed	1.9068
2026-07-31	CapitalStable	4.5167
2026-07-31	Balanced	6.0664
2026-07-31	Cash	2.6401
2026-07-31	SustainableGrowth	1.5283
2026-07-31	CoreStrategy	2.8577
2026-07-31	OverseasSharesIndexed	2.5003
2026-07-31	AustralianSharesIndexed	2.0292
2026-07-31	HighGrowth	10.8047
2026-07-31	BalancedIndexed	1.905
2026-07-30	CapitalStable	4.5152
2026-07-30	Balanced	6.0653
2026-07-30	Cash	2.6397
2026-07-30	SustainableGrowth	1.5314
2026-07-30	CoreStrategy	2.8576
2026-07-30	OverseasSharesIndexed	2.5139
2026-07-30	AustralianSharesIndexed	2.0112
2026-07-30	HighGrowth	10.7998
2026-07-30	BalancedIndexed	1.9064
2026-07-29	CapitalStable	4.5105
2026-07-29	Balanced	6.0563
2026-07-29	Cash	2.6395
2026-07-29	SustainableGrowth	1.5239
2026-07-29	CoreStrategy	2.8522
2026-07-29	OverseasSharesIndexed	2.5039
2026-07-29	AustralianSharesIndexed	2.0005
2026-07-29	HighGrowth	10.7737
2026-07-29	BalancedIndexed	1.9005
2026-07-28	CapitalStable	4.4972
2026-07-28	Balanced	6.0319
2026-07-28	Cash	2.6386
2026-07-28	SustainableGrowth	1.5149
2026-07-28	CoreStrategy	2.8383
2026-07-28	OverseasSharesIndexed	2.5024
2026-07-28	AustralianSharesIndexed	1.9759
2026-07-28	HighGrowth	10.712
2026-07-28	BalancedIndexed	1.8913
2026-07-25	CapitalStable	4.5034
2026-07-25	Balanced	6.0436
2026-07-25	Cash	2.6384
2026-07-25	SustainableGrowth	1.5167
2026-07-25	CoreStrategy	2.8452
2026-07-25	OverseasSharesIndexed	2.5043
2026-07-25	AustralianSharesIndexed	1.99
2026-07-25	HighGrowth	10.745
2026-07-25	BalancedIndexed	1.8959
2026-07-24	CapitalStable	4.509
2026-07-24	Balanced	6.0553
2026-07-24	Cash	2.638
2026-07-24	SustainableGrowth	1.5205
2026-07-24	CoreStrategy	2.8523
2026-07-24	OverseasSharesIndexed	2.5229
2026-07-24	AustralianSharesIndexed	1.9866
2026-07-24	HighGrowth	10.7758
2026-07-24	BalancedIndexed	1.9026
2026-07-23	CapitalStable	4.5097
2026-07-23	Balanced	6.0551
2026-07-23	Cash	2.6377
2026-07-23	SustainableGrowth	1.5196
2026-07-23	CoreStrategy	2.8515
2026-07-23	OverseasSharesIndexed	2.5194
2026-07-23	AustralianSharesIndexed	1.9807
2026-07-23	HighGrowth	10.7709
2026-07-23	BalancedIndexed	1.9005
2026-07-22	CapitalStable	4.5036
2026-07-22	Balanced	6.0405
2026-07-22	Cash	2.6375
2026-07-22	SustainableGrowth	1.5146
2026-07-22	CoreStrategy	2.8421
2026-07-22	OverseasSharesIndexed	2.5001
2026-07-22	AustralianSharesIndexed	1.98
2026-07-22	HighGrowth	10.7273
2026-07-22	BalancedIndexed	1.8932
2026-07-21	CapitalStable	4.5087
2026-07-21	Balanced	6.0485
2026-07-21	Cash	2.6364
2026-07-21	SustainableGrowth	1.5177
2026-07-21	CoreStrategy	2.8464
2026-07-21	OverseasSharesIndexed	2.514
2026-07-21	AustralianSharesIndexed	1.981
2026-07-21	HighGrowth	10.7457
2026-07-21	BalancedIndexed	1.8977
2026-07-18	CapitalStable	4.5149
2026-07-18	Balanced	6.0652
2026-07-18	Cash	2.6362
2026-07-18	SustainableGrowth	1.5247
2026-07-18	CoreStrategy	2.8577
2026-07-18	OverseasSharesIndexed	2.529
2026-07-18	AustralianSharesIndexed	1.9908
2026-07-18	HighGrowth	10.7991
2026-07-18	BalancedIndexed	1.9068
2026-07-17	CapitalStable	4.5183
2026-07-17	Balanced	6.0735
2026-07-17	Cash	2.6358
2026-07-17	SustainableGrowth	1.5262
2026-07-17	CoreStrategy	2.8631
2026-07-17	OverseasSharesIndexed	2.5415
2026-07-17	AustralianSharesIndexed	1.9907
2026-07-17	HighGrowth	10.8246
2026-07-17	BalancedIndexed	1.9108
2026-07-16	CapitalStable	4.5137
2026-07-16	Balanced	6.0631
2026-07-16	Cash	2.6355
2026-07-16	SustainableGrowth	1.5254
2026-07-16	CoreStrategy	2.8564
2026-07-16	OverseasSharesIndexed	2.5362
2026-07-16	AustralianSharesIndexed	1.984
2026-07-16	HighGrowth	10.7941
2026-07-16	BalancedIndexed	1.906
2026-07-15	CapitalStable	4.5152
2026-07-15	Balanced	6.0648
2026-07-15	Cash	2.6353
2026-07-15	SustainableGrowth	1.5268
2026-07-15	CoreStrategy	2.857
2026-07-15	OverseasSharesIndexed	2.5435
2026-07-15	AustralianSharesIndexed	1.984
2026-07-15	HighGrowth	10.7983
2026-07-15	BalancedIndexed	1.9065
2026-07-14	CapitalStable	4.5195
2026-07-14	Balanced	6.0742
2026-07-14	Cash	2.6342
2026-07-14	SustainableGrowth	1.5305
2026-07-14	CoreStrategy	2.863
2026-07-14	OverseasSharesIndexed	2.5551
2026-07-14	AustralianSharesIndexed	1.9838
2026-07-14	HighGrowth	10.8252
2026-07-14	BalancedIndexed	1.9114
2026-07-11	CapitalStable	4.5143
2026-07-11	Balanced	6.0646
2026-07-11	Cash	2.634
2026-07-11	SustainableGrowth	1.5269
2026-07-11	CoreStrategy	2.8574
2026-07-11	OverseasSharesIndexed	2.549
2026-07-11	AustralianSharesIndexed	1.9749
2026-07-11	HighGrowth	10.7998
2026-07-11	BalancedIndexed	1.9059
2026-07-10	CapitalStable	4.5111
2026-07-10	Balanced	6.0582
2026-07-10	Cash	2.6338
2026-07-10	SustainableGrowth	1.5235
2026-07-10	CoreStrategy	2.8534
2026-07-10	OverseasSharesIndexed	2.5443
2026-07-10	AustralianSharesIndexed	1.981
2026-07-10	HighGrowth	10.7846
2026-07-10	BalancedIndexed	1.9063
2026-07-09	CapitalStable	4.5175
2026-07-09	Balanced	6.0688
2026-07-09	Cash	2.6333
2026-07-09	SustainableGrowth	1.5262
2026-07-09	CoreStrategy	2.8593
2026-07-09	OverseasSharesIndexed	2.5517
2026-07-09	AustralianSharesIndexed	1.9849
2026-07-09	HighGrowth	10.8072
2026-07-09	BalancedIndexed	1.9119
2026-07-08	CapitalStable	4.5239
2026-07-08	Balanced	6.0808
2026-07-08	Cash	2.6331
2026-07-08	SustainableGrowth	1.5306
2026-07-08	CoreStrategy	2.8664
2026-07-08	OverseasSharesIndexed	2.5636
2026-07-08	AustralianSharesIndexed	1.9905
2026-07-08	HighGrowth	10.8381
2026-07-08	BalancedIndexed	1.9183
2026-07-07	CapitalStable	4.5209
2026-07-07	Balanced	6.0737
2026-07-07	Cash	2.6322
2026-07-07	SustainableGrowth	1.5284
2026-07-07	CoreStrategy	2.8619
2026-07-07	OverseasSharesIndexed	2.5531
2026-07-07	AustralianSharesIndexed	1.9929
2026-07-07	HighGrowth	10.8176
2026-07-07	BalancedIndexed	1.9148
2026-07-04	CapitalStable	4.5127
2026-07-04	Balanced	6.0545
2026-07-04	Cash	2.632
2026-07-04	SustainableGrowth	1.5213
2026-07-04	CoreStrategy	2.8494
2026-07-04	OverseasSharesIndexed	2.5488
2026-07-04	AustralianSharesIndexed	1.9687
2026-07-04	HighGrowth	10.7577
2026-07-04	BalancedIndexed	1.906
2026-07-03	CapitalStable	4.5154
2026-07-03	Balanced	6.0579
2026-07-03	Cash	2.6316
2026-07-03	SustainableGrowth	1.5208
2026-07-03	CoreStrategy	2.8506
2026-07-03	OverseasSharesIndexed	2.5503
2026-07-03	AustralianSharesIndexed	1.9684
2026-07-03	HighGrowth	10.7636
2026-07-03	BalancedIndexed	1.9057
2026-07-02	CapitalStable	4.5179
2026-07-02	Balanced	6.0626
2026-07-02	Cash	2.6311
2026-07-02	SustainableGrowth	1.5251
2026-07-02	CoreStrategy	2.8538
2026-07-02	OverseasSharesIndexed	2.547
2026-07-02	AustralianSharesIndexed	1.9797
2026-07-02	HighGrowth	10.7767
2026-07-02	BalancedIndexed	1.9096
2026-07-01	CapitalStable	4.5177
2026-07-01	Balanced	6.0595
2026-07-01	Cash	2.6312
2026-07-01	SustainableGrowth	1.5251
2026-07-01	CoreStrategy	2.8498
2026-07-01	OverseasSharesIndexed	2.5458
2026-07-01	AustralianSharesIndexed	1.9882
2026-07-01	HighGrowth	10.7522
2026-07-01	BalancedIndexed	1.9093
2026-06-30	CapitalStable	4.5179
2026-06-30	Balanced	6.0626
2026-06-30	Cash	2.6311
2026-06-30	SustainableGrowth	1.5251
2026-06-30	CoreStrategy	2.8538
2026-06-30	OverseasSharesIndexed	2.547
2026-06-30	AustralianSharesIndexed	1.9797
2026-06-30	HighGrowth	10.7767
2026-06-30	BalancedIndexed	1.9096
2026-06-27	CapitalStable	4.505
2026-06-27	Balanced	6.0329
2026-06-27	Cash	2.6298
2026-06-27	SustainableGrowth	1.5175
2026-06-27	CoreStrategy	2.8329
2026-06-27	OverseasSharesIndexed	2.5189
2026-06-27	AustralianSharesIndexed	1.9711
2026-06-27	HighGrowth	10.6748
2026-06-27	BalancedIndexed	1.8965
2026-06-26	CapitalStable	4.5048
2026-06-26	Balanced	6.0359
2026-06-26	Cash	2.6294
2026-06-26	SustainableGrowth	1.5183
2026-06-26	CoreStrategy	2.8355
2026-06-26	OverseasSharesIndexed	2.5188
2026-06-26	AustralianSharesIndexed	1.9832
2026-06-26	HighGrowth	10.6915
2026-06-26	BalancedIndexed	1.8989
2026-06-25	CapitalStable	4.4992
2026-06-25	Balanced	6.0267
2026-06-25	Cash	2.6292
2026-06-25	SustainableGrowth	1.5146
2026-06-25	CoreStrategy	2.8305
2026-06-25	OverseasSharesIndexed	2.5109
2026-06-25	AustralianSharesIndexed	1.9789
2026-06-25	HighGrowth	10.67
2026-06-25	BalancedIndexed	1.8959
2026-06-24	CapitalStable	4.4998
2026-06-24	Balanced	6.0359
2026-06-24	Cash	2.629
2026-06-24	SustainableGrowth	1.5225
2026-06-24	CoreStrategy	2.84
2026-06-24	OverseasSharesIndexed	2.5178
2026-06-24	AustralianSharesIndexed	1.9854
2026-06-24	HighGrowth	10.7158
2026-06-24	BalancedIndexed	1.9036
2026-06-23	CapitalStable	4.5006
2026-06-23	Balanced	6.0389
2026-06-23	Cash	2.6281
2026-06-23	SustainableGrowth	1.5219
2026-06-23	CoreStrategy	2.8421
2026-06-23	OverseasSharesIndexed	2.5196
2026-06-23	AustralianSharesIndexed	1.9883
2026-06-23	HighGrowth	10.727
2026-06-23	BalancedIndexed	1.9051
2026-06-20	CapitalStable	4.5046
2026-06-20	Balanced	6.0464
2026-06-20	Cash	2.6276
2026-06-20	SustainableGrowth	1.5233
2026-06-20	CoreStrategy	2.8468
2026-06-20	OverseasSharesIndexed	2.5145
2026-06-20	AustralianSharesIndexed	2.0043
2026-06-20	HighGrowth	10.7489
2026-06-20	BalancedIndexed	1.9095
2026-06-19	CapitalStable	4.5012
2026-06-19	Balanced	6.0386
2026-06-19	Cash	2.6274
2026-06-19	SustainableGrowth	1.5197
2026-06-19	CoreStrategy	2.8411
2026-06-19	OverseasSharesIndexed	2.4899
2026-06-19	AustralianSharesIndexed	2.0158
2026-06-19	HighGrowth	10.7226
2026-06-19	BalancedIndexed	1.9048
2026-06-18	CapitalStable	4.5006
2026-06-18	Balanced	6.0391
2026-06-18	Cash	2.627
2026-06-18	SustainableGrowth	1.5204
2026-06-18	CoreStrategy	2.8425
2026-06-18	OverseasSharesIndexed	2.5051
2026-06-18	AustralianSharesIndexed	2.0055
2026-06-18	HighGrowth	10.7257
2026-06-18	BalancedIndexed	1.9072
2026-06-17	CapitalStable	4.5009
2026-06-17	Balanced	6.0411
2026-06-17	Cash	2.6268
2026-06-17	SustainableGrowth	1.5221
2026-06-17	CoreStrategy	2.8444
2026-06-17	OverseasSharesIndexed	2.5109
2026-06-17	AustralianSharesIndexed	2.0043
2026-06-17	HighGrowth	10.7348
2026-06-17	BalancedIndexed	1.9093
2026-06-16	CapitalStable	4.4897
2026-06-16	Balanced	6.0137
2026-06-16	Cash	2.6259
2026-06-16	SustainableGrowth	1.5077
2026-06-16	CoreStrategy	2.8248
2026-06-16	OverseasSharesIndexed	2.4867
2026-06-16	AustralianSharesIndexed	1.9813
2026-06-16	HighGrowth	10.6444
2026-06-16	BalancedIndexed	1.892
2026-06-13	CapitalStable	4.4792
2026-06-13	Balanced	5.9906
2026-06-13	Cash	2.6257
2026-06-13	SustainableGrowth	1.4974
2026-06-13	CoreStrategy	2.8093
2026-06-13	OverseasSharesIndexed	2.488
2026-06-13	AustralianSharesIndexed	1.9466
2026-06-13	HighGrowth	10.5707
2026-06-13	BalancedIndexed	1.8786
2026-06-12	CapitalStable	4.4697
2026-06-12	Balanced	5.9699
2026-06-12	Cash	2.6252
2026-06-12	SustainableGrowth	1.4876
2026-06-12	CoreStrategy	2.7953
2026-06-12	OverseasSharesIndexed	2.4465
2026-06-12	AustralianSharesIndexed	1.9505
2026-06-12	HighGrowth	10.5097
2026-06-12	BalancedIndexed	1.866
2026-06-11	CapitalStable	4.4718
2026-06-11	Balanced	5.9788
2026-06-11	Cash	2.625
2026-06-11	SustainableGrowth	1.4924
2026-06-11	CoreStrategy	2.8033
2026-06-11	OverseasSharesIndexed	2.4706
2026-06-11	AustralianSharesIndexed	1.9415
2026-06-11	HighGrowth	10.5452
2026-06-11	BalancedIndexed	1.873
2026-06-10	CapitalStable	4.4693
2026-06-10	Balanced	5.9756
2026-06-10	Cash	2.6248
2026-06-10	SustainableGrowth	1.4904
2026-06-10	CoreStrategy	2.8017
2026-06-10	OverseasSharesIndexed	2.4697
2026-06-10	AustralianSharesIndexed	1.9462
2026-06-10	HighGrowth	10.541
2026-06-10	BalancedIndexed	1.8745
2026-06-06	CapitalStable	4.4795
2026-06-06	Balanced	6.003
2026-06-06	Cash	2.6235
2026-06-06	SustainableGrowth	1.5012
2026-06-06	CoreStrategy	2.8227
2026-06-06	OverseasSharesIndexed	2.4949
2026-06-06	AustralianSharesIndexed	1.9582
2026-06-06	HighGrowth	10.6351
2026-06-06	BalancedIndexed	1.8911
2026-06-05	CapitalStable	4.4808
2026-06-05	Balanced	6.0082
2026-06-05	Cash	2.6233
2026-06-05	SustainableGrowth	1.5021
2026-06-05	CoreStrategy	2.8266
2026-06-05	OverseasSharesIndexed	2.4838
2026-06-05	AustralianSharesIndexed	1.9784
2026-06-05	HighGrowth	10.6578
2026-06-05	BalancedIndexed	1.893
2026-06-04	CapitalStable	4.4803
2026-06-04	Balanced	6.0061
2026-06-04	Cash	2.6228
2026-06-04	SustainableGrowth	1.5025
2026-06-04	CoreStrategy	2.8256
2026-06-04	OverseasSharesIndexed	2.4834
2026-06-04	AustralianSharesIndexed	1.9671
2026-06-04	HighGrowth	10.6489
2026-06-04	BalancedIndexed	1.8912
2026-06-03	CapitalStable	4.4791
2026-06-03	Balanced	6.0055
2026-06-03	Cash	2.6224
2026-06-03	SustainableGrowth	1.5049
2026-06-03	CoreStrategy	2.8251
2026-06-03	OverseasSharesIndexed	2.4885
2026-06-03	AustralianSharesIndexed	1.9681
2026-06-03	HighGrowth	10.6509
2026-06-03	BalancedIndexed	1.8908
2026-06-02	CapitalStable	4.477
2026-06-02	Balanced	5.9956
2026-06-02	Cash	2.6222
2026-06-02	SustainableGrowth	1.4997
2026-06-02	CoreStrategy	2.8175
2026-06-02	OverseasSharesIndexed	2.4726
2026-06-02	AustralianSharesIndexed	1.9683
2026-06-02	HighGrowth	10.6111
2026-06-02	BalancedIndexed	1.8883
2026-05-30	CapitalStable	4.4705
2026-05-30	Balanced	5.9819
2026-05-30	Cash	2.6213
2026-05-30	SustainableGrowth	1.4924
2026-05-30	CoreStrategy	2.8086
2026-05-30	OverseasSharesIndexed	2.4781
2026-05-30	AustralianSharesIndexed	1.9398
2026-05-30	HighGrowth	10.5675
2026-05-30	BalancedIndexed	1.8793
2026-05-29	CapitalStable	4.4758
2026-05-29	Balanced	5.9939
2026-05-29	Cash	2.6208
2026-05-29	SustainableGrowth	1.4969
2026-05-29	CoreStrategy	2.8164
2026-05-29	OverseasSharesIndexed	2.4765
2026-05-29	AustralianSharesIndexed	1.9647
2026-05-29	HighGrowth	10.6066
2026-05-29	BalancedIndexed	1.8848
2026-05-28	CapitalStable	4.4686
2026-05-28	Balanced	5.9799
2026-05-28	Cash	2.6206
2026-05-28	SustainableGrowth	1.4937
2026-05-28	CoreStrategy	2.8079
2026-05-28	OverseasSharesIndexed	2.4651
2026-05-28	AustralianSharesIndexed	1.9526
2026-05-28	HighGrowth	10.5673
2026-05-28	BalancedIndexed	1.8788
2026-05-27	CapitalStable	4.4671
2026-05-27	Balanced	5.9767
2026-05-27	Cash	2.6204
2026-05-27	SustainableGrowth	1.4912
2026-05-27	CoreStrategy	2.8057
2026-05-27	OverseasSharesIndexed	2.4556
2026-05-27	AustralianSharesIndexed	1.9592
2026-05-27	HighGrowth	10.5605
2026-05-27	BalancedIndexed	1.8775
2026-05-26	CapitalStable	4.4635
2026-05-26	Balanced	5.9721
2026-05-26	Cash	2.6193
2026-05-26	SustainableGrowth	1.4897
2026-05-26	CoreStrategy	2.8032
2026-05-26	OverseasSharesIndexed	2.4632
2026-05-26	AustralianSharesIndexed	1.9516
2026-05-26	HighGrowth	10.5513
2026-05-26	BalancedIndexed	1.875
2026-05-23	CapitalStable	4.457
2026-05-23	Balanced	5.9589
2026-05-23	Cash	2.6191
2026-05-23	SustainableGrowth	1.4833
2026-05-23	CoreStrategy	2.7947
2026-05-23	OverseasSharesIndexed	2.449
2026-05-23	AustralianSharesIndexed	1.9439
2026-05-23	HighGrowth	10.5133
2026-05-23	BalancedIndexed	1.8677
2026-05-22	CapitalStable	4.4452
2026-05-22	Balanced	5.9349
2026-05-22	Cash	2.6186
2026-05-22	SustainableGrowth	1.4744
2026-05-22	CoreStrategy	2.7797
2026-05-22	OverseasSharesIndexed	2.438
2026-05-22	AustralianSharesIndexed	1.918
2026-05-22	HighGrowth	10.4418
2026-05-22	BalancedIndexed	1.8564
2026-05-21	CapitalStable	4.4473
2026-05-21	Balanced	5.9423
2026-05-21	Cash	2.6187
2026-05-21	SustainableGrowth	1.4761
2026-05-21	CoreStrategy	2.7846
2026-05-21	OverseasSharesIndexed	2.4363
2026-05-21	AustralianSharesIndexed	1.9403
2026-05-21	HighGrowth	10.472
2026-05-21	BalancedIndexed	1.8578
2026-05-20	CapitalStable	4.4397
2026-05-20	Balanced	5.9265
2026-05-20	Cash	2.6182
2026-05-20	SustainableGrowth	1.4704
2026-05-20	CoreStrategy	2.7751
2026-05-20	OverseasSharesIndexed	2.4242
2026-05-20	AustralianSharesIndexed	1.9205
2026-05-20	HighGrowth	10.4235
2026-05-20	BalancedIndexed	1.8514
2026-05-19	CapitalStable	4.4452
2026-05-19	Balanced	5.9404
2026-05-19	Cash	2.6173
2026-05-19	SustainableGrowth	1.4763
2026-05-19	CoreStrategy	2.7844
2026-05-19	OverseasSharesIndexed	2.4255
2026-05-19	AustralianSharesIndexed	1.9452
2026-05-19	HighGrowth	10.4706
2026-05-19	BalancedIndexed	1.8587
2026-05-16	CapitalStable	4.4528
2026-05-16	Balanced	5.9527
2026-05-16	Cash	2.6169
2026-05-16	SustainableGrowth	1.4795
2026-05-16	CoreStrategy	2.7921
2026-05-16	OverseasSharesIndexed	2.433
2026-05-16	AustralianSharesIndexed	1.9475
2026-05-16	HighGrowth	10.4982
2026-05-16	BalancedIndexed	1.8665
2026-05-15	CapitalStable	4.4457
2026-05-15	Balanced	5.9394
2026-05-15	Cash	2.6169
2026-05-15	SustainableGrowth	1.4749
2026-05-15	CoreStrategy	2.7837
2026-05-15	OverseasSharesIndexed	2.4102
2026-05-15	AustralianSharesIndexed	1.9454
2026-05-15	HighGrowth	10.4633
2026-05-15	BalancedIndexed	1.8584
2026-05-14	CapitalStable	4.4472
2026-05-14	Balanced	5.9408
2026-05-14	Cash	2.6165
2026-05-14	SustainableGrowth	1.4772
2026-05-14	CoreStrategy	2.7837
2026-05-14	OverseasSharesIndexed	2.4061
2026-05-14	AustralianSharesIndexed	1.9531
2026-05-14	HighGrowth	10.4642
2026-05-14	BalancedIndexed	1.8577
2026-05-13	CapitalStable	4.4511
2026-05-13	Balanced	5.9482
2026-05-13	Cash	2.616
2026-05-13	SustainableGrowth	1.4808
2026-05-13	CoreStrategy	2.7884
2026-05-13	OverseasSharesIndexed	2.4055
2026-05-13	AustralianSharesIndexed	1.9594
2026-05-13	HighGrowth	10.4841
2026-05-13	BalancedIndexed	1.8608
2026-05-12	CapitalStable	4.4531
2026-05-12	Balanced	5.9517
2026-05-12	Cash	2.6151
2026-05-12	SustainableGrowth	1.4828
2026-05-12	CoreStrategy	2.7902
2026-05-12	OverseasSharesIndexed	2.4044
2026-05-12	AustralianSharesIndexed	1.9661
2026-05-12	HighGrowth	10.4927
2026-05-12	BalancedIndexed	1.8622
2026-05-09	CapitalStable	4.4564
2026-05-09	Balanced	5.9583
2026-05-09	Cash	2.6149
2026-05-09	SustainableGrowth	1.4848
2026-05-09	CoreStrategy	2.7943
2026-05-09	OverseasSharesIndexed	2.3916
2026-05-09	AustralianSharesIndexed	1.9907
2026-05-09	HighGrowth	10.5137
2026-05-09	BalancedIndexed	1.8652
2026-05-08	CapitalStable	4.4534
2026-05-08	Balanced	5.9514
2026-05-08	Cash	2.6147
2026-05-08	SustainableGrowth	1.4824
2026-05-08	CoreStrategy	2.7899
2026-05-08	OverseasSharesIndexed	2.4029
2026-05-08	AustralianSharesIndexed	1.9714
2026-05-08	HighGrowth	10.4899
2026-05-08	BalancedIndexed	1.8629
2026-05-07	CapitalStable	4.4418
2026-05-07	Balanced	5.9242
2026-05-07	Cash	2.6143
2026-05-07	SustainableGrowth	1.4687
2026-05-07	CoreStrategy	2.771
2026-05-07	OverseasSharesIndexed	2.383
2026-05-07	AustralianSharesIndexed	1.9485
2026-05-07	HighGrowth	10.4035
2026-05-07	BalancedIndexed	1.8465
2026-05-06	CapitalStable	4.4385
2026-05-06	Balanced	5.9167
2026-05-06	Cash	2.614
2026-05-06	SustainableGrowth	1.4646
2026-05-06	CoreStrategy	2.7658
2026-05-06	OverseasSharesIndexed	2.3692
2026-05-06	AustralianSharesIndexed	1.9522
2026-05-06	HighGrowth	10.3808
2026-05-06	BalancedIndexed	1.8421
2026-05-05	CapitalStable	4.4383
2026-05-05	Balanced	5.9177
2026-05-05	Cash	2.6132
2026-05-05	SustainableGrowth	1.4677
2026-05-05	CoreStrategy	2.7673
2026-05-05	OverseasSharesIndexed	2.3729
2026-05-05	AustralianSharesIndexed	1.9582
2026-05-05	HighGrowth	10.3868
2026-05-05	BalancedIndexed	1.8461
2026-05-02	CapitalStable	4.435
2026-05-02	Balanced	5.9112
2026-05-02	Cash	2.6129
2026-05-02	SustainableGrowth	1.4655
2026-05-02	CoreStrategy	2.7632
2026-05-02	OverseasSharesIndexed	2.3752
2026-05-02	AustralianSharesIndexed	1.9455
2026-05-02	HighGrowth	10.3676
2026-05-02	BalancedIndexed	1.8416
2026-05-01	CapitalStable	4.4349
2026-05-01	Balanced	5.9096
2026-05-01	Cash	2.6127
2026-05-01	SustainableGrowth	1.4611
2026-05-01	CoreStrategy	2.7611
2026-05-01	OverseasSharesIndexed	2.3642
2026-05-01	AustralianSharesIndexed	1.9503
2026-05-01	HighGrowth	10.3607
2026-05-01	BalancedIndexed	1.8382
2026-04-30	CapitalStable	4.4356
2026-04-30	Balanced	5.911
2026-04-30	Cash	2.6123
2026-04-30	SustainableGrowth	1.4607
2026-04-30	CoreStrategy	2.7621
2026-04-30	OverseasSharesIndexed	2.3601
2026-04-30	AustralianSharesIndexed	1.9548
2026-04-30	HighGrowth	10.3639
2026-04-30	BalancedIndexed	1.8391
2026-04-29	CapitalStable	4.4396
2026-04-29	Balanced	5.9205
2026-04-29	Cash	2.6121
2026-04-29	SustainableGrowth	1.4656
2026-04-29	CoreStrategy	2.7686
2026-04-29	OverseasSharesIndexed	2.3632
2026-04-29	AustralianSharesIndexed	1.966
2026-04-29	HighGrowth	10.395
2026-04-29	BalancedIndexed	1.8445
2026-04-28	CapitalStable	4.4433
2026-04-28	Balanced	5.9279
2026-04-28	Cash	2.6112
2026-04-28	SustainableGrowth	1.4678
2026-04-28	CoreStrategy	2.7732
2026-04-28	OverseasSharesIndexed	2.3762
2026-04-28	AustralianSharesIndexed	1.9693
2026-04-28	HighGrowth	10.4161
2026-04-28	BalancedIndexed	1.8483
2026-04-25	CapitalStable	4.4399
2026-04-25	Balanced	5.9199
2026-04-25	Cash	2.611
2026-04-25	SustainableGrowth	1.4651
2026-04-25	CoreStrategy	2.7679
2026-04-25	OverseasSharesIndexed	2.3605
2026-04-25	AustralianSharesIndexed	1.971
2026-04-25	HighGrowth	10.3912
2026-04-25	BalancedIndexed	1.8436
2026-04-24	CapitalStable	4.4446
2026-04-24	Balanced	5.9317
2026-04-24	Cash	2.6105
2026-04-24	SustainableGrowth	1.4717
2026-04-24	CoreStrategy	2.7757
2026-04-24	OverseasSharesIndexed	2.3689
2026-04-24	AustralianSharesIndexed	1.9807
2026-04-24	HighGrowth	10.4303
2026-04-24	BalancedIndexed	1.8497
2026-04-23	CapitalStable	4.4466
2026-04-23	Balanced	5.9351
2026-04-23	Cash	2.6103
2026-04-23	SustainableGrowth	1.4742
2026-04-23	CoreStrategy	2.7777
2026-04-23	OverseasSharesIndexed	2.3534
2026-04-23	AustralianSharesIndexed	2.0019
2026-04-23	HighGrowth	10.4398
2026-04-23	BalancedIndexed	1.8509
2026-04-22	CapitalStable	4.4498
2026-04-22	Balanced	5.9428
2026-04-22	Cash	2.6101
2026-04-22	SustainableGrowth	1.4785
2026-04-22	CoreStrategy	2.783
2026-04-22	OverseasSharesIndexed	2.3699
2026-04-22	AustralianSharesIndexed	2.0023
2026-04-22	HighGrowth	10.4636
2026-04-22	BalancedIndexed	1.8562
2026-04-21	CapitalStable	4.4462
2026-04-21	Balanced	5.9377
2026-04-21	Cash	2.6092
2026-04-21	SustainableGrowth	1.476
2026-04-21	CoreStrategy	2.7807
2026-04-21	OverseasSharesIndexed	2.3646
2026-04-21	AustralianSharesIndexed	2.0009
2026-04-21	HighGrowth	10.4535
2026-04-21	BalancedIndexed	1.855
2026-04-18	CapitalStable	4.4427
2026-04-18	Balanced	5.9296
2026-04-18	Cash	2.609
2026-04-18	SustainableGrowth	1.4695
2026-04-18	CoreStrategy	2.7751
2026-04-18	OverseasSharesIndexed	2.3503
2026-04-18	AustralianSharesIndexed	2.0026
2026-04-18	HighGrowth	10.4298
2026-04-18	BalancedIndexed	1.8487
2026-04-17	CapitalStable	4.4424
2026-04-17	Balanced	5.9272
2026-04-17	Cash	2.6086
2026-04-17	SustainableGrowth	1.4693
2026-04-17	CoreStrategy	2.773
2026-04-17	OverseasSharesIndexed	2.3479
2026-04-17	AustralianSharesIndexed	2.0068
2026-04-17	HighGrowth	10.419
2026-04-17	BalancedIndexed	1.8489
2026-04-16	CapitalStable	4.4399
2026-04-16	Balanced	5.9203
2026-04-16	Cash	2.6086
2026-04-16	SustainableGrowth	1.4656
2026-04-16	CoreStrategy	2.7682
2026-04-16	OverseasSharesIndexed	2.3402
2026-04-16	AustralianSharesIndexed	2.0045
2026-04-16	HighGrowth	10.3952
2026-04-16	BalancedIndexed	1.8447
2026-04-15	CapitalStable	4.4329
2026-04-15	Balanced	5.9069
2026-04-15	Cash	2.6081
2026-04-15	SustainableGrowth	1.4619
2026-04-15	CoreStrategy	2.7596
2026-04-15	OverseasSharesIndexed	2.3353
2026-04-15	AustralianSharesIndexed	1.9953
2026-04-15	HighGrowth	10.3574
2026-04-15	BalancedIndexed	1.8365
2026-04-14	CapitalStable	4.4326
2026-04-14	Balanced	5.903
2026-04-14	Cash	2.6072
2026-04-14	SustainableGrowth	1.4588
2026-04-14	CoreStrategy	2.7565
2026-04-14	OverseasSharesIndexed	2.3144
2026-04-14	AustralianSharesIndexed	2.0031
2026-04-14	HighGrowth	10.3403
2026-04-14	BalancedIndexed	1.8325
2026-04-11	CapitalStable	4.4359
2026-04-11	Balanced	5.9074
2026-04-11	Cash	2.607
2026-04-11	SustainableGrowth	1.4602
2026-04-11	CoreStrategy	2.7585
2026-04-11	OverseasSharesIndexed	2.3195
2026-04-11	AustralianSharesIndexed	2.0053
2026-04-11	HighGrowth	10.3479
2026-04-11	BalancedIndexed	1.8348
2026-04-10	CapitalStable	4.4371
2026-04-10	Balanced	5.9069
2026-04-10	Cash	2.6068
2026-04-10	SustainableGrowth	1.4584
2026-04-10	CoreStrategy	2.7572
2026-04-10	OverseasSharesIndexed	2.3143
2026-04-10	AustralianSharesIndexed	2.0015
2026-04-10	HighGrowth	10.3408
2026-04-10	BalancedIndexed	1.8322
2026-04-09	CapitalStable	4.4141
2026-04-09	Balanced	5.8572
2026-04-09	Cash	2.6064
2026-04-09	SustainableGrowth	1.4336
2026-04-09	CoreStrategy	2.724
2026-04-09	OverseasSharesIndexed	2.2886
2026-04-09	AustralianSharesIndexed	1.9554
2026-04-09	HighGrowth	10.1891
2026-04-09	BalancedIndexed	1.8038
2026-04-08	CapitalStable	4.4086
2026-04-08	Balanced	5.8442
2026-04-08	Cash	2.6064
2026-04-08	SustainableGrowth	1.4298
2026-04-08	CoreStrategy	2.7154
2026-04-08	OverseasSharesIndexed	2.2949
2026-04-08	AustralianSharesIndexed	1.9258
2026-04-08	HighGrowth	10.1457
2026-04-08	BalancedIndexed	1.7968
2026-04-03	CapitalStable	4.413
2026-04-03	Balanced	5.851
2026-04-03	Cash	2.6048
2026-04-03	SustainableGrowth	1.4295
2026-04-03	CoreStrategy	2.719
2026-04-03	OverseasSharesIndexed	2.2836
2026-04-03	AustralianSharesIndexed	1.9451
2026-04-03	HighGrowth	10.1636
2026-04-03	BalancedIndexed	1.7997
2026-04-02	CapitalStable	4.4012
2026-04-02	Balanced	5.8236
2026-04-02	Cash	2.6044
2026-04-02	SustainableGrowth	1.4176
2026-04-02	CoreStrategy	2.7006
2026-04-02	OverseasSharesIndexed	2.2815
2026-04-02	AustralianSharesIndexed	1.9062
2026-04-02	HighGrowth	10.0753
2026-04-02	BalancedIndexed	1.7834
2026-04-01	CapitalStable	4.3855
2026-04-01	Balanced	5.7898
2026-04-01	Cash	2.6042
2026-04-01	SustainableGrowth	1.4021
2026-04-01	CoreStrategy	2.679
2026-04-01	OverseasSharesIndexed	2.233
2026-04-01	AustralianSharesIndexed	1.9013
2026-04-01	HighGrowth	9.9749
2026-04-01	BalancedIndexed	1.7642
2026-03-31	CapitalStable	4.3835
2026-03-31	Balanced	5.7931
2026-03-31	Cash	2.6033
2026-03-31	SustainableGrowth	1.4075
2026-03-31	CoreStrategy	2.6832
2026-03-31	OverseasSharesIndexed	2.2306
2026-03-31	AustralianSharesIndexed	1.9124
2026-03-31	HighGrowth	10.0011
2026-03-31	BalancedIndexed	1.7668
2026-03-28	CapitalStable	4.3822
2026-03-28	Balanced	5.7978
2026-03-28	Cash	2.6033
2026-03-28	SustainableGrowth	1.415
2026-03-28	CoreStrategy	2.6895
2026-03-28	OverseasSharesIndexed	2.2532
2026-03-28	AustralianSharesIndexed	1.915
2026-03-28	HighGrowth	10.0348
2026-03-28	BalancedIndexed	1.7775
2026-03-27	CapitalStable	4.3877
2026-03-27	Balanced	5.8108
2026-03-27	Cash	2.6029
2026-03-27	SustainableGrowth	1.425
2026-03-27	CoreStrategy	2.699
2026-03-27	OverseasSharesIndexed	2.2717
2026-03-27	AustralianSharesIndexed	1.9173
2026-03-27	HighGrowth	10.0764
2026-03-27	BalancedIndexed	1.7885
2026-03-26	CapitalStable	4.3713
2026-03-26	Balanced	5.7781
2026-03-26	Cash	2.6024
2026-03-26	SustainableGrowth	1.4116
2026-03-26	CoreStrategy	2.679
2026-03-26	OverseasSharesIndexed	2.2536
2026-03-26	AustralianSharesIndexed	1.8845
2026-03-26	HighGrowth	9.9839
2026-03-26	BalancedIndexed	1.7716
2026-03-25	CapitalStable	4.3668
2026-03-25	Balanced	5.7712
2026-03-25	Cash	2.6022
2026-03-25	SustainableGrowth	1.4104
2026-03-25	CoreStrategy	2.6758
2026-03-25	OverseasSharesIndexed	2.2467
2026-03-25	AustralianSharesIndexed	1.8817
2026-03-25	HighGrowth	9.9693
2026-03-25	BalancedIndexed	1.7692
2026-03-24	CapitalStable	4.3659
2026-03-24	Balanced	5.7685
2026-03-24	Cash	2.6013
2026-03-24	SustainableGrowth	1.4075
2026-03-24	CoreStrategy	2.6744
2026-03-24	OverseasSharesIndexed	2.2185
2026-03-24	AustralianSharesIndexed	1.8951
2026-03-24	HighGrowth	9.9639
2026-03-24	BalancedIndexed	1.7652
2026-03-21	CapitalStable	4.3799
2026-03-21	Balanced	5.7954
2026-03-21	Cash	2.6011
2026-03-21	SustainableGrowth	1.4197
2026-03-21	CoreStrategy	2.691
2026-03-21	OverseasSharesIndexed	2.2476
2026-03-21	AustralianSharesIndexed	1.9085
2026-03-21	HighGrowth	10.0364
2026-03-21	BalancedIndexed	1.7811
2026-03-20	CapitalStable	4.3901
2026-03-20	Balanced	5.8183
2026-03-20	Cash	2.6009
2026-03-20	SustainableGrowth	1.4285
2026-03-20	CoreStrategy	2.7064
2026-03-20	OverseasSharesIndexed	2.2513
2026-03-20	AustralianSharesIndexed	1.9378
2026-03-20	HighGrowth	10.1079
2026-03-20	BalancedIndexed	1.7935
2026-03-19	CapitalStable	4.3909
2026-03-19	Balanced	5.8215
2026-03-19	Cash	2.6007
2026-03-19	SustainableGrowth	1.4321
2026-03-19	CoreStrategy	2.7093
2026-03-19	OverseasSharesIndexed	2.2667
2026-03-19	AustralianSharesIndexed	1.9321
2026-03-19	HighGrowth	10.1193
2026-03-19	BalancedIndexed	1.7983
2026-03-18	CapitalStable	4.38
2026-03-18	Balanced	5.8068
2026-03-18	Cash	2.6002
2026-03-18	SustainableGrowth	1.409
2026-03-18	CoreStrategy	2.697
2026-03-18	OverseasSharesIndexed	2.2711
2026-03-18	AustralianSharesIndexed	1.9259
2026-03-18	HighGrowth	10.0954
2026-03-18	BalancedIndexed	1.7951
2026-03-17	CapitalStable	4.3802
2026-03-17	Balanced	5.806
2026-03-17	Cash	2.5996
2026-03-17	SustainableGrowth	1.4078
2026-03-17	CoreStrategy	2.6957
2026-03-17	OverseasSharesIndexed	2.2672
2026-03-17	AustralianSharesIndexed	1.933
2026-03-17	HighGrowth	10.0917
2026-03-17	BalancedIndexed	1.7936
2026-03-14	CapitalStable	4.3796
2026-03-14	Balanced	5.8053
2026-03-14	Cash	2.5991
2026-03-14	SustainableGrowth	1.4065
2026-03-14	CoreStrategy	2.6959
2026-03-14	OverseasSharesIndexed	2.2585
2026-03-14	AustralianSharesIndexed	1.9356
2026-03-14	HighGrowth	10.0902
2026-03-14	BalancedIndexed	1.7952
2026-03-13	CapitalStable	4.3918
2026-03-13	Balanced	5.8308
2026-03-13	Cash	2.5992
2026-03-13	SustainableGrowth	1.4181
2026-03-13	CoreStrategy	2.7125
2026-03-13	OverseasSharesIndexed	2.2692
2026-03-13	AustralianSharesIndexed	1.959
2026-03-13	HighGrowth	10.1651
2026-03-13	BalancedIndexed	1.8096
2026-03-12	CapitalStable	4.3927
2026-03-12	Balanced	5.8294
2026-03-12	Cash	2.5987
2026-03-12	SustainableGrowth	1.4181
2026-03-12	CoreStrategy	2.7104
2026-03-12	OverseasSharesIndexed	2.2756
2026-03-12	AustralianSharesIndexed	1.9484
2026-03-12	HighGrowth	10.1526
2026-03-12	BalancedIndexed	1.8088
2026-03-11	CapitalStable	4.3892
2026-03-11	Balanced	5.823
2026-03-11	Cash	2.5985
2026-03-11	SustainableGrowth	1.416
2026-03-11	CoreStrategy	2.7058
2026-03-11	OverseasSharesIndexed	2.2971
2026-03-11	AustralianSharesIndexed	1.9279
2026-03-11	HighGrowth	10.133
2026-03-11	BalancedIndexed	1.8053
2026-03-10	CapitalStable	4.4052
2026-03-10	Balanced	5.8576
2026-03-10	Cash	2.5976
2026-03-10	SustainableGrowth	1.4287
2026-03-10	CoreStrategy	2.728
2026-03-10	OverseasSharesIndexed	2.3029
2026-03-10	AustralianSharesIndexed	1.9786
2026-03-10	HighGrowth	10.2394
2026-03-10	BalancedIndexed	1.8203
2026-03-07	CapitalStable	4.415
2026-03-07	Balanced	5.8792
2026-03-07	Cash	2.5974
2026-03-07	SustainableGrowth	1.4396
2026-03-07	CoreStrategy	2.7423
2026-03-07	OverseasSharesIndexed	2.3246
2026-03-07	AustralianSharesIndexed	1.9962
2026-03-07	HighGrowth	10.3059
2026-03-07	BalancedIndexed	1.8343
2026-03-06	CapitalStable	4.4129
2026-03-06	Balanced	5.8696
2026-03-06	Cash	2.597
2026-03-06	SustainableGrowth	1.4369
2026-03-06	CoreStrategy	2.7354
2026-03-06	OverseasSharesIndexed	2.3202
2026-03-06	AustralianSharesIndexed	1.9817
2026-03-06	HighGrowth	10.2653
2026-03-06	BalancedIndexed	1.832
2026-03-05	CapitalStable	4.4208
2026-03-05	Balanced	5.8908
2026-03-05	Cash	2.597
2026-03-05	SustainableGrowth	1.4442
2026-03-05	CoreStrategy	2.7498
2026-03-05	OverseasSharesIndexed	2.328
2026-03-05	AustralianSharesIndexed	2.0161
2026-03-05	HighGrowth	10.3377
2026-03-05	BalancedIndexed	1.8414
2026-03-04	CapitalStable	4.4362
2026-03-04	Balanced	5.9215
2026-03-04	Cash	2.5965
2026-03-04	SustainableGrowth	1.4567
2026-03-04	CoreStrategy	2.7699
2026-03-04	OverseasSharesIndexed	2.3445
2026-03-04	AustralianSharesIndexed	2.0407
2026-03-04	HighGrowth	10.4264
2026-03-04	BalancedIndexed	1.8581
2026-03-03	CapitalStable	4.4356
2026-03-03	Balanced	5.9197
2026-03-03	Cash	2.5959
2026-03-03	SustainableGrowth	1.4577
2026-03-03	CoreStrategy	2.769
2026-03-03	OverseasSharesIndexed	2.335
2026-03-03	AustralianSharesIndexed	2.039
2026-03-03	HighGrowth	10.419
2026-03-03	BalancedIndexed	1.8567
2026-02-28	CapitalStable	4.4343
2026-02-28	Balanced	5.9214
2026-02-28	Cash	2.5957
2026-02-28	SustainableGrowth	1.4596
2026-02-28	CoreStrategy	2.7709
2026-02-28	OverseasSharesIndexed	2.3475
2026-02-28	AustralianSharesIndexed	2.034
2026-02-28	HighGrowth	10.4324
2026-02-28	BalancedIndexed	1.8576
2026-02-27	CapitalStable	4.4295
2026-02-27	Balanced	5.913
2026-02-27	Cash	2.5952
2026-02-27	SustainableGrowth	1.4582
2026-02-27	CoreStrategy	2.7662
2026-02-27	OverseasSharesIndexed	2.3506
2026-02-27	AustralianSharesIndexed	2.024
2026-02-27	HighGrowth	10.4107
2026-02-27	BalancedIndexed	1.8559
2026-02-26	CapitalStable	4.4265
2026-02-26	Balanced	5.9016
2026-02-26	Cash	2.595
2026-02-26	SustainableGrowth	1.4518
2026-02-26	CoreStrategy	2.757
2026-02-26	OverseasSharesIndexed	2.3503
2026-02-26	AustralianSharesIndexed	2.0013
2026-02-26	HighGrowth	10.3643
2026-02-26	BalancedIndexed	1.8472
2026-02-25	CapitalStable	4.4214
2026-02-25	Balanced	5.8901
2026-02-25	Cash	2.5948
2026-02-25	SustainableGrowth	1.448
2026-02-25	CoreStrategy	2.7493
2026-02-25	OverseasSharesIndexed	2.3371
2026-02-25	AustralianSharesIndexed	2.0015
2026-02-25	HighGrowth	10.3261
2026-02-25	BalancedIndexed	1.842
2026-02-24	CapitalStable	4.4219
2026-02-24	Balanced	5.8953
2026-02-24	Cash	2.5939
2026-02-24	SustainableGrowth	1.4547
2026-02-24	CoreStrategy	2.7537
2026-02-24	OverseasSharesIndexed	2.3474
2026-02-24	AustralianSharesIndexed	2.0114
2026-02-24	HighGrowth	10.3459
2026-02-24	BalancedIndexed	1.8496
2026-02-21	CapitalStable	4.4196
2026-02-21	Balanced	5.8918
2026-02-21	Cash	2.5937
2026-02-21	SustainableGrowth	1.4519
2026-02-21	CoreStrategy	2.7516
2026-02-21	OverseasSharesIndexed	2.3433
2026-02-21	AustralianSharesIndexed	2.0124
2026-02-21	HighGrowth	10.3382
2026-02-21	BalancedIndexed	1.8467
2026-02-20	CapitalStable	4.4173
2026-02-20	Balanced	5.8838
2026-02-20	Cash	2.5935
2026-02-20	SustainableGrowth	1.4496
2026-02-20	CoreStrategy	2.7453
2026-02-20	OverseasSharesIndexed	2.3448
2026-02-20	AustralianSharesIndexed	1.9967
2026-02-20	HighGrowth	10.3051
2026-02-20	BalancedIndexed	1.8437
2026-02-19	CapitalStable	4.4147
2026-02-19	Balanced	5.873
2026-02-19	Cash	2.593
2026-02-19	SustainableGrowth	1.4431
2026-02-19	CoreStrategy	2.7368
2026-02-19	OverseasSharesIndexed	2.3374
2026-02-19	AustralianSharesIndexed	1.9842
2026-02-19	HighGrowth	10.2608
2026-02-19	BalancedIndexed	1.8365
2026-02-18	CapitalStable	4.4102
2026-02-18	Balanced	5.8645
2026-02-18	Cash	2.5928
2026-02-18	SustainableGrowth	1.4442
2026-02-18	CoreStrategy	2.7319
2026-02-18	OverseasSharesIndexed	2.3294
2026-02-18	AustralianSharesIndexed	1.9794
2026-02-18	HighGrowth	10.2372
2026-02-18	BalancedIndexed	1.8327
2026-02-17	CapitalStable	4.408
2026-02-17	Balanced	5.8611
2026-02-17	Cash	2.5919
2026-02-17	SustainableGrowth	1.4433
2026-02-17	CoreStrategy	2.73
2026-02-17	OverseasSharesIndexed	2.3327
2026-02-17	AustralianSharesIndexed	1.9748
2026-02-17	HighGrowth	10.2296
2026-02-17	BalancedIndexed	1.832
2026-02-14	CapitalStable	4.4047
2026-02-14	Balanced	5.8614
2026-02-14	Cash	2.5917
2026-02-14	SustainableGrowth	1.4437
2026-02-14	CoreStrategy	2.7329
2026-02-14	OverseasSharesIndexed	2.3133
2026-02-14	AustralianSharesIndexed	2.0007
2026-02-14	HighGrowth	10.2478
2026-02-14	BalancedIndexed	1.8345
2026-02-13	CapitalStable	4.41
2026-02-13	Balanced	5.8767
2026-02-13	Cash	2.5917
2026-02-13	SustainableGrowth	1.4513
2026-02-13	CoreStrategy	2.7434
2026-02-13	OverseasSharesIndexed	2.3461
2026-02-13	AustralianSharesIndexed	1.9959
2026-02-13	HighGrowth	10.302
2026-02-13	BalancedIndexed	1.8439
2026-02-12	CapitalStable	4.4044
2026-02-12	Balanced	5.865
2026-02-12	Cash	2.5913
2026-02-12	SustainableGrowth	1.4473
2026-02-12	CoreStrategy	2.7356
2026-02-12	OverseasSharesIndexed	2.3542
2026-02-12	AustralianSharesIndexed	1.9669
2026-02-12	HighGrowth	10.2654
2026-02-12	BalancedIndexed	1.8367
2026-02-11	CapitalStable	4.4008
2026-02-11	Balanced	5.8619
2026-02-11	Cash	2.5911
2026-02-11	SustainableGrowth	1.4478
2026-02-11	CoreStrategy	2.7348
2026-02-11	OverseasSharesIndexed	2.353
2026-02-11	AustralianSharesIndexed	1.9671
2026-02-11	HighGrowth	10.2664
2026-02-11	BalancedIndexed	1.8365
2026-02-10	CapitalStable	4.396
2026-02-10	Balanced	5.8465
2026-02-10	Cash	2.5902
2026-02-10	SustainableGrowth	1.4389
2026-02-10	CoreStrategy	2.723
2026-02-10	OverseasSharesIndexed	2.3589
2026-02-10	AustralianSharesIndexed	1.934
2026-02-10	HighGrowth	10.208
2026-02-10	BalancedIndexed	1.826
2026-02-07	CapitalStable	4.3984
2026-02-07	Balanced	5.8536
2026-02-07	Cash	2.59
2026-02-07	SustainableGrowth	1.4384
2026-02-07	CoreStrategy	2.7276
2026-02-07	OverseasSharesIndexed	2.3385
2026-02-07	AustralianSharesIndexed	1.9711
2026-02-07	HighGrowth	10.2343
2026-02-07	BalancedIndexed	1.8261
2026-02-06	CapitalStable	4.4002
2026-02-06	Balanced	5.8633
2026-02-06	Cash	2.5895
2026-02-06	SustainableGrowth	1.4434
2026-02-06	CoreStrategy	2.7359
2026-02-06	OverseasSharesIndexed	2.3497
2026-02-06	AustralianSharesIndexed	1.9793
2026-02-06	HighGrowth	10.2762
2026-02-06	BalancedIndexed	1.834
2026-02-05	CapitalStable	4.3991
2026-02-05	Balanced	5.8611
2026-02-05	Cash	2.5895
2026-02-05	SustainableGrowth	1.4451
2026-02-05	CoreStrategy	2.7344
2026-02-05	OverseasSharesIndexed	2.354
2026-02-05	AustralianSharesIndexed	1.966
2026-02-05	HighGrowth	10.27
2026-02-05	BalancedIndexed	1.8327
2026-02-04	CapitalStable	4.4037
2026-02-04	Balanced	5.8694
2026-02-04	Cash	2.5891
2026-02-04	SustainableGrowth	1.4502
2026-02-04	CoreStrategy	2.7387
2026-02-04	OverseasSharesIndexed	2.384
2026-02-04	AustralianSharesIndexed	1.9507
2026-02-04	HighGrowth	10.2906
2026-02-04	BalancedIndexed	1.8365
2026-02-03	CapitalStable	4.4025
2026-02-03	Balanced	5.8677
2026-02-03	Cash	2.5887
2026-02-03	SustainableGrowth	1.4482
2026-02-03	CoreStrategy	2.7383
2026-02-03	OverseasSharesIndexed	2.3594
2026-02-03	AustralianSharesIndexed	1.969
2026-02-03	HighGrowth	10.288
2026-02-03	BalancedIndexed	1.8346
2026-01-31	CapitalStable	4.4089
2026-01-31	Balanced	5.8853
2026-01-31	Cash	2.5882
2026-01-31	SustainableGrowth	1.4563
2026-01-31	CoreStrategy	2.7505
2026-01-31	OverseasSharesIndexed	2.3762
2026-01-31	AustralianSharesIndexed	1.9812
2026-01-31	HighGrowth	10.3483
2026-01-31	BalancedIndexed	1.8423
2026-01-30	CapitalStable	4.4086
2026-01-30	Balanced	5.886
2026-01-30	Cash	2.588
2026-01-30	SustainableGrowth	1.4578
2026-01-30	CoreStrategy	2.7514
2026-01-30	OverseasSharesIndexed	2.3734
2026-01-30	AustralianSharesIndexed	1.9829
2026-01-30	HighGrowth	10.3542
2026-01-30	BalancedIndexed	1.8427
2026-01-29	CapitalStable	4.4101
2026-01-29	Balanced	5.8912
2026-01-29	Cash	2.5876
2026-01-29	SustainableGrowth	1.4625
2026-01-29	CoreStrategy	2.7551
2026-01-29	OverseasSharesIndexed	2.3879
2026-01-29	AustralianSharesIndexed	1.9848
2026-01-29	HighGrowth	10.3728
2026-01-29	BalancedIndexed	1.8466
2026-01-28	CapitalStable	4.4069
2026-01-28	Balanced	5.8807
2026-01-28	Cash	2.5876
2026-01-28	SustainableGrowth	1.4583
2026-01-28	CoreStrategy	2.747
2026-01-28	OverseasSharesIndexed	2.3843
2026-01-28	AustralianSharesIndexed	1.9691
2026-01-28	HighGrowth	10.3331
2026-01-28	BalancedIndexed	1.8402
2026-01-24	CapitalStable	4.4097
2026-01-24	Balanced	5.8869
2026-01-24	Cash	2.5865
2026-01-24	SustainableGrowth	1.4615
2026-01-24	CoreStrategy	2.7504
2026-01-24	OverseasSharesIndexed	2.4038
2026-01-24	AustralianSharesIndexed	1.9665
2026-01-24	HighGrowth	10.3509
2026-01-24	BalancedIndexed	1.8419
2026-01-23	CapitalStable	4.4081
2026-01-23	Balanced	5.8804
2026-01-23	Cash	2.5862
2026-01-23	SustainableGrowth	1.4585
2026-01-23	CoreStrategy	2.745
2026-01-23	OverseasSharesIndexed	2.4068
2026-01-23	AustralianSharesIndexed	1.9529
2026-01-23	HighGrowth	10.3243
2026-01-23	BalancedIndexed	1.8366
2026-01-22	CapitalStable	4.4065
2026-01-22	Balanced	5.8777
2026-01-22	Cash	2.5858
2026-01-22	SustainableGrowth	1.4571
2026-01-22	CoreStrategy	2.7432
2026-01-22	OverseasSharesIndexed	2.4001
2026-01-22	AustralianSharesIndexed	1.9596
2026-01-22	HighGrowth	10.3177
2026-01-22	BalancedIndexed	1.8342
2026-01-21	CapitalStable	4.4207
2026-01-21	Balanced	5.9087
2026-01-21	Cash	2.5856
2026-01-21	SustainableGrowth	1.4705
2026-01-21	CoreStrategy	2.7632
2026-01-21	OverseasSharesIndexed	2.445
2026-01-21	AustralianSharesIndexed	1.9711
2026-01-21	HighGrowth	10.4111
2026-01-21	BalancedIndexed	1.8535
2026-01-20	CapitalStable	4.4256
2026-01-20	Balanced	5.9193
2026-01-20	Cash	2.5849
2026-01-20	SustainableGrowth	1.4743
2026-01-20	CoreStrategy	2.7699
2026-01-20	OverseasSharesIndexed	2.4584
2026-01-20	AustralianSharesIndexed	1.9767
2026-01-20	HighGrowth	10.4434
2026-01-20	BalancedIndexed	1.8587
2026-01-17	CapitalStable	4.4242
2026-01-17	Balanced	5.9145
2026-01-17	Cash	2.5847
2026-01-17	SustainableGrowth	1.4716
2026-01-17	CoreStrategy	2.7663
2026-01-17	OverseasSharesIndexed	2.4535
2026-01-17	AustralianSharesIndexed	1.9683
2026-01-17	HighGrowth	10.4245
2026-01-17	BalancedIndexed	1.8559
2026-01-16	CapitalStable	4.422
2026-01-16	Balanced	5.9101
2026-01-16	Cash	2.5843
2026-01-16	SustainableGrowth	1.4693
2026-01-16	CoreStrategy	2.7634
2026-01-16	OverseasSharesIndexed	2.4548
2026-01-16	AustralianSharesIndexed	1.9608
2026-01-16	HighGrowth	10.4113
2026-01-16	BalancedIndexed	1.8526
2026-01-15	CapitalStable	4.4209
2026-01-15	Balanced	5.9096
2026-01-15	Cash	2.5843
2026-01-15	SustainableGrowth	1.4709
2026-01-15	CoreStrategy	2.7635
2026-01-15	OverseasSharesIndexed	2.4589
2026-01-15	AustralianSharesIndexed	1.9584
2026-01-15	HighGrowth	10.4131
2026-01-15	BalancedIndexed	1.8539
2026-01-14	CapitalStable	4.4173
2026-01-14	Balanced	5.9008
2026-01-14	Cash	2.5838
2026-01-14	SustainableGrowth	1.4676
2026-01-14	CoreStrategy	2.7578
2026-01-14	OverseasSharesIndexed	2.4498
2026-01-14	AustralianSharesIndexed	1.9489
2026-01-14	HighGrowth	10.3854
2026-01-14	BalancedIndexed	1.8494
2026-01-13	CapitalStable	4.4173
2026-01-13	Balanced	5.9005
2026-01-13	Cash	2.5832
2026-01-13	SustainableGrowth	1.4648
2026-01-13	CoreStrategy	2.7572
2026-01-13	OverseasSharesIndexed	2.4574
2026-01-13	AustralianSharesIndexed	1.9413
2026-01-13	HighGrowth	10.3828
2026-01-13	BalancedIndexed	1.8483
2026-01-10	CapitalStable	4.4134
2026-01-10	Balanced	5.8914
2026-01-10	Cash	2.5829
2026-01-10	SustainableGrowth	1.4604
2026-01-10	CoreStrategy	2.7513
2026-01-10	OverseasSharesIndexed	2.4381
2026-01-10	AustralianSharesIndexed	1.9417
2026-01-10	HighGrowth	10.3553
2026-01-10	BalancedIndexed	1.8421
2026-01-09	CapitalStable	4.4082
2026-01-09	Balanced	5.8847
2026-01-09	Cash	2.5827
2026-01-09	SustainableGrowth	1.4594
2026-01-09	CoreStrategy	2.7484
2026-01-09	OverseasSharesIndexed	2.4314
2026-01-09	AustralianSharesIndexed	1.9363
2026-01-09	HighGrowth	10.3437
2026-01-09	BalancedIndexed	1.8387
2026-01-08	CapitalStable	4.4077
2026-01-08	Balanced	5.8853
2026-01-08	Cash	2.5823
2026-01-08	SustainableGrowth	1.46
2026-01-08	CoreStrategy	2.7495
2026-01-08	OverseasSharesIndexed	2.4391
2026-01-08	AustralianSharesIndexed	1.9334
2026-01-08	HighGrowth	10.3494
2026-01-08	BalancedIndexed	1.8403
2026-01-07	CapitalStable	4.4059
2026-01-07	Balanced	5.8814
2026-01-07	Cash	2.5821
2026-01-07	SustainableGrowth	1.4576
2026-01-07	CoreStrategy	2.7468
2026-01-07	OverseasSharesIndexed	2.4312
2026-01-07	AustralianSharesIndexed	1.942
2026-01-07	HighGrowth	10.3383
2026-01-07	BalancedIndexed	1.8386
2026-01-06	CapitalStable	4.4003
2026-01-06	Balanced	5.8699
2026-01-06	Cash	2.5814
2026-01-06	SustainableGrowth	1.4542
2026-01-06	CoreStrategy	2.7394
2026-01-06	OverseasSharesIndexed	2.4216
2026-01-06	AustralianSharesIndexed	1.9418
2026-01-06	HighGrowth	10.3047
2026-01-06	BalancedIndexed	1.8333
2026-01-03	CapitalStable	4.4012
2026-01-03	Balanced	5.8669
2026-01-03	Cash	2.5808
2026-01-03	SustainableGrowth	1.4522
2026-01-03	CoreStrategy	2.7358
2026-01-03	OverseasSharesIndexed	2.4206
2026-01-03	AustralianSharesIndexed	1.9389
2026-01-03	HighGrowth	10.2852
2026-01-03	BalancedIndexed	1.832
2026-01-01	CapitalStable	4.4016
2026-01-01	Balanced	5.869
2026-01-01	Cash	2.5805
2026-01-01	SustainableGrowth	1.4548
2026-01-01	CoreStrategy	2.7379
2026-01-01	OverseasSharesIndexed	2.4238
2026-01-01	AustralianSharesIndexed	1.9394
2026-01-01	HighGrowth	10.2945
2026-01-01	BalancedIndexed	1.835
2025-12-31	CapitalStable	4.402
2025-12-31	Balanced	5.8703
2025-12-31	Cash	2.5801
2025-12-31	SustainableGrowth	1.4562
2025-12-31	CoreStrategy	2.7388
2025-12-31	OverseasSharesIndexed	2.4269
2025-12-31	AustralianSharesIndexed	1.9392
2025-12-31	HighGrowth	10.2992
2025-12-31	BalancedIndexed	1.8353
2025-12-30	CapitalStable	4.4024
2025-12-30	Balanced	5.8731
2025-12-30	Cash	2.5794
2025-12-30	SustainableGrowth	1.4579
2025-12-30	CoreStrategy	2.7411
2025-12-30	OverseasSharesIndexed	2.426
2025-12-30	AustralianSharesIndexed	1.946
2025-12-30	HighGrowth	10.3125
2025-12-30	BalancedIndexed	1.838
2025-12-25	CapitalStable	4.402
2025-12-25	Balanced	5.8742
2025-12-25	Cash	2.5788
2025-12-25	SustainableGrowth	1.4589
2025-12-25	CoreStrategy	2.7421
2025-12-25	OverseasSharesIndexed	2.4283
2025-12-25	AustralianSharesIndexed	1.9519
2025-12-25	HighGrowth	10.3201
2025-12-25	BalancedIndexed	1.8389
2025-12-24	CapitalStable	4.3966
2025-12-24	Balanced	5.8633
2025-12-24	Cash	2.5786
2025-12-24	SustainableGrowth	1.4546
2025-12-24	CoreStrategy	2.7354
2025-12-24	OverseasSharesIndexed	2.4297
2025-12-24	AustralianSharesIndexed	1.9329
2025-12-24	HighGrowth	10.2879
2025-12-24	BalancedIndexed	1.8323
2025-12-23	CapitalStable	4.387
2025-12-23	Balanced	5.8454
2025-12-23	Cash	2.5779
2025-12-23	SustainableGrowth	1.4493
2025-12-23	CoreStrategy	2.7253
2025-12-23	OverseasSharesIndexed	2.4316
2025-12-23	AustralianSharesIndexed	1.9173
2025-12-23	HighGrowth	10.2419
2025-12-23	BalancedIndexed	1.8268
2025-12-20	CapitalStable	4.3819
2025-12-20	Balanced	5.8301
2025-12-20	Cash	2.5775
2025-12-20	SustainableGrowth	1.4414
2025-12-20	CoreStrategy	2.7144
2025-12-20	OverseasSharesIndexed	2.4133
2025-12-20	AustralianSharesIndexed	1.9095
2025-12-20	HighGrowth	10.1867
2025-12-20	BalancedIndexed	1.8181
2025-12-19	CapitalStable	4.3779
2025-12-19	Balanced	5.8213
2025-12-19	Cash	2.5772
2025-12-19	SustainableGrowth	1.4374
2025-12-19	CoreStrategy	2.7087
2025-12-19	OverseasSharesIndexed	2.3996
2025-12-19	AustralianSharesIndexed	1.9087
2025-12-19	HighGrowth	10.1598
2025-12-19	BalancedIndexed	1.8123
2025-12-18	CapitalStable	4.3802
2025-12-18	Balanced	5.8274
2025-12-18	Cash	2.577
2025-12-18	SustainableGrowth	1.44
2025-12-18	CoreStrategy	2.713
2025-12-18	OverseasSharesIndexed	2.4106
2025-12-18	AustralianSharesIndexed	1.9107
2025-12-18	HighGrowth	10.1813
2025-12-18	BalancedIndexed	1.8183
2025-12-17	CapitalStable	4.3828
2025-12-17	Balanced	5.8344
2025-12-17	Cash	2.5768
2025-12-17	SustainableGrowth	1.4428
2025-12-17	CoreStrategy	2.718
2025-12-17	OverseasSharesIndexed	2.415
2025-12-17	AustralianSharesIndexed	1.918
2025-12-17	HighGrowth	10.2059
2025-12-17	BalancedIndexed	1.8226
2025-12-16	CapitalStable	4.3843
2025-12-16	Balanced	5.8413
2025-12-16	Cash	2.5759
2025-12-16	SustainableGrowth	1.4449
2025-12-16	CoreStrategy	2.7232
2025-12-16	OverseasSharesIndexed	2.4162
2025-12-16	AustralianSharesIndexed	1.9301
2025-12-16	HighGrowth	10.2344
2025-12-16	BalancedIndexed	1.8262
2025-12-13	CapitalStable	4.382
2025-12-13	Balanced	5.8356
2025-12-13	Cash	2.5759
2025-12-13	SustainableGrowth	1.4446
2025-12-13	CoreStrategy	2.7197
2025-12-13	OverseasSharesIndexed	2.4258
2025-12-13	AustralianSharesIndexed	1.9093
2025-12-13	HighGrowth	10.2148
2025-12-13	BalancedIndexed	1.8251
2025-12-12	CapitalStable	4.3787
2025-12-12	Balanced	5.8328
2025-12-12	Cash	2.5755
2025-12-12	SustainableGrowth	1.443
2025-12-12	CoreStrategy	2.719
2025-12-12	OverseasSharesIndexed	2.4279
2025-12-12	AustralianSharesIndexed	1.9068
2025-12-12	HighGrowth	10.2145
2025-12-12	BalancedIndexed	1.8234
2025-12-11	CapitalStable	4.3763
2025-12-11	Balanced	5.8252
2025-12-11	Cash	2.5753
2025-12-11	SustainableGrowth	1.4401
2025-12-11	CoreStrategy	2.7135
2025-12-11	OverseasSharesIndexed	2.4129
2025-12-11	AustralianSharesIndexed	1.9079
2025-12-11	HighGrowth	10.1872
2025-12-11	BalancedIndexed	1.8189
2025-12-10	CapitalStable	4.3822
2025-12-10	Balanced	5.8362
2025-12-10	Cash	2.5748
2025-12-10	SustainableGrowth	1.4443
2025-12-10	CoreStrategy	2.7198
2025-12-10	OverseasSharesIndexed	2.4243
2025-12-10	AustralianSharesIndexed	1.9155
2025-12-10	HighGrowth	10.216
2025-12-10	BalancedIndexed	1.8245
2025-12-09	CapitalStable	4.3838
2025-12-09	Balanced	5.8382
2025-12-09	Cash	2.5742
2025-12-09	SustainableGrowth	1.4435
2025-12-09	CoreStrategy	2.7209
2025-12-09	OverseasSharesIndexed	2.4229
2025-12-09	AustralianSharesIndexed	1.9177
2025-12-09	HighGrowth	10.219
2025-12-09	BalancedIndexed	1.8258
2025-12-06	CapitalStable	4.3842
2025-12-06	Balanced	5.8386
2025-12-06	Cash	2.5739
2025-12-06	SustainableGrowth	1.4424
2025-12-06	CoreStrategy	2.721
2025-12-06	OverseasSharesIndexed	2.4297
2025-12-06	AustralianSharesIndexed	1.9141
2025-12-06	HighGrowth	10.2186
2025-12-06	BalancedIndexed	1.8262
2025-12-05	CapitalStable	4.3859
2025-12-05	Balanced	5.8385
2025-12-05	Cash	2.5739
2025-12-05	SustainableGrowth	1.4425
2025-12-05	CoreStrategy	2.7197
2025-12-05	OverseasSharesIndexed	2.4291
2025-12-05	AustralianSharesIndexed	1.9103
2025-12-05	HighGrowth	10.2096
2025-12-05	BalancedIndexed	1.824
2025-12-04	CapitalStable	4.3859
2025-12-04	Balanced	5.8371
2025-12-04	Cash	2.5735
2025-12-04	SustainableGrowth	1.4423
2025-12-04	CoreStrategy	2.7184
2025-12-04	OverseasSharesIndexed	2.4304
2025-12-04	AustralianSharesIndexed	1.9071
2025-12-04	HighGrowth	10.2026
2025-12-04	BalancedIndexed	1.8227
2025-12-03	CapitalStable	4.3875
2025-12-03	Balanced	5.8371
2025-12-03	Cash	2.5733
2025-12-03	SustainableGrowth	1.4409
2025-12-03	CoreStrategy	2.7173
2025-12-03	OverseasSharesIndexed	2.4314
2025-12-03	AustralianSharesIndexed	1.9044
2025-12-03	HighGrowth	10.1951
2025-12-03	BalancedIndexed	1.8221
2025-12-02	CapitalStable	4.3944
2025-12-02	Balanced	5.8493
2025-12-02	Cash	2.5728
2025-12-02	SustainableGrowth	1.4463
2025-12-02	CoreStrategy	2.7244
2025-12-02	OverseasSharesIndexed	2.4404
2025-12-02	AustralianSharesIndexed	1.9141
2025-12-02	HighGrowth	10.2262
2025-12-02	BalancedIndexed	1.8289
2025-11-29	CapitalStable	4.394
2025-11-29	Balanced	5.8471
2025-11-29	Cash	2.5722
2025-11-29	SustainableGrowth	1.4442
2025-11-29	CoreStrategy	2.7224
2025-11-29	OverseasSharesIndexed	2.4367
2025-11-29	AustralianSharesIndexed	1.9139
2025-11-29	HighGrowth	10.2173
2025-11-29	BalancedIndexed	1.8263
2025-11-28	CapitalStable	4.393
2025-11-28	Balanced	5.847
2025-11-28	Cash	2.572
2025-11-28	SustainableGrowth	1.4414
2025-11-28	CoreStrategy	2.7221
2025-11-28	OverseasSharesIndexed	2.4433
2025-11-28	AustralianSharesIndexed	1.9118
2025-11-28	HighGrowth	10.2208
2025-11-28	BalancedIndexed	1.8266
2025-11-27	CapitalStable	4.3934
2025-11-27	Balanced	5.8414
2025-11-27	Cash	2.5717
2025-11-27	SustainableGrowth	1.4369
2025-11-27	CoreStrategy	2.7163
2025-11-27	OverseasSharesIndexed	2.4462
2025-11-27	AustralianSharesIndexed	1.8972
2025-11-27	HighGrowth	10.1891
2025-11-27	BalancedIndexed	1.8205
2025-11-26	CapitalStable	4.3881
2025-11-26	Balanced	5.8275
2025-11-26	Cash	2.5715
2025-11-26	SustainableGrowth	1.4286
2025-11-26	CoreStrategy	2.7062
2025-11-26	OverseasSharesIndexed	2.4215
2025-11-26	AustralianSharesIndexed	1.8934
2025-11-26	HighGrowth	10.1432
2025-11-26	BalancedIndexed	1.8114
2025-11-25	CapitalStable	4.3787
2025-11-25	Balanced	5.8042
2025-11-25	Cash	2.5707
2025-11-25	SustainableGrowth	1.4192
2025-11-25	CoreStrategy	2.6907
2025-11-25	OverseasSharesIndexed	2.4019
2025-11-25	AustralianSharesIndexed	1.8716
2025-11-25	HighGrowth	10.0665
2025-11-25	BalancedIndexed	1.7963
2025-11-22	CapitalStable	4.3778
2025-11-22	Balanced	5.8059
2025-11-22	Cash	2.5707
2025-11-22	SustainableGrowth	1.4183
2025-11-22	CoreStrategy	2.6926
2025-11-22	OverseasSharesIndexed	2.3736
2025-11-22	AustralianSharesIndexed	1.8993
2025-11-22	HighGrowth	10.0809
2025-11-22	BalancedIndexed	1.7957
2025-11-21	CapitalStable	4.3802
2025-11-21	Balanced	5.8096
2025-11-21	Cash	2.5702
2025-11-21	SustainableGrowth	1.4216
2025-11-21	CoreStrategy	2.6948
2025-11-21	OverseasSharesIndexed	2.4023
2025-11-21	AustralianSharesIndexed	1.8781
2025-11-21	HighGrowth	10.0855
2025-11-21	BalancedIndexed	1.7997
2025-11-20	CapitalStable	4.3789
2025-11-20	Balanced	5.8067
2025-11-20	Cash	2.57
2025-11-20	SustainableGrowth	1.4217
2025-11-20	CoreStrategy	2.6931
2025-11-20	OverseasSharesIndexed	2.3915
2025-11-20	AustralianSharesIndexed	1.8822
2025-11-20	HighGrowth	10.0772
2025-11-20	BalancedIndexed	1.7975
2025-11-19	CapitalStable	4.3878
2025-11-19	Balanced	5.8322
2025-11-19	Cash	2.5698
2025-11-19	SustainableGrowth	1.4345
2025-11-19	CoreStrategy	2.7108
2025-11-19	OverseasSharesIndexed	2.4078
2025-11-19	AustralianSharesIndexed	1.9159
2025-11-19	HighGrowth	10.1674
2025-11-19	BalancedIndexed	1.814
2025-11-18	CapitalStable	4.3884
2025-11-18	Balanced	5.8354
2025-11-18	Cash	2.5689
2025-11-18	SustainableGrowth	1.4382
2025-11-18	CoreStrategy	2.7136
2025-11-18	OverseasSharesIndexed	2.4144
2025-11-18	AustralianSharesIndexed	1.9143
2025-11-18	HighGrowth	10.1808
2025-11-18	BalancedIndexed	1.818
2025-11-15	CapitalStable	4.3956
2025-11-15	Balanced	5.853
2025-11-15	Cash	2.5687
2025-11-15	SustainableGrowth	1.4449
2025-11-15	CoreStrategy	2.7252
2025-11-15	OverseasSharesIndexed	2.4189
2025-11-15	AustralianSharesIndexed	1.9382
2025-11-15	HighGrowth	10.2388
2025-11-15	BalancedIndexed	1.8267
2025-11-14	CapitalStable	4.4057
2025-11-14	Balanced	5.874
2025-11-14	Cash	2.5687
2025-11-14	SustainableGrowth	1.4542
2025-11-14	CoreStrategy	2.7386
2025-11-14	OverseasSharesIndexed	2.4528
2025-11-14	AustralianSharesIndexed	1.946
2025-11-14	HighGrowth	10.2999
2025-11-14	BalancedIndexed	1.8419
2025-11-13	CapitalStable	4.4052
2025-11-13	Balanced	5.8747
2025-11-13	Cash	2.5682
2025-11-13	SustainableGrowth	1.4522
2025-11-13	CoreStrategy	2.7392
2025-11-13	OverseasSharesIndexed	2.4533
2025-11-13	AustralianSharesIndexed	1.9498
2025-11-13	HighGrowth	10.3048
2025-11-13	BalancedIndexed	1.8418
2025-11-12	CapitalStable	4.4074
2025-11-12	Balanced	5.8759
2025-11-12	Cash	2.568
2025-11-12	SustainableGrowth	1.4514
2025-11-12	CoreStrategy	2.7381
2025-11-12	OverseasSharesIndexed	2.4448
2025-11-12	AustralianSharesIndexed	1.951
2025-11-12	HighGrowth	10.3007
2025-11-12	BalancedIndexed	1.8388
2025-11-11	CapitalStable	4.402
2025-11-11	Balanced	5.8585
2025-11-11	Cash	2.5674
2025-11-11	SustainableGrowth	1.4431
2025-11-11	CoreStrategy	2.7252
2025-11-11	OverseasSharesIndexed	2.429
2025-11-11	AustralianSharesIndexed	1.9367
2025-11-11	HighGrowth	10.2356
2025-11-11	BalancedIndexed	1.8266
2025-11-08	CapitalStable	4.4036
2025-11-08	Balanced	5.8643
2025-11-08	Cash	2.5671
2025-11-08	SustainableGrowth	1.4444
2025-11-08	CoreStrategy	2.7293
2025-11-08	OverseasSharesIndexed	2.4291
2025-11-08	AustralianSharesIndexed	1.9488
2025-11-08	HighGrowth	10.2583
2025-11-08	BalancedIndexed	1.83
2025-11-07	CapitalStable	4.4033
2025-11-07	Balanced	5.8641
2025-11-07	Cash	2.5667
2025-11-07	SustainableGrowth	1.4464
2025-11-07	CoreStrategy	2.7298
2025-11-07	OverseasSharesIndexed	2.4362
2025-11-07	AustralianSharesIndexed	1.9422
2025-11-07	HighGrowth	10.2598
2025-11-07	BalancedIndexed	1.8329
2025-11-06	CapitalStable	4.4029
2025-11-06	Balanced	5.8636
2025-11-06	Cash	2.5665
2025-11-06	SustainableGrowth	1.4462
2025-11-06	CoreStrategy	2.7293
2025-11-06	OverseasSharesIndexed	2.4307
2025-11-06	AustralianSharesIndexed	1.9454
2025-11-06	HighGrowth	10.2581
2025-11-06	BalancedIndexed	1.8316
2025-11-05	CapitalStable	4.4092
2025-11-05	Balanced	5.8811
2025-11-05	Cash	2.5663
2025-11-05	SustainableGrowth	1.4547
2025-11-05	CoreStrategy	2.7418
2025-11-05	OverseasSharesIndexed	2.4465
2025-11-05	AustralianSharesIndexed	1.9616
2025-11-05	HighGrowth	10.3198
2025-11-05	BalancedIndexed	1.8434
2025-11-04	CapitalStable	4.4082
2025-11-04	Balanced	5.8767
2025-11-04	Cash	2.5654
2025-11-04	SustainableGrowth	1.4537
2025-11-04	CoreStrategy	2.7384
2025-11-04	OverseasSharesIndexed	2.4374
2025-11-04	AustralianSharesIndexed	1.9595
2025-11-04	HighGrowth	10.3016
2025-11-04	BalancedIndexed	1.8408
2025-11-01	CapitalStable	4.4063
2025-11-01	Balanced	5.8727
2025-11-01	Cash	2.5654
2025-11-01	SustainableGrowth	1.4488
2025-11-01	CoreStrategy	2.7359
2025-11-01	OverseasSharesIndexed	2.4296
2025-11-01	AustralianSharesIndexed	1.9598
2025-11-01	HighGrowth	10.2902
2025-11-01	BalancedIndexed	1.8381
2025-10-31	CapitalStable	4.405
2025-10-31	Balanced	5.8712
2025-10-31	Cash	2.5652
2025-10-31	SustainableGrowth	1.4513
2025-10-31	CoreStrategy	2.7357
2025-10-31	OverseasSharesIndexed	2.4317
2025-10-31	AustralianSharesIndexed	1.9679
2025-10-31	HighGrowth	10.2845
2025-10-31	BalancedIndexed	1.8439
2025-10-30	CapitalStable	4.4134
2025-10-30	Balanced	5.8859
2025-10-30	Cash	2.5647
2025-10-30	SustainableGrowth	1.4594
2025-10-30	CoreStrategy	2.7441
2025-10-30	OverseasSharesIndexed	2.4416
2025-10-30	AustralianSharesIndexed	1.9842
2025-10-30	HighGrowth	10.3213
2025-10-30	BalancedIndexed	1.8514
2025-10-29	CapitalStable	4.4167
2025-10-29	Balanced	5.8939
2025-10-29	Cash	2.5645
2025-10-29	SustainableGrowth	1.4632
2025-10-29	CoreStrategy	2.7494
2025-10-29	OverseasSharesIndexed	2.4476
2025-10-29	AustralianSharesIndexed	1.9934
2025-10-29	HighGrowth	10.3476
2025-10-29	BalancedIndexed	1.8549
2025-10-28	CapitalStable	4.4142
2025-10-28	Balanced	5.8848
2025-10-28	Cash	2.5639
2025-10-28	SustainableGrowth	1.4605
2025-10-28	CoreStrategy	2.7423
2025-10-28	OverseasSharesIndexed	2.442
2025-10-28	AustralianSharesIndexed	1.9859
2025-10-28	HighGrowth	10.3119
2025-10-28	BalancedIndexed	1.8479
2025-10-25	CapitalStable	4.4108
2025-10-25	Balanced	5.8753
2025-10-25	Cash	2.5634
2025-10-25	SustainableGrowth	1.4565
2025-10-25	CoreStrategy	2.7358
2025-10-25	OverseasSharesIndexed	2.4212
2025-10-25	AustralianSharesIndexed	1.9886
2025-10-25	HighGrowth	10.28
2025-10-25	BalancedIndexed	1.8419
2025-10-24	CapitalStable	4.4112
2025-10-24	Balanced	5.8733
2025-10-24	Cash	2.5634
2025-10-24	SustainableGrowth	1.4541
2025-10-24	CoreStrategy	2.7336
2025-10-24	OverseasSharesIndexed	2.4193
2025-10-24	AustralianSharesIndexed	1.9878
2025-10-24	HighGrowth	10.2674
2025-10-24	BalancedIndexed	1.8397
2025-10-23	CapitalStable	4.4153
2025-10-23	Balanced	5.8861
2025-10-23	Cash	2.5632
2025-10-23	SustainableGrowth	1.4608
2025-10-23	CoreStrategy	2.7428
2025-10-23	OverseasSharesIndexed	2.4289
2025-10-23	AustralianSharesIndexed	2.0009
2025-10-23	HighGrowth	10.3139
2025-10-23	BalancedIndexed	1.847
2025-10-22	CapitalStable	4.41
2025-10-22	Balanced	5.875
2025-10-22	Cash	2.5628
2025-10-22	SustainableGrowth	1.4568
2025-10-22	CoreStrategy	2.736
2025-10-22	OverseasSharesIndexed	2.4245
2025-10-22	AustralianSharesIndexed	1.9883
2025-10-22	HighGrowth	10.2811
2025-10-22	BalancedIndexed	1.842
2025-10-21	CapitalStable	4.4052
2025-10-21	Balanced	5.861
2025-10-21	Cash	2.5621
2025-10-21	SustainableGrowth	1.45
2025-10-21	CoreStrategy	2.726
2025-10-21	OverseasSharesIndexed	2.4078
2025-10-21	AustralianSharesIndexed	1.9813
2025-10-21	HighGrowth	10.2318
2025-10-21	BalancedIndexed	1.8326
2025-10-18	CapitalStable	4.4048
2025-10-18	Balanced	5.865
2025-10-18	Cash	2.5619
2025-10-18	SustainableGrowth	1.4521
2025-10-18	CoreStrategy	2.7295
2025-10-18	OverseasSharesIndexed	2.3988
2025-10-18	AustralianSharesIndexed	1.9964
2025-10-18	HighGrowth	10.2507
2025-10-18	BalancedIndexed	1.8343
2025-10-17	CapitalStable	4.3988
2025-10-17	Balanced	5.8552
2025-10-17	Cash	2.5617
2025-10-17	SustainableGrowth	1.4501
2025-10-17	CoreStrategy	2.7244
2025-10-17	OverseasSharesIndexed	2.4
2025-10-17	AustralianSharesIndexed	1.9808
2025-10-17	HighGrowth	10.2276
2025-10-17	BalancedIndexed	1.8305
2025-10-16	CapitalStable	4.3937
2025-10-16	Balanced	5.8429
2025-10-16	Cash	2.5612
2025-10-16	SustainableGrowth	1.4455
2025-10-16	CoreStrategy	2.7159
2025-10-16	OverseasSharesIndexed	2.3986
2025-10-16	AustralianSharesIndexed	1.9629
2025-10-16	HighGrowth	10.1871
2025-10-16	BalancedIndexed	1.8233
2025-10-15	CapitalStable	4.3883
2025-10-15	Balanced	5.8363
2025-10-15	Cash	2.5612
2025-10-15	SustainableGrowth	1.4446
2025-10-15	CoreStrategy	2.7132
2025-10-15	OverseasSharesIndexed	2.3928
2025-10-15	AustralianSharesIndexed	1.9591
2025-10-15	HighGrowth	10.1775
2025-10-15	BalancedIndexed	1.8211
2025-10-14	CapitalStable	4.3825
2025-10-14	Balanced	5.8264
2025-10-14	Cash	2.5603
2025-10-14	SustainableGrowth	1.4398
2025-10-14	CoreStrategy	2.7078
2025-10-14	OverseasSharesIndexed	2.3593
2025-10-14	AustralianSharesIndexed	1.9742
2025-10-14	HighGrowth	10.1539
2025-10-14	BalancedIndexed	1.8135
2025-10-11	CapitalStable	4.3899
2025-10-11	Balanced	5.8499
2025-10-11	Cash	2.5601
2025-10-11	SustainableGrowth	1.4521
2025-10-11	CoreStrategy	2.7252
2025-10-11	OverseasSharesIndexed	2.4017
2025-10-11	AustralianSharesIndexed	1.9774
2025-10-11	HighGrowth	10.2402
2025-10-11	BalancedIndexed	1.8314
2025-10-10	CapitalStable	4.3889
2025-10-10	Balanced	5.8479
2025-10-10	Cash	2.5599
2025-10-10	SustainableGrowth	1.4511
2025-10-10	CoreStrategy	2.7241
2025-10-10	OverseasSharesIndexed	2.4029
2025-10-10	AustralianSharesIndexed	1.9726
2025-10-10	HighGrowth	10.2334
2025-10-10	BalancedIndexed	1.8311
2025-10-09	CapitalStable	4.3857
2025-10-09	Balanced	5.8415
2025-10-09	Cash	2.5597
2025-10-09	SustainableGrowth	1.4466
2025-10-09	CoreStrategy	2.7201
2025-10-09	OverseasSharesIndexed	2.3901
2025-10-09	AustralianSharesIndexed	1.9744
2025-10-09	HighGrowth	10.2154
2025-10-09	BalancedIndexed	1.8266
2025-10-08	CapitalStable	4.3862
2025-10-08	Balanced	5.8433
2025-10-08	Cash	2.5592
2025-10-08	SustainableGrowth	1.4487
2025-10-08	CoreStrategy	2.7215
2025-10-08	OverseasSharesIndexed	2.3906
2025-10-08	AustralianSharesIndexed	1.9789
2025-10-08	HighGrowth	10.2229
2025-10-08	BalancedIndexed	1.8294
2025-10-07	CapitalStable	4.3871
2025-10-07	Balanced	5.844
2025-10-07	Cash	2.5586
2025-10-07	SustainableGrowth	1.4482
2025-10-07	CoreStrategy	2.7214
2025-10-07	OverseasSharesIndexed	2.3878
2025-10-07	AustralianSharesIndexed	1.9799
2025-10-07	HighGrowth	10.2218
2025-10-07	BalancedIndexed	1.8276
2025-10-04	CapitalStable	4.3839
2025-10-04	Balanced	5.8377
2025-10-04	Cash	2.5584
2025-10-04	SustainableGrowth	1.4457
2025-10-04	CoreStrategy	2.7174
2025-10-04	OverseasSharesIndexed	2.3884
2025-10-04	AustralianSharesIndexed	1.9715
2025-10-04	HighGrowth	10.203
2025-10-04	BalancedIndexed	1.8247
2025-10-03	CapitalStable	4.3762
2025-10-03	Balanced	5.8203
2025-10-03	Cash	2.5579
2025-10-03	SustainableGrowth	1.4375
2025-10-03	CoreStrategy	2.7062
2025-10-03	OverseasSharesIndexed	2.3785
2025-10-03	AustralianSharesIndexed	1.9511
2025-10-03	HighGrowth	10.1483
2025-10-03	BalancedIndexed	1.816
2025-10-02	CapitalStable	4.3744
2025-10-02	Balanced	5.8152
2025-10-02	Cash	2.5579
2025-10-02	SustainableGrowth	1.4345
2025-10-02	CoreStrategy	2.7029
2025-10-02	OverseasSharesIndexed	2.3642
2025-10-02	AustralianSharesIndexed	1.9514
2025-10-02	HighGrowth	10.1318
2025-10-02	BalancedIndexed	1.8119
2025-10-01	CapitalStable	4.3761
2025-10-01	Balanced	5.8194
2025-10-01	Cash	2.5577
2025-10-01	SustainableGrowth	1.4361
2025-10-01	CoreStrategy	2.7054
2025-10-01	OverseasSharesIndexed	2.3715
2025-10-01	AustralianSharesIndexed	1.954
2025-10-01	HighGrowth	10.1445
2025-10-01	BalancedIndexed	1.8127
2025-09-30	CapitalStable	4.3626
2025-09-30	Balanced	5.7992
2025-09-30	Cash	2.557
2025-09-30	SustainableGrowth	1.4307
2025-09-30	CoreStrategy	2.6957
2025-09-30	OverseasSharesIndexed	2.3761
2025-09-30	AustralianSharesIndexed	1.9391
2025-09-30	HighGrowth	10.1044
2025-09-30	BalancedIndexed	1.808
2025-09-27	CapitalStable	4.36
2025-09-27	Balanced	5.7918
2025-09-27	Cash	2.5566
2025-09-27	SustainableGrowth	1.426
2025-09-27	CoreStrategy	2.6903
2025-09-27	OverseasSharesIndexed	2.3619
2025-09-27	AustralianSharesIndexed	1.9358
2025-09-27	HighGrowth	10.0776
2025-09-27	BalancedIndexed	1.8024
2025-09-26	CapitalStable	4.3603
2025-09-26	Balanced	5.7905
2025-09-26	Cash	2.5564
2025-09-26	SustainableGrowth	1.4277
2025-09-26	CoreStrategy	2.6891
2025-09-26	OverseasSharesIndexed	2.3604
2025-09-26	AustralianSharesIndexed	1.9342
2025-09-26	HighGrowth	10.068
2025-09-26	BalancedIndexed	1.8036
2025-09-25	CapitalStable	4.3614
2025-09-25	Balanced	5.7962
2025-09-25	Cash	2.5559
2025-09-25	SustainableGrowth	1.4327
2025-09-25	CoreStrategy	2.6942
2025-09-25	OverseasSharesIndexed	2.3638
2025-09-25	AustralianSharesIndexed	1.9501
2025-09-25	HighGrowth	10.093
2025-09-25	BalancedIndexed	1.81
2025-09-24	CapitalStable	4.3607
2025-09-24	Balanced	5.7973
2025-09-24	Cash	2.5559
2025-09-24	SustainableGrowth	1.4346
2025-09-24	CoreStrategy	2.6955
2025-09-24	OverseasSharesIndexed	2.3767
2025-09-24	AustralianSharesIndexed	1.9428
2025-09-24	HighGrowth	10.1023
2025-09-24	BalancedIndexed	1.8118
2025-09-23	CapitalStable	4.3576
2025-09-23	Balanced	5.7888
2025-09-23	Cash	2.5551
2025-09-23	SustainableGrowth	1.432
2025-09-23	CoreStrategy	2.6895
2025-09-23	OverseasSharesIndexed	2.3664
2025-09-23	AustralianSharesIndexed	1.9354
2025-09-23	HighGrowth	10.0726
2025-09-23	BalancedIndexed	1.8066
2025-09-20	CapitalStable	4.3565
2025-09-20	Balanced	5.7831
2025-09-20	Cash	2.5548
2025-09-20	SustainableGrowth	1.4292
2025-09-20	CoreStrategy	2.685
2025-09-20	OverseasSharesIndexed	2.3537
2025-09-20	AustralianSharesIndexed	1.9301
2025-09-20	HighGrowth	10.0493
2025-09-20	BalancedIndexed	1.8014
2025-09-19	CapitalStable	4.3529
2025-09-19	Balanced	5.7749
2025-09-19	Cash	2.5546
2025-09-19	SustainableGrowth	1.4248
2025-09-19	CoreStrategy	2.6798
2025-09-19	OverseasSharesIndexed	2.3274
2025-09-19	AustralianSharesIndexed	1.9433
2025-09-19	HighGrowth	10.0246
2025-09-19	BalancedIndexed	1.7976
2025-09-18	CapitalStable	4.3534
2025-09-18	Balanced	5.7783
2025-09-18	Cash	2.5544
2025-09-18	SustainableGrowth	1.4272
2025-09-18	CoreStrategy	2.6826
2025-09-18	OverseasSharesIndexed	2.3275
2025-09-18	AustralianSharesIndexed	1.9546
2025-09-18	HighGrowth	10.0389
2025-09-18	BalancedIndexed	1.8012
2025-09-17	CapitalStable	4.3506
2025-09-17	Balanced	5.7753
2025-09-17	Cash	2.5542
2025-09-17	SustainableGrowth	1.4287
2025-09-17	CoreStrategy	2.6819
2025-09-17	OverseasSharesIndexed	2.3346
2025-09-17	AustralianSharesIndexed	1.9494
2025-09-17	HighGrowth	10.0362
2025-09-17	BalancedIndexed	1.8017
2025-09-16	CapitalStable	4.3501
2025-09-16	Balanced	5.7728
2025-09-16	Cash	2.5533
2025-09-16	SustainableGrowth	1.4278
2025-09-16	CoreStrategy	2.68
2025-09-16	OverseasSharesIndexed	2.3289
2025-09-16	AustralianSharesIndexed	1.9511
2025-09-16	HighGrowth	10.0264
2025-09-16	BalancedIndexed	1.7996
2025-09-13	CapitalStable	4.3479
2025-09-13	Balanced	5.7668
2025-09-13	Cash	2.5531
2025-09-13	SustainableGrowth	1.4267
2025-09-13	CoreStrategy	2.6756
2025-09-13	OverseasSharesIndexed	2.3289
2025-09-13	AustralianSharesIndexed	1.9393
2025-09-13	HighGrowth	10.0049
2025-09-13	BalancedIndexed	1.7965
2025-09-12	CapitalStable	4.3448
2025-09-12	Balanced	5.7611
2025-09-12	Cash	2.5529
2025-09-12	SustainableGrowth	1.4242
2025-09-12	CoreStrategy	2.672
2025-09-12	OverseasSharesIndexed	2.3192
2025-09-12	AustralianSharesIndexed	1.9438
2025-09-12	HighGrowth	9.9901
2025-09-12	BalancedIndexed	1.7928
2025-09-11	CapitalStable	4.3448
2025-09-11	Balanced	5.7617
2025-09-11	Cash	2.5527
2025-09-11	SustainableGrowth	1.4245
2025-09-11	CoreStrategy	2.6723
2025-09-11	OverseasSharesIndexed	2.3254
2025-09-11	AustralianSharesIndexed	1.9385
2025-09-11	HighGrowth	9.9926
2025-09-11	BalancedIndexed	1.7917
2025-09-10	CapitalStable	4.3458
2025-09-10	Balanced	5.7635
2025-09-10	Cash	2.5524
2025-09-10	SustainableGrowth	1.426
2025-09-10	CoreStrategy	2.6733
2025-09-10	OverseasSharesIndexed	2.3235
2025-09-10	AustralianSharesIndexed	1.9466
2025-09-10	HighGrowth	9.9973
2025-09-10	BalancedIndexed	1.793
2025-09-09	CapitalStable	4.3427
2025-09-09	Balanced	5.7591
2025-09-09	Cash	2.5518
2025-09-09	SustainableGrowth	1.4253
2025-09-09	CoreStrategy	2.6711
2025-09-09	OverseasSharesIndexed	2.3256
2025-09-09	AustralianSharesIndexed	1.95
2025-09-09	HighGrowth	9.9845
2025-09-09	BalancedIndexed	1.7925
2025-09-06	CapitalStable	4.3408
2025-09-06	Balanced	5.7569
2025-09-06	Cash	2.5516
2025-09-06	SustainableGrowth	1.4256
2025-09-06	CoreStrategy	2.6702
2025-09-06	OverseasSharesIndexed	2.341
2025-09-06	AustralianSharesIndexed	1.9407
2025-09-06	HighGrowth	9.9824
2025-09-06	BalancedIndexed	1.7931
2025-09-05	CapitalStable	4.3288
2025-09-05	Balanced	5.7317
2025-09-05	Cash	2.5511
2025-09-05	SustainableGrowth	1.4144
2025-09-05	CoreStrategy	2.6544
2025-09-05	OverseasSharesIndexed	2.3132
2025-09-05	AustralianSharesIndexed	1.9208
2025-09-05	HighGrowth	9.9083
2025-09-05	BalancedIndexed	1.778
2025-09-04	CapitalStable	4.3337
2025-09-04	Balanced	5.7437
2025-09-04	Cash	2.5509
2025-09-04	SustainableGrowth	1.4225
2025-09-04	CoreStrategy	2.6626
2025-09-04	OverseasSharesIndexed	2.3112
2025-09-04	AustralianSharesIndexed	1.9511
2025-09-04	HighGrowth	9.9486
2025-09-04	BalancedIndexed	1.7849
2025-09-03	CapitalStable	4.337
2025-09-03	Balanced	5.7495
2025-09-03	Cash	2.5507
2025-09-03	SustainableGrowth	1.4262
2025-09-03	CoreStrategy	2.6661
2025-09-03	OverseasSharesIndexed	2.3172
2025-09-03	AustralianSharesIndexed	1.9542
2025-09-03	HighGrowth	9.9628
2025-09-03	BalancedIndexed	1.7897
2025-09-02	CapitalStable	4.3409
2025-09-02	Balanced	5.756
2025-09-02	Cash	2.5505
2025-09-02	SustainableGrowth	1.4282
2025-09-02	CoreStrategy	2.6695
2025-09-02	OverseasSharesIndexed	2.3214
2025-09-02	AustralianSharesIndexed	1.9618
2025-09-02	HighGrowth	9.9782
2025-09-02	BalancedIndexed	1.7931
2025-08-30	CapitalStable	4.3439
2025-08-30	Balanced	5.7639
2025-08-30	Cash	2.5496
2025-08-30	SustainableGrowth	1.4327
2025-08-30	CoreStrategy	2.6749
2025-08-30	OverseasSharesIndexed	2.3391
2025-08-30	AustralianSharesIndexed	1.9626
2025-08-30	HighGrowth	10.0048
2025-08-30	BalancedIndexed	1.7991
2025-08-29	CapitalStable	4.3405
2025-08-29	Balanced	5.7601
2025-08-29	Cash	2.5496
2025-08-29	SustainableGrowth	1.4307
2025-08-29	CoreStrategy	2.6734
2025-08-29	OverseasSharesIndexed	2.3424
2025-08-29	AustralianSharesIndexed	1.9582
2025-08-29	HighGrowth	10.0011
2025-08-29	BalancedIndexed	1.797
2025-08-28	CapitalStable	4.3383
2025-08-28	Balanced	5.7547
2025-08-28	Cash	2.5491
2025-08-28	SustainableGrowth	1.4282
2025-08-28	CoreStrategy	2.6698
2025-08-28	OverseasSharesIndexed	2.3375
2025-08-28	AustralianSharesIndexed	1.9524
2025-08-28	HighGrowth	9.9837
2025-08-28	BalancedIndexed	1.7939
2025-08-27	CapitalStable	4.3393
2025-08-27	Balanced	5.7573
2025-08-27	Cash	2.5489
2025-08-27	SustainableGrowth	1.4294
2025-08-27	CoreStrategy	2.6717
2025-08-27	OverseasSharesIndexed	2.3337
2025-08-27	AustralianSharesIndexed	1.9588
2025-08-27	HighGrowth	9.9927
2025-08-27	BalancedIndexed	1.7945
2025-08-26	CapitalStable	4.34
2025-08-26	Balanced	5.7587
2025-08-26	Cash	2.5483
2025-08-26	SustainableGrowth	1.4331
2025-08-26	CoreStrategy	2.6726
2025-08-26	OverseasSharesIndexed	2.3452
2025-08-26	AustralianSharesIndexed	1.9569
2025-08-26	HighGrowth	9.9959
2025-08-26	BalancedIndexed	1.7975
2025-08-23	CapitalStable	4.3391
2025-08-23	Balanced	5.7559
2025-08-23	Cash	2.548
2025-08-23	SustainableGrowth	1.4315
2025-08-23	CoreStrategy	2.6703
2025-08-23	OverseasSharesIndexed	2.3357
2025-08-23	AustralianSharesIndexed	1.9665
2025-08-23	HighGrowth	9.9873
2025-08-23	BalancedIndexed	1.7936
2025-08-22	CapitalStable	4.337
2025-08-22	Balanced	5.7494
2025-08-22	Cash	2.5476
2025-08-22	SustainableGrowth	1.4277
2025-08-22	CoreStrategy	2.6654
2025-08-22	OverseasSharesIndexed	2.3439
2025-08-22	AustralianSharesIndexed	1.946
2025-08-22	HighGrowth	9.9621
2025-08-22	BalancedIndexed	1.7908
2025-08-21	CapitalStable	4.3324
2025-08-21	Balanced	5.742
2025-08-21	Cash	2.5474
2025-08-21	SustainableGrowth	1.4252
2025-08-21	CoreStrategy	2.6615
2025-08-21	OverseasSharesIndexed	2.3359
2025-08-21	AustralianSharesIndexed	1.9399
2025-08-21	HighGrowth	9.9451
2025-08-21	BalancedIndexed	1.7877
2025-08-20	CapitalStable	4.3347
2025-08-20	Balanced	5.7477
2025-08-20	Cash	2.5474
2025-08-20	SustainableGrowth	1.4288
2025-08-20	CoreStrategy	2.6654
2025-08-20	OverseasSharesIndexed	2.3362
2025-08-20	AustralianSharesIndexed	1.9512
2025-08-20	HighGrowth	9.965
2025-08-20	BalancedIndexed	1.7924
2025-08-19	CapitalStable	4.3331
2025-08-19	Balanced	5.7421
2025-08-19	Cash	2.5465
2025-08-19	SustainableGrowth	1.4253
2025-08-19	CoreStrategy	2.6615
2025-08-19	OverseasSharesIndexed	2.3269
2025-08-19	AustralianSharesIndexed	1.9472
2025-08-19	HighGrowth	9.9443
2025-08-19	BalancedIndexed	1.7896
2025-08-16	CapitalStable	4.3319
2025-08-16	Balanced	5.7378
2025-08-16	Cash	2.5463
2025-08-16	SustainableGrowth	1.4239
2025-08-16	CoreStrategy	2.6584
2025-08-16	OverseasSharesIndexed	2.3327
2025-08-16	AustralianSharesIndexed	1.9345
2025-08-16	HighGrowth	9.9277
2025-08-16	BalancedIndexed	1.7879
2025-08-15	CapitalStable	4.3279
2025-08-15	Balanced	5.7281
2025-08-15	Cash	2.5461
2025-08-15	SustainableGrowth	1.419
2025-08-15	CoreStrategy	2.6521
2025-08-15	OverseasSharesIndexed	2.3176
2025-08-15	AustralianSharesIndexed	1.9246
2025-08-15	HighGrowth	9.8958
2025-08-15	BalancedIndexed	1.7821
2025-08-14	CapitalStable	4.3259
2025-08-14	Balanced	5.7264
2025-08-14	Cash	2.5458
2025-08-14	SustainableGrowth	1.4197
2025-08-14	CoreStrategy	2.6515
2025-08-14	OverseasSharesIndexed	2.3179
2025-08-14	AustralianSharesIndexed	1.9346
2025-08-14	HighGrowth	9.8968
2025-08-14	BalancedIndexed	1.783
2025-08-13	CapitalStable	4.3212
2025-08-13	Balanced	5.7134
2025-08-13	Cash	2.5454
2025-08-13	SustainableGrowth	1.4131
2025-08-13	CoreStrategy	2.6423
2025-08-13	OverseasSharesIndexed	2.2993
2025-08-13	AustralianSharesIndexed	1.9276
2025-08-13	HighGrowth	9.851
2025-08-13	BalancedIndexed	1.7738
2025-08-12	CapitalStable	4.3191
2025-08-12	Balanced	5.7096
2025-08-12	Cash	2.5447
2025-08-12	SustainableGrowth	1.4113
2025-08-12	CoreStrategy	2.6402
2025-08-12	OverseasSharesIndexed	2.2994
2025-08-12	AustralianSharesIndexed	1.92
2025-08-12	HighGrowth	9.841
2025-08-12	BalancedIndexed	1.7725
2025-08-09	CapitalStable	4.3207
2025-08-09	Balanced	5.7109
2025-08-09	Cash	2.5443
2025-08-09	SustainableGrowth	1.4129
2025-08-09	CoreStrategy	2.6402
2025-08-09	OverseasSharesIndexed	2.2944
2025-08-09	AustralianSharesIndexed	1.9248
2025-08-09	HighGrowth	9.8398
2025-08-09	BalancedIndexed	1.7707
2025-08-08	CapitalStable	4.3189
2025-08-08	Balanced	5.7079
2025-08-08	Cash	2.5443
2025-08-08	SustainableGrowth	1.4138
2025-08-08	CoreStrategy	2.6385
2025-08-08	OverseasSharesIndexed	2.2922
2025-08-08	AustralianSharesIndexed	1.9268
2025-08-08	HighGrowth	9.8328
2025-08-08	BalancedIndexed	1.7703
2025-08-07	CapitalStable	4.3173
2025-08-07	Balanced	5.7008
2025-08-07	Cash	2.5439
2025-08-07	SustainableGrowth	1.4106
2025-08-07	CoreStrategy	2.6329
2025-08-07	OverseasSharesIndexed	2.2877
2025-08-07	AustralianSharesIndexed	1.9119
2025-08-07	HighGrowth	9.8037
2025-08-07	BalancedIndexed	1.7633
2025-08-06	CapitalStable	4.3113
2025-08-06	Balanced	5.6887
2025-08-06	Cash	2.5436
2025-08-06	SustainableGrowth	1.406
2025-08-06	CoreStrategy	2.6255
2025-08-06	OverseasSharesIndexed	2.2898
2025-08-06	AustralianSharesIndexed	1.8909
2025-08-06	HighGrowth	9.7683
2025-08-06	BalancedIndexed	1.7579
2025-08-05	CapitalStable	4.3031
2025-08-05	Balanced	5.6726
2025-08-05	Cash	2.543
2025-08-05	SustainableGrowth	1.3997
2025-08-05	CoreStrategy	2.6157
2025-08-05	OverseasSharesIndexed	2.2668
2025-08-05	AustralianSharesIndexed	1.8902
2025-08-05	HighGrowth	9.7245
2025-08-05	BalancedIndexed	1.7486
2025-08-02	CapitalStable	4.3121
2025-08-02	Balanced	5.698
2025-08-02	Cash	2.5425
2025-08-02	SustainableGrowth	1.411
2025-08-02	CoreStrategy	2.6335
2025-08-02	OverseasSharesIndexed	2.3023
2025-08-02	AustralianSharesIndexed	1.906
2025-08-02	HighGrowth	9.8139
2025-08-02	BalancedIndexed	1.7653
2025-08-01	CapitalStable	4.3132
2025-08-01	Balanced	5.702
2025-08-01	Cash	2.5423
2025-08-01	SustainableGrowth	1.414
2025-08-01	CoreStrategy	2.6366
2025-08-01	OverseasSharesIndexed	2.305
2025-08-01	AustralianSharesIndexed	1.9087
2025-08-01	HighGrowth	9.8299
2025-08-01	BalancedIndexed	1.7679
2025-07-31	CapitalStable	4.3077
2025-07-31	Balanced	5.6924
2025-07-31	Cash	2.5419
2025-07-31	SustainableGrowth	1.4102
2025-07-31	CoreStrategy	2.6313
2025-07-31	OverseasSharesIndexed	2.2941
2025-07-31	AustralianSharesIndexed	1.8985
2025-07-31	HighGrowth	9.805
2025-07-31	BalancedIndexed	1.7627
2025-07-30	CapitalStable	4.3057
2025-07-30	Balanced	5.6908
2025-07-30	Cash	2.5419
2025-07-30	SustainableGrowth	1.411
2025-07-30	CoreStrategy	2.631
2025-07-30	OverseasSharesIndexed	2.2955
2025-07-30	AustralianSharesIndexed	1.8973
2025-07-30	HighGrowth	9.8064
2025-07-30	BalancedIndexed	1.763
2025-07-29	CapitalStable	4.3028
2025-07-29	Balanced	5.6854
2025-07-29	Cash	2.541
2025-07-29	SustainableGrowth	1.4095
2025-07-29	CoreStrategy	2.628
2025-07-29	OverseasSharesIndexed	2.2896
2025-07-29	AustralianSharesIndexed	1.8913
2025-07-29	HighGrowth	9.7921
2025-07-29	BalancedIndexed	1.7602
2025-07-26	CapitalStable	4.2997
2025-07-26	Balanced	5.6799
2025-07-26	Cash	2.5408
2025-07-26	SustainableGrowth	1.4076
2025-07-26	CoreStrategy	2.6252
2025-07-26	OverseasSharesIndexed	2.2722
2025-07-26	AustralianSharesIndexed	1.8998
2025-07-26	HighGrowth	9.78
2025-07-26	BalancedIndexed	1.758
2025-07-25	CapitalStable	4.3048
2025-07-25	Balanced	5.687
2025-07-25	Cash	2.5406
2025-07-25	SustainableGrowth	1.4095
2025-07-25	CoreStrategy	2.6287
2025-07-25	OverseasSharesIndexed	2.2738
2025-07-25	AustralianSharesIndexed	1.9048
2025-07-25	HighGrowth	9.7926
2025-07-25	BalancedIndexed	1.7596
2025-07-24	CapitalStable	4.3022
2025-07-24	Balanced	5.6768
2025-07-24	Cash	2.5401
2025-07-24	SustainableGrowth	1.4039
2025-07-24	CoreStrategy	2.6209
2025-07-24	OverseasSharesIndexed	2.2657
2025-07-24	AustralianSharesIndexed	1.8932
2025-07-24	HighGrowth	9.7519
2025-07-24	BalancedIndexed	1.7517
2025-07-23	CapitalStable	4.3004
2025-07-23	Balanced	5.6752
2025-07-23	Cash	2.5399
2025-07-23	SustainableGrowth	1.4042
2025-07-23	CoreStrategy	2.6203
2025-07-23	OverseasSharesIndexed	2.271
2025-07-23	AustralianSharesIndexed	1.891
2025-07-23	HighGrowth	9.7513
2025-07-23	BalancedIndexed	1.7518
2025-07-22	CapitalStable	4.2998
2025-07-22	Balanced	5.6782
2025-07-22	Cash	2.5392
2025-07-22	SustainableGrowth	1.4084
2025-07-22	CoreStrategy	2.6235
2025-07-22	OverseasSharesIndexed	2.2674
2025-07-22	AustralianSharesIndexed	1.9076
2025-07-22	HighGrowth	9.7704
2025-07-22	BalancedIndexed	1.755
2025-07-19	CapitalStable	4.2971
2025-07-19	Balanced	5.6717
2025-07-19	Cash	2.5388
2025-07-19	SustainableGrowth	1.4058
2025-07-19	CoreStrategy	2.619
2025-07-19	OverseasSharesIndexed	2.2801
2025-07-19	AustralianSharesIndexed	1.8846
2025-07-19	HighGrowth	9.7483
2025-07-19	BalancedIndexed	1.751
2025-07-18	CapitalStable	4.287
2025-07-18	Balanced	5.6506
2025-07-18	Cash	2.5388
2025-07-18	SustainableGrowth	1.3959
2025-07-18	CoreStrategy	2.606
2025-07-18	OverseasSharesIndexed	2.2577
2025-07-18	AustralianSharesIndexed	1.8697
2025-07-18	HighGrowth	9.6872
2025-07-18	BalancedIndexed	1.7393
2025-07-17	CapitalStable	4.287
2025-07-17	Balanced	5.6531
2025-07-17	Cash	2.5384
2025-07-17	SustainableGrowth	1.3981
2025-07-17	CoreStrategy	2.6082
2025-07-17	OverseasSharesIndexed	2.2514
2025-07-17	AustralianSharesIndexed	1.8826
2025-07-17	HighGrowth	9.7006
2025-07-17	BalancedIndexed	1.7411
2025-07-16	CapitalStable	4.285
2025-07-16	Balanced	5.6471
2025-07-16	Cash	2.5381
2025-07-16	SustainableGrowth	1.396
2025-07-16	CoreStrategy	2.6042
2025-07-16	OverseasSharesIndexed	2.2508
2025-07-16	AustralianSharesIndexed	1.8708
2025-07-16	HighGrowth	9.6783
2025-07-16	BalancedIndexed	1.7389
2025-07-15	CapitalStable	4.2844
2025-07-15	Balanced	5.6442
2025-07-15	Cash	2.5375
2025-07-15	SustainableGrowth	1.3942
2025-07-15	CoreStrategy	2.6019
2025-07-15	OverseasSharesIndexed	2.2424
2025-07-15	AustralianSharesIndexed	1.8719
2025-07-15	HighGrowth	9.6669
2025-07-15	BalancedIndexed	1.7374
2025-07-12	CapitalStable	4.29
2025-07-12	Balanced	5.6543
2025-07-12	Cash	2.537
2025-07-12	SustainableGrowth	1.3996
2025-07-12	CoreStrategy	2.6077
2025-07-12	OverseasSharesIndexed	2.256
2025-07-12	AustralianSharesIndexed	1.8736
2025-07-12	HighGrowth	9.692
2025-07-12	BalancedIndexed	1.7426
2025-07-11	CapitalStable	4.2878
2025-07-11	Balanced	5.6506
2025-07-11	Cash	2.5368
2025-07-11	SustainableGrowth	1.3988
2025-07-11	CoreStrategy	2.6056
2025-07-11	OverseasSharesIndexed	2.2603
2025-07-11	AustralianSharesIndexed	1.8635
2025-07-11	HighGrowth	9.6823
2025-07-11	BalancedIndexed	1.7396
2025-07-10	CapitalStable	4.2889
2025-07-10	Balanced	5.6523
2025-07-10	Cash	2.5366
2025-07-10	SustainableGrowth	1.399
2025-07-10	CoreStrategy	2.6062
2025-07-10	OverseasSharesIndexed	2.2553
2025-07-10	AustralianSharesIndexed	1.8766
2025-07-10	HighGrowth	9.687
2025-07-10	BalancedIndexed	1.7417
2025-07-09	CapitalStable	4.2936
2025-07-09	Balanced	5.6569
2025-07-09	Cash	2.5364
2025-07-09	SustainableGrowth	1.3988
2025-07-09	CoreStrategy	2.6076
2025-07-09	OverseasSharesIndexed	2.2586
2025-07-09	AustralianSharesIndexed	1.8759
2025-07-09	HighGrowth	9.6891
2025-07-09	BalancedIndexed	1.743
2025-07-08	CapitalStable	4.2942
2025-07-08	Balanced	5.6595
2025-07-08	Cash	2.5355
2025-07-08	SustainableGrowth	1.4005
2025-07-08	CoreStrategy	2.6099
2025-07-08	OverseasSharesIndexed	2.2609
2025-07-08	AustralianSharesIndexed	1.8788
2025-07-08	HighGrowth	9.6987
2025-07-08	BalancedIndexed	1.7465
2025-07-05	CapitalStable	4.2932
2025-07-05	Balanced	5.6574
2025-07-05	Cash	2.5353
2025-07-05	SustainableGrowth	1.3993
2025-07-05	CoreStrategy	2.6087
2025-07-05	OverseasSharesIndexed	2.2574
2025-07-05	AustralianSharesIndexed	1.8773
2025-07-05	HighGrowth	9.6931
2025-07-05	BalancedIndexed	1.7456
2025-07-04	CapitalStable	4.2905
2025-07-04	Balanced	5.6492
2025-07-04	Cash	2.5351
2025-07-04	SustainableGrowth	1.396
2025-07-04	CoreStrategy	2.6028
2025-07-04	OverseasSharesIndexed	2.2432
2025-07-04	AustralianSharesIndexed	1.8774
2025-07-04	HighGrowth	9.6637
2025-07-04	BalancedIndexed	1.7405
2025-07-03	CapitalStable	4.2891
2025-07-03	Balanced	5.6422
2025-07-03	Cash	2.5346
2025-07-03	SustainableGrowth	1.3923
2025-07-03	CoreStrategy	2.5975
2025-07-03	OverseasSharesIndexed	2.2329
2025-07-03	AustralianSharesIndexed	1.8668
2025-07-03	HighGrowth	9.6346
2025-07-03	BalancedIndexed	1.7345
2025-07-02	CapitalStable	4.2882
2025-07-02	Balanced	5.6431
2025-07-02	Cash	2.5346
2025-07-02	SustainableGrowth	1.3929
2025-07-02	CoreStrategy	2.5988
2025-07-02	OverseasSharesIndexed	2.2414
2025-07-02	AustralianSharesIndexed	1.8668
2025-07-02	HighGrowth	9.6431
2025-07-02	BalancedIndexed	1.7365
2025-07-01	CapitalStable	4.2872
2025-07-01	Balanced	5.6408
2025-07-01	Cash	2.5335
2025-07-01	SustainableGrowth	1.3891
2025-07-01	CoreStrategy	2.5971
2025-07-01	OverseasSharesIndexed	2.2405
2025-07-01	AustralianSharesIndexed	1.8614
2025-07-01	HighGrowth	9.636
2025-07-01	BalancedIndexed	1.7335
2025-06-30	CapitalStable	4.2882
2025-06-30	Balanced	5.6431
2025-06-30	Cash	2.5346
2025-06-30	SustainableGrowth	1.3929
2025-06-30	CoreStrategy	2.5988
2025-06-30	OverseasSharesIndexed	2.2414
2025-06-30	AustralianSharesIndexed	1.8668
2025-06-30	HighGrowth	9.6431
2025-06-30	BalancedIndexed	1.7365
2025-06-28	CapitalStable	4.2724
2025-06-28	Balanced	5.6168
2025-06-28	Cash	2.5335
2025-06-28	SustainableGrowth	1.3856
2025-06-28	CoreStrategy	2.5857
2025-06-28	OverseasSharesIndexed	2.2208
2025-06-28	AustralianSharesIndexed	1.8657
2025-06-28	HighGrowth	9.5907
2025-06-28	BalancedIndexed	1.7286
2025-06-27	CapitalStable	4.2716
2025-06-27	Balanced	5.6153
2025-06-27	Cash	2.5333
2025-06-27	SustainableGrowth	1.384
2025-06-27	CoreStrategy	2.5845
2025-06-27	OverseasSharesIndexed	2.22
2025-06-27	AustralianSharesIndexed	1.8669
2025-06-27	HighGrowth	9.5861
2025-06-27	BalancedIndexed	1.7264
2025-06-26	CapitalStable	4.2689
2025-06-26	Balanced	5.6167
2025-06-26	Cash	2.5329
2025-06-26	SustainableGrowth	1.383
2025-06-26	CoreStrategy	2.5832
2025-06-26	OverseasSharesIndexed	2.2184
2025-06-26	AustralianSharesIndexed	1.867
2025-06-26	HighGrowth	9.5808
2025-06-26	BalancedIndexed	1.7267
2025-06-25	CapitalStable	4.2621
2025-06-25	Balanced	5.6013
2025-06-25	Cash	2.5327
2025-06-25	SustainableGrowth	1.3752
2025-06-25	CoreStrategy	2.573
2025-06-25	OverseasSharesIndexed	2.2158
2025-06-25	AustralianSharesIndexed	1.8511
2025-06-25	HighGrowth	9.532
2025-06-25	BalancedIndexed	1.7176
2025-06-24	CapitalStable	4.2722
2025-06-24	Balanced	5.6117
2025-06-24	Cash	2.5318
2025-06-24	SustainableGrowth	1.3703
2025-06-24	CoreStrategy	2.5734
2025-06-24	OverseasSharesIndexed	2.1921
2025-06-24	AustralianSharesIndexed	1.8574
2025-06-24	HighGrowth	9.5278
2025-06-24	BalancedIndexed	1.7123
2025-06-21	CapitalStable	4.2722
2025-06-21	Balanced	5.6141
2025-06-21	Cash	2.5316
2025-06-21	SustainableGrowth	1.3738
2025-06-21	CoreStrategy	2.5754
2025-06-21	OverseasSharesIndexed	2.1986
2025-06-21	AustralianSharesIndexed	1.8608
2025-06-21	HighGrowth	9.5394
2025-06-21	BalancedIndexed	1.7148
2025-06-20	CapitalStable	4.2695
2025-06-20	Balanced	5.6105
2025-06-20	Cash	2.5313
2025-06-20	SustainableGrowth	1.3721
2025-06-20	CoreStrategy	2.5741
2025-06-20	OverseasSharesIndexed	2.1856
2025-06-20	AustralianSharesIndexed	1.8625
2025-06-20	HighGrowth	9.5343
2025-06-20	BalancedIndexed	1.713
2025-06-19	CapitalStable	4.2695
2025-06-19	Balanced	5.6125
2025-06-19	Cash	2.5311
2025-06-19	SustainableGrowth	1.3736
2025-06-19	CoreStrategy	2.5758
2025-06-19	OverseasSharesIndexed	2.189
2025-06-19	AustralianSharesIndexed	1.8648
2025-06-19	HighGrowth	9.544
2025-06-19	BalancedIndexed	1.7141
2025-06-18	CapitalStable	4.2704
2025-06-18	Balanced	5.616
2025-06-18	Cash	2.5309
2025-06-18	SustainableGrowth	1.3772
2025-06-18	CoreStrategy	2.5787
2025-06-18	OverseasSharesIndexed	2.1969
2025-06-18	AustralianSharesIndexed	1.8656
2025-06-18	HighGrowth	9.5582
2025-06-18	BalancedIndexed	1.7183
2025-06-17	CapitalStable	4.2707
2025-06-17	Balanced	5.612
2025-06-17	Cash	2.5302
2025-06-17	SustainableGrowth	1.374
2025-06-17	CoreStrategy	2.5749
2025-06-17	OverseasSharesIndexed	2.1913
2025-06-17	AustralianSharesIndexed	1.8651
2025-06-17	HighGrowth	9.5363
2025-06-17	BalancedIndexed	1.7148
2025-06-14	CapitalStable	4.274
2025-06-14	Balanced	5.6232
2025-06-14	Cash	2.5298
2025-06-14	SustainableGrowth	1.3809
2025-06-14	CoreStrategy	2.5832
2025-06-14	OverseasSharesIndexed	2.2051
2025-06-14	AustralianSharesIndexed	1.869
2025-06-14	HighGrowth	9.5775
2025-06-14	BalancedIndexed	1.7221
2025-06-13	CapitalStable	4.2712
2025-06-13	Balanced	5.6217
2025-06-13	Cash	2.5296
2025-06-13	SustainableGrowth	1.3788
2025-06-13	CoreStrategy	2.5834
2025-06-13	OverseasSharesIndexed	2.1998
2025-06-13	AustralianSharesIndexed	1.8737
2025-06-13	HighGrowth	9.5827
2025-06-13	BalancedIndexed	1.7208
2025-06-12	CapitalStable	4.2706
2025-06-12	Balanced	5.6204
2025-06-12	Cash	2.5294
2025-06-12	SustainableGrowth	1.3803
2025-06-12	CoreStrategy	2.5827
2025-06-12	OverseasSharesIndexed	2.2006
2025-06-12	AustralianSharesIndexed	1.8729
2025-06-12	HighGrowth	9.5795
2025-06-12	BalancedIndexed	1.7216
2025-06-11	CapitalStable	4.2648
2025-06-11	Balanced	5.6086
2025-06-11	Cash	2.5292
2025-06-11	SustainableGrowth	1.3771
2025-06-11	CoreStrategy	2.5754
2025-06-11	OverseasSharesIndexed	2.1943
2025-06-11	AustralianSharesIndexed	1.8593
2025-06-11	HighGrowth	9.5449
2025-06-11	BalancedIndexed	1.7147
2025-06-07	CapitalStable	4.2633
2025-06-07	Balanced	5.6026
2025-06-07	Cash	2.5278
2025-06-07	SustainableGrowth	1.375
2025-06-07	CoreStrategy	2.571
2025-06-07	OverseasSharesIndexed	2.1778
2025-06-07	AustralianSharesIndexed	1.864
2025-06-07	HighGrowth	9.5215
2025-06-07	BalancedIndexed	1.71
2025-06-06	CapitalStable	4.2658
2025-06-06	Balanced	5.6078
2025-06-06	Cash	2.5278
2025-06-06	SustainableGrowth	1.3758
2025-06-06	CoreStrategy	2.574
2025-06-06	OverseasSharesIndexed	2.192
2025-06-06	AustralianSharesIndexed	1.8644
2025-06-06	HighGrowth	9.5361
2025-06-06	BalancedIndexed	1.7145
2025-06-05	CapitalStable	4.262
2025-06-05	Balanced	5.5993
2025-06-05	Cash	2.5276
2025-06-05	SustainableGrowth	1.3732
2025-06-05	CoreStrategy	2.5684
2025-06-05	OverseasSharesIndexed	2.1973
2025-06-05	AustralianSharesIndexed	1.8493
2025-06-05	HighGrowth	9.5089
2025-06-05	BalancedIndexed	1.7106
2025-06-04	CapitalStable	4.2558
2025-06-04	Balanced	5.5853
2025-06-04	Cash	2.5272
2025-06-04	SustainableGrowth	1.3661
2025-06-04	CoreStrategy	2.5596
2025-06-04	OverseasSharesIndexed	2.1814
2025-06-04	AustralianSharesIndexed	1.8391
2025-06-04	HighGrowth	9.4658
2025-06-04	BalancedIndexed	1.7028
2025-06-03	CapitalStable	4.2613
2025-06-03	Balanced	5.596
2025-06-03	Cash	2.5267
2025-06-03	SustainableGrowth	1.3674
2025-06-03	CoreStrategy	2.5657
2025-06-03	OverseasSharesIndexed	2.1918
2025-06-03	AustralianSharesIndexed	1.8432
2025-06-03	HighGrowth	9.4942
2025-06-03	BalancedIndexed	1.7055
2025-05-31	CapitalStable	4.2556
2025-05-31	Balanced	5.5898
2025-05-31	Cash	2.5263
2025-05-31	SustainableGrowth	1.366
2025-05-31	CoreStrategy	2.5633
2025-05-31	OverseasSharesIndexed	2.1886
2025-05-31	AustralianSharesIndexed	1.838
2025-05-31	HighGrowth	9.4877
2025-05-31	BalancedIndexed	1.7023
2025-05-30	CapitalStable	4.2539
2025-05-30	Balanced	5.5855
2025-05-30	Cash	2.5259
2025-05-30	SustainableGrowth	1.3644
2025-05-30	CoreStrategy	2.5601
2025-05-30	OverseasSharesIndexed	2.1859
2025-05-30	AustralianSharesIndexed	1.8355
2025-05-30	HighGrowth	9.4735
2025-05-30	BalancedIndexed	1.6999
2025-05-29	CapitalStable	4.2564
2025-05-29	Balanced	5.5899
2025-05-29	Cash	2.5256
2025-05-29	SustainableGrowth	1.3678
2025-05-29	CoreStrategy	2.5628
2025-05-29	OverseasSharesIndexed	2.1923
2025-05-29	AustralianSharesIndexed	1.8373
2025-05-29	HighGrowth	9.4847
2025-05-29	BalancedIndexed	1.7036
2025-05-28	CapitalStable	4.2402
2025-05-28	Balanced	5.5573
2025-05-28	Cash	2.5254
2025-05-28	SustainableGrowth	1.3517
2025-05-28	CoreStrategy	2.5425
2025-05-28	OverseasSharesIndexed	2.1451
2025-05-28	AustralianSharesIndexed	1.8284
2025-05-28	HighGrowth	9.3946
2025-05-28	BalancedIndexed	1.6851
2025-05-27	CapitalStable	4.2383
2025-05-27	Balanced	5.5566
2025-05-27	Cash	2.5245
2025-05-27	SustainableGrowth	1.3521
2025-05-27	CoreStrategy	2.5428
2025-05-27	OverseasSharesIndexed	2.1477
2025-05-27	AustralianSharesIndexed	1.8282
2025-05-27	HighGrowth	9.3986
2025-05-27	BalancedIndexed	1.6846
2025-05-24	CapitalStable	4.2411
2025-05-24	Balanced	5.5662
2025-05-24	Cash	2.5245
2025-05-24	SustainableGrowth	1.3561
2025-05-24	CoreStrategy	2.5494
2025-05-24	OverseasSharesIndexed	2.1743
2025-05-24	AustralianSharesIndexed	1.8255
2025-05-24	HighGrowth	9.4332
2025-05-24	BalancedIndexed	1.6908
2025-05-23	CapitalStable	4.241
2025-05-23	Balanced	5.567
2025-05-23	Cash	2.5241
2025-05-23	SustainableGrowth	1.3586
2025-05-23	CoreStrategy	2.5511
2025-05-23	OverseasSharesIndexed	2.1661
2025-05-23	AustralianSharesIndexed	1.8325
2025-05-23	HighGrowth	9.4377
2025-05-23	BalancedIndexed	1.6915
2025-05-22	CapitalStable	4.2503
2025-05-22	Balanced	5.5851
2025-05-22	Cash	2.5239
2025-05-22	SustainableGrowth	1.3673
2025-05-22	CoreStrategy	2.5621
2025-05-22	OverseasSharesIndexed	2.2052
2025-05-22	AustralianSharesIndexed	1.8239
2025-05-22	HighGrowth	9.4848
2025-05-22	BalancedIndexed	1.702
2025-05-21	CapitalStable	4.2417
2025-05-21	Balanced	5.5704
2025-05-21	Cash	2.5234
2025-05-21	SustainableGrowth	1.3606
2025-05-21	CoreStrategy	2.5541
2025-05-21	OverseasSharesIndexed	2.1906
2025-05-21	AustralianSharesIndexed	1.8147
2025-05-21	HighGrowth	9.4492
2025-05-21	BalancedIndexed	1.6959
2025-05-20	CapitalStable	4.2481
2025-05-20	Balanced	5.5825
2025-05-20	Cash	2.5228
2025-05-20	SustainableGrowth	1.3642
2025-05-20	CoreStrategy	2.5611
2025-05-20	OverseasSharesIndexed	2.2035
2025-05-20	AustralianSharesIndexed	1.8234
2025-05-20	HighGrowth	9.4814
2025-05-20	BalancedIndexed	1.7012
2025-05-17	CapitalStable	4.2402
2025-05-17	Balanced	5.5679
2025-05-17	Cash	2.5223
2025-05-17	SustainableGrowth	1.3575
2025-05-17	CoreStrategy	2.5522
2025-05-17	OverseasSharesIndexed	2.1903
2025-05-17	AustralianSharesIndexed	1.8141
2025-05-17	HighGrowth	9.4424
2025-05-17	BalancedIndexed	1.6932
2025-05-16	CapitalStable	4.235
2025-05-16	Balanced	5.5553
2025-05-16	Cash	2.5223
2025-05-16	SustainableGrowth	1.3509
2025-05-16	CoreStrategy	2.5436
2025-05-16	OverseasSharesIndexed	2.1665
2025-05-16	AustralianSharesIndexed	1.8111
2025-05-16	HighGrowth	9.4044
2025-05-16	BalancedIndexed	1.6862
2025-05-15	CapitalStable	4.2347
2025-05-15	Balanced	5.5519
2025-05-15	Cash	2.5219
2025-05-15	SustainableGrowth	1.3489
2025-05-15	CoreStrategy	2.5407
2025-05-15	OverseasSharesIndexed	2.1616
2025-05-15	AustralianSharesIndexed	1.8092
2025-05-15	HighGrowth	9.3897
2025-05-15	BalancedIndexed	1.6848
2025-05-14	CapitalStable	4.2382
2025-05-14	Balanced	5.5548
2025-05-14	Cash	2.5217
2025-05-14	SustainableGrowth	1.3516
2025-05-14	CoreStrategy	2.5411
2025-05-14	OverseasSharesIndexed	2.1723
2025-05-14	AustralianSharesIndexed	1.8006
2025-05-14	HighGrowth	9.3869
2025-05-14	BalancedIndexed	1.6832
2025-05-13	CapitalStable	4.2277
2025-05-13	Balanced	5.522
2025-05-13	Cash	2.5208
2025-05-13	SustainableGrowth	1.3381
2025-05-13	CoreStrategy	2.5187
2025-05-13	OverseasSharesIndexed	2.1139
2025-05-13	AustralianSharesIndexed	1.7986
2025-05-13	HighGrowth	9.2712
2025-05-13	BalancedIndexed	1.6631
2025-05-10	CapitalStable	4.2278
2025-05-10	Balanced	5.5195
2025-05-10	Cash	2.5206
2025-05-10	SustainableGrowth	1.3365
2025-05-10	CoreStrategy	2.5161
2025-05-10	OverseasSharesIndexed	2.1144
2025-05-10	AustralianSharesIndexed	1.7909
2025-05-10	HighGrowth	9.2581
2025-05-10	BalancedIndexed	1.661
2025-05-09	CapitalStable	4.2215
2025-05-09	Balanced	5.5035
2025-05-09	Cash	2.5201
2025-05-09	SustainableGrowth	1.3293
2025-05-09	CoreStrategy	2.5059
2025-05-09	OverseasSharesIndexed	2.0914
2025-05-09	AustralianSharesIndexed	1.7863
2025-05-09	HighGrowth	9.2064
2025-05-09	BalancedIndexed	1.6534
2025-05-08	CapitalStable	4.215
2025-05-08	Balanced	5.4921
2025-05-08	Cash	2.5201
2025-05-08	SustainableGrowth	1.324
2025-05-08	CoreStrategy	2.4995
2025-05-08	OverseasSharesIndexed	2.0831
2025-05-08	AustralianSharesIndexed	1.7805
2025-05-08	HighGrowth	9.1783
2025-05-08	BalancedIndexed	1.6486
2025-05-07	CapitalStable	4.2176
2025-05-07	Balanced	5.4977
2025-05-07	Cash	2.52
2025-05-07	SustainableGrowth	1.3266
2025-05-07	CoreStrategy	2.503
2025-05-07	OverseasSharesIndexed	2.0931
2025-05-07	AustralianSharesIndexed	1.7812
2025-05-07	HighGrowth	9.1954
2025-05-07	BalancedIndexed	1.6529
2025-05-06	CapitalStable	4.2274
2025-05-06	Balanced	5.5161
2025-05-06	Cash	2.5191
2025-05-06	SustainableGrowth	1.331
2025-05-06	CoreStrategy	2.513
2025-05-06	OverseasSharesIndexed	2.1053
2025-05-06	AustralianSharesIndexed	1.7968
2025-05-06	HighGrowth	9.2409
2025-05-06	BalancedIndexed	1.6615
2025-05-03	CapitalStable	4.2258
2025-05-03	Balanced	5.5049
2025-05-03	Cash	2.5189
2025-05-03	SustainableGrowth	1.3229
2025-05-03	CoreStrategy	2.5035
2025-05-03	OverseasSharesIndexed	2.0986
2025-05-03	AustralianSharesIndexed	1.779
2025-05-03	HighGrowth	9.1905
2025-05-03	BalancedIndexed	1.6514
2025-05-02	CapitalStable	4.2244
2025-05-02	Balanced	5.4994
2025-05-02	Cash	2.5184
2025-05-02	SustainableGrowth	1.3207
2025-05-02	CoreStrategy	2.4995
2025-05-02	OverseasSharesIndexed	2.0901
2025-05-02	AustralianSharesIndexed	1.7752
2025-05-02	HighGrowth	9.1694
2025-05-02	BalancedIndexed	1.6473
2025-05-01	CapitalStable	4.2218
2025-05-01	Balanced	5.494
2025-05-01	Cash	2.5182
2025-05-01	SustainableGrowth	1.3162
2025-05-01	CoreStrategy	2.4958
2025-05-01	OverseasSharesIndexed	2.0916
2025-05-01	AustralianSharesIndexed	1.7644
2025-05-01	HighGrowth	9.1523
2025-05-01	BalancedIndexed	1.6437
2025-04-30	CapitalStable	4.213
2025-04-30	Balanced	5.4739
2025-04-30	Cash	2.518
2025-04-30	SustainableGrowth	1.3069
2025-04-30	CoreStrategy	2.4834
2025-04-30	OverseasSharesIndexed	2.0688
2025-04-30	AustralianSharesIndexed	1.7493
2025-04-30	HighGrowth	9.0919
2025-04-30	BalancedIndexed	1.6331
2025-04-29	CapitalStable	4.21
2025-04-29	Balanced	5.4705
2025-04-29	Cash	2.5171
2025-04-29	SustainableGrowth	1.3058
2025-04-29	CoreStrategy	2.4818
2025-04-29	OverseasSharesIndexed	2.0728
2025-04-29	AustralianSharesIndexed	1.7438
2025-04-29	HighGrowth	9.0866
2025-04-29	BalancedIndexed	1.6313
2025-04-25	CapitalStable	4.1933
2025-04-25	Balanced	5.4345
2025-04-25	Cash	2.5167
2025-04-25	SustainableGrowth	1.2907
2025-04-25	CoreStrategy	2.4601
2025-04-25	OverseasSharesIndexed	2.0246
2025-04-25	AustralianSharesIndexed	1.7343
2025-04-25	HighGrowth	8.983
2025-04-25	BalancedIndexed	1.6108
2025-04-24	CapitalStable	4.1842
2025-04-24	Balanced	5.4097
2025-04-24	Cash	2.5162
2025-04-24	SustainableGrowth	1.2814
2025-04-24	CoreStrategy	2.4438
2025-04-24	OverseasSharesIndexed	2.0044
2025-04-24	AustralianSharesIndexed	1.7141
2025-04-24	HighGrowth	8.9003
2025-04-24	BalancedIndexed	1.5959
2025-04-23	CapitalStable	4.1733
2025-04-23	Balanced	5.386
2025-04-23	Cash	2.516
2025-04-23	SustainableGrowth	1.2696
2025-04-23	CoreStrategy	2.4296
2025-04-23	OverseasSharesIndexed	1.9625
2025-04-23	AustralianSharesIndexed	1.7146
2025-04-23	HighGrowth	8.832
2025-04-23	BalancedIndexed	1.5815
2025-04-18	CapitalStable	4.177
2025-04-18	Balanced	5.3958
2025-04-18	Cash	2.5149
2025-04-18	SustainableGrowth	1.2759
2025-04-18	CoreStrategy	2.4356
2025-04-18	OverseasSharesIndexed	1.9964
2025-04-18	AustralianSharesIndexed	1.7026
2025-04-18	HighGrowth	8.8618
2025-04-18	BalancedIndexed	1.5896
2025-04-17	CapitalStable	4.1814
2025-04-17	Balanced	5.4115
2025-04-17	Cash	2.5145
2025-04-17	SustainableGrowth	1.283
2025-04-17	CoreStrategy	2.4464
2025-04-17	OverseasSharesIndexed	2.0277
2025-04-17	AustralianSharesIndexed	1.7032
2025-04-17	HighGrowth	8.9198
2025-04-17	BalancedIndexed	1.6005
2025-04-16	CapitalStable	4.1793
2025-04-16	Balanced	5.4093
2025-04-16	Cash	2.514
2025-04-16	SustainableGrowth	1.2817
2025-04-16	CoreStrategy	2.4452
2025-04-16	OverseasSharesIndexed	2.0364
2025-04-16	AustralianSharesIndexed	1.7005
2025-04-16	HighGrowth	8.9181
2025-04-16	BalancedIndexed	1.6004
2025-04-15	CapitalStable	4.1739
2025-04-15	Balanced	5.3964
2025-04-15	Cash	2.5134
2025-04-15	SustainableGrowth	1.2762
2025-04-15	CoreStrategy	2.4361
2025-04-15	OverseasSharesIndexed	2.0413
2025-04-15	AustralianSharesIndexed	1.6802
2025-04-15	HighGrowth	8.8773
2025-04-15	BalancedIndexed	1.5916
2025-04-12	CapitalStable	4.1714
2025-04-12	Balanced	5.3883
2025-04-12	Cash	2.5132
2025-04-12	SustainableGrowth	1.2719
2025-04-12	CoreStrategy	2.4307
2025-04-12	OverseasSharesIndexed	2.0121
2025-04-12	AustralianSharesIndexed	1.6923
2025-04-12	HighGrowth	8.8483
2025-04-12	BalancedIndexed	1.5861
2025-04-11	CapitalStable	4.1813
2025-04-11	Balanced	5.4014
2025-04-11	Cash	2.5127
2025-04-11	SustainableGrowth	1.2761
2025-04-11	CoreStrategy	2.4378
2025-04-11	OverseasSharesIndexed	2.1129
2025-04-11	AustralianSharesIndexed	1.6261
2025-04-11	HighGrowth	8.8688
2025-04-11	BalancedIndexed	1.5924
2025-04-10	CapitalStable	4.1635
2025-04-10	Balanced	5.3519
2025-04-10	Cash	2.5127
2025-04-10	SustainableGrowth	1.2499
2025-04-10	CoreStrategy	2.4059
2025-04-10	OverseasSharesIndexed	1.986
2025-04-10	AustralianSharesIndexed	1.6534
2025-04-10	HighGrowth	8.7068
2025-04-10	BalancedIndexed	1.5568
2025-04-09	CapitalStable	4.166
2025-04-09	Balanced	5.3468
2025-04-09	Cash	2.5123
2025-04-09	SustainableGrowth	1.2462
2025-04-09	CoreStrategy	2.4008
2025-04-09	OverseasSharesIndexed	1.9984
2025-04-09	AustralianSharesIndexed	1.6207
2025-04-09	HighGrowth	8.6695
2025-04-09	BalancedIndexed	1.5528
2025-04-08	CapitalStable	4.1861
2025-04-08	Balanced	5.4004
2025-04-08	Cash	2.5116
2025-04-08	SustainableGrowth	1.2655
2025-04-08	CoreStrategy	2.4367
2025-04-08	OverseasSharesIndexed	2.0157
2025-04-08	AustralianSharesIndexed	1.6838
2025-04-08	HighGrowth	8.8459
2025-04-08	BalancedIndexed	1.5789
2025-04-05	CapitalStable	4.1901
2025-04-05	Balanced	5.431
2025-04-05	Cash	2.5112
2025-04-05	SustainableGrowth	1.2857
2025-04-05	CoreStrategy	2.463
2025-04-05	OverseasSharesIndexed	2.0331
2025-04-05	AustralianSharesIndexed	1.7216
2025-04-05	HighGrowth	8.9804
2025-04-05	BalancedIndexed	1.6099
2025-04-04	CapitalStable	4.2055
2025-04-04	Balanced	5.484
2025-04-04	Cash	2.511
2025-04-04	SustainableGrowth	1.3098
2025-04-04	CoreStrategy	2.5012
2025-04-04	OverseasSharesIndexed	2.1265
2025-04-04	AustralianSharesIndexed	1.7361
2025-04-04	HighGrowth	9.174
2025-04-04	BalancedIndexed	1.6451
2025-04-03	CapitalStable	4.2051
2025-04-03	Balanced	5.4825
2025-04-03	Cash	2.5105
2025-04-03	SustainableGrowth	1.3083
2025-04-03	CoreStrategy	2.4998
2025-04-03	OverseasSharesIndexed	2.1247
2025-04-03	AustralianSharesIndexed	1.7344
2025-04-03	HighGrowth	9.1672
2025-04-03	BalancedIndexed	1.6426
2025-04-02	CapitalStable	4.2004
2025-04-02	Balanced	5.4722
2025-04-02	Cash	2.5103
2025-04-02	SustainableGrowth	1.3044
2025-04-02	CoreStrategy	2.4934
2025-04-02	OverseasSharesIndexed	2.1276
2025-04-02	AustralianSharesIndexed	1.7191
2025-04-02	HighGrowth	9.1366
2025-04-02	BalancedIndexed	1.6369
2025-04-01	CapitalStable	4.199
2025-04-01	Balanced	5.4773
2025-04-01	Cash	2.5097
2025-04-01	SustainableGrowth	1.3066
2025-04-01	CoreStrategy	2.4987
2025-04-01	OverseasSharesIndexed	2.1094
2025-04-01	AustralianSharesIndexed	1.7461
2025-04-01	HighGrowth	9.1697
2025-04-01	BalancedIndexed	1.6405
2025-03-29	CapitalStable	4.2014
2025-03-29	Balanced	5.4903
2025-03-29	Cash	2.5092
2025-03-29	SustainableGrowth	1.3129
2025-03-29	CoreStrategy	2.5086
2025-03-29	OverseasSharesIndexed	2.1387
2025-03-29	AustralianSharesIndexed	1.7432
2025-03-29	HighGrowth	9.2233
2025-03-29	BalancedIndexed	1.6502
2025-03-28	CapitalStable	4.191
2025-03-28	Balanced	5.479
2025-03-28	Cash	2.5092
2025-03-28	SustainableGrowth	1.309
2025-03-28	CoreStrategy	2.5055
2025-03-28	OverseasSharesIndexed	2.1462
2025-03-28	AustralianSharesIndexed	1.7492
2025-03-28	HighGrowth	9.2238
2025-03-28	BalancedIndexed	1.6547
2025-03-27	CapitalStable	4.1946
2025-03-27	Balanced	5.4858
2025-03-27	Cash	2.5088
2025-03-27	SustainableGrowth	1.3106
2025-03-27	CoreStrategy	2.5094
2025-03-27	OverseasSharesIndexed	2.1658
2025-03-27	AustralianSharesIndexed	1.7381
2025-03-27	HighGrowth	9.2418
2025-03-27	BalancedIndexed	1.659
2025-03-26	CapitalStable	4.1956
2025-03-26	Balanced	5.4877
2025-03-26	Cash	2.5086
2025-03-26	SustainableGrowth	1.3115
2025-03-26	CoreStrategy	2.5106
2025-03-26	OverseasSharesIndexed	2.1687
2025-03-26	AustralianSharesIndexed	1.7367
2025-03-26	HighGrowth	9.2457
2025-03-26	BalancedIndexed	1.6586
2025-03-25	CapitalStable	4.1926
2025-03-25	Balanced	5.4776
2025-03-25	Cash	2.5077
2025-03-25	SustainableGrowth	1.3062
2025-03-25	CoreStrategy	2.5031
2025-03-25	OverseasSharesIndexed	2.1486
2025-03-25	AustralianSharesIndexed	1.7359
2025-03-25	HighGrowth	9.2087
2025-03-25	BalancedIndexed	1.6503
2025-03-22	CapitalStable	4.1908
2025-03-22	Balanced	5.4735
2025-03-22	Cash	2.5075
2025-03-22	SustainableGrowth	1.305
2025-03-22	CoreStrategy	2.5009
2025-03-22	OverseasSharesIndexed	2.1395
2025-03-22	AustralianSharesIndexed	1.7331
2025-03-22	HighGrowth	9.1961
2025-03-22	BalancedIndexed	1.6479
2025-03-21	CapitalStable	4.1844
2025-03-21	Balanced	5.4614
2025-03-21	Cash	2.507
2025-03-21	SustainableGrowth	1.3008
2025-03-21	CoreStrategy	2.494
2025-03-21	OverseasSharesIndexed	2.1344
2025-03-21	AustralianSharesIndexed	1.7151
2025-03-21	HighGrowth	9.163
2025-03-21	BalancedIndexed	1.6421
2025-03-20	CapitalStable	4.18
2025-03-20	Balanced	5.4513
2025-03-20	Cash	2.507
2025-03-20	SustainableGrowth	1.2969
2025-03-20	CoreStrategy	2.4877
2025-03-20	OverseasSharesIndexed	2.1111
2025-03-20	AustralianSharesIndexed	1.7212
2025-03-20	HighGrowth	9.1335
2025-03-20	BalancedIndexed	1.636
2025-03-19	CapitalStable	4.1795
2025-03-19	Balanced	5.4516
2025-03-19	Cash	2.5066
2025-03-19	SustainableGrowth	1.2976
2025-03-19	CoreStrategy	2.4884
2025-03-19	OverseasSharesIndexed	2.1184
2025-03-19	AustralianSharesIndexed	1.7194
2025-03-19	HighGrowth	9.1369
2025-03-19	BalancedIndexed	1.6391
2025-03-18	CapitalStable	4.1757
2025-03-18	Balanced	5.4423
2025-03-18	Cash	2.506
2025-03-18	SustainableGrowth	1.2925
2025-03-18	CoreStrategy	2.4819
2025-03-18	OverseasSharesIndexed	2.119
2025-03-18	AustralianSharesIndexed	1.7065
2025-03-18	HighGrowth	9.1056
2025-03-18	BalancedIndexed	1.6329
2025-03-15	CapitalStable	4.1683
2025-03-15	Balanced	5.4212
2025-03-15	Cash	2.5057
2025-03-15	SustainableGrowth	1.2828
2025-03-15	CoreStrategy	2.4669
2025-03-15	OverseasSharesIndexed	2.093
2025-03-15	AustralianSharesIndexed	1.6981
2025-03-15	HighGrowth	9.0318
2025-03-15	BalancedIndexed	1.6194
2025-03-14	CapitalStable	4.1707
2025-03-14	Balanced	5.432
2025-03-14	Cash	2.5053
2025-03-14	SustainableGrowth	1.288
2025-03-14	CoreStrategy	2.4757
2025-03-14	OverseasSharesIndexed	2.1102
2025-03-14	AustralianSharesIndexed	1.7047
2025-03-14	HighGrowth	9.0766
2025-03-14	BalancedIndexed	1.6279
2025-03-13	CapitalStable	4.1744
2025-03-13	Balanced	5.4385
2025-03-13	Cash	2.5051
2025-03-13	SustainableGrowth	1.291
2025-03-13	CoreStrategy	2.4793
2025-03-13	OverseasSharesIndexed	2.1055
2025-03-13	AustralianSharesIndexed	1.7243
2025-03-13	HighGrowth	9.0925
2025-03-13	BalancedIndexed	1.631
2025-03-12	CapitalStable	4.1782
2025-03-12	Balanced	5.4508
2025-03-12	Cash	2.5049
2025-03-12	SustainableGrowth	1.2991
2025-03-12	CoreStrategy	2.4884
2025-03-12	OverseasSharesIndexed	2.1139
2025-03-12	AustralianSharesIndexed	1.7388
2025-03-12	HighGrowth	9.1373
2025-03-12	BalancedIndexed	1.6394
2025-03-11	CapitalStable	4.1862
2025-03-11	Balanced	5.473
2025-03-11	Cash	2.504
2025-03-11	SustainableGrowth	1.3093
2025-03-11	CoreStrategy	2.5036
2025-03-11	OverseasSharesIndexed	2.1591
2025-03-11	AustralianSharesIndexed	1.7351
2025-03-11	HighGrowth	9.2126
2025-03-11	BalancedIndexed	1.655
2025-03-08	CapitalStable	4.1853
2025-03-08	Balanced	5.4761
2025-03-08	Cash	2.5038
2025-03-08	SustainableGrowth	1.3111
2025-03-08	CoreStrategy	2.507
2025-03-08	OverseasSharesIndexed	2.1417
2025-03-08	AustralianSharesIndexed	1.7631
2025-03-08	HighGrowth	9.2339
2025-03-08	BalancedIndexed	1.6625
2025-03-07	CapitalStable	4.197
2025-03-07	Balanced	5.4972
2025-03-07	Cash	2.5036
2025-03-07	SustainableGrowth	1.3214
2025-03-07	CoreStrategy	2.5194
2025-03-07	OverseasSharesIndexed	2.1799
2025-03-07	AustralianSharesIndexed	1.7668
2025-03-07	HighGrowth	9.2876
2025-03-07	BalancedIndexed	1.6724
2025-03-06	CapitalStable	4.2047
2025-03-06	Balanced	5.5048
2025-03-06	Cash	2.5031
2025-03-06	SustainableGrowth	1.321
2025-03-06	CoreStrategy	2.5215
2025-03-06	OverseasSharesIndexed	2.1833
2025-03-06	AustralianSharesIndexed	1.7761
2025-03-06	HighGrowth	9.292
2025-03-06	BalancedIndexed	1.6733
2025-03-05	CapitalStable	4.2081
2025-03-05	Balanced	5.5176
2025-03-05	Cash	2.5029
2025-03-05	SustainableGrowth	1.3274
2025-03-05	CoreStrategy	2.5315
2025-03-05	OverseasSharesIndexed	2.197
2025-03-05	AustralianSharesIndexed	1.785
2025-03-05	HighGrowth	9.3414
2025-03-05	BalancedIndexed	1.6828
2025-03-04	CapitalStable	4.2116
2025-03-04	Balanced	5.5239
2025-03-04	Cash	2.502
2025-03-04	SustainableGrowth	1.3307
2025-03-04	CoreStrategy	2.5351
2025-03-04	OverseasSharesIndexed	2.2236
2025-03-04	AustralianSharesIndexed	1.7706
2025-03-04	HighGrowth	9.3563
2025-03-04	BalancedIndexed	1.6882
2025-03-01	CapitalStable	4.2041
2025-03-01	Balanced	5.5142
2025-03-01	Cash	2.5018
2025-03-01	SustainableGrowth	1.3241
2025-03-01	CoreStrategy	2.5304
2025-03-01	OverseasSharesIndexed	2.1902
2025-03-01	AustralianSharesIndexed	1.7893
2025-03-01	HighGrowth	9.3446
2025-03-01	BalancedIndexed	1.6823
2025-02-28	CapitalStable	4.2035
2025-02-28	Balanced	5.5159
2025-02-28	Cash	2.5014
2025-02-28	SustainableGrowth	1.3267
2025-02-28	CoreStrategy	2.5325
2025-02-28	OverseasSharesIndexed	2.1995
2025-02-28	AustralianSharesIndexed	1.7835
2025-02-28	HighGrowth	9.3554
2025-02-28	BalancedIndexed	1.6865
2025-02-27	CapitalStable	4.199
2025-02-27	Balanced	5.5079
2025-02-27	Cash	2.5014
2025-02-27	SustainableGrowth	1.3224
2025-02-27	CoreStrategy	2.528
2025-02-27	OverseasSharesIndexed	2.1906
2025-02-27	AustralianSharesIndexed	1.7843
2025-02-27	HighGrowth	9.3359
2025-02-27	BalancedIndexed	1.6838
2025-02-26	CapitalStable	4.1989
2025-02-26	Balanced	5.5141
2025-02-26	Cash	2.5012
2025-02-26	SustainableGrowth	1.3225
2025-02-26	CoreStrategy	2.5336
2025-02-26	OverseasSharesIndexed	2.1911
2025-02-26	AustralianSharesIndexed	1.7943
2025-02-26	HighGrowth	9.3687
2025-02-26	BalancedIndexed	1.6872
2025-02-25	CapitalStable	4.1979
2025-02-25	Balanced	5.5172
2025-02-25	Cash	2.5003
2025-02-25	SustainableGrowth	1.3221
2025-02-25	CoreStrategy	2.5368
2025-02-25	OverseasSharesIndexed	2.1927
2025-02-25	AustralianSharesIndexed	1.7919
2025-02-25	HighGrowth	9.3891
2025-02-25	BalancedIndexed	1.6877
2025-02-22	CapitalStable	4.1994
2025-02-22	Balanced	5.5264
2025-02-22	Cash	2.5001
2025-02-22	SustainableGrowth	1.3311
2025-02-22	CoreStrategy	2.5442
2025-02-22	OverseasSharesIndexed	2.213
2025-02-22	AustralianSharesIndexed	1.7963
2025-02-22	HighGrowth	9.4289
2025-02-22	BalancedIndexed	1.6967
2025-02-21	CapitalStable	4.2071
2025-02-21	Balanced	5.5461
2025-02-21	Cash	2.4996
2025-02-21	SustainableGrowth	1.3388
2025-02-21	CoreStrategy	2.5575
2025-02-21	OverseasSharesIndexed	2.2341
2025-02-21	AustralianSharesIndexed	1.8147
2025-02-21	HighGrowth	9.4951
2025-02-21	BalancedIndexed	1.7077
2025-02-20	CapitalStable	4.209
2025-02-20	Balanced	5.5506
2025-02-20	Cash	2.4994
2025-02-20	SustainableGrowth	1.3413
2025-02-20	CoreStrategy	2.5605
2025-02-20	OverseasSharesIndexed	2.2348
2025-02-20	AustralianSharesIndexed	1.8241
2025-02-20	HighGrowth	9.5093
2025-02-20	BalancedIndexed	1.7107
2025-02-19	CapitalStable	4.2106
2025-02-19	Balanced	5.5511
2025-02-19	Cash	2.4992
2025-02-19	SustainableGrowth	1.341
2025-02-19	CoreStrategy	2.5599
2025-02-19	OverseasSharesIndexed	2.2254
2025-02-19	AustralianSharesIndexed	1.8345
2025-02-19	HighGrowth	9.5052
2025-02-19	BalancedIndexed	1.7114
2025-02-18	CapitalStable	4.2116
2025-02-18	Balanced	5.5516
2025-02-18	Cash	2.4983
2025-02-18	SustainableGrowth	1.34
2025-02-18	CoreStrategy	2.5598
2025-02-18	OverseasSharesIndexed	2.2244
2025-02-18	AustralianSharesIndexed	1.8372
2025-02-18	HighGrowth	9.5034
2025-02-18	BalancedIndexed	1.7119
2025-02-15	CapitalStable	4.2115
2025-02-15	Balanced	5.5529
2025-02-15	Cash	2.4981
2025-02-15	SustainableGrowth	1.3436
2025-02-15	CoreStrategy	2.5609
2025-02-15	OverseasSharesIndexed	2.2425
2025-02-15	AustralianSharesIndexed	1.8338
2025-02-15	HighGrowth	9.509
2025-02-15	BalancedIndexed	1.7143
2025-02-14	CapitalStable	4.2063
2025-02-14	Balanced	5.5418
2025-02-14	Cash	2.4976
2025-02-14	SustainableGrowth	1.3391
2025-02-14	CoreStrategy	2.5535
2025-02-14	OverseasSharesIndexed	2.2256
2025-02-14	AustralianSharesIndexed	1.8325
2025-02-14	HighGrowth	9.4768
2025-02-14	BalancedIndexed	1.7065
2025-02-13	CapitalStable	4.2084
2025-02-13	Balanced	5.542
2025-02-13	Cash	2.4974
2025-02-13	SustainableGrowth	1.3373
2025-02-13	CoreStrategy	2.5527
2025-02-13	OverseasSharesIndexed	2.2248
2025-02-13	AustralianSharesIndexed	1.8229
2025-02-13	HighGrowth	9.4681
2025-02-13	BalancedIndexed	1.705
2025-02-12	CapitalStable	4.2093
2025-02-12	Balanced	5.5431
2025-02-12	Cash	2.497
2025-02-12	SustainableGrowth	1.3392
2025-02-12	CoreStrategy	2.553
2025-02-12	OverseasSharesIndexed	2.2258
2025-02-12	AustralianSharesIndexed	1.8226
2025-02-12	HighGrowth	9.4692
2025-02-12	BalancedIndexed	1.7053
2025-02-11	CapitalStable	4.2098
2025-02-11	Balanced	5.5426
2025-02-11	Cash	2.4963
2025-02-11	SustainableGrowth	1.3376
2025-02-11	CoreStrategy	2.5521
2025-02-11	OverseasSharesIndexed	2.2183
2025-02-11	AustralianSharesIndexed	1.8282
2025-02-11	HighGrowth	9.4648
2025-02-11	BalancedIndexed	1.7035
2025-02-08	CapitalStable	4.2139
2025-02-08	Balanced	5.5503
2025-02-08	Cash	2.4959
2025-02-08	SustainableGrowth	1.3399
2025-02-08	CoreStrategy	2.5567
2025-02-08	OverseasSharesIndexed	2.2331
2025-02-08	AustralianSharesIndexed	1.8297
2025-02-08	HighGrowth	9.4857
2025-02-08	BalancedIndexed	1.7102
2025-02-07	CapitalStable	4.2073
2025-02-07	Balanced	5.5358
2025-02-07	Cash	2.4959
2025-02-07	SustainableGrowth	1.3318
2025-02-07	CoreStrategy	2.5476
2025-02-07	OverseasSharesIndexed	2.2206
2025-02-07	AustralianSharesIndexed	1.8099
2025-02-07	HighGrowth	9.4406
2025-02-07	BalancedIndexed	1.7002
2025-02-06	CapitalStable	4.203
2025-02-06	Balanced	5.5294
2025-02-06	Cash	2.4954
2025-02-06	SustainableGrowth	1.3269
2025-02-06	CoreStrategy	2.5439
2025-02-06	OverseasSharesIndexed	2.2232
2025-02-06	AustralianSharesIndexed	1.8013
2025-02-06	HighGrowth	9.4274
2025-02-06	BalancedIndexed	1.6962
2025-02-05	CapitalStable	4.2035
2025-02-05	Balanced	5.528
2025-02-05	Cash	2.4952
2025-02-05	SustainableGrowth	1.3282
2025-02-05	CoreStrategy	2.5422
2025-02-05	OverseasSharesIndexed	2.2253
2025-02-05	AustralianSharesIndexed	1.8021
2025-02-05	HighGrowth	9.4177
2025-02-05	BalancedIndexed	1.695
2025-02-04	CapitalStable	4.207
2025-02-04	Balanced	5.5442
2025-02-04	Cash	2.4943
2025-02-04	SustainableGrowth	1.3367
2025-02-04	CoreStrategy	2.5551
2025-02-04	OverseasSharesIndexed	2.2322
2025-02-04	AustralianSharesIndexed	1.8318
2025-02-04	HighGrowth	9.4866
2025-02-04	BalancedIndexed	1.7072
2025-02-01	CapitalStable	4.2082
2025-02-01	Balanced	5.5458
2025-02-01	Cash	2.4939
2025-02-01	SustainableGrowth	1.3377
2025-02-01	CoreStrategy	2.5559
2025-02-01	OverseasSharesIndexed	2.2428
2025-02-01	AustralianSharesIndexed	1.8236
2025-02-01	HighGrowth	9.4884
2025-02-01	BalancedIndexed	1.7084
2025-01-31	CapitalStable	4.203
2025-01-31	Balanced	5.5339
2025-01-31	Cash	2.4937
2025-01-31	SustainableGrowth	1.3346
2025-01-31	CoreStrategy	2.5479
2025-01-31	OverseasSharesIndexed	2.2315
2025-01-31	AustralianSharesIndexed	1.8147
2025-01-31	HighGrowth	9.4514
2025-01-31	BalancedIndexed	1.7014
2025-01-30	CapitalStable	4.1985
2025-01-30	Balanced	5.5265
2025-01-30	Cash	2.4935
2025-01-30	SustainableGrowth	1.3323
2025-01-30	CoreStrategy	2.5441
2025-01-30	OverseasSharesIndexed	2.2305
2025-01-30	AustralianSharesIndexed	1.8051
2025-01-30	HighGrowth	9.4327
2025-01-30	BalancedIndexed	1.6988
2025-01-29	CapitalStable	4.1919
2025-01-29	Balanced	5.5136
2025-01-29	Cash	2.4932
2025-01-29	SustainableGrowth	1.3268
2025-01-29	CoreStrategy	2.5368
2025-01-29	OverseasSharesIndexed	2.2051
2025-01-29	AustralianSharesIndexed	1.8078
2025-01-29	HighGrowth	9.398
2025-01-29	BalancedIndexed	1.6951
2025-01-25	CapitalStable	4.1936
2025-01-25	Balanced	5.5217
2025-01-25	Cash	2.4921
2025-01-25	SustainableGrowth	1.3331
2025-01-25	CoreStrategy	2.5427
2025-01-25	OverseasSharesIndexed	2.2322
2025-01-25	AustralianSharesIndexed	1.802
2025-01-25	HighGrowth	9.431
2025-01-25	BalancedIndexed	1.6993
2025-01-24	CapitalStable	4.1948
2025-01-24	Balanced	5.5229
2025-01-24	Cash	2.4917
2025-01-24	SustainableGrowth	1.3328
2025-01-24	CoreStrategy	2.5429
2025-01-24	OverseasSharesIndexed	2.2217
2025-01-24	AustralianSharesIndexed	1.8116
2025-01-24	HighGrowth	9.4325
2025-01-24	BalancedIndexed	1.6986
2025-01-23	CapitalStable	4.1942
2025-01-23	Balanced	5.5185
2025-01-23	Cash	2.4915
2025-01-23	SustainableGrowth	1.3278
2025-01-23	CoreStrategy	2.5398
2025-01-23	OverseasSharesIndexed	2.2149
2025-01-23	AustralianSharesIndexed	1.8066
2025-01-23	HighGrowth	9.4131
2025-01-23	BalancedIndexed	1.6942
2025-01-22	CapitalStable	4.1856
2025-01-22	Balanced	5.5026
2025-01-22	Cash	2.4913
2025-01-22	SustainableGrowth	1.32
2025-01-22	CoreStrategy	2.53
2025-01-22	OverseasSharesIndexed	2.2003
2025-01-22	AustralianSharesIndexed	1.7957
2025-01-22	HighGrowth	9.3712
2025-01-22	BalancedIndexed	1.6848
2025-01-21	CapitalStable	4.1832
2025-01-21	Balanced	5.4991
2025-01-21	Cash	2.4902
2025-01-21	SustainableGrowth	1.3191
2025-01-21	CoreStrategy	2.5283
2025-01-21	OverseasSharesIndexed	2.2071
2025-01-21	AustralianSharesIndexed	1.7886
2025-01-21	HighGrowth	9.3632
2025-01-21	BalancedIndexed	1.6837
2025-01-18	CapitalStable	4.1798
2025-01-18	Balanced	5.4912
2025-01-18	Cash	2.4902
2025-01-18	SustainableGrowth	1.3164
2025-01-18	CoreStrategy	2.523
2025-01-18	OverseasSharesIndexed	2.1901
2025-01-18	AustralianSharesIndexed	1.7913
2025-01-18	HighGrowth	9.3386
2025-01-18	BalancedIndexed	1.678
2025-01-17	CapitalStable	4.1694
2025-01-17	Balanced	5.4729
2025-01-17	Cash	2.4897
2025-01-17	SustainableGrowth	1.3094
2025-01-17	CoreStrategy	2.5121
2025-01-17	OverseasSharesIndexed	2.187
2025-01-17	AustralianSharesIndexed	1.7696
2025-01-17	HighGrowth	9.2908
2025-01-17	BalancedIndexed	1.6701
2025-01-16	CapitalStable	4.1619
2025-01-16	Balanced	5.4579
2025-01-16	Cash	2.4895
2025-01-16	SustainableGrowth	1.3031
2025-01-16	CoreStrategy	2.5027
2025-01-16	OverseasSharesIndexed	2.1637
2025-01-16	AustralianSharesIndexed	1.7729
2025-01-16	HighGrowth	9.2499
2025-01-16	BalancedIndexed	1.6602
2025-01-15	CapitalStable	4.1615
2025-01-15	Balanced	5.4566
2025-01-15	Cash	2.4891
2025-01-15	SustainableGrowth	1.302
2025-01-15	CoreStrategy	2.5014
2025-01-15	OverseasSharesIndexed	2.1742
2025-01-15	AustralianSharesIndexed	1.7654
2025-01-15	HighGrowth	9.2439
2025-01-15	BalancedIndexed	1.66
2025-01-14	CapitalStable	4.169
2025-01-14	Balanced	5.471
2025-01-14	Cash	2.4884
2025-01-14	SustainableGrowth	1.3066
2025-01-14	CoreStrategy	2.5098
2025-01-14	OverseasSharesIndexed	2.1738
2025-01-14	AustralianSharesIndexed	1.7854
2025-01-14	HighGrowth	9.2842
2025-01-14	BalancedIndexed	1.6662
2025-01-11	CapitalStable	4.1766
2025-01-11	Balanced	5.4866
2025-01-11	Cash	2.488
2025-01-11	SustainableGrowth	1.3144
2025-01-11	CoreStrategy	2.5201
2025-01-11	OverseasSharesIndexed	2.1911
2025-01-11	AustralianSharesIndexed	1.7931
2025-01-11	HighGrowth	9.3295
2025-01-11	BalancedIndexed	1.6773
2025-01-10	CapitalStable	4.1757
2025-01-10	Balanced	5.4851
2025-01-10	Cash	2.488
2025-01-10	SustainableGrowth	1.3154
2025-01-10	CoreStrategy	2.5195
2025-01-10	OverseasSharesIndexed	2.1858
2025-01-10	AustralianSharesIndexed	1.7973
2025-01-10	HighGrowth	9.3265
2025-01-10	BalancedIndexed	1.6772
2025-01-09	CapitalStable	4.1728
2025-01-09	Balanced	5.477
2025-01-09	Cash	2.4875
2025-01-09	SustainableGrowth	1.3103
2025-01-09	CoreStrategy	2.514
2025-01-09	OverseasSharesIndexed	2.1742
2025-01-09	AustralianSharesIndexed	1.7854
2025-01-09	HighGrowth	9.2987
2025-01-09	BalancedIndexed	1.6713
2025-01-08	CapitalStable	4.1759
2025-01-08	Balanced	5.4822
2025-01-08	Cash	2.4873
2025-01-08	SustainableGrowth	1.3129
2025-01-08	CoreStrategy	2.5171
2025-01-08	OverseasSharesIndexed	2.1903
2025-01-08	AustralianSharesIndexed	1.7798
2025-01-08	HighGrowth	9.3101
2025-01-08	BalancedIndexed	1.6759
2025-01-07	CapitalStable	4.1776
2025-01-07	Balanced	5.4822
2025-01-07	Cash	2.4864
2025-01-07	SustainableGrowth	1.3115
2025-01-07	CoreStrategy	2.5164
2025-01-07	OverseasSharesIndexed	2.1903
2025-01-07	AustralianSharesIndexed	1.7785
2025-01-07	HighGrowth	9.3031
2025-01-07	BalancedIndexed	1.6744
2025-01-04	CapitalStable	4.1701
2025-01-04	Balanced	5.465
2025-01-04	Cash	2.486
2025-01-04	SustainableGrowth	1.3036
2025-01-04	CoreStrategy	2.5055
2025-01-04	OverseasSharesIndexed	2.1696
2025-01-04	AustralianSharesIndexed	1.7691
2025-01-04	HighGrowth	9.2504
2025-01-04	BalancedIndexed	1.6643
2025-01-03	CapitalStable	4.1713
2025-01-03	Balanced	5.4653
2025-01-03	Cash	2.4856
2025-01-03	SustainableGrowth	1.3025
2025-01-03	CoreStrategy	2.5049
2025-01-03	OverseasSharesIndexed	2.1787
2025-01-03	AustralianSharesIndexed	1.7609
2025-01-03	HighGrowth	9.2455
2025-01-03	BalancedIndexed	1.6643
2025-01-01	CapitalStable	4.1704
2025-01-01	Balanced	5.4689
2025-01-01	Cash	2.4853
2025-01-01	SustainableGrowth	1.3053
2025-01-01	CoreStrategy	2.5085
2025-01-01	OverseasSharesIndexed	2.1762
2025-01-01	AustralianSharesIndexed	1.7752
2025-01-01	HighGrowth	9.2679
2025-01-01	BalancedIndexed	1.6682
2024-12-31	CapitalStable	4.1748
2024-12-31	Balanced	5.4808
2024-12-31	Cash	2.4845
2024-12-31	SustainableGrowth	1.3115
2024-12-31	CoreStrategy	2.5168
2024-12-31	OverseasSharesIndexed	2.197
2024-12-31	AustralianSharesIndexed	1.778
2024-12-31	HighGrowth	9.309
2024-12-31	BalancedIndexed	1.6764
2024-12-28	CapitalStable	4.1747
2024-12-28	Balanced	5.4827
2024-12-28	Cash	2.4842
2024-12-28	SustainableGrowth	1.3127
2024-12-28	CoreStrategy	2.5188
2024-12-28	OverseasSharesIndexed	2.2084
2024-12-28	AustralianSharesIndexed	1.7696
2024-12-28	HighGrowth	9.3176
2024-12-28	BalancedIndexed	1.6784
2024-12-25	CapitalStable	4.1687
2024-12-25	Balanced	5.4685
2024-12-25	Cash	2.4834
2024-12-25	SustainableGrowth	1.3069
2024-12-25	CoreStrategy	2.5093
2024-12-25	OverseasSharesIndexed	2.1852
2024-12-25	AustralianSharesIndexed	1.7655
2024-12-25	HighGrowth	9.2727
2024-12-25	BalancedIndexed	1.6693
2024-12-24	CapitalStable	4.158
2024-12-24	Balanced	5.445
2024-12-24	Cash	2.4823
2024-12-24	SustainableGrowth	1.2972
2024-12-24	CoreStrategy	2.4945
2024-12-24	OverseasSharesIndexed	2.1687
2024-12-24	AustralianSharesIndexed	1.7393
2024-12-24	HighGrowth	9.2004
2024-12-24	BalancedIndexed	1.6561
2024-12-21	CapitalStable	4.1621
2024-12-21	Balanced	5.4504
2024-12-21	Cash	2.4823
2024-12-21	SustainableGrowth	1.2993
2024-12-21	CoreStrategy	2.496
2024-12-21	OverseasSharesIndexed	2.1513
2024-12-21	AustralianSharesIndexed	1.7589
2024-12-21	HighGrowth	9.2089
2024-12-21	BalancedIndexed	1.6558
2024-12-20	CapitalStable	4.1718
2024-12-20	Balanced	5.4681
2024-12-20	Cash	2.4818
2024-12-20	SustainableGrowth	1.3052
2024-12-20	CoreStrategy	2.5064
2024-12-20	OverseasSharesIndexed	2.1475
2024-12-20	AustralianSharesIndexed	1.7855
2024-12-20	HighGrowth	9.2575
2024-12-20	BalancedIndexed	1.665
2024-12-19	CapitalStable	4.1799
2024-12-19	Balanced	5.4894
2024-12-19	Cash	2.4816
2024-12-19	SustainableGrowth	1.3176
2024-12-19	CoreStrategy	2.5223
2024-12-19	OverseasSharesIndexed	2.1845
2024-12-19	AustralianSharesIndexed	1.7859
2024-12-19	HighGrowth	9.3278
2024-12-19	BalancedIndexed	1.6807
2024-12-18	CapitalStable	4.1767
2024-12-18	Balanced	5.4832
2024-12-18	Cash	2.4812
2024-12-18	SustainableGrowth	1.3156
2024-12-18	CoreStrategy	2.5191
2024-12-18	OverseasSharesIndexed	2.1836
2024-12-18	AustralianSharesIndexed	1.7736
2024-12-18	HighGrowth	9.3108
2024-12-18	BalancedIndexed	1.6783
2024-12-17	CapitalStable	4.1798
2024-12-17	Balanced	5.4907
2024-12-17	Cash	2.4805
2024-12-17	SustainableGrowth	1.3177
2024-12-17	CoreStrategy	2.524
2024-12-17	OverseasSharesIndexed	2.1817
2024-12-17	AustralianSharesIndexed	1.7828
2024-12-17	HighGrowth	9.3356
2024-12-17	BalancedIndexed	1.6798
2024-12-14	CapitalStable	4.1833
2024-12-14	Balanced	5.4973
2024-12-14	Cash	2.4801
2024-12-14	SustainableGrowth	1.3193
2024-12-14	CoreStrategy	2.528
2024-12-14	OverseasSharesIndexed	2.1794
2024-12-14	AustralianSharesIndexed	1.7892
2024-12-14	HighGrowth	9.3537
2024-12-14	BalancedIndexed	1.682
2024-12-13	CapitalStable	4.1905
2024-12-13	Balanced	5.5093
2024-12-13	Cash	2.4798
2024-12-13	SustainableGrowth	1.3236
2024-12-13	CoreStrategy	2.5346
2024-12-13	OverseasSharesIndexed	2.1925
2024-12-13	AustralianSharesIndexed	1.7939
2024-12-13	HighGrowth	9.3822
2024-12-13	BalancedIndexed	1.6883
2024-12-12	CapitalStable	4.1903
2024-12-12	Balanced	5.5069
2024-12-12	Cash	2.4796
2024-12-12	SustainableGrowth	1.3219
2024-12-12	CoreStrategy	2.5326
2024-12-12	OverseasSharesIndexed	2.1772
2024-12-12	AustralianSharesIndexed	1.8014
2024-12-12	HighGrowth	9.3721
2024-12-12	BalancedIndexed	1.6851
2024-12-11	CapitalStable	4.1848
2024-12-11	Balanced	5.4995
2024-12-11	Cash	2.4792
2024-12-11	SustainableGrowth	1.3239
2024-12-11	CoreStrategy	2.5298
2024-12-11	OverseasSharesIndexed	2.1577
2024-12-11	AustralianSharesIndexed	1.8072
2024-12-11	HighGrowth	9.3607
2024-12-11	BalancedIndexed	1.6836
2024-12-10	CapitalStable	4.1916
2024-12-10	Balanced	5.5154
2024-12-10	Cash	2.4785
2024-12-10	SustainableGrowth	1.3325
2024-12-10	CoreStrategy	2.5403
2024-12-10	OverseasSharesIndexed	2.1907
2024-12-10	AustralianSharesIndexed	1.8072
2024-12-10	HighGrowth	9.4083
2024-12-10	BalancedIndexed	1.6921
2024-12-07	CapitalStable	4.1888
2024-12-07	Balanced	5.5111
2024-12-07	Cash	2.4781
2024-12-07	SustainableGrowth	1.3307
2024-12-07	CoreStrategy	2.5381
2024-12-07	OverseasSharesIndexed	2.1727
2024-12-07	AustralianSharesIndexed	1.8175
2024-12-07	HighGrowth	9.4016
2024-12-07	BalancedIndexed	1.6903
2024-12-06	CapitalStable	4.1875
2024-12-06	Balanced	5.5095
2024-12-06	Cash	2.4779
2024-12-06	SustainableGrowth	1.3302
2024-12-06	CoreStrategy	2.5375
2024-12-06	OverseasSharesIndexed	2.1736
2024-12-06	AustralianSharesIndexed	1.8145
2024-12-06	HighGrowth	9.3988
2024-12-06	BalancedIndexed	1.6899
2024-12-05	CapitalStable	4.1802
2024-12-05	Balanced	5.4966
2024-12-05	Cash	2.4776
2024-12-05	SustainableGrowth	1.3264
2024-12-05	CoreStrategy	2.5302
2024-12-05	OverseasSharesIndexed	2.1493
2024-12-05	AustralianSharesIndexed	1.8207
2024-12-05	HighGrowth	9.3675
2024-12-05	BalancedIndexed	1.6841
2024-12-04	CapitalStable	4.1779
2024-12-04	Balanced	5.4914
2024-12-04	Cash	2.4774
2024-12-04	SustainableGrowth	1.325
2024-12-04	CoreStrategy	2.527
2024-12-04	OverseasSharesIndexed	2.1521
2024-12-04	AustralianSharesIndexed	1.8115
2024-12-04	HighGrowth	9.3498
2024-12-04	BalancedIndexed	1.6812
2024-12-03	CapitalStable	4.171
2024-12-03	Balanced	5.4772
2024-12-03	Cash	2.4768
2024-12-03	SustainableGrowth	1.3195
2024-12-03	CoreStrategy	2.5187
2024-12-03	OverseasSharesIndexed	2.1275
2024-12-03	AustralianSharesIndexed	1.8094
2024-12-03	HighGrowth	9.31
2024-12-03	BalancedIndexed	1.6743
2024-11-30	CapitalStable	4.1667
2024-11-30	Balanced	5.471
2024-11-30	Cash	2.4763
2024-11-30	SustainableGrowth	1.3133
2024-11-30	CoreStrategy	2.5146
2024-11-30	OverseasSharesIndexed	2.121
2024-11-30	AustralianSharesIndexed	1.8102
2024-11-30	HighGrowth	9.2988
2024-11-30	BalancedIndexed	1.6709
2024-11-29	CapitalStable	4.1635
2024-11-29	Balanced	5.4667
2024-11-29	Cash	2.4759
2024-11-29	SustainableGrowth	1.3116
2024-11-29	CoreStrategy	2.5125
2024-11-29	OverseasSharesIndexed	2.1214
2024-11-29	AustralianSharesIndexed	1.8028
2024-11-29	HighGrowth	9.29
2024-11-29	BalancedIndexed	1.6681
2024-11-28	CapitalStable	4.1613
2024-11-28	Balanced	5.4649
2024-11-28	Cash	2.4757
2024-11-28	SustainableGrowth	1.3124
2024-11-28	CoreStrategy	2.512
2024-11-28	OverseasSharesIndexed	2.1322
2024-11-28	AustralianSharesIndexed	1.7938
2024-11-28	HighGrowth	9.2887
2024-11-28	BalancedIndexed	1.6686
2024-11-27	CapitalStable	4.1592
2024-11-27	Balanced	5.4612
2024-11-27	Cash	2.4755
2024-11-27	SustainableGrowth	1.3118
2024-11-27	CoreStrategy	2.51
2024-11-27	OverseasSharesIndexed	2.1168
2024-11-27	AustralianSharesIndexed	1.8045
2024-11-27	HighGrowth	9.2805
2024-11-27	BalancedIndexed	1.6673
2024-11-26	CapitalStable	4.152
2024-11-26	Balanced	5.4508
2024-11-26	Cash	2.4744
2024-11-26	SustainableGrowth	1.3089
2024-11-26	CoreStrategy	2.5043
2024-11-26	OverseasSharesIndexed	2.111
2024-11-26	AustralianSharesIndexed	1.7996
2024-11-26	HighGrowth	9.2599
2024-11-26	BalancedIndexed	1.6626
2024-11-23	CapitalStable	4.1442
2024-11-23	Balanced	5.4347
2024-11-23	Cash	2.4744
2024-11-23	SustainableGrowth	1.3025
2024-11-23	CoreStrategy	2.4943
2024-11-23	OverseasSharesIndexed	2.0979
2024-11-23	AustralianSharesIndexed	1.786
2024-11-23	HighGrowth	9.2135
2024-11-23	BalancedIndexed	1.6541
2024-11-22	CapitalStable	4.1442
2024-11-22	Balanced	5.4329
2024-11-22	Cash	2.4739
2024-11-22	SustainableGrowth	1.2988
2024-11-22	CoreStrategy	2.4921
2024-11-22	OverseasSharesIndexed	2.0948
2024-11-22	AustralianSharesIndexed	1.787
2024-11-22	HighGrowth	9.2035
2024-11-22	BalancedIndexed	1.6521
2024-11-21	CapitalStable	4.1439
2024-11-21	Balanced	5.4333
2024-11-21	Cash	2.4737
2024-11-21	SustainableGrowth	1.2996
2024-11-21	CoreStrategy	2.4928
2024-11-21	OverseasSharesIndexed	2.0885
2024-11-21	AustralianSharesIndexed	1.796
2024-11-21	HighGrowth	9.207
2024-11-21	BalancedIndexed	1.6535
2024-11-20	CapitalStable	4.14
2024-11-20	Balanced	5.4251
2024-11-20	Cash	2.4733
2024-11-20	SustainableGrowth	1.2964
2024-11-20	CoreStrategy	2.4873
2024-11-20	OverseasSharesIndexed	2.0916
2024-11-20	AustralianSharesIndexed	1.782
2024-11-20	HighGrowth	9.1813
2024-11-20	BalancedIndexed	1.6488
2024-11-19	CapitalStable	4.1351
2024-11-19	Balanced	5.4173
2024-11-19	Cash	2.4726
2024-11-19	SustainableGrowth	1.2965
2024-11-19	CoreStrategy	2.4836
2024-11-19	OverseasSharesIndexed	2.0918
2024-11-19	AustralianSharesIndexed	1.779
2024-11-19	HighGrowth	9.1662
2024-11-19	BalancedIndexed	1.6467
2024-11-16	CapitalStable	4.1336
2024-11-16	Balanced	5.4184
2024-11-16	Cash	2.4722
2024-11-16	SustainableGrowth	1.2984
2024-11-16	CoreStrategy	2.4855
2024-11-16	OverseasSharesIndexed	2.1079
2024-11-16	AustralianSharesIndexed	1.7677
2024-11-16	HighGrowth	9.1775
2024-11-16	BalancedIndexed	1.6499
2024-11-15	CapitalStable	4.1334
2024-11-15	Balanced	5.419
2024-11-15	Cash	2.4722
2024-11-15	SustainableGrowth	1.2983
2024-11-15	CoreStrategy	2.4864
2024-11-15	OverseasSharesIndexed	2.1099
2024-11-15	AustralianSharesIndexed	1.7619
2024-11-15	HighGrowth	9.1817
2024-11-15	BalancedIndexed	1.6499
2024-11-14	CapitalStable	4.1363
2024-11-14	Balanced	5.4223
2024-11-14	Cash	2.4717
2024-11-14	SustainableGrowth	1.2989
2024-11-14	CoreStrategy	2.4878
2024-11-14	OverseasSharesIndexed	2.0994
2024-11-14	AustralianSharesIndexed	1.7726
2024-11-14	HighGrowth	9.1867
2024-11-14	BalancedIndexed	1.6514
2024-11-13	CapitalStable	4.1391
2024-11-13	Balanced	5.4278
2024-11-13	Cash	2.4715
2024-11-13	SustainableGrowth	1.2985
2024-11-13	CoreStrategy	2.4917
2024-11-13	OverseasSharesIndexed	2.1035
2024-11-13	AustralianSharesIndexed	1.7725
2024-11-13	HighGrowth	9.2019
2024-11-13	BalancedIndexed	1.6544
2024-11-12	CapitalStable	4.1369
2024-11-12	Balanced	5.4239
2024-11-12	Cash	2.4706
2024-11-12	SustainableGrowth	1.2958
2024-11-12	CoreStrategy	2.4894
2024-11-12	OverseasSharesIndexed	2.092
2024-11-12	AustralianSharesIndexed	1.7774
2024-11-12	HighGrowth	9.1924
2024-11-12	BalancedIndexed	1.6522
2024-11-09	CapitalStable	4.1254
2024-11-09	Balanced	5.4025
2024-11-09	Cash	2.4702
2024-11-09	SustainableGrowth	1.2879
2024-11-09	CoreStrategy	2.4768
2024-11-09	OverseasSharesIndexed	2.0651
2024-11-09	AustralianSharesIndexed	1.7639
2024-11-09	HighGrowth	9.1367
2024-11-09	BalancedIndexed	1.6414
2024-11-08	CapitalStable	4.1256
2024-11-08	Balanced	5.4021
2024-11-08	Cash	2.47
2024-11-08	SustainableGrowth	1.2883
2024-11-08	CoreStrategy	2.4759
2024-11-08	OverseasSharesIndexed	2.0791
2024-11-08	AustralianSharesIndexed	1.7578
2024-11-08	HighGrowth	9.1326
2024-11-08	BalancedIndexed	1.6399
2024-11-07	CapitalStable	4.1172
2024-11-07	Balanced	5.3752
2024-11-07	Cash	2.47
2024-11-07	SustainableGrowth	1.273
2024-11-07	CoreStrategy	2.4569
2024-11-07	OverseasSharesIndexed	2.0318
2024-11-07	AustralianSharesIndexed	1.7448
2024-11-07	HighGrowth	9.0358
2024-11-07	BalancedIndexed	1.6212
2024-11-06	CapitalStable	4.116
2024-11-06	Balanced	5.3714
2024-11-06	Cash	2.4695
2024-11-06	SustainableGrowth	1.2703
2024-11-06	CoreStrategy	2.4535
2024-11-06	OverseasSharesIndexed	2.0227
2024-11-06	AustralianSharesIndexed	1.7511
2024-11-06	HighGrowth	9.0214
2024-11-06	BalancedIndexed	1.6181
2024-11-05	CapitalStable	4.1136
2024-11-05	Balanced	5.3683
2024-11-05	Cash	2.4689
2024-11-05	SustainableGrowth	1.2684
2024-11-05	CoreStrategy	2.4518
2024-11-05	OverseasSharesIndexed	2.0293
2024-11-05	AustralianSharesIndexed	1.7426
2024-11-05	HighGrowth	9.0154
2024-11-05	BalancedIndexed	1.6162
2024-11-02	CapitalStable	4.1177
2024-11-02	Balanced	5.3743
2024-11-02	Cash	2.4684
2024-11-02	SustainableGrowth	1.2691
2024-11-02	CoreStrategy	2.455
2024-11-02	OverseasSharesIndexed	2.0325
2024-11-02	AustralianSharesIndexed	1.7503
2024-11-02	HighGrowth	9.0275
2024-11-02	BalancedIndexed	1.6195
2024-11-01	CapitalStable	4.1234
2024-11-01	Balanced	5.3886
2024-11-01	Cash	2.468
2024-11-01	SustainableGrowth	1.2764
2024-11-01	CoreStrategy	2.4652
2024-11-01	OverseasSharesIndexed	2.0538
2024-11-01	AustralianSharesIndexed	1.7538
2024-11-01	HighGrowth	9.0741
2024-11-01	BalancedIndexed	1.6305
2024-10-31	CapitalStable	4.1297
2024-10-31	Balanced	5.4038
2024-10-31	Cash	2.4678
2024-10-31	SustainableGrowth	1.2823
2024-10-31	CoreStrategy	2.475
2024-10-31	OverseasSharesIndexed	2.0664
2024-10-31	AustralianSharesIndexed	1.7672
2024-10-31	HighGrowth	9.1219
2024-10-31	BalancedIndexed	1.6381
2024-10-30	CapitalStable	4.1262
2024-10-30	Balanced	5.3966
2024-10-30	Cash	2.4676
2024-10-30	SustainableGrowth	1.2787
2024-10-30	CoreStrategy	2.4711
2024-10-30	OverseasSharesIndexed	2.0575
2024-10-30	AustralianSharesIndexed	1.762
2024-10-30	HighGrowth	9.1014
2024-10-30	BalancedIndexed	1.6348
2024-10-29	CapitalStable	4.1229
2024-10-29	Balanced	5.3863
2024-10-29	Cash	2.4667
2024-10-29	SustainableGrowth	1.2744
2024-10-29	CoreStrategy	2.4636
2024-10-29	OverseasSharesIndexed	2.0363
2024-10-29	AustralianSharesIndexed	1.76
2024-10-29	HighGrowth	9.0651
2024-10-29	BalancedIndexed	1.629
2024-10-26	CapitalStable	4.1227
2024-10-26	Balanced	5.3864
2024-10-26	Cash	2.4665
2024-10-26	SustainableGrowth	1.2748
2024-10-26	CoreStrategy	2.4641
2024-10-26	OverseasSharesIndexed	2.0384
2024-10-26	AustralianSharesIndexed	1.7587
2024-10-26	HighGrowth	9.066
2024-10-26	BalancedIndexed	1.6293
2024-10-25	CapitalStable	4.1192
2024-10-25	Balanced	5.3822
2024-10-25	Cash	2.4662
2024-10-25	SustainableGrowth	1.2731
2024-10-25	CoreStrategy	2.4626
2024-10-25	OverseasSharesIndexed	2.0332
2024-10-25	AustralianSharesIndexed	1.7609
2024-10-25	HighGrowth	9.0608
2024-10-25	BalancedIndexed	1.6277
2024-10-24	CapitalStable	4.1202
2024-10-24	Balanced	5.3842
2024-10-24	Cash	2.4658
2024-10-24	SustainableGrowth	1.2747
2024-10-24	CoreStrategy	2.464
2024-10-24	OverseasSharesIndexed	2.0377
2024-10-24	AustralianSharesIndexed	1.7588
2024-10-24	HighGrowth	9.0669
2024-10-24	BalancedIndexed	1.6309
2024-10-23	CapitalStable	4.1311
2024-10-23	Balanced	5.4048
2024-10-23	Cash	2.4656
2024-10-23	SustainableGrowth	1.2826
2024-10-23	CoreStrategy	2.4761
2024-10-23	OverseasSharesIndexed	2.0443
2024-10-23	AustralianSharesIndexed	1.7853
2024-10-23	HighGrowth	9.1234
2024-10-23	BalancedIndexed	1.6422
2024-10-22	CapitalStable	4.1295
2024-10-22	Balanced	5.4001
2024-10-22	Cash	2.4647
2024-10-22	SustainableGrowth	1.2812
2024-10-22	CoreStrategy	2.4734
2024-10-22	OverseasSharesIndexed	2.0413
2024-10-22	AustralianSharesIndexed	1.7734
2024-10-22	HighGrowth	9.1055
2024-10-22	BalancedIndexed	1.6387
2024-10-19	CapitalStable	4.1306
2024-10-19	Balanced	5.4019
2024-10-19	Cash	2.4645
2024-10-19	SustainableGrowth	1.2815
2024-10-19	CoreStrategy	2.4741
2024-10-19	OverseasSharesIndexed	2.0348
2024-10-19	AustralianSharesIndexed	1.7876
2024-10-19	HighGrowth	9.111
2024-10-19	BalancedIndexed	1.6402
2024-10-18	CapitalStable	4.1329
2024-10-18	Balanced	5.4021
2024-10-18	Cash	2.4643
2024-10-18	SustainableGrowth	1.2789
2024-10-18	CoreStrategy	2.4731
2024-10-18	OverseasSharesIndexed	2.0432
2024-10-18	AustralianSharesIndexed	1.7737
2024-10-18	HighGrowth	9.1008
2024-10-18	BalancedIndexed	1.6383
2024-10-17	CapitalStable	4.1286
2024-10-17	Balanced	5.3958
2024-10-17	Cash	2.464
2024-10-17	SustainableGrowth	1.276
2024-10-17	CoreStrategy	2.4698
2024-10-17	OverseasSharesIndexed	2.0252
2024-10-17	AustralianSharesIndexed	1.7808
2024-10-17	HighGrowth	9.0907
2024-10-17	BalancedIndexed	1.635
2024-10-16	CapitalStable	4.1268
2024-10-16	Balanced	5.3955
2024-10-16	Cash	2.4636
2024-10-16	SustainableGrowth	1.2761
2024-10-16	CoreStrategy	2.4705
2024-10-16	OverseasSharesIndexed	2.0357
2024-10-16	AustralianSharesIndexed	1.7678
2024-10-16	HighGrowth	9.0967
2024-10-16	BalancedIndexed	1.6353
2024-10-15	CapitalStable	4.1233
2024-10-15	Balanced	5.3859
2024-10-15	Cash	2.4629
2024-10-15	SustainableGrowth	1.2701
2024-10-15	CoreStrategy	2.4636
2024-10-15	OverseasSharesIndexed	2.0195
2024-10-15	AustralianSharesIndexed	1.7604
2024-10-15	HighGrowth	9.0639
2024-10-15	BalancedIndexed	1.6279
2024-10-12	CapitalStable	4.122
2024-10-12	Balanced	5.3822
2024-10-12	Cash	2.4625
2024-10-12	SustainableGrowth	1.2678
2024-10-12	CoreStrategy	2.4605
2024-10-12	OverseasSharesIndexed	2.0154
2024-10-12	AustralianSharesIndexed	1.7618
2024-10-12	HighGrowth	9.0509
2024-10-12	BalancedIndexed	1.6255
2024-10-11	CapitalStable	4.1226
2024-10-11	Balanced	5.3816
2024-10-11	Cash	2.4621
2024-10-11	SustainableGrowth	1.2685
2024-10-11	CoreStrategy	2.4597
2024-10-11	OverseasSharesIndexed	2.0204
2024-10-11	AustralianSharesIndexed	1.7549
2024-10-11	HighGrowth	9.0444
2024-10-11	BalancedIndexed	1.6252
2024-10-10	CapitalStable	4.1199
2024-10-10	Balanced	5.374
2024-10-10	Cash	2.4621
2024-10-10	SustainableGrowth	1.2627
2024-10-10	CoreStrategy	2.4543
2024-10-10	OverseasSharesIndexed	2.0047
2024-10-10	AustralianSharesIndexed	1.7534
2024-10-10	HighGrowth	9.0183
2024-10-10	BalancedIndexed	1.6198
2024-10-09	CapitalStable	4.1194
2024-10-09	Balanced	5.3724
2024-10-09	Cash	2.4616
2024-10-09	SustainableGrowth	1.2587
2024-10-09	CoreStrategy	2.4533
2024-10-09	OverseasSharesIndexed	1.9874
2024-10-09	AustralianSharesIndexed	1.759
2024-10-09	HighGrowth	9.0136
2024-10-09	BalancedIndexed	1.6168
2024-10-08	CapitalStable	4.1218
2024-10-08	Balanced	5.3717
2024-10-08	Cash	2.4608
2024-10-08	SustainableGrowth	1.2571
2024-10-08	CoreStrategy	2.4518
2024-10-08	OverseasSharesIndexed	1.9877
2024-10-08	AustralianSharesIndexed	1.7478
2024-10-08	HighGrowth	9.0002
2024-10-08	BalancedIndexed	1.6159
2024-10-05	CapitalStable	4.1213
2024-10-05	Balanced	5.3656
2024-10-05	Cash	2.4605
2024-10-05	SustainableGrowth	1.2541
2024-10-05	CoreStrategy	2.4469
2024-10-05	OverseasSharesIndexed	1.9655
2024-10-05	AustralianSharesIndexed	1.7583
2024-10-05	HighGrowth	8.9732
2024-10-05	BalancedIndexed	1.6129
2024-10-04	CapitalStable	4.1224
2024-10-04	Balanced	5.366
2024-10-04	Cash	2.4603
2024-10-04	SustainableGrowth	1.2544
2024-10-04	CoreStrategy	2.447
2024-10-04	OverseasSharesIndexed	1.96
2024-10-04	AustralianSharesIndexed	1.757
2024-10-04	HighGrowth	8.9703
2024-10-04	BalancedIndexed	1.6125
2024-10-03	CapitalStable	4.1206
2024-10-03	Balanced	5.3634
2024-10-03	Cash	2.4599
2024-10-03	SustainableGrowth	1.2557
2024-10-03	CoreStrategy	2.4458
2024-10-03	OverseasSharesIndexed	1.9615
2024-10-03	AustralianSharesIndexed	1.7588
2024-10-03	HighGrowth	8.9641
2024-10-03	BalancedIndexed	1.6135
2024-10-02	CapitalStable	4.1198
2024-10-02	Balanced	5.3662
2024-10-02	Cash	2.4597
2024-10-02	SustainableGrowth	1.2585
2024-10-02	CoreStrategy	2.4491
2024-10-02	OverseasSharesIndexed	1.9627
2024-10-02	AustralianSharesIndexed	1.7702
2024-10-02	HighGrowth	8.9823
2024-10-02	BalancedIndexed	1.6185
2024-10-01	CapitalStable	4.1196
2024-10-01	Balanced	5.3641
2024-10-01	Cash	2.4588
2024-10-01	SustainableGrowth	1.2587
2024-10-01	CoreStrategy	2.4473
2024-10-01	OverseasSharesIndexed	1.9666
2024-10-01	AustralianSharesIndexed	1.7589
2024-10-01	HighGrowth	8.9726
2024-10-01	BalancedIndexed	1.6167
2024-09-28	CapitalStable	4.1195
2024-09-28	Balanced	5.3637
2024-09-28	Cash	2.4586
2024-09-28	SustainableGrowth	1.261
2024-09-28	CoreStrategy	2.4465
2024-09-28	OverseasSharesIndexed	1.974
2024-09-28	AustralianSharesIndexed	1.757
2024-09-28	HighGrowth	8.9704
2024-09-28	BalancedIndexed	1.6173
2024-09-27	CapitalStable	4.1107
2024-09-27	Balanced	5.3442
2024-09-27	Cash	2.4583
2024-09-27	SustainableGrowth	1.2547
2024-09-27	CoreStrategy	2.435
2024-09-27	OverseasSharesIndexed	1.9687
2024-09-27	AustralianSharesIndexed	1.7416
2024-09-27	HighGrowth	8.9152
2024-09-27	BalancedIndexed	1.61
2024-09-26	CapitalStable	4.1127
2024-09-26	Balanced	5.3473
2024-09-26	Cash	2.4581
2024-09-26	SustainableGrowth	1.2578
2024-09-26	CoreStrategy	2.4369
2024-09-26	OverseasSharesIndexed	1.9703
2024-09-26	AustralianSharesIndexed	1.7444
2024-09-26	HighGrowth	8.9221
2024-09-26	BalancedIndexed	1.6119
2024-09-25	CapitalStable	4.1075
2024-09-25	Balanced	5.3395
2024-09-25	Cash	2.4577
2024-09-25	SustainableGrowth	1.2589
2024-09-25	CoreStrategy	2.4327
2024-09-25	OverseasSharesIndexed	1.9679
2024-09-25	AustralianSharesIndexed	1.7456
2024-09-25	HighGrowth	8.9038
2024-09-25	BalancedIndexed	1.61
2024-09-24	CapitalStable	4.1126
2024-09-24	Balanced	5.3499
2024-09-24	Cash	2.457
2024-09-24	SustainableGrowth	1.2628
2024-09-24	CoreStrategy	2.4384
2024-09-24	OverseasSharesIndexed	1.9773
2024-09-24	AustralianSharesIndexed	1.7561
2024-09-24	HighGrowth	8.9319
2024-09-24	BalancedIndexed	1.6143
2024-09-21	CapitalStable	4.1127
2024-09-21	Balanced	5.3496
2024-09-21	Cash	2.4566
2024-09-21	SustainableGrowth	1.2645
2024-09-21	CoreStrategy	2.4382
2024-09-21	OverseasSharesIndexed	1.9801
2024-09-21	AustralianSharesIndexed	1.7526
2024-09-21	HighGrowth	8.931
2024-09-21	BalancedIndexed	1.6149
2024-09-20	CapitalStable	4.1081
2024-09-20	Balanced	5.3332
2024-09-20	Cash	2.4564
2024-09-20	SustainableGrowth	1.2564
2024-09-20	CoreStrategy	2.426
2024-09-20	OverseasSharesIndexed	1.9603
2024-09-20	AustralianSharesIndexed	1.7428
2024-09-20	HighGrowth	8.8678
2024-09-20	BalancedIndexed	1.6034
2024-09-19	CapitalStable	4.1116
2024-09-19	Balanced	5.3379
2024-09-19	Cash	2.4561
2024-09-19	SustainableGrowth	1.259
2024-09-19	CoreStrategy	2.4286
2024-09-19	OverseasSharesIndexed	1.9668
2024-09-19	AustralianSharesIndexed	1.7423
2024-09-19	HighGrowth	8.8774
2024-09-19	BalancedIndexed	1.6062
2024-09-18	CapitalStable	4.1126
2024-09-18	Balanced	5.3389
2024-09-18	Cash	2.4559
2024-09-18	SustainableGrowth	1.2598
2024-09-18	CoreStrategy	2.4287
2024-09-18	OverseasSharesIndexed	1.9749
2024-09-18	AustralianSharesIndexed	1.7386
2024-09-18	HighGrowth	8.8767
2024-09-18	BalancedIndexed	1.6069
2024-09-17	CapitalStable	4.1092
2024-09-17	Balanced	5.3355
2024-09-17	Cash	2.4551
2024-09-17	SustainableGrowth	1.2583
2024-09-17	CoreStrategy	2.4272
2024-09-17	OverseasSharesIndexed	1.977
2024-09-17	AustralianSharesIndexed	1.7344
2024-09-17	HighGrowth	8.8725
2024-09-17	BalancedIndexed	1.6053
2024-09-14	CapitalStable	4.1053
2024-09-14	Balanced	5.3275
2024-09-14	Cash	2.4546
2024-09-14	SustainableGrowth	1.2556
2024-09-14	CoreStrategy	2.4217
2024-09-14	OverseasSharesIndexed	1.9715
2024-09-14	AustralianSharesIndexed	1.7294
2024-09-14	HighGrowth	8.8489
2024-09-14	BalancedIndexed	1.6008
2024-09-13	CapitalStable	4.1019
2024-09-13	Balanced	5.3152
2024-09-13	Cash	2.4544
2024-09-13	SustainableGrowth	1.2498
2024-09-13	CoreStrategy	2.412
2024-09-13	OverseasSharesIndexed	1.9709
2024-09-13	AustralianSharesIndexed	1.7084
2024-09-13	HighGrowth	8.8
2024-09-13	BalancedIndexed	1.5922
2024-09-12	CapitalStable	4.0961
2024-09-12	Balanced	5.3051
2024-09-12	Cash	2.454
2024-09-12	SustainableGrowth	1.246
2024-09-12	CoreStrategy	2.4067
2024-09-12	OverseasSharesIndexed	1.9529
2024-09-12	AustralianSharesIndexed	1.7122
2024-09-12	HighGrowth	8.7747
2024-09-12	BalancedIndexed	1.5867
2024-09-11	CapitalStable	4.0916
2024-09-11	Balanced	5.2986
2024-09-11	Cash	2.454
2024-09-11	SustainableGrowth	1.2444
2024-09-11	CoreStrategy	2.403
2024-09-11	OverseasSharesIndexed	1.9492
2024-09-11	AustralianSharesIndexed	1.7072
2024-09-11	HighGrowth	8.761
2024-09-11	BalancedIndexed	1.5833
2024-09-10	CapitalStable	4.0881
2024-09-10	Balanced	5.2871
2024-09-10	Cash	2.4529
2024-09-10	SustainableGrowth	1.2381
2024-09-10	CoreStrategy	2.3951
2024-09-10	OverseasSharesIndexed	1.9185
2024-09-10	AustralianSharesIndexed	1.7115
2024-09-10	HighGrowth	8.7221
2024-09-10	BalancedIndexed	1.5756
2024-09-07	CapitalStable	4.0896
2024-09-07	Balanced	5.2957
2024-09-07	Cash	2.4529
2024-09-07	SustainableGrowth	1.2418
2024-09-07	CoreStrategy	2.4017
2024-09-07	OverseasSharesIndexed	1.9405
2024-09-07	AustralianSharesIndexed	1.7058
2024-09-07	HighGrowth	8.7574
2024-09-07	BalancedIndexed	1.5826
2024-09-06	CapitalStable	4.0872
2024-09-06	Balanced	5.292
2024-09-06	Cash	2.4524
2024-09-06	SustainableGrowth	1.2412
2024-09-06	CoreStrategy	2.3998
2024-09-06	OverseasSharesIndexed	1.9433
2024-09-06	AustralianSharesIndexed	1.6976
2024-09-06	HighGrowth	8.7488
2024-09-06	BalancedIndexed	1.5816
2024-09-05	CapitalStable	4.0909
2024-09-05	Balanced	5.3088
2024-09-05	Cash	2.4522
2024-09-05	SustainableGrowth	1.2502
2024-09-05	CoreStrategy	2.4124
2024-09-05	OverseasSharesIndexed	1.9561
2024-09-05	AustralianSharesIndexed	1.7256
2024-09-05	HighGrowth	8.8149
2024-09-05	BalancedIndexed	1.593
2024-09-04	CapitalStable	4.0923
2024-09-04	Balanced	5.3155
2024-09-04	Cash	2.4518
2024-09-04	SustainableGrowth	1.2538
2024-09-04	CoreStrategy	2.4182
2024-09-04	OverseasSharesIndexed	1.9672
2024-09-04	AustralianSharesIndexed	1.7249
2024-09-04	HighGrowth	8.8455
2024-09-04	BalancedIndexed	1.6
2024-09-03	CapitalStable	4.0945
2024-09-03	Balanced	5.3177
2024-09-03	Cash	2.4513
2024-09-03	SustainableGrowth	1.2536
2024-09-03	CoreStrategy	2.4188
2024-09-03	OverseasSharesIndexed	1.9702
2024-09-03	AustralianSharesIndexed	1.7216
2024-09-03	HighGrowth	8.8471
2024-09-03	BalancedIndexed	1.6
2024-08-31	CapitalStable	4.0886
2024-08-31	Balanced	5.3016
2024-08-31	Cash	2.4507
2024-08-31	SustainableGrowth	1.2456
2024-08-31	CoreStrategy	2.4074
2024-08-31	OverseasSharesIndexed	1.9538
2024-08-31	AustralianSharesIndexed	1.712
2024-08-31	HighGrowth	8.7929
2024-08-31	BalancedIndexed	1.5917
2024-08-30	CapitalStable	4.09
2024-08-30	Balanced	5.304
2024-08-30	Cash	2.4504
2024-08-30	SustainableGrowth	1.2459
2024-08-30	CoreStrategy	2.4088
2024-08-30	OverseasSharesIndexed	1.9534
2024-08-30	AustralianSharesIndexed	1.7166
2024-08-30	HighGrowth	8.7987
2024-08-30	BalancedIndexed	1.5926
2024-08-29	CapitalStable	4.0931
2024-08-29	Balanced	5.3103
2024-08-29	Cash	2.4502
2024-08-29	SustainableGrowth	1.2483
2024-08-29	CoreStrategy	2.4127
2024-08-29	OverseasSharesIndexed	1.9644
2024-08-29	AustralianSharesIndexed	1.7159
2024-08-29	HighGrowth	8.8167
2024-08-29	BalancedIndexed	1.596
2024-08-28	CapitalStable	4.0947
2024-08-28	Balanced	5.3115
2024-08-28	Cash	2.45
2024-08-28	SustainableGrowth	1.2486
2024-08-28	CoreStrategy	2.4129
2024-08-28	OverseasSharesIndexed	1.9613
2024-08-28	AustralianSharesIndexed	1.7182
2024-08-28	HighGrowth	8.8165
2024-08-28	BalancedIndexed	1.5962
2024-08-27	CapitalStable	4.091
2024-08-27	Balanced	5.3074
2024-08-27	Cash	2.4492
2024-08-27	SustainableGrowth	1.2484
2024-08-27	CoreStrategy	2.4111
2024-08-27	OverseasSharesIndexed	1.968
2024-08-27	AustralianSharesIndexed	1.7056
2024-08-27	HighGrowth	8.81
2024-08-27	BalancedIndexed	1.5945
2024-08-24	CapitalStable	4.0914
2024-08-24	Balanced	5.3048
2024-08-24	Cash	2.4489
2024-08-24	SustainableGrowth	1.2454
2024-08-24	CoreStrategy	2.4077
2024-08-24	OverseasSharesIndexed	1.9621
2024-08-24	AustralianSharesIndexed	1.7064
2024-08-24	HighGrowth	8.7949
2024-08-24	BalancedIndexed	1.5904
2024-08-23	CapitalStable	4.0914
2024-08-23	Balanced	5.3058
2024-08-23	Cash	2.4485
2024-08-23	SustainableGrowth	1.2465
2024-08-23	CoreStrategy	2.4087
2024-08-23	OverseasSharesIndexed	1.9674
2024-08-23	AustralianSharesIndexed	1.7027
2024-08-23	HighGrowth	8.7994
2024-08-23	BalancedIndexed	1.5926
2024-08-22	CapitalStable	4.0849
2024-08-22	Balanced	5.2948
2024-08-22	Cash	2.4483
2024-08-22	SustainableGrowth	1.2414
2024-08-22	CoreStrategy	2.4026
2024-08-22	OverseasSharesIndexed	1.9581
2024-08-22	AustralianSharesIndexed	1.6972
2024-08-22	HighGrowth	8.7726
2024-08-22	BalancedIndexed	1.5873
2024-08-21	CapitalStable	4.0863
2024-08-21	Balanced	5.2983
2024-08-21	Cash	2.4481
2024-08-21	SustainableGrowth	1.2425
2024-08-21	CoreStrategy	2.4047
2024-08-21	OverseasSharesIndexed	1.9676
2024-08-21	AustralianSharesIndexed	1.6938
2024-08-21	HighGrowth	8.7833
2024-08-21	BalancedIndexed	1.5889
2024-08-20	CapitalStable	4.0859
2024-08-20	Balanced	5.2979
2024-08-20	Cash	2.4472
2024-08-20	SustainableGrowth	1.2408
2024-08-20	CoreStrategy	2.4037
2024-08-20	OverseasSharesIndexed	1.9715
2024-08-20	AustralianSharesIndexed	1.6916
2024-08-20	HighGrowth	8.7803
2024-08-20	BalancedIndexed	1.5868
2024-08-17	CapitalStable	4.0812
2024-08-17	Balanced	5.2817
2024-08-17	Cash	2.447
2024-08-17	SustainableGrowth	1.2332
2024-08-17	CoreStrategy	2.3921
2024-08-17	OverseasSharesIndexed	1.9658
2024-08-17	AustralianSharesIndexed	1.6714
2024-08-17	HighGrowth	8.7215
2024-08-17	BalancedIndexed	1.579
2024-08-16	CapitalStable	4.0747
2024-08-16	Balanced	5.2665
2024-08-16	Cash	2.4468
2024-08-16	SustainableGrowth	1.2257
2024-08-16	CoreStrategy	2.3824
2024-08-16	OverseasSharesIndexed	1.9439
2024-08-16	AustralianSharesIndexed	1.6676
2024-08-16	HighGrowth	8.6726
2024-08-16	BalancedIndexed	1.5692
2024-08-15	CapitalStable	4.0673
2024-08-15	Balanced	5.2554
2024-08-15	Cash	2.4463
2024-08-15	SustainableGrowth	1.221
2024-08-15	CoreStrategy	2.3764
2024-08-15	OverseasSharesIndexed	1.9365
2024-08-15	AustralianSharesIndexed	1.6629
2024-08-15	HighGrowth	8.6477
2024-08-15	BalancedIndexed	1.5641
2024-08-14	CapitalStable	4.0589
2024-08-14	Balanced	5.2381
2024-08-14	Cash	2.4459
2024-08-14	SustainableGrowth	1.2113
2024-08-14	CoreStrategy	2.3655
2024-08-14	OverseasSharesIndexed	1.9099
2024-08-14	AustralianSharesIndexed	1.6604
2024-08-14	HighGrowth	8.5976
2024-08-14	BalancedIndexed	1.5528
2024-08-13	CapitalStable	4.0574
2024-08-13	Balanced	5.2369
2024-08-13	Cash	2.4452
2024-08-13	SustainableGrowth	1.2112
2024-08-13	CoreStrategy	2.3653
2024-08-13	OverseasSharesIndexed	1.9154
2024-08-13	AustralianSharesIndexed	1.6531
2024-08-13	HighGrowth	8.5964
2024-08-13	BalancedIndexed	1.5516
2024-08-10	CapitalStable	4.0502
2024-08-10	Balanced	5.2198
2024-08-10	Cash	2.4448
2024-08-10	SustainableGrowth	1.2051
2024-08-10	CoreStrategy	2.3541
2024-08-10	OverseasSharesIndexed	1.9087
2024-08-10	AustralianSharesIndexed	1.6348
2024-08-10	HighGrowth	8.5426
2024-08-10	BalancedIndexed	1.5431
2024-08-09	CapitalStable	4.0458
2024-08-09	Balanced	5.2079
2024-08-09	Cash	2.4448
2024-08-09	SustainableGrowth	1.1975
2024-08-09	CoreStrategy	2.3459
2024-08-09	OverseasSharesIndexed	1.8836
2024-08-09	AustralianSharesIndexed	1.6385
2024-08-09	HighGrowth	8.5023
2024-08-09	BalancedIndexed	1.5339
2024-08-08	CapitalStable	4.0519
2024-08-08	Balanced	5.216
2024-08-08	Cash	2.4443
2024-08-08	SustainableGrowth	1.2009
2024-08-08	CoreStrategy	2.3493
2024-08-08	OverseasSharesIndexed	1.9018
2024-08-08	AustralianSharesIndexed	1.6347
2024-08-08	HighGrowth	8.515
2024-08-08	BalancedIndexed	1.5377
2024-08-07	CapitalStable	4.0509
2024-08-07	Balanced	5.2086
2024-08-07	Cash	2.4441
2024-08-07	SustainableGrowth	1.1949
2024-08-07	CoreStrategy	2.343
2024-08-07	OverseasSharesIndexed	1.8913
2024-08-07	AustralianSharesIndexed	1.6294
2024-08-07	HighGrowth	8.4816
2024-08-07	BalancedIndexed	1.5308
2024-08-06	CapitalStable	4.066
2024-08-06	Balanced	5.2585
2024-08-06	Cash	2.4432
2024-08-06	SustainableGrowth	1.2201
2024-08-06	CoreStrategy	2.3796
2024-08-06	OverseasSharesIndexed	1.9325
2024-08-06	AustralianSharesIndexed	1.6849
2024-08-06	HighGrowth	8.6638
2024-08-06	BalancedIndexed	1.5643
2024-08-03	CapitalStable	4.0749
2024-08-03	Balanced	5.291
2024-08-03	Cash	2.443
2024-08-03	SustainableGrowth	1.2378
2024-08-03	CoreStrategy	2.4036
2024-08-03	OverseasSharesIndexed	1.965
2024-08-03	AustralianSharesIndexed	1.7172
2024-08-03	HighGrowth	8.7874
2024-08-03	BalancedIndexed	1.5857
2024-08-02	CapitalStable	4.0757
2024-08-02	Balanced	5.2995
2024-08-02	Cash	2.4426
2024-08-02	SustainableGrowth	1.2461
2024-08-02	CoreStrategy	2.4102
2024-08-02	OverseasSharesIndexed	1.9924
2024-08-02	AustralianSharesIndexed	1.7127
2024-08-02	HighGrowth	8.8257
2024-08-02	BalancedIndexed	1.594
2024-08-01	CapitalStable	4.0564
2024-08-01	Balanced	5.2622
2024-08-01	Cash	2.4426
2024-08-01	SustainableGrowth	1.2315
2024-08-01	CoreStrategy	2.3881
2024-08-01	OverseasSharesIndexed	1.9601
2024-08-01	AustralianSharesIndexed	1.6861
2024-08-01	HighGrowth	8.7223
2024-08-01	BalancedIndexed	1.5738
2024-07-31	CapitalStable	4.0581
2024-07-31	Balanced	5.2689
2024-07-31	Cash	2.4422
2024-07-31	SustainableGrowth	1.2345
2024-07-31	CoreStrategy	2.3929
2024-07-31	OverseasSharesIndexed	1.968
2024-07-31	AustralianSharesIndexed	1.6929
2024-07-31	HighGrowth	8.7481
2024-07-31	BalancedIndexed	1.5782
2024-07-30	CapitalStable	4.0518
2024-07-30	Balanced	5.2573
2024-07-30	Cash	2.4413
2024-07-30	SustainableGrowth	1.2305
2024-07-30	CoreStrategy	2.3859
2024-07-30	OverseasSharesIndexed	1.9615
2024-07-30	AustralianSharesIndexed	1.6799
2024-07-30	HighGrowth	8.7171
2024-07-30	BalancedIndexed	1.5723
2024-07-27	CapitalStable	4.0449
2024-07-27	Balanced	5.2413
2024-07-27	Cash	2.4411
2024-07-27	SustainableGrowth	1.2232
2024-07-27	CoreStrategy	2.3752
2024-07-27	OverseasSharesIndexed	1.9447
2024-07-27	AustralianSharesIndexed	1.6686
2024-07-27	HighGrowth	8.6671
2024-07-27	BalancedIndexed	1.5624
2024-07-26	CapitalStable	4.0472
2024-07-26	Balanced	5.2503
2024-07-26	Cash	2.4408
2024-07-26	SustainableGrowth	1.2272
2024-07-26	CoreStrategy	2.3824
2024-07-26	OverseasSharesIndexed	1.9428
2024-07-26	AustralianSharesIndexed	1.6882
2024-07-26	HighGrowth	8.7038
2024-07-26	BalancedIndexed	1.5692
2024-07-25	CapitalStable	4.054
2024-07-25	Balanced	5.2692
2024-07-25	Cash	2.4404
2024-07-25	SustainableGrowth	1.2354
2024-07-25	CoreStrategy	2.396
2024-07-25	OverseasSharesIndexed	1.974
2024-07-25	AustralianSharesIndexed	1.6895
2024-07-25	HighGrowth	8.7693
2024-07-25	BalancedIndexed	1.5821
2024-07-24	CapitalStable	4.0519
2024-07-24	Balanced	5.2635
2024-07-24	Cash	2.4402
2024-07-24	SustainableGrowth	1.232
2024-07-24	CoreStrategy	2.3924
2024-07-24	OverseasSharesIndexed	1.9693
2024-07-24	AustralianSharesIndexed	1.6819
2024-07-24	HighGrowth	8.7515
2024-07-24	BalancedIndexed	1.5795
2024-07-23	CapitalStable	4.0477
2024-07-23	Balanced	5.2517
2024-07-23	Cash	2.4393
2024-07-23	SustainableGrowth	1.2259
2024-07-23	CoreStrategy	2.3845
2024-07-23	OverseasSharesIndexed	1.9383
2024-07-23	AustralianSharesIndexed	1.6896
2024-07-23	HighGrowth	8.7139
2024-07-23	BalancedIndexed	1.5726
2024-07-20	CapitalStable	4.0524
2024-07-20	Balanced	5.2622
2024-07-20	Cash	2.4391
2024-07-20	SustainableGrowth	1.2297
2024-07-20	CoreStrategy	2.3917
2024-07-20	OverseasSharesIndexed	1.9405
2024-07-20	AustralianSharesIndexed	1.7017
2024-07-20	HighGrowth	8.7478
2024-07-20	BalancedIndexed	1.5789
2024-07-19	CapitalStable	4.0563
2024-07-19	Balanced	5.2729
2024-07-19	Cash	2.4389
2024-07-19	SustainableGrowth	1.2355
2024-07-19	CoreStrategy	2.399
2024-07-19	OverseasSharesIndexed	1.9557
2024-07-19	AustralianSharesIndexed	1.7057
2024-07-19	HighGrowth	8.7834
2024-07-19	BalancedIndexed	1.5855
2024-07-18	CapitalStable	4.0579
2024-07-18	Balanced	5.2797
2024-07-18	Cash	2.4386
2024-07-18	SustainableGrowth	1.2379
2024-07-18	CoreStrategy	2.4041
2024-07-18	OverseasSharesIndexed	1.9756
2024-07-18	AustralianSharesIndexed	1.6944
2024-07-18	HighGrowth	8.81
2024-07-18	BalancedIndexed	1.5901
2024-07-17	CapitalStable	4.0474
2024-07-17	Balanced	5.265
2024-07-17	Cash	2.4382
2024-07-17	SustainableGrowth	1.2324
2024-07-17	CoreStrategy	2.3971
2024-07-17	OverseasSharesIndexed	1.9543
2024-07-17	AustralianSharesIndexed	1.6981
2024-07-17	HighGrowth	8.7821
2024-07-17	BalancedIndexed	1.5842
2024-07-16	CapitalStable	4.0444
2024-07-16	Balanced	5.2584
2024-07-16	Cash	2.4375
2024-07-16	SustainableGrowth	1.2295
2024-07-16	CoreStrategy	2.3929
2024-07-16	OverseasSharesIndexed	1.9497
2024-07-16	AustralianSharesIndexed	1.6872
2024-07-16	HighGrowth	8.7618
2024-07-16	BalancedIndexed	1.58
2024-07-13	CapitalStable	4.0384
2024-07-13	Balanced	5.2454
2024-07-13	Cash	2.4371
2024-07-13	SustainableGrowth	1.2226
2024-07-13	CoreStrategy	2.3843
2024-07-13	OverseasSharesIndexed	1.9414
2024-07-13	AustralianSharesIndexed	1.6738
2024-07-13	HighGrowth	8.7229
2024-07-13	BalancedIndexed	1.5725
2024-07-12	CapitalStable	4.0377
2024-07-12	Balanced	5.2443
2024-07-12	Cash	2.4369
2024-07-12	SustainableGrowth	1.2204
2024-07-12	CoreStrategy	2.3828
2024-07-12	OverseasSharesIndexed	1.9561
2024-07-12	AustralianSharesIndexed	1.6596
2024-07-12	HighGrowth	8.7196
2024-07-12	BalancedIndexed	1.5726
2024-07-11	CapitalStable	4.0344
2024-07-11	Balanced	5.2372
2024-07-11	Cash	2.4367
2024-07-11	SustainableGrowth	1.216
2024-07-11	CoreStrategy	2.3777
2024-07-11	OverseasSharesIndexed	1.9414
2024-07-11	AustralianSharesIndexed	1.6621
2024-07-11	HighGrowth	8.6974
2024-07-11	BalancedIndexed	1.5669
2024-07-10	CapitalStable	4.0316
2024-07-10	Balanced	5.2304
2024-07-10	Cash	2.4365
2024-07-10	SustainableGrowth	1.2126
2024-07-10	CoreStrategy	2.3733
2024-07-10	OverseasSharesIndexed	1.9439
2024-07-10	AustralianSharesIndexed	1.6509
2024-07-10	HighGrowth	8.676
2024-07-10	BalancedIndexed	1.5658
2024-07-09	CapitalStable	4.0348
2024-07-09	Balanced	5.2379
2024-07-09	Cash	2.4356
2024-07-09	SustainableGrowth	1.2144
2024-07-09	CoreStrategy	2.3778
2024-07-09	OverseasSharesIndexed	1.9452
2024-07-09	AustralianSharesIndexed	1.6618
2024-07-09	HighGrowth	8.6977
2024-07-09	BalancedIndexed	1.5686
2024-07-06	CapitalStable	4.0332
2024-07-06	Balanced	5.2358
2024-07-06	Cash	2.4354
2024-07-06	SustainableGrowth	1.2145
2024-07-06	CoreStrategy	2.3765
2024-07-06	OverseasSharesIndexed	1.9425
2024-07-06	AustralianSharesIndexed	1.6635
2024-07-06	HighGrowth	8.6936
2024-07-06	BalancedIndexed	1.5671
2024-07-05	CapitalStable	4.0293
2024-07-05	Balanced	5.2258
2024-07-05	Cash	2.4349
2024-07-05	SustainableGrowth	1.2107
2024-07-05	CoreStrategy	2.3699
2024-07-05	OverseasSharesIndexed	1.9405
2024-07-05	AustralianSharesIndexed	1.646
2024-07-05	HighGrowth	8.6607
2024-07-05	BalancedIndexed	1.5613
2024-07-04	CapitalStable	4.0277
2024-07-04	Balanced	5.222
2024-07-04	Cash	2.4347
2024-07-04	SustainableGrowth	1.21
2024-07-04	CoreStrategy	2.3668
2024-07-04	OverseasSharesIndexed	1.9432
2024-07-04	AustralianSharesIndexed	1.6418
2024-07-04	HighGrowth	8.6471
2024-07-04	BalancedIndexed	1.5586
2024-07-03	CapitalStable	4.0283
2024-07-03	Balanced	5.2228
2024-07-03	Cash	2.4343
2024-07-03	SustainableGrowth	1.2105
2024-07-03	CoreStrategy	2.3669
2024-07-03	OverseasSharesIndexed	1.9376
2024-07-03	AustralianSharesIndexed	1.648
2024-07-03	HighGrowth	8.6484
2024-07-03	BalancedIndexed	1.5576
2024-07-02	CapitalStable	4.0294
2024-07-02	Balanced	5.2216
2024-07-02	Cash	2.4343
2024-07-02	SustainableGrowth	1.212
2024-07-02	CoreStrategy	2.3658
2024-07-02	OverseasSharesIndexed	1.9258
2024-07-02	AustralianSharesIndexed	1.6512
2024-07-02	HighGrowth	8.6389
2024-07-02	BalancedIndexed	1.5563
2024-06-30	CapitalStable	4.0294
2024-06-30	Balanced	5.2216
2024-06-30	Cash	2.4343
2024-06-30	SustainableGrowth	1.212
2024-06-30	CoreStrategy	2.3658
2024-06-30	OverseasSharesIndexed	1.9258
2024-06-30	AustralianSharesIndexed	1.6512
2024-06-30	HighGrowth	8.6389
2024-06-30	BalancedIndexed	1.5563
2024-06-29	CapitalStable	4.0278
2024-06-29	Balanced	5.223
2024-06-29	Cash	2.4332
2024-06-29	SustainableGrowth	1.2123
2024-06-29	CoreStrategy	2.3679
2024-06-29	OverseasSharesIndexed	1.9361
2024-06-29	AustralianSharesIndexed	1.6495
2024-06-29	HighGrowth	8.6519
2024-06-29	BalancedIndexed	1.5585
2024-06-28	CapitalStable	4.0347
2024-06-28	Balanced	5.2306
2024-06-28	Cash	2.4332
2024-06-28	SustainableGrowth	1.2165
2024-06-28	CoreStrategy	2.3701
2024-06-28	OverseasSharesIndexed	1.9368
2024-06-28	AustralianSharesIndexed	1.6518
2024-06-28	HighGrowth	8.6592
2024-06-28	BalancedIndexed	1.5596
2024-06-27	CapitalStable	4.0425
2024-06-27	Balanced	5.2423
2024-06-27	Cash	2.4327
2024-06-27	SustainableGrowth	1.2213
2024-06-27	CoreStrategy	2.3762
2024-06-27	OverseasSharesIndexed	1.9401
2024-06-27	AustralianSharesIndexed	1.6624
2024-06-27	HighGrowth	8.6843
2024-06-27	BalancedIndexed	1.5644
2024-06-26	CapitalStable	4.0352
2024-06-26	Balanced	5.2253
2024-06-26	Cash	2.4325
2024-06-26	SustainableGrowth	1.2154
2024-06-26	CoreStrategy	2.3658
2024-06-26	OverseasSharesIndexed	1.9295
2024-06-26	AustralianSharesIndexed	1.6424
2024-06-26	HighGrowth	8.6319
2024-06-26	BalancedIndexed	1.5553
2024-06-25	CapitalStable	4.0388
2024-06-25	Balanced	5.2349
2024-06-25	Cash	2.4316
2024-06-25	SustainableGrowth	1.2188
2024-06-25	CoreStrategy	2.3717
2024-06-25	OverseasSharesIndexed	1.9345
2024-06-25	AustralianSharesIndexed	1.6544
2024-06-25	HighGrowth	8.6634
2024-06-25	BalancedIndexed	1.5598
2024-06-22	CapitalStable	4.0372
2024-06-22	Balanced	5.2307
2024-06-22	Cash	2.4314
2024-06-22	SustainableGrowth	1.2173
2024-06-22	CoreStrategy	2.3691
2024-06-22	OverseasSharesIndexed	1.9329
2024-06-22	AustralianSharesIndexed	1.6492
2024-06-22	HighGrowth	8.6502
2024-06-22	BalancedIndexed	1.5587
2024-06-21	CapitalStable	4.0383
2024-06-21	Balanced	5.2321
2024-06-21	Cash	2.431
2024-06-21	SustainableGrowth	1.2173
2024-06-21	CoreStrategy	2.3698
2024-06-21	OverseasSharesIndexed	1.9322
2024-06-21	AustralianSharesIndexed	1.649
2024-06-21	HighGrowth	8.653
2024-06-21	BalancedIndexed	1.5589
2024-06-20	CapitalStable	4.0395
2024-06-20	Balanced	5.2355
2024-06-20	Cash	2.431
2024-06-20	SustainableGrowth	1.22
2024-06-20	CoreStrategy	2.3721
2024-06-20	OverseasSharesIndexed	1.9409
2024-06-20	AustralianSharesIndexed	1.6505
2024-06-20	HighGrowth	8.6644
2024-06-20	BalancedIndexed	1.5613
2024-06-19	CapitalStable	4.0391
2024-06-19	Balanced	5.2305
2024-06-19	Cash	2.4305
2024-06-19	SustainableGrowth	1.2152
2024-06-19	CoreStrategy	2.3676
2024-06-19	OverseasSharesIndexed	1.9468
2024-06-19	AustralianSharesIndexed	1.6357
2024-06-19	HighGrowth	8.6404
2024-06-19	BalancedIndexed	1.5574
2024-06-18	CapitalStable	4.0363
2024-06-18	Balanced	5.2263
2024-06-18	Cash	2.4299
2024-06-18	SustainableGrowth	1.2126
2024-06-18	CoreStrategy	2.3658
2024-06-18	OverseasSharesIndexed	1.9309
2024-06-18	AustralianSharesIndexed	1.6421
2024-06-18	HighGrowth	8.6306
2024-06-18	BalancedIndexed	1.5542
2024-06-15	CapitalStable	4.0332
2024-06-15	Balanced	5.2248
2024-06-15	Cash	2.4294
2024-06-15	SustainableGrowth	1.2142
2024-06-15	CoreStrategy	2.3662
2024-06-15	OverseasSharesIndexed	1.9284
2024-06-15	AustralianSharesIndexed	1.6468
2024-06-15	HighGrowth	8.6363
2024-06-15	BalancedIndexed	1.5547
2024-06-14	CapitalStable	4.0242
2024-06-14	Balanced	5.2123
2024-06-14	Cash	2.4292
2024-06-14	SustainableGrowth	1.211
2024-06-14	CoreStrategy	2.3606
2024-06-14	OverseasSharesIndexed	1.9204
2024-06-14	AustralianSharesIndexed	1.6401
2024-06-14	HighGrowth	8.6134
2024-06-14	BalancedIndexed	1.5507
2024-06-13	CapitalStable	4.0254
2024-06-13	Balanced	5.2177
2024-06-13	Cash	2.4288
2024-06-13	SustainableGrowth	1.212
2024-06-13	CoreStrategy	2.3637
2024-06-13	OverseasSharesIndexed	1.9276
2024-06-13	AustralianSharesIndexed	1.6476
2024-06-13	HighGrowth	8.632
2024-06-13	BalancedIndexed	1.5513
2024-06-12	CapitalStable	4.0333
2024-06-12	Balanced	5.232
2024-06-12	Cash	2.4288
2024-06-12	SustainableGrowth	1.2187
2024-06-12	CoreStrategy	2.372
2024-06-12	OverseasSharesIndexed	1.9279
2024-06-12	AustralianSharesIndexed	1.6674
2024-06-12	HighGrowth	8.6711
2024-06-12	BalancedIndexed	1.5572
2024-06-08	CapitalStable	4.0317
2024-06-08	Balanced	5.2256
2024-06-08	Cash	2.4277
2024-06-08	SustainableGrowth	1.216
2024-06-08	CoreStrategy	2.3681
2024-06-08	OverseasSharesIndexed	1.9172
2024-06-08	AustralianSharesIndexed	1.66
2024-06-08	HighGrowth	8.6472
2024-06-08	BalancedIndexed	1.5538
2024-06-07	CapitalStable	4.031
2024-06-07	Balanced	5.2233
2024-06-07	Cash	2.4272
2024-06-07	SustainableGrowth	1.2142
2024-06-07	CoreStrategy	2.366
2024-06-07	OverseasSharesIndexed	1.9197
2024-06-07	AustralianSharesIndexed	1.6501
2024-06-07	HighGrowth	8.6363
2024-06-07	BalancedIndexed	1.5509
2024-06-06	CapitalStable	4.0218
2024-06-06	Balanced	5.2049
2024-06-06	Cash	2.427
2024-06-06	SustainableGrowth	1.2068
2024-06-06	CoreStrategy	2.3549
2024-06-06	OverseasSharesIndexed	1.9001
2024-06-06	AustralianSharesIndexed	1.6444
2024-06-06	HighGrowth	8.5836
2024-06-06	BalancedIndexed	1.5417
2024-06-05	CapitalStable	4.0182
2024-06-05	Balanced	5.2036
2024-06-05	Cash	2.4266
2024-06-05	SustainableGrowth	1.2056
2024-06-05	CoreStrategy	2.3557
2024-06-05	OverseasSharesIndexed	1.8918
2024-06-05	AustralianSharesIndexed	1.6492
2024-06-05	HighGrowth	8.5928
2024-06-05	BalancedIndexed	1.5406
2024-06-04	CapitalStable	4.0127
2024-06-04	Balanced	5.1955
2024-06-04	Cash	2.4259
2024-06-04	SustainableGrowth	1.2024
2024-06-04	CoreStrategy	2.3513
2024-06-04	OverseasSharesIndexed	1.8951
2024-06-04	AustralianSharesIndexed	1.638
2024-06-04	HighGrowth	8.5749
2024-06-04	BalancedIndexed	1.537
2024-06-01	CapitalStable	4.0055
2024-06-01	Balanced	5.1811
2024-06-01	Cash	2.4255
2024-06-01	SustainableGrowth	1.1955
2024-06-01	CoreStrategy	2.3421
2024-06-01	OverseasSharesIndexed	1.8846
2024-06-01	AustralianSharesIndexed	1.6239
2024-06-01	HighGrowth	8.5344
2024-06-01	BalancedIndexed	1.5282
2024-05-31	CapitalStable	4.0102
2024-05-31	Balanced	5.1918
2024-05-31	Cash	2.4253
2024-05-31	SustainableGrowth	1.1987
2024-05-31	CoreStrategy	2.3483
2024-05-31	OverseasSharesIndexed	1.895
2024-05-31	AustralianSharesIndexed	1.6313
2024-05-31	HighGrowth	8.568
2024-05-31	BalancedIndexed	1.5335
2024-05-30	CapitalStable	4.0208
2024-05-30	Balanced	5.21
2024-05-30	Cash	2.4248
2024-05-30	SustainableGrowth	1.2065
2024-05-30	CoreStrategy	2.3593
2024-05-30	OverseasSharesIndexed	1.9009
2024-05-30	AustralianSharesIndexed	1.6502
2024-05-30	HighGrowth	8.6158
2024-05-30	BalancedIndexed	1.5438
2024-05-29	CapitalStable	4.0227
2024-05-29	Balanced	5.215
2024-05-29	Cash	2.4248
2024-05-29	SustainableGrowth	1.2097
2024-05-29	CoreStrategy	2.3629
2024-05-29	OverseasSharesIndexed	1.9035
2024-05-29	AustralianSharesIndexed	1.6541
2024-05-29	HighGrowth	8.6319
2024-05-29	BalancedIndexed	1.5462
2024-05-28	CapitalStable	4.0204
2024-05-28	Balanced	5.2108
2024-05-28	Cash	2.4237
2024-05-28	SustainableGrowth	1.2084
2024-05-28	CoreStrategy	2.3602
2024-05-28	OverseasSharesIndexed	1.9086
2024-05-28	AustralianSharesIndexed	1.6425
2024-05-28	HighGrowth	8.6193
2024-05-28	BalancedIndexed	1.5432
2024-05-25	CapitalStable	4.0245
2024-05-25	Balanced	5.2174
2024-05-25	Cash	2.4237
2024-05-25	SustainableGrowth	1.2103
2024-05-25	CoreStrategy	2.3637
2024-05-25	OverseasSharesIndexed	1.9009
2024-05-25	AustralianSharesIndexed	1.6584
2024-05-25	HighGrowth	8.6358
2024-05-25	BalancedIndexed	1.5451
2024-05-24	CapitalStable	4.0283
2024-05-24	Balanced	5.2269
2024-05-24	Cash	2.4235
2024-05-24	SustainableGrowth	1.2123
2024-05-24	CoreStrategy	2.3708
2024-05-24	OverseasSharesIndexed	1.9066
2024-05-24	AustralianSharesIndexed	1.6651
2024-05-24	HighGrowth	8.6668
2024-05-24	BalancedIndexed	1.5498
2024-05-23	CapitalStable	4.0285
2024-05-23	Balanced	5.2264
2024-05-23	Cash	2.423
2024-05-23	SustainableGrowth	1.2124
2024-05-23	CoreStrategy	2.3708
2024-05-23	OverseasSharesIndexed	1.9061
2024-05-23	AustralianSharesIndexed	1.6658
2024-05-23	HighGrowth	8.6648
2024-05-23	BalancedIndexed	1.5513
2024-05-22	CapitalStable	4.0288
2024-05-22	Balanced	5.2267
2024-05-22	Cash	2.4228
2024-05-22	SustainableGrowth	1.2129
2024-05-22	CoreStrategy	2.3708
2024-05-22	OverseasSharesIndexed	1.903
2024-05-22	AustralianSharesIndexed	1.6678
2024-05-22	HighGrowth	8.6651
2024-05-22	BalancedIndexed	1.5507
2024-05-21	CapitalStable	4.0251
2024-05-21	Balanced	5.2168
2024-05-21	Cash	2.4219
2024-05-21	SustainableGrowth	1.2059
2024-05-21	CoreStrategy	2.3636
2024-05-21	OverseasSharesIndexed	1.8971
2024-05-21	AustralianSharesIndexed	1.6586
2024-05-21	HighGrowth	8.6341
2024-05-21	BalancedIndexed	1.5467
2024-05-18	CapitalStable	4.0286
2024-05-18	Balanced	5.2239
2024-05-18	Cash	2.4217
2024-05-18	SustainableGrowth	1.2091
2024-05-18	CoreStrategy	2.3678
2024-05-18	OverseasSharesIndexed	1.898
2024-05-18	AustralianSharesIndexed	1.671
2024-05-18	HighGrowth	8.654
2024-05-18	BalancedIndexed	1.5506
2024-05-17	CapitalStable	4.0193
2024-05-17	Balanced	5.2097
2024-05-17	Cash	2.4213
2024-05-17	SustainableGrowth	1.2048
2024-05-17	CoreStrategy	2.3603
2024-05-17	OverseasSharesIndexed	1.9031
2024-05-17	AustralianSharesIndexed	1.6469
2024-05-17	HighGrowth	8.6202
2024-05-17	BalancedIndexed	1.5443
2024-05-16	CapitalStable	4.0145
2024-05-16	Balanced	5.2002
2024-05-16	Cash	2.4213
2024-05-16	SustainableGrowth	1.2003
2024-05-16	CoreStrategy	2.3539
2024-05-16	OverseasSharesIndexed	1.8947
2024-05-16	AustralianSharesIndexed	1.6419
2024-05-16	HighGrowth	8.5931
2024-05-16	BalancedIndexed	1.5376
2024-05-15	CapitalStable	4.0124
2024-05-15	Balanced	5.1965
2024-05-15	Cash	2.4208
2024-05-15	SustainableGrowth	1.1996
2024-05-15	CoreStrategy	2.3517
2024-05-15	OverseasSharesIndexed	1.8883
2024-05-15	AustralianSharesIndexed	1.6461
2024-05-15	HighGrowth	8.5838
2024-05-15	BalancedIndexed	1.5361
2024-05-14	CapitalStable	4.0132
2024-05-14	Balanced	5.1982
2024-05-14	Cash	2.4202
2024-05-14	SustainableGrowth	1.1999
2024-05-14	CoreStrategy	2.3525
2024-05-14	OverseasSharesIndexed	1.8923
2024-05-14	AustralianSharesIndexed	1.6438
2024-05-14	HighGrowth	8.5888
2024-05-14	BalancedIndexed	1.5363
2024-05-11	CapitalStable	4.0101
2024-05-11	Balanced	5.191
2024-05-11	Cash	2.4197
2024-05-11	SustainableGrowth	1.1965
2024-05-11	CoreStrategy	2.348
2024-05-11	OverseasSharesIndexed	1.8866
2024-05-11	AustralianSharesIndexed	1.6384
2024-05-11	HighGrowth	8.566
2024-05-11	BalancedIndexed	1.5327
2024-05-10	CapitalStable	4.0133
2024-05-10	Balanced	5.1961
2024-05-10	Cash	2.4195
2024-05-10	SustainableGrowth	1.1989
2024-05-10	CoreStrategy	2.3499
2024-05-10	OverseasSharesIndexed	1.886
2024-05-10	AustralianSharesIndexed	1.6525
2024-05-10	HighGrowth	8.5771
2024-05-10	BalancedIndexed	1.5357
2024-05-09	CapitalStable	4.0099
2024-05-09	Balanced	5.1896
2024-05-09	Cash	2.4191
2024-05-09	SustainableGrowth	1.1966
2024-05-09	CoreStrategy	2.3466
2024-05-09	OverseasSharesIndexed	1.8773
2024-05-09	AustralianSharesIndexed	1.6504
2024-05-09	HighGrowth	8.5605
2024-05-09	BalancedIndexed	1.5337
2024-05-08	CapitalStable	3.9996
2024-05-08	Balanced	5.1708
2024-05-08	Cash	2.4191
2024-05-08	SustainableGrowth	1.1907
2024-05-08	CoreStrategy	2.3355
2024-05-08	OverseasSharesIndexed	1.8704
2024-05-08	AustralianSharesIndexed	1.6277
2024-05-08	HighGrowth	8.5105
2024-05-08	BalancedIndexed	1.524
2024-05-07	CapitalStable	3.993
2024-05-07	Balanced	5.1587
2024-05-07	Cash	2.418
2024-05-07	SustainableGrowth	1.1856
2024-05-07	CoreStrategy	2.3282
2024-05-07	OverseasSharesIndexed	1.8595
2024-05-07	AustralianSharesIndexed	1.6176
2024-05-07	HighGrowth	8.4772
2024-05-07	BalancedIndexed	1.5158
2024-05-04	CapitalStable	3.9881
2024-05-04	Balanced	5.1499
2024-05-04	Cash	2.4178
2024-05-04	SustainableGrowth	1.1828
2024-05-04	CoreStrategy	2.3223
2024-05-04	OverseasSharesIndexed	1.8584
2024-05-04	AustralianSharesIndexed	1.6094
2024-05-04	HighGrowth	8.4521
2024-05-04	BalancedIndexed	1.5099
2024-05-03	CapitalStable	3.9843
2024-05-03	Balanced	5.1443
2024-05-03	Cash	2.4175
2024-05-03	SustainableGrowth	1.1817
2024-05-03	CoreStrategy	2.3188
2024-05-03	OverseasSharesIndexed	1.856
2024-05-03	AustralianSharesIndexed	1.6063
2024-05-03	HighGrowth	8.4386
2024-05-03	BalancedIndexed	1.5059
2024-05-02	CapitalStable	3.9902
2024-05-02	Balanced	5.1558
2024-05-02	Cash	2.4173
2024-05-02	SustainableGrowth	1.1875
2024-05-02	CoreStrategy	2.3253
2024-05-02	OverseasSharesIndexed	1.8609
2024-05-02	AustralianSharesIndexed	1.6239
2024-05-02	HighGrowth	8.4716
2024-05-02	BalancedIndexed	1.5131
2024-05-01	CapitalStable	3.9882
2024-05-01	Balanced	5.1559
2024-05-01	Cash	2.4169
2024-05-01	SustainableGrowth	1.1882
2024-05-01	CoreStrategy	2.3276
2024-05-01	OverseasSharesIndexed	1.8653
2024-05-01	AustralianSharesIndexed	1.619
2024-05-01	HighGrowth	8.4821
2024-05-01	BalancedIndexed	1.5158
2024-04-30	CapitalStable	3.9902
2024-04-30	Balanced	5.1557
2024-04-30	Cash	2.4162
2024-04-30	SustainableGrowth	1.1838
2024-04-30	CoreStrategy	2.3246
2024-04-30	OverseasSharesIndexed	1.8675
2024-04-30	AustralianSharesIndexed	1.6067
2024-04-30	HighGrowth	8.4667
2024-04-30	BalancedIndexed	1.5114
2024-04-27	CapitalStable	3.9953
2024-04-27	Balanced	5.1614
2024-04-27	Cash	2.4158
2024-04-27	SustainableGrowth	1.1854
2024-04-27	CoreStrategy	2.3265
2024-04-27	OverseasSharesIndexed	1.8589
2024-04-27	AustralianSharesIndexed	1.6268
2024-04-27	HighGrowth	8.4741
2024-04-27	BalancedIndexed	1.5129
2024-04-25	CapitalStable	4.0042
2024-04-25	Balanced	5.1732
2024-04-25	Cash	2.4154
2024-04-25	SustainableGrowth	1.1884
2024-04-25	CoreStrategy	2.3322
2024-04-25	OverseasSharesIndexed	1.8734
2024-04-25	AustralianSharesIndexed	1.627
2024-04-25	HighGrowth	8.496
2024-04-25	BalancedIndexed	1.5188
2024-04-24	CapitalStable	3.9987
2024-04-24	Balanced	5.1613
2024-04-24	Cash	2.4151
2024-04-24	SustainableGrowth	1.183
2024-04-24	CoreStrategy	2.3244
2024-04-24	OverseasSharesIndexed	1.8631
2024-04-24	AustralianSharesIndexed	1.6205
2024-04-24	HighGrowth	8.4597
2024-04-24	BalancedIndexed	1.5112
2024-04-23	CapitalStable	3.9934
2024-04-23	Balanced	5.1469
2024-04-23	Cash	2.4143
2024-04-23	SustainableGrowth	1.1757
2024-04-23	CoreStrategy	2.3142
2024-04-23	OverseasSharesIndexed	1.8529
2024-04-23	AustralianSharesIndexed	1.6046
2024-04-23	HighGrowth	8.4092
2024-04-23	BalancedIndexed	1.5025
2024-04-20	CapitalStable	3.9983
2024-04-20	Balanced	5.1604
2024-04-20	Cash	2.414
2024-04-20	SustainableGrowth	1.1815
2024-04-20	CoreStrategy	2.323
2024-04-20	OverseasSharesIndexed	1.8624
2024-04-20	AustralianSharesIndexed	1.6189
2024-04-20	HighGrowth	8.4556
2024-04-20	BalancedIndexed	1.5104
2024-04-19	CapitalStable	3.9951
2024-04-19	Balanced	5.1572
2024-04-19	Cash	2.4138
2024-04-19	SustainableGrowth	1.1811
2024-04-19	CoreStrategy	2.3218
2024-04-19	OverseasSharesIndexed	1.8665
2024-04-19	AustralianSharesIndexed	1.612
2024-04-19	HighGrowth	8.4511
2024-04-19	BalancedIndexed	1.5089
2024-04-18	CapitalStable	3.9999
2024-04-18	Balanced	5.166
2024-04-18	Cash	2.4134
2024-04-18	SustainableGrowth	1.1848
2024-04-18	CoreStrategy	2.3266
2024-04-18	OverseasSharesIndexed	1.8805
2024-04-18	AustralianSharesIndexed	1.6128
2024-04-18	HighGrowth	8.4744
2024-04-18	BalancedIndexed	1.5136
2024-04-17	CapitalStable	4.0088
2024-04-17	Balanced	5.1824
2024-04-17	Cash	2.4132
2024-04-17	SustainableGrowth	1.1906
2024-04-17	CoreStrategy	2.3371
2024-04-17	OverseasSharesIndexed	1.8753
2024-04-17	AustralianSharesIndexed	1.6399
2024-04-17	HighGrowth	8.5215
2024-04-17	BalancedIndexed	1.5226
2024-04-16	CapitalStable	4.0139
2024-04-16	Balanced	5.1958
2024-04-16	Cash	2.4123
2024-04-16	SustainableGrowth	1.1972
2024-04-16	CoreStrategy	2.3467
2024-04-16	OverseasSharesIndexed	1.8895
2024-04-16	AustralianSharesIndexed	1.6468
2024-04-16	HighGrowth	8.5656
2024-04-16	BalancedIndexed	1.5306
2024-04-13	CapitalStable	4.0176
2024-04-13	Balanced	5.2053
2024-04-13	Cash	2.4121
2024-04-13	SustainableGrowth	1.2022
2024-04-13	CoreStrategy	2.3535
2024-04-13	OverseasSharesIndexed	1.8972
2024-04-13	AustralianSharesIndexed	1.6514
2024-04-13	HighGrowth	8.598
2024-04-13	BalancedIndexed	1.5363
2024-04-12	CapitalStable	4.0234
2024-04-12	Balanced	5.2084
2024-04-12	Cash	2.4119
2024-04-12	SustainableGrowth	1.2027
2024-04-12	CoreStrategy	2.3532
2024-04-12	OverseasSharesIndexed	1.8886
2024-04-12	AustralianSharesIndexed	1.6579
2024-04-12	HighGrowth	8.5921
2024-04-12	BalancedIndexed	1.5363
2024-04-11	CapitalStable	4.0193
2024-04-11	Balanced	5.2013
2024-04-11	Cash	2.4116
2024-04-11	SustainableGrowth	1.2036
2024-04-11	CoreStrategy	2.351
2024-04-11	OverseasSharesIndexed	1.8799
2024-04-11	AustralianSharesIndexed	1.6536
2024-04-11	HighGrowth	8.5761
2024-04-11	BalancedIndexed	1.5361
2024-04-10	CapitalStable	4.0186
2024-04-10	Balanced	5.2007
2024-04-10	Cash	2.4112
2024-04-10	SustainableGrowth	1.2033
2024-04-10	CoreStrategy	2.3502
2024-04-10	OverseasSharesIndexed	1.8841
2024-04-10	AustralianSharesIndexed	1.6471
2024-04-10	HighGrowth	8.5757
2024-04-10	BalancedIndexed	1.5341
2024-04-09	CapitalStable	4.0226
2024-04-09	Balanced	5.2039
2024-04-09	Cash	2.4105
2024-04-09	SustainableGrowth	1.2027
2024-04-09	CoreStrategy	2.3503
2024-04-09	OverseasSharesIndexed	1.8885
2024-04-09	AustralianSharesIndexed	1.6439
2024-04-09	HighGrowth	8.5744
2024-04-09	BalancedIndexed	1.5344
2024-04-06	CapitalStable	4.0167
2024-04-06	Balanced	5.194
2024-04-06	Cash	2.4101
2024-04-06	SustainableGrowth	1.2004
2024-04-06	CoreStrategy	2.3454
2024-04-06	OverseasSharesIndexed	1.8676
2024-04-06	AustralianSharesIndexed	1.6523
2024-04-06	HighGrowth	8.551
2024-04-06	BalancedIndexed	1.5307
2024-04-05	CapitalStable	4.0226
2024-04-05	Balanced	5.2074
2024-04-05	Cash	2.4099
2024-04-05	SustainableGrowth	1.2055
2024-04-05	CoreStrategy	2.3537
2024-04-05	OverseasSharesIndexed	1.899
2024-04-05	AustralianSharesIndexed	1.6455
2024-04-05	HighGrowth	8.5902
2024-04-05	BalancedIndexed	1.5374
2024-04-04	CapitalStable	4.0301
2024-04-04	Balanced	5.2209
2024-04-04	Cash	2.4094
2024-04-04	SustainableGrowth	1.2115
2024-04-04	CoreStrategy	2.3614
2024-04-04	OverseasSharesIndexed	1.9037
2024-04-04	AustralianSharesIndexed	1.6657
2024-04-04	HighGrowth	8.6259
2024-04-04	BalancedIndexed	1.5441
2024-04-03	CapitalStable	4.037
2024-04-03	Balanced	5.2317
2024-04-03	Cash	2.409
2024-04-03	SustainableGrowth	1.2196
2024-04-03	CoreStrategy	2.3682
2024-04-03	OverseasSharesIndexed	1.9185
2024-04-03	AustralianSharesIndexed	1.6667
2024-04-03	HighGrowth	8.6508
2024-04-03	BalancedIndexed	1.5517
2024-03-29	CapitalStable	4.0322
2024-03-29	Balanced	5.2226
2024-03-29	Cash	2.4081
2024-03-29	SustainableGrowth	1.2172
2024-03-29	CoreStrategy	2.3624
2024-03-29	OverseasSharesIndexed	1.9181
2024-03-29	AustralianSharesIndexed	1.6519
2024-03-29	HighGrowth	8.6248
2024-03-29	BalancedIndexed	1.5469
2024-03-28	CapitalStable	4.0333
2024-03-28	Balanced	5.2195
2024-03-28	Cash	2.4077
2024-03-28	SustainableGrowth	1.2117
2024-03-28	CoreStrategy	2.3569
2024-03-28	OverseasSharesIndexed	1.9027
2024-03-28	AustralianSharesIndexed	1.6443
2024-03-28	HighGrowth	8.5996
2024-03-28	BalancedIndexed	1.539
2024-03-27	CapitalStable	4.0348
2024-03-27	Balanced	5.2223
2024-03-27	Cash	2.4075
2024-03-27	SustainableGrowth	1.2132
2024-03-27	CoreStrategy	2.3587
2024-03-27	OverseasSharesIndexed	1.9056
2024-03-27	AustralianSharesIndexed	1.6499
2024-03-27	HighGrowth	8.6075
2024-03-27	BalancedIndexed	1.5416
2024-03-26	CapitalStable	4.0331
2024-03-26	Balanced	5.2222
2024-03-26	Cash	2.4066
2024-03-26	SustainableGrowth	1.214
2024-03-26	CoreStrategy	2.3596
2024-03-26	OverseasSharesIndexed	1.9146
2024-03-26	AustralianSharesIndexed	1.6421
2024-03-26	HighGrowth	8.612
2024-03-26	BalancedIndexed	1.542
2024-03-23	CapitalStable	4.0279
2024-03-23	Balanced	5.2144
2024-03-23	Cash	2.4064
2024-03-23	SustainableGrowth	1.2127
2024-03-23	CoreStrategy	2.3562
2024-03-23	OverseasSharesIndexed	1.9042
2024-03-23	AustralianSharesIndexed	1.6447
2024-03-23	HighGrowth	8.5972
2024-03-23	BalancedIndexed	1.5401
2024-03-22	CapitalStable	4.0252
2024-03-22	Balanced	5.2057
2024-03-22	Cash	2.4059
2024-03-22	SustainableGrowth	1.2068
2024-03-22	CoreStrategy	2.3496
2024-03-22	OverseasSharesIndexed	1.9052
2024-03-22	AustralianSharesIndexed	1.6278
2024-03-22	HighGrowth	8.5647
2024-03-22	BalancedIndexed	1.534
2024-03-21	CapitalStable	4.0188
2024-03-21	Balanced	5.1952
2024-03-21	Cash	2.4059
2024-03-21	SustainableGrowth	1.2037
2024-03-21	CoreStrategy	2.3438
2024-03-21	OverseasSharesIndexed	1.8938
2024-03-21	AustralianSharesIndexed	1.6291
2024-03-21	HighGrowth	8.5408
2024-03-21	BalancedIndexed	1.5296
2024-03-20	CapitalStable	4.0133
2024-03-20	Balanced	5.1838
2024-03-20	Cash	2.4055
2024-03-20	SustainableGrowth	1.1998
2024-03-20	CoreStrategy	2.3367
2024-03-20	OverseasSharesIndexed	1.8787
2024-03-20	AustralianSharesIndexed	1.624
2024-03-20	HighGrowth	8.5088
2024-03-20	BalancedIndexed	1.5231
2024-03-19	CapitalStable	4.01
2024-03-19	Balanced	5.1765
2024-03-19	Cash	2.4048
2024-03-19	SustainableGrowth	1.1969
2024-03-19	CoreStrategy	2.3321
2024-03-19	OverseasSharesIndexed	1.8672
2024-03-19	AustralianSharesIndexed	1.623
2024-03-19	HighGrowth	8.4871
2024-03-19	BalancedIndexed	1.5187
2024-03-16	CapitalStable	4.0155
2024-03-16	Balanced	5.1863
2024-03-16	Cash	2.4046
2024-03-16	SustainableGrowth	1.201
2024-03-16	CoreStrategy	2.338
2024-03-16	OverseasSharesIndexed	1.8727
2024-03-16	AustralianSharesIndexed	1.6312
2024-03-16	HighGrowth	8.5143
2024-03-16	BalancedIndexed	1.5242
2024-03-15	CapitalStable	4.0173
2024-03-15	Balanced	5.1869
2024-03-15	Cash	2.4042
2024-03-15	SustainableGrowth	1.2036
2024-03-15	CoreStrategy	2.3382
2024-03-15	OverseasSharesIndexed	1.8692
2024-03-15	AustralianSharesIndexed	1.6341
2024-03-15	HighGrowth	8.5112
2024-03-15	BalancedIndexed	1.5258
2024-03-14	CapitalStable	4.0213
2024-03-14	Balanced	5.1919
2024-03-14	Cash	2.4039
2024-03-14	SustainableGrowth	1.2048
2024-03-14	CoreStrategy	2.3404
2024-03-14	OverseasSharesIndexed	1.876
2024-03-14	AustralianSharesIndexed	1.6305
2024-03-14	HighGrowth	8.5188
2024-03-14	BalancedIndexed	1.527
2024-03-13	CapitalStable	4.0163
2024-03-13	Balanced	5.178
2024-03-13	Cash	2.4037
2024-03-13	SustainableGrowth	1.1995
2024-03-13	CoreStrategy	2.331
2024-03-13	OverseasSharesIndexed	1.8583
2024-03-13	AustralianSharesIndexed	1.6285
2024-03-13	HighGrowth	8.472
2024-03-13	BalancedIndexed	1.5202
2024-03-12	CapitalStable	4.0188
2024-03-12	Balanced	5.1874
2024-03-12	Cash	2.4028
2024-03-12	SustainableGrowth	1.2047
2024-03-12	CoreStrategy	2.3382
2024-03-12	OverseasSharesIndexed	1.8563
2024-03-12	AustralianSharesIndexed	1.6543
2024-03-12	HighGrowth	8.5082
2024-03-12	BalancedIndexed	1.5279
2024-03-09	CapitalStable	4.0162
2024-03-09	Balanced	5.1841
2024-03-09	Cash	2.4024
2024-03-09	SustainableGrowth	1.2055
2024-03-09	CoreStrategy	2.3364
2024-03-09	OverseasSharesIndexed	1.8683
2024-03-09	AustralianSharesIndexed	1.6387
2024-03-09	HighGrowth	8.5014
2024-03-09	BalancedIndexed	1.527
2024-03-08	CapitalStable	4.011
2024-03-08	Balanced	5.1716
2024-03-08	Cash	2.4024
2024-03-08	SustainableGrowth	1.2003
2024-03-08	CoreStrategy	2.3276
2024-03-08	OverseasSharesIndexed	1.8631
2024-03-08	AustralianSharesIndexed	1.6269
2024-03-08	HighGrowth	8.4599
2024-03-08	BalancedIndexed	1.5199
2024-03-07	CapitalStable	4.0072
2024-03-07	Balanced	5.1684
2024-03-07	Cash	2.402
2024-03-07	SustainableGrowth	1.1983
2024-03-07	CoreStrategy	2.3261
2024-03-07	OverseasSharesIndexed	1.8654
2024-03-07	AustralianSharesIndexed	1.6248
2024-03-07	HighGrowth	8.4562
2024-03-07	BalancedIndexed	1.5176
2024-03-06	CapitalStable	4.0092
2024-03-06	Balanced	5.1759
2024-03-06	Cash	2.4017
2024-03-06	SustainableGrowth	1.2026
2024-03-06	CoreStrategy	2.332
2024-03-06	OverseasSharesIndexed	1.8786
2024-03-06	AustralianSharesIndexed	1.6257
2024-03-06	HighGrowth	8.4853
2024-03-06	BalancedIndexed	1.5223
2024-03-05	CapitalStable	4.0065
2024-03-05	Balanced	5.1729
2024-03-05	Cash	2.4009
2024-03-05	SustainableGrowth	1.2012
2024-03-05	CoreStrategy	2.3308
2024-03-05	OverseasSharesIndexed	1.8755
2024-03-05	AustralianSharesIndexed	1.627
2024-03-05	HighGrowth	8.4815
2024-03-05	BalancedIndexed	1.5221
2024-03-02	CapitalStable	4.0007
2024-03-02	Balanced	5.1601
2024-03-02	Cash	2.4006
2024-03-02	SustainableGrowth	1.1952
2024-03-02	CoreStrategy	2.3222
2024-03-02	OverseasSharesIndexed	1.8673
2024-03-02	AustralianSharesIndexed	1.6177
2024-03-02	HighGrowth	8.4426
2024-03-02	BalancedIndexed	1.515
2024-03-01	CapitalStable	3.9968
2024-03-01	Balanced	5.1531
2024-03-01	Cash	2.4004
2024-03-01	SustainableGrowth	1.1924
2024-03-01	CoreStrategy	2.3179
2024-03-01	OverseasSharesIndexed	1.8642
2024-03-01	AustralianSharesIndexed	1.6096
2024-03-01	HighGrowth	8.4233
2024-03-01	BalancedIndexed	1.5106
2024-02-29	CapitalStable	3.9972
2024-02-29	Balanced	5.1506
2024-02-29	Cash	2.4002
2024-02-29	SustainableGrowth	1.1895
2024-02-29	CoreStrategy	2.3154
2024-02-29	OverseasSharesIndexed	1.8548
2024-02-29	AustralianSharesIndexed	1.6073
2024-02-29	HighGrowth	8.4104
2024-02-29	BalancedIndexed	1.5085
2024-02-28	CapitalStable	3.9985
2024-02-28	Balanced	5.1509
2024-02-28	Cash	2.4
2024-02-28	SustainableGrowth	1.1893
2024-02-28	CoreStrategy	2.3148
2024-02-28	OverseasSharesIndexed	1.8535
2024-02-28	AustralianSharesIndexed	1.6055
2024-02-28	HighGrowth	8.4069
2024-02-28	BalancedIndexed	1.5076
2024-02-27	CapitalStable	3.9937
2024-02-27	Balanced	5.1457
2024-02-27	Cash	2.3991
2024-02-27	SustainableGrowth	1.1874
2024-02-27	CoreStrategy	2.3136
2024-02-27	OverseasSharesIndexed	1.8523
2024-02-27	AustralianSharesIndexed	1.6026
2024-02-27	HighGrowth	8.4015
2024-02-27	BalancedIndexed	1.5068
2024-02-24	CapitalStable	3.9936
2024-02-24	Balanced	5.145
2024-02-24	Cash	2.3989
2024-02-24	SustainableGrowth	1.1875
2024-02-24	CoreStrategy	2.3129
2024-02-24	OverseasSharesIndexed	1.8544
2024-02-24	AustralianSharesIndexed	1.5963
2024-02-24	HighGrowth	8.3984
2024-02-24	BalancedIndexed	1.5051
2024-02-23	CapitalStable	3.9865
2024-02-23	Balanced	5.1263
2024-02-23	Cash	2.3985
2024-02-23	SustainableGrowth	1.1778
2024-02-23	CoreStrategy	2.2999
2024-02-23	OverseasSharesIndexed	1.8246
2024-02-23	AustralianSharesIndexed	1.5953
2024-02-23	HighGrowth	8.3366
2024-02-23	BalancedIndexed	1.4935
2024-02-22	CapitalStable	3.9858
2024-02-22	Balanced	5.1262
2024-02-22	Cash	2.3982
2024-02-22	SustainableGrowth	1.1779
2024-02-22	CoreStrategy	2.3002
2024-02-22	OverseasSharesIndexed	1.8189
2024-02-22	AustralianSharesIndexed	1.6022
2024-02-22	HighGrowth	8.3397
2024-02-22	BalancedIndexed	1.4944
2024-02-21	CapitalStable	3.9886
2024-02-21	Balanced	5.1338
2024-02-21	Cash	2.3978
2024-02-21	SustainableGrowth	1.1814
2024-02-21	CoreStrategy	2.3052
2024-02-21	OverseasSharesIndexed	1.8337
2024-02-21	AustralianSharesIndexed	1.602
2024-02-21	HighGrowth	8.3641
2024-02-21	BalancedIndexed	1.4986
2024-02-20	CapitalStable	3.989
2024-02-20	Balanced	5.135
2024-02-20	Cash	2.3971
2024-02-20	SustainableGrowth	1.1821
2024-02-20	CoreStrategy	2.3058
2024-02-20	OverseasSharesIndexed	1.8353
2024-02-20	AustralianSharesIndexed	1.6005
2024-02-20	HighGrowth	8.3675
2024-02-20	BalancedIndexed	1.4981
2024-02-17	CapitalStable	3.9893
2024-02-17	Balanced	5.1332
2024-02-17	Cash	2.3969
2024-02-17	SustainableGrowth	1.18
2024-02-17	CoreStrategy	2.3043
2024-02-17	OverseasSharesIndexed	1.8403
2024-02-17	AustralianSharesIndexed	1.5906
2024-02-17	HighGrowth	8.3574
2024-02-17	BalancedIndexed	1.4974
2024-02-16	CapitalStable	3.9806
2024-02-16	Balanced	5.1195
2024-02-16	Cash	2.3967
2024-02-16	SustainableGrowth	1.1751
2024-02-16	CoreStrategy	2.2962
2024-02-16	OverseasSharesIndexed	1.836
2024-02-16	AustralianSharesIndexed	1.5795
2024-02-16	HighGrowth	8.324
2024-02-16	BalancedIndexed	1.4906
2024-02-15	CapitalStable	3.9836
2024-02-15	Balanced	5.1203
2024-02-15	Cash	2.3965
2024-02-15	SustainableGrowth	1.1742
2024-02-15	CoreStrategy	2.2947
2024-02-15	OverseasSharesIndexed	1.8288
2024-02-15	AustralianSharesIndexed	1.5901
2024-02-15	HighGrowth	8.3162
2024-02-15	BalancedIndexed	1.4901
2024-02-14	CapitalStable	3.986
2024-02-14	Balanced	5.1256
2024-02-14	Cash	2.396
2024-02-14	SustainableGrowth	1.1778
2024-02-14	CoreStrategy	2.2994
2024-02-14	OverseasSharesIndexed	1.8316
2024-02-14	AustralianSharesIndexed	1.5919
2024-02-14	HighGrowth	8.334
2024-02-14	BalancedIndexed	1.4949
2024-02-13	CapitalStable	3.9886
2024-02-13	Balanced	5.131
2024-02-13	Cash	2.3954
2024-02-13	SustainableGrowth	1.1791
2024-02-13	CoreStrategy	2.3024
2024-02-13	OverseasSharesIndexed	1.8342
2024-02-13	AustralianSharesIndexed	1.5971
2024-02-13	HighGrowth	8.3501
2024-02-13	BalancedIndexed	1.497
2024-02-10	CapitalStable	3.9901
2024-02-10	Balanced	5.1311
2024-02-10	Cash	2.3949
2024-02-10	SustainableGrowth	1.1778
2024-02-10	CoreStrategy	2.3014
2024-02-10	OverseasSharesIndexed	1.8351
2024-02-10	AustralianSharesIndexed	1.596
2024-02-10	HighGrowth	8.3434
2024-02-10	BalancedIndexed	1.4959
2024-02-09	CapitalStable	3.9878
2024-02-09	Balanced	5.124
2024-02-09	Cash	2.3947
2024-02-09	SustainableGrowth	1.1738
2024-02-09	CoreStrategy	2.2968
2024-02-09	OverseasSharesIndexed	1.8233
2024-02-09	AustralianSharesIndexed	1.5914
2024-02-09	HighGrowth	8.3199
2024-02-09	BalancedIndexed	1.4923
2024-02-08	CapitalStable	3.9819
2024-02-08	Balanced	5.113
2024-02-08	Cash	2.3943
2024-02-08	SustainableGrowth	1.1693
2024-02-08	CoreStrategy	2.2904
2024-02-08	OverseasSharesIndexed	1.8169
2024-02-08	AustralianSharesIndexed	1.5844
2024-02-08	HighGrowth	8.2899
2024-02-08	BalancedIndexed	1.487
2024-02-07	CapitalStable	3.9856
2024-02-07	Balanced	5.1187
2024-02-07	Cash	2.3943
2024-02-07	SustainableGrowth	1.1719
2024-02-07	CoreStrategy	2.2926
2024-02-07	OverseasSharesIndexed	1.8215
2024-02-07	AustralianSharesIndexed	1.5924
2024-02-07	HighGrowth	8.3023
2024-02-07	BalancedIndexed	1.4893
2024-02-06	CapitalStable	3.9939
2024-02-06	Balanced	5.1284
2024-02-06	Cash	2.3934
2024-02-06	SustainableGrowth	1.1736
2024-02-06	CoreStrategy	2.2974
2024-02-06	OverseasSharesIndexed	1.8163
2024-02-06	AustralianSharesIndexed	1.6061
2024-02-06	HighGrowth	8.3184
2024-02-06	BalancedIndexed	1.4943
2024-02-03	CapitalStable	3.9853
2024-02-03	Balanced	5.1074
2024-02-03	Cash	2.3932
2024-02-03	SustainableGrowth	1.1663
2024-02-03	CoreStrategy	2.2843
2024-02-03	OverseasSharesIndexed	1.7991
2024-02-03	AustralianSharesIndexed	1.5851
2024-02-03	HighGrowth	8.2515
2024-02-03	BalancedIndexed	1.4832
2024-02-02	CapitalStable	3.9732
2024-02-02	Balanced	5.0894
2024-02-02	Cash	2.393
2024-02-02	SustainableGrowth	1.164
2024-02-02	CoreStrategy	2.2758
2024-02-02	OverseasSharesIndexed	1.7712
2024-02-02	AustralianSharesIndexed	1.6022
2024-02-02	HighGrowth	8.219
2024-02-02	BalancedIndexed	1.479
2024-02-01	CapitalStable	3.9705
2024-02-01	Balanced	5.0924
2024-02-01	Cash	2.3925
2024-02-01	SustainableGrowth	1.1658
2024-02-01	CoreStrategy	2.28
2024-02-01	OverseasSharesIndexed	1.7954
2024-02-01	AustralianSharesIndexed	1.5876
2024-02-01	HighGrowth	8.2428
2024-02-01	BalancedIndexed	1.4823
2024-01-31	CapitalStable	3.966
2024-01-31	Balanced	5.0868
2024-01-31	Cash	2.3923
2024-01-31	SustainableGrowth	1.164
2024-01-31	CoreStrategy	2.2778
2024-01-31	OverseasSharesIndexed	1.7923
2024-01-31	AustralianSharesIndexed	1.5832
2024-01-31	HighGrowth	8.2337
2024-01-31	BalancedIndexed	1.4799
2024-01-30	CapitalStable	3.9594
2024-01-30	Balanced	5.076
2024-01-30	Cash	2.3916
2024-01-30	SustainableGrowth	1.1591
2024-01-30	CoreStrategy	2.2714
2024-01-30	OverseasSharesIndexed	1.7825
2024-01-30	AustralianSharesIndexed	1.5789
2024-01-30	HighGrowth	8.2076
2024-01-30	BalancedIndexed	1.474
2024-01-26	CapitalStable	3.955
2024-01-26	Balanced	5.0654
2024-01-26	Cash	2.391
2024-01-26	SustainableGrowth	1.1565
2024-01-26	CoreStrategy	2.2642
2024-01-26	OverseasSharesIndexed	1.7727
2024-01-26	AustralianSharesIndexed	1.5719
2024-01-26	HighGrowth	8.1751
2024-01-26	BalancedIndexed	1.4685
2024-01-25	CapitalStable	3.957
2024-01-25	Balanced	5.0665
2024-01-25	Cash	2.3908
2024-01-25	SustainableGrowth	1.1568
2024-01-25	CoreStrategy	2.2642
2024-01-25	OverseasSharesIndexed	1.776
2024-01-25	AustralianSharesIndexed	1.571
2024-01-25	HighGrowth	8.172
2024-01-25	BalancedIndexed	1.4687
2024-01-24	CapitalStable	3.9526
2024-01-24	Balanced	5.0581
2024-01-24	Cash	2.3905
2024-01-24	SustainableGrowth	1.1538
2024-01-24	CoreStrategy	2.2595
2024-01-24	OverseasSharesIndexed	1.7688
2024-01-24	AustralianSharesIndexed	1.5638
2024-01-24	HighGrowth	8.1491
2024-01-24	BalancedIndexed	1.4647
2024-01-23	CapitalStable	3.947
2024-01-23	Balanced	5.049
2024-01-23	Cash	2.3897
2024-01-23	SustainableGrowth	1.1495
2024-01-23	CoreStrategy	2.2543
2024-01-23	OverseasSharesIndexed	1.7631
2024-01-23	AustralianSharesIndexed	1.5538
2024-01-23	HighGrowth	8.127
2024-01-23	BalancedIndexed	1.4589
2024-01-20	CapitalStable	3.9433
2024-01-20	Balanced	5.0372
2024-01-20	Cash	2.3894
2024-01-20	SustainableGrowth	1.1425
2024-01-20	CoreStrategy	2.2456
2024-01-20	OverseasSharesIndexed	1.7538
2024-01-20	AustralianSharesIndexed	1.5399
2024-01-20	HighGrowth	8.085
2024-01-20	BalancedIndexed	1.4505
2024-01-19	CapitalStable	3.9469
2024-01-19	Balanced	5.04
2024-01-19	Cash	2.3892
2024-01-19	SustainableGrowth	1.142
2024-01-19	CoreStrategy	2.2461
2024-01-19	OverseasSharesIndexed	1.7479
2024-01-19	AustralianSharesIndexed	1.5486
2024-01-19	HighGrowth	8.084
2024-01-19	BalancedIndexed	1.4503
2024-01-18	CapitalStable	3.9514
2024-01-18	Balanced	5.0461
2024-01-18	Cash	2.3888
2024-01-18	SustainableGrowth	1.1434
2024-01-18	CoreStrategy	2.2502
2024-01-18	OverseasSharesIndexed	1.7444
2024-01-18	AustralianSharesIndexed	1.5527
2024-01-18	HighGrowth	8.0982
2024-01-18	BalancedIndexed	1.4534
2024-01-17	CapitalStable	3.956
2024-01-17	Balanced	5.0537
2024-01-17	Cash	2.3888
2024-01-17	SustainableGrowth	1.1452
2024-01-17	CoreStrategy	2.2552
2024-01-17	OverseasSharesIndexed	1.7381
2024-01-17	AustralianSharesIndexed	1.5678
2024-01-17	HighGrowth	8.119
2024-01-17	BalancedIndexed	1.4585
2024-01-16	CapitalStable	3.9515
2024-01-16	Balanced	5.047
2024-01-16	Cash	2.3877
2024-01-16	SustainableGrowth	1.1434
2024-01-16	CoreStrategy	2.2519
2024-01-16	OverseasSharesIndexed	1.7308
2024-01-16	AustralianSharesIndexed	1.568
2024-01-16	HighGrowth	8.1065
2024-01-16	BalancedIndexed	1.4569
2024-01-13	CapitalStable	3.9505
2024-01-13	Balanced	5.0483
2024-01-13	Cash	2.3875
2024-01-13	SustainableGrowth	1.1443
2024-01-13	CoreStrategy	2.2529
2024-01-13	OverseasSharesIndexed	1.7346
2024-01-13	AustralianSharesIndexed	1.5693
2024-01-13	HighGrowth	8.1151
2024-01-13	BalancedIndexed	1.4569
2024-01-12	CapitalStable	3.9458
2024-01-12	Balanced	5.0387
2024-01-12	Cash	2.3873
2024-01-12	SustainableGrowth	1.1406
2024-01-12	CoreStrategy	2.2476
2024-01-12	OverseasSharesIndexed	1.728
2024-01-12	AustralianSharesIndexed	1.5625
2024-01-12	HighGrowth	8.0892
2024-01-12	BalancedIndexed	1.4534
2024-01-11	CapitalStable	3.947
2024-01-11	Balanced	5.0407
2024-01-11	Cash	2.387
2024-01-11	SustainableGrowth	1.1408
2024-01-11	CoreStrategy	2.2485
2024-01-11	OverseasSharesIndexed	1.7234
2024-01-11	AustralianSharesIndexed	1.5726
2024-01-11	HighGrowth	8.0943
2024-01-11	BalancedIndexed	1.4542
2024-01-10	CapitalStable	3.9415
2024-01-10	Balanced	5.0309
2024-01-10	Cash	2.3866
2024-01-10	SustainableGrowth	1.1373
2024-01-10	CoreStrategy	2.2432
2024-01-10	OverseasSharesIndexed	1.7204
2024-01-10	AustralianSharesIndexed	1.5596
2024-01-10	HighGrowth	8.069
2024-01-10	BalancedIndexed	1.45
2024-01-09	CapitalStable	3.9418
2024-01-09	Balanced	5.026
2024-01-09	Cash	2.3859
2024-01-09	SustainableGrowth	1.1337
2024-01-09	CoreStrategy	2.2381
2024-01-09	OverseasSharesIndexed	1.6981
2024-01-09	AustralianSharesIndexed	1.5666
2024-01-09	HighGrowth	8.0433
2024-01-09	BalancedIndexed	1.4444
2024-01-06	CapitalStable	3.9471
2024-01-06	Balanced	5.0321
2024-01-06	Cash	2.3857
2024-01-06	SustainableGrowth	1.1341
2024-01-06	CoreStrategy	2.2404
2024-01-06	OverseasSharesIndexed	1.7005
2024-01-06	AustralianSharesIndexed	1.5677
2024-01-06	HighGrowth	8.0512
2024-01-06	BalancedIndexed	1.4456
2024-01-05	CapitalStable	3.9497
2024-01-05	Balanced	5.036
2024-01-05	Cash	2.3853
2024-01-05	SustainableGrowth	1.1354
2024-01-05	CoreStrategy	2.2427
2024-01-05	OverseasSharesIndexed	1.7005
2024-01-05	AustralianSharesIndexed	1.573
2024-01-05	HighGrowth	8.0596
2024-01-05	BalancedIndexed	1.4478
2024-01-04	CapitalStable	3.9572
2024-01-04	Balanced	5.0511
2024-01-04	Cash	2.3851
2024-01-04	SustainableGrowth	1.142
2024-01-04	CoreStrategy	2.2528
2024-01-04	OverseasSharesIndexed	1.7021
2024-01-04	AustralianSharesIndexed	1.5927
2024-01-04	HighGrowth	8.1046
2024-01-04	BalancedIndexed	1.4561
2024-01-03	CapitalStable	3.9587
2024-01-03	Balanced	5.0519
2024-01-03	Cash	2.3846
2024-01-03	SustainableGrowth	1.1417
2024-01-03	CoreStrategy	2.2528
2024-01-03	OverseasSharesIndexed	1.7014
2024-01-03	AustralianSharesIndexed	1.5858
2024-01-03	HighGrowth	8.104
2024-01-03	BalancedIndexed	1.4562
2023-12-30	CapitalStable	3.9645
2023-12-30	Balanced	5.0581
2023-12-30	Cash	2.3837
2023-12-30	SustainableGrowth	1.1408
2023-12-30	CoreStrategy	2.2547
2023-12-30	OverseasSharesIndexed	1.6972
2023-12-30	AustralianSharesIndexed	1.59
2023-12-30	HighGrowth	8.1098
2023-12-30	BalancedIndexed	1.4574
2023-12-29	CapitalStable	3.9585
2023-12-29	Balanced	5.0489
2023-12-29	Cash	2.3835
2023-12-29	SustainableGrowth	1.1381
2023-12-29	CoreStrategy	2.2496
2023-12-29	OverseasSharesIndexed	1.6985
2023-12-29	AustralianSharesIndexed	1.5782
2023-12-29	HighGrowth	8.0881
2023-12-29	BalancedIndexed	1.4542
2023-12-28	CapitalStable	3.9545
2023-12-28	Balanced	5.0424
2023-12-28	Cash	2.3833
2023-12-28	SustainableGrowth	1.1359
2023-12-28	CoreStrategy	2.2454
2023-12-28	OverseasSharesIndexed	1.7017
2023-12-28	AustralianSharesIndexed	1.5668
2023-12-28	HighGrowth	8.0719
2023-12-28	BalancedIndexed	1.4492
2023-12-23	CapitalStable	3.9522
2023-12-23	Balanced	5.0391
2023-12-23	Cash	2.3818
2023-12-23	SustainableGrowth	1.1337
2023-12-23	CoreStrategy	2.2435
2023-12-23	OverseasSharesIndexed	1.6979
2023-12-23	AustralianSharesIndexed	1.567
2023-12-23	HighGrowth	8.0661
2023-12-23	BalancedIndexed	1.4481
2023-12-22	CapitalStable	3.9497
2023-12-22	Balanced	5.0358
2023-12-22	Cash	2.3816
2023-12-22	SustainableGrowth	1.1315
2023-12-22	CoreStrategy	2.2419
2023-12-22	OverseasSharesIndexed	1.6893
2023-12-22	AustralianSharesIndexed	1.5734
2023-12-22	HighGrowth	8.0594
2023-12-22	BalancedIndexed	1.4464
2023-12-21	CapitalStable	3.9476
2023-12-21	Balanced	5.0375
2023-12-21	Cash	2.3813
2023-12-21	SustainableGrowth	1.1351
2023-12-21	CoreStrategy	2.2445
2023-12-21	OverseasSharesIndexed	1.7072
2023-12-21	AustralianSharesIndexed	1.5641
2023-12-21	HighGrowth	8.0753
2023-12-21	BalancedIndexed	1.449
2023-12-20	CapitalStable	3.9485
2023-12-20	Balanced	5.0357
2023-12-20	Cash	2.3811
2023-12-20	SustainableGrowth	1.133
2023-12-20	CoreStrategy	2.2414
2023-12-20	OverseasSharesIndexed	1.7127
2023-12-20	AustralianSharesIndexed	1.5524
2023-12-20	HighGrowth	8.061
2023-12-20	BalancedIndexed	1.4455
2023-12-19	CapitalStable	3.9436
2023-12-19	Balanced	5.0297
2023-12-19	Cash	2.3805
2023-12-19	SustainableGrowth	1.1328
2023-12-19	CoreStrategy	2.2393
2023-12-19	OverseasSharesIndexed	1.7033
2023-12-19	AustralianSharesIndexed	1.5551
2023-12-19	HighGrowth	8.0522
2023-12-19	BalancedIndexed	1.4431
2023-12-16	CapitalStable	3.9405
2023-12-16	Balanced	5.026
2023-12-16	Cash	2.38
2023-12-16	SustainableGrowth	1.1325
2023-12-16	CoreStrategy	2.2375
2023-12-16	OverseasSharesIndexed	1.7101
2023-12-16	AustralianSharesIndexed	1.5431
2023-12-16	HighGrowth	8.0444
2023-12-16	BalancedIndexed	1.4402
2023-12-15	CapitalStable	3.9294
2023-12-15	Balanced	5.0128
2023-12-15	Cash	2.3798
2023-12-15	SustainableGrowth	1.1283
2023-12-15	CoreStrategy	2.2305
2023-12-15	OverseasSharesIndexed	1.7239
2023-12-15	AustralianSharesIndexed	1.5202
2023-12-15	HighGrowth	8.0208
2023-12-15	BalancedIndexed	1.4348
2023-12-14	CapitalStable	3.9216
2023-12-14	Balanced	4.9998
2023-12-14	Cash	2.3794
2023-12-14	SustainableGrowth	1.122
2023-12-14	CoreStrategy	2.2221
2023-12-14	OverseasSharesIndexed	1.7127
2023-12-14	AustralianSharesIndexed	1.516
2023-12-14	HighGrowth	7.989
2023-12-14	BalancedIndexed	1.4273
2023-12-13	CapitalStable	3.918
2023-12-13	Balanced	4.9921
2023-12-13	Cash	2.3794
2023-12-13	SustainableGrowth	1.1176
2023-12-13	CoreStrategy	2.2173
2023-12-13	OverseasSharesIndexed	1.706
2023-12-13	AustralianSharesIndexed	1.5095
2023-12-13	HighGrowth	7.9672
2023-12-13	BalancedIndexed	1.4228
2023-12-12	CapitalStable	3.9164
2023-12-12	Balanced	4.986
2023-12-12	Cash	2.3783
2023-12-12	SustainableGrowth	1.1133
2023-12-12	CoreStrategy	2.2132
2023-12-12	OverseasSharesIndexed	1.6958
2023-12-12	AustralianSharesIndexed	1.5088
2023-12-12	HighGrowth	7.9474
2023-12-12	BalancedIndexed	1.4196
2023-12-09	CapitalStable	3.9143
2023-12-09	Balanced	4.9804
2023-12-09	Cash	2.378
2023-12-09	SustainableGrowth	1.1111
2023-12-09	CoreStrategy	2.2095
2023-12-09	OverseasSharesIndexed	1.6896
2023-12-09	AustralianSharesIndexed	1.5047
2023-12-09	HighGrowth	7.9282
2023-12-09	BalancedIndexed	1.4166
2023-12-08	CapitalStable	3.9132
2023-12-08	Balanced	4.9779
2023-12-08	Cash	2.378
2023-12-08	SustainableGrowth	1.1094
2023-12-08	CoreStrategy	2.2081
2023-12-08	OverseasSharesIndexed	1.6833
2023-12-08	AustralianSharesIndexed	1.5055
2023-12-08	HighGrowth	7.9205
2023-12-08	BalancedIndexed	1.4149
2023-12-07	CapitalStable	3.9034
2023-12-07	Balanced	4.9643
2023-12-07	Cash	2.3776
2023-12-07	SustainableGrowth	1.1044
2023-12-07	CoreStrategy	2.2009
2023-12-07	OverseasSharesIndexed	1.6893
2023-12-07	AustralianSharesIndexed	1.4838
2023-12-07	HighGrowth	7.8923
2023-12-07	BalancedIndexed	1.4087
2023-12-06	CapitalStable	3.8994
2023-12-06	Balanced	4.9616
2023-12-06	Cash	2.3774
2023-12-06	SustainableGrowth	1.1055
2023-12-06	CoreStrategy	2.2011
2023-12-06	OverseasSharesIndexed	1.6781
2023-12-06	AustralianSharesIndexed	1.4958
2023-12-06	HighGrowth	7.8977
2023-12-06	BalancedIndexed	1.409
2023-12-05	CoreStrategy	2.198
2023-12-05	CapitalStable	3.8949
2023-12-05	Balanced	4.9552
2023-12-05	HighGrowth	7.8852
2023-12-05	Cash	2.3765
2023-12-05	BalancedIndexed	1.4077
2023-12-05	AustralianSharesIndexed	1.4861
2023-12-05	OverseasSharesIndexed	1.6807
2023-12-05	SustainableGrowth	1.1045
2023-12-02	CoreStrategy	2.1951
2023-12-02	CapitalStable	3.8948
2023-12-02	Balanced	4.9529
2023-12-02	HighGrowth	7.875
2023-12-02	Cash	2.3763
2023-12-02	BalancedIndexed	1.4052
2023-12-02	AustralianSharesIndexed	1.4887
2023-12-02	OverseasSharesIndexed	1.673
2023-12-02	SustainableGrowth	1.1014
2023-12-01	CoreStrategy	2.1904
2023-12-01	CapitalStable	3.8921
2023-12-01	Balanced	4.946
2023-12-01	HighGrowth	7.8521
2023-12-01	Cash	2.3758
2023-12-01	BalancedIndexed	1.4011
2023-12-01	AustralianSharesIndexed	1.4789
2023-12-01	OverseasSharesIndexed	1.67
2023-12-01	SustainableGrowth	1.0971
2023-11-30	CoreStrategy	2.186
2023-11-30	CapitalStable	3.8833
2023-11-30	Balanced	4.9356
2023-11-30	HighGrowth	7.837
2023-11-30	Cash	2.3756
2023-11-30	BalancedIndexed	1.3971
2023-11-30	AustralianSharesIndexed	1.4745
2023-11-30	OverseasSharesIndexed	1.6646
2023-11-30	SustainableGrowth	1.0932
2023-11-29	CoreStrategy	2.1859
2023-11-29	CapitalStable	3.88
2023-11-29	Balanced	4.9341
2023-11-29	HighGrowth	7.8403
2023-11-29	Cash	2.3756
2023-11-29	BalancedIndexed	1.3964
2023-11-29	AustralianSharesIndexed	1.469
2023-11-29	OverseasSharesIndexed	1.6721
2023-11-29	SustainableGrowth	1.0929
2023-11-28	CoreStrategy	2.191
2023-11-28	CapitalStable	3.8837
2023-11-28	Balanced	4.9426
2023-11-28	HighGrowth	7.8661
2023-11-28	Cash	2.3745
2023-11-28	BalancedIndexed	1.4007
2023-11-28	AustralianSharesIndexed	1.4787
2023-11-28	OverseasSharesIndexed	1.6786
2023-11-28	SustainableGrowth	1.0962
2023-11-25	CoreStrategy	2.1921
2023-11-25	CapitalStable	3.8868
2023-11-25	Balanced	4.9458
2023-11-25	HighGrowth	7.8687
2023-11-25	Cash	2.3745
2023-11-25	BalancedIndexed	1.4012
2023-11-25	AustralianSharesIndexed	1.4764
2023-11-25	OverseasSharesIndexed	1.6813
2023-11-25	SustainableGrowth	1.0961
2023-11-24	CoreStrategy	2.1959
2023-11-24	CapitalStable	3.8903
2023-11-24	Balanced	4.9524
2023-11-24	HighGrowth	7.8857
2023-11-24	Cash	2.3741
2023-11-24	BalancedIndexed	1.4047
2023-11-24	AustralianSharesIndexed	1.4846
2023-11-24	OverseasSharesIndexed	1.6854
2023-11-24	SustainableGrowth	1.0986
2023-11-23	CoreStrategy	2.1923
2023-11-23	CapitalStable	3.8864
2023-11-23	Balanced	4.9455
2023-11-23	HighGrowth	7.8686
2023-11-23	Cash	2.3739
2023-11-23	BalancedIndexed	1.4021
2023-11-23	AustralianSharesIndexed	1.4857
2023-11-23	OverseasSharesIndexed	1.6765
2023-11-23	SustainableGrowth	1.0987
2023-11-22	CoreStrategy	2.1928
2023-11-22	CapitalStable	3.8861
2023-11-22	Balanced	4.9459
2023-11-22	HighGrowth	7.8712
2023-11-22	Cash	2.3737
2023-11-22	BalancedIndexed	1.4011
2023-11-22	AustralianSharesIndexed	1.4818
2023-11-22	OverseasSharesIndexed	1.6825
2023-11-22	SustainableGrowth	1.0995
2023-11-21	CoreStrategy	2.191
2023-11-21	CapitalStable	3.8843
2023-11-21	Balanced	4.9432
2023-11-21	HighGrowth	7.8636
2023-11-21	Cash	2.3728
2023-11-21	BalancedIndexed	1.4008
2023-11-21	AustralianSharesIndexed	1.48
2023-11-21	OverseasSharesIndexed	1.6828
2023-11-21	SustainableGrowth	1.0989
2023-11-18	CoreStrategy	2.1903
2023-11-18	CapitalStable	3.8799
2023-11-18	Balanced	4.9401
2023-11-18	HighGrowth	7.8641
2023-11-18	Cash	2.3726
2023-11-18	BalancedIndexed	1.3994
2023-11-18	AustralianSharesIndexed	1.4819
2023-11-18	OverseasSharesIndexed	1.6809
2023-11-18	SustainableGrowth	1.0983
2023-11-17	CoreStrategy	2.1898
2023-11-17	CapitalStable	3.8779
2023-11-17	Balanced	4.9376
2023-11-17	HighGrowth	7.8632
2023-11-17	Cash	2.3721
2023-11-17	BalancedIndexed	1.3989
2023-11-17	AustralianSharesIndexed	1.489
2023-11-17	OverseasSharesIndexed	1.6713
2023-11-17	SustainableGrowth	1.0977
2023-11-16	CoreStrategy	2.1853
2023-11-16	CapitalStable	3.8742
2023-11-16	Balanced	4.9313
2023-11-16	HighGrowth	7.8414
2023-11-16	Cash	2.3721
2023-11-16	BalancedIndexed	1.3935
2023-11-16	AustralianSharesIndexed	1.4702
2023-11-16	OverseasSharesIndexed	1.6767
2023-11-16	SustainableGrowth	1.0942
2023-11-15	CoreStrategy	2.1747
2023-11-15	CapitalStable	3.8683
2023-11-15	Balanced	4.9179
2023-11-15	HighGrowth	7.798
2023-11-15	Cash	2.3717
2023-11-15	BalancedIndexed	1.3832
2023-11-15	AustralianSharesIndexed	1.4579
2023-11-15	OverseasSharesIndexed	1.6699
2023-11-15	SustainableGrowth	1.0868
2023-11-14	CoreStrategy	2.1777
2023-11-14	CapitalStable	3.8721
2023-11-14	Balanced	4.9238
2023-11-14	HighGrowth	7.8109
2023-11-14	Cash	2.371
2023-11-14	BalancedIndexed	1.3857
2023-11-14	AustralianSharesIndexed	1.4621
2023-11-14	OverseasSharesIndexed	1.6747
2023-11-14	SustainableGrowth	1.0885
2023-11-11	CoreStrategy	2.1696
2023-11-11	CapitalStable	3.8673
2023-11-11	Balanced	4.9106
2023-11-11	HighGrowth	7.7707
2023-11-11	Cash	2.3708
2023-11-11	BalancedIndexed	1.3797
2023-11-11	AustralianSharesIndexed	1.4694
2023-11-11	OverseasSharesIndexed	1.6445
2023-11-11	SustainableGrowth	1.0826
2023-11-10	CoreStrategy	2.1712
2023-11-10	CapitalStable	3.8665
2023-11-10	Balanced	4.9116
2023-11-10	HighGrowth	7.7774
2023-11-10	Cash	2.3704
2023-11-10	BalancedIndexed	1.3808
2023-11-10	AustralianSharesIndexed	1.4646
2023-11-10	OverseasSharesIndexed	1.6516
2023-11-10	SustainableGrowth	1.0837
2023-11-09	CoreStrategy	2.1679
2023-11-09	CapitalStable	3.8609
2023-11-09	Balanced	4.9046
2023-11-09	HighGrowth	7.7655
2023-11-09	Cash	2.3701
2023-11-09	BalancedIndexed	1.3782
2023-11-09	AustralianSharesIndexed	1.461
2023-11-09	OverseasSharesIndexed	1.6494
2023-11-09	SustainableGrowth	1.0808
2023-11-08	CoreStrategy	2.1629
2023-11-08	CapitalStable	3.856
2023-11-08	Balanced	4.8949
2023-11-08	HighGrowth	7.7425
2023-11-08	Cash	2.3697
2023-11-08	BalancedIndexed	1.3744
2023-11-08	AustralianSharesIndexed	1.4643
2023-11-08	OverseasSharesIndexed	1.6316
2023-11-08	SustainableGrowth	1.0773
2023-11-07	CoreStrategy	2.1597
2023-11-07	CapitalStable	3.8513
2023-11-07	Balanced	4.8876
2023-11-07	HighGrowth	7.7254
2023-11-07	Cash	2.369
2023-11-07	BalancedIndexed	1.3725
2023-11-07	AustralianSharesIndexed	1.4605
2023-11-07	OverseasSharesIndexed	1.6282
2023-11-07	SustainableGrowth	1.0756
2023-11-04	CoreStrategy	2.1513
2023-11-04	CapitalStable	3.8414
2023-11-04	Balanced	4.8733
2023-11-04	HighGrowth	7.6927
2023-11-04	Cash	2.3688
2023-11-04	BalancedIndexed	1.366
2023-11-04	AustralianSharesIndexed	1.4459
2023-11-04	OverseasSharesIndexed	1.6313
2023-11-04	SustainableGrowth	1.0692
2023-11-03	CoreStrategy	2.1379
2023-11-03	CapitalStable	3.83
2023-11-03	Balanced	4.8525
2023-11-03	HighGrowth	7.637
2023-11-03	Cash	2.3686
2023-11-03	BalancedIndexed	1.354
2023-11-03	AustralianSharesIndexed	1.4341
2023-11-03	OverseasSharesIndexed	1.6161
2023-11-03	SustainableGrowth	1.0592
2023-11-02	CoreStrategy	2.1299
2023-11-02	CapitalStable	3.8255
2023-11-02	Balanced	4.8413
2023-11-02	HighGrowth	7.6015
2023-11-02	Cash	2.3684
2023-11-02	BalancedIndexed	1.3461
2023-11-02	AustralianSharesIndexed	1.4233
2023-11-02	OverseasSharesIndexed	1.6082
2023-11-02	SustainableGrowth	1.0543
2023-11-01	CoreStrategy	2.1236
2023-11-01	CapitalStable	3.8226
2023-11-01	Balanced	4.8322
2023-11-01	HighGrowth	7.5719
2023-11-01	Cash	2.3682
2023-11-01	BalancedIndexed	1.3413
2023-11-01	AustralianSharesIndexed	1.4219
2023-11-01	OverseasSharesIndexed	1.5926
2023-11-01	SustainableGrowth	1.0494
2023-10-31	CoreStrategy	2.1235
2023-10-31	CapitalStable	3.8225
2023-10-31	Balanced	4.8319
2023-10-31	HighGrowth	7.57
2023-10-31	Cash	2.3673
2023-10-31	BalancedIndexed	1.3406
2023-10-31	AustralianSharesIndexed	1.4318
2023-10-31	OverseasSharesIndexed	1.5836
2023-10-31	SustainableGrowth	1.0497
2023-10-28	CoreStrategy	2.1267
2023-10-28	CapitalStable	3.8246
2023-10-28	Balanced	4.837
2023-10-28	HighGrowth	7.5842
2023-10-28	Cash	2.3671
2023-10-28	BalancedIndexed	1.3428
2023-10-28	AustralianSharesIndexed	1.4291
2023-10-28	OverseasSharesIndexed	1.5952
2023-10-28	SustainableGrowth	1.0532
2023-10-27	CoreStrategy	2.1357
2023-10-27	CapitalStable	3.8328
2023-10-27	Balanced	4.8529
2023-10-27	HighGrowth	7.6285
2023-10-27	Cash	2.3666
2023-10-27	BalancedIndexed	1.3508
2023-10-27	AustralianSharesIndexed	1.4371
2023-10-27	OverseasSharesIndexed	1.6085
2023-10-27	SustainableGrowth	1.0588
2023-10-26	CoreStrategy	2.1411
2023-10-26	CapitalStable	3.8354
2023-10-26	Balanced	4.8601
2023-10-26	HighGrowth	7.6524
2023-10-26	Cash	2.3666
2023-10-26	BalancedIndexed	1.3562
2023-10-26	AustralianSharesIndexed	1.4374
2023-10-26	OverseasSharesIndexed	1.6188
2023-10-26	SustainableGrowth	1.0626
2023-10-25	CoreStrategy	2.1391
2023-10-25	CapitalStable	3.833
2023-10-25	Balanced	4.8571
2023-10-25	HighGrowth	7.6452
2023-10-25	Cash	2.3662
2023-10-25	BalancedIndexed	1.3532
2023-10-25	AustralianSharesIndexed	1.4347
2023-10-25	OverseasSharesIndexed	1.6186
2023-10-25	SustainableGrowth	1.0607
2023-10-24	CoreStrategy	2.1438
2023-10-24	CapitalStable	3.8334
2023-10-24	Balanced	4.8625
2023-10-24	HighGrowth	7.6694
2023-10-24	Cash	2.3655
2023-10-24	BalancedIndexed	1.3572
2023-10-24	AustralianSharesIndexed	1.4449
2023-10-24	OverseasSharesIndexed	1.6218
2023-10-24	SustainableGrowth	1.0635
2023-10-21	CoreStrategy	2.156
2023-10-21	CapitalStable	3.8407
2023-10-21	Balanced	4.8803
2023-10-21	HighGrowth	7.7263
2023-10-21	Cash	2.3653
2023-10-21	BalancedIndexed	1.368
2023-10-21	AustralianSharesIndexed	1.4599
2023-10-21	OverseasSharesIndexed	1.6405
2023-10-21	SustainableGrowth	1.0723
2023-10-20	CoreStrategy	2.1685
2023-10-20	CapitalStable	3.8514
2023-10-20	Balanced	4.8999
2023-10-20	HighGrowth	7.7795
2023-10-20	Cash	2.3651
2023-10-20	BalancedIndexed	1.378
2023-10-20	AustralianSharesIndexed	1.4771
2023-10-20	OverseasSharesIndexed	1.6481
2023-10-20	SustainableGrowth	1.0803
2023-10-19	CoreStrategy	2.1754
2023-10-19	CapitalStable	3.8601
2023-10-19	Balanced	4.9126
2023-10-19	HighGrowth	7.8072
2023-10-19	Cash	2.3649
2023-10-19	BalancedIndexed	1.3838
2023-10-19	AustralianSharesIndexed	1.4731
2023-10-19	OverseasSharesIndexed	1.6627
2023-10-19	SustainableGrowth	1.0858
2023-10-18	CoreStrategy	2.175
2023-10-18	CapitalStable	3.8638
2023-10-18	Balanced	4.9145
2023-10-18	HighGrowth	7.8013
2023-10-18	Cash	2.3647
2023-10-18	BalancedIndexed	1.3842
2023-10-18	AustralianSharesIndexed	1.4678
2023-10-18	OverseasSharesIndexed	1.6687
2023-10-18	SustainableGrowth	1.0857
2023-10-17	CoreStrategy	2.1762
2023-10-17	CapitalStable	3.8657
2023-10-17	Balanced	4.9173
2023-10-17	HighGrowth	7.8054
2023-10-17	Cash	2.3638
2023-10-17	BalancedIndexed	1.3838
2023-10-17	AustralianSharesIndexed	1.473
2023-10-17	OverseasSharesIndexed	1.6654
2023-10-17	SustainableGrowth	1.0856
2023-10-14	CoreStrategy	2.1808
2023-10-14	CapitalStable	3.8685
2023-10-14	Balanced	4.9239
2023-10-14	HighGrowth	7.8281
2023-10-14	Cash	2.3636
2023-10-14	BalancedIndexed	1.3879
2023-10-14	AustralianSharesIndexed	1.4804
2023-10-14	OverseasSharesIndexed	1.6658
2023-10-14	SustainableGrowth	1.0896
2023-10-13	CoreStrategy	2.1793
2023-10-13	CapitalStable	3.865
2023-10-13	Balanced	4.9189
2023-10-13	HighGrowth	7.8197
2023-10-13	Cash	2.3633
2023-10-13	BalancedIndexed	1.3867
2023-10-13	AustralianSharesIndexed	1.4796
2023-10-13	OverseasSharesIndexed	1.6557
2023-10-13	SustainableGrowth	1.0892
2023-10-12	CoreStrategy	2.172
2023-10-12	CapitalStable	3.8586
2023-10-12	Balanced	4.9071
2023-10-12	HighGrowth	7.7891
2023-10-12	Cash	2.3631
2023-10-12	BalancedIndexed	1.3815
2023-10-12	AustralianSharesIndexed	1.4708
2023-10-12	OverseasSharesIndexed	1.6507
2023-10-12	SustainableGrowth	1.0861
2023-10-11	CoreStrategy	2.1625
2023-10-11	CapitalStable	3.8504
2023-10-11	Balanced	4.8921
2023-10-11	HighGrowth	7.7481
2023-10-11	Cash	2.3627
2023-10-11	BalancedIndexed	1.373
2023-10-11	AustralianSharesIndexed	1.4576
2023-10-11	OverseasSharesIndexed	1.6442
2023-10-11	SustainableGrowth	1.0799
2023-10-10	CoreStrategy	2.1604
2023-10-10	CapitalStable	3.8486
2023-10-10	Balanced	4.8896
2023-10-10	HighGrowth	7.7416
2023-10-10	Cash	2.362
2023-10-10	BalancedIndexed	1.3706
2023-10-10	AustralianSharesIndexed	1.4545
2023-10-10	OverseasSharesIndexed	1.6434
2023-10-10	SustainableGrowth	1.0796
2023-10-07	CoreStrategy	2.1519
2023-10-07	CapitalStable	3.8421
2023-10-07	Balanced	4.8758
2023-10-07	HighGrowth	7.7014
2023-10-07	Cash	2.3618
2023-10-07	BalancedIndexed	1.3635
2023-10-07	AustralianSharesIndexed	1.4494
2023-10-07	OverseasSharesIndexed	1.628
2023-10-07	SustainableGrowth	1.0748
2023-10-06	CoreStrategy	2.1511
2023-10-06	CapitalStable	3.8421
2023-10-06	Balanced	4.8755
2023-10-06	HighGrowth	7.6983
2023-10-06	Cash	2.3616
2023-10-06	BalancedIndexed	1.3619
2023-10-06	AustralianSharesIndexed	1.4428
2023-10-06	OverseasSharesIndexed	1.6345
2023-10-06	SustainableGrowth	1.0735
2023-10-05	CoreStrategy	2.1528
2023-10-05	CapitalStable	3.848
2023-10-05	Balanced	4.8811
2023-10-05	HighGrowth	7.7039
2023-10-05	Cash	2.3614
2023-10-05	BalancedIndexed	1.3634
2023-10-05	AustralianSharesIndexed	1.4529
2023-10-05	OverseasSharesIndexed	1.6297
2023-10-05	SustainableGrowth	1.0731
2023-10-04	CoreStrategy	2.1643
2023-10-04	CapitalStable	3.8533
2023-10-04	Balanced	4.8958
2023-10-04	HighGrowth	7.7546
2023-10-04	Cash	2.3611
2023-10-04	BalancedIndexed	1.376
2023-10-04	AustralianSharesIndexed	1.4699
2023-10-04	OverseasSharesIndexed	1.6341
2023-10-04	SustainableGrowth	1.0807
2023-10-03	CoreStrategy	2.1633
2023-10-03	CapitalStable	3.8517
2023-10-03	Balanced	4.8918
2023-10-03	HighGrowth	7.7444
2023-10-03	Cash	2.3605
2023-10-03	BalancedIndexed	1.3733
2023-10-03	AustralianSharesIndexed	1.4725
2023-10-03	OverseasSharesIndexed	1.6222
2023-10-03	SustainableGrowth	1.0806
2023-09-30	CoreStrategy	2.166
2023-09-30	CapitalStable	3.8561
2023-09-30	Balanced	4.8974
2023-09-30	HighGrowth	7.7545
2023-09-30	Cash	2.36
2023-09-30	BalancedIndexed	1.3741
2023-09-30	AustralianSharesIndexed	1.4678
2023-09-30	OverseasSharesIndexed	1.6337
2023-09-30	SustainableGrowth	1.0807
2023-09-29	CoreStrategy	2.165
2023-09-29	CapitalStable	3.8544
2023-09-29	Balanced	4.8952
2023-09-29	HighGrowth	7.7501
2023-09-29	Cash	2.36
2023-09-29	BalancedIndexed	1.3739
2023-09-29	AustralianSharesIndexed	1.4689
2023-09-29	OverseasSharesIndexed	1.633
2023-09-29	SustainableGrowth	1.0804
2023-09-28	CoreStrategy	2.1648
2023-09-28	CapitalStable	3.8567
2023-09-28	Balanced	4.8969
2023-09-28	HighGrowth	7.7472
2023-09-28	Cash	2.3598
2023-09-28	BalancedIndexed	1.373
2023-09-28	AustralianSharesIndexed	1.4703
2023-09-28	OverseasSharesIndexed	1.6259
2023-09-28	SustainableGrowth	1.0808
2023-09-27	CoreStrategy	2.1762
2023-09-27	CapitalStable	3.8641
2023-09-27	Balanced	4.9133
2023-09-27	HighGrowth	7.7957
2023-09-27	Cash	2.3596
2023-09-27	BalancedIndexed	1.3827
2023-09-27	AustralianSharesIndexed	1.4774
2023-09-27	OverseasSharesIndexed	1.6467
2023-09-27	SustainableGrowth	1.0882
2023-09-26	CoreStrategy	2.1721
2023-09-26	CapitalStable	3.861
2023-09-26	Balanced	4.9065
2023-09-26	HighGrowth	7.7743
2023-09-26	Cash	2.3587
2023-09-26	BalancedIndexed	1.3794
2023-09-26	AustralianSharesIndexed	1.4757
2023-09-26	OverseasSharesIndexed	1.6336
2023-09-26	SustainableGrowth	1.0867
2023-09-23	CoreStrategy	2.1753
2023-09-23	CapitalStable	3.8642
2023-09-23	Balanced	4.912
2023-09-23	HighGrowth	7.7877
2023-09-23	Cash	2.3585
2023-09-23	BalancedIndexed	1.3821
2023-09-23	AustralianSharesIndexed	1.475
2023-09-23	OverseasSharesIndexed	1.6466
2023-09-23	SustainableGrowth	1.0885
2023-09-22	CoreStrategy	2.1882
2023-09-22	CapitalStable	3.8728
2023-09-22	Balanced	4.9303
2023-09-22	HighGrowth	7.8409
2023-09-22	Cash	2.3583
2023-09-22	BalancedIndexed	1.3939
2023-09-22	AustralianSharesIndexed	1.4926
2023-09-22	OverseasSharesIndexed	1.654
2023-09-22	SustainableGrowth	1.0994
2023-09-21	CoreStrategy	2.1955
2023-09-21	CapitalStable	3.8774
2023-09-21	Balanced	4.9406
2023-09-21	HighGrowth	7.8742
2023-09-21	Cash	2.3579
2023-09-21	BalancedIndexed	1.4
2023-09-21	AustralianSharesIndexed	1.4987
2023-09-21	OverseasSharesIndexed	1.6687
2023-09-21	SustainableGrowth	1.1029
2023-09-20	CoreStrategy	2.2018
2023-09-20	CapitalStable	3.8824
2023-09-20	Balanced	4.9504
2023-09-20	HighGrowth	7.9027
2023-09-20	Cash	2.3579
2023-09-20	BalancedIndexed	1.4048
2023-09-20	AustralianSharesIndexed	1.505
2023-09-20	OverseasSharesIndexed	1.6801
2023-09-20	SustainableGrowth	1.1077
2023-09-19	CoreStrategy	2.2068
2023-09-19	CapitalStable	3.8866
2023-09-19	Balanced	4.9582
2023-09-19	HighGrowth	7.924
2023-09-19	Cash	2.357
2023-09-19	BalancedIndexed	1.4089
2023-09-19	AustralianSharesIndexed	1.514
2023-09-19	OverseasSharesIndexed	1.6804
2023-09-19	SustainableGrowth	1.1122
2023-09-16	CoreStrategy	2.2044
2023-09-16	CapitalStable	3.8843
2023-09-16	Balanced	4.9543
2023-09-16	HighGrowth	7.9114
2023-09-16	Cash	2.3568
2023-09-16	BalancedIndexed	1.407
2023-09-16	AustralianSharesIndexed	1.4963
2023-09-16	OverseasSharesIndexed	1.6903
2023-09-16	SustainableGrowth	1.1123
2023-09-15	CoreStrategy	2.1982
2023-09-15	CapitalStable	3.8798
2023-09-15	Balanced	4.9443
2023-09-15	HighGrowth	7.8838
2023-09-15	Cash	2.3565
2023-09-15	BalancedIndexed	1.4008
2023-09-15	AustralianSharesIndexed	1.4899
2023-09-15	OverseasSharesIndexed	1.6825
2023-09-15	SustainableGrowth	1.1065
2023-09-14	CoreStrategy	2.2021
2023-09-14	CapitalStable	3.8833
2023-09-14	Balanced	4.9509
2023-09-14	HighGrowth	7.9031
2023-09-14	Cash	2.3563
2023-09-14	BalancedIndexed	1.4039
2023-09-14	AustralianSharesIndexed	1.4994
2023-09-14	OverseasSharesIndexed	1.683
2023-09-14	SustainableGrowth	1.1098
2023-09-13	CoreStrategy	2.2024
2023-09-13	CapitalStable	3.8824
2023-09-13	Balanced	4.9505
2023-09-13	HighGrowth	7.9048
2023-09-13	Cash	2.3561
2023-09-13	BalancedIndexed	1.4042
2023-09-13	AustralianSharesIndexed	1.4966
2023-09-13	OverseasSharesIndexed	1.6857
2023-09-13	SustainableGrowth	1.1102
2023-09-12	CoreStrategy	2.1994
2023-09-12	CapitalStable	3.8796
2023-09-12	Balanced	4.9454
2023-09-12	HighGrowth	7.8913
2023-09-12	Cash	2.3552
2023-09-12	BalancedIndexed	1.4014
2023-09-12	AustralianSharesIndexed	1.4896
2023-09-12	OverseasSharesIndexed	1.6854
2023-09-12	SustainableGrowth	1.1095
2023-09-09	CoreStrategy	2.2008
2023-09-09	CapitalStable	3.8799
2023-09-09	Balanced	4.9472
2023-09-09	HighGrowth	7.8991
2023-09-09	Cash	2.355
2023-09-09	BalancedIndexed	1.4022
2023-09-09	AustralianSharesIndexed	1.4921
2023-09-09	OverseasSharesIndexed	1.6883
2023-09-09	SustainableGrowth	1.111
2023-09-08	CoreStrategy	2.2066
2023-09-08	CapitalStable	3.8838
2023-09-08	Balanced	4.9552
2023-09-08	HighGrowth	7.9247
2023-09-08	Cash	2.3548
2023-09-08	BalancedIndexed	1.4073
2023-09-08	AustralianSharesIndexed	1.5038
2023-09-08	OverseasSharesIndexed	1.6927
2023-09-08	SustainableGrowth	1.1135
2023-09-07	CoreStrategy	2.2135
2023-09-07	CapitalStable	3.8894
2023-09-07	Balanced	4.9658
2023-09-07	HighGrowth	7.9558
2023-09-07	Cash	2.3543
2023-09-07	BalancedIndexed	1.4137
2023-09-07	AustralianSharesIndexed	1.5138
2023-09-07	OverseasSharesIndexed	1.7023
2023-09-07	SustainableGrowth	1.1186
2023-09-06	CoreStrategy	2.2128
2023-09-06	CapitalStable	3.8894
2023-09-06	Balanced	4.9645
2023-09-06	HighGrowth	7.9484
2023-09-06	Cash	2.3543
2023-09-06	BalancedIndexed	1.4129
2023-09-06	AustralianSharesIndexed	1.5141
2023-09-06	OverseasSharesIndexed	1.6905
2023-09-06	SustainableGrowth	1.1187
2023-09-05	CoreStrategy	2.2094
2023-09-05	CapitalStable	3.8879
2023-09-05	Balanced	4.96
2023-09-05	HighGrowth	7.9312
2023-09-05	Cash	2.3535
2023-09-05	BalancedIndexed	1.4106
2023-09-05	AustralianSharesIndexed	1.5056
2023-09-05	OverseasSharesIndexed	1.6905
2023-09-05	SustainableGrowth	1.1164
2023-09-02	CoreStrategy	2.2072
2023-09-02	CapitalStable	3.8857
2023-09-02	Balanced	4.9558
2023-09-02	HighGrowth	7.9211
2023-09-02	Cash	2.3532
2023-09-02	BalancedIndexed	1.4101
2023-09-02	AustralianSharesIndexed	1.5101
2023-09-02	OverseasSharesIndexed	1.6837
2023-09-02	SustainableGrowth	1.1169
2023-09-01	CoreStrategy	2.2056
2023-09-01	CapitalStable	3.8832
2023-09-01	Balanced	4.9529
2023-09-01	HighGrowth	7.9153
2023-09-01	Cash	2.353
2023-09-01	BalancedIndexed	1.4084
2023-09-01	AustralianSharesIndexed	1.5064
2023-09-01	OverseasSharesIndexed	1.6817
2023-09-01	SustainableGrowth	1.1161
2023-08-31	CoreStrategy	2.1996
2023-08-31	CapitalStable	3.8778
2023-08-31	Balanced	4.9435
2023-08-31	HighGrowth	7.8888
2023-08-31	Cash	2.3528
2023-08-31	BalancedIndexed	1.4027
2023-08-31	AustralianSharesIndexed	1.4891
2023-08-31	OverseasSharesIndexed	1.6864
2023-08-31	SustainableGrowth	1.1107
2023-08-30	CoreStrategy	2.1892
2023-08-30	CapitalStable	3.8696
2023-08-30	Balanced	4.9274
2023-08-30	HighGrowth	7.8442
2023-08-30	Cash	2.3526
2023-08-30	BalancedIndexed	1.3928
2023-08-30	AustralianSharesIndexed	1.4796
2023-08-30	OverseasSharesIndexed	1.6704
2023-08-30	SustainableGrowth	1.1027
2023-08-29	CoreStrategy	2.1826
2023-08-29	CapitalStable	3.8644
2023-08-29	Balanced	4.9171
2023-08-29	HighGrowth	7.8151
2023-08-29	Cash	2.3519
2023-08-29	BalancedIndexed	1.3876
2023-08-29	AustralianSharesIndexed	1.4714
2023-08-29	OverseasSharesIndexed	1.6667
2023-08-29	SustainableGrowth	1.0991
2023-08-26	CoreStrategy	2.1826
2023-08-26	CapitalStable	3.8638
2023-08-26	Balanced	4.9158
2023-08-26	HighGrowth	7.8147
2023-08-26	Cash	2.3515
2023-08-26	BalancedIndexed	1.3882
2023-08-26	AustralianSharesIndexed	1.4836
2023-08-26	OverseasSharesIndexed	1.6512
2023-08-26	SustainableGrowth	1.0992
2023-08-25	CoreStrategy	2.1829
2023-08-25	CapitalStable	3.8608
2023-08-25	Balanced	4.9145
2023-08-25	HighGrowth	7.8179
2023-08-25	Cash	2.3512
2023-08-25	BalancedIndexed	1.3899
2023-08-25	AustralianSharesIndexed	1.4773
2023-08-25	OverseasSharesIndexed	1.6616
2023-08-25	SustainableGrowth	1.1014
2023-08-24	CoreStrategy	2.1765
2023-08-24	CapitalStable	3.8546
2023-08-24	Balanced	4.9039
2023-08-24	HighGrowth	7.7946
2023-08-24	Cash	2.3508
2023-08-24	BalancedIndexed	1.3836
2023-08-24	AustralianSharesIndexed	1.472
2023-08-24	OverseasSharesIndexed	1.6553
2023-08-24	SustainableGrowth	1.0959
2023-08-23	CoreStrategy	2.1776
2023-08-23	CapitalStable	3.856
2023-08-23	Balanced	4.9059
2023-08-23	HighGrowth	7.7993
2023-08-23	Cash	2.3506
2023-08-23	BalancedIndexed	1.3843
2023-08-23	AustralianSharesIndexed	1.4706
2023-08-23	OverseasSharesIndexed	1.6626
2023-08-23	SustainableGrowth	1.0966
2023-08-22	CoreStrategy	2.1762
2023-08-22	CapitalStable	3.854
2023-08-22	Balanced	4.9031
2023-08-22	HighGrowth	7.793
2023-08-22	Cash	2.3499
2023-08-22	BalancedIndexed	1.3839
2023-08-22	AustralianSharesIndexed	1.4761
2023-08-22	OverseasSharesIndexed	1.6528
2023-08-22	SustainableGrowth	1.0968
2023-08-19	CoreStrategy	2.1773
2023-08-19	CapitalStable	3.8551
2023-08-19	Balanced	4.9049
2023-08-19	HighGrowth	7.7965
2023-08-19	Cash	2.3497
2023-08-19	BalancedIndexed	1.3832
2023-08-19	AustralianSharesIndexed	1.4755
2023-08-19	OverseasSharesIndexed	1.6524
2023-08-19	SustainableGrowth	1.0966
2023-08-18	CoreStrategy	2.1846
2023-08-18	CapitalStable	3.8608
2023-08-18	Balanced	4.9158
2023-08-18	HighGrowth	7.8251
2023-08-18	Cash	2.3495
2023-08-18	BalancedIndexed	1.3892
2023-08-18	AustralianSharesIndexed	1.484
2023-08-18	OverseasSharesIndexed	1.6564
2023-08-18	SustainableGrowth	1.1024
2023-08-17	CoreStrategy	2.1927
2023-08-17	CapitalStable	3.8663
2023-08-17	Balanced	4.9272
2023-08-17	HighGrowth	7.8605
2023-08-17	Cash	2.3493
2023-08-17	BalancedIndexed	1.3966
2023-08-17	AustralianSharesIndexed	1.5014
2023-08-17	OverseasSharesIndexed	1.6587
2023-08-17	SustainableGrowth	1.1075
2023-08-16	CoreStrategy	2.1974
2023-08-16	CapitalStable	3.8708
2023-08-16	Balanced	4.9351
2023-08-16	HighGrowth	7.8786
2023-08-16	Cash	2.349
2023-08-16	BalancedIndexed	1.4012
2023-08-16	AustralianSharesIndexed	1.4962
2023-08-16	OverseasSharesIndexed	1.6761
2023-08-16	SustainableGrowth	1.1105
2023-08-15	CoreStrategy	2.1988
2023-08-15	CapitalStable	3.8741
2023-08-15	Balanced	4.9384
2023-08-15	HighGrowth	7.8833
2023-08-15	Cash	2.3484
2023-08-15	BalancedIndexed	1.4028
2023-08-15	AustralianSharesIndexed	1.5072
2023-08-15	OverseasSharesIndexed	1.6656
2023-08-15	SustainableGrowth	1.1119
2023-08-12	CoreStrategy	2.1997
2023-08-12	CapitalStable	3.875
2023-08-12	Balanced	4.9386
2023-08-12	HighGrowth	7.8819
2023-08-12	Cash	2.348
2023-08-12	BalancedIndexed	1.4043
2023-08-12	AustralianSharesIndexed	1.51
2023-08-12	OverseasSharesIndexed	1.6618
2023-08-12	SustainableGrowth	1.1131
2023-08-11	CoreStrategy	2.1996
2023-08-11	CapitalStable	3.8754
2023-08-11	Balanced	4.9388
2023-08-11	HighGrowth	7.8801
2023-08-11	Cash	2.3477
2023-08-11	BalancedIndexed	1.4034
2023-08-11	AustralianSharesIndexed	1.5055
2023-08-11	OverseasSharesIndexed	1.6635
2023-08-11	SustainableGrowth	1.1125
2023-08-10	CoreStrategy	2.2009
2023-08-10	CapitalStable	3.8743
2023-08-10	Balanced	4.9395
2023-08-10	HighGrowth	7.889
2023-08-10	Cash	2.3475
2023-08-10	BalancedIndexed	1.4045
2023-08-10	AustralianSharesIndexed	1.5008
2023-08-10	OverseasSharesIndexed	1.6742
2023-08-10	SustainableGrowth	1.1135
2023-08-09	CoreStrategy	2.1993
2023-08-09	CapitalStable	3.8709
2023-08-09	Balanced	4.9353
2023-08-09	HighGrowth	7.8815
2023-08-09	Cash	2.3471
2023-08-09	BalancedIndexed	1.4026
2023-08-09	AustralianSharesIndexed	1.5005
2023-08-09	OverseasSharesIndexed	1.6687
2023-08-09	SustainableGrowth	1.1137
2023-08-08	CoreStrategy	2.1948
2023-08-08	CapitalStable	3.8667
2023-08-08	Balanced	4.9275
2023-08-08	HighGrowth	7.8634
2023-08-08	Cash	2.3464
2023-08-08	BalancedIndexed	1.3998
2023-08-08	AustralianSharesIndexed	1.5034
2023-08-08	OverseasSharesIndexed	1.6556
2023-08-08	SustainableGrowth	1.1099
2023-08-05	CoreStrategy	2.1976
2023-08-05	CapitalStable	3.8692
2023-08-05	Balanced	4.9326
2023-08-05	HighGrowth	7.8778
2023-08-05	Cash	2.3462
2023-08-05	BalancedIndexed	1.4022
2023-08-05	AustralianSharesIndexed	1.5011
2023-08-05	OverseasSharesIndexed	1.669
2023-08-05	SustainableGrowth	1.1111
2023-08-04	CoreStrategy	2.2039
2023-08-04	CapitalStable	3.8746
2023-08-04	Balanced	4.9422
2023-08-04	HighGrowth	7.9023
2023-08-04	Cash	2.346
2023-08-04	BalancedIndexed	1.4075
2023-08-04	AustralianSharesIndexed	1.509
2023-08-04	OverseasSharesIndexed	1.6733
2023-08-04	SustainableGrowth	1.116
2023-08-03	CoreStrategy	2.2148
2023-08-03	CapitalStable	3.8811
2023-08-03	Balanced	4.9567
2023-08-03	HighGrowth	7.9488
2023-08-03	Cash	2.3458
2023-08-03	BalancedIndexed	1.4178
2023-08-03	AustralianSharesIndexed	1.5265
2023-08-03	OverseasSharesIndexed	1.6788
2023-08-03	SustainableGrowth	1.1246
2023-08-02	CoreStrategy	2.2064
2023-08-02	CapitalStable	3.8736
2023-08-02	Balanced	4.9427
2023-08-02	HighGrowth	7.908
2023-08-02	Cash	2.3455
2023-08-02	BalancedIndexed	1.4118
2023-08-02	AustralianSharesIndexed	1.5193
2023-08-02	OverseasSharesIndexed	1.6597
2023-08-02	SustainableGrowth	1.1207
2023-08-01	CoreStrategy	2.2086
2023-08-01	CapitalStable	3.8755
2023-08-01	Balanced	4.9463
2023-08-01	HighGrowth	7.9193
2023-08-01	Cash	2.3449
2023-08-01	BalancedIndexed	1.4134
2023-08-01	AustralianSharesIndexed	1.5178
2023-08-01	OverseasSharesIndexed	1.6725
2023-08-01	SustainableGrowth	1.122
2023-07-29	CoreStrategy	2.2028
2023-07-29	CapitalStable	3.8711
2023-07-29	Balanced	4.9367
2023-07-29	HighGrowth	7.8931
2023-07-29	Cash	2.3444
2023-07-29	BalancedIndexed	1.4106
2023-07-29	AustralianSharesIndexed	1.5275
2023-07-29	OverseasSharesIndexed	1.6468
2023-07-29	SustainableGrowth	1.121
2023-07-28	CoreStrategy	2.1996
2023-07-28	CapitalStable	3.8678
2023-07-28	Balanced	4.932
2023-07-28	HighGrowth	7.8759
2023-07-28	Cash	2.3442
2023-07-28	BalancedIndexed	1.4075
2023-07-28	AustralianSharesIndexed	1.5174
2023-07-28	OverseasSharesIndexed	1.6466
2023-07-28	SustainableGrowth	1.1182
2023-07-27	CoreStrategy	2.194
2023-07-27	CapitalStable	3.8634
2023-07-27	Balanced	4.9228
2023-07-27	HighGrowth	7.8497
2023-07-27	Cash	2.344
2023-07-27	BalancedIndexed	1.4022
2023-07-27	AustralianSharesIndexed	1.5062
2023-07-27	OverseasSharesIndexed	1.6398
2023-07-27	SustainableGrowth	1.1153
2023-07-26	CoreStrategy	2.192
2023-07-26	CapitalStable	3.8631
2023-07-26	Balanced	4.9211
2023-07-26	HighGrowth	7.8416
2023-07-26	Cash	2.3436
2023-07-26	BalancedIndexed	1.4009
2023-07-26	AustralianSharesIndexed	1.5002
2023-07-26	OverseasSharesIndexed	1.6439
2023-07-26	SustainableGrowth	1.116
2023-07-25	CoreStrategy	2.1927
2023-07-25	CapitalStable	3.8633
2023-07-25	Balanced	4.9217
2023-07-25	HighGrowth	7.8453
2023-07-25	Cash	2.3429
2023-07-25	BalancedIndexed	1.4005
2023-07-25	AustralianSharesIndexed	1.5018
2023-07-25	OverseasSharesIndexed	1.6434
2023-07-25	SustainableGrowth	1.1165
2023-07-22	CoreStrategy	2.1901
2023-07-22	CapitalStable	3.8625
2023-07-22	Balanced	4.9179
2023-07-22	HighGrowth	7.8313
2023-07-22	Cash	2.3427
2023-07-22	BalancedIndexed	1.3988
2023-07-22	AustralianSharesIndexed	1.504
2023-07-22	OverseasSharesIndexed	1.6316
2023-07-22	SustainableGrowth	1.1157
2023-07-21	CoreStrategy	2.1961
2023-07-21	CapitalStable	3.8677
2023-07-21	Balanced	4.927
2023-07-21	HighGrowth	7.8553
2023-07-21	Cash	2.3427
2023-07-21	BalancedIndexed	1.4041
2023-07-21	AustralianSharesIndexed	1.5038
2023-07-21	OverseasSharesIndexed	1.6471
2023-07-21	SustainableGrowth	1.1198
2023-07-20	CoreStrategy	2.1875
2023-07-20	CapitalStable	3.8591
2023-07-20	Balanced	4.9119
2023-07-20	HighGrowth	7.8184
2023-07-20	Cash	2.3423
2023-07-20	BalancedIndexed	1.3962
2023-07-20	AustralianSharesIndexed	1.4963
2023-07-20	OverseasSharesIndexed	1.6289
2023-07-20	SustainableGrowth	1.1131
2023-07-19	CoreStrategy	2.1861
2023-07-19	CapitalStable	3.8573
2023-07-19	Balanced	4.9094
2023-07-19	HighGrowth	7.8144
2023-07-19	Cash	2.342
2023-07-19	BalancedIndexed	1.3936
2023-07-19	AustralianSharesIndexed	1.4989
2023-07-19	OverseasSharesIndexed	1.6206
2023-07-19	SustainableGrowth	1.1109
2023-07-18	CoreStrategy	2.1815
2023-07-18	CapitalStable	3.8522
2023-07-18	Balanced	4.9009
2023-07-18	HighGrowth	7.7938
2023-07-18	Cash	2.3414
2023-07-18	BalancedIndexed	1.3911
2023-07-18	AustralianSharesIndexed	1.4997
2023-07-18	OverseasSharesIndexed	1.6096
2023-07-18	SustainableGrowth	1.1091
2023-07-15	CoreStrategy	2.1738
2023-07-15	CapitalStable	3.8441
2023-07-15	Balanced	4.8873
2023-07-15	HighGrowth	7.7592
2023-07-15	Cash	2.3409
2023-07-15	BalancedIndexed	1.3859
2023-07-15	AustralianSharesIndexed	1.489
2023-07-15	OverseasSharesIndexed	1.6031
2023-07-15	SustainableGrowth	1.1064
2023-07-14	CoreStrategy	2.1655
2023-07-14	CapitalStable	3.8378
2023-07-14	Balanced	4.8763
2023-07-14	HighGrowth	7.728
2023-07-14	Cash	2.3407
2023-07-14	BalancedIndexed	1.3775
2023-07-14	AustralianSharesIndexed	1.4688
2023-07-14	OverseasSharesIndexed	1.6089
2023-07-14	SustainableGrowth	1.1001
2023-07-13	CoreStrategy	2.1658
2023-07-13	CapitalStable	3.8363
2023-07-13	Balanced	4.8767
2023-07-13	HighGrowth	7.7365
2023-07-13	Cash	2.3405
2023-07-13	BalancedIndexed	1.3761
2023-07-13	AustralianSharesIndexed	1.464
2023-07-13	OverseasSharesIndexed	1.6228
2023-07-13	SustainableGrowth	1.1003
2023-07-12	CoreStrategy	2.1536
2023-07-12	CapitalStable	3.8265
2023-07-12	Balanced	4.8571
2023-07-12	HighGrowth	7.6804
2023-07-12	Cash	2.3401
2023-07-12	BalancedIndexed	1.3658
2023-07-12	AustralianSharesIndexed	1.4455
2023-07-12	OverseasSharesIndexed	1.6117
2023-07-12	SustainableGrowth	1.0912
2023-07-11	CoreStrategy	2.153
2023-07-11	CapitalStable	3.827
2023-07-11	Balanced	4.8566
2023-07-11	HighGrowth	7.6774
2023-07-11	Cash	2.3394
2023-07-11	BalancedIndexed	1.3658
2023-07-11	AustralianSharesIndexed	1.4519
2023-07-11	OverseasSharesIndexed	1.6025
2023-07-11	SustainableGrowth	1.09
2023-07-08	CoreStrategy	2.1685
2023-07-08	CapitalStable	3.8413
2023-07-08	Balanced	4.8815
2023-07-08	HighGrowth	7.7455
2023-07-08	Cash	2.3392
2023-07-08	BalancedIndexed	1.3785
2023-07-08	AustralianSharesIndexed	1.475
2023-07-08	OverseasSharesIndexed	1.619
2023-07-08	SustainableGrowth	1.0997
2023-07-07	CoreStrategy	2.1793
2023-07-07	CapitalStable	3.8499
2023-07-07	Balanced	4.8976
2023-07-07	HighGrowth	7.7888
2023-07-07	Cash	2.339
2023-07-07	BalancedIndexed	1.3892
2023-07-07	AustralianSharesIndexed	1.4913
2023-07-07	OverseasSharesIndexed	1.6254
2023-07-07	SustainableGrowth	1.107
2023-07-06	CoreStrategy	2.1813
2023-07-06	CapitalStable	3.8507
2023-07-06	Balanced	4.8996
2023-07-06	HighGrowth	7.7963
2023-07-06	Cash	2.3387
2023-07-06	BalancedIndexed	1.3911
2023-07-06	AustralianSharesIndexed	1.4958
2023-07-06	OverseasSharesIndexed	1.6236
2023-07-06	SustainableGrowth	1.1093
2023-07-05	CoreStrategy	2.1798
2023-07-05	CapitalStable	3.8498
2023-07-05	Balanced	4.8974
2023-07-05	HighGrowth	7.7882
2023-07-05	Cash	2.3385
2023-07-05	BalancedIndexed	1.3901
2023-07-05	AustralianSharesIndexed	1.4895
2023-07-05	OverseasSharesIndexed	1.6276
2023-07-05	SustainableGrowth	1.1078
2023-07-04	CoreStrategy	2.177
2023-07-04	CapitalStable	3.8483
2023-07-04	Balanced	4.8934
2023-07-04	HighGrowth	7.7759
2023-07-04	Cash	2.3379
2023-07-04	BalancedIndexed	1.3875
2023-07-04	AustralianSharesIndexed	1.4815
2023-07-04	OverseasSharesIndexed	1.6311
2023-07-04	SustainableGrowth	1.105
2023-07-01	CoreStrategy	2.1718
2023-07-01	CapitalStable	3.8486
2023-07-01	Balanced	4.8887
2023-07-01	HighGrowth	7.7523
2023-07-01	Cash	2.3374
2023-07-01	BalancedIndexed	1.383
2023-07-01	AustralianSharesIndexed	1.4798
2023-07-01	OverseasSharesIndexed	1.6199
2023-07-01	SustainableGrowth	1.1013
2023-06-30	CapitalStable	3.8483
2023-06-30	Balanced	4.8934
2023-06-30	Cash	2.3379
2023-06-30	SustainableGrowth	1.105
2023-06-30	CoreStrategy	2.177
2023-06-30	OverseasSharesIndexed	1.6311
2023-06-30	AustralianSharesIndexed	1.4815
2023-06-30	HighGrowth	7.7759
2023-06-30	BalancedIndexed	1.3875
2023-06-29	CoreStrategy	2.1559
2023-06-29	CapitalStable	3.8307
2023-06-29	Balanced	4.8597
2023-06-29	HighGrowth	7.6806
2023-06-29	Cash	2.337
2023-06-29	BalancedIndexed	1.3722
2023-06-29	AustralianSharesIndexed	1.4633
2023-06-29	OverseasSharesIndexed	1.5994
2023-06-29	SustainableGrowth	1.0913
2023-06-28	CoreStrategy	2.1517
2023-06-28	CapitalStable	3.8325
2023-06-28	Balanced	4.8561
2023-06-28	HighGrowth	7.6582
2023-06-28	Cash	2.3365
2023-06-28	BalancedIndexed	1.3664
2023-06-28	AustralianSharesIndexed	1.4563
2023-06-28	OverseasSharesIndexed	1.5897
2023-06-28	SustainableGrowth	1.0857
2023-06-27	CoreStrategy	2.1548
2023-06-27	CapitalStable	3.8337
2023-06-27	Balanced	4.8595
2023-06-27	HighGrowth	7.6733
2023-06-27	Cash	2.3359
2023-06-27	BalancedIndexed	1.3684
2023-06-27	AustralianSharesIndexed	1.4599
2023-06-27	OverseasSharesIndexed	1.5936
2023-06-27	SustainableGrowth	1.0862
2023-06-24	CoreStrategy	2.1604
2023-06-24	CapitalStable	3.8393
2023-06-24	Balanced	4.8704
2023-06-24	HighGrowth	7.7055
2023-06-24	Cash	2.3357
2023-06-24	BalancedIndexed	1.3743
2023-06-24	AustralianSharesIndexed	1.4773
2023-06-24	OverseasSharesIndexed	1.5887
2023-06-24	SustainableGrowth	1.0921
2023-06-23	CoreStrategy	2.1676
2023-06-23	CapitalStable	3.8449
2023-06-23	Balanced	4.8813
2023-06-23	HighGrowth	7.7384
2023-06-23	Cash	2.3355
2023-06-23	BalancedIndexed	1.3809
2023-06-23	AustralianSharesIndexed	1.4995
2023-06-23	OverseasSharesIndexed	1.585
2023-06-23	SustainableGrowth	1.0984
2023-06-22	CoreStrategy	2.1728
2023-06-22	CapitalStable	3.8473
2023-06-22	Balanced	4.8879
2023-06-22	HighGrowth	7.7622
2023-06-22	Cash	2.3352
2023-06-22	BalancedIndexed	1.3852
2023-06-22	AustralianSharesIndexed	1.507
2023-06-22	OverseasSharesIndexed	1.5918
2023-06-22	SustainableGrowth	1.1017
2023-06-21	CoreStrategy	2.1653
2023-06-21	CapitalStable	3.8393
2023-06-21	Balanced	4.875
2023-06-21	HighGrowth	7.7283
2023-06-21	Cash	2.335
2023-06-21	BalancedIndexed	1.3753
2023-06-21	AustralianSharesIndexed	1.4887
2023-06-21	OverseasSharesIndexed	1.5773
2023-06-21	SustainableGrowth	1.0983
2023-06-20	CoreStrategy	2.1621
2023-06-20	CapitalStable	3.8362
2023-06-20	Balanced	4.8696
2023-06-20	HighGrowth	7.7134
2023-06-20	Cash	2.3344
2023-06-20	BalancedIndexed	1.3728
2023-06-20	AustralianSharesIndexed	1.4809
2023-06-20	OverseasSharesIndexed	1.5763
2023-06-20	SustainableGrowth	1.0961
2023-06-17	CoreStrategy	2.1589
2023-06-17	CapitalStable	3.8341
2023-06-17	Balanced	4.8648
2023-06-17	HighGrowth	7.6973
2023-06-17	Cash	2.3342
2023-06-17	BalancedIndexed	1.3696
2023-06-17	AustralianSharesIndexed	1.4669
2023-06-17	OverseasSharesIndexed	1.5813
2023-06-17	SustainableGrowth	1.0942
2023-06-16	CoreStrategy	2.1545
2023-06-16	CapitalStable	3.8328
2023-06-16	Balanced	4.8598
2023-06-16	HighGrowth	7.6777
2023-06-16	Cash	2.3339
2023-06-16	BalancedIndexed	1.3657
2023-06-16	AustralianSharesIndexed	1.4644
2023-06-16	OverseasSharesIndexed	1.5739
2023-06-16	SustainableGrowth	1.0903
2023-06-15	CoreStrategy	2.1546
2023-06-15	CapitalStable	3.8342
2023-06-15	Balanced	4.8612
2023-06-15	HighGrowth	7.6793
2023-06-15	Cash	2.3339
2023-06-15	BalancedIndexed	1.3649
2023-06-15	AustralianSharesIndexed	1.4604
2023-06-15	OverseasSharesIndexed	1.5775
2023-06-15	SustainableGrowth	1.0893
2023-06-14	CoreStrategy	2.1506
2023-06-14	CapitalStable	3.8311
2023-06-14	Balanced	4.8551
2023-06-14	HighGrowth	7.6622
2023-06-14	Cash	2.3335
2023-06-14	BalancedIndexed	1.3623
2023-06-14	AustralianSharesIndexed	1.4573
2023-06-14	OverseasSharesIndexed	1.5745
2023-06-14	SustainableGrowth	1.0867
2023-06-10	CoreStrategy	2.1459
2023-06-10	CapitalStable	3.8288
2023-06-10	Balanced	4.8488
2023-06-10	HighGrowth	7.6416
2023-06-10	Cash	2.3326
2023-06-10	BalancedIndexed	1.3579
2023-06-10	AustralianSharesIndexed	1.453
2023-06-10	OverseasSharesIndexed	1.5713
2023-06-10	SustainableGrowth	1.0844
2023-06-09	CoreStrategy	2.1486
2023-06-09	CapitalStable	3.8319
2023-06-09	Balanced	4.8533
2023-06-09	HighGrowth	7.6524
2023-06-09	Cash	2.3324
2023-06-09	BalancedIndexed	1.3593
2023-06-09	AustralianSharesIndexed	1.4566
2023-06-09	OverseasSharesIndexed	1.5724
2023-06-09	SustainableGrowth	1.0872
2023-06-08	CoreStrategy	2.1519
2023-06-08	CapitalStable	3.8358
2023-06-08	Balanced	4.8587
2023-06-08	HighGrowth	7.6658
2023-06-08	Cash	2.332
2023-06-08	BalancedIndexed	1.3628
2023-06-08	AustralianSharesIndexed	1.4584
2023-06-08	OverseasSharesIndexed	1.5791
2023-06-08	SustainableGrowth	1.0885
2023-06-07	CoreStrategy	2.1584
2023-06-07	CapitalStable	3.8417
2023-06-07	Balanced	4.8689
2023-06-07	HighGrowth	7.6953
2023-06-07	Cash	2.3317
2023-06-07	BalancedIndexed	1.3683
2023-06-07	AustralianSharesIndexed	1.4738
2023-06-07	OverseasSharesIndexed	1.5841
2023-06-07	SustainableGrowth	1.0921
2023-06-06	CoreStrategy	2.155
2023-06-06	CapitalStable	3.8407
2023-06-06	Balanced	4.8649
2023-06-06	HighGrowth	7.6767
2023-06-06	Cash	2.3311
2023-06-06	BalancedIndexed	1.3661
2023-06-06	AustralianSharesIndexed	1.4613
2023-06-06	OverseasSharesIndexed	1.5872
2023-06-06	SustainableGrowth	1.0903
2023-06-03	CoreStrategy	2.148
2023-06-03	CapitalStable	3.8377
2023-06-03	Balanced	4.8547
2023-06-03	HighGrowth	7.6431
2023-06-03	Cash	2.3309
2023-06-03	BalancedIndexed	1.3597
2023-06-03	AustralianSharesIndexed	1.4546
2023-06-03	OverseasSharesIndexed	1.5784
2023-06-03	SustainableGrowth	1.0847
2023-06-02	CoreStrategy	2.145
2023-06-02	CapitalStable	3.8355
2023-06-02	Balanced	4.8509
2023-06-02	HighGrowth	7.6331
2023-06-02	Cash	2.3306
2023-06-02	BalancedIndexed	1.357
2023-06-02	AustralianSharesIndexed	1.4512
2023-06-02	OverseasSharesIndexed	1.5813
2023-06-02	SustainableGrowth	1.0832
2023-06-01	CoreStrategy	2.1516
2023-06-01	CapitalStable	3.8363
2023-06-01	Balanced	4.858
2023-06-01	HighGrowth	7.6674
2023-06-01	Cash	2.3304
2023-06-01	BalancedIndexed	1.3651
2023-06-01	AustralianSharesIndexed	1.4721
2023-06-01	OverseasSharesIndexed	1.5834
2023-06-01	SustainableGrowth	1.0891
2023-05-31	CoreStrategy	2.151
2023-05-31	CapitalStable	3.8332
2023-05-31	Balanced	4.855
2023-05-31	HighGrowth	7.6671
2023-05-31	Cash	2.3302
2023-05-31	BalancedIndexed	1.3645
2023-05-31	AustralianSharesIndexed	1.4735
2023-05-31	OverseasSharesIndexed	1.5802
2023-05-31	SustainableGrowth	1.0889
2023-05-30	CoreStrategy	2.1494
2023-05-30	CapitalStable	3.8327
2023-05-30	Balanced	4.8539
2023-05-30	HighGrowth	7.6608
2023-05-30	Cash	2.3295
2023-05-30	BalancedIndexed	1.3616
2023-05-30	AustralianSharesIndexed	1.462
2023-05-30	OverseasSharesIndexed	1.5865
2023-05-30	SustainableGrowth	1.0866
2023-05-27	CoreStrategy	2.1417
2023-05-27	CapitalStable	3.8283
2023-05-27	Balanced	4.8421
2023-05-27	HighGrowth	7.624
2023-05-27	Cash	2.3291
2023-05-27	BalancedIndexed	1.3549
2023-05-27	AustralianSharesIndexed	1.459
2023-05-27	OverseasSharesIndexed	1.5696
2023-05-27	SustainableGrowth	1.0814
2023-05-26	CoreStrategy	2.1426
2023-05-26	CapitalStable	3.8297
2023-05-26	Balanced	4.8439
2023-05-26	HighGrowth	7.6276
2023-05-26	Cash	2.3291
2023-05-26	BalancedIndexed	1.3571
2023-05-26	AustralianSharesIndexed	1.4725
2023-05-26	OverseasSharesIndexed	1.5587
2023-05-26	SustainableGrowth	1.0831
2023-05-25	CoreStrategy	2.1463
2023-05-25	CapitalStable	3.8316
2023-05-25	Balanced	4.8488
2023-05-25	HighGrowth	7.642
2023-05-25	Cash	2.3289
2023-05-25	BalancedIndexed	1.361
2023-05-25	AustralianSharesIndexed	1.481
2023-05-25	OverseasSharesIndexed	1.5547
2023-05-25	SustainableGrowth	1.088
2023-05-24	CoreStrategy	2.152
2023-05-24	CapitalStable	3.8354
2023-05-24	Balanced	4.8573
2023-05-24	HighGrowth	7.6664
2023-05-24	Cash	2.3287
2023-05-24	BalancedIndexed	1.3656
2023-05-24	AustralianSharesIndexed	1.4814
2023-05-24	OverseasSharesIndexed	1.5646
2023-05-24	SustainableGrowth	1.0924
2023-05-23	CoreStrategy	2.1509
2023-05-23	CapitalStable	3.8352
2023-05-23	Balanced	4.8558
2023-05-23	HighGrowth	7.661
2023-05-23	Cash	2.328
2023-05-23	BalancedIndexed	1.3654
2023-05-23	AustralianSharesIndexed	1.4845
2023-05-23	OverseasSharesIndexed	1.5599
2023-05-23	SustainableGrowth	1.0931
2023-05-20	CoreStrategy	2.152
2023-05-20	CapitalStable	3.8385
2023-05-20	Balanced	4.8593
2023-05-20	HighGrowth	7.6626
2023-05-20	Cash	2.3278
2023-05-20	BalancedIndexed	1.3652
2023-05-20	AustralianSharesIndexed	1.4767
2023-05-20	OverseasSharesIndexed	1.5681
2023-05-20	SustainableGrowth	1.0922
2023-05-19	CoreStrategy	2.1445
2023-05-19	CapitalStable	3.8344
2023-05-19	Balanced	4.8486
2023-05-19	HighGrowth	7.6253
2023-05-19	Cash	2.3274
2023-05-19	BalancedIndexed	1.3588
2023-05-19	AustralianSharesIndexed	1.4698
2023-05-19	OverseasSharesIndexed	1.5515
2023-05-19	SustainableGrowth	1.087
2023-05-18	CoreStrategy	2.1425
2023-05-18	CapitalStable	3.8337
2023-05-18	Balanced	4.8454
2023-05-18	HighGrowth	7.615
2023-05-18	Cash	2.3271
2023-05-18	BalancedIndexed	1.3564
2023-05-18	AustralianSharesIndexed	1.4762
2023-05-18	OverseasSharesIndexed	1.5371
2023-05-18	SustainableGrowth	1.085
2023-05-17	CoreStrategy	2.1465
2023-05-17	CapitalStable	3.8375
2023-05-17	Balanced	4.8522
2023-05-17	HighGrowth	7.6306
2023-05-17	Cash	2.3269
2023-05-17	BalancedIndexed	1.3602
2023-05-17	AustralianSharesIndexed	1.4822
2023-05-17	OverseasSharesIndexed	1.5403
2023-05-17	SustainableGrowth	1.0905
2023-05-16	CoreStrategy	2.1448
2023-05-16	CapitalStable	3.8383
2023-05-16	Balanced	4.8518
2023-05-16	HighGrowth	7.6226
2023-05-16	Cash	2.3263
2023-05-16	BalancedIndexed	1.3594
2023-05-16	AustralianSharesIndexed	1.4781
2023-05-16	OverseasSharesIndexed	1.5425
2023-05-16	SustainableGrowth	1.0888
2023-05-13	CoreStrategy	2.1412
2023-05-13	CapitalStable	3.8332
2023-05-13	Balanced	4.8444
2023-05-13	HighGrowth	7.6081
2023-05-13	Cash	2.326
2023-05-13	BalancedIndexed	1.3575
2023-05-13	AustralianSharesIndexed	1.4772
2023-05-13	OverseasSharesIndexed	1.5342
2023-05-13	SustainableGrowth	1.086
2023-05-12	CoreStrategy	2.1379
2023-05-12	CapitalStable	3.8291
2023-05-12	Balanced	4.8387
2023-05-12	HighGrowth	7.5952
2023-05-12	Cash	2.3258
2023-05-12	BalancedIndexed	1.3546
2023-05-12	AustralianSharesIndexed	1.4763
2023-05-12	OverseasSharesIndexed	1.5253
2023-05-12	SustainableGrowth	1.085
2023-05-11	CoreStrategy	2.1357
2023-05-11	CapitalStable	3.8276
2023-05-11	Balanced	4.8353
2023-05-11	HighGrowth	7.5856
2023-05-11	Cash	2.3256
2023-05-11	BalancedIndexed	1.3531
2023-05-11	AustralianSharesIndexed	1.4759
2023-05-11	OverseasSharesIndexed	1.5225
2023-05-11	SustainableGrowth	1.0841
2023-05-10	CoreStrategy	2.1378
2023-05-10	CapitalStable	3.8299
2023-05-10	Balanced	4.8385
2023-05-10	HighGrowth	7.5925
2023-05-10	Cash	2.3254
2023-05-10	BalancedIndexed	1.3546
2023-05-10	AustralianSharesIndexed	1.4783
2023-05-10	OverseasSharesIndexed	1.5212
2023-05-10	SustainableGrowth	1.0856
2023-05-09	CoreStrategy	2.1366
2023-05-09	CapitalStable	3.8309
2023-05-09	Balanced	4.8383
2023-05-09	HighGrowth	7.5845
2023-05-09	Cash	2.3245
2023-05-09	BalancedIndexed	1.3533
2023-05-09	AustralianSharesIndexed	1.468
2023-05-09	OverseasSharesIndexed	1.5285
2023-05-09	SustainableGrowth	1.085
2023-05-06	CoreStrategy	2.1317
2023-05-06	CapitalStable	3.8277
2023-05-06	Balanced	4.8313
2023-05-06	HighGrowth	7.5637
2023-05-06	Cash	2.3245
2023-05-06	BalancedIndexed	1.3476
2023-05-06	AustralianSharesIndexed	1.4629
2023-05-06	OverseasSharesIndexed	1.5219
2023-05-06	SustainableGrowth	1.08
2023-05-05	CoreStrategy	2.1333
2023-05-05	CapitalStable	3.8283
2023-05-05	Balanced	4.8341
2023-05-05	HighGrowth	7.5743
2023-05-05	Cash	2.3243
2023-05-05	BalancedIndexed	1.35
2023-05-05	AustralianSharesIndexed	1.4635
2023-05-05	OverseasSharesIndexed	1.5298
2023-05-05	SustainableGrowth	1.0826
2023-05-04	CoreStrategy	2.1401
2023-05-04	CapitalStable	3.8319
2023-05-04	Balanced	4.8431
2023-05-04	HighGrowth	7.6053
2023-05-04	Cash	2.3241
2023-05-04	BalancedIndexed	1.3553
2023-05-04	AustralianSharesIndexed	1.4758
2023-05-04	OverseasSharesIndexed	1.5352
2023-05-04	SustainableGrowth	1.0872
2023-05-03	CoreStrategy	2.1517
2023-05-03	CapitalStable	3.8414
2023-05-03	Balanced	4.8625
2023-05-03	HighGrowth	7.6602
2023-05-03	Cash	2.3236
2023-05-03	BalancedIndexed	1.3654
2023-05-03	AustralianSharesIndexed	1.4875
2023-05-03	OverseasSharesIndexed	1.5535
2023-05-03	SustainableGrowth	1.0956
2023-05-02	CoreStrategy	2.1528
2023-05-02	CapitalStable	3.8413
2023-05-02	Balanced	4.8635
2023-05-02	HighGrowth	7.6632
2023-05-02	Cash	2.3234
2023-05-02	BalancedIndexed	1.3665
2023-05-02	AustralianSharesIndexed	1.483
2023-05-02	OverseasSharesIndexed	1.5633
2023-05-02	SustainableGrowth	1.0963
2023-04-29	CoreStrategy	2.1455
2023-04-29	CapitalStable	3.8366
2023-04-29	Balanced	4.8527
2023-04-29	HighGrowth	7.6319
2023-04-29	Cash	2.323
2023-04-29	BalancedIndexed	1.3603
2023-04-29	AustralianSharesIndexed	1.4797
2023-04-29	OverseasSharesIndexed	1.5511
2023-04-29	SustainableGrowth	1.09
2023-04-28	CoreStrategy	2.1398
2023-04-28	CapitalStable	3.8316
2023-04-28	Balanced	4.8421
2023-04-28	HighGrowth	7.605
2023-04-28	Cash	2.3228
2023-04-28	BalancedIndexed	1.3562
2023-04-28	AustralianSharesIndexed	1.4842
2023-04-28	OverseasSharesIndexed	1.5345
2023-04-28	SustainableGrowth	1.0873
2023-04-27	CoreStrategy	2.1398
2023-04-27	CapitalStable	3.8305
2023-04-27	Balanced	4.8422
2023-04-27	HighGrowth	7.6081
2023-04-27	Cash	2.3223
2023-04-27	BalancedIndexed	1.3566
2023-04-27	AustralianSharesIndexed	1.4854
2023-04-27	OverseasSharesIndexed	1.534
2023-04-27	SustainableGrowth	1.0891
2023-04-25	CoreStrategy	2.1433
2023-04-25	CapitalStable	3.8311
2023-04-25	Balanced	4.8472
2023-04-25	HighGrowth	7.628
2023-04-25	Cash	2.3212
2023-04-25	BalancedIndexed	1.3595
2023-04-25	AustralianSharesIndexed	1.4867
2023-04-25	OverseasSharesIndexed	1.5393
2023-04-25	SustainableGrowth	1.0914
2023-04-22	CoreStrategy	2.1397
2023-04-22	CapitalStable	3.8272
2023-04-22	Balanced	4.8401
2023-04-22	HighGrowth	7.6106
2023-04-22	Cash	2.321
2023-04-22	BalancedIndexed	1.3573
2023-04-22	AustralianSharesIndexed	1.4923
2023-04-22	OverseasSharesIndexed	1.5218
2023-04-22	SustainableGrowth	1.0895
2023-04-21	CoreStrategy	2.1444
2023-04-21	CapitalStable	3.831
2023-04-21	Balanced	4.8482
2023-04-21	HighGrowth	7.6333
2023-04-21	Cash	2.321
2023-04-21	BalancedIndexed	1.361
2023-04-21	AustralianSharesIndexed	1.493
2023-04-21	OverseasSharesIndexed	1.5364
2023-04-21	SustainableGrowth	1.0921
2023-04-20	CoreStrategy	2.1452
2023-04-20	CapitalStable	3.8322
2023-04-20	Balanced	4.849
2023-04-20	HighGrowth	7.6334
2023-04-20	Cash	2.3208
2023-04-20	BalancedIndexed	1.3611
2023-04-20	AustralianSharesIndexed	1.4922
2023-04-20	OverseasSharesIndexed	1.5351
2023-04-20	SustainableGrowth	1.0924
2023-04-19	CoreStrategy	2.1491
2023-04-19	CapitalStable	3.837
2023-04-19	Balanced	4.8563
2023-04-19	HighGrowth	7.6503
2023-04-19	Cash	2.3206
2023-04-19	BalancedIndexed	1.3634
2023-04-19	AustralianSharesIndexed	1.4958
2023-04-19	OverseasSharesIndexed	1.5398
2023-04-19	SustainableGrowth	1.0936
2023-04-18	CoreStrategy	2.1459
2023-04-18	CapitalStable	3.8368
2023-04-18	Balanced	4.8523
2023-04-18	HighGrowth	7.6332
2023-04-18	Cash	2.3199
2023-04-18	BalancedIndexed	1.3611
2023-04-18	AustralianSharesIndexed	1.4923
2023-04-18	OverseasSharesIndexed	1.5337
2023-04-18	SustainableGrowth	1.0893
2023-04-15	CoreStrategy	2.1418
2023-04-15	CapitalStable	3.8338
2023-04-15	Balanced	4.8455
2023-04-15	HighGrowth	7.611
2023-04-15	Cash	2.3197
2023-04-15	BalancedIndexed	1.3576
2023-04-15	AustralianSharesIndexed	1.4853
2023-04-15	OverseasSharesIndexed	1.5248
2023-04-15	SustainableGrowth	1.087
2023-04-14	CoreStrategy	2.1424
2023-04-14	CapitalStable	3.8342
2023-04-14	Balanced	4.8468
2023-04-14	HighGrowth	7.6131
2023-04-14	Cash	2.3195
2023-04-14	BalancedIndexed	1.3567
2023-04-14	AustralianSharesIndexed	1.4887
2023-04-14	OverseasSharesIndexed	1.5239
2023-04-14	SustainableGrowth	1.0876
2023-04-13	CoreStrategy	2.1436
2023-04-13	CapitalStable	3.8365
2023-04-13	Balanced	4.8497
2023-04-13	HighGrowth	7.6163
2023-04-13	Cash	2.3192
2023-04-13	BalancedIndexed	1.3571
2023-04-13	AustralianSharesIndexed	1.4825
2023-04-13	OverseasSharesIndexed	1.5323
2023-04-13	SustainableGrowth	1.0884
2023-04-12	CoreStrategy	2.1371
2023-04-12	CapitalStable	3.8316
2023-04-12	Balanced	4.8399
2023-04-12	HighGrowth	7.5855
2023-04-12	Cash	2.3188
2023-04-12	BalancedIndexed	1.352
2023-04-12	AustralianSharesIndexed	1.4659
2023-04-12	OverseasSharesIndexed	1.5332
2023-04-12	SustainableGrowth	1.083
2023-04-07	CoreStrategy	2.1315
2023-04-07	CapitalStable	3.8266
2023-04-07	Balanced	4.8294
2023-04-07	HighGrowth	7.5609
2023-04-07	Cash	2.3179
2023-04-07	BalancedIndexed	1.3476
2023-04-07	AustralianSharesIndexed	1.469
2023-04-07	OverseasSharesIndexed	1.5135
2023-04-07	SustainableGrowth	1.0794
2023-04-06	CoreStrategy	2.1297
2023-04-06	CapitalStable	3.8234
2023-04-06	Balanced	4.8251
2023-04-06	HighGrowth	7.5535
2023-04-06	Cash	2.3175
2023-04-06	BalancedIndexed	1.3475
2023-04-06	AustralianSharesIndexed	1.4684
2023-04-06	OverseasSharesIndexed	1.5118
2023-04-06	SustainableGrowth	1.0796
2023-04-05	CoreStrategy	2.1274
2023-04-05	CapitalStable	3.8199
2023-04-05	Balanced	4.8206
2023-04-05	HighGrowth	7.5448
2023-04-05	Cash	2.3175
2023-04-05	BalancedIndexed	1.3463
2023-04-05	AustralianSharesIndexed	1.466
2023-04-05	OverseasSharesIndexed	1.5082
2023-04-05	SustainableGrowth	1.0781
2023-04-04	CoreStrategy	2.1276
2023-04-04	CapitalStable	3.8186
2023-04-04	Balanced	4.8211
2023-04-04	HighGrowth	7.5504
2023-04-04	Cash	2.3168
2023-04-04	BalancedIndexed	1.3453
2023-04-04	AustralianSharesIndexed	1.4576
2023-04-04	OverseasSharesIndexed	1.5199
2023-04-04	SustainableGrowth	1.0789
2023-04-01	CoreStrategy	2.1143
2023-04-01	CapitalStable	3.8058
2023-04-01	Balanced	4.7986
2023-04-01	HighGrowth	7.4948
2023-04-01	Cash	2.3164
2023-04-01	BalancedIndexed	1.3352
2023-04-01	AustralianSharesIndexed	1.4476
2023-04-01	OverseasSharesIndexed	1.5023
2023-04-01	SustainableGrowth	1.0703
2023-03-31	CoreStrategy	2.1055
2023-03-31	CapitalStable	3.7985
2023-03-31	Balanced	4.7844
2023-03-31	HighGrowth	7.4562
2023-03-31	Cash	2.3162
2023-03-31	BalancedIndexed	1.3285
2023-03-31	AustralianSharesIndexed	1.4342
2023-03-31	OverseasSharesIndexed	1.4957
2023-03-31	SustainableGrowth	1.0644
2023-03-30	CoreStrategy	2.0962
2023-03-30	CapitalStable	3.7926
2023-03-30	Balanced	4.7694
2023-03-30	HighGrowth	7.4117
2023-03-30	Cash	2.3162
2023-03-30	BalancedIndexed	1.3204
2023-03-30	AustralianSharesIndexed	1.4312
2023-03-30	OverseasSharesIndexed	1.4748
2023-03-30	SustainableGrowth	1.0577
2023-03-29	CoreStrategy	2.0952
2023-03-29	CapitalStable	3.7921
2023-03-29	Balanced	4.7681
2023-03-29	HighGrowth	7.4055
2023-03-29	Cash	2.3159
2023-03-29	BalancedIndexed	1.3194
2023-03-29	AustralianSharesIndexed	1.418
2023-03-29	OverseasSharesIndexed	1.4859
2023-03-29	SustainableGrowth	1.0557
2023-03-28	CoreStrategy	2.0916
2023-03-28	CapitalStable	3.7866
2023-03-28	Balanced	4.7603
2023-03-28	HighGrowth	7.3895
2023-03-28	Cash	2.3151
2023-03-28	BalancedIndexed	1.3176
2023-03-28	AustralianSharesIndexed	1.4167
2023-03-28	OverseasSharesIndexed	1.4802
2023-03-28	SustainableGrowth	1.0523
2023-03-25	CoreStrategy	2.0873
2023-03-25	CapitalStable	3.7815
2023-03-25	Balanced	4.7514
2023-03-25	HighGrowth	7.3712
2023-03-25	Cash	2.3151
2023-03-25	BalancedIndexed	1.3146
2023-03-25	AustralianSharesIndexed	1.4188
2023-03-25	OverseasSharesIndexed	1.4667
2023-03-25	SustainableGrowth	1.0501
2023-03-24	CoreStrategy	2.0894
2023-03-24	CapitalStable	3.7825
2023-03-24	Balanced	4.7544
2023-03-24	HighGrowth	7.3825
2023-03-24	Cash	2.3149
2023-03-24	BalancedIndexed	1.3163
2023-03-24	AustralianSharesIndexed	1.4273
2023-03-24	OverseasSharesIndexed	1.4678
2023-03-24	SustainableGrowth	1.0516
2023-03-23	CoreStrategy	2.0928
2023-03-23	CapitalStable	3.7843
2023-03-23	Balanced	4.7601
2023-03-23	HighGrowth	7.3956
2023-03-23	Cash	2.3146
2023-03-23	BalancedIndexed	1.3199
2023-03-23	AustralianSharesIndexed	1.4167
2023-03-23	OverseasSharesIndexed	1.488
2023-03-23	SustainableGrowth	1.0557
2023-03-22	CoreStrategy	2.0781
2023-03-22	CapitalStable	3.7723
2023-03-22	Balanced	4.7369
2023-03-22	HighGrowth	7.3296
2023-03-22	Cash	2.3144
2023-03-22	BalancedIndexed	1.3087
2023-03-22	AustralianSharesIndexed	1.4063
2023-03-22	OverseasSharesIndexed	1.4589
2023-03-22	SustainableGrowth	1.0483
2023-03-21	CoreStrategy	2.0824
2023-03-21	CapitalStable	3.775
2023-03-21	Balanced	4.7431
2023-03-21	HighGrowth	7.3531
2023-03-21	Cash	2.3138
2023-03-21	BalancedIndexed	1.3103
2023-03-21	AustralianSharesIndexed	1.4235
2023-03-21	OverseasSharesIndexed	1.4527
2023-03-21	SustainableGrowth	1.0502
2023-03-18	CoreStrategy	2.0861
2023-03-18	CapitalStable	3.7774
2023-03-18	Balanced	4.7507
2023-03-18	HighGrowth	7.374
2023-03-18	Cash	2.3135
2023-03-18	BalancedIndexed	1.3138
2023-03-18	AustralianSharesIndexed	1.4179
2023-03-18	OverseasSharesIndexed	1.4704
2023-03-18	SustainableGrowth	1.0538
2023-03-17	CoreStrategy	2.0865
2023-03-17	CapitalStable	3.776
2023-03-17	Balanced	4.7498
2023-03-17	HighGrowth	7.3787
2023-03-17	Cash	2.3133
2023-03-17	BalancedIndexed	1.3138
2023-03-17	AustralianSharesIndexed	1.4365
2023-03-17	OverseasSharesIndexed	1.4578
2023-03-17	SustainableGrowth	1.0529
2023-03-16	CoreStrategy	2.0861
2023-03-16	CapitalStable	3.776
2023-03-16	Balanced	4.7501
2023-03-16	HighGrowth	7.3762
2023-03-16	Cash	2.3131
2023-03-16	BalancedIndexed	1.3131
2023-03-16	AustralianSharesIndexed	1.4252
2023-03-16	OverseasSharesIndexed	1.4655
2023-03-16	SustainableGrowth	1.0522
2023-03-15	CoreStrategy	2.0856
2023-03-15	CapitalStable	3.7711
2023-03-15	Balanced	4.7437
2023-03-15	HighGrowth	7.3716
2023-03-15	Cash	2.3127
2023-03-15	BalancedIndexed	1.3122
2023-03-15	AustralianSharesIndexed	1.4435
2023-03-15	OverseasSharesIndexed	1.445
2023-03-15	SustainableGrowth	1.0508
2023-03-14	CoreStrategy	2.0927
2023-03-14	CapitalStable	3.7737
2023-03-14	Balanced	4.754
2023-03-14	HighGrowth	7.4124
2023-03-14	Cash	2.3122
2023-03-14	BalancedIndexed	1.3179
2023-03-14	AustralianSharesIndexed	1.4495
2023-03-14	OverseasSharesIndexed	1.4626
2023-03-14	SustainableGrowth	1.0566
2023-03-11	CoreStrategy	2.1121
2023-03-11	CapitalStable	3.7846
2023-03-11	Balanced	4.783
2023-03-11	HighGrowth	7.5092
2023-03-11	Cash	2.312
2023-03-11	BalancedIndexed	1.3328
2023-03-11	AustralianSharesIndexed	1.4795
2023-03-11	OverseasSharesIndexed	1.4823
2023-03-11	SustainableGrowth	1.0707
2023-03-10	CoreStrategy	2.1182
2023-03-10	CapitalStable	3.7884
2023-03-10	Balanced	4.7931
2023-03-10	HighGrowth	7.5369
2023-03-10	Cash	2.3116
2023-03-10	BalancedIndexed	1.337
2023-03-10	AustralianSharesIndexed	1.4729
2023-03-10	OverseasSharesIndexed	1.5012
2023-03-10	SustainableGrowth	1.0747
2023-03-09	CoreStrategy	2.1206
2023-03-09	CapitalStable	3.79
2023-03-09	Balanced	4.7963
2023-03-09	HighGrowth	7.5487
2023-03-09	Cash	2.3116
2023-03-09	BalancedIndexed	1.3392
2023-03-09	AustralianSharesIndexed	1.4804
2023-03-09	OverseasSharesIndexed	1.5009
2023-03-09	SustainableGrowth	1.076
2023-03-08	CoreStrategy	2.117
2023-03-08	CapitalStable	3.7832
2023-03-08	Balanced	4.7882
2023-03-08	HighGrowth	7.532
2023-03-08	Cash	2.3114
2023-03-08	BalancedIndexed	1.3377
2023-03-08	AustralianSharesIndexed	1.4738
2023-03-08	OverseasSharesIndexed	1.4948
2023-03-08	SustainableGrowth	1.0746
2023-03-07	CoreStrategy	2.1115
2023-03-07	CapitalStable	3.7778
2023-03-07	Balanced	4.7796
2023-03-07	HighGrowth	7.5097
2023-03-07	Cash	2.3107
2023-03-07	BalancedIndexed	1.3328
2023-03-07	AustralianSharesIndexed	1.4649
2023-03-07	OverseasSharesIndexed	1.4895
2023-03-07	SustainableGrowth	1.0716
2023-03-04	CoreStrategy	2.1036
2023-03-04	CapitalStable	3.7744
2023-03-04	Balanced	4.769
2023-03-04	HighGrowth	7.4742
2023-03-04	Cash	2.3105
2023-03-04	BalancedIndexed	1.325
2023-03-04	AustralianSharesIndexed	1.4598
2023-03-04	OverseasSharesIndexed	1.4733
2023-03-04	SustainableGrowth	1.0658
2023-03-03	CoreStrategy	2.0985
2023-03-03	CapitalStable	3.7713
2023-03-03	Balanced	4.7604
2023-03-03	HighGrowth	7.4481
2023-03-03	Cash	2.3103
2023-03-03	BalancedIndexed	1.3208
2023-03-03	AustralianSharesIndexed	1.4583
2023-03-03	OverseasSharesIndexed	1.4594
2023-03-03	SustainableGrowth	1.0633
2023-03-02	CoreStrategy	2.1001
2023-03-02	CapitalStable	3.7723
2023-03-02	Balanced	4.7634
2023-03-02	HighGrowth	7.4563
2023-03-02	Cash	2.31
2023-03-02	BalancedIndexed	1.323
2023-03-02	AustralianSharesIndexed	1.4585
2023-03-02	OverseasSharesIndexed	1.4673
2023-03-02	SustainableGrowth	1.0674
2023-03-01	CoreStrategy	2.1003
2023-03-01	CapitalStable	3.7724
2023-03-01	Balanced	4.7643
2023-03-01	HighGrowth	7.4573
2023-03-01	Cash	2.3098
2023-03-01	BalancedIndexed	1.3223
2023-03-01	AustralianSharesIndexed	1.4515
2023-03-01	OverseasSharesIndexed	1.4736
2023-03-01	SustainableGrowth	1.0668
2023-02-28	CoreStrategy	2.1039
2023-02-28	CapitalStable	3.7763
2023-02-28	Balanced	4.7703
2023-02-28	HighGrowth	7.4744
2023-02-28	Cash	2.3092
2023-02-28	BalancedIndexed	1.3248
2023-02-28	AustralianSharesIndexed	1.465
2023-02-28	OverseasSharesIndexed	1.4673
2023-02-28	SustainableGrowth	1.0687
2023-02-25	CoreStrategy	2.1028
2023-02-25	CapitalStable	3.7749
2023-02-25	Balanced	4.7681
2023-02-25	HighGrowth	7.4656
2023-02-25	Cash	2.309
2023-02-25	BalancedIndexed	1.3252
2023-02-25	AustralianSharesIndexed	1.461
2023-02-25	OverseasSharesIndexed	1.4654
2023-02-25	SustainableGrowth	1.0673
2023-02-24	CoreStrategy	2.1029
2023-02-24	CapitalStable	3.7744
2023-02-24	Balanced	4.7675
2023-02-24	HighGrowth	7.4668
2023-02-24	Cash	2.3087
2023-02-24	BalancedIndexed	1.3246
2023-02-24	AustralianSharesIndexed	1.4659
2023-02-24	OverseasSharesIndexed	1.4591
2023-02-24	SustainableGrowth	1.0646
2023-02-23	CoreStrategy	2.1015
2023-02-23	CapitalStable	3.7738
2023-02-23	Balanced	4.7654
2023-02-23	HighGrowth	7.4577
2023-02-23	Cash	2.3085
2023-02-23	BalancedIndexed	1.3237
2023-02-23	AustralianSharesIndexed	1.4677
2023-02-23	OverseasSharesIndexed	1.4497
2023-02-23	SustainableGrowth	1.0643
2023-02-22	CoreStrategy	2.1104
2023-02-22	CapitalStable	3.7799
2023-02-22	Balanced	4.7788
2023-02-22	HighGrowth	7.4946
2023-02-22	Cash	2.3083
2023-02-22	BalancedIndexed	1.3317
2023-02-22	AustralianSharesIndexed	1.4698
2023-02-22	OverseasSharesIndexed	1.466
2023-02-22	SustainableGrowth	1.0715
2023-02-21	CoreStrategy	2.1128
2023-02-21	CapitalStable	3.782
2023-02-21	Balanced	4.7828
2023-02-21	HighGrowth	7.5061
2023-02-21	Cash	2.3079
2023-02-21	BalancedIndexed	1.3335
2023-02-21	AustralianSharesIndexed	1.4682
2023-02-21	OverseasSharesIndexed	1.4769
2023-02-21	SustainableGrowth	1.074
2023-02-18	CoreStrategy	2.118
2023-02-18	CapitalStable	3.7862
2023-02-18	Balanced	4.7904
2023-02-18	HighGrowth	7.5281
2023-02-18	Cash	2.3076
2023-02-18	BalancedIndexed	1.338
2023-02-18	AustralianSharesIndexed	1.4798
2023-02-18	OverseasSharesIndexed	1.4774
2023-02-18	SustainableGrowth	1.0769
2023-02-17	CoreStrategy	2.1182
2023-02-17	CapitalStable	3.7865
2023-02-17	Balanced	4.7911
2023-02-17	HighGrowth	7.5262
2023-02-17	Cash	2.3074
2023-02-17	BalancedIndexed	1.3393
2023-02-17	AustralianSharesIndexed	1.4691
2023-02-17	OverseasSharesIndexed	1.489
2023-02-17	SustainableGrowth	1.0765
2023-02-16	CoreStrategy	2.1169
2023-02-16	CapitalStable	3.7856
2023-02-16	Balanced	4.7884
2023-02-16	HighGrowth	7.5181
2023-02-16	Cash	2.307
2023-02-16	BalancedIndexed	1.3386
2023-02-16	AustralianSharesIndexed	1.4827
2023-02-16	OverseasSharesIndexed	1.4689
2023-02-16	SustainableGrowth	1.0768
2023-02-15	CoreStrategy	2.1163
2023-02-15	CapitalStable	3.785
2023-02-15	Balanced	4.7873
2023-02-15	HighGrowth	7.514
2023-02-15	Cash	2.3068
2023-02-15	BalancedIndexed	1.3379
2023-02-15	AustralianSharesIndexed	1.4801
2023-02-15	OverseasSharesIndexed	1.4693
2023-02-15	SustainableGrowth	1.0766
2023-02-14	CoreStrategy	2.1148
2023-02-14	CapitalStable	3.7855
2023-02-14	Balanced	4.7859
2023-02-14	HighGrowth	7.5075
2023-02-14	Cash	2.3063
2023-02-14	BalancedIndexed	1.3358
2023-02-14	AustralianSharesIndexed	1.4831
2023-02-14	OverseasSharesIndexed	1.4641
2023-02-14	SustainableGrowth	1.0756
2023-02-11	CoreStrategy	2.1199
2023-02-11	CapitalStable	3.7944
2023-02-11	Balanced	4.7958
2023-02-11	HighGrowth	7.5236
2023-02-11	Cash	2.3061
2023-02-11	BalancedIndexed	1.3384
2023-02-11	AustralianSharesIndexed	1.4932
2023-02-11	OverseasSharesIndexed	1.4573
2023-02-11	SustainableGrowth	1.0782
2023-02-10	CoreStrategy	2.1266
2023-02-10	CapitalStable	3.7995
2023-02-10	Balanced	4.8061
2023-02-10	HighGrowth	7.5534
2023-02-10	Cash	2.3059
2023-02-10	BalancedIndexed	1.3446
2023-02-10	AustralianSharesIndexed	1.5003
2023-02-10	OverseasSharesIndexed	1.4691
2023-02-10	SustainableGrowth	1.0832
2023-02-09	CoreStrategy	2.1298
2023-02-09	CapitalStable	3.8029
2023-02-09	Balanced	4.8117
2023-02-09	HighGrowth	7.5658
2023-02-09	Cash	2.3057
2023-02-09	BalancedIndexed	1.3477
2023-02-09	AustralianSharesIndexed	1.4958
2023-02-09	OverseasSharesIndexed	1.4828
2023-02-09	SustainableGrowth	1.0851
2023-02-08	CoreStrategy	2.1318
2023-02-08	CapitalStable	3.8068
2023-02-08	Balanced	4.8153
2023-02-08	HighGrowth	7.5701
2023-02-08	Cash	2.3057
2023-02-08	BalancedIndexed	1.3485
2023-02-08	AustralianSharesIndexed	1.502
2023-02-08	OverseasSharesIndexed	1.4804
2023-02-08	SustainableGrowth	1.0874
2023-02-07	CoreStrategy	2.1323
2023-02-07	CapitalStable	3.8071
2023-02-07	Balanced	4.8149
2023-02-07	HighGrowth	7.5675
2023-02-07	Cash	2.305
2023-02-07	BalancedIndexed	1.3499
2023-02-07	AustralianSharesIndexed	1.5057
2023-02-07	OverseasSharesIndexed	1.4708
2023-02-07	SustainableGrowth	1.0886
2023-02-04	CoreStrategy	2.1254
2023-02-04	CapitalStable	3.7987
2023-02-04	Balanced	4.8029
2023-02-04	HighGrowth	7.5367
2023-02-04	Cash	2.3048
2023-02-04	BalancedIndexed	1.3454
2023-02-04	AustralianSharesIndexed	1.4975
2023-02-04	OverseasSharesIndexed	1.4588
2023-02-04	SustainableGrowth	1.0854
2023-02-03	CoreStrategy	2.1192
2023-02-03	CapitalStable	3.7933
2023-02-03	Balanced	4.7925
2023-02-03	HighGrowth	7.5126
2023-02-03	Cash	2.3046
2023-02-03	BalancedIndexed	1.3384
2023-02-03	AustralianSharesIndexed	1.4951
2023-02-03	OverseasSharesIndexed	1.4463
2023-02-03	SustainableGrowth	1.0794
2023-02-02	CoreStrategy	2.1139
2023-02-02	CapitalStable	3.79
2023-02-02	Balanced	4.7858
2023-02-02	HighGrowth	7.4924
2023-02-02	Cash	2.3046
2023-02-02	BalancedIndexed	1.3338
2023-02-02	AustralianSharesIndexed	1.4906
2023-02-02	OverseasSharesIndexed	1.4399
2023-02-02	SustainableGrowth	1.0745
2023-02-01	CoreStrategy	2.1086
2023-02-01	CapitalStable	3.7867
2023-02-01	Balanced	4.7771
2023-02-01	HighGrowth	7.4668
2023-02-01	Cash	2.3044
2023-02-01	BalancedIndexed	1.3284
2023-02-01	AustralianSharesIndexed	1.492
2023-02-01	OverseasSharesIndexed	1.421
2023-02-01	SustainableGrowth	1.0706
2023-01-31	CoreStrategy	2.1139
2023-01-31	CapitalStable	3.7908
2023-01-31	Balanced	4.7854
2023-01-31	HighGrowth	7.4894
2023-01-31	Cash	2.3037
2023-01-31	BalancedIndexed	1.333
2023-01-31	AustralianSharesIndexed	1.4939
2023-01-31	OverseasSharesIndexed	1.4313
2023-01-31	SustainableGrowth	1.0735
2023-01-28	CoreStrategy	2.1114
2023-01-28	CapitalStable	3.7897
2023-01-28	Balanced	4.7817
2023-01-28	HighGrowth	7.4766
2023-01-28	Cash	2.3035
2023-01-28	BalancedIndexed	1.3311
2023-01-28	AustralianSharesIndexed	1.4894
2023-01-28	OverseasSharesIndexed	1.4289
2023-01-28	SustainableGrowth	1.0714
2023-01-26	CoreStrategy	2.1103
2023-01-26	CapitalStable	3.7895
2023-01-26	Balanced	4.7806
2023-01-26	HighGrowth	7.4732
2023-01-26	Cash	2.3033
2023-01-26	BalancedIndexed	1.3308
2023-01-26	AustralianSharesIndexed	1.4932
2023-01-26	OverseasSharesIndexed	1.425
2023-01-26	SustainableGrowth	1.0703
2023-01-25	CoreStrategy	2.1089
2023-01-25	CapitalStable	3.7893
2023-01-25	Balanced	4.7796
2023-01-25	HighGrowth	7.4676
2023-01-25	Cash	2.303
2023-01-25	BalancedIndexed	1.329
2023-01-25	AustralianSharesIndexed	1.4873
2023-01-25	OverseasSharesIndexed	1.4275
2023-01-25	SustainableGrowth	1.0678
2023-01-24	CoreStrategy	2.1085
2023-01-24	CapitalStable	3.7911
2023-01-24	Balanced	4.7798
2023-01-24	HighGrowth	7.4648
2023-01-24	Cash	2.3024
2023-01-24	BalancedIndexed	1.3273
2023-01-24	AustralianSharesIndexed	1.4859
2023-01-24	OverseasSharesIndexed	1.4291
2023-01-24	SustainableGrowth	1.0661
2023-01-21	CoreStrategy	2.1032
2023-01-21	CapitalStable	3.7866
2023-01-21	Balanced	4.7703
2023-01-21	HighGrowth	7.44
2023-01-21	Cash	2.3019
2023-01-21	BalancedIndexed	1.3227
2023-01-21	AustralianSharesIndexed	1.4831
2023-01-21	OverseasSharesIndexed	1.4212
2023-01-21	SustainableGrowth	1.063
2023-01-20	CoreStrategy	2.0984
2023-01-20	CapitalStable	3.7794
2023-01-20	Balanced	4.761
2023-01-20	HighGrowth	7.4199
2023-01-20	Cash	2.3019
2023-01-20	BalancedIndexed	1.3191
2023-01-20	AustralianSharesIndexed	1.4761
2023-01-20	OverseasSharesIndexed	1.4124
2023-01-20	SustainableGrowth	1.0624
2023-01-19	CoreStrategy	2.1019
2023-01-19	CapitalStable	3.78
2023-01-19	Balanced	4.7663
2023-01-19	HighGrowth	7.441
2023-01-19	Cash	2.3017
2023-01-19	BalancedIndexed	1.3222
2023-01-19	AustralianSharesIndexed	1.4746
2023-01-19	OverseasSharesIndexed	1.4268
2023-01-19	SustainableGrowth	1.0661
2023-01-18	CoreStrategy	2.1039
2023-01-18	CapitalStable	3.7818
2023-01-18	Balanced	4.7699
2023-01-18	HighGrowth	7.4514
2023-01-18	Cash	2.3015
2023-01-18	BalancedIndexed	1.3236
2023-01-18	AustralianSharesIndexed	1.4753
2023-01-18	OverseasSharesIndexed	1.4329
2023-01-18	SustainableGrowth	1.0665
2023-01-17	CoreStrategy	2.0994
2023-01-17	CapitalStable	3.7782
2023-01-17	Balanced	4.7627
2023-01-17	HighGrowth	7.4305
2023-01-17	Cash	2.3009
2023-01-17	BalancedIndexed	1.3198
2023-01-17	AustralianSharesIndexed	1.4641
2023-01-17	OverseasSharesIndexed	1.4327
2023-01-17	SustainableGrowth	1.0638
2023-01-14	CoreStrategy	2.0938
2023-01-14	CapitalStable	3.7729
2023-01-14	Balanced	4.754
2023-01-14	HighGrowth	7.408
2023-01-14	Cash	2.3009
2023-01-14	BalancedIndexed	1.3159
2023-01-14	AustralianSharesIndexed	1.4555
2023-01-14	OverseasSharesIndexed	1.4301
2023-01-14	SustainableGrowth	1.0615
2023-01-13	CoreStrategy	2.0857
2023-01-13	CapitalStable	3.7646
2023-01-13	Balanced	4.7408
2023-01-13	HighGrowth	7.3771
2023-01-13	Cash	2.3006
2023-01-13	BalancedIndexed	1.3083
2023-01-13	AustralianSharesIndexed	1.4403
2023-01-13	OverseasSharesIndexed	1.4275
2023-01-13	SustainableGrowth	1.0561
2023-01-12	CoreStrategy	2.0755
2023-01-12	CapitalStable	3.7579
2023-01-12	Balanced	4.7256
2023-01-12	HighGrowth	7.3338
2023-01-12	Cash	2.3004
2023-01-12	BalancedIndexed	1.2993
2023-01-12	AustralianSharesIndexed	1.4284
2023-01-12	OverseasSharesIndexed	1.4166
2023-01-12	SustainableGrowth	1.0477
2023-01-11	CoreStrategy	2.0718
2023-01-11	CapitalStable	3.7535
2023-01-11	Balanced	4.7181
2023-01-11	HighGrowth	7.3157
2023-01-11	Cash	2.3002
2023-01-11	BalancedIndexed	1.2967
2023-01-11	AustralianSharesIndexed	1.4319
2023-01-11	OverseasSharesIndexed	1.4009
2023-01-11	SustainableGrowth	1.0456
2023-01-10	CoreStrategy	2.0699
2023-01-10	CapitalStable	3.75
2023-01-10	Balanced	4.7146
2023-01-10	HighGrowth	7.3121
2023-01-10	Cash	2.2998
2023-01-10	BalancedIndexed	1.2958
2023-01-10	AustralianSharesIndexed	1.4241
2023-01-10	OverseasSharesIndexed	1.4138
2023-01-10	SustainableGrowth	1.046
2023-01-07	CoreStrategy	2.0624
2023-01-07	CapitalStable	3.745
2023-01-07	Balanced	4.7033
2023-01-07	HighGrowth	7.283
2023-01-07	Cash	2.2995
2023-01-07	BalancedIndexed	1.2871
2023-01-07	AustralianSharesIndexed	1.416
2023-01-07	OverseasSharesIndexed	1.4057
2023-01-07	SustainableGrowth	1.0396
2023-01-06	CoreStrategy	2.0605
2023-01-06	CapitalStable	3.7401
2023-01-06	Balanced	4.6986
2023-01-06	HighGrowth	7.2749
2023-01-06	Cash	2.2993
2023-01-06	BalancedIndexed	1.2867
2023-01-06	AustralianSharesIndexed	1.4144
2023-01-06	OverseasSharesIndexed	1.3986
2023-01-06	SustainableGrowth	1.0404
2023-01-05	CoreStrategy	2.053
2023-01-05	CapitalStable	3.7337
2023-01-05	Balanced	4.6874
2023-01-05	HighGrowth	7.2467
2023-01-05	Cash	2.2991
2023-01-05	BalancedIndexed	1.2797
2023-01-05	AustralianSharesIndexed	1.3942
2023-01-05	OverseasSharesIndexed	1.4084
2023-01-05	SustainableGrowth	1.0332
2023-01-04	CoreStrategy	2.0558
2023-01-04	CapitalStable	3.7357
2023-01-04	Balanced	4.6918
2023-01-04	HighGrowth	7.2629
2023-01-04	Cash	2.2984
2023-01-04	BalancedIndexed	1.2826
2023-01-04	AustralianSharesIndexed	1.4111
2023-01-04	OverseasSharesIndexed	1.4016
2023-01-04	SustainableGrowth	1.0344
2022-12-31	CoreStrategy	2.057
2022-12-31	CapitalStable	3.7348
2022-12-31	Balanced	4.693
2022-12-31	HighGrowth	7.2694
2022-12-31	Cash	2.2982
2022-12-31	BalancedIndexed	1.2841
2022-12-31	AustralianSharesIndexed	1.4072
2022-12-31	OverseasSharesIndexed	1.4092
2022-12-31	SustainableGrowth	1.0358
2022-12-30	CoreStrategy	2.0566
2022-12-30	CapitalStable	3.7416
2022-12-30	Balanced	4.6962
2022-12-30	HighGrowth	7.2643
2022-12-30	Cash	2.298
2022-12-30	BalancedIndexed	1.2808
2022-12-30	AustralianSharesIndexed	1.417
2022-12-30	OverseasSharesIndexed	1.3922
2022-12-30	SustainableGrowth	1.0306
2022-12-29	CoreStrategy	2.0643
2022-12-29	CapitalStable	3.7481
2022-12-29	Balanced	4.7082
2022-12-29	HighGrowth	7.2947
2022-12-29	Cash	2.2978
2022-12-29	BalancedIndexed	1.2884
2022-12-29	AustralianSharesIndexed	1.4211
2022-12-29	OverseasSharesIndexed	1.4078
2022-12-29	SustainableGrowth	1.038
2022-12-24	CoreStrategy	2.0705
2022-12-24	CapitalStable	3.7547
2022-12-24	Balanced	4.7178
2022-12-24	HighGrowth	7.3184
2022-12-24	Cash	2.2969
2022-12-24	BalancedIndexed	1.2935
2022-12-24	AustralianSharesIndexed	1.4289
2022-12-24	OverseasSharesIndexed	1.417
2022-12-24	SustainableGrowth	1.0419
2022-12-23	CoreStrategy	2.0716
2022-12-23	CapitalStable	3.7553
2022-12-23	Balanced	4.7198
2022-12-23	HighGrowth	7.3222
2022-12-23	Cash	2.2967
2022-12-23	BalancedIndexed	1.2959
2022-12-23	AustralianSharesIndexed	1.4221
2022-12-23	OverseasSharesIndexed	1.4261
2022-12-23	SustainableGrowth	1.0425
2022-12-22	CoreStrategy	2.0621
2022-12-22	CapitalStable	3.7504
2022-12-22	Balanced	4.7064
2022-12-22	HighGrowth	7.2771
2022-12-22	Cash	2.2965
2022-12-22	BalancedIndexed	1.2861
2022-12-22	AustralianSharesIndexed	1.4056
2022-12-22	OverseasSharesIndexed	1.4188
2022-12-22	SustainableGrowth	1.0351
2022-12-21	CoreStrategy	2.0678
2022-12-21	CapitalStable	3.7556
2022-12-21	Balanced	4.7141
2022-12-21	HighGrowth	7.2964
2022-12-21	Cash	2.2962
2022-12-21	BalancedIndexed	1.2923
2022-12-21	AustralianSharesIndexed	1.4255
2022-12-21	OverseasSharesIndexed	1.4086
2022-12-21	SustainableGrowth	1.0403
2022-12-20	CoreStrategy	2.072
2022-12-20	CapitalStable	3.7615
2022-12-20	Balanced	4.7251
2022-12-20	HighGrowth	7.3254
2022-12-20	Cash	2.2958
2022-12-20	BalancedIndexed	1.2984
2022-12-20	AustralianSharesIndexed	1.4282
2022-12-20	OverseasSharesIndexed	1.4225
2022-12-20	SustainableGrowth	1.0457
2022-12-17	CoreStrategy	2.0799
2022-12-17	CapitalStable	3.7677
2022-12-17	Balanced	4.7379
2022-12-17	HighGrowth	7.3586
2022-12-17	Cash	2.2956
2022-12-17	BalancedIndexed	1.3055
2022-12-17	AustralianSharesIndexed	1.4379
2022-12-17	OverseasSharesIndexed	1.4288
2022-12-17	SustainableGrowth	1.0525
2022-12-16	CoreStrategy	2.0876
2022-12-16	CapitalStable	3.7714
2022-12-16	Balanced	4.7479
2022-12-16	HighGrowth	7.3892
2022-12-16	Cash	2.2954
2022-12-16	BalancedIndexed	1.3149
2022-12-16	AustralianSharesIndexed	1.4463
2022-12-16	OverseasSharesIndexed	1.4351
2022-12-16	SustainableGrowth	1.0593
2022-12-15	CoreStrategy	2.0852
2022-12-15	CapitalStable	3.7679
2022-12-15	Balanced	4.7432
2022-12-15	HighGrowth	7.378
2022-12-15	Cash	2.2951
2022-12-15	BalancedIndexed	1.3131
2022-12-15	AustralianSharesIndexed	1.4375
2022-12-15	OverseasSharesIndexed	1.4371
2022-12-15	SustainableGrowth	1.0581
2022-12-14	CoreStrategy	2.0858
2022-12-14	CapitalStable	3.7697
2022-12-14	Balanced	4.7457
2022-12-14	HighGrowth	7.3855
2022-12-14	Cash	2.2949
2022-12-14	BalancedIndexed	1.3123
2022-12-14	AustralianSharesIndexed	1.4332
2022-12-14	OverseasSharesIndexed	1.4488
2022-12-14	SustainableGrowth	1.0559
2022-12-13	CoreStrategy	2.0814
2022-12-13	CapitalStable	3.7664
2022-12-13	Balanced	4.7378
2022-12-13	HighGrowth	7.3631
2022-12-13	Cash	2.2945
2022-12-13	BalancedIndexed	1.3086
2022-12-13	AustralianSharesIndexed	1.4391
2022-12-13	OverseasSharesIndexed	1.4274
2022-12-13	SustainableGrowth	1.0529
2022-12-10	CoreStrategy	2.0825
2022-12-10	CapitalStable	3.7672
2022-12-10	Balanced	4.7393
2022-12-10	HighGrowth	7.3662
2022-12-10	Cash	2.2943
2022-12-10	BalancedIndexed	1.3093
2022-12-10	AustralianSharesIndexed	1.4325
2022-12-10	OverseasSharesIndexed	1.4375
2022-12-10	SustainableGrowth	1.0535
2022-12-09	CoreStrategy	2.0842
2022-12-09	CapitalStable	3.7689
2022-12-09	Balanced	4.7421
2022-12-09	HighGrowth	7.3758
2022-12-09	Cash	2.2941
2022-12-09	BalancedIndexed	1.3113
2022-12-09	AustralianSharesIndexed	1.4415
2022-12-09	OverseasSharesIndexed	1.4368
2022-12-09	SustainableGrowth	1.0547
2022-12-08	CoreStrategy	2.0916
2022-12-08	CapitalStable	3.7735
2022-12-08	Balanced	4.7536
2022-12-08	HighGrowth	7.4139
2022-12-08	Cash	2.2938
2022-12-08	BalancedIndexed	1.3165
2022-12-08	AustralianSharesIndexed	1.4527
2022-12-08	OverseasSharesIndexed	1.4448
2022-12-08	SustainableGrowth	1.0577
2022-12-07	CoreStrategy	2.0977
2022-12-07	CapitalStable	3.777
2022-12-07	Balanced	4.7618
2022-12-07	HighGrowth	7.4412
2022-12-07	Cash	2.2938
2022-12-07	BalancedIndexed	1.3225
2022-12-07	AustralianSharesIndexed	1.4592
2022-12-07	OverseasSharesIndexed	1.4525
2022-12-07	SustainableGrowth	1.0625
2022-12-06	CoreStrategy	2.1013
2022-12-06	CapitalStable	3.7776
2022-12-06	Balanced	4.766
2022-12-06	HighGrowth	7.4562
2022-12-06	Cash	2.2932
2022-12-06	BalancedIndexed	1.3269
2022-12-06	AustralianSharesIndexed	1.4548
2022-12-06	OverseasSharesIndexed	1.4666
2022-12-06	SustainableGrowth	1.0672
2022-12-03	CoreStrategy	2.1034
2022-12-03	CapitalStable	3.7768
2022-12-03	Balanced	4.7672
2022-12-03	HighGrowth	7.4688
2022-12-03	Cash	2.2929
2022-12-03	BalancedIndexed	1.328
2022-12-03	AustralianSharesIndexed	1.4641
2022-12-03	OverseasSharesIndexed	1.4628
2022-12-03	SustainableGrowth	1.0686
2022-12-02	CoreStrategy	2.1014
2022-12-02	CapitalStable	3.7737
2022-12-02	Balanced	4.765
2022-12-02	HighGrowth	7.466
2022-12-02	Cash	2.2927
2022-12-02	BalancedIndexed	1.3264
2022-12-02	AustralianSharesIndexed	1.4517
2022-12-02	OverseasSharesIndexed	1.4757
2022-12-02	SustainableGrowth	1.0658
2022-12-01	CoreStrategy	2.0845
2022-12-01	CapitalStable	3.7627
2022-12-01	Balanced	4.7403
2022-12-01	HighGrowth	7.392
2022-12-01	Cash	2.2925
2022-12-01	BalancedIndexed	1.3122
2022-12-01	AustralianSharesIndexed	1.4451
2022-12-01	OverseasSharesIndexed	1.4437
2022-12-01	SustainableGrowth	1.0544
2022-11-30	CoreStrategy	2.0846
2022-11-30	CapitalStable	3.7637
2022-11-30	Balanced	4.7407
2022-11-30	HighGrowth	7.3916
2022-11-30	Cash	2.2927
2022-11-30	BalancedIndexed	1.313
2022-11-30	AustralianSharesIndexed	1.4408
2022-11-30	OverseasSharesIndexed	1.4507
2022-11-30	SustainableGrowth	1.0554
2022-11-29	CoreStrategy	2.0903
2022-11-29	CapitalStable	3.7665
2022-11-29	Balanced	4.7484
2022-11-29	HighGrowth	7.4153
2022-11-29	Cash	2.2921
2022-11-29	BalancedIndexed	1.3181
2022-11-29	AustralianSharesIndexed	1.4462
2022-11-29	OverseasSharesIndexed	1.4566
2022-11-29	SustainableGrowth	1.0606
2022-11-26	CoreStrategy	2.0879
2022-11-26	CapitalStable	3.7647
2022-11-26	Balanced	4.7446
2022-11-26	HighGrowth	7.404
2022-11-26	Cash	2.2918
2022-11-26	BalancedIndexed	1.3169
2022-11-26	AustralianSharesIndexed	1.4432
2022-11-26	OverseasSharesIndexed	1.4535
2022-11-26	SustainableGrowth	1.0583
2022-11-25	CoreStrategy	2.0874
2022-11-25	CapitalStable	3.7631
2022-11-25	Balanced	4.7435
2022-11-25	HighGrowth	7.4043
2022-11-25	Cash	2.2916
2022-11-25	BalancedIndexed	1.3167
2022-11-25	AustralianSharesIndexed	1.4412
2022-11-25	OverseasSharesIndexed	1.4588
2022-11-25	SustainableGrowth	1.0578
2022-11-24	CoreStrategy	2.0854
2022-11-24	CapitalStable	3.7613
2022-11-24	Balanced	4.7411
2022-11-24	HighGrowth	7.3979
2022-11-24	Cash	2.2914
2022-11-24	BalancedIndexed	1.3138
2022-11-24	AustralianSharesIndexed	1.4324
2022-11-24	OverseasSharesIndexed	1.465
2022-11-24	SustainableGrowth	1.0563
2022-11-23	CoreStrategy	2.0786
2022-11-23	CapitalStable	3.756
2022-11-23	Balanced	4.7311
2022-11-23	HighGrowth	7.3703
2022-11-23	Cash	2.2914
2022-11-23	BalancedIndexed	1.3073
2022-11-23	AustralianSharesIndexed	1.4249
2022-11-23	OverseasSharesIndexed	1.4569
2022-11-23	SustainableGrowth	1.0517
2022-11-22	CoreStrategy	2.0761
2022-11-22	CapitalStable	3.7526
2022-11-22	Balanced	4.7249
2022-11-22	HighGrowth	7.3578
2022-11-22	Cash	2.2908
2022-11-22	BalancedIndexed	1.306
2022-11-22	AustralianSharesIndexed	1.4273
2022-11-22	OverseasSharesIndexed	1.4459
2022-11-22	SustainableGrowth	1.0487
2022-11-19	CoreStrategy	2.0732
2022-11-19	CapitalStable	3.7503
2022-11-19	Balanced	4.7203
2022-11-19	HighGrowth	7.347
2022-11-19	Cash	2.2903
2022-11-19	BalancedIndexed	1.3043
2022-11-19	AustralianSharesIndexed	1.4244
2022-11-19	OverseasSharesIndexed	1.4457
2022-11-19	SustainableGrowth	1.046
2022-11-18	CoreStrategy	2.0689
2022-11-18	CapitalStable	3.7447
2022-11-18	Balanced	4.7117
2022-11-18	HighGrowth	7.3267
2022-11-18	Cash	2.2901
2022-11-18	BalancedIndexed	1.3004
2022-11-18	AustralianSharesIndexed	1.4207
2022-11-18	OverseasSharesIndexed	1.4328
2022-11-18	SustainableGrowth	1.0428
2022-11-17	CoreStrategy	2.0722
2022-11-17	CapitalStable	3.7451
2022-11-17	Balanced	4.7159
2022-11-17	HighGrowth	7.3448
2022-11-17	Cash	2.2903
2022-11-17	BalancedIndexed	1.3035
2022-11-17	AustralianSharesIndexed	1.4244
2022-11-17	OverseasSharesIndexed	1.4386
2022-11-17	SustainableGrowth	1.046
2022-11-16	CoreStrategy	2.0691
2022-11-16	CapitalStable	3.743
2022-11-16	Balanced	4.7113
2022-11-16	HighGrowth	7.3326
2022-11-16	Cash	2.2901
2022-11-16	BalancedIndexed	1.3014
2022-11-16	AustralianSharesIndexed	1.4236
2022-11-16	OverseasSharesIndexed	1.4392
2022-11-16	SustainableGrowth	1.0459
2022-11-15	CoreStrategy	2.0752
2022-11-15	CapitalStable	3.747
2022-11-15	Balanced	4.7203
2022-11-15	HighGrowth	7.359
2022-11-15	Cash	2.2894
2022-11-15	BalancedIndexed	1.3065
2022-11-15	AustralianSharesIndexed	1.4252
2022-11-15	OverseasSharesIndexed	1.4514
2022-11-15	SustainableGrowth	1.0512
2022-11-12	CoreStrategy	2.0614
2022-11-12	CapitalStable	3.7323
2022-11-12	Balanced	4.6971
2022-11-12	HighGrowth	7.2979
2022-11-12	Cash	2.2892
2022-11-12	BalancedIndexed	1.2938
2022-11-12	AustralianSharesIndexed	1.3903
2022-11-12	OverseasSharesIndexed	1.4536
2022-11-12	SustainableGrowth	1.0426
2022-11-11	CoreStrategy	2.0461
2022-11-11	CapitalStable	3.7209
2022-11-11	Balanced	4.6744
2022-11-11	HighGrowth	7.2449
2022-11-11	Cash	2.289
2022-11-11	BalancedIndexed	1.2782
2022-11-11	AustralianSharesIndexed	1.3968
2022-11-11	OverseasSharesIndexed	1.4195
2022-11-11	SustainableGrowth	1.0282
2022-11-10	CoreStrategy	2.0458
2022-11-10	CapitalStable	3.719
2022-11-10	Balanced	4.673
2022-11-10	HighGrowth	7.2429
2022-11-10	Cash	2.289
2022-11-10	BalancedIndexed	1.2786
2022-11-10	AustralianSharesIndexed	1.3896
2022-11-10	OverseasSharesIndexed	1.4243
2022-11-10	SustainableGrowth	1.0281
2022-11-09	CoreStrategy	2.0445
2022-11-09	CapitalStable	3.7204
2022-11-09	Balanced	4.6731
2022-11-09	HighGrowth	7.2382
2022-11-09	Cash	2.2888
2022-11-09	BalancedIndexed	1.2766
2022-11-09	AustralianSharesIndexed	1.3853
2022-11-09	OverseasSharesIndexed	1.4257
2022-11-09	SustainableGrowth	1.0245
2022-11-08	CoreStrategy	2.0389
2022-11-08	CapitalStable	3.7167
2022-11-08	Balanced	4.6646
2022-11-08	HighGrowth	7.2108
2022-11-08	Cash	2.2881
2022-11-08	BalancedIndexed	1.2712
2022-11-08	AustralianSharesIndexed	1.376
2022-11-08	OverseasSharesIndexed	1.4193
2022-11-08	SustainableGrowth	1.0209
2022-11-05	CoreStrategy	2.0379
2022-11-05	CapitalStable	3.7185
2022-11-05	Balanced	4.6651
2022-11-05	HighGrowth	7.207
2022-11-05	Cash	2.2879
2022-11-05	BalancedIndexed	1.2683
2022-11-05	AustralianSharesIndexed	1.37
2022-11-05	OverseasSharesIndexed	1.428
2022-11-05	SustainableGrowth	1.0203
2022-11-04	CoreStrategy	2.0456
2022-11-04	CapitalStable	3.7256
2022-11-04	Balanced	4.6772
2022-11-04	HighGrowth	7.2409
2022-11-04	Cash	2.2877
2022-11-04	BalancedIndexed	1.2768
2022-11-04	AustralianSharesIndexed	1.3929
2022-11-04	OverseasSharesIndexed	1.4198
2022-11-04	SustainableGrowth	1.0267
2022-11-03	CoreStrategy	2.057
2022-11-03	CapitalStable	3.7339
2022-11-03	Balanced	4.6952
2022-11-03	HighGrowth	7.2905
2022-11-03	Cash	2.2879
2022-11-03	BalancedIndexed	1.2865
2022-11-03	AustralianSharesIndexed	1.3911
2022-11-03	OverseasSharesIndexed	1.4486
2022-11-03	SustainableGrowth	1.0365
2022-11-02	CoreStrategy	2.0486
2022-11-02	CapitalStable	3.727
2022-11-02	Balanced	4.6816
2022-11-02	HighGrowth	7.2492
2022-11-02	Cash	2.2877
2022-11-02	BalancedIndexed	1.2801
2022-11-02	AustralianSharesIndexed	1.3709
2022-11-02	OverseasSharesIndexed	1.4492
2022-11-02	SustainableGrowth	1.0305
2022-11-01	CoreStrategy	2.0458
2022-11-01	CapitalStable	3.7238
2022-11-01	Balanced	4.6763
2022-11-01	HighGrowth	7.2318
2022-11-01	Cash	2.287
2022-11-01	BalancedIndexed	1.2777
2022-11-01	AustralianSharesIndexed	1.357
2022-11-01	OverseasSharesIndexed	1.4537
2022-11-01	SustainableGrowth	1.0274
2022-10-29	CoreStrategy	2.0351
2022-10-29	CapitalStable	3.7151
2022-10-29	Balanced	4.6582
2022-10-29	HighGrowth	7.1858
2022-10-29	Cash	2.2868
2022-10-29	BalancedIndexed	1.2699
2022-10-29	AustralianSharesIndexed	1.3678
2022-10-29	OverseasSharesIndexed	1.4176
2022-10-29	SustainableGrowth	1.02
2022-10-28	CoreStrategy	2.0327
2022-10-28	CapitalStable	3.7103
2022-10-28	Balanced	4.6531
2022-10-28	HighGrowth	7.1797
2022-10-28	Cash	2.2866
2022-10-28	BalancedIndexed	1.2687
2022-10-28	AustralianSharesIndexed	1.3615
2022-10-28	OverseasSharesIndexed	1.4232
2022-10-28	SustainableGrowth	1.0184
2022-10-27	CoreStrategy	2.0349
2022-10-27	CapitalStable	3.7091
2022-10-27	Balanced	4.6562
2022-10-27	HighGrowth	7.1976
2022-10-27	Cash	2.2866
2022-10-27	BalancedIndexed	1.2717
2022-10-27	AustralianSharesIndexed	1.3591
2022-10-27	OverseasSharesIndexed	1.4433
2022-10-27	SustainableGrowth	1.0181
2022-10-26	CoreStrategy	2.0286
2022-10-26	CapitalStable	3.7031
2022-10-26	Balanced	4.6458
2022-10-26	HighGrowth	7.1757
2022-10-26	Cash	2.2866
2022-10-26	BalancedIndexed	1.2655
2022-10-26	AustralianSharesIndexed	1.3559
2022-10-26	OverseasSharesIndexed	1.4408
2022-10-26	SustainableGrowth	1.0109
2022-10-25	CoreStrategy	2.0171
2022-10-25	CapitalStable	3.6947
2022-10-25	Balanced	4.627
2022-10-25	HighGrowth	7.1173
2022-10-25	Cash	2.2859
2022-10-25	BalancedIndexed	1.2527
2022-10-25	AustralianSharesIndexed	1.3369
2022-10-25	OverseasSharesIndexed	1.4211
2022-10-25	SustainableGrowth	1.0009
2022-10-22	CoreStrategy	2.0115
2022-10-22	CapitalStable	3.6913
2022-10-22	Balanced	4.6168
2022-10-22	HighGrowth	7.0874
2022-10-22	Cash	2.2857
2022-10-22	BalancedIndexed	1.2484
2022-10-22	AustralianSharesIndexed	1.3463
2022-10-22	OverseasSharesIndexed	1.3948
2022-10-22	SustainableGrowth	0.9985
2022-10-21	CoreStrategy	2.024
2022-10-21	CapitalStable	3.7023
2022-10-21	Balanced	4.6373
2022-10-21	HighGrowth	7.1433
2022-10-21	Cash	2.2855
2022-10-21	BalancedIndexed	1.2584
2022-10-21	AustralianSharesIndexed	1.359
2022-10-21	OverseasSharesIndexed	1.4129
2022-10-21	SustainableGrowth	1.0071
2022-10-20	CoreStrategy	2.028
2022-10-20	CapitalStable	3.7048
2022-10-20	Balanced	4.6437
2022-10-20	HighGrowth	7.1586
2022-10-20	Cash	2.2853
2022-10-20	BalancedIndexed	1.2606
2022-10-20	AustralianSharesIndexed	1.3551
2022-10-20	OverseasSharesIndexed	1.4209
2022-10-20	SustainableGrowth	1.0093
2022-10-19	CoreStrategy	2.0149
2022-10-19	CapitalStable	3.6934
2022-10-19	Balanced	4.6221
2022-10-19	HighGrowth	7.0977
2022-10-19	Cash	2.2855
2022-10-19	BalancedIndexed	1.2485
2022-10-19	AustralianSharesIndexed	1.3341
2022-10-19	OverseasSharesIndexed	1.4099
2022-10-19	SustainableGrowth	0.998
2022-10-18	CoreStrategy	2.0116
2022-10-18	CapitalStable	3.6932
2022-10-18	Balanced	4.6174
2022-10-18	HighGrowth	7.0853
2022-10-18	Cash	2.2848
2022-10-18	BalancedIndexed	1.2452
2022-10-18	AustralianSharesIndexed	1.3506
2022-10-18	OverseasSharesIndexed	1.3892
2022-10-18	SustainableGrowth	0.9933
2022-10-15	CoreStrategy	2.0138
2022-10-15	CapitalStable	3.6933
2022-10-15	Balanced	4.6197
2022-10-15	HighGrowth	7.0867
2022-10-15	Cash	2.2846
2022-10-15	BalancedIndexed	1.247
2022-10-15	AustralianSharesIndexed	1.3301
2022-10-15	OverseasSharesIndexed	1.4138
2022-10-15	SustainableGrowth	0.9946
2022-10-14	CoreStrategy	2.003
2022-10-14	CapitalStable	3.6863
2022-10-14	Balanced	4.602
2022-10-14	HighGrowth	7.0352
2022-10-14	Cash	2.2844
2022-10-14	BalancedIndexed	1.2369
2022-10-14	AustralianSharesIndexed	1.331
2022-10-14	OverseasSharesIndexed	1.3793
2022-10-14	SustainableGrowth	0.9864
2022-10-13	CoreStrategy	2.0054
2022-10-13	CapitalStable	3.6887
2022-10-13	Balanced	4.607
2022-10-13	HighGrowth	7.0464
2022-10-13	Cash	2.2844
2022-10-13	BalancedIndexed	1.2373
2022-10-13	AustralianSharesIndexed	1.3306
2022-10-13	OverseasSharesIndexed	1.3807
2022-10-13	SustainableGrowth	0.9865
2022-10-12	CoreStrategy	2.0128
2022-10-12	CapitalStable	3.6966
2022-10-12	Balanced	4.6198
2022-10-12	HighGrowth	7.0779
2022-10-12	Cash	2.2844
2022-10-12	BalancedIndexed	1.2436
2022-10-12	AustralianSharesIndexed	1.3349
2022-10-12	OverseasSharesIndexed	1.3915
2022-10-12	SustainableGrowth	0.9908
2022-10-11	CoreStrategy	2.0176
2022-10-11	CapitalStable	3.7004
2022-10-11	Balanced	4.6263
2022-10-11	HighGrowth	7.0972
2022-10-11	Cash	2.2837
2022-10-11	BalancedIndexed	1.2483
2022-10-11	AustralianSharesIndexed	1.3522
2022-10-11	OverseasSharesIndexed	1.3781
2022-10-11	SustainableGrowth	0.9949
2022-10-08	CoreStrategy	2.0346
2022-10-08	CapitalStable	3.7142
2022-10-08	Balanced	4.6531
2022-10-08	HighGrowth	7.1688
2022-10-08	Cash	2.2835
2022-10-08	BalancedIndexed	1.2626
2022-10-08	AustralianSharesIndexed	1.362
2022-10-08	OverseasSharesIndexed	1.405
2022-10-08	SustainableGrowth	1.007
2022-10-07	CoreStrategy	2.0386
2022-10-07	CapitalStable	3.7161
2022-10-07	Balanced	4.659
2022-10-07	HighGrowth	7.1854
2022-10-07	Cash	2.2833
2022-10-07	BalancedIndexed	1.2666
2022-10-07	AustralianSharesIndexed	1.361
2022-10-07	OverseasSharesIndexed	1.4127
2022-10-07	SustainableGrowth	1.0126
2022-10-06	CoreStrategy	2.0291
2022-10-06	CapitalStable	3.706
2022-10-06	Balanced	4.6424
2022-10-06	HighGrowth	7.1388
2022-10-06	Cash	2.2833
2022-10-06	BalancedIndexed	1.2598
2022-10-06	AustralianSharesIndexed	1.34
2022-10-06	OverseasSharesIndexed	1.4094
2022-10-06	SustainableGrowth	1.0093
2022-10-05	CoreStrategy	1.9952
2022-10-05	CapitalStable	3.6775
2022-10-05	Balanced	4.5867
2022-10-05	HighGrowth	6.9822
2022-10-05	Cash	2.2831
2022-10-05	BalancedIndexed	1.2296
2022-10-05	AustralianSharesIndexed	1.2973
2022-10-05	OverseasSharesIndexed	1.3672
2022-10-05	SustainableGrowth	0.9848
2022-10-04	CoreStrategy	1.9886
2022-10-04	CapitalStable	3.6731
2022-10-04	Balanced	4.5775
2022-10-04	HighGrowth	6.9577
2022-10-04	Cash	2.2826
2022-10-04	BalancedIndexed	1.2231
2022-10-04	AustralianSharesIndexed	1.3009
2022-10-04	OverseasSharesIndexed	1.3539
2022-10-04	SustainableGrowth	0.9801
2022-10-01	CoreStrategy	1.994
2022-10-01	CapitalStable	3.6774
2022-10-01	Balanced	4.587
2022-10-01	HighGrowth	6.9866
2022-10-01	Cash	2.2826
2022-10-01	BalancedIndexed	1.2299
2022-10-01	AustralianSharesIndexed	1.315
2022-10-01	OverseasSharesIndexed	1.3566
2022-10-01	SustainableGrowth	0.9842
2022-09-30	CoreStrategy	1.997
2022-09-30	CapitalStable	3.6772
2022-09-30	Balanced	4.5908
2022-09-30	HighGrowth	6.9956
2022-09-30	Cash	2.2824
2022-09-30	BalancedIndexed	1.2311
2022-09-30	AustralianSharesIndexed	1.2981
2022-09-30	OverseasSharesIndexed	1.3756
2022-09-30	SustainableGrowth	0.9875
2022-09-29	CoreStrategy	1.9917
2022-09-29	CapitalStable	3.6719
2022-09-29	Balanced	4.5825
2022-09-29	HighGrowth	6.9788
2022-09-29	Cash	2.2822
2022-09-29	BalancedIndexed	1.2261
2022-09-29	AustralianSharesIndexed	1.3042
2022-09-29	OverseasSharesIndexed	1.36
2022-09-29	SustainableGrowth	0.9839
2022-09-28	CoreStrategy	1.9915
2022-09-28	CapitalStable	3.6731
2022-09-28	Balanced	4.5816
2022-09-28	HighGrowth	6.9675
2022-09-28	Cash	2.282
2022-09-28	BalancedIndexed	1.2251
2022-09-28	AustralianSharesIndexed	1.2993
2022-09-28	OverseasSharesIndexed	1.3564
2022-09-28	SustainableGrowth	0.9847
2022-09-27	CoreStrategy	2.0065
2022-09-27	CapitalStable	3.6902
2022-09-27	Balanced	4.6094
2022-09-27	HighGrowth	7.0283
2022-09-27	Cash	2.2818
2022-09-27	BalancedIndexed	1.2364
2022-09-27	AustralianSharesIndexed	1.3189
2022-09-27	OverseasSharesIndexed	1.3626
2022-09-27	SustainableGrowth	0.995
2022-09-24	CoreStrategy	2.0218
2022-09-24	CapitalStable	3.7029
2022-09-24	Balanced	4.6345
2022-09-24	HighGrowth	7.0971
2022-09-24	Cash	2.2815
2022-09-24	BalancedIndexed	1.2505
2022-09-24	AustralianSharesIndexed	1.3414
2022-09-24	OverseasSharesIndexed	1.3704
2022-09-24	SustainableGrowth	1.0059
2022-09-22	CoreStrategy	2.0401
2022-09-22	CapitalStable	3.7164
2022-09-22	Balanced	4.6625
2022-09-22	HighGrowth	7.1769
2022-09-22	Cash	2.2811
2022-09-22	BalancedIndexed	1.2658
2022-09-22	AustralianSharesIndexed	1.3599
2022-09-22	OverseasSharesIndexed	1.39
2022-09-22	SustainableGrowth	1.0199
2022-09-21	CoreStrategy	2.0406
2022-09-21	CapitalStable	3.7156
2022-09-21	Balanced	4.6624
2022-09-21	HighGrowth	7.1741
2022-09-21	Cash	2.2811
2022-09-21	BalancedIndexed	1.2657
2022-09-21	AustralianSharesIndexed	1.3448
2022-09-21	OverseasSharesIndexed	1.4031
2022-09-21	SustainableGrowth	1.0227
2022-09-20	CoreStrategy	2.04
2022-09-20	CapitalStable	3.7162
2022-09-20	Balanced	4.6624
2022-09-20	HighGrowth	7.1709
2022-09-20	Cash	2.2804
2022-09-20	BalancedIndexed	1.2644
2022-09-20	AustralianSharesIndexed	1.3483
2022-09-20	OverseasSharesIndexed	1.3965
2022-09-20	SustainableGrowth	1.022
2022-09-17	CoreStrategy	2.0513
2022-09-17	CapitalStable	3.7258
2022-09-17	Balanced	4.6807
2022-09-17	HighGrowth	7.2225
2022-09-17	Cash	2.2807
2022-09-17	BalancedIndexed	1.2745
2022-09-17	AustralianSharesIndexed	1.3667
2022-09-17	OverseasSharesIndexed	1.4053
2022-09-17	SustainableGrowth	1.0295
2022-09-16	CoreStrategy	2.0536
2022-09-16	CapitalStable	3.7258
2022-09-16	Balanced	4.6833
2022-09-16	HighGrowth	7.2304
2022-09-16	Cash	2.2805
2022-09-16	BalancedIndexed	1.2771
2022-09-16	AustralianSharesIndexed	1.3637
2022-09-16	OverseasSharesIndexed	1.4117
2022-09-16	SustainableGrowth	1.0331
2022-09-15	CoreStrategy	2.0645
2022-09-15	CapitalStable	3.7337
2022-09-15	Balanced	4.6995
2022-09-15	HighGrowth	7.2817
2022-09-15	Cash	2.2802
2022-09-15	BalancedIndexed	1.2871
2022-09-15	AustralianSharesIndexed	1.3956
2022-09-15	OverseasSharesIndexed	1.4072
2022-09-15	SustainableGrowth	1.0432
2022-09-14	CoreStrategy	2.0746
2022-09-14	CapitalStable	3.7388
2022-09-14	Balanced	4.7136
2022-09-14	HighGrowth	7.3206
2022-09-14	Cash	2.28
2022-09-14	BalancedIndexed	1.2968
2022-09-14	AustralianSharesIndexed	1.3873
2022-09-14	OverseasSharesIndexed	1.4351
2022-09-14	SustainableGrowth	1.0512
2022-09-13	CoreStrategy	2.0666
2022-09-13	CapitalStable	3.7334
2022-09-13	Balanced	4.7009
2022-09-13	HighGrowth	7.282
2022-09-13	Cash	2.2796
2022-09-13	BalancedIndexed	1.289
2022-09-13	AustralianSharesIndexed	1.3749
2022-09-13	OverseasSharesIndexed	1.4265
2022-09-13	SustainableGrowth	1.0457
2022-09-10	CoreStrategy	2.0601
2022-09-10	CapitalStable	3.7293
2022-09-10	Balanced	4.692
2022-09-10	HighGrowth	7.256
2022-09-10	Cash	2.2794
2022-09-10	BalancedIndexed	1.2826
2022-09-10	AustralianSharesIndexed	1.3664
2022-09-10	OverseasSharesIndexed	1.4233
2022-09-10	SustainableGrowth	1.0402
2022-09-09	CoreStrategy	2.0482
2022-09-09	CapitalStable	3.7192
2022-09-09	Balanced	4.6726
2022-09-09	HighGrowth	7.1987
2022-09-09	Cash	2.2794
2022-09-09	BalancedIndexed	1.2713
2022-09-09	AustralianSharesIndexed	1.3427
2022-09-09	OverseasSharesIndexed	1.4154
2022-09-09	SustainableGrowth	1.0294
2022-09-08	CoreStrategy	2.0448
2022-09-08	CapitalStable	3.7175
2022-09-08	Balanced	4.667
2022-09-08	HighGrowth	7.1859
2022-09-08	Cash	2.2794
2022-09-08	BalancedIndexed	1.27
2022-09-08	AustralianSharesIndexed	1.3593
2022-09-08	OverseasSharesIndexed	1.3952
2022-09-08	SustainableGrowth	1.0255
2022-09-07	CoreStrategy	2.0455
2022-09-07	CapitalStable	3.7195
2022-09-07	Balanced	4.6684
2022-09-07	HighGrowth	7.1863
2022-09-07	Cash	2.2791
2022-09-07	BalancedIndexed	1.2715
2022-09-07	AustralianSharesIndexed	1.3624
2022-09-07	OverseasSharesIndexed	1.3919
2022-09-07	SustainableGrowth	1.0251
2022-09-06	CoreStrategy	2.0423
2022-09-06	CapitalStable	3.7158
2022-09-06	Balanced	4.6624
2022-09-06	HighGrowth	7.1716
2022-09-06	Cash	2.2787
2022-09-06	BalancedIndexed	1.2688
2022-09-06	AustralianSharesIndexed	1.3567
2022-09-06	OverseasSharesIndexed	1.3861
2022-09-06	SustainableGrowth	1.0249
2022-09-03	CoreStrategy	2.0491
2022-09-03	CapitalStable	3.7218
2022-09-03	Balanced	4.6742
2022-09-03	HighGrowth	7.2025
2022-09-03	Cash	2.2785
2022-09-03	BalancedIndexed	1.273
2022-09-03	AustralianSharesIndexed	1.3597
2022-09-03	OverseasSharesIndexed	1.4013
2022-09-03	SustainableGrowth	1.0292
2022-09-02	CoreStrategy	2.0549
2022-09-02	CapitalStable	3.7268
2022-09-02	Balanced	4.6826
2022-09-02	HighGrowth	7.2258
2022-09-02	Cash	2.2785
2022-09-02	BalancedIndexed	1.2791
2022-09-02	AustralianSharesIndexed	1.3769
2022-09-02	OverseasSharesIndexed	1.395
2022-09-02	SustainableGrowth	1.0344
2022-09-01	CoreStrategy	2.0583
2022-09-01	CapitalStable	3.7284
2022-09-01	Balanced	4.6886
2022-09-01	HighGrowth	7.2423
2022-09-01	Cash	2.2783
2022-09-01	BalancedIndexed	1.2822
2022-09-01	AustralianSharesIndexed	1.377
2022-09-01	OverseasSharesIndexed	1.4013
2022-09-01	SustainableGrowth	1.0368
2022-08-31	CoreStrategy	2.0589
2022-08-31	CapitalStable	3.7281
2022-08-31	Balanced	4.6891
2022-08-31	HighGrowth	7.2417
2022-08-31	Cash	2.2783
2022-08-31	BalancedIndexed	1.2829
2022-08-31	AustralianSharesIndexed	1.3708
2022-08-31	OverseasSharesIndexed	1.4094
2022-08-31	SustainableGrowth	1.0363
2022-08-30	CoreStrategy	2.0698
2022-08-30	CapitalStable	3.7371
2022-08-30	Balanced	4.7066
2022-08-30	HighGrowth	7.2918
2022-08-30	Cash	2.2778
2022-08-30	BalancedIndexed	1.294
2022-08-30	AustralianSharesIndexed	1.3951
2022-08-30	OverseasSharesIndexed	1.4115
2022-08-30	SustainableGrowth	1.0459
2022-08-27	CoreStrategy	2.0777
2022-08-27	CapitalStable	3.7392
2022-08-27	Balanced	4.7173
2022-08-27	HighGrowth	7.3269
2022-08-27	Cash	2.2778
2022-08-27	BalancedIndexed	1.302
2022-08-27	AustralianSharesIndexed	1.3857
2022-08-27	OverseasSharesIndexed	1.4417
2022-08-27	SustainableGrowth	1.054
2022-08-26	CoreStrategy	2.0697
2022-08-26	CapitalStable	3.7343
2022-08-26	Balanced	4.7059
2022-08-26	HighGrowth	7.2909
2022-08-26	Cash	2.2776
2022-08-26	BalancedIndexed	1.2955
2022-08-26	AustralianSharesIndexed	1.3766
2022-08-26	OverseasSharesIndexed	1.4366
2022-08-26	SustainableGrowth	1.0491
2022-08-25	CoreStrategy	2.064
2022-08-25	CapitalStable	3.731
2022-08-25	Balanced	4.6968
2022-08-25	HighGrowth	7.2604
2022-08-25	Cash	2.2776
2022-08-25	BalancedIndexed	1.2913
2022-08-25	AustralianSharesIndexed	1.3696
2022-08-25	OverseasSharesIndexed	1.4277
2022-08-25	SustainableGrowth	1.0456
2022-08-24	CoreStrategy	2.076
2022-08-24	CapitalStable	3.7414
2022-08-24	Balanced	4.7163
2022-08-24	HighGrowth	7.3131
2022-08-24	Cash	2.2774
2022-08-24	BalancedIndexed	1.3008
2022-08-24	AustralianSharesIndexed	1.3844
2022-08-24	OverseasSharesIndexed	1.4442
2022-08-24	SustainableGrowth	1.0553
2022-08-23	CoreStrategy	2.092
2022-08-23	CapitalStable	3.7545
2022-08-23	Balanced	4.7411
2022-08-23	HighGrowth	7.3797
2022-08-23	Cash	2.2772
2022-08-23	BalancedIndexed	1.3146
2022-08-23	AustralianSharesIndexed	1.3957
2022-08-23	OverseasSharesIndexed	1.4703
2022-08-23	SustainableGrowth	1.0666
2022-08-20	CoreStrategy	2.0952
2022-08-20	CapitalStable	3.757
2022-08-20	Balanced	4.7451
2022-08-20	HighGrowth	7.3872
2022-08-20	Cash	2.2772
2022-08-20	BalancedIndexed	1.3186
2022-08-20	AustralianSharesIndexed	1.3954
2022-08-20	OverseasSharesIndexed	1.4742
2022-08-20	SustainableGrowth	1.0703
2022-08-19	CoreStrategy	2.097
2022-08-19	CapitalStable	3.7596
2022-08-19	Balanced	4.7483
2022-08-19	HighGrowth	7.3928
2022-08-19	Cash	2.2769
2022-08-19	BalancedIndexed	1.3203
2022-08-19	AustralianSharesIndexed	1.3981
2022-08-19	OverseasSharesIndexed	1.4777
2022-08-19	SustainableGrowth	1.0719
2022-08-18	CoreStrategy	2.0919
2022-08-18	CapitalStable	3.7556
2022-08-18	Balanced	4.7394
2022-08-18	HighGrowth	7.3656
2022-08-18	Cash	2.2767
2022-08-18	BalancedIndexed	1.3184
2022-08-18	AustralianSharesIndexed	1.3923
2022-08-18	OverseasSharesIndexed	1.4686
2022-08-18	SustainableGrowth	1.0697
2022-08-17	CoreStrategy	2.0874
2022-08-17	CapitalStable	3.7507
2022-08-17	Balanced	4.7316
2022-08-17	HighGrowth	7.3478
2022-08-17	Cash	2.2765
2022-08-17	BalancedIndexed	1.314
2022-08-17	AustralianSharesIndexed	1.3852
2022-08-17	OverseasSharesIndexed	1.4634
2022-08-17	SustainableGrowth	1.0683
2022-08-16	CoreStrategy	2.0787
2022-08-16	CapitalStable	3.7433
2022-08-16	Balanced	4.7171
2022-08-16	HighGrowth	7.3084
2022-08-16	Cash	2.2761
2022-08-16	BalancedIndexed	1.3071
2022-08-16	AustralianSharesIndexed	1.3789
2022-08-16	OverseasSharesIndexed	1.4472
2022-08-16	SustainableGrowth	1.0612
2022-08-13	CoreStrategy	2.0724
2022-08-13	CapitalStable	3.7414
2022-08-13	Balanced	4.7085
2022-08-13	HighGrowth	7.2804
2022-08-13	Cash	2.2761
2022-08-13	BalancedIndexed	1.3031
2022-08-13	AustralianSharesIndexed	1.3857
2022-08-13	OverseasSharesIndexed	1.428
2022-08-13	SustainableGrowth	1.058
2022-08-12	CoreStrategy	2.0682
2022-08-12	CapitalStable	3.7386
2022-08-12	Balanced	4.7019
2022-08-12	HighGrowth	7.2567
2022-08-12	Cash	2.2758
2022-08-12	BalancedIndexed	1.3001
2022-08-12	AustralianSharesIndexed	1.3708
2022-08-12	OverseasSharesIndexed	1.4328
2022-08-12	SustainableGrowth	1.0557
2022-08-11	CoreStrategy	2.068
2022-08-11	CapitalStable	3.74
2022-08-11	Balanced	4.7025
2022-08-11	HighGrowth	7.2586
2022-08-11	Cash	2.2758
2022-08-11	BalancedIndexed	1.2981
2022-08-11	AustralianSharesIndexed	1.3772
2022-08-11	OverseasSharesIndexed	1.4276
2022-08-11	SustainableGrowth	1.0528
2022-08-10	CoreStrategy	2.0679
2022-08-10	CapitalStable	3.7405
2022-08-10	Balanced	4.7027
2022-08-10	HighGrowth	7.2574
2022-08-10	Cash	2.2758
2022-08-10	BalancedIndexed	1.2988
2022-08-10	AustralianSharesIndexed	1.3753
2022-08-10	OverseasSharesIndexed	1.4292
2022-08-10	SustainableGrowth	1.0531
2022-08-09	CoreStrategy	2.0713
2022-08-09	CapitalStable	3.7442
2022-08-09	Balanced	4.7086
2022-08-09	HighGrowth	7.2728
2022-08-09	Cash	2.2754
2022-08-09	BalancedIndexed	1.3015
2022-08-09	AustralianSharesIndexed	1.374
2022-08-09	OverseasSharesIndexed	1.4427
2022-08-09	SustainableGrowth	1.0553
2022-08-06	CoreStrategy	2.0666
2022-08-06	CapitalStable	3.7395
2022-08-06	Balanced	4.6998
2022-08-06	HighGrowth	7.249
2022-08-06	Cash	2.2752
2022-08-06	BalancedIndexed	1.299
2022-08-06	AustralianSharesIndexed	1.3667
2022-08-06	OverseasSharesIndexed	1.4387
2022-08-06	SustainableGrowth	1.0528
2022-08-05	CoreStrategy	2.0678
2022-08-05	CapitalStable	3.7419
2022-08-05	Balanced	4.7028
2022-08-05	HighGrowth	7.2534
2022-08-05	Cash	2.2752
2022-08-05	BalancedIndexed	1.3001
2022-08-05	AustralianSharesIndexed	1.3663
2022-08-05	OverseasSharesIndexed	1.4444
2022-08-05	SustainableGrowth	1.0504
2022-08-04	CoreStrategy	2.0604
2022-08-04	CapitalStable	3.7347
2022-08-04	Balanced	4.6886
2022-08-04	HighGrowth	7.2171
2022-08-04	Cash	2.275
2022-08-04	BalancedIndexed	1.2949
2022-08-04	AustralianSharesIndexed	1.3695
2022-08-04	OverseasSharesIndexed	1.4241
2022-08-04	SustainableGrowth	1.0451
2022-08-03	CoreStrategy	2.0591
2022-08-03	CapitalStable	3.73
2022-08-03	Balanced	4.6834
2022-08-03	HighGrowth	7.2106
2022-08-03	Cash	2.2747
2022-08-03	BalancedIndexed	1.2944
2022-08-03	AustralianSharesIndexed	1.3687
2022-08-03	OverseasSharesIndexed	1.4169
2022-08-03	SustainableGrowth	1.0463
2022-08-02	CoreStrategy	2.0606
2022-08-02	CapitalStable	3.7309
2022-08-02	Balanced	4.6858
2022-08-02	HighGrowth	7.217
2022-08-02	Cash	2.2747
2022-08-02	BalancedIndexed	1.2939
2022-08-02	AustralianSharesIndexed	1.361
2022-08-02	OverseasSharesIndexed	1.4276
2022-08-02	SustainableGrowth	1.0466
2022-07-30	CoreStrategy	2.0496
2022-07-30	CapitalStable	3.7203
2022-07-30	Balanced	4.6675
2022-07-30	HighGrowth	7.1715
2022-07-30	Cash	2.2745
2022-07-30	BalancedIndexed	1.2838
2022-07-30	AustralianSharesIndexed	1.3511
2022-07-30	OverseasSharesIndexed	1.412
2022-07-30	SustainableGrowth	1.0393
2022-07-29	CoreStrategy	2.0381
2022-07-29	CapitalStable	3.7111
2022-07-29	Balanced	4.6493
2022-07-29	HighGrowth	7.123
2022-07-29	Cash	2.2745
2022-07-29	BalancedIndexed	1.2747
2022-07-29	AustralianSharesIndexed	1.3387
2022-07-29	OverseasSharesIndexed	1.4033
2022-07-29	SustainableGrowth	1.0299
2022-07-28	CoreStrategy	2.0246
2022-07-28	CapitalStable	3.7009
2022-07-28	Balanced	4.6286
2022-07-28	HighGrowth	7.0664
2022-07-28	Cash	2.2745
2022-07-28	BalancedIndexed	1.2627
2022-07-28	AustralianSharesIndexed	1.3357
2022-07-28	OverseasSharesIndexed	1.3725
2022-07-28	SustainableGrowth	1.0216
2022-07-27	CoreStrategy	2.0285
2022-07-27	CapitalStable	3.7031
2022-07-27	Balanced	4.6344
2022-07-27	HighGrowth	7.0846
2022-07-27	Cash	2.2743
2022-07-27	BalancedIndexed	1.2665
2022-07-27	AustralianSharesIndexed	1.333
2022-07-27	OverseasSharesIndexed	1.3878
2022-07-27	SustainableGrowth	1.0245
2022-07-26	CoreStrategy	2.0269
2022-07-26	CapitalStable	3.6987
2022-07-26	Balanced	4.6297
2022-07-26	HighGrowth	7.0816
2022-07-26	Cash	2.2741
2022-07-26	BalancedIndexed	1.2655
2022-07-26	AustralianSharesIndexed	1.3333
2022-07-26	OverseasSharesIndexed	1.385
2022-07-26	SustainableGrowth	1.0241
2022-07-23	CoreStrategy	2.0319
2022-07-23	CapitalStable	3.7006
2022-07-23	Balanced	4.637
2022-07-23	HighGrowth	7.111
2022-07-23	Cash	2.2739
2022-07-23	BalancedIndexed	1.2694
2022-07-23	AustralianSharesIndexed	1.3338
2022-07-23	OverseasSharesIndexed	1.4034
2022-07-23	SustainableGrowth	1.0258
2022-07-22	CoreStrategy	2.0242
2022-07-22	CapitalStable	3.6951
2022-07-22	Balanced	4.6252
2022-07-22	HighGrowth	7.0777
2022-07-22	Cash	2.2739
2022-07-22	BalancedIndexed	1.2626
2022-07-22	AustralianSharesIndexed	1.327
2022-07-22	OverseasSharesIndexed	1.3921
2022-07-22	SustainableGrowth	1.0188
2022-07-21	CoreStrategy	2.0139
2022-07-21	CapitalStable	3.6878
2022-07-21	Balanced	4.6092
2022-07-21	HighGrowth	7.0261
2022-07-21	Cash	2.2736
2022-07-21	BalancedIndexed	1.2537
2022-07-21	AustralianSharesIndexed	1.3076
2022-07-21	OverseasSharesIndexed	1.385
2022-07-21	SustainableGrowth	1.0107
2022-07-20	CoreStrategy	2.008
2022-07-20	CapitalStable	3.6864
2022-07-20	Balanced	4.6018
2022-07-20	HighGrowth	7.0024
2022-07-20	Cash	2.2736
2022-07-20	BalancedIndexed	1.248
2022-07-20	AustralianSharesIndexed	1.314
2022-07-20	OverseasSharesIndexed	1.3653
2022-07-20	SustainableGrowth	1.0052
2022-07-19	CoreStrategy	2.0064
2022-07-19	CapitalStable	3.6846
2022-07-19	Balanced	4.5989
2022-07-19	HighGrowth	6.9911
2022-07-19	Cash	2.2734
2022-07-19	BalancedIndexed	1.2465
2022-07-19	AustralianSharesIndexed	1.2992
2022-07-19	OverseasSharesIndexed	1.3764
2022-07-19	SustainableGrowth	1.0029
2022-07-16	CoreStrategy	2.0044
2022-07-16	CapitalStable	3.6851
2022-07-16	Balanced	4.5976
2022-07-16	HighGrowth	6.9867
2022-07-16	Cash	2.2734
2022-07-16	BalancedIndexed	1.2439
2022-07-16	AustralianSharesIndexed	1.3071
2022-07-16	OverseasSharesIndexed	1.3693
2022-07-16	SustainableGrowth	1.0008
2022-07-15	CoreStrategy	2.0019
2022-07-15	CapitalStable	3.681
2022-07-15	Balanced	4.5916
2022-07-15	HighGrowth	6.9726
2022-07-15	Cash	2.2732
2022-07-15	BalancedIndexed	1.2428
2022-07-15	AustralianSharesIndexed	1.3018
2022-07-15	OverseasSharesIndexed	1.3647
2022-07-15	SustainableGrowth	1.0014
2022-07-14	CoreStrategy	2.0034
2022-07-14	CapitalStable	3.6809
2022-07-14	Balanced	4.5935
2022-07-14	HighGrowth	6.98
2022-07-14	Cash	2.2732
2022-07-14	BalancedIndexed	1.2444
2022-07-14	AustralianSharesIndexed	1.2987
2022-07-14	OverseasSharesIndexed	1.3743
2022-07-14	SustainableGrowth	1.0013
2022-07-13	CoreStrategy	2.0101
2022-07-13	CapitalStable	3.6851
2022-07-13	Balanced	4.6038
2022-07-13	HighGrowth	7.0119
2022-07-13	Cash	2.273
2022-07-13	BalancedIndexed	1.2478
2022-07-13	AustralianSharesIndexed	1.2986
2022-07-13	OverseasSharesIndexed	1.3889
2022-07-13	SustainableGrowth	1.0051
2022-07-12	CoreStrategy	2.0138
2022-07-12	CapitalStable	3.6883
2022-07-12	Balanced	4.6101
2022-07-12	HighGrowth	7.0309
2022-07-12	Cash	2.2728
2022-07-12	BalancedIndexed	1.2521
2022-07-12	AustralianSharesIndexed	1.3121
2022-07-12	OverseasSharesIndexed	1.3795
2022-07-12	SustainableGrowth	1.0064
2022-07-09	CoreStrategy	2.0134
2022-07-09	CapitalStable	3.6887
2022-07-09	Balanced	4.61
2022-07-09	HighGrowth	7.0249
2022-07-09	Cash	2.2725
2022-07-09	BalancedIndexed	1.2515
2022-07-09	AustralianSharesIndexed	1.3062
2022-07-09	OverseasSharesIndexed	1.3843
2022-07-09	SustainableGrowth	1.0065
2022-07-08	CoreStrategy	2.0066
2022-07-08	CapitalStable	3.6841
2022-07-08	Balanced	4.5995
2022-07-08	HighGrowth	6.9932
2022-07-08	Cash	2.2725
2022-07-08	BalancedIndexed	1.2443
2022-07-08	AustralianSharesIndexed	1.2969
2022-07-08	OverseasSharesIndexed	1.3756
2022-07-08	SustainableGrowth	1.0026
2022-07-07	CoreStrategy	2.0067
2022-07-07	CapitalStable	3.684
2022-07-07	Balanced	4.6005
2022-07-07	HighGrowth	6.9973
2022-07-07	Cash	2.2723
2022-07-07	BalancedIndexed	1.2435
2022-07-07	AustralianSharesIndexed	1.3022
2022-07-07	OverseasSharesIndexed	1.3703
2022-07-07	SustainableGrowth	0.9998
2022-07-06	CoreStrategy	2.0036
2022-07-06	CapitalStable	3.6796
2022-07-06	Balanced	4.5944
2022-07-06	HighGrowth	6.9849
2022-07-06	Cash	2.2723
2022-07-06	BalancedIndexed	1.2409
2022-07-06	AustralianSharesIndexed	1.2992
2022-07-06	OverseasSharesIndexed	1.363
2022-07-06	SustainableGrowth	0.9987
2022-07-05	CoreStrategy	2.002
2022-07-05	CapitalStable	3.6785
2022-07-05	Balanced	4.5924
2022-07-05	HighGrowth	6.9754
2022-07-05	Cash	2.2723
2022-07-05	BalancedIndexed	1.2412
2022-07-05	AustralianSharesIndexed	1.2887
2022-07-05	OverseasSharesIndexed	1.3796
2022-07-05	SustainableGrowth	0.9981
2022-07-02	CoreStrategy	1.9925
2022-07-02	CapitalStable	3.6692
2022-07-02	Balanced	4.5763
2022-07-02	HighGrowth	6.9384
2022-07-02	Cash	2.2721
2022-07-02	BalancedIndexed	1.2347
2022-07-02	AustralianSharesIndexed	1.2933
2022-07-02	OverseasSharesIndexed	1.3532
2022-07-02	SustainableGrowth	0.9894
2022-07-01	CoreStrategy	2.0055
2022-07-01	CapitalStable	3.6778
2022-07-01	Balanced	4.5968
2022-07-01	HighGrowth	7.0032
2022-07-01	Cash	2.2721
2022-07-01	BalancedIndexed	1.2463
2022-07-01	AustralianSharesIndexed	1.3162
2022-07-01	OverseasSharesIndexed	1.3661
2022-07-01	SustainableGrowth	0.9982
2022-06-30	CoreStrategy	1.9925
2022-06-30	CapitalStable	3.6692
2022-06-30	Balanced	4.5763
2022-06-30	HighGrowth	6.9384
2022-06-30	Cash	2.2721
2022-06-30	BalancedIndexed	1.2347
2022-06-30	AustralianSharesIndexed	1.2933
2022-06-30	OverseasSharesIndexed	1.3532
2022-06-30	SustainableGrowth	0.9894
2022-06-29	CoreStrategy	2.0102
2022-06-29	CapitalStable	3.6809
2022-06-29	Balanced	4.604
2022-06-29	HighGrowth	7.0214
2022-06-29	Cash	2.2719
2022-06-29	BalancedIndexed	1.2532
2022-06-29	AustralianSharesIndexed	1.322
2022-06-29	OverseasSharesIndexed	1.3752
2022-06-29	SustainableGrowth	1.0051
2022-06-28	CoreStrategy	1.9971
2022-06-28	CapitalStable	3.6715
2022-06-28	Balanced	4.5864
2022-06-28	HighGrowth	6.9699
2022-06-28	Cash	2.2714
2022-06-28	BalancedIndexed	1.246
2022-06-28	AustralianSharesIndexed	1.2997
2022-06-28	OverseasSharesIndexed	1.3734
2022-06-28	SustainableGrowth	0.9997
2022-06-25	CoreStrategy	1.9746
2022-06-25	CapitalStable	3.646
2022-06-25	Balanced	4.5469
2022-06-25	HighGrowth	6.8808
2022-06-25	Cash	2.2717
2022-06-25	BalancedIndexed	1.2306
2022-06-25	AustralianSharesIndexed	1.2898
2022-06-25	OverseasSharesIndexed	1.3443
2022-06-25	SustainableGrowth	0.9864
2022-06-24	CoreStrategy	1.9651
2022-06-24	CapitalStable	3.6326
2022-06-24	Balanced	4.5297
2022-06-24	HighGrowth	6.85
2022-06-24	Cash	2.2717
2022-06-24	BalancedIndexed	1.2251
2022-06-24	AustralianSharesIndexed	1.287
2022-06-24	OverseasSharesIndexed	1.3334
2022-06-24	SustainableGrowth	0.9793
2022-06-23	CoreStrategy	1.964
2022-06-23	CapitalStable	3.6303
2022-06-23	Balanced	4.5274
2022-06-23	HighGrowth	6.8501
2022-06-23	Cash	2.2715
2022-06-23	BalancedIndexed	1.2242
2022-06-23	AustralianSharesIndexed	1.29
2022-06-23	OverseasSharesIndexed	1.3281
2022-06-23	SustainableGrowth	0.978
2022-06-22	CoreStrategy	1.9493
2022-06-22	CapitalStable	3.6191
2022-06-22	Balanced	4.5034
2022-06-22	HighGrowth	6.7812
2022-06-22	Cash	2.2715
2022-06-22	BalancedIndexed	1.2114
2022-06-22	AustralianSharesIndexed	1.2742
2022-06-22	OverseasSharesIndexed	1.3086
2022-06-22	SustainableGrowth	0.9695
2022-06-21	CoreStrategy	1.9542
2022-06-21	CapitalStable	3.6244
2022-06-21	Balanced	4.5137
2022-06-21	HighGrowth	6.8064
2022-06-21	Cash	2.2712
2022-06-21	BalancedIndexed	1.2146
2022-06-21	AustralianSharesIndexed	1.2815
2022-06-21	OverseasSharesIndexed	1.3153
2022-06-21	SustainableGrowth	0.97
2022-06-18	CoreStrategy	1.9562
2022-06-18	CapitalStable	3.6237
2022-06-18	Balanced	4.5161
2022-06-18	HighGrowth	6.8217
2022-06-18	Cash	2.2712
2022-06-18	BalancedIndexed	1.2203
2022-06-18	AustralianSharesIndexed	1.3013
2022-06-18	OverseasSharesIndexed	1.3074
2022-06-18	SustainableGrowth	0.9711
2022-06-17	CoreStrategy	1.973
2022-06-17	CapitalStable	3.6348
2022-06-17	Balanced	4.5428
2022-06-17	HighGrowth	6.8975
2022-06-17	Cash	2.271
2022-06-17	BalancedIndexed	1.2324
2022-06-17	AustralianSharesIndexed	1.3024
2022-06-17	OverseasSharesIndexed	1.343
2022-06-17	SustainableGrowth	0.982
2022-06-16	CoreStrategy	1.9775
2022-06-16	CapitalStable	3.6455
2022-06-16	Balanced	4.5532
2022-06-16	HighGrowth	6.9124
2022-06-16	Cash	2.271
2022-06-16	BalancedIndexed	1.2344
2022-06-16	AustralianSharesIndexed	1.3177
2022-06-16	OverseasSharesIndexed	1.3374
2022-06-16	SustainableGrowth	0.9825
2022-06-15	CoreStrategy	1.996
2022-06-15	CapitalStable	3.6621
2022-06-15	Balanced	4.5823
2022-06-15	HighGrowth	6.9922
2022-06-15	Cash	2.271
2022-06-15	BalancedIndexed	1.2522
2022-06-15	AustralianSharesIndexed	1.3609
2022-06-15	OverseasSharesIndexed	1.3384
2022-06-15	SustainableGrowth	0.9955
2022-06-11	CoreStrategy	2.0306
2022-06-11	CapitalStable	3.6852
2022-06-11	Balanced	4.6327
2022-06-11	HighGrowth	7.1311
2022-06-11	Cash	2.2706
2022-06-11	BalancedIndexed	1.2822
2022-06-11	AustralianSharesIndexed	1.376
2022-06-11	OverseasSharesIndexed	1.3877
2022-06-11	SustainableGrowth	1.0195
2022-06-10	CoreStrategy	2.0447
2022-06-10	CapitalStable	3.6947
2022-06-10	Balanced	4.6531
2022-06-10	HighGrowth	7.1908
2022-06-10	Cash	2.2706
2022-06-10	BalancedIndexed	1.2954
2022-06-10	AustralianSharesIndexed	1.3942
2022-06-10	OverseasSharesIndexed	1.4002
2022-06-10	SustainableGrowth	1.0291
2022-06-09	CoreStrategy	2.0467
2022-06-09	CapitalStable	3.6963
2022-06-09	Balanced	4.6564
2022-06-09	HighGrowth	7.1952
2022-06-09	Cash	2.2706
2022-06-09	BalancedIndexed	1.2976
2022-06-09	AustralianSharesIndexed	1.3901
2022-06-09	OverseasSharesIndexed	1.4088
2022-06-09	SustainableGrowth	1.0336
2022-06-08	CoreStrategy	2.0501
2022-06-08	CapitalStable	3.7002
2022-06-08	Balanced	4.6619
2022-06-08	HighGrowth	7.2123
2022-06-08	Cash	2.2706
2022-06-08	BalancedIndexed	1.3011
2022-06-08	AustralianSharesIndexed	1.4092
2022-06-08	OverseasSharesIndexed	1.4008
2022-06-08	SustainableGrowth	1.0373
2022-06-07	CoreStrategy	2.0487
2022-06-07	CapitalStable	3.6994
2022-06-07	Balanced	4.6593
2022-06-07	HighGrowth	7.2057
2022-06-07	Cash	2.2704
2022-06-07	BalancedIndexed	1.3013
2022-06-07	AustralianSharesIndexed	1.4149
2022-06-07	OverseasSharesIndexed	1.3945
2022-06-07	SustainableGrowth	1.0388
2022-06-04	CoreStrategy	2.0502
2022-06-04	CapitalStable	3.701
2022-06-04	Balanced	4.6605
2022-06-04	HighGrowth	7.2071
2022-06-04	Cash	2.2704
2022-06-04	BalancedIndexed	1.3033
2022-06-04	AustralianSharesIndexed	1.4036
2022-06-04	OverseasSharesIndexed	1.4097
2022-06-04	SustainableGrowth	1.0407
2022-06-03	CoreStrategy	2.0474
2022-06-03	CapitalStable	3.701
2022-06-03	Balanced	4.6571
2022-06-03	HighGrowth	7.1955
2022-06-03	Cash	2.2704
2022-06-03	BalancedIndexed	1.3018
2022-06-03	AustralianSharesIndexed	1.4136
2022-06-03	OverseasSharesIndexed	1.3973
2022-06-03	SustainableGrowth	1.04
2022-06-02	CoreStrategy	2.0534
2022-06-02	CapitalStable	3.7074
2022-06-02	Balanced	4.6672
2022-06-02	HighGrowth	7.2182
2022-06-02	Cash	2.2704
2022-06-02	BalancedIndexed	1.3054
2022-06-02	AustralianSharesIndexed	1.4109
2022-06-02	OverseasSharesIndexed	1.4097
2022-06-02	SustainableGrowth	1.0456
2022-06-01	CoreStrategy	2.0611
2022-06-01	CapitalStable	3.7123
2022-06-01	Balanced	4.678
2022-06-01	HighGrowth	7.2502
2022-06-01	Cash	2.2704
2022-06-01	BalancedIndexed	1.3135
2022-06-01	AustralianSharesIndexed	1.4235
2022-06-01	OverseasSharesIndexed	1.4163
2022-06-01	SustainableGrowth	1.052
2022-05-31	CoreStrategy	2.0548
2022-05-31	CapitalStable	3.7091
2022-05-31	Balanced	4.6695
2022-05-31	HighGrowth	7.2196
2022-05-31	Cash	2.2701
2022-05-31	BalancedIndexed	1.3077
2022-05-31	AustralianSharesIndexed	1.4052
2022-05-31	OverseasSharesIndexed	1.4189
2022-05-31	SustainableGrowth	1.0482
2022-05-28	CoreStrategy	2.0417
2022-05-28	CapitalStable	3.7005
2022-05-28	Balanced	4.6501
2022-05-28	HighGrowth	7.1624
2022-05-28	Cash	2.2701
2022-05-28	BalancedIndexed	1.2965
2022-05-28	AustralianSharesIndexed	1.392
2022-05-28	OverseasSharesIndexed	1.4049
2022-05-28	SustainableGrowth	1.0412
2022-05-27	CoreStrategy	2.0346
2022-05-27	CapitalStable	3.6945
2022-05-27	Balanced	4.639
2022-05-27	HighGrowth	7.1353
2022-05-27	Cash	2.2701
2022-05-27	BalancedIndexed	1.2917
2022-05-27	AustralianSharesIndexed	1.4004
2022-05-27	OverseasSharesIndexed	1.3846
2022-05-27	SustainableGrowth	1.0377
2022-05-26	CoreStrategy	2.0295
2022-05-26	CapitalStable	3.6895
2022-05-26	Balanced	4.6306
2022-05-26	HighGrowth	7.1151
2022-05-26	Cash	2.2701
2022-05-26	BalancedIndexed	1.2864
2022-05-26	AustralianSharesIndexed	1.3962
2022-05-26	OverseasSharesIndexed	1.3758
2022-05-26	SustainableGrowth	1.0341
2022-05-25	CoreStrategy	2.0343
2022-05-25	CapitalStable	3.6934
2022-05-25	Balanced	4.6384
2022-05-25	HighGrowth	7.1384
2022-05-25	Cash	2.2701
2022-05-25	BalancedIndexed	1.2897
2022-05-25	AustralianSharesIndexed	1.4
2022-05-25	OverseasSharesIndexed	1.3806
2022-05-25	SustainableGrowth	1.035
2022-05-24	CoreStrategy	2.0291
2022-05-24	CapitalStable	3.6894
2022-05-24	Balanced	4.6303
2022-05-24	HighGrowth	7.1173
2022-05-24	Cash	2.2699
2022-05-24	BalancedIndexed	1.285
2022-05-24	AustralianSharesIndexed	1.3991
2022-05-24	OverseasSharesIndexed	1.3712
2022-05-24	SustainableGrowth	1.0323
2022-05-21	CoreStrategy	2.0212
2022-05-21	CapitalStable	3.6822
2022-05-21	Balanced	4.6173
2022-05-21	HighGrowth	7.0824
2022-05-21	Cash	2.2699
2022-05-21	BalancedIndexed	1.2779
2022-05-21	AustralianSharesIndexed	1.3846
2022-05-21	OverseasSharesIndexed	1.3648
2022-05-21	SustainableGrowth	1.0267
2022-05-20	CoreStrategy	2.0328
2022-05-20	CapitalStable	3.6901
2022-05-20	Balanced	4.6353
2022-05-20	HighGrowth	7.1379
2022-05-20	Cash	2.2699
2022-05-20	BalancedIndexed	1.2878
2022-05-20	AustralianSharesIndexed	1.4042
2022-05-20	OverseasSharesIndexed	1.3783
2022-05-20	SustainableGrowth	1.0346
2022-05-19	CoreStrategy	2.0454
2022-05-19	CapitalStable	3.699
2022-05-19	Balanced	4.6545
2022-05-19	HighGrowth	7.1864
2022-05-19	Cash	2.2697
2022-05-19	BalancedIndexed	1.2985
2022-05-19	AustralianSharesIndexed	1.3917
2022-05-19	OverseasSharesIndexed	1.4192
2022-05-19	SustainableGrowth	1.0436
2022-05-18	CoreStrategy	2.0377
2022-05-18	CapitalStable	3.6946
2022-05-18	Balanced	4.6434
2022-05-18	HighGrowth	7.1537
2022-05-18	Cash	2.2697
2022-05-18	BalancedIndexed	1.2921
2022-05-18	AustralianSharesIndexed	1.3879
2022-05-18	OverseasSharesIndexed	1.4067
2022-05-18	SustainableGrowth	1.0394
2022-05-17	CoreStrategy	2.0386
2022-05-17	CapitalStable	3.6961
2022-05-17	Balanced	4.6459
2022-05-17	HighGrowth	7.1565
2022-05-17	Cash	2.2697
2022-05-17	BalancedIndexed	1.2928
2022-05-17	AustralianSharesIndexed	1.3835
2022-05-17	OverseasSharesIndexed	1.4146
2022-05-17	SustainableGrowth	1.0395
2022-05-14	CoreStrategy	2.0182
2022-05-14	CapitalStable	3.6816
2022-05-14	Balanced	4.6157
2022-05-14	HighGrowth	7.0667
2022-05-14	Cash	2.2695
2022-05-14	BalancedIndexed	1.2758
2022-05-14	AustralianSharesIndexed	1.3602
2022-05-14	OverseasSharesIndexed	1.3917
2022-05-14	SustainableGrowth	1.026
2022-05-13	CoreStrategy	2.0223
2022-05-13	CapitalStable	3.683
2022-05-13	Balanced	4.6207
2022-05-13	HighGrowth	7.0891
2022-05-13	Cash	2.2695
2022-05-13	BalancedIndexed	1.2791
2022-05-13	AustralianSharesIndexed	1.3821
2022-05-13	OverseasSharesIndexed	1.3757
2022-05-13	SustainableGrowth	1.0258
2022-05-12	CoreStrategy	2.0272
2022-05-12	CapitalStable	3.6851
2022-05-12	Balanced	4.6277
2022-05-12	HighGrowth	7.1137
2022-05-12	Cash	2.2695
2022-05-12	BalancedIndexed	1.2838
2022-05-12	AustralianSharesIndexed	1.378
2022-05-12	OverseasSharesIndexed	1.397
2022-05-12	SustainableGrowth	1.0304
2022-05-11	CoreStrategy	2.0279
2022-05-11	CapitalStable	3.6853
2022-05-11	Balanced	4.6288
2022-05-11	HighGrowth	7.1174
2022-05-11	Cash	2.2695
2022-05-11	BalancedIndexed	1.2849
2022-05-11	AustralianSharesIndexed	1.3904
2022-05-11	OverseasSharesIndexed	1.3868
2022-05-11	SustainableGrowth	1.0308
2022-05-10	CoreStrategy	2.0482
2022-05-10	CapitalStable	3.6998
2022-05-10	Balanced	4.6593
2022-05-10	HighGrowth	7.201
2022-05-10	Cash	2.2693
2022-05-10	BalancedIndexed	1.3004
2022-05-10	AustralianSharesIndexed	1.405
2022-05-10	OverseasSharesIndexed	1.4076
2022-05-10	SustainableGrowth	1.044
2022-05-07	CoreStrategy	2.064
2022-05-07	CapitalStable	3.7119
2022-05-07	Balanced	4.6834
2022-05-07	HighGrowth	7.2723
2022-05-07	Cash	2.2693
2022-05-07	BalancedIndexed	1.3127
2022-05-07	AustralianSharesIndexed	1.4331
2022-05-07	OverseasSharesIndexed	1.411
2022-05-07	SustainableGrowth	1.0546
2022-05-06	CoreStrategy	2.075
2022-05-06	CapitalStable	3.7178
2022-05-06	Balanced	4.6988
2022-05-06	HighGrowth	7.3158
2022-05-06	Cash	2.2693
2022-05-06	BalancedIndexed	1.3224
2022-05-06	AustralianSharesIndexed	1.4219
2022-05-06	OverseasSharesIndexed	1.449
2022-05-06	SustainableGrowth	1.0622
2022-05-05	CoreStrategy	2.0681
2022-05-05	CapitalStable	3.716
2022-05-05	Balanced	4.6905
2022-05-05	HighGrowth	7.2864
2022-05-05	Cash	2.2693
2022-05-05	BalancedIndexed	1.316
2022-05-05	AustralianSharesIndexed	1.4244
2022-05-05	OverseasSharesIndexed	1.4301
2022-05-05	SustainableGrowth	1.0574
2022-05-04	CoreStrategy	2.0713
2022-05-04	CapitalStable	3.7214
2022-05-04	Balanced	4.6969
2022-05-04	HighGrowth	7.2984
2022-05-04	Cash	2.269
2022-05-04	BalancedIndexed	1.3183
2022-05-04	AustralianSharesIndexed	1.4297
2022-05-04	OverseasSharesIndexed	1.4328
2022-05-04	SustainableGrowth	1.0601
2022-05-03	CoreStrategy	2.0763
2022-05-03	CapitalStable	3.7263
2022-05-03	Balanced	4.7044
2022-05-03	HighGrowth	7.3159
2022-05-03	Cash	2.269
2022-05-03	BalancedIndexed	1.3215
2022-05-03	AustralianSharesIndexed	1.4454
2022-05-03	OverseasSharesIndexed	1.421
2022-05-03	SustainableGrowth	1.0657
2022-04-30	CoreStrategy	2.0872
2022-04-30	CapitalStable	3.7326
2022-04-30	Balanced	4.7201
2022-04-30	HighGrowth	7.3547
2022-04-30	Cash	2.269
2022-04-30	BalancedIndexed	1.3306
2022-04-30	AustralianSharesIndexed	1.4315
2022-04-30	OverseasSharesIndexed	1.4582
2022-04-30	SustainableGrowth	1.075
2022-04-29	CoreStrategy	2.0692
2022-04-29	CapitalStable	3.7211
2022-04-29	Balanced	4.6934
2022-04-29	HighGrowth	7.2734
2022-04-29	Cash	2.2693
2022-04-29	BalancedIndexed	1.3148
2022-04-29	AustralianSharesIndexed	1.4152
2022-04-29	OverseasSharesIndexed	1.4269
2022-04-29	SustainableGrowth	1.064
2022-04-28	CoreStrategy	2.069
2022-04-28	CapitalStable	3.72
2022-04-28	Balanced	4.6928
2022-04-28	HighGrowth	7.2748
2022-04-28	Cash	2.2693
2022-04-28	BalancedIndexed	1.3164
2022-04-28	AustralianSharesIndexed	1.4252
2022-04-28	OverseasSharesIndexed	1.4195
2022-04-28	SustainableGrowth	1.0655
2022-04-27	CoreStrategy	2.091
2022-04-27	CapitalStable	3.7341
2022-04-27	Balanced	4.7246
2022-04-27	HighGrowth	7.3741
2022-04-27	Cash	2.2693
2022-04-27	BalancedIndexed	1.3361
2022-04-27	AustralianSharesIndexed	1.4524
2022-04-27	OverseasSharesIndexed	1.4518
2022-04-27	SustainableGrowth	1.0801
2022-04-23	CoreStrategy	2.1036
2022-04-23	CapitalStable	3.7412
2022-04-23	Balanced	4.7413
2022-04-23	HighGrowth	7.4253
2022-04-23	Cash	2.269
2022-04-23	BalancedIndexed	1.346
2022-04-23	AustralianSharesIndexed	1.473
2022-04-23	OverseasSharesIndexed	1.4426
2022-04-23	SustainableGrowth	1.0839
2022-04-22	CoreStrategy	2.1052
2022-04-22	CapitalStable	3.7417
2022-04-22	Balanced	4.7432
2022-04-22	HighGrowth	7.4295
2022-04-22	Cash	2.269
2022-04-22	BalancedIndexed	1.3486
2022-04-22	AustralianSharesIndexed	1.4691
2022-04-22	OverseasSharesIndexed	1.448
2022-04-22	SustainableGrowth	1.0827
2022-04-21	CoreStrategy	2.1068
2022-04-21	CapitalStable	3.7456
2022-04-21	Balanced	4.7476
2022-04-21	HighGrowth	7.4368
2022-04-21	Cash	2.269
2022-04-21	BalancedIndexed	1.3507
2022-04-21	AustralianSharesIndexed	1.4689
2022-04-21	OverseasSharesIndexed	1.4584
2022-04-21	SustainableGrowth	1.0825
2022-04-20	CoreStrategy	2.0983
2022-04-20	CapitalStable	3.7392
2022-04-20	Balanced	4.7343
2022-04-20	HighGrowth	7.3989
2022-04-20	Cash	2.269
2022-04-20	BalancedIndexed	1.3445
2022-04-20	AustralianSharesIndexed	1.4609
2022-04-20	OverseasSharesIndexed	1.4472
2022-04-20	SustainableGrowth	1.0769
2022-04-15	CoreStrategy	2.0989
2022-04-15	CapitalStable	3.7381
2022-04-15	Balanced	4.7341
2022-04-15	HighGrowth	7.3992
2022-04-15	Cash	2.2688
2022-04-15	BalancedIndexed	1.3443
2022-04-15	AustralianSharesIndexed	1.4526
2022-04-15	OverseasSharesIndexed	1.4515
2022-04-15	SustainableGrowth	1.077
2022-04-14	CoreStrategy	2.0879
2022-04-14	CapitalStable	3.7305
2022-04-14	Balanced	4.7172
2022-04-14	HighGrowth	7.3495
2022-04-14	Cash	2.2688
2022-04-14	BalancedIndexed	1.3349
2022-04-14	AustralianSharesIndexed	1.4473
2022-04-14	OverseasSharesIndexed	1.4271
2022-04-14	SustainableGrowth	1.0696
2022-04-13	CoreStrategy	2.0954
2022-04-13	CapitalStable	3.7375
2022-04-13	Balanced	4.7293
2022-04-13	HighGrowth	7.3824
2022-04-13	Cash	2.2688
2022-04-13	BalancedIndexed	1.3413
2022-04-13	AustralianSharesIndexed	1.4529
2022-04-13	OverseasSharesIndexed	1.4427
2022-04-13	SustainableGrowth	1.0766
2022-04-12	CoreStrategy	2.1015
2022-04-12	CapitalStable	3.741
2022-04-12	Balanced	4.7373
2022-04-12	HighGrowth	7.405
2022-04-12	Cash	2.2686
2022-04-12	BalancedIndexed	1.3471
2022-04-12	AustralianSharesIndexed	1.4516
2022-04-12	OverseasSharesIndexed	1.4564
2022-04-12	SustainableGrowth	1.0792
2022-04-09	CoreStrategy	2.0977
2022-04-09	CapitalStable	3.7385
2022-04-09	Balanced	4.7312
2022-04-09	HighGrowth	7.3855
2022-04-09	Cash	2.2686
2022-04-09	BalancedIndexed	1.3447
2022-04-09	AustralianSharesIndexed	1.4454
2022-04-09	OverseasSharesIndexed	1.4531
2022-04-09	SustainableGrowth	1.0774
2022-04-08	CoreStrategy	2.0991
2022-04-08	CapitalStable	3.742
2022-04-08	Balanced	4.7343
2022-04-08	HighGrowth	7.389
2022-04-08	Cash	2.2686
2022-04-08	BalancedIndexed	1.3444
2022-04-08	AustralianSharesIndexed	1.4541
2022-04-08	OverseasSharesIndexed	1.4412
2022-04-08	SustainableGrowth	1.0756
2022-04-07	CoreStrategy	2.1034
2022-04-07	CapitalStable	3.747
2022-04-07	Balanced	4.7411
2022-04-07	HighGrowth	7.4042
2022-04-07	Cash	2.2686
2022-04-07	BalancedIndexed	1.3494
2022-04-07	AustralianSharesIndexed	1.4611
2022-04-07	OverseasSharesIndexed	1.442
2022-04-07	SustainableGrowth	1.0772
2022-04-06	CoreStrategy	2.112
2022-04-06	CapitalStable	3.7529
2022-04-06	Balanced	4.7538
2022-04-06	HighGrowth	7.4404
2022-04-06	Cash	2.2686
2022-04-06	BalancedIndexed	1.3586
2022-04-06	AustralianSharesIndexed	1.459
2022-04-06	OverseasSharesIndexed	1.4703
2022-04-06	SustainableGrowth	1.084
2022-04-05	CoreStrategy	2.1105
2022-04-05	CapitalStable	3.7523
2022-04-05	Balanced	4.7524
2022-04-05	HighGrowth	7.4348
2022-04-05	Cash	2.2684
2022-04-05	BalancedIndexed	1.3556
2022-04-05	AustralianSharesIndexed	1.4545
2022-04-05	OverseasSharesIndexed	1.4698
2022-04-05	SustainableGrowth	1.0826
2022-04-02	CoreStrategy	2.1067
2022-04-02	CapitalStable	3.7502
2022-04-02	Balanced	4.7469
2022-04-02	HighGrowth	7.4197
2022-04-02	Cash	2.2684
2022-04-02	BalancedIndexed	1.3545
2022-04-02	AustralianSharesIndexed	1.4554
2022-04-02	OverseasSharesIndexed	1.4646
2022-04-02	SustainableGrowth	1.0816
2022-04-01	CoreStrategy	2.1123
2022-04-01	CapitalStable	3.7483
2022-04-01	Balanced	4.7517
2022-04-01	HighGrowth	7.4462
2022-04-01	Cash	2.2684
2022-04-01	BalancedIndexed	1.361
2022-04-01	AustralianSharesIndexed	1.4576
2022-04-01	OverseasSharesIndexed	1.4812
2022-04-01	SustainableGrowth	1.0872
2022-03-31	CoreStrategy	2.1116
2022-03-31	CapitalStable	3.7469
2022-03-31	Balanced	4.7503
2022-03-31	HighGrowth	7.443
2022-03-31	Cash	2.2684
2022-03-31	BalancedIndexed	1.3601
2022-03-31	AustralianSharesIndexed	1.4488
2022-03-31	OverseasSharesIndexed	1.4907
2022-03-31	SustainableGrowth	1.0876
2022-03-30	CoreStrategy	2.0998
2022-03-30	CapitalStable	3.74
2022-03-30	Balanced	4.7337
2022-03-30	HighGrowth	7.3931
2022-03-30	Cash	2.2684
2022-03-30	BalancedIndexed	1.3508
2022-03-30	AustralianSharesIndexed	1.4393
2022-03-30	OverseasSharesIndexed	1.4733
2022-03-30	SustainableGrowth	1.0778
2022-03-29	CoreStrategy	2.0964
2022-03-29	CapitalStable	3.7384
2022-03-29	Balanced	4.7283
2022-03-29	HighGrowth	7.3763
2022-03-29	Cash	2.2682
2022-03-29	BalancedIndexed	1.3482
2022-03-29	AustralianSharesIndexed	1.4386
2022-03-29	OverseasSharesIndexed	1.4637
2022-03-29	SustainableGrowth	1.0752
2022-03-26	CoreStrategy	2.0936
2022-03-26	CapitalStable	3.7384
2022-03-26	Balanced	4.7254
2022-03-26	HighGrowth	7.3639
2022-03-26	Cash	2.2682
2022-03-26	BalancedIndexed	1.3464
2022-03-26	AustralianSharesIndexed	1.4354
2022-03-26	OverseasSharesIndexed	1.4596
2022-03-26	SustainableGrowth	1.0728
2022-03-25	CoreStrategy	2.0847
2022-03-25	CapitalStable	3.7238
2022-03-25	Balanced	4.7066
2022-03-25	HighGrowth	7.3304
2022-03-25	Cash	2.2682
2022-03-25	BalancedIndexed	1.3418
2022-03-25	AustralianSharesIndexed	1.434
2022-03-25	OverseasSharesIndexed	1.4477
2022-03-25	SustainableGrowth	1.0698
2022-03-24	CoreStrategy	2.0916
2022-03-24	CapitalStable	3.7284
2022-03-24	Balanced	4.7165
2022-03-24	HighGrowth	7.3559
2022-03-24	Cash	2.2682
2022-03-24	BalancedIndexed	1.3458
2022-03-24	AustralianSharesIndexed	1.4269
2022-03-24	OverseasSharesIndexed	1.4711
2022-03-24	SustainableGrowth	1.0756
2022-03-23	CoreStrategy	2.0831
2022-03-23	CapitalStable	3.7237
2022-03-23	Balanced	4.7043
2022-03-23	HighGrowth	7.3158
2022-03-23	Cash	2.2682
2022-03-23	BalancedIndexed	1.3395
2022-03-23	AustralianSharesIndexed	1.4157
2022-03-23	OverseasSharesIndexed	1.4614
2022-03-23	SustainableGrowth	1.0724
2022-03-22	CoreStrategy	2.0854
2022-03-22	CapitalStable	3.7267
2022-03-22	Balanced	4.708
2022-03-22	HighGrowth	7.3238
2022-03-22	Cash	2.2682
2022-03-22	BalancedIndexed	1.342
2022-03-22	AustralianSharesIndexed	1.4182
2022-03-22	OverseasSharesIndexed	1.4646
2022-03-22	SustainableGrowth	1.0766
2022-03-19	CoreStrategy	2.0783
2022-03-19	CapitalStable	3.7221
2022-03-19	Balanced	4.6982
2022-03-19	HighGrowth	7.2937
2022-03-19	Cash	2.2679
2022-03-19	BalancedIndexed	1.3351
2022-03-19	AustralianSharesIndexed	1.4102
2022-03-19	OverseasSharesIndexed	1.4537
2022-03-19	SustainableGrowth	1.0723
2022-03-18	CoreStrategy	2.0703
2022-03-18	CapitalStable	3.717
2022-03-18	Balanced	4.6875
2022-03-18	HighGrowth	7.2622
2022-03-18	Cash	2.2679
2022-03-18	BalancedIndexed	1.3293
2022-03-18	AustralianSharesIndexed	1.3968
2022-03-18	OverseasSharesIndexed	1.4581
2022-03-18	SustainableGrowth	1.0687
2022-03-17	CoreStrategy	2.0536
2022-03-17	CapitalStable	3.708
2022-03-17	Balanced	4.6649
2022-03-17	HighGrowth	7.1899
2022-03-17	Cash	2.2679
2022-03-17	BalancedIndexed	1.3157
2022-03-17	AustralianSharesIndexed	1.3834
2022-03-17	OverseasSharesIndexed	1.4364
2022-03-17	SustainableGrowth	1.058
2022-03-16	CoreStrategy	2.0504
2022-03-16	CapitalStable	3.7068
2022-03-16	Balanced	4.6605
2022-03-16	HighGrowth	7.1768
2022-03-16	Cash	2.2679
2022-03-16	BalancedIndexed	1.3116
2022-03-16	AustralianSharesIndexed	1.3926
2022-03-16	OverseasSharesIndexed	1.4119
2022-03-16	SustainableGrowth	1.0516
2022-03-15	CoreStrategy	2.0441
2022-03-15	CapitalStable	3.7029
2022-03-15	Balanced	4.6512
2022-03-15	HighGrowth	7.1435
2022-03-15	Cash	2.2682
2022-03-15	BalancedIndexed	1.306
2022-03-15	AustralianSharesIndexed	1.3779
2022-03-15	OverseasSharesIndexed	1.4018
2022-03-15	SustainableGrowth	1.0433
2022-03-12	CoreStrategy	2.0522
2022-03-12	CapitalStable	3.7093
2022-03-12	Balanced	4.6632
2022-03-12	HighGrowth	7.1764
2022-03-12	Cash	2.2679
2022-03-12	BalancedIndexed	1.3134
2022-03-12	AustralianSharesIndexed	1.3895
2022-03-12	OverseasSharesIndexed	1.4087
2022-03-12	SustainableGrowth	1.0489
2022-03-11	CoreStrategy	2.0501
2022-03-11	CapitalStable	3.7093
2022-03-11	Balanced	4.6613
2022-03-11	HighGrowth	7.1636
2022-03-11	Cash	2.2679
2022-03-11	BalancedIndexed	1.3124
2022-03-11	AustralianSharesIndexed	1.3741
2022-03-11	OverseasSharesIndexed	1.4208
2022-03-11	SustainableGrowth	1.0462
2022-03-10	CoreStrategy	2.0321
2022-03-10	CapitalStable	3.6999
2022-03-10	Balanced	4.6366
2022-03-10	HighGrowth	7.0831
2022-03-10	Cash	2.2679
2022-03-10	BalancedIndexed	1.2973
2022-03-10	AustralianSharesIndexed	1.361
2022-03-10	OverseasSharesIndexed	1.3917
2022-03-10	SustainableGrowth	1.0316
2022-03-09	CoreStrategy	2.0365
2022-03-09	CapitalStable	3.7023
2022-03-09	Balanced	4.6421
2022-03-09	HighGrowth	7.101
2022-03-09	Cash	2.2679
2022-03-09	BalancedIndexed	1.3035
2022-03-09	AustralianSharesIndexed	1.3709
2022-03-09	OverseasSharesIndexed	1.3899
2022-03-09	SustainableGrowth	1.0337
2022-03-08	CoreStrategy	2.0562
2022-03-08	CapitalStable	3.7154
2022-03-08	Balanced	4.6705
2022-03-08	HighGrowth	7.1838
2022-03-08	Cash	2.2679
2022-03-08	BalancedIndexed	1.3185
2022-03-08	AustralianSharesIndexed	1.3825
2022-03-08	OverseasSharesIndexed	1.4212
2022-03-08	SustainableGrowth	1.048
2022-03-05	CoreStrategy	2.0711
2022-03-05	CapitalStable	3.7261
2022-03-05	Balanced	4.6924
2022-03-05	HighGrowth	7.2487
2022-03-05	Cash	2.2679
2022-03-05	BalancedIndexed	1.3282
2022-03-05	AustralianSharesIndexed	1.3898
2022-03-05	OverseasSharesIndexed	1.4474
2022-03-05	SustainableGrowth	1.0567
2022-03-04	CoreStrategy	2.0759
2022-03-04	CapitalStable	3.7308
2022-03-04	Balanced	4.7002
2022-03-04	HighGrowth	7.2666
2022-03-04	Cash	2.2677
2022-03-04	BalancedIndexed	1.3324
2022-03-04	AustralianSharesIndexed	1.3832
2022-03-04	OverseasSharesIndexed	1.4702
2022-03-04	SustainableGrowth	1.0622
2022-03-03	CoreStrategy	2.0673
2022-03-03	CapitalStable	3.7262
2022-03-03	Balanced	4.6887
2022-03-03	HighGrowth	7.2339
2022-03-03	Cash	2.2677
2022-03-03	BalancedIndexed	1.3253
2022-03-03	AustralianSharesIndexed	1.3793
2022-03-03	OverseasSharesIndexed	1.4534
2022-03-03	SustainableGrowth	1.0592
2022-03-02	CoreStrategy	2.072
2022-03-02	CapitalStable	3.726
2022-03-02	Balanced	4.6929
2022-03-02	HighGrowth	7.2509
2022-03-02	Cash	2.2677
2022-03-02	BalancedIndexed	1.3279
2022-03-02	AustralianSharesIndexed	1.37
2022-03-02	OverseasSharesIndexed	1.4757
2022-03-02	SustainableGrowth	1.0625
2022-03-01	CoreStrategy	2.0721
2022-03-01	CapitalStable	3.7243
2022-03-01	Balanced	4.6922
2022-03-01	HighGrowth	7.2501
2022-03-01	Cash	2.2677
2022-03-01	BalancedIndexed	1.3252
2022-03-01	AustralianSharesIndexed	1.3599
2022-03-01	OverseasSharesIndexed	1.4827
2022-03-01	SustainableGrowth	1.0635
2022-02-26	CoreStrategy	2.061
2022-02-26	CapitalStable	3.7198
2022-02-26	Balanced	4.6796
2022-02-26	HighGrowth	7.2094
2022-02-26	Cash	2.2677
2022-02-26	BalancedIndexed	1.318
2022-02-26	AustralianSharesIndexed	1.358
2022-02-26	OverseasSharesIndexed	1.4716
2022-02-26	SustainableGrowth	1.0579
2022-02-25	CoreStrategy	2.0668
2022-02-25	CapitalStable	3.7246
2022-02-25	Balanced	4.6883
2022-02-25	HighGrowth	7.2389
2022-02-25	Cash	2.2675
2022-02-25	BalancedIndexed	1.322
2022-02-25	AustralianSharesIndexed	1.388
2022-02-25	OverseasSharesIndexed	1.4454
2022-02-25	SustainableGrowth	1.0594
2022-02-24	CoreStrategy	2.0732
2022-02-24	CapitalStable	3.7284
2022-02-24	Balanced	4.697
2022-02-24	HighGrowth	7.2616
2022-02-24	Cash	2.2675
2022-02-24	BalancedIndexed	1.3265
2022-02-24	AustralianSharesIndexed	1.3797
2022-02-24	OverseasSharesIndexed	1.4669
2022-02-24	SustainableGrowth	1.0646
2022-02-23	CoreStrategy	2.0839
2022-02-23	CapitalStable	3.7359
2022-02-23	Balanced	4.7124
2022-02-23	HighGrowth	7.3081
2022-02-23	Cash	2.2675
2022-02-23	BalancedIndexed	1.3353
2022-02-23	AustralianSharesIndexed	1.3917
2022-02-23	OverseasSharesIndexed	1.4812
2022-02-23	SustainableGrowth	1.0717
2022-02-22	CoreStrategy	2.0879
2022-02-22	CapitalStable	3.7385
2022-02-22	Balanced	4.7183
2022-02-22	HighGrowth	7.3247
2022-02-22	Cash	2.2675
2022-02-22	BalancedIndexed	1.3371
2022-02-22	AustralianSharesIndexed	1.3897
2022-02-22	OverseasSharesIndexed	1.4922
2022-02-22	SustainableGrowth	1.0747
2022-02-19	CoreStrategy	2.097
2022-02-19	CapitalStable	3.7441
2022-02-19	Balanced	4.731
2022-02-19	HighGrowth	7.3643
2022-02-19	Cash	2.2675
2022-02-19	BalancedIndexed	1.3444
2022-02-19	AustralianSharesIndexed	1.4021
2022-02-19	OverseasSharesIndexed	1.4996
2022-02-19	SustainableGrowth	1.0804
2022-02-18	CoreStrategy	2.1075
2022-02-18	CapitalStable	3.7502
2022-02-18	Balanced	4.7454
2022-02-18	HighGrowth	7.4072
2022-02-18	Cash	2.2675
2022-02-18	BalancedIndexed	1.3527
2022-02-18	AustralianSharesIndexed	1.4001
2022-02-18	OverseasSharesIndexed	1.5293
2022-02-18	SustainableGrowth	1.0869
2022-02-17	CoreStrategy	2.1016
2022-02-17	CapitalStable	3.7471
2022-02-17	Balanced	4.7379
2022-02-17	HighGrowth	7.3799
2022-02-17	Cash	2.2673
2022-02-17	BalancedIndexed	1.3477
2022-02-17	AustralianSharesIndexed	1.3846
2022-02-17	OverseasSharesIndexed	1.5325
2022-02-17	SustainableGrowth	1.0809
2022-02-16	CoreStrategy	2.0958
2022-02-16	CapitalStable	3.7448
2022-02-16	Balanced	4.7312
2022-02-16	HighGrowth	7.3582
2022-02-16	Cash	2.2673
2022-02-16	BalancedIndexed	1.3445
2022-02-16	AustralianSharesIndexed	1.391
2022-02-16	OverseasSharesIndexed	1.5167
2022-02-16	SustainableGrowth	1.076
2022-02-15	CoreStrategy	2.0985
2022-02-15	CapitalStable	3.7464
2022-02-15	Balanced	4.7346
2022-02-15	HighGrowth	7.3658
2022-02-15	Cash	2.2673
2022-02-15	BalancedIndexed	1.3449
2022-02-15	AustralianSharesIndexed	1.3864
2022-02-15	OverseasSharesIndexed	1.5185
2022-02-15	SustainableGrowth	1.0768
2022-02-12	CoreStrategy	2.1105
2022-02-12	CapitalStable	3.7545
2022-02-12	Balanced	4.7508
2022-02-12	HighGrowth	7.4144
2022-02-12	Cash	2.2673
2022-02-12	BalancedIndexed	1.355
2022-02-12	AustralianSharesIndexed	1.3991
2022-02-12	OverseasSharesIndexed	1.5293
2022-02-12	SustainableGrowth	1.0865
2022-02-11	CoreStrategy	2.1191
2022-02-11	CapitalStable	3.7593
2022-02-11	Balanced	4.7625
2022-02-11	HighGrowth	7.4468
2022-02-11	Cash	2.2673
2022-02-11	BalancedIndexed	1.3626
2022-02-11	AustralianSharesIndexed	1.3957
2022-02-11	OverseasSharesIndexed	1.5574
2022-02-11	SustainableGrowth	1.0937
2022-02-10	CoreStrategy	2.1058
2022-02-10	CapitalStable	3.7521
2022-02-10	Balanced	4.7447
2022-02-10	HighGrowth	7.3908
2022-02-10	Cash	2.2673
2022-02-10	BalancedIndexed	1.3517
2022-02-10	AustralianSharesIndexed	1.3812
2022-02-10	OverseasSharesIndexed	1.546
2022-02-10	SustainableGrowth	1.0824
2022-02-09	CoreStrategy	2.099
2022-02-09	CapitalStable	3.7484
2022-02-09	Balanced	4.7355
2022-02-09	HighGrowth	7.3583
2022-02-09	Cash	2.2671
2022-02-09	BalancedIndexed	1.346
2022-02-09	AustralianSharesIndexed	1.3684
2022-02-09	OverseasSharesIndexed	1.5401
2022-02-09	SustainableGrowth	1.0781
2022-02-08	CoreStrategy	2.1042
2022-02-08	CapitalStable	3.7528
2022-02-08	Balanced	4.7431
2022-02-08	HighGrowth	7.3765
2022-02-08	Cash	2.2671
2022-02-08	BalancedIndexed	1.3498
2022-02-08	AustralianSharesIndexed	1.3698
2022-02-08	OverseasSharesIndexed	1.553
2022-02-08	SustainableGrowth	1.0831
2022-02-05	CoreStrategy	2.0935
2022-02-05	CapitalStable	3.7464
2022-02-05	Balanced	4.7278
2022-02-05	HighGrowth	7.326
2022-02-05	Cash	2.2671
2022-02-05	BalancedIndexed	1.3432
2022-02-05	AustralianSharesIndexed	1.3623
2022-02-05	OverseasSharesIndexed	1.5305
2022-02-05	SustainableGrowth	1.0771
2022-02-04	CoreStrategy	2.1076
2022-02-04	CapitalStable	3.7545
2022-02-04	Balanced	4.7466
2022-02-04	HighGrowth	7.3826
2022-02-04	Cash	2.2671
2022-02-04	BalancedIndexed	1.3556
2022-02-04	AustralianSharesIndexed	1.3649
2022-02-04	OverseasSharesIndexed	1.5645
2022-02-04	SustainableGrowth	1.088
2022-02-03	CoreStrategy	2.0965
2022-02-03	CapitalStable	3.7471
2022-02-03	Balanced	4.7304
2022-02-03	HighGrowth	7.3338
2022-02-03	Cash	2.2671
2022-02-03	BalancedIndexed	1.3467
2022-02-03	AustralianSharesIndexed	1.3506
2022-02-03	OverseasSharesIndexed	1.5541
2022-02-03	SustainableGrowth	1.0807
2022-02-02	CoreStrategy	2.0927
2022-02-02	CapitalStable	3.7444
2022-02-02	Balanced	4.7253
2022-02-02	HighGrowth	7.3169
2022-02-02	Cash	2.2669
2022-02-02	BalancedIndexed	1.3433
2022-02-02	AustralianSharesIndexed	1.344
2022-02-02	OverseasSharesIndexed	1.5548
2022-02-02	SustainableGrowth	1.0776
2022-02-01	CoreStrategy	2.0836
2022-02-01	CapitalStable	3.7397
2022-02-01	Balanced	4.7144
2022-02-01	HighGrowth	7.2842
2022-02-01	Cash	2.2669
2022-02-01	BalancedIndexed	1.3368
2022-02-01	AustralianSharesIndexed	1.3457
2022-02-01	OverseasSharesIndexed	1.5397
2022-02-01	SustainableGrowth	1.0721
2022-01-29	CoreStrategy	2.0621
2022-01-29	CapitalStable	3.726
2022-01-29	Balanced	4.6837
2022-01-29	HighGrowth	7.1905
2022-01-29	Cash	2.2669
2022-01-29	BalancedIndexed	1.3172
2022-01-29	AustralianSharesIndexed	1.3203
2022-01-29	OverseasSharesIndexed	1.5046
2022-01-29	SustainableGrowth	1.0565
2022-01-28	CoreStrategy	2.0694
2022-01-28	CapitalStable	3.7315
2022-01-28	Balanced	4.694
2022-01-28	HighGrowth	7.222
2022-01-28	Cash	2.2669
2022-01-28	BalancedIndexed	1.3242
2022-01-28	AustralianSharesIndexed	1.3417
2022-01-28	OverseasSharesIndexed	1.4944
2022-01-28	SustainableGrowth	1.0628
2022-01-26	CoreStrategy	2.0906
2022-01-26	CapitalStable	3.7472
2022-01-26	Balanced	4.7256
2022-01-26	HighGrowth	7.3163
2022-01-26	Cash	2.2669
2022-01-26	BalancedIndexed	1.3416
2022-01-26	AustralianSharesIndexed	1.3726
2022-01-26	OverseasSharesIndexed	1.516
2022-01-26	SustainableGrowth	1.0777
2022-01-25	CoreStrategy	2.0916
2022-01-25	CapitalStable	3.7464
2022-01-25	Balanced	4.7265
2022-01-25	HighGrowth	7.3224
2022-01-25	Cash	2.2666
2022-01-25	BalancedIndexed	1.3436
2022-01-25	AustralianSharesIndexed	1.3796
2022-01-25	OverseasSharesIndexed	1.5075
2022-01-25	SustainableGrowth	1.0775
2022-01-22	CoreStrategy	2.1074
2022-01-22	CapitalStable	3.7568
2022-01-22	Balanced	4.7497
2022-01-22	HighGrowth	7.3972
2022-01-22	Cash	2.2669
2022-01-22	BalancedIndexed	1.3588
2022-01-22	AustralianSharesIndexed	1.4084
2022-01-22	OverseasSharesIndexed	1.5189
2022-01-22	SustainableGrowth	1.0874
2022-01-21	CoreStrategy	2.1125
2022-01-21	CapitalStable	3.76
2022-01-21	Balanced	4.7566
2022-01-21	HighGrowth	7.4164
2022-01-21	Cash	2.2669
2022-01-21	BalancedIndexed	1.3629
2022-01-21	AustralianSharesIndexed	1.4068
2022-01-21	OverseasSharesIndexed	1.5368
2022-01-21	SustainableGrowth	1.0929
2022-01-20	CoreStrategy	2.1244
2022-01-20	CapitalStable	3.7682
2022-01-20	Balanced	4.7738
2022-01-20	HighGrowth	7.4665
2022-01-20	Cash	2.2669
2022-01-20	BalancedIndexed	1.373
2022-01-20	AustralianSharesIndexed	1.4196
2022-01-20	OverseasSharesIndexed	1.5549
2022-01-20	SustainableGrowth	1.1022
2022-01-19	CoreStrategy	2.1351
2022-01-19	CapitalStable	3.7753
2022-01-19	Balanced	4.7886
2022-01-19	HighGrowth	7.5072
2022-01-19	Cash	2.2669
2022-01-19	BalancedIndexed	1.3811
2022-01-19	AustralianSharesIndexed	1.4206
2022-01-19	OverseasSharesIndexed	1.5746
2022-01-19	SustainableGrowth	1.1086
2022-01-18	CoreStrategy	2.132
2022-01-18	CapitalStable	3.7737
2022-01-18	Balanced	4.7841
2022-01-18	HighGrowth	7.492
2022-01-18	Cash	2.2666
2022-01-18	BalancedIndexed	1.3787
2022-01-18	AustralianSharesIndexed	1.4164
2022-01-18	OverseasSharesIndexed	1.569
2022-01-18	SustainableGrowth	1.1063
2022-01-15	CoreStrategy	2.1348
2022-01-15	CapitalStable	3.7757
2022-01-15	Balanced	4.788
2022-01-15	HighGrowth	7.5042
2022-01-15	Cash	2.2666
2022-01-15	BalancedIndexed	1.3824
2022-01-15	AustralianSharesIndexed	1.4297
2022-01-15	OverseasSharesIndexed	1.5595
2022-01-15	SustainableGrowth	1.1095
2022-01-14	CoreStrategy	2.1395
2022-01-14	CapitalStable	3.7776
2022-01-14	Balanced	4.7934
2022-01-14	HighGrowth	7.5221
2022-01-14	Cash	2.2666
2022-01-14	BalancedIndexed	1.3868
2022-01-14	AustralianSharesIndexed	1.4239
2022-01-14	OverseasSharesIndexed	1.5806
2022-01-14	SustainableGrowth	1.1146
2022-01-13	CoreStrategy	2.1374
2022-01-13	CapitalStable	3.7759
2022-01-13	Balanced	4.7902
2022-01-13	HighGrowth	7.5128
2022-01-13	Cash	2.2666
2022-01-13	BalancedIndexed	1.384
2022-01-13	AustralianSharesIndexed	1.4153
2022-01-13	OverseasSharesIndexed	1.5891
2022-01-13	SustainableGrowth	1.1144
2022-01-12	CoreStrategy	2.1361
2022-01-12	CapitalStable	3.7757
2022-01-12	Balanced	4.788
2022-01-12	HighGrowth	7.5073
2022-01-12	Cash	2.2666
2022-01-12	BalancedIndexed	1.3838
2022-01-12	AustralianSharesIndexed	1.425
2022-01-12	OverseasSharesIndexed	1.5804
2022-01-12	SustainableGrowth	1.1152
2022-01-11	CoreStrategy	2.137
2022-01-11	CapitalStable	3.7708
2022-01-11	Balanced	4.7852
2022-01-11	HighGrowth	7.5111
2022-01-11	Cash	2.2664
2022-01-11	BalancedIndexed	1.3862
2022-01-11	AustralianSharesIndexed	1.4262
2022-01-11	OverseasSharesIndexed	1.585
2022-01-11	SustainableGrowth	1.1181
2022-01-08	CoreStrategy	2.1349
2022-01-08	CapitalStable	3.7698
2022-01-08	Balanced	4.7822
2022-01-08	HighGrowth	7.497
2022-01-08	Cash	2.2664
2022-01-08	BalancedIndexed	1.3824
2022-01-08	AustralianSharesIndexed	1.4101
2022-01-08	OverseasSharesIndexed	1.5902
2022-01-08	SustainableGrowth	1.1173
2022-01-07	CoreStrategy	2.1435
2022-01-07	CapitalStable	3.7758
2022-01-07	Balanced	4.7936
2022-01-07	HighGrowth	7.5357
2022-01-07	Cash	2.2664
2022-01-07	BalancedIndexed	1.3935
2022-01-07	AustralianSharesIndexed	1.4457
2022-01-07	OverseasSharesIndexed	1.575
2022-01-07	SustainableGrowth	1.1253
2022-01-06	CoreStrategy	2.1575
2022-01-06	CapitalStable	3.7848
2022-01-06	Balanced	4.8125
2022-01-06	HighGrowth	7.5887
2022-01-06	Cash	2.2664
2022-01-06	BalancedIndexed	1.4038
2022-01-06	AustralianSharesIndexed	1.4505
2022-01-06	OverseasSharesIndexed	1.6007
2022-01-06	SustainableGrowth	1.1348
2022-01-05	CoreStrategy	2.1413
2022-01-05	CapitalStable	3.7685
2022-01-05	Balanced	4.7857
2022-01-05	HighGrowth	7.5166
2022-01-05	Cash	2.2662
2022-01-05	BalancedIndexed	1.3925
2022-01-05	AustralianSharesIndexed	1.4258
2022-01-05	OverseasSharesIndexed	1.5887
2022-01-05	SustainableGrowth	1.1268
2022-01-01	CoreStrategy	2.1434
2022-01-01	CapitalStable	3.7689
2022-01-01	Balanced	4.7896
2022-01-01	HighGrowth	7.5357
2022-01-01	Cash	2.2662
2022-01-01	BalancedIndexed	1.3983
2022-01-01	AustralianSharesIndexed	1.437
2022-01-01	OverseasSharesIndexed	1.5943
2022-01-01	SustainableGrowth	1.1309
2021-12-31	CoreStrategy	2.1426
2021-12-31	CapitalStable	3.7685
2021-12-31	Balanced	4.7886
2021-12-31	HighGrowth	7.5324
2021-12-31	Cash	2.2662
2021-12-31	BalancedIndexed	1.3987
2021-12-31	AustralianSharesIndexed	1.4352
2021-12-31	OverseasSharesIndexed	1.5958
2021-12-31	SustainableGrowth	1.1306
2021-12-30	CoreStrategy	2.1373
2021-12-30	CapitalStable	3.765
2021-12-30	Balanced	4.7814
2021-12-30	HighGrowth	7.5084
2021-12-30	Cash	2.2662
2021-12-30	BalancedIndexed	1.3941
2021-12-30	AustralianSharesIndexed	1.4194
2021-12-30	OverseasSharesIndexed	1.5999
2021-12-30	SustainableGrowth	1.1261
2021-12-25	CoreStrategy	2.126
2021-12-25	CapitalStable	3.759
2021-12-25	Balanced	4.7665
2021-12-25	HighGrowth	7.4632
2021-12-25	Cash	2.266
2021-12-25	BalancedIndexed	1.3863
2021-12-25	AustralianSharesIndexed	1.4136
2021-12-25	OverseasSharesIndexed	1.5826
2021-12-25	SustainableGrowth	1.1189
2021-12-24	CoreStrategy	2.1228
2021-12-24	CapitalStable	3.7572
2021-12-24	Balanced	4.7625
2021-12-24	HighGrowth	7.4503
2021-12-24	Cash	2.266
2021-12-24	BalancedIndexed	1.3832
2021-12-24	AustralianSharesIndexed	1.4095
2021-12-24	OverseasSharesIndexed	1.5801
2021-12-24	SustainableGrowth	1.1164
2021-12-23	CoreStrategy	2.1191
2021-12-23	CapitalStable	3.7554
2021-12-23	Balanced	4.7575
2021-12-23	HighGrowth	7.4346
2021-12-23	Cash	2.266
2021-12-23	BalancedIndexed	1.3802
2021-12-23	AustralianSharesIndexed	1.4075
2021-12-23	OverseasSharesIndexed	1.5798
2021-12-23	SustainableGrowth	1.1148
2021-12-22	CoreStrategy	2.1056
2021-12-22	CapitalStable	3.7476
2021-12-22	Balanced	4.7391
2021-12-22	HighGrowth	7.3784
2021-12-22	Cash	2.266
2021-12-22	BalancedIndexed	1.3698
2021-12-22	AustralianSharesIndexed	1.3969
2021-12-22	OverseasSharesIndexed	1.5608
2021-12-22	SustainableGrowth	1.1073
2021-12-21	CoreStrategy	2.1133
2021-12-21	CapitalStable	3.7516
2021-12-21	Balanced	4.7492
2021-12-21	HighGrowth	7.4094
2021-12-21	Cash	2.2658
2021-12-21	BalancedIndexed	1.3752
2021-12-21	AustralianSharesIndexed	1.3996
2021-12-21	OverseasSharesIndexed	1.5704
2021-12-21	SustainableGrowth	1.1111
2021-12-18	CoreStrategy	2.1157
2021-12-18	CapitalStable	3.7526
2021-12-18	Balanced	4.752
2021-12-18	HighGrowth	7.4182
2021-12-18	Cash	2.2658
2021-12-18	BalancedIndexed	1.3775
2021-12-18	AustralianSharesIndexed	1.398
2021-12-18	OverseasSharesIndexed	1.5756
2021-12-18	SustainableGrowth	1.1115
2021-12-17	CoreStrategy	2.1216
2021-12-17	CapitalStable	3.7567
2021-12-17	Balanced	4.7611
2021-12-17	HighGrowth	7.4449
2021-12-17	Cash	2.2658
2021-12-17	BalancedIndexed	1.3834
2021-12-17	AustralianSharesIndexed	1.4027
2021-12-17	OverseasSharesIndexed	1.5926
2021-12-17	SustainableGrowth	1.1155
2021-12-16	CoreStrategy	2.1192
2021-12-16	CapitalStable	3.7564
2021-12-16	Balanced	4.7585
2021-12-16	HighGrowth	7.4384
2021-12-16	Cash	2.266
2021-12-16	BalancedIndexed	1.3809
2021-12-16	AustralianSharesIndexed	1.4122
2021-12-16	OverseasSharesIndexed	1.5763
2021-12-16	SustainableGrowth	1.1134
2021-12-15	CoreStrategy	2.1243
2021-12-15	CapitalStable	3.7587
2021-12-15	Balanced	4.7654
2021-12-15	HighGrowth	7.4599
2021-12-15	Cash	2.266
2021-12-15	BalancedIndexed	1.3847
2021-12-15	AustralianSharesIndexed	1.4123
2021-12-15	OverseasSharesIndexed	1.5881
2021-12-15	SustainableGrowth	1.1164
2021-12-14	CoreStrategy	2.1231
2021-12-14	CapitalStable	3.7573
2021-12-14	Balanced	4.7633
2021-12-14	HighGrowth	7.4546
2021-12-14	Cash	2.2657
2021-12-14	BalancedIndexed	1.3845
2021-12-14	AustralianSharesIndexed	1.4081
2021-12-14	OverseasSharesIndexed	1.5891
2021-12-14	SustainableGrowth	1.1153
2021-12-11	CoreStrategy	2.1249
2021-12-11	CapitalStable	3.7591
2021-12-11	Balanced	4.7666
2021-12-11	HighGrowth	7.465
2021-12-11	Cash	2.2657
2021-12-11	BalancedIndexed	1.384
2021-12-11	AustralianSharesIndexed	1.4119
2021-12-11	OverseasSharesIndexed	1.5871
2021-12-11	SustainableGrowth	1.1165
2021-12-10	CoreStrategy	2.1233
2021-12-10	CapitalStable	3.747
2021-12-10	Balanced	4.754
2021-12-10	HighGrowth	7.4554
2021-12-10	Cash	2.2657
2021-12-10	BalancedIndexed	1.3882
2021-12-10	AustralianSharesIndexed	1.4149
2021-12-10	OverseasSharesIndexed	1.5941
2021-12-10	SustainableGrowth	1.119
2021-12-09	CoreStrategy	2.1181
2021-12-09	CapitalStable	3.7434
2021-12-09	Balanced	4.7467
2021-12-09	HighGrowth	7.4307
2021-12-09	Cash	2.2658
2021-12-09	BalancedIndexed	1.3831
2021-12-09	AustralianSharesIndexed	1.3989
2021-12-09	OverseasSharesIndexed	1.5982
2021-12-09	SustainableGrowth	1.1164
2021-12-08	CoreStrategy	2.1049
2021-12-08	CapitalStable	3.7356
2021-12-08	Balanced	4.7302
2021-12-08	HighGrowth	7.3795
2021-12-08	Cash	2.2658
2021-12-08	BalancedIndexed	1.3717
2021-12-08	AustralianSharesIndexed	1.3867
2021-12-08	OverseasSharesIndexed	1.5816
2021-12-08	SustainableGrowth	1.1069
2021-12-07	CoreStrategy	2.1009
2021-12-07	CapitalStable	3.7345
2021-12-07	Balanced	4.727
2021-12-07	HighGrowth	7.3702
2021-12-07	Cash	2.2655
2021-12-07	BalancedIndexed	1.3679
2021-12-07	AustralianSharesIndexed	1.3873
2021-12-07	OverseasSharesIndexed	1.5732
2021-12-07	SustainableGrowth	1.1045
2021-12-04	CoreStrategy	2.0994
2021-12-04	CapitalStable	3.7316
2021-12-04	Balanced	4.7227
2021-12-04	HighGrowth	7.3613
2021-12-04	Cash	2.2655
2021-12-04	BalancedIndexed	1.3671
2021-12-04	AustralianSharesIndexed	1.3854
2021-12-04	OverseasSharesIndexed	1.5682
2021-12-04	SustainableGrowth	1.1028
2021-12-03	CoreStrategy	2.0892
2021-12-03	CapitalStable	3.7262
2021-12-03	Balanced	4.7097
2021-12-03	HighGrowth	7.3243
2021-12-03	Cash	2.2655
2021-12-03	BalancedIndexed	1.3619
2021-12-03	AustralianSharesIndexed	1.3877
2021-12-03	OverseasSharesIndexed	1.5472
2021-12-03	SustainableGrowth	1.0972
2021-12-02	CoreStrategy	2.0963
2021-12-02	CapitalStable	3.7301
2021-12-02	Balanced	4.7194
2021-12-02	HighGrowth	7.3544
2021-12-02	Cash	2.2655
2021-12-02	BalancedIndexed	1.3683
2021-12-02	AustralianSharesIndexed	1.3915
2021-12-02	OverseasSharesIndexed	1.565
2021-12-02	SustainableGrowth	1.1033
2021-12-01	CoreStrategy	2.1043
2021-12-01	CapitalStable	3.7293
2021-12-01	Balanced	4.7246
2021-12-01	HighGrowth	7.378
2021-12-01	Cash	2.2657
2021-12-01	BalancedIndexed	1.3739
2021-12-01	AustralianSharesIndexed	1.3881
2021-12-01	OverseasSharesIndexed	1.5848
2021-12-01	SustainableGrowth	1.1095
2021-11-30	CoreStrategy	2.1016
2021-11-30	CapitalStable	3.727
2021-11-30	Balanced	4.721
2021-11-30	HighGrowth	7.3727
2021-11-30	Cash	2.2655
2021-11-30	BalancedIndexed	1.3718
2021-11-30	AustralianSharesIndexed	1.3948
2021-11-30	OverseasSharesIndexed	1.5712
2021-11-30	SustainableGrowth	1.1089
2021-11-27	CoreStrategy	2.123
2021-11-27	CapitalStable	3.7378
2021-11-27	Balanced	4.7477
2021-11-27	HighGrowth	7.4589
2021-11-27	Cash	2.2655
2021-11-27	BalancedIndexed	1.3869
2021-11-27	AustralianSharesIndexed	1.4169
2021-11-27	OverseasSharesIndexed	1.5908
2021-11-27	SustainableGrowth	1.1216
2021-11-26	CoreStrategy	2.1218
2021-11-26	CapitalStable	3.7369
2021-11-26	Balanced	4.746
2021-11-26	HighGrowth	7.4541
2021-11-26	Cash	2.2655
2021-11-26	BalancedIndexed	1.3856
2021-11-26	AustralianSharesIndexed	1.4154
2021-11-26	OverseasSharesIndexed	1.5882
2021-11-26	SustainableGrowth	1.1202
2021-11-25	CoreStrategy	2.1198
2021-11-25	CapitalStable	3.7362
2021-11-25	Balanced	4.7436
2021-11-25	HighGrowth	7.4475
2021-11-25	Cash	2.2655
2021-11-25	BalancedIndexed	1.3845
2021-11-25	AustralianSharesIndexed	1.4173
2021-11-25	OverseasSharesIndexed	1.582
2021-11-25	SustainableGrowth	1.1191
2021-11-24	CoreStrategy	2.1173
2021-11-24	CapitalStable	3.7355
2021-11-24	Balanced	4.7405
2021-11-24	HighGrowth	7.4349
2021-11-24	Cash	2.2655
2021-11-24	BalancedIndexed	1.3818
2021-11-24	AustralianSharesIndexed	1.408
2021-11-24	OverseasSharesIndexed	1.5785
2021-11-24	SustainableGrowth	1.1163
2021-11-23	CoreStrategy	2.1239
2021-11-23	CapitalStable	3.7402
2021-11-23	Balanced	4.75
2021-11-23	HighGrowth	7.4628
2021-11-23	Cash	2.2653
2021-11-23	BalancedIndexed	1.3869
2021-11-23	AustralianSharesIndexed	1.4152
2021-11-23	OverseasSharesIndexed	1.5855
2021-11-23	SustainableGrowth	1.1217
2021-11-20	CoreStrategy	2.1246
2021-11-20	CapitalStable	3.74
2021-11-20	Balanced	4.7504
2021-11-20	HighGrowth	7.4648
2021-11-20	Cash	2.2653
2021-11-20	BalancedIndexed	1.3864
2021-11-20	AustralianSharesIndexed	1.4124
2021-11-20	OverseasSharesIndexed	1.5874
2021-11-20	SustainableGrowth	1.1218
2021-11-19	CoreStrategy	2.1231
2021-11-19	CapitalStable	3.7395
2021-11-19	Balanced	4.7494
2021-11-19	HighGrowth	7.4606
2021-11-19	Cash	2.2653
2021-11-19	BalancedIndexed	1.3838
2021-11-19	AustralianSharesIndexed	1.4104
2021-11-19	OverseasSharesIndexed	1.5814
2021-11-19	SustainableGrowth	1.1197
2021-11-18	CoreStrategy	2.1252
2021-11-18	CapitalStable	3.741
2021-11-18	Balanced	4.7514
2021-11-18	HighGrowth	7.4656
2021-11-18	Cash	2.2653
2021-11-18	BalancedIndexed	1.3863
2021-11-18	AustralianSharesIndexed	1.4188
2021-11-18	OverseasSharesIndexed	1.5774
2021-11-18	SustainableGrowth	1.1224
2021-11-17	CoreStrategy	2.126
2021-11-17	CapitalStable	3.742
2021-11-17	Balanced	4.7529
2021-11-17	HighGrowth	7.4698
2021-11-17	Cash	2.2653
2021-11-17	BalancedIndexed	1.3866
2021-11-17	AustralianSharesIndexed	1.4272
2021-11-17	OverseasSharesIndexed	1.566
2021-11-17	SustainableGrowth	1.1221
2021-11-16	CoreStrategy	2.1257
2021-11-16	CapitalStable	3.7424
2021-11-16	Balanced	4.7529
2021-11-16	HighGrowth	7.4687
2021-11-16	Cash	2.2651
2021-11-16	BalancedIndexed	1.3856
2021-11-16	AustralianSharesIndexed	1.421
2021-11-16	OverseasSharesIndexed	1.5727
2021-11-16	SustainableGrowth	1.1219
2021-11-13	CoreStrategy	2.1193
2021-11-13	CapitalStable	3.7382
2021-11-13	Balanced	4.7438
2021-11-13	HighGrowth	7.4393
2021-11-13	Cash	2.2651
2021-11-13	BalancedIndexed	1.3791
2021-11-13	AustralianSharesIndexed	1.4104
2021-11-13	OverseasSharesIndexed	1.5654
2021-11-13	SustainableGrowth	1.1177
2021-11-12	CoreStrategy	2.1186
2021-11-12	CapitalStable	3.7387
2021-11-12	Balanced	4.7432
2021-11-12	HighGrowth	7.4368
2021-11-12	Cash	2.2651
2021-11-12	BalancedIndexed	1.3796
2021-11-12	AustralianSharesIndexed	1.4174
2021-11-12	OverseasSharesIndexed	1.555
2021-11-12	SustainableGrowth	1.1177
2021-11-11	CoreStrategy	2.123
2021-11-11	CapitalStable	3.7413
2021-11-11	Balanced	4.7483
2021-11-11	HighGrowth	7.4528
2021-11-11	Cash	2.2651
2021-11-11	BalancedIndexed	1.3842
2021-11-11	AustralianSharesIndexed	1.4198
2021-11-11	OverseasSharesIndexed	1.5639
2021-11-11	SustainableGrowth	1.1197
2021-11-10	CoreStrategy	2.121
2021-11-10	CapitalStable	3.7396
2021-11-10	Balanced	4.7453
2021-11-10	HighGrowth	7.4455
2021-11-10	Cash	2.2651
2021-11-10	BalancedIndexed	1.3843
2021-11-10	AustralianSharesIndexed	1.4222
2021-11-10	OverseasSharesIndexed	1.5586
2021-11-10	SustainableGrowth	1.1195
2021-11-09	CoreStrategy	2.1195
2021-11-09	CapitalStable	3.7374
2021-11-09	Balanced	4.7434
2021-11-09	HighGrowth	7.442
2021-11-09	Cash	2.2649
2021-11-09	BalancedIndexed	1.3835
2021-11-09	AustralianSharesIndexed	1.4212
2021-11-09	OverseasSharesIndexed	1.5585
2021-11-09	SustainableGrowth	1.1195
2021-11-06	CoreStrategy	2.1165
2021-11-06	CapitalStable	3.7353
2021-11-06	Balanced	4.7395
2021-11-06	HighGrowth	7.4316
2021-11-06	Cash	2.2649
2021-11-06	BalancedIndexed	1.3797
2021-11-06	AustralianSharesIndexed	1.415
2021-11-06	OverseasSharesIndexed	1.5563
2021-11-06	SustainableGrowth	1.1162
2021-11-05	CoreStrategy	2.1114
2021-11-05	CapitalStable	3.7312
2021-11-05	Balanced	4.7324
2021-11-05	HighGrowth	7.4107
2021-11-05	Cash	2.2649
2021-11-05	BalancedIndexed	1.374
2021-11-05	AustralianSharesIndexed	1.4089
2021-11-05	OverseasSharesIndexed	1.5455
2021-11-05	SustainableGrowth	1.1101
2021-11-04	CoreStrategy	2.1055
2021-11-04	CapitalStable	3.7278
2021-11-04	Balanced	4.7247
2021-11-04	HighGrowth	7.3855
2021-11-04	Cash	2.2649
2021-11-04	BalancedIndexed	1.3674
2021-11-04	AustralianSharesIndexed	1.3971
2021-11-04	OverseasSharesIndexed	1.5387
2021-11-04	SustainableGrowth	1.1051
2021-11-03	CoreStrategy	2.0998
2021-11-03	CapitalStable	3.7232
2021-11-03	Balanced	4.7165
2021-11-03	HighGrowth	7.3654
2021-11-03	Cash	2.2649
2021-11-03	BalancedIndexed	1.364
2021-11-03	AustralianSharesIndexed	1.4049
2021-11-03	OverseasSharesIndexed	1.5157
2021-11-03	SustainableGrowth	1.1006
2021-11-02	CoreStrategy	2.0946
2021-11-02	CapitalStable	3.7204
2021-11-02	Balanced	4.7099
2021-11-02	HighGrowth	7.3428
2021-11-02	Cash	2.2649
2021-11-02	BalancedIndexed	1.3587
2021-11-02	AustralianSharesIndexed	1.397
2021-11-02	OverseasSharesIndexed	1.5132
2021-11-02	SustainableGrowth	1.0964
2021-10-30	CoreStrategy	2.0995
2021-10-30	CapitalStable	3.7236
2021-10-30	Balanced	4.716
2021-10-30	HighGrowth	7.3612
2021-10-30	Cash	2.2649
2021-10-30	BalancedIndexed	1.3646
2021-10-30	AustralianSharesIndexed	1.4143
2021-10-30	OverseasSharesIndexed	1.5072
2021-10-30	SustainableGrowth	1.1011
2021-10-29	CoreStrategy	2.0997
2021-10-29	CapitalStable	3.7249
2021-10-29	Balanced	4.7177
2021-10-29	HighGrowth	7.3661
2021-10-29	Cash	2.2647
2021-10-29	BalancedIndexed	1.364
2021-10-29	AustralianSharesIndexed	1.4171
2021-10-29	OverseasSharesIndexed	1.5029
2021-10-29	SustainableGrowth	1.099
2021-10-28	CoreStrategy	2.1041
2021-10-28	CapitalStable	3.7271
2021-10-28	Balanced	4.7229
2021-10-28	HighGrowth	7.3822
2021-10-28	Cash	2.2647
2021-10-28	BalancedIndexed	1.3658
2021-10-28	AustralianSharesIndexed	1.4165
2021-10-28	OverseasSharesIndexed	1.5087
2021-10-28	SustainableGrowth	1.1009
2021-10-27	CoreStrategy	2.1037
2021-10-27	CapitalStable	3.7269
2021-10-27	Balanced	4.7227
2021-10-27	HighGrowth	7.382
2021-10-27	Cash	2.2647
2021-10-27	BalancedIndexed	1.3652
2021-10-27	AustralianSharesIndexed	1.4159
2021-10-27	OverseasSharesIndexed	1.509
2021-10-27	SustainableGrowth	1.1005
2021-10-26	CoreStrategy	2.1009
2021-10-26	CapitalStable	3.7251
2021-10-26	Balanced	4.7192
2021-10-26	HighGrowth	7.3711
2021-10-26	Cash	2.2647
2021-10-26	BalancedIndexed	1.3619
2021-10-26	AustralianSharesIndexed	1.411
2021-10-26	OverseasSharesIndexed	1.5058
2021-10-26	SustainableGrowth	1.0993
2021-10-23	CoreStrategy	2.1003
2021-10-23	CapitalStable	3.7255
2021-10-23	Balanced	4.7191
2021-10-23	HighGrowth	7.37
2021-10-23	Cash	2.2644
2021-10-23	BalancedIndexed	1.3615
2021-10-23	AustralianSharesIndexed	1.411
2021-10-23	OverseasSharesIndexed	1.5036
2021-10-23	SustainableGrowth	1.0963
2021-10-22	CoreStrategy	2.0998
2021-10-22	CapitalStable	3.7258
2021-10-22	Balanced	4.7187
2021-10-22	HighGrowth	7.3663
2021-10-22	Cash	2.2644
2021-10-22	BalancedIndexed	1.3605
2021-10-22	AustralianSharesIndexed	1.4108
2021-10-22	OverseasSharesIndexed	1.5001
2021-10-22	SustainableGrowth	1.0942
2021-10-21	CoreStrategy	2.0968
2021-10-21	CapitalStable	3.7244
2021-10-21	Balanced	4.7149
2021-10-21	HighGrowth	7.3549
2021-10-21	Cash	2.2644
2021-10-21	BalancedIndexed	1.3583
2021-10-21	AustralianSharesIndexed	1.4043
2021-10-21	OverseasSharesIndexed	1.5013
2021-10-21	SustainableGrowth	1.0915
2021-10-20	CoreStrategy	2.0966
2021-10-20	CapitalStable	3.7259
2021-10-20	Balanced	4.7168
2021-10-20	HighGrowth	7.357
2021-10-20	Cash	2.2644
2021-10-20	BalancedIndexed	1.3577
2021-10-20	AustralianSharesIndexed	1.4047
2021-10-20	OverseasSharesIndexed	1.5034
2021-10-20	SustainableGrowth	1.0916
2021-10-19	CoreStrategy	2.0943
2021-10-19	CapitalStable	3.7247
2021-10-19	Balanced	4.7133
2021-10-19	HighGrowth	7.3446
2021-10-19	Cash	2.2644
2021-10-19	BalancedIndexed	1.3562
2021-10-19	AustralianSharesIndexed	1.4016
2021-10-19	OverseasSharesIndexed	1.4991
2021-10-19	SustainableGrowth	1.0911
2021-10-16	CoreStrategy	2.0858
2021-10-16	CapitalStable	3.719
2021-10-16	Balanced	4.7016
2021-10-16	HighGrowth	7.3091
2021-10-16	Cash	2.2644
2021-10-16	BalancedIndexed	1.3499
2021-10-16	AustralianSharesIndexed	1.3929
2021-10-16	OverseasSharesIndexed	1.4883
2021-10-16	SustainableGrowth	1.0868
2021-10-15	CoreStrategy	2.0762
2021-10-15	CapitalStable	3.7131
2021-10-15	Balanced	4.6899
2021-10-15	HighGrowth	7.2752
2021-10-15	Cash	2.2642
2021-10-15	BalancedIndexed	1.3416
2021-10-15	AustralianSharesIndexed	1.3858
2021-10-15	OverseasSharesIndexed	1.4773
2021-10-15	SustainableGrowth	1.0808
2021-10-14	CoreStrategy	2.0725
2021-10-14	CapitalStable	3.711
2021-10-14	Balanced	4.6856
2021-10-14	HighGrowth	7.2628
2021-10-14	Cash	2.2642
2021-10-14	BalancedIndexed	1.3397
2021-10-14	AustralianSharesIndexed	1.3867
2021-10-14	OverseasSharesIndexed	1.4735
2021-10-14	SustainableGrowth	1.0785
2021-10-13	CoreStrategy	2.0728
2021-10-13	CapitalStable	3.712
2021-10-13	Balanced	4.6866
2021-10-13	HighGrowth	7.2651
2021-10-13	Cash	2.2644
2021-10-13	BalancedIndexed	1.3414
2021-10-13	AustralianSharesIndexed	1.3899
2021-10-13	OverseasSharesIndexed	1.4748
2021-10-13	SustainableGrowth	1.078
2021-10-12	CoreStrategy	2.0801
2021-10-12	CapitalStable	3.7178
2021-10-12	Balanced	4.6957
2021-10-12	HighGrowth	7.2917
2021-10-12	Cash	2.2644
2021-10-12	BalancedIndexed	1.3468
2021-10-12	AustralianSharesIndexed	1.3932
2021-10-12	OverseasSharesIndexed	1.4899
2021-10-12	SustainableGrowth	1.0831
2021-10-09	CoreStrategy	2.0778
2021-10-09	CapitalStable	3.7157
2021-10-09	Balanced	4.6916
2021-10-09	HighGrowth	7.278
2021-10-09	Cash	2.2644
2021-10-09	BalancedIndexed	1.3444
2021-10-09	AustralianSharesIndexed	1.3821
2021-10-09	OverseasSharesIndexed	1.4926
2021-10-09	SustainableGrowth	1.0823
2021-10-08	CoreStrategy	2.0715
2021-10-08	CapitalStable	3.7124
2021-10-08	Balanced	4.6839
2021-10-08	HighGrowth	7.2525
2021-10-08	Cash	2.2642
2021-10-08	BalancedIndexed	1.3386
2021-10-08	AustralianSharesIndexed	1.3732
2021-10-08	OverseasSharesIndexed	1.4883
2021-10-08	SustainableGrowth	1.0775
2021-10-07	CoreStrategy	2.0737
2021-10-07	CapitalStable	3.7161
2021-10-07	Balanced	4.6885
2021-10-07	HighGrowth	7.2624
2021-10-07	Cash	2.2642
2021-10-07	BalancedIndexed	1.3405
2021-10-07	AustralianSharesIndexed	1.3802
2021-10-07	OverseasSharesIndexed	1.4841
2021-10-07	SustainableGrowth	1.0789
2021-10-06	CoreStrategy	2.0704
2021-10-06	CapitalStable	3.7126
2021-10-06	Balanced	4.6833
2021-10-06	HighGrowth	7.2502
2021-10-06	Cash	2.2642
2021-10-06	BalancedIndexed	1.3387
2021-10-06	AustralianSharesIndexed	1.3857
2021-10-06	OverseasSharesIndexed	1.4731
2021-10-06	SustainableGrowth	1.0789
2021-10-05	CoreStrategy	2.071
2021-10-05	CapitalStable	3.7129
2021-10-05	Balanced	4.6834
2021-10-05	HighGrowth	7.2486
2021-10-05	Cash	2.2642
2021-10-05	BalancedIndexed	1.3396
2021-10-05	AustralianSharesIndexed	1.3705
2021-10-05	OverseasSharesIndexed	1.4917
2021-10-05	SustainableGrowth	1.0784
2021-10-02	CoreStrategy	2.0776
2021-10-02	CapitalStable	3.7183
2021-10-02	Balanced	4.6938
2021-10-02	HighGrowth	7.2837
2021-10-02	Cash	2.2642
2021-10-02	BalancedIndexed	1.3466
2021-10-02	AustralianSharesIndexed	1.3956
2021-10-02	OverseasSharesIndexed	1.49
2021-10-02	SustainableGrowth	1.0843
2021-10-01	CoreStrategy	2.0752
2021-10-01	CapitalStable	3.7142
2021-10-01	Balanced	4.6871
2021-10-01	HighGrowth	7.2682
2021-10-01	Cash	2.2642
2021-10-01	BalancedIndexed	1.3444
2021-10-01	AustralianSharesIndexed	1.373
2021-10-01	OverseasSharesIndexed	1.5076
2021-10-01	SustainableGrowth	1.0838
2021-09-30	CoreStrategy	2.0769
2021-09-30	CapitalStable	3.7169
2021-09-30	Balanced	4.6909
2021-09-30	HighGrowth	7.2761
2021-09-30	Cash	2.264
2021-09-30	BalancedIndexed	1.3468
2021-09-30	AustralianSharesIndexed	1.3861
2021-09-30	OverseasSharesIndexed	1.4991
2021-09-30	SustainableGrowth	1.0859
2021-09-29	CoreStrategy	2.0914
2021-09-29	CapitalStable	3.7275
2021-09-29	Balanced	4.7108
2021-09-29	HighGrowth	7.3289
2021-09-29	Cash	2.264
2021-09-29	BalancedIndexed	1.3619
2021-09-29	AustralianSharesIndexed	1.4044
2021-09-29	OverseasSharesIndexed	1.5187
2021-09-29	SustainableGrowth	1.0975
2021-09-28	CoreStrategy	2.0937
2021-09-28	CapitalStable	3.7305
2021-09-28	Balanced	4.7147
2021-09-28	HighGrowth	7.3365
2021-09-28	Cash	2.264
2021-09-28	BalancedIndexed	1.3624
2021-09-28	AustralianSharesIndexed	1.3974
2021-09-28	OverseasSharesIndexed	1.5293
2021-09-28	SustainableGrowth	1.0985
2021-09-25	CoreStrategy	2.0927
2021-09-25	CapitalStable	3.7298
2021-09-25	Balanced	4.7117
2021-09-25	HighGrowth	7.3254
2021-09-25	Cash	2.264
2021-09-25	BalancedIndexed	1.363
2021-09-25	AustralianSharesIndexed	1.4024
2021-09-25	OverseasSharesIndexed	1.5187
2021-09-25	SustainableGrowth	1.0988
2021-09-24	CoreStrategy	2.0842
2021-09-24	CapitalStable	3.724
2021-09-24	Balanced	4.6996
2021-09-24	HighGrowth	7.2912
2021-09-24	Cash	2.264
2021-09-24	BalancedIndexed	1.3561
2021-09-24	AustralianSharesIndexed	1.389
2021-09-24	OverseasSharesIndexed	1.5139
2021-09-24	SustainableGrowth	1.093
2021-09-23	CoreStrategy	2.0797
2021-09-23	CapitalStable	3.7213
2021-09-23	Balanced	4.6941
2021-09-23	HighGrowth	7.2757
2021-09-23	Cash	2.2638
2021-09-23	BalancedIndexed	1.3519
2021-09-23	AustralianSharesIndexed	1.3849
2021-09-23	OverseasSharesIndexed	1.5092
2021-09-23	SustainableGrowth	1.0908
2021-09-22	CoreStrategy	2.0751
2021-09-22	CapitalStable	3.7169
2021-09-22	Balanced	4.6862
2021-09-22	HighGrowth	7.2558
2021-09-22	Cash	2.2638
2021-09-22	BalancedIndexed	1.3487
2021-09-22	AustralianSharesIndexed	1.3808
2021-09-22	OverseasSharesIndexed	1.5023
2021-09-22	SustainableGrowth	1.0888
2021-09-21	CoreStrategy	2.0939
2021-09-21	CapitalStable	3.7299
2021-09-21	Balanced	4.7129
2021-09-21	HighGrowth	7.3326
2021-09-21	Cash	2.2638
2021-09-21	BalancedIndexed	1.3647
2021-09-21	AustralianSharesIndexed	1.4076
2021-09-21	OverseasSharesIndexed	1.521
2021-09-21	SustainableGrowth	1.0999
2021-09-18	CoreStrategy	2.1012
2021-09-18	CapitalStable	3.7351
2021-09-18	Balanced	4.7228
2021-09-18	HighGrowth	7.3611
2021-09-18	Cash	2.2638
2021-09-18	BalancedIndexed	1.3722
2021-09-18	AustralianSharesIndexed	1.4169
2021-09-18	OverseasSharesIndexed	1.532
2021-09-18	SustainableGrowth	1.1045
2021-09-17	CoreStrategy	2.0961
2021-09-17	CapitalStable	3.7312
2021-09-17	Balanced	4.7145
2021-09-17	HighGrowth	7.3371
2021-09-17	Cash	2.2638
2021-09-17	BalancedIndexed	1.3689
2021-09-17	AustralianSharesIndexed	1.4098
2021-09-17	OverseasSharesIndexed	1.5249
2021-09-17	SustainableGrowth	1.1019
2021-09-16	CoreStrategy	2.0965
2021-09-16	CapitalStable	3.7308
2021-09-16	Balanced	4.7147
2021-09-16	HighGrowth	7.3394
2021-09-16	Cash	2.2638
2021-09-16	BalancedIndexed	1.3678
2021-09-16	AustralianSharesIndexed	1.413
2021-09-16	OverseasSharesIndexed	1.5185
2021-09-16	SustainableGrowth	1.1009
2021-09-15	CoreStrategy	2.0947
2021-09-15	CapitalStable	3.7286
2021-09-15	Balanced	4.7108
2021-09-15	HighGrowth	7.3299
2021-09-15	Cash	2.2636
2021-09-15	BalancedIndexed	1.3665
2021-09-15	AustralianSharesIndexed	1.4106
2021-09-15	OverseasSharesIndexed	1.5148
2021-09-15	SustainableGrowth	1.1001
2021-09-14	CoreStrategy	2.0918
2021-09-14	CapitalStable	3.7263
2021-09-14	Balanced	4.7064
2021-09-14	HighGrowth	7.318
2021-09-14	Cash	2.2636
2021-09-14	BalancedIndexed	1.3646
2021-09-14	AustralianSharesIndexed	1.4073
2021-09-14	OverseasSharesIndexed	1.5124
2021-09-14	SustainableGrowth	1.099
2021-09-11	CoreStrategy	2.091
2021-09-11	CapitalStable	3.7239
2021-09-11	Balanced	4.7032
2021-09-11	HighGrowth	7.3116
2021-09-11	Cash	2.2636
2021-09-11	BalancedIndexed	1.3644
2021-09-11	AustralianSharesIndexed	1.4008
2021-09-11	OverseasSharesIndexed	1.5182
2021-09-11	SustainableGrowth	1.098
2021-09-10	CoreStrategy	2.1036
2021-09-10	CapitalStable	3.7332
2021-09-10	Balanced	4.7216
2021-09-10	HighGrowth	7.3627
2021-09-10	Cash	2.2636
2021-09-10	BalancedIndexed	1.3748
2021-09-10	AustralianSharesIndexed	1.4248
2021-09-10	OverseasSharesIndexed	1.5264
2021-09-10	SustainableGrowth	1.1059
2021-09-09	CoreStrategy	2.1044
2021-09-09	CapitalStable	3.735
2021-09-09	Balanced	4.7159
2021-09-09	HighGrowth	7.3367
2021-09-09	Cash	2.2636
2021-09-09	BalancedIndexed	1.3765
2021-09-09	AustralianSharesIndexed	1.4277
2021-09-09	OverseasSharesIndexed	1.5266
2021-09-09	SustainableGrowth	1.1068
2021-09-08	CoreStrategy	2.1041
2021-09-08	CapitalStable	3.7342
2021-09-08	Balanced	4.714
2021-09-08	HighGrowth	7.331
2021-09-08	Cash	2.2633
2021-09-08	BalancedIndexed	1.3763
2021-09-08	AustralianSharesIndexed	1.4269
2021-09-08	OverseasSharesIndexed	1.5224
2021-09-08	SustainableGrowth	1.1073
2021-09-07	CoreStrategy	2.1011
2021-09-07	CapitalStable	3.7325
2021-09-07	Balanced	4.7098
2021-09-07	HighGrowth	7.318
2021-09-07	Cash	2.2633
2021-09-07	BalancedIndexed	1.3737
2021-09-07	AustralianSharesIndexed	1.4237
2021-09-07	OverseasSharesIndexed	1.5175
2021-09-07	SustainableGrowth	1.1043
2021-09-04	CoreStrategy	2.1004
2021-09-04	CapitalStable	3.7314
2021-09-04	Balanced	4.7082
2021-09-04	HighGrowth	7.3148
2021-09-04	Cash	2.2633
2021-09-04	BalancedIndexed	1.3731
2021-09-04	AustralianSharesIndexed	1.4171
2021-09-04	OverseasSharesIndexed	1.5235
2021-09-04	SustainableGrowth	1.1037
2021-09-03	CoreStrategy	2.0997
2021-09-03	CapitalStable	3.7308
2021-09-03	Balanced	4.7075
2021-09-03	HighGrowth	7.3143
2021-09-03	Cash	2.2633
2021-09-03	BalancedIndexed	1.3728
2021-09-03	AustralianSharesIndexed	1.418
2021-09-03	OverseasSharesIndexed	1.5254
2021-09-03	SustainableGrowth	1.104
2021-09-02	CoreStrategy	2.0999
2021-09-02	CapitalStable	3.7323
2021-09-02	Balanced	4.7097
2021-09-02	HighGrowth	7.319
2021-09-02	Cash	2.2633
2021-09-02	BalancedIndexed	1.3746
2021-09-02	AustralianSharesIndexed	1.4185
2021-09-02	OverseasSharesIndexed	1.533
2021-09-02	SustainableGrowth	1.1043
2021-09-01	CoreStrategy	2.0976
2021-09-01	CapitalStable	3.7301
2021-09-01	Balanced	4.7061
2021-09-01	HighGrowth	7.3105
2021-09-01	Cash	2.2631
2021-09-01	BalancedIndexed	1.3743
2021-09-01	AustralianSharesIndexed	1.4132
2021-09-01	OverseasSharesIndexed	1.5374
2021-09-01	SustainableGrowth	1.1037
2021-08-31	CoreStrategy	2.0931
2021-08-31	CapitalStable	3.7253
2021-08-31	Balanced	4.6983
2021-08-31	HighGrowth	7.2924
2021-08-31	Cash	2.2631
2021-08-31	BalancedIndexed	1.3707
2021-08-31	AustralianSharesIndexed	1.4095
2021-08-31	OverseasSharesIndexed	1.5322
2021-08-31	SustainableGrowth	1.1016
2021-08-28	CoreStrategy	2.0902
2021-08-28	CapitalStable	3.7239
2021-08-28	Balanced	4.6954
2021-08-28	HighGrowth	7.2845
2021-08-28	Cash	2.2631
2021-08-28	BalancedIndexed	1.3693
2021-08-28	AustralianSharesIndexed	1.4102
2021-08-28	OverseasSharesIndexed	1.5314
2021-08-28	SustainableGrowth	1.1001
2021-08-27	CoreStrategy	2.0943
2021-08-27	CapitalStable	3.7272
2021-08-27	Balanced	4.7014
2021-08-27	HighGrowth	7.3
2021-08-27	Cash	2.2631
2021-08-27	BalancedIndexed	1.3731
2021-08-27	AustralianSharesIndexed	1.4161
2021-08-27	OverseasSharesIndexed	1.5346
2021-08-27	SustainableGrowth	1.1024
2021-08-26	CoreStrategy	2.0901
2021-08-26	CapitalStable	3.7256
2021-08-26	Balanced	4.6964
2021-08-26	HighGrowth	7.2822
2021-08-26	Cash	2.2633
2021-08-26	BalancedIndexed	1.3707
2021-08-26	AustralianSharesIndexed	1.4101
2021-08-26	OverseasSharesIndexed	1.5322
2021-08-26	SustainableGrowth	1.1008
2021-08-25	CoreStrategy	2.0899
2021-08-25	CapitalStable	3.7262
2021-08-25	Balanced	4.6968
2021-08-25	HighGrowth	7.2823
2021-08-25	Cash	2.2633
2021-08-25	BalancedIndexed	1.3718
2021-08-25	AustralianSharesIndexed	1.4079
2021-08-25	OverseasSharesIndexed	1.5411
2021-08-25	SustainableGrowth	1.1027
2021-08-24	CoreStrategy	2.0858
2021-08-24	CapitalStable	3.7236
2021-08-24	Balanced	4.6914
2021-08-24	HighGrowth	7.2673
2021-08-24	Cash	2.2631
2021-08-24	BalancedIndexed	1.368
2021-08-24	AustralianSharesIndexed	1.402
2021-08-24	OverseasSharesIndexed	1.5409
2021-08-24	SustainableGrowth	1.0992
2021-08-21	CoreStrategy	2.082
2021-08-21	CapitalStable	3.7206
2021-08-21	Balanced	4.686
2021-08-21	HighGrowth	7.2529
2021-08-21	Cash	2.2631
2021-08-21	BalancedIndexed	1.364
2021-08-21	AustralianSharesIndexed	1.4026
2021-08-21	OverseasSharesIndexed	1.5269
2021-08-21	SustainableGrowth	1.0969
2021-08-20	CoreStrategy	2.0827
2021-08-20	CapitalStable	3.7203
2021-08-20	Balanced	4.686
2021-08-20	HighGrowth	7.2541
2021-08-20	Cash	2.2631
2021-08-20	BalancedIndexed	1.3641
2021-08-20	AustralianSharesIndexed	1.4083
2021-08-20	OverseasSharesIndexed	1.5174
2021-08-20	SustainableGrowth	1.0942
2021-08-19	CoreStrategy	2.0859
2021-08-19	CapitalStable	3.7225
2021-08-19	Balanced	4.6904
2021-08-19	HighGrowth	7.2661
2021-08-19	Cash	2.2631
2021-08-19	BalancedIndexed	1.3672
2021-08-19	AustralianSharesIndexed	1.4095
2021-08-19	OverseasSharesIndexed	1.5233
2021-08-19	SustainableGrowth	1.0943
2021-08-18	CoreStrategy	2.0879
2021-08-18	CapitalStable	3.723
2021-08-18	Balanced	4.6922
2021-08-18	HighGrowth	7.2724
2021-08-18	Cash	2.2631
2021-08-18	BalancedIndexed	1.3701
2021-08-18	AustralianSharesIndexed	1.4191
2021-08-18	OverseasSharesIndexed	1.5176
2021-08-18	SustainableGrowth	1.0956
2021-08-17	CoreStrategy	2.0893
2021-08-17	CapitalStable	3.7232
2021-08-17	Balanced	4.6938
2021-08-17	HighGrowth	7.2789
2021-08-17	Cash	2.2629
2021-08-17	BalancedIndexed	1.3712
2021-08-17	AustralianSharesIndexed	1.4267
2021-08-17	OverseasSharesIndexed	1.5114
2021-08-17	SustainableGrowth	1.0956
2021-08-14	CoreStrategy	2.0865
2021-08-14	CapitalStable	3.7209
2021-08-14	Balanced	4.6898
2021-08-14	HighGrowth	7.269
2021-08-14	Cash	2.2629
2021-08-14	BalancedIndexed	1.3688
2021-08-14	AustralianSharesIndexed	1.4196
2021-08-14	OverseasSharesIndexed	1.5137
2021-08-14	SustainableGrowth	1.0942
2021-08-13	CoreStrategy	2.0805
2021-08-13	CapitalStable	3.7163
2021-08-13	Balanced	4.6805
2021-08-13	HighGrowth	7.2432
2021-08-13	Cash	2.2629
2021-08-13	BalancedIndexed	1.3655
2021-08-13	AustralianSharesIndexed	1.4178
2021-08-13	OverseasSharesIndexed	1.5042
2021-08-13	SustainableGrowth	1.0916
2021-08-12	CoreStrategy	2.0785
2021-08-12	CapitalStable	3.7153
2021-08-12	Balanced	4.6781
2021-08-12	HighGrowth	7.2361
2021-08-12	Cash	2.2629
2021-08-12	BalancedIndexed	1.364
2021-08-12	AustralianSharesIndexed	1.4139
2021-08-12	OverseasSharesIndexed	1.5053
2021-08-12	SustainableGrowth	1.0903
2021-08-11	CoreStrategy	2.0773
2021-08-11	CapitalStable	3.7149
2021-08-11	Balanced	4.6767
2021-08-11	HighGrowth	7.2311
2021-08-11	Cash	2.2629
2021-08-11	BalancedIndexed	1.3627
2021-08-11	AustralianSharesIndexed	1.4097
2021-08-11	OverseasSharesIndexed	1.5065
2021-08-11	SustainableGrowth	1.0892
2021-08-10	CoreStrategy	2.0773
2021-08-10	CapitalStable	3.7159
2021-08-10	Balanced	4.6772
2021-08-10	HighGrowth	7.2296
2021-08-10	Cash	2.2627
2021-08-10	BalancedIndexed	1.362
2021-08-10	AustralianSharesIndexed	1.4095
2021-08-10	OverseasSharesIndexed	1.5028
2021-08-10	SustainableGrowth	1.0877
2021-08-07	CoreStrategy	2.0719
2021-08-07	CapitalStable	3.7122
2021-08-07	Balanced	4.6689
2021-08-07	HighGrowth	7.2056
2021-08-07	Cash	2.2627
2021-08-07	BalancedIndexed	1.3588
2021-08-07	AustralianSharesIndexed	1.4049
2021-08-07	OverseasSharesIndexed	1.4934
2021-08-07	SustainableGrowth	1.0848
2021-08-06	CoreStrategy	2.071
2021-08-06	CapitalStable	3.7124
2021-08-06	Balanced	4.6688
2021-08-06	HighGrowth	7.2038
2021-08-06	Cash	2.2627
2021-08-06	BalancedIndexed	1.3572
2021-08-06	AustralianSharesIndexed	1.4036
2021-08-06	OverseasSharesIndexed	1.4922
2021-08-06	SustainableGrowth	1.0834
2021-08-05	CoreStrategy	2.0696
2021-08-05	CapitalStable	3.7107
2021-08-05	Balanced	4.6662
2021-08-05	HighGrowth	7.1984
2021-08-05	Cash	2.2627
2021-08-05	BalancedIndexed	1.3567
2021-08-05	AustralianSharesIndexed	1.3988
2021-08-05	OverseasSharesIndexed	1.4959
2021-08-05	SustainableGrowth	1.0835
2021-08-04	CoreStrategy	2.0686
2021-08-04	CapitalStable	3.7099
2021-08-04	Balanced	4.6649
2021-08-04	HighGrowth	7.1954
2021-08-04	Cash	2.2627
2021-08-04	BalancedIndexed	1.3546
2021-08-04	AustralianSharesIndexed	1.4013
2021-08-04	OverseasSharesIndexed	1.489
2021-08-04	SustainableGrowth	1.0817
2021-08-03	CoreStrategy	2.0636
2021-08-03	CapitalStable	3.7057
2021-08-03	Balanced	4.6571
2021-08-03	HighGrowth	7.1749
2021-08-03	Cash	2.2624
2021-08-03	BalancedIndexed	1.3488
2021-08-03	AustralianSharesIndexed	1.3848
2021-08-03	OverseasSharesIndexed	1.4906
2021-08-03	SustainableGrowth	1.0771
2021-07-31	CoreStrategy	2.0647
2021-07-31	CapitalStable	3.7059
2021-07-31	Balanced	4.6581
2021-07-31	HighGrowth	7.1786
2021-07-31	Cash	2.2624
2021-07-31	BalancedIndexed	1.3512
2021-07-31	AustralianSharesIndexed	1.3886
2021-07-31	OverseasSharesIndexed	1.4903
2021-07-31	SustainableGrowth	1.0781
2021-07-30	CoreStrategy	2.061
2021-07-30	CapitalStable	3.703
2021-07-30	Balanced	4.6529
2021-07-30	HighGrowth	7.165
2021-07-30	Cash	2.2622
2021-07-30	BalancedIndexed	1.3486
2021-07-30	AustralianSharesIndexed	1.382
2021-07-30	OverseasSharesIndexed	1.493
2021-07-30	SustainableGrowth	1.0761
2021-07-29	CoreStrategy	2.059
2021-07-29	CapitalStable	3.7013
2021-07-29	Balanced	4.6499
2021-07-29	HighGrowth	7.1573
2021-07-29	Cash	2.2622
2021-07-29	BalancedIndexed	1.3492
2021-07-29	AustralianSharesIndexed	1.3906
2021-07-29	OverseasSharesIndexed	1.4843
2021-07-29	SustainableGrowth	1.0762
2021-07-28	CoreStrategy	2.0585
2021-07-28	CapitalStable	3.6999
2021-07-28	Balanced	4.6479
2021-07-28	HighGrowth	7.154
2021-07-28	Cash	2.2622
2021-07-28	BalancedIndexed	1.3489
2021-07-28	AustralianSharesIndexed	1.3846
2021-07-28	OverseasSharesIndexed	1.4884
2021-07-28	SustainableGrowth	1.0757
2021-07-27	CoreStrategy	2.0603
2021-07-27	CapitalStable	3.7012
2021-07-27	Balanced	4.6506
2021-07-27	HighGrowth	7.1617
2021-07-27	Cash	2.262
2021-07-27	BalancedIndexed	1.3488
2021-07-27	AustralianSharesIndexed	1.3846
2021-07-27	OverseasSharesIndexed	1.4902
2021-07-27	SustainableGrowth	1.0767
2021-07-24	CoreStrategy	2.0547
2021-07-24	CapitalStable	3.6966
2021-07-24	Balanced	4.6419
2021-07-24	HighGrowth	7.1391
2021-07-24	Cash	2.262
2021-07-24	BalancedIndexed	1.343
2021-07-24	AustralianSharesIndexed	1.383
2021-07-24	OverseasSharesIndexed	1.4739
2021-07-24	SustainableGrowth	1.0719
2021-07-23	CoreStrategy	2.0494
2021-07-23	CapitalStable	3.6929
2021-07-23	Balanced	4.6342
2021-07-23	HighGrowth	7.117
2021-07-23	Cash	2.262
2021-07-23	BalancedIndexed	1.3388
2021-07-23	AustralianSharesIndexed	1.3699
2021-07-23	OverseasSharesIndexed	1.4775
2021-07-23	SustainableGrowth	1.0691
2021-07-22	CoreStrategy	2.0412
2021-07-22	CapitalStable	3.6874
2021-07-22	Balanced	4.6227
2021-07-22	HighGrowth	7.0838
2021-07-22	Cash	2.2618
2021-07-22	BalancedIndexed	1.3319
2021-07-22	AustralianSharesIndexed	1.3606
2021-07-22	OverseasSharesIndexed	1.468
2021-07-22	SustainableGrowth	1.0643
2021-07-21	CoreStrategy	2.036
2021-07-21	CapitalStable	3.6826
2021-07-21	Balanced	4.6149
2021-07-21	HighGrowth	7.0657
2021-07-21	Cash	2.2618
2021-07-21	BalancedIndexed	1.3275
2021-07-21	AustralianSharesIndexed	1.3662
2021-07-21	OverseasSharesIndexed	1.4507
2021-07-21	SustainableGrowth	1.0604
2021-07-20	CoreStrategy	2.0474
2021-07-20	CapitalStable	3.6904
2021-07-20	Balanced	4.6311
2021-07-20	HighGrowth	7.1105
2021-07-20	Cash	2.2618
2021-07-20	BalancedIndexed	1.3354
2021-07-20	AustralianSharesIndexed	1.3768
2021-07-20	OverseasSharesIndexed	1.4594
2021-07-20	SustainableGrowth	1.0648
2021-07-17	CoreStrategy	2.0486
2021-07-17	CapitalStable	3.6898
2021-07-17	Balanced	4.6317
2021-07-17	HighGrowth	7.1152
2021-07-17	Cash	2.2618
2021-07-17	BalancedIndexed	1.3364
2021-07-17	AustralianSharesIndexed	1.3747
2021-07-17	OverseasSharesIndexed	1.4625
2021-07-17	SustainableGrowth	1.0653
2021-07-16	CoreStrategy	2.0492
2021-07-16	CapitalStable	3.6896
2021-07-16	Balanced	4.632
2021-07-16	HighGrowth	7.1174
2021-07-16	Cash	2.2618
2021-07-16	BalancedIndexed	1.3378
2021-07-16	AustralianSharesIndexed	1.3778
2021-07-16	OverseasSharesIndexed	1.4622
2021-07-16	SustainableGrowth	1.0664
2021-07-15	CoreStrategy	2.0489
2021-07-15	CapitalStable	3.6894
2021-07-15	Balanced	4.6316
2021-07-15	HighGrowth	7.1158
2021-07-15	Cash	2.2615
2021-07-15	BalancedIndexed	1.3369
2021-07-15	AustralianSharesIndexed	1.374
2021-07-15	OverseasSharesIndexed	1.4642
2021-07-15	SustainableGrowth	1.0662
2021-07-14	CoreStrategy	2.0481
2021-07-14	CapitalStable	3.6885
2021-07-14	Balanced	4.6299
2021-07-14	HighGrowth	7.1113
2021-07-14	Cash	2.2615
2021-07-14	BalancedIndexed	1.3372
2021-07-14	AustralianSharesIndexed	1.3738
2021-07-14	OverseasSharesIndexed	1.4634
2021-07-14	SustainableGrowth	1.0663
2021-07-13	CoreStrategy	2.0429
2021-07-13	CapitalStable	3.6845
2021-07-13	Balanced	4.6222
2021-07-13	HighGrowth	7.0906
2021-07-13	Cash	2.2613
2021-07-13	BalancedIndexed	1.3315
2021-07-13	AustralianSharesIndexed	1.3637
2021-07-13	OverseasSharesIndexed	1.4588
2021-07-13	SustainableGrowth	1.0622
2021-07-10	CoreStrategy	2.0437
2021-07-10	CapitalStable	3.6859
2021-07-10	Balanced	4.6245
2021-07-10	HighGrowth	7.097
2021-07-10	Cash	2.2613
2021-07-10	BalancedIndexed	1.333
2021-07-10	AustralianSharesIndexed	1.375
2021-07-10	OverseasSharesIndexed	1.4549
2021-07-10	SustainableGrowth	1.0641
2021-07-09	CoreStrategy	2.0473
2021-07-09	CapitalStable	3.6868
2021-07-09	Balanced	4.6281
2021-07-09	HighGrowth	7.1098
2021-07-09	Cash	2.2613
2021-07-09	BalancedIndexed	1.3344
2021-07-09	AustralianSharesIndexed	1.3727
2021-07-09	OverseasSharesIndexed	1.4579
2021-07-09	SustainableGrowth	1.0653
2021-07-08	CoreStrategy	2.042
2021-07-08	CapitalStable	3.6829
2021-07-08	Balanced	4.6204
2021-07-08	HighGrowth	7.0885
2021-07-08	Cash	2.2613
2021-07-08	BalancedIndexed	1.3276
2021-07-08	AustralianSharesIndexed	1.3617
2021-07-08	OverseasSharesIndexed	1.4505
2021-07-08	SustainableGrowth	1.0568
2021-07-07	CoreStrategy	2.0448
2021-07-07	CapitalStable	3.6844
2021-07-07	Balanced	4.6242
2021-07-07	HighGrowth	7.1001
2021-07-07	Cash	2.2611
2021-07-07	BalancedIndexed	1.3304
2021-07-07	AustralianSharesIndexed	1.3706
2021-07-07	OverseasSharesIndexed	1.448
2021-07-07	SustainableGrowth	1.0619
2021-07-06	CoreStrategy	2.0462
2021-07-06	CapitalStable	3.6854
2021-07-06	Balanced	4.6266
2021-07-06	HighGrowth	7.1072
2021-07-06	Cash	2.2611
2021-07-06	BalancedIndexed	1.3306
2021-07-06	AustralianSharesIndexed	1.3695
2021-07-06	OverseasSharesIndexed	1.4531
2021-07-06	SustainableGrowth	1.0618
2021-07-03	CoreStrategy	2.0418
2021-07-03	CapitalStable	3.6817
2021-07-03	Balanced	4.62
2021-07-03	HighGrowth	7.0904
2021-07-03	Cash	2.2609
2021-07-03	BalancedIndexed	1.3268
2021-07-03	AustralianSharesIndexed	1.3637
2021-07-03	OverseasSharesIndexed	1.4475
2021-07-03	SustainableGrowth	1.0598
2021-07-02	CoreStrategy	2.0408
2021-07-02	CapitalStable	3.6809
2021-07-02	Balanced	4.6185
2021-07-02	HighGrowth	7.087
2021-07-02	Cash	2.2609
2021-07-02	BalancedIndexed	1.3275
2021-07-02	AustralianSharesIndexed	1.3714
2021-07-02	OverseasSharesIndexed	1.4399
2021-07-02	SustainableGrowth	1.0595
2021-07-01	CoreStrategy	2.0405
2021-07-01	CapitalStable	3.68
2021-07-01	Balanced	4.6174
2021-07-01	HighGrowth	7.085
2021-07-01	Cash	2.2609
2021-07-01	BalancedIndexed	1.327
2021-07-01	AustralianSharesIndexed	1.3687
2021-07-01	OverseasSharesIndexed	1.4418
2021-07-01	SustainableGrowth	1.0588
2021-06-30	CoreStrategy	2.0408
2021-06-30	CapitalStable	3.6809
2021-06-30	Balanced	4.6185
2021-06-30	HighGrowth	7.087
2021-06-30	Cash	2.2609
2021-06-30	BalancedIndexed	1.3275
2021-06-30	AustralianSharesIndexed	1.3714
2021-06-30	OverseasSharesIndexed	1.4399
2021-06-30	SustainableGrowth	1.0595
2021-06-29	CoreStrategy	2.0382
2021-06-29	CapitalStable	3.6781
2021-06-29	Balanced	4.6134
2021-06-29	HighGrowth	7.0741
2021-06-29	Cash	2.2613
2021-06-29	BalancedIndexed	1.3233
2021-06-29	AustralianSharesIndexed	1.369
2021-06-29	OverseasSharesIndexed	1.4263
2021-06-29	SustainableGrowth	1.0558
2021-06-26	CoreStrategy	2.0327
2021-06-26	CapitalStable	3.6746
2021-06-26	Balanced	4.607
2021-06-26	HighGrowth	7.0585
2021-06-26	Cash	2.2613
2021-06-26	BalancedIndexed	1.3209
2021-06-26	AustralianSharesIndexed	1.3629
2021-06-26	OverseasSharesIndexed	1.4262
2021-06-26	SustainableGrowth	1.0541
2021-06-25	CoreStrategy	2.0301
2021-06-25	CapitalStable	3.6728
2021-06-25	Balanced	4.6035
2021-06-25	HighGrowth	7.0485
2021-06-25	Cash	2.2613
2021-06-25	BalancedIndexed	1.3187
2021-06-25	AustralianSharesIndexed	1.3662
2021-06-25	OverseasSharesIndexed	1.4167
2021-06-25	SustainableGrowth	1.0521
2021-06-24	CoreStrategy	2.0336
2021-06-24	CapitalStable	3.6725
2021-06-24	Balanced	4.6055
2021-06-24	HighGrowth	7.0639
2021-06-24	Cash	2.2611
2021-06-24	BalancedIndexed	1.3218
2021-06-24	AustralianSharesIndexed	1.3702
2021-06-24	OverseasSharesIndexed	1.4255
2021-06-24	SustainableGrowth	1.0558
2021-06-23	CoreStrategy	2.0235
2021-06-23	CapitalStable	3.6647
2021-06-23	Balanced	4.5899
2021-06-23	HighGrowth	7.0202
2021-06-23	Cash	2.2611
2021-06-23	BalancedIndexed	1.3129
2021-06-23	AustralianSharesIndexed	1.3526
2021-06-23	OverseasSharesIndexed	1.4159
2021-06-23	SustainableGrowth	1.0493
2021-06-22	CoreStrategy	2.0277
2021-06-22	CapitalStable	3.6672
2021-06-22	Balanced	4.5968
2021-06-22	HighGrowth	7.044
2021-06-22	Cash	2.2609
2021-06-22	BalancedIndexed	1.3174
2021-06-22	AustralianSharesIndexed	1.3749
2021-06-22	OverseasSharesIndexed	1.4103
2021-06-22	SustainableGrowth	1.0532
2021-06-19	CoreStrategy	2.0303
2021-06-19	CapitalStable	3.6686
2021-06-19	Balanced	4.5992
2021-06-19	HighGrowth	7.0507
2021-06-19	Cash	2.2609
2021-06-19	BalancedIndexed	1.3197
2021-06-19	AustralianSharesIndexed	1.3726
2021-06-19	OverseasSharesIndexed	1.414
2021-06-19	SustainableGrowth	1.0532
2021-06-18	CoreStrategy	2.0289
2021-06-18	CapitalStable	3.6677
2021-06-18	Balanced	4.596
2021-06-18	HighGrowth	7.0393
2021-06-18	Cash	2.2609
2021-06-18	BalancedIndexed	1.3177
2021-06-18	AustralianSharesIndexed	1.3775
2021-06-18	OverseasSharesIndexed	1.3952
2021-06-18	SustainableGrowth	1.0499
2021-06-17	CoreStrategy	2.0337
2021-06-17	CapitalStable	3.6724
2021-06-17	Balanced	4.6037
2021-06-17	HighGrowth	7.058
2021-06-17	Cash	2.2609
2021-06-17	BalancedIndexed	1.3202
2021-06-17	AustralianSharesIndexed	1.3764
2021-06-17	OverseasSharesIndexed	1.4034
2021-06-17	SustainableGrowth	1.0521
2021-06-16	CoreStrategy	2.0296
2021-06-16	CapitalStable	3.6687
2021-06-16	Balanced	4.5968
2021-06-16	HighGrowth	7.0397
2021-06-16	Cash	2.2607
2021-06-16	BalancedIndexed	1.3158
2021-06-16	AustralianSharesIndexed	1.3661
2021-06-16	OverseasSharesIndexed	1.3983
2021-06-16	SustainableGrowth	1.0484
2021-06-12	CoreStrategy	2.0253
2021-06-12	CapitalStable	3.6649
2021-06-12	Balanced	4.5899
2021-06-12	HighGrowth	7.0221
2021-06-12	Cash	2.2607
2021-06-12	BalancedIndexed	1.3119
2021-06-12	AustralianSharesIndexed	1.3638
2021-06-12	OverseasSharesIndexed	1.389
2021-06-12	SustainableGrowth	1.0467
2021-06-11	CoreStrategy	2.0221
2021-06-11	CapitalStable	3.6614
2021-06-11	Balanced	4.5847
2021-06-11	HighGrowth	7.0109
2021-06-11	Cash	2.2607
2021-06-11	BalancedIndexed	1.3082
2021-06-11	AustralianSharesIndexed	1.3583
2021-06-11	OverseasSharesIndexed	1.3865
2021-06-11	SustainableGrowth	1.0437
2021-06-10	CoreStrategy	2.0234
2021-06-10	CapitalStable	3.6614
2021-06-10	Balanced	4.5861
2021-06-10	HighGrowth	7.0172
2021-06-10	Cash	2.2607
2021-06-10	BalancedIndexed	1.3091
2021-06-10	AustralianSharesIndexed	1.3619
2021-06-10	OverseasSharesIndexed	1.3856
2021-06-10	SustainableGrowth	1.044
2021-06-09	CoreStrategy	2.0208
2021-06-09	CapitalStable	3.6593
2021-06-09	Balanced	4.5772
2021-06-09	HighGrowth	6.9883
2021-06-09	Cash	2.2607
2021-06-09	BalancedIndexed	1.3077
2021-06-09	AustralianSharesIndexed	1.3603
2021-06-09	OverseasSharesIndexed	1.3837
2021-06-09	SustainableGrowth	1.0424
2021-06-08	CoreStrategy	2.023
2021-06-08	CapitalStable	3.6607
2021-06-08	Balanced	4.5807
2021-06-08	HighGrowth	6.9989
2021-06-08	Cash	2.2604
2021-06-08	BalancedIndexed	1.3085
2021-06-08	AustralianSharesIndexed	1.3624
2021-06-08	OverseasSharesIndexed	1.3857
2021-06-08	SustainableGrowth	1.0441
2021-06-05	CoreStrategy	2.0201
2021-06-05	CapitalStable	3.6576
2021-06-05	Balanced	4.5758
2021-06-05	HighGrowth	6.9883
2021-06-05	Cash	2.2604
2021-06-05	BalancedIndexed	1.3049
2021-06-05	AustralianSharesIndexed	1.3565
2021-06-05	OverseasSharesIndexed	1.3863
2021-06-05	SustainableGrowth	1.0416
2021-06-04	CoreStrategy	2.0148
2021-06-04	CapitalStable	3.652
2021-06-04	Balanced	4.5657
2021-06-04	HighGrowth	6.9631
2021-06-04	Cash	2.2602
2021-06-04	BalancedIndexed	1.3015
2021-06-04	AustralianSharesIndexed	1.3495
2021-06-04	OverseasSharesIndexed	1.3787
2021-06-04	SustainableGrowth	1.0383
2021-06-03	CoreStrategy	2.0093
2021-06-03	CapitalStable	3.6475
2021-06-03	Balanced	4.5573
2021-06-03	HighGrowth	6.9407
2021-06-03	Cash	2.2602
2021-06-03	BalancedIndexed	1.2959
2021-06-03	AustralianSharesIndexed	1.3371
2021-06-03	OverseasSharesIndexed	1.3754
2021-06-03	SustainableGrowth	1.0356
2021-06-02	CoreStrategy	2.0093
2021-06-02	CapitalStable	3.6478
2021-06-02	Balanced	4.5577
2021-06-02	HighGrowth	6.9415
2021-06-02	Cash	2.2602
2021-06-02	BalancedIndexed	1.2968
2021-06-02	AustralianSharesIndexed	1.34
2021-06-02	OverseasSharesIndexed	1.3761
2021-06-02	SustainableGrowth	1.0367
2021-06-01	CoreStrategy	2.0126
2021-06-01	CapitalStable	3.6508
2021-06-01	Balanced	4.563
2021-06-01	HighGrowth	6.9553
2021-06-01	Cash	2.26
2021-06-01	BalancedIndexed	1.2997
2021-06-01	AustralianSharesIndexed	1.3429
2021-06-01	OverseasSharesIndexed	1.3827
2021-06-01	SustainableGrowth	1.0391
2021-05-29	CoreStrategy	2.0036
2021-05-29	CapitalStable	3.6444
2021-05-29	Balanced	4.5496
2021-05-29	HighGrowth	6.9171
2021-05-29	Cash	2.26
2021-05-29	BalancedIndexed	1.2922
2021-05-29	AustralianSharesIndexed	1.329
2021-05-29	OverseasSharesIndexed	1.3722
2021-05-29	SustainableGrowth	1.0327
2021-05-28	CoreStrategy	2.0019
2021-05-28	CapitalStable	3.643
2021-05-28	Balanced	4.547
2021-05-28	HighGrowth	6.9106
2021-05-28	Cash	2.2598
2021-05-28	BalancedIndexed	1.292
2021-05-28	AustralianSharesIndexed	1.3283
2021-05-28	OverseasSharesIndexed	1.3733
2021-05-28	SustainableGrowth	1.0323
2021-05-27	CoreStrategy	1.9996
2021-05-27	CapitalStable	3.6398
2021-05-27	Balanced	4.5423
2021-05-27	HighGrowth	6.9012
2021-05-27	Cash	2.2598
2021-05-27	BalancedIndexed	1.2916
2021-05-27	AustralianSharesIndexed	1.3315
2021-05-27	OverseasSharesIndexed	1.369
2021-05-27	SustainableGrowth	1.031
2021-05-26	CoreStrategy	1.9957
2021-05-26	CapitalStable	3.6356
2021-05-26	Balanced	4.5356
2021-05-26	HighGrowth	6.8856
2021-05-26	Cash	2.2598
2021-05-26	BalancedIndexed	1.2877
2021-05-26	AustralianSharesIndexed	1.3199
2021-05-26	OverseasSharesIndexed	1.3706
2021-05-26	SustainableGrowth	1.0276
2021-05-25	CoreStrategy	1.9919
2021-05-25	CapitalStable	3.6321
2021-05-25	Balanced	4.5298
2021-05-25	HighGrowth	6.8716
2021-05-25	Cash	2.2596
2021-05-25	BalancedIndexed	1.2831
2021-05-25	AustralianSharesIndexed	1.3172
2021-05-25	OverseasSharesIndexed	1.3624
2021-05-25	SustainableGrowth	1.0245
2021-05-22	CoreStrategy	1.9881
2021-05-22	CapitalStable	3.6284
2021-05-22	Balanced	4.5233
2021-05-22	HighGrowth	6.8554
2021-05-22	Cash	2.2596
2021-05-22	BalancedIndexed	1.2807
2021-05-22	AustralianSharesIndexed	1.3151
2021-05-22	OverseasSharesIndexed	1.3566
2021-05-22	SustainableGrowth	1.0214
2021-05-21	CoreStrategy	1.9805
2021-05-21	CapitalStable	3.6224
2021-05-21	Balanced	4.5119
2021-05-21	HighGrowth	6.8252
2021-05-21	Cash	2.2596
2021-05-21	BalancedIndexed	1.2713
2021-05-21	AustralianSharesIndexed	1.3006
2021-05-21	OverseasSharesIndexed	1.347
2021-05-21	SustainableGrowth	1.013
2021-05-20	CoreStrategy	1.9905
2021-05-20	CapitalStable	3.6304
2021-05-20	Balanced	4.527
2021-05-20	HighGrowth	6.8654
2021-05-20	Cash	2.2593
2021-05-20	BalancedIndexed	1.2799
2021-05-20	AustralianSharesIndexed	1.3226
2021-05-20	OverseasSharesIndexed	1.3463
2021-05-20	SustainableGrowth	1.0183
2021-05-19	CoreStrategy	1.9881
2021-05-19	CapitalStable	3.6281
2021-05-19	Balanced	4.5229
2021-05-19	HighGrowth	6.8547
2021-05-19	Cash	2.2593
2021-05-19	BalancedIndexed	1.2798
2021-05-19	AustralianSharesIndexed	1.3156
2021-05-19	OverseasSharesIndexed	1.3533
2021-05-19	SustainableGrowth	1.0188
2021-05-18	CoreStrategy	1.9871
2021-05-18	CapitalStable	3.6264
2021-05-18	Balanced	4.5207
2021-05-18	HighGrowth	6.8507
2021-05-18	Cash	2.2593
2021-05-18	BalancedIndexed	1.2793
2021-05-18	AustralianSharesIndexed	1.313
2021-05-18	OverseasSharesIndexed	1.3546
2021-05-18	SustainableGrowth	1.0191
2021-05-15	CoreStrategy	1.9785
2021-05-15	CapitalStable	3.62
2021-05-15	Balanced	4.5081
2021-05-15	HighGrowth	6.8173
2021-05-15	Cash	2.2593
2021-05-15	BalancedIndexed	1.2714
2021-05-15	AustralianSharesIndexed	1.3077
2021-05-15	OverseasSharesIndexed	1.341
2021-05-15	SustainableGrowth	1.0137
2021-05-14	CoreStrategy	1.9784
2021-05-14	CapitalStable	3.6208
2021-05-14	Balanced	4.5084
2021-05-14	HighGrowth	6.8167
2021-05-14	Cash	2.2593
2021-05-14	BalancedIndexed	1.2711
2021-05-14	AustralianSharesIndexed	1.316
2021-05-14	OverseasSharesIndexed	1.3309
2021-05-14	SustainableGrowth	1.0121
2021-05-13	CoreStrategy	1.9866
2021-05-13	CapitalStable	3.6273
2021-05-13	Balanced	4.52
2021-05-13	HighGrowth	6.8461
2021-05-13	Cash	2.2593
2021-05-13	BalancedIndexed	1.2796
2021-05-13	AustralianSharesIndexed	1.3246
2021-05-13	OverseasSharesIndexed	1.3393
2021-05-13	SustainableGrowth	1.0178
2021-05-12	CoreStrategy	1.9969
2021-05-12	CapitalStable	3.6354
2021-05-12	Balanced	4.5352
2021-05-12	HighGrowth	6.8864
2021-05-12	Cash	2.2591
2021-05-12	BalancedIndexed	1.2884
2021-05-12	AustralianSharesIndexed	1.3374
2021-05-12	OverseasSharesIndexed	1.3479
2021-05-12	SustainableGrowth	1.0233
2021-05-11	CoreStrategy	1.9946
2021-05-11	CapitalStable	3.6332
2021-05-11	Balanced	4.5319
2021-05-11	HighGrowth	6.8785
2021-05-11	Cash	2.2589
2021-05-11	BalancedIndexed	1.287
2021-05-11	AustralianSharesIndexed	1.321
2021-05-11	OverseasSharesIndexed	1.3599
2021-05-11	SustainableGrowth	1.0228
2021-05-08	CoreStrategy	1.991
2021-05-08	CapitalStable	3.6301
2021-05-08	Balanced	4.527
2021-05-08	HighGrowth	6.8674
2021-05-08	Cash	2.2589
2021-05-08	BalancedIndexed	1.2846
2021-05-08	AustralianSharesIndexed	1.3178
2021-05-08	OverseasSharesIndexed	1.3606
2021-05-08	SustainableGrowth	1.0223
2021-05-07	CoreStrategy	1.9904
2021-05-07	CapitalStable	3.6297
2021-05-07	Balanced	4.5265
2021-05-07	HighGrowth	6.8664
2021-05-07	Cash	2.2589
2021-05-07	BalancedIndexed	1.2837
2021-05-07	AustralianSharesIndexed	1.3234
2021-05-07	OverseasSharesIndexed	1.3542
2021-05-07	SustainableGrowth	1.0224
2021-05-06	CoreStrategy	1.9884
2021-05-06	CapitalStable	3.628
2021-05-06	Balanced	4.5239
2021-05-06	HighGrowth	6.8608
2021-05-06	Cash	2.2589
2021-05-06	BalancedIndexed	1.2821
2021-05-06	AustralianSharesIndexed	1.3191
2021-05-06	OverseasSharesIndexed	1.3573
2021-05-06	SustainableGrowth	1.0224
2021-05-05	CoreStrategy	1.9864
2021-05-05	CapitalStable	3.6253
2021-05-05	Balanced	4.5193
2021-05-05	HighGrowth	6.8497
2021-05-05	Cash	2.2587
2021-05-05	BalancedIndexed	1.2817
2021-05-05	AustralianSharesIndexed	1.3124
2021-05-05	OverseasSharesIndexed	1.3595
2021-05-05	SustainableGrowth	1.0209
2021-05-04	CoreStrategy	1.9867
2021-05-04	CapitalStable	3.6256
2021-05-04	Balanced	4.5201
2021-05-04	HighGrowth	6.8524
2021-05-04	Cash	2.2587
2021-05-04	BalancedIndexed	1.2815
2021-05-04	AustralianSharesIndexed	1.3121
2021-05-04	OverseasSharesIndexed	1.3614
2021-05-04	SustainableGrowth	1.0216
2021-05-01	CoreStrategy	1.9927
2021-05-01	CapitalStable	3.63
2021-05-01	Balanced	4.5288
2021-05-01	HighGrowth	6.8761
2021-05-01	Cash	2.2585
2021-05-01	BalancedIndexed	1.2869
2021-05-01	AustralianSharesIndexed	1.3214
2021-05-01	OverseasSharesIndexed	1.3647
2021-05-01	SustainableGrowth	1.0247
2021-04-30	CoreStrategy	1.9897
2021-04-30	CapitalStable	3.6275
2021-04-30	Balanced	4.5239
2021-04-30	HighGrowth	6.8634
2021-04-30	Cash	2.2585
2021-04-30	BalancedIndexed	1.284
2021-04-30	AustralianSharesIndexed	1.3179
2021-04-30	OverseasSharesIndexed	1.3597
2021-04-30	SustainableGrowth	1.0223
2021-04-29	CoreStrategy	1.9858
2021-04-29	CapitalStable	3.6245
2021-04-29	Balanced	4.5178
2021-04-29	HighGrowth	6.8466
2021-04-29	Cash	2.2585
2021-04-29	BalancedIndexed	1.2822
2021-04-29	AustralianSharesIndexed	1.3132
2021-04-29	OverseasSharesIndexed	1.3587
2021-04-29	SustainableGrowth	1.0213
2021-04-28	CoreStrategy	1.9835
2021-04-28	CapitalStable	3.6215
2021-04-28	Balanced	4.5129
2021-04-28	HighGrowth	6.8351
2021-04-28	Cash	2.2585
2021-04-28	BalancedIndexed	1.282
2021-04-28	AustralianSharesIndexed	1.315
2021-04-28	OverseasSharesIndexed	1.3542
2021-04-28	SustainableGrowth	1.02
2021-04-27	CoreStrategy	1.9872
2021-04-27	CapitalStable	3.6256
2021-04-27	Balanced	4.5199
2021-04-27	HighGrowth	6.8525
2021-04-27	Cash	2.2582
2021-04-27	BalancedIndexed	1.2847
2021-04-27	AustralianSharesIndexed	1.3173
2021-04-27	OverseasSharesIndexed	1.3636
2021-04-27	SustainableGrowth	1.0234
2021-04-24	CoreStrategy	1.9822
2021-04-24	CapitalStable	3.6215
2021-04-24	Balanced	4.5121
2021-04-24	HighGrowth	6.832
2021-04-24	Cash	2.2582
2021-04-24	BalancedIndexed	1.2808
2021-04-24	AustralianSharesIndexed	1.3161
2021-04-24	OverseasSharesIndexed	1.3534
2021-04-24	SustainableGrowth	1.0208
2021-04-23	CoreStrategy	1.9769
2021-04-23	CapitalStable	3.6166
2021-04-23	Balanced	4.5033
2021-04-23	HighGrowth	6.8095
2021-04-23	Cash	2.2582
2021-04-23	BalancedIndexed	1.2781
2021-04-23	AustralianSharesIndexed	1.3068
2021-04-23	OverseasSharesIndexed	1.3541
2021-04-23	SustainableGrowth	1.0182
2021-04-22	CoreStrategy	1.9756
2021-04-22	CapitalStable	3.6157
2021-04-22	Balanced	4.5017
2021-04-22	HighGrowth	6.8055
2021-04-22	Cash	2.2582
2021-04-22	BalancedIndexed	1.2759
2021-04-22	AustralianSharesIndexed	1.3101
2021-04-22	OverseasSharesIndexed	1.3466
2021-04-22	SustainableGrowth	1.016
2021-04-21	CoreStrategy	1.9826
2021-04-21	CapitalStable	3.6211
2021-04-21	Balanced	4.5121
2021-04-21	HighGrowth	6.8334
2021-04-21	Cash	2.2582
2021-04-21	BalancedIndexed	1.2825
2021-04-21	AustralianSharesIndexed	1.3178
2021-04-21	OverseasSharesIndexed	1.3553
2021-04-21	SustainableGrowth	1.0198
2021-04-20	CoreStrategy	1.9863
2021-04-20	CapitalStable	3.624
2021-04-20	Balanced	4.5177
2021-04-20	HighGrowth	6.8487
2021-04-20	Cash	2.258
2021-04-20	BalancedIndexed	1.2853
2021-04-20	AustralianSharesIndexed	1.3173
2021-04-20	OverseasSharesIndexed	1.3645
2021-04-20	SustainableGrowth	1.023
2021-04-17	CoreStrategy	1.9826
2021-04-17	CapitalStable	3.6199
2021-04-17	Balanced	4.5111
2021-04-17	HighGrowth	6.8338
2021-04-17	Cash	2.258
2021-04-17	BalancedIndexed	1.2824
2021-04-17	AustralianSharesIndexed	1.3161
2021-04-17	OverseasSharesIndexed	1.3564
2021-04-17	SustainableGrowth	1.0201
2021-04-16	CoreStrategy	1.9769
2021-04-16	CapitalStable	3.6151
2021-04-16	Balanced	4.5026
2021-04-16	HighGrowth	6.8123
2021-04-16	Cash	2.2578
2021-04-16	BalancedIndexed	1.2768
2021-04-16	AustralianSharesIndexed	1.3103
2021-04-16	OverseasSharesIndexed	1.3499
2021-04-16	SustainableGrowth	1.017
2021-04-15	CoreStrategy	1.9785
2021-04-15	CapitalStable	3.6165
2021-04-15	Balanced	4.5056
2021-04-15	HighGrowth	6.8211
2021-04-15	Cash	2.2578
2021-04-15	BalancedIndexed	1.2782
2021-04-15	AustralianSharesIndexed	1.3022
2021-04-15	OverseasSharesIndexed	1.3678
2021-04-15	SustainableGrowth	1.0206
2021-04-14	CoreStrategy	1.977
2021-04-14	CapitalStable	3.6164
2021-04-14	Balanced	4.499
2021-04-14	HighGrowth	6.7961
2021-04-14	Cash	2.2578
2021-04-14	BalancedIndexed	1.2764
2021-04-14	AustralianSharesIndexed	1.3016
2021-04-14	OverseasSharesIndexed	1.3634
2021-04-14	SustainableGrowth	1.0188
2021-04-13	CoreStrategy	1.98
2021-04-13	CapitalStable	3.6188
2021-04-13	Balanced	4.5036
2021-04-13	HighGrowth	6.8087
2021-04-13	Cash	2.2576
2021-04-13	BalancedIndexed	1.278
2021-04-13	AustralianSharesIndexed	1.3051
2021-04-13	OverseasSharesIndexed	1.3636
2021-04-13	SustainableGrowth	1.019
2021-04-10	CoreStrategy	1.979
2021-04-10	CapitalStable	3.6177
2021-04-10	Balanced	4.5018
2021-04-10	HighGrowth	6.805
2021-04-10	Cash	2.2576
2021-04-10	BalancedIndexed	1.2757
2021-04-10	AustralianSharesIndexed	1.3052
2021-04-10	OverseasSharesIndexed	1.3558
2021-04-10	SustainableGrowth	1.0173
2021-04-09	CoreStrategy	1.9699
2021-04-09	CapitalStable	3.6099
2021-04-09	Balanced	4.4872
2021-04-09	HighGrowth	6.7672
2021-04-09	Cash	2.2576
2021-04-09	BalancedIndexed	1.2688
2021-04-09	AustralianSharesIndexed	1.2932
2021-04-09	OverseasSharesIndexed	1.3481
2021-04-09	SustainableGrowth	1.0125
2021-04-08	CoreStrategy	1.9658
2021-04-08	CapitalStable	3.6053
2021-04-08	Balanced	4.4801
2021-04-08	HighGrowth	6.7517
2021-04-08	Cash	2.2574
2021-04-08	BalancedIndexed	1.2649
2021-04-08	AustralianSharesIndexed	1.2862
2021-04-08	OverseasSharesIndexed	1.3436
2021-04-08	SustainableGrowth	1.0105
2021-04-07	CoreStrategy	1.9606
2021-04-07	CapitalStable	3.5987
2021-04-07	Balanced	4.4701
2021-04-07	HighGrowth	6.7309
2021-04-07	Cash	2.2574
2021-04-07	BalancedIndexed	1.2609
2021-04-07	AustralianSharesIndexed	1.2762
2021-04-07	OverseasSharesIndexed	1.3442
2021-04-07	SustainableGrowth	1.0091
2021-04-02	CoreStrategy	1.9485
2021-04-02	CapitalStable	3.5892
2021-04-02	Balanced	4.4518
2021-04-02	HighGrowth	6.6821
2021-04-02	Cash	2.2571
2021-04-02	BalancedIndexed	1.2497
2021-04-02	AustralianSharesIndexed	1.2695
2021-04-02	OverseasSharesIndexed	1.3221
2021-04-02	SustainableGrowth	1.0029
2021-04-01	CoreStrategy	1.9466
2021-04-01	CapitalStable	3.5871
2021-04-01	Balanced	4.4479
2021-04-01	HighGrowth	6.6722
2021-04-01	Cash	2.2569
2021-04-01	BalancedIndexed	1.2465
2021-04-01	AustralianSharesIndexed	1.2612
2021-04-01	OverseasSharesIndexed	1.322
2021-04-01	SustainableGrowth	0.9998
2021-03-31	CoreStrategy	1.9481
2021-03-31	CapitalStable	3.5894
2021-03-31	Balanced	4.4501
2021-03-31	HighGrowth	6.6751
2021-03-31	Cash	2.2569
2021-03-31	BalancedIndexed	1.25
2021-03-31	AustralianSharesIndexed	1.2712
2021-03-31	OverseasSharesIndexed	1.319
2021-03-31	SustainableGrowth	1.0007
2021-03-30	CoreStrategy	1.9507
2021-03-30	CapitalStable	3.5919
2021-03-30	Balanced	4.4549
2021-03-30	HighGrowth	6.6873
2021-03-30	Cash	2.2569
2021-03-30	BalancedIndexed	1.2524
2021-03-30	AustralianSharesIndexed	1.2754
2021-03-30	OverseasSharesIndexed	1.3211
2021-03-30	SustainableGrowth	1.0041
2021-03-27	CoreStrategy	1.9431
2021-03-27	CapitalStable	3.5865
2021-03-27	Balanced	4.4428
2021-03-27	HighGrowth	6.6532
2021-03-27	Cash	2.2569
2021-03-27	BalancedIndexed	1.2459
2021-03-27	AustralianSharesIndexed	1.2696
2021-03-27	OverseasSharesIndexed	1.3125
2021-03-27	SustainableGrowth	1
2021-03-26	CoreStrategy	1.9368
2021-03-26	CapitalStable	3.5808
2021-03-26	Balanced	4.4317
2021-03-26	HighGrowth	6.6243
2021-03-26	Cash	2.2569
2021-03-26	BalancedIndexed	1.2421
2021-03-26	AustralianSharesIndexed	1.2676
2021-03-26	OverseasSharesIndexed	1.3007
2021-03-25	CoreStrategy	1.9363
2021-03-25	CapitalStable	3.579
2021-03-25	Balanced	4.4305
2021-03-25	HighGrowth	6.6241
2021-03-25	Cash	2.2569
2021-03-25	BalancedIndexed	1.2409
2021-03-25	AustralianSharesIndexed	1.2626
2021-03-25	OverseasSharesIndexed	1.3005
2021-03-24	CoreStrategy	1.9388
2021-03-24	CapitalStable	3.5797
2021-03-24	Balanced	4.434
2021-03-24	HighGrowth	6.6368
2021-03-24	Cash	2.2567
2021-03-24	BalancedIndexed	1.2419
2021-03-24	AustralianSharesIndexed	1.2637
2021-03-24	OverseasSharesIndexed	1.2994
2021-03-23	CoreStrategy	1.9345
2021-03-23	CapitalStable	3.5749
2021-03-23	Balanced	4.4267
2021-03-23	HighGrowth	6.6215
2021-03-23	Cash	2.2567
2021-03-23	BalancedIndexed	1.2368
2021-03-23	AustralianSharesIndexed	1.2566
2021-03-23	OverseasSharesIndexed	1.2943
2021-03-20	CoreStrategy	1.937
2021-03-20	CapitalStable	3.5773
2021-03-20	Balanced	4.4307
2021-03-20	HighGrowth	6.631
2021-03-20	Cash	2.2565
2021-03-20	BalancedIndexed	1.2384
2021-03-20	AustralianSharesIndexed	1.2635
2021-03-20	OverseasSharesIndexed	1.2893
2021-03-19	CoreStrategy	1.9466
2021-03-19	CapitalStable	3.5868
2021-03-19	Balanced	4.4476
2021-03-19	HighGrowth	6.6735
2021-03-19	Cash	2.2565
2021-03-19	BalancedIndexed	1.2488
2021-03-19	AustralianSharesIndexed	1.2711
2021-03-19	OverseasSharesIndexed	1.3131
2021-03-18	CoreStrategy	1.9475
2021-03-18	CapitalStable	3.587
2021-03-18	Balanced	4.4485
2021-03-18	HighGrowth	6.6761
2021-03-18	Cash	2.2565
2021-03-18	BalancedIndexed	1.2488
2021-03-18	AustralianSharesIndexed	1.2764
2021-03-18	OverseasSharesIndexed	1.3052
2021-03-17	CoreStrategy	1.9444
2021-03-17	CapitalStable	3.5841
2021-03-17	Balanced	4.4435
2021-03-17	HighGrowth	6.6643
2021-03-17	Cash	2.2565
2021-03-17	BalancedIndexed	1.2457
2021-03-17	AustralianSharesIndexed	1.2676
2021-03-17	OverseasSharesIndexed	1.3074
2021-03-16	CoreStrategy	1.9404
2021-03-16	CapitalStable	3.5817
2021-03-16	Balanced	4.4371
2021-03-16	HighGrowth	6.645
2021-03-16	Cash	2.2563
2021-03-16	BalancedIndexed	1.2423
2021-03-16	AustralianSharesIndexed	1.266
2021-03-16	OverseasSharesIndexed	1.2982
2021-03-13	CoreStrategy	1.9367
2021-03-13	CapitalStable	3.5784
2021-03-13	Balanced	4.4305
2021-03-13	HighGrowth	6.6273
2021-03-13	Cash	2.256
2021-03-13	BalancedIndexed	1.2387
2021-03-13	AustralianSharesIndexed	1.2567
2021-03-13	OverseasSharesIndexed	1.2948
2021-03-12	CoreStrategy	1.9317
2021-03-12	CapitalStable	3.5734
2021-03-12	Balanced	4.4216
2021-03-12	HighGrowth	6.6056
2021-03-12	Cash	2.256
2021-03-12	BalancedIndexed	1.2354
2021-03-12	AustralianSharesIndexed	1.2562
2021-03-12	OverseasSharesIndexed	1.2898
2021-03-11	CoreStrategy	1.931
2021-03-11	CapitalStable	3.5749
2021-03-11	Balanced	4.4241
2021-03-11	HighGrowth	6.6114
2021-03-11	Cash	2.256
2021-03-11	BalancedIndexed	1.2362
2021-03-11	AustralianSharesIndexed	1.2649
2021-03-11	OverseasSharesIndexed	1.2863
2021-03-10	CoreStrategy	1.9252
2021-03-10	CapitalStable	3.5707
2021-03-10	Balanced	4.4149
2021-03-10	HighGrowth	6.5856
2021-03-10	Cash	2.256
2021-03-10	BalancedIndexed	1.2288
2021-03-10	AustralianSharesIndexed	1.2594
2021-03-10	OverseasSharesIndexed	1.2734
2021-03-09	CoreStrategy	1.9238
2021-03-09	CapitalStable	3.57
2021-03-09	Balanced	4.4133
2021-03-09	HighGrowth	6.5813
2021-03-09	Cash	2.2558
2021-03-09	BalancedIndexed	1.2278
2021-03-09	AustralianSharesIndexed	1.2542
2021-03-09	OverseasSharesIndexed	1.2772
2021-03-06	CoreStrategy	1.9155
2021-03-06	CapitalStable	3.5637
2021-03-06	Balanced	4.3984
2021-03-06	HighGrowth	6.5382
2021-03-06	Cash	2.2558
2021-03-06	BalancedIndexed	1.2222
2021-03-06	AustralianSharesIndexed	1.263
2021-03-06	OverseasSharesIndexed	1.2464
2021-03-05	CoreStrategy	1.9243
2021-03-05	CapitalStable	3.5714
2021-03-05	Balanced	4.4135
2021-03-05	HighGrowth	6.5783
2021-03-05	Cash	2.2556
2021-03-05	BalancedIndexed	1.2304
2021-03-05	AustralianSharesIndexed	1.2686
2021-03-05	OverseasSharesIndexed	1.2614
2021-03-04	CoreStrategy	1.9208
2021-03-04	CapitalStable	3.5678
2021-03-04	Balanced	4.4071
2021-03-04	HighGrowth	6.5634
2021-03-04	Cash	2.2558
2021-03-04	BalancedIndexed	1.231
2021-03-04	AustralianSharesIndexed	1.259
2021-03-04	OverseasSharesIndexed	1.271
2021-03-03	CoreStrategy	1.9247
2021-03-03	CapitalStable	3.5688
2021-03-03	Balanced	4.4121
2021-03-03	HighGrowth	6.5816
2021-03-03	Cash	2.2558
2021-03-03	BalancedIndexed	1.2361
2021-03-03	AustralianSharesIndexed	1.2632
2021-03-03	OverseasSharesIndexed	1.2819
2021-03-02	CoreStrategy	1.909
2021-03-02	CapitalStable	3.5559
2021-03-02	Balanced	4.3872
2021-03-02	HighGrowth	6.5166
2021-03-02	Cash	2.2558
2021-03-02	BalancedIndexed	1.2196
2021-03-02	AustralianSharesIndexed	1.2431
2021-03-02	OverseasSharesIndexed	1.2642
2021-02-27	CoreStrategy	1.9172
2021-02-27	CapitalStable	3.5631
2021-02-27	Balanced	4.3987
2021-02-27	HighGrowth	6.5423
2021-02-27	Cash	2.2556
2021-02-27	BalancedIndexed	1.2267
2021-02-27	AustralianSharesIndexed	1.2688
2021-02-27	OverseasSharesIndexed	1.2456
2021-02-26	CoreStrategy	1.9213
2021-02-26	CapitalStable	3.5684
2021-02-26	Balanced	4.4069
2021-02-26	HighGrowth	6.56
2021-02-26	Cash	2.2556
2021-02-26	BalancedIndexed	1.233
2021-02-26	AustralianSharesIndexed	1.2597
2021-02-26	OverseasSharesIndexed	1.2692
2021-02-25	CoreStrategy	1.9233
2021-02-25	CapitalStable	3.571
2021-02-25	Balanced	4.4105
2021-02-25	HighGrowth	6.5674
2021-02-25	Cash	2.2554
2021-02-25	BalancedIndexed	1.2348
2021-02-25	AustralianSharesIndexed	1.2688
2021-02-25	OverseasSharesIndexed	1.2649
2021-02-24	CoreStrategy	1.9187
2021-02-24	CapitalStable	3.5684
2021-02-24	Balanced	4.4038
2021-02-24	HighGrowth	6.547
2021-02-24	Cash	2.2554
2021-02-24	BalancedIndexed	1.2315
2021-02-24	AustralianSharesIndexed	1.259
2021-02-24	OverseasSharesIndexed	1.2655
2021-02-23	CoreStrategy	1.9249
2021-02-23	CapitalStable	3.5754
2021-02-23	Balanced	4.4154
2021-02-23	HighGrowth	6.574
2021-02-23	Cash	2.2552
2021-02-23	BalancedIndexed	1.2372
2021-02-23	AustralianSharesIndexed	1.26
2021-02-23	OverseasSharesIndexed	1.2794
2021-02-20	CoreStrategy	1.9366
2021-02-20	CapitalStable	3.5867
2021-02-20	Balanced	4.4358
2021-02-20	HighGrowth	6.6253
2021-02-20	Cash	2.2552
2021-02-20	BalancedIndexed	1.2467
2021-02-20	AustralianSharesIndexed	1.2749
2021-02-20	OverseasSharesIndexed	1.2961
2021-02-19	CoreStrategy	1.9408
2021-02-19	CapitalStable	3.59
2021-02-19	Balanced	4.4429
2021-02-19	HighGrowth	6.6448
2021-02-19	Cash	2.2552
2021-02-19	BalancedIndexed	1.249
2021-02-19	AustralianSharesIndexed	1.2748
2021-02-19	OverseasSharesIndexed	1.3022
2021-02-18	CoreStrategy	1.9425
2021-02-18	CapitalStable	3.592
2021-02-18	Balanced	4.4458
2021-02-18	HighGrowth	6.6509
2021-02-18	Cash	2.2549
2021-02-18	BalancedIndexed	1.2514
2021-02-18	AustralianSharesIndexed	1.2801
2021-02-18	OverseasSharesIndexed	1.3014
2021-02-17	CoreStrategy	1.9372
2021-02-17	CapitalStable	3.5883
2021-02-17	Balanced	4.4373
2021-02-17	HighGrowth	6.6264
2021-02-17	Cash	2.2549
2021-02-17	BalancedIndexed	1.2484
2021-02-17	AustralianSharesIndexed	1.2703
2021-02-17	OverseasSharesIndexed	1.3009
2021-02-16	CoreStrategy	1.9323
2021-02-16	CapitalStable	3.5855
2021-02-16	Balanced	4.4299
2021-02-16	HighGrowth	6.6041
2021-02-16	Cash	2.2547
2021-02-16	BalancedIndexed	1.2449
2021-02-16	AustralianSharesIndexed	1.2596
2021-02-16	OverseasSharesIndexed	1.3014
2021-02-13	CoreStrategy	1.9321
2021-02-13	CapitalStable	3.5852
2021-02-13	Balanced	4.429
2021-02-13	HighGrowth	6.6023
2021-02-13	Cash	2.2547
2021-02-13	BalancedIndexed	1.2451
2021-02-13	AustralianSharesIndexed	1.2661
2021-02-13	OverseasSharesIndexed	1.2943
2021-02-12	CoreStrategy	1.9318
2021-02-12	CapitalStable	3.5849
2021-02-12	Balanced	4.4285
2021-02-12	HighGrowth	6.6017
2021-02-12	Cash	2.2547
2021-02-12	BalancedIndexed	1.2451
2021-02-12	AustralianSharesIndexed	1.2674
2021-02-12	OverseasSharesIndexed	1.2958
2021-02-11	CoreStrategy	1.9297
2021-02-11	CapitalStable	3.5826
2021-02-11	Balanced	4.4248
2021-02-11	HighGrowth	6.593
2021-02-11	Cash	2.2547
2021-02-11	BalancedIndexed	1.2432
2021-02-11	AustralianSharesIndexed	1.2617
2021-02-11	OverseasSharesIndexed	1.2963
2021-02-10	CoreStrategy	1.9331
2021-02-10	CapitalStable	3.5849
2021-02-10	Balanced	4.4297
2021-02-10	HighGrowth	6.6076
2021-02-10	Cash	2.2545
2021-02-10	BalancedIndexed	1.2467
2021-02-10	AustralianSharesIndexed	1.2713
2021-02-10	OverseasSharesIndexed	1.2973
2021-02-09	CoreStrategy	1.9289
2021-02-09	CapitalStable	3.5818
2021-02-09	Balanced	4.423
2021-02-09	HighGrowth	6.5888
2021-02-09	Cash	2.2545
2021-02-09	BalancedIndexed	1.2428
2021-02-09	AustralianSharesIndexed	1.2644
2021-02-09	OverseasSharesIndexed	1.2958
2021-02-06	CoreStrategy	1.9229
2021-02-06	CapitalStable	3.5773
2021-02-06	Balanced	4.4135
2021-02-06	HighGrowth	6.5636
2021-02-06	Cash	2.2545
2021-02-06	BalancedIndexed	1.2384
2021-02-06	AustralianSharesIndexed	1.2522
2021-02-06	OverseasSharesIndexed	1.2987
2021-02-05	CoreStrategy	1.9217
2021-02-05	CapitalStable	3.5766
2021-02-05	Balanced	4.411
2021-02-05	HighGrowth	6.5561
2021-02-05	Cash	2.2545
2021-02-05	BalancedIndexed	1.2381
2021-02-05	AustralianSharesIndexed	1.2617
2021-02-05	OverseasSharesIndexed	1.2871
2021-02-04	CoreStrategy	1.9191
2021-02-04	CapitalStable	3.5745
2021-02-04	Balanced	4.407
2021-02-04	HighGrowth	6.5458
2021-02-04	Cash	2.2545
2021-02-04	BalancedIndexed	1.2349
2021-02-04	AustralianSharesIndexed	1.2512
2021-02-04	OverseasSharesIndexed	1.2904
2021-02-03	CoreStrategy	1.9026
2021-02-03	CapitalStable	3.561
2021-02-03	Balanced	4.3791
2021-02-03	HighGrowth	6.4708
2021-02-03	Cash	2.2543
2021-02-03	BalancedIndexed	1.2222
2021-02-03	AustralianSharesIndexed	1.2347
2021-02-03	OverseasSharesIndexed	1.2695
2021-02-02	CoreStrategy	1.8876
2021-02-02	CapitalStable	3.5485
2021-02-02	Balanced	4.3531
2021-02-02	HighGrowth	6.4011
2021-02-02	Cash	2.2543
2021-02-02	BalancedIndexed	1.2112
2021-02-02	AustralianSharesIndexed	1.2258
2021-02-02	OverseasSharesIndexed	1.2456
2021-01-30	CoreStrategy	1.8979
2021-01-30	CapitalStable	3.5569
2021-01-30	Balanced	4.3704
2021-01-30	HighGrowth	6.4476
2021-01-30	Cash	2.254
2021-01-30	BalancedIndexed	1.222
2021-01-30	AustralianSharesIndexed	1.2327
2021-01-30	OverseasSharesIndexed	1.267
2021-01-29	CoreStrategy	1.9023
2021-01-29	CapitalStable	3.5615
2021-01-29	Balanced	4.3772
2021-01-29	HighGrowth	6.4617
2021-01-29	Cash	2.254
2021-01-29	BalancedIndexed	1.2262
2021-01-29	AustralianSharesIndexed	1.2545
2021-01-29	OverseasSharesIndexed	1.257
2021-01-28	CoreStrategy	1.9153
2021-01-28	CapitalStable	3.5709
2021-01-28	Balanced	4.3983
2021-01-28	HighGrowth	6.5213
2021-01-28	Cash	2.254
2021-01-28	BalancedIndexed	1.2361
2021-01-28	AustralianSharesIndexed	1.2619
2021-01-28	OverseasSharesIndexed	1.2734
2021-01-26	CoreStrategy	1.9187
2021-01-26	CapitalStable	3.5728
2021-01-26	Balanced	4.404
2021-01-26	HighGrowth	6.54
2021-01-26	Cash	2.2538
2021-01-26	BalancedIndexed	1.2354
2021-01-26	AustralianSharesIndexed	1.2577
2021-01-26	OverseasSharesIndexed	1.2781
2021-01-23	CoreStrategy	1.9204
2021-01-23	CapitalStable	3.5735
2021-01-23	Balanced	4.4059
2021-01-23	HighGrowth	6.5467
2021-01-23	Cash	2.2538
2021-01-23	BalancedIndexed	1.2372
2021-01-23	AustralianSharesIndexed	1.2616
2021-01-23	OverseasSharesIndexed	1.2754
2021-01-22	CoreStrategy	1.9193
2021-01-22	CapitalStable	3.5733
2021-01-22	Balanced	4.405
2021-01-22	HighGrowth	6.5432
2021-01-22	Cash	2.2536
2021-01-22	BalancedIndexed	1.2344
2021-01-22	AustralianSharesIndexed	1.2528
2021-01-22	OverseasSharesIndexed	1.2773
2021-01-21	CoreStrategy	1.9147
2021-01-21	CapitalStable	3.5701
2021-01-21	Balanced	4.3981
2021-01-21	HighGrowth	6.5241
2021-01-21	Cash	2.2536
2021-01-21	BalancedIndexed	1.2292
2021-01-21	AustralianSharesIndexed	1.2474
2021-01-21	OverseasSharesIndexed	1.2711
2021-01-20	CoreStrategy	1.907
2021-01-20	CapitalStable	3.5638
2021-01-20	Balanced	4.3854
2021-01-20	HighGrowth	6.4907
2021-01-20	Cash	2.2536
2021-01-20	BalancedIndexed	1.2222
2021-01-20	AustralianSharesIndexed	1.2342
2021-01-20	OverseasSharesIndexed	1.2656
2021-01-19	CoreStrategy	1.9088
2021-01-19	CapitalStable	3.5661
2021-01-19	Balanced	4.39
2021-01-19	HighGrowth	6.5031
2021-01-19	Cash	2.2534
2021-01-19	BalancedIndexed	1.2247
2021-01-19	AustralianSharesIndexed	1.2426
2021-01-19	OverseasSharesIndexed	1.2634
2021-01-16	CoreStrategy	1.9099
2021-01-16	CapitalStable	3.566
2021-01-16	Balanced	4.3911
2021-01-16	HighGrowth	6.5081
2021-01-16	Cash	2.2534
2021-01-16	BalancedIndexed	1.2261
2021-01-16	AustralianSharesIndexed	1.2426
2021-01-16	OverseasSharesIndexed	1.2632
2021-01-15	CoreStrategy	1.91
2021-01-15	CapitalStable	3.5657
2021-01-15	Balanced	4.3914
2021-01-15	HighGrowth	6.5106
2021-01-15	Cash	2.2532
2021-01-15	BalancedIndexed	1.2259
2021-01-15	AustralianSharesIndexed	1.2379
2021-01-15	OverseasSharesIndexed	1.2689
2021-01-14	CoreStrategy	1.9093
2021-01-14	CapitalStable	3.5649
2021-01-14	Balanced	4.3906
2021-01-14	HighGrowth	6.5094
2021-01-14	Cash	2.2534
2021-01-14	BalancedIndexed	1.2242
2021-01-14	AustralianSharesIndexed	1.2363
2021-01-14	OverseasSharesIndexed	1.2683
2021-01-13	CoreStrategy	1.9106
2021-01-13	CapitalStable	3.5651
2021-01-13	Balanced	4.3917
2021-01-13	HighGrowth	6.5143
2021-01-13	Cash	2.2534
2021-01-13	BalancedIndexed	1.2261
2021-01-13	AustralianSharesIndexed	1.2393
2021-01-13	OverseasSharesIndexed	1.2716
2021-01-12	CoreStrategy	1.9134
2021-01-12	CapitalStable	3.5674
2021-01-12	Balanced	4.3959
2021-01-12	HighGrowth	6.5254
2021-01-12	Cash	2.2532
2021-01-12	BalancedIndexed	1.2301
2021-01-12	AustralianSharesIndexed	1.2493
2021-01-12	OverseasSharesIndexed	1.2677
2021-01-09	CoreStrategy	1.9068
2021-01-09	CapitalStable	3.5627
2021-01-09	Balanced	4.3853
2021-01-09	HighGrowth	6.4964
2021-01-09	Cash	2.2532
2021-01-09	BalancedIndexed	1.2258
2021-01-09	AustralianSharesIndexed	1.242
2021-01-09	OverseasSharesIndexed	1.2646
2021-01-08	CoreStrategy	1.8919
2021-01-08	CapitalStable	3.5493
2021-01-08	Balanced	4.3591
2021-01-08	HighGrowth	6.4282
2021-01-08	Cash	2.2532
2021-01-08	BalancedIndexed	1.2139
2021-01-08	AustralianSharesIndexed	1.2252
2021-01-08	OverseasSharesIndexed	1.2465
2021-01-07	CoreStrategy	1.8931
2021-01-07	CapitalStable	3.5515
2021-01-07	Balanced	4.3613
2021-01-07	HighGrowth	6.4311
2021-01-07	Cash	2.2529
2021-01-07	BalancedIndexed	1.2173
2021-01-07	AustralianSharesIndexed	1.237
2021-01-07	OverseasSharesIndexed	1.246
2021-01-06	CoreStrategy	1.8934
2021-01-06	CapitalStable	3.5527
2021-01-06	Balanced	4.3626
2021-01-06	HighGrowth	6.433
2021-01-06	Cash	2.2529
2021-01-06	BalancedIndexed	1.2166
2021-01-06	AustralianSharesIndexed	1.2374
2021-01-06	OverseasSharesIndexed	1.2469
2021-01-05	CoreStrategy	1.8877
2021-01-05	CapitalStable	3.5467
2021-01-05	Balanced	4.3525
2021-01-05	HighGrowth	6.4091
2021-01-05	Cash	2.2527
2021-01-05	BalancedIndexed	1.2136
2021-01-05	AustralianSharesIndexed	1.2214
2021-01-05	OverseasSharesIndexed	1.2508
2021-01-01	CoreStrategy	1.8926
2021-01-01	CapitalStable	3.5499
2021-01-01	Balanced	4.3597
2021-01-01	HighGrowth	6.4306
2021-01-01	Cash	2.2527
2021-01-01	BalancedIndexed	1.2188
2021-01-01	AustralianSharesIndexed	1.2368
2021-01-01	OverseasSharesIndexed	1.2534
2020-12-31	CoreStrategy	1.8936
2020-12-31	CapitalStable	3.5512
2020-12-31	Balanced	4.362
2020-12-31	HighGrowth	6.4365
2020-12-31	Cash	2.2525
2020-12-31	BalancedIndexed	1.2211
2020-12-31	AustralianSharesIndexed	1.2384
2020-12-31	OverseasSharesIndexed	1.2623
2020-12-30	CoreStrategy	1.8922
2020-12-30	CapitalStable	3.5502
2020-12-30	Balanced	4.3604
2020-12-30	HighGrowth	6.4327
2020-12-30	Cash	2.2525
2020-12-30	BalancedIndexed	1.2195
2020-12-30	AustralianSharesIndexed	1.2319
2020-12-30	OverseasSharesIndexed	1.2676
2020-12-25	CoreStrategy	1.8853
2020-12-25	CapitalStable	3.5437
2020-12-25	Balanced	4.3481
2020-12-25	HighGrowth	6.4012
2020-12-25	Cash	2.2523
2020-12-25	BalancedIndexed	1.2135
2020-12-25	AustralianSharesIndexed	1.2278
2020-12-25	OverseasSharesIndexed	1.2536
2020-12-24	CoreStrategy	1.8832
2020-12-24	CapitalStable	3.543
2020-12-24	Balanced	4.3456
2020-12-24	HighGrowth	6.3928
2020-12-24	Cash	2.2523
2020-12-24	BalancedIndexed	1.2126
2020-12-24	AustralianSharesIndexed	1.2207
2020-12-24	OverseasSharesIndexed	1.2599
2020-12-23	CoreStrategy	1.8863
2020-12-23	CapitalStable	3.5445
2020-12-23	Balanced	4.3494
2020-12-23	HighGrowth	6.4048
2020-12-23	Cash	2.2521
2020-12-23	BalancedIndexed	1.2148
2020-12-23	AustralianSharesIndexed	1.2323
2020-12-23	OverseasSharesIndexed	1.2543
2020-12-22	CoreStrategy	1.8893
2020-12-22	CapitalStable	3.5464
2020-12-22	Balanced	4.3542
2020-12-22	HighGrowth	6.42
2020-12-22	Cash	2.2521
2020-12-22	BalancedIndexed	1.2164
2020-12-22	AustralianSharesIndexed	1.2331
2020-12-22	OverseasSharesIndexed	1.2555
2020-12-19	CoreStrategy	1.8955
2020-12-19	CapitalStable	3.5512
2020-12-19	Balanced	4.3638
2020-12-19	HighGrowth	6.4465
2020-12-19	Cash	2.2521
2020-12-19	BalancedIndexed	1.2219
2020-12-19	AustralianSharesIndexed	1.2459
2020-12-19	OverseasSharesIndexed	1.2579
2020-12-18	CoreStrategy	1.8891
2020-12-18	CapitalStable	3.5456
2020-12-18	Balanced	4.3533
2020-12-18	HighGrowth	6.4195
2020-12-18	Cash	2.2521
2020-12-18	BalancedIndexed	1.2163
2020-12-18	AustralianSharesIndexed	1.2331
2020-12-18	OverseasSharesIndexed	1.2575
2020-12-17	CoreStrategy	1.8845
2020-12-17	CapitalStable	3.5418
2020-12-17	Balanced	4.3455
2020-12-17	HighGrowth	6.3993
2020-12-17	Cash	2.2521
2020-12-17	BalancedIndexed	1.2127
2020-12-17	AustralianSharesIndexed	1.225
2020-12-17	OverseasSharesIndexed	1.2565
2020-12-16	CoreStrategy	1.883
2020-12-16	CapitalStable	3.5406
2020-12-16	Balanced	4.3422
2020-12-16	HighGrowth	6.3894
2020-12-16	Cash	2.2521
2020-12-16	BalancedIndexed	1.2104
2020-12-16	AustralianSharesIndexed	1.23
2020-12-16	OverseasSharesIndexed	1.2461
2020-12-15	CoreStrategy	1.8833
2020-12-15	CapitalStable	3.5403
2020-12-15	Balanced	4.3424
2020-12-15	HighGrowth	6.392
2020-12-15	Cash	2.2518
2020-12-15	BalancedIndexed	1.21
2020-12-15	AustralianSharesIndexed	1.227
2020-12-15	OverseasSharesIndexed	1.2475
2020-12-12	CoreStrategy	1.8877
2020-12-12	CapitalStable	3.5437
2020-12-12	Balanced	4.35
2020-12-12	HighGrowth	6.413
2020-12-12	Cash	2.2518
2020-12-12	BalancedIndexed	1.2138
2020-12-12	AustralianSharesIndexed	1.2332
2020-12-12	OverseasSharesIndexed	1.2532
2020-12-11	CoreStrategy	1.8921
2020-12-11	CapitalStable	3.5467
2020-12-11	Balanced	4.3571
2020-12-11	HighGrowth	6.4351
2020-12-11	Cash	2.2516
2020-12-11	BalancedIndexed	1.218
2020-12-11	AustralianSharesIndexed	1.2406
2020-12-11	OverseasSharesIndexed	1.2614
2020-12-10	CoreStrategy	1.8925
2020-12-10	CapitalStable	3.5478
2020-12-10	Balanced	4.3603
2020-12-10	HighGrowth	6.4449
2020-12-10	Cash	2.2516
2020-12-10	BalancedIndexed	1.2203
2020-12-10	AustralianSharesIndexed	1.234
2020-12-10	OverseasSharesIndexed	1.2754
2020-12-09	CoreStrategy	1.8896
2020-12-09	CapitalStable	3.545
2020-12-09	Balanced	4.355
2020-12-09	HighGrowth	6.4312
2020-12-09	Cash	2.2516
2020-12-09	BalancedIndexed	1.217
2020-12-09	AustralianSharesIndexed	1.2318
2020-12-09	OverseasSharesIndexed	1.268
2020-12-08	CoreStrategy	1.887
2020-12-08	CapitalStable	3.5418
2020-12-08	Balanced	4.3504
2020-12-08	HighGrowth	6.4231
2020-12-08	Cash	2.2514
2020-12-08	BalancedIndexed	1.2157
2020-12-08	AustralianSharesIndexed	1.2251
2020-12-08	OverseasSharesIndexed	1.2718
2020-12-05	CoreStrategy	1.8798
2020-12-05	CapitalStable	3.5352
2020-12-05	Balanced	4.3372
2020-12-05	HighGrowth	6.3886
2020-12-05	Cash	2.2514
2020-12-05	BalancedIndexed	1.2109
2020-12-05	AustralianSharesIndexed	1.2221
2020-12-05	OverseasSharesIndexed	1.2617
2020-12-04	CoreStrategy	1.8799
2020-12-04	CapitalStable	3.5346
2020-12-04	Balanced	4.337
2020-12-04	HighGrowth	6.3902
2020-12-04	Cash	2.2512
2020-12-04	BalancedIndexed	1.2109
2020-12-04	AustralianSharesIndexed	1.218
2020-12-04	OverseasSharesIndexed	1.2685
2020-12-03	CoreStrategy	1.8795
2020-12-03	CapitalStable	3.5346
2020-12-03	Balanced	4.3362
2020-12-03	HighGrowth	6.3869
2020-12-03	Cash	2.2512
2020-12-03	BalancedIndexed	1.2113
2020-12-03	AustralianSharesIndexed	1.2179
2020-12-03	OverseasSharesIndexed	1.2703
2020-12-02	CoreStrategy	1.8698
2020-12-02	CapitalStable	3.5266
2020-12-02	Balanced	4.3192
2020-12-02	HighGrowth	6.3403
2020-12-02	Cash	2.2512
2020-12-02	BalancedIndexed	1.2027
2020-12-02	AustralianSharesIndexed	1.2062
2020-12-02	OverseasSharesIndexed	1.2567
2020-12-01	CoreStrategy	1.8765
2020-12-01	CapitalStable	3.5315
2020-12-01	Balanced	4.3295
2020-12-01	HighGrowth	6.3703
2020-12-01	Cash	2.251
2020-12-01	BalancedIndexed	1.2092
2020-12-01	AustralianSharesIndexed	1.2192
2020-12-01	OverseasSharesIndexed	1.2599
2020-11-28	CoreStrategy	1.8782
2020-11-28	CapitalStable	3.532
2020-11-28	Balanced	4.3312
2020-11-28	HighGrowth	6.3763
2020-11-28	Cash	2.251
2020-11-28	BalancedIndexed	1.2104
2020-11-28	AustralianSharesIndexed	1.2247
2020-11-28	OverseasSharesIndexed	1.2603
2020-11-27	CoreStrategy	1.8807
2020-11-27	CapitalStable	3.5338
2020-11-27	Balanced	4.3348
2020-11-27	HighGrowth	6.3864
2020-11-27	Cash	2.251
2020-11-27	BalancedIndexed	1.2129
2020-11-27	AustralianSharesIndexed	1.2317
2020-11-27	OverseasSharesIndexed	1.2614
2020-11-26	CoreStrategy	1.8794
2020-11-26	CapitalStable	3.5325
2020-11-26	Balanced	4.3326
2020-11-26	HighGrowth	6.3811
2020-11-26	Cash	2.2507
2020-11-26	BalancedIndexed	1.2111
2020-11-26	AustralianSharesIndexed	1.2257
2020-11-26	OverseasSharesIndexed	1.2617
2020-11-25	CoreStrategy	1.8711
2020-11-25	CapitalStable	3.5244
2020-11-25	Balanced	4.3173
2020-11-25	HighGrowth	6.3417
2020-11-25	Cash	2.2509
2020-11-25	BalancedIndexed	1.2019
2020-11-25	AustralianSharesIndexed	1.2126
2020-11-25	OverseasSharesIndexed	1.2534
2020-11-24	CoreStrategy	1.8642
2020-11-24	CapitalStable	3.518
2020-11-24	Balanced	4.305
2020-11-24	HighGrowth	6.3108
2020-11-24	Cash	2.2507
2020-11-24	BalancedIndexed	1.1977
2020-11-24	AustralianSharesIndexed	1.2084
2020-11-24	OverseasSharesIndexed	1.2457
2020-11-21	CoreStrategy	1.8665
2020-11-21	CapitalStable	3.5191
2020-11-21	Balanced	4.3086
2020-11-21	HighGrowth	6.3237
2020-11-21	Cash	2.2507
2020-11-21	BalancedIndexed	1.2006
2020-11-21	AustralianSharesIndexed	1.2093
2020-11-21	OverseasSharesIndexed	1.2547
2020-11-20	CoreStrategy	1.8627
2020-11-20	CapitalStable	3.516
2020-11-20	Balanced	4.3022
2020-11-20	HighGrowth	6.3069
2020-11-20	Cash	2.2507
2020-11-20	BalancedIndexed	1.1968
2020-11-20	AustralianSharesIndexed	1.2067
2020-11-20	OverseasSharesIndexed	1.2446
2020-11-19	CoreStrategy	1.8645
2020-11-19	CapitalStable	3.5169
2020-11-19	Balanced	4.3057
2020-11-19	HighGrowth	6.319
2020-11-19	Cash	2.2507
2020-11-19	BalancedIndexed	1.1986
2020-11-19	AustralianSharesIndexed	1.2015
2020-11-19	OverseasSharesIndexed	1.2556
2020-11-18	CoreStrategy	1.8619
2020-11-18	CapitalStable	3.5146
2020-11-18	Balanced	4.3014
2020-11-18	HighGrowth	6.3078
2020-11-18	Cash	2.2505
2020-11-18	BalancedIndexed	1.1981
2020-11-18	AustralianSharesIndexed	1.1992
2020-11-18	OverseasSharesIndexed	1.2538
2020-11-17	CoreStrategy	1.8531
2020-11-17	CapitalStable	3.5052
2020-11-17	Balanced	4.2854
2020-11-17	HighGrowth	6.2709
2020-11-17	Cash	2.2503
2020-11-17	BalancedIndexed	1.1904
2020-11-17	AustralianSharesIndexed	1.1859
2020-11-17	OverseasSharesIndexed	1.2513
2020-11-14	CoreStrategy	1.8479
2020-11-14	CapitalStable	3.5
2020-11-14	Balanced	4.2748
2020-11-14	HighGrowth	6.2436
2020-11-14	Cash	2.2503
2020-11-14	BalancedIndexed	1.1865
2020-11-14	AustralianSharesIndexed	1.1878
2020-11-14	OverseasSharesIndexed	1.2394
2020-11-13	CoreStrategy	1.8518
2020-11-13	CapitalStable	3.5036
2020-11-13	Balanced	4.2826
2020-11-13	HighGrowth	6.2645
2020-11-13	Cash	2.2503
2020-11-13	BalancedIndexed	1.1909
2020-11-13	AustralianSharesIndexed	1.1922
2020-11-13	OverseasSharesIndexed	1.2477
2020-11-12	CoreStrategy	1.8417
2020-11-12	CapitalStable	3.4949
2020-11-12	Balanced	4.2652
2020-11-12	HighGrowth	6.22
2020-11-12	Cash	2.2503
2020-11-12	BalancedIndexed	1.1805
2020-11-12	AustralianSharesIndexed	1.1739
2020-11-12	OverseasSharesIndexed	1.2374
2020-11-11	CoreStrategy	1.8364
2020-11-11	CapitalStable	3.4905
2020-11-11	Balanced	4.2556
2020-11-11	HighGrowth	6.1945
2020-11-11	Cash	2.2501
2020-11-11	BalancedIndexed	1.1776
2020-11-11	AustralianSharesIndexed	1.1679
2020-11-11	OverseasSharesIndexed	1.2321
2020-11-10	CoreStrategy	1.8177
2020-11-10	CapitalStable	3.4732
2020-11-10	Balanced	4.2222
2020-11-10	HighGrowth	6.11
2020-11-10	Cash	2.2501
2020-11-10	BalancedIndexed	1.1661
2020-11-10	AustralianSharesIndexed	1.1492
2020-11-10	OverseasSharesIndexed	1.2212
2020-11-07	CoreStrategy	1.8106
2020-11-07	CapitalStable	3.4652
2020-11-07	Balanced	4.2089
2020-11-07	HighGrowth	6.0805
2020-11-07	Cash	2.2498
2020-11-07	BalancedIndexed	1.1629
2020-11-07	AustralianSharesIndexed	1.1406
2020-11-07	OverseasSharesIndexed	1.2191
2020-11-06	CoreStrategy	1.8013
2020-11-06	CapitalStable	3.4558
2020-11-06	Balanced	4.1915
2020-11-06	HighGrowth	6.038
2020-11-06	Cash	2.2498
2020-11-06	BalancedIndexed	1.1533
2020-11-06	AustralianSharesIndexed	1.1278
2020-11-06	OverseasSharesIndexed	1.2139
2020-11-05	CoreStrategy	1.7941
2020-11-05	CapitalStable	3.4477
2020-11-05	Balanced	4.1766
2020-11-05	HighGrowth	6.0016
2020-11-05	Cash	2.2498
2020-11-05	BalancedIndexed	1.1434
2020-11-05	AustralianSharesIndexed	1.1278
2020-11-05	OverseasSharesIndexed	1.1904
2020-11-04	CoreStrategy	1.7827
2020-11-04	CapitalStable	3.4376
2020-11-04	Balanced	4.1567
2020-11-04	HighGrowth	5.9508
2020-11-04	Cash	2.2498
2020-11-04	BalancedIndexed	1.1325
2020-11-04	AustralianSharesIndexed	1.109
2020-11-04	OverseasSharesIndexed	1.1884
2020-11-03	CoreStrategy	1.7773
2020-11-03	CapitalStable	3.4334
2020-11-03	Balanced	4.1476
2020-11-03	HighGrowth	5.9258
2020-11-03	Cash	2.2496
2020-11-03	BalancedIndexed	1.1262
2020-11-03	AustralianSharesIndexed	1.1057
2020-11-03	OverseasSharesIndexed	1.1775
2020-10-31	CoreStrategy	1.7848
2020-10-31	CapitalStable	3.4407
2020-10-31	Balanced	4.1612
2020-10-31	HighGrowth	5.9597
2020-10-31	Cash	2.2496
2020-10-31	BalancedIndexed	1.1337
2020-10-31	AustralianSharesIndexed	1.1111
2020-10-31	OverseasSharesIndexed	1.1922
2020-10-30	CoreStrategy	1.7885
2020-10-30	CapitalStable	3.4431
2020-10-30	Balanced	4.1653
2020-10-30	HighGrowth	5.9695
2020-10-30	Cash	2.2496
2020-10-30	BalancedIndexed	1.1344
2020-10-30	AustralianSharesIndexed	1.1268
2020-10-30	OverseasSharesIndexed	1.1767
2020-10-29	CoreStrategy	1.7969
2020-10-29	CapitalStable	3.4506
2020-10-29	Balanced	4.1823
2020-10-29	HighGrowth	6.0154
2020-10-29	Cash	2.2496
2020-10-29	BalancedIndexed	1.1455
2020-10-29	AustralianSharesIndexed	1.1252
2020-10-29	OverseasSharesIndexed	1.2
2020-10-28	CoreStrategy	1.8077
2020-10-28	CapitalStable	3.4588
2020-10-28	Balanced	4.1996
2020-10-28	HighGrowth	6.0623
2020-10-28	Cash	2.2494
2020-10-28	BalancedIndexed	1.1535
2020-10-28	AustralianSharesIndexed	1.1424
2020-10-28	OverseasSharesIndexed	1.2069
2020-10-27	CoreStrategy	1.8164
2020-10-27	CapitalStable	3.4667
2020-10-27	Balanced	4.2162
2020-10-27	HighGrowth	6.1067
2020-10-27	Cash	2.2494
2020-10-27	BalancedIndexed	1.1622
2020-10-27	AustralianSharesIndexed	1.1444
2020-10-27	OverseasSharesIndexed	1.2286
2020-10-24	CoreStrategy	1.8145
2020-10-24	CapitalStable	3.4645
2020-10-24	Balanced	4.212
2020-10-24	HighGrowth	6.0965
2020-10-24	Cash	2.2491
2020-10-24	BalancedIndexed	1.1607
2020-10-24	AustralianSharesIndexed	1.1459
2020-10-24	OverseasSharesIndexed	1.223
2020-10-23	CoreStrategy	1.8142
2020-10-23	CapitalStable	3.4641
2020-10-23	Balanced	4.211
2020-10-23	HighGrowth	6.0939
2020-10-23	Cash	2.2491
2020-10-23	BalancedIndexed	1.1606
2020-10-23	AustralianSharesIndexed	1.1488
2020-10-23	OverseasSharesIndexed	1.2192
2020-10-22	CoreStrategy	1.8177
2020-10-22	CapitalStable	3.4669
2020-10-22	Balanced	4.2169
2020-10-22	HighGrowth	6.11
2020-10-22	Cash	2.2491
2020-10-22	BalancedIndexed	1.1642
2020-10-22	AustralianSharesIndexed	1.1478
2020-10-22	OverseasSharesIndexed	1.2324
2020-10-21	CoreStrategy	1.8175
2020-10-21	CapitalStable	3.4669
2020-10-21	Balanced	4.2156
2020-10-21	HighGrowth	6.1053
2020-10-21	Cash	2.2489
2020-10-21	BalancedIndexed	1.1645
2020-10-21	AustralianSharesIndexed	1.1547
2020-10-21	OverseasSharesIndexed	1.224
2020-10-20	CoreStrategy	1.8167
2020-10-20	CapitalStable	3.467
2020-10-20	Balanced	4.216
2020-10-20	HighGrowth	6.1055
2020-10-20	Cash	2.2487
2020-10-20	BalancedIndexed	1.167
2020-10-20	AustralianSharesIndexed	1.1463
2020-10-20	OverseasSharesIndexed	1.2362
2020-10-17	CoreStrategy	1.817
2020-10-17	CapitalStable	3.466
2020-10-17	Balanced	4.2153
2020-10-17	HighGrowth	6.1059
2020-10-17	Cash	2.2487
2020-10-17	BalancedIndexed	1.1678
2020-10-17	AustralianSharesIndexed	1.1516
2020-10-17	OverseasSharesIndexed	1.2347
2020-10-16	CoreStrategy	1.813
2020-10-16	CapitalStable	3.4627
2020-10-16	Balanced	4.2098
2020-10-16	HighGrowth	6.092
2020-10-16	Cash	2.2487
2020-10-16	BalancedIndexed	1.1653
2020-10-16	AustralianSharesIndexed	1.1468
2020-10-16	OverseasSharesIndexed	1.2261
2020-10-15	CoreStrategy	1.8162
2020-10-15	CapitalStable	3.4651
2020-10-15	Balanced	4.215
2020-10-15	HighGrowth	6.1063
2020-10-15	Cash	2.2485
2020-10-15	BalancedIndexed	1.1687
2020-10-15	AustralianSharesIndexed	1.149
2020-10-15	OverseasSharesIndexed	1.2334
2020-10-14	CoreStrategy	1.8121
2020-10-14	CapitalStable	3.4609
2020-10-14	Balanced	4.2091
2020-10-14	HighGrowth	6.0947
2020-10-14	Cash	2.2485
2020-10-14	BalancedIndexed	1.1659
2020-10-14	AustralianSharesIndexed	1.139
2020-10-14	OverseasSharesIndexed	1.2328
2020-10-13	CoreStrategy	1.8068
2020-10-13	CapitalStable	3.4554
2020-10-13	Balanced	4.1987
2020-10-13	HighGrowth	6.0679
2020-10-13	Cash	2.2483
2020-10-13	BalancedIndexed	1.158
2020-10-13	AustralianSharesIndexed	1.1341
2020-10-13	OverseasSharesIndexed	1.2166
2020-10-10	CoreStrategy	1.8058
2020-10-10	CapitalStable	3.4538
2020-10-10	Balanced	4.1959
2020-10-10	HighGrowth	6.0622
2020-10-10	Cash	2.2485
2020-10-10	BalancedIndexed	1.1565
2020-10-10	AustralianSharesIndexed	1.1335
2020-10-10	OverseasSharesIndexed	1.2181
2020-10-09	CoreStrategy	1.7987
2020-10-09	CapitalStable	3.447
2020-10-09	Balanced	4.1832
2020-10-09	HighGrowth	6.0314
2020-10-09	Cash	2.2485
2020-10-09	BalancedIndexed	1.15
2020-10-09	AustralianSharesIndexed	1.1229
2020-10-09	OverseasSharesIndexed	1.2128
2020-10-08	CoreStrategy	1.7883
2020-10-08	CapitalStable	3.4373
2020-10-08	Balanced	4.1645
2020-10-08	HighGrowth	5.9837
2020-10-08	Cash	2.2483
2020-10-08	BalancedIndexed	1.1398
2020-10-08	AustralianSharesIndexed	1.1106
2020-10-08	OverseasSharesIndexed	1.1968
2020-10-07	CoreStrategy	1.7861
2020-10-07	CapitalStable	3.4352
2020-10-07	Balanced	4.1609
2020-10-07	HighGrowth	5.975
2020-10-07	Cash	2.2483
2020-10-07	BalancedIndexed	1.1419
2020-10-07	AustralianSharesIndexed	1.1067
2020-10-07	OverseasSharesIndexed	1.2025
2020-10-06	CoreStrategy	1.7711
2020-10-06	CapitalStable	3.4212
2020-10-06	Balanced	4.1335
2020-10-06	HighGrowth	5.9046
2020-10-06	Cash	2.248
2020-10-06	BalancedIndexed	1.1274
2020-10-06	AustralianSharesIndexed	1.0824
2020-10-06	OverseasSharesIndexed	1.1882
2020-10-03	CoreStrategy	1.777
2020-10-03	CapitalStable	3.427
2020-10-03	Balanced	4.1442
2020-10-03	HighGrowth	5.9313
2020-10-03	Cash	2.248
2020-10-03	BalancedIndexed	1.1343
2020-10-03	AustralianSharesIndexed	1.0958
2020-10-03	OverseasSharesIndexed	1.193
2020-10-02	CoreStrategy	1.7716
2020-10-02	CapitalStable	3.4219
2020-10-02	Balanced	4.1343
2020-10-02	HighGrowth	5.9061
2020-10-02	Cash	2.248
2020-10-02	BalancedIndexed	1.1297
2020-10-02	AustralianSharesIndexed	1.0868
2020-10-02	OverseasSharesIndexed	1.1895
2020-10-01	CoreStrategy	1.7811
2020-10-01	CapitalStable	3.4299
2020-10-01	Balanced	4.1494
2020-10-01	HighGrowth	5.9455
2020-10-01	Cash	2.2478
2020-10-01	BalancedIndexed	1.1372
2020-10-01	AustralianSharesIndexed	1.1086
2020-10-01	OverseasSharesIndexed	1.193
2020-09-30	CoreStrategy	1.7847
2020-09-30	CapitalStable	3.4331
2020-09-30	Balanced	4.1559
2020-09-30	HighGrowth	5.963
2020-09-30	Cash	2.2478
2020-09-30	BalancedIndexed	1.1404
2020-09-30	AustralianSharesIndexed	1.1083
2020-09-30	OverseasSharesIndexed	1.2053
2020-09-29	CoreStrategy	1.7788
2020-09-29	CapitalStable	3.4278
2020-09-29	Balanced	4.1445
2020-09-29	HighGrowth	5.933
2020-09-29	Cash	2.2476
2020-09-29	BalancedIndexed	1.1341
2020-09-29	AustralianSharesIndexed	1.1097
2020-09-29	OverseasSharesIndexed	1.1923
2020-09-26	CoreStrategy	1.7706
2020-09-26	CapitalStable	3.4215
2020-09-26	Balanced	4.1316
2020-09-26	HighGrowth	5.8992
2020-09-26	Cash	2.2476
2020-09-26	BalancedIndexed	1.1239
2020-09-26	AustralianSharesIndexed	1.0953
2020-09-26	OverseasSharesIndexed	1.179
2020-09-25	CoreStrategy	1.773
2020-09-25	CapitalStable	3.4225
2020-09-25	Balanced	4.1339
2020-09-25	HighGrowth	5.9053
2020-09-25	Cash	2.2474
2020-09-25	BalancedIndexed	1.1245
2020-09-25	AustralianSharesIndexed	1.1035
2020-09-25	OverseasSharesIndexed	1.1689
2020-09-24	CoreStrategy	1.765
2020-09-24	CapitalStable	3.4185
2020-09-24	Balanced	4.126
2020-09-24	HighGrowth	5.8826
2020-09-24	Cash	2.2474
2020-09-24	BalancedIndexed	1.123
2020-09-24	AustralianSharesIndexed	1.0811
2020-09-24	OverseasSharesIndexed	1.1762
2020-09-23	CoreStrategy	1.7659
2020-09-23	CapitalStable	3.4176
2020-09-23	Balanced	4.1254
2020-09-23	HighGrowth	5.8833
2020-09-23	Cash	2.2474
2020-09-23	BalancedIndexed	1.1208
2020-09-23	AustralianSharesIndexed	1.0877
2020-09-23	OverseasSharesIndexed	1.1651
2020-09-22	CoreStrategy	1.7731
2020-09-22	CapitalStable	3.4239
2020-09-22	Balanced	4.1386
2020-09-22	HighGrowth	5.917
2020-09-22	Cash	2.2472
2020-09-22	BalancedIndexed	1.1264
2020-09-22	AustralianSharesIndexed	1.0946
2020-09-22	OverseasSharesIndexed	1.1678
2020-09-19	CoreStrategy	1.7764
2020-09-19	CapitalStable	3.4268
2020-09-19	Balanced	4.1447
2020-09-19	HighGrowth	5.9335
2020-09-19	Cash	2.2472
2020-09-19	BalancedIndexed	1.1313
2020-09-19	AustralianSharesIndexed	1.0972
2020-09-19	OverseasSharesIndexed	1.1777
2020-09-18	CoreStrategy	1.782
2020-09-18	CapitalStable	3.43
2020-09-18	Balanced	4.1522
2020-09-18	HighGrowth	5.9547
2020-09-18	Cash	2.2472
2020-09-18	BalancedIndexed	1.1368
2020-09-18	AustralianSharesIndexed	1.1088
2020-09-18	OverseasSharesIndexed	1.1797
2020-09-17	CoreStrategy	1.7779
2020-09-17	CapitalStable	3.4269
2020-09-17	Balanced	4.1469
2020-09-17	HighGrowth	5.9419
2020-09-17	Cash	2.2472
2020-09-17	BalancedIndexed	1.1357
2020-09-17	AustralianSharesIndexed	1.0983
2020-09-17	OverseasSharesIndexed	1.1862
2020-09-16	CoreStrategy	1.7767
2020-09-16	CapitalStable	3.4249
2020-09-16	Balanced	4.1434
2020-09-16	HighGrowth	5.9343
2020-09-16	Cash	2.2472
2020-09-16	BalancedIndexed	1.1337
2020-09-16	AustralianSharesIndexed	1.0986
2020-09-16	OverseasSharesIndexed	1.182
2020-09-15	CoreStrategy	1.7682
2020-09-15	CapitalStable	3.4169
2020-09-15	Balanced	4.1284
2020-09-15	HighGrowth	5.8979
2020-09-15	Cash	2.2469
2020-09-15	BalancedIndexed	1.1267
2020-09-15	AustralianSharesIndexed	1.092
2020-09-15	OverseasSharesIndexed	1.1718
2020-09-12	CoreStrategy	1.7695
2020-09-12	CapitalStable	3.4171
2020-09-12	Balanced	4.1285
2020-09-12	HighGrowth	5.8987
2020-09-12	Cash	2.2467
2020-09-12	BalancedIndexed	1.128
2020-09-12	AustralianSharesIndexed	1.0999
2020-09-12	OverseasSharesIndexed	1.1696
2020-09-11	CoreStrategy	1.7704
2020-09-11	CapitalStable	3.4192
2020-09-11	Balanced	4.133
2020-09-11	HighGrowth	5.9099
2020-09-11	Cash	2.2467
2020-09-11	BalancedIndexed	1.1324
2020-09-11	AustralianSharesIndexed	1.0945
2020-09-11	OverseasSharesIndexed	1.184
2020-09-10	CoreStrategy	1.7753
2020-09-10	CapitalStable	3.4215
2020-09-10	Balanced	4.1376
2020-09-10	HighGrowth	5.9233
2020-09-10	Cash	2.2467
2020-09-10	BalancedIndexed	1.132
2020-09-10	AustralianSharesIndexed	1.1153
2020-09-10	OverseasSharesIndexed	1.1714
2020-09-09	CoreStrategy	1.7749
2020-09-09	CapitalStable	3.4235
2020-09-09	Balanced	4.1414
2020-09-09	HighGrowth	5.931
2020-09-09	Cash	2.2467
2020-09-09	BalancedIndexed	1.1375
2020-09-09	AustralianSharesIndexed	1.1052
2020-09-09	OverseasSharesIndexed	1.189
2020-09-08	CoreStrategy	1.7729
2020-09-08	CapitalStable	3.4218
2020-09-08	Balanced	4.1378
2020-09-08	HighGrowth	5.9223
2020-09-08	Cash	2.2465
2020-09-08	BalancedIndexed	1.1365
2020-09-08	AustralianSharesIndexed	1.1015
2020-09-08	OverseasSharesIndexed	1.1908
2020-09-05	CoreStrategy	1.7867
2020-09-05	CapitalStable	3.4307
2020-09-05	Balanced	4.1558
2020-09-05	HighGrowth	5.9694
2020-09-05	Cash	2.2463
2020-09-05	BalancedIndexed	1.149
2020-09-05	AustralianSharesIndexed	1.1319
2020-09-05	OverseasSharesIndexed	1.1945
2020-09-04	CoreStrategy	1.7892
2020-09-04	CapitalStable	3.4338
2020-09-04	Balanced	4.164
2020-09-04	HighGrowth	5.9928
2020-09-04	Cash	2.2463
2020-09-04	BalancedIndexed	1.1583
2020-09-04	AustralianSharesIndexed	1.1223
2020-09-04	OverseasSharesIndexed	1.2214
2020-09-03	CoreStrategy	1.7747
2020-09-03	CapitalStable	3.4219
2020-09-03	Balanced	4.1412
2020-09-03	HighGrowth	5.9351
2020-09-03	Cash	2.2463
2020-09-03	BalancedIndexed	1.1446
2020-09-03	AustralianSharesIndexed	1.1046
2020-09-03	OverseasSharesIndexed	1.2011
2020-09-02	CoreStrategy	1.7777
2020-09-02	CapitalStable	3.4217
2020-09-02	Balanced	4.1415
2020-09-02	HighGrowth	5.9382
2020-09-02	Cash	2.246
2020-09-02	BalancedIndexed	1.1463
2020-09-02	AustralianSharesIndexed	1.1213
2020-09-02	OverseasSharesIndexed	1.1928
2020-09-01	CoreStrategy	1.7813
2020-09-01	CapitalStable	3.4248
2020-09-01	Balanced	4.1482
2020-09-01	HighGrowth	5.9566
2020-09-01	Cash	2.246
2020-09-01	BalancedIndexed	1.1489
2020-09-01	AustralianSharesIndexed	1.1218
2020-09-01	OverseasSharesIndexed	1.2004
2020-08-29	CoreStrategy	1.7868
2020-08-29	CapitalStable	3.4287
2020-08-29	Balanced	4.1556
2020-08-29	HighGrowth	5.9766
2020-08-29	Cash	2.2458
2020-08-29	BalancedIndexed	1.1532
2020-08-29	AustralianSharesIndexed	1.1296
2020-08-29	OverseasSharesIndexed	1.2113
2020-08-28	CoreStrategy	1.7855
2020-08-28	CapitalStable	3.4283
2020-08-28	Balanced	4.1542
2020-08-28	HighGrowth	5.9721
2020-08-28	Cash	2.246
2020-08-28	BalancedIndexed	1.1535
2020-08-28	AustralianSharesIndexed	1.1275
2020-08-28	OverseasSharesIndexed	1.214
2020-08-27	CoreStrategy	1.7878
2020-08-27	CapitalStable	3.4298
2020-08-27	Balanced	4.1561
2020-08-27	HighGrowth	5.9762
2020-08-27	Cash	2.246
2020-08-27	BalancedIndexed	1.1529
2020-08-27	AustralianSharesIndexed	1.1336
2020-08-27	OverseasSharesIndexed	1.2109
2020-08-26	CoreStrategy	1.7851
2020-08-26	CapitalStable	3.4278
2020-08-26	Balanced	4.152
2020-08-26	HighGrowth	5.9657
2020-08-26	Cash	2.2458
2020-08-26	BalancedIndexed	1.1505
2020-08-26	AustralianSharesIndexed	1.1278
2020-08-26	OverseasSharesIndexed	1.2086
2020-08-25	CoreStrategy	1.7788
2020-08-25	CapitalStable	3.4225
2020-08-25	Balanced	4.141
2020-08-25	HighGrowth	5.9368
2020-08-25	Cash	2.2456
2020-08-25	BalancedIndexed	1.1449
2020-08-25	AustralianSharesIndexed	1.1237
2020-08-25	OverseasSharesIndexed	1.1999
2020-08-22	CoreStrategy	1.7778
2020-08-22	CapitalStable	3.4213
2020-08-22	Balanced	4.1388
2020-08-22	HighGrowth	5.9316
2020-08-22	Cash	2.2456
2020-08-22	BalancedIndexed	1.144
2020-08-22	AustralianSharesIndexed	1.1247
2020-08-22	OverseasSharesIndexed	1.197
2020-08-21	CoreStrategy	1.7802
2020-08-21	CapitalStable	3.4219
2020-08-21	Balanced	4.1413
2020-08-21	HighGrowth	5.9396
2020-08-21	Cash	2.2456
2020-08-21	BalancedIndexed	1.144
2020-08-21	AustralianSharesIndexed	1.132
2020-08-21	OverseasSharesIndexed	1.1877
2020-08-20	CoreStrategy	1.7789
2020-08-20	CapitalStable	3.4215
2020-08-20	Balanced	4.1408
2020-08-20	HighGrowth	5.9385
2020-08-20	Cash	2.2454
2020-08-20	BalancedIndexed	1.1426
2020-08-20	AustralianSharesIndexed	1.1242
2020-08-20	OverseasSharesIndexed	1.1903
2020-08-19	CoreStrategy	1.7764
2020-08-19	CapitalStable	3.4201
2020-08-19	Balanced	4.1381
2020-08-19	HighGrowth	5.9316
2020-08-19	Cash	2.2454
2020-08-19	BalancedIndexed	1.1403
2020-08-19	AustralianSharesIndexed	1.1163
2020-08-19	OverseasSharesIndexed	1.1927
2020-08-18	CoreStrategy	1.7793
2020-08-18	CapitalStable	3.4213
2020-08-18	Balanced	4.1409
2020-08-18	HighGrowth	5.9405
2020-08-18	Cash	2.2452
2020-08-18	BalancedIndexed	1.1415
2020-08-18	AustralianSharesIndexed	1.1237
2020-08-18	OverseasSharesIndexed	1.1929
2020-08-15	CoreStrategy	1.7785
2020-08-15	CapitalStable	3.421
2020-08-15	Balanced	4.141
2020-08-15	HighGrowth	5.9413
2020-08-15	Cash	2.2452
2020-08-15	BalancedIndexed	1.1411
2020-08-15	AustralianSharesIndexed	1.1177
2020-08-15	OverseasSharesIndexed	1.1954
2020-08-14	CoreStrategy	1.7797
2020-08-14	CapitalStable	3.4224
2020-08-14	Balanced	4.1424
2020-08-14	HighGrowth	5.9431
2020-08-14	Cash	2.2451
2020-08-14	BalancedIndexed	1.1433
2020-08-14	AustralianSharesIndexed	1.1239
2020-08-14	OverseasSharesIndexed	1.1958
2020-08-13	CoreStrategy	1.7777
2020-08-13	CapitalStable	3.42
2020-08-13	Balanced	4.1372
2020-08-13	HighGrowth	5.9295
2020-08-13	Cash	2.2449
2020-08-13	BalancedIndexed	1.138
2020-08-13	AustralianSharesIndexed	1.1252
2020-08-13	OverseasSharesIndexed	1.1823
2020-08-12	CoreStrategy	1.7735
2020-08-12	CapitalStable	3.4171
2020-08-12	Balanced	4.1306
2020-08-12	HighGrowth	5.9118
2020-08-12	Cash	2.2449
2020-08-12	BalancedIndexed	1.1376
2020-08-12	AustralianSharesIndexed	1.1209
2020-08-12	OverseasSharesIndexed	1.184
2020-08-11	CoreStrategy	1.7662
2020-08-11	CapitalStable	3.4123
2020-08-11	Balanced	4.1212
2020-08-11	HighGrowth	5.8872
2020-08-11	Cash	2.2447
2020-08-11	BalancedIndexed	1.1311
2020-08-11	AustralianSharesIndexed	1.1041
2020-08-11	OverseasSharesIndexed	1.1792
2020-08-08	CoreStrategy	1.766
2020-08-08	CapitalStable	3.4111
2020-08-08	Balanced	4.1195
2020-08-08	HighGrowth	5.8838
2020-08-08	Cash	2.2447
2020-08-08	BalancedIndexed	1.1317
2020-08-08	AustralianSharesIndexed	1.1099
2020-08-08	OverseasSharesIndexed	1.1744
2020-08-07	CoreStrategy	1.7621
2020-08-07	CapitalStable	3.4078
2020-08-07	Balanced	4.1135
2020-08-07	HighGrowth	5.8698
2020-08-07	Cash	2.2447
2020-08-07	BalancedIndexed	1.1287
2020-08-07	AustralianSharesIndexed	1.1029
2020-08-07	OverseasSharesIndexed	1.1726
2020-08-06	CoreStrategy	1.7629
2020-08-06	CapitalStable	3.4078
2020-08-06	Balanced	4.113
2020-08-06	HighGrowth	5.8688
2020-08-06	Cash	2.2447
2020-08-06	BalancedIndexed	1.1296
2020-08-06	AustralianSharesIndexed	1.1083
2020-08-06	OverseasSharesIndexed	1.1741
2020-08-05	CoreStrategy	1.7554
2020-08-05	CapitalStable	3.4029
2020-08-05	Balanced	4.1035
2020-08-05	HighGrowth	5.845
2020-08-05	Cash	2.2447
2020-08-05	BalancedIndexed	1.1233
2020-08-05	AustralianSharesIndexed	1.0903
2020-08-05	OverseasSharesIndexed	1.1756
2020-08-04	CoreStrategy	1.7495
2020-08-04	CapitalStable	3.3977
2020-08-04	Balanced	4.0925
2020-08-04	HighGrowth	5.8161
2020-08-04	Cash	2.2445
2020-08-04	BalancedIndexed	1.1168
2020-08-04	AustralianSharesIndexed	1.0908
2020-08-04	OverseasSharesIndexed	1.1563
2020-08-01	CoreStrategy	1.7624
2020-08-01	CapitalStable	3.4069
2020-08-01	Balanced	4.1107
2020-08-01	HighGrowth	5.8637
2020-08-01	Cash	2.2445
2020-08-01	BalancedIndexed	1.1236
2020-08-01	AustralianSharesIndexed	1.1103
2020-08-01	OverseasSharesIndexed	1.1615
2020-07-31	CoreStrategy	1.7615
2020-07-31	CapitalStable	3.4066
2020-07-31	Balanced	4.1113
2020-07-31	HighGrowth	5.8657
2020-07-31	Cash	2.2443
2020-07-31	BalancedIndexed	1.1231
2020-07-31	AustralianSharesIndexed	1.1031
2020-07-31	OverseasSharesIndexed	1.1636
2020-07-30	CoreStrategy	1.7602
2020-07-30	CapitalStable	3.4051
2020-07-30	Balanced	4.1076
2020-07-30	HighGrowth	5.8563
2020-07-30	Cash	2.2443
2020-07-30	BalancedIndexed	1.12
2020-07-30	AustralianSharesIndexed	1.1055
2020-07-30	OverseasSharesIndexed	1.155
2020-07-29	CoreStrategy	1.7631
2020-07-29	CapitalStable	3.407
2020-07-29	Balanced	4.1119
2020-07-29	HighGrowth	5.8681
2020-07-29	Cash	2.2443
2020-07-29	BalancedIndexed	1.124
2020-07-29	AustralianSharesIndexed	1.1094
2020-07-29	OverseasSharesIndexed	1.1623
2020-07-28	CoreStrategy	1.7607
2020-07-28	CapitalStable	3.4046
2020-07-28	Balanced	4.1072
2020-07-28	HighGrowth	5.8565
2020-07-28	Cash	2.2441
2020-07-28	BalancedIndexed	1.1213
2020-07-28	AustralianSharesIndexed	1.106
2020-07-28	OverseasSharesIndexed	1.1604
2020-07-25	CoreStrategy	1.7663
2020-07-25	CapitalStable	3.4079
2020-07-25	Balanced	4.1147
2020-07-25	HighGrowth	5.8775
2020-07-25	Cash	2.2441
2020-07-25	BalancedIndexed	1.1275
2020-07-25	AustralianSharesIndexed	1.1172
2020-07-25	OverseasSharesIndexed	1.1641
2020-07-24	CoreStrategy	1.7639
2020-07-24	CapitalStable	3.4062
2020-07-24	Balanced	4.1118
2020-07-24	HighGrowth	5.8705
2020-07-24	Cash	2.2438
2020-07-24	BalancedIndexed	1.1296
2020-07-24	AustralianSharesIndexed	1.114
2020-07-24	OverseasSharesIndexed	1.1705
2020-07-23	CoreStrategy	1.7698
2020-07-23	CapitalStable	3.4093
2020-07-23	Balanced	4.1185
2020-07-23	HighGrowth	5.8897
2020-07-23	Cash	2.2438
2020-07-23	BalancedIndexed	1.1335
2020-07-23	AustralianSharesIndexed	1.1266
2020-07-23	OverseasSharesIndexed	1.1726
2020-07-22	CoreStrategy	1.7608
2020-07-22	CapitalStable	3.4039
2020-07-22	Balanced	4.1079
2020-07-22	HighGrowth	5.8623
2020-07-22	Cash	2.2438
2020-07-22	BalancedIndexed	1.1281
2020-07-22	AustralianSharesIndexed	1.1015
2020-07-22	OverseasSharesIndexed	1.184
2020-07-21	CoreStrategy	1.7621
2020-07-21	CapitalStable	3.4041
2020-07-21	Balanced	4.1083
2020-07-21	HighGrowth	5.8643
2020-07-21	Cash	2.2436
2020-07-21	BalancedIndexed	1.1265
2020-07-21	AustralianSharesIndexed	1.1065
2020-07-21	OverseasSharesIndexed	1.1787
2020-07-18	CoreStrategy	1.7578
2020-07-18	CapitalStable	3.4004
2020-07-18	Balanced	4.1008
2020-07-18	HighGrowth	5.8456
2020-07-18	Cash	2.2436
2020-07-18	BalancedIndexed	1.1237
2020-07-18	AustralianSharesIndexed	1.1028
2020-07-18	OverseasSharesIndexed	1.174
2020-07-17	CoreStrategy	1.7611
2020-07-17	CapitalStable	3.4022
2020-07-17	Balanced	4.1055
2020-07-17	HighGrowth	5.8594
2020-07-17	Cash	2.2434
2020-07-17	BalancedIndexed	1.1267
2020-07-17	AustralianSharesIndexed	1.1095
2020-07-17	OverseasSharesIndexed	1.175
2020-07-16	CoreStrategy	1.7493
2020-07-16	CapitalStable	3.3932
2020-07-16	Balanced	4.0875
2020-07-16	HighGrowth	5.8137
2020-07-16	Cash	2.2434
2020-07-16	BalancedIndexed	1.1177
2020-07-16	AustralianSharesIndexed	1.091
2020-07-16	OverseasSharesIndexed	1.1707
2020-07-15	CoreStrategy	1.7495
2020-07-15	CapitalStable	3.3931
2020-07-15	Balanced	4.0866
2020-07-15	HighGrowth	5.8109
2020-07-15	Cash	2.2436
2020-07-15	BalancedIndexed	1.115
2020-07-15	AustralianSharesIndexed	1.0975
2020-07-15	OverseasSharesIndexed	1.1589
2020-07-14	CoreStrategy	1.7473
2020-07-14	CapitalStable	3.3919
2020-07-14	Balanced	4.0843
2020-07-14	HighGrowth	5.805
2020-07-14	Cash	2.2434
2020-07-14	BalancedIndexed	1.1151
2020-07-14	AustralianSharesIndexed	1.0883
2020-07-14	OverseasSharesIndexed	1.1668
2020-07-11	CoreStrategy	1.7471
2020-07-11	CapitalStable	3.3909
2020-07-11	Balanced	4.082
2020-07-11	HighGrowth	5.7993
2020-07-11	Cash	2.2432
2020-07-11	BalancedIndexed	1.1129
2020-07-11	AustralianSharesIndexed	1.0942
2020-07-11	OverseasSharesIndexed	1.1571
2020-07-10	CoreStrategy	1.7464
2020-07-10	CapitalStable	3.3905
2020-07-10	Balanced	4.0821
2020-07-10	HighGrowth	5.8007
2020-07-10	Cash	2.2432
2020-07-10	BalancedIndexed	1.1132
2020-07-10	AustralianSharesIndexed	1.0881
2020-07-10	OverseasSharesIndexed	1.1618
2020-07-09	CoreStrategy	1.7508
2020-07-09	CapitalStable	3.3924
2020-07-09	Balanced	4.0861
2020-07-09	HighGrowth	5.8118
2020-07-09	Cash	2.2432
2020-07-09	BalancedIndexed	1.1155
2020-07-09	AustralianSharesIndexed	1.103
2020-07-09	OverseasSharesIndexed	1.1567
2020-07-08	CoreStrategy	1.7536
2020-07-08	CapitalStable	3.3952
2020-07-08	Balanced	4.0923
2020-07-08	HighGrowth	5.8282
2020-07-08	Cash	2.2429
2020-07-08	BalancedIndexed	1.1188
2020-07-08	AustralianSharesIndexed	1.1033
2020-07-08	OverseasSharesIndexed	1.1638
2020-07-07	CoreStrategy	1.751
2020-07-07	CapitalStable	3.3913
2020-07-07	Balanced	4.0843
2020-07-07	HighGrowth	5.8082
2020-07-07	Cash	2.2429
2020-07-07	BalancedIndexed	1.1148
2020-07-07	AustralianSharesIndexed	1.1097
2020-07-07	OverseasSharesIndexed	1.1529
2020-07-04	CoreStrategy	1.7508
2020-07-04	CapitalStable	3.3913
2020-07-04	Balanced	4.0846
2020-07-04	HighGrowth	5.8096
2020-07-04	Cash	2.2427
2020-07-04	BalancedIndexed	1.1172
2020-07-04	AustralianSharesIndexed	1.1105
2020-07-04	OverseasSharesIndexed	1.159
2020-07-03	CoreStrategy	1.7391
2020-07-03	CapitalStable	3.3734
2020-07-03	Balanced	4.0564
2020-07-03	HighGrowth	5.7595
2020-07-03	Cash	2.2427
2020-07-03	BalancedIndexed	1.1083
2020-07-03	AustralianSharesIndexed	1.0945
2020-07-03	OverseasSharesIndexed	1.1495
2020-07-02	CoreStrategy	1.7379
2020-07-02	CapitalStable	3.3726
2020-07-02	Balanced	4.0546
2020-07-02	HighGrowth	5.7539
2020-07-02	Cash	2.2427
2020-07-02	BalancedIndexed	1.1064
2020-07-02	AustralianSharesIndexed	1.088
2020-07-02	OverseasSharesIndexed	1.1507
2020-07-01	CoreStrategy	1.7275
2020-07-01	CapitalStable	3.363
2020-07-01	Balanced	4.0374
2020-07-01	HighGrowth	5.7124
2020-07-01	Cash	2.2425
2020-07-01	BalancedIndexed	1.0984
2020-07-01	AustralianSharesIndexed	1.0745
2020-07-01	OverseasSharesIndexed	1.1436
2020-06-30	CoreStrategy	1.7379
2020-06-30	CapitalStable	3.3726
2020-06-30	Balanced	4.0546
2020-06-30	HighGrowth	5.7539
2020-06-30	Cash	2.2427
2020-06-30	BalancedIndexed	1.1064
2020-06-30	AustralianSharesIndexed	1.088
2020-06-30	OverseasSharesIndexed	1.1507
2020-06-27	CoreStrategy	1.7263
2020-06-27	CapitalStable	3.3616
2020-06-27	Balanced	4.0374
2020-06-27	HighGrowth	5.7172
2020-06-27	Cash	2.2423
2020-06-27	BalancedIndexed	1.1012
2020-06-27	AustralianSharesIndexed	1.0741
2020-06-27	OverseasSharesIndexed	1.1506
2020-06-26	CoreStrategy	1.7327
2020-06-26	CapitalStable	3.3641
2020-06-26	Balanced	4.0423
2020-06-26	HighGrowth	5.7315
2020-06-26	Cash	2.2423
2020-06-26	BalancedIndexed	1.1037
2020-06-26	AustralianSharesIndexed	1.0986
2020-06-26	OverseasSharesIndexed	1.1379
2020-06-25	CoreStrategy	1.7395
2020-06-25	CapitalStable	3.3708
2020-06-25	Balanced	4.0568
2020-06-25	HighGrowth	5.7697
2020-06-25	Cash	2.2423
2020-06-25	BalancedIndexed	1.1122
2020-06-25	AustralianSharesIndexed	1.0967
2020-06-25	OverseasSharesIndexed	1.155
2020-06-24	CoreStrategy	1.7375
2020-06-24	CapitalStable	3.3698
2020-06-24	Balanced	4.0536
2020-06-24	HighGrowth	5.7595
2020-06-24	Cash	2.2421
2020-06-24	BalancedIndexed	1.1108
2020-06-24	AustralianSharesIndexed	1.0952
2020-06-24	OverseasSharesIndexed	1.1563
2020-06-23	CoreStrategy	1.7399
2020-06-23	CapitalStable	3.3713
2020-06-23	Balanced	4.0567
2020-06-23	HighGrowth	5.7671
2020-06-23	Cash	2.2421
2020-06-23	BalancedIndexed	1.1102
2020-06-23	AustralianSharesIndexed	1.0948
2020-06-23	OverseasSharesIndexed	1.1571
2020-06-20	CoreStrategy	1.7383
2020-06-20	CapitalStable	3.3695
2020-06-20	Balanced	4.0542
2020-06-20	HighGrowth	5.7622
2020-06-20	Cash	2.2421
2020-06-20	BalancedIndexed	1.111
2020-06-20	AustralianSharesIndexed	1.0939
2020-06-20	OverseasSharesIndexed	1.16
2020-06-19	CoreStrategy	1.7397
2020-06-19	CapitalStable	3.3692
2020-06-19	Balanced	4.0544
2020-06-19	HighGrowth	5.7665
2020-06-19	Cash	2.2421
2020-06-19	BalancedIndexed	1.1119
2020-06-19	AustralianSharesIndexed	1.1027
2020-06-19	OverseasSharesIndexed	1.1529
2020-06-18	CoreStrategy	1.7401
2020-06-18	CapitalStable	3.3705
2020-06-18	Balanced	4.057
2020-06-18	HighGrowth	5.7714
2020-06-18	Cash	2.2421
2020-06-18	BalancedIndexed	1.1123
2020-06-18	AustralianSharesIndexed	1.0946
2020-06-18	OverseasSharesIndexed	1.1646
2020-06-17	CoreStrategy	1.7157
2020-06-17	CapitalStable	3.35
2020-06-17	Balanced	4.0171
2020-06-17	HighGrowth	5.6717
2020-06-17	Cash	2.2419
2020-06-17	BalancedIndexed	1.0915
2020-06-17	AustralianSharesIndexed	1.0584
2020-06-17	OverseasSharesIndexed	1.1405
2020-06-16	CoreStrategy	1.7207
2020-06-16	CapitalStable	3.3509
2020-06-16	Balanced	4.0223
2020-06-16	HighGrowth	5.6926
2020-06-16	Cash	2.2416
2020-06-16	BalancedIndexed	1.0964
2020-06-16	AustralianSharesIndexed	1.0792
2020-06-16	OverseasSharesIndexed	1.139
2020-06-13	CoreStrategy	1.7241
2020-06-13	CapitalStable	3.3496
2020-06-13	Balanced	4.021
2020-06-13	HighGrowth	5.6944
2020-06-13	Cash	2.2416
2020-06-13	BalancedIndexed	1.0971
2020-06-13	AustralianSharesIndexed	1.098
2020-06-13	OverseasSharesIndexed	1.1244
2020-06-12	CoreStrategy	1.7515
2020-06-12	CapitalStable	3.3716
2020-06-12	Balanced	4.067
2020-06-12	HighGrowth	5.816
2020-06-12	Cash	2.2416
2020-06-12	BalancedIndexed	1.1254
2020-06-12	AustralianSharesIndexed	1.1284
2020-06-12	OverseasSharesIndexed	1.164
2020-06-11	CoreStrategy	1.7562
2020-06-11	CapitalStable	3.3737
2020-06-11	Balanced	4.0735
2020-06-11	HighGrowth	5.8364
2020-06-11	Cash	2.2414
2020-06-11	BalancedIndexed	1.1271
2020-06-11	AustralianSharesIndexed	1.1277
2020-06-11	OverseasSharesIndexed	1.1695
2020-06-10	CoreStrategy	1.7512
2020-06-10	CapitalStable	3.3708
2020-06-10	Balanced	4.0684
2020-06-10	HighGrowth	5.8242
2020-06-10	Cash	2.2414
2020-06-10	BalancedIndexed	1.1221
2020-06-10	AustralianSharesIndexed	1.1056
2020-06-10	OverseasSharesIndexed	1.1737
2020-06-06	CoreStrategy	1.7355
2020-06-06	CapitalStable	3.3566
2020-06-06	Balanced	4.04
2020-06-06	HighGrowth	5.7544
2020-06-06	Cash	2.2412
2020-06-06	BalancedIndexed	1.1082
2020-06-06	AustralianSharesIndexed	1.1043
2020-06-06	OverseasSharesIndexed	1.142
2020-06-05	CoreStrategy	1.7355
2020-06-05	CapitalStable	3.3573
2020-06-05	Balanced	4.0412
2020-06-05	HighGrowth	5.757
2020-06-05	Cash	2.2412
2020-06-05	BalancedIndexed	1.1089
2020-06-05	AustralianSharesIndexed	1.0963
2020-06-05	OverseasSharesIndexed	1.1509
2020-06-04	CoreStrategy	1.7228
2020-06-04	CapitalStable	3.3473
2020-06-04	Balanced	4.0202
2020-06-04	HighGrowth	5.7028
2020-06-04	Cash	2.241
2020-06-04	BalancedIndexed	1.0985
2020-06-04	AustralianSharesIndexed	1.0788
2020-06-04	OverseasSharesIndexed	1.1406
2020-06-03	CoreStrategy	1.7182
2020-06-03	CapitalStable	3.3418
2020-06-03	Balanced	4.0116
2020-06-03	HighGrowth	5.6849
2020-06-03	Cash	2.241
2020-06-03	BalancedIndexed	1.0966
2020-06-03	AustralianSharesIndexed	1.0759
2020-06-03	OverseasSharesIndexed	1.1458
2020-06-02	CoreStrategy	1.7161
2020-06-02	CapitalStable	3.3408
2020-06-02	Balanced	4.0096
2020-06-02	HighGrowth	5.6779
2020-06-02	Cash	2.2412
2020-06-02	BalancedIndexed	1.0959
2020-06-02	AustralianSharesIndexed	1.0657
2020-06-02	OverseasSharesIndexed	1.1613
2020-05-30	CoreStrategy	1.7126
2020-05-30	CapitalStable	3.3314
2020-05-30	Balanced	3.9982
2020-05-30	HighGrowth	5.6655
2020-05-30	Cash	2.241
2020-05-30	BalancedIndexed	1.0994
2020-05-30	AustralianSharesIndexed	1.0806
2020-05-30	OverseasSharesIndexed	1.1575
2020-05-29	CoreStrategy	1.711
2020-05-29	CapitalStable	3.3303
2020-05-29	Balanced	3.9967
2020-05-29	HighGrowth	5.662
2020-05-29	Cash	2.2408
2020-05-29	BalancedIndexed	1.0967
2020-05-29	AustralianSharesIndexed	1.0684
2020-05-29	OverseasSharesIndexed	1.1651
2020-05-28	CoreStrategy	1.7021
2020-05-28	CapitalStable	3.3218
2020-05-28	Balanced	3.9794
2020-05-28	HighGrowth	5.6197
2020-05-28	Cash	2.2408
2020-05-28	BalancedIndexed	1.089
2020-05-28	AustralianSharesIndexed	1.069
2020-05-28	OverseasSharesIndexed	1.1422
2020-05-27	CoreStrategy	1.6894
2020-05-27	CapitalStable	3.3126
2020-05-27	Balanced	3.9606
2020-05-27	HighGrowth	5.5691
2020-05-27	Cash	2.2408
2020-05-27	BalancedIndexed	1.0788
2020-05-27	AustralianSharesIndexed	1.0423
2020-05-27	OverseasSharesIndexed	1.1438
2020-05-26	CoreStrategy	1.6809
2020-05-26	CapitalStable	3.3051
2020-05-26	Balanced	3.9471
2020-05-26	HighGrowth	5.5366
2020-05-26	Cash	2.2405
2020-05-26	BalancedIndexed	1.0717
2020-05-26	AustralianSharesIndexed	1.0229
2020-05-26	OverseasSharesIndexed	1.1425
2020-05-23	CoreStrategy	1.6838
2020-05-23	CapitalStable	3.3062
2020-05-23	Balanced	3.9507
2020-05-23	HighGrowth	5.5496
2020-05-23	Cash	2.2405
2020-05-23	BalancedIndexed	1.0726
2020-05-23	AustralianSharesIndexed	1.0316
2020-05-23	OverseasSharesIndexed	1.1361
2020-05-22	CoreStrategy	1.6852
2020-05-22	CapitalStable	3.3062
2020-05-22	Balanced	3.9523
2020-05-22	HighGrowth	5.5569
2020-05-22	Cash	2.2403
2020-05-22	BalancedIndexed	1.0758
2020-05-22	AustralianSharesIndexed	1.0352
2020-05-22	OverseasSharesIndexed	1.1401
2020-05-21	CoreStrategy	1.6792
2020-05-21	CapitalStable	3.3008
2020-05-21	Balanced	3.9413
2020-05-21	HighGrowth	5.5291
2020-05-21	Cash	2.2403
2020-05-21	BalancedIndexed	1.0694
2020-05-21	AustralianSharesIndexed	1.0323
2020-05-21	OverseasSharesIndexed	1.1294
2020-05-20	CoreStrategy	1.6767
2020-05-20	CapitalStable	3.2982
2020-05-20	Balanced	3.9375
2020-05-20	HighGrowth	5.5198
2020-05-20	Cash	2.2403
2020-05-20	BalancedIndexed	1.0695
2020-05-20	AustralianSharesIndexed	1.0164
2020-05-20	OverseasSharesIndexed	1.1445
2020-05-19	CoreStrategy	1.6624
2020-05-19	CapitalStable	3.2845
2020-05-19	Balanced	3.9103
2020-05-19	HighGrowth	5.4518
2020-05-19	Cash	2.2401
2020-05-19	BalancedIndexed	1.0569
2020-05-19	AustralianSharesIndexed	1.0064
2020-05-19	OverseasSharesIndexed	1.1274
2020-05-16	CoreStrategy	1.6562
2020-05-16	CapitalStable	3.2794
2020-05-16	Balanced	3.9003
2020-05-16	HighGrowth	5.4266
2020-05-16	Cash	2.2399
2020-05-16	BalancedIndexed	1.0509
2020-05-16	AustralianSharesIndexed	0.9939
2020-05-16	OverseasSharesIndexed	1.1216
2020-05-15	CoreStrategy	1.6596
2020-05-15	CapitalStable	3.2814
2020-05-15	Balanced	3.9047
2020-05-15	HighGrowth	5.4401
2020-05-15	Cash	2.2399
2020-05-15	BalancedIndexed	1.0525
2020-05-15	AustralianSharesIndexed	1.0091
2020-05-15	OverseasSharesIndexed	1.1122
2020-05-14	CoreStrategy	1.6626
2020-05-14	CapitalStable	3.2844
2020-05-14	Balanced	3.9112
2020-05-14	HighGrowth	5.4579
2020-05-14	Cash	2.2399
2020-05-14	BalancedIndexed	1.0575
2020-05-14	AustralianSharesIndexed	1.0061
2020-05-14	OverseasSharesIndexed	1.1234
2020-05-13	CoreStrategy	1.6701
2020-05-13	CapitalStable	3.2896
2020-05-13	Balanced	3.924
2020-05-13	HighGrowth	5.4938
2020-05-13	Cash	2.2399
2020-05-13	BalancedIndexed	1.0675
2020-05-13	AustralianSharesIndexed	1.0156
2020-05-13	OverseasSharesIndexed	1.1417
2020-05-12	CoreStrategy	1.6641
2020-05-12	CapitalStable	3.2844
2020-05-12	Balanced	3.9145
2020-05-12	HighGrowth	5.4712
2020-05-12	Cash	2.2399
2020-05-12	BalancedIndexed	1.0622
2020-05-12	AustralianSharesIndexed	1.004
2020-05-12	OverseasSharesIndexed	1.1339
2020-05-09	CoreStrategy	1.6597
2020-05-09	CapitalStable	3.2797
2020-05-09	Balanced	3.9054
2020-05-09	HighGrowth	5.4481
2020-05-09	Cash	2.2397
2020-05-09	BalancedIndexed	1.0566
2020-05-09	AustralianSharesIndexed	0.9991
2020-05-09	OverseasSharesIndexed	1.1297
2020-05-08	CoreStrategy	1.6568
2020-05-08	CapitalStable	3.2755
2020-05-08	Balanced	3.8984
2020-05-08	HighGrowth	5.4327
2020-05-08	Cash	2.2397
2020-05-08	BalancedIndexed	1.0534
2020-05-08	AustralianSharesIndexed	1.0023
2020-05-08	OverseasSharesIndexed	1.1231
2020-05-07	CoreStrategy	1.6591
2020-05-07	CapitalStable	3.2776
2020-05-07	Balanced	3.902
2020-05-07	HighGrowth	5.4416
2020-05-07	Cash	2.2397
2020-05-07	BalancedIndexed	1.0565
2020-05-07	AustralianSharesIndexed	1.0058
2020-05-07	OverseasSharesIndexed	1.1259
2020-05-06	CoreStrategy	1.6522
2020-05-06	CapitalStable	3.2789
2020-05-06	Balanced	3.899
2020-05-06	HighGrowth	5.4148
2020-05-06	Cash	2.2397
2020-05-06	BalancedIndexed	1.0475
2020-05-06	AustralianSharesIndexed	0.9883
2020-05-06	OverseasSharesIndexed	1.12
2020-05-05	CoreStrategy	1.6514
2020-05-05	CapitalStable	3.2781
2020-05-05	Balanced	3.8993
2020-05-05	HighGrowth	5.4189
2020-05-05	Cash	2.2397
2020-05-05	BalancedIndexed	1.0436
2020-05-05	AustralianSharesIndexed	0.9763
2020-05-05	OverseasSharesIndexed	1.1182
2020-05-02	CoreStrategy	1.6694
2020-05-02	CapitalStable	3.2914
2020-05-02	Balanced	3.9258
2020-05-02	HighGrowth	5.4912
2020-05-02	Cash	2.2394
2020-05-02	BalancedIndexed	1.0633
2020-05-02	AustralianSharesIndexed	1.0201
2020-05-02	OverseasSharesIndexed	1.1258
2020-05-01	CoreStrategy	1.6711
2020-05-01	CapitalStable	3.2956
2020-05-01	Balanced	3.9316
2020-05-01	HighGrowth	5.498
2020-05-01	Cash	2.2394
2020-05-01	BalancedIndexed	1.0616
2020-05-01	AustralianSharesIndexed	0.9992
2020-05-01	OverseasSharesIndexed	1.1368
2020-04-30	CoreStrategy	1.6582
2020-04-30	CapitalStable	3.2848
2020-04-30	Balanced	3.9093
2020-04-30	HighGrowth	5.438
2020-04-30	Cash	2.2394
2020-04-30	BalancedIndexed	1.0492
2020-04-30	AustralianSharesIndexed	0.9861
2020-04-30	OverseasSharesIndexed	1.121
2020-04-29	CoreStrategy	1.6572
2020-04-29	CapitalStable	3.2837
2020-04-29	Balanced	3.9072
2020-04-29	HighGrowth	5.4321
2020-04-29	Cash	2.2392
2020-04-29	BalancedIndexed	1.0502
2020-04-29	AustralianSharesIndexed	0.9875
2020-04-29	OverseasSharesIndexed	1.1242
2020-04-28	CoreStrategy	1.6489
2020-04-28	CapitalStable	3.276
2020-04-28	Balanced	3.8916
2020-04-28	HighGrowth	5.391
2020-04-28	Cash	2.239
2020-04-28	BalancedIndexed	1.0421
2020-04-28	AustralianSharesIndexed	0.9743
2020-04-28	OverseasSharesIndexed	1.1204
2020-04-25	CoreStrategy	1.6457
2020-04-25	CapitalStable	3.2725
2020-04-25	Balanced	3.8854
2020-04-25	HighGrowth	5.3778
2020-04-25	Cash	2.239
2020-04-25	BalancedIndexed	1.0368
2020-04-25	AustralianSharesIndexed	0.97
2020-04-25	OverseasSharesIndexed	1.1109
2020-04-24	CoreStrategy	1.6478
2020-04-24	CapitalStable	3.2744
2020-04-24	Balanced	3.8885
2020-04-24	HighGrowth	5.3813
2020-04-24	Cash	2.239
2020-04-24	BalancedIndexed	1.0386
2020-04-24	AustralianSharesIndexed	0.9702
2020-04-24	OverseasSharesIndexed	1.1204
2020-04-23	CoreStrategy	1.643
2020-04-23	CapitalStable	3.2696
2020-04-23	Balanced	3.8785
2020-04-23	HighGrowth	5.3561
2020-04-23	Cash	2.2388
2020-04-23	BalancedIndexed	1.031
2020-04-23	AustralianSharesIndexed	0.9703
2020-04-23	OverseasSharesIndexed	1.1047
2020-04-22	CoreStrategy	1.6584
2020-04-22	CapitalStable	3.2835
2020-04-22	Balanced	3.9063
2020-04-22	HighGrowth	5.4291
2020-04-22	Cash	2.239
2020-04-22	BalancedIndexed	1.0472
2020-04-22	AustralianSharesIndexed	0.9919
2020-04-22	OverseasSharesIndexed	1.1209
2020-04-21	CoreStrategy	1.6714
2020-04-21	CapitalStable	3.2938
2020-04-21	Balanced	3.9266
2020-04-21	HighGrowth	5.4804
2020-04-21	Cash	2.2388
2020-04-21	BalancedIndexed	1.0599
2020-04-21	AustralianSharesIndexed	1.0135
2020-04-21	OverseasSharesIndexed	1.1368
2020-04-18	CoreStrategy	1.6585
2020-04-18	CapitalStable	3.2808
2020-04-18	Balanced	3.9009
2020-04-18	HighGrowth	5.4158
2020-04-18	Cash	2.2388
2020-04-18	BalancedIndexed	1.0467
2020-04-18	AustralianSharesIndexed	1.0014
2020-04-18	OverseasSharesIndexed	1.1177
2020-04-17	CoreStrategy	1.6602
2020-04-17	CapitalStable	3.2803
2020-04-17	Balanced	3.9016
2020-04-17	HighGrowth	5.4218
2020-04-17	Cash	2.2388
2020-04-17	BalancedIndexed	1.0465
2020-04-17	AustralianSharesIndexed	1.0098
2020-04-17	OverseasSharesIndexed	1.1119
2020-04-16	CoreStrategy	1.6675
2020-04-16	CapitalStable	3.2915
2020-04-16	Balanced	3.921
2020-04-16	HighGrowth	5.4626
2020-04-16	Cash	2.2386
2020-04-16	BalancedIndexed	1.0535
2020-04-16	AustralianSharesIndexed	1.0131
2020-04-16	OverseasSharesIndexed	1.1213
2020-04-15	CoreStrategy	1.6554
2020-04-15	CapitalStable	3.2798
2020-04-15	Balanced	3.8984
2020-04-15	HighGrowth	5.4061
2020-04-15	Cash	2.2386
2020-04-15	BalancedIndexed	1.0397
2020-04-15	AustralianSharesIndexed	0.9965
2020-04-15	OverseasSharesIndexed	1.1034
2020-04-10	CoreStrategy	1.6496
2020-04-10	CapitalStable	3.2745
2020-04-10	Balanced	3.8889
2020-04-10	HighGrowth	5.3796
2020-04-10	Cash	2.2381
2020-04-10	BalancedIndexed	1.0339
2020-04-10	AustralianSharesIndexed	0.967
2020-04-10	OverseasSharesIndexed	1.1217
2020-04-09	CoreStrategy	1.6461
2020-04-09	CapitalStable	3.2715
2020-04-09	Balanced	3.8807
2020-04-09	HighGrowth	5.3545
2020-04-09	Cash	2.2381
2020-04-09	BalancedIndexed	1.0268
2020-04-09	AustralianSharesIndexed	0.9745
2020-04-09	OverseasSharesIndexed	1.1026
2020-04-08	CoreStrategy	1.6486
2020-04-08	CapitalStable	3.2752
2020-04-08	Balanced	3.8853
2020-04-08	HighGrowth	5.3603
2020-04-08	Cash	2.2381
2020-04-08	BalancedIndexed	1.0304
2020-04-08	AustralianSharesIndexed	0.9792
2020-04-08	OverseasSharesIndexed	1.1115
2020-04-07	CoreStrategy	1.6193
2020-04-07	CapitalStable	3.2496
2020-04-07	Balanced	3.8334
2020-04-07	HighGrowth	5.2291
2020-04-07	Cash	2.2379
2020-04-07	BalancedIndexed	0.9975
2020-04-07	AustralianSharesIndexed	0.9436
2020-04-07	OverseasSharesIndexed	1.0662
2020-04-04	CoreStrategy	1.629
2020-04-04	CapitalStable	3.2582
2020-04-04	Balanced	3.8493
2020-04-04	HighGrowth	5.2678
2020-04-04	Cash	2.2379
2020-04-04	BalancedIndexed	1.0061
2020-04-04	AustralianSharesIndexed	0.9576
2020-04-04	OverseasSharesIndexed	1.0746
2020-04-03	CoreStrategy	1.6495
2020-04-03	CapitalStable	3.2758
2020-04-03	Balanced	3.8709
2020-04-03	HighGrowth	5.2991
2020-04-03	Cash	2.2377
2020-04-03	BalancedIndexed	1.0031
2020-04-03	AustralianSharesIndexed	0.9742
2020-04-03	OverseasSharesIndexed	1.0508
2020-04-02	CoreStrategy	1.6552
2020-04-02	CapitalStable	3.2813
2020-04-02	Balanced	3.8847
2020-04-02	HighGrowth	5.3349
2020-04-02	Cash	2.2377
2020-04-02	BalancedIndexed	1.0114
2020-04-02	AustralianSharesIndexed	0.9449
2020-04-02	OverseasSharesIndexed	1.0902
2020-04-01	CoreStrategy	1.6579
2020-04-01	CapitalStable	3.2813
2020-04-01	Balanced	3.8875
2020-04-01	HighGrowth	5.3493
2020-04-01	Cash	2.2377
2020-04-01	BalancedIndexed	1.0186
2020-04-01	AustralianSharesIndexed	0.9608
2020-04-01	OverseasSharesIndexed	1.0938
2020-03-31	CoreStrategy	1.6377
2020-03-31	CapitalStable	3.2643
2020-03-31	Balanced	3.855
2020-03-31	HighGrowth	5.2657
2020-03-31	Cash	2.2377
2020-03-31	BalancedIndexed	0.9949
2020-03-31	AustralianSharesIndexed	0.9067
2020-03-31	OverseasSharesIndexed	1.0754
2020-03-28	CoreStrategy	1.6639
2020-03-28	CapitalStable	3.286
2020-03-28	Balanced	3.8991
2020-03-28	HighGrowth	5.3763
2020-03-28	Cash	2.2377
2020-03-28	BalancedIndexed	1.0199
2020-03-28	AustralianSharesIndexed	0.9502
2020-03-28	OverseasSharesIndexed	1.114
2020-03-27	CoreStrategy	1.6435
2020-03-27	CapitalStable	3.2651
2020-03-27	Balanced	3.8605
2020-03-27	HighGrowth	5.2828
2020-03-27	Cash	2.2375
2020-03-27	BalancedIndexed	0.9985
2020-03-27	AustralianSharesIndexed	0.9333
2020-03-27	OverseasSharesIndexed	1.08
2020-03-26	CoreStrategy	1.6443
2020-03-26	CapitalStable	3.2747
2020-03-26	Balanced	3.86
2020-03-26	HighGrowth	5.2477
2020-03-26	Cash	2.2375
2020-03-26	BalancedIndexed	0.9776
2020-03-26	AustralianSharesIndexed	0.891
2020-03-26	OverseasSharesIndexed	1.0618
2020-03-25	CoreStrategy	1.6142
2020-03-25	CapitalStable	3.2445
2020-03-25	Balanced	3.7984
2020-03-25	HighGrowth	5.0906
2020-03-25	Cash	2.2375
2020-03-25	BalancedIndexed	0.9399
2020-03-25	AustralianSharesIndexed	0.86
2020-03-25	OverseasSharesIndexed	1.0107
2020-03-24	CoreStrategy	1.6412
2020-03-24	CapitalStable	3.2713
2020-03-24	Balanced	3.8505
2020-03-24	HighGrowth	5.2165
2020-03-24	Cash	2.2373
2020-03-24	BalancedIndexed	0.9604
2020-03-24	AustralianSharesIndexed	0.9047
2020-03-24	OverseasSharesIndexed	1.0229
2020-03-21	CoreStrategy	1.6434
2020-03-21	CapitalStable	3.2756
2020-03-21	Balanced	3.8553
2020-03-21	HighGrowth	5.2201
2020-03-21	Cash	2.2371
2020-03-21	BalancedIndexed	0.9657
2020-03-21	AustralianSharesIndexed	0.8987
2020-03-21	OverseasSharesIndexed	1.0441
2020-03-20	CoreStrategy	1.6521
2020-03-20	CapitalStable	3.2858
2020-03-20	Balanced	3.8708
2020-03-20	HighGrowth	5.2498
2020-03-20	Cash	2.2371
2020-03-20	BalancedIndexed	0.9735
2020-03-20	AustralianSharesIndexed	0.927
2020-03-20	OverseasSharesIndexed	1.0458
2020-03-19	CoreStrategy	1.6845
2020-03-19	CapitalStable	3.3204
2020-03-19	Balanced	3.9346
2020-03-19	HighGrowth	5.4039
2020-03-19	Cash	2.2371
2020-03-19	BalancedIndexed	1.0047
2020-03-19	AustralianSharesIndexed	0.9814
2020-03-19	OverseasSharesIndexed	1.0676
2020-03-18	CoreStrategy	1.6568
2020-03-18	CapitalStable	3.293
2020-03-18	Balanced	3.8823
2020-03-18	HighGrowth	5.2764
2020-03-18	Cash	2.2369
2020-03-18	BalancedIndexed	0.9734
2020-03-18	AustralianSharesIndexed	0.941
2020-03-18	OverseasSharesIndexed	1.0124
2020-03-17	CoreStrategy	1.7184
2020-03-17	CapitalStable	3.3594
2020-03-17	Balanced	4.006
2020-03-17	HighGrowth	5.5658
2020-03-17	Cash	2.2366
2020-03-17	BalancedIndexed	1.0378
2020-03-17	AustralianSharesIndexed	1.0282
2020-03-17	OverseasSharesIndexed	1.1032
2020-03-14	CoreStrategy	1.6875
2020-03-14	CapitalStable	3.3306
2020-03-14	Balanced	3.9451
2020-03-14	HighGrowth	5.4117
2020-03-14	Cash	2.2367
2020-03-14	BalancedIndexed	1.0015
2020-03-14	AustralianSharesIndexed	0.9913
2020-03-14	OverseasSharesIndexed	1.0284
2020-03-13	CoreStrategy	1.7292
2020-03-13	CapitalStable	3.3792
2020-03-13	Balanced	4.04
2020-03-13	HighGrowth	5.6484
2020-03-13	Cash	2.2364
2020-03-13	BalancedIndexed	1.0572
2020-03-13	AustralianSharesIndexed	1.0598
2020-03-13	OverseasSharesIndexed	1.0932
2020-03-12	CoreStrategy	1.753
2020-03-12	CapitalStable	3.4057
2020-03-12	Balanced	4.0896
2020-03-12	HighGrowth	5.7676
2020-03-12	Cash	2.2364
2020-03-12	BalancedIndexed	1.084
2020-03-12	AustralianSharesIndexed	1.0893
2020-03-12	OverseasSharesIndexed	1.1378
2020-03-11	CoreStrategy	1.7312
2020-03-11	CapitalStable	3.3834
2020-03-11	Balanced	4.0445
2020-03-11	HighGrowth	5.6563
2020-03-11	Cash	2.2364
2020-03-11	BalancedIndexed	1.06
2020-03-11	AustralianSharesIndexed	1.0605
2020-03-11	OverseasSharesIndexed	1.0824
2020-03-10	CoreStrategy	1.7841
2020-03-10	CapitalStable	3.4345
2020-03-10	Balanced	4.1475
2020-03-10	HighGrowth	5.9219
2020-03-10	Cash	2.2364
2020-03-10	BalancedIndexed	1.1145
2020-03-10	AustralianSharesIndexed	1.1342
2020-03-10	OverseasSharesIndexed	1.1615
2020-03-07	CoreStrategy	1.8027
2020-03-07	CapitalStable	3.4522
2020-03-07	Balanced	4.1834
2020-03-07	HighGrowth	6.0162
2020-03-07	Cash	2.2362
2020-03-07	BalancedIndexed	1.1331
2020-03-07	AustralianSharesIndexed	1.163
2020-03-07	OverseasSharesIndexed	1.1866
2020-03-06	CoreStrategy	1.8056
2020-03-06	CapitalStable	3.455
2020-03-06	Balanced	4.1907
2020-03-06	HighGrowth	6.0373
2020-03-06	Cash	2.2362
2020-03-06	BalancedIndexed	1.1392
2020-03-06	AustralianSharesIndexed	1.1485
2020-03-06	OverseasSharesIndexed	1.2091
2020-03-05	CoreStrategy	1.802
2020-03-05	CapitalStable	3.45
2020-03-05	Balanced	4.1799
2020-03-05	HighGrowth	6.0099
2020-03-05	Cash	2.236
2020-03-05	BalancedIndexed	1.1312
2020-03-05	AustralianSharesIndexed	1.1657
2020-03-05	OverseasSharesIndexed	1.1811
2020-03-04	CoreStrategy	1.8101
2020-03-04	CapitalStable	3.4579
2020-03-04	Balanced	4.195
2020-03-04	HighGrowth	6.0438
2020-03-04	Cash	2.236
2020-03-04	BalancedIndexed	1.1396
2020-03-04	AustralianSharesIndexed	1.1579
2020-03-04	OverseasSharesIndexed	1.2154
2020-03-03	CoreStrategy	1.8072
2020-03-03	CapitalStable	3.4526
2020-03-03	Balanced	4.1851
2020-03-03	HighGrowth	6.0199
2020-03-03	Cash	2.2358
2020-03-03	BalancedIndexed	1.1285
2020-03-03	AustralianSharesIndexed	1.1647
2020-03-03	OverseasSharesIndexed	1.1906
2020-02-29	CoreStrategy	1.8157
2020-02-29	CapitalStable	3.4618
2020-02-29	Balanced	4.2043
2020-02-29	HighGrowth	6.0743
2020-02-29	Cash	2.2356
2020-02-29	BalancedIndexed	1.1413
2020-02-29	AustralianSharesIndexed	1.1996
2020-02-29	OverseasSharesIndexed	1.1864
2020-02-28	CoreStrategy	1.8313
2020-02-28	CapitalStable	3.478
2020-02-28	Balanced	4.2364
2020-02-28	HighGrowth	6.1555
2020-02-28	Cash	2.2356
2020-02-28	BalancedIndexed	1.1618
2020-02-28	AustralianSharesIndexed	1.2073
2020-02-28	OverseasSharesIndexed	1.2307
2020-02-27	CoreStrategy	1.837
2020-02-27	CapitalStable	3.4836
2020-02-27	Balanced	4.2481
2020-02-27	HighGrowth	6.1877
2020-02-27	Cash	2.2354
2020-02-27	BalancedIndexed	1.169
2020-02-27	AustralianSharesIndexed	1.2321
2020-02-27	OverseasSharesIndexed	1.2268
2020-02-26	CoreStrategy	1.8493
2020-02-26	CapitalStable	3.4952
2020-02-26	Balanced	4.2728
2020-02-26	HighGrowth	6.2543
2020-02-26	Cash	2.2354
2020-02-26	BalancedIndexed	1.1866
2020-02-26	AustralianSharesIndexed	1.2496
2020-02-26	OverseasSharesIndexed	1.2547
2020-02-25	CoreStrategy	1.8695
2020-02-25	CapitalStable	3.5136
2020-02-25	Balanced	4.3115
2020-02-25	HighGrowth	6.3587
2020-02-25	Cash	2.2351
2020-02-25	BalancedIndexed	1.2082
2020-02-25	AustralianSharesIndexed	1.2737
2020-02-25	OverseasSharesIndexed	1.2878
2020-02-22	CoreStrategy	1.874
2020-02-22	CapitalStable	3.5177
2020-02-22	Balanced	4.3202
2020-02-22	HighGrowth	6.3822
2020-02-22	Cash	2.2349
2020-02-22	BalancedIndexed	1.2129
2020-02-22	AustralianSharesIndexed	1.2774
2020-02-22	OverseasSharesIndexed	1.2972
2020-02-21	CoreStrategy	1.8711
2020-02-21	CapitalStable	3.5157
2020-02-21	Balanced	4.3163
2020-02-21	HighGrowth	6.3723
2020-02-21	Cash	2.2351
2020-02-21	BalancedIndexed	1.2116
2020-02-21	AustralianSharesIndexed	1.2745
2020-02-21	OverseasSharesIndexed	1.2941
2020-02-20	CoreStrategy	1.8649
2020-02-20	CapitalStable	3.5097
2020-02-20	Balanced	4.3048
2020-02-20	HighGrowth	6.3433
2020-02-20	Cash	2.2349
2020-02-20	BalancedIndexed	1.2061
2020-02-20	AustralianSharesIndexed	1.267
2020-02-20	OverseasSharesIndexed	1.2851
2020-02-19	CoreStrategy	1.8676
2020-02-19	CapitalStable	3.5121
2020-02-19	Balanced	4.3102
2020-02-19	HighGrowth	6.3584
2020-02-19	Cash	2.2349
2020-02-19	BalancedIndexed	1.2074
2020-02-19	AustralianSharesIndexed	1.2686
2020-02-19	OverseasSharesIndexed	1.2864
2020-02-18	CoreStrategy	1.8671
2020-02-18	CapitalStable	3.5115
2020-02-18	Balanced	4.3092
2020-02-18	HighGrowth	6.3564
2020-02-18	Cash	2.2345
2020-02-18	BalancedIndexed	1.2074
2020-02-18	AustralianSharesIndexed	1.2693
2020-02-18	OverseasSharesIndexed	1.2861
2020-02-15	CoreStrategy	1.8652
2020-02-15	CapitalStable	3.5086
2020-02-15	Balanced	4.3049
2020-02-15	HighGrowth	6.3483
2020-02-15	Cash	2.2345
2020-02-15	BalancedIndexed	1.2051
2020-02-15	AustralianSharesIndexed	1.2651
2020-02-15	OverseasSharesIndexed	1.2829
2020-02-14	CoreStrategy	1.8644
2020-02-14	CapitalStable	3.5081
2020-02-14	Balanced	4.304
2020-02-14	HighGrowth	6.3461
2020-02-14	Cash	2.2345
2020-02-14	BalancedIndexed	1.2045
2020-02-14	AustralianSharesIndexed	1.2622
2020-02-14	OverseasSharesIndexed	1.2825
2020-02-13	CoreStrategy	1.8619
2020-02-13	CapitalStable	3.5056
2020-02-13	Balanced	4.2986
2020-02-13	HighGrowth	6.331
2020-02-13	Cash	2.2343
2020-02-13	BalancedIndexed	1.2014
2020-02-13	AustralianSharesIndexed	1.2568
2020-02-13	OverseasSharesIndexed	1.2801
2020-02-12	CoreStrategy	1.8601
2020-02-12	CapitalStable	3.5033
2020-02-12	Balanced	4.2945
2020-02-12	HighGrowth	6.3205
2020-02-12	Cash	2.2343
2020-02-12	BalancedIndexed	1.1997
2020-02-12	AustralianSharesIndexed	1.2498
2020-02-12	OverseasSharesIndexed	1.2838
2020-02-11	CoreStrategy	1.8604
2020-02-11	CapitalStable	3.5028
2020-02-11	Balanced	4.2942
2020-02-11	HighGrowth	6.3212
2020-02-11	Cash	2.2338
2020-02-11	BalancedIndexed	1.1974
2020-02-11	AustralianSharesIndexed	1.2514
2020-02-11	OverseasSharesIndexed	1.2779
2020-02-08	CoreStrategy	1.8633
2020-02-08	CapitalStable	3.506
2020-02-08	Balanced	4.3002
2020-02-08	HighGrowth	6.3372
2020-02-08	Cash	2.2338
2020-02-08	BalancedIndexed	1.1984
2020-02-08	AustralianSharesIndexed	1.2556
2020-02-08	OverseasSharesIndexed	1.2748
2020-02-07	CoreStrategy	1.8577
2020-02-07	CapitalStable	3.5016
2020-02-07	Balanced	4.2903
2020-02-07	HighGrowth	6.3089
2020-02-07	Cash	2.2338
2020-02-07	BalancedIndexed	1.1927
2020-02-07	AustralianSharesIndexed	1.2441
2020-02-07	OverseasSharesIndexed	1.2681
2020-02-06	CoreStrategy	1.8532
2020-02-06	CapitalStable	3.4978
2020-02-06	Balanced	4.2816
2020-02-06	HighGrowth	6.2844
2020-02-06	Cash	2.2338
2020-02-06	BalancedIndexed	1.1882
2020-02-06	AustralianSharesIndexed	1.2397
2020-02-06	OverseasSharesIndexed	1.2605
2020-02-05	CoreStrategy	1.8468
2020-02-05	CapitalStable	3.4908
2020-02-05	Balanced	4.268
2020-02-05	HighGrowth	6.2498
2020-02-05	Cash	2.2338
2020-02-05	BalancedIndexed	1.1816
2020-02-05	AustralianSharesIndexed	1.2355
2020-02-05	OverseasSharesIndexed	1.2501
2020-02-04	CoreStrategy	1.8506
2020-02-04	CapitalStable	3.4934
2020-02-04	Balanced	4.2733
2020-02-04	HighGrowth	6.2648
2020-02-04	Cash	2.2334
2020-02-04	BalancedIndexed	1.1835
2020-02-04	AustralianSharesIndexed	1.2506
2020-02-04	OverseasSharesIndexed	1.2456
2020-02-01	CoreStrategy	1.8546
2020-02-01	CapitalStable	3.4972
2020-02-01	Balanced	4.2821
2020-02-01	HighGrowth	6.2895
2020-02-01	Cash	2.2334
2020-02-01	BalancedIndexed	1.189
2020-02-01	AustralianSharesIndexed	1.2489
2020-02-01	OverseasSharesIndexed	1.2582
2020-01-31	CoreStrategy	1.8556
2020-01-31	CapitalStable	3.4982
2020-01-31	Balanced	4.2846
2020-01-31	HighGrowth	6.298
2020-01-31	Cash	2.2332
2020-01-31	BalancedIndexed	1.1887
2020-01-31	AustralianSharesIndexed	1.2528
2020-01-31	OverseasSharesIndexed	1.2526
2020-01-30	CoreStrategy	1.8536
2020-01-30	CapitalStable	3.4956
2020-01-30	Balanced	4.2811
2020-01-30	HighGrowth	6.291
2020-01-30	Cash	2.2332
2020-01-30	BalancedIndexed	1.1865
2020-01-30	AustralianSharesIndexed	1.2469
2020-01-30	OverseasSharesIndexed	1.2502
2020-01-29	CoreStrategy	1.8556
2020-01-29	CapitalStable	3.4961
2020-01-29	Balanced	4.2824
2020-01-29	HighGrowth	6.2965
2020-01-29	Cash	2.2332
2020-01-29	BalancedIndexed	1.1865
2020-01-29	AustralianSharesIndexed	1.2624
2020-01-29	OverseasSharesIndexed	1.2409
2020-01-25	CoreStrategy	1.8582
2020-01-25	CapitalStable	3.4995
2020-01-25	Balanced	4.2907
2020-01-25	HighGrowth	6.3209
2020-01-25	Cash	2.2328
2020-01-25	BalancedIndexed	1.1922
2020-01-25	AustralianSharesIndexed	1.2617
2020-01-25	OverseasSharesIndexed	1.2499
2020-01-24	CoreStrategy	1.8633
2020-01-24	CapitalStable	3.5037
2020-01-24	Balanced	4.2996
2020-01-24	HighGrowth	6.3453
2020-01-24	Cash	2.2325
2020-01-24	BalancedIndexed	1.1951
2020-01-24	AustralianSharesIndexed	1.2687
2020-01-24	OverseasSharesIndexed	1.253
2020-01-23	CoreStrategy	1.8591
2020-01-23	CapitalStable	3.4994
2020-01-23	Balanced	4.2918
2020-01-23	HighGrowth	6.3262
2020-01-23	Cash	2.2325
2020-01-23	BalancedIndexed	1.1908
2020-01-23	AustralianSharesIndexed	1.2581
2020-01-23	OverseasSharesIndexed	1.2494
2020-01-22	CoreStrategy	1.8619
2020-01-22	CapitalStable	3.5019
2020-01-22	Balanced	4.2972
2020-01-22	HighGrowth	6.3411
2020-01-22	Cash	2.2325
2020-01-22	BalancedIndexed	1.192
2020-01-22	AustralianSharesIndexed	1.2602
2020-01-22	OverseasSharesIndexed	1.2508
2020-01-21	CoreStrategy	1.8613
2020-01-21	CapitalStable	3.501
2020-01-21	Balanced	4.2959
2020-01-21	HighGrowth	6.3389
2020-01-21	Cash	2.2323
2020-01-21	BalancedIndexed	1.1907
2020-01-21	AustralianSharesIndexed	1.2577
2020-01-21	OverseasSharesIndexed	1.2489
2020-01-18	CoreStrategy	1.8576
2020-01-18	CapitalStable	3.4974
2020-01-18	Balanced	4.2889
2020-01-18	HighGrowth	6.321
2020-01-18	Cash	2.2323
2020-01-18	BalancedIndexed	1.1869
2020-01-18	AustralianSharesIndexed	1.2542
2020-01-18	OverseasSharesIndexed	1.2412
2020-01-17	CoreStrategy	1.8542
2020-01-17	CapitalStable	3.4947
2020-01-17	Balanced	4.283
2020-01-17	HighGrowth	6.304
2020-01-17	Cash	2.2321
2020-01-17	BalancedIndexed	1.1816
2020-01-17	AustralianSharesIndexed	1.2469
2020-01-17	OverseasSharesIndexed	1.2336
2020-01-16	CoreStrategy	1.8522
2020-01-16	CapitalStable	3.4927
2020-01-16	Balanced	4.2795
2020-01-16	HighGrowth	6.2953
2020-01-16	Cash	2.2321
2020-01-16	BalancedIndexed	1.1791
2020-01-16	AustralianSharesIndexed	1.2414
2020-01-16	OverseasSharesIndexed	1.2326
2020-01-15	CoreStrategy	1.8489
2020-01-15	CapitalStable	3.4897
2020-01-15	Balanced	4.2737
2020-01-15	HighGrowth	6.2804
2020-01-15	Cash	2.2321
2020-01-15	BalancedIndexed	1.1764
2020-01-15	AustralianSharesIndexed	1.2322
2020-01-15	OverseasSharesIndexed	1.2319
2020-01-14	CoreStrategy	1.8482
2020-01-14	CapitalStable	3.4887
2020-01-14	Balanced	4.2716
2020-01-14	HighGrowth	6.2752
2020-01-14	Cash	2.2317
2020-01-14	BalancedIndexed	1.175
2020-01-14	AustralianSharesIndexed	1.2359
2020-01-14	OverseasSharesIndexed	1.2266
2020-01-11	CoreStrategy	1.8498
2020-01-11	CapitalStable	3.4904
2020-01-11	Balanced	4.2746
2020-01-11	HighGrowth	6.2812
2020-01-11	Cash	2.2317
2020-01-11	BalancedIndexed	1.1748
2020-01-11	AustralianSharesIndexed	1.2273
2020-01-11	OverseasSharesIndexed	1.2366
2020-01-10	CoreStrategy	1.8444
2020-01-10	CapitalStable	3.4851
2020-01-10	Balanced	4.2643
2020-01-10	HighGrowth	6.2543
2020-01-10	Cash	2.2314
2020-01-10	BalancedIndexed	1.1697
2020-01-10	AustralianSharesIndexed	1.2182
2020-01-10	OverseasSharesIndexed	1.2299
2020-01-09	CoreStrategy	1.8413
2020-01-09	CapitalStable	3.4808
2020-01-09	Balanced	4.2577
2020-01-09	HighGrowth	6.2415
2020-01-09	Cash	2.2314
2020-01-09	BalancedIndexed	1.1688
2020-01-09	AustralianSharesIndexed	1.2198
2020-01-09	OverseasSharesIndexed	1.226
2020-01-08	CoreStrategy	1.8335
2020-01-08	CapitalStable	3.4737
2020-01-08	Balanced	4.2438
2020-01-08	HighGrowth	6.2062
2020-01-08	Cash	2.2312
2020-01-08	BalancedIndexed	1.163
2020-01-08	AustralianSharesIndexed	1.2065
2020-01-08	OverseasSharesIndexed	1.2174
2020-01-07	CoreStrategy	1.8323
2020-01-07	CapitalStable	3.4703
2020-01-07	Balanced	4.24
2020-01-07	HighGrowth	6.2017
2020-01-07	Cash	2.2312
2020-01-07	BalancedIndexed	1.1616
2020-01-07	AustralianSharesIndexed	1.2061
2020-01-07	OverseasSharesIndexed	1.213
2020-01-04	CoreStrategy	1.8281
2020-01-04	CapitalStable	3.466
2020-01-04	Balanced	4.2339
2020-01-04	HighGrowth	6.191
2020-01-04	Cash	2.2312
2020-01-04	BalancedIndexed	1.1595
2020-01-04	AustralianSharesIndexed	1.1991
2020-01-04	OverseasSharesIndexed	1.2118
2020-01-03	CoreStrategy	1.8231
2020-01-03	CapitalStable	3.4612
2020-01-03	Balanced	4.2239
2020-01-03	HighGrowth	6.1653
2020-01-03	Cash	2.231
2020-01-03	BalancedIndexed	1.1545
2020-01-03	AustralianSharesIndexed	1.1984
2020-01-03	OverseasSharesIndexed	1.1993
2020-01-01	CoreStrategy	1.8287
2020-01-01	CapitalStable	3.4656
2020-01-01	Balanced	4.2334
2020-01-01	HighGrowth	6.192
2020-01-01	Cash	2.2308
2020-01-01	BalancedIndexed	1.1607
2020-01-01	AustralianSharesIndexed	1.2172
2020-01-01	OverseasSharesIndexed	1.2017
2019-12-31	CoreStrategy	1.8311
2019-12-31	CapitalStable	3.4678
2019-12-31	Balanced	4.2381
2019-12-31	HighGrowth	6.2043
2019-12-31	Cash	2.2306
2019-12-31	BalancedIndexed	1.1639
2019-12-31	AustralianSharesIndexed	1.2174
2019-12-31	OverseasSharesIndexed	1.2092
2019-12-28	CoreStrategy	1.8308
2019-12-28	CapitalStable	3.4673
2019-12-28	Balanced	4.2373
2019-12-28	HighGrowth	6.202
2019-12-28	Cash	2.2306
2019-12-28	BalancedIndexed	1.1633
2019-12-28	AustralianSharesIndexed	1.2128
2019-12-28	OverseasSharesIndexed	1.214
2019-12-25	CoreStrategy	1.8299
2019-12-25	CapitalStable	3.466
2019-12-25	Balanced	4.2355
2019-12-25	HighGrowth	6.1985
2019-12-25	Cash	2.2301
2019-12-25	BalancedIndexed	1.1626
2019-12-25	AustralianSharesIndexed	1.211
2019-12-25	OverseasSharesIndexed	1.2129
2019-12-24	CoreStrategy	1.8315
2019-12-24	CapitalStable	3.4675
2019-12-24	Balanced	4.2382
2019-12-24	HighGrowth	6.2051
2019-12-24	Cash	2.2301
2019-12-24	BalancedIndexed	1.1641
2019-12-24	AustralianSharesIndexed	1.2159
2019-12-24	OverseasSharesIndexed	1.2144
2019-12-21	CoreStrategy	1.8328
2019-12-21	CapitalStable	3.4687
2019-12-21	Balanced	4.2399
2019-12-21	HighGrowth	6.2085
2019-12-21	Cash	2.2299
2019-12-21	BalancedIndexed	1.1634
2019-12-21	AustralianSharesIndexed	1.2184
2019-12-21	OverseasSharesIndexed	1.214
2019-12-20	CoreStrategy	1.8336
2019-12-20	CapitalStable	3.4697
2019-12-20	Balanced	4.2413
2019-12-20	HighGrowth	6.2111
2019-12-20	Cash	2.2299
2019-12-20	BalancedIndexed	1.1635
2019-12-20	AustralianSharesIndexed	1.221
2019-12-20	OverseasSharesIndexed	1.2133
2019-12-19	CoreStrategy	1.8344
2019-12-19	CapitalStable	3.4702
2019-12-19	Balanced	4.2425
2019-12-19	HighGrowth	6.2142
2019-12-19	Cash	2.2299
2019-12-19	BalancedIndexed	1.1643
2019-12-19	AustralianSharesIndexed	1.2203
2019-12-19	OverseasSharesIndexed	1.2158
2019-12-18	CoreStrategy	1.8318
2019-12-18	CapitalStable	3.4676
2019-12-18	Balanced	4.2379
2019-12-18	HighGrowth	6.2039
2019-12-18	Cash	2.2297
2019-12-18	BalancedIndexed	1.1637
2019-12-18	AustralianSharesIndexed	1.2205
2019-12-18	OverseasSharesIndexed	1.2098
2019-12-17	CoreStrategy	1.8258
2019-12-17	CapitalStable	3.4622
2019-12-17	Balanced	4.2264
2019-12-17	HighGrowth	6.1726
2019-12-17	Cash	2.2295
2019-12-17	BalancedIndexed	1.1551
2019-12-17	AustralianSharesIndexed	1.203
2019-12-17	OverseasSharesIndexed	1.2052
2019-12-14	CoreStrategy	1.8167
2019-12-14	CapitalStable	3.4532
2019-12-14	Balanced	4.2099
2019-12-14	HighGrowth	6.1325
2019-12-14	Cash	2.2293
2019-12-14	BalancedIndexed	1.1516
2019-12-14	AustralianSharesIndexed	1.1981
2019-12-14	OverseasSharesIndexed	1.1959
2019-12-13	CoreStrategy	1.8171
2019-12-13	CapitalStable	3.4535
2019-12-13	Balanced	4.2098
2019-12-13	HighGrowth	6.1311
2019-12-13	Cash	2.2293
2019-12-13	BalancedIndexed	1.1517
2019-12-13	AustralianSharesIndexed	1.2049
2019-12-13	OverseasSharesIndexed	1.1965
2019-12-12	CoreStrategy	1.8149
2019-12-12	CapitalStable	3.4506
2019-12-12	Balanced	4.2052
2019-12-12	HighGrowth	6.1203
2019-12-12	Cash	2.2293
2019-12-12	BalancedIndexed	1.1495
2019-12-12	AustralianSharesIndexed	1.1978
2019-12-12	OverseasSharesIndexed	1.2015
2019-12-11	CoreStrategy	1.8146
2019-12-11	CapitalStable	3.4503
2019-12-11	Balanced	4.2047
2019-12-11	HighGrowth	6.1201
2019-12-11	Cash	2.229
2019-12-11	BalancedIndexed	1.1505
2019-12-11	AustralianSharesIndexed	1.2014
2019-12-11	OverseasSharesIndexed	1.1994
2019-12-10	CoreStrategy	1.8141
2019-12-10	CapitalStable	3.4496
2019-12-10	Balanced	4.204
2019-12-10	HighGrowth	6.1189
2019-12-10	Cash	2.2288
2019-12-10	BalancedIndexed	1.1505
2019-12-10	AustralianSharesIndexed	1.1978
2019-12-10	OverseasSharesIndexed	1.2012
2019-12-07	CoreStrategy	1.8099
2019-12-07	CapitalStable	3.4452
2019-12-07	Balanced	4.1952
2019-12-07	HighGrowth	6.0962
2019-12-07	Cash	2.2288
2019-12-07	BalancedIndexed	1.1459
2019-12-07	AustralianSharesIndexed	1.194
2019-12-07	OverseasSharesIndexed	1.1936
2019-12-06	CoreStrategy	1.8043
2019-12-06	CapitalStable	3.4392
2019-12-06	Balanced	4.1845
2019-12-06	HighGrowth	6.0704
2019-12-06	Cash	2.2288
2019-12-06	BalancedIndexed	1.1416
2019-12-06	AustralianSharesIndexed	1.1818
2019-12-06	OverseasSharesIndexed	1.1878
2019-12-05	CoreStrategy	1.8072
2019-12-05	CapitalStable	3.4412
2019-12-05	Balanced	4.1887
2019-12-05	HighGrowth	6.0826
2019-12-05	Cash	2.2286
2019-12-05	BalancedIndexed	1.1434
2019-12-05	AustralianSharesIndexed	1.1985
2019-12-05	OverseasSharesIndexed	1.1834
2019-12-04	CoreStrategy	1.8148
2019-12-04	CapitalStable	3.4493
2019-12-04	Balanced	4.2048
2019-12-04	HighGrowth	6.1252
2019-12-04	Cash	2.2286
2019-12-04	BalancedIndexed	1.1536
2019-12-04	AustralianSharesIndexed	1.2221
2019-12-04	OverseasSharesIndexed	1.1933
2019-12-03	CoreStrategy	1.8197
2019-12-03	CapitalStable	3.454
2019-12-03	Balanced	4.2139
2019-12-03	HighGrowth	6.1476
2019-12-03	Cash	2.2284
2019-12-03	BalancedIndexed	1.1581
2019-12-03	AustralianSharesIndexed	1.2194
2019-12-03	OverseasSharesIndexed	1.2091
2019-11-30	CoreStrategy	1.8222
2019-11-30	CapitalStable	3.4562
2019-11-30	Balanced	4.219
2019-11-30	HighGrowth	6.1618
2019-11-30	Cash	2.2282
2019-11-30	BalancedIndexed	1.1611
2019-11-30	AustralianSharesIndexed	1.2221
2019-11-30	OverseasSharesIndexed	1.2135
2019-11-29	CoreStrategy	1.8202
2019-11-29	CapitalStable	3.4541
2019-11-29	Balanced	4.2155
2019-11-29	HighGrowth	6.1539
2019-11-29	Cash	2.2282
2019-11-29	BalancedIndexed	1.1602
2019-11-29	AustralianSharesIndexed	1.2196
2019-11-29	OverseasSharesIndexed	1.2113
2019-11-28	CoreStrategy	1.8157
2019-11-28	CapitalStable	3.4495
2019-11-28	Balanced	4.2066
2019-11-28	HighGrowth	6.1311
2019-11-28	Cash	2.228
2019-11-28	BalancedIndexed	1.1552
2019-11-28	AustralianSharesIndexed	1.2096
2019-11-28	OverseasSharesIndexed	1.207
2019-11-27	CoreStrategy	1.8141
2019-11-27	CapitalStable	3.4479
2019-11-27	Balanced	4.2034
2019-11-27	HighGrowth	6.1223
2019-11-27	Cash	2.228
2019-11-27	BalancedIndexed	1.1516
2019-11-27	AustralianSharesIndexed	1.2006
2019-11-27	OverseasSharesIndexed	1.2071
2019-11-26	CoreStrategy	1.8091
2019-11-26	CapitalStable	3.4431
2019-11-26	Balanced	4.1936
2019-11-26	HighGrowth	6.097
2019-11-26	Cash	2.2277
2019-11-26	BalancedIndexed	1.1466
2019-11-26	AustralianSharesIndexed	1.1971
2019-11-26	OverseasSharesIndexed	1.1968
2019-11-23	CoreStrategy	1.8056
2019-11-23	CapitalStable	3.4397
2019-11-23	Balanced	4.1869
2019-11-23	HighGrowth	6.0798
2019-11-23	Cash	2.2275
2019-11-23	BalancedIndexed	1.144
2019-11-23	AustralianSharesIndexed	1.1913
2019-11-23	OverseasSharesIndexed	1.1936
2019-11-22	CoreStrategy	1.8089
2019-11-22	CapitalStable	3.4423
2019-11-22	Balanced	4.1926
2019-11-22	HighGrowth	6.0959
2019-11-22	Cash	2.2277
2019-11-22	BalancedIndexed	1.1476
2019-11-22	AustralianSharesIndexed	1.1993
2019-11-22	OverseasSharesIndexed	1.1951
2019-11-21	CoreStrategy	1.812
2019-11-21	CapitalStable	3.4452
2019-11-21	Balanced	4.199
2019-11-21	HighGrowth	6.1141
2019-11-21	Cash	2.2275
2019-11-21	BalancedIndexed	1.1529
2019-11-21	AustralianSharesIndexed	1.2134
2019-11-21	OverseasSharesIndexed	1.1975
2019-11-20	CoreStrategy	1.8103
2019-11-20	CapitalStable	3.4438
2019-11-20	Balanced	4.196
2019-11-20	HighGrowth	6.1055
2019-11-20	Cash	2.2275
2019-11-20	BalancedIndexed	1.1492
2019-11-20	AustralianSharesIndexed	1.2061
2019-11-20	OverseasSharesIndexed	1.196
2019-11-19	CoreStrategy	1.8112
2019-11-19	CapitalStable	3.4445
2019-11-19	Balanced	4.1974
2019-11-19	HighGrowth	6.1094
2019-11-19	Cash	2.2273
2019-11-19	BalancedIndexed	1.1506
2019-11-19	AustralianSharesIndexed	1.2103
2019-11-19	OverseasSharesIndexed	1.1961
2019-11-16	CoreStrategy	1.8078
2019-11-16	CapitalStable	3.44
2019-11-16	Balanced	4.1898
2019-11-16	HighGrowth	6.0915
2019-11-16	Cash	2.2271
2019-11-16	BalancedIndexed	1.1423
2019-11-16	AustralianSharesIndexed	1.2009
2019-11-16	OverseasSharesIndexed	1.1868
2019-11-15	CoreStrategy	1.8033
2019-11-15	CapitalStable	3.4355
2019-11-15	Balanced	4.1817
2019-11-15	HighGrowth	6.073
2019-11-15	Cash	2.2271
2019-11-15	BalancedIndexed	1.141
2019-11-15	AustralianSharesIndexed	1.1936
2019-11-15	OverseasSharesIndexed	1.1857
2019-11-14	CoreStrategy	1.8061
2019-11-14	CapitalStable	3.4391
2019-11-14	Balanced	4.188
2019-11-14	HighGrowth	6.0868
2019-11-14	Cash	2.2269
2019-11-14	BalancedIndexed	1.1423
2019-11-14	AustralianSharesIndexed	1.2022
2019-11-14	OverseasSharesIndexed	1.1829
2019-11-13	CoreStrategy	1.8054
2019-11-13	CapitalStable	3.4388
2019-11-13	Balanced	4.187
2019-11-13	HighGrowth	6.0839
2019-11-13	Cash	2.2269
2019-11-13	BalancedIndexed	1.14
2019-11-13	AustralianSharesIndexed	1.1942
2019-11-13	OverseasSharesIndexed	1.1826
2019-11-12	CoreStrategy	1.804
2019-11-12	CapitalStable	3.4379
2019-11-12	Balanced	4.1851
2019-11-12	HighGrowth	6.0779
2019-11-12	Cash	2.2264
2019-11-12	BalancedIndexed	1.1393
2019-11-12	AustralianSharesIndexed	1.1947
2019-11-12	OverseasSharesIndexed	1.1774
2019-11-09	CoreStrategy	1.8022
2019-11-09	CapitalStable	3.4367
2019-11-09	Balanced	4.1826
2019-11-09	HighGrowth	6.0716
2019-11-09	Cash	2.2264
2019-11-09	BalancedIndexed	1.135
2019-11-09	AustralianSharesIndexed	1.1842
2019-11-09	OverseasSharesIndexed	1.1737
2019-11-08	CoreStrategy	1.7978
2019-11-08	CapitalStable	3.4326
2019-11-08	Balanced	4.1738
2019-11-08	HighGrowth	6.0479
2019-11-08	Cash	2.2264
2019-11-08	BalancedIndexed	1.1366
2019-11-08	AustralianSharesIndexed	1.19
2019-11-08	OverseasSharesIndexed	1.172
2019-11-07	CoreStrategy	1.7986
2019-11-07	CapitalStable	3.4332
2019-11-07	Balanced	4.1756
2019-11-07	HighGrowth	6.0534
2019-11-07	Cash	2.2264
2019-11-07	BalancedIndexed	1.1368
2019-11-07	AustralianSharesIndexed	1.1883
2019-11-07	OverseasSharesIndexed	1.1723
2019-11-06	CoreStrategy	1.7979
2019-11-06	CapitalStable	3.4331
2019-11-06	Balanced	4.1745
2019-11-06	HighGrowth	6.049
2019-11-06	Cash	2.2264
2019-11-06	BalancedIndexed	1.1335
2019-11-06	AustralianSharesIndexed	1.1853
2019-11-06	OverseasSharesIndexed	1.1659
2019-11-05	CoreStrategy	1.7946
2019-11-05	CapitalStable	3.4304
2019-11-05	Balanced	4.1677
2019-11-05	HighGrowth	6.0288
2019-11-05	Cash	2.2262
2019-11-05	BalancedIndexed	1.1312
2019-11-05	AustralianSharesIndexed	1.1845
2019-11-05	OverseasSharesIndexed	1.1607
2019-11-02	CoreStrategy	1.7917
2019-11-02	CapitalStable	3.4272
2019-11-02	Balanced	4.1613
2019-11-02	HighGrowth	6.0127
2019-11-02	Cash	2.226
2019-11-02	BalancedIndexed	1.1325
2019-11-02	AustralianSharesIndexed	1.188
2019-11-02	OverseasSharesIndexed	1.1649
2019-11-01	CoreStrategy	1.794
2019-11-01	CapitalStable	3.4293
2019-11-01	Balanced	4.1662
2019-11-01	HighGrowth	6.0261
2019-11-01	Cash	2.226
2019-11-01	BalancedIndexed	1.1341
2019-11-01	AustralianSharesIndexed	1.1966
2019-11-01	OverseasSharesIndexed	1.1638
2019-10-31	CoreStrategy	1.7957
2019-10-31	CapitalStable	3.4311
2019-10-31	Balanced	4.1694
2019-10-31	HighGrowth	6.0338
2019-10-31	Cash	2.226
2019-10-31	BalancedIndexed	1.1357
2019-10-31	AustralianSharesIndexed	1.1956
2019-10-31	OverseasSharesIndexed	1.1671
2019-10-30	CoreStrategy	1.7959
2019-10-30	CapitalStable	3.4316
2019-10-30	Balanced	4.17
2019-10-30	HighGrowth	6.0342
2019-10-30	Cash	2.2257
2019-10-30	BalancedIndexed	1.1339
2019-10-30	AustralianSharesIndexed	1.1955
2019-10-30	OverseasSharesIndexed	1.1642
2019-10-29	CoreStrategy	1.7944
2019-10-29	CapitalStable	3.43
2019-10-29	Balanced	4.1666
2019-10-29	HighGrowth	6.0254
2019-10-29	Cash	2.2255
2019-10-29	BalancedIndexed	1.1302
2019-10-29	AustralianSharesIndexed	1.1883
2019-10-29	OverseasSharesIndexed	1.1618
2019-10-26	CoreStrategy	1.7931
2019-10-26	CapitalStable	3.4283
2019-10-26	Balanced	4.1633
2019-10-26	HighGrowth	6.0168
2019-10-26	Cash	2.2253
2019-10-26	BalancedIndexed	1.1259
2019-10-26	AustralianSharesIndexed	1.1851
2019-10-26	OverseasSharesIndexed	1.155
2019-10-25	CoreStrategy	1.7898
2019-10-25	CapitalStable	3.4247
2019-10-25	Balanced	4.1568
2019-10-25	HighGrowth	6.0016
2019-10-25	Cash	2.2253
2019-10-25	BalancedIndexed	1.1239
2019-10-25	AustralianSharesIndexed	1.1852
2019-10-25	OverseasSharesIndexed	1.1507
2019-10-24	CoreStrategy	1.7888
2019-10-24	CapitalStable	3.4234
2019-10-24	Balanced	4.1546
2019-10-24	HighGrowth	5.9969
2019-10-24	Cash	2.2253
2019-10-24	BalancedIndexed	1.1251
2019-10-24	AustralianSharesIndexed	1.1819
2019-10-24	OverseasSharesIndexed	1.1531
2019-10-23	CoreStrategy	1.7877
2019-10-23	CapitalStable	3.4227
2019-10-23	Balanced	4.153
2019-10-23	HighGrowth	5.9922
2019-10-23	Cash	2.2251
2019-10-23	BalancedIndexed	1.1229
2019-10-23	AustralianSharesIndexed	1.1814
2019-10-23	OverseasSharesIndexed	1.1484
2019-10-22	CoreStrategy	1.7859
2019-10-22	CapitalStable	3.4209
2019-10-22	Balanced	4.149
2019-10-22	HighGrowth	5.9812
2019-10-22	Cash	2.2251
2019-10-22	BalancedIndexed	1.1277
2019-10-22	AustralianSharesIndexed	1.1867
2019-10-22	OverseasSharesIndexed	1.1564
2019-10-19	CoreStrategy	1.7895
2019-10-19	CapitalStable	3.4248
2019-10-19	Balanced	4.1565
2019-10-19	HighGrowth	5.9996
2019-10-19	Cash	2.2249
2019-10-19	BalancedIndexed	1.133
2019-10-19	AustralianSharesIndexed	1.1948
2019-10-19	OverseasSharesIndexed	1.1646
2019-10-18	CoreStrategy	1.7936
2019-10-18	CapitalStable	3.4288
2019-10-18	Balanced	4.1636
2019-10-18	HighGrowth	6.0161
2019-10-18	Cash	2.2249
2019-10-18	BalancedIndexed	1.1264
2019-10-18	AustralianSharesIndexed	1.1815
2019-10-18	OverseasSharesIndexed	1.1624
2019-10-17	CoreStrategy	1.7891
2019-10-17	CapitalStable	3.4248
2019-10-17	Balanced	4.1556
2019-10-17	HighGrowth	5.9952
2019-10-17	Cash	2.2246
2019-10-17	BalancedIndexed	1.1218
2019-10-17	AustralianSharesIndexed	1.1801
2019-10-17	OverseasSharesIndexed	1.1517
2019-10-16	CoreStrategy	1.7857
2019-10-16	CapitalStable	3.4211
2019-10-16	Balanced	4.1478
2019-10-16	HighGrowth	5.9753
2019-10-16	Cash	2.2246
2019-10-16	BalancedIndexed	1.12
2019-10-16	AustralianSharesIndexed	1.1745
2019-10-16	OverseasSharesIndexed	1.1493
2019-10-15	CoreStrategy	1.7821
2019-10-15	CapitalStable	3.4191
2019-10-15	Balanced	4.143
2019-10-15	HighGrowth	5.9605
2019-10-15	Cash	2.2244
2019-10-15	BalancedIndexed	1.1157
2019-10-15	AustralianSharesIndexed	1.1651
2019-10-15	OverseasSharesIndexed	1.1412
2019-10-12	CoreStrategy	1.7743
2019-10-12	CapitalStable	3.4109
2019-10-12	Balanced	4.1268
2019-10-12	HighGrowth	5.919
2019-10-12	Cash	2.2242
2019-10-12	BalancedIndexed	1.1142
2019-10-12	AustralianSharesIndexed	1.1651
2019-10-12	OverseasSharesIndexed	1.1392
2019-10-11	CoreStrategy	1.7741
2019-10-11	CapitalStable	3.41
2019-10-11	Balanced	4.1246
2019-10-11	HighGrowth	5.913
2019-10-11	Cash	2.2242
2019-10-11	BalancedIndexed	1.1118
2019-10-11	AustralianSharesIndexed	1.1724
2019-10-11	OverseasSharesIndexed	1.1311
2019-10-10	CoreStrategy	1.7732
2019-10-10	CapitalStable	3.4092
2019-10-10	Balanced	4.1224
2019-10-10	HighGrowth	5.9075
2019-10-10	Cash	2.224
2019-10-10	BalancedIndexed	1.1133
2019-10-10	AustralianSharesIndexed	1.1603
2019-10-10	OverseasSharesIndexed	1.1422
2019-10-09	CoreStrategy	1.7753
2019-10-09	CapitalStable	3.4111
2019-10-09	Balanced	4.1276
2019-10-09	HighGrowth	5.9223
2019-10-09	Cash	2.224
2019-10-09	BalancedIndexed	1.1082
2019-10-09	AustralianSharesIndexed	1.1565
2019-10-09	OverseasSharesIndexed	1.1337
2019-10-08	CoreStrategy	1.7735
2019-10-08	CapitalStable	3.4092
2019-10-08	Balanced	4.1243
2019-10-08	HighGrowth	5.9143
2019-10-08	Cash	2.224
2019-10-08	BalancedIndexed	1.1087
2019-10-08	AustralianSharesIndexed	1.1564
2019-10-08	OverseasSharesIndexed	1.1337
2019-10-05	CoreStrategy	1.7691
2019-10-05	CapitalStable	3.403
2019-10-05	Balanced	4.1137
2019-10-05	HighGrowth	5.8906
2019-10-05	Cash	2.2238
2019-10-05	BalancedIndexed	1.115
2019-10-05	AustralianSharesIndexed	1.1793
2019-10-05	OverseasSharesIndexed	1.1355
2019-10-04	CoreStrategy	1.7754
2019-10-04	CapitalStable	3.4072
2019-10-04	Balanced	4.1227
2019-10-04	HighGrowth	5.9162
2019-10-04	Cash	2.2236
2019-10-04	BalancedIndexed	1.1264
2019-10-04	AustralianSharesIndexed	1.195
2019-10-04	OverseasSharesIndexed	1.1542
2019-10-03	CoreStrategy	1.7867
2019-10-03	CapitalStable	3.4176
2019-10-03	Balanced	4.1448
2019-10-03	HighGrowth	5.9753
2019-10-03	Cash	2.2236
2019-10-03	BalancedIndexed	1.1251
2019-10-03	AustralianSharesIndexed	1.1866
2019-10-03	OverseasSharesIndexed	1.1568
2019-10-02	CoreStrategy	1.7863
2019-10-02	CapitalStable	3.4179
2019-10-02	Balanced	4.1463
2019-10-02	HighGrowth	5.9792
2019-10-02	Cash	2.2233
2019-10-02	BalancedIndexed	1.1255
2019-10-02	AustralianSharesIndexed	1.1916
2019-10-02	OverseasSharesIndexed	1.1502
2019-10-01	CoreStrategy	1.7843
2019-10-01	CapitalStable	3.416
2019-10-01	Balanced	4.1429
2019-10-01	HighGrowth	5.9712
2019-10-01	Cash	2.2231
2019-10-01	BalancedIndexed	1.1269
2019-10-01	AustralianSharesIndexed	1.1854
2019-10-01	OverseasSharesIndexed	1.1555
2019-09-28	CoreStrategy	1.7846
2019-09-28	CapitalStable	3.4166
2019-09-28	Balanced	4.1441
2019-09-28	HighGrowth	5.9735
2019-09-28	Cash	2.2229
2019-09-28	BalancedIndexed	1.1286
2019-09-28	AustralianSharesIndexed	1.19
2019-09-28	OverseasSharesIndexed	1.1569
2019-09-27	CoreStrategy	1.7851
2019-09-27	CapitalStable	3.4168
2019-09-27	Balanced	4.1447
2019-09-27	HighGrowth	5.9761
2019-09-27	Cash	2.2229
2019-09-27	BalancedIndexed	1.1264
2019-09-27	AustralianSharesIndexed	1.1955
2019-09-27	OverseasSharesIndexed	1.1493
2019-09-26	CoreStrategy	1.7856
2019-09-26	CapitalStable	3.4173
2019-09-26	Balanced	4.1459
2019-09-26	HighGrowth	5.9793
2019-09-26	Cash	2.2227
2019-09-26	BalancedIndexed	1.131
2019-09-26	AustralianSharesIndexed	1.1956
2019-09-26	OverseasSharesIndexed	1.1581
2019-09-25	CoreStrategy	1.7891
2019-09-25	CapitalStable	3.4197
2019-09-25	Balanced	4.1518
2019-09-25	HighGrowth	5.9964
2019-09-25	Cash	2.2227
2019-09-25	BalancedIndexed	1.13
2019-09-25	AustralianSharesIndexed	1.1925
2019-09-25	OverseasSharesIndexed	1.1598
2019-09-24	CoreStrategy	1.7898
2019-09-24	CapitalStable	3.4201
2019-09-24	Balanced	4.1532
2019-09-24	HighGrowth	6.0007
2019-09-24	Cash	2.2225
2019-09-24	BalancedIndexed	1.1289
2019-09-24	AustralianSharesIndexed	1.1903
2019-09-24	OverseasSharesIndexed	1.1593
2019-09-21	CoreStrategy	1.7876
2019-09-21	CapitalStable	3.4177
2019-09-21	Balanced	4.1499
2019-09-21	HighGrowth	5.9941
2019-09-21	Cash	2.2225
2019-09-21	BalancedIndexed	1.1238
2019-09-21	AustralianSharesIndexed	1.1846
2019-09-21	OverseasSharesIndexed	1.1511
2019-09-20	CoreStrategy	1.7835
2019-09-20	CapitalStable	3.4138
2019-09-20	Balanced	4.1432
2019-09-20	HighGrowth	5.9776
2019-09-20	Cash	2.2223
2019-09-20	BalancedIndexed	1.1248
2019-09-20	AustralianSharesIndexed	1.1865
2019-09-20	OverseasSharesIndexed	1.1491
2019-09-19	CoreStrategy	1.7815
2019-09-19	CapitalStable	3.4116
2019-09-19	Balanced	4.1403
2019-09-19	HighGrowth	5.9722
2019-09-19	Cash	2.2223
2019-09-19	BalancedIndexed	1.1223
2019-09-19	AustralianSharesIndexed	1.1831
2019-09-19	OverseasSharesIndexed	1.146
2019-09-18	CoreStrategy	1.781
2019-09-18	CapitalStable	3.4104
2019-09-18	Balanced	4.1385
2019-09-18	HighGrowth	5.9688
2019-09-18	Cash	2.222
2019-09-18	BalancedIndexed	1.1235
2019-09-18	AustralianSharesIndexed	1.1822
2019-09-18	OverseasSharesIndexed	1.147
2019-09-17	CoreStrategy	1.7818
2019-09-17	CapitalStable	3.4113
2019-09-17	Balanced	4.1409
2019-09-17	HighGrowth	5.9758
2019-09-17	Cash	2.2218
2019-09-17	BalancedIndexed	1.1232
2019-09-17	AustralianSharesIndexed	1.1799
2019-09-17	OverseasSharesIndexed	1.1464
2019-09-14	CoreStrategy	1.7806
2019-09-14	CapitalStable	3.4112
2019-09-14	Balanced	4.1392
2019-09-14	HighGrowth	5.9685
2019-09-14	Cash	2.2216
2019-09-14	BalancedIndexed	1.1219
2019-09-14	AustralianSharesIndexed	1.177
2019-09-14	OverseasSharesIndexed	1.1455
2019-09-13	CoreStrategy	1.7796
2019-09-13	CapitalStable	3.4105
2019-09-13	Balanced	4.1371
2019-09-13	HighGrowth	5.9615
2019-09-13	Cash	2.2216
2019-09-13	BalancedIndexed	1.1176
2019-09-13	AustralianSharesIndexed	1.1729
2019-09-13	OverseasSharesIndexed	1.138
2019-09-12	CoreStrategy	1.7738
2019-09-12	CapitalStable	3.4058
2019-09-12	Balanced	4.127
2019-09-12	HighGrowth	5.935
2019-09-12	Cash	2.2214
2019-09-12	BalancedIndexed	1.1185
2019-09-12	AustralianSharesIndexed	1.1775
2019-09-12	OverseasSharesIndexed	1.1357
2019-09-11	CoreStrategy	1.7728
2019-09-11	CapitalStable	3.4057
2019-09-11	Balanced	4.1261
2019-09-11	HighGrowth	5.9314
2019-09-11	Cash	2.2216
2019-09-11	BalancedIndexed	1.1193
2019-09-11	AustralianSharesIndexed	1.1771
2019-09-11	OverseasSharesIndexed	1.1383
2019-09-10	CoreStrategy	1.7745
2019-09-10	CapitalStable	3.4081
2019-09-10	Balanced	4.1292
2019-09-10	HighGrowth	5.9371
2019-09-10	Cash	2.2212
2019-09-10	BalancedIndexed	1.1206
2019-09-10	AustralianSharesIndexed	1.1722
2019-09-10	OverseasSharesIndexed	1.1429
2019-09-07	CoreStrategy	1.7737
2019-09-07	CapitalStable	3.4068
2019-09-07	Balanced	4.1265
2019-09-07	HighGrowth	5.9301
2019-09-07	Cash	2.2212
2019-09-07	BalancedIndexed	1.1122
2019-09-07	AustralianSharesIndexed	1.1611
2019-09-07	OverseasSharesIndexed	1.1344
2019-09-06	CoreStrategy	1.7657
2019-09-06	CapitalStable	3.3989
2019-09-06	Balanced	4.1106
2019-09-06	HighGrowth	5.8892
2019-09-06	Cash	2.2209
2019-09-06	BalancedIndexed	1.1092
2019-09-06	AustralianSharesIndexed	1.1639
2019-09-06	OverseasSharesIndexed	1.1284
2019-09-05	CoreStrategy	1.763
2019-09-05	CapitalStable	3.3958
2019-09-05	Balanced	4.104
2019-09-05	HighGrowth	5.8725
2019-09-05	Cash	2.2209
2019-09-05	BalancedIndexed	1.1125
2019-09-05	AustralianSharesIndexed	1.1639
2019-09-05	OverseasSharesIndexed	1.1377
2019-09-04	CoreStrategy	1.7683
2019-09-04	CapitalStable	3.4009
2019-09-04	Balanced	4.1135
2019-09-04	HighGrowth	5.8955
2019-09-04	Cash	2.2207
2019-09-04	BalancedIndexed	1.1124
2019-09-04	AustralianSharesIndexed	1.167
2019-09-04	OverseasSharesIndexed	1.1369
2019-09-03	CoreStrategy	1.7686
2019-09-03	CapitalStable	3.4009
2019-09-03	Balanced	4.114
2019-09-03	HighGrowth	5.8973
2019-09-03	Cash	2.2205
2019-09-03	BalancedIndexed	1.1075
2019-09-03	AustralianSharesIndexed	1.1511
2019-09-03	OverseasSharesIndexed	1.1355
2019-08-31	CoreStrategy	1.7627
2019-08-31	CapitalStable	3.3953
2019-08-31	Balanced	4.1028
2019-08-31	HighGrowth	5.8685
2019-08-31	Cash	2.2203
2019-08-31	BalancedIndexed	1.1009
2019-08-31	AustralianSharesIndexed	1.1499
2019-08-31	OverseasSharesIndexed	1.1231
2019-08-30	CoreStrategy	1.758
2019-08-30	CapitalStable	3.3903
2019-08-30	Balanced	4.0927
2019-08-30	HighGrowth	5.843
2019-08-30	Cash	2.2203
2019-08-30	BalancedIndexed	1.096
2019-08-30	AustralianSharesIndexed	1.1441
2019-08-30	OverseasSharesIndexed	1.1165
2019-08-29	CoreStrategy	1.7542
2019-08-29	CapitalStable	3.3868
2019-08-29	Balanced	4.0857
2019-08-29	HighGrowth	5.8249
2019-08-29	Cash	2.2203
2019-08-29	BalancedIndexed	1.0942
2019-08-29	AustralianSharesIndexed	1.1389
2019-08-29	OverseasSharesIndexed	1.1143
2019-08-28	CoreStrategy	1.7507
2019-08-28	CapitalStable	3.3833
2019-08-28	Balanced	4.0796
2019-08-28	HighGrowth	5.8105
2019-08-28	Cash	2.2203
2019-08-28	BalancedIndexed	1.0952
2019-08-28	AustralianSharesIndexed	1.1513
2019-08-28	OverseasSharesIndexed	1.1088
2019-08-27	CoreStrategy	1.7533
2019-08-27	CapitalStable	3.3853
2019-08-27	Balanced	4.0833
2019-08-27	HighGrowth	5.821
2019-08-27	Cash	2.2198
2019-08-27	BalancedIndexed	1.1034
2019-08-27	AustralianSharesIndexed	1.1478
2019-08-27	OverseasSharesIndexed	1.1287
2019-08-24	CoreStrategy	1.7584
2019-08-24	CapitalStable	3.3902
2019-08-24	Balanced	4.0943
2019-08-24	HighGrowth	5.8501
2019-08-24	Cash	2.2198
2019-08-24	BalancedIndexed	1.1014
2019-08-24	AustralianSharesIndexed	1.1442
2019-08-24	OverseasSharesIndexed	1.1268
2019-08-23	CoreStrategy	1.7574
2019-08-23	CapitalStable	3.3896
2019-08-23	Balanced	4.0934
2019-08-23	HighGrowth	5.8479
2019-08-23	Cash	2.2196
2019-08-23	BalancedIndexed	1.1015
2019-08-23	AustralianSharesIndexed	1.1525
2019-08-23	OverseasSharesIndexed	1.1196
2019-08-22	CoreStrategy	1.7572
2019-08-22	CapitalStable	3.3892
2019-08-22	Balanced	4.0922
2019-08-22	HighGrowth	5.8451
2019-08-22	Cash	2.2196
2019-08-22	BalancedIndexed	1.1016
2019-08-22	AustralianSharesIndexed	1.1412
2019-08-22	OverseasSharesIndexed	1.1272
2019-08-21	CoreStrategy	1.7557
2019-08-21	CapitalStable	3.3881
2019-08-21	Balanced	4.09
2019-08-21	HighGrowth	5.8391
2019-08-21	Cash	2.2194
2019-08-21	BalancedIndexed	1.0935
2019-08-21	AustralianSharesIndexed	1.1311
2019-08-21	OverseasSharesIndexed	1.1154
2019-08-20	CoreStrategy	1.7492
2019-08-20	CapitalStable	3.3817
2019-08-20	Balanced	4.0766
2019-08-20	HighGrowth	5.8039
2019-08-20	Cash	2.2192
2019-08-20	BalancedIndexed	1.0876
2019-08-20	AustralianSharesIndexed	1.1314
2019-08-20	OverseasSharesIndexed	1.1028
2019-08-17	CoreStrategy	1.7451
2019-08-17	CapitalStable	3.3778
2019-08-17	Balanced	4.0681
2019-08-17	HighGrowth	5.7813
2019-08-17	Cash	2.2189
2019-08-17	BalancedIndexed	1.0972
2019-08-17	AustralianSharesIndexed	1.161
2019-08-17	OverseasSharesIndexed	1.1074
2019-08-16	CoreStrategy	1.7557
2019-08-16	CapitalStable	3.387
2019-08-16	Balanced	4.086
2019-08-16	HighGrowth	5.8279
2019-08-16	Cash	2.2189
2019-08-16	BalancedIndexed	1.1018
2019-08-16	AustralianSharesIndexed	1.1536
2019-08-16	OverseasSharesIndexed	1.125
2019-08-15	CoreStrategy	1.7583
2019-08-15	CapitalStable	3.39
2019-08-15	Balanced	4.0942
2019-08-15	HighGrowth	5.8507
2019-08-15	Cash	2.2189
2019-08-15	BalancedIndexed	1.1021
2019-08-15	AustralianSharesIndexed	1.1569
2019-08-15	OverseasSharesIndexed	1.1215
2019-08-14	CoreStrategy	1.7595
2019-08-14	CapitalStable	3.3911
2019-08-14	Balanced	4.095
2019-08-14	HighGrowth	5.8515
2019-08-14	Cash	2.2187
2019-08-14	BalancedIndexed	1.1014
2019-08-14	AustralianSharesIndexed	1.156
2019-08-14	OverseasSharesIndexed	1.1237
2019-08-13	CoreStrategy	1.7598
2019-08-13	CapitalStable	3.3879
2019-08-13	Balanced	4.094
2019-08-13	HighGrowth	5.8585
2019-08-13	Cash	2.2185
2019-08-13	BalancedIndexed	1.1052
2019-08-13	AustralianSharesIndexed	1.1532
2019-08-13	OverseasSharesIndexed	1.1294
2019-08-10	CoreStrategy	1.7613
2019-08-10	CapitalStable	3.3895
2019-08-10	Balanced	4.0977
2019-08-10	HighGrowth	5.8679
2019-08-10	Cash	2.2183
2019-08-10	BalancedIndexed	1.0979
2019-08-10	AustralianSharesIndexed	1.1446
2019-08-10	OverseasSharesIndexed	1.12
2019-08-09	CoreStrategy	1.7551
2019-08-09	CapitalStable	3.3833
2019-08-09	Balanced	4.0842
2019-08-09	HighGrowth	5.8326
2019-08-09	Cash	2.2183
2019-08-09	BalancedIndexed	1.0912
2019-08-09	AustralianSharesIndexed	1.1379
2019-08-09	OverseasSharesIndexed	1.1152
2019-08-08	CoreStrategy	1.7526
2019-08-08	CapitalStable	3.3806
2019-08-08	Balanced	4.0794
2019-08-08	HighGrowth	5.8205
2019-08-08	Cash	2.2181
2019-08-08	BalancedIndexed	1.1114
2019-08-08	AustralianSharesIndexed	1.1801
2019-08-08	OverseasSharesIndexed	1.1306
2019-08-07	CoreStrategy	1.7566
2019-08-07	CapitalStable	3.3842
2019-08-07	Balanced	4.086
2019-08-07	HighGrowth	5.838
2019-08-07	Cash	2.2181
2019-08-07	BalancedIndexed	1.1125
2019-08-07	AustralianSharesIndexed	1.1829
2019-08-07	OverseasSharesIndexed	1.1334
2019-08-06	CoreStrategy	1.7702
2019-08-06	CapitalStable	3.3974
2019-08-06	Balanced	4.1138
2019-08-06	HighGrowth	5.9112
2019-08-06	Cash	2.2176
2019-08-06	BalancedIndexed	1.1137
2019-08-06	AustralianSharesIndexed	1.1829
2019-08-06	OverseasSharesIndexed	1.1334
2019-08-03	CoreStrategy	1.774
2019-08-03	CapitalStable	3.4017
2019-08-03	Balanced	4.1229
2019-08-03	HighGrowth	5.9343
2019-08-03	Cash	2.2176
2019-08-03	BalancedIndexed	1.1176
2019-08-03	AustralianSharesIndexed	1.1864
2019-08-03	OverseasSharesIndexed	1.1339
2019-08-02	CoreStrategy	1.7756
2019-08-02	CapitalStable	3.4035
2019-08-02	Balanced	4.1274
2019-08-02	HighGrowth	5.9467
2019-08-02	Cash	2.2176
2019-08-02	BalancedIndexed	1.1243
2019-08-02	AustralianSharesIndexed	1.1914
2019-08-02	OverseasSharesIndexed	1.1441
2019-08-01	CoreStrategy	1.7805
2019-08-01	CapitalStable	3.4078
2019-08-01	Balanced	4.1366
2019-08-01	HighGrowth	5.9718
2019-08-01	Cash	2.2176
2019-08-01	BalancedIndexed	1.1232
2019-08-01	AustralianSharesIndexed	1.1884
2019-08-01	OverseasSharesIndexed	1.1448
2019-07-31	CoreStrategy	1.7813
2019-07-31	CapitalStable	3.4087
2019-07-31	Balanced	4.1389
2019-07-31	HighGrowth	5.9776
2019-07-31	Cash	2.2174
2019-07-31	BalancedIndexed	1.1221
2019-07-31	AustralianSharesIndexed	1.1833
2019-07-31	OverseasSharesIndexed	1.1445
2019-07-30	CoreStrategy	1.78
2019-07-30	CapitalStable	3.407
2019-07-30	Balanced	4.1364
2019-07-30	HighGrowth	5.9724
2019-07-30	Cash	2.2172
2019-07-30	BalancedIndexed	1.1182
2019-07-30	AustralianSharesIndexed	1.187
2019-07-30	OverseasSharesIndexed	1.1322
2019-07-27	CoreStrategy	1.7768
2019-07-27	CapitalStable	3.4039
2019-07-27	Balanced	4.131
2019-07-27	HighGrowth	5.9595
2019-07-27	Cash	2.217
2019-07-27	BalancedIndexed	1.1186
2019-07-27	AustralianSharesIndexed	1.1813
2019-07-27	OverseasSharesIndexed	1.1349
2019-07-26	CoreStrategy	1.7752
2019-07-26	CapitalStable	3.4021
2019-07-26	Balanced	4.1287
2019-07-26	HighGrowth	5.9551
2019-07-26	Cash	2.217
2019-07-26	BalancedIndexed	1.1133
2019-07-26	AustralianSharesIndexed	1.174
2019-07-26	OverseasSharesIndexed	1.1273
2019-07-25	CoreStrategy	1.7698
2019-07-25	CapitalStable	3.3965
2019-07-25	Balanced	4.1188
2019-07-25	HighGrowth	5.9313
2019-07-25	Cash	2.2168
2019-07-25	BalancedIndexed	1.1074
2019-07-25	AustralianSharesIndexed	1.1689
2019-07-25	OverseasSharesIndexed	1.1155
2019-07-24	CoreStrategy	1.764
2019-07-24	CapitalStable	3.3912
2019-07-24	Balanced	4.1084
2019-07-24	HighGrowth	5.9044
2019-07-24	Cash	2.2168
2019-07-24	BalancedIndexed	1.1079
2019-07-24	AustralianSharesIndexed	1.1699
2019-07-24	OverseasSharesIndexed	1.1137
2019-07-23	CoreStrategy	1.7633
2019-07-23	CapitalStable	3.3902
2019-07-23	Balanced	4.107
2019-07-23	HighGrowth	5.9017
2019-07-23	Cash	2.2165
2019-07-23	BalancedIndexed	1.1069
2019-07-23	AustralianSharesIndexed	1.1617
2019-07-23	OverseasSharesIndexed	1.1167
2019-07-20	CoreStrategy	1.7611
2019-07-20	CapitalStable	3.3882
2019-07-20	Balanced	4.1033
2019-07-20	HighGrowth	5.892
2019-07-20	Cash	2.2165
2019-07-20	BalancedIndexed	1.1094
2019-07-20	AustralianSharesIndexed	1.1653
2019-07-20	OverseasSharesIndexed	1.1218
2019-07-19	CoreStrategy	1.7637
2019-07-19	CapitalStable	3.3901
2019-07-19	Balanced	4.1072
2019-07-19	HighGrowth	5.9029
2019-07-19	Cash	2.2163
2019-07-19	BalancedIndexed	1.1077
2019-07-19	AustralianSharesIndexed	1.1604
2019-07-19	OverseasSharesIndexed	1.1234
2019-07-18	CoreStrategy	1.763
2019-07-18	CapitalStable	3.3896
2019-07-18	Balanced	4.107
2019-07-18	HighGrowth	5.9032
2019-07-18	Cash	2.2163
2019-07-18	BalancedIndexed	1.1098
2019-07-18	AustralianSharesIndexed	1.1626
2019-07-18	OverseasSharesIndexed	1.1264
2019-07-17	CoreStrategy	1.7641
2019-07-17	CapitalStable	3.3906
2019-07-17	Balanced	4.1091
2019-07-17	HighGrowth	5.9086
2019-07-17	Cash	2.2161
2019-07-17	BalancedIndexed	1.1126
2019-07-17	AustralianSharesIndexed	1.1692
2019-07-17	OverseasSharesIndexed	1.1289
2019-07-16	CoreStrategy	1.7662
2019-07-16	CapitalStable	3.3921
2019-07-16	Balanced	4.1119
2019-07-16	HighGrowth	5.9163
2019-07-16	Cash	2.2159
2019-07-16	BalancedIndexed	1.1136
2019-07-16	AustralianSharesIndexed	1.1721
2019-07-16	OverseasSharesIndexed	1.1294
2019-07-13	CoreStrategy	1.7671
2019-07-13	CapitalStable	3.3926
2019-07-13	Balanced	4.1129
2019-07-13	HighGrowth	5.9196
2019-07-13	Cash	2.2157
2019-07-13	BalancedIndexed	1.1123
2019-07-13	AustralianSharesIndexed	1.1679
2019-07-13	OverseasSharesIndexed	1.1311
2019-07-12	CoreStrategy	1.7663
2019-07-12	CapitalStable	3.3921
2019-07-12	Balanced	4.1111
2019-07-12	HighGrowth	5.9137
2019-07-12	Cash	2.2157
2019-07-12	BalancedIndexed	1.111
2019-07-12	AustralianSharesIndexed	1.1639
2019-07-12	OverseasSharesIndexed	1.1317
2019-07-11	CoreStrategy	1.7661
2019-07-11	CapitalStable	3.392
2019-07-11	Balanced	4.11
2019-07-11	HighGrowth	5.9098
2019-07-11	Cash	2.2154
2019-07-11	BalancedIndexed	1.1076
2019-07-11	AustralianSharesIndexed	1.1649
2019-07-11	OverseasSharesIndexed	1.1253
2019-07-10	CoreStrategy	1.7652
2019-07-10	CapitalStable	3.3915
2019-07-10	Balanced	4.1093
2019-07-10	HighGrowth	5.908
2019-07-10	Cash	2.2154
2019-07-10	BalancedIndexed	1.1154
2019-07-10	AustralianSharesIndexed	1.1772
2019-07-10	OverseasSharesIndexed	1.13
2019-07-09	CoreStrategy	1.7692
2019-07-09	CapitalStable	3.3931
2019-07-09	Balanced	4.1153
2019-07-09	HighGrowth	5.9289
2019-07-09	Cash	2.2152
2019-07-09	BalancedIndexed	1.1127
2019-07-09	AustralianSharesIndexed	1.1719
2019-07-09	OverseasSharesIndexed	1.1276
2019-07-06	CoreStrategy	1.7661
2019-07-06	CapitalStable	3.3906
2019-07-06	Balanced	4.1112
2019-07-06	HighGrowth	5.9191
2019-07-06	Cash	2.2152
2019-07-06	BalancedIndexed	1.1117
2019-07-06	AustralianSharesIndexed	1.1711
2019-07-06	OverseasSharesIndexed	1.1257
2019-07-05	CoreStrategy	1.763
2019-07-05	CapitalStable	3.3872
2019-07-05	Balanced	4.105
2019-07-05	HighGrowth	5.9049
2019-07-05	Cash	2.215
2019-07-05	BalancedIndexed	1.1089
2019-07-05	AustralianSharesIndexed	1.1612
2019-07-05	OverseasSharesIndexed	1.126
2019-07-04	CoreStrategy	1.7624
2019-07-04	CapitalStable	3.3857
2019-07-04	Balanced	4.1024
2019-07-04	HighGrowth	5.8989
2019-07-04	Cash	2.215
2019-07-04	BalancedIndexed	1.1091
2019-07-04	AustralianSharesIndexed	1.1636
2019-07-04	OverseasSharesIndexed	1.1252
2019-07-03	CoreStrategy	1.7632
2019-07-03	CapitalStable	3.3859
2019-07-03	Balanced	4.1027
2019-07-03	HighGrowth	5.8998
2019-07-03	Cash	2.2148
2019-07-03	BalancedIndexed	1.1002
2019-07-03	AustralianSharesIndexed	1.1591
2019-07-03	OverseasSharesIndexed	1.1122
2019-07-02	CoreStrategy	1.7563
2019-07-02	CapitalStable	3.3775
2019-07-02	Balanced	4.0881
2019-07-02	HighGrowth	5.8673
2019-07-02	Cash	2.2148
2019-07-02	BalancedIndexed	1.1015
2019-07-02	AustralianSharesIndexed	1.1664
2019-07-02	OverseasSharesIndexed	1.1084
2019-06-30	CoreStrategy	1.7563
2019-06-30	CapitalStable	3.3775
2019-06-30	Balanced	4.0881
2019-06-30	HighGrowth	5.8673
2019-06-30	Cash	2.2148
2019-06-30	BalancedIndexed	1.1015
2019-06-30	AustralianSharesIndexed	1.1664
2019-06-30	OverseasSharesIndexed	1.1084
2019-06-29	CoreStrategy	1.751
2019-06-29	CapitalStable	3.3723
2019-06-29	Balanced	4.0786
2019-06-29	HighGrowth	5.8477
2019-06-29	Cash	2.2143
2019-06-29	BalancedIndexed	1.0996
2019-06-29	AustralianSharesIndexed	1.1602
2019-06-29	OverseasSharesIndexed	1.1075
2019-06-28	CoreStrategy	1.7484
2019-06-28	CapitalStable	3.37
2019-06-28	Balanced	4.0734
2019-06-28	HighGrowth	5.8334
2019-06-28	Cash	2.2141
2019-06-28	BalancedIndexed	1.1014
2019-06-28	AustralianSharesIndexed	1.1629
2019-06-28	OverseasSharesIndexed	1.1117
2019-06-27	CoreStrategy	1.7499
2019-06-27	CapitalStable	3.3719
2019-06-27	Balanced	4.0765
2019-06-27	HighGrowth	5.8403
2019-06-27	Cash	2.2141
2019-06-27	BalancedIndexed	1.1049
2019-06-27	AustralianSharesIndexed	1.1644
2019-06-27	OverseasSharesIndexed	1.1209
2019-06-26	CoreStrategy	1.7534
2019-06-26	CapitalStable	3.3743
2019-06-26	Balanced	4.0819
2019-06-26	HighGrowth	5.8559
2019-06-26	Cash	2.2141
2019-06-26	BalancedIndexed	1.1068
2019-06-26	AustralianSharesIndexed	1.1621
2019-06-26	OverseasSharesIndexed	1.1267
2019-06-25	CoreStrategy	1.756
2019-06-25	CapitalStable	3.376
2019-06-25	Balanced	4.0856
2019-06-25	HighGrowth	5.8661
2019-06-25	Cash	2.2137
2019-06-25	BalancedIndexed	1.1079
2019-06-25	AustralianSharesIndexed	1.1674
2019-06-25	OverseasSharesIndexed	1.1286
2019-06-22	CoreStrategy	1.7579
2019-06-22	CapitalStable	3.3776
2019-06-22	Balanced	4.0895
2019-06-22	HighGrowth	5.8771
2019-06-22	Cash	2.2137
2019-06-22	BalancedIndexed	1.1047
2019-06-22	AustralianSharesIndexed	1.161
2019-06-22	OverseasSharesIndexed	1.1258
2019-06-21	CoreStrategy	1.7546
2019-06-21	CapitalStable	3.3739
2019-06-21	Balanced	4.0822
2019-06-21	HighGrowth	5.8588
2019-06-21	Cash	2.2135
2019-06-21	BalancedIndexed	1.0974
2019-06-21	AustralianSharesIndexed	1.1487
2019-06-21	OverseasSharesIndexed	1.121
2019-06-20	CoreStrategy	1.7482
2019-06-20	CapitalStable	3.3677
2019-06-20	Balanced	4.0705
2019-06-20	HighGrowth	5.8292
2019-06-20	Cash	2.2135
2019-06-20	BalancedIndexed	1.0922
2019-06-20	AustralianSharesIndexed	1.1424
2019-06-20	OverseasSharesIndexed	1.1133
2019-06-19	CoreStrategy	1.743
2019-06-19	CapitalStable	3.3626
2019-06-19	Balanced	4.0597
2019-06-19	HighGrowth	5.8014
2019-06-19	Cash	2.2133
2019-06-19	BalancedIndexed	1.0908
2019-06-19	AustralianSharesIndexed	1.1459
2019-06-19	OverseasSharesIndexed	1.1095
2019-06-18	CoreStrategy	1.7417
2019-06-18	CapitalStable	3.359
2019-06-18	Balanced	4.0558
2019-06-18	HighGrowth	5.7973
2019-06-18	Cash	2.2129
2019-06-18	BalancedIndexed	1.0899
2019-06-18	AustralianSharesIndexed	1.144
2019-06-18	OverseasSharesIndexed	1.1074
2019-06-15	CoreStrategy	1.7411
2019-06-15	CapitalStable	3.3578
2019-06-15	Balanced	4.0551
2019-06-15	HighGrowth	5.7977
2019-06-15	Cash	2.2131
2019-06-15	BalancedIndexed	1.0876
2019-06-15	AustralianSharesIndexed	1.1441
2019-06-15	OverseasSharesIndexed	1.1005
2019-06-14	CoreStrategy	1.7385
2019-06-14	CapitalStable	3.3551
2019-06-14	Balanced	4.0508
2019-06-14	HighGrowth	5.7883
2019-06-14	Cash	2.2129
2019-06-14	BalancedIndexed	1.0893
2019-06-14	AustralianSharesIndexed	1.1443
2019-06-14	OverseasSharesIndexed	1.1019
2019-06-13	CoreStrategy	1.7385
2019-06-13	CapitalStable	3.3548
2019-06-13	Balanced	4.0515
2019-06-13	HighGrowth	5.7918
2019-06-13	Cash	2.2129
2019-06-13	BalancedIndexed	1.0782
2019-06-13	AustralianSharesIndexed	1.1282
2019-06-13	OverseasSharesIndexed	1.0876
2019-06-12	CoreStrategy	1.7319
2019-06-12	CapitalStable	3.3488
2019-06-12	Balanced	4.0401
2019-06-12	HighGrowth	5.7631
2019-06-12	Cash	2.2127
2019-06-12	BalancedIndexed	1.0733
2019-06-12	AustralianSharesIndexed	1.1188
2019-06-12	OverseasSharesIndexed	1.0818
2019-06-08	CoreStrategy	1.7243
2019-06-08	CapitalStable	3.3408
2019-06-08	Balanced	4.0241
2019-06-08	HighGrowth	5.7219
2019-06-08	Cash	2.2122
2019-06-08	BalancedIndexed	1.0702
2019-06-08	AustralianSharesIndexed	1.115
2019-06-08	OverseasSharesIndexed	1.0772
2019-06-07	CoreStrategy	1.7237
2019-06-07	CapitalStable	3.3397
2019-06-07	Balanced	4.0223
2019-06-07	HighGrowth	5.7178
2019-06-07	Cash	2.212
2019-06-07	BalancedIndexed	1.0658
2019-06-07	AustralianSharesIndexed	1.111
2019-06-07	OverseasSharesIndexed	1.0694
2019-06-06	CoreStrategy	1.7188
2019-06-06	CapitalStable	3.3344
2019-06-06	Balanced	4.0132
2019-06-06	HighGrowth	5.6974
2019-06-06	Cash	2.212
2019-06-06	BalancedIndexed	1.0595
2019-06-06	AustralianSharesIndexed	1.1091
2019-06-06	OverseasSharesIndexed	1.0571
2019-06-05	CoreStrategy	1.7152
2019-06-05	CapitalStable	3.3317
2019-06-05	Balanced	4.0054
2019-06-05	HighGrowth	5.674
2019-06-05	Cash	2.2118
2019-06-05	BalancedIndexed	1.0645
2019-06-05	AustralianSharesIndexed	1.1213
2019-06-05	OverseasSharesIndexed	1.0613
2019-06-04	CoreStrategy	1.7192
2019-06-04	CapitalStable	3.335
2019-06-04	Balanced	4.0119
2019-06-04	HighGrowth	5.6912
2019-06-04	Cash	2.2116
2019-06-04	BalancedIndexed	1.0689
2019-06-04	AustralianSharesIndexed	1.1204
2019-06-04	OverseasSharesIndexed	1.0746
2019-06-01	CoreStrategy	1.7233
2019-06-01	CapitalStable	3.3392
2019-06-01	Balanced	4.0202
2019-06-01	HighGrowth	5.7119
2019-06-01	Cash	2.2113
2019-06-01	BalancedIndexed	1.0695
2019-06-01	AustralianSharesIndexed	1.1279
2019-06-01	OverseasSharesIndexed	1.0723
2019-05-31	CoreStrategy	1.7235
2019-05-31	CapitalStable	3.3384
2019-05-31	Balanced	4.0194
2019-05-31	HighGrowth	5.712
2019-05-31	Cash	2.2113
2019-05-31	BalancedIndexed	1.0735
2019-05-31	AustralianSharesIndexed	1.1347
2019-05-31	OverseasSharesIndexed	1.0787
2019-05-30	CoreStrategy	1.7274
2019-05-30	CapitalStable	3.3424
2019-05-30	Balanced	4.0281
2019-05-30	HighGrowth	5.735
2019-05-30	Cash	2.2111
2019-05-30	BalancedIndexed	1.0755
2019-05-30	AustralianSharesIndexed	1.1293
2019-05-30	OverseasSharesIndexed	1.0861
2019-05-29	CoreStrategy	1.7272
2019-05-29	CapitalStable	3.3423
2019-05-29	Balanced	4.0285
2019-05-29	HighGrowth	5.7364
2019-05-29	Cash	2.2109
2019-05-29	BalancedIndexed	1.0748
2019-05-29	AustralianSharesIndexed	1.1298
2019-05-29	OverseasSharesIndexed	1.0854
2019-05-28	CoreStrategy	1.7265
2019-05-28	CapitalStable	3.3415
2019-05-28	Balanced	4.027
2019-05-28	HighGrowth	5.7329
2019-05-28	Cash	2.2107
2019-05-28	BalancedIndexed	1.0757
2019-05-28	AustralianSharesIndexed	1.1352
2019-05-28	OverseasSharesIndexed	1.0855
2019-05-25	CoreStrategy	1.7286
2019-05-25	CapitalStable	3.3431
2019-05-25	Balanced	4.0295
2019-05-25	HighGrowth	5.7389
2019-05-25	Cash	2.2105
2019-05-25	BalancedIndexed	1.0812
2019-05-25	AustralianSharesIndexed	1.1379
2019-05-25	OverseasSharesIndexed	1.099
2019-05-24	CoreStrategy	1.7342
2019-05-24	CapitalStable	3.3479
2019-05-24	Balanced	4.0407
2019-05-24	HighGrowth	5.7696
2019-05-24	Cash	2.2105
2019-05-24	BalancedIndexed	1.0811
2019-05-24	AustralianSharesIndexed	1.136
2019-05-24	OverseasSharesIndexed	1.1007
2019-05-23	CoreStrategy	1.7338
2019-05-23	CapitalStable	3.347
2019-05-23	Balanced	4.0402
2019-05-23	HighGrowth	5.77
2019-05-23	Cash	2.2105
2019-05-23	BalancedIndexed	1.0753
2019-05-23	AustralianSharesIndexed	1.1323
2019-05-23	OverseasSharesIndexed	1.0898
2019-05-22	CoreStrategy	1.7295
2019-05-22	CapitalStable	3.3429
2019-05-22	Balanced	4.0321
2019-05-22	HighGrowth	5.7496
2019-05-22	Cash	2.2103
2019-05-22	BalancedIndexed	1.0765
2019-05-22	AustralianSharesIndexed	1.1151
2019-05-22	OverseasSharesIndexed	1.1012
2019-05-21	CoreStrategy	1.7308
2019-05-21	CapitalStable	3.3429
2019-05-21	Balanced	4.0326
2019-05-21	HighGrowth	5.752
2019-05-21	Cash	2.2098
2019-05-21	BalancedIndexed	1.0737
2019-05-21	AustralianSharesIndexed	1.1091
2019-05-21	OverseasSharesIndexed	1.1017
2019-05-18	CoreStrategy	1.7293
2019-05-18	CapitalStable	3.3416
2019-05-18	Balanced	4.0314
2019-05-18	HighGrowth	5.7501
2019-05-18	Cash	2.2096
2019-05-18	BalancedIndexed	1.0664
2019-05-18	AustralianSharesIndexed	1.1003
2019-05-18	OverseasSharesIndexed	1.0901
2019-05-17	CoreStrategy	1.7233
2019-05-17	CapitalStable	3.3354
2019-05-17	Balanced	4.0199
2019-05-17	HighGrowth	5.7216
2019-05-17	Cash	2.2096
2019-05-17	BalancedIndexed	1.0618
2019-05-17	AustralianSharesIndexed	1.0933
2019-05-17	OverseasSharesIndexed	1.0827
2019-05-16	CoreStrategy	1.7194
2019-05-16	CapitalStable	3.3311
2019-05-16	Balanced	4.012
2019-05-16	HighGrowth	5.7025
2019-05-16	Cash	2.2094
2019-05-16	BalancedIndexed	1.0608
2019-05-16	AustralianSharesIndexed	1.1009
2019-05-16	OverseasSharesIndexed	1.0748
2019-05-15	CoreStrategy	1.7187
2019-05-15	CapitalStable	3.3299
2019-05-15	Balanced	4.0098
2019-05-15	HighGrowth	5.6981
2019-05-15	Cash	2.2091
2019-05-15	BalancedIndexed	1.067
2019-05-15	AustralianSharesIndexed	1.1008
2019-05-15	OverseasSharesIndexed	1.0881
2019-05-14	CoreStrategy	1.7227
2019-05-14	CapitalStable	3.3344
2019-05-14	Balanced	4.0205
2019-05-14	HighGrowth	5.7268
2019-05-14	Cash	2.2091
2019-05-14	BalancedIndexed	1.0671
2019-05-14	AustralianSharesIndexed	1.0982
2019-05-14	OverseasSharesIndexed	1.0873
2019-05-11	CoreStrategy	1.7221
2019-05-11	CapitalStable	3.3337
2019-05-11	Balanced	4.0185
2019-05-11	HighGrowth	5.7207
2019-05-11	Cash	2.2089
2019-05-11	BalancedIndexed	1.0659
2019-05-11	AustralianSharesIndexed	1.0941
2019-05-11	OverseasSharesIndexed	1.0885
2019-05-10	CoreStrategy	1.7216
2019-05-10	CapitalStable	3.3334
2019-05-10	Balanced	4.019
2019-05-10	HighGrowth	5.7232
2019-05-10	Cash	2.2087
2019-05-10	BalancedIndexed	1.0683
2019-05-10	AustralianSharesIndexed	1.0981
2019-05-10	OverseasSharesIndexed	1.0901
2019-05-09	CoreStrategy	1.7236
2019-05-09	CapitalStable	3.336
2019-05-09	Balanced	4.0235
2019-05-09	HighGrowth	5.7334
2019-05-09	Cash	2.2087
2019-05-09	BalancedIndexed	1.0751
2019-05-09	AustralianSharesIndexed	1.0963
2019-05-09	OverseasSharesIndexed	1.1064
2019-05-08	CoreStrategy	1.7285
2019-05-08	CapitalStable	3.3412
2019-05-08	Balanced	4.0338
2019-05-08	HighGrowth	5.7584
2019-05-08	Cash	2.2083
2019-05-08	BalancedIndexed	1.0778
2019-05-08	AustralianSharesIndexed	1.1044
2019-05-08	OverseasSharesIndexed	1.1081
2019-05-07	CoreStrategy	1.7329
2019-05-07	CapitalStable	3.3452
2019-05-07	Balanced	4.0427
2019-05-07	HighGrowth	5.7828
2019-05-07	Cash	2.2078
2019-05-07	BalancedIndexed	1.0764
2019-05-07	AustralianSharesIndexed	1.1046
2019-05-07	OverseasSharesIndexed	1.1027
2019-05-04	CoreStrategy	1.7318
2019-05-04	CapitalStable	3.3437
2019-05-04	Balanced	4.0392
2019-05-04	HighGrowth	5.7737
2019-05-04	Cash	2.208
2019-05-04	BalancedIndexed	1.0769
2019-05-04	AustralianSharesIndexed	1.1104
2019-05-04	OverseasSharesIndexed	1.1011
2019-05-03	CoreStrategy	1.7321
2019-05-03	CapitalStable	3.3441
2019-05-03	Balanced	4.0403
2019-05-03	HighGrowth	5.7769
2019-05-03	Cash	2.2078
2019-05-03	BalancedIndexed	1.0773
2019-05-03	AustralianSharesIndexed	1.1025
2019-05-03	OverseasSharesIndexed	1.1052
2019-05-02	CoreStrategy	1.7315
2019-05-02	CapitalStable	3.3437
2019-05-02	Balanced	4.0399
2019-05-02	HighGrowth	5.7762
2019-05-02	Cash	2.2076
2019-05-02	BalancedIndexed	1.0773
2019-05-02	AustralianSharesIndexed	1.1076
2019-05-02	OverseasSharesIndexed	1.1016
2019-05-01	CoreStrategy	1.7315
2019-05-01	CapitalStable	3.3435
2019-05-01	Balanced	4.0402
2019-05-01	HighGrowth	5.7781
2019-05-01	Cash	2.2076
2019-05-01	BalancedIndexed	1.0793
2019-05-01	AustralianSharesIndexed	1.1115
2019-05-01	OverseasSharesIndexed	1.1021
2019-04-30	CoreStrategy	1.7316
2019-04-30	CapitalStable	3.3428
2019-04-30	Balanced	4.0393
2019-04-30	HighGrowth	5.7775
2019-04-30	Cash	2.2072
2019-04-30	BalancedIndexed	1.0775
2019-04-30	AustralianSharesIndexed	1.1106
2019-04-30	OverseasSharesIndexed	1.1008
2019-04-27	CoreStrategy	1.7316
2019-04-27	CapitalStable	3.3417
2019-04-27	Balanced	4.0379
2019-04-27	HighGrowth	5.7757
2019-04-27	Cash	2.2069
2019-04-27	BalancedIndexed	1.0709
2019-04-27	AustralianSharesIndexed	1.1009
2019-04-27	OverseasSharesIndexed	1.0967
2019-04-25	CoreStrategy	1.7273
2019-04-25	CapitalStable	3.3377
2019-04-25	Balanced	4.0317
2019-04-25	HighGrowth	5.7616
2019-04-25	Cash	2.2067
2019-04-25	BalancedIndexed	1.0632
2019-04-25	AustralianSharesIndexed	1.0915
2019-04-25	OverseasSharesIndexed	1.0817
2019-04-24	CoreStrategy	1.7211
2019-04-24	CapitalStable	3.3316
2019-04-24	Balanced	4.0204
2019-04-24	HighGrowth	5.7334
2019-04-24	Cash	2.2067
2019-04-24	BalancedIndexed	1.0624
2019-04-24	AustralianSharesIndexed	1.091
2019-04-24	OverseasSharesIndexed	1.0779
2019-04-19	CoreStrategy	1.7191
2019-04-19	CapitalStable	3.3296
2019-04-19	Balanced	4.0173
2019-04-19	HighGrowth	5.7263
2019-04-19	Cash	2.2061
2019-04-19	BalancedIndexed	1.0653
2019-04-19	AustralianSharesIndexed	1.0942
2019-04-19	OverseasSharesIndexed	1.0794
2019-04-18	CoreStrategy	1.7199
2019-04-18	CapitalStable	3.3303
2019-04-18	Balanced	4.0189
2019-04-18	HighGrowth	5.7309
2019-04-18	Cash	2.2061
2019-04-18	BalancedIndexed	1.0633
2019-04-18	AustralianSharesIndexed	1.09
2019-04-18	OverseasSharesIndexed	1.0782
2019-04-17	CoreStrategy	1.7181
2019-04-17	CapitalStable	3.3289
2019-04-17	Balanced	4.0156
2019-04-17	HighGrowth	5.7215
2019-04-17	Cash	2.2058
2019-04-17	BalancedIndexed	1.0633
2019-04-17	AustralianSharesIndexed	1.0899
2019-04-17	OverseasSharesIndexed	1.0772
2019-04-16	CoreStrategy	1.7172
2019-04-16	CapitalStable	3.3275
2019-04-16	Balanced	4.0132
2019-04-16	HighGrowth	5.7168
2019-04-16	Cash	2.2056
2019-04-16	BalancedIndexed	1.061
2019-04-16	AustralianSharesIndexed	1.0815
2019-04-16	OverseasSharesIndexed	1.0772
2019-04-13	CoreStrategy	1.7149
2019-04-13	CapitalStable	3.3251
2019-04-13	Balanced	4.0079
2019-04-13	HighGrowth	5.7025
2019-04-13	Cash	2.2054
2019-04-13	BalancedIndexed	1.0607
2019-04-13	AustralianSharesIndexed	1.0852
2019-04-13	OverseasSharesIndexed	1.0766
2019-04-12	CoreStrategy	1.7144
2019-04-12	CapitalStable	3.3239
2019-04-12	Balanced	4.0067
2019-04-12	HighGrowth	5.7027
2019-04-12	Cash	2.2054
2019-04-12	BalancedIndexed	1.0599
2019-04-12	AustralianSharesIndexed	1.0848
2019-04-12	OverseasSharesIndexed	1.0754
2019-04-11	CoreStrategy	1.7142
2019-04-11	CapitalStable	3.3232
2019-04-11	Balanced	4.0054
2019-04-11	HighGrowth	5.6998
2019-04-11	Cash	2.2052
2019-04-11	BalancedIndexed	1.0624
2019-04-11	AustralianSharesIndexed	1.0846
2019-04-11	OverseasSharesIndexed	1.0817
2019-04-10	CoreStrategy	1.716
2019-04-10	CapitalStable	3.3249
2019-04-10	Balanced	4.0091
2019-04-10	HighGrowth	5.7095
2019-04-10	Cash	2.205
2019-04-10	BalancedIndexed	1.0607
2019-04-10	AustralianSharesIndexed	1.0781
2019-04-10	OverseasSharesIndexed	1.083
2019-04-09	CoreStrategy	1.7146
2019-04-09	CapitalStable	3.3247
2019-04-09	Balanced	4.0077
2019-04-09	HighGrowth	5.7033
2019-04-09	Cash	2.2045
2019-04-09	BalancedIndexed	1.0605
2019-04-09	AustralianSharesIndexed	1.0861
2019-04-09	OverseasSharesIndexed	1.0781
2019-04-06	CoreStrategy	1.7141
2019-04-06	CapitalStable	3.3242
2019-04-06	Balanced	4.0069
2019-04-06	HighGrowth	5.7017
2019-04-06	Cash	2.2045
2019-04-06	BalancedIndexed	1.0628
2019-04-06	AustralianSharesIndexed	1.094
2019-04-06	OverseasSharesIndexed	1.0768
2019-04-05	CoreStrategy	1.7149
2019-04-05	CapitalStable	3.3249
2019-04-05	Balanced	4.0083
2019-04-05	HighGrowth	5.7058
2019-04-05	Cash	2.2045
2019-04-05	BalancedIndexed	1.0619
2019-04-05	AustralianSharesIndexed	1.0875
2019-04-05	OverseasSharesIndexed	1.0789
2019-04-04	CoreStrategy	1.713
2019-04-04	CapitalStable	3.3225
2019-04-04	Balanced	4.0032
2019-04-04	HighGrowth	5.6933
2019-04-04	Cash	2.2045
2019-04-04	BalancedIndexed	1.0561
2019-04-04	AustralianSharesIndexed	1.0833
2019-04-04	OverseasSharesIndexed	1.071
2019-04-03	CoreStrategy	1.7077
2019-04-03	CapitalStable	3.3161
2019-04-03	Balanced	3.9931
2019-04-03	HighGrowth	5.6721
2019-04-03	Cash	2.2043
2019-04-03	BalancedIndexed	1.0532
2019-04-03	AustralianSharesIndexed	1.0782
2019-04-03	OverseasSharesIndexed	1.0626
2019-04-02	CoreStrategy	1.7019
2019-04-02	CapitalStable	3.3105
2019-04-02	Balanced	3.9813
2019-04-02	HighGrowth	5.6417
2019-04-02	Cash	2.2042
2019-04-02	BalancedIndexed	1.0518
2019-04-02	AustralianSharesIndexed	1.0774
2019-04-02	OverseasSharesIndexed	1.0601
2019-03-30	CoreStrategy	1.6994
2019-03-30	CapitalStable	3.3075
2019-03-30	Balanced	3.975
2019-03-30	HighGrowth	5.6269
2019-03-30	Cash	2.2037
2019-03-30	BalancedIndexed	1.0488
2019-03-30	AustralianSharesIndexed	1.0709
2019-03-30	OverseasSharesIndexed	1.0607
2019-03-29	CoreStrategy	1.6975
2019-03-29	CapitalStable	3.3056
2019-03-29	Balanced	3.9709
2019-03-29	HighGrowth	5.616
2019-03-29	Cash	2.2037
2019-03-29	BalancedIndexed	1.0449
2019-03-29	AustralianSharesIndexed	1.0701
2019-03-29	OverseasSharesIndexed	1.0541
2019-03-28	CoreStrategy	1.6948
2019-03-28	CapitalStable	3.3038
2019-03-28	Balanced	3.968
2019-03-28	HighGrowth	5.6084
2019-03-28	Cash	2.2035
2019-03-28	BalancedIndexed	1.0455
2019-03-28	AustralianSharesIndexed	1.0694
2019-03-28	OverseasSharesIndexed	1.0506
2019-03-27	CoreStrategy	1.6939
2019-03-27	CapitalStable	3.3023
2019-03-27	Balanced	3.9648
2019-03-27	HighGrowth	5.6004
2019-03-27	Cash	2.2035
2019-03-27	BalancedIndexed	1.0498
2019-03-27	AustralianSharesIndexed	1.0802
2019-03-27	OverseasSharesIndexed	1.0569
2019-03-26	CoreStrategy	1.7002
2019-03-26	CapitalStable	3.3078
2019-03-26	Balanced	3.9758
2019-03-26	HighGrowth	5.6293
2019-03-26	Cash	2.2033
2019-03-26	BalancedIndexed	1.0532
2019-03-26	AustralianSharesIndexed	1.0757
2019-03-26	OverseasSharesIndexed	1.07
2019-03-23	CoreStrategy	1.7042
2019-03-23	CapitalStable	3.3117
2019-03-23	Balanced	3.9851
2019-03-23	HighGrowth	5.6541
2019-03-23	Cash	2.2031
2019-03-23	BalancedIndexed	1.0514
2019-03-23	AustralianSharesIndexed	1.0753
2019-03-23	OverseasSharesIndexed	1.0657
2019-03-22	CoreStrategy	1.7031
2019-03-22	CapitalStable	3.3102
2019-03-22	Balanced	3.9819
2019-03-22	HighGrowth	5.6464
2019-03-22	Cash	2.2028
2019-03-22	BalancedIndexed	1.0525
2019-03-22	AustralianSharesIndexed	1.0783
2019-03-22	OverseasSharesIndexed	1.0675
2019-03-21	CoreStrategy	1.7055
2019-03-21	CapitalStable	3.3114
2019-03-21	Balanced	3.9861
2019-03-21	HighGrowth	5.6596
2019-03-21	Cash	2.2028
2019-03-21	BalancedIndexed	1.0523
2019-03-21	AustralianSharesIndexed	1.0791
2019-03-21	OverseasSharesIndexed	1.0666
2019-03-20	CoreStrategy	1.7043
2019-03-20	CapitalStable	3.3094
2019-03-20	Balanced	3.9832
2019-03-20	HighGrowth	5.6547
2019-03-20	Cash	2.2026
2019-03-20	BalancedIndexed	1.0504
2019-03-20	AustralianSharesIndexed	1.0765
2019-03-20	OverseasSharesIndexed	1.0639
2019-03-19	CoreStrategy	1.7025
2019-03-19	CapitalStable	3.308
2019-03-19	Balanced	3.9797
2019-03-19	HighGrowth	5.6446
2019-03-19	Cash	2.2022
2019-03-19	BalancedIndexed	1.0492
2019-03-19	AustralianSharesIndexed	1.077
2019-03-19	OverseasSharesIndexed	1.0619
2019-03-16	CoreStrategy	1.7004
2019-03-16	CapitalStable	3.3053
2019-03-16	Balanced	3.9749
2019-03-16	HighGrowth	5.6333
2019-03-16	Cash	2.2021
2019-03-16	BalancedIndexed	1.0457
2019-03-16	AustralianSharesIndexed	1.0739
2019-03-16	OverseasSharesIndexed	1.0578
2019-03-15	CoreStrategy	1.6974
2019-03-15	CapitalStable	3.3028
2019-03-15	Balanced	3.97
2019-03-15	HighGrowth	5.6208
2019-03-15	Cash	2.2019
2019-03-15	BalancedIndexed	1.0444
2019-03-15	AustralianSharesIndexed	1.0756
2019-03-15	OverseasSharesIndexed	1.0528
2019-03-14	CoreStrategy	1.6938
2019-03-14	CapitalStable	3.299
2019-03-14	Balanced	3.9643
2019-03-14	HighGrowth	5.609
2019-03-14	Cash	2.2018
2019-03-14	BalancedIndexed	1.0445
2019-03-14	AustralianSharesIndexed	1.0762
2019-03-14	OverseasSharesIndexed	1.0521
2019-03-13	CoreStrategy	1.6932
2019-03-13	CapitalStable	3.2977
2019-03-13	Balanced	3.9622
2019-03-13	HighGrowth	5.6048
2019-03-13	Cash	2.2017
2019-03-13	BalancedIndexed	1.0406
2019-03-13	AustralianSharesIndexed	1.0797
2019-03-13	OverseasSharesIndexed	1.0431
2019-03-12	CoreStrategy	1.6915
2019-03-12	CapitalStable	3.2952
2019-03-12	Balanced	3.9573
2019-03-12	HighGrowth	5.5935
2019-03-12	Cash	2.2013
2019-03-12	BalancedIndexed	1.0448
2019-03-12	AustralianSharesIndexed	1.0887
2019-03-12	OverseasSharesIndexed	1.0486
2019-03-09	CoreStrategy	1.6967
2019-03-09	CapitalStable	3.2999
2019-03-09	Balanced	3.9666
2019-03-09	HighGrowth	5.6173
2019-03-09	Cash	2.2012
2019-03-09	BalancedIndexed	1.0464
2019-03-09	AustralianSharesIndexed	1.0834
2019-03-09	OverseasSharesIndexed	1.0572
2019-03-08	CoreStrategy	1.6983
2019-03-08	CapitalStable	3.3015
2019-03-08	Balanced	3.9704
2019-03-08	HighGrowth	5.6271
2019-03-08	Cash	2.201
2019-03-08	BalancedIndexed	1.0429
2019-03-08	AustralianSharesIndexed	1.076
2019-03-08	OverseasSharesIndexed	1.0558
2019-03-07	CoreStrategy	1.6952
2019-03-07	CapitalStable	3.2982
2019-03-07	Balanced	3.9656
2019-03-07	HighGrowth	5.6166
2019-03-07	Cash	2.201
2019-03-07	BalancedIndexed	1.0445
2019-03-07	AustralianSharesIndexed	1.0785
2019-03-07	OverseasSharesIndexed	1.055
2019-03-06	CoreStrategy	1.6952
2019-03-06	CapitalStable	3.2982
2019-03-06	Balanced	3.966
2019-03-06	HighGrowth	5.6184
2019-03-06	Cash	2.2009
2019-03-06	BalancedIndexed	1.0445
2019-03-06	AustralianSharesIndexed	1.0742
2019-03-06	OverseasSharesIndexed	1.0566
2019-03-05	CoreStrategy	1.694
2019-03-05	CapitalStable	3.298
2019-03-05	Balanced	3.9651
2019-03-05	HighGrowth	5.6147
2019-03-05	Cash	2.2006
2019-03-05	BalancedIndexed	1.04
2019-03-05	AustralianSharesIndexed	1.07
2019-03-05	OverseasSharesIndexed	1.049
2019-03-02	CoreStrategy	1.6901
2019-03-02	CapitalStable	3.2941
2019-03-02	Balanced	3.9572
2019-03-02	HighGrowth	5.5947
2019-03-02	Cash	2.2004
2019-03-02	BalancedIndexed	1.0393
2019-03-02	AustralianSharesIndexed	1.0665
2019-03-02	OverseasSharesIndexed	1.0479
2019-03-01	CoreStrategy	1.6894
2019-03-01	CapitalStable	3.2935
2019-03-01	Balanced	3.9568
2019-03-01	HighGrowth	5.5944
2019-03-01	Cash	2.2003
2019-03-01	BalancedIndexed	1.0367
2019-03-01	AustralianSharesIndexed	1.0622
2019-03-01	OverseasSharesIndexed	1.0434
2019-02-28	CoreStrategy	1.687
2019-02-28	CapitalStable	3.2912
2019-02-28	Balanced	3.9529
2019-02-28	HighGrowth	5.5854
2019-02-28	Cash	2.2002
2019-02-28	BalancedIndexed	1.0403
2019-02-28	AustralianSharesIndexed	1.0698
2019-02-28	OverseasSharesIndexed	1.0435
2019-02-27	CoreStrategy	1.6885
2019-02-27	CapitalStable	3.2922
2019-02-27	Balanced	3.9555
2019-02-27	HighGrowth	5.5931
2019-02-27	Cash	2.2001
2019-02-27	BalancedIndexed	1.0405
2019-02-27	AustralianSharesIndexed	1.0665
2019-02-27	OverseasSharesIndexed	1.0462
2019-02-26	CoreStrategy	1.6878
2019-02-26	CapitalStable	3.2915
2019-02-26	Balanced	3.9537
2019-02-26	HighGrowth	5.5879
2019-02-26	Cash	2.1997
2019-02-26	BalancedIndexed	1.0356
2019-02-26	AustralianSharesIndexed	1.0612
2019-02-26	OverseasSharesIndexed	1.0407
2019-02-23	CoreStrategy	1.6874
2019-02-23	CapitalStable	3.2904
2019-02-23	Balanced	3.9515
2019-02-23	HighGrowth	5.5828
2019-02-23	Cash	2.1996
2019-02-23	BalancedIndexed	1.0318
2019-02-23	AustralianSharesIndexed	1.0545
2019-02-23	OverseasSharesIndexed	1.0407
2019-02-22	CoreStrategy	1.6823
2019-02-22	CapitalStable	3.286
2019-02-22	Balanced	3.944
2019-02-22	HighGrowth	5.565
2019-02-22	Cash	2.1994
2019-02-22	BalancedIndexed	1.0342
2019-02-22	AustralianSharesIndexed	1.0554
2019-02-22	OverseasSharesIndexed	1.0405
2019-02-21	CoreStrategy	1.6813
2019-02-21	CapitalStable	3.2843
2019-02-21	Balanced	3.9409
2019-02-21	HighGrowth	5.5583
2019-02-21	Cash	2.1993
2019-02-21	BalancedIndexed	1.0323
2019-02-21	AustralianSharesIndexed	1.0527
2019-02-21	OverseasSharesIndexed	1.0398
2019-02-20	CoreStrategy	1.6807
2019-02-20	CapitalStable	3.2837
2019-02-20	Balanced	3.9398
2019-02-20	HighGrowth	5.5553
2019-02-20	Cash	2.1991
2019-02-20	BalancedIndexed	1.0311
2019-02-20	AustralianSharesIndexed	1.0503
2019-02-20	OverseasSharesIndexed	1.0397
2019-02-19	CoreStrategy	1.6796
2019-02-19	CapitalStable	3.2838
2019-02-19	Balanced	3.9388
2019-02-19	HighGrowth	5.5496
2019-02-19	Cash	2.1986
2019-02-19	BalancedIndexed	1.0275
2019-02-19	AustralianSharesIndexed	1.0496
2019-02-19	OverseasSharesIndexed	1.036
2019-02-16	CoreStrategy	1.6784
2019-02-16	CapitalStable	3.2821
2019-02-16	Balanced	3.9355
2019-02-16	HighGrowth	5.542
2019-02-16	Cash	2.1985
2019-02-16	BalancedIndexed	1.0271
2019-02-16	AustralianSharesIndexed	1.05
2019-02-16	OverseasSharesIndexed	1.0355
2019-02-15	CoreStrategy	1.6773
2019-02-15	CapitalStable	3.2816
2019-02-15	Balanced	3.9344
2019-02-15	HighGrowth	5.5388
2019-02-15	Cash	2.1984
2019-02-15	BalancedIndexed	1.0273
2019-02-15	AustralianSharesIndexed	1.0498
2019-02-15	OverseasSharesIndexed	1.035
2019-02-14	CoreStrategy	1.676
2019-02-14	CapitalStable	3.2806
2019-02-14	Balanced	3.9319
2019-02-14	HighGrowth	5.5319
2019-02-14	Cash	2.1982
2019-02-14	BalancedIndexed	1.0227
2019-02-14	AustralianSharesIndexed	1.0469
2019-02-14	OverseasSharesIndexed	1.0272
2019-02-13	CoreStrategy	1.6721
2019-02-13	CapitalStable	3.2771
2019-02-13	Balanced	3.9239
2019-02-13	HighGrowth	5.5107
2019-02-13	Cash	2.1982
2019-02-13	BalancedIndexed	1.0209
2019-02-13	AustralianSharesIndexed	1.0484
2019-02-13	OverseasSharesIndexed	1.0234
2019-02-12	CoreStrategy	1.6696
2019-02-12	CapitalStable	3.2735
2019-02-12	Balanced	3.9182
2019-02-12	HighGrowth	5.4996
2019-02-12	Cash	2.1978
2019-02-12	BalancedIndexed	1.0219
2019-02-12	AustralianSharesIndexed	1.0516
2019-02-12	OverseasSharesIndexed	1.0238
2019-02-09	CoreStrategy	1.672
2019-02-09	CapitalStable	3.2752
2019-02-09	Balanced	3.9226
2019-02-09	HighGrowth	5.5123
2019-02-09	Cash	2.1977
2019-02-09	BalancedIndexed	1.0217
2019-02-09	AustralianSharesIndexed	1.0414
2019-02-09	OverseasSharesIndexed	1.0301
2019-02-08	CoreStrategy	1.6696
2019-02-08	CapitalStable	3.2723
2019-02-08	Balanced	3.9189
2019-02-08	HighGrowth	5.5055
2019-02-08	Cash	2.1975
2019-02-08	BalancedIndexed	1.0156
2019-02-08	AustralianSharesIndexed	1.0382
2019-02-08	OverseasSharesIndexed	1.0187
2019-02-07	CoreStrategy	1.663
2019-02-07	CapitalStable	3.2664
2019-02-07	Balanced	3.9088
2019-02-07	HighGrowth	5.4813
2019-02-07	Cash	2.1974
2019-02-07	BalancedIndexed	1.0107
2019-02-07	AustralianSharesIndexed	1.0207
2019-02-07	OverseasSharesIndexed	1.0151
2019-02-06	CoreStrategy	1.6562
2019-02-06	CapitalStable	3.2592
2019-02-06	Balanced	3.8956
2019-02-06	HighGrowth	5.4503
2019-02-06	Cash	2.1972
2019-02-06	BalancedIndexed	1.0053
2019-02-06	AustralianSharesIndexed	1.0162
2019-02-06	OverseasSharesIndexed	1.0064
2019-02-05	CoreStrategy	1.6524
2019-02-05	CapitalStable	3.2543
2019-02-05	Balanced	3.8876
2019-02-05	HighGrowth	5.4331
2019-02-05	Cash	2.1968
2019-02-05	BalancedIndexed	1.0033
2019-02-05	AustralianSharesIndexed	1.0166
2019-02-05	OverseasSharesIndexed	1.0015
2019-02-02	CoreStrategy	1.6495
2019-02-02	CapitalStable	3.2513
2019-02-02	Balanced	3.8822
2019-02-02	HighGrowth	5.4204
2019-02-02	Cash	2.1966
2019-02-02	BalancedIndexed	1.0068
2019-02-02	AustralianSharesIndexed	1.0197
2019-02-02	OverseasSharesIndexed	1.0061
2019-02-01	CoreStrategy	1.651
2019-02-01	CapitalStable	3.2525
2019-02-01	Balanced	3.8837
2019-02-01	HighGrowth	5.4236
2019-02-01	Cash	2.1965
2019-02-01	BalancedIndexed	1.0027
2019-02-01	AustralianSharesIndexed	1.0178
2019-02-01	OverseasSharesIndexed	1.0017
2019-01-31	CoreStrategy	1.6494
2019-01-31	CapitalStable	3.2505
2019-01-31	Balanced	3.8788
2019-01-31	HighGrowth	5.411
2019-01-31	Cash	2.1963
2019-01-31	BalancedIndexed	1.0051
2019-01-31	AustralianSharesIndexed	1.0228
2019-01-31	OverseasSharesIndexed	1.0053
2019-01-30	CoreStrategy	1.6495
2019-01-30	CapitalStable	3.2496
2019-01-30	Balanced	3.8785
2019-01-30	HighGrowth	5.4129
2019-01-30	Cash	2.196
2019-01-30	BalancedIndexed	1.0032
2019-01-30	AustralianSharesIndexed	1.0165
2019-01-30	OverseasSharesIndexed	1.0049
2019-01-26	CoreStrategy	1.6488
2019-01-26	CapitalStable	3.2489
2019-01-26	Balanced	3.8766
2019-01-26	HighGrowth	5.4072
2019-01-26	Cash	2.1958
2019-01-26	BalancedIndexed	1.0002
2019-01-26	AustralianSharesIndexed	1.0132
2019-01-26	OverseasSharesIndexed	0.9997
2019-01-25	CoreStrategy	1.6444
2019-01-25	CapitalStable	3.2442
2019-01-25	Balanced	3.8685
2019-01-25	HighGrowth	5.3888
2019-01-25	Cash	2.1957
2019-01-25	BalancedIndexed	1.0006
2019-01-25	AustralianSharesIndexed	1.0156
2019-01-25	OverseasSharesIndexed	0.9982
2019-01-24	CoreStrategy	1.6449
2019-01-24	CapitalStable	3.2444
2019-01-24	Balanced	3.8691
2019-01-24	HighGrowth	5.3909
2019-01-24	Cash	2.1956
2019-01-24	BalancedIndexed	1.0058
2019-01-24	AustralianSharesIndexed	1.0204
2019-01-24	OverseasSharesIndexed	1.0059
2019-01-23	CoreStrategy	1.6485
2019-01-23	CapitalStable	3.2479
2019-01-23	Balanced	3.8768
2019-01-23	HighGrowth	5.4108
2019-01-23	Cash	2.1955
2019-01-23	BalancedIndexed	1.0041
2019-01-23	AustralianSharesIndexed	1.0188
2019-01-23	OverseasSharesIndexed	1.0021
2019-01-22	CoreStrategy	1.6468
2019-01-22	CapitalStable	3.2467
2019-01-22	Balanced	3.8747
2019-01-22	HighGrowth	5.4052
2019-01-22	Cash	2.1951
2019-01-22	BalancedIndexed	1
2019-01-22	AustralianSharesIndexed	1.0141
2019-01-22	OverseasSharesIndexed	0.9938
2019-01-19	CoreStrategy	1.6408
2019-01-19	CapitalStable	3.2406
2019-01-19	Balanced	3.8625
2019-01-19	HighGrowth	5.3753
2019-01-19	Cash	2.195
2019-01-19	BalancedIndexed	0.9954
2019-01-19	AustralianSharesIndexed	1.0118
2019-01-19	OverseasSharesIndexed	0.987
2019-01-18	CoreStrategy	1.6373
2019-01-18	CapitalStable	3.237
2019-01-18	Balanced	3.856
2019-01-18	HighGrowth	5.3597
2019-01-18	Cash	2.1949
2019-01-18	BalancedIndexed	0.9929
2019-01-18	AustralianSharesIndexed	1.0085
2019-01-18	OverseasSharesIndexed	0.9828
2019-01-17	CoreStrategy	1.6342
2019-01-17	CapitalStable	3.2333
2019-01-17	Balanced	3.8496
2019-01-17	HighGrowth	5.3453
2019-01-17	Cash	2.1947
2019-01-17	BalancedIndexed	0.9884
2019-01-17	AustralianSharesIndexed	1.0021
2019-01-17	OverseasSharesIndexed	0.9756
2019-01-16	CoreStrategy	1.6298
2019-01-16	CapitalStable	3.2285
2019-01-16	Balanced	3.8404
2019-01-16	HighGrowth	5.3229
2019-01-16	Cash	2.1946
2019-01-16	BalancedIndexed	0.99
2019-01-16	AustralianSharesIndexed	1.0023
2019-01-16	OverseasSharesIndexed	0.9797
2019-01-15	CoreStrategy	1.6312
2019-01-15	CapitalStable	3.2266
2019-01-15	Balanced	3.8404
2019-01-15	HighGrowth	5.3309
2019-01-15	Cash	2.1943
2019-01-15	BalancedIndexed	0.9915
2019-01-15	AustralianSharesIndexed	1.0044
2019-01-15	OverseasSharesIndexed	0.9814
2019-01-12	CoreStrategy	1.6318
2019-01-12	CapitalStable	3.2266
2019-01-12	Balanced	3.8412
2019-01-12	HighGrowth	5.3347
2019-01-12	Cash	2.1942
2019-01-12	BalancedIndexed	0.9902
2019-01-12	AustralianSharesIndexed	1.003
2019-01-12	OverseasSharesIndexed	0.9814
2019-01-11	CoreStrategy	1.6308
2019-01-11	CapitalStable	3.2259
2019-01-11	Balanced	3.8392
2019-01-11	HighGrowth	5.329
2019-01-11	Cash	2.1941
2019-01-11	BalancedIndexed	0.9861
2019-01-11	AustralianSharesIndexed	0.9945
2019-01-11	OverseasSharesIndexed	0.9789
2019-01-10	CoreStrategy	1.6255
2019-01-10	CapitalStable	3.2206
2019-01-10	Balanced	3.8284
2019-01-10	HighGrowth	5.3018
2019-01-10	Cash	2.1939
2019-01-10	BalancedIndexed	0.98
2019-01-10	AustralianSharesIndexed	0.9884
2019-01-10	OverseasSharesIndexed	0.9708
2019-01-09	CoreStrategy	1.6212
2019-01-09	CapitalStable	3.2167
2019-01-09	Balanced	3.8207
2019-01-09	HighGrowth	5.283
2019-01-09	Cash	2.1937
2019-01-09	BalancedIndexed	0.9759
2019-01-09	AustralianSharesIndexed	0.9833
2019-01-09	OverseasSharesIndexed	0.9659
2019-01-08	CoreStrategy	1.6166
2019-01-08	CapitalStable	3.2132
2019-01-08	Balanced	3.813
2019-01-08	HighGrowth	5.2608
2019-01-08	Cash	2.1933
2019-01-08	BalancedIndexed	0.9751
2019-01-08	AustralianSharesIndexed	0.9833
2019-01-08	OverseasSharesIndexed	0.9659
2019-01-05	CoreStrategy	1.6162
2019-01-05	CapitalStable	3.2115
2019-01-05	Balanced	3.8061
2019-01-05	HighGrowth	5.2401
2019-01-05	Cash	2.1932
2019-01-05	BalancedIndexed	0.9718
2019-01-05	AustralianSharesIndexed	0.9833
2019-01-05	OverseasSharesIndexed	0.9659
2019-01-04	CoreStrategy	1.6172
2019-01-04	CapitalStable	3.2129
2019-01-04	Balanced	3.81
2019-01-04	HighGrowth	5.2499
2019-01-04	Cash	2.1931
2019-01-04	BalancedIndexed	0.9697
2019-01-04	AustralianSharesIndexed	0.9833
2019-01-04	OverseasSharesIndexed	0.96
2019-01-03	CoreStrategy	1.6204
2019-01-03	CapitalStable	3.215
2019-01-03	Balanced	3.8154
2019-01-03	HighGrowth	5.2654
2019-01-03	Cash	2.1928
2019-01-03	BalancedIndexed	0.9708
2019-01-03	AustralianSharesIndexed	0.9844
2019-01-03	OverseasSharesIndexed	0.96
2019-01-01	CoreStrategy	1.6184
2019-01-01	CapitalStable	3.2128
2019-01-01	Balanced	3.8114
2019-01-01	HighGrowth	5.2565
2019-01-01	Cash	2.1925
2019-01-01	BalancedIndexed	0.9663
2019-01-01	AustralianSharesIndexed	0.9735
2019-01-01	OverseasSharesIndexed	0.9576
2018-12-29	CoreStrategy	1.6132
2018-12-29	CapitalStable	3.2074
2018-12-29	Balanced	3.8014
2018-12-29	HighGrowth	5.2322
2018-12-29	Cash	2.1924
2018-12-29	BalancedIndexed	0.9474
2018-12-29	AustralianSharesIndexed	0.9577
2018-12-29	OverseasSharesIndexed	0.9267
2018-12-28	CoreStrategy	1.6067
2018-12-28	CapitalStable	3.2005
2018-12-28	Balanced	3.7885
2018-12-28	HighGrowth	5.2005
2018-12-28	Cash	2.1921
2018-12-28	BalancedIndexed	0.952
2018-12-28	AustralianSharesIndexed	0.9536
2018-12-28	OverseasSharesIndexed	0.9379
2018-12-25	CoreStrategy	1.6019
2018-12-25	CapitalStable	3.1958
2018-12-25	Balanced	3.7791
2018-12-25	HighGrowth	5.1767
2018-12-25	Cash	2.1917
2018-12-25	BalancedIndexed	0.9589
2018-12-25	AustralianSharesIndexed	0.9595
2018-12-25	OverseasSharesIndexed	0.9471
2018-12-22	CoreStrategy	1.6061
2018-12-22	CapitalStable	3.2005
2018-12-22	Balanced	3.7892
2018-12-22	HighGrowth	5.2023
2018-12-22	Cash	2.1916
2018-12-22	BalancedIndexed	0.9658
2018-12-22	AustralianSharesIndexed	0.9713
2018-12-22	OverseasSharesIndexed	0.9528
2018-12-21	CoreStrategy	1.613
2018-12-21	CapitalStable	3.2068
2018-12-21	Balanced	3.803
2018-12-21	HighGrowth	5.2383
2018-12-21	Cash	2.1915
2018-12-21	BalancedIndexed	0.9715
2018-12-21	AustralianSharesIndexed	0.9727
2018-12-21	OverseasSharesIndexed	0.9602
2018-12-20	CoreStrategy	1.6154
2018-12-20	CapitalStable	3.2087
2018-12-20	Balanced	3.8074
2018-12-20	HighGrowth	5.25
2018-12-20	Cash	2.1914
2018-12-20	BalancedIndexed	0.9752
2018-12-20	AustralianSharesIndexed	0.9835
2018-12-20	OverseasSharesIndexed	0.9615
2018-12-19	CoreStrategy	1.6182
2018-12-19	CapitalStable	3.2117
2018-12-19	Balanced	3.8138
2018-12-19	HighGrowth	5.2664
2018-12-19	Cash	2.1913
2018-12-19	BalancedIndexed	0.9826
2018-12-19	AustralianSharesIndexed	0.9749
2018-12-19	OverseasSharesIndexed	0.9834
2018-12-18	CoreStrategy	1.6205
2018-12-18	CapitalStable	3.2133
2018-12-18	Balanced	3.8182
2018-12-18	HighGrowth	5.2783
2018-12-18	Cash	2.191
2018-12-18	BalancedIndexed	0.9856
2018-12-18	AustralianSharesIndexed	0.9842
2018-12-18	OverseasSharesIndexed	0.9838
2018-12-15	CoreStrategy	1.626
2018-12-15	CapitalStable	3.218
2018-12-15	Balanced	3.8284
2018-12-15	HighGrowth	5.3047
2018-12-15	Cash	2.1909
2018-12-15	BalancedIndexed	0.9867
2018-12-15	AustralianSharesIndexed	0.9826
2018-12-15	OverseasSharesIndexed	0.9838
2018-12-14	CoreStrategy	1.6256
2018-12-14	CapitalStable	3.2198
2018-12-14	Balanced	3.8303
2018-12-14	HighGrowth	5.3049
2018-12-14	Cash	2.1908
2018-12-14	BalancedIndexed	0.98
2018-12-14	AustralianSharesIndexed	0.9707
2018-12-14	OverseasSharesIndexed	0.9774
2018-12-13	CoreStrategy	1.6192
2018-12-13	CapitalStable	3.2142
2018-12-13	Balanced	3.8187
2018-12-13	HighGrowth	5.2745
2018-12-13	Cash	2.1907
2018-12-13	BalancedIndexed	0.9792
2018-12-13	AustralianSharesIndexed	0.9672
2018-12-13	OverseasSharesIndexed	0.9789
2018-12-12	CoreStrategy	1.6189
2018-12-12	CapitalStable	3.2141
2018-12-12	Balanced	3.8177
2018-12-12	HighGrowth	5.2708
2018-12-12	Cash	2.1909
2018-12-12	BalancedIndexed	0.9849
2018-12-12	AustralianSharesIndexed	0.9872
2018-12-12	OverseasSharesIndexed	0.98
2018-12-11	CoreStrategy	1.627
2018-12-11	CapitalStable	3.2209
2018-12-11	Balanced	3.8326
2018-12-11	HighGrowth	5.3108
2018-12-11	Cash	2.1906
2018-12-11	BalancedIndexed	0.9902
2018-12-11	AustralianSharesIndexed	0.9836
2018-12-11	OverseasSharesIndexed	0.9934
2018-12-08	CoreStrategy	1.6295
2018-12-08	CapitalStable	3.2229
2018-12-08	Balanced	3.8371
2018-12-08	HighGrowth	5.3226
2018-12-08	Cash	2.1906
2018-12-08	BalancedIndexed	0.9905
2018-12-08	AustralianSharesIndexed	0.9853
2018-12-08	OverseasSharesIndexed	0.9934
2018-12-07	CoreStrategy	1.6338
2018-12-07	CapitalStable	3.2265
2018-12-07	Balanced	3.8452
2018-12-07	HighGrowth	5.3432
2018-12-07	Cash	2.1904
2018-12-07	BalancedIndexed	1.0008
2018-12-07	AustralianSharesIndexed	0.9924
2018-12-07	OverseasSharesIndexed	1.0081
2018-12-06	CoreStrategy	1.6358
2018-12-06	CapitalStable	3.2275
2018-12-06	Balanced	3.8478
2018-12-06	HighGrowth	5.3504
2018-12-06	Cash	2.1903
2018-12-06	BalancedIndexed	1.0016
2018-12-06	AustralianSharesIndexed	1.0015
2018-12-06	OverseasSharesIndexed	1.0041
2018-12-05	CoreStrategy	1.6464
2018-12-05	CapitalStable	3.2372
2018-12-05	Balanced	3.8679
2018-12-05	HighGrowth	5.4016
2018-12-05	Cash	2.1901
2018-12-05	BalancedIndexed	1.0018
2018-12-05	AustralianSharesIndexed	0.9852
2018-12-05	OverseasSharesIndexed	1.0041
2018-12-04	CoreStrategy	1.6387
2018-12-04	CapitalStable	3.2297
2018-12-04	Balanced	3.8534
2018-12-04	HighGrowth	5.3657
2018-12-04	Cash	2.1897
2018-12-04	BalancedIndexed	1.0002
2018-12-04	AustralianSharesIndexed	0.999
2018-12-04	OverseasSharesIndexed	0.9982
2018-12-01	CoreStrategy	1.6413
2018-12-01	CapitalStable	3.2319
2018-12-01	Balanced	3.8579
2018-12-01	HighGrowth	5.3779
2018-12-01	Cash	2.1897
2018-12-01	BalancedIndexed	1.0001
2018-12-01	AustralianSharesIndexed	1
2018-12-01	OverseasSharesIndexed	1
2018-11-30	CoreStrategy	1.642
2018-11-30	CapitalStable	3.2328
2018-11-30	Balanced	3.8591
2018-11-30	HighGrowth	5.3802
2018-11-30	Cash	2.1895
2018-11-29	CoreStrategy	1.6374
2018-11-29	CapitalStable	3.2285
2018-11-29	Balanced	3.8503
2018-11-29	HighGrowth	5.3583
2018-11-29	Cash	2.1894
2018-11-28	CoreStrategy	1.6352
2018-11-28	CapitalStable	3.2266
2018-11-28	Balanced	3.8464
2018-11-28	HighGrowth	5.3481
2018-11-28	Cash	2.1893
2018-11-27	CoreStrategy	1.6342
2018-11-27	CapitalStable	3.2253
2018-11-27	Balanced	3.8435
2018-11-27	HighGrowth	5.3411
2018-11-27	Cash	2.189
2018-11-24	CoreStrategy	1.6338
2018-11-24	CapitalStable	3.2248
2018-11-24	Balanced	3.8429
2018-11-24	HighGrowth	5.3401
2018-11-24	Cash	2.1888
2018-11-23	CoreStrategy	1.6312
2018-11-23	CapitalStable	3.2217
2018-11-23	Balanced	3.8377
2018-11-23	HighGrowth	5.328
2018-11-23	Cash	2.1887
2018-11-22	CoreStrategy	1.6322
2018-11-22	CapitalStable	3.2221
2018-11-22	Balanced	3.8381
2018-11-22	HighGrowth	5.3295
2018-11-22	Cash	2.1886
2018-11-21	CoreStrategy	1.6382
2018-11-21	CapitalStable	3.2276
2018-11-21	Balanced	3.8494
2018-11-21	HighGrowth	5.3575
2018-11-21	Cash	2.1886
2018-11-20	CoreStrategy	1.6426
2018-11-20	CapitalStable	3.2316
2018-11-20	Balanced	3.8576
2018-11-20	HighGrowth	5.3783
2018-11-20	Cash	2.1882
2018-11-17	CoreStrategy	1.6428
2018-11-17	CapitalStable	3.2322
2018-11-17	Balanced	3.8583
2018-11-17	HighGrowth	5.3797
2018-11-17	Cash	2.1881
2018-11-16	CoreStrategy	1.6419
2018-11-16	CapitalStable	3.2317
2018-11-16	Balanced	3.8563
2018-11-16	HighGrowth	5.3738
2018-11-16	Cash	2.1881
2018-11-15	CoreStrategy	1.6478
2018-11-15	CapitalStable	3.2373
2018-11-15	Balanced	3.8668
2018-11-15	HighGrowth	5.3999
2018-11-15	Cash	2.1879
2018-11-14	CoreStrategy	1.6518
2018-11-14	CapitalStable	3.241
2018-11-14	Balanced	3.874
2018-11-14	HighGrowth	5.4183
2018-11-14	Cash	2.1877
2018-11-13	CoreStrategy	1.6544
2018-11-13	CapitalStable	3.2441
2018-11-13	Balanced	3.8805
2018-11-13	HighGrowth	5.4336
2018-11-13	Cash	2.1874
2018-11-10	CoreStrategy	1.6578
2018-11-10	CapitalStable	3.2469
2018-11-10	Balanced	3.8865
2018-11-10	HighGrowth	5.4489
2018-11-10	Cash	2.1872
2018-11-09	CoreStrategy	1.6577
2018-11-09	CapitalStable	3.2468
2018-11-09	Balanced	3.8861
2018-11-09	HighGrowth	5.4475
2018-11-09	Cash	2.1871
2018-11-08	CoreStrategy	1.6549
2018-11-08	CapitalStable	3.2448
2018-11-08	Balanced	3.8811
2018-11-08	HighGrowth	5.4335
2018-11-08	Cash	2.187
2018-11-07	CoreStrategy	1.6529
2018-11-07	CapitalStable	3.2438
2018-11-07	Balanced	3.8785
2018-11-07	HighGrowth	5.4249
2018-11-07	Cash	2.187
2018-11-06	CoreStrategy	1.6549
2018-11-06	CapitalStable	3.2429
2018-11-06	Balanced	3.8792
2018-11-06	HighGrowth	5.432
2018-11-06	Cash	2.1866
2018-11-03	CoreStrategy	1.6524
2018-11-03	CapitalStable	3.2409
2018-11-03	Balanced	3.8746
2018-11-03	HighGrowth	5.4199
2018-11-03	Cash	2.1865
2018-11-02	CoreStrategy	1.6505
2018-11-02	CapitalStable	3.2396
2018-11-02	Balanced	3.8703
2018-11-02	HighGrowth	5.4075
2018-11-02	Cash	2.1864
2018-11-01	CoreStrategy	1.643
2018-11-01	CapitalStable	3.2329
2018-11-01	Balanced	3.8562
2018-11-01	HighGrowth	5.3712
2018-11-01	Cash	2.1863
2018-10-31	CoreStrategy	1.6378
2018-10-31	CapitalStable	3.228
2018-10-31	Balanced	3.8456
2018-10-31	HighGrowth	5.3437
2018-10-31	Cash	2.1862
2018-10-30	CoreStrategy	1.6361
2018-10-30	CapitalStable	3.228
2018-10-30	Balanced	3.844
2018-10-30	HighGrowth	5.3361
2018-10-30	Cash	2.1858
2018-10-27	CoreStrategy	1.6406
2018-10-27	CapitalStable	3.2315
2018-10-27	Balanced	3.8518
2018-10-27	HighGrowth	5.3564
2018-10-27	Cash	2.1857
2018-10-26	CoreStrategy	1.6447
2018-10-26	CapitalStable	3.2354
2018-10-26	Balanced	3.8592
2018-10-26	HighGrowth	5.3759
2018-10-26	Cash	2.1856
2018-10-25	CoreStrategy	1.6539
2018-10-25	CapitalStable	3.2441
2018-10-25	Balanced	3.8767
2018-10-25	HighGrowth	5.42
2018-10-25	Cash	2.1855
2018-10-24	CoreStrategy	1.6601
2018-10-24	CapitalStable	3.2496
2018-10-24	Balanced	3.8888
2018-10-24	HighGrowth	5.4522
2018-10-24	Cash	2.1853
2018-10-23	CoreStrategy	1.6609
2018-10-23	CapitalStable	3.2502
2018-10-23	Balanced	3.8906
2018-10-23	HighGrowth	5.4573
2018-10-23	Cash	2.1851
2018-10-20	CoreStrategy	1.6628
2018-10-20	CapitalStable	3.2522
2018-10-20	Balanced	3.8941
2018-10-20	HighGrowth	5.4653
2018-10-20	Cash	2.185
2018-10-19	CoreStrategy	1.6682
2018-10-19	CapitalStable	3.2573
2018-10-19	Balanced	3.9044
2018-10-19	HighGrowth	5.4914
2018-10-19	Cash	2.1848
2018-10-18	CoreStrategy	1.6662
2018-10-18	CapitalStable	3.2547
2018-10-18	Balanced	3.9001
2018-10-18	HighGrowth	5.4811
2018-10-18	Cash	2.1847
2018-10-17	CoreStrategy	1.6571
2018-10-17	CapitalStable	3.2452
2018-10-17	Balanced	3.8819
2018-10-17	HighGrowth	5.4377
2018-10-17	Cash	2.1846
2018-10-16	CoreStrategy	1.6619
2018-10-16	CapitalStable	3.2528
2018-10-16	Balanced	3.8935
2018-10-16	HighGrowth	5.4596
2018-10-16	Cash	2.1841
2018-10-13	CoreStrategy	1.6582
2018-10-13	CapitalStable	3.2493
2018-10-13	Balanced	3.8863
2018-10-13	HighGrowth	5.4408
2018-10-13	Cash	2.184
2018-10-12	CoreStrategy	1.6734
2018-10-12	CapitalStable	3.2633
2018-10-12	Balanced	3.9148
2018-10-12	HighGrowth	5.5147
2018-10-12	Cash	2.1839
2018-10-11	CoreStrategy	1.682
2018-10-11	CapitalStable	3.2715
2018-10-11	Balanced	3.9313
2018-10-11	HighGrowth	5.5561
2018-10-11	Cash	2.1838
2018-10-10	CoreStrategy	1.6867
2018-10-10	CapitalStable	3.2758
2018-10-10	Balanced	3.9399
2018-10-10	HighGrowth	5.5779
2018-10-10	Cash	2.1837
2018-10-09	CoreStrategy	1.6922
2018-10-09	CapitalStable	3.2806
2018-10-09	Balanced	3.9501
2018-10-09	HighGrowth	5.6049
2018-10-09	Cash	2.1834
2018-10-06	CoreStrategy	1.6941
2018-10-06	CapitalStable	3.2826
2018-10-06	Balanced	3.9539
2018-10-06	HighGrowth	5.6143
2018-10-06	Cash	2.1832
2018-10-05	CoreStrategy	1.6946
2018-10-05	CapitalStable	3.2824
2018-10-05	Balanced	3.9554
2018-10-05	HighGrowth	5.6195
2018-10-05	Cash	2.1831
2018-10-04	CoreStrategy	1.6916
2018-10-04	CapitalStable	3.2792
2018-10-04	Balanced	3.95
2018-10-04	HighGrowth	5.6072
2018-10-04	Cash	2.183
2018-10-03	CoreStrategy	1.6939
2018-10-03	CapitalStable	3.2799
2018-10-03	Balanced	3.9534
2018-10-03	HighGrowth	5.6196
2018-10-03	Cash	2.1829
2018-10-02	CoreStrategy	1.6935
2018-10-02	CapitalStable	3.2794
2018-10-02	Balanced	3.9528
2018-10-02	HighGrowth	5.6188
2018-10-02	Cash	2.1828
2018-09-29	CoreStrategy	1.6943
2018-09-29	CapitalStable	3.2792
2018-09-29	Balanced	3.9538
2018-09-29	HighGrowth	5.6234
2018-09-29	Cash	2.1824
2018-09-28	CoreStrategy	1.692
2018-09-28	CapitalStable	3.2765
2018-09-28	Balanced	3.9501
2018-09-28	HighGrowth	5.6165
2018-09-28	Cash	2.1823
2018-09-27	CoreStrategy	1.6914
2018-09-27	CapitalStable	3.276
2018-09-27	Balanced	3.9492
2018-09-27	HighGrowth	5.6142
2018-09-27	Cash	2.1822
2018-09-26	CoreStrategy	1.6901
2018-09-26	CapitalStable	3.275
2018-09-26	Balanced	3.9475
2018-09-26	HighGrowth	5.6102
2018-09-26	Cash	2.1821
2018-09-25	CoreStrategy	1.6926
2018-09-25	CapitalStable	3.278
2018-09-25	Balanced	3.9533
2018-09-25	HighGrowth	5.6232
2018-09-25	Cash	2.1818
2018-09-22	CoreStrategy	1.6904
2018-09-22	CapitalStable	3.2761
2018-09-22	Balanced	3.9493
2018-09-22	HighGrowth	5.613
2018-09-22	Cash	2.1817
2018-09-21	CoreStrategy	1.6873
2018-09-21	CapitalStable	3.2732
2018-09-21	Balanced	3.9437
2018-09-21	HighGrowth	5.5994
2018-09-21	Cash	2.1816
2018-09-20	CoreStrategy	1.6864
2018-09-20	CapitalStable	3.2726
2018-09-20	Balanced	3.9417
2018-09-20	HighGrowth	5.5938
2018-09-20	Cash	2.1815
2018-09-19	CoreStrategy	1.6875
2018-09-19	CapitalStable	3.2729
2018-09-19	Balanced	3.9421
2018-09-19	HighGrowth	5.5958
2018-09-19	Cash	2.1813
2018-09-18	CoreStrategy	1.6885
2018-09-18	CapitalStable	3.2734
2018-09-18	Balanced	3.9441
2018-09-18	HighGrowth	5.6018
2018-09-18	Cash	2.181
2018-09-15	CoreStrategy	1.6848
2018-09-15	CapitalStable	3.2701
2018-09-15	Balanced	3.9372
2018-09-15	HighGrowth	5.5839
2018-09-15	Cash	2.1809
2018-09-14	CoreStrategy	1.6857
2018-09-14	CapitalStable	3.271
2018-09-14	Balanced	3.9387
2018-09-14	HighGrowth	5.5879
2018-09-14	Cash	2.1807
2018-09-13	CoreStrategy	1.6861
2018-09-13	CapitalStable	3.2712
2018-09-13	Balanced	3.9391
2018-09-13	HighGrowth	5.5893
2018-09-13	Cash	2.1806
2018-09-12	CoreStrategy	1.6844
2018-09-12	CapitalStable	3.2708
2018-09-12	Balanced	3.9373
2018-09-12	HighGrowth	5.5819
2018-09-12	Cash	2.1805
2018-09-11	CoreStrategy	1.6818
2018-09-11	CapitalStable	3.2688
2018-09-11	Balanced	3.9343
2018-09-11	HighGrowth	5.5747
2018-09-11	Cash	2.1801
2018-09-08	CoreStrategy	1.6801
2018-09-08	CapitalStable	3.2665
2018-09-08	Balanced	3.9314
2018-09-08	HighGrowth	5.5693
2018-09-08	Cash	2.18
2018-09-07	CoreStrategy	1.684
2018-09-07	CapitalStable	3.2704
2018-09-07	Balanced	3.939
2018-09-07	HighGrowth	5.5889
2018-09-07	Cash	2.1798
2018-09-06	CoreStrategy	1.6897
2018-09-06	CapitalStable	3.276
2018-09-06	Balanced	3.95
2018-09-06	HighGrowth	5.6164
2018-09-06	Cash	2.1797
2018-09-05	CoreStrategy	1.6911
2018-09-05	CapitalStable	3.2773
2018-09-05	Balanced	3.9527
2018-09-05	HighGrowth	5.6238
2018-09-05	Cash	2.1796
2018-09-04	CoreStrategy	1.6921
2018-09-04	CapitalStable	3.2781
2018-09-04	Balanced	3.9546
2018-09-04	HighGrowth	5.6287
2018-09-04	Cash	2.1793
2018-09-01	CoreStrategy	1.6919
2018-09-01	CapitalStable	3.2782
2018-09-01	Balanced	3.9546
2018-09-01	HighGrowth	5.6283
2018-09-01	Cash	2.1792
2018-08-31	CoreStrategy	1.694
2018-08-31	CapitalStable	3.2801
2018-08-31	Balanced	3.959
2018-08-31	HighGrowth	5.6396
2018-08-31	Cash	2.1791
2018-08-30	CoreStrategy	1.6891
2018-08-30	CapitalStable	3.2755
2018-08-30	Balanced	3.9499
2018-08-30	HighGrowth	5.6163
2018-08-30	Cash	2.1789
2018-08-29	CoreStrategy	1.6874
2018-08-29	CapitalStable	3.2754
2018-08-29	Balanced	3.9481
2018-08-29	HighGrowth	5.6082
2018-08-29	Cash	2.1788
2018-08-28	CoreStrategy	1.6838
2018-08-28	CapitalStable	3.2721
2018-08-28	Balanced	3.9412
2018-08-28	HighGrowth	5.5905
2018-08-28	Cash	2.1784
2018-08-25	CoreStrategy	1.6839
2018-08-25	CapitalStable	3.2722
2018-08-25	Balanced	3.941
2018-08-25	HighGrowth	5.5897
2018-08-25	Cash	2.1783
2018-08-24	CoreStrategy	1.6789
2018-08-24	CapitalStable	3.2677
2018-08-24	Balanced	3.9339
2018-08-24	HighGrowth	5.5736
2018-08-24	Cash	2.1782
2018-08-23	CoreStrategy	1.6784
2018-08-23	CapitalStable	3.2674
2018-08-23	Balanced	3.9334
2018-08-23	HighGrowth	5.5724
2018-08-23	Cash	2.1781
2018-08-22	CoreStrategy	1.6792
2018-08-22	CapitalStable	3.2683
2018-08-22	Balanced	3.9347
2018-08-22	HighGrowth	5.5759
2018-08-22	Cash	2.178
2018-08-21	CoreStrategy	1.6771
2018-08-21	CapitalStable	3.2664
2018-08-21	Balanced	3.9306
2018-08-21	HighGrowth	5.5654
2018-08-21	Cash	2.1777
2018-08-18	CoreStrategy	1.6761
2018-08-18	CapitalStable	3.2651
2018-08-18	Balanced	3.9282
2018-08-18	HighGrowth	5.5597
2018-08-18	Cash	2.1775
2018-08-17	CoreStrategy	1.6774
2018-08-17	CapitalStable	3.2667
2018-08-17	Balanced	3.93
2018-08-17	HighGrowth	5.5629
2018-08-17	Cash	2.1775
2018-08-16	CoreStrategy	1.6791
2018-08-16	CapitalStable	3.2681
2018-08-16	Balanced	3.9334
2018-08-16	HighGrowth	5.5715
2018-08-16	Cash	2.1774
2018-08-15	CoreStrategy	1.6747
2018-08-15	CapitalStable	3.2646
2018-08-15	Balanced	3.9261
2018-08-15	HighGrowth	5.5517
2018-08-15	Cash	2.1772
2018-08-14	CoreStrategy	1.6778
2018-08-14	CapitalStable	3.2666
2018-08-14	Balanced	3.9311
2018-08-14	HighGrowth	5.5663
2018-08-14	Cash	2.1768
2018-08-11	CoreStrategy	1.6807
2018-08-11	CapitalStable	3.2693
2018-08-11	Balanced	3.9371
2018-08-11	HighGrowth	5.582
2018-08-11	Cash	2.1767
2018-08-10	CoreStrategy	1.6794
2018-08-10	CapitalStable	3.2683
2018-08-10	Balanced	3.9351
2018-08-10	HighGrowth	5.5764
2018-08-10	Cash	2.1766
2018-08-09	CoreStrategy	1.679
2018-08-09	CapitalStable	3.2683
2018-08-09	Balanced	3.9349
2018-08-09	HighGrowth	5.5756
2018-08-09	Cash	2.1768
2018-08-08	CoreStrategy	1.6796
2018-08-08	CapitalStable	3.2681
2018-08-08	Balanced	3.9349
2018-08-08	HighGrowth	5.5766
2018-08-08	Cash	2.1767
2018-08-07	CoreStrategy	1.6776
2018-08-07	CapitalStable	3.2659
2018-08-07	Balanced	3.9313
2018-08-07	HighGrowth	5.568
2018-08-07	Cash	2.1763
2018-08-04	CoreStrategy	1.6772
2018-08-04	CapitalStable	3.2662
2018-08-04	Balanced	3.9309
2018-08-04	HighGrowth	5.5656
2018-08-04	Cash	2.1762
2018-08-03	CoreStrategy	1.679
2018-08-03	CapitalStable	3.2677
2018-08-03	Balanced	3.9342
2018-08-03	HighGrowth	5.5749
2018-08-03	Cash	2.1761
2018-08-02	CoreStrategy	1.6785
2018-08-02	CapitalStable	3.2667
2018-08-02	Balanced	3.9331
2018-08-02	HighGrowth	5.5729
2018-08-02	Cash	2.1759
2018-08-01	CoreStrategy	1.678
2018-08-01	CapitalStable	3.2667
2018-08-01	Balanced	3.9324
2018-08-01	HighGrowth	5.5706
2018-08-01	Cash	2.1758
2018-07-31	CoreStrategy	1.6796
2018-07-31	CapitalStable	3.2673
2018-07-31	Balanced	3.935
2018-07-31	HighGrowth	5.5798
2018-07-31	Cash	2.1755
2018-07-28	CoreStrategy	1.6778
2018-07-28	CapitalStable	3.2651
2018-07-28	Balanced	3.9314
2018-07-28	HighGrowth	5.5716
2018-07-28	Cash	2.1754
2018-07-27	CoreStrategy	1.6751
2018-07-27	CapitalStable	3.2619
2018-07-27	Balanced	3.9262
2018-07-27	HighGrowth	5.5604
2018-07-27	Cash	2.1753
2018-07-26	CoreStrategy	1.6727
2018-07-26	CapitalStable	3.2591
2018-07-26	Balanced	3.9215
2018-07-26	HighGrowth	5.5501
2018-07-26	Cash	2.1752
2018-07-25	CoreStrategy	1.6709
2018-07-25	CapitalStable	3.2572
2018-07-25	Balanced	3.9177
2018-07-25	HighGrowth	5.5407
2018-07-25	Cash	2.175
2018-07-24	CoreStrategy	1.672
2018-07-24	CapitalStable	3.2586
2018-07-24	Balanced	3.9202
2018-07-24	HighGrowth	5.5467
2018-07-24	Cash	2.1747
2018-07-21	CoreStrategy	1.6728
2018-07-21	CapitalStable	3.2595
2018-07-21	Balanced	3.9214
2018-07-21	HighGrowth	5.5494
2018-07-21	Cash	2.1746
2018-07-20	CoreStrategy	1.6714
2018-07-20	CapitalStable	3.2583
2018-07-20	Balanced	3.9195
2018-07-20	HighGrowth	5.5446
2018-07-20	Cash	2.1745
2018-07-19	CoreStrategy	1.6684
2018-07-19	CapitalStable	3.2554
2018-07-19	Balanced	3.914
2018-07-19	HighGrowth	5.5312
2018-07-19	Cash	2.1744
2018-07-18	CoreStrategy	1.6677
2018-07-18	CapitalStable	3.2528
2018-07-18	Balanced	3.9107
2018-07-18	HighGrowth	5.5275
2018-07-18	Cash	2.1742
2018-07-17	CoreStrategy	1.6694
2018-07-17	CapitalStable	3.2542
2018-07-17	Balanced	3.9139
2018-07-17	HighGrowth	5.5363
2018-07-17	Cash	2.1739
2018-07-14	CoreStrategy	1.6684
2018-07-14	CapitalStable	3.253
2018-07-14	Balanced	3.9118
2018-07-14	HighGrowth	5.5312
2018-07-14	Cash	2.1739
2018-07-13	CoreStrategy	1.6648
2018-07-13	CapitalStable	3.2492
2018-07-13	Balanced	3.9044
2018-07-13	HighGrowth	5.5132
2018-07-13	Cash	2.1737
2018-07-12	CoreStrategy	1.6675
2018-07-12	CapitalStable	3.2508
2018-07-12	Balanced	3.9095
2018-07-12	HighGrowth	5.5283
2018-07-12	Cash	2.1735
2018-07-11	CoreStrategy	1.6671
2018-07-11	CapitalStable	3.2502
2018-07-11	Balanced	3.9089
2018-07-11	HighGrowth	5.5279
2018-07-11	Cash	2.1734
2018-07-10	CoreStrategy	1.6642
2018-07-10	CapitalStable	3.248
2018-07-10	Balanced	3.9041
2018-07-10	HighGrowth	5.5152
2018-07-10	Cash	2.173
2018-07-07	CoreStrategy	1.6602
2018-07-07	CapitalStable	3.2439
2018-07-07	Balanced	3.8966
2018-07-07	HighGrowth	5.4968
2018-07-07	Cash	2.1728
2018-07-06	CoreStrategy	1.6559
2018-07-06	CapitalStable	3.2395
2018-07-06	Balanced	3.888
2018-07-06	HighGrowth	5.4767
2018-07-06	Cash	2.1727
2018-07-05	CoreStrategy	1.6567
2018-07-05	CapitalStable	3.2398
2018-07-05	Balanced	3.8894
2018-07-05	HighGrowth	5.4819
2018-07-05	Cash	2.1725
2018-07-04	CoreStrategy	1.6572
2018-07-04	CapitalStable	3.2393
2018-07-04	Balanced	3.8894
2018-07-04	HighGrowth	5.4835
2018-07-04	Cash	2.1723
2018-07-03	CoreStrategy	1.6575
2018-07-03	CapitalStable	3.2401
2018-07-03	Balanced	3.8907
2018-07-03	HighGrowth	5.4858
2018-07-03	Cash	2.172
2018-06-30	CoreStrategy	1.6575
2018-06-30	CapitalStable	3.2401
2018-06-30	Balanced	3.8907
2018-06-30	HighGrowth	5.4858
2018-06-30	Cash	2.172
2018-06-29	CoreStrategy	1.6526
2018-06-29	CapitalStable	3.237
2018-06-29	Balanced	3.8828
2018-06-29	HighGrowth	5.4644
2018-06-29	Cash	2.1717
2018-06-28	CoreStrategy	1.6546
2018-06-28	CapitalStable	3.2387
2018-06-28	Balanced	3.8869
2018-06-28	HighGrowth	5.4754
2018-06-28	Cash	2.1715
2018-06-27	CoreStrategy	1.6549
2018-06-27	CapitalStable	3.2385
2018-06-27	Balanced	3.8868
2018-06-27	HighGrowth	5.4759
2018-06-27	Cash	2.1714
2018-06-26	CoreStrategy	1.6594
2018-06-26	CapitalStable	3.2428
2018-06-26	Balanced	3.8961
2018-06-26	HighGrowth	5.4997
2018-06-26	Cash	2.1712
2018-06-23	CoreStrategy	1.6596
2018-06-23	CapitalStable	3.2432
2018-06-23	Balanced	3.8959
2018-06-23	HighGrowth	5.4983
2018-06-23	Cash	2.171
2018-06-22	CoreStrategy	1.6605
2018-06-22	CapitalStable	3.2437
2018-06-22	Balanced	3.8976
2018-06-22	HighGrowth	5.5028
2018-06-22	Cash	2.1712
2018-06-21	CoreStrategy	1.6574
2018-06-21	CapitalStable	3.2403
2018-06-21	Balanced	3.8912
2018-06-21	HighGrowth	5.4866
2018-06-21	Cash	2.1711
2018-06-20	CoreStrategy	1.6587
2018-06-20	CapitalStable	3.2416
2018-06-20	Balanced	3.8947
2018-06-20	HighGrowth	5.4963
2018-06-20	Cash	2.171
2018-06-19	CoreStrategy	1.6593
2018-06-19	CapitalStable	3.2421
2018-06-19	Balanced	3.8959
2018-06-19	HighGrowth	5.4993
2018-06-19	Cash	2.1706
2018-06-16	CoreStrategy	1.6541
2018-06-16	CapitalStable	3.2376
2018-06-16	Balanced	3.8879
2018-06-16	HighGrowth	5.4788
2018-06-16	Cash	2.1705
2018-06-15	CoreStrategy	1.6499
2018-06-15	CapitalStable	3.2345
2018-06-15	Balanced	3.8824
2018-06-15	HighGrowth	5.4646
2018-06-15	Cash	2.1704
2018-06-14	CoreStrategy	1.6516
2018-06-14	CapitalStable	3.2359
2018-06-14	Balanced	3.8856
2018-06-14	HighGrowth	5.4735
2018-06-14	Cash	2.1703
2018-06-13	CoreStrategy	1.6507
2018-06-13	CapitalStable	3.2349
2018-06-13	Balanced	3.884
2018-06-13	HighGrowth	5.47
2018-06-13	Cash	2.1699
2018-06-09	CoreStrategy	1.6488
2018-06-09	CapitalStable	3.2346
2018-06-09	Balanced	3.882
2018-06-09	HighGrowth	5.4623
2018-06-09	Cash	2.1698
2018-06-08	CoreStrategy	1.6462
2018-06-08	CapitalStable	3.2326
2018-06-08	Balanced	3.8781
2018-06-08	HighGrowth	5.4516
2018-06-08	Cash	2.1696
2018-06-07	CoreStrategy	1.6438
2018-06-07	CapitalStable	3.2306
2018-06-07	Balanced	3.8732
2018-06-07	HighGrowth	5.4387
2018-06-07	Cash	2.1695
2018-06-06	CoreStrategy	1.6436
2018-06-06	CapitalStable	3.2307
2018-06-06	Balanced	3.8735
2018-06-06	HighGrowth	5.4396
2018-06-06	Cash	2.1695
2018-06-05	CoreStrategy	1.6435
2018-06-05	CapitalStable	3.2303
2018-06-05	Balanced	3.872
2018-06-05	HighGrowth	5.435
2018-06-05	Cash	2.1691
2018-06-02	CoreStrategy	1.6413
2018-06-02	CapitalStable	3.2287
2018-06-02	Balanced	3.8679
2018-06-02	HighGrowth	5.4235
2018-06-02	Cash	2.169
2018-06-01	CoreStrategy	1.6405
2018-06-01	CapitalStable	3.2286
2018-06-01	Balanced	3.8674
2018-06-01	HighGrowth	5.4211
2018-06-01	Cash	2.1689
2018-05-31	CoreStrategy	1.6412
2018-05-31	CapitalStable	3.2296
2018-05-31	Balanced	3.8681
2018-05-31	HighGrowth	5.4217
2018-05-31	Cash	2.1689
2018-05-30	CoreStrategy	1.6447
2018-05-30	CapitalStable	3.2342
2018-05-30	Balanced	3.8766
2018-05-30	HighGrowth	5.4407
2018-05-30	Cash	2.1687
2018-05-29	CoreStrategy	1.647
2018-05-29	CapitalStable	3.2357
2018-05-29	Balanced	3.8802
2018-05-29	HighGrowth	5.451
2018-05-29	Cash	2.1684
2018-05-26	CoreStrategy	1.6472
2018-05-26	CapitalStable	3.2357
2018-05-26	Balanced	3.8803
2018-05-26	HighGrowth	5.4514
2018-05-26	Cash	2.1683
2018-05-25	CoreStrategy	1.6485
2018-05-25	CapitalStable	3.2368
2018-05-25	Balanced	3.8823
2018-05-25	HighGrowth	5.4564
2018-05-25	Cash	2.1682
2018-05-24	CoreStrategy	1.6496
2018-05-24	CapitalStable	3.2378
2018-05-24	Balanced	3.8847
2018-05-24	HighGrowth	5.4629
2018-05-24	Cash	2.1682
2018-05-23	CoreStrategy	1.6517
2018-05-23	CapitalStable	3.2393
2018-05-23	Balanced	3.8881
2018-05-23	HighGrowth	5.4725
2018-05-23	Cash	2.1682
2018-05-22	CoreStrategy	1.6524
2018-05-22	CapitalStable	3.241
2018-05-22	Balanced	3.8896
2018-05-22	HighGrowth	5.4729
2018-05-22	Cash	2.1678
2018-05-19	CoreStrategy	1.6539
2018-05-19	CapitalStable	3.2426
2018-05-19	Balanced	3.8924
2018-05-19	HighGrowth	5.4796
2018-05-19	Cash	2.1678
2018-05-18	CoreStrategy	1.6542
2018-05-18	CapitalStable	3.2427
2018-05-18	Balanced	3.8927
2018-05-18	HighGrowth	5.4807
2018-05-18	Cash	2.1677
2018-05-17	CoreStrategy	1.6529
2018-05-17	CapitalStable	3.241
2018-05-17	Balanced	3.8897
2018-05-17	HighGrowth	5.4739
2018-05-17	Cash	2.1676
2018-05-16	CoreStrategy	1.6536
2018-05-16	CapitalStable	3.2424
2018-05-16	Balanced	3.8922
2018-05-16	HighGrowth	5.4796
2018-05-16	Cash	2.1674
2018-05-15	CoreStrategy	1.6519
2018-05-15	CapitalStable	3.2404
2018-05-15	Balanced	3.8887
2018-05-15	HighGrowth	5.4717
2018-05-15	Cash	2.167
2018-05-12	CoreStrategy	1.6524
2018-05-12	CapitalStable	3.2407
2018-05-12	Balanced	3.8891
2018-05-12	HighGrowth	5.4731
2018-05-12	Cash	2.1669
2018-05-11	CoreStrategy	1.6507
2018-05-11	CapitalStable	3.2388
2018-05-11	Balanced	3.8852
2018-05-11	HighGrowth	5.4634
2018-05-11	Cash	2.1667
2018-05-10	CoreStrategy	1.648
2018-05-10	CapitalStable	3.2362
2018-05-10	Balanced	3.8801
2018-05-10	HighGrowth	5.4508
2018-05-10	Cash	2.1665
2018-05-09	CoreStrategy	1.645
2018-05-09	CapitalStable	3.234
2018-05-09	Balanced	3.8757
2018-05-09	HighGrowth	5.4393
2018-05-09	Cash	2.1664
2018-05-08	CoreStrategy	1.6421
2018-05-08	CapitalStable	3.2313
2018-05-08	Balanced	3.8708
2018-05-08	HighGrowth	5.4271
2018-05-08	Cash	2.1661
2018-05-05	CoreStrategy	1.6417
2018-05-05	CapitalStable	3.2314
2018-05-05	Balanced	3.8698
2018-05-05	HighGrowth	5.4232
2018-05-05	Cash	2.1659
2018-05-04	CoreStrategy	1.6416
2018-05-04	CapitalStable	3.2321
2018-05-04	Balanced	3.8705
2018-05-04	HighGrowth	5.4235
2018-05-04	Cash	2.1658
2018-05-03	CoreStrategy	1.6429
2018-05-03	CapitalStable	3.2326
2018-05-03	Balanced	3.8719
2018-05-03	HighGrowth	5.4275
2018-05-03	Cash	2.1656
2018-05-02	CoreStrategy	1.6396
2018-05-02	CapitalStable	3.2296
2018-05-02	Balanced	3.8665
2018-05-02	HighGrowth	5.4142
2018-05-02	Cash	2.1655
2018-05-01	CoreStrategy	1.6383
2018-05-01	CapitalStable	3.2283
2018-05-01	Balanced	3.8645
2018-05-01	HighGrowth	5.4095
2018-05-01	Cash	2.1651
2018-04-28	CoreStrategy	1.636
2018-04-28	CapitalStable	3.2257
2018-04-28	Balanced	3.86
2018-04-28	HighGrowth	5.3988
2018-04-28	Cash	2.1649
2018-04-27	CoreStrategy	1.6335
2018-04-27	CapitalStable	3.2225
2018-04-27	Balanced	3.8543
2018-04-27	HighGrowth	5.386
2018-04-27	Cash	2.1648
2018-04-25	CoreStrategy	1.6347
2018-04-25	CapitalStable	3.2236
2018-04-25	Balanced	3.8575
2018-04-25	HighGrowth	5.3948
2018-04-25	Cash	2.1646
2018-04-24	CoreStrategy	1.6328
2018-04-24	CapitalStable	3.2218
2018-04-24	Balanced	3.8544
2018-04-24	HighGrowth	5.3874
2018-04-24	Cash	2.1643
2018-04-21	CoreStrategy	1.6322
2018-04-21	CapitalStable	3.2213
2018-04-21	Balanced	3.8542
2018-04-21	HighGrowth	5.3877
2018-04-21	Cash	2.1641
2018-04-20	CoreStrategy	1.63
2018-04-20	CapitalStable	3.2194
2018-04-20	Balanced	3.8508
2018-04-20	HighGrowth	5.3794
2018-04-20	Cash	2.164
2018-04-19	CoreStrategy	1.6277
2018-04-19	CapitalStable	3.2171
2018-04-19	Balanced	3.8461
2018-04-19	HighGrowth	5.3678
2018-04-19	Cash	2.1639
2018-04-18	CoreStrategy	1.6251
2018-04-18	CapitalStable	3.2148
2018-04-18	Balanced	3.8414
2018-04-18	HighGrowth	5.3557
2018-04-18	Cash	2.1637
2018-04-17	CoreStrategy	1.6234
2018-04-17	CapitalStable	3.2134
2018-04-17	Balanced	3.8385
2018-04-17	HighGrowth	5.3483
2018-04-17	Cash	2.1634
2018-04-14	CoreStrategy	1.6239
2018-04-14	CapitalStable	3.2133
2018-04-14	Balanced	3.839
2018-04-14	HighGrowth	5.3506
2018-04-14	Cash	2.1633
2018-04-13	CoreStrategy	1.6221
2018-04-13	CapitalStable	3.2114
2018-04-13	Balanced	3.8354
2018-04-13	HighGrowth	5.342
2018-04-13	Cash	2.1632
2018-04-12	CoreStrategy	1.6237
2018-04-12	CapitalStable	3.2131
2018-04-12	Balanced	3.8388
2018-04-12	HighGrowth	5.3511
2018-04-12	Cash	2.1631
2018-04-11	CoreStrategy	1.6197
2018-04-11	CapitalStable	3.2095
2018-04-11	Balanced	3.8307
2018-04-11	HighGrowth	5.3296
2018-04-11	Cash	2.1629
2018-04-10	CoreStrategy	1.6186
2018-04-10	CapitalStable	3.2092
2018-04-10	Balanced	3.8291
2018-04-10	HighGrowth	5.3236
2018-04-10	Cash	2.1627
2018-04-07	CoreStrategy	1.6214
2018-04-07	CapitalStable	3.2099
2018-04-07	Balanced	3.8337
2018-04-07	HighGrowth	5.3407
2018-04-07	Cash	2.1625
2018-04-06	CoreStrategy	1.616
2018-04-06	CapitalStable	3.2047
2018-04-06	Balanced	3.8232
2018-04-06	HighGrowth	5.3142
2018-04-06	Cash	2.1623
2018-04-05	CoreStrategy	1.6174
2018-04-05	CapitalStable	3.2053
2018-04-05	Balanced	3.8244
2018-04-05	HighGrowth	5.3172
2018-04-05	Cash	2.1622
2018-04-04	CoreStrategy	1.6161
2018-04-04	CapitalStable	3.2037
2018-04-04	Balanced	3.8216
2018-04-04	HighGrowth	5.3113
2018-04-04	Cash	2.1619
2018-03-30	CoreStrategy	1.6174
2018-03-30	CapitalStable	3.2047
2018-03-30	Balanced	3.8239
2018-03-30	HighGrowth	5.3178
2018-03-30	Cash	2.1615
2018-03-29	CoreStrategy	1.6188
2018-03-29	CapitalStable	3.2057
2018-03-29	Balanced	3.827
2018-03-29	HighGrowth	5.3272
2018-03-29	Cash	2.1614
2018-03-28	CoreStrategy	1.6166
2018-03-28	CapitalStable	3.203
2018-03-28	Balanced	3.8228
2018-03-28	HighGrowth	5.3185
2018-03-28	Cash	2.1613
2018-03-27	CoreStrategy	1.6131
2018-03-27	CapitalStable	3.1991
2018-03-27	Balanced	3.8154
2018-03-27	HighGrowth	5.301
2018-03-27	Cash	2.161
2018-03-24	CoreStrategy	1.6249
2018-03-24	CapitalStable	3.2108
2018-03-24	Balanced	3.8378
2018-03-24	HighGrowth	5.3567
2018-03-24	Cash	2.1609
2018-03-23	CoreStrategy	1.6298
2018-03-23	CapitalStable	3.2154
2018-03-23	Balanced	3.8484
2018-03-23	HighGrowth	5.3846
2018-03-23	Cash	2.1608
2018-03-22	CoreStrategy	1.6293
2018-03-22	CapitalStable	3.2147
2018-03-22	Balanced	3.8473
2018-03-22	HighGrowth	5.3824
2018-03-22	Cash	2.1608
2018-03-21	CoreStrategy	1.6294
2018-03-21	CapitalStable	3.2148
2018-03-21	Balanced	3.8477
2018-03-21	HighGrowth	5.3837
2018-03-21	Cash	2.1606
2018-03-20	CoreStrategy	1.6299
2018-03-20	CapitalStable	3.2148
2018-03-20	Balanced	3.8493
2018-03-20	HighGrowth	5.3902
2018-03-20	Cash	2.1603
2018-03-17	CoreStrategy	1.6247
2018-03-17	CapitalStable	3.2101
2018-03-17	Balanced	3.8411
2018-03-17	HighGrowth	5.3701
2018-03-17	Cash	2.1601
2018-03-16	CoreStrategy	1.6228
2018-03-16	CapitalStable	3.2086
2018-03-16	Balanced	3.8387
2018-03-16	HighGrowth	5.3646
2018-03-16	Cash	2.1601
2018-03-15	CoreStrategy	1.6252
2018-03-15	CapitalStable	3.2129
2018-03-15	Balanced	3.8457
2018-03-15	HighGrowth	5.3778
2018-03-15	Cash	2.16
2018-03-14	CoreStrategy	1.6287
2018-03-14	CapitalStable	3.2162
2018-03-14	Balanced	3.8524
2018-03-14	HighGrowth	5.3949
2018-03-14	Cash	2.1599
2018-03-13	CoreStrategy	1.6263
2018-03-13	CapitalStable	3.2139
2018-03-13	Balanced	3.8479
2018-03-13	HighGrowth	5.3834
2018-03-13	Cash	2.1596
2018-03-10	CoreStrategy	1.6249
2018-03-10	CapitalStable	3.2118
2018-03-10	Balanced	3.8432
2018-03-10	HighGrowth	5.3717
2018-03-10	Cash	2.1595
2018-03-09	CoreStrategy	1.6194
2018-03-09	CapitalStable	3.2065
2018-03-09	Balanced	3.8333
2018-03-09	HighGrowth	5.3476
2018-03-09	Cash	2.1594
2018-03-08	CoreStrategy	1.6217
2018-03-08	CapitalStable	3.2088
2018-03-08	Balanced	3.8377
2018-03-08	HighGrowth	5.359
2018-03-08	Cash	2.1594
2018-03-07	CoreStrategy	1.6184
2018-03-07	CapitalStable	3.2053
2018-03-07	Balanced	3.8306
2018-03-07	HighGrowth	5.3411
2018-03-07	Cash	2.1593
2018-03-06	CoreStrategy	1.6186
2018-03-06	CapitalStable	3.2067
2018-03-06	Balanced	3.8315
2018-03-06	HighGrowth	5.3401
2018-03-06	Cash	2.1589
2018-03-03	CoreStrategy	1.6215
2018-03-03	CapitalStable	3.2096
2018-03-03	Balanced	3.8371
2018-03-03	HighGrowth	5.3544
2018-03-03	Cash	2.1589
2018-03-02	CoreStrategy	1.6253
2018-03-02	CapitalStable	3.2135
2018-03-02	Balanced	3.8451
2018-03-02	HighGrowth	5.3746
2018-03-02	Cash	2.1588
2018-03-01	CoreStrategy	1.6297
2018-03-01	CapitalStable	3.2174
2018-03-01	Balanced	3.8534
2018-03-01	HighGrowth	5.3961
2018-03-01	Cash	2.1588
2018-02-28	CoreStrategy	1.6306
2018-02-28	CapitalStable	3.2183
2018-02-28	Balanced	3.8558
2018-02-28	HighGrowth	5.4023
2018-02-28	Cash	2.1587
2018-02-27	CoreStrategy	1.6264
2018-02-27	CapitalStable	3.2136
2018-02-27	Balanced	3.847
2018-02-27	HighGrowth	5.3818
2018-02-27	Cash	2.1584
2018-02-24	CoreStrategy	1.6196
2018-02-24	CapitalStable	3.2074
2018-02-24	Balanced	3.8347
2018-02-24	HighGrowth	5.3505
2018-02-24	Cash	2.1584
2018-02-23	CoreStrategy	1.6202
2018-02-23	CapitalStable	3.2077
2018-02-23	Balanced	3.8359
2018-02-23	HighGrowth	5.3542
2018-02-23	Cash	2.1583
2018-02-22	CoreStrategy	1.617
2018-02-22	CapitalStable	3.2046
2018-02-22	Balanced	3.8307
2018-02-22	HighGrowth	5.3422
2018-02-22	Cash	2.1582
2018-02-21	CoreStrategy	1.6182
2018-02-21	CapitalStable	3.2059
2018-02-21	Balanced	3.8332
2018-02-21	HighGrowth	5.3477
2018-02-21	Cash	2.158
2018-02-20	CoreStrategy	1.6163
2018-02-20	CapitalStable	3.2025
2018-02-20	Balanced	3.8285
2018-02-20	HighGrowth	5.3391
2018-02-20	Cash	2.1577
2018-02-17	CoreStrategy	1.6166
2018-02-17	CapitalStable	3.2022
2018-02-17	Balanced	3.8283
2018-02-17	HighGrowth	5.3398
2018-02-17	Cash	2.1576
2018-02-16	CoreStrategy	1.6094
2018-02-16	CapitalStable	3.1956
2018-02-16	Balanced	3.8151
2018-02-16	HighGrowth	5.3066
2018-02-16	Cash	2.1575
2018-02-15	CoreStrategy	1.6047
2018-02-15	CapitalStable	3.1919
2018-02-15	Balanced	3.8063
2018-02-15	HighGrowth	5.2845
2018-02-15	Cash	2.1574
2018-02-14	CoreStrategy	1.6031
2018-02-14	CapitalStable	3.1906
2018-02-14	Balanced	3.8028
2018-02-14	HighGrowth	5.2767
2018-02-14	Cash	2.1573
2018-02-13	CoreStrategy	1.6018
2018-02-13	CapitalStable	3.1934
2018-02-13	Balanced	3.8038
2018-02-13	HighGrowth	5.2687
2018-02-13	Cash	2.1569
2018-02-10	CoreStrategy	1.6061
2018-02-10	CapitalStable	3.1978
2018-02-10	Balanced	3.8119
2018-02-10	HighGrowth	5.2885
2018-02-10	Cash	2.1568
2018-02-09	CoreStrategy	1.6119
2018-02-09	CapitalStable	3.2033
2018-02-09	Balanced	3.8226
2018-02-09	HighGrowth	5.3138
2018-02-09	Cash	2.1567
2018-02-08	CoreStrategy	1.6057
2018-02-08	CapitalStable	3.1974
2018-02-08	Balanced	3.8113
2018-02-08	HighGrowth	5.2863
2018-02-08	Cash	2.1567
2018-02-07	CoreStrategy	1.6147
2018-02-07	CapitalStable	3.2056
2018-02-07	Balanced	3.827
2018-02-07	HighGrowth	5.3262
2018-02-07	Cash	2.1566
2018-02-06	CoreStrategy	1.6292
2018-02-06	CapitalStable	3.2188
2018-02-06	Balanced	3.8542
2018-02-06	HighGrowth	5.3959
2018-02-06	Cash	2.1562
2018-02-03	CoreStrategy	1.6313
2018-02-03	CapitalStable	3.2206
2018-02-03	Balanced	3.8577
2018-02-03	HighGrowth	5.4037
2018-02-03	Cash	2.1561
2018-02-02	CoreStrategy	1.626
2018-02-02	CapitalStable	3.2152
2018-02-02	Balanced	3.8474
2018-02-02	HighGrowth	5.3787
2018-02-02	Cash	2.1559
2018-02-01	CoreStrategy	1.6255
2018-02-01	CapitalStable	3.2144
2018-02-01	Balanced	3.8461
2018-02-01	HighGrowth	5.3759
2018-02-01	Cash	2.1558
2018-01-31	CoreStrategy	1.631
2018-01-31	CapitalStable	3.2189
2018-01-31	Balanced	3.8557
2018-01-31	HighGrowth	5.4015
2018-01-31	Cash	2.1557
2018-01-30	CoreStrategy	1.6321
2018-01-30	CapitalStable	3.2202
2018-01-30	Balanced	3.8582
2018-01-30	HighGrowth	5.4066
2018-01-30	Cash	2.1552
2018-01-26	CoreStrategy	1.6303
2018-01-26	CapitalStable	3.2186
2018-01-26	Balanced	3.8553
2018-01-26	HighGrowth	5.4002
2018-01-26	Cash	2.1551
2018-01-25	CoreStrategy	1.6312
2018-01-25	CapitalStable	3.2189
2018-01-25	Balanced	3.857
2018-01-25	HighGrowth	5.4065
2018-01-25	Cash	2.155
2018-01-24	CoreStrategy	1.6266
2018-01-24	CapitalStable	3.2145
2018-01-24	Balanced	3.8483
2018-01-24	HighGrowth	5.3848
2018-01-24	Cash	2.1549
2018-01-23	CoreStrategy	1.625
2018-01-23	CapitalStable	3.2128
2018-01-23	Balanced	3.8454
2018-01-23	HighGrowth	5.3784
2018-01-23	Cash	2.1546
2018-01-20	CoreStrategy	1.6236
2018-01-20	CapitalStable	3.2113
2018-01-20	Balanced	3.8426
2018-01-20	HighGrowth	5.3719
2018-01-20	Cash	2.1545
2018-01-19	CoreStrategy	1.6241
2018-01-19	CapitalStable	3.2114
2018-01-19	Balanced	3.8434
2018-01-19	HighGrowth	5.375
2018-01-19	Cash	2.1544
2018-01-18	CoreStrategy	1.6249
2018-01-18	CapitalStable	3.2122
2018-01-18	Balanced	3.8449
2018-01-18	HighGrowth	5.3789
2018-01-18	Cash	2.1542
2018-01-17	CoreStrategy	1.6261
2018-01-17	CapitalStable	3.2134
2018-01-17	Balanced	3.8473
2018-01-17	HighGrowth	5.3854
2018-01-17	Cash	2.1541
2018-01-16	CoreStrategy	1.6281
2018-01-16	CapitalStable	3.2154
2018-01-16	Balanced	3.8518
2018-01-16	HighGrowth	5.3966
2018-01-16	Cash	2.1538
2018-01-13	CoreStrategy	1.6259
2018-01-13	CapitalStable	3.2133
2018-01-13	Balanced	3.8478
2018-01-13	HighGrowth	5.3873
2018-01-13	Cash	2.1537
2018-01-12	CoreStrategy	1.6264
2018-01-12	CapitalStable	3.2141
2018-01-12	Balanced	3.8489
2018-01-12	HighGrowth	5.3898
2018-01-12	Cash	2.1536
2018-01-11	CoreStrategy	1.6291
2018-01-11	CapitalStable	3.2164
2018-01-11	Balanced	3.854
2018-01-11	HighGrowth	5.4038
2018-01-11	Cash	2.1535
2018-01-10	CoreStrategy	1.627
2018-01-10	CapitalStable	3.2145
2018-01-10	Balanced	3.8505
2018-01-10	HighGrowth	5.3951
2018-01-10	Cash	2.1533
2018-01-09	CoreStrategy	1.6242
2018-01-09	CapitalStable	3.2105
2018-01-09	Balanced	3.8442
2018-01-09	HighGrowth	5.3823
2018-01-09	Cash	2.153
2018-01-06	CoreStrategy	1.6189
2018-01-06	CapitalStable	3.2042
2018-01-06	Balanced	3.8329
2018-01-06	HighGrowth	5.3569
2018-01-06	Cash	2.1529
2018-01-05	CoreStrategy	1.6149
2018-01-05	CapitalStable	3.2001
2018-01-05	Balanced	3.8262
2018-01-05	HighGrowth	5.3422
2018-01-05	Cash	2.1527
2018-01-04	CoreStrategy	1.6126
2018-01-04	CapitalStable	3.1969
2018-01-04	Balanced	3.8213
2018-01-04	HighGrowth	5.332
2018-01-04	Cash	2.1526
2018-01-03	CoreStrategy	1.61
2018-01-03	CapitalStable	3.1946
2018-01-03	Balanced	3.8164
2018-01-03	HighGrowth	5.3198
2018-01-03	Cash	2.1525
2017-12-30	CoreStrategy	1.6108
2017-12-30	CapitalStable	3.1946
2017-12-30	Balanced	3.8177
2017-12-30	HighGrowth	5.3259
2017-12-30	Cash	2.1521
2017-12-29	CoreStrategy	1.6097
2017-12-29	CapitalStable	3.1941
2017-12-29	Balanced	3.8163
2017-12-29	HighGrowth	5.3213
2017-12-29	Cash	2.1521
2017-12-28	CoreStrategy	1.6104
2017-12-28	CapitalStable	3.1944
2017-12-28	Balanced	3.8177
2017-12-28	HighGrowth	5.3261
2017-12-28	Cash	2.1517
2017-12-23	CoreStrategy	1.6107
2017-12-23	CapitalStable	3.195
2017-12-23	Balanced	3.8187
2017-12-23	HighGrowth	5.3283
2017-12-23	Cash	2.1514
2017-12-22	CoreStrategy	1.61
2017-12-22	CapitalStable	3.1948
2017-12-22	Balanced	3.8182
2017-12-22	HighGrowth	5.327
2017-12-22	Cash	2.1513
2017-12-21	CoreStrategy	1.6087
2017-12-21	CapitalStable	3.193
2017-12-21	Balanced	3.8153
2017-12-21	HighGrowth	5.3219
2017-12-21	Cash	2.1512
2017-12-20	CoreStrategy	1.6064
2017-12-20	CapitalStable	3.1908
2017-12-20	Balanced	3.8109
2017-12-20	HighGrowth	5.3107
2017-12-20	Cash	2.1511
2017-12-19	CoreStrategy	1.6013
2017-12-19	CapitalStable	3.1855
2017-12-19	Balanced	3.8013
2017-12-19	HighGrowth	5.2882
2017-12-19	Cash	2.1508
2017-12-16	CoreStrategy	1.5992
2017-12-16	CapitalStable	3.184
2017-12-16	Balanced	3.7975
2017-12-16	HighGrowth	5.2778
2017-12-16	Cash	2.1507
2017-12-15	CoreStrategy	1.6027
2017-12-15	CapitalStable	3.1876
2017-12-15	Balanced	3.8048
2017-12-15	HighGrowth	5.2957
2017-12-15	Cash	2.1507
2017-12-14	CoreStrategy	1.6048
2017-12-14	CapitalStable	3.1898
2017-12-14	Balanced	3.8092
2017-12-14	HighGrowth	5.3068
2017-12-14	Cash	2.1507
2017-12-13	CoreStrategy	1.605
2017-12-13	CapitalStable	3.1898
2017-12-13	Balanced	3.8094
2017-12-13	HighGrowth	5.3074
2017-12-13	Cash	2.1505
2017-12-12	CoreStrategy	1.6041
2017-12-12	CapitalStable	3.1881
2017-12-12	Balanced	3.8074
2017-12-12	HighGrowth	5.3049
2017-12-12	Cash	2.1502
2017-12-09	CoreStrategy	1.5983
2017-12-09	CapitalStable	3.1823
2017-12-09	Balanced	3.7971
2017-12-09	HighGrowth	5.2804
2017-12-09	Cash	2.1501
2017-12-08	CoreStrategy	1.5938
2017-12-08	CapitalStable	3.1782
2017-12-08	Balanced	3.7883
2017-12-08	HighGrowth	5.258
2017-12-08	Cash	2.15
2017-12-07	CoreStrategy	1.5954
2017-12-07	CapitalStable	3.1792
2017-12-07	Balanced	3.7906
2017-12-07	HighGrowth	5.2643
2017-12-07	Cash	2.1499
2017-12-06	CoreStrategy	1.5973
2017-12-06	CapitalStable	3.1807
2017-12-06	Balanced	3.7943
2017-12-06	HighGrowth	5.2747
2017-12-06	Cash	2.1498
2017-12-05	CoreStrategy	1.5965
2017-12-05	CapitalStable	3.1797
2017-12-05	Balanced	3.7927
2017-12-05	HighGrowth	5.2711
2017-12-05	Cash	2.1494
2017-12-02	CoreStrategy	1.5969
2017-12-02	CapitalStable	3.1805
2017-12-02	Balanced	3.7941
2017-12-02	HighGrowth	5.2739
2017-12-02	Cash	2.1493
2017-12-01	CoreStrategy	1.5988
2017-12-01	CapitalStable	3.182
2017-12-01	Balanced	3.7971
2017-12-01	HighGrowth	5.2824
2017-12-01	Cash	2.1493
2017-11-30	CoreStrategy	1.5961
2017-11-30	CapitalStable	3.1789
2017-11-30	Balanced	3.7917
2017-11-30	HighGrowth	5.27
2017-11-30	Cash	2.1492
2017-11-29	CoreStrategy	1.5928
2017-11-29	CapitalStable	3.1755
2017-11-29	Balanced	3.7851
2017-11-29	HighGrowth	5.2539
2017-11-29	Cash	2.149
2017-11-28	CoreStrategy	1.5935
2017-11-28	CapitalStable	3.1753
2017-11-28	Balanced	3.7859
2017-11-28	HighGrowth	5.2584
2017-11-28	Cash	2.1486
2017-11-25	CoreStrategy	1.5928
2017-11-25	CapitalStable	3.1747
2017-11-25	Balanced	3.7846
2017-11-25	HighGrowth	5.2548
2017-11-25	Cash	2.1485
2017-11-24	CoreStrategy	1.5936
2017-11-24	CapitalStable	3.1754
2017-11-24	Balanced	3.7864
2017-11-24	HighGrowth	5.2598
2017-11-24	Cash	2.1484
2017-11-23	CoreStrategy	1.5914
2017-11-23	CapitalStable	3.1732
2017-11-23	Balanced	3.7827
2017-11-23	HighGrowth	5.2517
2017-11-23	Cash	2.1483
2017-11-22	CoreStrategy	1.5898
2017-11-22	CapitalStable	3.1711
2017-11-22	Balanced	3.7794
2017-11-22	HighGrowth	5.2444
2017-11-22	Cash	2.1483
2017-11-21	CoreStrategy	1.5894
2017-11-21	CapitalStable	3.17
2017-11-21	Balanced	3.7781
2017-11-21	HighGrowth	5.2427
2017-11-21	Cash	2.148
2017-11-18	CoreStrategy	1.5856
2017-11-18	CapitalStable	3.1666
2017-11-18	Balanced	3.7713
2017-11-18	HighGrowth	5.2257
2017-11-18	Cash	2.1479
2017-11-17	CoreStrategy	1.5824
2017-11-17	CapitalStable	3.1638
2017-11-17	Balanced	3.7653
2017-11-17	HighGrowth	5.2104
2017-11-17	Cash	2.1478
2017-11-16	CoreStrategy	1.5841
2017-11-16	CapitalStable	3.166
2017-11-16	Balanced	3.7688
2017-11-16	HighGrowth	5.218
2017-11-16	Cash	2.1477
2017-11-15	CoreStrategy	1.5858
2017-11-15	CapitalStable	3.1683
2017-11-15	Balanced	3.7724
2017-11-15	HighGrowth	5.2258
2017-11-15	Cash	2.1476
2017-11-14	CoreStrategy	1.5843
2017-11-14	CapitalStable	3.1679
2017-11-14	Balanced	3.7706
2017-11-14	HighGrowth	5.2191
2017-11-14	Cash	2.1472
2017-11-11	CoreStrategy	1.5873
2017-11-11	CapitalStable	3.1705
2017-11-11	Balanced	3.7757
2017-11-11	HighGrowth	5.232
2017-11-11	Cash	2.1471
2017-11-10	CoreStrategy	1.5865
2017-11-10	CapitalStable	3.1698
2017-11-10	Balanced	3.7743
2017-11-10	HighGrowth	5.2284
2017-11-10	Cash	2.147
2017-11-09	CoreStrategy	1.5875
2017-11-09	CapitalStable	3.1706
2017-11-09	Balanced	3.7759
2017-11-09	HighGrowth	5.2323
2017-11-09	Cash	2.1469
2017-11-08	CoreStrategy	1.5851
2017-11-08	CapitalStable	3.168
2017-11-08	Balanced	3.7714
2017-11-08	HighGrowth	5.2212
2017-11-08	Cash	2.1468
2017-11-07	CoreStrategy	1.5847
2017-11-07	CapitalStable	3.1672
2017-11-07	Balanced	3.7706
2017-11-07	HighGrowth	5.2204
2017-11-07	Cash	2.1465
2017-11-04	CoreStrategy	1.5791
2017-11-04	CapitalStable	3.162
2017-11-04	Balanced	3.7604
2017-11-04	HighGrowth	5.1955
2017-11-04	Cash	2.1463
2017-11-03	CoreStrategy	1.5805
2017-11-03	CapitalStable	3.163
2017-11-03	Balanced	3.7631
2017-11-03	HighGrowth	5.2035
2017-11-03	Cash	2.1462
2017-11-02	CoreStrategy	1.5785
2017-11-02	CapitalStable	3.1608
2017-11-02	Balanced	3.7591
2017-11-02	HighGrowth	5.1939
2017-11-02	Cash	2.1463
2017-11-01	CoreStrategy	1.5773
2017-11-01	CapitalStable	3.1598
2017-11-01	Balanced	3.7567
2017-11-01	HighGrowth	5.1879
2017-11-01	Cash	2.1462
2017-10-31	CoreStrategy	1.577
2017-10-31	CapitalStable	3.1593
2017-10-31	Balanced	3.7565
2017-10-31	HighGrowth	5.1886
2017-10-31	Cash	2.1458
2017-10-28	CoreStrategy	1.576
2017-10-28	CapitalStable	3.1577
2017-10-28	Balanced	3.754
2017-10-28	HighGrowth	5.1832
2017-10-28	Cash	2.1457
2017-10-27	CoreStrategy	1.5746
2017-10-27	CapitalStable	3.156
2017-10-27	Balanced	3.7509
2017-10-27	HighGrowth	5.1764
2017-10-27	Cash	2.1453
2017-10-26	CoreStrategy	1.5709
2017-10-26	CapitalStable	3.1533
2017-10-26	Balanced	3.7446
2017-10-26	HighGrowth	5.1594
2017-10-26	Cash	2.1452
2017-10-25	CoreStrategy	1.5692
2017-10-25	CapitalStable	3.1516
2017-10-25	Balanced	3.7412
2017-10-25	HighGrowth	5.1508
2017-10-25	Cash	2.1452
2017-10-24	CoreStrategy	1.5696
2017-10-24	CapitalStable	3.1518
2017-10-24	Balanced	3.742
2017-10-24	HighGrowth	5.1538
2017-10-24	Cash	2.1449
2017-10-21	CoreStrategy	1.566
2017-10-21	CapitalStable	3.1486
2017-10-21	Balanced	3.7347
2017-10-21	HighGrowth	5.1347
2017-10-21	Cash	2.1448
2017-10-20	CoreStrategy	1.5683
2017-10-20	CapitalStable	3.1503
2017-10-20	Balanced	3.7389
2017-10-20	HighGrowth	5.1464
2017-10-20	Cash	2.1447
2017-10-19	CoreStrategy	1.568
2017-10-19	CapitalStable	3.1493
2017-10-19	Balanced	3.7379
2017-10-19	HighGrowth	5.1453
2017-10-19	Cash	2.1445
2017-10-18	CoreStrategy	1.5662
2017-10-18	CapitalStable	3.1475
2017-10-18	Balanced	3.7344
2017-10-18	HighGrowth	5.1363
2017-10-18	Cash	2.1444
2017-10-17	CoreStrategy	1.5631
2017-10-17	CapitalStable	3.1449
2017-10-17	Balanced	3.7288
2017-10-17	HighGrowth	5.1216
2017-10-17	Cash	2.1442
2017-10-14	CoreStrategy	1.5642
2017-10-14	CapitalStable	3.1458
2017-10-14	Balanced	3.731
2017-10-14	HighGrowth	5.1273
2017-10-14	Cash	2.1441
2017-10-13	CoreStrategy	1.5651
2017-10-13	CapitalStable	3.1466
2017-10-13	Balanced	3.7328
2017-10-13	HighGrowth	5.1318
2017-10-13	Cash	2.144
2017-10-12	CoreStrategy	1.5624
2017-10-12	CapitalStable	3.1445
2017-10-12	Balanced	3.7282
2017-10-12	HighGrowth	5.1195
2017-10-12	Cash	2.1439
2017-10-11	CoreStrategy	1.5616
2017-10-11	CapitalStable	3.1443
2017-10-11	Balanced	3.7273
2017-10-11	HighGrowth	5.1165
2017-10-11	Cash	2.1438
2017-10-10	CoreStrategy	1.5615
2017-10-10	CapitalStable	3.1444
2017-10-10	Balanced	3.7273
2017-10-10	HighGrowth	5.1157
2017-10-10	Cash	2.1434
2017-10-07	CoreStrategy	1.5571
2017-10-07	CapitalStable	3.1398
2017-10-07	Balanced	3.7184
2017-10-07	HighGrowth	5.0936
2017-10-07	Cash	2.1434
2017-10-06	CoreStrategy	1.5531
2017-10-06	CapitalStable	3.1357
2017-10-06	Balanced	3.7107
2017-10-06	HighGrowth	5.0757
2017-10-06	Cash	2.1432
2017-10-05	CoreStrategy	1.5555
2017-10-05	CapitalStable	3.1375
2017-10-05	Balanced	3.715
2017-10-05	HighGrowth	5.0881
2017-10-05	Cash	2.1431
2017-10-04	CoreStrategy	1.5512
2017-10-04	CapitalStable	3.1333
2017-10-04	Balanced	3.707
2017-10-04	HighGrowth	5.0684
2017-10-04	Cash	2.1427
2017-09-30	CoreStrategy	1.5493
2017-09-30	CapitalStable	3.1316
2017-09-30	Balanced	3.7032
2017-09-30	HighGrowth	5.0586
2017-09-30	Cash	2.1425
2017-09-29	CoreStrategy	1.5471
2017-09-29	CapitalStable	3.1295
2017-09-29	Balanced	3.6989
2017-09-29	HighGrowth	5.0479
2017-09-29	Cash	2.1424
2017-09-28	CoreStrategy	1.5458
2017-09-28	CapitalStable	3.1285
2017-09-28	Balanced	3.6967
2017-09-28	HighGrowth	5.0426
2017-09-28	Cash	2.1423
2017-09-27	CoreStrategy	1.5441
2017-09-27	CapitalStable	3.1272
2017-09-27	Balanced	3.6936
2017-09-27	HighGrowth	5.0339
2017-09-27	Cash	2.1423
2017-09-26	CoreStrategy	1.5435
2017-09-26	CapitalStable	3.1262
2017-09-26	Balanced	3.6922
2017-09-26	HighGrowth	5.0316
2017-09-26	Cash	2.1419
2017-09-23	CoreStrategy	1.5439
2017-09-23	CapitalStable	3.1261
2017-09-23	Balanced	3.6927
2017-09-23	HighGrowth	5.0338
2017-09-23	Cash	2.1418
2017-09-22	CoreStrategy	1.5412
2017-09-22	CapitalStable	3.1229
2017-09-22	Balanced	3.6868
2017-09-22	HighGrowth	5.0205
2017-09-22	Cash	2.1417
2017-09-21	CoreStrategy	1.5418
2017-09-21	CapitalStable	3.1233
2017-09-21	Balanced	3.6884
2017-09-21	HighGrowth	5.0263
2017-09-21	Cash	2.1416
2017-09-20	CoreStrategy	1.5428
2017-09-20	CapitalStable	3.1242
2017-09-20	Balanced	3.6905
2017-09-20	HighGrowth	5.0315
2017-09-20	Cash	2.1415
2017-09-19	CoreStrategy	1.5397
2017-09-19	CapitalStable	3.1211
2017-09-19	Balanced	3.6841
2017-09-19	HighGrowth	5.0159
2017-09-19	Cash	2.1411
2017-09-16	CoreStrategy	1.5417
2017-09-16	CapitalStable	3.1226
2017-09-16	Balanced	3.6879
2017-09-16	HighGrowth	5.0265
2017-09-16	Cash	2.1411
2017-09-15	CoreStrategy	1.5412
2017-09-15	CapitalStable	3.1219
2017-09-15	Balanced	3.6869
2017-09-15	HighGrowth	5.0247
2017-09-15	Cash	2.1409
2017-09-14	CoreStrategy	1.5396
2017-09-14	CapitalStable	3.1201
2017-09-14	Balanced	3.6836
2017-09-14	HighGrowth	5.0168
2017-09-14	Cash	2.1408
2017-09-13	CoreStrategy	1.5374
2017-09-13	CapitalStable	3.1172
2017-09-13	Balanced	3.6787
2017-09-13	HighGrowth	5.0065
2017-09-13	Cash	2.1407
2017-09-12	CoreStrategy	1.5319
2017-09-12	CapitalStable	3.1114
2017-09-12	Balanced	3.6674
2017-09-12	HighGrowth	4.9789
2017-09-12	Cash	2.1403
2017-09-09	CoreStrategy	1.5328
2017-09-09	CapitalStable	3.1124
2017-09-09	Balanced	3.6695
2017-09-09	HighGrowth	4.9841
2017-09-09	Cash	2.1402
2017-09-08	CoreStrategy	1.5319
2017-09-08	CapitalStable	3.1119
2017-09-08	Balanced	3.6688
2017-09-08	HighGrowth	4.9826
2017-09-08	Cash	2.1401
2017-09-07	CoreStrategy	1.5298
2017-09-07	CapitalStable	3.1097
2017-09-07	Balanced	3.6645
2017-09-07	HighGrowth	4.9726
2017-09-07	Cash	2.1402
2017-09-06	CoreStrategy	1.5336
2017-09-06	CapitalStable	3.114
2017-09-06	Balanced	3.6728
2017-09-06	HighGrowth	4.9919
2017-09-06	Cash	2.1399
2017-09-05	CoreStrategy	1.534
2017-09-05	CapitalStable	3.114
2017-09-05	Balanced	3.6733
2017-09-05	HighGrowth	4.9941
2017-09-05	Cash	2.1396
2017-09-02	CoreStrategy	1.5337
2017-09-02	CapitalStable	3.1135
2017-09-02	Balanced	3.6729
2017-09-02	HighGrowth	4.9938
2017-09-02	Cash	2.1395
2017-09-01	CoreStrategy	1.5307
2017-09-01	CapitalStable	3.1098
2017-09-01	Balanced	3.6671
2017-09-01	HighGrowth	4.9817
2017-09-01	Cash	2.1394
2017-08-31	CoreStrategy	1.5264
2017-08-31	CapitalStable	3.1055
2017-08-31	Balanced	3.6579
2017-08-31	HighGrowth	4.9584
2017-08-31	Cash	2.1393
2017-08-30	CoreStrategy	1.5294
2017-08-30	CapitalStable	3.1088
2017-08-30	Balanced	3.6643
2017-08-30	HighGrowth	4.974
2017-08-30	Cash	2.1391
2017-08-29	CoreStrategy	1.5303
2017-08-29	CapitalStable	3.1095
2017-08-29	Balanced	3.6661
2017-08-29	HighGrowth	4.9794
2017-08-29	Cash	2.1388
2017-08-26	CoreStrategy	1.5298
2017-08-26	CapitalStable	3.1089
2017-08-26	Balanced	3.6657
2017-08-26	HighGrowth	4.9795
2017-08-26	Cash	2.1387
2017-08-25	CoreStrategy	1.5288
2017-08-25	CapitalStable	3.1081
2017-08-25	Balanced	3.6638
2017-08-25	HighGrowth	4.9747
2017-08-25	Cash	2.1387
2017-08-24	CoreStrategy	1.5281
2017-08-24	CapitalStable	3.1071
2017-08-24	Balanced	3.6623
2017-08-24	HighGrowth	4.9719
2017-08-24	Cash	2.1386
2017-08-23	CoreStrategy	1.5237
2017-08-23	CapitalStable	3.1025
2017-08-23	Balanced	3.6533
2017-08-23	HighGrowth	4.9502
2017-08-23	Cash	2.1385
2017-08-22	CoreStrategy	1.5253
2017-08-22	CapitalStable	3.1044
2017-08-22	Balanced	3.6569
2017-08-22	HighGrowth	4.959
2017-08-22	Cash	2.1382
2017-08-19	CoreStrategy	1.5279
2017-08-19	CapitalStable	3.1076
2017-08-19	Balanced	3.6624
2017-08-19	HighGrowth	4.971
2017-08-19	Cash	2.1381
2017-08-18	CoreStrategy	1.5313
2017-08-18	CapitalStable	3.1108
2017-08-18	Balanced	3.6693
2017-08-18	HighGrowth	4.9887
2017-08-18	Cash	2.138
2017-08-17	CoreStrategy	1.5299
2017-08-17	CapitalStable	3.109
2017-08-17	Balanced	3.667
2017-08-17	HighGrowth	4.9845
2017-08-17	Cash	2.138
2017-08-16	CoreStrategy	1.5278
2017-08-16	CapitalStable	3.1062
2017-08-16	Balanced	3.6619
2017-08-16	HighGrowth	4.9729
2017-08-16	Cash	2.1379
2017-08-15	CoreStrategy	1.5231
2017-08-15	CapitalStable	3.1024
2017-08-15	Balanced	3.6534
2017-08-15	HighGrowth	4.9499
2017-08-15	Cash	2.1376
2017-08-12	CoreStrategy	1.5265
2017-08-12	CapitalStable	3.1058
2017-08-12	Balanced	3.6598
2017-08-12	HighGrowth	4.9653
2017-08-12	Cash	2.1375
2017-08-11	CoreStrategy	1.5316
2017-08-11	CapitalStable	3.111
2017-08-11	Balanced	3.6698
2017-08-11	HighGrowth	4.9891
2017-08-11	Cash	2.1374
2017-08-10	CoreStrategy	1.5311
2017-08-10	CapitalStable	3.1102
2017-08-10	Balanced	3.6685
2017-08-10	HighGrowth	4.9862
2017-08-10	Cash	2.1372
2017-08-09	CoreStrategy	1.5323
2017-08-09	CapitalStable	3.111
2017-08-09	Balanced	3.6705
2017-08-09	HighGrowth	4.9921
2017-08-09	Cash	2.1371
2017-08-05	CoreStrategy	1.5272
2017-08-05	CapitalStable	3.1051
2017-08-05	Balanced	3.6597
2017-08-05	HighGrowth	4.9673
2017-08-05	Cash	2.1367
2017-08-04	CoreStrategy	1.5269
2017-08-04	CapitalStable	3.1049
2017-08-04	Balanced	3.6591
2017-08-04	HighGrowth	4.9659
2017-08-04	Cash	2.1366
2017-08-03	CoreStrategy	1.5273
2017-08-03	CapitalStable	3.1053
2017-08-03	Balanced	3.66
2017-08-03	HighGrowth	4.9681
2017-08-03	Cash	2.1366
2017-08-02	CoreStrategy	1.5246
2017-08-02	CapitalStable	3.1031
2017-08-02	Balanced	3.6549
2017-08-02	HighGrowth	4.9541
2017-08-02	Cash	2.1365
2017-08-01	CoreStrategy	1.5223
2017-08-01	CapitalStable	3.1012
2017-08-01	Balanced	3.6504
2017-08-01	HighGrowth	4.9424
2017-08-01	Cash	2.136
2017-07-29	CoreStrategy	1.5274
2017-07-29	CapitalStable	3.106
2017-07-29	Balanced	3.6608
2017-07-29	HighGrowth	4.9692
2017-07-29	Cash	2.1359
2017-07-28	CoreStrategy	1.5292
2017-07-28	CapitalStable	3.1077
2017-07-28	Balanced	3.6646
2017-07-28	HighGrowth	4.979
2017-07-28	Cash	2.1359
2017-07-27	CoreStrategy	1.5261
2017-07-27	CapitalStable	3.1043
2017-07-27	Balanced	3.6582
2017-07-27	HighGrowth	4.9639
2017-07-27	Cash	2.1358
2017-07-26	CoreStrategy	1.5241
2017-07-26	CapitalStable	3.1026
2017-07-26	Balanced	3.6543
2017-07-26	HighGrowth	4.9537
2017-07-26	Cash	2.1357
2017-07-25	CoreStrategy	1.5265
2017-07-25	CapitalStable	3.1048
2017-07-25	Balanced	3.659
2017-07-25	HighGrowth	4.966
2017-07-25	Cash	2.1354
2017-07-22	CoreStrategy	1.5266
2017-07-22	CapitalStable	3.1048
2017-07-22	Balanced	3.659
2017-07-22	HighGrowth	4.9662
2017-07-22	Cash	2.1352
2017-07-21	CoreStrategy	1.5262
2017-07-21	CapitalStable	3.1042
2017-07-21	Balanced	3.658
2017-07-21	HighGrowth	4.9639
2017-07-21	Cash	2.1351
2017-07-20	CoreStrategy	1.5247
2017-07-20	CapitalStable	3.1029
2017-07-20	Balanced	3.6549
2017-07-20	HighGrowth	4.956
2017-07-20	Cash	2.135
2017-07-19	CoreStrategy	1.5317
2017-07-19	CapitalStable	3.1097
2017-07-19	Balanced	3.6693
2017-07-19	HighGrowth	4.9926
2017-07-19	Cash	2.1349
2017-07-18	CoreStrategy	1.5315
2017-07-18	CapitalStable	3.1092
2017-07-18	Balanced	3.6687
2017-07-18	HighGrowth	4.9917
2017-07-18	Cash	2.1346
2017-07-15	CoreStrategy	1.5313
2017-07-15	CapitalStable	3.1089
2017-07-15	Balanced	3.6695
2017-07-15	HighGrowth	4.9956
2017-07-15	Cash	2.1345
2017-07-14	CoreStrategy	1.5292
2017-07-14	CapitalStable	3.1064
2017-07-14	Balanced	3.6654
2017-07-14	HighGrowth	4.9864
2017-07-14	Cash	2.1343
2017-07-13	CoreStrategy	1.5301
2017-07-13	CapitalStable	3.1074
2017-07-13	Balanced	3.6681
2017-07-13	HighGrowth	4.994
2017-07-13	Cash	2.1342
2017-07-12	CoreStrategy	1.531
2017-07-12	CapitalStable	3.108
2017-07-12	Balanced	3.6698
2017-07-12	HighGrowth	4.9988
2017-07-12	Cash	2.1341
2017-07-11	CoreStrategy	1.5274
2017-07-11	CapitalStable	3.1038
2017-07-11	Balanced	3.6626
2017-07-11	HighGrowth	4.9828
2017-07-11	Cash	2.1339
2017-07-08	CoreStrategy	1.5291
2017-07-08	CapitalStable	3.105
2017-07-08	Balanced	3.6659
2017-07-08	HighGrowth	4.9924
2017-07-08	Cash	2.1336
2017-07-07	CoreStrategy	1.5305
2017-07-07	CapitalStable	3.1065
2017-07-07	Balanced	3.6692
2017-07-07	HighGrowth	5.0012
2017-07-07	Cash	2.1336
2017-07-06	CoreStrategy	1.5289
2017-07-06	CapitalStable	3.1054
2017-07-06	Balanced	3.6666
2017-07-06	HighGrowth	4.994
2017-07-06	Cash	2.1335
2017-07-05	CoreStrategy	1.5242
2017-07-05	CapitalStable	3.1002
2017-07-05	Balanced	3.6566
2017-07-05	HighGrowth	4.9703
2017-07-05	Cash	2.1334
2017-07-04	CoreStrategy	1.524
2017-07-04	CapitalStable	3.0997
2017-07-04	Balanced	3.6548
2017-07-04	HighGrowth	4.9668
2017-07-04	Cash	2.133
2017-07-01	CoreStrategy	1.5259
2017-07-01	CapitalStable	3.1036
2017-07-01	Balanced	3.6611
2017-07-01	HighGrowth	4.9813
2017-07-01	Cash	2.1329
2017-06-30	CoreStrategy	1.524
2017-06-30	CapitalStable	3.0997
2017-06-30	Balanced	3.6548
2017-06-30	HighGrowth	4.9668
2017-06-30	Cash	2.133
2017-06-29	CoreStrategy	1.5237
2017-06-29	CapitalStable	3.1027
2017-06-29	Balanced	3.6584
2017-06-29	HighGrowth	4.9727
2017-06-29	Cash	2.1326
2017-06-28	CoreStrategy	1.5251
2017-06-28	CapitalStable	3.1041
2017-06-28	Balanced	3.6612
2017-06-28	HighGrowth	4.9798
2017-06-28	Cash	2.1327
2017-06-27	CoreStrategy	1.5232
2017-06-27	CapitalStable	3.1013
2017-06-27	Balanced	3.6574
2017-06-27	HighGrowth	4.9728
2017-06-27	Cash	2.1324
2017-06-24	CoreStrategy	1.5228
2017-06-24	CapitalStable	3.1009
2017-06-24	Balanced	3.6569
2017-06-24	HighGrowth	4.9723
2017-06-24	Cash	2.1323
2017-06-23	CoreStrategy	1.5198
2017-06-23	CapitalStable	3.0981
2017-06-23	Balanced	3.6511
2017-06-23	HighGrowth	4.9577
2017-06-23	Cash	2.1322
2017-06-22	CoreStrategy	1.5223
2017-06-22	CapitalStable	3.1001
2017-06-22	Balanced	3.6554
2017-06-22	HighGrowth	4.9691
2017-06-22	Cash	2.132
2017-06-21	CoreStrategy	1.5257
2017-06-21	CapitalStable	3.1033
2017-06-21	Balanced	3.6619
2017-06-21	HighGrowth	4.9856
2017-06-21	Cash	2.1319
2017-06-20	CoreStrategy	1.5214
2017-06-20	CapitalStable	3.0991
2017-06-20	Balanced	3.6533
2017-06-20	HighGrowth	4.964
2017-06-20	Cash	2.1316
2017-06-17	CoreStrategy	1.5214
2017-06-17	CapitalStable	3.0985
2017-06-17	Balanced	3.6535
2017-06-17	HighGrowth	4.9659
2017-06-17	Cash	2.1315
2017-06-16	CoreStrategy	1.5256
2017-06-16	CapitalStable	3.1022
2017-06-16	Balanced	3.661
2017-06-16	HighGrowth	4.9853
2017-06-16	Cash	2.1313
2017-06-15	CoreStrategy	1.526
2017-06-15	CapitalStable	3.1028
2017-06-15	Balanced	3.6627
2017-06-15	HighGrowth	4.9896
2017-06-15	Cash	2.1313
2017-06-14	CoreStrategy	1.5205
2017-06-14	CapitalStable	3.0965
2017-06-14	Balanced	3.6512
2017-06-14	HighGrowth	4.9628
2017-06-14	Cash	2.131
2017-06-10	CoreStrategy	1.5218
2017-06-10	CapitalStable	3.0974
2017-06-10	Balanced	3.6534
2017-06-10	HighGrowth	4.9692
2017-06-10	Cash	2.1307
2017-06-09	CoreStrategy	1.5207
2017-06-09	CapitalStable	3.0959
2017-06-09	Balanced	3.6508
2017-06-09	HighGrowth	4.9632
2017-06-09	Cash	2.1306
2017-06-08	CoreStrategy	1.5218
2017-06-08	CapitalStable	3.0973
2017-06-08	Balanced	3.6535
2017-06-08	HighGrowth	4.9695
2017-06-08	Cash	2.1305
2017-06-07	CoreStrategy	1.5277
2017-06-07	CapitalStable	3.1029
2017-06-07	Balanced	3.6655
2017-06-07	HighGrowth	5.0004
2017-06-07	Cash	2.1304
2017-06-06	CoreStrategy	1.5308
2017-06-06	CapitalStable	3.1059
2017-06-06	Balanced	3.6719
2017-06-06	HighGrowth	5.0172
2017-06-06	Cash	2.1301
2017-06-03	CoreStrategy	1.5285
2017-06-03	CapitalStable	3.1031
2017-06-03	Balanced	3.6678
2017-06-03	HighGrowth	5.0094
2017-06-03	Cash	2.1295
2017-06-02	CoreStrategy	1.5231
2017-06-02	CapitalStable	3.0974
2017-06-02	Balanced	3.6565
2017-06-02	HighGrowth	4.9819
2017-06-02	Cash	2.1294
2017-06-01	CoreStrategy	1.5229
2017-06-01	CapitalStable	3.097
2017-06-01	Balanced	3.6555
2017-06-01	HighGrowth	4.9793
2017-06-01	Cash	2.1293
2017-05-31	CoreStrategy	1.5233
2017-05-31	CapitalStable	3.0966
2017-05-31	Balanced	3.6557
2017-05-31	HighGrowth	4.9817
2017-05-31	Cash	2.1291
2017-05-30	CoreStrategy	1.5247
2017-05-30	CapitalStable	3.0979
2017-05-30	Balanced	3.6586
2017-05-30	HighGrowth	4.9891
2017-05-30	Cash	2.1289
2017-05-27	CoreStrategy	1.5255
2017-05-27	CapitalStable	3.0987
2017-05-27	Balanced	3.66
2017-05-27	HighGrowth	4.9927
2017-05-27	Cash	2.1288
2017-05-26	CoreStrategy	1.5229
2017-05-26	CapitalStable	3.0953
2017-05-26	Balanced	3.6547
2017-05-26	HighGrowth	4.9817
2017-05-26	Cash	2.1287
2017-05-25	CoreStrategy	1.5201
2017-05-25	CapitalStable	3.0917
2017-05-25	Balanced	3.6487
2017-05-25	HighGrowth	4.9689
2017-05-25	Cash	2.1286
2017-05-24	CoreStrategy	1.5205
2017-05-24	CapitalStable	3.092
2017-05-24	Balanced	3.6496
2017-05-24	HighGrowth	4.9713
2017-05-24	Cash	2.1284
2017-05-23	CoreStrategy	1.5181
2017-05-23	CapitalStable	3.0895
2017-05-23	Balanced	3.6452
2017-05-23	HighGrowth	4.9612
2017-05-23	Cash	2.1281
2017-05-20	CoreStrategy	1.5162
2017-05-20	CapitalStable	3.0895
2017-05-20	Balanced	3.6427
2017-05-20	HighGrowth	4.9516
2017-05-20	Cash	2.128
2017-05-19	CoreStrategy	1.5183
2017-05-19	CapitalStable	3.0916
2017-05-19	Balanced	3.6466
2017-05-19	HighGrowth	4.9608
2017-05-19	Cash	2.1279
2017-05-18	CoreStrategy	1.524
2017-05-18	CapitalStable	3.0972
2017-05-18	Balanced	3.6579
2017-05-18	HighGrowth	4.9891
2017-05-18	Cash	2.1278
2017-05-17	CoreStrategy	1.5218
2017-05-17	CapitalStable	3.0941
2017-05-17	Balanced	3.653
2017-05-17	HighGrowth	4.9793
2017-05-17	Cash	2.1277
2017-05-16	CoreStrategy	1.5214
2017-05-16	CapitalStable	3.0934
2017-05-16	Balanced	3.6521
2017-05-16	HighGrowth	4.978
2017-05-16	Cash	2.1274
2017-05-13	CoreStrategy	1.5234
2017-05-13	CapitalStable	3.0952
2017-05-13	Balanced	3.6565
2017-05-13	HighGrowth	4.9901
2017-05-13	Cash	2.1273
2017-05-12	CoreStrategy	1.5221
2017-05-12	CapitalStable	3.0936
2017-05-12	Balanced	3.654
2017-05-12	HighGrowth	4.9846
2017-05-12	Cash	2.1271
2017-05-11	CoreStrategy	1.5203
2017-05-11	CapitalStable	3.0907
2017-05-11	Balanced	3.65
2017-05-11	HighGrowth	4.9777
2017-05-11	Cash	2.127
2017-05-10	CoreStrategy	1.5183
2017-05-10	CapitalStable	3.0884
2017-05-10	Balanced	3.6463
2017-05-10	HighGrowth	4.9702
2017-05-10	Cash	2.1269
2017-05-09	CoreStrategy	1.5149
2017-05-09	CapitalStable	3.0852
2017-05-09	Balanced	3.6395
2017-05-09	HighGrowth	4.9531
2017-05-09	Cash	2.1265
2017-05-06	CoreStrategy	1.5155
2017-05-06	CapitalStable	3.0865
2017-05-06	Balanced	3.6413
2017-05-06	HighGrowth	4.9566
2017-05-06	Cash	2.1264
2017-05-05	CoreStrategy	1.512
2017-05-05	CapitalStable	3.0831
2017-05-05	Balanced	3.6341
2017-05-05	HighGrowth	4.9384
2017-05-05	Cash	2.1263
2017-05-04	CoreStrategy	1.5113
2017-05-04	CapitalStable	3.0816
2017-05-04	Balanced	3.6319
2017-05-04	HighGrowth	4.9347
2017-05-04	Cash	2.1263
2017-05-03	CoreStrategy	1.5086
2017-05-03	CapitalStable	3.078
2017-05-03	Balanced	3.6261
2017-05-03	HighGrowth	4.923
2017-05-03	Cash	2.1263
2017-05-02	CoreStrategy	1.5092
2017-05-02	CapitalStable	3.0788
2017-05-02	Balanced	3.6279
2017-05-02	HighGrowth	4.9274
2017-05-02	Cash	2.1261
2017-04-29	CoreStrategy	1.5103
2017-04-29	CapitalStable	3.0794
2017-04-29	Balanced	3.6301
2017-04-29	HighGrowth	4.9342
2017-04-29	Cash	2.1258
2017-04-28	CoreStrategy	1.5086
2017-04-28	CapitalStable	3.0775
2017-04-28	Balanced	3.6265
2017-04-28	HighGrowth	4.926
2017-04-28	Cash	2.1257
2017-04-27	CoreStrategy	1.5033
2017-04-27	CapitalStable	3.0717
2017-04-27	Balanced	3.6154
2017-04-27	HighGrowth	4.8997
2017-04-27	Cash	2.1255
2017-04-25	CoreStrategy	1.4949
2017-04-25	CapitalStable	3.0634
2017-04-25	Balanced	3.5992
2017-04-25	HighGrowth	4.861
2017-04-25	Cash	2.1251
2017-04-22	CoreStrategy	1.4937
2017-04-22	CapitalStable	3.0622
2017-04-22	Balanced	3.5965
2017-04-22	HighGrowth	4.8541
2017-04-22	Cash	2.1251
2017-04-21	CoreStrategy	1.4914
2017-04-21	CapitalStable	3.0607
2017-04-21	Balanced	3.5929
2017-04-21	HighGrowth	4.8447
2017-04-21	Cash	2.1249
2017-04-20	CoreStrategy	1.4905
2017-04-20	CapitalStable	3.06
2017-04-20	Balanced	3.5912
2017-04-20	HighGrowth	4.8404
2017-04-20	Cash	2.1248
2017-04-19	CoreStrategy	1.4918
2017-04-19	CapitalStable	3.0603
2017-04-19	Balanced	3.5925
2017-04-19	HighGrowth	4.844
2017-04-19	Cash	2.1244
2017-04-14	CoreStrategy	1.4975
2017-04-14	CapitalStable	3.0659
2017-04-14	Balanced	3.6051
2017-04-14	HighGrowth	4.8766
2017-04-14	Cash	2.1241
2017-04-13	CoreStrategy	1.4989
2017-04-13	CapitalStable	3.0676
2017-04-13	Balanced	3.608
2017-04-13	HighGrowth	4.8827
2017-04-13	Cash	2.124
2017-04-12	CoreStrategy	1.4975
2017-04-12	CapitalStable	3.0656
2017-04-12	Balanced	3.6044
2017-04-12	HighGrowth	4.8751
2017-04-12	Cash	2.124
2017-04-11	CoreStrategy	1.4951
2017-04-11	CapitalStable	3.0626
2017-04-11	Balanced	3.5993
2017-04-11	HighGrowth	4.8636
2017-04-11	Cash	2.1236
2017-04-08	CoreStrategy	1.4919
2017-04-08	CapitalStable	3.0583
2017-04-08	Balanced	3.5918
2017-04-08	HighGrowth	4.8475
2017-04-08	Cash	2.1235
2017-04-07	CoreStrategy	1.491
2017-04-07	CapitalStable	3.0567
2017-04-07	Balanced	3.5893
2017-04-07	HighGrowth	4.8427
2017-04-07	Cash	2.1234
2017-04-06	CoreStrategy	1.4905
2017-04-06	CapitalStable	3.0559
2017-04-06	Balanced	3.5887
2017-04-06	HighGrowth	4.8427
2017-04-06	Cash	2.1233
2017-04-05	CoreStrategy	1.4895
2017-04-05	CapitalStable	3.0543
2017-04-05	Balanced	3.586
2017-04-05	HighGrowth	4.837
2017-04-05	Cash	2.1231
2017-04-04	CoreStrategy	1.4893
2017-04-04	CapitalStable	3.0539
2017-04-04	Balanced	3.5849
2017-04-04	HighGrowth	4.8339
2017-04-04	Cash	2.1228
2017-04-01	CoreStrategy	1.4901
2017-04-01	CapitalStable	3.0543
2017-04-01	Balanced	3.5857
2017-04-01	HighGrowth	4.8358
2017-04-01	Cash	2.1227
2017-03-31	CoreStrategy	1.4887
2017-03-31	CapitalStable	3.052
2017-03-31	Balanced	3.5827
2017-03-31	HighGrowth	4.8309
2017-03-31	Cash	2.1227
2017-03-30	CoreStrategy	1.4873
2017-03-30	CapitalStable	3.0516
2017-03-30	Balanced	3.5814
2017-03-30	HighGrowth	4.8257
2017-03-30	Cash	2.1225
2017-03-29	CoreStrategy	1.4836
2017-03-29	CapitalStable	3.0487
2017-03-29	Balanced	3.5745
2017-03-29	HighGrowth	4.8074
2017-03-29	Cash	2.1225
2017-03-28	CoreStrategy	1.4836
2017-03-28	CapitalStable	3.0482
2017-03-28	Balanced	3.5742
2017-03-28	HighGrowth	4.8076
2017-03-28	Cash	2.1221
2017-03-25	CoreStrategy	1.481
2017-03-25	CapitalStable	3.0453
2017-03-25	Balanced	3.5685
2017-03-25	HighGrowth	4.7939
2017-03-25	Cash	2.1219
2017-03-24	CoreStrategy	1.4778
2017-03-24	CapitalStable	3.0417
2017-03-24	Balanced	3.5614
2017-03-24	HighGrowth	4.777
2017-03-24	Cash	2.1218
2017-03-23	CoreStrategy	1.4802
2017-03-23	CapitalStable	3.0432
2017-03-23	Balanced	3.5651
2017-03-23	HighGrowth	4.7875
2017-03-23	Cash	2.1217
2017-03-22	CoreStrategy	1.4824
2017-03-22	CapitalStable	3.0447
2017-03-22	Balanced	3.5688
2017-03-22	HighGrowth	4.7979
2017-03-22	Cash	2.1216
2017-03-21	CoreStrategy	1.485
2017-03-21	CapitalStable	3.047
2017-03-21	Balanced	3.5742
2017-03-21	HighGrowth	4.8124
2017-03-21	Cash	2.1213
2017-03-18	CoreStrategy	1.4849
2017-03-18	CapitalStable	3.0466
2017-03-18	Balanced	3.5741
2017-03-18	HighGrowth	4.8132
2017-03-18	Cash	2.1211
2017-03-17	CoreStrategy	1.4824
2017-03-17	CapitalStable	3.0441
2017-03-17	Balanced	3.5706
2017-03-17	HighGrowth	4.8065
2017-03-17	Cash	2.121
2017-03-16	CoreStrategy	1.4801
2017-03-16	CapitalStable	3.0414
2017-03-16	Balanced	3.566
2017-03-16	HighGrowth	4.7968
2017-03-16	Cash	2.1209
2017-03-15	CoreStrategy	1.4801
2017-03-15	CapitalStable	3.0411
2017-03-15	Balanced	3.5659
2017-03-15	HighGrowth	4.7972
2017-03-15	Cash	2.1208
2017-03-14	CoreStrategy	1.4804
2017-03-14	CapitalStable	3.0415
2017-03-14	Balanced	3.5672
2017-03-14	HighGrowth	4.8011
2017-03-14	Cash	2.1205
2017-03-11	CoreStrategy	1.4786
2017-03-11	CapitalStable	3.0406
2017-03-11	Balanced	3.5648
2017-03-11	HighGrowth	4.7944
2017-03-11	Cash	2.1203
2017-03-10	CoreStrategy	1.4781
2017-03-10	CapitalStable	3.04
2017-03-10	Balanced	3.5629
2017-03-10	HighGrowth	4.7889
2017-03-10	Cash	2.1202
2017-03-09	CoreStrategy	1.4767
2017-03-09	CapitalStable	3.0387
2017-03-09	Balanced	3.5598
2017-03-09	HighGrowth	4.7804
2017-03-09	Cash	2.1202
2017-03-08	CoreStrategy	1.4767
2017-03-08	CapitalStable	3.038
2017-03-08	Balanced	3.5594
2017-03-08	HighGrowth	4.7809
2017-03-08	Cash	2.1202
2017-03-07	CoreStrategy	1.4779
2017-03-07	CapitalStable	3.0389
2017-03-07	Balanced	3.5616
2017-03-07	HighGrowth	4.787
2017-03-07	Cash	2.1198
2017-03-04	CoreStrategy	1.479
2017-03-04	CapitalStable	3.0396
2017-03-04	Balanced	3.5638
2017-03-04	HighGrowth	4.7935
2017-03-04	Cash	2.1197
2017-03-03	CoreStrategy	1.4732
2017-03-03	CapitalStable	3.0328
2017-03-03	Balanced	3.5511
2017-03-03	HighGrowth	4.764
2017-03-03	Cash	2.1196
2017-03-02	CoreStrategy	1.4684
2017-03-02	CapitalStable	3.0284
2017-03-02	Balanced	3.5415
2017-03-02	HighGrowth	4.7397
2017-03-02	Cash	2.1196
2017-03-01	CoreStrategy	1.4693
2017-03-01	CapitalStable	3.0291
2017-03-01	Balanced	3.543
2017-03-01	HighGrowth	4.7439
2017-03-01	Cash	2.1195
2017-02-28	CoreStrategy	1.4694
2017-02-28	CapitalStable	3.0296
2017-02-28	Balanced	3.5437
2017-02-28	HighGrowth	4.7452
2017-02-28	Cash	2.1192
2017-02-25	CoreStrategy	1.4711
2017-02-25	CapitalStable	3.0305
2017-02-25	Balanced	3.5461
2017-02-25	HighGrowth	4.7521
2017-02-25	Cash	2.1191
2017-02-24	CoreStrategy	1.4731
2017-02-24	CapitalStable	3.0316
2017-02-24	Balanced	3.55
2017-02-24	HighGrowth	4.7641
2017-02-24	Cash	2.119
2017-02-23	CoreStrategy	1.4723
2017-02-23	CapitalStable	3.0303
2017-02-23	Balanced	3.5484
2017-02-23	HighGrowth	4.7614
2017-02-23	Cash	2.1189
2017-02-22	CoreStrategy	1.4702
2017-02-22	CapitalStable	3.0279
2017-02-22	Balanced	3.5443
2017-02-22	HighGrowth	4.7526
2017-02-22	Cash	2.1187
2017-02-21	CoreStrategy	1.4714
2017-02-21	CapitalStable	3.0291
2017-02-21	Balanced	3.5466
2017-02-21	HighGrowth	4.7579
2017-02-21	Cash	2.1184
2017-02-18	CoreStrategy	1.4719
2017-02-18	CapitalStable	3.03
2017-02-18	Balanced	3.5472
2017-02-18	HighGrowth	4.7577
2017-02-18	Cash	2.1183
2017-02-17	CoreStrategy	1.4715
2017-02-17	CapitalStable	3.0295
2017-02-17	Balanced	3.5465
2017-02-17	HighGrowth	4.7566
2017-02-17	Cash	2.1182
2017-02-16	CoreStrategy	1.47
2017-02-16	CapitalStable	3.0281
2017-02-16	Balanced	3.544
2017-02-16	HighGrowth	4.7509
2017-02-16	Cash	2.1181
2017-02-15	CoreStrategy	1.469
2017-02-15	CapitalStable	3.0266
2017-02-15	Balanced	3.5417
2017-02-15	HighGrowth	4.7463
2017-02-15	Cash	2.1181
2017-02-14	CoreStrategy	1.4639
2017-02-14	CapitalStable	3.0207
2017-02-14	Balanced	3.531
2017-02-14	HighGrowth	4.722
2017-02-14	Cash	2.1177
2017-02-11	CoreStrategy	1.4612
2017-02-11	CapitalStable	3.0177
2017-02-11	Balanced	3.5261
2017-02-11	HighGrowth	4.7117
2017-02-11	Cash	2.1176
2017-02-10	CoreStrategy	1.4586
2017-02-10	CapitalStable	3.0149
2017-02-10	Balanced	3.5208
2017-02-10	HighGrowth	4.6989
2017-02-10	Cash	2.1175
2017-02-09	CoreStrategy	1.4574
2017-02-09	CapitalStable	3.0132
2017-02-09	Balanced	3.518
2017-02-09	HighGrowth	4.6929
2017-02-09	Cash	2.1174
2017-02-08	CoreStrategy	1.4566
2017-02-08	CapitalStable	3.0123
2017-02-08	Balanced	3.5168
2017-02-08	HighGrowth	4.6905
2017-02-08	Cash	2.1173
2017-02-07	CoreStrategy	1.4563
2017-02-07	CapitalStable	3.0111
2017-02-07	Balanced	3.5153
2017-02-07	HighGrowth	4.6884
2017-02-07	Cash	2.117
2017-02-04	CoreStrategy	1.4552
2017-02-04	CapitalStable	3.0093
2017-02-04	Balanced	3.513
2017-02-04	HighGrowth	4.6856
2017-02-04	Cash	2.1168
2017-02-03	CoreStrategy	1.4585
2017-02-03	CapitalStable	3.0126
2017-02-03	Balanced	3.5208
2017-02-03	HighGrowth	4.7061
2017-02-03	Cash	2.1167
2017-02-02	CoreStrategy	1.4564
2017-02-02	CapitalStable	3.0105
2017-02-02	Balanced	3.5158
2017-02-02	HighGrowth	4.6931
2017-02-02	Cash	2.1166
2017-02-01	CoreStrategy	1.4592
2017-02-01	CapitalStable	3.0133
2017-02-01	Balanced	3.5219
2017-02-01	HighGrowth	4.7081
2017-02-01	Cash	2.1165
2017-01-31	CoreStrategy	1.4627
2017-01-31	CapitalStable	3.0159
2017-01-31	Balanced	3.5288
2017-01-31	HighGrowth	4.7273
2017-01-31	Cash	2.1161
2017-01-28	CoreStrategy	1.4617
2017-01-28	CapitalStable	3.0148
2017-01-28	Balanced	3.5274
2017-01-28	HighGrowth	4.7249
2017-01-28	Cash	2.116
2017-01-26	CoreStrategy	1.4558
2017-01-26	CapitalStable	3.0075
2017-01-26	Balanced	3.514
2017-01-26	HighGrowth	4.6942
2017-01-26	Cash	2.1158
2017-01-25	CoreStrategy	1.4514
2017-01-25	CapitalStable	3.0034
2017-01-25	Balanced	3.5059
2017-01-25	HighGrowth	4.6747
2017-01-25	Cash	2.1157
2017-01-24	CoreStrategy	1.4547
2017-01-24	CapitalStable	3.006
2017-01-24	Balanced	3.5119
2017-01-24	HighGrowth	4.6906
2017-01-24	Cash	2.1155
2017-01-21	CoreStrategy	1.4549
2017-01-21	CapitalStable	3.0048
2017-01-21	Balanced	3.5115
2017-01-21	HighGrowth	4.6929
2017-01-21	Cash	2.1154
2017-01-20	CoreStrategy	1.455
2017-01-20	CapitalStable	3.005
2017-01-20	Balanced	3.5116
2017-01-20	HighGrowth	4.6929
2017-01-20	Cash	2.1153
2017-01-19	CoreStrategy	1.4554
2017-01-19	CapitalStable	3.0058
2017-01-19	Balanced	3.5131
2017-01-19	HighGrowth	4.6964
2017-01-19	Cash	2.1152
2017-01-18	CoreStrategy	1.459
2017-01-18	CapitalStable	3.0101
2017-01-18	Balanced	3.522
2017-01-18	HighGrowth	4.7183
2017-01-18	Cash	2.1151
2017-01-17	CoreStrategy	1.4586
2017-01-17	CapitalStable	3.0097
2017-01-17	Balanced	3.5212
2017-01-17	HighGrowth	4.7164
2017-01-17	Cash	2.1147
2017-01-14	CoreStrategy	1.4588
2017-01-14	CapitalStable	3.0099
2017-01-14	Balanced	3.5214
2017-01-14	HighGrowth	4.7171
2017-01-14	Cash	2.1146
2017-01-13	CoreStrategy	1.4618
2017-01-13	CapitalStable	3.013
2017-01-13	Balanced	3.5288
2017-01-13	HighGrowth	4.7363
2017-01-13	Cash	2.1145
2017-01-12	CoreStrategy	1.4585
2017-01-12	CapitalStable	3.0088
2017-01-12	Balanced	3.5218
2017-01-12	HighGrowth	4.7229
2017-01-12	Cash	2.1144
2017-01-11	CoreStrategy	1.4601
2017-01-11	CapitalStable	3.0106
2017-01-11	Balanced	3.5256
2017-01-11	HighGrowth	4.7325
2017-01-11	Cash	2.1143
2017-01-10	CoreStrategy	1.4608
2017-01-10	CapitalStable	3.0107
2017-01-10	Balanced	3.5266
2017-01-10	HighGrowth	4.7358
2017-01-10	Cash	2.1141
2017-01-07	CoreStrategy	1.46
2017-01-07	CapitalStable	3.0099
2017-01-07	Balanced	3.5248
2017-01-07	HighGrowth	4.731
2017-01-07	Cash	2.114
2017-01-06	CoreStrategy	1.4592
2017-01-06	CapitalStable	3.0093
2017-01-06	Balanced	3.524
2017-01-06	HighGrowth	4.7301
2017-01-06	Cash	2.1139
2017-01-05	CoreStrategy	1.4586
2017-01-05	CapitalStable	3.0082
2017-01-05	Balanced	3.523
2017-01-05	HighGrowth	4.7295
2017-01-05	Cash	2.1137
2017-01-04	CoreStrategy	1.4537
2017-01-04	CapitalStable	3.0031
2017-01-04	Balanced	3.5128
2017-01-04	HighGrowth	4.7048
2017-01-04	Cash	2.1134
2016-12-31	CoreStrategy	1.4554
2016-12-31	CapitalStable	3.0048
2016-12-31	Balanced	3.5165
2016-12-31	HighGrowth	4.7146
2016-12-31	Cash	2.1132
2016-12-30	CoreStrategy	1.4547
2016-12-30	CapitalStable	3.0039
2016-12-30	Balanced	3.5156
2016-12-30	HighGrowth	4.7133
2016-12-30	Cash	2.1131
2016-12-29	CoreStrategy	1.453
2016-12-29	CapitalStable	3.0015
2016-12-29	Balanced	3.5118
2016-12-29	HighGrowth	4.7053
2016-12-29	Cash	2.1128
2016-12-24	CoreStrategy	1.4511
2016-12-24	CapitalStable	2.9993
2016-12-24	Balanced	3.5073
2016-12-24	HighGrowth	4.6947
2016-12-24	Cash	2.1125
2016-12-23	CoreStrategy	1.45
2016-12-23	CapitalStable	2.9985
2016-12-23	Balanced	3.505
2016-12-23	HighGrowth	4.6882
2016-12-23	Cash	2.1124
2016-12-22	CoreStrategy	1.4494
2016-12-22	CapitalStable	2.9972
2016-12-22	Balanced	3.5035
2016-12-22	HighGrowth	4.6859
2016-12-22	Cash	2.1123
2016-12-21	CoreStrategy	1.4479
2016-12-21	CapitalStable	2.9958
2016-12-21	Balanced	3.5004
2016-12-21	HighGrowth	4.6776
2016-12-21	Cash	2.1123
2016-12-20	CoreStrategy	1.4455
2016-12-20	CapitalStable	2.9928
2016-12-20	Balanced	3.4947
2016-12-20	HighGrowth	4.6649
2016-12-20	Cash	2.1119
2016-12-17	CoreStrategy	1.443
2016-12-17	CapitalStable	2.9889
2016-12-17	Balanced	3.4882
2016-12-17	HighGrowth	4.6511
2016-12-17	Cash	2.1119
2016-12-16	CoreStrategy	1.4409
2016-12-16	CapitalStable	2.986
2016-12-16	Balanced	3.4815
2016-12-16	HighGrowth	4.6344
2016-12-16	Cash	2.1118
2016-12-15	CoreStrategy	1.4424
2016-12-15	CapitalStable	2.9878
2016-12-15	Balanced	3.4854
2016-12-15	HighGrowth	4.6439
2016-12-15	Cash	2.1114
2016-12-14	CoreStrategy	1.4411
2016-12-14	CapitalStable	2.9849
2016-12-14	Balanced	3.4812
2016-12-14	HighGrowth	4.6366
2016-12-14	Cash	2.1113
2016-12-13	CoreStrategy	1.4435
2016-12-13	CapitalStable	2.9864
2016-12-13	Balanced	3.4857
2016-12-13	HighGrowth	4.6499
2016-12-13	Cash	2.111
2016-12-10	CoreStrategy	1.4415
2016-12-10	CapitalStable	2.9832
2016-12-10	Balanced	3.4812
2016-12-10	HighGrowth	4.642
2016-12-10	Cash	2.111
2016-12-09	CoreStrategy	1.4359
2016-12-09	CapitalStable	2.9767
2016-12-09	Balanced	3.4689
2016-12-09	HighGrowth	4.613
2016-12-09	Cash	2.1109
2016-12-08	CoreStrategy	1.4312
2016-12-08	CapitalStable	2.9705
2016-12-08	Balanced	3.4583
2016-12-08	HighGrowth	4.5897
2016-12-08	Cash	2.1108
2016-12-07	CoreStrategy	1.427
2016-12-07	CapitalStable	2.9655
2016-12-07	Balanced	3.4494
2016-12-07	HighGrowth	4.5699
2016-12-07	Cash	2.1107
2016-12-06	CoreStrategy	1.4274
2016-12-06	CapitalStable	2.9651
2016-12-06	Balanced	3.4498
2016-12-06	HighGrowth	4.5729
2016-12-06	Cash	2.1103
2016-12-03	CoreStrategy	1.4321
2016-12-03	CapitalStable	2.9704
2016-12-03	Balanced	3.4596
2016-12-03	HighGrowth	4.5954
2016-12-03	Cash	2.1102
2016-12-02	CoreStrategy	1.4299
2016-12-02	CapitalStable	2.968
2016-12-02	Balanced	3.4557
2016-12-02	HighGrowth	4.5872
2016-12-02	Cash	2.1101
2016-12-01	CoreStrategy	1.4277
2016-12-01	CapitalStable	2.9662
2016-12-01	Balanced	3.4517
2016-12-01	HighGrowth	4.5771
2016-12-01	Cash	2.11
2016-11-30	CoreStrategy	1.4277
2016-11-30	CapitalStable	2.966
2016-11-30	Balanced	3.4513
2016-11-30	HighGrowth	4.5758
2016-11-30	Cash	2.11
2016-11-29	CoreStrategy	1.4331
2016-11-29	CapitalStable	2.9707
2016-11-29	Balanced	3.4617
2016-11-29	HighGrowth	4.602
2016-11-29	Cash	2.1096
2016-11-26	CoreStrategy	1.4315
2016-11-26	CapitalStable	2.9693
2016-11-26	Balanced	3.4588
2016-11-26	HighGrowth	4.5949
2016-11-26	Cash	2.1095
2016-11-25	CoreStrategy	1.4318
2016-11-25	CapitalStable	2.9698
2016-11-25	Balanced	3.4596
2016-11-25	HighGrowth	4.5962
2016-11-25	Cash	2.1094
2016-11-24	CoreStrategy	1.4305
2016-11-24	CapitalStable	2.9684
2016-11-24	Balanced	3.4568
2016-11-24	HighGrowth	4.5894
2016-11-24	Cash	2.1093
2016-11-23	CoreStrategy	1.4278
2016-11-23	CapitalStable	2.9654
2016-11-23	Balanced	3.451
2016-11-23	HighGrowth	4.5757
2016-11-23	Cash	2.1092
2016-11-22	CoreStrategy	1.4275
2016-11-22	CapitalStable	2.9643
2016-11-22	Balanced	3.45
2016-11-22	HighGrowth	4.5746
2016-11-22	Cash	2.1088
2016-11-19	CoreStrategy	1.423
2016-11-19	CapitalStable	2.96
2016-11-19	Balanced	3.4405
2016-11-19	HighGrowth	4.5511
2016-11-19	Cash	2.1087
2016-11-18	CoreStrategy	1.422
2016-11-18	CapitalStable	2.9579
2016-11-18	Balanced	3.4376
2016-11-18	HighGrowth	4.5459
2016-11-18	Cash	2.1086
2016-11-17	CoreStrategy	1.4188
2016-11-17	CapitalStable	2.954
2016-11-17	Balanced	3.431
2016-11-17	HighGrowth	4.5319
2016-11-17	Cash	2.1085
2016-11-16	CoreStrategy	1.4188
2016-11-16	CapitalStable	2.9544
2016-11-16	Balanced	3.4317
2016-11-16	HighGrowth	4.532
2016-11-16	Cash	2.1084
2016-11-15	CoreStrategy	1.4205
2016-11-15	CapitalStable	2.9568
2016-11-15	Balanced	3.4349
2016-11-15	HighGrowth	4.5376
2016-11-15	Cash	2.1081
2016-11-12	CoreStrategy	1.4199
2016-11-12	CapitalStable	2.9582
2016-11-12	Balanced	3.435
2016-11-12	HighGrowth	4.5337
2016-11-12	Cash	2.108
2016-11-11	CoreStrategy	1.4072
2016-11-11	CapitalStable	2.9483
2016-11-11	Balanced	3.4116
2016-11-11	HighGrowth	4.4727
2016-11-11	Cash	2.1079
2016-11-10	CoreStrategy	1.4104
2016-11-10	CapitalStable	2.9511
2016-11-10	Balanced	3.4164
2016-11-10	HighGrowth	4.4835
2016-11-10	Cash	2.1078
2016-11-09	CoreStrategy	1.4083
2016-11-09	CapitalStable	2.9488
2016-11-09	Balanced	3.413
2016-11-09	HighGrowth	4.477
2016-11-09	Cash	2.1078
2016-11-08	CoreStrategy	1.4004
2016-11-08	CapitalStable	2.9404
2016-11-08	Balanced	3.3979
2016-11-08	HighGrowth	4.4431
2016-11-08	Cash	2.1074
2016-11-05	CoreStrategy	1.4021
2016-11-05	CapitalStable	2.9418
2016-11-05	Balanced	3.4009
2016-11-05	HighGrowth	4.4507
2016-11-05	Cash	2.1073
2016-11-04	CoreStrategy	1.404
2016-11-04	CapitalStable	2.9449
2016-11-04	Balanced	3.4052
2016-11-04	HighGrowth	4.4581
2016-11-04	Cash	2.1072
2016-11-03	CoreStrategy	1.4103
2016-11-03	CapitalStable	2.9513
2016-11-03	Balanced	3.4171
2016-11-03	HighGrowth	4.4849
2016-11-03	Cash	2.1071
2016-11-02	CoreStrategy	1.4146
2016-11-02	CapitalStable	2.9558
2016-11-02	Balanced	3.4257
2016-11-02	HighGrowth	4.5052
2016-11-02	Cash	2.107
2016-11-01	CoreStrategy	1.4143
2016-11-01	CapitalStable	2.9542
2016-11-01	Balanced	3.4244
2016-11-01	HighGrowth	4.5051
2016-11-01	Cash	2.1066
2016-10-29	CoreStrategy	1.4136
2016-10-29	CapitalStable	2.9533
2016-10-29	Balanced	3.4228
2016-10-29	HighGrowth	4.5014
2016-10-29	Cash	2.1065
2016-10-28	CoreStrategy	1.4147
2016-10-28	CapitalStable	2.9547
2016-10-28	Balanced	3.4244
2016-10-28	HighGrowth	4.5041
2016-10-28	Cash	2.1064
2016-10-27	CoreStrategy	1.4207
2016-10-27	CapitalStable	2.9603
2016-10-27	Balanced	3.4357
2016-10-27	HighGrowth	4.5313
2016-10-27	Cash	2.1063
2016-10-26	CoreStrategy	1.4218
2016-10-26	CapitalStable	2.96
2016-10-26	Balanced	3.4369
2016-10-26	HighGrowth	4.5373
2016-10-26	Cash	2.1062
2016-10-25	CoreStrategy	1.4213
2016-10-25	CapitalStable	2.9589
2016-10-25	Balanced	3.4357
2016-10-25	HighGrowth	4.5358
2016-10-25	Cash	2.1059
2016-10-22	CoreStrategy	1.4207
2016-10-22	CapitalStable	2.9578
2016-10-22	Balanced	3.4341
2016-10-22	HighGrowth	4.5328
2016-10-22	Cash	2.1058
2016-10-21	CoreStrategy	1.4187
2016-10-21	CapitalStable	2.9558
2016-10-21	Balanced	3.4298
2016-10-21	HighGrowth	4.5225
2016-10-21	Cash	2.1056
2016-10-20	CoreStrategy	1.4166
2016-10-20	CapitalStable	2.9539
2016-10-20	Balanced	3.4267
2016-10-20	HighGrowth	4.5158
2016-10-20	Cash	2.1056
2016-10-19	CoreStrategy	1.4143
2016-10-19	CapitalStable	2.952
2016-10-19	Balanced	3.423
2016-10-19	HighGrowth	4.5072
2016-10-19	Cash	2.1052
2016-10-18	CoreStrategy	1.4172
2016-10-18	CapitalStable	2.9536
2016-10-18	Balanced	3.4276
2016-10-18	HighGrowth	4.5201
2016-10-18	Cash	2.1049
2016-10-15	CoreStrategy	1.4185
2016-10-15	CapitalStable	2.9556
2016-10-15	Balanced	3.4313
2016-10-15	HighGrowth	4.5282
2016-10-15	Cash	2.1049
2016-10-14	CoreStrategy	1.4217
2016-10-14	CapitalStable	2.9578
2016-10-14	Balanced	3.4364
2016-10-14	HighGrowth	4.5415
2016-10-14	Cash	2.1047
2016-10-13	CoreStrategy	1.4247
2016-10-13	CapitalStable	2.9605
2016-10-13	Balanced	3.442
2016-10-13	HighGrowth	4.5552
2016-10-13	Cash	2.1047
2016-10-12	CoreStrategy	1.4257
2016-10-12	CapitalStable	2.9611
2016-10-12	Balanced	3.443
2016-10-12	HighGrowth	4.5573
2016-10-12	Cash	2.1046
2016-10-11	CoreStrategy	1.4257
2016-10-11	CapitalStable	2.961
2016-10-11	Balanced	3.4432
2016-10-11	HighGrowth	4.5587
2016-10-11	Cash	2.1043
2016-10-08	CoreStrategy	1.4286
2016-10-08	CapitalStable	2.9634
2016-10-08	Balanced	3.4484
2016-10-08	HighGrowth	4.5715
2016-10-08	Cash	2.1041
2016-10-07	CoreStrategy	1.427
2016-10-07	CapitalStable	2.9617
2016-10-07	Balanced	3.445
2016-10-07	HighGrowth	4.5632
2016-10-07	Cash	2.104
2016-10-06	CoreStrategy	1.4247
2016-10-06	CapitalStable	2.9587
2016-10-06	Balanced	3.4397
2016-10-06	HighGrowth	4.5522
2016-10-06	Cash	2.1039
2016-10-05	CoreStrategy	1.4205
2016-10-05	CapitalStable	2.9539
2016-10-05	Balanced	3.4318
2016-10-05	HighGrowth	4.5353
2016-10-05	Cash	2.1034
2016-10-01	CoreStrategy	1.4203
2016-10-01	CapitalStable	2.9531
2016-10-01	Balanced	3.4309
2016-10-01	HighGrowth	4.5347
2016-10-01	Cash	2.1033
2016-09-30	CoreStrategy	1.4185
2016-09-30	CapitalStable	2.9512
2016-09-30	Balanced	3.4279
2016-09-30	HighGrowth	4.5285
2016-09-30	Cash	2.103
2016-09-29	CoreStrategy	1.4155
2016-09-29	CapitalStable	2.9479
2016-09-29	Balanced	3.4224
2016-09-29	HighGrowth	4.5169
2016-09-29	Cash	2.1029
2016-09-28	CoreStrategy	1.4162
2016-09-28	CapitalStable	2.9478
2016-09-28	Balanced	3.423
2016-09-28	HighGrowth	4.5201
2016-09-28	Cash	2.1028
2016-09-27	CoreStrategy	1.4205
2016-09-27	CapitalStable	2.9512
2016-09-27	Balanced	3.4303
2016-09-27	HighGrowth	4.5384
2016-09-27	Cash	2.1025
2016-09-24	CoreStrategy	1.4201
2016-09-24	CapitalStable	2.9502
2016-09-24	Balanced	3.4289
2016-09-24	HighGrowth	4.5356
2016-09-24	Cash	2.1024
2016-09-23	CoreStrategy	1.4164
2016-09-23	CapitalStable	2.9468
2016-09-23	Balanced	3.4232
2016-09-23	HighGrowth	4.5237
2016-09-23	Cash	2.1023
2016-09-22	CoreStrategy	1.4128
2016-09-22	CapitalStable	2.9435
2016-09-22	Balanced	3.4166
2016-09-22	HighGrowth	4.5079
2016-09-22	Cash	2.1022
2016-09-21	CoreStrategy	1.4131
2016-09-21	CapitalStable	2.9437
2016-09-21	Balanced	3.4168
2016-09-21	HighGrowth	4.508
2016-09-21	Cash	2.1021
2016-09-20	CoreStrategy	1.4139
2016-09-20	CapitalStable	2.9449
2016-09-20	Balanced	3.4195
2016-09-20	HighGrowth	4.5149
2016-09-20	Cash	2.1018
2016-09-17	CoreStrategy	1.4131
2016-09-17	CapitalStable	2.9442
2016-09-17	Balanced	3.4178
2016-09-17	HighGrowth	4.5102
2016-09-17	Cash	2.1017
2016-09-16	CoreStrategy	1.412
2016-09-16	CapitalStable	2.9435
2016-09-16	Balanced	3.4162
2016-09-16	HighGrowth	4.5062
2016-09-16	Cash	2.1015
2016-09-15	CoreStrategy	1.4115
2016-09-15	CapitalStable	2.9428
2016-09-15	Balanced	3.4146
2016-09-15	HighGrowth	4.5021
2016-09-15	Cash	2.1014
2016-09-14	CoreStrategy	1.4139
2016-09-14	CapitalStable	2.9455
2016-09-14	Balanced	3.419
2016-09-14	HighGrowth	4.511
2016-09-14	Cash	2.1013
2016-09-13	CoreStrategy	1.4178
2016-09-13	CapitalStable	2.9493
2016-09-13	Balanced	3.4252
2016-09-13	HighGrowth	4.5249
2016-09-13	Cash	2.1011
2016-09-10	CoreStrategy	1.4222
2016-09-10	CapitalStable	2.9529
2016-09-10	Balanced	3.4312
2016-09-10	HighGrowth	4.5376
2016-09-10	Cash	2.101
2016-09-09	CoreStrategy	1.4236
2016-09-09	CapitalStable	2.9537
2016-09-09	Balanced	3.4337
2016-09-09	HighGrowth	4.5441
2016-09-09	Cash	2.1009
2016-09-08	CoreStrategy	1.422
2016-09-08	CapitalStable	2.9524
2016-09-08	Balanced	3.4312
2016-09-08	HighGrowth	4.5383
2016-09-08	Cash	2.1008
2016-09-07	CoreStrategy	1.4236
2016-09-07	CapitalStable	2.9532
2016-09-07	Balanced	3.4345
2016-09-07	HighGrowth	4.5491
2016-09-07	Cash	2.1007
2016-09-06	CoreStrategy	1.4219
2016-09-06	CapitalStable	2.9507
2016-09-06	Balanced	3.4312
2016-09-06	HighGrowth	4.5432
2016-09-06	Cash	2.1004
2016-09-03	CoreStrategy	1.4199
2016-09-03	CapitalStable	2.9493
2016-09-03	Balanced	3.4282
2016-09-03	HighGrowth	4.5363
2016-09-03	Cash	2.1002
2016-09-02	CoreStrategy	1.4212
2016-09-02	CapitalStable	2.9503
2016-09-02	Balanced	3.4307
2016-09-02	HighGrowth	4.5429
2016-09-02	Cash	2.1001
2016-09-01	CoreStrategy	1.4238
2016-09-01	CapitalStable	2.9528
2016-09-01	Balanced	3.4357
2016-09-01	HighGrowth	4.5548
2016-09-01	Cash	2.1
2016-08-31	CoreStrategy	1.4206
2016-08-31	CapitalStable	2.9495
2016-08-31	Balanced	3.4291
2016-08-31	HighGrowth	4.539
2016-08-31	Cash	2.0999
2016-08-30	CoreStrategy	1.4187
2016-08-30	CapitalStable	2.9467
2016-08-30	Balanced	3.4239
2016-08-30	HighGrowth	4.5277
2016-08-30	Cash	2.0996
2016-08-27	CoreStrategy	1.4204
2016-08-27	CapitalStable	2.9483
2016-08-27	Balanced	3.4278
2016-08-27	HighGrowth	4.5382
2016-08-27	Cash	2.0995
2016-08-26	CoreStrategy	1.4214
2016-08-26	CapitalStable	2.9478
2016-08-26	Balanced	3.4285
2016-08-26	HighGrowth	4.5431
2016-08-26	Cash	2.0994
2016-08-25	CoreStrategy	1.421
2016-08-25	CapitalStable	2.9473
2016-08-25	Balanced	3.427
2016-08-25	HighGrowth	4.5387
2016-08-25	Cash	2.0992
2016-08-24	CoreStrategy	1.4178
2016-08-24	CapitalStable	2.9453
2016-08-24	Balanced	3.4225
2016-08-24	HighGrowth	4.5272
2016-08-24	Cash	2.0992
2016-08-23	CoreStrategy	1.4195
2016-08-23	CapitalStable	2.9466
2016-08-23	Balanced	3.4253
2016-08-23	HighGrowth	4.5342
2016-08-23	Cash	2.0989
2016-08-20	CoreStrategy	1.4175
2016-08-20	CapitalStable	2.9448
2016-08-20	Balanced	3.4212
2016-08-20	HighGrowth	4.5235
2016-08-20	Cash	2.0987
2016-08-19	CoreStrategy	1.4179
2016-08-19	CapitalStable	2.9459
2016-08-19	Balanced	3.423
2016-08-19	HighGrowth	4.5277
2016-08-19	Cash	2.0986
2016-08-18	CoreStrategy	1.4164
2016-08-18	CapitalStable	2.9444
2016-08-18	Balanced	3.4194
2016-08-18	HighGrowth	4.5181
2016-08-18	Cash	2.0985
2016-08-17	CoreStrategy	1.4175
2016-08-17	CapitalStable	2.9445
2016-08-17	Balanced	3.4205
2016-08-17	HighGrowth	4.5221
2016-08-17	Cash	2.0984
2016-08-16	CoreStrategy	1.4158
2016-08-16	CapitalStable	2.9429
2016-08-16	Balanced	3.4173
2016-08-16	HighGrowth	4.5149
2016-08-16	Cash	2.0981
2016-08-13	CoreStrategy	1.4132
2016-08-13	CapitalStable	2.9403
2016-08-13	Balanced	3.4124
2016-08-13	HighGrowth	4.5036
2016-08-13	Cash	2.098
2016-08-12	CoreStrategy	1.4115
2016-08-12	CapitalStable	2.9387
2016-08-12	Balanced	3.4093
2016-08-12	HighGrowth	4.4967
2016-08-12	Cash	2.0979
2016-08-11	CoreStrategy	1.4139
2016-08-11	CapitalStable	2.9416
2016-08-11	Balanced	3.4147
2016-08-11	HighGrowth	4.5082
2016-08-11	Cash	2.0978
2016-08-10	CoreStrategy	1.4118
2016-08-10	CapitalStable	2.9387
2016-08-10	Balanced	3.4109
2016-08-10	HighGrowth	4.502
2016-08-10	Cash	2.0976
2016-08-09	CoreStrategy	1.4099
2016-08-09	CapitalStable	2.9367
2016-08-09	Balanced	3.4088
2016-08-09	HighGrowth	4.4997
2016-08-09	Cash	2.0973
2016-08-06	CoreStrategy	1.4031
2016-08-06	CapitalStable	2.9288
2016-08-06	Balanced	3.3961
2016-08-06	HighGrowth	4.4718
2016-08-06	Cash	2.0971
2016-08-05	CoreStrategy	1.4023
2016-08-05	CapitalStable	2.9285
2016-08-05	Balanced	3.396
2016-08-05	HighGrowth	4.4724
2016-08-05	Cash	2.0971
2016-08-04	CoreStrategy	1.4032
2016-08-04	CapitalStable	2.9279
2016-08-04	Balanced	3.396
2016-08-04	HighGrowth	4.475
2016-08-04	Cash	2.0968
2016-08-03	CoreStrategy	1.4085
2016-08-03	CapitalStable	2.9316
2016-08-03	Balanced	3.4041
2016-08-03	HighGrowth	4.4955
2016-08-03	Cash	2.0965
2016-07-30	CoreStrategy	1.4092
2016-07-30	CapitalStable	2.9336
2016-07-30	Balanced	3.4073
2016-07-30	HighGrowth	4.5024
2016-07-30	Cash	2.0961
2016-07-29	CoreStrategy	1.4091
2016-07-29	CapitalStable	2.9335
2016-07-29	Balanced	3.4078
2016-07-29	HighGrowth	4.5044
2016-07-29	Cash	2.096
2016-07-28	CoreStrategy	1.4064
2016-07-28	CapitalStable	2.9328
2016-07-28	Balanced	3.4039
2016-07-28	HighGrowth	4.4906
2016-07-28	Cash	2.0959
2016-07-27	CoreStrategy	1.4073
2016-07-27	CapitalStable	2.9342
2016-07-27	Balanced	3.4065
2016-07-27	HighGrowth	4.4967
2016-07-27	Cash	2.0957
2016-07-26	CoreStrategy	1.4058
2016-07-26	CapitalStable	2.9328
2016-07-26	Balanced	3.404
2016-07-26	HighGrowth	4.4912
2016-07-26	Cash	2.0954
2016-07-23	CoreStrategy	1.4043
2016-07-23	CapitalStable	2.931
2016-07-23	Balanced	3.4002
2016-07-23	HighGrowth	4.482
2016-07-23	Cash	2.0952
2016-07-22	CoreStrategy	1.4036
2016-07-22	CapitalStable	2.9299
2016-07-22	Balanced	3.399
2016-07-22	HighGrowth	4.4809
2016-07-22	Cash	2.095
2016-07-21	CoreStrategy	1.3989
2016-07-21	CapitalStable	2.9256
2016-07-21	Balanced	3.3911
2016-07-21	HighGrowth	4.4628
2016-07-21	Cash	2.0949
2016-07-20	CoreStrategy	1.3975
2016-07-20	CapitalStable	2.9234
2016-07-20	Balanced	3.3868
2016-07-20	HighGrowth	4.4521
2016-07-20	Cash	2.0949
2016-07-19	CoreStrategy	1.3952
2016-07-19	CapitalStable	2.9209
2016-07-19	Balanced	3.3825
2016-07-19	HighGrowth	4.4433
2016-07-19	Cash	2.0945
2016-07-16	CoreStrategy	1.3924
2016-07-16	CapitalStable	2.9177
2016-07-16	Balanced	3.3767
2016-07-16	HighGrowth	4.4302
2016-07-16	Cash	2.0943
2016-07-15	CoreStrategy	1.3884
2016-07-15	CapitalStable	2.9144
2016-07-15	Balanced	3.3702
2016-07-15	HighGrowth	4.4154
2016-07-15	Cash	2.0942
2016-07-14	CoreStrategy	1.3859
2016-07-14	CapitalStable	2.9117
2016-07-14	Balanced	3.3659
2016-07-14	HighGrowth	4.4064
2016-07-14	Cash	2.0942
2016-07-13	CoreStrategy	1.3823
2016-07-13	CapitalStable	2.9085
2016-07-13	Balanced	3.3617
2016-07-13	HighGrowth	4.3998
2016-07-13	Cash	2.094
2016-07-12	CoreStrategy	1.372
2016-07-12	CapitalStable	2.8983
2016-07-12	Balanced	3.3436
2016-07-12	HighGrowth	4.36
2016-07-12	Cash	2.0937
2016-07-09	CoreStrategy	1.3694
2016-07-09	CapitalStable	2.8976
2016-07-09	Balanced	3.3415
2016-07-09	HighGrowth	4.3546
2016-07-09	Cash	2.0936
2016-07-08	CoreStrategy	1.3654
2016-07-08	CapitalStable	2.8944
2016-07-08	Balanced	3.3347
2016-07-08	HighGrowth	4.3387
2016-07-08	Cash	2.0935
2016-07-07	CoreStrategy	1.369
2016-07-07	CapitalStable	2.8965
2016-07-07	Balanced	3.3403
2016-07-07	HighGrowth	4.3538
2016-07-07	Cash	2.0933
2016-07-06	CoreStrategy	1.3736
2016-07-06	CapitalStable	2.8985
2016-07-06	Balanced	3.3453
2016-07-06	HighGrowth	4.3678
2016-07-06	Cash	2.0932
2016-07-05	CoreStrategy	1.3741
2016-07-05	CapitalStable	2.8997
2016-07-05	Balanced	3.3475
2016-07-05	HighGrowth	4.3727
2016-07-05	Cash	2.093
2016-07-02	CoreStrategy	1.3721
2016-07-02	CapitalStable	2.8978
2016-07-02	Balanced	3.3449
2016-07-02	HighGrowth	4.3681
2016-07-02	Cash	2.0927
2016-07-01	CoreStrategy	1.3621
2016-07-01	CapitalStable	2.8877
2016-07-01	Balanced	3.3273
2016-07-01	HighGrowth	4.33
2016-07-01	Cash	2.0926
2016-06-30	CoreStrategy	1.3721
2016-06-30	CapitalStable	2.8978
2016-06-30	Balanced	3.3449
2016-06-30	HighGrowth	4.3681
2016-06-30	Cash	2.0927
2016-06-29	CoreStrategy	1.347
2016-06-29	CapitalStable	2.8732
2016-06-29	Balanced	3.3029
2016-06-29	HighGrowth	4.2795
2016-06-29	Cash	2.0927
2016-06-28	CoreStrategy	1.3537
2016-06-28	CapitalStable	2.8783
2016-06-28	Balanced	3.311
2016-06-28	HighGrowth	4.295
2016-06-28	Cash	2.0922
2016-06-25	CoreStrategy	1.381
2016-06-25	CapitalStable	2.8987
2016-06-25	Balanced	3.3524
2016-06-25	HighGrowth	4.3943
2016-06-25	Cash	2.0921
2016-06-24	CoreStrategy	1.3767
2016-06-24	CapitalStable	2.8965
2016-06-24	Balanced	3.3486
2016-06-24	HighGrowth	4.3862
2016-06-24	Cash	2.092
2016-06-23	CoreStrategy	1.3764
2016-06-23	CapitalStable	2.8947
2016-06-23	Balanced	3.3471
2016-06-23	HighGrowth	4.3858
2016-06-23	Cash	2.0919
2016-06-22	CoreStrategy	1.3736
2016-06-22	CapitalStable	2.8919
2016-06-22	Balanced	3.3423
2016-06-22	HighGrowth	4.3756
2016-06-22	Cash	2.0917
2016-06-21	CoreStrategy	1.3641
2016-06-21	CapitalStable	2.8843
2016-06-21	Balanced	3.3282
2016-06-21	HighGrowth	4.3437
2016-06-21	Cash	2.0914
2016-06-18	CoreStrategy	1.3625
2016-06-18	CapitalStable	2.8827
2016-06-18	Balanced	3.3264
2016-06-18	HighGrowth	4.3415
2016-06-18	Cash	2.0913
2016-06-17	CoreStrategy	1.3618
2016-06-17	CapitalStable	2.8811
2016-06-17	Balanced	3.3226
2016-06-17	HighGrowth	4.3318
2016-06-17	Cash	2.0911
2016-06-16	CoreStrategy	1.3646
2016-06-16	CapitalStable	2.8849
2016-06-16	Balanced	3.3292
2016-06-16	HighGrowth	4.3462
2016-06-16	Cash	2.0908
2016-06-15	CoreStrategy	1.3731
2016-06-15	CapitalStable	2.8912
2016-06-15	Balanced	3.3414
2016-06-15	HighGrowth	4.3749
2016-06-15	Cash	2.0905
2016-06-11	CoreStrategy	1.3864
2016-06-11	CapitalStable	2.9018
2016-06-11	Balanced	3.3623
2016-06-11	HighGrowth	4.4243
2016-06-11	Cash	2.0903
2016-06-10	CoreStrategy	1.3884
2016-06-10	CapitalStable	2.9023
2016-06-10	Balanced	3.3645
2016-06-10	HighGrowth	4.4309
2016-06-10	Cash	2.0902
2016-06-09	CoreStrategy	1.3871
2016-06-09	CapitalStable	2.9006
2016-06-09	Balanced	3.3624
2016-06-09	HighGrowth	4.4279
2016-06-09	Cash	2.0901
2016-06-08	CoreStrategy	1.3869
2016-06-08	CapitalStable	2.9009
2016-06-08	Balanced	3.3637
2016-06-08	HighGrowth	4.4327
2016-06-08	Cash	2.09
2016-06-07	CoreStrategy	1.3848
2016-06-07	CapitalStable	2.8996
2016-06-07	Balanced	3.3615
2016-06-07	HighGrowth	4.4276
2016-06-07	Cash	2.0896
2016-06-04	CoreStrategy	1.386
2016-06-04	CapitalStable	2.9014
2016-06-04	Balanced	3.3654
2016-06-04	HighGrowth	4.4373
2016-06-04	Cash	2.0895
2016-06-03	CoreStrategy	1.3863
2016-06-03	CapitalStable	2.9017
2016-06-03	Balanced	3.3656
2016-06-03	HighGrowth	4.4373
2016-06-03	Cash	2.0893
2016-06-02	CoreStrategy	1.3891
2016-06-02	CapitalStable	2.9041
2016-06-02	Balanced	3.3701
2016-06-02	HighGrowth	4.4479
2016-06-02	Cash	2.0892
2016-06-01	CoreStrategy	1.3925
2016-06-01	CapitalStable	2.9074
2016-06-01	Balanced	3.3772
2016-06-01	HighGrowth	4.4658
2016-06-01	Cash	2.0891
2016-05-31	CoreStrategy	1.3912
2016-05-31	CapitalStable	2.906
2016-05-31	Balanced	3.3749
2016-05-31	HighGrowth	4.4608
2016-05-31	Cash	2.0887
2016-05-28	CoreStrategy	1.3882
2016-05-28	CapitalStable	2.9032
2016-05-28	Balanced	3.3694
2016-05-28	HighGrowth	4.4481
2016-05-28	Cash	2.0886
2016-05-27	CoreStrategy	1.3875
2016-05-27	CapitalStable	2.9027
2016-05-27	Balanced	3.369
2016-05-27	HighGrowth	4.4476
2016-05-27	Cash	2.0884
2016-05-26	CoreStrategy	1.3796
2016-05-26	CapitalStable	2.896
2016-05-26	Balanced	3.3561
2016-05-26	HighGrowth	4.4176
2016-05-26	Cash	2.0883
2016-05-25	CoreStrategy	1.376
2016-05-25	CapitalStable	2.8937
2016-05-25	Balanced	3.3507
2016-05-25	HighGrowth	4.403
2016-05-25	Cash	2.0883
2016-05-24	CoreStrategy	1.377
2016-05-24	CapitalStable	2.8938
2016-05-24	Balanced	3.3514
2016-05-24	HighGrowth	4.4056
2016-05-24	Cash	2.088
2016-05-21	CoreStrategy	1.3728
2016-05-21	CapitalStable	2.8908
2016-05-21	Balanced	3.3454
2016-05-21	HighGrowth	4.3917
2016-05-21	Cash	2.0878
2016-05-20	CoreStrategy	1.3752
2016-05-20	CapitalStable	2.8918
2016-05-20	Balanced	3.3472
2016-05-20	HighGrowth	4.3957
2016-05-20	Cash	2.0877
2016-05-19	CoreStrategy	1.3743
2016-05-19	CapitalStable	2.8893
2016-05-19	Balanced	3.3429
2016-05-19	HighGrowth	4.3874
2016-05-19	Cash	2.0877
2016-05-18	CoreStrategy	1.3742
2016-05-18	CapitalStable	2.8903
2016-05-18	Balanced	3.3442
2016-05-18	HighGrowth	4.3891
2016-05-18	Cash	2.0876
2016-05-17	CoreStrategy	1.3719
2016-05-17	CapitalStable	2.8888
2016-05-17	Balanced	3.3413
2016-05-17	HighGrowth	4.3824
2016-05-17	Cash	2.0872
2016-05-14	CoreStrategy	1.3736
2016-05-14	CapitalStable	2.8891
2016-05-14	Balanced	3.3421
2016-05-14	HighGrowth	4.3848
2016-05-14	Cash	2.0871
2016-05-13	CoreStrategy	1.3728
2016-05-13	CapitalStable	2.8875
2016-05-13	Balanced	3.3393
2016-05-13	HighGrowth	4.3787
2016-05-13	Cash	2.087
2016-05-12	CoreStrategy	1.373
2016-05-12	CapitalStable	2.8871
2016-05-12	Balanced	3.3396
2016-05-12	HighGrowth	4.3806
2016-05-12	Cash	2.0869
2016-05-11	CoreStrategy	1.3696
2016-05-11	CapitalStable	2.8846
2016-05-11	Balanced	3.3354
2016-05-11	HighGrowth	4.3714
2016-05-11	Cash	2.0868
2016-05-10	CoreStrategy	1.3664
2016-05-10	CapitalStable	2.8813
2016-05-10	Balanced	3.3291
2016-05-10	HighGrowth	4.357
2016-05-10	Cash	2.0863
2016-05-07	CoreStrategy	1.3601
2016-05-07	CapitalStable	2.8732
2016-05-07	Balanced	3.3147
2016-05-07	HighGrowth	4.3244
2016-05-07	Cash	2.0862
2016-05-06	CoreStrategy	1.3602
2016-05-06	CapitalStable	2.8735
2016-05-06	Balanced	3.3152
2016-05-06	HighGrowth	4.3253
2016-05-06	Cash	2.0862
2016-05-05	CoreStrategy	1.3659
2016-05-05	CapitalStable	2.8774
2016-05-05	Balanced	3.3233
2016-05-05	HighGrowth	4.3457
2016-05-05	Cash	2.0857
2016-05-04	CoreStrategy	1.3626
2016-05-04	CapitalStable	2.8725
2016-05-04	Balanced	3.3139
2016-05-04	HighGrowth	4.3238
2016-05-04	Cash	2.0855
2016-05-03	CoreStrategy	1.3616
2016-05-03	CapitalStable	2.8721
2016-05-03	Balanced	3.3122
2016-05-03	HighGrowth	4.3189
2016-05-03	Cash	2.0852
2016-04-30	CoreStrategy	1.3623
2016-04-30	CapitalStable	2.8721
2016-04-30	Balanced	3.3128
2016-04-30	HighGrowth	4.3211
2016-04-30	Cash	2.085
2016-04-29	CoreStrategy	1.3626
2016-04-29	CapitalStable	2.8714
2016-04-29	Balanced	3.3132
2016-04-29	HighGrowth	4.3243
2016-04-29	Cash	2.0844
2016-04-28	CoreStrategy	1.3576
2016-04-28	CapitalStable	2.8645
2016-04-28	Balanced	3.3002
2016-04-28	HighGrowth	4.2952
2016-04-28	Cash	2.0843
2016-04-27	CoreStrategy	1.3579
2016-04-27	CapitalStable	2.8648
2016-04-27	Balanced	3.3011
2016-04-27	HighGrowth	4.2973
2016-04-27	Cash	2.084
2016-04-23	CoreStrategy	1.3609
2016-04-23	CapitalStable	2.8666
2016-04-23	Balanced	3.3048
2016-04-23	HighGrowth	4.3063
2016-04-23	Cash	2.0837
2016-04-22	CoreStrategy	1.3572
2016-04-22	CapitalStable	2.8632
2016-04-22	Balanced	3.298
2016-04-22	HighGrowth	4.2903
2016-04-22	Cash	2.0836
2016-04-21	CoreStrategy	1.3546
2016-04-21	CapitalStable	2.8606
2016-04-21	Balanced	3.2935
2016-04-21	HighGrowth	4.2805
2016-04-21	Cash	2.0836
2016-04-20	CoreStrategy	1.3501
2016-04-20	CapitalStable	2.8578
2016-04-20	Balanced	3.2878
2016-04-20	HighGrowth	4.2666
2016-04-20	Cash	2.0834
2016-04-19	CoreStrategy	1.3513
2016-04-19	CapitalStable	2.8594
2016-04-19	Balanced	3.2908
2016-04-19	HighGrowth	4.2736
2016-04-19	Cash	2.083
2016-04-16	CoreStrategy	1.3492
2016-04-16	CapitalStable	2.857
2016-04-16	Balanced	3.2866
2016-04-16	HighGrowth	4.2647
2016-04-16	Cash	2.0829
2016-04-15	CoreStrategy	1.3473
2016-04-15	CapitalStable	2.8559
2016-04-15	Balanced	3.2852
2016-04-15	HighGrowth	4.2619
2016-04-15	Cash	2.0828
2016-04-14	CoreStrategy	1.3376
2016-04-14	CapitalStable	2.8471
2016-04-14	Balanced	3.269
2016-04-14	HighGrowth	4.226
2016-04-14	Cash	2.0827
2016-04-13	CoreStrategy	1.3336
2016-04-13	CapitalStable	2.8432
2016-04-13	Balanced	3.2626
2016-04-13	HighGrowth	4.2133
2016-04-13	Cash	2.0826
2016-04-12	CoreStrategy	1.3334
2016-04-12	CapitalStable	2.8422
2016-04-12	Balanced	3.2622
2016-04-12	HighGrowth	4.2148
2016-04-12	Cash	2.0822
2016-04-09	CoreStrategy	1.3332
2016-04-09	CapitalStable	2.8429
2016-04-09	Balanced	3.2635
2016-04-09	HighGrowth	4.2173
2016-04-09	Cash	2.0821
2016-04-08	CoreStrategy	1.3311
2016-04-08	CapitalStable	2.8375
2016-04-08	Balanced	3.2565
2016-04-08	HighGrowth	4.204
2016-04-08	Cash	2.0821
2016-04-07	CoreStrategy	1.3286
2016-04-07	CapitalStable	2.8368
2016-04-07	Balanced	3.2536
2016-04-07	HighGrowth	4.1954
2016-04-07	Cash	2.0819
2016-04-06	CoreStrategy	1.3328
2016-04-06	CapitalStable	2.8379
2016-04-06	Balanced	3.2573
2016-04-06	HighGrowth	4.2071
2016-04-06	Cash	2.0818
2016-04-05	CoreStrategy	1.3323
2016-04-05	CapitalStable	2.8366
2016-04-05	Balanced	3.2553
2016-04-05	HighGrowth	4.2032
2016-04-05	Cash	2.0814
2016-04-02	CoreStrategy	1.3359
2016-04-02	CapitalStable	2.8389
2016-04-02	Balanced	3.2599
2016-04-02	HighGrowth	4.2143
2016-04-02	Cash	2.0813
2016-04-01	CoreStrategy	1.333
2016-04-01	CapitalStable	2.8357
2016-04-01	Balanced	3.2546
2016-04-01	HighGrowth	4.2031
2016-04-01	Cash	2.0811
2016-03-31	CoreStrategy	1.3319
2016-03-31	CapitalStable	2.8353
2016-03-31	Balanced	3.2553
2016-03-31	HighGrowth	4.2067
2016-03-31	Cash	2.081
2016-03-30	CoreStrategy	1.3337
2016-03-30	CapitalStable	2.8364
2016-03-30	Balanced	3.2581
2016-03-30	HighGrowth	4.2148
2016-03-30	Cash	2.0805
2016-03-25	CoreStrategy	1.3378
2016-03-25	CapitalStable	2.8394
2016-03-25	Balanced	3.2649
2016-03-25	HighGrowth	4.2318
2016-03-25	Cash	2.0802
2016-03-24	CoreStrategy	1.3387
2016-03-24	CapitalStable	2.8386
2016-03-24	Balanced	3.2638
2016-03-24	HighGrowth	4.2301
2016-03-24	Cash	2.08
2016-03-23	CoreStrategy	1.3396
2016-03-23	CapitalStable	2.8398
2016-03-23	Balanced	3.2666
2016-03-23	HighGrowth	4.237
2016-03-23	Cash	2.0799
2016-03-22	CoreStrategy	1.3396
2016-03-22	CapitalStable	2.8392
2016-03-22	Balanced	3.2657
2016-03-22	HighGrowth	4.2357
2016-03-22	Cash	2.0796
2016-03-19	CoreStrategy	1.3362
2016-03-19	CapitalStable	2.8354
2016-03-19	Balanced	3.2592
2016-03-19	HighGrowth	4.222
2016-03-19	Cash	2.0795
2016-03-18	CoreStrategy	1.3346
2016-03-18	CapitalStable	2.837
2016-03-18	Balanced	3.2624
2016-03-18	HighGrowth	4.2279
2016-03-18	Cash	2.0794
2016-03-17	CoreStrategy	1.333
2016-03-17	CapitalStable	2.8359
2016-03-17	Balanced	3.2594
2016-03-17	HighGrowth	4.2196
2016-03-17	Cash	2.0792
2016-03-16	CoreStrategy	1.3379
2016-03-16	CapitalStable	2.8394
2016-03-16	Balanced	3.2659
2016-03-16	HighGrowth	4.2346
2016-03-16	Cash	2.0791
2016-03-15	CoreStrategy	1.3343
2016-03-15	CapitalStable	2.8354
2016-03-15	Balanced	3.2587
2016-03-15	HighGrowth	4.2191
2016-03-15	Cash	2.0787
2016-03-12	CoreStrategy	1.3291
2016-03-12	CapitalStable	2.8321
2016-03-12	Balanced	3.253
2016-03-12	HighGrowth	4.2069
2016-03-12	Cash	2.0786
2016-03-11	CoreStrategy	1.3275
2016-03-11	CapitalStable	2.8292
2016-03-11	Balanced	3.248
2016-03-11	HighGrowth	4.1963
2016-03-11	Cash	2.0785
2016-03-10	CoreStrategy	1.3261
2016-03-10	CapitalStable	2.8298
2016-03-10	Balanced	3.2483
2016-03-10	HighGrowth	4.1959
2016-03-10	Cash	2.0783
2016-03-09	CoreStrategy	1.331
2016-03-09	CapitalStable	2.8338
2016-03-09	Balanced	3.2556
2016-03-09	HighGrowth	4.2118
2016-03-09	Cash	2.0782
2016-03-08	CoreStrategy	1.3305
2016-03-08	CapitalStable	2.8338
2016-03-08	Balanced	3.2564
2016-03-08	HighGrowth	4.2151
2016-03-08	Cash	2.0785
2016-03-05	CoreStrategy	1.3275
2016-03-05	CapitalStable	2.8316
2016-03-05	Balanced	3.2523
2016-03-05	HighGrowth	4.2063
2016-03-05	Cash	2.0784
2016-03-04	CoreStrategy	1.3254
2016-03-04	CapitalStable	2.8319
2016-03-04	Balanced	3.2523
2016-03-04	HighGrowth	4.205
2016-03-04	Cash	2.0783
2016-03-03	CoreStrategy	1.3207
2016-03-03	CapitalStable	2.8289
2016-03-03	Balanced	3.2475
2016-03-03	HighGrowth	4.1952
2016-03-03	Cash	2.0781
2016-03-02	CoreStrategy	1.3109
2016-03-02	CapitalStable	2.8207
2016-03-02	Balanced	3.2318
2016-03-02	HighGrowth	4.1595
2016-03-02	Cash	2.0781
2016-03-01	CoreStrategy	1.3096
2016-03-01	CapitalStable	2.8183
2016-03-01	Balanced	3.2285
2016-03-01	HighGrowth	4.1536
2016-03-01	Cash	2.0777
2016-02-27	CoreStrategy	1.3067
2016-02-27	CapitalStable	2.8152
2016-02-27	Balanced	3.2226
2016-02-27	HighGrowth	4.1403
2016-02-27	Cash	2.0776
2016-02-26	CoreStrategy	1.303
2016-02-26	CapitalStable	2.8126
2016-02-26	Balanced	3.2178
2016-02-26	HighGrowth	4.1296
2016-02-26	Cash	2.0775
2016-02-25	CoreStrategy	1.3083
2016-02-25	CapitalStable	2.8168
2016-02-25	Balanced	3.2253
2016-02-25	HighGrowth	4.1465
2016-02-25	Cash	2.0773
2016-02-24	CoreStrategy	1.3109
2016-02-24	CapitalStable	2.8161
2016-02-24	Balanced	3.2271
2016-02-24	HighGrowth	4.1555
2016-02-24	Cash	2.077
2016-02-23	CoreStrategy	1.3076
2016-02-23	CapitalStable	2.8157
2016-02-23	Balanced	3.2271
2016-02-23	HighGrowth	4.156
2016-02-23	Cash	2.0766
2016-02-20	CoreStrategy	1.3091
2016-02-20	CapitalStable	2.8156
2016-02-20	Balanced	3.2272
2016-02-20	HighGrowth	4.1571
2016-02-20	Cash	2.0765
2016-02-19	CoreStrategy	1.3046
2016-02-19	CapitalStable	2.8135
2016-02-19	Balanced	3.221
2016-02-19	HighGrowth	4.1371
2016-02-19	Cash	2.0763
2016-02-18	CoreStrategy	1.3017
2016-02-18	CapitalStable	2.8127
2016-02-18	Balanced	3.2192
2016-02-18	HighGrowth	4.1333
2016-02-18	Cash	2.0768
2016-02-17	CoreStrategy	1.293
2016-02-17	CapitalStable	2.8035
2016-02-17	Balanced	3.2021
2016-02-17	HighGrowth	4.095
2016-02-17	Cash	2.0767
2016-02-16	CoreStrategy	1.2861
2016-02-16	CapitalStable	2.7976
2016-02-16	Balanced	3.1922
2016-02-16	HighGrowth	4.0744
2016-02-16	Cash	2.0763
2016-02-13	CoreStrategy	1.2841
2016-02-13	CapitalStable	2.7984
2016-02-13	Balanced	3.1904
2016-02-13	HighGrowth	4.0661
2016-02-13	Cash	2.0762
2016-02-12	CoreStrategy	1.2875
2016-02-12	CapitalStable	2.8007
2016-02-12	Balanced	3.1951
2016-02-12	HighGrowth	4.0768
2016-02-12	Cash	2.076
2016-02-11	CoreStrategy	1.2902
2016-02-11	CapitalStable	2.804
2016-02-11	Balanced	3.2007
2016-02-11	HighGrowth	4.0891
2016-02-11	Cash	2.0759
2016-02-10	CoreStrategy	1.3
2016-02-10	CapitalStable	2.8141
2016-02-10	Balanced	3.2184
2016-02-10	HighGrowth	4.1267
2016-02-10	Cash	2.0758
2016-02-09	CoreStrategy	1.3069
2016-02-09	CapitalStable	2.8201
2016-02-09	Balanced	3.23
2016-02-09	HighGrowth	4.1531
2016-02-09	Cash	2.0754
2016-02-06	CoreStrategy	1.3093
2016-02-06	CapitalStable	2.8217
2016-02-06	Balanced	3.2302
2016-02-06	HighGrowth	4.1518
2016-02-06	Cash	2.0753
2016-02-05	CoreStrategy	1.3062
2016-02-05	CapitalStable	2.8211
2016-02-05	Balanced	3.2284
2016-02-05	HighGrowth	4.1469
2016-02-05	Cash	2.0753
2016-02-04	CoreStrategy	1.3146
2016-02-04	CapitalStable	2.8323
2016-02-04	Balanced	3.2468
2016-02-04	HighGrowth	4.1835
2016-02-04	Cash	2.0752
2016-02-03	CoreStrategy	1.3233
2016-02-03	CapitalStable	2.8387
2016-02-03	Balanced	3.26
2016-02-03	HighGrowth	4.2149
2016-02-03	Cash	2.0752
2016-02-02	CoreStrategy	1.3208
2016-02-02	CapitalStable	2.8352
2016-02-02	Balanced	3.2552
2016-02-02	HighGrowth	4.2065
2016-02-02	Cash	2.075
2016-01-30	CoreStrategy	1.3106
2016-01-30	CapitalStable	2.8251
2016-01-30	Balanced	3.2368
2016-01-30	HighGrowth	4.1663
2016-01-30	Cash	2.0746
2016-01-29	CoreStrategy	1.311
2016-01-29	CapitalStable	2.826
2016-01-29	Balanced	3.239
2016-01-29	HighGrowth	4.1715
2016-01-29	Cash	2.0746
2016-01-28	CoreStrategy	1.3145
2016-01-28	CapitalStable	2.8287
2016-01-28	Balanced	3.2455
2016-01-28	HighGrowth	4.1888
2016-01-28	Cash	2.0743
2016-01-26	CoreStrategy	1.3089
2016-01-26	CapitalStable	2.8222
2016-01-26	Balanced	3.2346
2016-01-26	HighGrowth	4.1659
2016-01-26	Cash	2.0741
2016-01-23	CoreStrategy	1.2999
2016-01-23	CapitalStable	2.8148
2016-01-23	Balanced	3.2214
2016-01-23	HighGrowth	4.1369
2016-01-23	Cash	2.074
2016-01-22	CoreStrategy	1.3009
2016-01-22	CapitalStable	2.8189
2016-01-22	Balanced	3.228
2016-01-22	HighGrowth	4.1498
2016-01-22	Cash	2.0738
2016-01-21	CoreStrategy	1.309
2016-01-21	CapitalStable	2.8249
2016-01-21	Balanced	3.2393
2016-01-21	HighGrowth	4.1749
2016-01-21	Cash	2.0737
2016-01-20	CoreStrategy	1.3057
2016-01-20	CapitalStable	2.8227
2016-01-20	Balanced	3.236
2016-01-20	HighGrowth	4.1686
2016-01-20	Cash	2.0736
2016-01-19	CoreStrategy	1.3084
2016-01-19	CapitalStable	2.8261
2016-01-19	Balanced	3.2415
2016-01-19	HighGrowth	4.1798
2016-01-19	Cash	2.0732
2016-01-16	CoreStrategy	1.3137
2016-01-16	CapitalStable	2.8298
2016-01-16	Balanced	3.2477
2016-01-16	HighGrowth	4.1931
2016-01-16	Cash	2.073
2016-01-15	CoreStrategy	1.3165
2016-01-15	CapitalStable	2.8313
2016-01-15	Balanced	3.2512
2016-01-15	HighGrowth	4.2023
2016-01-15	Cash	2.0729
2016-01-14	CoreStrategy	1.3167
2016-01-14	CapitalStable	2.8304
2016-01-14	Balanced	3.2511
2016-01-14	HighGrowth	4.204
2016-01-14	Cash	2.0729
2016-01-13	CoreStrategy	1.3156
2016-01-13	CapitalStable	2.829
2016-01-13	Balanced	3.2488
2016-01-13	HighGrowth	4.1995
2016-01-13	Cash	2.0728
2016-01-12	CoreStrategy	1.3217
2016-01-12	CapitalStable	2.8352
2016-01-12	Balanced	3.2602
2016-01-12	HighGrowth	4.2252
2016-01-12	Cash	2.0724
2016-01-09	CoreStrategy	1.3248
2016-01-09	CapitalStable	2.8393
2016-01-09	Balanced	3.2652
2016-01-09	HighGrowth	4.2338
2016-01-09	Cash	2.0723
2016-01-08	CoreStrategy	1.3372
2016-01-08	CapitalStable	2.8497
2016-01-08	Balanced	3.2849
2016-01-08	HighGrowth	4.2788
2016-01-08	Cash	2.0721
2016-01-07	CoreStrategy	1.3428
2016-01-07	CapitalStable	2.8536
2016-01-07	Balanced	3.2924
2016-01-07	HighGrowth	4.2963
2016-01-07	Cash	2.072
2016-01-06	CoreStrategy	1.346
2016-01-06	CapitalStable	2.8556
2016-01-06	Balanced	3.2964
2016-01-06	HighGrowth	4.3065
2016-01-06	Cash	2.0719
2016-01-05	CoreStrategy	1.3515
2016-01-05	CapitalStable	2.8586
2016-01-05	Balanced	3.3025
2016-01-05	HighGrowth	4.321
2016-01-05	Cash	2.0713
2016-01-01	CoreStrategy	1.3539
2016-01-01	CapitalStable	2.8606
2016-01-01	Balanced	3.3062
2016-01-01	HighGrowth	4.3294
2016-01-01	Cash	2.0712
2015-12-31	CoreStrategy	1.3535
2015-12-31	CapitalStable	2.8604
2015-12-31	Balanced	3.3059
2015-12-31	HighGrowth	4.3284
2015-12-31	Cash	2.0711
2015-12-30	CoreStrategy	1.3483
2015-12-30	CapitalStable	2.8568
2015-12-30	Balanced	3.2984
2015-12-30	HighGrowth	4.3102
2015-12-30	Cash	2.0706
2015-12-25	CoreStrategy	1.3462
2015-12-25	CapitalStable	2.8541
2015-12-25	Balanced	3.2947
2015-12-25	HighGrowth	4.3035
2015-12-25	Cash	2.0705
2015-12-24	CoreStrategy	1.3402
2015-12-24	CapitalStable	2.8493
2015-12-24	Balanced	3.2847
2015-12-24	HighGrowth	4.2792
2015-12-24	Cash	2.0704
2015-12-23	CoreStrategy	1.3385
2015-12-23	CapitalStable	2.8487
2015-12-23	Balanced	3.2831
2015-12-23	HighGrowth	4.2753
2015-12-23	Cash	2.0702
2015-12-22	CoreStrategy	1.3365
2015-12-22	CapitalStable	2.8446
2015-12-22	Balanced	3.2774
2015-12-22	HighGrowth	4.2655
2015-12-22	Cash	2.0698
2015-12-19	CoreStrategy	1.3424
2015-12-19	CapitalStable	2.8496
2015-12-19	Balanced	3.2891
2015-12-19	HighGrowth	4.2954
2015-12-19	Cash	2.0697
2015-12-18	CoreStrategy	1.3382
2015-12-18	CapitalStable	2.8446
2015-12-18	Balanced	3.2797
2015-12-18	HighGrowth	4.2736
2015-12-18	Cash	2.0696
2015-12-17	CoreStrategy	1.3295
2015-12-17	CapitalStable	2.8365
2015-12-17	Balanced	3.265
2015-12-17	HighGrowth	4.2407
2015-12-17	Cash	2.0694
2015-12-16	CoreStrategy	1.3233
2015-12-16	CapitalStable	2.8301
2015-12-16	Balanced	3.2524
2015-12-16	HighGrowth	4.2119
2015-12-16	Cash	2.0693
2015-12-15	CoreStrategy	1.3301
2015-12-15	CapitalStable	2.8369
2015-12-15	Balanced	3.2653
2015-12-15	HighGrowth	4.2416
2015-12-15	Cash	2.0689
2015-12-12	CoreStrategy	1.334
2015-12-12	CapitalStable	2.8395
2015-12-12	Balanced	3.2693
2015-12-12	HighGrowth	4.2494
2015-12-12	Cash	2.0688
2015-12-11	CoreStrategy	1.339
2015-12-11	CapitalStable	2.8458
2015-12-11	Balanced	3.2806
2015-12-11	HighGrowth	4.2741
2015-12-11	Cash	2.0688
2015-12-10	CoreStrategy	1.3416
2015-12-10	CapitalStable	2.8484
2015-12-10	Balanced	3.2849
2015-12-10	HighGrowth	4.2832
2015-12-10	Cash	2.0687
2015-12-09	CoreStrategy	1.3473
2015-12-09	CapitalStable	2.8532
2015-12-09	Balanced	3.2933
2015-12-09	HighGrowth	4.301
2015-12-09	Cash	2.0686
2015-12-08	CoreStrategy	1.3464
2015-12-08	CapitalStable	2.852
2015-12-08	Balanced	3.2899
2015-12-08	HighGrowth	4.2919
2015-12-08	Cash	2.0684
2015-12-05	CoreStrategy	1.3498
2015-12-05	CapitalStable	2.8561
2015-12-05	Balanced	3.2974
2015-12-05	HighGrowth	4.3092
2015-12-05	Cash	2.0682
2015-12-04	CoreStrategy	1.3542
2015-12-04	CapitalStable	2.8609
2015-12-04	Balanced	3.3046
2015-12-04	HighGrowth	4.3228
2015-12-04	Cash	2.0681
2015-12-03	CoreStrategy	1.3573
2015-12-03	CapitalStable	2.8632
2015-12-03	Balanced	3.31
2015-12-03	HighGrowth	4.3366
2015-12-03	Cash	2.068
2015-12-02	CoreStrategy	1.3525
2015-12-02	CapitalStable	2.8594
2015-12-02	Balanced	3.3032
2015-12-02	HighGrowth	4.3217
2015-12-02	Cash	2.0678
2015-12-01	CoreStrategy	1.3572
2015-12-01	CapitalStable	2.864
2015-12-01	Balanced	3.3127
2015-12-01	HighGrowth	4.3449
2015-12-01	Cash	2.0675
2015-11-28	CoreStrategy	1.3574
2015-11-28	CapitalStable	2.8638
2015-11-28	Balanced	3.3123
2015-11-28	HighGrowth	4.3436
2015-11-28	Cash	2.0673
2015-11-27	CoreStrategy	1.355
2015-11-27	CapitalStable	2.8614
2015-11-27	Balanced	3.3078
2015-11-27	HighGrowth	4.3337
2015-11-27	Cash	2.0672
2015-11-26	CoreStrategy	1.3557
2015-11-26	CapitalStable	2.8616
2015-11-26	Balanced	3.3089
2015-11-26	HighGrowth	4.3373
2015-11-26	Cash	2.0671
2015-11-25	CoreStrategy	1.3598
2015-11-25	CapitalStable	2.8653
2015-11-25	Balanced	3.3167
2015-11-25	HighGrowth	4.3563
2015-11-25	Cash	2.067
2015-11-24	CoreStrategy	1.3589
2015-11-24	CapitalStable	2.8635
2015-11-24	Balanced	3.3137
2015-11-24	HighGrowth	4.3502
2015-11-24	Cash	2.0666
2015-11-21	CoreStrategy	1.3584
2015-11-21	CapitalStable	2.863
2015-11-21	Balanced	3.3138
2015-11-21	HighGrowth	4.3517
2015-11-21	Cash	2.0666
2015-11-20	CoreStrategy	1.3551
2015-11-20	CapitalStable	2.8611
2015-11-20	Balanced	3.3111
2015-11-20	HighGrowth	4.3465
2015-11-20	Cash	2.0665
2015-11-19	CoreStrategy	1.3501
2015-11-19	CapitalStable	2.8561
2015-11-19	Balanced	3.3016
2015-11-19	HighGrowth	4.3246
2015-11-19	Cash	2.0664
2015-11-18	CoreStrategy	1.3441
2015-11-18	CapitalStable	2.8517
2015-11-18	Balanced	3.2924
2015-11-18	HighGrowth	4.3019
2015-11-18	Cash	2.0663
2015-11-17	CoreStrategy	1.3434
2015-11-17	CapitalStable	2.8507
2015-11-17	Balanced	3.2905
2015-11-17	HighGrowth	4.2976
2015-11-17	Cash	2.0658
2015-11-14	CoreStrategy	1.3508
2015-11-14	CapitalStable	2.8573
2015-11-14	Balanced	3.3035
2015-11-14	HighGrowth	4.3283
2015-11-14	Cash	2.0658
2015-11-13	CoreStrategy	1.3573
2015-11-13	CapitalStable	2.8632
2015-11-13	Balanced	3.3155
2015-11-13	HighGrowth	4.357
2015-11-13	Cash	2.0656
2015-11-12	CoreStrategy	1.356
2015-11-12	CapitalStable	2.8621
2015-11-12	Balanced	3.3137
2015-11-12	HighGrowth	4.3533
2015-11-12	Cash	2.0656
2015-11-11	CoreStrategy	1.3569
2015-11-11	CapitalStable	2.8619
2015-11-11	Balanced	3.3141
2015-11-11	HighGrowth	4.3556
2015-11-11	Cash	2.0655
2015-11-10	CoreStrategy	1.3643
2015-11-10	CapitalStable	2.8681
2015-11-10	Balanced	3.3267
2015-11-10	HighGrowth	4.3862
2015-11-10	Cash	2.0652
2015-11-07	CoreStrategy	1.3579
2015-11-07	CapitalStable	2.8592
2015-11-07	Balanced	3.3119
2015-11-07	HighGrowth	4.3518
2015-11-07	Cash	2.0651
2015-11-06	CoreStrategy	1.3594
2015-11-06	CapitalStable	2.8595
2015-11-06	Balanced	3.3138
2015-11-06	HighGrowth	4.3579
2015-11-06	Cash	2.065
2015-11-05	CoreStrategy	1.3589
2015-11-05	CapitalStable	2.8589
2015-11-05	Balanced	3.3126
2015-11-05	HighGrowth	4.3554
2015-11-05	Cash	2.0651
2015-11-04	CoreStrategy	1.3555
2015-11-04	CapitalStable	2.8566
2015-11-04	Balanced	3.3076
2015-11-04	HighGrowth	4.3425
2015-11-04	Cash	2.0649
2015-11-03	CoreStrategy	1.3564
2015-11-03	CapitalStable	2.8579
2015-11-03	Balanced	3.31
2015-11-03	HighGrowth	4.3484
2015-11-03	Cash	2.0645
2015-10-31	CoreStrategy	1.3585
2015-10-31	CapitalStable	2.8602
2015-10-31	Balanced	3.3147
2015-10-31	HighGrowth	4.3597
2015-10-31	Cash	2.0644
2015-10-30	CoreStrategy	1.361
2015-10-30	CapitalStable	2.8616
2015-10-30	Balanced	3.3174
2015-10-30	HighGrowth	4.3664
2015-10-30	Cash	2.0643
2015-10-29	CoreStrategy	1.3538
2015-10-29	CapitalStable	2.8548
2015-10-29	Balanced	3.3038
2015-10-29	HighGrowth	4.3343
2015-10-29	Cash	2.0642
2015-10-28	CoreStrategy	1.3566
2015-10-28	CapitalStable	2.8581
2015-10-28	Balanced	3.3084
2015-10-28	HighGrowth	4.3415
2015-10-28	Cash	2.064
2015-10-27	CoreStrategy	1.358
2015-10-27	CapitalStable	2.8584
2015-10-27	Balanced	3.3108
2015-10-27	HighGrowth	4.3496
2015-10-27	Cash	2.0637
2015-10-24	CoreStrategy	1.3502
2015-10-24	CapitalStable	2.8512
2015-10-24	Balanced	3.2978
2015-10-24	HighGrowth	4.3207
2015-10-24	Cash	2.0636
2015-10-23	CoreStrategy	1.3462
2015-10-23	CapitalStable	2.8481
2015-10-23	Balanced	3.292
2015-10-23	HighGrowth	4.3076
2015-10-23	Cash	2.0635
2015-10-22	CoreStrategy	1.3458
2015-10-22	CapitalStable	2.8476
2015-10-22	Balanced	3.2899
2015-10-22	HighGrowth	4.3012
2015-10-22	Cash	2.0635
2015-10-21	CoreStrategy	1.3481
2015-10-21	CapitalStable	2.8493
2015-10-21	Balanced	3.2937
2015-10-21	HighGrowth	4.3109
2015-10-21	Cash	2.0634
2015-10-20	CoreStrategy	1.3481
2015-10-20	CapitalStable	2.8493
2015-10-20	Balanced	3.2937
2015-10-20	HighGrowth	4.3107
2015-10-20	Cash	2.063
2015-10-17	CoreStrategy	1.3436
2015-10-17	CapitalStable	2.8438
2015-10-17	Balanced	3.284
2015-10-17	HighGrowth	4.2901
2015-10-17	Cash	2.0628
2015-10-16	CoreStrategy	1.339
2015-10-16	CapitalStable	2.8409
2015-10-16	Balanced	3.278
2015-10-16	HighGrowth	4.2759
2015-10-16	Cash	2.0627
2015-10-15	CoreStrategy	1.3399
2015-10-15	CapitalStable	2.8412
2015-10-15	Balanced	3.2783
2015-10-15	HighGrowth	4.2759
2015-10-15	Cash	2.0625
2015-10-14	CoreStrategy	1.342
2015-10-14	CapitalStable	2.8421
2015-10-14	Balanced	3.2799
2015-10-14	HighGrowth	4.2798
2015-10-14	Cash	2.0624
2015-10-13	CoreStrategy	1.345
2015-10-13	CapitalStable	2.8443
2015-10-13	Balanced	3.2853
2015-10-13	HighGrowth	4.2938
2015-10-13	Cash	2.0622
2015-10-10	CoreStrategy	1.3437
2015-10-10	CapitalStable	2.8444
2015-10-10	Balanced	3.2864
2015-10-10	HighGrowth	4.297
2015-10-10	Cash	2.0619
2015-10-09	CoreStrategy	1.3388
2015-10-09	CapitalStable	2.8392
2015-10-09	Balanced	3.2774
2015-10-09	HighGrowth	4.278
2015-10-09	Cash	2.0619
2015-10-08	CoreStrategy	1.3389
2015-10-08	CapitalStable	2.843
2015-10-08	Balanced	3.2816
2015-10-08	HighGrowth	4.2841
2015-10-08	Cash	2.0618
2015-10-07	CoreStrategy	1.339
2015-10-07	CapitalStable	2.8432
2015-10-07	Balanced	3.283
2015-10-07	HighGrowth	4.2881
2015-10-07	Cash	2.0617
2015-10-03	CoreStrategy	1.3254
2015-10-03	CapitalStable	2.8315
2015-10-03	Balanced	3.2608
2015-10-03	HighGrowth	4.2374
2015-10-03	Cash	2.0612
2015-10-02	CoreStrategy	1.3215
2015-10-02	CapitalStable	2.8275
2015-10-02	Balanced	3.2544
2015-10-02	HighGrowth	4.2241
2015-10-02	Cash	2.061
2015-10-01	CoreStrategy	1.3112
2015-10-01	CapitalStable	2.8185
2015-10-01	Balanced	3.2367
2015-10-01	HighGrowth	4.1826
2015-10-01	Cash	2.0608
2015-09-30	CoreStrategy	1.3217
2015-09-30	CapitalStable	2.8283
2015-09-30	Balanced	3.2559
2015-09-30	HighGrowth	4.2277
2015-09-30	Cash	2.0607
2015-09-29	CoreStrategy	1.325
2015-09-29	CapitalStable	2.8295
2015-09-29	Balanced	3.2598
2015-09-29	HighGrowth	4.2382
2015-09-29	Cash	2.0603
2015-09-26	CoreStrategy	1.3244
2015-09-26	CapitalStable	2.8296
2015-09-26	Balanced	3.2599
2015-09-26	HighGrowth	4.2386
2015-09-26	Cash	2.0603
2015-09-25	CoreStrategy	1.3229
2015-09-25	CapitalStable	2.8295
2015-09-25	Balanced	3.2569
2015-09-25	HighGrowth	4.2283
2015-09-25	Cash	2.0601
2015-09-24	CoreStrategy	1.3274
2015-09-24	CapitalStable	2.8336
2015-09-24	Balanced	3.2639
2015-09-24	HighGrowth	4.2439
2015-09-24	Cash	2.06
2015-09-23	CoreStrategy	1.33
2015-09-23	CapitalStable	2.8351
2015-09-23	Balanced	3.2661
2015-09-23	HighGrowth	4.248
2015-09-23	Cash	2.0599
2015-09-22	CoreStrategy	1.3321
2015-09-22	CapitalStable	2.8364
2015-09-22	Balanced	3.2682
2015-09-22	HighGrowth	4.2525
2015-09-22	Cash	2.0597
2015-09-19	CoreStrategy	1.3379
2015-09-19	CapitalStable	2.8405
2015-09-19	Balanced	3.2788
2015-09-19	HighGrowth	4.28
2015-09-19	Cash	2.0597
2015-09-18	CoreStrategy	1.3338
2015-09-18	CapitalStable	2.8358
2015-09-18	Balanced	3.2703
2015-09-18	HighGrowth	4.2615
2015-09-18	Cash	2.0595
2015-09-17	CoreStrategy	1.3286
2015-09-17	CapitalStable	2.8318
2015-09-17	Balanced	3.2634
2015-09-17	HighGrowth	4.246
2015-09-17	Cash	2.0595
2015-09-16	CoreStrategy	1.3269
2015-09-16	CapitalStable	2.8304
2015-09-16	Balanced	3.2597
2015-09-16	HighGrowth	4.2368
2015-09-16	Cash	2.0594
2015-09-15	CoreStrategy	1.3275
2015-09-15	CapitalStable	2.831
2015-09-15	Balanced	3.2626
2015-09-15	HighGrowth	4.2462
2015-09-15	Cash	2.059
2015-09-12	CoreStrategy	1.3289
2015-09-12	CapitalStable	2.8322
2015-09-12	Balanced	3.2647
2015-09-12	HighGrowth	4.2509
2015-09-12	Cash	2.0589
2015-09-11	CoreStrategy	1.336
2015-09-11	CapitalStable	2.8386
2015-09-11	Balanced	3.2781
2015-09-11	HighGrowth	4.2837
2015-09-11	Cash	2.0588
2015-09-10	CoreStrategy	1.3301
2015-09-10	CapitalStable	2.833
2015-09-10	Balanced	3.2682
2015-09-10	HighGrowth	4.2608
2015-09-10	Cash	2.0587
2015-09-09	CoreStrategy	1.3226
2015-09-09	CapitalStable	2.8281
2015-09-09	Balanced	3.2578
2015-09-09	HighGrowth	4.2353
2015-09-09	Cash	2.0586
2015-09-08	CoreStrategy	1.3246
2015-09-08	CapitalStable	2.8324
2015-09-08	Balanced	3.2619
2015-09-08	HighGrowth	4.2415
2015-09-08	Cash	2.0582
2015-09-05	CoreStrategy	1.3274
2015-09-05	CapitalStable	2.8332
2015-09-05	Balanced	3.2634
2015-09-05	HighGrowth	4.245
2015-09-05	Cash	2.0581
2015-09-04	CoreStrategy	1.3288
2015-09-04	CapitalStable	2.8344
2015-09-04	Balanced	3.2669
2015-09-04	HighGrowth	4.2542
2015-09-04	Cash	2.058
2015-09-03	CoreStrategy	1.3252
2015-09-03	CapitalStable	2.8318
2015-09-03	Balanced	3.2605
2015-09-03	HighGrowth	4.2379
2015-09-03	Cash	2.0579
2015-09-02	CoreStrategy	1.3366
2015-09-02	CapitalStable	2.8415
2015-09-02	Balanced	3.2787
2015-09-02	HighGrowth	4.2799
2015-09-02	Cash	2.0577
2015-09-01	CoreStrategy	1.3373
2015-09-01	CapitalStable	2.8399
2015-09-01	Balanced	3.2776
2015-09-01	HighGrowth	4.281
2015-09-01	Cash	2.0574
2015-08-29	CoreStrategy	1.3341
2015-08-29	CapitalStable	2.8347
2015-08-29	Balanced	3.271
2015-08-29	HighGrowth	4.2697
2015-08-29	Cash	2.0573
2015-08-28	CoreStrategy	1.3241
2015-08-28	CapitalStable	2.8253
2015-08-28	Balanced	3.2548
2015-08-28	HighGrowth	4.2344
2015-08-28	Cash	2.0572
2015-08-27	CoreStrategy	1.316
2015-08-27	CapitalStable	2.8174
2015-08-27	Balanced	3.2389
2015-08-27	HighGrowth	4.1978
2015-08-27	Cash	2.0571
2015-08-26	CoreStrategy	1.3091
2015-08-26	CapitalStable	2.8145
2015-08-26	Balanced	3.228
2015-08-26	HighGrowth	4.1641
2015-08-26	Cash	2.057
2015-08-25	CoreStrategy	1.3288
2015-08-25	CapitalStable	2.8329
2015-08-25	Balanced	3.2592
2015-08-25	HighGrowth	4.2325
2015-08-25	Cash	2.0566
2015-08-22	CoreStrategy	1.341
2015-08-22	CapitalStable	2.8443
2015-08-22	Balanced	3.28
2015-08-22	HighGrowth	4.2793
2015-08-22	Cash	2.0565
2015-08-21	CoreStrategy	1.3515
2015-08-21	CapitalStable	2.8537
2015-08-21	Balanced	3.2985
2015-08-21	HighGrowth	4.3228
2015-08-21	Cash	2.0563
2015-08-20	CoreStrategy	1.3523
2015-08-20	CapitalStable	2.854
2015-08-20	Balanced	3.2988
2015-08-20	HighGrowth	4.3234
2015-08-20	Cash	2.0562
2015-08-19	CoreStrategy	1.3536
2015-08-19	CapitalStable	2.8564
2015-08-19	Balanced	3.3013
2015-08-19	HighGrowth	4.3254
2015-08-19	Cash	2.0561
2015-08-18	CoreStrategy	1.3525
2015-08-18	CapitalStable	2.8552
2015-08-18	Balanced	3.2994
2015-08-18	HighGrowth	4.3215
2015-08-18	Cash	2.0557
2015-08-15	CoreStrategy	1.3539
2015-08-15	CapitalStable	2.8563
2015-08-15	Balanced	3.3023
2015-08-15	HighGrowth	4.3292
2015-08-15	Cash	2.0556
2015-08-14	CoreStrategy	1.3532
2015-08-14	CapitalStable	2.8563
2015-08-14	Balanced	3.301
2015-08-14	HighGrowth	4.325
2015-08-14	Cash	2.0554
2015-08-13	CoreStrategy	1.3634
2015-08-13	CapitalStable	2.8667
2015-08-13	Balanced	3.3205
2015-08-13	HighGrowth	4.3695
2015-08-13	Cash	2.0553
2015-08-12	CoreStrategy	1.3651
2015-08-12	CapitalStable	2.8667
2015-08-12	Balanced	3.3205
2015-08-12	HighGrowth	4.37
2015-08-12	Cash	2.0552
2015-08-11	CoreStrategy	1.3596
2015-08-11	CapitalStable	2.862
2015-08-11	Balanced	3.3112
2015-08-11	HighGrowth	4.3481
2015-08-11	Cash	2.0549
2015-08-08	CoreStrategy	1.3691
2015-08-08	CapitalStable	2.8709
2015-08-08	Balanced	3.3284
2015-08-08	HighGrowth	4.3898
2015-08-08	Cash	2.0548
2015-08-07	CoreStrategy	1.3736
2015-08-07	CapitalStable	2.8749
2015-08-07	Balanced	3.3362
2015-08-07	HighGrowth	4.4083
2015-08-07	Cash	2.0548
2015-08-06	CoreStrategy	1.3717
2015-08-06	CapitalStable	2.8733
2015-08-06	Balanced	3.3317
2015-08-06	HighGrowth	4.3961
2015-08-06	Cash	2.0547
2015-08-05	CoreStrategy	1.3758
2015-08-05	CapitalStable	2.8778
2015-08-05	Balanced	3.3409
2015-08-05	HighGrowth	4.4176
2015-08-05	Cash	2.0542
2015-08-01	CoreStrategy	1.3759
2015-08-01	CapitalStable	2.878
2015-08-01	Balanced	3.3423
2015-08-01	HighGrowth	4.4216
2015-08-01	Cash	2.0541
2015-07-31	CoreStrategy	1.3731
2015-07-31	CapitalStable	2.8753
2015-07-31	Balanced	3.3371
2015-07-31	HighGrowth	4.409
2015-07-31	Cash	2.054
2015-07-30	CoreStrategy	1.3689
2015-07-30	CapitalStable	2.8716
2015-07-30	Balanced	3.3302
2015-07-30	HighGrowth	4.3932
2015-07-30	Cash	2.0539
2015-07-29	CoreStrategy	1.367
2015-07-29	CapitalStable	2.8711
2015-07-29	Balanced	3.3281
2015-07-29	HighGrowth	4.3861
2015-07-29	Cash	2.0537
2015-07-28	CoreStrategy	1.3714
2015-07-28	CapitalStable	2.8752
2015-07-28	Balanced	3.3355
2015-07-28	HighGrowth	4.4028
2015-07-28	Cash	2.0534
2015-07-25	CoreStrategy	1.3727
2015-07-25	CapitalStable	2.8761
2015-07-25	Balanced	3.3356
2015-07-25	HighGrowth	4.4014
2015-07-25	Cash	2.0535
2015-07-24	CoreStrategy	1.3743
2015-07-24	CapitalStable	2.8768
2015-07-24	Balanced	3.3377
2015-07-24	HighGrowth	4.407
2015-07-24	Cash	2.0534
2015-07-23	CoreStrategy	1.3768
2015-07-23	CapitalStable	2.8785
2015-07-23	Balanced	3.341
2015-07-23	HighGrowth	4.4149
2015-07-23	Cash	2.0533
2015-07-22	CoreStrategy	1.3785
2015-07-22	CapitalStable	2.8797
2015-07-22	Balanced	3.3443
2015-07-22	HighGrowth	4.425
2015-07-22	Cash	2.0531
2015-07-21	CoreStrategy	1.3778
2015-07-21	CapitalStable	2.879
2015-07-21	Balanced	3.3427
2015-07-21	HighGrowth	4.421
2015-07-21	Cash	2.0529
2015-07-18	CoreStrategy	1.3761
2015-07-18	CapitalStable	2.8769
2015-07-18	Balanced	3.3391
2015-07-18	HighGrowth	4.4133
2015-07-18	Cash	2.0528
2015-07-17	CoreStrategy	1.3726
2015-07-17	CapitalStable	2.8733
2015-07-17	Balanced	3.3336
2015-07-17	HighGrowth	4.4016
2015-07-17	Cash	2.0526
2015-07-16	CoreStrategy	1.3684
2015-07-16	CapitalStable	2.867
2015-07-16	Balanced	3.3236
2015-07-16	HighGrowth	4.3825
2015-07-16	Cash	2.0525
2015-07-15	CoreStrategy	1.3654
2015-07-15	CapitalStable	2.8645
2015-07-15	Balanced	3.319
2015-07-15	HighGrowth	4.3719
2015-07-15	Cash	2.0524
2015-07-14	CoreStrategy	1.3605
2015-07-14	CapitalStable	2.8599
2015-07-14	Balanced	3.3105
2015-07-14	HighGrowth	4.353
2015-07-14	Cash	2.0521
2015-07-11	CoreStrategy	1.3529
2015-07-11	CapitalStable	2.8532
2015-07-11	Balanced	3.2972
2015-07-11	HighGrowth	4.3221
2015-07-11	Cash	2.052
2015-07-10	CoreStrategy	1.3486
2015-07-10	CapitalStable	2.8499
2015-07-10	Balanced	3.2904
2015-07-10	HighGrowth	4.3055
2015-07-10	Cash	2.0519
2015-07-09	CoreStrategy	1.3582
2015-07-09	CapitalStable	2.8586
2015-07-09	Balanced	3.3073
2015-07-09	HighGrowth	4.3461
2015-07-09	Cash	2.0517
2015-07-08	CoreStrategy	1.3519
2015-07-08	CapitalStable	2.8521
2015-07-08	Balanced	3.2944
2015-07-08	HighGrowth	4.3156
2015-07-08	Cash	2.0516
2015-07-07	CoreStrategy	1.3589
2015-07-07	CapitalStable	2.8557
2015-07-07	Balanced	3.3046
2015-07-07	HighGrowth	4.3443
2015-07-07	Cash	2.0512
2015-07-04	CoreStrategy	1.3583
2015-07-04	CapitalStable	2.8555
2015-07-04	Balanced	3.3026
2015-07-04	HighGrowth	4.3368
2015-07-04	Cash	2.0511
2015-07-03	CoreStrategy	1.3534
2015-07-03	CapitalStable	2.8515
2015-07-03	Balanced	3.294
2015-07-03	HighGrowth	4.3154
2015-07-03	Cash	2.051
2015-07-02	CoreStrategy	1.3476
2015-07-02	CapitalStable	2.8462
2015-07-02	Balanced	3.2834
2015-07-02	HighGrowth	4.2905
2015-07-02	Cash	2.0509
2015-07-01	CoreStrategy	1.3472
2015-07-01	CapitalStable	2.8468
2015-07-01	Balanced	3.2838
2015-07-01	HighGrowth	4.2901
2015-07-01	Cash	2.0508
2015-06-30	CoreStrategy	1.3476
2015-06-30	CapitalStable	2.8462
2015-06-30	Balanced	3.2834
2015-06-30	HighGrowth	4.2905
2015-06-30	Cash	2.0509
2015-06-27	CoreStrategy	1.359
2015-06-27	CapitalStable	2.8532
2015-06-27	Balanced	3.2986
2015-06-27	HighGrowth	4.3304
2015-06-27	Cash	2.0504
2015-06-26	CoreStrategy	1.3624
2015-06-26	CapitalStable	2.8546
2015-06-26	Balanced	3.3033
2015-06-26	HighGrowth	4.3444
2015-06-26	Cash	2.0503
2015-06-25	CoreStrategy	1.3625
2015-06-25	CapitalStable	2.8536
2015-06-25	Balanced	3.3023
2015-06-25	HighGrowth	4.3433
2015-06-25	Cash	2.0502
2015-06-24	CoreStrategy	1.3575
2015-06-24	CapitalStable	2.8492
2015-06-24	Balanced	3.2935
2015-06-24	HighGrowth	4.3219
2015-06-24	Cash	2.0501
2015-06-23	CoreStrategy	1.3526
2015-06-23	CapitalStable	2.845
2015-06-23	Balanced	3.2851
2015-06-23	HighGrowth	4.3022
2015-06-23	Cash	2.0498
2015-06-20	CoreStrategy	1.3497
2015-06-20	CapitalStable	2.8415
2015-06-20	Balanced	3.2783
2015-06-20	HighGrowth	4.2857
2015-06-20	Cash	2.0496
2015-06-19	CoreStrategy	1.3543
2015-06-19	CapitalStable	2.8465
2015-06-19	Balanced	3.2893
2015-06-19	HighGrowth	4.313
2015-06-19	Cash	2.0495
2015-06-18	CoreStrategy	1.3489
2015-06-18	CapitalStable	2.8408
2015-06-18	Balanced	3.2781
2015-06-18	HighGrowth	4.2864
2015-06-18	Cash	2.0494
2015-06-17	CoreStrategy	1.3477
2015-06-17	CapitalStable	2.8395
2015-06-17	Balanced	3.276
2015-06-17	HighGrowth	4.2822
2015-06-17	Cash	2.0493
2015-06-16	CoreStrategy	1.3531
2015-06-16	CapitalStable	2.8445
2015-06-16	Balanced	3.2856
2015-06-16	HighGrowth	4.3042
2015-06-16	Cash	2.0489
2015-06-13	CoreStrategy	1.3555
2015-06-13	CapitalStable	2.8463
2015-06-13	Balanced	3.2898
2015-06-13	HighGrowth	4.3151
2015-06-13	Cash	2.0488
2015-06-12	CoreStrategy	1.3507
2015-06-12	CapitalStable	2.8414
2015-06-12	Balanced	3.2807
2015-06-12	HighGrowth	4.2939
2015-06-12	Cash	2.0487
2015-06-11	CoreStrategy	1.348
2015-06-11	CapitalStable	2.8411
2015-06-11	Balanced	3.2784
2015-06-11	HighGrowth	4.286
2015-06-11	Cash	2.0487
2015-06-10	CoreStrategy	1.3511
2015-06-10	CapitalStable	2.8443
2015-06-10	Balanced	3.2851
2015-06-10	HighGrowth	4.302
2015-06-10	Cash	2.0483
2015-06-06	CoreStrategy	1.356
2015-06-06	CapitalStable	2.8502
2015-06-06	Balanced	3.2934
2015-06-06	HighGrowth	4.3177
2015-06-06	Cash	2.0481
2015-06-05	CoreStrategy	1.3573
2015-06-05	CapitalStable	2.8503
2015-06-05	Balanced	3.2931
2015-06-05	HighGrowth	4.3164
2015-06-05	Cash	2.048
2015-06-04	CoreStrategy	1.3592
2015-06-04	CapitalStable	2.8545
2015-06-04	Balanced	3.2984
2015-06-04	HighGrowth	4.3253
2015-06-04	Cash	2.0478
2015-06-03	CoreStrategy	1.3666
2015-06-03	CapitalStable	2.8634
2015-06-03	Balanced	3.3144
2015-06-03	HighGrowth	4.3612
2015-06-03	Cash	2.0477
2015-06-02	CoreStrategy	1.3672
2015-06-02	CapitalStable	2.8647
2015-06-02	Balanced	3.3155
2015-06-02	HighGrowth	4.3619
2015-06-02	Cash	2.0477
2015-05-30	CoreStrategy	1.3681
2015-05-30	CapitalStable	2.8647
2015-05-30	Balanced	3.3167
2015-05-30	HighGrowth	4.3657
2015-05-30	Cash	2.0473
2015-05-29	CoreStrategy	1.3659
2015-05-29	CapitalStable	2.8615
2015-05-29	Balanced	3.3111
2015-05-29	HighGrowth	4.3542
2015-05-29	Cash	2.0472
2015-05-28	CoreStrategy	1.3638
2015-05-28	CapitalStable	2.8568
2015-05-28	Balanced	3.3048
2015-05-28	HighGrowth	4.3458
2015-05-28	Cash	2.0471
2015-05-27	CoreStrategy	1.3634
2015-05-27	CapitalStable	2.8551
2015-05-27	Balanced	3.302
2015-05-27	HighGrowth	4.3396
2015-05-27	Cash	2.047
2015-05-26	CoreStrategy	1.3614
2015-05-26	CapitalStable	2.8528
2015-05-26	Balanced	3.2982
2015-05-26	HighGrowth	4.3316
2015-05-26	Cash	2.0466
2015-05-23	CoreStrategy	1.3603
2015-05-23	CapitalStable	2.8513
2015-05-23	Balanced	3.2953
2015-05-23	HighGrowth	4.3249
2015-05-23	Cash	2.0465
2015-05-22	CoreStrategy	1.3574
2015-05-22	CapitalStable	2.8485
2015-05-22	Balanced	3.29
2015-05-22	HighGrowth	4.3126
2015-05-22	Cash	2.0464
2015-05-21	CoreStrategy	1.3559
2015-05-21	CapitalStable	2.8466
2015-05-21	Balanced	3.2869
2015-05-21	HighGrowth	4.3062
2015-05-21	Cash	2.0463
2015-05-20	CoreStrategy	1.3554
2015-05-20	CapitalStable	2.8463
2015-05-20	Balanced	3.2853
2015-05-20	HighGrowth	4.3004
2015-05-20	Cash	2.0461
2015-05-19	CoreStrategy	1.356
2015-05-19	CapitalStable	2.8465
2015-05-19	Balanced	3.286
2015-05-19	HighGrowth	4.3025
2015-05-19	Cash	2.0458
2015-05-16	CoreStrategy	1.3517
2015-05-16	CapitalStable	2.8403
2015-05-16	Balanced	3.2766
2015-05-16	HighGrowth	4.2846
2015-05-16	Cash	2.0456
2015-05-15	CoreStrategy	1.349
2015-05-15	CapitalStable	2.8374
2015-05-15	Balanced	3.2715
2015-05-15	HighGrowth	4.2737
2015-05-15	Cash	2.0455
2015-05-14	CoreStrategy	1.3498
2015-05-14	CapitalStable	2.8402
2015-05-14	Balanced	3.2759
2015-05-14	HighGrowth	4.2818
2015-05-14	Cash	2.0454
2015-05-13	CoreStrategy	1.3523
2015-05-13	CapitalStable	2.8436
2015-05-13	Balanced	3.2806
2015-05-13	HighGrowth	4.2902
2015-05-13	Cash	2.0453
2015-05-12	CoreStrategy	1.3533
2015-05-12	CapitalStable	2.8442
2015-05-12	Balanced	3.2824
2015-05-12	HighGrowth	4.2955
2015-05-12	Cash	2.0451
2015-05-09	CoreStrategy	1.3469
2015-05-09	CapitalStable	2.8377
2015-05-09	Balanced	3.2713
2015-05-09	HighGrowth	4.2718
2015-05-09	Cash	2.0449
2015-05-08	CoreStrategy	1.3455
2015-05-08	CapitalStable	2.8345
2015-05-08	Balanced	3.2665
2015-05-08	HighGrowth	4.2614
2015-05-08	Cash	2.0447
2015-05-07	CoreStrategy	1.3536
2015-05-07	CapitalStable	2.8439
2015-05-07	Balanced	3.2828
2015-05-07	HighGrowth	4.2971
2015-05-07	Cash	2.0447
2015-05-06	CoreStrategy	1.3598
2015-05-06	CapitalStable	2.8519
2015-05-06	Balanced	3.2964
2015-05-06	HighGrowth	4.3252
2015-05-06	Cash	2.0445
2015-05-05	CoreStrategy	1.3584
2015-05-05	CapitalStable	2.8509
2015-05-05	Balanced	3.2943
2015-05-05	HighGrowth	4.3204
2015-05-05	Cash	2.0442
2015-05-02	CoreStrategy	1.3544
2015-05-02	CapitalStable	2.8477
2015-05-02	Balanced	3.2869
2015-05-02	HighGrowth	4.3011
2015-05-02	Cash	2.0439
2015-05-01	CoreStrategy	1.3525
2015-05-01	CapitalStable	2.8456
2015-05-01	Balanced	3.2812
2015-05-01	HighGrowth	4.286
2015-05-01	Cash	2.0438
2015-04-30	CoreStrategy	1.3602
2015-04-30	CapitalStable	2.8533
2015-04-30	Balanced	3.2953
2015-04-30	HighGrowth	4.3184
2015-04-30	Cash	2.0437
2015-04-29	CoreStrategy	1.3651
2015-04-29	CapitalStable	2.8563
2015-04-29	Balanced	3.3042
2015-04-29	HighGrowth	4.3451
2015-04-29	Cash	2.0436
2015-04-28	CoreStrategy	1.3642
2015-04-28	CapitalStable	2.8556
2015-04-28	Balanced	3.3035
2015-04-28	HighGrowth	4.3444
2015-04-28	Cash	2.0432
2015-04-25	CoreStrategy	1.3607
2015-04-25	CapitalStable	2.8534
2015-04-25	Balanced	3.2985
2015-04-25	HighGrowth	4.3311
2015-04-25	Cash	2.043
2015-04-24	CoreStrategy	1.3599
2015-04-24	CapitalStable	2.8525
2015-04-24	Balanced	3.2968
2015-04-24	HighGrowth	4.3277
2015-04-24	Cash	2.0429
2015-04-23	CoreStrategy	1.3602
2015-04-23	CapitalStable	2.8536
2015-04-23	Balanced	3.2984
2015-04-23	HighGrowth	4.3309
2015-04-23	Cash	2.0428
2015-04-22	CoreStrategy	1.3589
2015-04-22	CapitalStable	2.854
2015-04-22	Balanced	3.2978
2015-04-22	HighGrowth	4.3258
2015-04-22	Cash	2.0427
2015-04-21	CoreStrategy	1.3584
2015-04-21	CapitalStable	2.8537
2015-04-21	Balanced	3.2963
2015-04-21	HighGrowth	4.3213
2015-04-21	Cash	2.0424
2015-04-18	CoreStrategy	1.3645
2015-04-18	CapitalStable	2.8592
2015-04-18	Balanced	3.3067
2015-04-18	HighGrowth	4.3457
2015-04-18	Cash	2.0423
2015-04-17	CoreStrategy	1.3683
2015-04-17	CapitalStable	2.8642
2015-04-17	Balanced	3.3159
2015-04-17	HighGrowth	4.366
2015-04-17	Cash	2.0422
2015-04-16	CoreStrategy	1.3678
2015-04-16	CapitalStable	2.8633
2015-04-16	Balanced	3.3142
2015-04-16	HighGrowth	4.3622
2015-04-16	Cash	2.0421
2015-04-15	CoreStrategy	1.3694
2015-04-15	CapitalStable	2.8649
2015-04-15	Balanced	3.318
2015-04-15	HighGrowth	4.3736
2015-04-15	Cash	2.0419
2015-04-14	CoreStrategy	1.3665
2015-04-14	CapitalStable	2.8612
2015-04-14	Balanced	3.3106
2015-04-14	HighGrowth	4.356
2015-04-14	Cash	2.0415
2015-04-11	CoreStrategy	1.3632
2015-04-11	CapitalStable	2.8585
2015-04-11	Balanced	3.305
2015-04-11	HighGrowth	4.3425
2015-04-11	Cash	2.0414
2015-04-10	CoreStrategy	1.3621
2015-04-10	CapitalStable	2.8574
2015-04-10	Balanced	3.3033
2015-04-10	HighGrowth	4.3396
2015-04-10	Cash	2.0412
2015-04-09	CoreStrategy	1.3615
2015-04-09	CapitalStable	2.8568
2015-04-09	Balanced	3.3029
2015-04-09	HighGrowth	4.3399
2015-04-09	Cash	2.0413
2015-04-08	CoreStrategy	1.3595
2015-04-08	CapitalStable	2.8534
2015-04-08	Balanced	3.2984
2015-04-08	HighGrowth	4.3324
2015-04-08	Cash	2.0408
2015-04-03	CoreStrategy	1.3526
2015-04-03	CapitalStable	2.8472
2015-04-03	Balanced	3.287
2015-04-03	HighGrowth	4.3073
2015-04-03	Cash	2.0405
2015-04-02	CoreStrategy	1.352
2015-04-02	CapitalStable	2.8452
2015-04-02	Balanced	3.2849
2015-04-02	HighGrowth	4.305
2015-04-02	Cash	2.0403
2015-04-01	CoreStrategy	1.353
2015-04-01	CapitalStable	2.8469
2015-04-01	Balanced	3.2878
2015-04-01	HighGrowth	4.3096
2015-04-01	Cash	2.0402
2015-03-31	CoreStrategy	1.3484
2015-03-31	CapitalStable	2.8413
2015-03-31	Balanced	3.2774
2015-03-31	HighGrowth	4.2865
2015-03-31	Cash	2.0399
2015-03-28	CoreStrategy	1.3427
2015-03-28	CapitalStable	2.8356
2015-03-28	Balanced	3.2661
2015-03-28	HighGrowth	4.2602
2015-03-28	Cash	2.0398
2015-03-27	CoreStrategy	1.3484
2015-03-27	CapitalStable	2.8408
2015-03-27	Balanced	3.2754
2015-03-27	HighGrowth	4.2814
2015-03-27	Cash	2.0397
2015-03-26	CoreStrategy	1.3501
2015-03-26	CapitalStable	2.8419
2015-03-26	Balanced	3.2779
2015-03-26	HighGrowth	4.2876
2015-03-26	Cash	2.0395
2015-03-25	CoreStrategy	1.3511
2015-03-25	CapitalStable	2.8436
2015-03-25	Balanced	3.2809
2015-03-25	HighGrowth	4.2928
2015-03-25	Cash	2.0393
2015-03-24	CoreStrategy	1.3534
2015-03-24	CapitalStable	2.8468
2015-03-24	Balanced	3.2867
2015-03-24	HighGrowth	4.306
2015-03-24	Cash	2.0389
2015-03-21	CoreStrategy	1.3523
2015-03-21	CapitalStable	2.8468
2015-03-21	Balanced	3.2876
2015-03-21	HighGrowth	4.309
2015-03-21	Cash	2.0388
2015-03-20	CoreStrategy	1.3478
2015-03-20	CapitalStable	2.8419
2015-03-20	Balanced	3.2787
2015-03-20	HighGrowth	4.289
2015-03-20	Cash	2.0386
2015-03-19	CoreStrategy	1.3464
2015-03-19	CapitalStable	2.8416
2015-03-19	Balanced	3.2775
2015-03-19	HighGrowth	4.2852
2015-03-19	Cash	2.0385
2015-03-18	CoreStrategy	1.3437
2015-03-18	CapitalStable	2.84
2015-03-18	Balanced	3.2731
2015-03-18	HighGrowth	4.2725
2015-03-18	Cash	2.0383
2015-03-17	CoreStrategy	1.3421
2015-03-17	CapitalStable	2.8391
2015-03-17	Balanced	3.2713
2015-03-17	HighGrowth	4.2679
2015-03-17	Cash	2.0379
2015-03-14	CoreStrategy	1.3423
2015-03-14	CapitalStable	2.8395
2015-03-14	Balanced	3.2709
2015-03-14	HighGrowth	4.265
2015-03-14	Cash	2.0378
2015-03-13	CoreStrategy	1.3408
2015-03-13	CapitalStable	2.8389
2015-03-13	Balanced	3.2708
2015-03-13	HighGrowth	4.266
2015-03-13	Cash	2.0377
2015-03-12	CoreStrategy	1.3385
2015-03-12	CapitalStable	2.8355
2015-03-12	Balanced	3.2658
2015-03-12	HighGrowth	4.2566
2015-03-12	Cash	2.0375
2015-03-11	CoreStrategy	1.3414
2015-03-11	CapitalStable	2.8345
2015-03-11	Balanced	3.2669
2015-03-11	HighGrowth	4.2642
2015-03-11	Cash	2.0375
2015-03-10	CoreStrategy	1.3448
2015-03-10	CapitalStable	2.8373
2015-03-10	Balanced	3.2723
2015-03-10	HighGrowth	4.2771
2015-03-10	Cash	2.0371
2015-03-07	CoreStrategy	1.3461
2015-03-07	CapitalStable	2.8367
2015-03-07	Balanced	3.2728
2015-03-07	HighGrowth	4.2791
2015-03-07	Cash	2.037
2015-03-06	CoreStrategy	1.3432
2015-03-06	CapitalStable	2.8334
2015-03-06	Balanced	3.2669
2015-03-06	HighGrowth	4.2663
2015-03-06	Cash	2.0368
2015-03-05	CoreStrategy	1.3448
2015-03-05	CapitalStable	2.835
2015-03-05	Balanced	3.2697
2015-03-05	HighGrowth	4.2725
2015-03-05	Cash	2.0369
2015-03-04	CoreStrategy	1.3485
2015-03-04	CapitalStable	2.8382
2015-03-04	Balanced	3.2759
2015-03-04	HighGrowth	4.2874
2015-03-04	Cash	2.0367
2015-03-03	CoreStrategy	1.3453
2015-03-03	CapitalStable	2.8351
2015-03-03	Balanced	3.2699
2015-03-03	HighGrowth	4.2731
2015-03-03	Cash	2.0364
2015-02-28	CoreStrategy	1.3448
2015-02-28	CapitalStable	2.8335
2015-02-28	Balanced	3.268
2015-02-28	HighGrowth	4.2709
2015-02-28	Cash	2.0361
2015-02-27	CoreStrategy	1.3435
2015-02-27	CapitalStable	2.8294
2015-02-27	Balanced	3.2636
2015-02-27	HighGrowth	4.2656
2015-02-27	Cash	2.036
2015-02-26	CoreStrategy	1.3441
2015-02-26	CapitalStable	2.8301
2015-02-26	Balanced	3.2656
2015-02-26	HighGrowth	4.2712
2015-02-26	Cash	2.0359
2015-02-25	CoreStrategy	1.342
2015-02-25	CapitalStable	2.8276
2015-02-25	Balanced	3.262
2015-02-25	HighGrowth	4.2645
2015-02-25	Cash	2.0358
2015-02-24	CoreStrategy	1.3398
2015-02-24	CapitalStable	2.8252
2015-02-24	Balanced	3.2576
2015-02-24	HighGrowth	4.2549
2015-02-24	Cash	2.0354
2015-02-21	CoreStrategy	1.3409
2015-02-21	CapitalStable	2.8266
2015-02-21	Balanced	3.2603
2015-02-21	HighGrowth	4.2612
2015-02-21	Cash	2.0353
2015-02-20	CoreStrategy	1.3398
2015-02-20	CapitalStable	2.826
2015-02-20	Balanced	3.2588
2015-02-20	HighGrowth	4.2572
2015-02-20	Cash	2.0352
2015-02-19	CoreStrategy	1.3357
2015-02-19	CapitalStable	2.8216
2015-02-19	Balanced	3.2511
2015-02-19	HighGrowth	4.2408
2015-02-19	Cash	2.0351
2015-02-18	CoreStrategy	1.337
2015-02-18	CapitalStable	2.8234
2015-02-18	Balanced	3.2541
2015-02-18	HighGrowth	4.247
2015-02-18	Cash	2.0351
2015-02-17	CoreStrategy	1.3361
2015-02-17	CapitalStable	2.8224
2015-02-17	Balanced	3.2526
2015-02-17	HighGrowth	4.244
2015-02-17	Cash	2.0348
2015-02-14	CoreStrategy	1.3293
2015-02-14	CapitalStable	2.817
2015-02-14	Balanced	3.2423
2015-02-14	HighGrowth	4.2207
2015-02-14	Cash	2.0346
2015-02-13	CoreStrategy	1.3257
2015-02-13	CapitalStable	2.8139
2015-02-13	Balanced	3.2364
2015-02-13	HighGrowth	4.2071
2015-02-13	Cash	2.0344
2015-02-12	CoreStrategy	1.3253
2015-02-12	CapitalStable	2.8129
2015-02-12	Balanced	3.2343
2015-02-12	HighGrowth	4.2024
2015-02-12	Cash	2.0343
2015-02-11	CoreStrategy	1.3229
2015-02-11	CapitalStable	2.8116
2015-02-11	Balanced	3.2301
2015-02-11	HighGrowth	4.1906
2015-02-11	Cash	2.0341
2015-02-10	CoreStrategy	1.3256
2015-02-10	CapitalStable	2.8137
2015-02-10	Balanced	3.2344
2015-02-10	HighGrowth	4.2009
2015-02-10	Cash	2.0337
2015-02-07	CoreStrategy	1.3262
2015-02-07	CapitalStable	2.8146
2015-02-07	Balanced	3.2358
2015-02-07	HighGrowth	4.2037
2015-02-07	Cash	2.0336
2015-02-06	CoreStrategy	1.3243
2015-02-06	CapitalStable	2.8128
2015-02-06	Balanced	3.2336
2015-02-06	HighGrowth	4.2
2015-02-06	Cash	2.0335
2015-02-05	CoreStrategy	1.3236
2015-02-05	CapitalStable	2.8126
2015-02-05	Balanced	3.2333
2015-02-05	HighGrowth	4.1991
2015-02-05	Cash	2.0333
2015-02-04	CoreStrategy	1.3106
2015-02-04	CapitalStable	2.8003
2015-02-04	Balanced	3.2088
2015-02-04	HighGrowth	4.1418
2015-02-04	Cash	2.0331
2015-02-03	CoreStrategy	1.307
2015-02-03	CapitalStable	2.7983
2015-02-03	Balanced	3.2039
2015-02-03	HighGrowth	4.1291
2015-02-03	Cash	2.0325
2015-01-31	CoreStrategy	1.3096
2015-01-31	CapitalStable	2.8005
2015-01-31	Balanced	3.2081
2015-01-31	HighGrowth	4.1383
2015-01-31	Cash	2.0323
2015-01-30	CoreStrategy	1.3023
2015-01-30	CapitalStable	2.7912
2015-01-30	Balanced	3.192
2015-01-30	HighGrowth	4.1016
2015-01-30	Cash	2.0321
2015-01-29	CoreStrategy	1.3061
2015-01-29	CapitalStable	2.7944
2015-01-29	Balanced	3.1979
2015-01-29	HighGrowth	4.1159
2015-01-29	Cash	2.0319
2015-01-28	CoreStrategy	1.3054
2015-01-28	CapitalStable	2.7927
2015-01-28	Balanced	3.1957
2015-01-28	HighGrowth	4.1135
2015-01-28	Cash	2.0314
2015-01-24	CoreStrategy	1.2952
2015-01-24	CapitalStable	2.7782
2015-01-24	Balanced	3.1724
2015-01-24	HighGrowth	4.0648
2015-01-24	Cash	2.0313
2015-01-23	CoreStrategy	1.2892
2015-01-23	CapitalStable	2.7705
2015-01-23	Balanced	3.1607
2015-01-23	HighGrowth	4.0413
2015-01-23	Cash	2.031
2015-01-22	CoreStrategy	1.2821
2015-01-22	CapitalStable	2.7631
2015-01-22	Balanced	3.1468
2015-01-22	HighGrowth	4.0102
2015-01-22	Cash	2.0309
2015-01-21	CoreStrategy	1.2802
2015-01-21	CapitalStable	2.7606
2015-01-21	Balanced	3.1427
2015-01-21	HighGrowth	4.001
2015-01-21	Cash	2.0307
2015-01-20	CoreStrategy	1.2793
2015-01-20	CapitalStable	2.7603
2015-01-20	Balanced	3.1414
2015-01-20	HighGrowth	3.9968
2015-01-20	Cash	2.0303
2015-01-17	CoreStrategy	1.2774
2015-01-17	CapitalStable	2.7565
2015-01-17	Balanced	3.1371
2015-01-17	HighGrowth	3.9904
2015-01-17	Cash	2.0302
2015-01-16	CoreStrategy	1.2809
2015-01-16	CapitalStable	2.7599
2015-01-16	Balanced	3.1446
2015-01-16	HighGrowth	4.0094
2015-01-16	Cash	2.0301
2015-01-15	CoreStrategy	1.286
2015-01-15	CapitalStable	2.7648
2015-01-15	Balanced	3.1536
2015-01-15	HighGrowth	4.0302
2015-01-15	Cash	2.0299
2015-01-14	CoreStrategy	1.2849
2015-01-14	CapitalStable	2.7635
2015-01-14	Balanced	3.1517
2015-01-14	HighGrowth	4.0266
2015-01-14	Cash	2.0298
2015-01-13	CoreStrategy	1.2859
2015-01-13	CapitalStable	2.7635
2015-01-13	Balanced	3.1528
2015-01-13	HighGrowth	4.0301
2015-01-13	Cash	2.0294
2015-01-10	CoreStrategy	1.2872
2015-01-10	CapitalStable	2.7651
2015-01-10	Balanced	3.1555
2015-01-10	HighGrowth	4.0374
2015-01-10	Cash	2.0292
2015-01-09	CoreStrategy	1.281
2015-01-09	CapitalStable	2.7601
2015-01-09	Balanced	3.1464
2015-01-09	HighGrowth	4.0176
2015-01-09	Cash	2.0291
2015-01-08	CoreStrategy	1.2776
2015-01-08	CapitalStable	2.7534
2015-01-08	Balanced	3.1375
2015-01-08	HighGrowth	4.0022
2015-01-08	Cash	2.0289
2015-01-07	CoreStrategy	1.2852
2015-01-07	CapitalStable	2.7605
2015-01-07	Balanced	3.1514
2015-01-07	HighGrowth	4.0354
2015-01-07	Cash	2.0287
2015-01-06	CoreStrategy	1.2911
2015-01-06	CapitalStable	2.7651
2015-01-06	Balanced	3.1603
2015-01-06	HighGrowth	4.0578
2015-01-06	Cash	2.0283
2015-01-03	CoreStrategy	1.2898
2015-01-03	CapitalStable	2.7627
2015-01-03	Balanced	3.1564
2015-01-03	HighGrowth	4.0494
2015-01-03	Cash	2.028
2015-01-01	CoreStrategy	1.2898
2015-01-01	CapitalStable	2.7618
2015-01-01	Balanced	3.1557
2015-01-01	HighGrowth	4.0496
2015-01-01	Cash	2.0278
2014-12-31	CoreStrategy	1.2951
2014-12-31	CapitalStable	2.7662
2014-12-31	Balanced	3.1656
2014-12-31	HighGrowth	4.0758
2014-12-31	Cash	2.0276
2014-12-30	CoreStrategy	1.2923
2014-12-30	CapitalStable	2.764
2014-12-30	Balanced	3.1608
2014-12-30	HighGrowth	4.0645
2014-12-30	Cash	2.0271
2014-12-25	CoreStrategy	1.2917
2014-12-25	CapitalStable	2.7637
2014-12-25	Balanced	3.1597
2014-12-25	HighGrowth	4.0617
2014-12-25	Cash	2.0268
2014-12-24	CoreStrategy	1.2915
2014-12-24	CapitalStable	2.7621
2014-12-24	Balanced	3.1589
2014-12-24	HighGrowth	4.0618
2014-12-24	Cash	2.0267
2014-12-23	CoreStrategy	1.285
2014-12-23	CapitalStable	2.7554
2014-12-23	Balanced	3.1466
2014-12-23	HighGrowth	4.0346
2014-12-23	Cash	2.0262
2014-12-20	CoreStrategy	1.2763
2014-12-20	CapitalStable	2.7449
2014-12-20	Balanced	3.1286
2014-12-20	HighGrowth	3.996
2014-12-20	Cash	2.0261
2014-12-19	CoreStrategy	1.2666
2014-12-19	CapitalStable	2.7341
2014-12-19	Balanced	3.1112
2014-12-19	HighGrowth	3.9591
2014-12-19	Cash	2.026
2014-12-18	CoreStrategy	1.2617
2014-12-18	CapitalStable	2.7282
2014-12-18	Balanced	3.1016
2014-12-18	HighGrowth	3.9386
2014-12-18	Cash	2.0259
2014-12-17	CoreStrategy	1.264
2014-12-17	CapitalStable	2.7323
2014-12-17	Balanced	3.107
2014-12-17	HighGrowth	3.9463
2014-12-17	Cash	2.0257
2014-12-16	CoreStrategy	1.2685
2014-12-16	CapitalStable	2.7365
2014-12-16	Balanced	3.1145
2014-12-16	HighGrowth	3.9635
2014-12-16	Cash	2.0253
2014-12-13	CoreStrategy	1.2743
2014-12-13	CapitalStable	2.7425
2014-12-13	Balanced	3.1245
2014-12-13	HighGrowth	3.985
2014-12-13	Cash	2.0252
2014-12-12	CoreStrategy	1.2741
2014-12-12	CapitalStable	2.7419
2014-12-12	Balanced	3.1237
2014-12-12	HighGrowth	3.983
2014-12-12	Cash	2.0251
2014-12-11	CoreStrategy	1.278
2014-12-11	CapitalStable	2.7454
2014-12-11	Balanced	3.1297
2014-12-11	HighGrowth	3.9963
2014-12-11	Cash	2.025
2014-12-10	CoreStrategy	1.2843
2014-12-10	CapitalStable	2.7529
2014-12-10	Balanced	3.1426
2014-12-10	HighGrowth	4.0241
2014-12-10	Cash	2.0248
2014-12-09	CoreStrategy	1.2844
2014-12-09	CapitalStable	2.7521
2014-12-09	Balanced	3.1412
2014-12-09	HighGrowth	4.0208
2014-12-09	Cash	2.0244
2014-12-06	CoreStrategy	1.2813
2014-12-06	CapitalStable	2.7478
2014-12-06	Balanced	3.135
2014-12-06	HighGrowth	4.0085
2014-12-06	Cash	2.0242
2014-12-05	CoreStrategy	1.2795
2014-12-05	CapitalStable	2.7461
2014-12-05	Balanced	3.1314
2014-12-05	HighGrowth	3.9997
2014-12-05	Cash	2.024
2014-12-04	CoreStrategy	1.2756
2014-12-04	CapitalStable	2.7411
2014-12-04	Balanced	3.1233
2014-12-04	HighGrowth	3.9829
2014-12-04	Cash	2.0239
2014-12-03	CoreStrategy	1.2711
2014-12-03	CapitalStable	2.7368
2014-12-03	Balanced	3.1143
2014-12-03	HighGrowth	3.9618
2014-12-03	Cash	2.0237
2014-12-02	CoreStrategy	1.2767
2014-12-02	CapitalStable	2.7419
2014-12-02	Balanced	3.1244
2014-12-02	HighGrowth	3.9853
2014-12-02	Cash	2.0236
2014-11-29	CoreStrategy	1.2804
2014-11-29	CapitalStable	2.744
2014-11-29	Balanced	3.1305
2014-11-29	HighGrowth	4.0015
2014-11-29	Cash	2.0232
2014-11-28	CoreStrategy	1.2803
2014-11-28	CapitalStable	2.7434
2014-11-28	Balanced	3.1301
2014-11-28	HighGrowth	4.0019
2014-11-28	Cash	2.0232
2014-11-27	CoreStrategy	1.2771
2014-11-27	CapitalStable	2.7404
2014-11-27	Balanced	3.1241
2014-11-27	HighGrowth	3.9877
2014-11-27	Cash	2.023
2014-11-26	CoreStrategy	1.2747
2014-11-26	CapitalStable	2.7368
2014-11-26	Balanced	3.1183
2014-11-26	HighGrowth	3.9758
2014-11-26	Cash	2.0229
2014-11-25	CoreStrategy	1.2694
2014-11-25	CapitalStable	2.7304
2014-11-25	Balanced	3.1073
2014-11-25	HighGrowth	3.9519
2014-11-25	Cash	2.0224
2014-11-22	CoreStrategy	1.268
2014-11-22	CapitalStable	2.7287
2014-11-22	Balanced	3.1057
2014-11-22	HighGrowth	3.9502
2014-11-22	Cash	2.0223
2014-11-21	CoreStrategy	1.2689
2014-11-21	CapitalStable	2.7291
2014-11-21	Balanced	3.1076
2014-11-21	HighGrowth	3.9557
2014-11-21	Cash	2.0221
2014-11-20	CoreStrategy	1.2664
2014-11-20	CapitalStable	2.7258
2014-11-20	Balanced	3.1019
2014-11-20	HighGrowth	3.9429
2014-11-20	Cash	2.022
2014-11-19	CoreStrategy	1.2644
2014-11-19	CapitalStable	2.7238
2014-11-19	Balanced	3.0988
2014-11-19	HighGrowth	3.9361
2014-11-19	Cash	2.0218
2014-11-18	CoreStrategy	1.2657
2014-11-18	CapitalStable	2.7246
2014-11-18	Balanced	3.1009
2014-11-18	HighGrowth	3.9417
2014-11-18	Cash	2.0214
2014-11-15	CoreStrategy	1.2645
2014-11-15	CapitalStable	2.7229
2014-11-15	Balanced	3.0984
2014-11-15	HighGrowth	3.9368
2014-11-15	Cash	2.0212
2014-11-14	CoreStrategy	1.2649
2014-11-14	CapitalStable	2.7235
2014-11-14	Balanced	3.0998
2014-11-14	HighGrowth	3.9403
2014-11-14	Cash	2.0211
2014-11-13	CoreStrategy	1.2691
2014-11-13	CapitalStable	2.7284
2014-11-13	Balanced	3.1085
2014-11-13	HighGrowth	3.9601
2014-11-13	Cash	2.0209
2014-11-12	CoreStrategy	1.2694
2014-11-12	CapitalStable	2.7283
2014-11-12	Balanced	3.1092
2014-11-12	HighGrowth	3.9628
2014-11-12	Cash	2.0208
2014-11-11	CoreStrategy	1.2688
2014-11-11	CapitalStable	2.7276
2014-11-11	Balanced	3.1083
2014-11-11	HighGrowth	3.9617
2014-11-11	Cash	2.0205
2014-11-08	CoreStrategy	1.2676
2014-11-08	CapitalStable	2.7267
2014-11-08	Balanced	3.1064
2014-11-08	HighGrowth	3.9574
2014-11-08	Cash	2.0204
2014-11-07	CoreStrategy	1.2676
2014-11-07	CapitalStable	2.7266
2014-11-07	Balanced	3.1064
2014-11-07	HighGrowth	3.9577
2014-11-07	Cash	2.0203
2014-11-06	CoreStrategy	1.262
2014-11-06	CapitalStable	2.7201
2014-11-06	Balanced	3.0952
2014-11-06	HighGrowth	3.932
2014-11-06	Cash	2.0202
2014-11-05	CoreStrategy	1.263
2014-11-05	CapitalStable	2.7213
2014-11-05	Balanced	3.0967
2014-11-05	HighGrowth	3.9358
2014-11-05	Cash	2.02
2014-11-04	CoreStrategy	1.2625
2014-11-04	CapitalStable	2.7185
2014-11-04	Balanced	3.0939
2014-11-04	HighGrowth	3.9323
2014-11-04	Cash	2.0196
2014-11-01	CoreStrategy	1.2549
2014-11-01	CapitalStable	2.7093
2014-11-01	Balanced	3.0792
2014-11-01	HighGrowth	3.9015
2014-11-01	Cash	2.0194
2014-10-31	CoreStrategy	1.2508
2014-10-31	CapitalStable	2.7038
2014-10-31	Balanced	3.0704
2014-10-31	HighGrowth	3.8832
2014-10-31	Cash	2.0193
2014-10-30	CoreStrategy	1.2514
2014-10-30	CapitalStable	2.7044
2014-10-30	Balanced	3.0722
2014-10-30	HighGrowth	3.8888
2014-10-30	Cash	2.0192
2014-10-29	CoreStrategy	1.2493
2014-10-29	CapitalStable	2.7033
2014-10-29	Balanced	3.0699
2014-10-29	HighGrowth	3.882
2014-10-29	Cash	2.019
2014-10-28	CoreStrategy	1.2487
2014-10-28	CapitalStable	2.7031
2014-10-28	Balanced	3.0688
2014-10-28	HighGrowth	3.8788
2014-10-28	Cash	2.0186
2014-10-25	CoreStrategy	1.2472
2014-10-25	CapitalStable	2.702
2014-10-25	Balanced	3.0665
2014-10-25	HighGrowth	3.8737
2014-10-25	Cash	2.0184
2014-10-24	CoreStrategy	1.2443
2014-10-24	CapitalStable	2.6979
2014-10-24	Balanced	3.0602
2014-10-24	HighGrowth	3.861
2014-10-24	Cash	2.0183
2014-10-23	CoreStrategy	1.2423
2014-10-23	CapitalStable	2.6955
2014-10-23	Balanced	3.0562
2014-10-23	HighGrowth	3.8527
2014-10-23	Cash	2.0183
2014-10-22	CoreStrategy	1.2378
2014-10-22	CapitalStable	2.6908
2014-10-22	Balanced	3.0487
2014-10-22	HighGrowth	3.8369
2014-10-22	Cash	2.0181
2014-10-21	CoreStrategy	1.2345
2014-10-21	CapitalStable	2.6878
2014-10-21	Balanced	3.0431
2014-10-21	HighGrowth	3.8247
2014-10-21	Cash	2.0177
2014-10-18	CoreStrategy	1.2287
2014-10-18	CapitalStable	2.6823
2014-10-18	Balanced	3.0328
2014-10-18	HighGrowth	3.8006
2014-10-18	Cash	2.0176
2014-10-17	CoreStrategy	1.2292
2014-10-17	CapitalStable	2.6835
2014-10-17	Balanced	3.0336
2014-10-17	HighGrowth	3.8008
2014-10-17	Cash	2.0175
2014-10-16	CoreStrategy	1.2331
2014-10-16	CapitalStable	2.6889
2014-10-16	Balanced	3.0415
2014-10-16	HighGrowth	3.817
2014-10-16	Cash	2.0173
2014-10-15	CoreStrategy	1.2303
2014-10-15	CapitalStable	2.6856
2014-10-15	Balanced	3.0356
2014-10-15	HighGrowth	3.8043
2014-10-15	Cash	2.0172
2014-10-14	CoreStrategy	1.2343
2014-10-14	CapitalStable	2.6884
2014-10-14	Balanced	3.042
2014-10-14	HighGrowth	3.8217
2014-10-14	Cash	2.0167
2014-10-11	CoreStrategy	1.2413
2014-10-11	CapitalStable	2.6928
2014-10-11	Balanced	3.0525
2014-10-11	HighGrowth	3.8479
2014-10-11	Cash	2.0166
2014-10-10	CoreStrategy	1.2445
2014-10-10	CapitalStable	2.6964
2014-10-10	Balanced	3.0586
2014-10-10	HighGrowth	3.8627
2014-10-10	Cash	2.0164
2014-10-09	CoreStrategy	1.2434
2014-10-09	CapitalStable	2.6944
2014-10-09	Balanced	3.0554
2014-10-09	HighGrowth	3.8554
2014-10-09	Cash	2.0162
2014-10-08	CoreStrategy	1.2498
2014-10-08	CapitalStable	2.7021
2014-10-08	Balanced	3.0684
2014-10-08	HighGrowth	3.8852
2014-10-08	Cash	2.0161
2014-10-04	CoreStrategy	1.245
2014-10-04	CapitalStable	2.6964
2014-10-04	Balanced	3.0593
2014-10-04	HighGrowth	3.8661
2014-10-04	Cash	2.0156
2014-10-03	CoreStrategy	1.2511
2014-10-03	CapitalStable	2.7029
2014-10-03	Balanced	3.0713
2014-10-03	HighGrowth	3.8937
2014-10-03	Cash	2.0155
2014-10-02	CoreStrategy	1.252
2014-10-02	CapitalStable	2.7021
2014-10-02	Balanced	3.0707
2014-10-02	HighGrowth	3.8944
2014-10-02	Cash	2.0152
2014-10-01	CoreStrategy	1.2519
2014-10-01	CapitalStable	2.7019
2014-10-01	Balanced	3.0708
2014-10-01	HighGrowth	3.896
2014-10-01	Cash	2.0152
2014-09-30	CoreStrategy	1.2541
2014-09-30	CapitalStable	2.7031
2014-09-30	Balanced	3.0737
2014-09-30	HighGrowth	3.9029
2014-09-30	Cash	2.0147
2014-09-27	CoreStrategy	1.2545
2014-09-27	CapitalStable	2.7026
2014-09-27	Balanced	3.074
2014-09-27	HighGrowth	3.9044
2014-09-27	Cash	2.0146
2014-09-26	CoreStrategy	1.2567
2014-09-26	CapitalStable	2.7035
2014-09-26	Balanced	3.0762
2014-09-26	HighGrowth	3.9109
2014-09-26	Cash	2.0145
2014-09-25	CoreStrategy	1.2575
2014-09-25	CapitalStable	2.7045
2014-09-25	Balanced	3.0784
2014-09-25	HighGrowth	3.9163
2014-09-25	Cash	2.0144
2014-09-24	CoreStrategy	1.2574
2014-09-24	CapitalStable	2.7039
2014-09-24	Balanced	3.0771
2014-09-24	HighGrowth	3.9135
2014-09-24	Cash	2.0143
2014-09-23	CoreStrategy	1.2603
2014-09-23	CapitalStable	2.7038
2014-09-23	Balanced	3.0794
2014-09-23	HighGrowth	3.9219
2014-09-23	Cash	2.0139
2014-09-20	CoreStrategy	1.2589
2014-09-20	CapitalStable	2.7015
2014-09-20	Balanced	3.0759
2014-09-20	HighGrowth	3.9151
2014-09-20	Cash	2.0137
2014-09-19	CoreStrategy	1.2554
2014-09-19	CapitalStable	2.6974
2014-09-19	Balanced	3.0687
2014-09-19	HighGrowth	3.8987
2014-09-19	Cash	2.0136
2014-09-18	CoreStrategy	1.2564
2014-09-18	CapitalStable	2.6981
2014-09-18	Balanced	3.0709
2014-09-18	HighGrowth	3.9049
2014-09-18	Cash	2.0135
2014-09-17	CoreStrategy	1.2571
2014-09-17	CapitalStable	2.6988
2014-09-17	Balanced	3.0724
2014-09-17	HighGrowth	3.9081
2014-09-17	Cash	2.0133
2014-09-16	CoreStrategy	1.2597
2014-09-16	CapitalStable	2.701
2014-09-16	Balanced	3.077
2014-09-16	HighGrowth	3.9189
2014-09-16	Cash	2.013
2014-09-13	CoreStrategy	1.2599
2014-09-13	CapitalStable	2.7006
2014-09-13	Balanced	3.076
2014-09-13	HighGrowth	3.916
2014-09-13	Cash	2.0129
2014-09-12	CoreStrategy	1.2593
2014-09-12	CapitalStable	2.6997
2014-09-12	Balanced	3.0743
2014-09-12	HighGrowth	3.9119
2014-09-12	Cash	2.0127
2014-09-11	CoreStrategy	1.2586
2014-09-11	CapitalStable	2.6985
2014-09-11	Balanced	3.072
2014-09-11	HighGrowth	3.9061
2014-09-11	Cash	2.0126
2014-09-10	CoreStrategy	1.2569
2014-09-10	CapitalStable	2.6957
2014-09-10	Balanced	3.0669
2014-09-10	HighGrowth	3.8951
2014-09-10	Cash	2.0124
2014-09-09	CoreStrategy	1.2563
2014-09-09	CapitalStable	2.6939
2014-09-09	Balanced	3.0645
2014-09-09	HighGrowth	3.8905
2014-09-09	Cash	2.012
2014-09-06	CoreStrategy	1.2576
2014-09-06	CapitalStable	2.6946
2014-09-06	Balanced	3.0668
2014-09-06	HighGrowth	3.8967
2014-09-06	Cash	2.0119
2014-09-05	CoreStrategy	1.2592
2014-09-05	CapitalStable	2.6955
2014-09-05	Balanced	3.0699
2014-09-05	HighGrowth	3.9062
2014-09-05	Cash	2.0118
2014-09-04	CoreStrategy	1.2581
2014-09-04	CapitalStable	2.6953
2014-09-04	Balanced	3.0694
2014-09-04	HighGrowth	3.9053
2014-09-04	Cash	2.0117
2014-09-03	CoreStrategy	1.255
2014-09-03	CapitalStable	2.692
2014-09-03	Balanced	3.0628
2014-09-03	HighGrowth	3.8894
2014-09-03	Cash	2.0115
2014-09-02	CoreStrategy	1.2541
2014-09-02	CapitalStable	2.6907
2014-09-02	Balanced	3.061
2014-09-02	HighGrowth	3.8864
2014-09-02	Cash	2.0113
2014-08-30	CoreStrategy	1.2524
2014-08-30	CapitalStable	2.6892
2014-08-30	Balanced	3.0582
2014-08-30	HighGrowth	3.88
2014-08-30	Cash	2.0109
2014-08-29	CoreStrategy	1.2552
2014-08-29	CapitalStable	2.6916
2014-08-29	Balanced	3.0632
2014-08-29	HighGrowth	3.8922
2014-08-29	Cash	2.0107
2014-08-28	CoreStrategy	1.2534
2014-08-28	CapitalStable	2.6897
2014-08-28	Balanced	3.0601
2014-08-28	HighGrowth	3.886
2014-08-28	Cash	2.0106
2014-08-27	CoreStrategy	1.2522
2014-08-27	CapitalStable	2.6881
2014-08-27	Balanced	3.0581
2014-08-27	HighGrowth	3.8834
2014-08-27	Cash	2.0115
2014-08-26	CoreStrategy	1.2504
2014-08-26	CapitalStable	2.6856
2014-08-26	Balanced	3.0548
2014-08-26	HighGrowth	3.8772
2014-08-26	Cash	2.0111
2014-08-23	CoreStrategy	1.2504
2014-08-23	CapitalStable	2.6854
2014-08-23	Balanced	3.0546
2014-08-23	HighGrowth	3.8773
2014-08-23	Cash	2.011
2014-08-22	CoreStrategy	1.2485
2014-08-22	CapitalStable	2.6839
2014-08-22	Balanced	3.0516
2014-08-22	HighGrowth	3.8703
2014-08-22	Cash	2.0108
2014-08-21	CoreStrategy	1.2477
2014-08-21	CapitalStable	2.6829
2014-08-21	Balanced	3.0501
2014-08-21	HighGrowth	3.8675
2014-08-21	Cash	2.0106
2014-08-20	CoreStrategy	1.2437
2014-08-20	CapitalStable	2.6786
2014-08-20	Balanced	3.0426
2014-08-20	HighGrowth	3.8513
2014-08-20	Cash	2.0106
2014-08-19	CoreStrategy	1.2406
2014-08-19	CapitalStable	2.6755
2014-08-19	Balanced	3.0375
2014-08-19	HighGrowth	3.8405
2014-08-19	Cash	2.0101
2014-08-16	CoreStrategy	1.2395
2014-08-16	CapitalStable	2.6725
2014-08-16	Balanced	3.0339
2014-08-16	HighGrowth	3.8361
2014-08-16	Cash	2.0101
2014-08-15	CoreStrategy	1.2365
2014-08-15	CapitalStable	2.6691
2014-08-15	Balanced	3.0285
2014-08-15	HighGrowth	3.8251
2014-08-15	Cash	2.0099
2014-08-14	CoreStrategy	1.2358
2014-08-14	CapitalStable	2.6685
2014-08-14	Balanced	3.028
2014-08-14	HighGrowth	3.8246
2014-08-14	Cash	2.0098
2014-08-13	CoreStrategy	1.2336
2014-08-13	CapitalStable	2.6663
2014-08-13	Balanced	3.0238
2014-08-13	HighGrowth	3.8156
2014-08-13	Cash	2.0097
2014-08-12	CoreStrategy	1.2296
2014-08-12	CapitalStable	2.6624
2014-08-12	Balanced	3.0166
2014-08-12	HighGrowth	3.7991
2014-08-12	Cash	2.0092
2014-08-09	CoreStrategy	1.2315
2014-08-09	CapitalStable	2.6634
2014-08-09	Balanced	3.0199
2014-08-09	HighGrowth	3.8078
2014-08-09	Cash	2.009
2014-08-08	CoreStrategy	1.2319
2014-08-08	CapitalStable	2.6631
2014-08-08	Balanced	3.0197
2014-08-08	HighGrowth	3.8081
2014-08-08	Cash	2.0089
2014-08-07	CoreStrategy	1.2338
2014-08-07	CapitalStable	2.6651
2014-08-07	Balanced	3.0234
2014-08-07	HighGrowth	3.8165
2014-08-07	Cash	2.0087
2014-08-06	CoreStrategy	1.2361
2014-08-06	CapitalStable	2.6669
2014-08-06	Balanced	3.0271
2014-08-06	HighGrowth	3.8249
2014-08-06	Cash	2.0085
2014-08-02	CoreStrategy	1.2415
2014-08-02	CapitalStable	2.6725
2014-08-02	Balanced	3.0373
2014-08-02	HighGrowth	3.8477
2014-08-02	Cash	2.0079
2014-08-01	CoreStrategy	1.2454
2014-08-01	CapitalStable	2.6768
2014-08-01	Balanced	3.044
2014-08-01	HighGrowth	3.862
2014-08-01	Cash	2.0078
2014-07-31	CoreStrategy	1.2424
2014-07-31	CapitalStable	2.6734
2014-07-31	Balanced	3.0376
2014-07-31	HighGrowth	3.8476
2014-07-31	Cash	2.0077
2014-07-30	CoreStrategy	1.2421
2014-07-30	CapitalStable	2.6724
2014-07-30	Balanced	3.0364
2014-07-30	HighGrowth	3.846
2014-07-30	Cash	2.0075
2014-07-29	CoreStrategy	1.2421
2014-07-29	CapitalStable	2.6721
2014-07-29	Balanced	3.0361
2014-07-29	HighGrowth	3.8456
2014-07-29	Cash	2.0071
2014-07-26	CoreStrategy	1.2431
2014-07-26	CapitalStable	2.6726
2014-07-26	Balanced	3.0375
2014-07-26	HighGrowth	3.8497
2014-07-26	Cash	2.007
2014-07-25	CoreStrategy	1.2414
2014-07-25	CapitalStable	2.6706
2014-07-25	Balanced	3.0341
2014-07-25	HighGrowth	3.8421
2014-07-25	Cash	2.0068
2014-07-24	CoreStrategy	1.2406
2014-07-24	CapitalStable	2.6702
2014-07-24	Balanced	3.0335
2014-07-24	HighGrowth	3.8415
2014-07-24	Cash	2.0067
2014-07-23	CoreStrategy	1.2382
2014-07-23	CapitalStable	2.6671
2014-07-23	Balanced	3.0292
2014-07-23	HighGrowth	3.8337
2014-07-23	Cash	2.0066
2014-07-22	CoreStrategy	1.2381
2014-07-22	CapitalStable	2.667
2014-07-22	Balanced	3.0289
2014-07-22	HighGrowth	3.8329
2014-07-22	Cash	2.0061
2014-07-19	CoreStrategy	1.2361
2014-07-19	CapitalStable	2.6654
2014-07-19	Balanced	3.0258
2014-07-19	HighGrowth	3.8259
2014-07-19	Cash	2.006
2014-07-18	CoreStrategy	1.239
2014-07-18	CapitalStable	2.6678
2014-07-18	Balanced	3.0307
2014-07-18	HighGrowth	3.838
2014-07-18	Cash	2.0058
2014-07-17	CoreStrategy	1.2367
2014-07-17	CapitalStable	2.6647
2014-07-17	Balanced	3.0262
2014-07-17	HighGrowth	3.8294
2014-07-17	Cash	2.0057
2014-07-16	CoreStrategy	1.2372
2014-07-16	CapitalStable	2.6647
2014-07-16	Balanced	3.0266
2014-07-16	HighGrowth	3.8303
2014-07-16	Cash	2.0055
2014-07-15	CoreStrategy	1.2346
2014-07-15	CapitalStable	2.6625
2014-07-15	Balanced	3.0223
2014-07-15	HighGrowth	3.8203
2014-07-15	Cash	2.0051
2014-07-12	CoreStrategy	1.2334
2014-07-12	CapitalStable	2.6611
2014-07-12	Balanced	3.0199
2014-07-12	HighGrowth	3.8152
2014-07-12	Cash	2.005
2014-07-11	CoreStrategy	1.2351
2014-07-11	CapitalStable	2.6623
2014-07-11	Balanced	3.0223
2014-07-11	HighGrowth	3.8212
2014-07-11	Cash	2.0049
2014-07-10	CoreStrategy	1.2368
2014-07-10	CapitalStable	2.663
2014-07-10	Balanced	3.0249
2014-07-10	HighGrowth	3.829
2014-07-10	Cash	2.0047
2014-07-09	CoreStrategy	1.2407
2014-07-09	CapitalStable	2.6667
2014-07-09	Balanced	3.0318
2014-07-09	HighGrowth	3.8453
2014-07-09	Cash	2.0047
2014-07-08	CoreStrategy	1.2428
2014-07-08	CapitalStable	2.6684
2014-07-08	Balanced	3.0352
2014-07-08	HighGrowth	3.8541
2014-07-08	Cash	2.0043
2014-07-05	CoreStrategy	1.2414
2014-07-05	CapitalStable	2.6661
2014-07-05	Balanced	3.0318
2014-07-05	HighGrowth	3.8485
2014-07-05	Cash	2.0041
2014-07-04	CoreStrategy	1.2362
2014-07-04	CapitalStable	2.6603
2014-07-04	Balanced	3.0215
2014-07-04	HighGrowth	3.8252
2014-07-04	Cash	2.0039
2014-07-03	CoreStrategy	1.2313
2014-07-03	CapitalStable	2.6555
2014-07-03	Balanced	3.012
2014-07-03	HighGrowth	3.8029
2014-07-03	Cash	2.0038
2014-07-02	CoreStrategy	1.231
2014-07-02	CapitalStable	2.6557
2014-07-02	Balanced	3.0125
2014-07-02	HighGrowth	3.8038
2014-07-02	Cash	2.0036
2014-07-01	CoreStrategy	1.2333
2014-07-01	CapitalStable	2.6588
2014-07-01	Balanced	3.018
2014-07-01	HighGrowth	3.8154
2014-07-01	Cash	2.0032
2014-06-30	CoreStrategy	1.231
2014-06-30	CapitalStable	2.6557
2014-06-30	Balanced	3.0125
2014-06-30	HighGrowth	3.8038
2014-06-30	Cash	2.0036
2014-06-28	CoreStrategy	1.2337
2014-06-28	CapitalStable	2.6591
2014-06-28	Balanced	3.0187
2014-06-28	HighGrowth	3.8172
2014-06-28	Cash	2.0031
2014-06-27	CoreStrategy	1.2313
2014-06-27	CapitalStable	2.6564
2014-06-27	Balanced	3.0136
2014-06-27	HighGrowth	3.8059
2014-06-27	Cash	2.0029
2014-06-26	CoreStrategy	1.2331
2014-06-26	CapitalStable	2.6579
2014-06-26	Balanced	3.017
2014-06-26	HighGrowth	3.8143
2014-06-26	Cash	2.0028
2014-06-25	CoreStrategy	1.2334
2014-06-25	CapitalStable	2.6571
2014-06-25	Balanced	3.0167
2014-06-25	HighGrowth	3.8152
2014-06-25	Cash	2.0026
2014-06-24	CoreStrategy	1.2341
2014-06-24	CapitalStable	2.6579
2014-06-24	Balanced	3.0182
2014-06-24	HighGrowth	3.8191
2014-06-24	Cash	2.0022
2014-06-21	CoreStrategy	1.2358
2014-06-21	CapitalStable	2.6584
2014-06-21	Balanced	3.0206
2014-06-21	HighGrowth	3.8259
2014-06-21	Cash	2.002
2014-06-20	CoreStrategy	1.2328
2014-06-20	CapitalStable	2.6562
2014-06-20	Balanced	3.0158
2014-06-20	HighGrowth	3.8152
2014-06-20	Cash	2.0019
2014-06-19	CoreStrategy	1.2323
2014-06-19	CapitalStable	2.6558
2014-06-19	Balanced	3.0151
2014-06-19	HighGrowth	3.8132
2014-06-19	Cash	2.0018
2014-06-18	CoreStrategy	1.2307
2014-06-18	CapitalStable	2.6543
2014-06-18	Balanced	3.012
2014-06-18	HighGrowth	3.8049
2014-06-18	Cash	2.0017
2014-06-17	CoreStrategy	1.231
2014-06-17	CapitalStable	2.6545
2014-06-17	Balanced	3.0123
2014-06-17	HighGrowth	3.8057
2014-06-17	Cash	2.0014
2014-06-14	CoreStrategy	1.2313
2014-06-14	CapitalStable	2.6542
2014-06-14	Balanced	3.0123
2014-06-14	HighGrowth	3.8062
2014-06-14	Cash	2.0013
2014-06-13	CoreStrategy	1.2337
2014-06-13	CapitalStable	2.6564
2014-06-13	Balanced	3.017
2014-06-13	HighGrowth	3.8177
2014-06-13	Cash	2.0011
2014-06-12	CoreStrategy	1.2366
2014-06-12	CapitalStable	2.6598
2014-06-12	Balanced	3.0226
2014-06-12	HighGrowth	3.8301
2014-06-12	Cash	2.001
2014-06-11	CoreStrategy	1.2359
2014-06-11	CapitalStable	2.6586
2014-06-11	Balanced	3.0215
2014-06-11	HighGrowth	3.8286
2014-06-11	Cash	2.0004
2014-06-07	CoreStrategy	1.2324
2014-06-07	CapitalStable	2.6544
2014-06-07	Balanced	3.0153
2014-06-07	HighGrowth	3.8169
2014-06-07	Cash	2.0003
2014-06-06	CoreStrategy	1.232
2014-06-06	CapitalStable	2.6548
2014-06-06	Balanced	3.016
2014-06-06	HighGrowth	3.8173
2014-06-06	Cash	2.0001
2014-06-05	CoreStrategy	1.2341
2014-06-05	CapitalStable	2.6572
2014-06-05	Balanced	3.0201
2014-06-05	HighGrowth	3.8263
2014-06-05	Cash	2
2014-06-04	CoreStrategy	1.2354
2014-06-04	CapitalStable	2.6584
2014-06-04	Balanced	3.0225
2014-06-04	HighGrowth	3.8318
2014-06-04	Cash	1.9999
2014-06-03	CoreStrategy	1.2324
2014-06-03	CapitalStable	2.6553
2014-06-03	Balanced	3.0166
2014-06-03	HighGrowth	3.8179
2014-06-03	Cash	1.9995
2014-05-31	CoreStrategy	1.2338
2014-05-31	CapitalStable	2.6568
2014-05-31	Balanced	3.0194
2014-05-31	HighGrowth	3.8244
2014-05-31	Cash	1.9992
2014-05-30	CoreStrategy	1.2342
2014-05-30	CapitalStable	2.6573
2014-05-30	Balanced	3.0212
2014-05-30	HighGrowth	3.8298
2014-05-30	Cash	1.9991
2014-05-29	CoreStrategy	1.232
2014-05-29	CapitalStable	2.6543
2014-05-29	Balanced	3.0165
2014-05-29	HighGrowth	3.8206
2014-05-29	Cash	1.9989
2014-05-28	CoreStrategy	1.2316
2014-05-28	CapitalStable	2.6536
2014-05-28	Balanced	3.0157
2014-05-28	HighGrowth	3.8193
2014-05-28	Cash	1.9988
2014-05-27	CoreStrategy	1.2298
2014-05-27	CapitalStable	2.6514
2014-05-27	Balanced	3.0124
2014-05-27	HighGrowth	3.8128
2014-05-27	Cash	1.9984
2014-05-24	CoreStrategy	1.2275
2014-05-24	CapitalStable	2.649
2014-05-24	Balanced	3.0085
2014-05-24	HighGrowth	3.805
2014-05-24	Cash	1.9982
2014-05-23	CoreStrategy	1.2245
2014-05-23	CapitalStable	2.6461
2014-05-23	Balanced	3.0032
2014-05-23	HighGrowth	3.7933
2014-05-23	Cash	1.9981
2014-05-22	CoreStrategy	1.2213
2014-05-22	CapitalStable	2.642
2014-05-22	Balanced	2.9965
2014-05-22	HighGrowth	3.7788
2014-05-22	Cash	1.998
2014-05-21	CoreStrategy	1.2204
2014-05-21	CapitalStable	2.6406
2014-05-21	Balanced	2.9933
2014-05-21	HighGrowth	3.771
2014-05-21	Cash	1.9978
2014-05-20	CoreStrategy	1.2216
2014-05-20	CapitalStable	2.6412
2014-05-20	Balanced	2.9954
2014-05-20	HighGrowth	3.7761
2014-05-20	Cash	1.9974
2014-05-17	CoreStrategy	1.2223
2014-05-17	CapitalStable	2.6416
2014-05-17	Balanced	2.9968
2014-05-17	HighGrowth	3.7802
2014-05-17	Cash	1.9972
2014-05-16	CoreStrategy	1.2239
2014-05-16	CapitalStable	2.6432
2014-05-16	Balanced	2.9992
2014-05-16	HighGrowth	3.785
2014-05-16	Cash	1.9971
2014-05-15	CoreStrategy	1.2232
2014-05-15	CapitalStable	2.6422
2014-05-15	Balanced	2.9977
2014-05-15	HighGrowth	3.7826
2014-05-15	Cash	1.997
2014-05-14	CoreStrategy	1.2207
2014-05-14	CapitalStable	2.6386
2014-05-14	Balanced	2.9925
2014-05-14	HighGrowth	3.7733
2014-05-14	Cash	1.9968
2014-05-13	CoreStrategy	1.2183
2014-05-13	CapitalStable	2.6361
2014-05-13	Balanced	2.9886
2014-05-13	HighGrowth	3.7651
2014-05-13	Cash	1.9964
2014-05-10	CoreStrategy	1.2187
2014-05-10	CapitalStable	2.6368
2014-05-10	Balanced	2.9898
2014-05-10	HighGrowth	3.7669
2014-05-10	Cash	1.9963
2014-05-09	CoreStrategy	1.2165
2014-05-09	CapitalStable	2.6337
2014-05-09	Balanced	2.9858
2014-05-09	HighGrowth	3.7607
2014-05-09	Cash	1.9962
2014-05-08	CoreStrategy	1.2169
2014-05-08	CapitalStable	2.633
2014-05-08	Balanced	2.9861
2014-05-08	HighGrowth	3.763
2014-05-08	Cash	1.9961
2014-05-07	CoreStrategy	1.2193
2014-05-07	CapitalStable	2.636
2014-05-07	Balanced	2.9914
2014-05-07	HighGrowth	3.7754
2014-05-07	Cash	1.9959
2014-05-06	CoreStrategy	1.2196
2014-05-06	CapitalStable	2.6357
2014-05-06	Balanced	2.9914
2014-05-06	HighGrowth	3.7768
2014-05-06	Cash	1.9955
2014-05-03	CoreStrategy	1.218
2014-05-03	CapitalStable	2.6334
2014-05-03	Balanced	2.988
2014-05-03	HighGrowth	3.7705
2014-05-03	Cash	1.9954
2014-05-02	CoreStrategy	1.2194
2014-05-02	CapitalStable	2.6342
2014-05-02	Balanced	2.9904
2014-05-02	HighGrowth	3.7766
2014-05-02	Cash	1.9952
2014-05-01	CoreStrategy	1.2183
2014-05-01	CapitalStable	2.6332
2014-05-01	Balanced	2.9885
2014-05-01	HighGrowth	3.7724
2014-05-01	Cash	1.9951
2014-04-30	CoreStrategy	1.2184
2014-04-30	CapitalStable	2.6329
2014-04-30	Balanced	2.9888
2014-04-30	HighGrowth	3.7738
2014-04-30	Cash	1.9949
2014-04-29	CoreStrategy	1.2175
2014-04-29	CapitalStable	2.6312
2014-04-29	Balanced	2.9867
2014-04-29	HighGrowth	3.7703
2014-04-29	Cash	1.9944
2014-04-25	CoreStrategy	1.2193
2014-04-25	CapitalStable	2.6329
2014-04-25	Balanced	2.9894
2014-04-25	HighGrowth	3.776
2014-04-25	Cash	1.9943
2014-04-24	CoreStrategy	1.2165
2014-04-24	CapitalStable	2.6297
2014-04-24	Balanced	2.9832
2014-04-24	HighGrowth	3.7616
2014-04-24	Cash	1.9942
2014-04-23	CoreStrategy	1.2143
2014-04-23	CapitalStable	2.6281
2014-04-23	Balanced	2.9799
2014-04-23	HighGrowth	3.7535
2014-04-23	Cash	1.9936
2014-04-18	CoreStrategy	1.2102
2014-04-18	CapitalStable	2.6236
2014-04-18	Balanced	2.972
2014-04-18	HighGrowth	3.7362
2014-04-18	Cash	1.9933
2014-04-17	CoreStrategy	1.2056
2014-04-17	CapitalStable	2.6194
2014-04-17	Balanced	2.9644
2014-04-17	HighGrowth	3.7192
2014-04-17	Cash	1.9931
2014-04-16	CoreStrategy	1.2044
2014-04-16	CapitalStable	2.6177
2014-04-16	Balanced	2.9611
2014-04-16	HighGrowth	3.7113
2014-04-16	Cash	1.9929
2014-04-15	CoreStrategy	1.2062
2014-04-15	CapitalStable	2.6174
2014-04-15	Balanced	2.9632
2014-04-15	HighGrowth	3.7208
2014-04-15	Cash	1.9925
2014-04-12	CoreStrategy	1.211
2014-04-12	CapitalStable	2.6215
2014-04-12	Balanced	2.9714
2014-04-12	HighGrowth	3.7401
2014-04-12	Cash	1.9924
2014-04-11	CoreStrategy	1.214
2014-04-11	CapitalStable	2.6246
2014-04-11	Balanced	2.9772
2014-04-11	HighGrowth	3.7545
2014-04-11	Cash	1.9922
2014-04-10	CoreStrategy	1.2098
2014-04-10	CapitalStable	2.6212
2014-04-10	Balanced	2.9702
2014-04-10	HighGrowth	3.7378
2014-04-10	Cash	1.9922
2014-04-09	CoreStrategy	1.2115
2014-04-09	CapitalStable	2.6231
2014-04-09	Balanced	2.9736
2014-04-09	HighGrowth	3.7457
2014-04-09	Cash	1.9921
2014-04-08	CoreStrategy	1.2138
2014-04-08	CapitalStable	2.6238
2014-04-08	Balanced	2.9764
2014-04-08	HighGrowth	3.7539
2014-04-08	Cash	1.9916
2014-04-05	CoreStrategy	1.2157
2014-04-05	CapitalStable	2.6255
2014-04-05	Balanced	2.9802
2014-04-05	HighGrowth	3.7642
2014-04-05	Cash	1.9915
2014-04-04	CoreStrategy	1.2157
2014-04-04	CapitalStable	2.6249
2014-04-04	Balanced	2.9798
2014-04-04	HighGrowth	3.7644
2014-04-04	Cash	1.9913
2014-04-03	CoreStrategy	1.2139
2014-04-03	CapitalStable	2.6231
2014-04-03	Balanced	2.9765
2014-04-03	HighGrowth	3.757
2014-04-03	Cash	1.9912
2014-04-02	CoreStrategy	1.2105
2014-04-02	CapitalStable	2.6187
2014-04-02	Balanced	2.9696
2014-04-02	HighGrowth	3.7436
2014-04-02	Cash	1.991
2014-04-01	CoreStrategy	1.2071
2014-04-01	CapitalStable	2.6153
2014-04-01	Balanced	2.9637
2014-04-01	HighGrowth	3.731
2014-04-01	Cash	1.9906
2014-03-29	CoreStrategy	1.2029
2014-03-29	CapitalStable	2.6105
2014-03-29	Balanced	2.9559
2014-03-29	HighGrowth	3.7144
2014-03-29	Cash	1.9904
2014-03-28	CoreStrategy	1.2041
2014-03-28	CapitalStable	2.611
2014-03-28	Balanced	2.9583
2014-03-28	HighGrowth	3.7219
2014-03-28	Cash	1.9904
2014-03-27	CoreStrategy	1.2034
2014-03-27	CapitalStable	2.6104
2014-03-27	Balanced	2.9579
2014-03-27	HighGrowth	3.7226
2014-03-27	Cash	1.9902
2014-03-26	CoreStrategy	1.202
2014-03-26	CapitalStable	2.6085
2014-03-26	Balanced	2.9554
2014-03-26	HighGrowth	3.7187
2014-03-26	Cash	1.9901
2014-03-25	CoreStrategy	1.2039
2014-03-25	CapitalStable	2.6099
2014-03-25	Balanced	2.9586
2014-03-25	HighGrowth	3.7273
2014-03-25	Cash	1.9897
2014-03-22	CoreStrategy	1.2036
2014-03-22	CapitalStable	2.6098
2014-03-22	Balanced	2.9586
2014-03-22	HighGrowth	3.7277
2014-03-22	Cash	1.9895
2014-03-21	CoreStrategy	1.2055
2014-03-21	CapitalStable	2.6108
2014-03-21	Balanced	2.9614
2014-03-21	HighGrowth	3.7351
2014-03-21	Cash	1.9894
2014-03-20	CoreStrategy	1.2047
2014-03-20	CapitalStable	2.6096
2014-03-20	Balanced	2.9593
2014-03-20	HighGrowth	3.7305
2014-03-20	Cash	1.9893
2014-03-19	CoreStrategy	1.202
2014-03-19	CapitalStable	2.6073
2014-03-19	Balanced	2.9554
2014-03-19	HighGrowth	3.7221
2014-03-19	Cash	1.9891
2014-03-18	CoreStrategy	1.2004
2014-03-18	CapitalStable	2.6061
2014-03-18	Balanced	2.9534
2014-03-18	HighGrowth	3.7178
2014-03-18	Cash	1.9887
2014-03-15	CoreStrategy	1.2047
2014-03-15	CapitalStable	2.6094
2014-03-15	Balanced	2.9606
2014-03-15	HighGrowth	3.7356
2014-03-15	Cash	1.9886
2014-03-14	CoreStrategy	1.2088
2014-03-14	CapitalStable	2.6144
2014-03-14	Balanced	2.9688
2014-03-14	HighGrowth	3.7537
2014-03-14	Cash	1.9885
2014-03-13	CoreStrategy	1.2105
2014-03-13	CapitalStable	2.6154
2014-03-13	Balanced	2.9709
2014-03-13	HighGrowth	3.7587
2014-03-13	Cash	1.9883
2014-03-12	CoreStrategy	1.2113
2014-03-12	CapitalStable	2.6163
2014-03-12	Balanced	2.9724
2014-03-12	HighGrowth	3.7616
2014-03-12	Cash	1.9882
2014-03-11	CoreStrategy	1.2125
2014-03-11	CapitalStable	2.6171
2014-03-11	Balanced	2.9739
2014-03-11	HighGrowth	3.7649
2014-03-11	Cash	1.9878
2014-03-08	CoreStrategy	1.2127
2014-03-08	CapitalStable	2.6166
2014-03-08	Balanced	2.9736
2014-03-08	HighGrowth	3.7647
2014-03-08	Cash	1.9877
2014-03-07	CoreStrategy	1.2125
2014-03-07	CapitalStable	2.6172
2014-03-07	Balanced	2.975
2014-03-07	HighGrowth	3.7687
2014-03-07	Cash	1.9876
2014-03-06	CoreStrategy	1.2103
2014-03-06	CapitalStable	2.6152
2014-03-06	Balanced	2.9715
2014-03-06	HighGrowth	3.7617
2014-03-06	Cash	1.9874
2014-03-05	CoreStrategy	1.2049
2014-03-05	CapitalStable	2.6104
2014-03-05	Balanced	2.9627
2014-03-05	HighGrowth	3.7416
2014-03-05	Cash	1.9873
2014-03-04	CoreStrategy	1.2088
2014-03-04	CapitalStable	2.6133
2014-03-04	Balanced	2.9687
2014-03-04	HighGrowth	3.7567
2014-03-04	Cash	1.9869
2014-03-01	CoreStrategy	1.2081
2014-03-01	CapitalStable	2.6125
2014-03-01	Balanced	2.9671
2014-03-01	HighGrowth	3.7525
2014-03-01	Cash	1.9867
2014-02-28	CoreStrategy	1.2078
2014-02-28	CapitalStable	2.6118
2014-02-28	Balanced	2.9666
2014-02-28	HighGrowth	3.752
2014-02-28	Cash	1.9866
2014-02-27	CoreStrategy	1.2064
2014-02-27	CapitalStable	2.6091
2014-02-27	Balanced	2.9625
2014-02-27	HighGrowth	3.7438
2014-02-27	Cash	1.9865
2014-02-26	CoreStrategy	1.2069
2014-02-26	CapitalStable	2.6092
2014-02-26	Balanced	2.9633
2014-02-26	HighGrowth	3.7464
2014-02-26	Cash	1.9864
2014-02-25	CoreStrategy	1.2053
2014-02-25	CapitalStable	2.6079
2014-02-25	Balanced	2.9616
2014-02-25	HighGrowth	3.7441
2014-02-25	Cash	1.986
2014-02-22	CoreStrategy	1.202
2014-02-22	CapitalStable	2.6044
2014-02-22	Balanced	2.9553
2014-02-22	HighGrowth	3.7298
2014-02-22	Cash	1.9858
2014-02-21	CoreStrategy	1.2005
2014-02-21	CapitalStable	2.603
2014-02-21	Balanced	2.9522
2014-02-21	HighGrowth	3.722
2014-02-21	Cash	1.9857
2014-02-20	CoreStrategy	1.2004
2014-02-20	CapitalStable	2.6033
2014-02-20	Balanced	2.9522
2014-02-20	HighGrowth	3.7212
2014-02-20	Cash	1.9856
2014-02-19	CoreStrategy	1.1999
2014-02-19	CapitalStable	2.6022
2014-02-19	Balanced	2.9508
2014-02-19	HighGrowth	3.7189
2014-02-19	Cash	1.9854
2014-02-18	CoreStrategy	1.1971
2014-02-18	CapitalStable	2.5994
2014-02-18	Balanced	2.9459
2014-02-18	HighGrowth	3.7086
2014-02-18	Cash	1.985
2014-02-15	CoreStrategy	1.1945
2014-02-15	CapitalStable	2.5973
2014-02-15	Balanced	2.9418
2014-02-15	HighGrowth	3.6991
2014-02-15	Cash	1.9848
2014-02-14	CoreStrategy	1.1922
2014-02-14	CapitalStable	2.5943
2014-02-14	Balanced	2.9367
2014-02-14	HighGrowth	3.6881
2014-02-14	Cash	1.9848
2014-02-13	CoreStrategy	1.1887
2014-02-13	CapitalStable	2.5906
2014-02-13	Balanced	2.9301
2014-02-13	HighGrowth	3.674
2014-02-13	Cash	1.9847
2014-02-12	CoreStrategy	1.1861
2014-02-12	CapitalStable	2.5892
2014-02-12	Balanced	2.9271
2014-02-12	HighGrowth	3.6669
2014-02-12	Cash	1.9845
2014-02-11	CoreStrategy	1.184
2014-02-11	CapitalStable	2.5881
2014-02-11	Balanced	2.9234
2014-02-11	HighGrowth	3.6576
2014-02-11	Cash	1.9841
2014-02-08	CoreStrategy	1.179
2014-02-08	CapitalStable	2.5829
2014-02-08	Balanced	2.914
2014-02-08	HighGrowth	3.6365
2014-02-08	Cash	1.9839
2014-02-07	CoreStrategy	1.1727
2014-02-07	CapitalStable	2.5768
2014-02-07	Balanced	2.9031
2014-02-07	HighGrowth	3.6123
2014-02-07	Cash	1.9839
2014-02-06	CoreStrategy	1.1728
2014-02-06	CapitalStable	2.5753
2014-02-06	Balanced	2.9024
2014-02-06	HighGrowth	3.6148
2014-02-06	Cash	1.9838
2014-02-05	CoreStrategy	1.1788
2014-02-05	CapitalStable	2.5823
2014-02-05	Balanced	2.9153
2014-02-05	HighGrowth	3.6437
2014-02-05	Cash	1.9836
2014-02-04	CoreStrategy	1.1865
2014-02-04	CapitalStable	2.5908
2014-02-04	Balanced	2.93
2014-02-04	HighGrowth	3.6769
2014-02-04	Cash	1.9831
2014-02-01	CoreStrategy	1.1866
2014-02-01	CapitalStable	2.5903
2014-02-01	Balanced	2.9289
2014-02-01	HighGrowth	3.6744
2014-02-01	Cash	1.9831
2014-01-31	CoreStrategy	1.188
2014-01-31	CapitalStable	2.5909
2014-01-31	Balanced	2.9315
2014-01-31	HighGrowth	3.6824
2014-01-31	Cash	1.983
2014-01-30	CoreStrategy	1.1873
2014-01-30	CapitalStable	2.5901
2014-01-30	Balanced	2.9295
2014-01-30	HighGrowth	3.6778
2014-01-30	Cash	1.9829
2014-01-29	CoreStrategy	1.1894
2014-01-29	CapitalStable	2.5913
2014-01-29	Balanced	2.9328
2014-01-29	HighGrowth	3.6858
2014-01-29	Cash	1.9825
2014-01-25	CoreStrategy	1.1991
2014-01-25	CapitalStable	2.6011
2014-01-25	Balanced	2.9497
2014-01-25	HighGrowth	3.7237
2014-01-25	Cash	1.9822
2014-01-24	CoreStrategy	1.2018
2014-01-24	CapitalStable	2.6036
2014-01-24	Balanced	2.9535
2014-01-24	HighGrowth	3.7305
2014-01-24	Cash	1.982
2014-01-23	CoreStrategy	1.2031
2014-01-23	CapitalStable	2.6056
2014-01-23	Balanced	2.9565
2014-01-23	HighGrowth	3.7369
2014-01-23	Cash	1.9819
2014-01-22	CoreStrategy	1.2012
2014-01-22	CapitalStable	2.6041
2014-01-22	Balanced	2.9531
2014-01-22	HighGrowth	3.7287
2014-01-22	Cash	1.9818
2014-01-21	CoreStrategy	1.2022
2014-01-21	CapitalStable	2.6049
2014-01-21	Balanced	2.955
2014-01-21	HighGrowth	3.7336
2014-01-21	Cash	1.9813
2014-01-18	CoreStrategy	1.2023
2014-01-18	CapitalStable	2.6036
2014-01-18	Balanced	2.9544
2014-01-18	HighGrowth	3.734
2014-01-18	Cash	1.9811
2014-01-17	CoreStrategy	1.1963
2014-01-17	CapitalStable	2.5974
2014-01-17	Balanced	2.9426
2014-01-17	HighGrowth	3.7067
2014-01-17	Cash	1.9809
2014-01-16	CoreStrategy	1.1911
2014-01-16	CapitalStable	2.5919
2014-01-16	Balanced	2.9329
2014-01-16	HighGrowth	3.685
2014-01-16	Cash	1.9808
2014-01-15	CoreStrategy	1.1912
2014-01-15	CapitalStable	2.5911
2014-01-15	Balanced	2.9324
2014-01-15	HighGrowth	3.6841
2014-01-15	Cash	1.9806
2014-01-14	CoreStrategy	1.1955
2014-01-14	CapitalStable	2.5953
2014-01-14	Balanced	2.9407
2014-01-14	HighGrowth	3.7044
2014-01-14	Cash	1.9802
2014-01-11	CoreStrategy	1.1958
2014-01-11	CapitalStable	2.5958
2014-01-11	Balanced	2.9421
2014-01-11	HighGrowth	3.708
2014-01-11	Cash	1.98
2014-01-10	CoreStrategy	1.1948
2014-01-10	CapitalStable	2.5946
2014-01-10	Balanced	2.9396
2014-01-10	HighGrowth	3.7026
2014-01-10	Cash	1.9799
2014-01-09	CoreStrategy	1.1948
2014-01-09	CapitalStable	2.5946
2014-01-09	Balanced	2.9399
2014-01-09	HighGrowth	3.7036
2014-01-09	Cash	1.9799
2014-01-08	CoreStrategy	1.1916
2014-01-08	CapitalStable	2.5891
2014-01-08	Balanced	2.9323
2014-01-08	HighGrowth	3.6905
2014-01-08	Cash	1.9797
2014-01-07	CoreStrategy	1.1925
2014-01-07	CapitalStable	2.5892
2014-01-07	Balanced	2.9329
2014-01-07	HighGrowth	3.6927
2014-01-07	Cash	1.9793
2014-01-04	CoreStrategy	1.1948
2014-01-04	CapitalStable	2.592
2014-01-04	Balanced	2.9379
2014-01-04	HighGrowth	3.7039
2014-01-04	Cash	1.9792
2014-01-03	CoreStrategy	1.1971
2014-01-03	CapitalStable	2.5933
2014-01-03	Balanced	2.9411
2014-01-03	HighGrowth	3.713
2014-01-03	Cash	1.9788
2014-01-01	CoreStrategy	1.1972
2014-01-01	CapitalStable	2.5933
2014-01-01	Balanced	2.9416
2014-01-01	HighGrowth	3.7152
2014-01-01	Cash	1.9787
2013-12-31	CoreStrategy	1.1956
2013-12-31	CapitalStable	2.5917
2013-12-31	Balanced	2.9391
2013-12-31	HighGrowth	3.7102
2013-12-31	Cash	1.9783
2013-12-28	CoreStrategy	1.1937
2013-12-28	CapitalStable	2.5903
2013-12-28	Balanced	2.936
2013-12-28	HighGrowth	3.7026
2013-12-28	Cash	1.978
2013-12-25	CoreStrategy	1.1885
2013-12-25	CapitalStable	2.5846
2013-12-25	Balanced	2.9258
2013-12-25	HighGrowth	3.6801
2013-12-25	Cash	1.9778
2013-12-24	CoreStrategy	1.1858
2013-12-24	CapitalStable	2.5826
2013-12-24	Balanced	2.9216
2013-12-24	HighGrowth	3.67
2013-12-24	Cash	1.9773
2013-12-23	CoreStrategy	1.183
2013-12-23	CapitalStable	2.5805
2013-12-23	Balanced	2.9176
2013-12-23	HighGrowth	3.6613
2013-12-23	Cash	1.9771
2013-12-20	CoreStrategy	1.1752
2013-12-20	CapitalStable	2.5722
2013-12-20	Balanced	2.9032
2013-12-20	HighGrowth	3.6306
2013-12-20	Cash	1.977
2013-12-19	CoreStrategy	1.1717
2013-12-19	CapitalStable	2.5686
2013-12-19	Balanced	2.897
2013-12-19	HighGrowth	3.6166
2013-12-19	Cash	1.977
2013-12-18	CoreStrategy	1.1696
2013-12-18	CapitalStable	2.5656
2013-12-18	Balanced	2.8922
2013-12-18	HighGrowth	3.6067
2013-12-18	Cash	1.9769
2013-12-17	CoreStrategy	1.1668
2013-12-17	CapitalStable	2.5623
2013-12-17	Balanced	2.8871
2013-12-17	HighGrowth	3.5964
2013-12-17	Cash	1.9764
2013-12-16	CoreStrategy	1.1662
2013-12-16	CapitalStable	2.5612
2013-12-16	Balanced	2.8858
2013-12-16	HighGrowth	3.5949
2013-12-16	Cash	1.9763
2013-12-13	CoreStrategy	1.1666
2013-12-13	CapitalStable	2.5608
2013-12-13	Balanced	2.8857
2013-12-13	HighGrowth	3.5949
2013-12-13	Cash	1.9761
2013-12-12	CoreStrategy	1.1683
2013-12-12	CapitalStable	2.5618
2013-12-12	Balanced	2.8877
2013-12-12	HighGrowth	3.5991
2013-12-12	Cash	1.976
2013-12-11	CoreStrategy	1.1709
2013-12-11	CapitalStable	2.5644
2013-12-11	Balanced	2.8927
2013-12-11	HighGrowth	3.6102
2013-12-11	Cash	1.9758
2013-12-10	CoreStrategy	1.1709
2013-12-10	CapitalStable	2.563
2013-12-10	Balanced	2.8919
2013-12-10	HighGrowth	3.6107
2013-12-10	Cash	1.9754
2013-12-09	CoreStrategy	1.1704
2013-12-09	CapitalStable	2.5625
2013-12-09	Balanced	2.8917
2013-12-09	HighGrowth	3.6112
2013-12-09	Cash	1.9752
2013-12-06	CoreStrategy	1.175
2013-12-06	CapitalStable	2.5668
2013-12-06	Balanced	2.8997
2013-12-06	HighGrowth	3.6292
2013-12-06	Cash	1.9751
2013-12-05	CoreStrategy	1.1723
2013-12-05	CapitalStable	2.5635
2013-12-05	Balanced	2.8939
2013-12-05	HighGrowth	3.6161
2013-12-05	Cash	1.975
2013-12-04	CoreStrategy	1.1784
2013-12-04	CapitalStable	2.5686
2013-12-04	Balanced	2.9034
2013-12-04	HighGrowth	3.6388
2013-12-04	Cash	1.9747
2013-11-29	CoreStrategy	1.1775
2013-11-29	CapitalStable	2.5673
2013-11-29	Balanced	2.902
2013-11-29	HighGrowth	3.6364
2013-11-29	Cash	1.9741
2013-11-27	CoreStrategy	1.1749
2013-11-27	CapitalStable	2.5639
2013-11-27	Balanced	2.8968
2013-11-27	HighGrowth	3.6258
2013-11-27	Cash	1.9736
2013-11-22	CoreStrategy	1.1668
2013-11-22	CapitalStable	2.5549
2013-11-22	Balanced	2.8805
2013-11-22	HighGrowth	3.5877
2013-11-22	Cash	1.9732
2013-11-20	CoreStrategy	1.1705
2013-11-20	CapitalStable	2.5571
2013-11-20	Balanced	2.8863
2013-11-20	HighGrowth	3.6034
2013-11-20	Cash	1.9726
2013-11-15	CoreStrategy	1.1661
2013-11-15	CapitalStable	2.552
2013-11-15	Balanced	2.8791
2013-11-15	HighGrowth	3.5901
2013-11-15	Cash	1.9722
2013-11-13	CoreStrategy	1.1648
2013-11-13	CapitalStable	2.551
2013-11-13	Balanced	2.8762
2013-11-13	HighGrowth	3.5819
2013-11-13	Cash	1.9717
2013-11-08	CoreStrategy	1.1618
2013-11-08	CapitalStable	2.546
2013-11-08	Balanced	2.8692
2013-11-08	HighGrowth	3.5686
2013-11-08	Cash	1.9712
2013-11-06	CoreStrategy	1.1621
2013-11-06	CapitalStable	2.5459
2013-11-06	Balanced	2.8692
2013-11-06	HighGrowth	3.5709
2013-11-06	Cash	1.9708
2013-11-05	CoreStrategy	1.1635
2013-11-05	CapitalStable	2.5471
2013-11-05	Balanced	2.8714
2013-11-05	HighGrowth	3.5757
2013-11-05	Cash	1.9706
2013-11-01	CoreStrategy	1.164
2013-11-01	CapitalStable	2.5476
2013-11-01	Balanced	2.872
2013-11-01	HighGrowth	3.577
2013-11-01	Cash	1.9703
2013-10-30	CoreStrategy	1.1594
2013-10-30	CapitalStable	2.5419
2013-10-30	Balanced	2.8629
2013-10-30	HighGrowth	3.558
2013-10-30	Cash	1.9696
2013-10-25	CoreStrategy	1.1564
2013-10-25	CapitalStable	2.5382
2013-10-25	Balanced	2.8563
2013-10-25	HighGrowth	3.5433
2013-10-25	Cash	1.9692
2013-10-23	CoreStrategy	1.1528
2013-10-23	CapitalStable	2.5351
2013-10-23	Balanced	2.8509
2013-10-23	HighGrowth	3.5314
2013-10-23	Cash	1.9687
2013-10-18	CoreStrategy	1.1449
2013-10-18	CapitalStable	2.5271
2013-10-18	Balanced	2.8383
2013-10-18	HighGrowth	3.5066
2013-10-18	Cash	1.9683
2013-10-16	CoreStrategy	1.1441
2013-10-16	CapitalStable	2.5262
2013-10-16	Balanced	2.8377
2013-10-16	HighGrowth	3.5069
2013-10-16	Cash	1.9679
2013-10-11	CoreStrategy	1.1328
2013-10-11	CapitalStable	2.5157
2013-10-11	Balanced	2.8194
2013-10-11	HighGrowth	3.4671
2013-10-11	Cash	1.9675
2013-10-10	CoreStrategy	1.1364
2013-10-10	CapitalStable	2.5195
2013-10-10	Balanced	2.826
2013-10-10	HighGrowth	3.4814
2013-10-10	Cash	1.9673
2013-10-04	CoreStrategy	1.1415
2013-10-04	CapitalStable	2.5236
2013-10-04	Balanced	2.834
2013-10-04	HighGrowth	3.5006
2013-10-04	Cash	1.9665
2013-10-03	CoreStrategy	1.14
2013-10-03	CapitalStable	2.5226
2013-10-03	Balanced	2.8322
2013-10-03	HighGrowth	3.4961
2013-10-03	Cash	1.9664
2013-10-02	CoreStrategy	1.1475
2013-10-02	CapitalStable	2.5297
2013-10-02	Balanced	2.8453
2013-10-02	HighGrowth	3.5251
2013-10-02	Cash	1.9659
2013-09-27	CoreStrategy	1.1418
2013-09-27	CapitalStable	2.5248
2013-09-27	Balanced	2.8345
2013-09-27	HighGrowth	3.499
2013-09-27	Cash	1.9655
2013-09-25	CoreStrategy	1.1449
2013-09-25	CapitalStable	2.5273
2013-09-25	Balanced	2.8393
2013-09-25	HighGrowth	3.5104
2013-09-25	Cash	1.9652
2013-09-20	CoreStrategy	1.1403
2013-09-20	CapitalStable	2.5207
2013-09-20	Balanced	2.8307
2013-09-20	HighGrowth	3.4958
2013-09-20	Cash	1.9647
2013-09-18	CoreStrategy	1.1383
2013-09-18	CapitalStable	2.5193
2013-09-18	Balanced	2.8287
2013-09-18	HighGrowth	3.4927
2013-09-18	Cash	1.9641
2013-09-13	CoreStrategy	1.1348
2013-09-13	CapitalStable	2.5145
2013-09-13	Balanced	2.8214
2013-09-13	HighGrowth	3.4784
2013-09-13	Cash	1.9628
2013-09-11	CoreStrategy	1.1272
2013-09-11	CapitalStable	2.5071
2013-09-11	Balanced	2.8093
2013-09-11	HighGrowth	3.4537
2013-09-11	Cash	1.9622
2013-09-06	CoreStrategy	1.1272
2013-09-06	CapitalStable	2.5072
2013-09-06	Balanced	2.8097
2013-09-06	HighGrowth	3.4562
2013-09-06	Cash	1.9619
2013-09-04	CoreStrategy	1.1248
2013-09-04	CapitalStable	2.5066
2013-09-04	Balanced	2.808
2013-09-04	HighGrowth	3.4525
2013-09-04	Cash	1.9614
2013-08-30	CoreStrategy	1.1242
2013-08-30	CapitalStable	2.505
2013-08-30	Balanced	2.8068
2013-08-30	HighGrowth	3.4517
2013-08-30	Cash	1.9609
2013-08-28	CoreStrategy	1.128
2013-08-28	CapitalStable	2.5083
2013-08-28	Balanced	2.8122
2013-08-28	HighGrowth	3.4637
2013-08-28	Cash	1.9603
2013-08-23	CoreStrategy	1.122
2013-08-23	CapitalStable	2.5024
2013-08-23	Balanced	2.8017
2013-08-23	HighGrowth	3.4407
2013-08-23	Cash	1.9599
2013-08-21	CoreStrategy	1.1216
2013-08-21	CapitalStable	2.5024
2013-08-21	Balanced	2.8001
2013-08-21	HighGrowth	3.4349
2013-08-21	Cash	1.9593
2013-08-16	CoreStrategy	1.1301
2013-08-16	CapitalStable	2.5132
2013-08-16	Balanced	2.8162
2013-08-16	HighGrowth	3.4667
2013-08-16	Cash	1.9589
2013-08-14	CoreStrategy	1.1212
2013-08-14	CapitalStable	2.5039
2013-08-14	Balanced	2.7998
2013-08-14	HighGrowth	3.4313
2013-08-14	Cash	1.9585
2013-08-09	CoreStrategy	1.1287
2013-08-09	CapitalStable	2.5113
2013-08-09	Balanced	2.8139
2013-08-09	HighGrowth	3.4639
2013-08-09	Cash	1.9581
2013-08-07	CoreStrategy	1.1319
2013-08-07	CapitalStable	2.5143
2013-08-07	Balanced	2.8196
2013-08-07	HighGrowth	3.4771
2013-08-07	Cash	1.9577
2013-08-02	CoreStrategy	1.1181
2013-08-02	CapitalStable	2.5011
2013-08-02	Balanced	2.7955
2013-08-02	HighGrowth	3.4229
2013-08-02	Cash	1.9571
2013-07-31	CoreStrategy	1.1139
2013-07-31	CapitalStable	2.4962
2013-07-31	Balanced	2.7869
2013-07-31	HighGrowth	3.4037
2013-07-31	Cash	1.9564
2013-07-26	CoreStrategy	1.1133
2013-07-26	CapitalStable	2.4977
2013-07-26	Balanced	2.7861
2013-07-26	HighGrowth	3.3972
2013-07-26	Cash	1.956
2013-07-24	CoreStrategy	1.1107
2013-07-24	CapitalStable	2.4954
2013-07-24	Balanced	2.7822
2013-07-24	HighGrowth	3.3894
2013-07-24	Cash	1.9553
2013-07-19	CoreStrategy	1.108
2013-07-19	CapitalStable	2.4904
2013-07-19	Balanced	2.7762
2013-07-19	HighGrowth	3.38
2013-07-19	Cash	1.9548
2013-07-17	CoreStrategy	1.1117
2013-07-17	CapitalStable	2.494
2013-07-17	Balanced	2.7832
2013-07-17	HighGrowth	3.3973
2013-07-17	Cash	1.9542
2013-07-12	CoreStrategy	1.0982
2013-07-12	CapitalStable	2.4817
2013-07-12	Balanced	2.7596
2013-07-12	HighGrowth	3.3433
2013-07-12	Cash	1.9536
2013-07-10	CoreStrategy	1.0944
2013-07-10	CapitalStable	2.4778
2013-07-10	Balanced	2.7538
2013-07-10	HighGrowth	3.3326
2013-07-10	Cash	1.953
2013-07-05	CoreStrategy	1.091
2013-07-05	CapitalStable	2.4737
2013-07-05	Balanced	2.7463
2013-07-05	HighGrowth	3.3175
2013-07-05	Cash	1.9526
2013-07-03	CoreStrategy	1.0866
2013-07-03	CapitalStable	2.4686
2013-07-03	Balanced	2.7384
2013-07-03	HighGrowth	3.3028
2013-07-03	Cash	1.9525
2013-07-01	CoreStrategy	1.068
2013-07-01	CapitalStable	2.4445
2013-07-01	Balanced	2.702
2013-07-01	HighGrowth	3.2359
2013-07-01	Cash	1.9517
2013-06-30	CoreStrategy	1.0866
2013-06-30	CapitalStable	2.4686
2013-06-30	Balanced	2.7384
2013-06-30	HighGrowth	3.3028
2013-06-30	Cash	1.9525
2013-06-28	CoreStrategy	1.068
2013-06-28	CapitalStable	2.4445
2013-06-28	Balanced	2.702
2013-06-28	HighGrowth	3.2359
2013-06-28	Cash	1.9517
2013-06-26	CoreStrategy	1.075
2013-06-26	CapitalStable	2.4515
2013-06-26	Balanced	2.7139
2013-06-26	HighGrowth	3.2597
2013-06-26	Cash	1.951
2013-06-21	CoreStrategy	1.0852
2013-06-21	CapitalStable	2.4619
2013-06-21	Balanced	2.7293
2013-06-21	HighGrowth	3.2878
2013-06-21	Cash	1.9507
2013-06-19	CoreStrategy	1.0771
2013-06-19	CapitalStable	2.4546
2013-06-19	Balanced	2.7154
2013-06-19	HighGrowth	3.2568
2013-06-19	Cash	1.95
2013-06-14	CoreStrategy	1.0816
2013-06-14	CapitalStable	2.4603
2013-06-14	Balanced	2.7241
2013-06-14	HighGrowth	3.2733
2013-06-14	Cash	1.9497
2013-06-07	CoreStrategy	1.0842
2013-06-07	CapitalStable	2.4633
2013-06-07	Balanced	2.7278
2013-06-07	HighGrowth	3.2772
2013-06-07	Cash	1.9488
2013-06-05	CoreStrategy	1.0873
2013-06-05	CapitalStable	2.4662
2013-06-05	Balanced	2.7328
2013-06-05	HighGrowth	3.2877
2013-06-05	Cash	1.948
2013-05-31	CoreStrategy	1.0915
2013-05-31	CapitalStable	2.4727
2013-05-31	Balanced	2.7408
2013-05-31	HighGrowth	3.2995
2013-05-31	Cash	1.9476
2013-05-29	CoreStrategy	1.0883
2013-05-29	CapitalStable	2.4688
2013-05-29	Balanced	2.735
2013-05-29	HighGrowth	3.2885
2013-05-29	Cash	1.947
2013-05-24	CoreStrategy	1.0989
2013-05-24	CapitalStable	2.4793
2013-05-24	Balanced	2.7525
2013-05-24	HighGrowth	3.3226
2013-05-24	Cash	1.9465
2013-05-22	CoreStrategy	1.0987
2013-05-22	CapitalStable	2.4795
2013-05-22	Balanced	2.7523
2013-05-22	HighGrowth	3.3214
2013-05-22	Cash	1.9459
2013-05-17	CoreStrategy	1.093
2013-05-17	CapitalStable	2.474
2013-05-17	Balanced	2.7429
2013-05-17	HighGrowth	3.3015
2013-05-17	Cash	1.9455
2013-05-15	CoreStrategy	1.0877
2013-05-15	CapitalStable	2.4706
2013-05-15	Balanced	2.7352
2013-05-15	HighGrowth	3.2828
2013-05-15	Cash	1.945
2013-05-10	CoreStrategy	1.0773
2013-05-10	CapitalStable	2.4587
2013-05-10	Balanced	2.716
2013-05-10	HighGrowth	3.245
2013-05-10	Cash	1.9445
2013-05-08	CoreStrategy	1.0693
2013-05-08	CapitalStable	2.4493
2013-05-08	Balanced	2.7015
2013-05-08	HighGrowth	3.2171
2013-05-08	Cash	1.9437
2013-05-03	CoreStrategy	1.0677
2013-05-03	CapitalStable	2.4451
2013-05-03	Balanced	2.6971
2013-05-03	HighGrowth	3.2118
2013-05-03	Cash	1.9431
2013-05-01	CoreStrategy	1.0616
2013-05-01	CapitalStable	2.4401
2013-05-01	Balanced	2.6877
2013-05-01	HighGrowth	3.1921
2013-05-01	Cash	1.9426
2013-04-29	CoreStrategy	1.0555
2013-04-29	CapitalStable	2.435
2013-04-29	Balanced	2.678
2013-04-29	HighGrowth	3.1711
2013-04-29	Cash	1.942
2013-04-24	CoreStrategy	1.0456
2013-04-24	CapitalStable	2.4256
2013-04-24	Balanced	2.6616
2013-04-24	HighGrowth	3.1373
2013-04-24	Cash	1.9413
2013-04-19	CoreStrategy	1.049
2013-04-19	CapitalStable	2.4263
2013-04-19	Balanced	2.6654
2013-04-19	HighGrowth	3.1491
2013-04-19	Cash	1.9408
2013-04-17	CoreStrategy	1.0513
2013-04-17	CapitalStable	2.427
2013-04-17	Balanced	2.6677
2013-04-17	HighGrowth	3.1551
2013-04-17	Cash	1.94
2013-04-12	CoreStrategy	1.0458
2013-04-12	CapitalStable	2.4223
2013-04-12	Balanced	2.6589
2013-04-12	HighGrowth	3.136
2013-04-12	Cash	1.9395
2013-04-10	CoreStrategy	1.041
2013-04-10	CapitalStable	2.4153
2013-04-10	Balanced	2.6497
2013-04-10	HighGrowth	3.1219
2013-04-10	Cash	1.9391
2013-04-05	CoreStrategy	1.0464
2013-04-05	CapitalStable	2.4143
2013-04-05	Balanced	2.6544
2013-04-05	HighGrowth	3.1407
2013-04-05	Cash	1.9386
2013-04-04	CoreStrategy	1.0468
2013-04-04	CapitalStable	2.4148
2013-04-04	Balanced	2.6552
2013-04-04	HighGrowth	3.1426
2013-04-04	Cash	1.9382
2013-03-29	CoreStrategy	1.0431
2013-03-29	CapitalStable	2.4103
2013-03-29	Balanced	2.6485
2013-03-29	HighGrowth	3.1305
2013-03-29	Cash	1.9374
2013-03-27	CoreStrategy	1.0446
2013-03-27	CapitalStable	2.411
2013-03-27	Balanced	2.6508
2013-03-27	HighGrowth	3.1368
2013-03-27	Cash	1.9369
2013-03-22	CoreStrategy	1.0471
2013-03-22	CapitalStable	2.4137
2013-03-22	Balanced	2.6554
2013-03-22	HighGrowth	3.1462
2013-03-22	Cash	1.9363
2013-03-20	CoreStrategy	1.0552
2013-03-20	CapitalStable	2.4184
2013-03-20	Balanced	2.6671
2013-03-20	HighGrowth	3.1751
2013-03-20	Cash	1.9355
2013-03-15	CoreStrategy	1.0559
2013-03-15	CapitalStable	2.4206
2013-03-15	Balanced	2.6691
2013-03-15	HighGrowth	3.177
2013-03-15	Cash	1.9351
2013-03-13	CoreStrategy	1.0581
2013-03-13	CapitalStable	2.4217
2013-03-13	Balanced	2.6722
2013-03-13	HighGrowth	3.185
2013-03-13	Cash	1.9346
2013-03-08	CoreStrategy	1.0514
2013-03-08	CapitalStable	2.4141
2013-03-08	Balanced	2.6602
2013-03-08	HighGrowth	3.1622
2013-03-08	Cash	1.9343
2013-03-06	CoreStrategy	1.0485
2013-03-06	CapitalStable	2.4117
2013-03-06	Balanced	2.6559
2013-03-06	HighGrowth	3.1527
2013-03-06	Cash	1.9336
2013-03-05	CoreStrategy	1.0487
2013-03-05	CapitalStable	2.4104
2013-03-05	Balanced	2.6554
2013-03-05	HighGrowth	3.1541
2013-03-05	Cash	1.9335
2013-03-01	CoreStrategy	1.0411
2013-03-01	CapitalStable	2.4043
2013-03-01	Balanced	2.6436
2013-03-01	HighGrowth	3.1284
2013-03-01	Cash	1.9331
2013-02-27	CoreStrategy	1.0419
2013-02-27	CapitalStable	2.4038
2013-02-27	Balanced	2.6438
2013-02-27	HighGrowth	3.1305
2013-02-27	Cash	1.9324
2013-02-22	CoreStrategy	1.0469
2013-02-22	CapitalStable	2.4065
2013-02-22	Balanced	2.6507
2013-02-22	HighGrowth	3.1476
2013-02-22	Cash	1.932
2013-02-20	CoreStrategy	1.0431
2013-02-20	CapitalStable	2.4041
2013-02-20	Balanced	2.6452
2013-02-20	HighGrowth	3.1347
2013-02-20	Cash	1.9311
2013-02-15	CoreStrategy	1.0393
2013-02-15	CapitalStable	2.3997
2013-02-15	Balanced	2.6388
2013-02-15	HighGrowth	3.1234
2013-02-15	Cash	1.9305
2013-02-13	CoreStrategy	1.0381
2013-02-13	CapitalStable	2.3979
2013-02-13	Balanced	2.6364
2013-02-13	HighGrowth	3.1193
2013-02-13	Cash	1.9298
2013-02-08	CoreStrategy	1.0307
2013-02-08	CapitalStable	2.3896
2013-02-08	Balanced	2.6229
2013-02-08	HighGrowth	3.0931
2013-02-08	Cash	1.9293
2013-02-06	CoreStrategy	1.0344
2013-02-06	CapitalStable	2.3903
2013-02-06	Balanced	2.6273
2013-02-06	HighGrowth	3.107
2013-02-06	Cash	1.9288
2013-02-05	CoreStrategy	1.0295
2013-02-05	CapitalStable	2.3862
2013-02-05	Balanced	2.6193
2013-02-05	HighGrowth	3.0891
2013-02-05	Cash	1.9286
2013-02-01	CoreStrategy	1.0302
2013-02-01	CapitalStable	2.3866
2013-02-01	Balanced	2.6199
2013-02-01	HighGrowth	3.0902
2013-02-01	Cash	1.9284
2013-01-30	CoreStrategy	1.0277
2013-01-30	CapitalStable	2.3856
2013-01-30	Balanced	2.6169
2013-01-30	HighGrowth	3.0817
2013-01-30	Cash	1.9279
2013-01-25	CoreStrategy	1.0196
2013-01-25	CapitalStable	2.3778
2013-01-25	Balanced	2.603
2013-01-25	HighGrowth	3.0524
2013-01-25	Cash	1.9274
2013-01-23	CoreStrategy	1.0199
2013-01-23	CapitalStable	2.3792
2013-01-23	Balanced	2.6045
2013-01-23	HighGrowth	3.0542
2013-01-23	Cash	1.9268
2013-01-18	CoreStrategy	1.0138
2013-01-18	CapitalStable	2.3727
2013-01-18	Balanced	2.5942
2013-01-18	HighGrowth	3.0346
2013-01-18	Cash	1.9264
2013-01-16	CoreStrategy	1.0125
2013-01-16	CapitalStable	2.3708
2013-01-16	Balanced	2.5915
2013-01-16	HighGrowth	3.0302
2013-01-16	Cash	1.9259
2013-01-11	CoreStrategy	1.0081
2013-01-11	CapitalStable	2.3658
2013-01-11	Balanced	2.5835
2013-01-11	HighGrowth	3.0149
2013-01-11	Cash	1.9253
2013-01-09	CoreStrategy	1.0101
2013-01-09	CapitalStable	2.3662
2013-01-09	Balanced	2.5858
2013-01-09	HighGrowth	3.0217
2013-01-09	Cash	1.9249
2013-01-03	CoreStrategy	1
2013-01-03	CapitalStable	2.357
2013-01-03	Balanced	2.5699
2013-01-03	HighGrowth	2.9896
2013-01-03	Cash	1.9242
2013-01-02	CoreStrategy	1
2013-01-02	CapitalStable	2.3556
2013-01-02	Balanced	2.5683
2013-01-02	HighGrowth	2.9872
2013-01-02	Cash	1.9237
2012-12-31	CoreStrategy	1
2012-12-31	CapitalStable	2.3502
2012-12-31	Balanced	2.5615
2012-12-31	HighGrowth	2.9778
2012-12-31	Cash	1.9226
2012-12-28	CoreStrategy	0.998955589
2012-12-28	CapitalStable	2.3502
2012-12-28	Balanced	2.5615
2012-12-28	HighGrowth	2.9778
2012-12-28	Cash	1.9226
2012-12-21	CoreStrategy	0.996935986
2012-12-21	CapitalStable	2.3442
2012-12-21	Balanced	2.5528
2012-12-21	HighGrowth	2.9622
2012-12-21	Cash	1.9219
2012-12-19	CoreStrategy	0.992614511
2012-12-19	CapitalStable	2.3387
2012-12-19	Balanced	2.5433
2012-12-19	HighGrowth	2.9429
2012-12-19	Cash	1.9213
2012-12-18	CoreStrategy	0.992614511
2012-12-18	CapitalStable	2.3373
2012-12-18	Balanced	2.5415
2012-12-18	HighGrowth	2.94
2012-12-18	Cash	1.9209
2012-12-14	CoreStrategy	0.987031249
2012-12-14	CapitalStable	2.3373
2012-12-14	Balanced	2.5415
2012-12-14	HighGrowth	2.94
2012-12-14	Cash	1.9209
2012-12-12	CoreStrategy	0.986487674
2012-12-12	CapitalStable	2.3346
2012-12-12	Balanced	2.5369
2012-12-12	HighGrowth	2.9309
2012-12-12	Cash	1.9203
2012-12-11	CoreStrategy	0.986487674
2012-12-11	CapitalStable	2.3284
2012-12-11	Balanced	2.5275
2012-12-11	HighGrowth	2.9138
2012-12-11	Cash	1.9198
2012-12-07	CoreStrategy	0.983665577
2012-12-07	CapitalStable	2.3284
2012-12-07	Balanced	2.5275
2012-12-07	HighGrowth	2.9138
2012-12-07	Cash	1.9198
2012-12-06	CoreStrategy	0.978562914
2012-12-06	CapitalStable	2.3285
2012-12-06	Balanced	2.5286
2012-12-06	HighGrowth	2.9173
2012-12-06	Cash	1.9189
2012-12-04	CoreStrategy	0.978562914
2012-12-04	CapitalStable	2.3217
2012-12-04	Balanced	2.5176
2012-12-04	HighGrowth	2.8964
2012-12-04	Cash	1.9183
2012-11-30	CoreStrategy	0.9793254
2012-11-30	CapitalStable	2.3217
2012-11-30	Balanced	2.5176
2012-11-30	HighGrowth	2.8964
2012-11-30	Cash	1.9183
2012-11-28	CoreStrategy	0.973025459
2012-11-28	CapitalStable	2.3197
2012-11-28	Balanced	2.5146
2012-11-28	HighGrowth	2.8914
2012-11-28	Cash	1.9177
2012-11-27	CoreStrategy	0.973025459
2012-11-27	CapitalStable	2.3159
2012-11-27	Balanced	2.507
2012-11-27	HighGrowth	2.8743
2012-11-27	Cash	1.917
2012-11-23	CoreStrategy	0.971486481
2012-11-23	CapitalStable	2.3159
2012-11-23	Balanced	2.507
2012-11-23	HighGrowth	2.8743
2012-11-23	Cash	1.917
2012-11-21	CoreStrategy	0.966450318
2012-11-21	CapitalStable	2.311
2012-11-21	Balanced	2.4973
2012-11-21	HighGrowth	2.8531
2012-11-21	Cash	1.9166
2012-11-20	CoreStrategy	0.966450318
2012-11-20	CapitalStable	2.3106
2012-11-20	Balanced	2.4998
2012-11-20	HighGrowth	2.8624
2012-11-20	Cash	1.916
2012-11-16	CoreStrategy	0.960284291
2012-11-16	CapitalStable	2.3106
2012-11-16	Balanced	2.4998
2012-11-16	HighGrowth	2.8624
2012-11-16	Cash	1.916
2012-11-14	CoreStrategy	0.963183424
2012-11-14	CapitalStable	2.3155
2012-11-14	Balanced	2.5093
2012-11-14	HighGrowth	2.8831
2012-11-14	Cash	1.9155
2012-11-13	CoreStrategy	0.963183424
2012-11-13	CapitalStable	2.3183
2012-11-13	Balanced	2.5155
2012-11-13	HighGrowth	2.8984
2012-11-13	Cash	1.9152
2012-11-09	CoreStrategy	0.968884522
2012-11-09	CapitalStable	2.3183
2012-11-09	Balanced	2.5155
2012-11-09	HighGrowth	2.8984
2012-11-09	Cash	1.9152
2012-11-07	CoreStrategy	0.973211941
2012-11-07	CapitalStable	2.3169
2012-11-07	Balanced	2.513
2012-11-07	HighGrowth	2.8934
2012-11-07	Cash	1.9146
2012-11-06	CoreStrategy	0.973211941
2012-11-06	CapitalStable	2.3152
2012-11-06	Balanced	2.5119
2012-11-06	HighGrowth	2.8932
2012-11-06	Cash	1.9143
2012-11-05	CoreStrategy	0.971577821
2012-11-05	CapitalStable	2.3152
2012-11-05	Balanced	2.5119
2012-11-05	HighGrowth	2.8932
2012-11-05	Cash	1.9143
2012-11-02	CoreStrategy	0.971577821
2012-11-02	CapitalStable	2.3134
2012-11-02	Balanced	2.5093
2012-11-02	HighGrowth	2.8889
2012-11-02	Cash	1.914
2012-10-31	CoreStrategy	0.971663306
2012-10-31	CapitalStable	2.3112
2012-10-31	Balanced	2.5059
2012-10-31	HighGrowth	2.8832
2012-10-31	Cash	1.9135
2012-10-30	CoreStrategy	0.970215563
2012-10-30	CapitalStable	2.3165
2012-10-30	Balanced	2.5159
2012-10-30	HighGrowth	2.9045
2012-10-30	Cash	1.9128
2012-10-26	CoreStrategy	0.968630886
2012-10-26	CapitalStable	2.3165
2012-10-26	Balanced	2.5159
2012-10-26	HighGrowth	2.9045
2012-10-26	Cash	1.9128
2012-10-24	CoreStrategy	0.974628883
2012-10-24	CapitalStable	2.3191
2012-10-24	Balanced	2.5214
2012-10-24	HighGrowth	2.9167
2012-10-24	Cash	1.9121
2012-10-23	CoreStrategy	0.974628883
2012-10-23	CapitalStable	2.3183
2012-10-23	Balanced	2.5197
2012-10-23	HighGrowth	2.9139
2012-10-23	Cash	1.9118
2012-10-19	CoreStrategy	0.978371896
2012-10-19	CapitalStable	2.3183
2012-10-19	Balanced	2.5197
2012-10-19	HighGrowth	2.9139
2012-10-19	Cash	1.9118
2012-10-17	CoreStrategy	0.977065049
2012-10-17	CapitalStable	2.3132
2012-10-17	Balanced	2.5117
2012-10-17	HighGrowth	2.8987
2012-10-17	Cash	1.9109
2012-10-16	CoreStrategy	0.977065049
2012-10-16	CapitalStable	2.3132
2012-10-16	Balanced	2.5135
2012-10-16	HighGrowth	2.9047
2012-10-16	Cash	1.9105
2012-10-12	CoreStrategy	0.972587158
2012-10-12	CapitalStable	2.3132
2012-10-12	Balanced	2.5135
2012-10-12	HighGrowth	2.9047
2012-10-12	Cash	1.9105
2012-10-10	CoreStrategy	0.974122314
2012-10-10	CapitalStable	2.3149
2012-10-10	Balanced	2.5175
2012-10-10	HighGrowth	2.9145
2012-10-10	Cash	1.9098
2012-10-09	CoreStrategy	0.974122314
2012-10-09	CapitalStable	2.3057
2012-10-09	Balanced	2.5017
2012-10-09	HighGrowth	2.883
2012-10-09	Cash	1.9092
2012-10-05	CoreStrategy	0.976625094
2012-10-05	CapitalStable	2.3057
2012-10-05	Balanced	2.5017
2012-10-05	HighGrowth	2.883
2012-10-05	Cash	1.9092
2012-10-04	CoreStrategy	0.968160989
2012-10-04	CapitalStable	2.2991
2012-10-04	Balanced	2.4902
2012-10-04	HighGrowth	2.86
2012-10-04	Cash	1.9084
2012-10-02	CoreStrategy	0.968160989
2012-10-02	CapitalStable	2.2974
2012-10-02	Balanced	2.49
2012-10-02	HighGrowth	2.8637
2012-10-02	Cash	1.9078
2012-09-30	CoreStrategy	0.962156963
2012-09-30	CapitalStable	2.2974
2012-09-30	Balanced	2.49
2012-09-30	HighGrowth	2.8637
2012-09-30	Cash	1.9078
2012-09-28	CoreStrategy	0.962658639
2012-09-28	CapitalStable	2.2974
2012-09-28	Balanced	2.49
2012-09-28	HighGrowth	2.8637
2012-09-28	Cash	1.9078
2012-09-26	CoreStrategy	0.962658639
2012-09-26	CapitalStable	2.298
2012-09-26	Balanced	2.4935
2012-09-26	HighGrowth	2.8743
2012-09-26	Cash	1.9072
2012-09-25	CoreStrategy	0.962658639
2012-09-25	CapitalStable	2.2961
2012-09-25	Balanced	2.4916
2012-09-25	HighGrowth	2.8727
2012-09-25	Cash	1.9064
2012-09-21	CoreStrategy	0.965387585
2012-09-21	CapitalStable	2.2961
2012-09-21	Balanced	2.4916
2012-09-21	HighGrowth	2.8727
2012-09-21	Cash	1.9064
2012-09-19	CoreStrategy	0.964596574
2012-09-19	CapitalStable	2.2935
2012-09-19	Balanced	2.4892
2012-09-19	HighGrowth	2.8707
2012-09-19	Cash	1.9055
2012-09-18	CoreStrategy	0.964596574
2012-09-18	CapitalStable	2.2881
2012-09-18	Balanced	2.4772
2012-09-18	HighGrowth	2.843
2012-09-18	Cash	1.9051
2012-09-14	CoreStrategy	0.963993691
2012-09-14	CapitalStable	2.2881
2012-09-14	Balanced	2.4772
2012-09-14	HighGrowth	2.843
2012-09-14	Cash	1.9051
2012-09-12	CoreStrategy	0.956422109
2012-09-12	CapitalStable	2.2873
2012-09-12	Balanced	2.477
2012-09-12	HighGrowth	2.8445
2012-09-12	Cash	1.9044
2012-09-11	CoreStrategy	0.956422109
2012-09-11	CapitalStable	2.2813
2012-09-11	Balanced	2.4656
2012-09-11	HighGrowth	2.8204
2012-09-11	Cash	1.904
2012-09-07	CoreStrategy	0.956438273
2012-09-07	CapitalStable	2.2813
2012-09-07	Balanced	2.4656
2012-09-07	HighGrowth	2.8204
2012-09-07	Cash	1.904
2012-09-05	CoreStrategy	0.949576784
2012-09-05	CapitalStable	2.2779
2012-09-05	Balanced	2.4613
2012-09-05	HighGrowth	2.8137
2012-09-05	Cash	1.9032
2012-09-04	CoreStrategy	0.949576784
2012-09-04	CapitalStable	2.2777
2012-09-04	Balanced	2.4623
2012-09-04	HighGrowth	2.8174
2012-09-04	Cash	1.9025
2012-08-31	CoreStrategy	0.947885144
2012-08-31	CapitalStable	2.2777
2012-08-31	Balanced	2.4623
2012-08-31	HighGrowth	2.8174
2012-08-31	Cash	1.9025
2012-08-29	CoreStrategy	0.949128263
2012-08-29	CapitalStable	2.2759
2012-08-29	Balanced	2.4596
2012-08-29	HighGrowth	2.8129
2012-08-29	Cash	1.9018
2012-08-28	CoreStrategy	0.949128263
2012-08-28	CapitalStable	2.2745
2012-08-28	Balanced	2.4593
2012-08-28	HighGrowth	2.8152
2012-08-28	Cash	1.9013
2012-08-24	CoreStrategy	0.947750647
2012-08-24	CapitalStable	2.2745
2012-08-24	Balanced	2.4593
2012-08-24	HighGrowth	2.8152
2012-08-24	Cash	1.9013
2012-08-22	CoreStrategy	0.948555069
2012-08-22	CapitalStable	2.2722
2012-08-22	Balanced	2.4553
2012-08-22	HighGrowth	2.8077
2012-08-22	Cash	1.9006
2012-08-21	CoreStrategy	0.948555069
2012-08-21	CapitalStable	2.2657
2012-08-21	Balanced	2.4421
2012-08-21	HighGrowth	2.7785
2012-08-21	Cash	1.9
2012-08-17	CoreStrategy	0.946094013
2012-08-17	CapitalStable	2.2657
2012-08-17	Balanced	2.4421
2012-08-17	HighGrowth	2.7785
2012-08-17	Cash	1.9
2012-08-15	CoreStrategy	0.938261437
2012-08-15	CapitalStable	2.2641
2012-08-15	Balanced	2.4385
2012-08-15	HighGrowth	2.7702
2012-08-15	Cash	1.8993
2012-08-14	CoreStrategy	0.938261437
2012-08-14	CapitalStable	2.2617
2012-08-14	Balanced	2.4357
2012-08-14	HighGrowth	2.7662
2012-08-14	Cash	1.899
2012-08-10	CoreStrategy	0.936313753
2012-08-10	CapitalStable	2.2617
2012-08-10	Balanced	2.4357
2012-08-10	HighGrowth	2.7662
2012-08-10	Cash	1.899
2012-08-08	CoreStrategy	0.935175836
2012-08-08	CapitalStable	2.2559
2012-08-08	Balanced	2.424
2012-08-08	HighGrowth	2.7409
2012-08-08	Cash	1.8984
2012-08-07	CoreStrategy	0.935175836
2012-08-07	CapitalStable	2.2543
2012-08-07	Balanced	2.4227
2012-08-07	HighGrowth	2.7397
2012-08-07	Cash	1.8979
2012-08-03	CoreStrategy	0.928345413
2012-08-03	CapitalStable	2.2543
2012-08-03	Balanced	2.4227
2012-08-03	HighGrowth	2.7397
2012-08-03	Cash	1.8979
2012-08-01	CoreStrategy	0.928073375
2012-08-01	CapitalStable	2.2538
2012-08-01	Balanced	2.422
2012-08-01	HighGrowth	2.7396
2012-08-01	Cash	1.8972
2012-07-31	CoreStrategy	0.928073375
2012-07-31	CapitalStable	2.2461
2012-07-31	Balanced	2.4057
2012-07-31	HighGrowth	2.7029
2012-07-31	Cash	1.8969
2012-07-27	CoreStrategy	0.927138495
2012-07-27	CapitalStable	2.2461
2012-07-27	Balanced	2.4057
2012-07-27	HighGrowth	2.7029
2012-07-27	Cash	1.8969
2012-07-25	CoreStrategy	0.91694991
2012-07-25	CapitalStable	2.2524
2012-07-25	Balanced	2.4173
2012-07-25	HighGrowth	2.727
2012-07-25	Cash	1.8961
2012-07-24	CoreStrategy	0.91694991
2012-07-24	CapitalStable	2.2495
2012-07-24	Balanced	2.4136
2012-07-24	HighGrowth	2.7221
2012-07-24	Cash	1.8956
2012-07-20	CoreStrategy	0.924083104
2012-07-20	CapitalStable	2.2495
2012-07-20	Balanced	2.4136
2012-07-20	HighGrowth	2.7221
2012-07-20	Cash	1.8956
2012-07-18	CoreStrategy	0.921594242
2012-07-18	CapitalStable	2.2453
2012-07-18	Balanced	2.4084
2012-07-18	HighGrowth	2.7153
2012-07-18	Cash	1.8949
2012-07-17	CoreStrategy	0.921594242
2012-07-17	CapitalStable	2.2432
2012-07-17	Balanced	2.4069
2012-07-17	HighGrowth	2.7153
2012-07-17	Cash	1.8944
2012-07-13	CoreStrategy	0.918946069
2012-07-13	CapitalStable	2.2432
2012-07-13	Balanced	2.4069
2012-07-13	HighGrowth	2.7153
2012-07-13	Cash	1.8944
2012-07-11	CoreStrategy	0.918610379
2012-07-11	CapitalStable	2.2422
2012-07-11	Balanced	2.4101
2012-07-11	HighGrowth	2.7276
2012-07-11	Cash	1.8938
2012-07-10	CoreStrategy	0.918610379
2012-07-10	CapitalStable	2.242
2012-07-10	Balanced	2.4112
2012-07-10	HighGrowth	2.7327
2012-07-10	Cash	1.8933
2012-07-06	CoreStrategy	0.921825454
2012-07-06	CapitalStable	2.242
2012-07-06	Balanced	2.4112
2012-07-06	HighGrowth	2.7327
2012-07-06	Cash	1.8933
2012-07-04	CoreStrategy	0.922789868
2012-07-04	CapitalStable	2.2345
2012-07-04	Balanced	2.4006
2012-07-04	HighGrowth	2.715
2012-07-04	Cash	1.8928
2012-07-03	CoreStrategy	0.922789868
2012-07-03	CapitalStable	2.2345
2012-07-03	Balanced	2.4006
2012-07-03	HighGrowth	2.715
2012-07-03	Cash	1.8928
2012-06-30	CoreStrategy	0.917580533
2012-06-30	CapitalStable	2.2345
2012-06-30	Balanced	2.4006
2012-06-30	HighGrowth	2.715
2012-06-30	Cash	1.8928
2012-06-29	CoreStrategy	0.907528706
2012-06-29	CapitalStable	2.2252
2012-06-29	Balanced	2.3842
2012-06-29	HighGrowth	2.6823
2012-06-29	Cash	1.8923
2012-06-27	CoreStrategy	0.907528706
2012-06-27	CapitalStable	2.2247
2012-06-27	Balanced	2.3854
2012-06-27	HighGrowth	2.688
2012-06-27	Cash	1.8916
2012-06-26	CoreStrategy	0.907528706
2012-06-26	CapitalStable	2.2259
2012-06-26	Balanced	2.3907
2012-06-26	HighGrowth	2.7027
2012-06-26	Cash	1.8913
2012-06-22	CoreStrategy	0.90979058
2012-06-22	CapitalStable	2.2259
2012-06-22	Balanced	2.3907
2012-06-22	HighGrowth	2.7027
2012-06-22	Cash	1.8913
2012-06-20	CoreStrategy	0.914218924
2012-06-20	CapitalStable	2.2203
2012-06-20	Balanced	2.3824
2012-06-20	HighGrowth	2.6882
2012-06-20	Cash	1.8905
2012-06-19	CoreStrategy	0.914218924
2012-06-19	CapitalStable	2.221
2012-06-19	Balanced	2.3841
2012-06-19	HighGrowth	2.6926
2012-06-19	Cash	1.8901
2012-06-15	CoreStrategy	0.909390192
2012-06-15	CapitalStable	2.221
2012-06-15	Balanced	2.3841
2012-06-15	HighGrowth	2.6926
2012-06-15	Cash	1.8901
2012-06-13	CoreStrategy	0.909833135
2012-06-13	CapitalStable	2.2239
2012-06-13	Balanced	2.3873
2012-06-13	HighGrowth	2.6978
2012-06-13	Cash	1.8892
2012-06-12	CoreStrategy	0.909833135
2012-06-12	CapitalStable	2.2196
2012-06-12	Balanced	2.3806
2012-06-12	HighGrowth	2.685
2012-06-12	Cash	1.8891
2012-06-08	CoreStrategy	0.910843042
2012-06-08	CapitalStable	2.2196
2012-06-08	Balanced	2.3806
2012-06-08	HighGrowth	2.685
2012-06-08	Cash	1.8891
2012-06-06	CoreStrategy	0.906791065
2012-06-06	CapitalStable	2.222
2012-06-06	Balanced	2.3854
2012-06-06	HighGrowth	2.6949
2012-06-06	Cash	1.8884
2012-06-05	CoreStrategy	0.906791065
2012-06-05	CapitalStable	2.225
2012-06-05	Balanced	2.3922
2012-06-05	HighGrowth	2.7112
2012-06-05	Cash	1.8881
2012-06-01	CoreStrategy	0.909259196
2012-06-01	CapitalStable	2.2269
2012-06-01	Balanced	2.3963
2012-06-01	HighGrowth	2.7204
2012-06-01	Cash	1.8878
2012-05-31	CoreStrategy	0.913736467
2012-05-31	CapitalStable	2.222
2012-05-31	Balanced	2.3882
2012-05-31	HighGrowth	2.7049
2012-05-31	Cash	1.8871
2012-05-30	CoreStrategy	0.916502254
2012-05-30	CapitalStable	2.222
2012-05-30	Balanced	2.3882
2012-05-30	HighGrowth	2.7049
2012-05-30	Cash	1.8871
2012-05-29	CoreStrategy	0.916502254
2012-05-29	CapitalStable	2.2245
2012-05-29	Balanced	2.394
2012-05-29	HighGrowth	2.7184
2012-05-29	Cash	1.8867
2012-05-25	CoreStrategy	0.911675285
2012-05-25	CapitalStable	2.2245
2012-05-25	Balanced	2.394
2012-05-25	HighGrowth	2.7184
2012-05-25	Cash	1.8867
2012-05-23	CoreStrategy	0.915759718
2012-05-23	CapitalStable	2.2181
2012-05-23	Balanced	2.3821
2012-05-23	HighGrowth	2.6934
2012-05-23	Cash	1.8856
2012-05-22	CoreStrategy	0.915759718
2012-05-22	CapitalStable	2.2303
2012-05-22	Balanced	2.4058
2012-05-22	HighGrowth	2.7441
2012-05-22	Cash	1.8852
2012-05-18	CoreStrategy	0.908964129
2012-05-18	CapitalStable	2.2303
2012-05-18	Balanced	2.4058
2012-05-18	HighGrowth	2.7441
2012-05-18	Cash	1.8852
2012-05-16	CoreStrategy	0.923283759
2012-05-16	CapitalStable	2.2344
2012-05-16	Balanced	2.4129
2012-05-16	HighGrowth	2.7588
2012-05-16	Cash	1.8843
2012-05-15	CoreStrategy	0.923283759
2012-05-15	CapitalStable	2.2366
2012-05-15	Balanced	2.4161
2012-05-15	HighGrowth	2.7639
2012-05-15	Cash	1.8841
2012-05-11	CoreStrategy	0.927320762
2012-05-11	CapitalStable	2.2366
2012-05-11	Balanced	2.4161
2012-05-11	HighGrowth	2.7639
2012-05-11	Cash	1.8841
2012-05-09	CoreStrategy	0.928897541
2012-05-09	CapitalStable	2.2392
2012-05-09	Balanced	2.4226
2012-05-09	HighGrowth	2.7795
2012-05-09	Cash	1.8835
2012-05-08	CoreStrategy	0.928897541
2012-05-08	CapitalStable	2.241
2012-05-08	Balanced	2.4275
2012-05-08	HighGrowth	2.7919
2012-05-08	Cash	1.8833
2012-05-07	CoreStrategy	0.93332396
2012-05-07	CapitalStable	2.241
2012-05-07	Balanced	2.4275
2012-05-07	HighGrowth	2.7919
2012-05-07	Cash	1.8833
2012-05-04	CoreStrategy	0.93332396
2012-05-04	CapitalStable	2.2347
2012-05-04	Balanced	2.4188
2012-05-04	HighGrowth	2.7779
2012-05-04	Cash	1.8827
2012-05-03	CoreStrategy	0.936847396
2012-05-03	CapitalStable	2.2347
2012-05-03	Balanced	2.4188
2012-05-03	HighGrowth	2.7779
2012-05-03	Cash	1.8827
2012-05-02	CoreStrategy	0.936847396
2012-05-02	CapitalStable	2.2339
2012-05-02	Balanced	2.4171
2012-05-02	HighGrowth	2.7745
2012-05-02	Cash	1.8823
2012-04-30	CoreStrategy	0.932729321
2012-04-30	CapitalStable	2.2293
2012-04-30	Balanced	2.4104
2012-04-30	HighGrowth	2.7627
2012-04-30	Cash	1.8818
2012-04-27	CoreStrategy	0.931496097
2012-04-27	CapitalStable	2.2293
2012-04-27	Balanced	2.4104
2012-04-27	HighGrowth	2.7627
2012-04-27	Cash	1.8818
2012-04-25	CoreStrategy	0.928060422
2012-04-25	CapitalStable	2.229
2012-04-25	Balanced	2.4114
2012-04-25	HighGrowth	2.767
2012-04-25	Cash	1.881
2012-04-24	CoreStrategy	0.928060422
2012-04-24	CapitalStable	2.2257
2012-04-24	Balanced	2.4063
2012-04-24	HighGrowth	2.758
2012-04-24	Cash	1.8808
2012-04-20	CoreStrategy	0.929011139
2012-04-20	CapitalStable	2.2257
2012-04-20	Balanced	2.4063
2012-04-20	HighGrowth	2.758
2012-04-20	Cash	1.8808
2012-04-18	CoreStrategy	0.926373234
2012-04-18	CapitalStable	2.2242
2012-04-18	Balanced	2.4044
2012-04-18	HighGrowth	2.7548
2012-04-18	Cash	1.8797
2012-04-17	CoreStrategy	0.926373234
2012-04-17	CapitalStable	2.2207
2012-04-17	Balanced	2.3991
2012-04-17	HighGrowth	2.7461
2012-04-17	Cash	1.8794
2012-04-16	CoreStrategy	0.925558366
2012-04-16	CapitalStable	2.2207
2012-04-16	Balanced	2.3991
2012-04-16	HighGrowth	2.7461
2012-04-16	Cash	1.8794
2012-04-13	CoreStrategy	0.925558366
2012-04-13	CapitalStable	2.2243
2012-04-13	Balanced	2.4072
2012-04-13	HighGrowth	2.765
2012-04-13	Cash	1.8782
2012-04-12	CoreStrategy	0.922618148
2012-04-12	CapitalStable	2.2243
2012-04-12	Balanced	2.4072
2012-04-12	HighGrowth	2.765
2012-04-12	Cash	1.8782
2012-04-11	CoreStrategy	0.922618148
2012-04-11	CapitalStable	2.2273
2012-04-11	Balanced	2.4142
2012-04-11	HighGrowth	2.7821
2012-04-11	Cash	1.8778
2012-04-06	CoreStrategy	0.928179479
2012-04-06	CapitalStable	2.2273
2012-04-06	Balanced	2.4142
2012-04-06	HighGrowth	2.7821
2012-04-06	Cash	1.8778
2012-04-05	CoreStrategy	0.928179479
2012-04-05	CapitalStable	2.2253
2012-04-05	Balanced	2.4123
2012-04-05	HighGrowth	2.7804
2012-04-05	Cash	1.8771
2012-04-04	CoreStrategy	0.932744648
2012-04-04	CapitalStable	2.2253
2012-04-04	Balanced	2.4123
2012-04-04	HighGrowth	2.7804
2012-04-04	Cash	1.8771
2012-04-03	CoreStrategy	0.932744648
2012-04-03	CapitalStable	2.2218
2012-04-03	Balanced	2.4065
2012-04-03	HighGrowth	2.7695
2012-04-03	Cash	1.8763
2012-03-31	CoreStrategy	0.931902571
2012-03-31	CapitalStable	2.2218
2012-03-31	Balanced	2.4065
2012-03-31	HighGrowth	2.7695
2012-03-31	Cash	1.8763
2012-03-30	CoreStrategy	0.928847261
2012-03-30	CapitalStable	2.2218
2012-03-30	Balanced	2.4065
2012-03-30	HighGrowth	2.7695
2012-03-30	Cash	1.8763
2012-03-28	CoreStrategy	0.928847261
2012-03-28	CapitalStable	2.2164
2012-03-28	Balanced	2.3984
2012-03-28	HighGrowth	2.7549
2012-03-28	Cash	1.8755
2012-03-27	CoreStrategy	0.928847261
2012-03-27	CapitalStable	2.2171
2012-03-27	Balanced	2.3989
2012-03-27	HighGrowth	2.7552
2012-03-27	Cash	1.8749
2012-03-23	CoreStrategy	0.924698681
2012-03-23	CapitalStable	2.2171
2012-03-23	Balanced	2.3989
2012-03-23	HighGrowth	2.7552
2012-03-23	Cash	1.8749
2012-03-21	CoreStrategy	0.925127239
2012-03-21	CapitalStable	2.2155
2012-03-21	Balanced	2.3968
2012-03-21	HighGrowth	2.7517
2012-03-21	Cash	1.8741
2012-03-20	CoreStrategy	0.925127239
2012-03-20	CapitalStable	2.2145
2012-03-20	Balanced	2.3923
2012-03-20	HighGrowth	2.7385
2012-03-20	Cash	1.8734
2012-03-16	CoreStrategy	0.924342569
2012-03-16	CapitalStable	2.2145
2012-03-16	Balanced	2.3923
2012-03-16	HighGrowth	2.7385
2012-03-16	Cash	1.8734
2012-03-14	CoreStrategy	0.920993736
2012-03-14	CapitalStable	2.207
2012-03-14	Balanced	2.3802
2012-03-14	HighGrowth	2.7153
2012-03-14	Cash	1.8728
2012-03-13	CoreStrategy	0.920993736
2012-03-13	CapitalStable	2.203
2012-03-13	Balanced	2.3763
2012-03-13	HighGrowth	2.7115
2012-03-13	Cash	1.8722
2012-03-09	CoreStrategy	0.914582708
2012-03-09	CapitalStable	2.203
2012-03-09	Balanced	2.3763
2012-03-09	HighGrowth	2.7115
2012-03-09	Cash	1.8722
2012-03-07	CoreStrategy	0.908931854
2012-03-07	CapitalStable	2.2023
2012-03-07	Balanced	2.3757
2012-03-07	HighGrowth	2.7107
2012-03-07	Cash	1.8714
2012-03-06	CoreStrategy	0.908931854
2012-03-06	CapitalStable	2.2009
2012-03-06	Balanced	2.3744
2012-03-06	HighGrowth	2.7091
2012-03-06	Cash	1.8709
2012-03-02	CoreStrategy	0.913526312
2012-03-02	CapitalStable	2.1986
2012-03-02	Balanced	2.3722
2012-03-02	HighGrowth	2.7075
2012-03-02	Cash	1.8707
2012-02-29	CoreStrategy	0.913222508
2012-02-29	CapitalStable	2.1978
2012-02-29	Balanced	2.3727
2012-02-29	HighGrowth	2.7113
2012-02-29	Cash	1.8699
2012-02-28	CoreStrategy	0.912217064
2012-02-28	CapitalStable	2.1958
2012-02-28	Balanced	2.369
2012-02-28	HighGrowth	2.7037
2012-02-28	Cash	1.8694
2012-02-24	CoreStrategy	0.912943772
2012-02-24	CapitalStable	2.1958
2012-02-24	Balanced	2.369
2012-02-24	HighGrowth	2.7037
2012-02-24	Cash	1.8694
2012-02-22	CoreStrategy	0.910956458
2012-02-22	CapitalStable	2.1892
2012-02-22	Balanced	2.3576
2012-02-22	HighGrowth	2.6812
2012-02-22	Cash	1.8686
2012-02-21	CoreStrategy	0.910956458
2012-02-21	CapitalStable	2.1885
2012-02-21	Balanced	2.3562
2012-02-21	HighGrowth	2.6777
2012-02-21	Cash	1.8679
2012-02-17	CoreStrategy	0.904458478
2012-02-17	CapitalStable	2.1885
2012-02-17	Balanced	2.3562
2012-02-17	HighGrowth	2.6777
2012-02-17	Cash	1.8679
2012-02-15	CoreStrategy	0.903878443
2012-02-15	CapitalStable	2.1855
2012-02-15	Balanced	2.3531
2012-02-15	HighGrowth	2.6743
2012-02-15	Cash	1.8672
2012-02-14	CoreStrategy	0.903878443
2012-02-14	CapitalStable	2.1841
2012-02-14	Balanced	2.3514
2012-02-14	HighGrowth	2.6718
2012-02-14	Cash	1.8669
2012-02-10	CoreStrategy	0.902583368
2012-02-10	CapitalStable	2.1841
2012-02-10	Balanced	2.3514
2012-02-10	HighGrowth	2.6718
2012-02-10	Cash	1.8669
2012-02-08	CoreStrategy	0.902251585
2012-02-08	CapitalStable	2.1822
2012-02-08	Balanced	2.3483
2012-02-08	HighGrowth	2.6664
2012-02-08	Cash	1.8661
2012-02-07	CoreStrategy	0.902251585
2012-02-07	CapitalStable	2.1763
2012-02-07	Balanced	2.3396
2012-02-07	HighGrowth	2.6507
2012-02-07	Cash	1.8656
2012-02-03	CoreStrategy	0.900777238
2012-02-03	CapitalStable	2.1763
2012-02-03	Balanced	2.3396
2012-02-03	HighGrowth	2.6507
2012-02-03	Cash	1.8656
2012-02-01	CoreStrategy	0.896001097
2012-02-01	CapitalStable	2.1756
2012-02-01	Balanced	2.3411
2012-02-01	HighGrowth	2.6578
2012-02-01	Cash	1.8647
2012-01-31	CoreStrategy	0.896001097
2012-01-31	CapitalStable	2.1725
2012-01-31	Balanced	2.3372
2012-01-31	HighGrowth	2.6524
2012-01-31	Cash	1.8641
2012-01-30	CoreStrategy	0.897601196
2012-01-30	CapitalStable	2.1725
2012-01-30	Balanced	2.3372
2012-01-30	HighGrowth	2.6524
2012-01-30	Cash	1.8641
2012-01-27	CoreStrategy	0.897601196
2012-01-27	CapitalStable	2.1714
2012-01-27	Balanced	2.3365
2012-01-27	HighGrowth	2.6526
2012-01-27	Cash	1.8634
2012-01-25	CoreStrategy	0.895251941
2012-01-25	CapitalStable	2.1714
2012-01-25	Balanced	2.3365
2012-01-25	HighGrowth	2.6526
2012-01-25	Cash	1.8634
2012-01-24	CoreStrategy	0.895251941
2012-01-24	CapitalStable	2.1653
2012-01-24	Balanced	2.3263
2012-01-24	HighGrowth	2.6326
2012-01-24	Cash	1.863
2012-01-20	CoreStrategy	0.89520498
2012-01-20	CapitalStable	2.1653
2012-01-20	Balanced	2.3263
2012-01-20	HighGrowth	2.6326
2012-01-20	Cash	1.863
2012-01-18	CoreStrategy	0.889611797
2012-01-18	CapitalStable	2.1641
2012-01-18	Balanced	2.3251
2012-01-18	HighGrowth	2.6319
2012-01-18	Cash	1.8623
2012-01-17	CoreStrategy	0.889611797
2012-01-17	CapitalStable	2.1601
2012-01-17	Balanced	2.3199
2012-01-17	HighGrowth	2.6239
2012-01-17	Cash	1.8616
2012-01-16	CoreStrategy	0.888331644
2012-01-16	CapitalStable	2.1601
2012-01-16	Balanced	2.3199
2012-01-16	HighGrowth	2.6239
2012-01-16	Cash	1.8616
2012-01-13	CoreStrategy	0.888331644
2012-01-13	CapitalStable	2.1555
2012-01-13	Balanced	2.3121
2012-01-13	HighGrowth	2.609
2012-01-13	Cash	1.861
2012-01-11	CoreStrategy	0.885771483
2012-01-11	CapitalStable	2.1555
2012-01-11	Balanced	2.3121
2012-01-11	HighGrowth	2.609
2012-01-11	Cash	1.861
2012-01-10	CoreStrategy	0.885771483
2012-01-10	CapitalStable	2.1557
2012-01-10	Balanced	2.315
2012-01-10	HighGrowth	2.6181
2012-01-10	Cash	1.8606
2012-01-09	CoreStrategy	0.881258996
2012-01-09	CapitalStable	2.1557
2012-01-09	Balanced	2.315
2012-01-09	HighGrowth	2.6181
2012-01-09	Cash	1.8606
2012-01-06	CoreStrategy	0.881258996
2012-01-06	CapitalStable	2.1489
2012-01-06	Balanced	2.3018
2012-01-06	HighGrowth	2.5902
2012-01-06	Cash	1.8597
2012-01-04	CoreStrategy	0.884161102
2012-01-04	CapitalStable	2.1511
2012-01-04	Balanced	2.308
2012-01-04	HighGrowth	2.6062
2012-01-04	Cash	1.8584
2011-12-31	CoreStrategy	0.876085688
2011-12-31	CapitalStable	2.1511
2011-12-31	Balanced	2.308
2011-12-31	HighGrowth	2.6062
2011-12-31	Cash	1.8584
2011-12-30	CoreStrategy	0.880106362
2011-12-30	CapitalStable	2.1511
2011-12-30	Balanced	2.308
2011-12-30	HighGrowth	2.6062
2011-12-30	Cash	1.8584
2011-12-27	CoreStrategy	0.880106362
2011-12-27	CapitalStable	2.1445
2011-12-27	Balanced	2.2961
2011-12-27	HighGrowth	2.5821
2011-12-27	Cash	1.8577
2011-12-26	CoreStrategy	0.872933551
2011-12-26	CapitalStable	2.1445
2011-12-26	Balanced	2.2961
2011-12-26	HighGrowth	2.5821
2011-12-26	Cash	1.8577
2011-12-21	CoreStrategy	0.872933551
2011-12-21	CapitalStable	2.1457
2011-12-21	Balanced	2.3002
2011-12-21	HighGrowth	2.5926
2011-12-21	Cash	1.8569
2011-12-20	CoreStrategy	0.872933551
2011-12-20	CapitalStable	2.1471
2011-12-20	Balanced	2.3039
2011-12-20	HighGrowth	2.6016
2011-12-20	Cash	1.8563
2011-12-19	CoreStrategy	0.876029921
2011-12-19	CapitalStable	2.1471
2011-12-19	Balanced	2.3039
2011-12-19	HighGrowth	2.6016
2011-12-19	Cash	1.8563
2011-12-16	CoreStrategy	0.876029921
2011-12-16	CapitalStable	2.1502
2011-12-16	Balanced	2.3109
2011-12-16	HighGrowth	2.6182
2011-12-16	Cash	1.8555
2011-12-14	CoreStrategy	0.878820706
2011-12-14	CapitalStable	2.1502
2011-12-14	Balanced	2.3109
2011-12-14	HighGrowth	2.6182
2011-12-14	Cash	1.8555
2011-12-13	CoreStrategy	0.878820706
2011-12-13	CapitalStable	2.1532
2011-12-13	Balanced	2.3157
2011-12-13	HighGrowth	2.6281
2011-12-13	Cash	1.855
2011-12-12	CoreStrategy	0.883412982
2011-12-12	CapitalStable	2.1532
2011-12-12	Balanced	2.3157
2011-12-12	HighGrowth	2.6281
2011-12-12	Cash	1.855
2011-12-09	CoreStrategy	0.883412982
2011-12-09	CapitalStable	2.1502
2011-12-09	Balanced	2.3125
2011-12-09	HighGrowth	2.6244
2011-12-09	Cash	1.854
2011-12-07	CoreStrategy	0.886497678
2011-12-07	CapitalStable	2.1502
2011-12-07	Balanced	2.3125
2011-12-07	HighGrowth	2.6244
2011-12-07	Cash	1.854
2011-12-06	CoreStrategy	0.886497678
2011-12-06	CapitalStable	2.1413
2011-12-06	Balanced	2.2978
2011-12-06	HighGrowth	2.5976
2011-12-06	Cash	1.8535
2011-12-05	CoreStrategy	0.885476687
2011-12-05	CapitalStable	2.1413
2011-12-05	Balanced	2.2978
2011-12-05	HighGrowth	2.5976
2011-12-05	Cash	1.8535
2011-12-02	CoreStrategy	0.885476687
2011-12-02	CapitalStable	2.1288
2011-12-02	Balanced	2.2758
2011-12-02	HighGrowth	2.5538
2011-12-02	Cash	1.8527
2011-11-30	CoreStrategy	0.877231794
2011-11-30	CapitalStable	2.1288
2011-11-30	Balanced	2.2758
2011-11-30	HighGrowth	2.5538
2011-11-30	Cash	1.8527
2011-11-28	CoreStrategy	0.862929367
2011-11-28	CapitalStable	2.1371
2011-11-28	Balanced	2.2923
2011-11-28	HighGrowth	2.5893
2011-11-28	Cash	1.8524
2011-11-25	CoreStrategy	0.862929367
2011-11-25	CapitalStable	2.1409
2011-11-25	Balanced	2.2983
2011-11-25	HighGrowth	2.6003
2011-11-25	Cash	1.8516
2011-11-23	CoreStrategy	0.872971356
2011-11-23	CapitalStable	2.1409
2011-11-23	Balanced	2.2983
2011-11-23	HighGrowth	2.6003
2011-11-23	Cash	1.8516
2011-11-22	CoreStrategy	0.872971356
2011-11-22	CapitalStable	2.1474
2011-11-22	Balanced	2.3122
2011-11-22	HighGrowth	2.6315
2011-11-22	Cash	1.8508
2011-11-21	CoreStrategy	0.877287875
2011-11-21	CapitalStable	2.1474
2011-11-21	Balanced	2.3122
2011-11-21	HighGrowth	2.6315
2011-11-21	Cash	1.8508
2011-11-18	CoreStrategy	0.877287875
2011-11-18	CapitalStable	2.1472
2011-11-18	Balanced	2.3131
2011-11-18	HighGrowth	2.6349
2011-11-18	Cash	1.8501
2011-11-16	CoreStrategy	0.886093057
2011-11-16	CapitalStable	2.1472
2011-11-16	Balanced	2.3131
2011-11-16	HighGrowth	2.6349
2011-11-16	Cash	1.8501
2011-11-15	CoreStrategy	0.886093057
2011-11-15	CapitalStable	2.1472
2011-11-15	Balanced	2.3124
2011-11-15	HighGrowth	2.6325
2011-11-15	Cash	1.8495
2011-11-14	CoreStrategy	0.8872103
2011-11-14	CapitalStable	2.1472
2011-11-14	Balanced	2.3124
2011-11-14	HighGrowth	2.6325
2011-11-14	Cash	1.8495
2011-11-11	CoreStrategy	0.8872103
2011-11-11	CapitalStable	2.1403
2011-11-11	Balanced	2.3028
2011-11-11	HighGrowth	2.6163
2011-11-11	Cash	1.8487
2011-11-09	CoreStrategy	0.886482201
2011-11-09	CapitalStable	2.1403
2011-11-09	Balanced	2.3028
2011-11-09	HighGrowth	2.6163
2011-11-09	Cash	1.8487
2011-11-08	CoreStrategy	0.886482201
2011-11-08	CapitalStable	2.134
2011-11-08	Balanced	2.2908
2011-11-08	HighGrowth	2.5913
2011-11-08	Cash	1.8484
2011-11-07	CoreStrategy	0.88176708
2011-11-07	CapitalStable	2.134
2011-11-07	Balanced	2.2908
2011-11-07	HighGrowth	2.5913
2011-11-07	Cash	1.8484
2011-11-04	CoreStrategy	0.88176708
2011-11-04	CapitalStable	2.1349
2011-11-04	Balanced	2.296
2011-11-04	HighGrowth	2.6061
2011-11-04	Cash	1.8477
2011-11-03	CoreStrategy	0.874791298
2011-11-03	CapitalStable	2.1349
2011-11-03	Balanced	2.296
2011-11-03	HighGrowth	2.6061
2011-11-03	Cash	1.8477
2011-11-02	CoreStrategy	0.874791298
2011-11-02	CapitalStable	2.1272
2011-11-02	Balanced	2.2863
2011-11-02	HighGrowth	2.5924
2011-11-02	Cash	1.846
2011-10-31	CoreStrategy	0.880138738
2011-10-31	CapitalStable	2.1272
2011-10-31	Balanced	2.2863
2011-10-31	HighGrowth	2.5924
2011-10-31	Cash	1.846
2011-10-26	CoreStrategy	0.874825731
2011-10-26	CapitalStable	2.1229
2011-10-26	Balanced	2.2801
2011-10-26	HighGrowth	2.5821
2011-10-26	Cash	1.8451
2011-10-25	CoreStrategy	0.874825731
2011-10-25	CapitalStable	2.1281
2011-10-25	Balanced	2.2855
2011-10-25	HighGrowth	2.5876
2011-10-25	Cash	1.8447
2011-10-24	CoreStrategy	0.870870068
2011-10-24	CapitalStable	2.1281
2011-10-24	Balanced	2.2855
2011-10-24	HighGrowth	2.5876
2011-10-24	Cash	1.8447
2011-10-21	CoreStrategy	0.870870068
2011-10-21	CapitalStable	2.1272
2011-10-21	Balanced	2.2854
2011-10-21	HighGrowth	2.5897
2011-10-21	Cash	1.8437
2011-10-19	CoreStrategy	0.872905529
2011-10-19	CapitalStable	2.1272
2011-10-19	Balanced	2.2854
2011-10-19	HighGrowth	2.5897
2011-10-19	Cash	1.8437
2011-10-18	CoreStrategy	0.872905529
2011-10-18	CapitalStable	2.1312
2011-10-18	Balanced	2.2915
2011-10-18	HighGrowth	2.601
2011-10-18	Cash	1.8432
2011-10-17	CoreStrategy	0.873621846
2011-10-17	CapitalStable	2.1312
2011-10-17	Balanced	2.2915
2011-10-17	HighGrowth	2.601
2011-10-17	Cash	1.8432
2011-10-14	CoreStrategy	0.873621846
2011-10-14	CapitalStable	2.1278
2011-10-14	Balanced	2.2824
2011-10-14	HighGrowth	2.5788
2011-10-14	Cash	1.8426
2011-10-12	CoreStrategy	0.875951804
2011-10-12	CapitalStable	2.1278
2011-10-12	Balanced	2.2824
2011-10-12	HighGrowth	2.5788
2011-10-12	Cash	1.8426
2011-10-11	CoreStrategy	0.875951804
2011-10-11	CapitalStable	2.1191
2011-10-11	Balanced	2.2641
2011-10-11	HighGrowth	2.5392
2011-10-11	Cash	1.8422
2011-10-10	CoreStrategy	0.869459006
2011-10-10	CapitalStable	2.1191
2011-10-10	Balanced	2.2641
2011-10-10	HighGrowth	2.5392
2011-10-10	Cash	1.8422
2011-10-07	CoreStrategy	0.869459006
2011-10-07	CapitalStable	2.1182
2011-10-07	Balanced	2.2666
2011-10-07	HighGrowth	2.5497
2011-10-07	Cash	1.8409
2011-10-06	CoreStrategy	0.856880626
2011-10-06	CapitalStable	2.1182
2011-10-06	Balanced	2.2666
2011-10-06	HighGrowth	2.5497
2011-10-06	Cash	1.8409
2011-10-05	CoreStrategy	0.856880626
2011-10-05	CapitalStable	2.1173
2011-10-05	Balanced	2.2677
2011-10-05	HighGrowth	2.555
2011-10-05	Cash	1.8403
2011-10-03	CoreStrategy	0.859176584
2011-10-03	CapitalStable	2.1173
2011-10-03	Balanced	2.2677
2011-10-03	HighGrowth	2.555
2011-10-03	Cash	1.8403
2011-09-30	CoreStrategy	0.859176584
2011-09-30	CapitalStable	2.1097
2011-09-30	Balanced	2.2522
2011-09-30	HighGrowth	2.5211
2011-09-30	Cash	1.8396
2011-09-28	CoreStrategy	0.861385111
2011-09-28	CapitalStable	2.1097
2011-09-28	Balanced	2.2522
2011-09-28	HighGrowth	2.5211
2011-09-28	Cash	1.8396
2011-09-27	CoreStrategy	0.861385111
2011-09-27	CapitalStable	2.1183
2011-09-27	Balanced	2.2675
2011-09-27	HighGrowth	2.5521
2011-09-27	Cash	1.8392
2011-09-26	CoreStrategy	0.851464609
2011-09-26	CapitalStable	2.1183
2011-09-26	Balanced	2.2675
2011-09-26	HighGrowth	2.5521
2011-09-26	Cash	1.8392
2011-09-23	CoreStrategy	0.851464609
2011-09-23	CapitalStable	2.1245
2011-09-23	Balanced	2.2791
2011-09-23	HighGrowth	2.5762
2011-09-23	Cash	1.8384
2011-09-21	CoreStrategy	0.861175884
2011-09-21	CapitalStable	2.1245
2011-09-21	Balanced	2.2791
2011-09-21	HighGrowth	2.5762
2011-09-21	Cash	1.8384
2011-09-20	CoreStrategy	0.861175884
2011-09-20	CapitalStable	2.1208
2011-09-20	Balanced	2.267
2011-09-20	HighGrowth	2.5447
2011-09-20	Cash	1.8377
2011-09-19	CoreStrategy	0.867909324
2011-09-19	CapitalStable	2.1208
2011-09-19	Balanced	2.267
2011-09-19	HighGrowth	2.5447
2011-09-19	Cash	1.8377
2011-09-16	CoreStrategy	0.867909324
2011-09-16	CapitalStable	2.1262
2011-09-16	Balanced	2.2745
2011-09-16	HighGrowth	2.557
2011-09-16	Cash	1.8366
2011-09-14	CoreStrategy	0.859247331
2011-09-14	CapitalStable	2.1262
2011-09-14	Balanced	2.2745
2011-09-14	HighGrowth	2.557
2011-09-14	Cash	1.8366
2011-09-13	CoreStrategy	0.859247331
2011-09-13	CapitalStable	2.1227
2011-09-13	Balanced	2.2672
2011-09-13	HighGrowth	2.5415
2011-09-13	Cash	1.8363
2011-09-12	CoreStrategy	0.862686848
2011-09-12	CapitalStable	2.1227
2011-09-12	Balanced	2.2672
2011-09-12	HighGrowth	2.5415
2011-09-12	Cash	1.8363
2011-09-09	CoreStrategy	0.862686848
2011-09-09	CapitalStable	2.1279
2011-09-09	Balanced	2.2816
2011-09-09	HighGrowth	2.5776
2011-09-09	Cash	1.8354
2011-09-07	CoreStrategy	0.858478121
2011-09-07	CapitalStable	2.1279
2011-09-07	Balanced	2.2816
2011-09-07	HighGrowth	2.5776
2011-09-07	Cash	1.8354
2011-09-06	CoreStrategy	0.858478121
2011-09-06	CapitalStable	2.1312
2011-09-06	Balanced	2.2913
2011-09-06	HighGrowth	2.603
2011-09-06	Cash	1.8349
2011-09-05	CoreStrategy	0.8682506
2011-09-05	CapitalStable	2.1312
2011-09-05	Balanced	2.2913
2011-09-05	HighGrowth	2.603
2011-09-05	Cash	1.8349
2011-09-02	CoreStrategy	0.8682506
2011-09-02	CapitalStable	2.1217
2011-09-02	Balanced	2.2736
2011-09-02	HighGrowth	2.566
2011-09-02	Cash	1.8336
2011-08-31	CoreStrategy	0.87547947
2011-08-31	CapitalStable	2.1217
2011-08-31	Balanced	2.2736
2011-08-31	HighGrowth	2.566
2011-08-31	Cash	1.8336
2011-08-29	CoreStrategy	0.864447531
2011-08-29	CapitalStable	2.1216
2011-08-29	Balanced	2.2721
2011-08-29	HighGrowth	2.5614
2011-08-29	Cash	1.8331
2011-08-26	CoreStrategy	0.864447531
2011-08-26	CapitalStable	2.116
2011-08-26	Balanced	2.2602
2011-08-26	HighGrowth	2.5348
2011-08-26	Cash	1.833
2011-08-24	CoreStrategy	0.863213362
2011-08-24	CapitalStable	2.116
2011-08-24	Balanced	2.2602
2011-08-24	HighGrowth	2.5348
2011-08-24	Cash	1.833
2011-08-23	CoreStrategy	0.863213362
2011-08-23	CapitalStable	2.1267
2011-08-23	Balanced	2.2854
2011-08-23	HighGrowth	2.595
2011-08-23	Cash	1.8324
2011-08-20	CoreStrategy	0.855845255
2011-08-20	CapitalStable	2.1267
2011-08-20	Balanced	2.2854
2011-08-20	HighGrowth	2.595
2011-08-20	Cash	1.8324
2011-08-19	CoreStrategy	0.855845255
2011-08-19	CapitalStable	2.122
2011-08-19	Balanced	2.2781
2011-08-19	HighGrowth	2.5823
2011-08-19	Cash	1.8317
2011-08-17	CoreStrategy	0.873323548
2011-08-17	CapitalStable	2.122
2011-08-17	Balanced	2.2781
2011-08-17	HighGrowth	2.5823
2011-08-17	Cash	1.8317
2011-08-16	CoreStrategy	0.873323548
2011-08-16	CapitalStable	2.1155
2011-08-16	Balanced	2.2656
2011-08-16	HighGrowth	2.5555
2011-08-16	Cash	1.8312
2011-08-15	CoreStrategy	0.869689547
2011-08-15	CapitalStable	2.1155
2011-08-15	Balanced	2.2656
2011-08-15	HighGrowth	2.5555
2011-08-15	Cash	1.8312
2011-08-12	CoreStrategy	0.869689547
2011-08-12	CapitalStable	2.1213
2011-08-12	Balanced	2.2748
2011-08-12	HighGrowth	2.5725
2011-08-12	Cash	1.8303
2011-08-10	CoreStrategy	0.862774543
2011-08-10	CapitalStable	2.1213
2011-08-10	Balanced	2.2748
2011-08-10	HighGrowth	2.5725
2011-08-10	Cash	1.8303
2011-08-09	CoreStrategy	0.862774543
2011-08-09	CapitalStable	2.1321
2011-08-09	Balanced	2.3005
2011-08-09	HighGrowth	2.6336
2011-08-09	Cash	1.8298
2011-08-08	CoreStrategy	0.868475382
2011-08-08	CapitalStable	2.1321
2011-08-08	Balanced	2.3005
2011-08-08	HighGrowth	2.6336
2011-08-08	Cash	1.8298
2011-08-05	CoreStrategy	0.868475382
2011-08-05	CapitalStable	2.1326
2011-08-05	Balanced	2.3075
2011-08-05	HighGrowth	2.6575
2011-08-05	Cash	1.8289
2011-08-04	CoreStrategy	0.885430603
2011-08-04	CapitalStable	2.1326
2011-08-04	Balanced	2.3075
2011-08-04	HighGrowth	2.6575
2011-08-04	Cash	1.8289
2011-08-03	CoreStrategy	0.885430603
2011-08-03	CapitalStable	2.1415
2011-08-03	Balanced	2.327
2011-08-03	HighGrowth	2.7017
2011-08-03	Cash	1.8279
2011-08-01	CoreStrategy	0.892218883
2011-08-01	CapitalStable	2.1415
2011-08-01	Balanced	2.327
2011-08-01	HighGrowth	2.7017
2011-08-01	Cash	1.8279
2011-07-31	CoreStrategy	0.892218883
2011-07-31	CapitalStable	2.1436
2011-07-31	Balanced	2.3317
2011-07-31	HighGrowth	2.7128
2011-07-31	Cash	1.827
2011-07-27	CoreStrategy	0.904306102
2011-07-27	CapitalStable	2.1436
2011-07-27	Balanced	2.3317
2011-07-27	HighGrowth	2.7128
2011-07-27	Cash	1.827
2011-07-26	CoreStrategy	0.904306102
2011-07-26	CapitalStable	2.141
2011-07-26	Balanced	2.3244
2011-07-26	HighGrowth	2.6941
2011-07-26	Cash	1.8264
2011-07-25	CoreStrategy	0.907430476
2011-07-25	CapitalStable	2.141
2011-07-25	Balanced	2.3244
2011-07-25	HighGrowth	2.6941
2011-07-25	Cash	1.8264
2011-07-22	CoreStrategy	0.907430476
2011-07-22	CapitalStable	2.1408
2011-07-22	Balanced	2.3255
2011-07-22	HighGrowth	2.6982
2011-07-22	Cash	1.8253
2011-07-20	CoreStrategy	0.901587757
2011-07-20	CapitalStable	2.1408
2011-07-20	Balanced	2.3255
2011-07-20	HighGrowth	2.6982
2011-07-20	Cash	1.8253
2011-07-19	CoreStrategy	0.901587757
2011-07-19	CapitalStable	2.142
2011-07-19	Balanced	2.3279
2011-07-19	HighGrowth	2.7037
2011-07-19	Cash	1.8246
2011-07-18	CoreStrategy	0.902448305
2011-07-18	CapitalStable	2.142
2011-07-18	Balanced	2.3279
2011-07-18	HighGrowth	2.7037
2011-07-18	Cash	1.8246
2011-07-15	CoreStrategy	0.902448305
2011-07-15	CapitalStable	2.1496
2011-07-15	Balanced	2.3448
2011-07-15	HighGrowth	2.7436
2011-07-15	Cash	1.8238
2011-07-13	CoreStrategy	0.903685085
2011-07-13	CapitalStable	2.1496
2011-07-13	Balanced	2.3448
2011-07-13	HighGrowth	2.7436
2011-07-13	Cash	1.8238
2011-07-12	CoreStrategy	0.903685085
2011-07-12	CapitalStable	2.1476
2011-07-12	Balanced	2.3422
2011-07-12	HighGrowth	2.7395
2011-07-12	Cash	1.8232
2011-07-11	CoreStrategy	0.914399907
2011-07-11	CapitalStable	2.1476
2011-07-11	Balanced	2.3422
2011-07-11	HighGrowth	2.7395
2011-07-11	Cash	1.8232
2011-07-08	CoreStrategy	0.914399907
2011-07-08	CapitalStable	2.1431
2011-07-08	Balanced	2.336
2011-07-08	HighGrowth	2.7291
2011-07-08	Cash	1.8222
2011-07-06	CoreStrategy	0.913339698
2011-07-06	CapitalStable	2.1431
2011-07-06	Balanced	2.336
2011-07-06	HighGrowth	2.7291
2011-07-06	Cash	1.8222
2011-07-05	CoreStrategy	0.913339698
2011-07-05	CapitalStable	2.1357
2011-07-05	Balanced	2.3216
2011-07-05	HighGrowth	2.6978
2011-07-05	Cash	1.8217
2011-07-02	CoreStrategy	0.909859408
2011-07-02	CapitalStable	2.1357
2011-07-02	Balanced	2.3216
2011-07-02	HighGrowth	2.6978
2011-07-02	Cash	1.8217
2011-06-30	CoreStrategy	0.909859408
2011-06-30	CapitalStable	2.1431
2011-06-30	Balanced	2.336
2011-06-30	HighGrowth	2.7291
2011-06-30	Cash	1.8222
2011-06-29	CoreStrategy	0.901281679
2011-06-29	CapitalStable	2.1353
2011-06-29	Balanced	2.3198
2011-06-29	HighGrowth	2.6927
2011-06-29	Cash	1.8209
2011-06-28	CoreStrategy	0.901281679
2011-06-28	CapitalStable	2.131
2011-06-28	Balanced	2.3151
2011-06-28	HighGrowth	2.6874
2011-06-28	Cash	1.82
2011-06-27	CoreStrategy	0.899511705
2011-06-27	CapitalStable	2.131
2011-06-27	Balanced	2.3151
2011-06-27	HighGrowth	2.6874
2011-06-27	Cash	1.82
2011-06-24	CoreStrategy	0.899511705
2011-06-24	CapitalStable	2.1266
2011-06-24	Balanced	2.3075
2011-06-24	HighGrowth	2.6722
2011-06-24	Cash	1.8194
2011-06-22	CoreStrategy	0.89914908
2011-06-22	CapitalStable	2.1266
2011-06-22	Balanced	2.3075
2011-06-22	HighGrowth	2.6722
2011-06-22	Cash	1.8194
2011-06-21	CoreStrategy	0.89914908
2011-06-21	CapitalStable	2.1312
2011-06-21	Balanced	2.3179
2011-06-21	HighGrowth	2.6968
2011-06-21	Cash	1.8188
2011-06-20	CoreStrategy	0.894611037
2011-06-20	CapitalStable	2.1312
2011-06-20	Balanced	2.3179
2011-06-20	HighGrowth	2.6968
2011-06-20	Cash	1.8188
2011-06-17	CoreStrategy	0.894611037
2011-06-17	CapitalStable	2.1299
2011-06-17	Balanced	2.3166
2011-06-17	HighGrowth	2.6959
2011-06-17	Cash	1.8172
2011-06-14	CoreStrategy	0.901313331
2011-06-14	CapitalStable	2.1299
2011-06-14	Balanced	2.3166
2011-06-14	HighGrowth	2.6959
2011-06-14	Cash	1.8172
2011-06-13	CoreStrategy	0.900887744
2011-06-13	CapitalStable	2.1299
2011-06-13	Balanced	2.3166
2011-06-13	HighGrowth	2.6959
2011-06-13	Cash	1.8172
2011-06-07	CoreStrategy	0.900887744
2011-06-07	CapitalStable	2.1402
2011-06-07	Balanced	2.3366
2011-06-07	HighGrowth	2.7399
2011-06-07	Cash	1.8156
2011-06-06	CoreStrategy	0.912974633
2011-06-06	CapitalStable	2.1402
2011-06-06	Balanced	2.3366
2011-06-06	HighGrowth	2.7399
2011-06-06	Cash	1.8156
2011-06-01	CoreStrategy	0.912974633
2011-06-01	CapitalStable	2.1343
2011-06-01	Balanced	2.3279
2011-06-01	HighGrowth	2.7243
2011-06-01	Cash	1.8148
2011-05-31	CoreStrategy	0.912974633
2011-05-31	CapitalStable	2.1374
2011-05-31	Balanced	2.3307
2011-05-31	HighGrowth	2.7345
2011-05-31	Cash	1.8133
2011-05-27	CoreStrategy	0.908480563
2011-05-27	CapitalStable	2.1374
2011-05-27	Balanced	2.3307
2011-05-27	HighGrowth	2.7345
2011-05-27	Cash	1.8133
2011-05-25	CoreStrategy	0.911093594
2011-05-25	CapitalStable	2.1374
2011-05-25	Balanced	2.3307
2011-05-25	HighGrowth	2.7345
2011-05-25	Cash	1.8133
2011-05-20	CoreStrategy	0.911093594
2011-05-20	CapitalStable	2.1351
2011-05-20	Balanced	2.329
2011-05-20	HighGrowth	2.7341
2011-05-20	Cash	1.8117
2011-05-18	CoreStrategy	0.910648804
2011-05-18	CapitalStable	2.1351
2011-05-18	Balanced	2.329
2011-05-18	HighGrowth	2.7341
2011-05-18	Cash	1.8117
2011-05-13	CoreStrategy	0.910648804
2011-05-13	CapitalStable	2.1332
2011-05-13	Balanced	2.3272
2011-05-13	HighGrowth	2.7328
2011-05-13	Cash	1.8103
2011-05-11	CoreStrategy	0.910359724
2011-05-11	CapitalStable	2.1332
2011-05-11	Balanced	2.3272
2011-05-11	HighGrowth	2.7328
2011-05-11	Cash	1.8103
2011-05-06	CoreStrategy	0.910359724
2011-05-06	CapitalStable	2.1332
2011-05-06	Balanced	2.3302
2011-05-06	HighGrowth	2.7431
2011-05-06	Cash	1.809
2011-05-05	CoreStrategy	0.913599377
2011-05-05	CapitalStable	2.1332
2011-05-05	Balanced	2.3302
2011-05-05	HighGrowth	2.7431
2011-05-05	Cash	1.809
2011-05-02	CoreStrategy	0.913599377
2011-05-02	CapitalStable	2.135
2011-05-02	Balanced	2.3342
2011-05-02	HighGrowth	2.7529
2011-05-02	Cash	1.8085
2011-04-30	CoreStrategy	0.913599377
2011-04-30	CapitalStable	2.1294
2011-04-30	Balanced	2.324
2011-04-30	HighGrowth	2.7311
2011-04-30	Cash	1.8069
2011-04-27	CoreStrategy	0.915687622
2011-04-27	CapitalStable	2.1294
2011-04-27	Balanced	2.324
2011-04-27	HighGrowth	2.7311
2011-04-27	Cash	1.8069
2011-04-20	CoreStrategy	0.908217156
2011-04-20	CapitalStable	2.1307
2011-04-20	Balanced	2.3287
2011-04-20	HighGrowth	2.7443
2011-04-20	Cash	1.8059
2011-04-19	CoreStrategy	0.908217156
2011-04-19	CapitalStable	2.1315
2011-04-19	Balanced	2.3326
2011-04-19	HighGrowth	2.756
2011-04-19	Cash	1.8053
2011-04-16	CoreStrategy	0.911718633
2011-04-16	CapitalStable	2.1315
2011-04-16	Balanced	2.3326
2011-04-16	HighGrowth	2.756
2011-04-16	Cash	1.8053
2011-04-15	CoreStrategy	0.911718633
2011-04-15	CapitalStable	2.1343
2011-04-15	Balanced	2.3374
2011-04-15	HighGrowth	2.7658
2011-04-15	Cash	1.8045
2011-04-13	CoreStrategy	0.914092274
2011-04-13	CapitalStable	2.1343
2011-04-13	Balanced	2.3374
2011-04-13	HighGrowth	2.7658
2011-04-13	Cash	1.8045
2011-04-12	CoreStrategy	0.914092274
2011-04-12	CapitalStable	2.1354
2011-04-12	Balanced	2.3387
2011-04-12	HighGrowth	2.7675
2011-04-12	Cash	1.8038
2011-04-09	CoreStrategy	0.917384027
2011-04-09	CapitalStable	2.1354
2011-04-09	Balanced	2.3387
2011-04-09	HighGrowth	2.7675
2011-04-09	Cash	1.8038
2011-04-08	CoreStrategy	0.917384027
2011-04-08	CapitalStable	2.1287
2011-04-08	Balanced	2.3289
2011-04-08	HighGrowth	2.7502
2011-04-08	Cash	1.8027
2011-04-06	CoreStrategy	0.917134243
2011-04-06	CapitalStable	2.1287
2011-04-06	Balanced	2.3289
2011-04-06	HighGrowth	2.7502
2011-04-06	Cash	1.8027
2011-04-05	CoreStrategy	0.917134243
2011-04-05	CapitalStable	2.1244
2011-04-05	Balanced	2.3215
2011-04-05	HighGrowth	2.7351
2011-04-05	Cash	1.802
2011-04-04	CoreStrategy	0.912060442
2011-04-04	CapitalStable	2.1244
2011-04-04	Balanced	2.3215
2011-04-04	HighGrowth	2.7351
2011-04-04	Cash	1.802
2011-03-31	CoreStrategy	0.912060442
2011-03-31	CapitalStable	2.1218
2011-03-31	Balanced	2.3177
2011-03-31	HighGrowth	2.7282
2011-03-31	Cash	1.8012
2011-03-30	CoreStrategy	0.907459512
2011-03-30	CapitalStable	2.1218
2011-03-30	Balanced	2.3177
2011-03-30	HighGrowth	2.7282
2011-03-30	Cash	1.8012
2011-03-29	CoreStrategy	0.907459512
2011-03-29	CapitalStable	2.1185
2011-03-29	Balanced	2.3115
2011-03-29	HighGrowth	2.7147
2011-03-29	Cash	1.8005
2011-03-28	CoreStrategy	0.905501044
2011-03-28	CapitalStable	2.1185
2011-03-28	Balanced	2.3115
2011-03-28	HighGrowth	2.7147
2011-03-28	Cash	1.8005
2011-03-25	CoreStrategy	0.905501044
2011-03-25	CapitalStable	2.1166
2011-03-25	Balanced	2.3081
2011-03-25	HighGrowth	2.7078
2011-03-25	Cash	1.7996
2011-03-23	CoreStrategy	0.900634921
2011-03-23	CapitalStable	2.1166
2011-03-23	Balanced	2.3081
2011-03-23	HighGrowth	2.7078
2011-03-23	Cash	1.7996
2011-03-22	CoreStrategy	0.900634921
2011-03-22	CapitalStable	2.1122
2011-03-22	Balanced	2.3003
2011-03-22	HighGrowth	2.6914
2011-03-22	Cash	1.7989
2011-03-21	CoreStrategy	0.897888339
2011-03-21	CapitalStable	2.1122
2011-03-21	Balanced	2.3003
2011-03-21	HighGrowth	2.6914
2011-03-21	Cash	1.7989
2011-03-18	CoreStrategy	0.897888339
2011-03-18	CapitalStable	2.1165
2011-03-18	Balanced	2.311
2011-03-18	HighGrowth	2.7179
2011-03-18	Cash	1.7979
2011-03-16	CoreStrategy	0.89334225
2011-03-16	CapitalStable	2.1165
2011-03-16	Balanced	2.311
2011-03-16	HighGrowth	2.7179
2011-03-16	Cash	1.7979
2011-03-15	CoreStrategy	0.89334225
2011-03-15	CapitalStable	2.1235
2011-03-15	Balanced	2.3266
2011-03-15	HighGrowth	2.7554
2011-03-15	Cash	1.7973
2011-03-14	CoreStrategy	0.901467393
2011-03-14	CapitalStable	2.1235
2011-03-14	Balanced	2.3266
2011-03-14	HighGrowth	2.7554
2011-03-14	Cash	1.7973
2011-03-11	CoreStrategy	0.901467393
2011-03-11	CapitalStable	2.1233
2011-03-11	Balanced	2.3275
2011-03-11	HighGrowth	2.7595
2011-03-11	Cash	1.7964
2011-03-09	CoreStrategy	0.911664547
2011-03-09	CapitalStable	2.1233
2011-03-09	Balanced	2.3275
2011-03-09	HighGrowth	2.7595
2011-03-09	Cash	1.7964
2011-03-08	CoreStrategy	0.911664547
2011-03-08	CapitalStable	2.1185
2011-03-08	Balanced	2.3178
2011-03-08	HighGrowth	2.7372
2011-03-08	Cash	1.796
2011-03-07	CoreStrategy	0.912942836
2011-03-07	CapitalStable	2.1185
2011-03-07	Balanced	2.3178
2011-03-07	HighGrowth	2.7372
2011-03-07	Cash	1.796
2011-03-04	CoreStrategy	0.912942836
2011-03-04	CapitalStable	2.1208
2011-03-04	Balanced	2.3217
2011-03-04	HighGrowth	2.7453
2011-03-04	Cash	1.7957
2011-03-03	CoreStrategy	0.907326742
2011-03-03	CapitalStable	2.1208
2011-03-03	Balanced	2.3217
2011-03-03	HighGrowth	2.7453
2011-03-03	Cash	1.7957
2011-03-02	CoreStrategy	0.907326742
2011-03-02	CapitalStable	2.1203
2011-03-02	Balanced	2.3235
2011-03-02	HighGrowth	2.753
2011-03-02	Cash	1.7933
2011-02-28	CoreStrategy	0.909683775
2011-02-28	CapitalStable	2.1203
2011-02-28	Balanced	2.3235
2011-02-28	HighGrowth	2.753
2011-02-28	Cash	1.7933
2011-02-23	CoreStrategy	0.910933045
2011-02-23	CapitalStable	2.1233
2011-02-23	Balanced	2.3312
2011-02-23	HighGrowth	2.7725
2011-02-23	Cash	1.7926
2011-02-22	CoreStrategy	0.910933045
2011-02-22	CapitalStable	2.1218
2011-02-22	Balanced	2.3285
2011-02-22	HighGrowth	2.7671
2011-02-22	Cash	1.7919
2011-02-21	CoreStrategy	0.916456007
2011-02-21	CapitalStable	2.1218
2011-02-21	Balanced	2.3285
2011-02-21	HighGrowth	2.7671
2011-02-21	Cash	1.7919
2011-02-18	CoreStrategy	0.916456007
2011-02-18	CapitalStable	2.117
2011-02-18	Balanced	2.3211
2011-02-18	HighGrowth	2.7532
2011-02-18	Cash	1.7911
2011-02-16	CoreStrategy	0.914522788
2011-02-16	CapitalStable	2.117
2011-02-16	Balanced	2.3211
2011-02-16	HighGrowth	2.7532
2011-02-16	Cash	1.7911
2011-02-15	CoreStrategy	0.914522788
2011-02-15	CapitalStable	2.1122
2011-02-15	Balanced	2.3152
2011-02-15	HighGrowth	2.7446
2011-02-15	Cash	1.7905
2011-02-14	CoreStrategy	0.910646996
2011-02-14	CapitalStable	2.1122
2011-02-14	Balanced	2.3152
2011-02-14	HighGrowth	2.7446
2011-02-14	Cash	1.7905
2011-02-11	CoreStrategy	0.910646996
2011-02-11	CapitalStable	2.1086
2011-02-11	Balanced	2.3087
2011-02-11	HighGrowth	2.7306
2011-02-11	Cash	1.7898
2011-02-09	CoreStrategy	0.908465796
2011-02-09	CapitalStable	2.1086
2011-02-09	Balanced	2.3087
2011-02-09	HighGrowth	2.7306
2011-02-09	Cash	1.7898
2011-02-08	CoreStrategy	0.908465796
2011-02-08	CapitalStable	2.1076
2011-02-08	Balanced	2.306
2011-02-08	HighGrowth	2.7237
2011-02-08	Cash	1.7893
2011-02-07	CoreStrategy	0.904684805
2011-02-07	CapitalStable	2.1076
2011-02-07	Balanced	2.306
2011-02-07	HighGrowth	2.7237
2011-02-07	Cash	1.7893
2011-02-04	CoreStrategy	0.904684805
2011-02-04	CapitalStable	2.1051
2011-02-04	Balanced	2.3006
2011-02-04	HighGrowth	2.7111
2011-02-04	Cash	1.7889
2011-02-03	CoreStrategy	0.902509054
2011-02-03	CapitalStable	2.1051
2011-02-03	Balanced	2.3006
2011-02-03	HighGrowth	2.7111
2011-02-03	Cash	1.7889
2011-02-02	CoreStrategy	0.902509054
2011-02-02	CapitalStable	2.1061
2011-02-02	Balanced	2.3043
2011-02-02	HighGrowth	2.7217
2011-02-02	Cash	1.7876
2011-01-31	CoreStrategy	0.898774165
2011-01-31	CapitalStable	2.1061
2011-01-31	Balanced	2.3043
2011-01-31	HighGrowth	2.7217
2011-01-31	Cash	1.7876
2011-01-26	CoreStrategy	0.901675299
2011-01-26	CapitalStable	2.102
2011-01-26	Balanced	2.2983
2011-01-26	HighGrowth	2.7111
2011-01-26	Cash	1.7869
2011-01-25	CoreStrategy	0.901675299
2011-01-25	CapitalStable	2.105
2011-01-25	Balanced	2.3032
2011-01-25	HighGrowth	2.7208
2011-01-25	Cash	1.7863
2011-01-24	CoreStrategy	0.898432948
2011-01-24	CapitalStable	2.105
2011-01-24	Balanced	2.3032
2011-01-24	HighGrowth	2.7208
2011-01-24	Cash	1.7863
2011-01-21	CoreStrategy	0.898432948
2011-01-21	CapitalStable	2.1047
2011-01-21	Balanced	2.3036
2011-01-21	HighGrowth	2.7232
2011-01-21	Cash	1.7854
2011-01-19	CoreStrategy	0.901630127
2011-01-19	CapitalStable	2.1047
2011-01-19	Balanced	2.3036
2011-01-19	HighGrowth	2.7232
2011-01-19	Cash	1.7854
2011-01-18	CoreStrategy	0.901630127
2011-01-18	CapitalStable	2.1001
2011-01-18	Balanced	2.2923
2011-01-18	HighGrowth	2.6951
2011-01-18	Cash	1.7848
2011-01-17	CoreStrategy	0.901748829
2011-01-17	CapitalStable	2.1001
2011-01-17	Balanced	2.2923
2011-01-17	HighGrowth	2.6951
2011-01-17	Cash	1.7848
2011-01-14	CoreStrategy	0.901748829
2011-01-14	CapitalStable	2.0934
2011-01-14	Balanced	2.2837
2011-01-14	HighGrowth	2.6819
2011-01-14	Cash	1.7839
2011-01-12	CoreStrategy	0.894692742
2011-01-12	CapitalStable	2.0934
2011-01-12	Balanced	2.2837
2011-01-12	HighGrowth	2.6819
2011-01-12	Cash	1.7839
2011-01-11	CoreStrategy	0.894692742
2011-01-11	CapitalStable	2.0908
2011-01-11	Balanced	2.2824
2011-01-11	HighGrowth	2.6836
2011-01-11	Cash	1.7833
2011-01-10	CoreStrategy	0.891313396
2011-01-10	CapitalStable	2.0908
2011-01-10	Balanced	2.2824
2011-01-10	HighGrowth	2.6836
2011-01-10	Cash	1.7833
2011-01-07	CoreStrategy	0.891313396
2011-01-07	CapitalStable	2.0858
2011-01-07	Balanced	2.2736
2011-01-07	HighGrowth	2.6654
2011-01-07	Cash	1.7825
2011-01-06	CoreStrategy	0.891613955
2011-01-06	CapitalStable	2.0858
2011-01-06	Balanced	2.2736
2011-01-06	HighGrowth	2.6654
2011-01-06	Cash	1.7825
2011-01-04	CoreStrategy	0.891613955
2011-01-04	CapitalStable	2.0867
2011-01-04	Balanced	2.2784
2011-01-04	HighGrowth	2.68
2011-01-04	Cash	1.7811
2010-12-31	CoreStrategy	0.88716862
2010-12-31	CapitalStable	2.0867
2010-12-31	Balanced	2.2784
2010-12-31	HighGrowth	2.68
2010-12-31	Cash	1.7811
2010-12-27	CoreStrategy	0.890324197
2010-12-27	CapitalStable	2.0863
2010-12-27	Balanced	2.2777
2010-12-27	HighGrowth	2.6789
2010-12-27	Cash	1.7806
2010-12-24	CoreStrategy	0.890324197
2010-12-24	CapitalStable	2.0852
2010-12-24	Balanced	2.2765
2010-12-24	HighGrowth	2.6775
2010-12-24	Cash	1.7798
2010-12-22	CoreStrategy	0.889950802
2010-12-22	CapitalStable	2.0852
2010-12-22	Balanced	2.2765
2010-12-22	HighGrowth	2.6775
2010-12-22	Cash	1.7798
2010-12-21	CoreStrategy	0.889950802
2010-12-21	CapitalStable	2.0806
2010-12-21	Balanced	2.271
2010-12-21	HighGrowth	2.6699
2010-12-21	Cash	1.7791
2010-12-20	CoreStrategy	0.888998033
2010-12-20	CapitalStable	2.0806
2010-12-20	Balanced	2.271
2010-12-20	HighGrowth	2.6699
2010-12-20	Cash	1.7791
2010-12-17	CoreStrategy	0.888998033
2010-12-17	CapitalStable	2.0821
2010-12-17	Balanced	2.2719
2010-12-17	HighGrowth	2.6693
2010-12-17	Cash	1.7783
2010-12-15	CoreStrategy	0.886931315
2010-12-15	CapitalStable	2.0821
2010-12-15	Balanced	2.2719
2010-12-15	HighGrowth	2.6693
2010-12-15	Cash	1.7783
2010-12-14	CoreStrategy	0.886931315
2010-12-14	CapitalStable	2.0787
2010-12-14	Balanced	2.2656
2010-12-14	HighGrowth	2.6556
2010-12-14	Cash	1.7778
2010-12-13	CoreStrategy	0.886512524
2010-12-13	CapitalStable	2.0787
2010-12-13	Balanced	2.2656
2010-12-13	HighGrowth	2.6556
2010-12-13	Cash	1.7778
2010-12-10	CoreStrategy	0.886512524
2010-12-10	CapitalStable	2.0773
2010-12-10	Balanced	2.2629
2010-12-10	HighGrowth	2.6502
2010-12-10	Cash	1.7767
2010-12-08	CoreStrategy	0.882890582
2010-12-08	CapitalStable	2.0773
2010-12-08	Balanced	2.2629
2010-12-08	HighGrowth	2.6502
2010-12-08	Cash	1.7767
2010-12-07	CoreStrategy	0.882890582
2010-12-07	CapitalStable	2.0733
2010-12-07	Balanced	2.2515
2010-12-07	HighGrowth	2.6202
2010-12-07	Cash	1.7755
2010-12-06	CoreStrategy	0.881266685
2010-12-06	CapitalStable	2.0733
2010-12-06	Balanced	2.2515
2010-12-06	HighGrowth	2.6202
2010-12-06	Cash	1.7755
2010-12-03	CoreStrategy	0.881266685
2010-12-03	CapitalStable	2.0695
2010-12-03	Balanced	2.2483
2010-12-03	HighGrowth	2.619
2010-12-03	Cash	1.7745
2010-12-01	CoreStrategy	0.872728249
2010-12-01	CapitalStable	2.0695
2010-12-01	Balanced	2.2483
2010-12-01	HighGrowth	2.619
2010-12-01	Cash	1.7745
2010-11-30	CoreStrategy	0.872728249
2010-11-30	CapitalStable	2.0667
2010-11-30	Balanced	2.2428
2010-11-30	HighGrowth	2.6069
2010-11-30	Cash	1.7738
2010-11-29	CoreStrategy	0.872871388
2010-11-29	CapitalStable	2.0667
2010-11-29	Balanced	2.2428
2010-11-29	HighGrowth	2.6069
2010-11-29	Cash	1.7738
2010-11-26	CoreStrategy	0.872871388
2010-11-26	CapitalStable	2.0687
2010-11-26	Balanced	2.2489
2010-11-26	HighGrowth	2.6232
2010-11-26	Cash	1.773
2010-11-24	CoreStrategy	0.870038192
2010-11-24	CapitalStable	2.0687
2010-11-24	Balanced	2.2489
2010-11-24	HighGrowth	2.6232
2010-11-24	Cash	1.773
2010-11-23	CoreStrategy	0.870038192
2010-11-23	CapitalStable	2.0694
2010-11-23	Balanced	2.2503
2010-11-23	HighGrowth	2.6263
2010-11-23	Cash	1.7725
2010-11-22	CoreStrategy	0.874150904
2010-11-22	CapitalStable	2.0694
2010-11-22	Balanced	2.2503
2010-11-22	HighGrowth	2.6263
2010-11-22	Cash	1.7725
2010-11-19	CoreStrategy	0.874150904
2010-11-19	CapitalStable	2.07
2010-11-19	Balanced	2.2514
2010-11-19	HighGrowth	2.6283
2010-11-19	Cash	1.7716
2010-11-17	CoreStrategy	0.875045948
2010-11-17	CapitalStable	2.07
2010-11-17	Balanced	2.2514
2010-11-17	HighGrowth	2.6283
2010-11-17	Cash	1.7716
2010-11-16	CoreStrategy	0.875045948
2010-11-16	CapitalStable	2.0712
2010-11-16	Balanced	2.2528
2010-11-16	HighGrowth	2.6306
2010-11-16	Cash	1.7708
2010-11-15	CoreStrategy	0.875708623
2010-11-15	CapitalStable	2.0712
2010-11-15	Balanced	2.2528
2010-11-15	HighGrowth	2.6306
2010-11-15	Cash	1.7708
2010-11-12	CoreStrategy	0.875708623
2010-11-12	CapitalStable	2.0731
2010-11-12	Balanced	2.2566
2010-11-12	HighGrowth	2.6393
2010-11-12	Cash	1.7696
2010-11-10	CoreStrategy	0.877037779
2010-11-10	CapitalStable	2.0731
2010-11-10	Balanced	2.2566
2010-11-10	HighGrowth	2.6393
2010-11-10	Cash	1.7696
2010-11-09	CoreStrategy	0.877037779
2010-11-09	CapitalStable	2.0619
2010-11-09	Balanced	2.2406
2010-11-09	HighGrowth	2.6115
2010-11-09	Cash	1.7692
2010-11-08	CoreStrategy	0.879349269
2010-11-08	CapitalStable	2.0619
2010-11-08	Balanced	2.2406
2010-11-08	HighGrowth	2.6115
2010-11-08	Cash	1.7692
2010-11-05	CoreStrategy	0.879349269
2010-11-05	CapitalStable	2.0638
2010-11-05	Balanced	2.2419
2010-11-05	HighGrowth	2.6111
2010-11-05	Cash	1.7688
2010-11-03	CoreStrategy	0.871237336
2010-11-03	CapitalStable	2.0638
2010-11-03	Balanced	2.2419
2010-11-03	HighGrowth	2.6111
2010-11-03	Cash	1.7688
2010-11-02	CoreStrategy	0.871237336
2010-11-02	CapitalStable	2.0622
2010-11-02	Balanced	2.241
2010-11-02	HighGrowth	2.612
2010-11-02	Cash	1.7672
2010-11-01	CoreStrategy	0.871314519
2010-11-01	CapitalStable	2.0622
2010-11-01	Balanced	2.241
2010-11-01	HighGrowth	2.612
2010-11-01	Cash	1.7672
2010-10-31	CoreStrategy	0.871314519
2010-10-31	CapitalStable	2.0611
2010-10-31	Balanced	2.239
2010-10-31	HighGrowth	2.6078
2010-10-31	Cash	1.7663
2010-10-28	CoreStrategy	0.871421567
2010-10-28	CapitalStable	2.0611
2010-10-28	Balanced	2.239
2010-10-28	HighGrowth	2.6078
2010-10-28	Cash	1.7663
2010-10-26	CoreStrategy	0.871421567
2010-10-26	CapitalStable	2.0605
2010-10-26	Balanced	2.2371
2010-10-26	HighGrowth	2.6031
2010-10-26	Cash	1.7663
2010-10-25	CoreStrategy	0.870072162
2010-10-25	CapitalStable	2.0605
2010-10-25	Balanced	2.2371
2010-10-25	HighGrowth	2.6031
2010-10-25	Cash	1.7663
2010-10-22	CoreStrategy	0.870072162
2010-10-22	CapitalStable	2.0609
2010-10-22	Balanced	2.2382
2010-10-22	HighGrowth	2.6058
2010-10-22	Cash	1.7653
2010-10-20	CoreStrategy	0.869015868
2010-10-20	CapitalStable	2.0609
2010-10-20	Balanced	2.2382
2010-10-20	HighGrowth	2.6058
2010-10-20	Cash	1.7653
2010-10-19	CoreStrategy	0.869015868
2010-10-19	CapitalStable	2.0558
2010-10-19	Balanced	2.2287
2010-10-19	HighGrowth	2.5852
2010-10-19	Cash	1.7645
2010-10-18	CoreStrategy	0.869892884
2010-10-18	CapitalStable	2.0558
2010-10-18	Balanced	2.2287
2010-10-18	HighGrowth	2.5852
2010-10-18	Cash	1.7645
2010-10-15	CoreStrategy	0.869892884
2010-10-15	CapitalStable	2.0569
2010-10-15	Balanced	2.2322
2010-10-15	HighGrowth	2.5945
2010-10-15	Cash	1.7636
2010-10-13	CoreStrategy	0.864531429
2010-10-13	CapitalStable	2.0569
2010-10-13	Balanced	2.2322
2010-10-13	HighGrowth	2.5945
2010-10-13	Cash	1.7636
2010-10-12	CoreStrategy	0.864531429
2010-10-12	CapitalStable	2.0554
2010-10-12	Balanced	2.2303
2010-10-12	HighGrowth	2.5914
2010-10-12	Cash	1.7632
2010-10-11	CoreStrategy	0.867165633
2010-10-11	CapitalStable	2.0554
2010-10-11	Balanced	2.2303
2010-10-11	HighGrowth	2.5914
2010-10-11	Cash	1.7632
2010-10-08	CoreStrategy	0.867165633
2010-10-08	CapitalStable	2.0468
2010-10-08	Balanced	2.2158
2010-10-08	HighGrowth	2.5649
2010-10-08	Cash	1.7618
2010-10-07	CoreStrategy	0.866507021
2010-10-07	CapitalStable	2.0468
2010-10-07	Balanced	2.2158
2010-10-07	HighGrowth	2.5649
2010-10-07	Cash	1.7618
2010-10-06	CoreStrategy	0.866507021
2010-10-06	CapitalStable	2.0474
2010-10-06	Balanced	2.2211
2010-10-06	HighGrowth	2.5805
2010-10-06	Cash	1.7614
2010-10-04	CoreStrategy	0.8597567
2010-10-04	CapitalStable	2.0474
2010-10-04	Balanced	2.2211
2010-10-04	HighGrowth	2.5805
2010-10-04	Cash	1.7614
2010-09-30	CoreStrategy	0.8597567
2010-09-30	CapitalStable	2.0442
2010-09-30	Balanced	2.2158
2010-09-30	HighGrowth	2.5712
2010-09-30	Cash	1.7607
2010-09-29	CoreStrategy	0.863265287
2010-09-29	CapitalStable	2.0442
2010-09-29	Balanced	2.2158
2010-09-29	HighGrowth	2.5712
2010-09-29	Cash	1.7607
2010-09-28	CoreStrategy	0.863265287
2010-09-28	CapitalStable	2.0435
2010-09-28	Balanced	2.2154
2010-09-28	HighGrowth	2.5717
2010-09-28	Cash	1.76
2010-09-27	CoreStrategy	0.860409208
2010-09-27	CapitalStable	2.0435
2010-09-27	Balanced	2.2154
2010-09-27	HighGrowth	2.5717
2010-09-27	Cash	1.76
2010-09-24	CoreStrategy	0.860409208
2010-09-24	CapitalStable	2.0426
2010-09-24	Balanced	2.2152
2010-09-24	HighGrowth	2.5731
2010-09-24	Cash	1.7593
2010-09-22	CoreStrategy	0.860461177
2010-09-22	CapitalStable	2.0426
2010-09-22	Balanced	2.2152
2010-09-22	HighGrowth	2.5731
2010-09-22	Cash	1.7593
2010-09-21	CoreStrategy	0.860461177
2010-09-21	CapitalStable	2.0416
2010-09-21	Balanced	2.2132
2010-09-21	HighGrowth	2.5695
2010-09-21	Cash	1.7583
2010-09-20	CoreStrategy	0.860691602
2010-09-20	CapitalStable	2.0416
2010-09-20	Balanced	2.2132
2010-09-20	HighGrowth	2.5695
2010-09-20	Cash	1.7583
2010-09-17	CoreStrategy	0.860691602
2010-09-17	CapitalStable	2.0368
2010-09-17	Balanced	2.2046
2010-09-17	HighGrowth	2.5527
2010-09-17	Cash	1.7575
2010-09-15	CoreStrategy	0.859973563
2010-09-15	CapitalStable	2.0368
2010-09-15	Balanced	2.2046
2010-09-15	HighGrowth	2.5527
2010-09-15	Cash	1.7575
2010-09-14	CoreStrategy	0.859973563
2010-09-14	CapitalStable	2.0376
2010-09-14	Balanced	2.2049
2010-09-14	HighGrowth	2.5515
2010-09-14	Cash	1.757
2010-09-13	CoreStrategy	0.855389685
2010-09-13	CapitalStable	2.0376
2010-09-13	Balanced	2.2049
2010-09-13	HighGrowth	2.5515
2010-09-13	Cash	1.757
2010-09-10	CoreStrategy	0.855389685
2010-09-10	CapitalStable	2.0366
2010-09-10	Balanced	2.2032
2010-09-10	HighGrowth	2.5481
2010-09-10	Cash	1.7562
2010-09-08	CoreStrategy	0.855049183
2010-09-08	CapitalStable	2.0366
2010-09-08	Balanced	2.2032
2010-09-08	HighGrowth	2.5481
2010-09-08	Cash	1.7562
2010-09-07	CoreStrategy	0.855049183
2010-09-07	CapitalStable	2.0275
2010-09-07	Balanced	2.1839
2010-09-07	HighGrowth	2.5077
2010-09-07	Cash	1.7556
2010-09-06	CoreStrategy	0.853661792
2010-09-06	CapitalStable	2.0275
2010-09-06	Balanced	2.1839
2010-09-06	HighGrowth	2.5077
2010-09-06	Cash	1.7556
2010-09-03	CoreStrategy	0.853661792
2010-09-03	CapitalStable	2.0247
2010-09-03	Balanced	2.1798
2010-09-03	HighGrowth	2.5014
2010-09-03	Cash	1.7548
2010-09-01	CoreStrategy	0.843620188
2010-09-01	CapitalStable	2.0247
2010-09-01	Balanced	2.1798
2010-09-01	HighGrowth	2.5014
2010-09-01	Cash	1.7548
2010-08-31	CoreStrategy	0.843620188
2010-08-31	CapitalStable	2.0252
2010-08-31	Balanced	2.1817
2010-08-31	HighGrowth	2.506
2010-08-31	Cash	1.7541
2010-08-30	CoreStrategy	0.841756253
2010-08-30	CapitalStable	2.0252
2010-08-30	Balanced	2.1817
2010-08-30	HighGrowth	2.506
2010-08-30	Cash	1.7541
2010-08-27	CoreStrategy	0.841756253
2010-08-27	CapitalStable	2.0278
2010-08-27	Balanced	2.1883
2010-08-27	HighGrowth	2.5209
2010-08-27	Cash	1.7531
2010-08-25	CoreStrategy	0.842522503
2010-08-25	CapitalStable	2.0278
2010-08-25	Balanced	2.1883
2010-08-25	HighGrowth	2.5209
2010-08-25	Cash	1.7531
2010-08-24	CoreStrategy	0.842522503
2010-08-24	CapitalStable	2.0282
2010-08-24	Balanced	2.1923
2010-08-24	HighGrowth	2.5328
2010-08-24	Cash	1.7524
2010-08-23	CoreStrategy	0.845785046
2010-08-23	CapitalStable	2.0282
2010-08-23	Balanced	2.1923
2010-08-23	HighGrowth	2.5328
2010-08-23	Cash	1.7524
2010-08-20	CoreStrategy	0.845785046
2010-08-20	CapitalStable	2.0216
2010-08-20	Balanced	2.1833
2010-08-20	HighGrowth	2.5191
2010-08-20	Cash	1.7516
2010-08-19	CoreStrategy	0.848529645
2010-08-19	CapitalStable	2.0216
2010-08-19	Balanced	2.1833
2010-08-19	HighGrowth	2.5191
2010-08-19	Cash	1.7516
2010-08-17	CoreStrategy	0.848529645
2010-08-17	CapitalStable	2.0273
2010-08-17	Balanced	2.1973
2010-08-17	HighGrowth	2.5507
2010-08-17	Cash	1.7509
2010-08-16	CoreStrategy	0.844667835
2010-08-16	CapitalStable	2.0273
2010-08-16	Balanced	2.1973
2010-08-16	HighGrowth	2.5507
2010-08-16	Cash	1.7509
2010-08-13	CoreStrategy	0.844667835
2010-08-13	CapitalStable	2.0261
2010-08-13	Balanced	2.1971
2010-08-13	HighGrowth	2.5527
2010-08-13	Cash	1.75
2010-08-11	CoreStrategy	0.851880844
2010-08-11	CapitalStable	2.0261
2010-08-11	Balanced	2.1971
2010-08-11	HighGrowth	2.5527
2010-08-11	Cash	1.75
2010-08-10	CoreStrategy	0.851880844
2010-08-10	CapitalStable	2.0229
2010-08-10	Balanced	2.1928
2010-08-10	HighGrowth	2.5453
2010-08-10	Cash	1.7495
2010-08-06	CoreStrategy	0.852021858
2010-08-06	CapitalStable	2.0166
2010-08-06	Balanced	2.1822
2010-08-06	HighGrowth	2.5255
2010-08-06	Cash	1.7486
2010-08-04	CoreStrategy	0.849960575
2010-08-04	CapitalStable	2.0134
2010-08-04	Balanced	2.1811
2010-08-04	HighGrowth	2.5296
2010-08-04	Cash	1.7475
2010-08-02	CoreStrategy	0.845408397
2010-08-02	CapitalStable	2.0134
2010-08-02	Balanced	2.1811
2010-08-02	HighGrowth	2.5296
2010-08-02	Cash	1.7475
2010-07-31	CoreStrategy	0.845408397
2010-07-31	CapitalStable	2.0107
2010-07-31	Balanced	2.1765
2010-07-31	HighGrowth	2.5213
2010-07-31	Cash	1.7465
2010-07-28	CoreStrategy	0.845409952
2010-07-28	CapitalStable	2.0107
2010-07-28	Balanced	2.1765
2010-07-28	HighGrowth	2.5213
2010-07-28	Cash	1.7465
2010-07-27	CoreStrategy	0.845409952
2010-07-27	CapitalStable	2.0067
2010-07-27	Balanced	2.1693
2010-07-27	HighGrowth	2.5074
2010-07-27	Cash	1.7456
2010-07-26	CoreStrategy	0.842988458
2010-07-26	CapitalStable	2.0067
2010-07-26	Balanced	2.1693
2010-07-26	HighGrowth	2.5074
2010-07-26	Cash	1.7456
2010-07-23	CoreStrategy	0.842988458
2010-07-23	CapitalStable	2.0074
2010-07-23	Balanced	2.1708
2010-07-23	HighGrowth	2.5104
2010-07-23	Cash	1.7446
2010-07-21	CoreStrategy	0.838704606
2010-07-21	CapitalStable	2.0074
2010-07-21	Balanced	2.1708
2010-07-21	HighGrowth	2.5104
2010-07-21	Cash	1.7446
2010-07-20	CoreStrategy	0.838704606
2010-07-20	CapitalStable	2.0079
2010-07-20	Balanced	2.1708
2010-07-20	HighGrowth	2.5088
2010-07-20	Cash	1.7441
2010-07-19	CoreStrategy	0.839335173
2010-07-19	CapitalStable	2.0079
2010-07-19	Balanced	2.1708
2010-07-19	HighGrowth	2.5088
2010-07-19	Cash	1.7441
2010-07-16	CoreStrategy	0.839335173
2010-07-16	CapitalStable	2.0057
2010-07-16	Balanced	2.1672
2010-07-16	HighGrowth	2.5026
2010-07-16	Cash	1.7431
2010-07-14	CoreStrategy	0.838958085
2010-07-14	CapitalStable	2.0057
2010-07-14	Balanced	2.1672
2010-07-14	HighGrowth	2.5026
2010-07-14	Cash	1.7431
2010-07-13	CoreStrategy	0.838958085
2010-07-13	CapitalStable	2.0028
2010-07-13	Balanced	2.1565
2010-07-13	HighGrowth	2.475
2010-07-13	Cash	1.7426
2010-07-12	CoreStrategy	0.837653837
2010-07-12	CapitalStable	2.0028
2010-07-12	Balanced	2.1565
2010-07-12	HighGrowth	2.475
2010-07-12	Cash	1.7426
2010-07-09	CoreStrategy	0.837653837
2010-07-09	CapitalStable	1.9997
2010-07-09	Balanced	2.1512
2010-07-09	HighGrowth	2.4655
2010-07-09	Cash	1.7417
2010-07-07	CoreStrategy	0.830716765
2010-07-07	CapitalStable	1.9997
2010-07-07	Balanced	2.1512
2010-07-07	HighGrowth	2.4655
2010-07-07	Cash	1.7417
2010-07-06	CoreStrategy	0.830716765
2010-07-06	CapitalStable	1.9986
2010-07-06	Balanced	2.1543
2010-07-06	HighGrowth	2.4779
2010-07-06	Cash	1.7415
2010-07-05	CoreStrategy	0.828059778
2010-07-05	CapitalStable	1.9986
2010-07-05	Balanced	2.1543
2010-07-05	HighGrowth	2.4779
2010-07-05	Cash	1.7415
2010-07-02	CoreStrategy	0.828059778
2010-07-02	CapitalStable	1.9986
2010-07-02	Balanced	2.1543
2010-07-02	HighGrowth	2.4779
2010-07-02	Cash	1.7415
2010-06-30	CoreStrategy	0.830471236
2010-06-30	CapitalStable	1.9986
2010-06-30	Balanced	2.1543
2010-06-30	HighGrowth	2.4779
2010-06-30	Cash	1.7415
2010-06-28	CoreStrategy	0.838015541
2010-06-28	CapitalStable	2.0055
2010-06-28	Balanced	2.1758
2010-06-28	HighGrowth	2.5286
2010-06-28	Cash	1.7397
2010-06-25	CoreStrategy	0.838015541
2010-06-25	CapitalStable	2.0079
2010-06-25	Balanced	2.1818
2010-06-25	HighGrowth	2.5425
2010-06-25	Cash	1.739
2010-06-23	CoreStrategy	0.843662635
2010-06-23	CapitalStable	2.0079
2010-06-23	Balanced	2.1818
2010-06-23	HighGrowth	2.5425
2010-06-23	Cash	1.739
2010-06-22	CoreStrategy	0.843662635
2010-06-22	CapitalStable	2.0077
2010-06-22	Balanced	2.1824
2010-06-22	HighGrowth	2.5447
2010-06-22	Cash	1.7386
2010-06-21	CoreStrategy	0.846102493
2010-06-21	CapitalStable	2.0077
2010-06-21	Balanced	2.1824
2010-06-21	HighGrowth	2.5447
2010-06-21	Cash	1.7386
2010-06-18	CoreStrategy	0.846102493
2010-06-18	CapitalStable	2.0032
2010-06-18	Balanced	2.1735
2010-06-18	HighGrowth	2.5263
2010-06-18	Cash	1.7373
2010-06-17	CoreStrategy	0.846522392
2010-06-17	CapitalStable	2.0032
2010-06-17	Balanced	2.1735
2010-06-17	HighGrowth	2.5263
2010-06-17	Cash	1.7373
2010-06-16	CoreStrategy	0.846522392
2010-06-16	CapitalStable	1.9995
2010-06-16	Balanced	2.166
2010-06-16	HighGrowth	2.5104
2010-06-16	Cash	1.7365
2010-06-14	CoreStrategy	0.841848617
2010-06-14	CapitalStable	1.9995
2010-06-14	Balanced	2.166
2010-06-14	HighGrowth	2.5104
2010-06-14	Cash	1.7365
2010-06-11	CoreStrategy	0.841848617
2010-06-11	CapitalStable	2.0049
2010-06-11	Balanced	2.1756
2010-06-11	HighGrowth	2.5302
2010-06-11	Cash	1.7359
2010-06-09	CoreStrategy	0.835655683
2010-06-09	CapitalStable	2.0049
2010-06-09	Balanced	2.1756
2010-06-09	HighGrowth	2.5302
2010-06-09	Cash	1.7359
2010-06-08	CoreStrategy	0.835655683
2010-06-08	CapitalStable	2.0028
2010-06-08	Balanced	2.1725
2010-06-08	HighGrowth	2.525
2010-06-08	Cash	1.7354
2010-06-07	CoreStrategy	0.84146669
2010-06-07	CapitalStable	2.0028
2010-06-07	Balanced	2.1725
2010-06-07	HighGrowth	2.525
2010-06-07	Cash	1.7354
2010-06-04	CoreStrategy	0.84146669
2010-06-04	CapitalStable	2.0031
2010-06-04	Balanced	2.1744
2010-06-04	HighGrowth	2.5306
2010-06-04	Cash	1.7349
2010-06-03	CoreStrategy	0.83935899
2010-06-03	CapitalStable	2.0031
2010-06-03	Balanced	2.1744
2010-06-03	HighGrowth	2.5306
2010-06-03	Cash	1.7349
2010-06-02	CoreStrategy	0.83935899
2010-06-02	CapitalStable	1.9959
2010-06-02	Balanced	2.1583
2010-06-02	HighGrowth	2.4953
2010-06-02	Cash	1.7355
2010-05-31	CoreStrategy	0.841106806
2010-05-31	CapitalStable	1.9959
2010-05-31	Balanced	2.1583
2010-05-31	HighGrowth	2.4953
2010-05-31	Cash	1.7355
2010-05-26	CoreStrategy	0.831274146
2010-05-26	CapitalStable	2.0001
2010-05-26	Balanced	2.1671
2010-05-26	HighGrowth	2.5146
2010-05-26	Cash	1.7355
2010-05-25	CoreStrategy	0.831274146
2010-05-25	CapitalStable	2.0032
2010-05-25	Balanced	2.1742
2010-05-25	HighGrowth	2.53
2010-05-25	Cash	1.7352
2010-05-24	CoreStrategy	0.835987422
2010-05-24	CapitalStable	2.0032
2010-05-24	Balanced	2.1742
2010-05-24	HighGrowth	2.53
2010-05-24	Cash	1.7352
2010-05-21	CoreStrategy	0.835987422
2010-05-21	CapitalStable	2.0055
2010-05-21	Balanced	2.182
2010-05-21	HighGrowth	2.5498
2010-05-21	Cash	1.734
2010-05-19	CoreStrategy	0.843882195
2010-05-19	CapitalStable	2.0055
2010-05-19	Balanced	2.182
2010-05-19	HighGrowth	2.5498
2010-05-19	Cash	1.734
2010-05-18	CoreStrategy	0.843882195
2010-05-18	CapitalStable	2.0028
2010-05-18	Balanced	2.1787
2010-05-18	HighGrowth	2.5455
2010-05-18	Cash	1.7338
2010-05-17	CoreStrategy	0.849633159
2010-05-17	CapitalStable	2.0028
2010-05-17	Balanced	2.1787
2010-05-17	HighGrowth	2.5455
2010-05-17	Cash	1.7338
2010-05-14	CoreStrategy	0.849633159
2010-05-14	CapitalStable	1.9899
2010-05-14	Balanced	2.1585
2010-05-14	HighGrowth	2.511
2010-05-14	Cash	1.7332
2010-05-12	CoreStrategy	0.848027954
2010-05-12	CapitalStable	1.9899
2010-05-12	Balanced	2.1585
2010-05-12	HighGrowth	2.511
2010-05-12	Cash	1.7332
2010-05-11	CoreStrategy	0.848027954
2010-05-11	CapitalStable	2.007
2010-05-11	Balanced	2.1933
2010-05-11	HighGrowth	2.5835
2010-05-11	Cash	1.7321
2010-05-10	CoreStrategy	0.838607657
2010-05-10	CapitalStable	2.007
2010-05-10	Balanced	2.1933
2010-05-10	HighGrowth	2.5835
2010-05-10	Cash	1.7321
2010-05-07	CoreStrategy	0.838607657
2010-05-07	CapitalStable	2.0079
2010-05-07	Balanced	2.1975
2010-05-07	HighGrowth	2.5948
2010-05-07	Cash	1.7316
2010-05-05	CoreStrategy	0.857298707
2010-05-05	CapitalStable	2.0079
2010-05-05	Balanced	2.1975
2010-05-05	HighGrowth	2.5948
2010-05-05	Cash	1.7316
2010-05-04	CoreStrategy	0.857298707
2010-05-04	CapitalStable	2.0064
2010-05-04	Balanced	2.1971
2010-05-04	HighGrowth	2.5973
2010-05-04	Cash	1.7311
2010-05-03	CoreStrategy	0.860643815
2010-05-03	CapitalStable	2.0064
2010-05-03	Balanced	2.1971
2010-05-03	HighGrowth	2.5973
2010-05-03	Cash	1.7311
2010-04-30	CoreStrategy	0.860643815
2010-04-30	CapitalStable	2.0129
2010-04-30	Balanced	2.2118
2010-04-30	HighGrowth	2.6299
2010-04-30	Cash	1.7301
2010-04-29	CoreStrategy	0.860521543
2010-04-29	CapitalStable	2.0129
2010-04-29	Balanced	2.2118
2010-04-29	HighGrowth	2.6299
2010-04-29	Cash	1.7301
2010-04-28	CoreStrategy	0.860521543
2010-04-28	CapitalStable	2.0098
2010-04-28	Balanced	2.2088
2010-04-28	HighGrowth	2.6277
2010-04-28	Cash	1.7292
2010-04-26	CoreStrategy	0.867305237
2010-04-26	CapitalStable	2.0098
2010-04-26	Balanced	2.2088
2010-04-26	HighGrowth	2.6277
2010-04-26	Cash	1.7292
2010-04-23	CoreStrategy	0.867305237
2010-04-23	CapitalStable	2.0103
2010-04-23	Balanced	2.2115
2010-04-23	HighGrowth	2.6353
2010-04-23	Cash	1.7284
2010-04-21	CoreStrategy	0.866978582
2010-04-21	CapitalStable	2.0103
2010-04-21	Balanced	2.2115
2010-04-21	HighGrowth	2.6353
2010-04-21	Cash	1.7284
2010-04-20	CoreStrategy	0.866978582
2010-04-20	CapitalStable	2.0081
2010-04-20	Balanced	2.2088
2010-04-20	HighGrowth	2.631
2010-04-20	Cash	1.7277
2010-04-19	CoreStrategy	0.868480395
2010-04-19	CapitalStable	2.0081
2010-04-19	Balanced	2.2088
2010-04-19	HighGrowth	2.631
2010-04-19	Cash	1.7277
2010-04-16	CoreStrategy	0.868480395
2010-04-16	CapitalStable	2.0049
2010-04-16	Balanced	2.2039
2010-04-16	HighGrowth	2.6228
2010-04-16	Cash	1.7269
2010-04-14	CoreStrategy	0.867017962
2010-04-14	CapitalStable	2.0049
2010-04-14	Balanced	2.2039
2010-04-14	HighGrowth	2.6228
2010-04-14	Cash	1.7269
2010-04-13	CoreStrategy	0.867017962
2010-04-13	CapitalStable	2.0034
2010-04-13	Balanced	2.2031
2010-04-13	HighGrowth	2.6227
2010-04-13	Cash	1.7259
2010-04-12	CoreStrategy	0.865471497
2010-04-12	CapitalStable	2.0034
2010-04-12	Balanced	2.2031
2010-04-12	HighGrowth	2.6227
2010-04-12	Cash	1.7259
2010-04-09	CoreStrategy	0.865471497
2010-04-09	CapitalStable	1.9991
2010-04-09	Balanced	2.1938
2010-04-09	HighGrowth	2.6023
2010-04-09	Cash	1.7249
2010-04-07	CoreStrategy	0.864874179
2010-04-07	CapitalStable	1.9991
2010-04-07	Balanced	2.1938
2010-04-07	HighGrowth	2.6023
2010-04-07	Cash	1.7249
2010-04-06	CoreStrategy	0.864874179
2010-04-06	CapitalStable	1.9989
2010-04-06	Balanced	2.1959
2010-04-06	HighGrowth	2.6098
2010-04-06	Cash	1.7239
2010-03-31	CoreStrategy	0.859517251
2010-03-31	CapitalStable	1.9989
2010-03-31	Balanced	2.1959
2010-03-31	HighGrowth	2.6098
2010-03-31	Cash	1.7239
2010-03-29	CoreStrategy	0.860110954
2010-03-29	CapitalStable	1.9954
2010-03-29	Balanced	2.189
2010-03-29	HighGrowth	2.5956
2010-03-29	Cash	1.7233
2010-03-26	CoreStrategy	0.860110954
2010-03-26	CapitalStable	1.9926
2010-03-26	Balanced	2.1847
2010-03-26	HighGrowth	2.5881
2010-03-26	Cash	1.7226
2010-03-24	CoreStrategy	0.85742468
2010-03-24	CapitalStable	1.9926
2010-03-24	Balanced	2.1847
2010-03-24	HighGrowth	2.5881
2010-03-24	Cash	1.7226
2010-03-23	CoreStrategy	0.85742468
2010-03-23	CapitalStable	1.9896
2010-03-23	Balanced	2.1794
2010-03-23	HighGrowth	2.5779
2010-03-23	Cash	1.7217
2010-03-22	CoreStrategy	0.855457102
2010-03-22	CapitalStable	1.9896
2010-03-22	Balanced	2.1794
2010-03-22	HighGrowth	2.5779
2010-03-22	Cash	1.7217
2010-03-19	CoreStrategy	0.855457102
2010-03-19	CapitalStable	1.9873
2010-03-19	Balanced	2.1769
2010-03-19	HighGrowth	2.5755
2010-03-19	Cash	1.7209
2010-03-17	CoreStrategy	0.852152519
2010-03-17	CapitalStable	1.9873
2010-03-17	Balanced	2.1769
2010-03-17	HighGrowth	2.5755
2010-03-17	Cash	1.7209
2010-03-16	CoreStrategy	0.852152519
2010-03-16	CapitalStable	1.9842
2010-03-16	Balanced	2.1716
2010-03-16	HighGrowth	2.5654
2010-03-16	Cash	1.7201
2010-03-15	CoreStrategy	0.851591924
2010-03-15	CapitalStable	1.9842
2010-03-15	Balanced	2.1716
2010-03-15	HighGrowth	2.5654
2010-03-15	Cash	1.7201
2010-03-12	CoreStrategy	0.851591924
2010-03-12	CapitalStable	1.9843
2010-03-12	Balanced	2.1697
2010-03-12	HighGrowth	2.5592
2010-03-12	Cash	1.7194
2010-03-10	CoreStrategy	0.849254848
2010-03-10	CapitalStable	1.9843
2010-03-10	Balanced	2.1697
2010-03-10	HighGrowth	2.5592
2010-03-10	Cash	1.7194
2010-03-09	CoreStrategy	0.849254848
2010-03-09	CapitalStable	1.9767
2010-03-09	Balanced	2.1566
2010-03-09	HighGrowth	2.5342
2010-03-09	Cash	1.7186
2010-03-08	CoreStrategy	0.847507084
2010-03-08	CapitalStable	1.9767
2010-03-08	Balanced	2.1566
2010-03-08	HighGrowth	2.5342
2010-03-08	Cash	1.7186
2010-03-05	CoreStrategy	0.847507084
2010-03-05	CapitalStable	1.9707
2010-03-05	Balanced	2.1468
2010-03-05	HighGrowth	2.5165
2010-03-05	Cash	1.7182
2010-03-03	CoreStrategy	0.841043126
2010-03-03	CapitalStable	1.9707
2010-03-03	Balanced	2.1468
2010-03-03	HighGrowth	2.5165
2010-03-03	Cash	1.7182
2010-03-02	CoreStrategy	0.841043126
2010-03-02	CapitalStable	1.9697
2010-03-02	Balanced	2.1481
2010-03-02	HighGrowth	2.5231
2010-03-02	Cash	1.7176
2010-03-01	CoreStrategy	0.836028452
2010-03-01	CapitalStable	1.9697
2010-03-01	Balanced	2.1481
2010-03-01	HighGrowth	2.5231
2010-03-01	Cash	1.7176
2010-02-28	CoreStrategy	0.836028452
2010-02-28	CapitalStable	1.9677
2010-02-28	Balanced	2.1439
2010-02-28	HighGrowth	2.5142
2010-02-28	Cash	1.7169
2010-02-24	CoreStrategy	0.837481071
2010-02-24	CapitalStable	1.9677
2010-02-24	Balanced	2.1439
2010-02-24	HighGrowth	2.5142
2010-02-24	Cash	1.7169
2010-02-23	CoreStrategy	0.837481071
2010-02-23	CapitalStable	1.9614
2010-02-23	Balanced	2.132
2010-02-23	HighGrowth	2.4901
2010-02-23	Cash	1.7158
2010-02-22	CoreStrategy	0.834971471
2010-02-22	CapitalStable	1.9614
2010-02-22	Balanced	2.132
2010-02-22	HighGrowth	2.4901
2010-02-22	Cash	1.7158
2010-02-19	CoreStrategy	0.834971471
2010-02-19	CapitalStable	1.9613
2010-02-19	Balanced	2.1325
2010-02-19	HighGrowth	2.4921
2010-02-19	Cash	1.7149
2010-02-17	CoreStrategy	0.829358236
2010-02-17	CapitalStable	1.9613
2010-02-17	Balanced	2.1325
2010-02-17	HighGrowth	2.4921
2010-02-17	Cash	1.7149
2010-02-16	CoreStrategy	0.829358236
2010-02-16	CapitalStable	1.9605
2010-02-16	Balanced	2.1295
2010-02-16	HighGrowth	2.4841
2010-02-16	Cash	1.7143
2010-02-15	CoreStrategy	0.828588152
2010-02-15	CapitalStable	1.9605
2010-02-15	Balanced	2.1295
2010-02-15	HighGrowth	2.4841
2010-02-15	Cash	1.7143
2010-02-12	CoreStrategy	0.828588152
2010-02-12	CapitalStable	1.9619
2010-02-12	Balanced	2.1317
2010-02-12	HighGrowth	2.4874
2010-02-12	Cash	1.7136
2010-02-10	CoreStrategy	0.825977946
2010-02-10	CapitalStable	1.9619
2010-02-10	Balanced	2.1317
2010-02-10	HighGrowth	2.4874
2010-02-10	Cash	1.7136
2010-02-09	CoreStrategy	0.825977946
2010-02-09	CapitalStable	1.9679
2010-02-09	Balanced	2.1455
2010-02-09	HighGrowth	2.5178
2010-02-09	Cash	1.7129
2010-02-08	CoreStrategy	0.826366437
2010-02-08	CapitalStable	1.9679
2010-02-08	Balanced	2.1455
2010-02-08	HighGrowth	2.5178
2010-02-08	Cash	1.7129
2010-02-05	CoreStrategy	0.826366437
2010-02-05	CapitalStable	1.96
2010-02-05	Balanced	2.1325
2010-02-05	HighGrowth	2.4946
2010-02-05	Cash	1.7123
2010-02-03	CoreStrategy	0.833920865
2010-02-03	CapitalStable	1.96
2010-02-03	Balanced	2.1325
2010-02-03	HighGrowth	2.4946
2010-02-03	Cash	1.7123
2010-02-02	CoreStrategy	0.833920865
2010-02-02	CapitalStable	1.9607
2010-02-02	Balanced	2.138
2010-02-02	HighGrowth	2.5107
2010-02-02	Cash	1.7116
2010-02-01	CoreStrategy	0.828850109
2010-02-01	CapitalStable	1.9607
2010-02-01	Balanced	2.138
2010-02-01	HighGrowth	2.5107
2010-02-01	Cash	1.7116
2010-01-31	CoreStrategy	0.828850109
2010-01-31	CapitalStable	1.9643
2010-01-31	Balanced	2.1461
2010-01-31	HighGrowth	2.5289
2010-01-31	Cash	1.7105
2010-01-28	CoreStrategy	0.832376438
2010-01-28	CapitalStable	1.9643
2010-01-28	Balanced	2.1461
2010-01-28	HighGrowth	2.5289
2010-01-28	Cash	1.7105
2010-01-27	CoreStrategy	0.832376438
2010-01-27	CapitalStable	1.9714
2010-01-27	Balanced	2.1609
2010-01-27	HighGrowth	2.56
2010-01-27	Cash	1.7099
2010-01-25	CoreStrategy	0.837324287
2010-01-25	CapitalStable	1.9714
2010-01-25	Balanced	2.1609
2010-01-25	HighGrowth	2.56
2010-01-25	Cash	1.7099
2010-01-22	CoreStrategy	0.837324287
2010-01-22	CapitalStable	1.9701
2010-01-22	Balanced	2.1603
2010-01-22	HighGrowth	2.5614
2010-01-22	Cash	1.7088
2010-01-20	CoreStrategy	0.844928284
2010-01-20	CapitalStable	1.9701
2010-01-20	Balanced	2.1603
2010-01-20	HighGrowth	2.5614
2010-01-20	Cash	1.7088
2010-01-19	CoreStrategy	0.844928284
2010-01-19	CapitalStable	1.9692
2010-01-19	Balanced	2.1602
2010-01-19	HighGrowth	2.5629
2010-01-19	Cash	1.708
2010-01-18	CoreStrategy	0.845129733
2010-01-18	CapitalStable	1.9692
2010-01-18	Balanced	2.1602
2010-01-18	HighGrowth	2.5629
2010-01-18	Cash	1.708
2010-01-15	CoreStrategy	0.845129733
2010-01-15	CapitalStable	1.9683
2010-01-15	Balanced	2.1614
2010-01-15	HighGrowth	2.5681
2010-01-15	Cash	1.7064
2010-01-13	CoreStrategy	0.845164051
2010-01-13	CapitalStable	1.9683
2010-01-13	Balanced	2.1614
2010-01-13	HighGrowth	2.5681
2010-01-13	Cash	1.7064
2010-01-12	CoreStrategy	0.845164051
2010-01-12	CapitalStable	1.9675
2010-01-12	Balanced	2.1611
2010-01-12	HighGrowth	2.5693
2010-01-12	Cash	1.7059
2010-01-09	CoreStrategy	0.846059718
2010-01-09	CapitalStable	1.9675
2010-01-09	Balanced	2.1611
2010-01-09	HighGrowth	2.5693
2010-01-09	Cash	1.7059
2010-01-08	CoreStrategy	0.846059718
2010-01-08	CapitalStable	1.9659
2010-01-08	Balanced	2.1566
2010-01-08	HighGrowth	2.5579
2010-01-08	Cash	1.705
2010-01-06	CoreStrategy	0.845795533
2010-01-06	CapitalStable	1.9659
2010-01-06	Balanced	2.1566
2010-01-06	HighGrowth	2.5579
2010-01-06	Cash	1.705
2010-01-05	CoreStrategy	0.845795533
2010-01-05	CapitalStable	1.9647
2010-01-05	Balanced	2.1557
2010-01-05	HighGrowth	2.5579
2010-01-05	Cash	1.7037
2009-12-31	CoreStrategy	0.842500869
2009-12-31	CapitalStable	1.9647
2009-12-31	Balanced	2.1557
2009-12-31	HighGrowth	2.5579
2009-12-31	Cash	1.7037
2009-12-24	CoreStrategy	0.840418401
2009-12-24	CapitalStable	1.9558
2009-12-24	Balanced	2.1351
2009-12-24	HighGrowth	2.5115
2009-12-24	Cash	1.702
2009-12-23	CoreStrategy	0.830046527
2009-12-23	CapitalStable	1.9558
2009-12-23	Balanced	2.1351
2009-12-23	HighGrowth	2.5115
2009-12-23	Cash	1.702
2009-12-21	CoreStrategy	0.830046527
2009-12-21	CapitalStable	1.9492
2009-12-21	Balanced	2.1279
2009-12-21	HighGrowth	2.5034
2009-12-21	Cash	1.7012
2009-12-18	CoreStrategy	0.830046527
2009-12-18	CapitalStable	1.945
2009-12-18	Balanced	2.1215
2009-12-18	HighGrowth	2.4925
2009-12-18	Cash	1.7001
2009-12-17	CoreStrategy	0.828403932
2009-12-17	CapitalStable	1.945
2009-12-17	Balanced	2.1215
2009-12-17	HighGrowth	2.4925
2009-12-17	Cash	1.7001
2009-12-15	CoreStrategy	0.828403932
2009-12-15	CapitalStable	1.947
2009-12-15	Balanced	2.1246
2009-12-15	HighGrowth	2.4979
2009-12-15	Cash	1.6996
2009-12-14	CoreStrategy	0.82546507
2009-12-14	CapitalStable	1.947
2009-12-14	Balanced	2.1246
2009-12-14	HighGrowth	2.4979
2009-12-14	Cash	1.6996
2009-12-11	CoreStrategy	0.82546507
2009-12-11	CapitalStable	1.9471
2009-12-11	Balanced	2.1264
2009-12-11	HighGrowth	2.5027
2009-12-11	Cash	1.6986
2009-12-09	CoreStrategy	0.82646004
2009-12-09	CapitalStable	1.9471
2009-12-09	Balanced	2.1264
2009-12-09	HighGrowth	2.5027
2009-12-09	Cash	1.6986
2009-12-08	CoreStrategy	0.82646004
2009-12-08	CapitalStable	1.9441
2009-12-08	Balanced	2.1243
2009-12-08	HighGrowth	2.5031
2009-12-08	Cash	1.6984
2009-12-07	CoreStrategy	0.828059317
2009-12-07	CapitalStable	1.9441
2009-12-07	Balanced	2.1243
2009-12-07	HighGrowth	2.5031
2009-12-07	Cash	1.6984
2009-12-04	CoreStrategy	0.828059317
2009-12-04	CapitalStable	1.9393
2009-12-04	Balanced	2.1157
2009-12-04	HighGrowth	2.4867
2009-12-04	Cash	1.6975
2009-12-03	CoreStrategy	0.828563848
2009-12-03	CapitalStable	1.9393
2009-12-03	Balanced	2.1157
2009-12-03	HighGrowth	2.4867
2009-12-03	Cash	1.6975
2009-12-02	CoreStrategy	0.828563848
2009-12-02	CapitalStable	1.9397
2009-12-02	Balanced	2.1182
2009-12-02	HighGrowth	2.4937
2009-12-02	Cash	1.6966
2009-11-30	CoreStrategy	0.82338248
2009-11-30	CapitalStable	1.9397
2009-11-30	Balanced	2.1182
2009-11-30	HighGrowth	2.4937
2009-11-30	Cash	1.6966
2009-11-25	CoreStrategy	0.824297804
2009-11-25	CapitalStable	1.9369
2009-11-25	Balanced	2.1142
2009-11-25	HighGrowth	2.4871
2009-11-25	Cash	1.6958
2009-11-24	CoreStrategy	0.824297804
2009-11-24	CapitalStable	1.9402
2009-11-24	Balanced	2.121
2009-11-24	HighGrowth	2.5015
2009-11-24	Cash	1.6954
2009-11-23	CoreStrategy	0.822380252
2009-11-23	CapitalStable	1.9402
2009-11-23	Balanced	2.121
2009-11-23	HighGrowth	2.5015
2009-11-23	Cash	1.6954
2009-11-20	CoreStrategy	0.822380252
2009-11-20	CapitalStable	1.9332
2009-11-20	Balanced	2.1109
2009-11-20	HighGrowth	2.4858
2009-11-20	Cash	1.6943
2009-11-18	CoreStrategy	0.826712419
2009-11-18	CapitalStable	1.9332
2009-11-18	Balanced	2.1109
2009-11-18	HighGrowth	2.4858
2009-11-18	Cash	1.6943
2009-11-17	CoreStrategy	0.826712419
2009-11-17	CapitalStable	1.9319
2009-11-17	Balanced	2.1108
2009-11-17	HighGrowth	2.4882
2009-11-17	Cash	1.6938
2009-11-16	CoreStrategy	0.822845389
2009-11-16	CapitalStable	1.9319
2009-11-16	Balanced	2.1108
2009-11-16	HighGrowth	2.4882
2009-11-16	Cash	1.6938
2009-11-13	CoreStrategy	0.822845389
2009-11-13	CapitalStable	1.9235
2009-11-13	Balanced	2.0944
2009-11-13	HighGrowth	2.4549
2009-11-13	Cash	1.6932
2009-11-11	CoreStrategy	0.822880806
2009-11-11	CapitalStable	1.9235
2009-11-11	Balanced	2.0944
2009-11-11	HighGrowth	2.4549
2009-11-11	Cash	1.6932
2009-11-10	CoreStrategy	0.822880806
2009-11-10	CapitalStable	1.9177
2009-11-10	Balanced	2.0841
2009-11-10	HighGrowth	2.4342
2009-11-10	Cash	1.6927
2009-11-09	CoreStrategy	0.813453103
2009-11-09	CapitalStable	1.9177
2009-11-09	Balanced	2.0841
2009-11-09	HighGrowth	2.4342
2009-11-09	Cash	1.6927
2009-11-06	CoreStrategy	0.813453103
2009-11-06	CapitalStable	1.9213
2009-11-06	Balanced	2.0927
2009-11-06	HighGrowth	2.4536
2009-11-06	Cash	1.6922
2009-11-04	CoreStrategy	0.807542195
2009-11-04	CapitalStable	1.9213
2009-11-04	Balanced	2.0927
2009-11-04	HighGrowth	2.4536
2009-11-04	Cash	1.6922
2009-11-03	CoreStrategy	0.807542195
2009-11-03	CapitalStable	1.9239
2009-11-03	Balanced	2.1017
2009-11-03	HighGrowth	2.4764
2009-11-03	Cash	1.6914
2009-11-02	CoreStrategy	0.812609301
2009-11-02	CapitalStable	1.9239
2009-11-02	Balanced	2.1017
2009-11-02	HighGrowth	2.4764
2009-11-02	Cash	1.6914
2009-10-31	CoreStrategy	0.812609301
2009-10-31	CapitalStable	1.9275
2009-10-31	Balanced	2.1116
2009-10-31	HighGrowth	2.5005
2009-10-31	Cash	1.6904
2009-10-28	CoreStrategy	0.81889644
2009-10-28	CapitalStable	1.9275
2009-10-28	Balanced	2.1116
2009-10-28	HighGrowth	2.5005
2009-10-28	Cash	1.6904
2009-10-27	CoreStrategy	0.81889644
2009-10-27	CapitalStable	1.93
2009-10-27	Balanced	2.1147
2009-10-27	HighGrowth	2.5039
2009-10-27	Cash	1.6899
2009-10-26	CoreStrategy	0.825205152
2009-10-26	CapitalStable	1.93
2009-10-26	Balanced	2.1147
2009-10-26	HighGrowth	2.5039
2009-10-26	Cash	1.6899
2009-10-23	CoreStrategy	0.825205152
2009-10-23	CapitalStable	1.9282
2009-10-23	Balanced	2.1133
2009-10-23	HighGrowth	2.5042
2009-10-23	Cash	1.689
2009-10-21	CoreStrategy	0.825899476
2009-10-21	CapitalStable	1.9282
2009-10-21	Balanced	2.1133
2009-10-21	HighGrowth	2.5042
2009-10-21	Cash	1.689
2009-10-20	CoreStrategy	0.825899476
2009-10-20	CapitalStable	1.9278
2009-10-20	Balanced	2.11
2009-10-20	HighGrowth	2.4938
2009-10-20	Cash	1.6883
2009-10-19	CoreStrategy	0.825103746
2009-10-19	CapitalStable	1.9278
2009-10-19	Balanced	2.11
2009-10-19	HighGrowth	2.4938
2009-10-19	Cash	1.6883
2009-10-16	CoreStrategy	0.825103746
2009-10-16	CapitalStable	1.926
2009-10-16	Balanced	2.107
2009-10-16	HighGrowth	2.4886
2009-10-16	Cash	1.6875
2009-10-14	CoreStrategy	0.822659046
2009-10-14	CapitalStable	1.926
2009-10-14	Balanced	2.107
2009-10-14	HighGrowth	2.4886
2009-10-14	Cash	1.6875
2009-10-13	CoreStrategy	0.822659046
2009-10-13	CapitalStable	1.9229
2009-10-13	Balanced	2.1011
2009-10-13	HighGrowth	2.4761
2009-10-13	Cash	1.687
2009-10-12	CoreStrategy	0.82111532
2009-10-12	CapitalStable	1.9229
2009-10-12	Balanced	2.1011
2009-10-12	HighGrowth	2.4761
2009-10-12	Cash	1.687
2009-10-09	CoreStrategy	0.82111532
2009-10-09	CapitalStable	1.9169
2009-10-09	Balanced	2.09
2009-10-09	HighGrowth	2.4533
2009-10-09	Cash	1.6865
2009-10-08	CoreStrategy	0.816638196
2009-10-08	CapitalStable	1.9169
2009-10-08	Balanced	2.09
2009-10-08	HighGrowth	2.4533
2009-10-08	Cash	1.6865
2009-10-07	CoreStrategy	0.816638196
2009-10-07	CapitalStable	1.9206
2009-10-07	Balanced	2.1024
2009-10-07	HighGrowth	2.4857
2009-10-07	Cash	1.6863
2009-10-05	CoreStrategy	0.810432767
2009-10-05	CapitalStable	1.9206
2009-10-05	Balanced	2.1024
2009-10-05	HighGrowth	2.4857
2009-10-05	Cash	1.6863
2009-10-02	CoreStrategy	0.810432767
2009-10-02	CapitalStable	1.9196
2009-10-02	Balanced	2.1011
2009-10-02	HighGrowth	2.4837
2009-10-02	Cash	1.6851
2009-09-30	CoreStrategy	0.818729942
2009-09-30	CapitalStable	1.9196
2009-09-30	Balanced	2.1011
2009-09-30	HighGrowth	2.4837
2009-09-30	Cash	1.6851
2009-09-28	CoreStrategy	0.816814969
2009-09-28	CapitalStable	1.9175
2009-09-28	Balanced	2.0991
2009-09-28	HighGrowth	2.4817
2009-09-28	Cash	1.6844
2009-09-25	CoreStrategy	0.816814969
2009-09-25	CapitalStable	1.9186
2009-09-25	Balanced	2.102
2009-09-25	HighGrowth	2.4885
2009-09-25	Cash	1.6835
2009-09-23	CoreStrategy	0.816077098
2009-09-23	CapitalStable	1.9186
2009-09-23	Balanced	2.102
2009-09-23	HighGrowth	2.4885
2009-09-23	Cash	1.6835
2009-09-22	CoreStrategy	0.816077098
2009-09-22	CapitalStable	1.9106
2009-09-22	Balanced	2.0856
2009-09-22	HighGrowth	2.4537
2009-09-22	Cash	1.6827
2009-09-21	CoreStrategy	0.817395731
2009-09-21	CapitalStable	1.9106
2009-09-21	Balanced	2.0856
2009-09-21	HighGrowth	2.4537
2009-09-21	Cash	1.6827
2009-09-18	CoreStrategy	0.817395731
2009-09-18	CapitalStable	1.9086
2009-09-18	Balanced	2.0842
2009-09-18	HighGrowth	2.4533
2009-09-18	Cash	1.6814
2009-09-16	CoreStrategy	0.807822843
2009-09-16	CapitalStable	1.9086
2009-09-16	Balanced	2.0842
2009-09-16	HighGrowth	2.4533
2009-09-16	Cash	1.6814
2009-09-15	CoreStrategy	0.807822843
2009-09-15	CapitalStable	1.8968
2009-09-15	Balanced	2.0658
2009-09-15	HighGrowth	2.4214
2009-09-15	Cash	1.6807
2009-09-14	CoreStrategy	0.808077714
2009-09-14	CapitalStable	1.8968
2009-09-14	Balanced	2.0658
2009-09-14	HighGrowth	2.4214
2009-09-14	Cash	1.6807
2009-09-11	CoreStrategy	0.808077714
2009-09-11	CapitalStable	1.8928
2009-09-11	Balanced	2.0581
2009-09-11	HighGrowth	2.4051
2009-09-11	Cash	1.6801
2009-09-09	CoreStrategy	0.799809546
2009-09-09	CapitalStable	1.8928
2009-09-09	Balanced	2.0581
2009-09-09	HighGrowth	2.4051
2009-09-09	Cash	1.6801
2009-09-08	CoreStrategy	0.799809546
2009-09-08	CapitalStable	1.8924
2009-09-08	Balanced	2.0575
2009-09-08	HighGrowth	2.4039
2009-09-08	Cash	1.6795
2009-09-04	CoreStrategy	0.794202526
2009-09-04	CapitalStable	1.8945
2009-09-04	Balanced	2.063
2009-09-04	HighGrowth	2.4167
2009-09-04	Cash	1.6793
2009-09-03	CoreStrategy	0.793049161
2009-09-03	CapitalStable	1.8945
2009-09-03	Balanced	2.063
2009-09-03	HighGrowth	2.4167
2009-09-03	Cash	1.6793
2009-09-02	CoreStrategy	0.793049161
2009-09-02	CapitalStable	1.8933
2009-09-02	Balanced	2.061
2009-09-02	HighGrowth	2.4125
2009-09-02	Cash	1.6778
2009-08-31	CoreStrategy	0.796678071
2009-08-31	CapitalStable	1.8933
2009-08-31	Balanced	2.061
2009-08-31	HighGrowth	2.4125
2009-08-31	Cash	1.6778
2009-08-26	CoreStrategy	0.795134031
2009-08-26	CapitalStable	1.8857
2009-08-26	Balanced	2.047
2009-08-26	HighGrowth	2.3853
2009-08-26	Cash	1.6768
2009-08-25	CoreStrategy	0.795134031
2009-08-25	CapitalStable	1.8841
2009-08-25	Balanced	2.046
2009-08-25	HighGrowth	2.3861
2009-08-25	Cash	1.6762
2009-08-24	CoreStrategy	0.787465927
2009-08-24	CapitalStable	1.8841
2009-08-24	Balanced	2.046
2009-08-24	HighGrowth	2.3861
2009-08-24	Cash	1.6762
2009-08-21	CoreStrategy	0.787465927
2009-08-21	CapitalStable	1.8853
2009-08-21	Balanced	2.0517
2009-08-21	HighGrowth	2.4016
2009-08-21	Cash	1.6754
2009-08-19	CoreStrategy	0.787331048
2009-08-19	CapitalStable	1.8853
2009-08-19	Balanced	2.0517
2009-08-19	HighGrowth	2.4016
2009-08-19	Cash	1.6754
2009-08-18	CoreStrategy	0.787331048
2009-08-18	CapitalStable	1.8746
2009-08-18	Balanced	2.0337
2009-08-18	HighGrowth	2.3686
2009-08-18	Cash	1.673
2009-08-17	CoreStrategy	0.791934959
2009-08-17	CapitalStable	1.8746
2009-08-17	Balanced	2.0337
2009-08-17	HighGrowth	2.3686
2009-08-17	Cash	1.673
2009-08-14	CoreStrategy	0.791934959
2009-08-14	CapitalStable	1.8705
2009-08-14	Balanced	2.028
2009-08-14	HighGrowth	2.3589
2009-08-14	Cash	1.6731
2009-08-12	CoreStrategy	0.782708139
2009-08-12	CapitalStable	1.8705
2009-08-12	Balanced	2.028
2009-08-12	HighGrowth	2.3589
2009-08-12	Cash	1.6731
2009-08-11	CoreStrategy	0.782708139
2009-08-11	CapitalStable	1.8667
2009-08-11	Balanced	2.022
2009-08-11	HighGrowth	2.3482
2009-08-11	Cash	1.6725
2009-08-10	CoreStrategy	0.780399648
2009-08-10	CapitalStable	1.8667
2009-08-10	Balanced	2.022
2009-08-10	HighGrowth	2.3482
2009-08-10	Cash	1.6725
2009-08-07	CoreStrategy	0.780399648
2009-08-07	CapitalStable	1.8651
2009-08-07	Balanced	2.0173
2009-08-07	HighGrowth	2.3362
2009-08-07	Cash	1.6709
2009-08-06	CoreStrategy	0.776904722
2009-08-06	CapitalStable	1.8651
2009-08-06	Balanced	2.0173
2009-08-06	HighGrowth	2.3362
2009-08-06	Cash	1.6709
2009-08-05	CoreStrategy	0.776904722
2009-08-05	CapitalStable	1.853
2009-08-05	Balanced	1.9997
2009-08-05	HighGrowth	2.3084
2009-08-05	Cash	1.6711
2009-08-03	CoreStrategy	0.774018132
2009-08-03	CapitalStable	1.853
2009-08-03	Balanced	1.9997
2009-08-03	HighGrowth	2.3084
2009-08-03	Cash	1.6711
2009-07-31	CoreStrategy	0.774018132
2009-07-31	CapitalStable	1.8513
2009-07-31	Balanced	1.9965
2009-07-31	HighGrowth	2.3022
2009-07-31	Cash	1.6701
2009-07-29	CoreStrategy	0.765876857
2009-07-29	CapitalStable	1.8513
2009-07-29	Balanced	1.9965
2009-07-29	HighGrowth	2.3022
2009-07-29	Cash	1.6701
2009-07-28	CoreStrategy	0.765876857
2009-07-28	CapitalStable	1.8466
2009-07-28	Balanced	1.9858
2009-07-28	HighGrowth	2.279
2009-07-28	Cash	1.6694
2009-07-27	CoreStrategy	0.762665545
2009-07-27	CapitalStable	1.8466
2009-07-27	Balanced	1.9858
2009-07-27	HighGrowth	2.279
2009-07-27	Cash	1.6694
2009-07-24	CoreStrategy	0.762665545
2009-07-24	CapitalStable	1.8412
2009-07-24	Balanced	1.9776
2009-07-24	HighGrowth	2.2649
2009-07-24	Cash	1.6687
2009-07-22	CoreStrategy	0.756794608
2009-07-22	CapitalStable	1.8412
2009-07-22	Balanced	1.9776
2009-07-22	HighGrowth	2.2649
2009-07-22	Cash	1.6687
2009-07-21	CoreStrategy	0.756794608
2009-07-21	CapitalStable	1.832
2009-07-21	Balanced	1.959
2009-07-21	HighGrowth	2.2274
2009-07-21	Cash	1.6688
2009-07-20	CoreStrategy	0.751728582
2009-07-20	CapitalStable	1.832
2009-07-20	Balanced	1.959
2009-07-20	HighGrowth	2.2274
2009-07-20	Cash	1.6688
2009-07-17	CoreStrategy	0.751728582
2009-07-17	CapitalStable	1.8256
2009-07-17	Balanced	1.948
2009-07-17	HighGrowth	2.2066
2009-07-17	Cash	1.6669
2009-07-15	CoreStrategy	0.7409006
2009-07-15	CapitalStable	1.8256
2009-07-15	Balanced	1.948
2009-07-15	HighGrowth	2.2066
2009-07-15	Cash	1.6669
2009-07-14	CoreStrategy	0.7409006
2009-07-14	CapitalStable	1.8213
2009-07-14	Balanced	1.9398
2009-07-14	HighGrowth	2.1912
2009-07-14	Cash	1.6664
2009-07-13	CoreStrategy	0.734292797
2009-07-13	CapitalStable	1.8213
2009-07-13	Balanced	1.9398
2009-07-13	HighGrowth	2.1912
2009-07-13	Cash	1.6664
2009-07-10	CoreStrategy	0.734292797
2009-07-10	CapitalStable	1.8275
2009-07-10	Balanced	1.9515
2009-07-10	HighGrowth	2.2153
2009-07-10	Cash	1.666
2009-07-08	CoreStrategy	0.732905471
2009-07-08	CapitalStable	1.8275
2009-07-08	Balanced	1.9515
2009-07-08	HighGrowth	2.2153
2009-07-08	Cash	1.666
2009-07-07	CoreStrategy	0.732905471
2009-07-07	CapitalStable	1.8299
2009-07-07	Balanced	1.96
2009-07-07	HighGrowth	2.2366
2009-07-07	Cash	1.6655
2009-07-06	CoreStrategy	0.739255206
2009-07-06	CapitalStable	1.8299
2009-07-06	Balanced	1.96
2009-07-06	HighGrowth	2.2366
2009-07-06	Cash	1.6655
2009-07-03	CoreStrategy	0.739255206
2009-07-03	CapitalStable	1.8269
2009-07-03	Balanced	1.9561
2009-07-03	HighGrowth	2.2312
2009-07-03	Cash	1.6639
2009-07-01	CoreStrategy	0.745484374
2009-07-01	CapitalStable	1.8269
2009-07-01	Balanced	1.9561
2009-07-01	HighGrowth	2.2312
2009-07-01	Cash	1.6639
2009-06-30	CoreStrategy	0.745484374
2009-06-30	CapitalStable	1.8299
2009-06-30	Balanced	1.96
2009-06-30	HighGrowth	2.2366
2009-06-30	Cash	1.6655
2009-06-26	CoreStrategy	0.74345323
2009-06-26	CapitalStable	1.8333
2009-06-26	Balanced	1.9641
2009-06-26	HighGrowth	2.2491
2009-06-26	Cash	1.6632
2009-06-24	CoreStrategy	0.735365029
2009-06-24	CapitalStable	1.8333
2009-06-24	Balanced	1.9641
2009-06-24	HighGrowth	2.2491
2009-06-24	Cash	1.6632
2009-06-23	CoreStrategy	0.735365029
2009-06-23	CapitalStable	1.8388
2009-06-23	Balanced	1.972
2009-06-23	HighGrowth	2.2614
2009-06-23	Cash	1.6619
2009-06-22	CoreStrategy	0.75121931
2009-06-22	CapitalStable	1.8388
2009-06-22	Balanced	1.972
2009-06-22	HighGrowth	2.2614
2009-06-22	Cash	1.6619
2009-06-19	CoreStrategy	0.75121931
2009-06-19	CapitalStable	1.8421
2009-06-19	Balanced	1.9826
2009-06-19	HighGrowth	2.2875
2009-06-19	Cash	1.6616
2009-06-17	CoreStrategy	0.754910367
2009-06-17	CapitalStable	1.8421
2009-06-17	Balanced	1.9826
2009-06-17	HighGrowth	2.2875
2009-06-17	Cash	1.6616
2009-06-16	CoreStrategy	0.754910367
2009-06-16	CapitalStable	1.8384
2009-06-16	Balanced	1.9782
2009-06-16	HighGrowth	2.2822
2009-06-16	Cash	1.6603
2009-06-15	CoreStrategy	0.7622789
2009-06-15	CapitalStable	1.8384
2009-06-15	Balanced	1.9782
2009-06-15	HighGrowth	2.2822
2009-06-15	Cash	1.6603
2009-06-12	CoreStrategy	0.7622789
2009-06-12	CapitalStable	1.8354
2009-06-12	Balanced	1.9723
2009-06-12	HighGrowth	2.2699
2009-06-12	Cash	1.6592
2009-06-11	CoreStrategy	0.759864582
2009-06-11	CapitalStable	1.8354
2009-06-11	Balanced	1.9723
2009-06-11	HighGrowth	2.2699
2009-06-11	Cash	1.6592
2009-06-10	CoreStrategy	0.759864582
2009-06-10	CapitalStable	1.8309
2009-06-10	Balanced	1.9642
2009-06-10	HighGrowth	2.2535
2009-06-10	Cash	1.6591
2009-06-08	CoreStrategy	0.756277285
2009-06-08	CapitalStable	1.8309
2009-06-08	Balanced	1.9642
2009-06-08	HighGrowth	2.2535
2009-06-08	Cash	1.6591
2009-06-05	CoreStrategy	0.756277285
2009-06-05	CapitalStable	1.8259
2009-06-05	Balanced	1.9519
2009-06-05	HighGrowth	2.2252
2009-06-05	Cash	1.6584
2009-06-03	CoreStrategy	0.753033097
2009-06-03	CapitalStable	1.8259
2009-06-03	Balanced	1.9519
2009-06-03	HighGrowth	2.2252
2009-06-03	Cash	1.6584
2009-06-02	CoreStrategy	0.753033097
2009-06-02	CapitalStable	1.8243
2009-06-02	Balanced	1.9516
2009-06-02	HighGrowth	2.228
2009-06-02	Cash	1.6599
2009-06-01	CoreStrategy	0.744477659
2009-06-01	CapitalStable	1.8243
2009-06-01	Balanced	1.9516
2009-06-01	HighGrowth	2.228
2009-06-01	Cash	1.6599
2009-05-31	CoreStrategy	0.744477659
2009-05-31	CapitalStable	1.8194
2009-05-31	Balanced	1.943
2009-05-31	HighGrowth	2.2121
2009-05-31	Cash	1.6591
2009-05-27	CoreStrategy	0.743439044
2009-05-27	CapitalStable	1.8194
2009-05-27	Balanced	1.943
2009-05-27	HighGrowth	2.2121
2009-05-27	Cash	1.6591
2009-05-26	CoreStrategy	0.743439044
2009-05-26	CapitalStable	1.8276
2009-05-26	Balanced	1.9566
2009-05-26	HighGrowth	2.2362
2009-05-26	Cash	1.6583
2009-05-25	CoreStrategy	0.739756302
2009-05-25	CapitalStable	1.8276
2009-05-25	Balanced	1.9566
2009-05-25	HighGrowth	2.2362
2009-05-25	Cash	1.6583
2009-05-22	CoreStrategy	0.739756302
2009-05-22	CapitalStable	1.8173
2009-05-22	Balanced	1.9423
2009-05-22	HighGrowth	2.2126
2009-05-22	Cash	1.658
2009-05-20	CoreStrategy	0.745967481
2009-05-20	CapitalStable	1.8173
2009-05-20	Balanced	1.9423
2009-05-20	HighGrowth	2.2126
2009-05-20	Cash	1.658
2009-05-19	CoreStrategy	0.745967481
2009-05-19	CapitalStable	1.8212
2009-05-19	Balanced	1.9512
2009-05-19	HighGrowth	2.232
2009-05-19	Cash	1.6569
2009-05-18	CoreStrategy	0.738249376
2009-05-18	CapitalStable	1.8212
2009-05-18	Balanced	1.9512
2009-05-18	HighGrowth	2.232
2009-05-18	Cash	1.6569
2009-05-15	CoreStrategy	0.738249376
2009-05-15	CapitalStable	1.8293
2009-05-15	Balanced	1.9659
2009-05-15	HighGrowth	2.2603
2009-05-15	Cash	1.6561
2009-05-13	CoreStrategy	0.7441617
2009-05-13	CapitalStable	1.8293
2009-05-13	Balanced	1.9659
2009-05-13	HighGrowth	2.2603
2009-05-13	Cash	1.6561
2009-05-12	CoreStrategy	0.7441617
2009-05-12	CapitalStable	1.823
2009-05-12	Balanced	1.9553
2009-05-12	HighGrowth	2.2394
2009-05-12	Cash	1.6546
2009-05-11	CoreStrategy	0.751303178
2009-05-11	CapitalStable	1.823
2009-05-11	Balanced	1.9553
2009-05-11	HighGrowth	2.2394
2009-05-11	Cash	1.6546
2009-05-08	CoreStrategy	0.751303178
2009-05-08	CapitalStable	1.8142
2009-05-08	Balanced	1.9377
2009-05-08	HighGrowth	2.2045
2009-05-08	Cash	1.6542
2009-05-06	CoreStrategy	0.744455133
2009-05-06	CapitalStable	1.8142
2009-05-06	Balanced	1.9377
2009-05-06	HighGrowth	2.2045
2009-05-06	Cash	1.6542
2009-05-05	CoreStrategy	0.744455133
2009-05-05	CapitalStable	1.8098
2009-05-05	Balanced	1.9301
2009-05-05	HighGrowth	2.189
2009-05-05	Cash	1.6551
2009-05-04	CoreStrategy	0.73505912
2009-05-04	CapitalStable	1.8098
2009-05-04	Balanced	1.9301
2009-05-04	HighGrowth	2.189
2009-05-04	Cash	1.6551
2009-04-30	CoreStrategy	0.73505912
2009-04-30	CapitalStable	1.8113
2009-04-30	Balanced	1.9316
2009-04-30	HighGrowth	2.1909
2009-04-30	Cash	1.6557
2009-04-29	CoreStrategy	0.728173901
2009-04-29	CapitalStable	1.8113
2009-04-29	Balanced	1.9316
2009-04-29	HighGrowth	2.1909
2009-04-29	Cash	1.6557
2009-04-28	CoreStrategy	0.728173901
2009-04-28	CapitalStable	1.8058
2009-04-28	Balanced	1.9233
2009-04-28	HighGrowth	2.1771
2009-04-28	Cash	1.6549
2009-04-27	CoreStrategy	0.730471534
2009-04-27	CapitalStable	1.8058
2009-04-27	Balanced	1.9233
2009-04-27	HighGrowth	2.1771
2009-04-27	Cash	1.6549
2009-04-24	CoreStrategy	0.730471534
2009-04-24	CapitalStable	1.8104
2009-04-24	Balanced	1.9331
2009-04-24	HighGrowth	2.1976
2009-04-24	Cash	1.6541
2009-04-22	CoreStrategy	0.725642188
2009-04-22	CapitalStable	1.8104
2009-04-22	Balanced	1.9331
2009-04-22	HighGrowth	2.1976
2009-04-22	Cash	1.6541
2009-04-21	CoreStrategy	0.725642188
2009-04-21	CapitalStable	1.804
2009-04-21	Balanced	1.922
2009-04-21	HighGrowth	2.1765
2009-04-21	Cash	1.6534
2009-04-20	CoreStrategy	0.732640886
2009-04-20	CapitalStable	1.804
2009-04-20	Balanced	1.922
2009-04-20	HighGrowth	2.1765
2009-04-20	Cash	1.6534
2009-04-17	CoreStrategy	0.732640886
2009-04-17	CapitalStable	1.7994
2009-04-17	Balanced	1.9148
2009-04-17	HighGrowth	2.1641
2009-04-17	Cash	1.6519
2009-04-16	CoreStrategy	0.727388576
2009-04-16	CapitalStable	1.7994
2009-04-16	Balanced	1.9148
2009-04-16	HighGrowth	2.1641
2009-04-16	Cash	1.6519
2009-04-15	CoreStrategy	0.727388576
2009-04-15	CapitalStable	1.8007
2009-04-15	Balanced	1.9177
2009-04-15	HighGrowth	2.1709
2009-04-15	Cash	1.6522
2009-04-09	CoreStrategy	0.723483548
2009-04-09	CapitalStable	1.8007
2009-04-09	Balanced	1.9177
2009-04-09	HighGrowth	2.1709
2009-04-09	Cash	1.6522
2009-04-08	CoreStrategy	0.72531232
2009-04-08	CapitalStable	1.8007
2009-04-08	Balanced	1.9177
2009-04-08	HighGrowth	2.1709
2009-04-08	Cash	1.6522
2009-04-06	CoreStrategy	0.72531232
2009-04-06	CapitalStable	1.787
2009-04-06	Balanced	1.89
2009-04-06	HighGrowth	2.1151
2009-04-06	Cash	1.6518
2009-04-03	CoreStrategy	0.72531232
2009-04-03	CapitalStable	1.792
2009-04-03	Balanced	1.9021
2009-04-03	HighGrowth	2.1418
2009-04-03	Cash	1.6509
2009-04-01	CoreStrategy	0.709971384
2009-04-01	CapitalStable	1.792
2009-04-01	Balanced	1.9021
2009-04-01	HighGrowth	2.1418
2009-04-01	Cash	1.6509
2009-03-31	CoreStrategy	0.709971384
2009-03-31	CapitalStable	1.7868
2009-03-31	Balanced	1.8915
2009-03-31	HighGrowth	2.1209
2009-03-31	Cash	1.6513
2009-03-30	CoreStrategy	0.717059497
2009-03-30	CapitalStable	1.7868
2009-03-30	Balanced	1.8915
2009-03-30	HighGrowth	2.1209
2009-03-30	Cash	1.6513
2009-03-27	CoreStrategy	0.717059497
2009-03-27	CapitalStable	1.7811
2009-03-27	Balanced	1.8766
2009-03-27	HighGrowth	2.0879
2009-03-27	Cash	1.6511
2009-03-25	CoreStrategy	0.711359316
2009-03-25	CapitalStable	1.7811
2009-03-25	Balanced	1.8766
2009-03-25	HighGrowth	2.0879
2009-03-25	Cash	1.6511
2009-03-24	CoreStrategy	0.711359316
2009-03-24	CapitalStable	1.7805
2009-03-24	Balanced	1.8789
2009-03-24	HighGrowth	2.0959
2009-03-24	Cash	1.6506
2009-03-23	CoreStrategy	0.702206279
2009-03-23	CapitalStable	1.7805
2009-03-23	Balanced	1.8789
2009-03-23	HighGrowth	2.0959
2009-03-23	Cash	1.6506
2009-03-20	CoreStrategy	0.702206279
2009-03-20	CapitalStable	1.7729
2009-03-20	Balanced	1.8625
2009-03-20	HighGrowth	2.0621
2009-03-20	Cash	1.6499
2009-03-18	CoreStrategy	0.702067282
2009-03-18	CapitalStable	1.7729
2009-03-18	Balanced	1.8625
2009-03-18	HighGrowth	2.0621
2009-03-18	Cash	1.6499
2009-03-17	CoreStrategy	0.702067282
2009-03-17	CapitalStable	1.7596
2009-03-17	Balanced	1.8373
2009-03-17	HighGrowth	2.0137
2009-03-17	Cash	1.6488
2009-03-16	CoreStrategy	0.693036822
2009-03-16	CapitalStable	1.7596
2009-03-16	Balanced	1.8373
2009-03-16	HighGrowth	2.0137
2009-03-16	Cash	1.6488
2009-03-13	CoreStrategy	0.693036822
2009-03-13	CapitalStable	1.7563
2009-03-13	Balanced	1.8287
2009-03-13	HighGrowth	1.995
2009-03-13	Cash	1.6482
2009-03-12	CoreStrategy	0.679573437
2009-03-12	CapitalStable	1.7563
2009-03-12	Balanced	1.8287
2009-03-12	HighGrowth	1.995
2009-03-12	Cash	1.6482
2009-03-10	CoreStrategy	0.679573437
2009-03-10	CapitalStable	1.7583
2009-03-10	Balanced	1.8339
2009-03-10	HighGrowth	2.0065
2009-03-10	Cash	1.6494
2009-03-09	CoreStrategy	0.674430157
2009-03-09	CapitalStable	1.7583
2009-03-09	Balanced	1.8339
2009-03-09	HighGrowth	2.0065
2009-03-09	Cash	1.6494
2009-03-06	CoreStrategy	0.674430157
2009-03-06	CapitalStable	1.7739
2009-03-06	Balanced	1.8623
2009-03-06	HighGrowth	2.0598
2009-03-06	Cash	1.6511
2009-03-03	CoreStrategy	0.677422794
2009-03-03	CapitalStable	1.7777
2009-03-03	Balanced	1.8656
2009-03-03	HighGrowth	2.0605
2009-03-03	Cash	1.6528
2009-03-02	CoreStrategy	0.691006313
2009-03-02	CapitalStable	1.7777
2009-03-02	Balanced	1.8656
2009-03-02	HighGrowth	2.0605
2009-03-02	Cash	1.6528
2009-02-28	CoreStrategy	0.691006313
2009-02-28	CapitalStable	1.7801
2009-02-28	Balanced	1.8715
2009-02-28	HighGrowth	2.0735
2009-02-28	Cash	1.6532
2009-02-25	CoreStrategy	0.691807601
2009-02-25	CapitalStable	1.7801
2009-02-25	Balanced	1.8715
2009-02-25	HighGrowth	2.0735
2009-02-25	Cash	1.6532
2009-02-24	CoreStrategy	0.691807601
2009-02-24	CapitalStable	1.7864
2009-02-24	Balanced	1.8834
2009-02-24	HighGrowth	2.0943
2009-02-24	Cash	1.6534
2009-02-23	CoreStrategy	0.694480925
2009-02-23	CapitalStable	1.7864
2009-02-23	Balanced	1.8834
2009-02-23	HighGrowth	2.0943
2009-02-23	Cash	1.6534
2009-02-20	CoreStrategy	0.694480925
2009-02-20	CapitalStable	1.7924
2009-02-20	Balanced	1.8958
2009-02-20	HighGrowth	2.12
2009-02-20	Cash	1.6523
2009-02-18	CoreStrategy	0.700772828
2009-02-18	CapitalStable	1.7924
2009-02-18	Balanced	1.8958
2009-02-18	HighGrowth	2.12
2009-02-18	Cash	1.6523
2009-02-17	CoreStrategy	0.700772828
2009-02-17	CapitalStable	1.7878
2009-02-17	Balanced	1.8879
2009-02-17	HighGrowth	2.1058
2009-02-17	Cash	1.652
2009-02-16	CoreStrategy	0.708790604
2009-02-16	CapitalStable	1.7878
2009-02-16	Balanced	1.8879
2009-02-16	HighGrowth	2.1058
2009-02-16	Cash	1.652
2009-02-13	CoreStrategy	0.708790604
2009-02-13	CapitalStable	1.7914
2009-02-13	Balanced	1.8949
2009-02-13	HighGrowth	2.1197
2009-02-13	Cash	1.6515
2009-02-11	CoreStrategy	0.705239083
2009-02-11	CapitalStable	1.7914
2009-02-11	Balanced	1.8949
2009-02-11	HighGrowth	2.1197
2009-02-11	Cash	1.6515
2009-02-10	CoreStrategy	0.705239083
2009-02-10	CapitalStable	1.7947
2009-02-10	Balanced	1.9022
2009-02-10	HighGrowth	2.1347
2009-02-10	Cash	1.6512
2009-02-09	CoreStrategy	0.708872164
2009-02-09	CapitalStable	1.7947
2009-02-09	Balanced	1.9022
2009-02-09	HighGrowth	2.1347
2009-02-09	Cash	1.6512
2009-02-06	CoreStrategy	0.708872164
2009-02-06	CapitalStable	1.797
2009-02-06	Balanced	1.9066
2009-02-06	HighGrowth	2.1429
2009-02-06	Cash	1.6507
2009-02-04	CoreStrategy	0.710276705
2009-02-04	CapitalStable	1.797
2009-02-04	Balanced	1.9066
2009-02-04	HighGrowth	2.1429
2009-02-04	Cash	1.6507
2009-02-03	CoreStrategy	0.710276705
2009-02-03	CapitalStable	1.7877
2009-02-03	Balanced	1.89
2009-02-03	HighGrowth	2.112
2009-02-03	Cash	1.6501
2009-02-02	CoreStrategy	0.712069425
2009-02-02	CapitalStable	1.7877
2009-02-02	Balanced	1.89
2009-02-02	HighGrowth	2.112
2009-02-02	Cash	1.6501
2009-01-31	CoreStrategy	0.712069425
2009-01-31	CapitalStable	1.7795
2009-01-31	Balanced	1.8763
2009-01-31	HighGrowth	2.0874
2009-01-31	Cash	1.6493
2009-01-29	CoreStrategy	0.705680455
2009-01-29	CapitalStable	1.7795
2009-01-29	Balanced	1.8763
2009-01-29	HighGrowth	2.0874
2009-01-29	Cash	1.6493
2009-01-27	CoreStrategy	0.705680455
2009-01-27	CapitalStable	1.7822
2009-01-27	Balanced	1.8833
2009-01-27	HighGrowth	2.1025
2009-01-27	Cash	1.6486
2009-01-23	CoreStrategy	0.698941677
2009-01-23	CapitalStable	1.7908
2009-01-23	Balanced	1.8987
2009-01-23	HighGrowth	2.1315
2009-01-23	Cash	1.6477
2009-01-22	CoreStrategy	0.704098838
2009-01-22	CapitalStable	1.7908
2009-01-22	Balanced	1.8987
2009-01-22	HighGrowth	2.1315
2009-01-22	Cash	1.6477
2009-01-20	CoreStrategy	0.704098838
2009-01-20	CapitalStable	1.7983
2009-01-20	Balanced	1.9166
2009-01-20	HighGrowth	2.1698
2009-01-20	Cash	1.6465
2009-01-19	CoreStrategy	0.712049792
2009-01-19	CapitalStable	1.7983
2009-01-19	Balanced	1.9166
2009-01-19	HighGrowth	2.1698
2009-01-19	Cash	1.6465
2009-01-16	CoreStrategy	0.712049792
2009-01-16	CapitalStable	1.7997
2009-01-16	Balanced	1.9186
2009-01-16	HighGrowth	2.1747
2009-01-16	Cash	1.6452
2009-01-14	CoreStrategy	0.720378829
2009-01-14	CapitalStable	1.7997
2009-01-14	Balanced	1.9186
2009-01-14	HighGrowth	2.1747
2009-01-14	Cash	1.6452
2009-01-13	CoreStrategy	0.720378829
2009-01-13	CapitalStable	1.8045
2009-01-13	Balanced	1.9266
2009-01-13	HighGrowth	2.1894
2009-01-13	Cash	1.645
2009-01-12	CoreStrategy	0.725133817
2009-01-12	CapitalStable	1.8045
2009-01-12	Balanced	1.9266
2009-01-12	HighGrowth	2.1894
2009-01-12	Cash	1.645
2009-01-09	CoreStrategy	0.725133817
2009-01-09	CapitalStable	1.801
2009-01-09	Balanced	1.9214
2009-01-09	HighGrowth	2.1814
2009-01-09	Cash	1.6445
2009-01-07	CoreStrategy	0.730736939
2009-01-07	CapitalStable	1.801
2009-01-07	Balanced	1.9214
2009-01-07	HighGrowth	2.1814
2009-01-07	Cash	1.6445
2009-01-06	CoreStrategy	0.730736939
2009-01-06	CapitalStable	1.7983
2009-01-06	Balanced	1.9168
2009-01-06	HighGrowth	2.173
2009-01-06	Cash	1.6442
2009-01-02	CoreStrategy	0.727406326
2009-01-02	CapitalStable	1.7884
2009-01-02	Balanced	1.8988
2009-01-02	HighGrowth	2.139
2009-01-02	Cash	1.6482
2008-12-31	CoreStrategy	0.725507168
2008-12-31	CapitalStable	1.7884
2008-12-31	Balanced	1.8988
2008-12-31	HighGrowth	2.139
2008-12-31	Cash	1.6482
2008-12-25	CoreStrategy	0.715079584
2008-12-25	CapitalStable	1.7924
2008-12-25	Balanced	1.9071
2008-12-25	HighGrowth	2.1558
2008-12-25	Cash	1.6482
2008-12-24	CoreStrategy	0.715079584
2008-12-24	CapitalStable	1.787
2008-12-24	Balanced	1.8978
2008-12-24	HighGrowth	2.1399
2008-12-24	Cash	1.6563
2008-12-19	CoreStrategy	0.718907512
2008-12-19	CapitalStable	1.787
2008-12-19	Balanced	1.8978
2008-12-19	HighGrowth	2.1399
2008-12-19	Cash	1.6563
2008-12-18	CoreStrategy	0.713105757
2008-12-18	CapitalStable	1.787
2008-12-18	Balanced	1.8978
2008-12-18	HighGrowth	2.1399
2008-12-18	Cash	1.6563
2008-12-15	CoreStrategy	0.713105757
2008-12-15	CapitalStable	1.7926
2008-12-15	Balanced	1.9091
2008-12-15	HighGrowth	2.1622
2008-12-15	Cash	1.6556
2008-12-12	CoreStrategy	0.713105757
2008-12-12	CapitalStable	1.7854
2008-12-12	Balanced	1.8944
2008-12-12	HighGrowth	2.1306
2008-12-12	Cash	1.6547
2008-12-10	CoreStrategy	0.719192777
2008-12-10	CapitalStable	1.7854
2008-12-10	Balanced	1.8944
2008-12-10	HighGrowth	2.1306
2008-12-10	Cash	1.6547
2008-12-09	CoreStrategy	0.719192777
2008-12-09	CapitalStable	1.7997
2008-12-09	Balanced	1.9198
2008-12-09	HighGrowth	2.179
2008-12-09	Cash	1.6537
2008-12-05	CoreStrategy	0.708771283
2008-12-05	CapitalStable	1.7997
2008-12-05	Balanced	1.9198
2008-12-05	HighGrowth	2.179
2008-12-05	Cash	1.6537
2008-12-03	CoreStrategy	0.722567552
2008-12-03	CapitalStable	1.7997
2008-12-03	Balanced	1.9198
2008-12-03	HighGrowth	2.179
2008-12-03	Cash	1.6537
2008-11-28	CoreStrategy	0.722567552
2008-11-28	CapitalStable	1.7749
2008-11-28	Balanced	1.8746
2008-11-28	HighGrowth	2.0941
2008-11-28	Cash	1.655
2008-11-26	CoreStrategy	0.69801028
2008-11-26	CapitalStable	1.7749
2008-11-26	Balanced	1.8746
2008-11-26	HighGrowth	2.0941
2008-11-26	Cash	1.655
2008-11-21	CoreStrategy	0.69801028
2008-11-21	CapitalStable	1.7919
2008-11-21	Balanced	1.9101
2008-11-21	HighGrowth	2.1696
2008-11-21	Cash	1.6541
2008-11-19	CoreStrategy	0.718097063
2008-11-19	CapitalStable	1.7919
2008-11-19	Balanced	1.9101
2008-11-19	HighGrowth	2.1696
2008-11-19	Cash	1.6541
2008-11-14	CoreStrategy	0.718097063
2008-11-14	CapitalStable	1.8159
2008-11-14	Balanced	1.957
2008-11-14	HighGrowth	2.2666
2008-11-14	Cash	1.6525
2008-11-12	CoreStrategy	0.742053301
2008-11-12	CapitalStable	1.8159
2008-11-12	Balanced	1.957
2008-11-12	HighGrowth	2.2666
2008-11-12	Cash	1.6525
2008-11-07	CoreStrategy	0.742053301
2008-11-07	CapitalStable	1.8214
2008-11-07	Balanced	1.9663
2008-11-07	HighGrowth	2.2857
2008-11-07	Cash	1.6499
2008-11-05	CoreStrategy	0.745924856
2008-11-05	CapitalStable	1.8214
2008-11-05	Balanced	1.9663
2008-11-05	HighGrowth	2.2857
2008-11-05	Cash	1.6499
2008-10-31	CoreStrategy	0.745924856
2008-10-31	CapitalStable	1.817
2008-10-31	Balanced	1.9553
2008-10-31	HighGrowth	2.2619
2008-10-31	Cash	1.6564
2008-10-29	CoreStrategy	0.734763509
2008-10-29	CapitalStable	1.817
2008-10-29	Balanced	1.9553
2008-10-29	HighGrowth	2.2619
2008-10-29	Cash	1.6564
2008-10-24	CoreStrategy	0.734763509
2008-10-24	CapitalStable	1.8231
2008-10-24	Balanced	1.9629
2008-10-24	HighGrowth	2.2734
2008-10-24	Cash	1.6585
2008-10-22	CoreStrategy	0.743847088
2008-10-22	CapitalStable	1.8231
2008-10-22	Balanced	1.9629
2008-10-22	HighGrowth	2.2734
2008-10-22	Cash	1.6585
2008-10-17	CoreStrategy	0.743847088
2008-10-17	CapitalStable	1.8452
2008-10-17	Balanced	2.0051
2008-10-17	HighGrowth	2.3576
2008-10-17	Cash	1.6594
2008-10-15	CoreStrategy	0.762529596
2008-10-15	CapitalStable	1.835
2008-10-15	Balanced	1.9797
2008-10-15	HighGrowth	2.3022
2008-10-15	Cash	1.6597
2008-10-13	CoreStrategy	0.762529596
2008-10-13	CapitalStable	1.8734
2008-10-13	Balanced	2.0479
2008-10-13	HighGrowth	2.4366
2008-10-13	Cash	1.6575
2008-10-10	CoreStrategy	0.748420695
2008-10-10	CapitalStable	1.8734
2008-10-10	Balanced	2.0479
2008-10-10	HighGrowth	2.4366
2008-10-10	Cash	1.6575
2008-10-09	CoreStrategy	0.791150416
2008-10-09	CapitalStable	1.8734
2008-10-09	Balanced	2.0479
2008-10-09	HighGrowth	2.4366
2008-10-09	Cash	1.6575
2008-10-03	CoreStrategy	0.791150416
2008-10-03	CapitalStable	1.8747
2008-10-03	Balanced	2.0509
2008-10-03	HighGrowth	2.4429
2008-10-03	Cash	1.6567
2008-10-01	CoreStrategy	0.792363351
2008-10-01	CapitalStable	1.8847
2008-10-01	Balanced	2.0732
2008-10-01	HighGrowth	2.4934
2008-10-01	Cash	1.6564
2008-09-30	CoreStrategy	0.792363351
2008-09-30	CapitalStable	1.8898
2008-09-30	Balanced	2.0806
2008-09-30	HighGrowth	2.5048
2008-09-30	Cash	1.6568
2008-09-26	CoreStrategy	0.805055446
2008-09-26	CapitalStable	1.8898
2008-09-26	Balanced	2.0806
2008-09-26	HighGrowth	2.5048
2008-09-26	Cash	1.6568
2008-09-24	CoreStrategy	0.807842704
2008-09-24	CapitalStable	1.8898
2008-09-24	Balanced	2.0806
2008-09-24	HighGrowth	2.5048
2008-09-24	Cash	1.6568
2008-09-19	CoreStrategy	0.807842704
2008-09-19	CapitalStable	1.8973
2008-09-19	Balanced	2.0942
2008-09-19	HighGrowth	2.532
2008-09-19	Cash	1.6542
2008-09-17	CoreStrategy	0.813763182
2008-09-17	CapitalStable	1.8973
2008-09-17	Balanced	2.0942
2008-09-17	HighGrowth	2.532
2008-09-17	Cash	1.6542
2008-09-12	CoreStrategy	0.813763182
2008-09-12	CapitalStable	1.9018
2008-09-12	Balanced	2.0997
2008-09-12	HighGrowth	2.5422
2008-09-12	Cash	1.6538
2008-09-10	CoreStrategy	0.815158943
2008-09-10	CapitalStable	1.9018
2008-09-10	Balanced	2.0997
2008-09-10	HighGrowth	2.5422
2008-09-10	Cash	1.6538
2008-09-05	CoreStrategy	0.815158943
2008-09-05	CapitalStable	1.9061
2008-09-05	Balanced	2.1104
2008-09-05	HighGrowth	2.5675
2008-09-05	Cash	1.6521
2008-09-03	CoreStrategy	0.823372125
2008-09-03	CapitalStable	1.9061
2008-09-03	Balanced	2.1104
2008-09-03	HighGrowth	2.5675
2008-09-03	Cash	1.6521
2008-08-31	CoreStrategy	0.823372125
2008-08-31	CapitalStable	1.8924
2008-08-31	Balanced	2.0845
2008-08-31	HighGrowth	2.5141
2008-08-31	Cash	1.6497
2008-08-27	CoreStrategy	0.811643902
2008-08-27	CapitalStable	1.8924
2008-08-27	Balanced	2.0845
2008-08-27	HighGrowth	2.5141
2008-08-27	Cash	1.6497
2008-08-22	CoreStrategy	0.811643902
2008-08-22	CapitalStable	1.8966
2008-08-22	Balanced	2.0942
2008-08-22	HighGrowth	2.5361
2008-08-22	Cash	1.648
2008-08-20	CoreStrategy	0.816078921
2008-08-20	CapitalStable	1.8966
2008-08-20	Balanced	2.0942
2008-08-20	HighGrowth	2.5361
2008-08-20	Cash	1.648
2008-08-15	CoreStrategy	0.816078921
2008-08-15	CapitalStable	1.8887
2008-08-15	Balanced	2.0819
2008-08-15	HighGrowth	2.5129
2008-08-15	Cash	1.6456
2008-08-13	CoreStrategy	0.812274749
2008-08-13	CapitalStable	1.8887
2008-08-13	Balanced	2.0819
2008-08-13	HighGrowth	2.5129
2008-08-13	Cash	1.6456
2008-08-08	CoreStrategy	0.812274749
2008-08-08	CapitalStable	1.8705
2008-08-08	Balanced	2.0525
2008-08-08	HighGrowth	2.4603
2008-08-08	Cash	1.6433
2008-08-07	CoreStrategy	0.801607463
2008-08-07	CapitalStable	1.8705
2008-08-07	Balanced	2.0525
2008-08-07	HighGrowth	2.4603
2008-08-07	Cash	1.6433
2008-08-06	CoreStrategy	0.801607463
2008-08-06	CapitalStable	1.8719
2008-08-06	Balanced	2.057
2008-08-06	HighGrowth	2.4721
2008-08-06	Cash	1.6426
2008-08-01	CoreStrategy	0.801607463
2008-08-01	CapitalStable	1.8668
2008-08-01	Balanced	2.0511
2008-08-01	HighGrowth	2.4651
2008-08-01	Cash	1.6412
2008-07-31	CoreStrategy	0.804663475
2008-07-31	CapitalStable	1.8668
2008-07-31	Balanced	2.0511
2008-07-31	HighGrowth	2.4651
2008-07-31	Cash	1.6412
2008-07-30	CoreStrategy	0.803402339
2008-07-30	CapitalStable	1.8668
2008-07-30	Balanced	2.0511
2008-07-30	HighGrowth	2.4651
2008-07-30	Cash	1.6412
2008-07-25	CoreStrategy	0.803402339
2008-07-25	CapitalStable	1.8535
2008-07-25	Balanced	2.0288
2008-07-25	HighGrowth	2.4237
2008-07-25	Cash	1.6385
2008-07-23	CoreStrategy	0.794528887
2008-07-23	CapitalStable	1.8535
2008-07-23	Balanced	2.0288
2008-07-23	HighGrowth	2.4237
2008-07-23	Cash	1.6385
2008-07-18	CoreStrategy	0.794528887
2008-07-18	CapitalStable	1.856
2008-07-18	Balanced	2.0344
2008-07-18	HighGrowth	2.4381
2008-07-18	Cash	1.6355
2008-07-16	CoreStrategy	0.796963691
2008-07-16	CapitalStable	1.856
2008-07-16	Balanced	2.0344
2008-07-16	HighGrowth	2.4381
2008-07-16	Cash	1.6355
2008-07-11	CoreStrategy	0.796963691
2008-07-11	CapitalStable	1.8595
2008-07-11	Balanced	2.0448
2008-07-11	HighGrowth	2.464
2008-07-11	Cash	1.6341
2008-07-09	CoreStrategy	0.801716627
2008-07-09	CapitalStable	1.8595
2008-07-09	Balanced	2.0448
2008-07-09	HighGrowth	2.464
2008-07-09	Cash	1.6341
2008-07-04	CoreStrategy	0.801716627
2008-07-04	CapitalStable	1.8665
2008-07-04	Balanced	2.0615
2008-07-04	HighGrowth	2.5026
2008-07-04	Cash	1.6332
2008-06-30	CoreStrategy	0.80869697
2008-06-30	CapitalStable	1.8665
2008-06-30	Balanced	2.0615
2008-06-30	HighGrowth	2.5026
2008-06-30	Cash	1.6332
2008-06-25	CoreStrategy	0.812738493
2008-06-25	CapitalStable	1.8737
2008-06-25	Balanced	2.0781
2008-06-25	HighGrowth	2.5425
2008-06-25	Cash	1.6303
2008-06-20	CoreStrategy	0.815233075
2008-06-20	CapitalStable	1.8813
2008-06-20	Balanced	2.0966
2008-06-20	HighGrowth	2.5848
2008-06-20	Cash	1.6287
2008-06-18	CoreStrategy	0.82358779
2008-06-18	CapitalStable	1.8813
2008-06-18	Balanced	2.0966
2008-06-18	HighGrowth	2.5848
2008-06-18	Cash	1.6287
2008-06-13	CoreStrategy	0.82358779
2008-06-13	CapitalStable	1.8902
2008-06-13	Balanced	2.1124
2008-06-13	HighGrowth	2.6162
2008-06-13	Cash	1.6273
2008-06-12	CoreStrategy	0.831074435
2008-06-12	CapitalStable	1.8902
2008-06-12	Balanced	2.1124
2008-06-12	HighGrowth	2.6162
2008-06-12	Cash	1.6273
2008-06-06	CoreStrategy	0.831074435
2008-06-06	CapitalStable	1.8992
2008-06-06	Balanced	2.129
2008-06-06	HighGrowth	2.6499
2008-06-06	Cash	1.6256
2008-06-04	CoreStrategy	0.838077812
2008-06-04	CapitalStable	1.8992
2008-06-04	Balanced	2.129
2008-06-04	HighGrowth	2.6499
2008-06-04	Cash	1.6256
2008-05-31	CoreStrategy	0.838077812
2008-05-31	CapitalStable	1.8928
2008-05-31	Balanced	2.1226
2008-05-31	HighGrowth	2.6449
2008-05-31	Cash	1.6219
2008-05-28	CoreStrategy	0.836229789
2008-05-28	CapitalStable	1.8928
2008-05-28	Balanced	2.1226
2008-05-28	HighGrowth	2.6449
2008-05-28	Cash	1.6219
2008-05-23	CoreStrategy	0.836229789
2008-05-23	CapitalStable	1.9063
2008-05-23	Balanced	2.1476
2008-05-23	HighGrowth	2.696
2008-05-23	Cash	1.6198
2008-05-21	CoreStrategy	0.847202131
2008-05-21	CapitalStable	1.9063
2008-05-21	Balanced	2.1476
2008-05-21	HighGrowth	2.696
2008-05-21	Cash	1.6198
2008-05-16	CoreStrategy	0.847202131
2008-05-16	CapitalStable	1.8958
2008-05-16	Balanced	2.1281
2008-05-16	HighGrowth	2.6555
2008-05-16	Cash	1.617
2008-05-14	CoreStrategy	0.837726361
2008-05-14	CapitalStable	1.8958
2008-05-14	Balanced	2.1281
2008-05-14	HighGrowth	2.6555
2008-05-14	Cash	1.617
2008-05-09	CoreStrategy	0.837726361
2008-05-09	CapitalStable	1.8957
2008-05-09	Balanced	2.1276
2008-05-09	HighGrowth	2.6527
2008-05-09	Cash	1.6145
2008-05-07	CoreStrategy	0.83727714
2008-05-07	CapitalStable	1.8957
2008-05-07	Balanced	2.1276
2008-05-07	HighGrowth	2.6527
2008-05-07	Cash	1.6145
2008-05-05	CoreStrategy	0.83727714
2008-05-05	CapitalStable	1.8868
2008-05-05	Balanced	2.1124
2008-05-05	HighGrowth	2.6231
2008-05-05	Cash	1.6135
2008-05-02	CoreStrategy	0.83727714
2008-05-02	CapitalStable	1.8835
2008-05-02	Balanced	2.1082
2008-05-02	HighGrowth	2.6176
2008-05-02	Cash	1.6112
2008-04-30	CoreStrategy	0.830521682
2008-04-30	CapitalStable	1.8835
2008-04-30	Balanced	2.1082
2008-04-30	HighGrowth	2.6176
2008-04-30	Cash	1.6112
2008-04-24	CoreStrategy	0.828857479
2008-04-24	CapitalStable	1.8809
2008-04-24	Balanced	2.1031
2008-04-24	HighGrowth	2.6061
2008-04-24	Cash	1.609
2008-04-23	CoreStrategy	0.82563103
2008-04-23	CapitalStable	1.8809
2008-04-23	Balanced	2.1031
2008-04-23	HighGrowth	2.6061
2008-04-23	Cash	1.609
2008-04-18	CoreStrategy	0.82563103
2008-04-18	CapitalStable	1.8745
2008-04-18	Balanced	2.0932
2008-04-18	HighGrowth	2.5877
2008-04-18	Cash	1.6065
2008-04-16	CoreStrategy	0.821504225
2008-04-16	CapitalStable	1.8745
2008-04-16	Balanced	2.0932
2008-04-16	HighGrowth	2.5877
2008-04-16	Cash	1.6065
2008-04-11	CoreStrategy	0.821504225
2008-04-11	CapitalStable	1.886
2008-04-11	Balanced	2.1171
2008-04-11	HighGrowth	2.6407
2008-04-11	Cash	1.6035
2008-04-09	CoreStrategy	0.832131122
2008-04-09	CapitalStable	1.886
2008-04-09	Balanced	2.1171
2008-04-09	HighGrowth	2.6407
2008-04-09	Cash	1.6035
2008-04-04	CoreStrategy	0.832131122
2008-04-04	CapitalStable	1.8688
2008-04-04	Balanced	2.086
2008-04-04	HighGrowth	2.5784
2008-04-04	Cash	1.6027
2008-04-03	CoreStrategy	0.817724115
2008-04-03	CapitalStable	1.8688
2008-04-03	Balanced	2.086
2008-04-03	HighGrowth	2.5784
2008-04-03	Cash	1.6027
2008-04-02	CoreStrategy	0.817724115
2008-04-02	CapitalStable	1.8643
2008-04-02	Balanced	2.0801
2008-04-02	HighGrowth	2.5695
2008-04-02	Cash	1.6022
2008-03-31	CoreStrategy	0.817724115
2008-03-31	CapitalStable	1.8559
2008-03-31	Balanced	2.0642
2008-03-31	HighGrowth	2.5362
2008-03-31	Cash	1.6
2008-03-28	CoreStrategy	0.815321767
2008-03-28	CapitalStable	1.8559
2008-03-28	Balanced	2.0642
2008-03-28	HighGrowth	2.5362
2008-03-28	Cash	1.6
2008-03-27	CoreStrategy	0.807241272
2008-03-27	CapitalStable	1.8559
2008-03-27	Balanced	2.0642
2008-03-27	HighGrowth	2.5362
2008-03-27	Cash	1.6
2008-03-20	CoreStrategy	0.807241272
2008-03-20	CapitalStable	1.8461
2008-03-20	Balanced	2.0486
2008-03-20	HighGrowth	2.508
2008-03-20	Cash	1.5987
2008-03-19	CoreStrategy	0.802785131
2008-03-19	CapitalStable	1.8461
2008-03-19	Balanced	2.0486
2008-03-19	HighGrowth	2.508
2008-03-19	Cash	1.5987
2008-03-14	CoreStrategy	0.802785131
2008-03-14	CapitalStable	1.8522
2008-03-14	Balanced	2.0589
2008-03-14	HighGrowth	2.5279
2008-03-14	Cash	1.5984
2008-03-12	CoreStrategy	0.806911363
2008-03-12	CapitalStable	1.8522
2008-03-12	Balanced	2.0589
2008-03-12	HighGrowth	2.5279
2008-03-12	Cash	1.5984
2008-03-07	CoreStrategy	0.806911363
2008-03-07	CapitalStable	1.8636
2008-03-07	Balanced	2.0841
2008-03-07	HighGrowth	2.585
2008-03-07	Cash	1.5971
2008-03-05	CoreStrategy	0.818820503
2008-03-05	CapitalStable	1.8636
2008-03-05	Balanced	2.0841
2008-03-05	HighGrowth	2.585
2008-03-05	Cash	1.5971
2008-02-29	CoreStrategy	0.818820503
2008-02-29	CapitalStable	1.8638
2008-02-29	Balanced	2.0859
2008-02-29	HighGrowth	2.5906
2008-02-29	Cash	1.5973
2008-02-27	CoreStrategy	0.818694116
2008-02-27	CapitalStable	1.8638
2008-02-27	Balanced	2.0859
2008-02-27	HighGrowth	2.5906
2008-02-27	Cash	1.5973
2008-02-22	CoreStrategy	0.818694116
2008-02-22	CapitalStable	1.8664
2008-02-22	Balanced	2.0913
2008-02-22	HighGrowth	2.6025
2008-02-22	Cash	1.5963
2008-02-20	CoreStrategy	0.820248866
2008-02-20	CapitalStable	1.8664
2008-02-20	Balanced	2.0913
2008-02-20	HighGrowth	2.6025
2008-02-20	Cash	1.5963
2008-02-15	CoreStrategy	0.820248866
2008-02-15	CapitalStable	1.8711
2008-02-15	Balanced	2.0957
2008-02-15	HighGrowth	2.608
2008-02-15	Cash	1.5961
2008-02-13	CoreStrategy	0.821272291
2008-02-13	CapitalStable	1.8711
2008-02-13	Balanced	2.0957
2008-02-13	HighGrowth	2.608
2008-02-13	Cash	1.5961
2008-02-11	CoreStrategy	0.821272291
2008-02-11	CapitalStable	1.8838
2008-02-11	Balanced	2.1222
2008-02-11	HighGrowth	2.6669
2008-02-11	Cash	1.595
2008-02-08	CoreStrategy	0.821272291
2008-02-08	CapitalStable	1.8763
2008-02-08	Balanced	2.1076
2008-02-08	HighGrowth	2.636
2008-02-08	Cash	1.5944
2008-02-06	CoreStrategy	0.833463389
2008-02-06	CapitalStable	1.8763
2008-02-06	Balanced	2.1076
2008-02-06	HighGrowth	2.636
2008-02-06	Cash	1.5944
2008-02-01	CoreStrategy	0.833463389
2008-02-01	CapitalStable	1.8774
2008-02-01	Balanced	2.1144
2008-02-01	HighGrowth	2.6569
2008-02-01	Cash	1.5925
2008-01-31	CoreStrategy	0.82617211
2008-01-31	CapitalStable	1.8774
2008-01-31	Balanced	2.1144
2008-01-31	HighGrowth	2.6569
2008-01-31	Cash	1.5925
2008-01-29	CoreStrategy	0.828470441
2008-01-29	CapitalStable	1.8644
2008-01-29	Balanced	2.0851
2008-01-29	HighGrowth	2.589
2008-01-29	Cash	1.5941
2008-01-25	CoreStrategy	0.828470441
2008-01-25	CapitalStable	1.8772
2008-01-25	Balanced	2.1112
2008-01-25	HighGrowth	2.6475
2008-01-25	Cash	1.5948
2008-01-23	CoreStrategy	0.81474022
2008-01-23	CapitalStable	1.8772
2008-01-23	Balanced	2.1112
2008-01-23	HighGrowth	2.6475
2008-01-23	Cash	1.5948
2008-01-18	CoreStrategy	0.827917417
2008-01-18	CapitalStable	1.8874
2008-01-18	Balanced	2.1344
2008-01-18	HighGrowth	2.7015
2008-01-18	Cash	1.5941
2008-01-16	CoreStrategy	0.840046692
2008-01-16	CapitalStable	1.8874
2008-01-16	Balanced	2.1344
2008-01-16	HighGrowth	2.7015
2008-01-16	Cash	1.5941
2008-01-11	CoreStrategy	0.840046692
2008-01-11	CapitalStable	1.8992
2008-01-11	Balanced	2.1627
2008-01-11	HighGrowth	2.769
2008-01-11	Cash	1.5919
2008-01-09	CoreStrategy	0.851140848
2008-01-09	CapitalStable	1.8992
2008-01-09	Balanced	2.1627
2008-01-09	HighGrowth	2.769
2008-01-09	Cash	1.5919
2008-01-04	CoreStrategy	0.851140848
2008-01-04	CapitalStable	1.9032
2008-01-04	Balanced	2.1722
2008-01-04	HighGrowth	2.7911
2008-01-04	Cash	1.5913
2008-01-03	CoreStrategy	0.856332317
2008-01-03	CapitalStable	1.9032
2008-01-03	Balanced	2.1722
2008-01-03	HighGrowth	2.7911
2008-01-03	Cash	1.5913
2007-12-31	CoreStrategy	0.856332317
2007-12-31	CapitalStable	1.9027
2007-12-31	Balanced	2.1782
2007-12-31	HighGrowth	2.8134
2007-12-31	Cash	1.5872
2007-12-19	CoreStrategy	0.858185916
2007-12-19	CapitalStable	1.9027
2007-12-19	Balanced	2.1782
2007-12-19	HighGrowth	2.8134
2007-12-19	Cash	1.5872
2007-12-14	CoreStrategy	0.858185916
2007-12-14	CapitalStable	1.9124
2007-12-14	Balanced	2.1944
2007-12-14	HighGrowth	2.844
2007-12-14	Cash	1.5865
2007-12-12	CoreStrategy	0.866357587
2007-12-12	CapitalStable	1.9124
2007-12-12	Balanced	2.1944
2007-12-12	HighGrowth	2.844
2007-12-12	Cash	1.5865
2007-12-07	CoreStrategy	0.866357587
2007-12-07	CapitalStable	1.902
2007-12-07	Balanced	2.1758
2007-12-07	HighGrowth	2.8051
2007-12-07	Cash	1.5855
2007-12-05	CoreStrategy	0.857958769
2007-12-05	CapitalStable	1.902
2007-12-05	Balanced	2.1758
2007-12-05	HighGrowth	2.8051
2007-12-05	Cash	1.5855
2007-11-30	CoreStrategy	0.857958769
2007-11-30	CapitalStable	1.8926
2007-11-30	Balanced	2.1574
2007-11-30	HighGrowth	2.7656
2007-11-30	Cash	1.585
2007-11-28	CoreStrategy	0.847670631
2007-11-28	CapitalStable	1.8926
2007-11-28	Balanced	2.1574
2007-11-28	HighGrowth	2.7656
2007-11-28	Cash	1.585
2007-11-23	CoreStrategy	0.847670631
2007-11-23	CapitalStable	1.8925
2007-11-23	Balanced	2.1605
2007-11-23	HighGrowth	2.7752
2007-11-23	Cash	1.584
2007-11-21	CoreStrategy	0.851617303
2007-11-21	CapitalStable	1.8925
2007-11-21	Balanced	2.1605
2007-11-21	HighGrowth	2.7752
2007-11-21	Cash	1.584
2007-11-16	CoreStrategy	0.851617303
2007-11-16	CapitalStable	1.8909
2007-11-16	Balanced	2.1577
2007-11-16	HighGrowth	2.7703
2007-11-16	Cash	1.584
2007-11-14	CoreStrategy	0.852381686
2007-11-14	CapitalStable	1.8909
2007-11-14	Balanced	2.1577
2007-11-14	HighGrowth	2.7703
2007-11-14	Cash	1.584
2007-11-09	CoreStrategy	0.852381686
2007-11-09	CapitalStable	1.8969
2007-11-09	Balanced	2.1712
2007-11-09	HighGrowth	2.8007
2007-11-09	Cash	1.5827
2007-11-07	CoreStrategy	0.859667186
2007-11-07	CapitalStable	1.8969
2007-11-07	Balanced	2.1712
2007-11-07	HighGrowth	2.8007
2007-11-07	Cash	1.5827
2007-11-05	CoreStrategy	0.859667186
2007-11-05	CapitalStable	1.8989
2007-11-05	Balanced	2.1763
2007-11-05	HighGrowth	2.812
2007-11-05	Cash	1.5816
2007-11-02	CoreStrategy	0.859667186
2007-11-02	CapitalStable	1.8982
2007-11-02	Balanced	2.1754
2007-11-02	HighGrowth	2.8102
2007-11-02	Cash	1.5789
2007-10-31	CoreStrategy	0.862849844
2007-10-31	CapitalStable	1.8982
2007-10-31	Balanced	2.1754
2007-10-31	HighGrowth	2.8102
2007-10-31	Cash	1.5789
2007-10-24	CoreStrategy	0.860099734
2007-10-24	CapitalStable	1.8982
2007-10-24	Balanced	2.1754
2007-10-24	HighGrowth	2.8102
2007-10-24	Cash	1.5789
2007-10-19	CoreStrategy	0.860099734
2007-10-19	CapitalStable	1.9007
2007-10-19	Balanced	2.1832
2007-10-19	HighGrowth	2.8311
2007-10-19	Cash	1.5772
2007-10-17	CoreStrategy	0.865825629
2007-10-17	CapitalStable	1.9007
2007-10-17	Balanced	2.1832
2007-10-17	HighGrowth	2.8311
2007-10-17	Cash	1.5772
2007-10-12	CoreStrategy	0.865825629
2007-10-12	CapitalStable	1.8927
2007-10-12	Balanced	2.1703
2007-10-12	HighGrowth	2.807
2007-10-12	Cash	1.5745
2007-10-10	CoreStrategy	0.859592977
2007-10-10	CapitalStable	1.8927
2007-10-10	Balanced	2.1703
2007-10-10	HighGrowth	2.807
2007-10-10	Cash	1.5745
2007-10-05	CoreStrategy	0.859592977
2007-10-05	CapitalStable	1.889
2007-10-05	Balanced	2.1646
2007-10-05	HighGrowth	2.7955
2007-10-05	Cash	1.5738
2007-10-04	CoreStrategy	0.855641802
2007-10-04	CapitalStable	1.889
2007-10-04	Balanced	2.1646
2007-10-04	HighGrowth	2.7955
2007-10-04	Cash	1.5738
2007-09-30	CoreStrategy	0.855641802
2007-09-30	CapitalStable	1.881
2007-09-30	Balanced	2.1506
2007-09-30	HighGrowth	2.7652
2007-09-30	Cash	1.5707
2007-09-26	CoreStrategy	0.847515563
2007-09-26	CapitalStable	1.881
2007-09-26	Balanced	2.1506
2007-09-26	HighGrowth	2.7652
2007-09-26	Cash	1.5707
2007-09-21	CoreStrategy	0.847515563
2007-09-21	CapitalStable	1.879
2007-09-21	Balanced	2.1465
2007-09-21	HighGrowth	2.7552
2007-09-21	Cash	1.5688
2007-09-19	CoreStrategy	0.844032723
2007-09-19	CapitalStable	1.879
2007-09-19	Balanced	2.1465
2007-09-19	HighGrowth	2.7552
2007-09-19	Cash	1.5688
2007-09-14	CoreStrategy	0.844032723
2007-09-14	CapitalStable	1.876
2007-09-14	Balanced	2.143
2007-09-14	HighGrowth	2.7506
2007-09-14	Cash	1.568
2007-09-12	CoreStrategy	0.841386569
2007-09-12	CapitalStable	1.876
2007-09-12	Balanced	2.143
2007-09-12	HighGrowth	2.7506
2007-09-12	Cash	1.568
2007-09-07	CoreStrategy	0.841386569
2007-09-07	CapitalStable	1.8791
2007-09-07	Balanced	2.1496
2007-09-07	HighGrowth	2.7648
2007-09-07	Cash	1.5661
2007-09-05	CoreStrategy	0.843868188
2007-09-05	CapitalStable	1.8791
2007-09-05	Balanced	2.1496
2007-09-05	HighGrowth	2.7648
2007-09-05	Cash	1.5661
2007-08-31	CoreStrategy	0.843868188
2007-08-31	CapitalStable	1.867
2007-08-31	Balanced	2.1274
2007-08-31	HighGrowth	2.7165
2007-08-31	Cash	1.5646
2007-08-29	CoreStrategy	0.833981467
2007-08-29	CapitalStable	1.867
2007-08-29	Balanced	2.1274
2007-08-29	HighGrowth	2.7165
2007-08-29	Cash	1.5646
2007-08-24	CoreStrategy	0.833981467
2007-08-24	CapitalStable	1.8511
2007-08-24	Balanced	2.0973
2007-08-24	HighGrowth	2.6502
2007-08-24	Cash	1.5632
2007-08-22	CoreStrategy	0.816974968
2007-08-22	CapitalStable	1.8511
2007-08-22	Balanced	2.0973
2007-08-22	HighGrowth	2.6502
2007-08-22	Cash	1.5632
2007-08-17	CoreStrategy	0.816974968
2007-08-17	CapitalStable	1.8543
2007-08-17	Balanced	2.1043
2007-08-17	HighGrowth	2.6693
2007-08-17	Cash	1.5622
2007-08-15	CoreStrategy	0.825584836
2007-08-15	CapitalStable	1.8543
2007-08-15	Balanced	2.1043
2007-08-15	HighGrowth	2.6693
2007-08-15	Cash	1.5622
2007-08-10	CoreStrategy	0.825584836
2007-08-10	CapitalStable	1.8566
2007-08-10	Balanced	2.1095
2007-08-10	HighGrowth	2.6819
2007-08-10	Cash	1.5612
2007-08-09	CoreStrategy	0.82915859
2007-08-09	CapitalStable	1.8566
2007-08-09	Balanced	2.1095
2007-08-09	HighGrowth	2.6819
2007-08-09	Cash	1.5612
2007-08-03	CoreStrategy	0.82915859
2007-08-03	CapitalStable	1.8636
2007-08-03	Balanced	2.1242
2007-08-03	HighGrowth	2.7162
2007-08-03	Cash	1.5614
2007-07-31	CoreStrategy	0.836724194
2007-07-31	CapitalStable	1.8747
2007-07-31	Balanced	2.1475
2007-07-31	HighGrowth	2.7715
2007-07-31	Cash	1.5599
2007-07-25	CoreStrategy	0.850188522
2007-07-25	CapitalStable	1.8747
2007-07-25	Balanced	2.1475
2007-07-25	HighGrowth	2.7715
2007-07-25	Cash	1.5599
2007-07-20	CoreStrategy	0.850188522
2007-07-20	CapitalStable	1.875
2007-07-20	Balanced	2.1517
2007-07-20	HighGrowth	2.7848
2007-07-20	Cash	1.5569
2007-07-18	CoreStrategy	0.851980662
2007-07-18	CapitalStable	1.875
2007-07-18	Balanced	2.1517
2007-07-18	HighGrowth	2.7848
2007-07-18	Cash	1.5569
2007-07-13	CoreStrategy	0.851980662
2007-07-13	CapitalStable	1.8699
2007-07-13	Balanced	2.1441
2007-07-13	HighGrowth	2.7709
2007-07-13	Cash	1.5565
2007-07-11	CoreStrategy	0.848128054
2007-07-11	CapitalStable	1.8699
2007-07-11	Balanced	2.1441
2007-07-11	HighGrowth	2.7709
2007-07-11	Cash	1.5565
2007-07-06	CoreStrategy	0.848128054
2007-07-06	CapitalStable	1.8651
2007-07-06	Balanced	2.1338
2007-07-06	HighGrowth	2.7446
2007-07-06	Cash	1.5558
2007-07-04	CoreStrategy	0.84198392
2007-07-04	CapitalStable	1.8651
2007-07-04	Balanced	2.1338
2007-07-04	HighGrowth	2.7446
2007-07-04	Cash	1.5558
2007-06-30	CoreStrategy	0.84198392
2007-06-30	CapitalStable	1.8651
2007-06-30	Balanced	2.1338
2007-06-30	HighGrowth	2.7446
2007-06-30	Cash	1.5558
2007-06-27	CoreStrategy	0.842906918
2007-06-27	CapitalStable	1.8648
2007-06-27	Balanced	2.1353
2007-06-27	HighGrowth	2.7511
2007-06-27	Cash	1.5543
2007-06-22	CoreStrategy	0.842906918
2007-06-22	CapitalStable	1.8634
2007-06-22	Balanced	2.135
2007-06-22	HighGrowth	2.752
2007-06-22	Cash	1.5527
2007-06-20	CoreStrategy	0.842548315
2007-06-20	CapitalStable	1.8634
2007-06-20	Balanced	2.135
2007-06-20	HighGrowth	2.752
2007-06-20	Cash	1.5527
2007-06-15	CoreStrategy	0.842548315
2007-06-15	CapitalStable	1.8547
2007-06-15	Balanced	2.1192
2007-06-15	HighGrowth	2.719
2007-06-15	Cash	1.5511
2007-06-14	CoreStrategy	0.83534006
2007-06-14	CapitalStable	1.8547
2007-06-14	Balanced	2.1192
2007-06-14	HighGrowth	2.719
2007-06-14	Cash	1.5511
2007-06-08	CoreStrategy	0.83534006
2007-06-08	CapitalStable	1.8626
2007-06-08	Balanced	2.1347
2007-06-08	HighGrowth	2.7508
2007-06-08	Cash	1.549
2007-06-05	CoreStrategy	0.840830281
2007-06-05	CapitalStable	1.8626
2007-06-05	Balanced	2.1347
2007-06-05	HighGrowth	2.7508
2007-06-05	Cash	1.549
2007-05-31	CoreStrategy	0.840830281
2007-05-31	CapitalStable	1.8601
2007-05-31	Balanced	2.1307
2007-05-31	HighGrowth	2.7429
2007-05-31	Cash	1.5479
2007-05-30	CoreStrategy	0.838295716
2007-05-30	CapitalStable	1.8601
2007-05-30	Balanced	2.1307
2007-05-30	HighGrowth	2.7429
2007-05-30	Cash	1.5479
2007-05-25	CoreStrategy	0.838295716
2007-05-25	CapitalStable	1.8587
2007-05-25	Balanced	2.1295
2007-05-25	HighGrowth	2.7427
2007-05-25	Cash	1.5462
2007-05-23	CoreStrategy	0.838210842
2007-05-23	CapitalStable	1.8587
2007-05-23	Balanced	2.1295
2007-05-23	HighGrowth	2.7427
2007-05-23	Cash	1.5462
2007-05-18	CoreStrategy	0.838210842
2007-05-18	CapitalStable	1.8552
2007-05-18	Balanced	2.1222
2007-05-18	HighGrowth	2.7254
2007-05-18	Cash	1.5442
2007-05-16	CoreStrategy	0.834920688
2007-05-16	CapitalStable	1.8552
2007-05-16	Balanced	2.1222
2007-05-16	HighGrowth	2.7254
2007-05-16	Cash	1.5442
2007-05-11	CoreStrategy	0.834920688
2007-05-11	CapitalStable	1.8567
2007-05-11	Balanced	2.1271
2007-05-11	HighGrowth	2.7383
2007-05-11	Cash	1.5426
2007-05-09	CoreStrategy	0.836848572
2007-05-09	CapitalStable	1.8567
2007-05-09	Balanced	2.1271
2007-05-09	HighGrowth	2.7383
2007-05-09	Cash	1.5426
2007-05-04	CoreStrategy	0.836848572
2007-05-04	CapitalStable	1.8452
2007-05-04	Balanced	2.1056
2007-05-04	HighGrowth	2.6924
2007-05-04	Cash	1.541
2007-05-03	CoreStrategy	0.827139666
2007-05-03	CapitalStable	1.8452
2007-05-03	Balanced	2.1056
2007-05-03	HighGrowth	2.6924
2007-05-03	Cash	1.541
2007-04-30	CoreStrategy	0.827139666
2007-04-30	CapitalStable	1.8424
2007-04-30	Balanced	2.1047
2007-04-30	HighGrowth	2.6969
2007-04-30	Cash	1.5389
2007-04-25	CoreStrategy	0.827638649
2007-04-25	CapitalStable	1.8424
2007-04-25	Balanced	2.1047
2007-04-25	HighGrowth	2.6969
2007-04-25	Cash	1.5389
2007-04-20	CoreStrategy	0.827638649
2007-04-20	CapitalStable	1.8344
2007-04-20	Balanced	2.0919
2007-04-20	HighGrowth	2.6725
2007-04-20	Cash	1.5364
2007-04-18	CoreStrategy	0.821867123
2007-04-18	CapitalStable	1.8344
2007-04-18	Balanced	2.0919
2007-04-18	HighGrowth	2.6725
2007-04-18	Cash	1.5364
2007-04-13	CoreStrategy	0.821867123
2007-04-13	CapitalStable	1.8323
2007-04-13	Balanced	2.0879
2007-04-13	HighGrowth	2.6622
2007-04-13	Cash	1.5346
2007-04-12	CoreStrategy	0.818990516
2007-04-12	CapitalStable	1.8323
2007-04-12	Balanced	2.0879
2007-04-12	HighGrowth	2.6622
2007-04-12	Cash	1.5346
2007-04-05	CoreStrategy	0.818990516
2007-04-05	CapitalStable	1.8257
2007-04-05	Balanced	2.076
2007-04-05	HighGrowth	2.636
2007-04-05	Cash	1.5334
2007-04-04	CoreStrategy	0.812089522
2007-04-04	CapitalStable	1.8257
2007-04-04	Balanced	2.076
2007-04-04	HighGrowth	2.636
2007-04-04	Cash	1.5334
2007-03-30	CoreStrategy	0.812089522
2007-03-30	CapitalStable	1.8212
2007-03-30	Balanced	2.0698
2007-03-30	HighGrowth	2.6246
2007-03-30	Cash	1.5315
2007-03-28	CoreStrategy	0.809108289
2007-03-28	CapitalStable	1.8212
2007-03-28	Balanced	2.0698
2007-03-28	HighGrowth	2.6246
2007-03-28	Cash	1.5315
2007-03-23	CoreStrategy	0.809108289
2007-03-23	CapitalStable	1.8132
2007-03-23	Balanced	2.0538
2007-03-23	HighGrowth	2.5889
2007-03-23	Cash	1.5299
2007-03-21	CoreStrategy	0.800189415
2007-03-21	CapitalStable	1.8132
2007-03-21	Balanced	2.0538
2007-03-21	HighGrowth	2.5889
2007-03-21	Cash	1.5299
2007-03-16	CoreStrategy	0.800189415
2007-03-16	CapitalStable	1.8181
2007-03-16	Balanced	2.063
2007-03-16	HighGrowth	2.6072
2007-03-16	Cash	1.5275
2007-03-14	CoreStrategy	0.803555353
2007-03-14	CapitalStable	1.8181
2007-03-14	Balanced	2.063
2007-03-14	HighGrowth	2.6072
2007-03-14	Cash	1.5275
2007-03-09	CoreStrategy	0.803555353
2007-03-09	CapitalStable	1.8127
2007-03-09	Balanced	2.0536
2007-03-09	HighGrowth	2.5884
2007-03-09	Cash	1.5266
2007-03-07	CoreStrategy	0.79924812
2007-03-07	CapitalStable	1.8127
2007-03-07	Balanced	2.0536
2007-03-07	HighGrowth	2.5884
2007-03-07	Cash	1.5266
2007-03-05	CoreStrategy	0.79924812
2007-03-05	CapitalStable	1.8139
2007-03-05	Balanced	2.0573
2007-03-05	HighGrowth	2.5988
2007-03-05	Cash	1.5258
2007-03-02	CoreStrategy	0.79924812
2007-03-02	CapitalStable	1.821
2007-03-02	Balanced	2.0744
2007-03-02	HighGrowth	2.6402
2007-03-02	Cash	1.5228
2007-02-28	CoreStrategy	0.801519262
2007-02-28	CapitalStable	1.821
2007-02-28	Balanced	2.0744
2007-02-28	HighGrowth	2.6402
2007-02-28	Cash	1.5228
2007-02-21	CoreStrategy	0.810049398
2007-02-21	CapitalStable	1.821
2007-02-21	Balanced	2.0744
2007-02-21	HighGrowth	2.6402
2007-02-21	Cash	1.5228
2007-02-16	CoreStrategy	0.810049398
2007-02-16	CapitalStable	1.8179
2007-02-16	Balanced	2.0697
2007-02-16	HighGrowth	2.6315
2007-02-16	Cash	1.5209
2007-02-14	CoreStrategy	0.807403685
2007-02-14	CapitalStable	1.8179
2007-02-14	Balanced	2.0697
2007-02-14	HighGrowth	2.6315
2007-02-14	Cash	1.5209
2007-02-09	CoreStrategy	0.807403685
2007-02-09	CapitalStable	1.8103
2007-02-09	Balanced	2.0589
2007-02-09	HighGrowth	2.6118
2007-02-09	Cash	1.5194
2007-02-07	CoreStrategy	0.802354288
2007-02-07	CapitalStable	1.8103
2007-02-07	Balanced	2.0589
2007-02-07	HighGrowth	2.6118
2007-02-07	Cash	1.5194
2007-02-05	CoreStrategy	0.802354288
2007-02-05	CapitalStable	1.8056
2007-02-05	Balanced	2.0504
2007-02-05	HighGrowth	2.5943
2007-02-05	Cash	1.5186
2007-02-02	CoreStrategy	0.802354288
2007-02-02	CapitalStable	1.794
2007-02-02	Balanced	2.0313
2007-02-02	HighGrowth	2.5565
2007-02-02	Cash	1.5157
2007-01-31	CoreStrategy	0.798288731
2007-01-31	CapitalStable	1.794
2007-01-31	Balanced	2.0313
2007-01-31	HighGrowth	2.5565
2007-01-31	Cash	1.5157
2007-01-24	CoreStrategy	0.791235566
2007-01-24	CapitalStable	1.794
2007-01-24	Balanced	2.0313
2007-01-24	HighGrowth	2.5565
2007-01-24	Cash	1.5157
2007-01-19	CoreStrategy	0.791235566
2007-01-19	CapitalStable	1.7918
2007-01-19	Balanced	2.028
2007-01-19	HighGrowth	2.5506
2007-01-19	Cash	1.5139
2007-01-17	CoreStrategy	0.788989366
2007-01-17	CapitalStable	1.7918
2007-01-17	Balanced	2.028
2007-01-17	HighGrowth	2.5506
2007-01-17	Cash	1.5139
2007-01-12	CoreStrategy	0.788989366
2007-01-12	CapitalStable	1.7866
2007-01-12	Balanced	2.0181
2007-01-12	HighGrowth	2.5277
2007-01-12	Cash	1.5121
2007-01-10	CoreStrategy	0.783566193
2007-01-10	CapitalStable	1.7866
2007-01-10	Balanced	2.0181
2007-01-10	HighGrowth	2.5277
2007-01-10	Cash	1.5121
2007-01-05	CoreStrategy	0.783566193
2007-01-05	CapitalStable	1.7859
2007-01-05	Balanced	2.0198
2007-01-05	HighGrowth	2.5354
2007-01-05	Cash	1.5105
2007-01-04	CoreStrategy	0.785863808
2007-01-04	CapitalStable	1.7859
2007-01-04	Balanced	2.0198
2007-01-04	HighGrowth	2.5354
2007-01-04	Cash	1.5105
2006-12-31	CoreStrategy	0.785863808
2006-12-31	CapitalStable	1.7826
2006-12-31	Balanced	2.0148
2006-12-31	HighGrowth	2.5252
2006-12-31	Cash	1.5069
2006-12-20	CoreStrategy	0.78278128
2006-12-20	CapitalStable	1.7826
2006-12-20	Balanced	2.0148
2006-12-20	HighGrowth	2.5252
2006-12-20	Cash	1.5069
2006-12-15	CoreStrategy	0.78278128
2006-12-15	CapitalStable	1.7728
2006-12-15	Balanced	1.9963
2006-12-15	HighGrowth	2.4848
2006-12-15	Cash	1.5058
2006-12-13	CoreStrategy	0.774346768
2006-12-13	CapitalStable	1.7728
2006-12-13	Balanced	1.9963
2006-12-13	HighGrowth	2.4848
2006-12-13	Cash	1.5058
2006-12-08	CoreStrategy	0.774346768
2006-12-08	CapitalStable	1.7696
2006-12-08	Balanced	1.9917
2006-12-08	HighGrowth	2.477
2006-12-08	Cash	1.5031
2006-12-05	CoreStrategy	0.772415058
2006-12-05	CapitalStable	1.7696
2006-12-05	Balanced	1.9917
2006-12-05	HighGrowth	2.477
2006-12-05	Cash	1.5031
2006-11-30	CoreStrategy	0.772415058
2006-11-30	CapitalStable	1.7694
2006-11-30	Balanced	1.9927
2006-11-30	HighGrowth	2.4804
2006-11-30	Cash	1.5018
2006-11-29	CoreStrategy	0.772014571
2006-11-29	CapitalStable	1.7694
2006-11-29	Balanced	1.9927
2006-11-29	HighGrowth	2.4804
2006-11-29	Cash	1.5018
2006-11-24	CoreStrategy	0.772014571
2006-11-24	CapitalStable	1.7682
2006-11-24	Balanced	1.9916
2006-11-24	HighGrowth	2.4799
2006-11-24	Cash	1.5001
2006-11-22	CoreStrategy	0.771020214
2006-11-22	CapitalStable	1.7682
2006-11-22	Balanced	1.9916
2006-11-22	HighGrowth	2.4799
2006-11-22	Cash	1.5001
2006-11-17	CoreStrategy	0.771020214
2006-11-17	CapitalStable	1.7666
2006-11-17	Balanced	1.99
2006-11-17	HighGrowth	2.4784
2006-11-17	Cash	1.4985
2006-11-15	CoreStrategy	0.770319571
2006-11-15	CapitalStable	1.7666
2006-11-15	Balanced	1.99
2006-11-15	HighGrowth	2.4784
2006-11-15	Cash	1.4985
2006-11-10	CoreStrategy	0.770319571
2006-11-10	CapitalStable	1.7598
2006-11-10	Balanced	1.9793
2006-11-10	HighGrowth	2.4585
2006-11-10	Cash	1.4969
2006-11-08	CoreStrategy	0.765187017
2006-11-08	CapitalStable	1.7598
2006-11-08	Balanced	1.9793
2006-11-08	HighGrowth	2.4585
2006-11-08	Cash	1.4969
2006-11-03	CoreStrategy	0.765187017
2006-11-03	CapitalStable	1.7573
2006-11-03	Balanced	1.9748
2006-11-03	HighGrowth	2.4492
2006-11-03	Cash	1.4962
2006-10-31	CoreStrategy	0.764341855
2006-10-31	CapitalStable	1.7549
2006-10-31	Balanced	1.9731
2006-10-31	HighGrowth	2.4493
2006-10-31	Cash	1.494
2006-10-25	CoreStrategy	0.76244116
2006-10-25	CapitalStable	1.7549
2006-10-25	Balanced	1.9731
2006-10-25	HighGrowth	2.4493
2006-10-25	Cash	1.494
2006-10-20	CoreStrategy	0.76244116
2006-10-20	CapitalStable	1.752
2006-10-20	Balanced	1.9688
2006-10-20	HighGrowth	2.4418
2006-10-20	Cash	1.4923
2006-10-18	CoreStrategy	0.760716677
2006-10-18	CapitalStable	1.752
2006-10-18	Balanced	1.9688
2006-10-18	HighGrowth	2.4418
2006-10-18	Cash	1.4923
2006-10-15	CoreStrategy	0.760716677
2006-10-15	CapitalStable	1.7492
2006-10-15	Balanced	1.9613
2006-10-15	HighGrowth	2.4216
2006-10-15	Cash	1.491
2006-10-13	CoreStrategy	0.760026884
2006-10-13	CapitalStable	1.7492
2006-10-13	Balanced	1.9613
2006-10-13	HighGrowth	2.4216
2006-10-13	Cash	1.491
2006-10-11	CoreStrategy	0.755199704
2006-10-11	CapitalStable	1.7492
2006-10-11	Balanced	1.9613
2006-10-11	HighGrowth	2.4216
2006-10-11	Cash	1.491
2006-10-06	CoreStrategy	0.755199704
2006-10-06	CapitalStable	1.7405
2006-10-06	Balanced	1.9474
2006-10-06	HighGrowth	2.3929
2006-10-06	Cash	1.4896
2006-10-05	CoreStrategy	0.748273298
2006-10-05	CapitalStable	1.7405
2006-10-05	Balanced	1.9474
2006-10-05	HighGrowth	2.3929
2006-10-05	Cash	1.4896
2006-09-30	CoreStrategy	0.748273298
2006-09-30	CapitalStable	1.7285
2006-09-30	Balanced	1.9259
2006-09-30	HighGrowth	2.3484
2006-09-30	Cash	1.4877
2006-09-27	CoreStrategy	0.738018311
2006-09-27	CapitalStable	1.7285
2006-09-27	Balanced	1.9259
2006-09-27	HighGrowth	2.3484
2006-09-27	Cash	1.4877
2006-09-22	CoreStrategy	0.738018311
2006-09-22	CapitalStable	1.7275
2006-09-22	Balanced	1.9276
2006-09-22	HighGrowth	2.3574
2006-09-22	Cash	1.4861
2006-09-20	CoreStrategy	0.739739498
2006-09-20	CapitalStable	1.7275
2006-09-20	Balanced	1.9276
2006-09-20	HighGrowth	2.3574
2006-09-20	Cash	1.4861
2006-09-15	CoreStrategy	0.739739498
2006-09-15	CapitalStable	1.7262
2006-09-15	Balanced	1.9267
2006-09-15	HighGrowth	2.3579
2006-09-15	Cash	1.4839
2006-09-13	CoreStrategy	0.739591391
2006-09-13	CapitalStable	1.7262
2006-09-13	Balanced	1.9267
2006-09-13	HighGrowth	2.3579
2006-09-13	Cash	1.4839
2006-09-08	CoreStrategy	0.739591391
2006-09-08	CapitalStable	1.7244
2006-09-08	Balanced	1.9238
2006-09-08	HighGrowth	2.353
2006-09-08	Cash	1.4823
2006-09-05	CoreStrategy	0.739004528
2006-09-05	CapitalStable	1.7244
2006-09-05	Balanced	1.9238
2006-09-05	HighGrowth	2.353
2006-09-05	Cash	1.4823
2006-08-31	CoreStrategy	0.739004528
2006-08-31	CapitalStable	1.718
2006-08-31	Balanced	1.9142
2006-08-31	HighGrowth	2.335
2006-08-31	Cash	1.4813
2006-08-30	CoreStrategy	0.733934469
2006-08-30	CapitalStable	1.718
2006-08-30	Balanced	1.9142
2006-08-30	HighGrowth	2.335
2006-08-30	Cash	1.4813
2006-08-25	CoreStrategy	0.733934469
2006-08-25	CapitalStable	1.7162
2006-08-25	Balanced	1.9135
2006-08-25	HighGrowth	2.3375
2006-08-25	Cash	1.4796
2006-08-23	CoreStrategy	0.734215977
2006-08-23	CapitalStable	1.7162
2006-08-23	Balanced	1.9135
2006-08-23	HighGrowth	2.3375
2006-08-23	Cash	1.4796
2006-08-18	CoreStrategy	0.734215977
2006-08-18	CapitalStable	1.7033
2006-08-18	Balanced	1.8907
2006-08-18	HighGrowth	2.2915
2006-08-18	Cash	1.4778
2006-08-16	CoreStrategy	0.723894895
2006-08-16	CapitalStable	1.7033
2006-08-16	Balanced	1.8907
2006-08-16	HighGrowth	2.2915
2006-08-16	Cash	1.4778
2006-08-11	CoreStrategy	0.723894895
2006-08-11	CapitalStable	1.7059
2006-08-11	Balanced	1.896
2006-08-11	HighGrowth	2.303
2006-08-11	Cash	1.4764
2006-08-10	CoreStrategy	0.72627722
2006-08-10	CapitalStable	1.7059
2006-08-10	Balanced	1.896
2006-08-10	HighGrowth	2.303
2006-08-10	Cash	1.4764
2006-08-04	CoreStrategy	0.72627722
2006-08-04	CapitalStable	1.7044
2006-08-04	Balanced	1.8946
2006-08-04	HighGrowth	2.302
2006-08-04	Cash	1.4752
2006-08-03	CoreStrategy	0.725946428
2006-08-03	CapitalStable	1.7044
2006-08-03	Balanced	1.8946
2006-08-03	HighGrowth	2.302
2006-08-03	Cash	1.4752
2006-07-31	CoreStrategy	0.725946428
2006-07-31	CapitalStable	1.6995
2006-07-31	Balanced	1.8862
2006-07-31	HighGrowth	2.2858
2006-07-31	Cash	1.4736
2006-07-26	CoreStrategy	0.720932651
2006-07-26	CapitalStable	1.6995
2006-07-26	Balanced	1.8862
2006-07-26	HighGrowth	2.2858
2006-07-26	Cash	1.4736
2006-07-21	CoreStrategy	0.720932651
2006-07-21	CapitalStable	1.6985
2006-07-21	Balanced	1.8856
2006-07-21	HighGrowth	2.2865
2006-07-21	Cash	1.472
2006-07-19	CoreStrategy	0.720829221
2006-07-19	CapitalStable	1.6985
2006-07-19	Balanced	1.8856
2006-07-19	HighGrowth	2.2865
2006-07-19	Cash	1.472
2006-07-14	CoreStrategy	0.720829221
2006-07-14	CapitalStable	1.7068
2006-07-14	Balanced	1.9047
2006-07-14	HighGrowth	2.3319
2006-07-14	Cash	1.4702
2006-07-12	CoreStrategy	0.73058102
2006-07-12	CapitalStable	1.7068
2006-07-12	Balanced	1.9047
2006-07-12	HighGrowth	2.3319
2006-07-12	Cash	1.4702
2006-07-07	CoreStrategy	0.73058102
2006-07-07	CapitalStable	1.7041
2006-07-07	Balanced	1.9006
2006-07-07	HighGrowth	2.3227
2006-07-07	Cash	1.4692
2006-07-05	CoreStrategy	0.728283265
2006-07-05	CapitalStable	1.7041
2006-07-05	Balanced	1.9006
2006-07-05	HighGrowth	2.3227
2006-07-05	Cash	1.4692
2006-06-30	CoreStrategy	0.728283265
2006-06-30	CapitalStable	1.7041
2006-06-30	Balanced	1.9006
2006-06-30	HighGrowth	2.3227
2006-06-30	Cash	1.4692
2006-06-28	CoreStrategy	0.720006989
2006-06-28	CapitalStable	1.6951
2006-06-28	Balanced	1.8849
2006-06-28	HighGrowth	2.291
2006-06-28	Cash	1.4676
2006-06-21	CoreStrategy	0.720006989
2006-06-21	CapitalStable	1.694
2006-06-21	Balanced	1.882
2006-06-21	HighGrowth	2.2842
2006-06-21	Cash	1.4663
2006-06-15	CoreStrategy	0.720006989
2006-06-15	CapitalStable	1.6924
2006-06-15	Balanced	1.8789
2006-06-15	HighGrowth	2.2776
2006-06-15	Cash	1.4649
2006-06-07	CoreStrategy	0.720006989
2006-06-07	CapitalStable	1.7025
2006-06-07	Balanced	1.9002
2006-06-07	HighGrowth	2.3258
2006-06-07	Cash	1.4627
2006-06-06	CoreStrategy	0.720006989
2006-06-06	CapitalStable	1.6954
2006-06-06	Balanced	1.8869
2006-06-06	HighGrowth	2.2974
2006-06-06	Cash	1.4622
2006-05-31	CoreStrategy	0.720006989
2006-05-31	CapitalStable	1.6971
2006-05-31	Balanced	1.8928
2006-05-31	HighGrowth	2.3138
2006-05-31	Cash	1.4599
2006-05-24	CoreStrategy	0.711824766
2006-05-24	CapitalStable	1.6971
2006-05-24	Balanced	1.8928
2006-05-24	HighGrowth	2.3138
2006-05-24	Cash	1.4599
2006-05-17	CoreStrategy	0.711824766
2006-05-17	CapitalStable	1.7044
2006-05-17	Balanced	1.9093
2006-05-17	HighGrowth	2.3535
2006-05-17	Cash	1.4584
2006-05-10	CoreStrategy	0.711824766
2006-05-10	CapitalStable	1.7043
2006-05-10	Balanced	1.9097
2006-05-10	HighGrowth	2.3546
2006-05-10	Cash	1.4571
2006-05-03	CoreStrategy	0.711824766
2006-05-03	CapitalStable	1.7026
2006-05-03	Balanced	1.9072
2006-05-03	HighGrowth	2.3495
2006-05-03	Cash	1.4561
2006-04-30	CoreStrategy	0.711824766
2006-04-30	CapitalStable	1.7031
2006-04-30	Balanced	1.9094
2006-04-30	HighGrowth	2.3556
2006-04-30	Cash	1.4547
2006-04-27	CoreStrategy	0.703735527
2006-04-27	CapitalStable	1.7031
2006-04-27	Balanced	1.9094
2006-04-27	HighGrowth	2.3556
2006-04-27	Cash	1.4547
2006-04-20	CoreStrategy	0.703735527
2006-04-20	CapitalStable	1.6987
2006-04-20	Balanced	1.9026
2006-04-20	HighGrowth	2.3425
2006-04-20	Cash	1.4531
2006-04-12	CoreStrategy	0.703735527
2006-04-12	CapitalStable	1.7014
2006-04-12	Balanced	1.9073
2006-04-12	HighGrowth	2.352
2006-04-12	Cash	1.452
2006-04-06	CoreStrategy	0.703735527
2006-04-06	CapitalStable	1.6984
2006-04-06	Balanced	1.9016
2006-04-06	HighGrowth	2.3376
2006-04-06	Cash	1.451
2006-03-31	CoreStrategy	0.703735527
2006-03-31	CapitalStable	1.6948
2006-03-31	Balanced	1.8945
2006-03-31	HighGrowth	2.3213
2006-03-31	Cash	1.4497
2006-03-29	CoreStrategy	0.695738214
2006-03-29	CapitalStable	1.6948
2006-03-29	Balanced	1.8945
2006-03-29	HighGrowth	2.3213
2006-03-29	Cash	1.4497
2006-03-22	CoreStrategy	0.695738214
2006-03-22	CapitalStable	1.687
2006-03-22	Balanced	1.8813
2006-03-22	HighGrowth	2.2962
2006-03-22	Cash	1.4482
2006-03-15	CoreStrategy	0.695738214
2006-03-15	CapitalStable	1.6772
2006-03-15	Balanced	1.8631
2006-03-15	HighGrowth	2.2583
2006-03-15	Cash	1.4469
2006-03-08	CoreStrategy	0.695738214
2006-03-08	CapitalStable	1.6758
2006-03-08	Balanced	1.86
2006-03-08	HighGrowth	2.2509
2006-03-08	Cash	1.4453
2006-03-03	CoreStrategy	0.695738214
2006-03-03	CapitalStable	1.6751
2006-03-03	Balanced	1.8589
2006-03-03	HighGrowth	2.2484
2006-03-03	Cash	1.4445
2006-02-28	CoreStrategy	0.695738214
2006-02-28	CapitalStable	1.6678
2006-02-28	Balanced	1.8469
2006-02-28	HighGrowth	2.2244
2006-02-28	Cash	1.4425
2006-02-22	CoreStrategy	0.687831783
2006-02-22	CapitalStable	1.6678
2006-02-22	Balanced	1.8469
2006-02-22	HighGrowth	2.2244
2006-02-22	Cash	1.4425
2006-02-15	CoreStrategy	0.687831783
2006-02-15	CapitalStable	1.6681
2006-02-15	Balanced	1.8482
2006-02-15	HighGrowth	2.2283
2006-02-15	Cash	1.4411
2006-02-08	CoreStrategy	0.687831783
2006-02-08	CapitalStable	1.6644
2006-02-08	Balanced	1.8437
2006-02-08	HighGrowth	2.2227
2006-02-08	Cash	1.4399
2006-02-02	CoreStrategy	0.687831783
2006-02-02	CapitalStable	1.6658
2006-02-02	Balanced	1.8462
2006-02-02	HighGrowth	2.2279
2006-02-02	Cash	1.4393
2006-01-31	CoreStrategy	0.687831783
2006-01-31	CapitalStable	1.6612
2006-01-31	Balanced	1.8373
2006-01-31	HighGrowth	2.2084
2006-01-31	Cash	1.4364
2006-01-25	CoreStrategy	0.680015202
2006-01-25	CapitalStable	1.6612
2006-01-25	Balanced	1.8373
2006-01-25	HighGrowth	2.2084
2006-01-25	Cash	1.4364
2006-01-18	CoreStrategy	0.680015202
2006-01-18	CapitalStable	1.6604
2006-01-18	Balanced	1.837
2006-01-18	HighGrowth	2.2095
2006-01-18	Cash	1.4348
2006-01-12	CoreStrategy	0.680015202
2006-01-12	CapitalStable	1.6564
2006-01-12	Balanced	1.8311
2006-01-12	HighGrowth	2.1994
2006-01-12	Cash	1.4328
2006-01-05	CoreStrategy	0.680015202
2006-01-05	CapitalStable	1.6503
2006-01-05	Balanced	1.8226
2006-01-05	HighGrowth	2.1845
2006-01-05	Cash	1.4321
2005-12-31	CoreStrategy	0.680015202
2005-12-31	CapitalStable	1.6388
2005-12-31	Balanced	1.8038
2005-12-31	HighGrowth	2.149
2005-12-31	Cash	1.4296
2005-12-21	CoreStrategy	0.672287449
2005-12-21	CapitalStable	1.6388
2005-12-21	Balanced	1.8038
2005-12-21	HighGrowth	2.149
2005-12-21	Cash	1.4296
2005-12-14	CoreStrategy	0.672287449
2005-12-14	CapitalStable	1.63
2005-12-14	Balanced	1.7898
2005-12-14	HighGrowth	2.1236
2005-12-14	Cash	1.4276
2005-12-07	CoreStrategy	0.672287449
2005-12-07	CapitalStable	1.6327
2005-12-07	Balanced	1.7954
2005-12-07	HighGrowth	2.1358
2005-12-07	Cash	1.4266
2005-12-03	CoreStrategy	0.672287449
2005-12-03	CapitalStable	1.6318
2005-12-03	Balanced	1.7941
2005-12-03	HighGrowth	2.1337
2005-12-03	Cash	1.4264
2005-11-30	CoreStrategy	0.672287449
2005-11-30	CapitalStable	1.6318
2005-11-30	Balanced	1.7962
2005-11-30	HighGrowth	2.1408
2005-11-30	Cash	1.4239
2005-11-23	CoreStrategy	0.664647515
2005-11-23	CapitalStable	1.6318
2005-11-23	Balanced	1.7962
2005-11-23	HighGrowth	2.1408
2005-11-23	Cash	1.4239
2005-11-16	CoreStrategy	0.664647515
2005-11-16	CapitalStable	1.6248
2005-11-16	Balanced	1.7843
2005-11-16	HighGrowth	2.1177
2005-11-16	Cash	1.4225
2005-11-09	CoreStrategy	0.664647515
2005-11-09	CapitalStable	1.6197
2005-11-09	Balanced	1.7769
2005-11-09	HighGrowth	2.1058
2005-11-09	Cash	1.4211
2005-11-04	CoreStrategy	0.664647515
2005-11-04	CapitalStable	1.6122
2005-11-04	Balanced	1.7623
2005-11-04	HighGrowth	2.0748
2005-11-04	Cash	1.4198
2005-10-31	CoreStrategy	0.664647515
2005-10-31	CapitalStable	1.6059
2005-10-31	Balanced	1.7506
2005-10-31	HighGrowth	2.0501
2005-10-31	Cash	1.4179
2005-10-26	CoreStrategy	0.657094402
2005-10-26	CapitalStable	1.6059
2005-10-26	Balanced	1.7506
2005-10-26	HighGrowth	2.0501
2005-10-26	Cash	1.4179
2005-10-20	CoreStrategy	0.657094402
2005-10-20	CapitalStable	1.6062
2005-10-20	Balanced	1.7538
2005-10-20	HighGrowth	2.0599
2005-10-20	Cash	1.4165
2005-10-12	CoreStrategy	0.657094402
2005-10-12	CapitalStable	1.6084
2005-10-12	Balanced	1.7583
2005-10-12	HighGrowth	2.0693
2005-10-12	Cash	1.4149
2005-10-06	CoreStrategy	0.657094402
2005-10-06	CapitalStable	1.6155
2005-10-06	Balanced	1.7743
2005-10-06	HighGrowth	2.1052
2005-10-06	Cash	1.4139
2005-09-30	CoreStrategy	0.657094402
2005-09-30	CapitalStable	1.612
2005-09-30	Balanced	1.7653
2005-09-30	HighGrowth	2.0825
2005-09-30	Cash	1.4122
2005-09-29	CoreStrategy	0.649627123
2005-09-29	CapitalStable	1.612
2005-09-29	Balanced	1.7653
2005-09-29	HighGrowth	2.0825
2005-09-29	Cash	1.4122
2005-09-21	CoreStrategy	0.649627123
2005-09-21	CapitalStable	1.6105
2005-09-21	Balanced	1.7639
2005-09-21	HighGrowth	2.0811
2005-09-21	Cash	1.4109
2005-09-15	CoreStrategy	0.649627123
2005-09-15	CapitalStable	1.6049
2005-09-15	Balanced	1.7538
2005-09-15	HighGrowth	2.0611
2005-09-15	Cash	1.4096
2005-09-07	CoreStrategy	0.649627123
2005-09-07	CapitalStable	1.6054
2005-09-07	Balanced	1.754
2005-09-07	HighGrowth	2.0602
2005-09-07	Cash	1.4077
2005-09-03	CoreStrategy	0.649627123
2005-09-03	CapitalStable	1.6024
2005-09-03	Balanced	1.7499
2005-09-03	HighGrowth	2.0538
2005-09-03	Cash	1.4072
2005-08-31	CoreStrategy	0.649627123
2005-08-31	CapitalStable	1.6008
2005-08-31	Balanced	1.7484
2005-08-31	HighGrowth	2.0533
2005-08-31	Cash	1.4055
2005-08-24	CoreStrategy	0.642244703
2005-08-24	CapitalStable	1.6008
2005-08-24	Balanced	1.7484
2005-08-24	HighGrowth	2.0533
2005-08-24	Cash	1.4055
2005-08-17	CoreStrategy	0.642244703
2005-08-17	CapitalStable	1.5945
2005-08-17	Balanced	1.741
2005-08-17	HighGrowth	2.0444
2005-08-17	Cash	1.4044
2005-08-10	CoreStrategy	0.642244703
2005-08-10	CapitalStable	1.5871
2005-08-10	Balanced	1.7283
2005-08-10	HighGrowth	2.0201
2005-08-10	Cash	1.4029
2005-08-04	CoreStrategy	0.642244703
2005-08-04	CapitalStable	1.5897
2005-08-04	Balanced	1.7321
2005-08-04	HighGrowth	2.026
2005-08-04	Cash	1.4013
2005-07-31	CoreStrategy	0.642244703
2005-07-31	CapitalStable	1.5841
2005-07-31	Balanced	1.7242
2005-07-31	HighGrowth	2.0138
2005-07-31	Cash	1.4001
2005-07-27	CoreStrategy	0.634946177
2005-07-27	CapitalStable	1.5841
2005-07-27	Balanced	1.7242
2005-07-27	HighGrowth	2.0138
2005-07-27	Cash	1.4001
2005-07-20	CoreStrategy	0.634946177
2005-07-20	CapitalStable	1.5807
2005-07-20	Balanced	1.7193
2005-07-20	HighGrowth	2.0054
2005-07-20	Cash	1.3986
2005-07-14	CoreStrategy	0.634946177
2005-07-14	CapitalStable	1.5751
2005-07-14	Balanced	1.7098
2005-07-14	HighGrowth	1.9861
2005-07-14	Cash	1.3965
2005-07-06	CoreStrategy	0.634946177
2005-07-06	CapitalStable	1.5727
2005-07-06	Balanced	1.7048
2005-07-06	HighGrowth	1.9754
2005-07-06	Cash	1.3954
2005-06-30	CoreStrategy	0.634946177
2005-06-30	CapitalStable	1.5727
2005-06-30	Balanced	1.7048
2005-06-30	HighGrowth	1.9754
2005-06-30	Cash	1.3954
2005-06-29	CoreStrategy	0.628884428
2005-06-29	CapitalStable	1.5697
2005-06-29	Balanced	1.6997
2005-06-29	HighGrowth	1.9655
2005-06-29	Cash	1.3945
2005-06-22	CoreStrategy	0.628884428
2005-06-22	CapitalStable	1.5715
2005-06-22	Balanced	1.7046
2005-06-22	HighGrowth	1.9767
2005-06-22	Cash	1.3934
2005-06-16	CoreStrategy	0.628884428
2005-06-16	CapitalStable	1.566
2005-06-16	Balanced	1.6955
2005-06-16	HighGrowth	1.9602
2005-06-16	Cash	1.3916
2005-06-09	CoreStrategy	0.628884428
2005-06-09	CapitalStable	1.5646
2005-06-09	Balanced	1.6939
2005-06-09	HighGrowth	1.9578
2005-06-09	Cash	1.3903
2005-06-03	CoreStrategy	0.628884428
2005-06-03	CapitalStable	1.5588
2005-06-03	Balanced	1.6852
2005-06-03	HighGrowth	1.9425
2005-06-03	Cash	1.3893
2005-05-31	CoreStrategy	0.628884428
2005-05-31	CapitalStable	1.5516
2005-05-31	Balanced	1.6754
2005-05-31	HighGrowth	1.9283
2005-05-31	Cash	1.3876
2005-05-25	CoreStrategy	0.62288055
2005-05-25	CapitalStable	1.5516
2005-05-25	Balanced	1.6754
2005-05-25	HighGrowth	1.9283
2005-05-25	Cash	1.3876
2005-05-18	CoreStrategy	0.62288055
2005-05-18	CapitalStable	1.5463
2005-05-18	Balanced	1.6654
2005-05-18	HighGrowth	1.9087
2005-05-18	Cash	1.3864
2005-05-11	CoreStrategy	0.62288055
2005-05-11	CapitalStable	1.543
2005-05-11	Balanced	1.6614
2005-05-11	HighGrowth	1.9027
2005-05-11	Cash	1.3851
2005-05-04	CoreStrategy	0.62288055
2005-05-04	CapitalStable	1.54
2005-05-04	Balanced	1.6564
2005-05-04	HighGrowth	1.8941
2005-05-04	Cash	1.384
2005-04-30	CoreStrategy	0.62288055
2005-04-30	CapitalStable	1.541
2005-04-30	Balanced	1.6609
2005-04-30	HighGrowth	1.9067
2005-04-30	Cash	1.3827
2005-04-28	CoreStrategy	0.61693399
2005-04-28	CapitalStable	1.541
2005-04-28	Balanced	1.6609
2005-04-28	HighGrowth	1.9067
2005-04-28	Cash	1.3827
2005-04-20	CoreStrategy	0.61693399
2005-04-20	CapitalStable	1.5407
2005-04-20	Balanced	1.6618
2005-04-20	HighGrowth	1.9106
2005-04-20	Cash	1.3818
2005-04-13	CoreStrategy	0.61693399
2005-04-13	CapitalStable	1.5466
2005-04-13	Balanced	1.6773
2005-04-13	HighGrowth	1.948
2005-04-13	Cash	1.3805
2005-04-05	CoreStrategy	0.61693399
2005-04-05	CapitalStable	1.5401
2005-04-05	Balanced	1.668
2005-04-05	HighGrowth	1.9321
2005-04-05	Cash	1.3785
2005-03-31	CoreStrategy	0.61693399
2005-03-31	CapitalStable	1.5392
2005-03-31	Balanced	1.6679
2005-03-31	HighGrowth	1.9344
2005-03-31	Cash	1.3774
2005-03-23	CoreStrategy	0.611044201
2005-03-23	CapitalStable	1.5429
2005-03-23	Balanced	1.6751
2005-03-23	HighGrowth	1.9484
2005-03-23	Cash	1.3763
2005-03-16	CoreStrategy	0.611044201
2005-03-16	CapitalStable	1.5409
2005-03-16	Balanced	1.6728
2005-03-16	HighGrowth	1.9452
2005-03-16	Cash	1.375
2005-03-09	CoreStrategy	0.611044201
2005-03-09	CapitalStable	1.542
2005-03-09	Balanced	1.6748
2005-03-09	HighGrowth	1.9485
2005-03-09	Cash	1.3736
2005-03-03	CoreStrategy	0.611044201
2005-03-03	CapitalStable	1.536
2005-03-03	Balanced	1.664
2005-03-03	HighGrowth	1.9277
2005-03-03	Cash	1.3725
2005-02-28	CoreStrategy	0.611044201
2005-02-28	CapitalStable	1.5344
2005-02-28	Balanced	1.6612
2005-02-28	HighGrowth	1.9216
2005-02-28	Cash	1.3711
2005-02-23	CoreStrategy	0.605210641
2005-02-23	CapitalStable	1.5344
2005-02-23	Balanced	1.6612
2005-02-23	HighGrowth	1.9216
2005-02-23	Cash	1.3711
2005-02-16	CoreStrategy	0.605210641
2005-02-16	CapitalStable	1.5342
2005-02-16	Balanced	1.6608
2005-02-16	HighGrowth	1.9204
2005-02-16	Cash	1.3699
2005-02-09	CoreStrategy	0.605210641
2005-02-09	CapitalStable	1.5348
2005-02-09	Balanced	1.6619
2005-02-09	HighGrowth	1.9219
2005-02-09	Cash	1.3685
2005-02-03	CoreStrategy	0.605210641
2005-02-03	CapitalStable	1.5293
2005-02-03	Balanced	1.6529
2005-02-03	HighGrowth	1.9058
2005-02-03	Cash	1.3679
2005-01-31	CoreStrategy	0.605210641
2005-01-31	CapitalStable	1.525
2005-01-31	Balanced	1.6448
2005-01-31	HighGrowth	1.8897
2005-01-31	Cash	1.3662
2005-01-27	CoreStrategy	0.599432774
2005-01-27	CapitalStable	1.525
2005-01-27	Balanced	1.6448
2005-01-27	HighGrowth	1.8897
2005-01-27	Cash	1.3662
2005-01-19	CoreStrategy	0.599432774
2005-01-19	CapitalStable	1.5263
2005-01-19	Balanced	1.6481
2005-01-19	HighGrowth	1.8968
2005-01-19	Cash	1.3648
2005-01-12	CoreStrategy	0.599432774
2005-01-12	CapitalStable	1.5223
2005-01-12	Balanced	1.6438
2005-01-12	HighGrowth	1.8925
2005-01-12	Cash	1.3637
2005-01-06	CoreStrategy	0.599432774
2005-01-06	CapitalStable	1.5206
2005-01-06	Balanced	1.6424
2005-01-06	HighGrowth	1.89
2005-01-06	Cash	1.3621
2004-12-31	CoreStrategy	0.599432774
2004-12-31	CapitalStable	1.5167
2004-12-31	Balanced	1.6348
2004-12-31	HighGrowth	1.8742
2004-12-31	Cash	1.3595
2004-12-22	CoreStrategy	0.593710067
2004-12-22	CapitalStable	1.5167
2004-12-22	Balanced	1.6348
2004-12-22	HighGrowth	1.8742
2004-12-22	Cash	1.3595
2004-12-15	CoreStrategy	0.593710067
2004-12-15	CapitalStable	1.5104
2004-12-15	Balanced	1.6241
2004-12-15	HighGrowth	1.8539
2004-12-15	Cash	1.3581
2004-12-08	CoreStrategy	0.593710067
2004-12-08	CapitalStable	1.5095
2004-12-08	Balanced	1.6248
2004-12-08	HighGrowth	1.8576
2004-12-08	Cash	1.3567
2004-12-04	CoreStrategy	0.593710067
2004-12-04	CapitalStable	1.5068
2004-12-04	Balanced	1.62
2004-12-04	HighGrowth	1.8485
2004-12-04	Cash	1.3564
2004-11-30	CoreStrategy	0.593710067
2004-11-30	CapitalStable	1.4979
2004-11-30	Balanced	1.6064
2004-11-30	HighGrowth	1.8258
2004-11-30	Cash	1.3548
2004-11-24	CoreStrategy	0.588041994
2004-11-24	CapitalStable	1.4979
2004-11-24	Balanced	1.6064
2004-11-24	HighGrowth	1.8258
2004-11-24	Cash	1.3548
2004-11-17	CoreStrategy	0.588041994
2004-11-17	CapitalStable	1.4942
2004-11-17	Balanced	1.6025
2004-11-17	HighGrowth	1.8223
2004-11-17	Cash	1.3536
2004-11-10	CoreStrategy	0.588041994
2004-11-10	CapitalStable	1.4912
2004-11-10	Balanced	1.5975
2004-11-10	HighGrowth	1.8127
2004-11-10	Cash	1.3522
2004-11-03	CoreStrategy	0.588041994
2004-11-03	CapitalStable	1.4866
2004-11-03	Balanced	1.5883
2004-11-03	HighGrowth	1.7956
2004-11-03	Cash	1.3506
2004-10-31	CoreStrategy	0.588041994
2004-10-31	CapitalStable	1.4798
2004-10-31	Balanced	1.5759
2004-10-31	HighGrowth	1.7718
2004-10-31	Cash	1.3493
2004-10-27	CoreStrategy	0.582428033
2004-10-27	CapitalStable	1.4798
2004-10-27	Balanced	1.5759
2004-10-27	HighGrowth	1.7718
2004-10-27	Cash	1.3493
2004-10-20	CoreStrategy	0.582428033
2004-10-20	CapitalStable	1.4794
2004-10-20	Balanced	1.5766
2004-10-20	HighGrowth	1.7748
2004-10-20	Cash	1.3482
2004-10-13	CoreStrategy	0.582428033
2004-10-13	CapitalStable	1.4743
2004-10-13	Balanced	1.5713
2004-10-13	HighGrowth	1.7698
2004-10-13	Cash	1.3462
2004-10-06	CoreStrategy	0.582428033
2004-10-06	CapitalStable	1.471
2004-10-06	Balanced	1.5658
2004-10-06	HighGrowth	1.7593
2004-10-06	Cash	1.3453
2004-09-30	CoreStrategy	0.582428033
2004-09-30	CapitalStable	1.4693
2004-09-30	Balanced	1.5626
2004-09-30	HighGrowth	1.7524
2004-09-30	Cash	1.344
2004-09-29	CoreStrategy	0.576867668
2004-09-29	CapitalStable	1.4693
2004-09-29	Balanced	1.5626
2004-09-29	HighGrowth	1.7524
2004-09-29	Cash	1.344
2004-09-22	CoreStrategy	0.576867668
2004-09-22	CapitalStable	1.4697
2004-09-22	Balanced	1.5652
2004-09-22	HighGrowth	1.7592
2004-09-22	Cash	1.3428
2004-09-15	CoreStrategy	0.576867668
2004-09-15	CapitalStable	1.4642
2004-09-15	Balanced	1.5575
2004-09-15	HighGrowth	1.7473
2004-09-15	Cash	1.3411
2004-09-08	CoreStrategy	0.576867668
2004-09-08	CapitalStable	1.4597
2004-09-08	Balanced	1.5518
2004-09-08	HighGrowth	1.7392
2004-09-08	Cash	1.3397
2004-09-03	CoreStrategy	0.576867668
2004-09-03	CapitalStable	1.4566
2004-09-03	Balanced	1.5455
2004-09-03	HighGrowth	1.7271
2004-09-03	Cash	1.3393
2004-08-31	CoreStrategy	0.576867668
2004-08-31	CapitalStable	1.4485
2004-08-31	Balanced	1.5322
2004-08-31	HighGrowth	1.7031
2004-08-31	Cash	1.337
2004-08-26	CoreStrategy	0.571360387
2004-08-26	CapitalStable	1.4485
2004-08-26	Balanced	1.5322
2004-08-26	HighGrowth	1.7031
2004-08-26	Cash	1.337
2004-08-18	CoreStrategy	0.571360387
2004-08-18	CapitalStable	1.4444
2004-08-18	Balanced	1.5259
2004-08-18	HighGrowth	1.6924
2004-08-18	Cash	1.3358
2004-08-11	CoreStrategy	0.571360387
2004-08-11	CapitalStable	1.4447
2004-08-11	Balanced	1.5291
2004-08-11	HighGrowth	1.7016
2004-08-11	Cash	1.3346
2004-08-05	CoreStrategy	0.571360387
2004-08-05	CapitalStable	1.4436
2004-08-05	Balanced	1.5322
2004-08-05	HighGrowth	1.7144
2004-08-05	Cash	1.3335
2004-07-31	CoreStrategy	0.571360387
2004-07-31	CapitalStable	1.4397
2004-07-31	Balanced	1.5241
2004-07-31	HighGrowth	1.697
2004-07-31	Cash	1.3321
2004-07-28	CoreStrategy	0.565905683
2004-07-28	CapitalStable	1.4397
2004-07-28	Balanced	1.5241
2004-07-28	HighGrowth	1.697
2004-07-28	Cash	1.3321
2004-07-21	CoreStrategy	0.565905683
2004-07-21	CapitalStable	1.4404
2004-07-21	Balanced	1.5262
2004-07-21	HighGrowth	1.7019
2004-07-21	Cash	1.3309
2004-07-15	CoreStrategy	0.565905683
2004-07-15	CapitalStable	1.4412
2004-07-15	Balanced	1.5292
2004-07-15	HighGrowth	1.7094
2004-07-15	Cash	1.3298
2004-07-06	CoreStrategy	0.565905683
2004-07-06	CapitalStable	1.4388
2004-07-06	Balanced	1.53
2004-07-06	HighGrowth	1.7162
2004-07-06	Cash	1.3282
2004-06-30	CoreStrategy	0.565905683
2004-06-30	CapitalStable	1.4388
2004-06-30	Balanced	1.53
2004-06-30	HighGrowth	1.7162
2004-06-30	Cash	1.3282
2004-06-23	CoreStrategy	0.559924144
2004-06-23	CapitalStable	1.435
2004-06-23	Balanced	1.5244
2004-06-23	HighGrowth	1.7059
2004-06-23	Cash	1.3259
2004-06-17	CoreStrategy	0.559924144
2004-06-17	CapitalStable	1.4284
2004-06-17	Balanced	1.5152
2004-06-17	HighGrowth	1.6922
2004-06-17	Cash	1.3247
2004-06-09	CoreStrategy	0.559924144
2004-06-09	CapitalStable	1.4262
2004-06-09	Balanced	1.5118
2004-06-09	HighGrowth	1.685
2004-06-09	Cash	1.3237
2004-06-03	CoreStrategy	0.559924144
2004-06-03	CapitalStable	1.4234
2004-06-03	Balanced	1.5063
2004-06-03	HighGrowth	1.6752
2004-06-03	Cash	1.3229
2004-05-31	CoreStrategy	0.559924144
2004-05-31	CapitalStable	1.4153
2004-05-31	Balanced	1.4943
2004-05-31	HighGrowth	1.6554
2004-05-31	Cash	1.3213
2004-05-26	CoreStrategy	0.554005828
2004-05-26	CapitalStable	1.4153
2004-05-26	Balanced	1.4943
2004-05-26	HighGrowth	1.6554
2004-05-26	Cash	1.3213
2004-05-19	CoreStrategy	0.554005828
2004-05-19	CapitalStable	1.4112
2004-05-19	Balanced	1.4895
2004-05-19	HighGrowth	1.65
2004-05-19	Cash	1.3201
2004-05-12	CoreStrategy	0.554005828
2004-05-12	CapitalStable	1.4146
2004-05-12	Balanced	1.4955
2004-05-12	HighGrowth	1.6612
2004-05-12	Cash	1.3188
2004-05-05	CoreStrategy	0.554005828
2004-05-05	CapitalStable	1.4151
2004-05-05	Balanced	1.496
2004-05-05	HighGrowth	1.6615
2004-05-05	Cash	1.3176
2004-04-30	CoreStrategy	0.554005828
2004-04-30	CapitalStable	1.4202
2004-04-30	Balanced	1.5052
2004-04-30	HighGrowth	1.6778
2004-04-30	Cash	1.3163
2004-04-29	CoreStrategy	0.548150069
2004-04-29	CapitalStable	1.4202
2004-04-29	Balanced	1.5052
2004-04-29	HighGrowth	1.6778
2004-04-29	Cash	1.3163
2004-04-21	CoreStrategy	0.548150069
2004-04-21	CapitalStable	1.4155
2004-04-21	Balanced	1.4975
2004-04-21	HighGrowth	1.6642
2004-04-21	Cash	1.315
2004-04-15	CoreStrategy	0.548150069
2004-04-15	CapitalStable	1.4165
2004-04-15	Balanced	1.4988
2004-04-15	HighGrowth	1.6655
2004-04-15	Cash	1.3136
2004-04-03	CoreStrategy	0.548150069
2004-04-03	CapitalStable	1.4151
2004-04-03	Balanced	1.493
2004-04-03	HighGrowth	1.6475
2004-04-03	Cash	1.3123
2004-03-31	CoreStrategy	0.548150069
2004-03-31	CapitalStable	1.4165
2004-03-31	Balanced	1.4941
2004-03-31	HighGrowth	1.647
2004-03-31	Cash	1.3115
2004-03-24	CoreStrategy	0.542356203
2004-03-24	CapitalStable	1.4148
2004-03-24	Balanced	1.493
2004-03-24	HighGrowth	1.6476
2004-03-24	Cash	1.3104
2004-03-17	CoreStrategy	0.542356203
2004-03-17	CapitalStable	1.4126
2004-03-17	Balanced	1.4907
2004-03-17	HighGrowth	1.6447
2004-03-17	Cash	1.3093
2004-03-10	CoreStrategy	0.542356203
2004-03-10	CapitalStable	1.4069
2004-03-10	Balanced	1.4868
2004-03-10	HighGrowth	1.6465
2004-03-10	Cash	1.3081
2004-03-03	CoreStrategy	0.542356203
2004-03-03	CapitalStable	1.4015
2004-03-03	Balanced	1.477
2004-03-03	HighGrowth	1.6278
2004-03-03	Cash	1.307
2004-02-29	CoreStrategy	0.542356203
2004-02-29	CapitalStable	1.3976
2004-02-29	Balanced	1.4722
2004-02-29	HighGrowth	1.6213
2004-02-29	Cash	1.3053
2004-02-25	CoreStrategy	0.536623578
2004-02-25	CapitalStable	1.3976
2004-02-25	Balanced	1.4722
2004-02-25	HighGrowth	1.6213
2004-02-25	Cash	1.3053
2004-02-18	CoreStrategy	0.536623578
2004-02-18	CapitalStable	1.3953
2004-02-18	Balanced	1.4678
2004-02-18	HighGrowth	1.6122
2004-02-18	Cash	1.3043
2004-02-11	CoreStrategy	0.536623578
2004-02-11	CapitalStable	1.3894
2004-02-11	Balanced	1.46
2004-02-11	HighGrowth	1.6008
2004-02-11	Cash	1.303
2004-02-04	CoreStrategy	0.536623578
2004-02-04	CapitalStable	1.3862
2004-02-04	Balanced	1.4572
2004-02-04	HighGrowth	1.5993
2004-02-04	Cash	1.3018
2004-01-31	CoreStrategy	0.536623578
2004-01-31	CapitalStable	1.3914
2004-01-31	Balanced	1.4642
2004-01-31	HighGrowth	1.6093
2004-01-31	Cash	1.3006
2004-01-29	CoreStrategy	0.530951546
2004-01-29	CapitalStable	1.3914
2004-01-29	Balanced	1.4642
2004-01-29	HighGrowth	1.6093
2004-01-29	Cash	1.3006
2004-01-21	CoreStrategy	0.530951546
2004-01-21	CapitalStable	1.387
2004-01-21	Balanced	1.4575
2004-01-21	HighGrowth	1.598
2004-01-21	Cash	1.299
2004-01-15	CoreStrategy	0.530951546
2004-01-15	CapitalStable	1.3816
2004-01-15	Balanced	1.4518
2004-01-15	HighGrowth	1.5929
2004-01-15	Cash	1.298
2004-01-06	CoreStrategy	0.530951546
2004-01-06	CapitalStable	1.3812
2004-01-06	Balanced	1.4514
2004-01-06	HighGrowth	1.5907
2004-01-06	Cash	1.2966
2003-12-31	CoreStrategy	0.530951546
2003-12-31	CapitalStable	1.3741
2003-12-31	Balanced	1.4405
2003-12-31	HighGrowth	1.5724
2003-12-31	Cash	1.2947
2003-12-24	CoreStrategy	0.525339467
2003-12-24	CapitalStable	1.3741
2003-12-24	Balanced	1.4405
2003-12-24	HighGrowth	1.5724
2003-12-24	Cash	1.2947
2003-12-17	CoreStrategy	0.525339467
2003-12-17	CapitalStable	1.3645
2003-12-17	Balanced	1.4282
2003-12-17	HighGrowth	1.5551
2003-12-17	Cash	1.2935
2003-12-10	CoreStrategy	0.525339467
2003-12-10	CapitalStable	1.3615
2003-12-10	Balanced	1.4261
2003-12-10	HighGrowth	1.5551
2003-12-10	Cash	1.2924
2003-12-03	CoreStrategy	0.525339467
2003-12-03	CapitalStable	1.3561
2003-12-03	Balanced	1.4195
2003-12-03	HighGrowth	1.5462
2003-12-03	Cash	1.2915
2003-11-30	CoreStrategy	0.525339467
2003-11-30	CapitalStable	1.3559
2003-11-30	Balanced	1.4161
2003-11-30	HighGrowth	1.536
2003-11-30	Cash	1.2902
2003-11-26	CoreStrategy	0.519786706
2003-11-26	CapitalStable	1.3559
2003-11-26	Balanced	1.4161
2003-11-26	HighGrowth	1.536
2003-11-26	Cash	1.2902
2003-11-19	CoreStrategy	0.519786706
2003-11-19	CapitalStable	1.3562
2003-11-19	Balanced	1.4201
2003-11-19	HighGrowth	1.5476
2003-11-19	Cash	1.289
2003-11-12	CoreStrategy	0.519786706
2003-11-12	CapitalStable	1.3561
2003-11-12	Balanced	1.4227
2003-11-12	HighGrowth	1.5561
2003-11-12	Cash	1.2883
2003-11-05	CoreStrategy	0.519786706
2003-11-05	CapitalStable	1.3598
2003-11-05	Balanced	1.4256
2003-11-05	HighGrowth	1.5564
2003-11-05	Cash	1.2877
2003-10-31	CoreStrategy	0.519786706
2003-10-31	CapitalStable	1.3597
2003-10-31	Balanced	1.4227
2003-10-31	HighGrowth	1.5474
2003-10-31	Cash	1.2866
2003-10-29	CoreStrategy	0.514292638
2003-10-29	CapitalStable	1.3597
2003-10-29	Balanced	1.4227
2003-10-29	HighGrowth	1.5474
2003-10-29	Cash	1.2866
2003-10-22	CoreStrategy	0.514292638
2003-10-22	CapitalStable	1.3602
2003-10-22	Balanced	1.4276
2003-10-22	HighGrowth	1.561
2003-10-22	Cash	1.2856
2003-10-16	CoreStrategy	0.514292638
2003-10-16	CapitalStable	1.3616
2003-10-16	Balanced	1.4262
2003-10-16	HighGrowth	1.5532
2003-10-16	Cash	1.2846
2003-10-09	CoreStrategy	0.514292638
2003-10-09	CapitalStable	1.3621
2003-10-09	Balanced	1.4226
2003-10-09	HighGrowth	1.54
2003-10-09	Cash	1.2836
2003-10-03	CoreStrategy	0.514292638
2003-10-03	CapitalStable	1.3587
2003-10-03	Balanced	1.4156
2003-10-03	HighGrowth	1.5257
2003-10-03	Cash	1.2831
2003-09-30	CoreStrategy	0.514292638
2003-09-30	CapitalStable	1.3561
2003-09-30	Balanced	1.4181
2003-09-30	HighGrowth	1.5391
2003-09-30	Cash	1.2815
2003-09-24	CoreStrategy	0.50885664
2003-09-24	CapitalStable	1.3561
2003-09-24	Balanced	1.4181
2003-09-24	HighGrowth	1.5391
2003-09-24	Cash	1.2815
2003-09-18	CoreStrategy	0.50885664
2003-09-18	CapitalStable	1.3498
2003-09-18	Balanced	1.4098
2003-09-18	HighGrowth	1.5276
2003-09-18	Cash	1.2806
2003-09-10	CoreStrategy	0.50885664
2003-09-10	CapitalStable	1.3512
2003-09-10	Balanced	1.4137
2003-09-10	HighGrowth	1.5358
2003-09-10	Cash	1.2794
2003-09-04	CoreStrategy	0.50885664
2003-09-04	CapitalStable	1.3488
2003-09-04	Balanced	1.4074
2003-09-04	HighGrowth	1.5219
2003-09-04	Cash	1.2786
2003-08-31	CoreStrategy	0.50885664
2003-08-31	CapitalStable	1.3441
2003-08-31	Balanced	1.4012
2003-08-31	HighGrowth	1.5132
2003-08-31	Cash	1.2774
2003-08-27	CoreStrategy	0.503478101
2003-08-27	CapitalStable	1.3441
2003-08-27	Balanced	1.4012
2003-08-27	HighGrowth	1.5132
2003-08-27	Cash	1.2774
2003-08-20	CoreStrategy	0.503478101
2003-08-20	CapitalStable	1.3386
2003-08-20	Balanced	1.3927
2003-08-20	HighGrowth	1.4992
2003-08-20	Cash	1.2764
2003-08-14	CoreStrategy	0.503478101
2003-08-14	CapitalStable	1.3418
2003-08-14	Balanced	1.3934
2003-08-14	HighGrowth	1.494
2003-08-14	Cash	1.2753
2003-08-06	CoreStrategy	0.503478101
2003-08-06	CapitalStable	1.3382
2003-08-06	Balanced	1.3898
2003-08-06	HighGrowth	1.4905
2003-08-06	Cash	1.2745
2003-07-31	CoreStrategy	0.503478101
2003-07-31	CapitalStable	1.3378
2003-07-31	Balanced	1.3856
2003-07-31	HighGrowth	1.4782
2003-07-31	Cash	1.2737
2003-07-30	CoreStrategy	0.498156412
2003-07-30	CapitalStable	1.3378
2003-07-30	Balanced	1.3856
2003-07-30	HighGrowth	1.4782
2003-07-30	Cash	1.2737
2003-07-24	CoreStrategy	0.498156412
2003-07-24	CapitalStable	1.3377
2003-07-24	Balanced	1.3846
2003-07-24	HighGrowth	1.475
2003-07-24	Cash	1.2725
2003-07-16	CoreStrategy	0.498156412
2003-07-16	CapitalStable	1.3392
2003-07-16	Balanced	1.3828
2003-07-16	HighGrowth	1.4653
2003-07-16	Cash	1.2715
2003-07-10	CoreStrategy	0.498156412
2003-07-10	CapitalStable	1.3342
2003-07-10	Balanced	1.3762
2003-07-10	HighGrowth	1.4564
2003-07-10	Cash	1.2703
2003-07-03	CoreStrategy	0.498156412
2003-07-03	CapitalStable	1.3334
2003-07-03	Balanced	1.3738
2003-07-03	HighGrowth	1.4505
2003-07-03	Cash	1.2699
2003-06-30	CoreStrategy	0.498156412
2003-06-30	CapitalStable	1.3334
2003-06-30	Balanced	1.3738
2003-06-30	HighGrowth	1.4505
2003-06-30	Cash	1.2699
2003-06-25	CoreStrategy	0.496530899
2003-06-25	CapitalStable	1.3432
2003-06-25	Balanced	1.3864
2003-06-25	HighGrowth	1.4688
2003-06-25	Cash	1.2684
2003-06-18	CoreStrategy	0.496530899
2003-06-18	CapitalStable	1.3468
2003-06-18	Balanced	1.3876
2003-06-18	HighGrowth	1.4641
2003-06-18	Cash	1.2672
2003-06-12	CoreStrategy	0.496530899
2003-06-12	CapitalStable	1.3395
2003-06-12	Balanced	1.38
2003-06-12	HighGrowth	1.4571
2003-06-12	Cash	1.2663
2003-06-04	CoreStrategy	0.496530899
2003-06-04	CapitalStable	1.3322
2003-06-04	Balanced	1.3704
2003-06-04	HighGrowth	1.4439
2003-06-04	Cash	1.2653
2003-05-31	CoreStrategy	0.496530899
2003-05-31	CapitalStable	1.3283
2003-05-31	Balanced	1.3634
2003-05-31	HighGrowth	1.4314
2003-05-31	Cash	1.2642
2003-05-28	CoreStrategy	0.49491069
2003-05-28	CapitalStable	1.3283
2003-05-28	Balanced	1.3634
2003-05-28	HighGrowth	1.4314
2003-05-28	Cash	1.2642
2003-05-21	CoreStrategy	0.49491069
2003-05-21	CapitalStable	1.321
2003-05-21	Balanced	1.356
2003-05-21	HighGrowth	1.4247
2003-05-21	Cash	1.263
2003-05-14	CoreStrategy	0.49491069
2003-05-14	CapitalStable	1.318
2003-05-14	Balanced	1.3529
2003-05-14	HighGrowth	1.4218
2003-05-14	Cash	1.262
2003-05-05	CoreStrategy	0.49491069
2003-05-05	CapitalStable	1.3138
2003-05-05	Balanced	1.3505
2003-05-05	HighGrowth	1.4241
2003-05-05	Cash	1.2608
2003-04-30	CoreStrategy	0.49491069
2003-04-30	CapitalStable	1.3056
2003-04-30	Balanced	1.3388
2003-04-30	HighGrowth	1.4063
2003-04-30	Cash	1.2582
2003-04-24	CoreStrategy	0.493295768
2003-04-24	CapitalStable	1.3056
2003-04-24	Balanced	1.3388
2003-04-24	HighGrowth	1.4063
2003-04-24	Cash	1.2582
2003-04-16	CoreStrategy	0.493295768
2003-04-16	CapitalStable	1.3056
2003-04-16	Balanced	1.3379
2003-04-16	HighGrowth	1.4034
2003-04-16	Cash	1.2573
2003-04-09	CoreStrategy	0.493295768
2003-04-09	CapitalStable	1.3016
2003-04-09	Balanced	1.3334
2003-04-09	HighGrowth	1.3988
2003-04-09	Cash	1.2561
2003-04-04	CoreStrategy	0.493295768
2003-04-04	CapitalStable	1.2973
2003-04-04	Balanced	1.3247
2003-04-04	HighGrowth	1.3809
2003-04-04	Cash	1.2556
2003-03-31	CoreStrategy	0.493295768
2003-03-31	CapitalStable	1.2925
2003-03-31	Balanced	1.323
2003-03-31	HighGrowth	1.3866
2003-03-31	Cash	1.2541
2003-03-27	CoreStrategy	0.491686115
2003-03-27	CapitalStable	1.2925
2003-03-27	Balanced	1.323
2003-03-27	HighGrowth	1.3866
2003-03-27	Cash	1.2541
2003-03-19	CoreStrategy	0.491686115
2003-03-19	CapitalStable	1.288
2003-03-19	Balanced	1.3099
2003-03-19	HighGrowth	1.3564
2003-03-19	Cash	1.2531
2003-03-12	CoreStrategy	0.491686115
2003-03-12	CapitalStable	1.2889
2003-03-12	Balanced	1.3076
2003-03-12	HighGrowth	1.3473
2003-03-12	Cash	1.2523
2003-03-05	CoreStrategy	0.491686115
2003-03-05	CapitalStable	1.2917
2003-03-05	Balanced	1.3145
2003-03-05	HighGrowth	1.3621
2003-03-05	Cash	1.2514
2003-02-28	CoreStrategy	0.491686115
2003-02-28	CapitalStable	1.2925
2003-02-28	Balanced	1.3181
2003-02-28	HighGrowth	1.3715
2003-02-28	Cash	1.2502
2003-02-26	CoreStrategy	0.490081715
2003-02-26	CapitalStable	1.2925
2003-02-26	Balanced	1.3181
2003-02-26	HighGrowth	1.3715
2003-02-26	Cash	1.2502
2003-02-19	CoreStrategy	0.490081715
2003-02-19	CapitalStable	1.2906
2003-02-19	Balanced	1.3163
2003-02-19	HighGrowth	1.37
2003-02-19	Cash	1.2491
2003-02-12	CoreStrategy	0.490081715
2003-02-12	CapitalStable	1.2939
2003-02-12	Balanced	1.3229
2003-02-12	HighGrowth	1.3823
2003-02-12	Cash	1.2477
2003-02-05	CoreStrategy	0.490081715
2003-02-05	CapitalStable	1.2956
2003-02-05	Balanced	1.3292
2003-02-05	HighGrowth	1.398
2003-02-05	Cash	1.2466
2003-01-31	CoreStrategy	0.490081715
2003-01-31	CapitalStable	1.2991
2003-01-31	Balanced	1.3366
2003-01-31	HighGrowth	1.4124
2003-01-31	Cash	1.2446
2003-01-30	CoreStrategy	0.488482551
2003-01-30	CapitalStable	1.2991
2003-01-30	Balanced	1.3366
2003-01-30	HighGrowth	1.4124
2003-01-30	Cash	1.2446
2003-01-23	CoreStrategy	0.488482551
2003-01-23	CapitalStable	1.2976
2003-01-23	Balanced	1.3386
2003-01-23	HighGrowth	1.4222
2003-01-23	Cash	1.2437
2003-01-16	CoreStrategy	0.488482551
2003-01-16	CapitalStable	1.2966
2003-01-16	Balanced	1.3396
2003-01-16	HighGrowth	1.4276
2003-01-16	Cash	1.2426
2003-01-07	CoreStrategy	0.488482551
2003-01-07	CapitalStable	1.2925
2003-01-07	Balanced	1.3313
2003-01-07	HighGrowth	1.41
2003-01-07	Cash	1.2402
2002-12-31	CoreStrategy	0.488482551
2002-12-31	CapitalStable	1.2899
2002-12-31	Balanced	1.3293
2002-12-31	HighGrowth	1.4098
2002-12-31	Cash	1.2406
2002-12-25	CoreStrategy	0.486888604
2002-12-25	CapitalStable	1.2899
2002-12-25	Balanced	1.3293
2002-12-25	HighGrowth	1.4098
2002-12-25	Cash	1.2406
2002-12-18	CoreStrategy	0.486888604
2002-12-18	CapitalStable	1.2827
2002-12-18	Balanced	1.3204
2002-12-18	HighGrowth	1.3986
2002-12-18	Cash	1.238
2002-12-12	CoreStrategy	0.486888604
2002-12-12	CapitalStable	1.2804
2002-12-12	Balanced	1.3221
2002-12-12	HighGrowth	1.4089
2002-12-12	Cash	1.236
2002-12-05	CoreStrategy	0.486888604
2002-12-05	CapitalStable	1.2798
2002-12-05	Balanced	1.3247
2002-12-05	HighGrowth	1.4186
2002-12-05	Cash	1.2363
2002-11-30	CoreStrategy	0.486888604
2002-11-30	CapitalStable	1.2775
2002-11-30	Balanced	1.3198
2002-11-30	HighGrowth	1.4084
2002-11-30	Cash	1.2345
2002-11-27	CoreStrategy	0.485299859
2002-11-27	CapitalStable	1.2775
2002-11-27	Balanced	1.3198
2002-11-27	HighGrowth	1.4084
2002-11-27	Cash	1.2345
2002-11-20	CoreStrategy	0.485299859
2002-11-20	CapitalStable	1.2763
2002-11-20	Balanced	1.3152
2002-11-20	HighGrowth	1.3967
2002-11-20	Cash	1.2345
2002-11-13	CoreStrategy	0.485299859
2002-11-13	CapitalStable	1.2746
2002-11-13	Balanced	1.3134
2002-11-13	HighGrowth	1.3945
2002-11-13	Cash	1.2335
2002-11-06	CoreStrategy	0.485299859
2002-11-06	CapitalStable	1.2709
2002-11-06	Balanced	1.3117
2002-11-06	HighGrowth	1.3975
2002-11-06	Cash	1.2324
2002-10-31	CoreStrategy	0.485299859
2002-10-31	CapitalStable	1.2611
2002-10-31	Balanced	1.3018
2002-10-31	HighGrowth	1.3892
2002-10-31	Cash	1.2311
2002-10-30	CoreStrategy	0.483716297
2002-10-30	CapitalStable	1.2611
2002-10-30	Balanced	1.3018
2002-10-30	HighGrowth	1.3892
2002-10-30	Cash	1.2311
2002-10-23	CoreStrategy	0.483716297
2002-10-23	CapitalStable	1.2576
2002-10-23	Balanced	1.2983
2002-10-23	HighGrowth	1.3861
2002-10-23	Cash	1.2303
2002-10-16	CoreStrategy	0.483716297
2002-10-16	CapitalStable	1.2581
2002-10-16	Balanced	1.2912
2002-10-16	HighGrowth	1.3629
2002-10-16	Cash	1.2293
2002-10-10	CoreStrategy	0.483716297
2002-10-10	CapitalStable	1.263
2002-10-10	Balanced	1.2994
2002-10-10	HighGrowth	1.3758
2002-10-10	Cash	1.2284
2002-10-03	CoreStrategy	0.483716297
2002-10-03	CapitalStable	1.2641
2002-10-03	Balanced	1.2997
2002-10-03	HighGrowth	1.3746
2002-10-03	Cash	1.2278
2002-09-30	CoreStrategy	0.483716297
2002-09-30	CapitalStable	1.2682
2002-09-30	Balanced	1.311
2002-09-30	HighGrowth	1.4003
2002-09-30	Cash	1.2258
2002-09-26	CoreStrategy	0.482137903
2002-09-26	CapitalStable	1.2682
2002-09-26	Balanced	1.311
2002-09-26	HighGrowth	1.4003
2002-09-26	Cash	1.2258
2002-09-18	CoreStrategy	0.482137903
2002-09-18	CapitalStable	1.2693
2002-09-18	Balanced	1.317
2002-09-18	HighGrowth	1.4168
2002-09-18	Cash	1.2247
2002-09-11	CoreStrategy	0.482137903
2002-09-11	CapitalStable	1.2712
2002-09-11	Balanced	1.3171
2002-09-11	HighGrowth	1.4125
2002-09-11	Cash	1.2239
2002-09-04	CoreStrategy	0.482137903
2002-09-04	CapitalStable	1.265
2002-09-04	Balanced	1.3149
2002-09-04	HighGrowth	1.4202
2002-09-04	Cash	1.2227
2002-08-31	CoreStrategy	0.482137903
2002-08-31	CapitalStable	1.2633
2002-08-31	Balanced	1.3163
2002-08-31	HighGrowth	1.4285
2002-08-31	Cash	1.2215
2002-08-28	CoreStrategy	0.48056466
2002-08-28	CapitalStable	1.2633
2002-08-28	Balanced	1.3163
2002-08-28	HighGrowth	1.4285
2002-08-28	Cash	1.2215
2002-08-21	CoreStrategy	0.48056466
2002-08-21	CapitalStable	1.2626
2002-08-21	Balanced	1.3122
2002-08-21	HighGrowth	1.4169
2002-08-21	Cash	1.2208
2002-08-14	CoreStrategy	0.48056466
2002-08-14	CapitalStable	1.2597
2002-08-14	Balanced	1.3076
2002-08-14	HighGrowth	1.4092
2002-08-14	Cash	1.22
2002-08-07	CoreStrategy	0.48056466
2002-08-07	CapitalStable	1.2521
2002-08-07	Balanced	1.2998
2002-08-07	HighGrowth	1.4025
2002-08-07	Cash	1.2186
2002-07-31	CoreStrategy	0.48056466
2002-07-31	CapitalStable	1.2505
2002-07-31	Balanced	1.2921
2002-07-31	HighGrowth	1.3813
2002-07-31	Cash	1.2179
2002-07-24	CoreStrategy	0.47899655
2002-07-24	CapitalStable	1.2531
2002-07-24	Balanced	1.3018
2002-07-24	HighGrowth	1.4056
2002-07-24	Cash	1.2167
2002-07-17	CoreStrategy	0.47899655
2002-07-17	CapitalStable	1.2555
2002-07-17	Balanced	1.3102
2002-07-17	HighGrowth	1.4267
2002-07-17	Cash	1.2158
2002-07-11	CoreStrategy	0.47899655
2002-07-11	CapitalStable	1.2513
2002-07-11	Balanced	1.3091
2002-07-11	HighGrowth	1.4332
2002-07-11	Cash	1.2152
2002-07-05	CoreStrategy	0.47899655
2002-07-05	CapitalStable	1.2515
2002-07-05	Balanced	1.309
2002-07-05	HighGrowth	1.4317
2002-07-05	Cash	1.2136
2002-06-30	CoreStrategy	0.47899655
2002-06-30	CapitalStable	1.2515
2002-06-30	Balanced	1.309
2002-06-30	HighGrowth	1.4317
2002-06-30	Cash	1.2136
2002-06-26	CoreStrategy	0.477625336
2002-06-26	CapitalStable	1.2516
2002-06-26	Balanced	1.3098
2002-06-26	HighGrowth	1.4332
2002-06-26	Cash	1.2124
2002-06-19	CoreStrategy	0.477625336
2002-06-19	CapitalStable	1.2542
2002-06-19	Balanced	1.316
2002-06-19	HighGrowth	1.447
2002-06-19	Cash	1.2114
2002-06-13	CoreStrategy	0.477625336
2002-06-13	CapitalStable	1.2491
2002-06-13	Balanced	1.3144
2002-06-13	HighGrowth	1.4543
2002-06-13	Cash	1.2103
2002-06-05	CoreStrategy	0.477625336
2002-06-05	CapitalStable	1.2497
2002-06-05	Balanced	1.3176
2002-06-05	HighGrowth	1.4637
2002-06-05	Cash	1.2095
2002-05-31	CoreStrategy	0.477625336
2002-05-31	CapitalStable	1.25
2002-05-31	Balanced	1.3189
2002-05-31	HighGrowth	1.4669
2002-05-31	Cash	1.2085
2002-05-29	CoreStrategy	0.476258047
2002-05-29	CapitalStable	1.25
2002-05-29	Balanced	1.3189
2002-05-29	HighGrowth	1.4669
2002-05-29	Cash	1.2085
2002-05-22	CoreStrategy	0.476258047
2002-05-22	CapitalStable	1.2493
2002-05-22	Balanced	1.3202
2002-05-22	HighGrowth	1.4729
2002-05-22	Cash	1.2076
2002-05-15	CoreStrategy	0.476258047
2002-05-15	CapitalStable	1.2452
2002-05-15	Balanced	1.3112
2002-05-15	HighGrowth	1.4536
2002-05-15	Cash	1.2068
2002-05-08	CoreStrategy	0.476258047
2002-05-08	CapitalStable	1.2505
2002-05-08	Balanced	1.318
2002-05-08	HighGrowth	1.4626
2002-05-08	Cash	1.206
2002-05-03	CoreStrategy	0.476258047
2002-05-03	CapitalStable	1.249
2002-05-03	Balanced	1.3158
2002-05-03	HighGrowth	1.4591
2002-05-03	Cash	1.2057
2002-04-30	CoreStrategy	0.476258047
2002-04-30	CapitalStable	1.2438
2002-04-30	Balanced	1.3142
2002-04-30	HighGrowth	1.4663
2002-04-30	Cash	1.2039
2002-04-24	CoreStrategy	0.474894672
2002-04-24	CapitalStable	1.2438
2002-04-24	Balanced	1.3142
2002-04-24	HighGrowth	1.4663
2002-04-24	Cash	1.2039
2002-04-17	CoreStrategy	0.474894672
2002-04-17	CapitalStable	1.2402
2002-04-17	Balanced	1.3081
2002-04-17	HighGrowth	1.4552
2002-04-17	Cash	1.2027
2002-04-10	CoreStrategy	0.474894672
2002-04-10	CapitalStable	1.2407
2002-04-10	Balanced	1.3101
2002-04-10	HighGrowth	1.4603
2002-04-10	Cash	1.2018
2002-04-04	CoreStrategy	0.474894672
2002-04-04	CapitalStable	1.2397
2002-04-04	Balanced	1.3109
2002-04-04	HighGrowth	1.465
2002-04-04	Cash	1.2009
2002-03-31	CoreStrategy	0.474894672
2002-03-31	CapitalStable	1.2385
2002-03-31	Balanced	1.3103
2002-03-31	HighGrowth	1.4659
2002-03-31	Cash	1.1996
2002-03-27	CoreStrategy	0.473535201
2002-03-27	CapitalStable	1.2385
2002-03-27	Balanced	1.3103
2002-03-27	HighGrowth	1.4659
2002-03-27	Cash	1.1996
2002-03-20	CoreStrategy	0.473535201
2002-03-20	CapitalStable	1.237
2002-03-20	Balanced	1.3083
2002-03-20	HighGrowth	1.4632
2002-03-20	Cash	1.1989
2002-03-13	CoreStrategy	0.473535201
2002-03-13	CapitalStable	1.2402
2002-03-13	Balanced	1.314
2002-03-13	HighGrowth	1.4734
2002-03-13	Cash	1.1984
2002-03-06	CoreStrategy	0.473535201
2002-03-06	CapitalStable	1.2424
2002-03-06	Balanced	1.3097
2002-03-06	HighGrowth	1.4534
2002-03-06	Cash	1.1971
2002-03-01	CoreStrategy	0.473535201
2002-03-01	CapitalStable	1.2432
2002-03-01	Balanced	1.309
2002-03-01	HighGrowth	1.4486
2002-03-01	Cash	1.1963
2002-02-28	CoreStrategy	0.473535201
2002-02-28	CapitalStable	1.2432
2002-02-28	Balanced	1.309
2002-02-28	HighGrowth	1.4486
2002-02-28	Cash	1.1963
2002-02-20	CoreStrategy	0.472179621
2002-02-20	CapitalStable	1.2411
2002-02-20	Balanced	1.3093
2002-02-20	HighGrowth	1.4549
2002-02-20	Cash	1.1954
2002-02-13	CoreStrategy	0.472179621
2002-02-13	CapitalStable	1.2416
2002-02-13	Balanced	1.3068
2002-02-13	HighGrowth	1.4451
2002-02-13	Cash	1.1946
2002-02-05	CoreStrategy	0.472179621
2002-02-05	CapitalStable	1.2369
2002-02-05	Balanced	1.3033
2002-02-05	HighGrowth	1.4452
2002-02-05	Cash	1.1936
2002-01-31	CoreStrategy	0.472179621
2002-01-31	CapitalStable	1.2351
2002-01-31	Balanced	1.2998
2002-01-31	HighGrowth	1.4381
2002-01-31	Cash	1.1931
2002-01-23	CoreStrategy	0.470827922
2002-01-23	CapitalStable	1.2379
2002-01-23	Balanced	1.2982
2002-01-23	HighGrowth	1.4261
2002-01-23	Cash	1.1924
2002-01-16	CoreStrategy	0.470827922
2002-01-16	CapitalStable	1.2395
2002-01-16	Balanced	1.3007
2002-01-16	HighGrowth	1.4301
2002-01-16	Cash	1.1915
2002-01-10	CoreStrategy	0.470827922
2002-01-10	CapitalStable	1.2351
2002-01-10	Balanced	1.2986
2002-01-10	HighGrowth	1.4344
2002-01-10	Cash	1.1905
2002-01-04	CoreStrategy	0.470827922
2002-01-04	CapitalStable	1.2326
2002-01-04	Balanced	1.2948
2002-01-04	HighGrowth	1.4277
2002-01-04	Cash	1.1902
2001-12-31	CoreStrategy	0.470827922
2001-12-31	CapitalStable	1.2328
2001-12-31	Balanced	1.2916
2001-12-31	HighGrowth	1.4168
2001-12-31	Cash	1.1879
2001-12-20	CoreStrategy	0.469480092
2001-12-20	CapitalStable	1.2271
2001-12-20	Balanced	1.2817
2001-12-20	HighGrowth	1.3983
2001-12-20	Cash	1.1841
2001-12-13	CoreStrategy	0.469480092
2001-12-13	CapitalStable	1.2334
2001-12-13	Balanced	1.2916
2001-12-13	HighGrowth	1.4135
2001-12-13	Cash	1.1827
2001-12-05	CoreStrategy	0.469480092
2001-12-05	CapitalStable	1.2339
2001-12-05	Balanced	1.2887
2001-12-05	HighGrowth	1.4027
2001-12-05	Cash	1.182
2001-11-30	CoreStrategy	0.469480092
2001-11-30	CapitalStable	1.2241
2001-11-30	Balanced	1.2801
2001-11-30	HighGrowth	1.3984
2001-11-30	Cash	1.181
2001-11-28	CoreStrategy	0.468136121
2001-11-28	CapitalStable	1.2241
2001-11-28	Balanced	1.2801
2001-11-28	HighGrowth	1.3984
2001-11-28	Cash	1.181
2001-11-22	CoreStrategy	0.468136121
2001-11-22	CapitalStable	1.2287
2001-11-22	Balanced	1.2816
2001-11-22	HighGrowth	1.393
2001-11-22	Cash	1.1846
2001-11-15	CoreStrategy	0.468136121
2001-11-15	CapitalStable	1.2397
2001-11-15	Balanced	1.2858
2001-11-15	HighGrowth	1.3803
2001-11-15	Cash	1.1839
2001-11-06	CoreStrategy	0.468136121
2001-11-06	CapitalStable	1.2336
2001-11-06	Balanced	1.2776
2001-11-06	HighGrowth	1.3685
2001-11-06	Cash	1.1824
2001-10-31	CoreStrategy	0.468136121
2001-10-31	CapitalStable	1.2213
2001-10-31	Balanced	1.2644
2001-10-31	HighGrowth	1.3558
2001-10-31	Cash	1.1812
2001-10-25	CoreStrategy	0.466795996
2001-10-25	CapitalStable	1.2213
2001-10-25	Balanced	1.2644
2001-10-25	HighGrowth	1.3558
2001-10-25	Cash	1.1812
2001-10-18	CoreStrategy	0.466795996
2001-10-18	CapitalStable	1.2206
2001-10-18	Balanced	1.2669
2001-10-18	HighGrowth	1.365
2001-10-18	Cash	1.1803
2001-10-11	CoreStrategy	0.466795996
2001-10-11	CapitalStable	1.2192
2001-10-11	Balanced	1.2609
2001-10-11	HighGrowth	1.3492
2001-10-11	Cash	1.1793
2001-10-05	CoreStrategy	0.466795996
2001-10-05	CapitalStable	1.2089
2001-10-05	Balanced	1.2451
2001-10-05	HighGrowth	1.3242
2001-10-05	Cash	1.1784
2001-09-30	CoreStrategy	0.466795996
2001-09-30	CapitalStable	1.1984
2001-09-30	Balanced	1.2271
2001-09-30	HighGrowth	1.2914
2001-09-30	Cash	1.1773
2001-09-27	CoreStrategy	0.465459709
2001-09-27	CapitalStable	1.1984
2001-09-27	Balanced	1.2271
2001-09-27	HighGrowth	1.2914
2001-09-27	Cash	1.1773
2001-09-21	CoreStrategy	0.465459709
2001-09-21	CapitalStable	1.2031
2001-09-21	Balanced	1.234
2001-09-21	HighGrowth	1.3028
2001-09-21	Cash	1.1768
2001-09-13	CoreStrategy	0.465459709
2001-09-13	CapitalStable	1.2031
2001-09-13	Balanced	1.234
2001-09-13	HighGrowth	1.3028
2001-09-13	Cash	1.175
2001-09-06	CoreStrategy	0.465459709
2001-09-06	CapitalStable	1.2144
2001-09-06	Balanced	1.2631
2001-09-06	HighGrowth	1.3679
2001-09-06	Cash	1.1741
2001-08-31	CoreStrategy	0.465459709
2001-08-31	CapitalStable	1.213
2001-08-31	Balanced	1.2661
2001-08-31	HighGrowth	1.3806
2001-08-31	Cash	1.1727
2001-08-30	CoreStrategy	0.464127246
2001-08-30	CapitalStable	1.213
2001-08-30	Balanced	1.2661
2001-08-30	HighGrowth	1.3806
2001-08-30	Cash	1.1727
2001-08-23	CoreStrategy	0.464127246
2001-08-23	CapitalStable	1.2063
2001-08-23	Balanced	1.2568
2001-08-23	HighGrowth	1.3668
2001-08-23	Cash	1.1719
2001-08-16	CoreStrategy	0.464127246
2001-08-16	CapitalStable	1.2119
2001-08-16	Balanced	1.267
2001-08-16	HighGrowth	1.3858
2001-08-16	Cash	1.1709
2001-08-10	CoreStrategy	0.464127246
2001-08-10	CapitalStable	1.2035
2001-08-10	Balanced	1.2623
2001-08-10	HighGrowth	1.3902
2001-08-10	Cash	1.1698
2001-08-06	CoreStrategy	0.464127246
2001-08-06	CapitalStable	1.1985
2001-08-06	Balanced	1.2545
2001-08-06	HighGrowth	1.3778
2001-08-06	Cash	1.1693
2001-07-31	CoreStrategy	0.464127246
2001-07-31	CapitalStable	1.2028
2001-07-31	Balanced	1.2603
2001-07-31	HighGrowth	1.3849
2001-07-31	Cash	1.1679
2001-07-26	CoreStrategy	0.462798599
2001-07-26	CapitalStable	1.2028
2001-07-26	Balanced	1.2603
2001-07-26	HighGrowth	1.3849
2001-07-26	Cash	1.1679
2001-07-20	CoreStrategy	0.462798599
2001-07-20	CapitalStable	1.1956
2001-07-20	Balanced	1.2552
2001-07-20	HighGrowth	1.3859
2001-07-20	Cash	1.1671
2001-07-05	CoreStrategy	0.462798599
2001-07-05	CapitalStable	1.2024
2001-07-05	Balanced	1.2654
2001-07-05	HighGrowth	1.4019
2001-07-05	Cash	1.1645
2001-06-30	CoreStrategy	0.462798599
2001-06-30	CapitalStable	1.2024
2001-06-30	Balanced	1.2654
2001-06-30	HighGrowth	1.4019
2001-06-30	Cash	1.1645
2001-06-28	CoreStrategy	0.459137373
2001-06-28	CapitalStable	1.2003
2001-06-28	Balanced	1.2579
2001-06-28	HighGrowth	1.3808
2001-06-28	Cash	1.1632
2001-06-21	CoreStrategy	0.459137373
2001-06-21	CapitalStable	1.1968
2001-06-21	Balanced	1.2527
2001-06-21	HighGrowth	1.3722
2001-06-21	Cash	1.1625
2001-06-15	CoreStrategy	0.459137373
2001-06-15	CapitalStable	1.194
2001-06-15	Balanced	1.2537
2001-06-15	HighGrowth	1.3827
2001-06-15	Cash	1.1614
2001-06-06	CoreStrategy	0.459137373
2001-06-06	CapitalStable	1.193
2001-06-06	Balanced	1.2523
2001-06-06	HighGrowth	1.381
2001-06-06	Cash	1.1605
2001-05-31	CoreStrategy	0.459137373
2001-05-31	CapitalStable	1.1931
2001-05-31	Balanced	1.2538
2001-05-31	HighGrowth	1.3843
2001-05-31	Cash	1.1597
2001-05-24	CoreStrategy	0.455505111
2001-05-24	CapitalStable	1.1912
2001-05-24	Balanced	1.2501
2001-05-24	HighGrowth	1.3769
2001-05-24	Cash	1.1588
2001-05-18	CoreStrategy	0.455505111
2001-05-18	CapitalStable	1.1939
2001-05-18	Balanced	1.2498
2001-05-18	HighGrowth	1.369
2001-05-18	Cash	1.158
2001-05-10	CoreStrategy	0.455505111
2001-05-10	CapitalStable	1.1922
2001-05-10	Balanced	1.2468
2001-05-10	HighGrowth	1.364
2001-05-10	Cash	1.157
2001-05-04	CoreStrategy	0.455505111
2001-05-04	CapitalStable	1.1894
2001-05-04	Balanced	1.2433
2001-05-04	HighGrowth	1.3591
2001-05-04	Cash	1.1565
2001-04-30	CoreStrategy	0.455505111
2001-04-30	CapitalStable	1.185
2001-04-30	Balanced	1.2369
2001-04-30	HighGrowth	1.3488
2001-04-30	Cash	1.1554
2001-04-27	CoreStrategy	0.451901584
2001-04-27	CapitalStable	1.185
2001-04-27	Balanced	1.2369
2001-04-27	HighGrowth	1.3488
2001-04-27	Cash	1.1554
2001-04-12	CoreStrategy	0.451901584
2001-04-12	CapitalStable	1.1863
2001-04-12	Balanced	1.2324
2001-04-12	HighGrowth	1.3313
2001-04-12	Cash	1.1533
2001-04-05	CoreStrategy	0.451901584
2001-04-05	CapitalStable	1.1801
2001-04-05	Balanced	1.2289
2001-04-05	HighGrowth	1.3208
2001-04-05	Cash	1.1521
2001-03-31	CoreStrategy	0.451901584
2001-03-31	CapitalStable	1.1796
2001-03-31	Balanced	1.2261
2001-03-31	HighGrowth	1.3119
2001-03-31	Cash	1.1511
2001-03-29	CoreStrategy	0.448326565
2001-03-29	CapitalStable	1.1796
2001-03-29	Balanced	1.2261
2001-03-29	HighGrowth	1.3119
2001-03-29	Cash	1.1511
2001-03-22	CoreStrategy	0.448326565
2001-03-22	CapitalStable	1.1889
2001-03-22	Balanced	1.2398
2001-03-22	HighGrowth	1.3327
2001-03-22	Cash	1.1501
2001-03-15	CoreStrategy	0.448326565
2001-03-15	CapitalStable	1.1919
2001-03-15	Balanced	1.2485
2001-03-15	HighGrowth	1.3538
2001-03-15	Cash	1.1488
2001-03-06	CoreStrategy	0.448326565
2001-03-06	CapitalStable	1.1824
2001-03-06	Balanced	1.2376
2001-03-06	HighGrowth	1.3413
2001-03-06	Cash	1.147
2001-03-01	CoreStrategy	0.448326565
2001-03-01	CapitalStable	1.177
2001-03-01	Balanced	1.2314
2001-03-01	HighGrowth	1.3341
2001-03-01	Cash	1.1461
2001-02-28	CoreStrategy	0.448326565
2001-02-28	CapitalStable	1.1762
2001-02-28	Balanced	1.233
2001-02-28	HighGrowth	1.3414
2001-02-28	Cash	1.1447
2001-02-22	CoreStrategy	0.444779828
2001-02-22	CapitalStable	1.1762
2001-02-22	Balanced	1.233
2001-02-22	HighGrowth	1.3414
2001-02-22	Cash	1.1447
2001-02-15	CoreStrategy	0.444779828
2001-02-15	CapitalStable	1.1754
2001-02-15	Balanced	1.2314
2001-02-15	HighGrowth	1.338
2001-02-15	Cash	1.1437
2001-02-06	CoreStrategy	0.444779828
2001-02-06	CapitalStable	1.1768
2001-02-06	Balanced	1.2339
2001-02-06	HighGrowth	1.3424
2001-02-06	Cash	1.1421
2001-01-31	CoreStrategy	0.444779828
2001-01-31	CapitalStable	1.1688
2001-01-31	Balanced	1.2223
2001-01-31	HighGrowth	1.3238
2001-01-31	Cash	1.1401
2001-01-25	CoreStrategy	0.44126115
2001-01-25	CapitalStable	1.1688
2001-01-25	Balanced	1.2223
2001-01-25	HighGrowth	1.3238
2001-01-25	Cash	1.1401
2001-01-18	CoreStrategy	0.44126115
2001-01-18	CapitalStable	1.1655
2001-01-18	Balanced	1.2167
2001-01-18	HighGrowth	1.3139
2001-01-18	Cash	1.1389
2001-01-11	CoreStrategy	0.44126115
2001-01-11	CapitalStable	1.163
2001-01-11	Balanced	1.2153
2001-01-11	HighGrowth	1.3146
2001-01-11	Cash	1.1378
2001-01-05	CoreStrategy	0.44126115
2001-01-05	CapitalStable	1.1586
2001-01-05	Balanced	1.2098
2001-01-05	HighGrowth	1.3083
2001-01-05	Cash	1.1365
2000-12-31	CoreStrategy	0.44126115
2000-12-31	CapitalStable	1.156
2000-12-31	Balanced	1.2048
2000-12-31	HighGrowth	1.2983
2000-12-31	Cash	1.1351
2000-12-28	CoreStrategy	0.437770308
2000-12-28	CapitalStable	1.156
2000-12-28	Balanced	1.2048
2000-12-28	HighGrowth	1.2983
2000-12-28	Cash	1.1351
2000-12-21	CoreStrategy	0.437770308
2000-12-21	CapitalStable	1.1541
2000-12-21	Balanced	1.2047
2000-12-21	HighGrowth	1.3019
2000-12-21	Cash	1.1329
2000-12-14	CoreStrategy	0.437770308
2000-12-14	CapitalStable	1.1545
2000-12-14	Balanced	1.2078
2000-12-14	HighGrowth	1.3105
2000-12-14	Cash	1.132
2000-12-06	CoreStrategy	0.437770308
2000-12-06	CapitalStable	1.1476
2000-12-06	Balanced	1.2012
2000-12-06	HighGrowth	1.3061
2000-12-06	Cash	1.1315
2000-11-30	CoreStrategy	0.437770308
2000-11-30	CapitalStable	1.1435
2000-11-30	Balanced	1.1979
2000-11-30	HighGrowth	1.3051
2000-11-30	Cash	1.1302
2000-11-23	CoreStrategy	0.434307083
2000-11-23	CapitalStable	1.1459
2000-11-23	Balanced	1.2028
2000-11-23	HighGrowth	1.3154
2000-11-23	Cash	1.1288
2000-11-16	CoreStrategy	0.434307083
2000-11-16	CapitalStable	1.1402
2000-11-16	Balanced	1.1969
2000-11-16	HighGrowth	1.3099
2000-11-16	Cash	1.1276
2000-11-09	CoreStrategy	0.434307083
2000-11-09	CapitalStable	1.1396
2000-11-09	Balanced	1.1973
2000-11-09	HighGrowth	1.3127
2000-11-09	Cash	1.1263
2000-11-06	CoreStrategy	0.434307083
2000-11-06	CapitalStable	1.1354
2000-11-06	Balanced	1.1916
2000-11-06	HighGrowth	1.3045
2000-11-06	Cash	1.1259
2000-10-31	CoreStrategy	0.434307083
2000-10-31	CapitalStable	1.1305
2000-10-31	Balanced	1.1819
2000-10-31	HighGrowth	1.2846
2000-10-31	Cash	1.1242
2000-10-25	CoreStrategy	0.430871255
2000-10-25	CapitalStable	1.1305
2000-10-25	Balanced	1.1819
2000-10-25	HighGrowth	1.2846
2000-10-25	Cash	1.1242
2000-10-19	CoreStrategy	0.430871255
2000-10-19	CapitalStable	1.129
2000-10-19	Balanced	1.1785
2000-10-19	HighGrowth	1.277
2000-10-19	Cash	1.1234
2000-10-12	CoreStrategy	0.430871255
2000-10-12	CapitalStable	1.1301
2000-10-12	Balanced	1.1829
2000-10-12	HighGrowth	1.288
2000-10-12	Cash	1.1211
2000-10-06	CoreStrategy	0.430871255
2000-10-06	CapitalStable	1.1273
2000-10-06	Balanced	1.1796
2000-10-06	HighGrowth	1.2839
2000-10-06	Cash	1.1197
2000-09-30	CoreStrategy	0.430871255
2000-09-30	CapitalStable	1.1198
2000-09-30	Balanced	1.1664
2000-09-30	HighGrowth	1.2592
2000-09-30	Cash	1.1175
2000-09-27	CoreStrategy	0.427462608
2000-09-27	CapitalStable	1.1198
2000-09-27	Balanced	1.1664
2000-09-27	HighGrowth	1.2592
2000-09-27	Cash	1.1175
2000-09-21	CoreStrategy	0.427462608
2000-09-21	CapitalStable	1.1279
2000-09-21	Balanced	1.1811
2000-09-21	HighGrowth	1.2869
2000-09-21	Cash	1.1164
2000-09-14	CoreStrategy	0.427462608
2000-09-14	CapitalStable	1.1286
2000-09-14	Balanced	1.1832
2000-09-14	HighGrowth	1.2915
2000-09-14	Cash	1.1149
2000-09-06	CoreStrategy	0.427462608
2000-09-06	CapitalStable	1.1206
2000-09-06	Balanced	1.1746
2000-09-06	HighGrowth	1.2829
2000-09-06	Cash	1.1135
2000-08-31	CoreStrategy	0.427462608
2000-08-31	CapitalStable	1.1244
2000-08-31	Balanced	1.1811
2000-08-31	HighGrowth	1.2943
2000-08-31	Cash	1.1126
2000-08-24	CoreStrategy	0.424080927
2000-08-24	CapitalStable	1.1188
2000-08-24	Balanced	1.1738
2000-08-24	HighGrowth	1.284
2000-08-24	Cash	1.1114
2000-08-17	CoreStrategy	0.424080927
2000-08-17	CapitalStable	1.1203
2000-08-17	Balanced	1.1742
2000-08-17	HighGrowth	1.2818
2000-08-17	Cash	1.1093
2000-08-11	CoreStrategy	0.424080927
2000-08-11	CapitalStable	1.1156
2000-08-11	Balanced	1.1672
2000-08-11	HighGrowth	1.27
2000-08-11	Cash	1.1083
2000-08-04	CoreStrategy	0.424080927
2000-08-04	CapitalStable	1.1161
2000-08-04	Balanced	1.1665
2000-08-04	HighGrowth	1.2666
2000-08-04	Cash	1.1088
2000-07-31	CoreStrategy	0.424080927
2000-07-31	CapitalStable	1.1197
2000-07-31	Balanced	1.1724
2000-07-31	HighGrowth	1.2763
2000-07-31	Cash	1.1057
2000-07-27	CoreStrategy	0.420725999
2000-07-27	CapitalStable	1.1197
2000-07-27	Balanced	1.1724
2000-07-27	HighGrowth	1.2763
2000-07-27	Cash	1.1057
2000-07-20	CoreStrategy	0.420725999
2000-07-20	CapitalStable	1.119
2000-07-20	Balanced	1.1721
2000-07-20	HighGrowth	1.2773
2000-07-20	Cash	1.1045
2000-07-06	CoreStrategy	0.420725999
2000-07-06	CapitalStable	1.1149
2000-07-06	Balanced	1.1673
2000-07-06	HighGrowth	1.2705
2000-07-06	Cash	1.1021
2000-06-30	CoreStrategy	0.420725999
2000-06-30	CapitalStable	1.1149
2000-06-30	Balanced	1.1673
2000-06-30	HighGrowth	1.2705
2000-06-30	Cash	1.1021
2000-06-29	CoreStrategy	0.417397612
2000-06-29	CapitalStable	1.102
2000-06-29	Balanced	1.1481
2000-06-29	HighGrowth	1.2383
2000-06-29	Cash	1.1006
2000-06-22	CoreStrategy	0.417397612
2000-06-22	CapitalStable	1.1002
2000-06-22	Balanced	1.1443
2000-06-22	HighGrowth	1.2302
2000-06-22	Cash	1.0986
2000-06-16	CoreStrategy	0.417397612
2000-06-16	CapitalStable	1.1054
2000-06-16	Balanced	1.1515
2000-06-16	HighGrowth	1.2412
2000-06-16	Cash	1.0985
2000-06-08	CoreStrategy	0.417397612
2000-06-08	CapitalStable	1.0991
2000-06-08	Balanced	1.1437
2000-06-08	HighGrowth	1.2316
2000-06-08	Cash	1.0969
2000-06-01	CoreStrategy	0.417397612
2000-06-01	CapitalStable	1.0931
2000-06-01	Balanced	1.1337
2000-06-01	HighGrowth	1.2139
2000-06-01	Cash	1.0959
2000-05-31	CoreStrategy	0.417397612
2000-05-31	CapitalStable	1.0874
2000-05-31	Balanced	1.1311
2000-05-31	HighGrowth	1.2188
2000-05-31	Cash	1.0947
2000-05-25	CoreStrategy	0.414095555
2000-05-25	CapitalStable	1.0874
2000-05-25	Balanced	1.1311
2000-05-25	HighGrowth	1.2188
2000-05-25	Cash	1.0947
2000-05-18	CoreStrategy	0.414095555
2000-05-18	CapitalStable	1.0878
2000-05-18	Balanced	1.131
2000-05-18	HighGrowth	1.2176
2000-05-18	Cash	1.0937
2000-05-11	CoreStrategy	0.414095555
2000-05-11	CapitalStable	1.0856
2000-05-11	Balanced	1.1317
2000-05-11	HighGrowth	1.2241
2000-05-11	Cash	1.0926
2000-05-04	CoreStrategy	0.414095555
2000-05-04	CapitalStable	1.0914
2000-05-04	Balanced	1.1383
2000-05-04	HighGrowth	1.2317
2000-05-04	Cash	1.0913
2000-04-30	CoreStrategy	0.414095555
2000-04-30	CapitalStable	1.089
2000-04-30	Balanced	1.1312
2000-04-30	HighGrowth	1.2137
2000-04-30	Cash	1.0891
2000-04-20	CoreStrategy	0.410819622
2000-04-20	CapitalStable	1.089
2000-04-20	Balanced	1.1312
2000-04-20	HighGrowth	1.2137
2000-04-20	Cash	1.0891
2000-04-13	CoreStrategy	0.410819622
2000-04-13	CapitalStable	1.0886
2000-04-13	Balanced	1.1361
2000-04-13	HighGrowth	1.2304
2000-04-13	Cash	1.088
2000-04-06	CoreStrategy	0.410819622
2000-04-06	CapitalStable	1.0817
2000-04-06	Balanced	1.126
2000-04-06	HighGrowth	1.2145
2000-04-06	Cash	1.0868
2000-03-31	CoreStrategy	0.410819622
2000-03-31	CapitalStable	1.0838
2000-03-31	Balanced	1.1327
2000-03-31	HighGrowth	1.2302
2000-03-31	Cash	1.0858
2000-03-30	CoreStrategy	0.407569605
2000-03-30	CapitalStable	1.0838
2000-03-30	Balanced	1.1327
2000-03-30	HighGrowth	1.2302
2000-03-30	Cash	1.0858
2000-03-23	CoreStrategy	0.407569605
2000-03-23	CapitalStable	1.0809
2000-03-23	Balanced	1.1274
2000-03-23	HighGrowth	1.2199
2000-03-23	Cash	1.0848
2000-03-16	CoreStrategy	0.407569605
2000-03-16	CapitalStable	1.0732
2000-03-16	Balanced	1.1172
2000-03-16	HighGrowth	1.2055
2000-03-16	Cash	1.0825
2000-03-09	CoreStrategy	0.407569605
2000-03-09	CapitalStable	1.0741
2000-03-09	Balanced	1.1193
2000-03-09	HighGrowth	1.2099
2000-03-09	Cash	1.0815
2000-03-04	CoreStrategy	0.407569605
2000-03-04	CapitalStable	1.0681
2000-03-04	Balanced	1.1096
2000-03-04	HighGrowth	1.1932
2000-03-04	Cash	1.0811
2000-02-29	CoreStrategy	0.407569605
2000-02-29	CapitalStable	1.0588
2000-02-29	Balanced	1.1009
2000-02-29	HighGrowth	1.187
2000-02-29	Cash	1.0771
2000-02-24	CoreStrategy	0.404345299
2000-02-24	CapitalStable	1.0588
2000-02-24	Balanced	1.1009
2000-02-24	HighGrowth	1.187
2000-02-24	Cash	1.0771
2000-02-17	CoreStrategy	0.404345299
2000-02-17	CapitalStable	1.0616
2000-02-17	Balanced	1.1077
2000-02-17	HighGrowth	1.2019
2000-02-17	Cash	1.0758
2000-02-10	CoreStrategy	0.404345299
2000-02-10	CapitalStable	1.0598
2000-02-10	Balanced	1.1042
2000-02-10	HighGrowth	1.1949
2000-02-10	Cash	1.0746
2000-02-04	CoreStrategy	0.404345299
2000-02-04	CapitalStable	1.0541
2000-02-04	Balanced	1.097
2000-02-04	HighGrowth	1.185
2000-02-04	Cash	1.0741
2000-01-31	CoreStrategy	0.404345299
2000-01-31	CapitalStable	1.0506
2000-01-31	Balanced	1.0948
2000-01-31	HighGrowth	1.1859
2000-01-31	Cash	1.0729
2000-01-28	CoreStrategy	0.4011465
2000-01-28	CapitalStable	1.0506
2000-01-28	Balanced	1.0948
2000-01-28	HighGrowth	1.1859
2000-01-28	Cash	1.0729
2000-01-20	CoreStrategy	0.4011465
2000-01-20	CapitalStable	1.0522
2000-01-20	Balanced	1.0983
2000-01-20	HighGrowth	1.193
2000-01-20	Cash	1.0718
2000-01-13	CoreStrategy	0.4011465
2000-01-13	CapitalStable	1.0509
2000-01-13	Balanced	1.0935
2000-01-13	HighGrowth	1.1809
2000-01-13	Cash	1.0708
2000-01-07	CoreStrategy	0.4011465
2000-01-07	CapitalStable	1.0581
2000-01-07	Balanced	1.1061
2000-01-07	HighGrowth	1.204
2000-01-07	Cash	1.0695
1999-12-31	CoreStrategy	0.4011465
1999-12-31	CapitalStable	1.0593
1999-12-31	Balanced	1.1054
1999-12-31	HighGrowth	1.1992
1999-12-31	Cash	1.0687
1999-12-23	CoreStrategy	0.397973007
1999-12-23	CapitalStable	1.0568
1999-12-23	Balanced	1.1011
1999-12-23	HighGrowth	1.1905
1999-12-23	Cash	1.0673
1999-12-16	CoreStrategy	0.397973007
1999-12-16	CapitalStable	1.0616
1999-12-16	Balanced	1.1039
1999-12-16	HighGrowth	1.1881
1999-12-16	Cash	1.0665
1999-12-10	CoreStrategy	0.397973007
1999-12-10	CapitalStable	1.0576
1999-12-10	Balanced	1.0991
1999-12-10	HighGrowth	1.182
1999-12-10	Cash	1.0654
1999-12-07	CoreStrategy	0.397973007
1999-12-07	CapitalStable	1.0554
1999-12-07	Balanced	1.0944
1999-12-07	HighGrowth	1.1722
1999-12-07	Cash	1.0649
1999-11-30	CoreStrategy	0.397973007
1999-11-30	CapitalStable	1.0567
1999-11-30	Balanced	1.0957
1999-11-30	HighGrowth	1.1732
1999-11-30	Cash	1.0634
1999-11-25	CoreStrategy	0.39482462
1999-11-25	CapitalStable	1.0567
1999-11-25	Balanced	1.0957
1999-11-25	HighGrowth	1.1732
1999-11-25	Cash	1.0634
1999-11-18	CoreStrategy	0.39482462
1999-11-18	CapitalStable	1.0515
1999-11-18	Balanced	1.087
1999-11-18	HighGrowth	1.1577
1999-11-18	Cash	1.0627
1999-11-11	CoreStrategy	0.39482462
1999-11-11	CapitalStable	1.0479
1999-11-11	Balanced	1.0797
1999-11-11	HighGrowth	1.1434
1999-11-11	Cash	1.062
1999-11-05	CoreStrategy	0.39482462
1999-11-05	CapitalStable	1.0436
1999-11-05	Balanced	1.0735
1999-11-05	HighGrowth	1.1341
1999-11-05	Cash	1.0608
1999-10-31	CoreStrategy	0.39482462
1999-10-31	CapitalStable	1.0344
1999-10-31	Balanced	1.0616
1999-10-31	HighGrowth	1.1175
1999-10-31	Cash	1.0602
1999-10-28	CoreStrategy	0.391701141
1999-10-28	CapitalStable	1.0344
1999-10-28	Balanced	1.0616
1999-10-28	HighGrowth	1.1175
1999-10-28	Cash	1.0602
1999-10-22	CoreStrategy	0.391701141
1999-10-22	CapitalStable	1.0375
1999-10-22	Balanced	1.065
1999-10-22	HighGrowth	1.1207
1999-10-22	Cash	1.0593
1999-10-14	CoreStrategy	0.391701141
1999-10-14	CapitalStable	1.0407
1999-10-14	Balanced	1.0701
1999-10-14	HighGrowth	1.1293
1999-10-14	Cash	1.0586
1999-10-07	CoreStrategy	0.391701141
1999-10-07	CapitalStable	1.0435
1999-10-07	Balanced	1.0705
1999-10-07	HighGrowth	1.1235
1999-10-07	Cash	1.0576
1999-09-30	CoreStrategy	0.391701141
1999-09-30	CapitalStable	1.0426
1999-09-30	Balanced	1.069
1999-09-30	HighGrowth	1.1207
1999-09-30	Cash	1.057
1999-09-23	CoreStrategy	0.388602371
1999-09-23	CapitalStable	1.0409
1999-09-23	Balanced	1.0692
1999-09-23	HighGrowth	1.1255
1999-09-23	Cash	1.0562
1999-09-16	CoreStrategy	0.388602371
1999-09-16	CapitalStable	1.0414
1999-09-16	Balanced	1.0744
1999-09-16	HighGrowth	1.14
1999-09-16	Cash	1.0552
1999-09-09	CoreStrategy	0.388602371
1999-09-09	CapitalStable	1.0415
1999-09-09	Balanced	1.0729
1999-09-09	HighGrowth	1.1352
1999-09-09	Cash	1.0541
1999-09-06	CoreStrategy	0.388602371
1999-09-06	CapitalStable	1.0429
1999-09-06	Balanced	1.0738
1999-09-06	HighGrowth	1.1342
1999-09-06	Cash	1.0507
1999-08-31	CoreStrategy	0.388602371
1999-08-31	CapitalStable	1.0459
1999-08-31	Balanced	1.0783
1999-08-31	HighGrowth	1.1413
1999-08-31	Cash	1.0504
1999-08-26	CoreStrategy	0.385528115
1999-08-26	CapitalStable	1.0459
1999-08-26	Balanced	1.0783
1999-08-26	HighGrowth	1.1413
1999-08-26	Cash	1.0504
1999-08-19	CoreStrategy	0.385528115
1999-08-19	CapitalStable	1.0356
1999-08-19	Balanced	1.0664
1999-08-19	HighGrowth	1.1276
1999-08-19	Cash	1.0504
1999-08-12	CoreStrategy	0.385528115
1999-08-12	CapitalStable	1.0384
1999-08-12	Balanced	1.0683
1999-08-12	HighGrowth	1.1267
1999-08-12	Cash	1.0505
1999-08-06	CoreStrategy	0.385528115
1999-08-06	CapitalStable	1.0399
1999-08-06	Balanced	1.0721
1999-08-06	HighGrowth	1.1345
1999-08-06	Cash	1.0471
1999-07-31	CoreStrategy	0.385528115
1999-07-31	CapitalStable	1.0428
1999-07-31	Balanced	1.0765
1999-07-31	HighGrowth	1.1413
1999-07-31	Cash	1.0462
1999-07-29	CoreStrategy	0.382478181
1999-07-29	CapitalStable	1.0428
1999-07-29	Balanced	1.0765
1999-07-29	HighGrowth	1.1413
1999-07-29	Cash	1.0462
1999-07-22	CoreStrategy	0.382478181
1999-07-22	CapitalStable	1.0391
1999-07-22	Balanced	1.0737
1999-07-22	HighGrowth	1.1412
1999-07-22	Cash	1.0461
1999-07-15	CoreStrategy	0.382478181
1999-07-15	CapitalStable	1.0343
1999-07-15	Balanced	1.0686
1999-07-15	HighGrowth	1.1363
1999-07-15	Cash	1.0459
1999-07-01	CoreStrategy	0.382478181
1999-07-01	CapitalStable	1.031
1999-07-01	Balanced	1.0621
1999-07-01	HighGrowth	1.1237
1999-07-01	Cash	1.0459
1999-06-30	CoreStrategy	0.382478181
1999-06-30	CapitalStable	1.031
1999-06-30	Balanced	1.0621
1999-06-30	HighGrowth	1.1237
1999-06-30	Cash	1.0459
1999-05-31	CoreStrategy	0.380033037
1999-05-31	CapitalStable	1.0294
1999-05-31	Balanced	1.055
1999-05-31	HighGrowth	1.1048
1999-05-31	Cash	1.0418
1999-04-30	CoreStrategy	0.377603524
1999-04-30	CapitalStable	1.0423
1999-04-30	Balanced	1.0742
1999-04-30	HighGrowth	1.1325
1999-04-30	Cash	1.0387
1999-03-31	CoreStrategy	0.375189543
1999-03-31	CapitalStable	1.0352
1999-03-31	Balanced	1.0594
1999-03-31	HighGrowth	1.1046
1999-03-31	Cash	1.0349
1999-02-28	CoreStrategy	0.372790995
1999-02-28	CapitalStable	1.0278
1999-02-28	Balanced	1.0484
1999-02-28	HighGrowth	1.0873
1999-02-28	Cash	1.03
1999-01-31	CoreStrategy	0.37040778
1999-01-31	CapitalStable	1.0325
1999-01-31	Balanced	1.05
1999-01-31	HighGrowth	1.0813
1999-01-31	Cash	1.0268
1998-12-31	CoreStrategy	0.368039801
1998-12-31	CapitalStable	1.0283
1998-12-31	Balanced	1.0437
1998-12-31	HighGrowth	1.0715
1998-12-31	Cash	1.0233
1998-11-30	CoreStrategy	0.36568696
1998-11-30	CapitalStable	1.0168
1998-11-30	Balanced	1.0295
1998-11-30	HighGrowth	1.0531
1998-11-30	Cash	1.0195
1998-10-31	CoreStrategy	0.363349161
1998-10-31	CapitalStable	1.0078
1998-10-31	Balanced	1.0126
1998-10-31	HighGrowth	1.0216
1998-10-31	Cash	1.0158
1998-10-01	CoreStrategy	0.361026306
1998-10-01	CapitalStable	1
1998-10-01	Balanced	1
1998-10-01	HighGrowth	1
1998-10-01	Cash	1.0117
1998-09-30	CoreStrategy	0.361026306
1998-08-31	CoreStrategy	0.358718302
1998-07-31	CoreStrategy	0.356425053
1998-06-30	CoreStrategy	0.354146464
1998-05-31	CoreStrategy	0.351344791
1998-04-30	CoreStrategy	0.348565282
1998-03-31	CoreStrategy	0.345807763
1998-02-28	CoreStrategy	0.343072058
1998-01-31	CoreStrategy	0.340357995
